Time (msec),A/F Correction #1 (%),A/F Learning #1 (%),A/F Learning Airflow Range (Current)* (offset),Atmospheric Pressure (psi),Battery Voltage (V),CL/OL Fueling* (status),Closed Loop Fueling Target (4-byte)* (estimated AFR),Coolant Temperature (F),Engine Load (4-Byte)* (g/rev),Engine Load (Calculated) (g/rev),Engine Speed (rpm),Feedback Knock Correction (4-byte)* (degrees),Final Fueling Base (4-byte)* (lambda),Gear (Calculated)* (position),IAM (4-byte)* (multiplier),Ignition Total Timing (degrees),Intake Air Temperature (F),Intake VVT Advance Angle Right (degrees),Knock Correction Advance (degrees),Knock Sum* (count),Manifold Absolute Pressure (psi),Mass Airflow (g/s),Throttle Opening Angle (%),AEM UEGO Wideband [9600 baud] (AFR Gasoline)
0,1.56,-0.78,1,14.36,13.44,8,14.69,192,0.28,0.29,747,0.00,1.00,0,0.5000,17.00,117,0,0.00,0,6.82,3.64,3.53,14.70
104,1.56,-0.78,1,14.36,13.44,8,14.69,192,0.28,0.29,744,0.00,1.00,0,0.5000,17.00,117,0,0.00,0,6.82,3.61,3.53,14.80
208,1.56,-0.78,1,14.36,13.44,8,14.69,192,0.28,0.29,749,0.00,1.00,0,0.5000,17.00,117,0,0.00,0,6.82,3.57,3.53,14.70
312,1.56,-0.78,1,14.36,13.44,8,14.69,192,0.28,0.28,764,0.00,1.00,0,0.5000,16.50,117,0,0.00,0,6.82,3.59,3.53,14.70
416,1.56,-0.78,1,14.36,13.52,8,14.69,192,0.28,0.28,764,0.00,1.00,0,0.5000,16.50,117,0,0.00,0,6.67,3.59,3.53,14.70
520,1.56,-0.78,1,14.36,13.52,8,14.69,192,0.28,0.28,763,0.00,1.00,0,0.5000,16.50,117,0,0.00,0,6.67,3.59,3.53,14.70
624,1.56,-0.78,1,14.36,13.44,8,14.69,192,0.28,0.28,768,0.00,1.00,0,0.5000,16.50,117,0,0.00,0,6.67,3.61,3.53,14.70
728,1.56,-0.78,1,14.36,13.44,8,14.69,192,0.28,0.29,752,0.00,1.00,0,0.5000,17.00,117,0,0.00,0,6.67,3.59,3.53,14.80
832,1.56,-0.78,1,14.36,13.44,8,14.69,192,0.28,0.29,748,0.00,1.00,0,0.5000,17.00,117,0,0.00,0,6.67,3.61,3.53,14.80
936,1.56,-0.78,1,14.36,13.44,8,14.69,192,0.28,0.28,758,0.00,1.00,0,0.5000,17.00,117,0,0.00,0,6.67,3.59,3.53,14.80
1040,1.56,-0.78,1,14.36,13.44,8,14.69,192,0.28,0.29,751,0.00,1.00,0,0.5000,17.00,117,0,0.00,0,6.67,3.61,3.53,14.70
1145,1.56,-0.78,1,14.36,13.44,8,14.69,192,0.28,0.29,744,0.00,1.00,0,0.5000,17.00,117,0,0.00,0,6.67,3.61,3.53,14.70
1248,1.56,-0.78,1,14.36,13.44,8,14.69,192,0.28,0.29,755,0.00,1.00,0,0.5000,17.00,117,0,0.00,0,6.67,3.61,3.53,14.70
1352,1.56,-0.78,1,14.36,13.44,8,14.69,192,0.28,0.29,752,0.00,1.00,0,0.5000,17.00,117,0,0.00,0,6.67,3.61,3.53,14.60
1457,1.56,-0.78,1,14.36,13.44,8,14.69,192,0.28,0.29,748,0.00,1.00,0,0.5000,17.00,117,0,0.00,0,6.67,3.61,3.53,14.70
1561,1.56,-0.78,1,14.36,13.52,8,14.69,192,0.28,0.29,746,0.00,1.00,0,0.5000,17.00,117,0,0.00,0,6.67,3.59,3.53,14.70
1665,1.56,-0.78,1,14.36,13.44,8,14.69,192,0.28,0.29,754,0.00,1.00,0,0.5000,17.00,117,0,0.00,0,6.67,3.61,3.53,14.70
1769,0.78,-0.78,1,14.36,13.52,8,14.69,192,0.28,0.28,748,0.00,1.00,0,0.5000,17.00,117,0,0.00,0,6.67,3.61,3.53,14.70
1873,0.78,-0.78,1,14.36,13.44,8,14.69,192,0.28,0.29,746,0.00,1.00,0,0.5000,17.00,117,0,0.00,0,6.67,3.59,3.53,14.70
1976,0.78,-0.78,1,14.36,13.44,8,14.69,192,0.28,0.29,750,0.00,1.00,0,0.5000,17.00,117,0,0.00,0,6.67,3.59,3.53,14.70
2081,0.78,-0.78,1,14.36,13.52,8,14.69,192,0.28,0.29,757,0.00,1.00,0,0.5000,17.00,117,0,0.00,0,6.67,3.61,3.53,14.70
2185,0.78,-0.78,1,14.36,13.44,8,14.69,192,0.28,0.29,752,0.00,1.00,0,0.5000,17.00,117,0,0.00,0,6.67,3.61,3.53,14.60
2289,0.78,-0.78,1,14.36,13.44,8,14.69,192,0.28,0.29,756,0.00,1.00,0,0.5000,17.00,117,0,0.00,0,6.67,3.61,3.53,14.60
2392,0.78,-0.78,1,14.36,13.44,8,14.69,192,0.28,0.29,757,0.00,1.00,0,0.5000,17.00,117,0,0.00,0,6.67,3.61,3.53,14.60
2496,0.78,-0.78,1,14.36,13.36,8,14.69,192,0.28,0.29,752,0.00,1.00,0,0.5000,17.00,117,0,0.00,0,6.67,3.61,3.53,14.70
2600,0.78,-0.78,1,14.36,13.52,8,14.69,192,0.28,0.29,758,0.00,1.00,0,0.5000,17.00,117,0,0.00,0,6.67,3.61,3.53,14.70
2705,0.78,-0.78,1,14.36,13.52,8,14.69,192,0.28,0.29,758,0.00,1.00,0,0.5000,17.00,117,0,0.00,0,6.67,3.61,3.53,14.70
2810,0.78,-0.78,1,14.36,13.52,8,14.69,192,0.28,0.29,753,0.00,1.00,0,0.5000,17.00,117,0,0.00,0,6.67,3.61,3.53,14.70
2915,0.78,-0.78,1,14.36,13.44,8,14.69,192,0.28,0.29,758,0.00,1.00,0,0.5000,17.00,117,0,0.00,0,6.67,3.61,3.53,14.70
3018,0.78,-0.78,1,14.36,13.36,8,14.69,192,0.28,0.29,758,0.00,1.00,0,0.5000,17.00,117,0,0.00,0,6.67,3.61,3.53,14.70
3122,0.78,-0.78,1,14.36,13.52,8,14.69,192,0.28,0.29,745,0.00,1.00,0,0.5000,17.00,117,0,0.00,0,6.67,3.61,3.53,14.70
3226,0.78,-0.78,1,14.36,13.44,8,14.69,192,0.28,0.29,752,0.00,1.00,0,0.5000,17.00,117,0,0.00,0,6.67,3.61,3.53,14.70
3330,0.78,-0.78,1,14.36,13.52,8,14.69,192,0.28,0.28,758,0.00,1.00,0,0.5000,17.00,117,0,0.00,0,6.67,3.59,3.53,14.70
3434,0.78,-0.78,1,14.36,13.52,8,14.69,192,0.28,0.28,758,0.00,1.00,0,0.5000,17.00,117,0,0.00,0,6.67,3.61,3.53,14.80
3539,0.78,-0.78,1,14.36,13.44,8,14.69,192,0.28,0.29,754,0.00,1.00,0,0.5000,17.00,117,0,0.00,0,6.67,3.61,3.53,14.70
3643,0.78,-0.78,1,14.36,13.52,8,14.69,192,0.28,0.28,761,0.00,1.00,0,0.5000,17.00,117,0,0.00,0,6.67,3.59,3.53,14.90
3747,0.78,-0.78,1,14.36,13.44,8,14.69,192,0.28,0.28,765,0.00,1.00,0,0.5000,16.50,117,0,0.00,0,6.67,3.61,3.53,14.70
3851,0.78,-0.78,1,14.36,13.52,8,14.69,192,0.28,0.28,762,0.00,1.00,0,0.5000,17.00,117,0,0.00,0,6.67,3.61,3.53,14.70
3955,0.78,-0.78,1,14.36,13.52,8,14.69,192,0.28,0.28,765,0.00,1.00,0,0.5000,16.50,117,0,0.00,0,6.67,3.61,3.53,14.70
4060,0.78,-0.78,1,14.36,13.44,8,14.69,192,0.28,0.28,760,0.00,1.00,0,0.5000,17.00,117,0,0.00,0,6.67,3.61,3.53,14.70
4163,0.78,-0.78,1,14.36,13.36,8,14.69,192,0.28,0.29,759,0.00,1.00,0,0.5000,17.00,117,0,0.00,0,6.67,3.61,3.53,14.70
4267,0.78,-0.78,1,14.36,13.52,8,14.69,192,0.28,0.29,760,0.00,1.00,0,0.5000,17.00,117,0,0.00,0,6.67,3.59,3.53,14.80
4371,0.78,-0.78,1,14.36,13.44,8,14.69,192,0.28,0.29,754,0.00,1.00,0,0.5000,17.00,117,0,0.00,0,6.67,3.59,3.53,14.70
4474,0.78,-0.78,1,14.36,13.44,8,14.69,192,0.28,0.29,748,0.00,1.00,0,0.5000,17.00,117,0,0.00,0,6.67,3.59,3.53,14.70
4579,0.78,-0.78,1,14.36,13.44,8,14.69,194,0.28,0.29,752,0.00,1.00,0,0.5000,17.00,117,0,0.00,0,6.67,3.61,3.53,14.70
4683,0.78,-0.78,1,14.36,13.44,8,14.69,194,0.28,0.29,753,0.00,1.00,0,0.5000,17.00,117,0,0.00,0,6.67,3.61,3.53,14.70
4787,0.78,-0.78,1,14.36,13.44,8,14.69,194,0.28,0.28,744,0.00,1.00,0,0.5000,17.00,117,0,0.00,0,6.67,3.59,3.53,14.70
4891,0.78,-0.78,1,14.36,13.52,8,14.69,194,0.28,0.29,746,0.00,1.00,0,0.5000,17.00,117,0,0.00,0,6.67,3.59,3.53,14.70
4994,0.78,-0.78,1,14.36,13.44,8,14.69,194,0.28,0.29,754,0.00,1.00,0,0.5000,17.00,117,0,0.00,0,6.67,3.61,3.53,14.80
5099,0.78,-0.78,1,14.36,13.52,8,14.69,194,0.28,0.28,765,0.00,1.00,0,0.5000,16.50,117,0,0.00,0,6.67,3.61,3.53,14.70
5203,0.78,-0.78,1,14.36,13.44,8,14.69,194,0.28,0.28,758,0.00,1.00,0,0.5000,17.00,117,0,0.00,0,6.67,3.57,3.53,14.70
5307,0.78,-0.78,1,14.36,13.52,8,14.69,194,0.28,0.28,760,0.00,1.00,0,0.5000,17.00,117,0,0.00,0,6.67,3.59,3.53,14.70
5411,0.78,-0.78,1,14.36,13.44,8,14.69,194,0.28,0.29,759,0.00,1.00,0,0.5000,17.00,117,0,0.00,0,6.67,3.61,3.53,14.70
5515,0.78,-0.78,1,14.36,13.36,8,14.69,194,0.28,0.29,748,0.00,1.00,0,0.5000,17.00,117,0,0.00,1,6.67,3.61,3.53,14.70
5619,0.78,-0.78,1,14.36,13.28,8,14.69,194,0.28,0.29,758,0.00,1.00,0,0.5000,17.00,117,0,0.00,1,6.82,3.74,5.10,14.60
5723,0.78,-0.78,1,14.36,13.36,8,14.69,194,0.31,0.34,752,0.00,0.88,0,0.5000,17.00,117,0,0.00,1,7.25,4.43,5.10,14.80
5826,0.78,-0.78,1,14.36,13.44,8,14.69,194,0.32,0.38,715,0.00,0.87,0,0.5000,18.50,117,0,0.00,1,7.69,4.63,5.49,14.70
5931,0.78,-0.78,1,14.36,13.44,8,14.69,194,0.34,0.39,738,0.00,0.90,0,0.5000,17.00,117,0,0.00,1,8.13,4.77,5.49,14.80
6035,1.56,-0.78,1,14.36,13.44,8,14.69,194,0.35,0.38,761,0.00,0.99,0,0.5000,16.50,117,0,0.00,1,8.42,4.86,5.49,14.80
6139,2.34,-0.78,1,14.36,13.36,8,14.69,194,0.36,0.38,762,0.00,0.99,0,0.5000,16.50,117,0,0.00,1,8.56,4.90,5.49,14.80
6243,3.12,-0.78,1,14.36,13.36,8,14.69,194,0.37,0.38,762,0.00,0.99,0,0.5000,16.50,117,0,0.00,1,8.71,4.86,5.49,15.10
6347,3.91,-0.78,1,14.36,13.52,8,14.69,194,0.37,0.38,777,0.00,0.99,0,0.5000,16.00,117,0,0.00,1,8.71,4.90,5.49,15.10
6451,3.91,-0.78,1,14.36,13.44,8,14.69,194,0.37,0.38,778,0.00,0.99,0,0.5000,16.00,117,0,0.00,1,8.71,4.93,5.49,15.60
6555,4.69,-0.78,1,14.36,13.44,8,14.69,194,0.37,0.37,792,0.00,0.99,0,0.5000,15.50,117,0,0.00,1,8.71,4.96,5.49,15.60
6659,5.47,-0.78,1,14.36,13.44,8,14.69,194,0.37,0.36,825,0.00,0.99,0,0.5000,13.00,117,0,0.00,1,8.71,4.99,5.49,15.60
6763,6.25,-0.78,1,14.36,13.44,8,14.68,194,0.37,0.37,820,0.00,0.99,0,0.5000,13.50,117,0,0.00,1,8.71,5.05,5.49,15.80
6867,7.03,-0.78,1,14.36,13.52,8,14.68,194,0.37,0.36,842,0.00,0.99,0,0.5000,12.50,117,0,0.00,1,8.56,5.05,5.49,15.80
6971,7.03,-0.78,1,14.36,13.52,8,14.68,194,0.36,0.36,854,0.00,1.00,0,0.5000,12.00,117,0,0.00,1,8.56,5.11,5.49,15.90
7075,7.03,-0.78,1,14.36,13.60,8,14.68,194,0.36,0.35,882,0.00,1.00,0,0.5000,12.00,117,0,0.00,1,8.42,5.11,5.49,15.80
7179,7.03,-0.78,1,14.36,13.44,8,14.67,194,0.35,0.35,890,0.00,1.00,0,0.5000,12.00,117,0,0.00,1,8.27,5.17,5.49,15.70
7283,7.03,-0.78,1,14.36,13.44,8,14.67,194,0.35,0.34,907,0.00,1.00,0,0.5000,12.00,117,0,0.00,1,8.13,5.17,5.49,15.40
7387,7.03,-0.78,1,14.36,13.36,8,14.66,194,0.34,0.34,914,0.00,1.00,0,0.5000,12.00,117,0,0.00,1,7.98,5.17,5.49,15.30
7491,6.25,-0.78,1,14.36,13.44,8,14.66,194,0.34,0.33,940,0.00,1.00,0,0.5000,12.00,117,0,0.00,1,7.98,5.23,5.49,15.10
7595,6.25,-0.78,1,14.36,13.52,8,14.66,194,0.34,0.33,952,0.00,1.00,0,0.5000,12.00,117,0,0.00,1,7.84,5.23,5.49,15.00
7699,5.47,-0.78,1,14.36,13.52,8,14.66,194,0.33,0.33,940,0.00,1.00,0,0.5000,12.00,117,0,0.00,1,7.69,5.20,5.49,14.30
7803,5.47,-0.78,1,14.36,13.52,8,14.66,194,0.33,0.33,950,0.00,1.00,0,0.5000,12.00,117,0,0.00,1,7.69,5.23,5.49,14.40
7907,4.69,-0.78,1,14.36,13.44,8,14.66,194,0.33,0.33,939,0.00,1.00,0,0.5000,12.00,117,0,0.00,1,7.55,5.23,5.49,14.40
8011,4.69,-0.78,1,14.36,13.44,8,14.66,194,0.33,0.33,937,0.00,1.00,0,0.5000,13.00,117,0,0.00,1,7.55,5.23,5.49,14.20
8115,3.91,-0.78,1,14.36,13.44,8,14.66,194,0.33,0.33,945,0.00,1.00,0,0.5000,13.00,117,0,0.00,1,7.55,5.17,5.49,14.20
8219,3.91,-0.78,1,14.36,13.44,8,14.66,194,0.33,0.33,938,0.00,1.00,0,0.5000,13.50,117,0,0.00,1,7.55,5.17,5.49,14.10
8323,3.91,-0.78,1,14.36,13.52,8,14.66,194,0.33,0.32,938,0.00,1.00,0,0.5000,14.50,117,0,0.00,1,7.40,5.11,5.49,14.10
8427,3.12,-0.78,1,14.36,13.52,8,14.66,194,0.32,0.32,946,0.00,1.00,0,0.5000,14.00,117,0,0.00,1,7.40,5.11,5.49,14.20
8531,3.12,-0.78,1,14.36,13.44,8,14.66,194,0.32,0.32,943,0.00,1.00,0,0.5000,15.00,117,0,0.00,1,7.40,5.05,5.49,14.20
8635,2.34,-0.78,1,14.36,13.44,8,14.66,194,0.32,0.32,946,0.00,1.00,0,0.5000,15.00,117,0,0.00,1,7.40,5.05,5.49,14.10
8739,2.34,-0.78,1,14.36,13.52,8,14.66,194,0.32,0.32,948,0.00,1.00,0,0.5000,15.00,117,0,0.00,1,7.25,5.05,5.10,14.10
8843,2.34,-0.78,1,14.36,13.52,8,14.66,194,0.32,0.32,938,0.00,1.00,0,0.5000,16.00,117,0,0.00,1,7.25,4.99,5.10,14.20
8947,1.56,-0.78,1,14.36,13.44,8,14.66,194,0.32,0.31,939,0.00,1.00,0,0.5000,16.00,117,0,0.00,1,7.25,4.99,5.10,14.10
9051,1.56,-0.78,1,14.36,13.44,8,14.66,194,0.32,0.32,934,0.00,1.00,0,0.5000,16.50,117,0,0.00,1,7.25,4.99,5.10,14.10
9155,1.56,-0.78,1,14.36,13.44,8,14.66,194,0.32,0.32,931,0.00,1.00,0,0.5000,16.50,117,0,0.00,1,7.25,4.93,5.10,14.10
9259,0.78,-0.78,1,14.36,13.44,8,14.67,194,0.31,0.31,940,0.00,1.00,0,0.5000,16.50,117,0,0.00,1,7.11,4.90,5.10,14.10
9363,0.78,-0.78,1,14.36,13.44,8,14.67,194,0.31,0.32,912,0.00,1.00,0,0.5000,17.00,117,0,0.00,1,7.11,4.86,5.10,14.20
9467,0.78,-0.78,1,14.36,13.36,8,14.67,194,0.31,0.32,919,0.00,1.00,0,0.5000,17.00,117,0,0.00,1,7.11,4.86,5.10,14.30
9571,0.78,-0.78,1,14.36,13.52,8,14.67,194,0.32,0.32,897,0.00,1.00,0,0.5000,17.50,117,0,0.00,1,7.11,4.86,5.10,14.30
9675,0.78,-0.78,1,14.36,13.36,8,14.67,194,0.32,0.32,899,0.00,1.00,0,0.5000,17.00,117,0,0.00,1,7.25,4.80,5.10,14.30
9779,0.00,-0.78,1,14.36,13.52,8,14.68,194,0.32,0.33,891,0.00,1.00,0,0.5000,17.50,117,0,0.00,1,7.25,4.74,4.71,14.30
9883,0.00,-0.78,1,14.36,13.52,8,14.67,194,0.32,0.32,878,0.00,1.00,0,0.5000,18.50,117,0,0.00,1,7.25,4.74,4.71,14.30
9987,0.00,-0.78,1,14.36,13.52,8,14.68,194,0.32,0.33,876,0.00,1.00,0,0.5000,18.00,117,0,0.00,1,7.25,4.68,4.71,14.40
10091,0.00,-0.78,1,14.36,13.52,8,14.68,194,0.32,0.32,864,0.00,1.00,0,0.5000,19.00,117,0,0.00,1,7.25,4.68,4.71,14.30
10195,0.00,-0.78,1,14.36,13.44,8,14.68,194,0.32,0.33,871,0.00,1.00,0,0.5000,18.00,117,0,0.00,1,7.25,4.68,4.71,14.50
10299,0.00,-0.78,1,14.36,13.44,8,14.68,194,0.32,0.32,858,0.00,1.00,0,0.5000,19.00,117,0,0.00,1,7.40,4.68,4.71,14.30
10404,0.00,-0.78,1,14.36,13.52,8,14.68,194,0.32,0.32,863,0.00,1.00,0,0.5000,18.00,117,0,0.00,1,7.40,4.63,4.71,14.30
10507,0.00,-0.78,1,14.36,13.52,8,14.68,194,0.32,0.32,845,0.00,1.00,0,0.5000,19.50,117,0,0.00,1,7.40,4.63,4.71,14.40
10611,0.00,-0.78,1,14.36,13.44,8,14.68,194,0.32,0.33,852,0.00,1.00,0,0.5000,18.50,117,0,0.00,1,7.40,4.63,4.71,14.50
10715,0.00,-0.78,1,14.36,13.44,8,14.68,194,0.32,0.32,844,0.00,1.00,0,0.5000,19.00,117,0,0.00,1,7.40,4.57,4.71,14.50
10819,0.00,-0.78,1,14.36,13.44,8,14.68,194,0.32,0.33,831,0.00,1.00,0,0.5000,20.00,117,0,0.00,1,7.40,4.57,4.71,14.50
10923,0.00,-0.78,1,14.36,13.44,8,14.69,194,0.32,0.33,834,0.00,1.00,0,0.5000,19.00,117,0,0.00,1,7.55,4.60,4.71,14.60
11027,0.00,0.00,1,14.36,13.52,8,14.69,194,0.33,0.34,818,0.00,1.00,0,0.5000,20.00,117,0,0.00,1,7.55,4.57,4.71,14.60
11131,0.00,0.00,1,14.36,13.44,8,14.69,194,0.33,0.33,820,0.00,1.00,0,0.5000,19.50,117,0,0.00,1,7.55,4.57,4.71,14.60
11235,0.00,0.00,1,14.36,13.52,8,14.69,194,0.33,0.34,800,0.00,1.00,0,0.5000,21.00,117,0,0.00,1,7.55,4.52,4.71,14.80
11339,0.78,0.00,1,14.36,13.44,8,14.69,194,0.33,0.34,813,0.00,1.00,0,0.5000,19.50,117,0,0.00,1,7.69,4.52,4.71,15.00
11443,0.78,0.00,1,14.36,13.44,8,14.69,194,0.33,0.34,807,0.00,1.00,0,0.5000,19.50,117,0,0.00,1,7.69,4.52,4.71,14.80
11547,0.78,0.00,1,14.36,13.44,8,14.69,194,0.33,0.34,800,0.00,1.00,0,0.5000,20.00,117,0,0.00,1,7.69,4.54,4.71,15.00
11651,0.78,0.00,1,14.36,13.44,8,14.69,194,0.33,0.34,805,0.00,1.00,0,0.5000,19.00,117,0,0.00,1,7.69,4.52,4.71,15.00
11756,1.56,0.00,1,14.36,13.52,8,14.69,194,0.33,0.34,798,0.00,1.00,0,0.5000,19.50,117,0,0.00,1,7.69,4.54,4.71,15.00
11859,1.56,0.00,1,14.36,13.44,8,14.69,194,0.33,0.34,798,0.00,1.00,0,0.5000,19.00,117,0,0.00,1,7.69,4.54,4.71,15.10
11963,1.56,0.00,1,14.36,13.36,8,14.69,194,0.33,0.34,808,0.00,1.00,0,0.5000,17.50,117,0,0.00,1,7.84,4.57,4.71,15.10
12067,2.34,0.00,1,14.36,13.44,8,14.69,194,0.34,0.35,797,0.00,1.00,0,0.5000,18.50,117,0,0.00,1,7.84,4.60,4.71,15.10
12171,2.34,0.00,1,14.36,13.52,8,14.69,194,0.34,0.34,804,0.00,1.00,0,0.5000,17.50,117,0,0.00,1,7.84,4.60,4.71,15.20
12276,2.34,0.00,1,14.36,13.44,8,14.69,194,0.34,0.34,804,0.00,1.00,0,0.5000,17.50,117,0,0.00,1,7.84,4.57,4.71,15.10
12380,3.12,0.00,1,14.36,13.44,8,14.69,194,0.34,0.34,810,0.00,1.00,0,0.5000,17.00,117,0,0.00,1,7.84,4.57,4.71,15.30
12484,3.12,0.00,1,14.36,13.44,8,14.69,194,0.33,0.34,822,0.00,1.00,0,0.5000,17.00,117,0,0.00,1,7.84,4.60,4.71,15.20
12588,3.12,0.00,1,14.36,13.44,8,14.69,194,0.33,0.34,821,0.00,1.00,0,0.5000,17.00,117,0,0.00,1,7.84,4.60,4.71,15.10
12692,3.12,0.00,1,14.36,13.36,8,14.69,194,0.33,0.33,836,0.00,1.00,0,0.5000,16.50,117,0,0.00,1,7.84,4.60,4.71,15.20
12796,3.12,0.00,1,14.36,13.52,8,14.68,194,0.33,0.34,829,0.00,1.00,0,0.5000,17.00,117,0,0.00,1,7.69,4.63,4.71,15.10
12900,3.12,0.00,1,14.36,13.52,8,14.68,194,0.33,0.33,840,0.00,1.00,0,0.5000,16.50,117,0,0.00,1,7.69,4.63,4.71,15.00
13004,3.12,0.00,1,14.36,13.52,8,14.68,194,0.33,0.33,837,0.00,1.00,0,0.5000,16.50,117,0,0.00,1,7.69,4.63,4.71,15.00
13108,3.12,0.00,1,14.36,13.52,8,14.68,194,0.33,0.33,848,0.00,1.00,0,0.5000,16.50,117,0,0.00,1,7.69,4.63,4.71,15.00
13212,3.12,0.00,1,14.36,13.52,8,14.68,194,0.33,0.33,838,0.00,1.00,0,0.5000,16.50,117,0,0.00,1,7.69,4.63,4.71,14.90
13316,3.12,0.00,1,14.36,13.52,8,14.68,194,0.33,0.33,834,0.00,1.00,0,0.5000,17.00,117,0,0.00,1,7.69,4.63,4.71,14.90
13420,3.12,0.00,1,14.36,13.44,8,14.68,194,0.33,0.33,845,0.00,1.00,0,0.5000,16.50,117,0,0.00,1,7.69,4.68,4.71,14.70
13524,3.12,0.00,1,14.36,13.44,8,14.68,194,0.33,0.33,838,0.00,1.00,0,0.5000,17.00,117,0,0.00,1,7.69,4.65,4.71,14.70
13628,3.12,0.00,1,14.36,13.36,8,14.68,194,0.33,0.33,842,0.00,1.00,0,0.5000,16.50,117,0,0.00,1,7.69,4.63,4.71,14.70
13732,3.12,0.00,1,14.36,13.52,8,14.68,194,0.33,0.33,830,0.00,1.00,0,0.5000,17.00,117,0,0.00,1,7.69,4.65,4.71,14.70
13836,3.12,0.00,1,14.36,13.44,8,14.69,194,0.33,0.33,838,0.00,1.00,0,0.5000,17.00,117,0,0.00,1,7.69,4.65,4.71,14.50
13940,2.34,0.00,1,14.36,13.36,8,14.68,194,0.33,0.34,824,0.00,1.00,0,0.5000,17.00,117,0,0.00,1,7.69,4.68,4.71,14.50
14044,2.34,0.00,1,14.36,13.60,8,14.69,194,0.33,0.34,825,0.00,1.00,0,0.5000,17.00,117,0,0.00,1,7.69,4.65,4.71,14.60
14148,2.34,0.00,1,14.36,13.52,8,14.69,194,0.33,0.34,813,0.00,1.00,0,0.5000,17.00,117,0,0.00,1,7.69,4.63,4.71,14.60
14252,2.34,0.00,1,14.36,13.52,8,14.69,194,0.33,0.34,815,0.00,1.00,0,0.5000,17.00,117,0,0.00,1,7.69,4.63,4.71,14.60
14356,2.34,0.00,1,14.36,13.44,8,14.69,194,0.33,0.34,820,0.00,1.00,0,0.5000,17.00,117,0,0.00,1,7.69,4.63,4.71,14.50
14460,2.34,0.00,1,14.36,13.52,8,14.69,194,0.33,0.34,816,0.00,1.00,0,0.5000,17.00,117,0,0.00,1,7.69,4.63,4.71,14.60
14564,2.34,0.00,1,14.36,13.44,8,14.69,194,0.33,0.34,822,0.00,1.00,0,0.5000,17.00,117,0,0.00,1,7.69,4.63,4.71,14.60
14668,2.34,0.00,1,14.36,13.44,8,14.69,194,0.33,0.34,808,0.00,1.00,0,0.5000,17.00,117,0,0.00,1,7.69,4.63,4.71,14.60
14773,2.34,0.00,1,14.36,13.52,8,14.69,194,0.34,0.34,816,0.00,1.00,0,0.5000,17.00,117,0,0.00,1,7.84,4.63,4.71,14.70
14876,2.34,0.00,1,14.36,13.44,8,14.69,194,0.34,0.34,820,0.00,1.00,0,0.5000,17.00,117,0,0.00,1,7.84,4.65,4.71,14.50
14980,2.34,0.00,1,14.36,13.52,8,14.69,194,0.34,0.34,812,0.00,1.00,0,0.5000,17.00,117,0,0.00,1,7.84,4.65,4.71,14.60
15084,2.34,0.00,1,14.36,13.36,8,14.69,194,0.34,0.34,820,0.00,1.00,0,0.5000,17.00,117,0,0.00,1,7.84,4.65,4.71,14.60
15188,2.34,0.00,1,14.36,13.44,8,14.69,194,0.34,0.34,816,0.00,1.00,0,0.5000,17.00,117,0,0.00,1,7.84,4.63,4.71,14.60
15292,2.34,0.00,1,14.36,13.52,8,14.69,194,0.34,0.34,823,0.00,1.00,0,0.5000,17.00,117,0,0.00,1,7.84,4.68,4.71,14.50
15397,2.34,0.00,1,14.36,13.52,8,14.69,194,0.34,0.34,806,0.00,1.00,0,0.5000,17.00,117,0,0.00,1,7.84,4.68,4.71,14.50
15501,2.34,0.00,1,14.36,13.44,8,14.69,194,0.34,0.35,806,0.00,1.00,0,0.5000,17.00,117,0,0.00,1,7.84,4.68,4.71,14.70
15605,2.34,0.00,1,14.36,13.44,8,14.69,194,0.34,0.35,812,0.00,1.00,0,0.5000,17.00,117,0,0.00,1,7.84,4.68,4.71,14.70
15709,2.34,0.00,1,14.36,13.44,8,14.69,194,0.34,0.35,809,0.00,1.00,0,0.5000,17.00,117,0,0.00,1,7.84,4.68,4.71,14.70
15813,2.34,0.00,1,14.36,13.52,8,14.69,194,0.34,0.34,818,0.00,1.00,0,0.5000,17.00,117,0,0.00,1,7.84,4.68,4.71,14.70
15917,2.34,0.00,1,14.36,13.52,8,14.69,194,0.34,0.34,807,0.00,1.00,0,0.5000,17.00,117,0,0.00,1,7.84,4.68,4.71,14.70
16021,2.34,0.00,1,14.36,13.52,8,14.69,194,0.34,0.35,808,0.00,1.00,0,0.5000,17.00,117,0,0.00,1,7.84,4.68,4.71,14.60
16125,2.34,0.00,1,14.36,13.52,8,14.69,194,0.34,0.34,822,0.00,1.00,0,0.5000,17.00,117,0,0.00,1,7.84,4.68,4.71,14.50
16229,2.34,0.00,1,14.36,13.44,8,14.69,194,0.34,0.35,810,0.00,1.00,0,0.5000,17.00,117,0,0.00,1,7.84,4.68,4.71,14.70
16333,2.34,0.00,1,14.36,13.44,8,14.69,194,0.34,0.34,818,0.00,1.00,0,0.5000,17.00,117,0,0.00,1,7.84,4.68,4.71,14.70
16437,2.34,0.00,1,14.36,13.52,8,14.69,194,0.34,0.34,813,0.00,1.00,0,0.5000,17.00,117,0,0.00,1,7.84,4.68,4.71,14.70
16541,2.34,0.00,1,14.36,13.44,8,14.69,194,0.34,0.35,813,0.00,1.00,0,0.5000,17.00,117,0,0.00,1,7.84,4.68,4.71,14.80
16645,2.34,0.00,1,14.36,13.44,8,14.69,194,0.34,0.34,816,0.00,1.00,0,0.5000,17.00,117,0,0.00,1,7.84,4.68,4.71,14.70
16750,2.34,0.00,1,14.36,13.44,8,14.69,194,0.34,0.35,812,0.00,1.00,0,0.5000,17.00,117,0,0.00,1,7.84,4.68,4.71,14.70
16853,2.34,0.00,1,14.36,13.36,8,14.69,194,0.34,0.34,819,0.00,1.00,0,0.5000,17.00,117,0,0.00,1,7.84,4.68,4.71,14.60
16957,2.34,0.00,1,14.36,13.44,8,14.69,194,0.34,0.35,814,0.00,1.00,0,0.5000,17.00,117,0,0.00,1,7.84,4.68,4.71,14.70
17061,2.34,0.00,1,14.36,13.52,8,14.69,194,0.34,0.35,821,0.00,1.00,0,0.5000,17.00,117,0,0.00,1,7.84,4.68,4.71,14.60
17166,2.34,0.00,1,14.36,13.52,8,14.69,194,0.34,0.34,805,0.00,1.00,0,0.5000,17.00,117,0,0.00,1,7.84,4.71,4.71,14.60
17270,2.34,0.00,1,14.36,13.44,8,14.69,194,0.34,0.35,800,0.00,1.00,0,0.5000,17.00,117,0,0.00,1,7.84,4.68,4.71,14.80
17374,2.34,0.00,1,14.36,13.44,8,14.69,194,0.35,0.35,805,0.00,1.00,0,0.5000,17.00,117,0,0.00,1,7.98,4.74,4.71,14.60
17478,2.34,0.00,1,14.36,13.36,8,14.69,194,0.35,0.36,795,0.00,1.00,0,0.5000,17.00,117,0,0.00,1,7.98,4.74,4.71,14.60
17582,2.34,0.00,1,14.36,13.60,8,14.69,194,0.35,0.36,790,0.00,1.00,0,0.5000,17.50,117,0,0.00,1,7.98,4.74,4.71,14.70
17686,2.34,0.00,1,14.36,13.44,8,14.69,194,0.35,0.36,798,0.00,1.00,0,0.5000,17.00,117,0,0.00,1,7.98,4.77,4.71,14.50
17790,2.34,0.00,1,14.36,13.44,8,14.69,194,0.35,0.36,798,0.00,1.00,0,0.5000,17.00,117,0,0.00,1,8.13,4.74,4.71,14.70
17894,2.34,0.00,1,14.36,13.36,8,14.69,194,0.35,0.35,804,0.00,1.00,0,0.5000,17.00,117,0,0.00,1,8.13,4.74,4.71,14.70
17999,2.34,0.00,1,14.36,13.52,8,14.69,194,0.35,0.35,806,0.00,1.00,0,0.5000,17.00,117,0,0.00,1,7.98,4.74,4.71,14.70
18102,2.34,0.00,1,14.36,13.44,8,14.69,194,0.35,0.35,820,0.00,1.00,0,0.5000,17.00,117,0,0.00,1,7.98,4.74,4.71,14.80
18207,2.34,0.00,1,14.36,13.44,8,14.69,194,0.35,0.34,822,0.00,1.00,0,0.5000,16.50,117,0,0.00,1,7.98,4.68,4.71,14.80
18311,2.34,0.00,1,14.36,13.52,8,14.69,194,0.34,0.35,814,0.00,1.00,0,0.5000,17.00,117,0,0.00,1,7.98,4.74,4.71,14.70
18415,2.34,0.00,1,14.36,13.44,8,14.69,194,0.34,0.34,830,0.00,1.00,0,0.5000,16.50,117,0,0.00,1,7.98,4.74,4.71,14.70
18519,1.56,0.00,1,14.36,13.44,8,14.69,194,0.34,0.35,821,0.00,1.00,0,0.5000,16.50,117,0,0.00,1,7.98,4.74,4.71,14.70
18622,1.56,0.00,1,14.36,13.44,8,14.69,194,0.34,0.34,832,0.00,1.00,0,0.5000,16.50,117,0,0.00,1,7.84,4.74,4.71,14.60
18727,1.56,0.00,1,14.36,13.52,8,14.69,194,0.34,0.34,824,0.00,1.00,0,0.5000,16.50,117,0,0.00,1,7.84,4.74,4.71,14.50
18830,1.56,0.00,1,14.36,13.60,8,14.69,194,0.34,0.35,823,0.00,1.00,0,0.5000,16.50,117,0,0.00,1,7.84,4.74,4.71,14.60
18935,1.56,0.00,1,14.36,13.44,8,14.69,194,0.34,0.34,830,0.00,1.00,0,0.5000,16.50,117,0,0.00,1,7.84,4.74,4.71,14.60
19039,1.56,0.00,1,14.36,13.44,8,14.69,194,0.34,0.34,827,0.00,1.00,0,0.5000,16.50,117,0,0.00,1,7.84,4.74,4.71,14.60
19142,1.56,0.00,1,14.36,13.44,8,14.69,194,0.34,0.34,834,0.00,1.00,0,0.5000,16.50,117,0,0.00,1,7.84,4.74,4.71,14.50
19247,1.56,0.00,1,14.36,13.44,8,14.69,194,0.34,0.35,818,0.00,1.00,0,0.5000,17.00,117,0,0.00,1,7.84,4.74,4.71,14.60
19350,1.56,0.00,1,14.36,13.44,8,14.69,194,0.34,0.35,816,0.00,1.00,0,0.5000,17.00,117,0,0.00,1,7.84,4.74,4.71,14.50
19455,0.78,0.00,1,14.36,13.44,8,14.69,194,0.34,0.35,806,0.00,1.00,0,0.5000,17.00,117,0,0.00,1,7.84,4.74,4.71,14.50
19559,0.78,0.00,1,14.36,13.44,8,14.69,194,0.35,0.36,798,0.00,1.00,0,0.5000,17.00,117,0,0.00,1,7.98,4.74,4.71,14.60
19663,0.78,0.00,1,14.36,13.44,8,14.69,194,0.35,0.35,804,0.00,1.00,0,0.5000,17.00,117,0,0.00,1,7.98,4.74,4.71,14.50
19767,0.78,0.00,1,14.36,13.36,8,14.69,194,0.35,0.36,792,0.00,1.00,0,0.5000,17.50,117,0,0.00,1,7.98,4.74,4.71,14.50
19871,0.78,0.00,1,14.36,13.52,8,14.69,194,0.35,0.36,796,0.00,1.00,0,0.5000,17.00,117,0,0.00,1,7.98,4.77,4.71,14.50
19974,0.78,0.00,1,14.36,13.52,8,14.69,194,0.35,0.36,792,0.00,1.00,0,0.5000,17.00,117,0,0.00,1,7.98,4.74,4.71,14.50
20079,0.78,0.00,1,14.36,13.36,8,14.69,194,0.35,0.36,787,0.00,1.00,0,0.5000,17.50,117,0,0.00,1,7.98,4.77,4.71,14.50
20183,0.78,0.00,1,14.36,13.36,8,14.69,194,0.35,0.36,796,0.00,1.00,0,0.5000,17.00,117,0,0.00,1,8.13,4.74,4.71,14.60
20287,0.78,0.78,1,14.36,13.52,8,14.69,194,0.35,0.36,789,0.00,1.00,0,0.5000,17.00,117,0,0.00,1,8.13,4.74,4.71,14.50
20391,0.78,0.78,1,14.36,13.44,8,14.69,194,0.35,0.36,790,0.00,1.00,0,0.5000,17.00,117,0,0.00,1,8.13,4.74,4.71,14.70
20495,0.78,0.78,1,14.36,13.44,8,14.69,194,0.35,0.35,803,0.00,1.00,0,0.5000,17.00,117,0,0.00,1,8.13,4.74,4.71,14.60
20599,0.78,0.78,1,14.36,13.36,8,14.69,194,0.35,0.36,798,0.00,1.00,0,0.5000,17.00,117,0,0.00,1,8.13,4.74,4.71,14.80
20703,0.78,0.78,1,14.36,13.52,8,14.69,194,0.35,0.36,803,0.00,1.00,0,0.5000,17.00,117,0,0.00,1,8.13,4.77,4.71,14.70
20806,0.78,0.78,1,14.36,13.36,8,14.69,194,0.35,0.35,804,0.00,1.00,0,0.5000,17.00,117,0,0.00,1,8.13,4.74,4.71,14.70
20911,0.78,0.78,1,14.36,13.44,8,14.69,194,0.35,0.36,795,0.00,1.00,0,0.5000,17.00,117,0,0.00,1,8.13,4.74,4.71,14.60
21015,0.78,0.78,1,14.36,13.44,8,14.69,194,0.35,0.35,804,0.00,1.00,0,0.5000,17.00,117,0,0.00,1,8.13,4.74,4.71,14.60
21119,0.78,0.78,1,14.36,13.52,8,14.69,194,0.35,0.36,801,0.00,1.00,0,0.5000,17.00,117,0,0.00,1,7.98,4.74,4.71,14.70
21223,0.78,0.78,1,14.36,13.52,8,14.69,194,0.35,0.36,805,0.00,1.00,0,0.5000,17.00,117,0,0.00,1,8.13,4.74,4.71,14.60
21327,0.78,0.78,1,14.36,13.36,8,14.69,194,0.35,0.36,801,0.00,1.00,0,0.5000,17.00,117,0,0.00,1,8.13,4.74,4.71,14.70
21431,0.78,0.78,1,14.36,13.44,8,14.69,194,0.35,0.36,794,0.00,1.00,0,0.5000,17.00,117,0,0.00,1,8.13,4.74,4.71,14.60
21535,0.78,0.78,1,14.36,13.44,8,14.69,194,0.35,0.35,802,0.00,1.00,0,0.5000,17.00,117,0,0.00,1,8.13,4.74,4.71,14.50
21639,0.78,0.78,1,14.36,13.52,8,14.69,194,0.35,0.36,790,0.00,1.00,0,0.5000,17.00,117,0,0.00,1,8.13,4.74,4.71,14.70
21743,0.78,0.78,1,14.36,13.44,8,14.69,194,0.36,0.36,786,0.00,1.00,0,0.5000,17.00,117,0,0.00,1,8.13,4.77,4.71,14.60
21847,0.78,0.78,1,14.36,13.36,8,14.69,194,0.36,0.36,796,0.00,1.00,0,0.5000,17.00,117,0,0.00,1,8.13,4.77,4.71,14.60
21951,0.78,0.78,1,14.36,13.44,8,14.69,194,0.36,0.36,786,0.00,1.00,0,0.5000,17.00,117,0,0.00,1,8.13,4.74,4.71,14.80
22055,0.78,0.78,1,14.36,13.60,8,14.69,194,0.36,0.36,793,0.00,1.00,0,0.5000,17.00,117,0,0.00,1,8.13,4.77,4.71,14.70
22159,0.78,0.78,1,14.36,13.44,8,14.69,194,0.36,0.36,800,0.00,1.00,0,0.5000,17.00,117,0,0.00,1,8.13,4.80,4.71,14.70
22263,0.78,0.78,1,14.36,13.36,8,14.69,194,0.36,0.36,790,0.00,1.00,0,0.5000,17.00,117,0,0.00,1,8.13,4.80,4.71,14.80
22367,0.78,0.78,1,14.36,13.36,8,14.69,194,0.36,0.36,792,0.00,1.00,0,0.5000,17.00,117,0,0.00,1,8.13,4.80,4.71,14.70
22471,0.78,0.78,1,14.36,13.44,8,14.69,194,0.36,0.36,790,0.00,1.00,0,0.5000,17.00,117,0,0.00,1,8.13,4.80,4.71,14.80
22575,0.78,0.78,1,14.36,13.44,8,14.69,194,0.36,0.36,795,0.00,1.00,0,0.5000,17.00,117,0,0.00,1,8.13,4.80,4.71,14.60
22679,0.78,0.78,1,14.36,13.44,8,14.69,194,0.36,0.36,800,0.00,1.00,0,0.5000,17.00,117,0,0.00,1,8.13,4.83,4.71,14.70
22783,0.78,0.78,1,14.36,13.44,8,14.69,194,0.36,0.37,798,0.00,1.00,0,0.5000,17.00,118,0,0.00,1,8.13,4.86,4.71,14.50
22887,0.00,0.78,1,14.36,13.44,8,14.69,194,0.36,0.36,813,0.00,1.00,0,0.5000,16.50,118,0,0.00,1,8.13,4.86,5.10,14.60
22991,0.78,0.78,1,14.36,13.44,8,14.69,194,0.36,0.36,809,0.00,1.00,0,0.5000,16.50,118,0,0.00,1,8.13,4.86,5.10,14.70
23095,0.78,0.78,1,14.36,13.44,8,14.69,194,0.36,0.37,799,0.00,1.00,0,0.5000,17.00,118,0,0.00,1,8.13,4.86,5.10,14.60
23199,0.78,0.78,1,14.36,13.52,8,14.69,194,0.36,0.36,818,0.00,1.00,0,0.5000,16.50,118,0,0.00,1,8.13,4.86,4.71,14.70
23303,0.78,0.78,1,14.36,13.44,8,14.69,194,0.36,0.36,814,0.00,1.00,0,0.5000,16.50,118,0,0.00,1,8.13,4.86,5.10,14.70
23407,0.00,0.78,1,14.36,13.44,8,14.69,194,0.36,0.36,825,0.00,1.00,0,0.5000,16.00,118,0,0.00,1,8.13,4.89,5.10,14.70
23511,0.00,0.78,1,14.36,13.60,8,14.69,194,0.36,0.36,814,0.00,1.00,0,0.5000,16.50,118,0,0.00,1,8.13,4.93,5.10,14.70
23615,0.78,0.78,1,14.36,13.44,8,14.68,194,0.36,0.36,822,0.00,1.00,0,0.5000,16.50,118,0,0.00,1,8.13,4.93,5.10,14.70
23719,0.78,0.78,1,14.36,13.52,8,14.69,194,0.35,0.35,840,0.00,1.00,0,0.5000,15.50,118,0,0.00,1,8.13,4.93,5.10,14.80
23823,0.78,0.78,1,14.36,13.52,8,14.68,194,0.35,0.35,838,0.00,1.00,0,0.5000,16.00,118,0,0.00,1,7.98,4.93,5.10,14.70
23927,0.00,0.78,1,14.36,13.44,8,14.68,194,0.35,0.34,858,0.00,1.00,0,0.5000,14.50,118,0,0.00,1,7.98,4.93,5.10,14.80
24031,0.00,0.78,1,14.36,13.44,8,14.68,194,0.34,0.34,861,0.00,1.00,0,0.5000,14.50,118,0,0.00,1,7.98,4.93,5.10,14.70
24135,0.00,0.78,1,14.36,13.36,8,14.68,194,0.34,0.34,870,0.00,1.00,0,0.5000,14.00,118,0,0.00,1,7.84,4.93,5.10,14.70
24239,0.00,0.78,1,14.36,13.52,8,14.68,194,0.34,0.34,860,0.00,1.00,0,0.5000,15.50,118,0,0.00,1,7.84,4.89,5.10,14.60
24342,0.00,0.78,1,14.36,13.52,8,14.68,194,0.34,0.34,869,0.00,1.00,0,0.5000,15.00,118,0,0.00,1,7.69,4.93,5.10,14.60
24447,0.00,0.78,1,14.36,13.52,8,14.68,194,0.34,0.34,866,0.00,1.00,0,0.5000,15.50,118,0,0.00,1,7.69,4.89,5.10,14.50
24551,-0.78,0.78,1,14.36,13.44,8,14.68,194,0.34,0.34,871,0.00,1.00,0,0.5000,15.50,118,0,0.00,1,7.69,4.93,5.10,14.50
24655,-0.78,0.78,1,14.36,13.44,8,14.68,194,0.34,0.34,856,0.00,1.00,0,0.5000,16.50,118,0,0.00,1,7.69,4.89,5.10,14.40
24758,-0.78,0.78,1,14.36,13.44,8,14.68,194,0.34,0.34,869,0.00,1.00,0,0.5000,16.00,118,0,0.00,1,7.69,4.93,5.10,14.50
24863,-0.78,0.78,1,14.36,13.52,8,14.68,194,0.34,0.34,862,0.00,1.00,0,0.5000,16.50,118,0,0.00,1,7.69,4.86,5.10,14.40
24967,-0.78,0.78,1,14.36,13.52,8,14.68,194,0.34,0.34,866,0.00,1.00,0,0.5000,16.50,118,0,0.00,1,7.69,4.89,5.10,14.40
25071,-1.56,0.78,1,14.36,13.36,8,14.68,194,0.34,0.34,864,0.00,1.00,0,0.5000,16.50,118,0,0.00,1,7.69,4.86,5.10,14.40
25174,-1.56,0.78,1,14.36,13.44,8,14.68,194,0.33,0.33,878,0.00,1.00,0,0.5000,16.00,118,0,0.00,1,7.69,4.86,5.10,14.50
25280,-1.56,0.78,1,14.36,13.44,8,14.68,194,0.33,0.34,858,0.00,1.00,0,0.5000,17.00,118,0,0.00,1,7.69,4.86,5.10,14.30
25383,-1.56,0.78,1,14.36,13.44,8,14.68,194,0.33,0.34,868,0.00,1.00,0,0.5000,16.50,118,0,0.00,1,7.69,4.86,5.10,14.50
25487,-1.56,0.78,1,14.36,13.44,8,14.68,194,0.34,0.34,850,0.00,1.00,0,0.5000,17.00,118,0,0.00,1,7.69,4.86,5.10,14.40
25591,-1.56,0.78,1,14.36,13.44,8,14.68,194,0.34,0.34,864,0.00,1.00,0,0.5000,16.50,118,0,0.00,1,7.69,4.86,5.10,14.40
25695,-1.56,0.78,1,14.36,13.44,8,14.68,194,0.33,0.34,852,0.00,1.00,0,0.5000,17.00,118,0,0.00,1,7.69,4.80,5.10,14.50
25803,-1.56,0.78,1,14.36,13.44,8,14.68,194,0.33,0.34,856,0.00,1.00,0,0.5000,17.00,118,0,0.00,1,7.69,4.80,5.10,14.50
25903,-1.56,0.78,1,14.36,13.52,8,14.68,194,0.33,0.34,852,0.00,1.00,0,0.5000,17.00,118,0,0.00,1,7.69,4.80,4.71,14.50
26007,-1.56,0.78,1,14.36,13.44,8,14.68,194,0.33,0.34,851,0.00,1.00,0,0.5000,17.00,118,0,0.00,1,7.69,4.77,5.10,14.50
26111,-1.56,0.78,1,14.36,13.44,8,14.68,194,0.33,0.34,841,0.00,1.00,0,0.5000,17.00,118,0,0.00,1,7.69,4.80,4.71,14.50
26215,-1.56,0.78,1,14.36,13.44,8,14.69,194,0.33,0.34,845,0.00,1.00,0,0.5000,17.00,118,0,0.00,1,7.69,4.74,4.71,14.60
26319,-1.56,0.78,1,14.36,13.36,8,14.69,194,0.34,0.34,825,0.00,1.00,0,0.5000,17.50,118,0,0.00,1,7.69,4.71,4.71,14.70
26423,-1.56,0.78,1,14.36,13.52,8,14.69,194,0.34,0.34,836,0.00,1.00,0,0.5000,17.00,118,0,0.00,1,7.84,4.74,5.10,14.70
26527,-0.78,0.78,1,14.36,13.52,8,14.69,194,0.34,0.34,824,0.00,1.00,0,0.5000,17.50,118,0,0.00,1,7.84,4.74,5.10,14.80
26632,-0.78,0.78,1,14.36,13.52,8,14.69,194,0.34,0.35,824,0.00,1.00,0,0.5000,17.50,118,0,0.00,1,7.84,4.77,4.71,14.70
26735,-0.78,0.78,1,14.36,13.44,8,14.69,194,0.34,0.35,826,0.00,1.00,0,0.5000,17.00,118,0,0.00,1,7.84,4.80,4.71,15.00
26839,-0.78,0.78,1,14.36,13.44,8,14.69,194,0.34,0.35,817,0.00,1.00,0,0.5000,17.50,118,0,0.00,1,7.98,4.74,4.71,14.80
26943,0.00,0.78,1,14.36,13.36,8,14.69,194,0.34,0.34,829,0.00,1.00,0,0.5000,17.00,118,0,0.00,1,7.84,4.74,4.71,14.80
27048,0.00,0.78,1,14.36,13.52,8,14.69,194,0.34,0.35,821,0.00,1.00,0,0.5000,17.00,118,0,0.00,1,7.84,4.74,4.71,15.00
27151,0.00,0.78,1,14.36,13.52,8,14.69,194,0.34,0.34,835,0.00,1.00,0,0.5000,17.00,118,0,0.00,1,7.84,4.68,4.71,15.00
27255,0.00,0.78,1,14.36,13.52,8,14.68,194,0.34,0.33,836,0.00,1.00,0,0.5000,17.00,118,0,0.00,1,7.84,4.68,4.71,15.20
27359,0.00,0.78,1,14.36,13.44,8,14.68,194,0.33,0.34,837,0.00,1.00,0,0.5000,17.00,118,0,0.00,1,7.84,4.68,4.71,15.00
27464,0.00,0.78,1,14.36,13.44,8,14.69,194,0.33,0.33,841,0.00,1.00,0,0.5000,17.00,118,0,0.00,1,7.84,4.68,4.71,15.00
27567,0.00,0.78,1,14.36,13.44,8,14.68,194,0.33,0.34,828,0.00,1.00,0,0.5000,17.00,118,0,0.00,1,7.84,4.68,4.71,14.90
27672,0.00,0.78,1,14.36,13.52,8,14.69,194,0.34,0.34,829,0.00,1.00,0,0.5000,17.00,118,0,0.00,1,7.84,4.71,4.71,14.90
27775,0.00,0.78,1,14.36,13.44,8,14.69,194,0.34,0.35,814,0.00,1.00,0,0.5000,17.50,118,0,0.00,1,7.84,4.74,4.71,14.90
27880,0.00,0.78,1,14.36,13.44,8,14.69,194,0.34,0.34,826,0.00,1.00,0,0.5000,17.00,118,0,0.00,1,7.84,4.74,4.71,14.80
27983,0.00,0.78,1,14.36,13.52,8,14.69,194,0.34,0.34,813,0.00,1.00,0,0.5000,17.00,118,0,0.00,1,7.84,4.71,4.71,14.70
28088,0.00,0.78,1,14.36,13.52,8,14.69,194,0.34,0.35,821,0.00,1.00,0,0.5000,17.00,118,0,0.00,1,7.84,4.71,4.71,14.80
28191,0.78,0.78,1,14.36,13.60,8,14.69,194,0.34,0.35,819,0.00,1.00,0,0.5000,17.00,118,0,0.00,1,7.98,4.74,4.71,14.80
28296,0.78,0.78,1,14.36,13.44,8,14.69,194,0.34,0.35,811,0.00,1.00,0,0.5000,17.00,118,0,0.00,1,7.98,4.74,4.71,14.80
28399,0.78,0.78,1,14.36,13.44,8,14.69,194,0.34,0.35,813,0.00,1.00,0,0.5000,17.00,118,0,0.00,1,7.98,4.74,4.71,15.00
28504,0.78,0.78,1,14.36,13.44,8,14.69,194,0.34,0.35,812,0.00,1.00,0,0.5000,17.00,118,0,0.00,1,7.98,4.74,4.71,14.90
28608,0.78,0.78,1,14.36,13.52,8,14.69,194,0.34,0.35,829,0.00,1.00,0,0.5000,17.00,118,0,0.00,1,7.98,4.74,4.71,14.90
28712,0.78,0.78,1,14.36,13.52,8,14.69,194,0.34,0.34,827,0.00,1.00,0,0.5000,17.00,118,0,0.00,1,7.98,4.71,4.71,14.90
28815,1.56,0.78,1,14.36,13.52,8,14.69,194,0.34,0.34,827,0.00,1.00,0,0.5000,17.00,118,0,0.00,1,7.98,4.74,4.71,14.80
28920,1.56,0.78,1,14.36,13.52,8,14.69,194,0.34,0.34,842,0.00,1.00,0,0.5000,16.50,118,0,0.00,1,7.98,4.74,4.71,15.00
29024,1.56,0.78,1,14.36,13.44,8,14.68,194,0.34,0.34,837,0.00,1.00,0,0.5000,16.50,118,0,0.00,1,7.98,4.74,4.71,14.90
29128,1.56,0.78,1,14.36,13.44,8,14.68,194,0.34,0.34,846,0.00,1.00,0,0.5000,16.50,118,0,0.00,1,7.84,4.74,4.71,14.80
29231,1.56,0.78,1,14.36,13.44,8,14.68,194,0.34,0.34,840,0.00,1.00,0,0.5000,16.50,118,0,0.00,1,7.84,4.74,4.71,14.90
29336,1.56,0.78,1,14.36,13.36,8,14.68,194,0.33,0.34,848,0.00,1.00,0,0.5000,16.50,118,0,0.00,1,7.84,4.74,4.71,14.70
29440,0.78,0.78,1,14.36,13.52,8,14.68,194,0.33,0.34,839,0.00,1.00,0,0.5000,17.00,118,0,0.00,1,7.84,4.74,4.71,14.80
29544,0.78,0.78,1,14.36,13.44,8,14.68,194,0.33,0.34,846,0.00,1.00,0,0.5000,16.50,118,0,0.00,1,7.84,4.74,4.71,14.90
29647,0.78,0.78,1,14.36,13.44,8,14.68,194,0.33,0.34,839,0.00,1.00,0,0.5000,17.00,118,0,0.00,1,7.84,4.74,4.71,14.70
29752,0.78,0.78,1,14.36,13.60,8,14.68,194,0.33,0.34,850,0.00,1.00,0,0.5000,16.50,118,0,0.00,1,7.84,4.77,4.71,14.70
29856,0.78,0.78,1,14.36,13.52,8,14.68,194,0.33,0.34,840,0.00,1.00,0,0.5000,17.00,118,0,0.00,1,7.84,4.74,4.71,14.80
29960,0.78,0.78,1,14.36,13.52,8,14.68,194,0.33,0.34,848,0.00,1.00,0,0.5000,16.50,118,0,0.00,1,7.84,4.74,4.71,14.60
30064,0.78,0.78,1,14.36,13.44,8,14.68,194,0.33,0.33,853,0.00,1.00,0,0.5000,16.50,118,0,0.00,1,7.84,4.74,4.71,14.60
30168,0.78,0.78,1,14.36,13.52,8,14.68,194,0.33,0.34,837,0.00,1.00,0,0.5000,17.00,118,0,0.00,1,7.84,4.74,4.71,14.70
30272,0.78,0.78,1,14.36,13.44,8,14.68,194,0.33,0.34,845,0.00,1.00,0,0.5000,17.00,118,0,0.00,1,7.84,4.74,4.71,14.60
30376,0.78,0.78,1,14.36,13.44,8,14.68,194,0.33,0.34,833,0.00,1.00,0,0.5000,17.00,118,0,0.00,1,7.84,4.74,4.71,14.50
30479,0.78,0.78,1,14.36,13.52,8,14.68,194,0.33,0.34,847,0.00,1.00,0,0.5000,16.50,118,0,0.00,1,7.84,4.74,4.71,14.70
30584,0.78,0.78,1,14.36,13.44,8,14.68,194,0.33,0.34,837,0.00,1.00,0,0.5000,17.00,118,0,0.00,1,7.84,4.74,4.71,14.60
30688,0.78,0.78,1,14.36,13.36,8,14.68,194,0.33,0.34,845,0.00,1.00,0,0.5000,17.00,118,0,0.00,1,7.84,4.74,4.71,14.60
30792,0.78,0.78,1,14.36,13.44,8,14.68,194,0.33,0.34,838,0.00,1.00,0,0.5000,17.00,118,0,0.00,1,7.84,4.74,4.71,14.70
30896,0.78,0.78,1,14.36,13.52,8,14.68,194,0.33,0.34,847,0.00,1.00,0,0.5000,16.50,118,0,0.00,1,7.84,4.74,4.71,14.60
31000,0.78,0.78,1,14.36,13.60,8,14.68,194,0.33,0.34,838,0.00,1.00,0,0.5000,17.00,118,0,0.00,1,7.84,4.68,4.71,14.70
31103,0.78,0.78,1,14.36,13.52,8,14.68,194,0.33,0.34,846,0.00,1.00,0,0.5000,17.00,118,0,0.00,1,7.84,4.74,4.71,14.70
31208,0.78,0.78,1,14.36,13.44,8,14.68,194,0.33,0.33,840,0.00,1.00,0,0.5000,17.00,118,0,0.00,1,7.84,4.74,4.71,14.70
31312,0.78,0.78,1,14.36,13.44,8,14.68,194,0.33,0.34,835,0.00,1.00,0,0.5000,17.00,118,0,0.00,1,7.84,4.74,4.71,14.60
31416,0.78,0.78,1,14.36,13.52,8,14.69,194,0.33,0.34,841,0.00,1.00,0,0.5000,17.00,118,0,0.00,1,7.84,4.74,4.71,14.70
31520,0.78,0.78,1,14.36,13.52,8,14.68,194,0.34,0.34,830,0.00,1.00,0,0.5000,17.00,118,0,0.00,1,7.84,4.74,4.71,14.70
31624,0.78,0.78,1,14.36,13.52,8,14.69,194,0.33,0.34,843,0.00,1.00,0,0.5000,17.00,118,0,0.00,1,7.84,4.74,4.71,14.70
31728,0.78,0.78,1,14.36,13.44,8,14.68,194,0.33,0.34,834,0.00,1.00,0,0.5000,17.00,118,0,0.00,1,7.84,4.68,4.71,14.70
31832,0.78,0.78,1,14.36,13.36,8,14.68,194,0.33,0.33,838,0.00,1.00,0,0.5000,17.00,118,0,0.00,1,7.84,4.68,4.71,14.70
31936,0.78,0.78,1,14.36,13.44,8,14.68,194,0.33,0.34,831,0.00,1.00,0,0.5000,17.00,118,0,0.00,1,7.84,4.74,4.71,14.70
32040,0.78,0.78,1,14.36,13.52,8,14.69,194,0.34,0.34,838,0.00,1.00,0,0.5000,17.00,118,0,0.00,1,7.84,4.74,4.71,14.60
32144,0.78,0.78,1,14.36,13.60,8,14.69,194,0.34,0.34,819,0.00,1.00,0,0.5000,17.00,118,0,0.00,1,7.84,4.74,4.71,14.70
32248,0.78,0.78,1,14.36,13.52,8,14.69,194,0.34,0.34,820,0.00,1.00,0,0.5000,17.00,118,0,0.00,1,7.84,4.74,4.71,14.70
32352,0.78,0.78,1,14.36,13.44,8,14.69,194,0.34,0.34,825,0.00,1.00,0,0.5000,17.00,118,0,0.00,1,7.84,4.74,4.71,14.80
32456,0.78,0.78,1,14.36,13.44,8,14.69,194,0.34,0.35,810,0.00,1.00,0,0.5000,17.50,118,0,0.00,1,7.98,4.71,4.71,14.70
32560,0.78,0.78,1,14.36,13.36,8,14.69,194,0.34,0.34,820,0.00,1.00,0,0.5000,17.00,118,0,0.00,1,7.98,4.71,4.71,14.80
32664,0.78,0.78,1,14.36,13.52,8,14.69,194,0.34,0.35,818,0.00,1.00,0,0.5000,17.00,118,0,0.00,1,7.98,4.74,4.71,14.80
32768,0.78,0.78,1,14.36,13.60,8,14.69,194,0.34,0.34,830,0.00,1.00,0,0.5000,17.00,118,0,0.00,1,7.98,4.74,4.71,14.70
32872,0.78,0.78,1,14.36,13.52,8,14.69,194,0.34,0.34,824,0.00,1.00,0,0.5000,17.00,118,0,0.00,1,7.98,4.71,4.71,14.80
32976,0.78,0.78,1,14.36,13.44,8,14.69,194,0.34,0.34,826,0.00,1.00,0,0.5000,17.00,118,0,0.00,1,7.98,4.71,4.71,14.80
33080,1.56,0.78,1,14.36,13.36,8,14.69,194,0.34,0.34,836,0.00,1.00,0,0.5000,17.00,118,0,0.00,1,7.98,4.74,4.71,14.80
33184,1.56,0.78,1,14.36,13.44,8,14.68,194,0.34,0.34,836,0.00,1.00,0,0.5000,17.00,118,0,0.00,1,7.84,4.68,5.10,14.80
33289,1.56,0.78,1,14.36,13.44,8,14.68,194,0.33,0.33,844,0.00,1.00,0,0.5000,16.50,118,0,0.00,1,7.84,4.68,4.71,14.80
33393,1.56,0.78,1,14.36,13.52,8,14.68,194,0.33,0.33,843,0.00,1.00,0,0.5000,16.50,118,0,0.00,1,7.84,4.68,4.71,14.80
33497,1.56,0.78,1,14.36,13.44,8,14.68,194,0.33,0.33,854,0.00,1.00,0,0.5000,16.50,118,0,0.00,1,7.84,4.68,4.71,14.80
33601,1.56,0.78,1,14.36,13.36,8,14.68,194,0.33,0.34,847,0.00,1.00,0,0.5000,16.50,118,0,0.00,1,7.84,4.74,4.71,14.70
33705,0.78,0.78,1,14.36,13.36,8,14.68,194,0.33,0.33,861,0.00,1.00,0,0.5000,16.00,118,0,0.00,1,7.69,4.74,4.71,14.70
33809,0.78,0.78,1,14.36,13.44,8,14.68,194,0.33,0.33,858,0.00,1.00,0,0.5000,16.50,118,0,0.00,1,7.69,4.74,4.71,14.70
33914,0.78,0.78,1,14.36,13.44,8,14.68,194,0.33,0.32,874,0.00,1.00,0,0.5000,15.50,118,0,0.00,1,7.69,4.68,4.71,14.80
34017,0.78,0.78,1,14.36,13.44,8,14.68,194,0.33,0.33,857,0.00,1.00,0,0.5000,16.50,118,0,0.00,1,7.69,4.74,4.71,14.60
34121,0.78,0.78,1,14.36,13.44,8,14.68,194,0.32,0.32,869,0.00,1.00,0,0.5000,16.00,118,0,0.00,1,7.69,4.68,4.71,14.60
34226,0.78,0.78,1,14.36,13.52,8,14.68,194,0.32,0.33,858,0.00,1.00,0,0.5000,16.50,118,0,0.00,1,7.55,4.68,4.71,14.60
34329,0.78,0.78,1,14.36,13.44,8,14.68,194,0.32,0.32,870,0.00,1.00,0,0.5000,16.50,118,0,0.00,1,7.55,4.71,4.71,14.50
34434,0.78,0.78,1,14.36,13.52,8,14.68,194,0.32,0.33,856,0.00,1.00,0,0.5000,17.00,118,0,0.00,1,7.55,4.74,4.71,14.60
34537,0.78,0.78,1,14.36,13.44,8,14.68,194,0.32,0.33,857,0.00,1.00,0,0.5000,16.50,118,0,0.00,1,7.69,4.68,4.71,14.50
34641,0.78,0.78,1,14.36,13.52,8,14.68,194,0.33,0.33,844,0.00,1.00,0,0.5000,17.00,118,0,0.00,1,7.55,4.68,4.71,14.50
34745,0.78,0.78,1,14.36,13.52,8,14.69,194,0.33,0.33,849,0.00,1.00,0,0.5000,17.00,120,0,0.00,1,7.69,4.68,4.71,14.60
34849,0.78,0.78,1,14.36,13.52,8,14.68,194,0.33,0.33,837,0.00,1.00,0,0.5000,17.00,120,0,0.00,1,7.69,4.68,4.71,14.70
34954,0.78,0.78,1,14.36,13.60,8,14.68,194,0.33,0.34,844,0.00,1.00,0,0.5000,17.00,120,0,0.00,1,7.69,4.68,4.71,14.60
35057,0.78,0.78,1,14.36,13.44,8,14.69,194,0.33,0.33,842,0.00,1.00,0,0.5000,17.00,120,0,0.00,1,7.69,4.65,4.71,14.60
35162,0.78,0.78,1,14.36,13.44,8,14.68,194,0.33,0.33,833,0.00,1.00,0,0.5000,17.00,120,0,0.00,1,7.69,4.63,4.71,14.60
35266,0.78,0.78,1,14.36,13.44,8,14.69,194,0.33,0.33,833,0.00,1.00,0,0.5000,17.00,120,0,0.00,1,7.69,4.63,4.71,14.50
35370,0.78,0.78,1,14.36,13.52,8,14.69,194,0.33,0.34,822,0.00,1.00,0,0.5000,17.50,120,0,0.00,1,7.69,4.63,4.71,14.60
35474,0.78,0.78,1,14.36,13.44,8,14.69,194,0.33,0.33,834,0.00,1.00,0,0.5000,17.00,120,0,0.00,1,7.84,4.63,4.71,14.70
35632,0.78,0.78,1,14.36,13.44,8,14.69,194,0.33,0.34,822,0.00,1.00,0,0.5000,17.00,120,0,0.00,1,7.84,4.63,4.71,14.70
35681,0.78,0.78,1,14.36,13.52,8,14.69,194,0.33,0.34,834,0.00,1.00,0,0.5000,17.00,120,0,0.00,1,7.84,4.63,4.71,14.70
35785,0.78,0.78,1,14.36,13.52,8,14.69,194,0.33,0.33,823,0.00,1.00,0,0.5000,17.00,120,0,0.00,1,7.84,4.63,4.71,14.70
35890,0.78,0.78,1,14.36,13.60,8,14.68,194,0.33,0.34,822,0.00,1.00,0,0.5000,17.00,120,0,0.00,1,7.84,4.60,4.71,14.70
35994,0.78,0.78,1,14.36,13.44,8,14.69,194,0.33,0.33,830,0.00,1.00,0,0.5000,17.00,120,0,0.00,1,7.84,4.63,4.71,14.80
36098,0.78,0.78,1,14.36,13.44,8,14.69,194,0.33,0.34,824,0.00,1.00,0,0.5000,17.00,120,0,0.00,1,7.84,4.63,4.71,14.70
36201,0.78,0.78,1,14.36,13.44,8,14.69,194,0.33,0.33,831,0.00,1.00,0,0.5000,17.00,120,0,0.00,1,7.84,4.60,4.71,14.70
36306,1.56,0.78,1,14.36,13.44,8,14.69,194,0.33,0.34,817,0.00,1.00,0,0.5000,17.00,120,0,0.00,1,7.84,4.63,4.71,14.80
36410,1.56,0.78,1,14.36,13.60,8,14.69,194,0.33,0.34,824,0.00,1.00,0,0.5000,17.00,120,0,0.00,1,7.84,4.63,4.71,14.80
36514,1.56,0.78,1,14.36,13.44,8,14.69,194,0.33,0.33,820,0.00,1.00,0,0.5000,17.00,120,0,0.00,1,7.84,4.63,4.71,14.80
36617,1.56,0.78,1,14.36,13.52,8,14.69,194,0.33,0.34,816,0.00,1.00,0,0.5000,17.00,120,0,0.00,1,7.84,4.63,4.71,15.00
36722,1.56,0.78,1,14.36,13.44,8,14.69,194,0.33,0.34,826,0.00,1.00,0,0.5000,17.00,120,0,0.00,1,7.84,4.63,4.71,14.80
36825,1.56,0.78,1,14.36,13.44,8,14.69,194,0.33,0.34,825,0.00,1.00,0,0.5000,17.00,120,0,0.00,1,7.84,4.60,4.71,14.90
36930,1.56,0.78,1,14.36,13.44,8,14.69,194,0.33,0.33,844,0.00,1.00,0,0.5000,16.50,120,0,0.00,1,7.84,4.63,4.71,14.90
37034,1.56,0.78,1,14.36,13.44,8,14.68,194,0.33,0.34,826,0.00,1.00,0,0.5000,17.00,120,0,0.00,1,7.84,4.63,4.71,15.00
37137,1.56,0.78,1,14.36,13.52,8,14.69,194,0.33,0.33,832,0.00,1.00,0,0.5000,17.00,120,0,0.00,1,7.84,4.63,4.71,14.80
37242,1.56,0.78,1,14.36,13.52,8,14.68,194,0.33,0.33,835,0.00,1.00,0,0.5000,17.00,120,0,0.00,1,7.84,4.63,4.71,14.80
37346,1.56,0.78,1,14.36,13.52,8,14.69,194,0.33,0.33,846,0.00,1.00,0,0.5000,16.50,120,0,0.00,1,7.84,4.60,4.71,14.90
37450,1.56,0.78,1,14.36,13.44,8,14.68,194,0.33,0.33,836,0.00,1.00,0,0.5000,17.00,120,0,0.00,1,7.69,4.63,4.71,14.80
37554,1.56,0.78,1,14.36,13.52,8,14.68,194,0.33,0.33,835,0.00,1.00,0,0.5000,17.00,120,0,0.00,1,7.69,4.63,4.71,14.80
37658,1.56,0.78,1,14.36,13.52,8,14.68,194,0.33,0.33,843,0.00,1.00,0,0.5000,16.50,120,0,0.00,1,7.69,4.57,4.71,14.70
37762,1.56,0.78,1,14.36,13.44,8,14.68,194,0.32,0.33,836,0.00,1.00,0,0.5000,17.00,120,0,0.00,1,7.69,4.57,4.71,14.70
37866,1.56,0.78,1,14.36,13.44,8,14.69,194,0.32,0.33,836,0.00,1.00,0,0.5000,17.00,120,0,0.00,1,7.69,4.60,4.71,14.70
37969,1.56,0.78,1,14.36,13.44,8,14.68,194,0.33,0.33,829,0.00,1.00,0,0.5000,17.00,120,0,0.00,1,7.69,4.60,4.71,14.60
38074,1.56,0.78,1,14.36,13.44,8,14.69,194,0.33,0.33,830,0.00,1.00,0,0.5000,17.00,120,0,0.00,1,7.69,4.57,4.71,14.70
38178,1.56,0.78,1,14.36,13.52,8,14.69,194,0.33,0.33,823,0.00,1.00,0,0.5000,17.00,120,0,0.00,1,7.69,4.57,4.71,14.60
38282,1.56,0.78,1,14.36,13.52,8,14.69,194,0.33,0.33,822,0.00,1.00,0,0.5000,17.00,120,0,0.00,1,7.69,4.57,4.71,14.60
38386,1.56,0.78,1,14.36,13.52,8,14.69,194,0.33,0.33,826,0.00,1.00,0,0.5000,17.00,120,0,0.00,1,7.69,4.60,4.71,14.50
38490,1.56,0.78,1,14.36,13.44,8,14.69,194,0.33,0.34,816,0.00,1.00,0,0.5000,17.00,120,0,0.00,1,7.69,4.57,4.71,14.60
38594,1.56,0.78,1,14.36,13.44,8,14.69,194,0.33,0.34,814,0.00,1.00,0,0.5000,17.00,120,0,0.00,1,7.84,4.57,4.71,14.60
38698,1.56,0.78,1,14.36,13.44,8,14.69,194,0.33,0.34,810,0.00,1.00,0,0.5000,17.00,120,0,0.00,1,7.84,4.63,4.71,14.60
38802,1.56,0.78,1,14.36,13.52,8,14.69,194,0.33,0.33,823,0.00,1.00,0,0.5000,17.00,120,0,0.00,1,7.84,4.57,4.71,14.60
38906,1.56,0.78,1,14.36,13.52,8,14.69,192,0.33,0.33,815,0.00,1.00,0,0.5000,17.00,120,0,0.00,1,7.84,4.57,4.71,14.50
39010,1.56,0.78,1,14.36,13.44,8,14.69,194,0.33,0.34,815,0.00,1.00,0,0.5000,17.00,120,0,0.00,1,7.84,4.57,4.71,14.50
39114,1.56,0.78,1,14.36,13.44,8,14.69,192,0.33,0.33,823,0.00,1.00,0,0.5000,17.00,120,0,0.00,1,7.84,4.60,4.71,14.80
39218,1.56,0.78,1,14.36,13.44,8,14.69,192,0.33,0.34,806,0.00,1.00,0,0.5000,17.00,120,0,0.00,1,7.84,4.63,4.71,15.10
39322,1.56,0.78,1,14.36,13.52,8,14.69,192,0.34,0.34,814,0.00,1.00,0,0.5000,17.00,120,0,0.00,1,7.84,4.63,4.71,14.80
39426,2.34,0.78,1,14.36,13.60,8,14.69,192,0.34,0.34,806,0.00,1.00,0,0.5000,17.00,120,0,0.00,1,7.84,4.63,4.71,14.80
39530,2.34,0.78,1,14.36,13.52,8,14.69,192,0.34,0.34,822,0.00,1.00,0,0.5000,17.00,120,0,0.00,1,7.84,4.63,4.71,14.80
39634,1.56,0.78,1,14.36,13.44,8,14.69,192,0.33,0.33,825,0.00,1.00,0,0.5000,17.00,120,0,0.00,1,7.84,4.57,4.71,14.80
39738,2.34,0.78,1,14.36,13.36,8,14.69,192,0.33,0.34,812,0.00,1.00,0,0.5000,17.00,120,0,0.00,1,7.84,4.60,4.71,14.80
39842,2.34,0.78,1,14.36,13.52,8,14.69,192,0.33,0.34,826,0.00,1.00,0,0.5000,17.00,120,0,0.00,1,7.84,4.63,4.71,14.80
39946,1.56,0.78,1,14.36,13.52,8,14.69,192,0.33,0.34,814,0.00,1.00,0,0.5000,17.00,120,0,0.00,1,7.84,4.63,4.71,14.70
40050,1.56,0.78,1,14.36,13.52,8,14.69,192,0.33,0.33,829,0.00,1.00,0,0.5000,16.50,120,0,0.00,1,7.84,4.60,4.71,14.70
40154,1.56,0.78,1,14.36,13.52,8,14.69,192,0.33,0.33,827,0.00,1.00,0,0.5000,17.00,120,0,0.00,1,7.84,4.63,4.71,14.80
40258,1.56,0.78,1,14.36,13.44,8,14.68,192,0.33,0.33,826,0.00,1.00,0,0.5000,17.00,120,0,0.00,1,7.84,4.60,4.71,14.80
40362,1.56,0.78,1,14.36,13.52,8,14.69,192,0.33,0.34,827,0.00,1.00,0,0.5000,17.00,120,0,0.00,1,7.84,4.63,4.71,14.70
40466,1.56,0.78,1,14.36,13.52,8,14.68,192,0.33,0.33,830,0.00,1.00,0,0.5000,17.00,120,0,0.00,1,7.84,4.62,4.71,14.70
40570,1.56,0.78,1,14.36,13.52,8,14.69,192,0.33,0.33,841,0.00,1.00,0,0.5000,16.50,120,0,0.00,1,7.84,4.62,4.71,14.70
40674,1.56,0.78,1,14.36,13.44,8,14.68,192,0.33,0.33,830,0.00,1.00,0,0.5000,17.00,120,0,0.00,1,7.84,4.62,4.71,14.70
40778,1.56,0.78,1,14.36,13.44,8,14.69,192,0.33,0.33,832,0.00,1.00,0,0.5000,16.50,120,0,0.00,1,7.84,4.62,4.71,14.60
40882,1.56,0.78,1,14.36,13.52,8,14.68,192,0.33,0.33,829,0.00,1.00,0,0.5000,17.00,120,0,0.00,1,7.69,4.62,4.71,14.60
40986,1.56,0.78,1,14.36,13.52,8,14.69,192,0.33,0.33,841,0.00,1.00,0,0.5000,16.50,120,0,0.00,1,7.84,4.62,4.71,14.60
41090,1.56,0.78,1,14.36,13.60,8,14.68,192,0.33,0.33,838,0.00,1.00,0,0.5000,16.50,120,0,0.00,1,7.69,4.62,4.71,14.60
41194,1.56,0.78,1,14.36,13.52,8,14.68,192,0.33,0.33,848,0.00,1.00,0,0.5000,16.50,120,0,0.00,1,7.69,4.62,4.71,14.60
41297,1.56,0.78,1,14.36,13.44,8,14.68,192,0.33,0.33,852,0.00,1.00,0,0.5000,16.50,120,0,0.00,1,7.69,4.62,4.71,14.60
41402,1.56,0.78,1,14.36,13.44,8,14.68,192,0.33,0.33,844,0.00,1.00,0,0.5000,16.50,120,0,0.00,1,7.69,4.62,4.71,14.50
41506,1.56,0.78,1,14.36,13.44,8,14.68,192,0.33,0.33,841,0.00,1.00,0,0.5000,16.50,120,0,0.00,1,7.69,4.57,4.71,14.50
41610,1.56,0.78,1,14.36,13.52,8,14.68,192,0.33,0.33,837,0.00,1.00,0,0.5000,17.00,120,0,0.00,1,7.69,4.62,4.71,14.50
41714,0.78,0.78,1,14.36,13.44,8,14.68,192,0.33,0.33,846,0.00,1.00,0,0.5000,16.50,120,0,0.00,1,7.69,4.62,4.71,14.60
41818,0.78,0.78,1,14.36,13.44,8,14.68,192,0.33,0.33,831,0.00,1.00,0,0.5000,17.00,120,0,0.00,1,7.69,4.60,4.71,14.50
41922,0.78,0.78,1,14.36,13.44,8,14.69,192,0.33,0.33,828,0.00,1.00,0,0.5000,17.00,120,0,0.00,1,7.69,4.60,4.71,14.60
42026,0.78,0.78,1,14.36,13.52,8,14.69,192,0.33,0.34,813,0.00,1.00,0,0.5000,17.00,120,0,0.00,1,7.69,4.62,4.71,14.50
42130,0.78,0.78,1,14.36,13.52,8,14.69,192,0.33,0.34,819,0.00,1.00,0,0.5000,17.00,120,0,0.00,1,7.84,4.60,4.71,14.50
42234,0.78,0.78,1,14.36,13.44,8,14.69,192,0.33,0.34,814,0.00,1.00,0,0.5000,17.00,120,0,0.00,1,7.84,4.62,4.71,14.60
42338,0.78,0.78,1,14.36,13.44,8,14.69,192,0.34,0.35,802,0.00,1.00,0,0.5000,17.50,120,0,0.00,1,7.84,4.62,4.71,14.50
42442,0.78,0.78,1,14.36,13.36,8,14.69,192,0.34,0.34,811,0.00,1.00,0,0.5000,17.00,120,0,0.00,1,7.84,4.62,4.71,14.50
42546,0.78,0.78,1,14.36,13.60,8,14.69,192,0.34,0.34,804,0.00,1.00,0,0.5000,17.50,120,0,0.00,1,7.84,4.62,4.71,14.60
42650,1.56,0.78,1,14.36,13.52,8,14.69,192,0.34,0.34,818,0.00,1.00,0,0.5000,17.00,120,0,0.00,1,7.84,4.62,4.71,14.50
42754,1.56,0.78,1,14.36,13.52,8,14.69,192,0.34,0.34,826,0.00,1.00,0,0.5000,17.00,120,0,0.00,1,7.84,4.62,4.71,14.80
42858,1.56,0.78,1,14.36,13.36,8,14.69,192,0.34,0.34,817,0.00,1.00,0,0.5000,17.00,120,0,0.00,1,7.84,4.60,4.71,14.80
42962,1.56,0.78,1,14.36,13.44,8,14.69,192,0.33,0.33,828,0.00,1.00,0,0.5000,17.00,120,0,0.00,1,7.84,4.62,4.71,14.80
43066,1.56,0.78,1,14.36,13.44,8,14.69,192,0.33,0.33,828,0.00,1.00,0,0.5000,17.00,120,0,0.00,1,7.84,4.62,4.71,14.70
43170,1.56,0.78,1,14.36,13.52,8,14.69,192,0.33,0.33,840,0.00,1.00,0,0.5000,16.50,120,0,0.00,1,7.84,4.62,4.71,14.90
43274,1.56,0.78,1,14.36,13.52,8,14.68,192,0.33,0.33,830,0.00,1.00,0,0.5000,17.00,120,0,0.00,1,7.84,4.62,4.71,14.80
43378,1.56,0.78,1,14.36,13.52,8,14.69,192,0.33,0.33,834,0.00,1.00,0,0.5000,16.50,120,0,0.00,1,7.84,4.62,4.71,14.90
43482,1.56,0.78,1,14.36,13.52,8,14.69,192,0.33,0.33,832,0.00,1.00,0,0.5000,17.00,120,0,0.00,1,7.84,4.62,4.71,14.80
43586,0.78,0.78,1,14.36,13.44,8,14.68,192,0.33,0.33,837,0.00,1.00,0,0.5000,16.50,120,0,0.00,1,7.84,4.57,4.71,14.70
43690,0.78,0.78,1,14.36,13.52,8,14.68,192,0.33,0.33,841,0.00,1.00,0,0.5000,16.50,120,0,0.00,1,7.69,4.60,4.71,14.80
43794,0.78,0.78,1,14.36,13.52,8,14.68,192,0.33,0.33,836,0.00,1.00,0,0.5000,17.00,120,0,0.00,1,7.69,4.62,4.71,14.80
43898,0.78,0.78,1,14.36,13.44,8,14.69,192,0.33,0.33,838,0.00,1.00,0,0.5000,16.50,120,0,0.00,1,7.69,4.57,4.71,14.60
44002,0.78,0.78,1,14.36,13.44,8,14.69,192,0.33,0.33,832,0.00,1.00,0,0.5000,17.00,120,0,0.00,1,7.69,4.60,4.71,14.60
44107,0.78,0.78,1,14.36,13.44,8,14.69,192,0.33,0.34,827,0.00,1.00,0,0.5000,17.00,120,0,0.00,1,7.69,4.62,4.71,14.60
44210,0.78,0.78,1,14.36,13.44,8,14.69,192,0.33,0.34,820,0.00,1.00,0,0.5000,17.00,120,0,0.00,1,7.69,4.62,4.71,14.60
44314,0.78,0.78,1,14.36,13.60,8,14.69,192,0.33,0.34,830,0.00,1.00,0,0.5000,17.00,120,0,0.00,1,7.84,4.62,4.71,14.50
44418,0.78,0.78,1,14.36,13.52,8,14.69,192,0.33,0.34,819,0.00,1.00,0,0.5000,17.00,120,0,0.00,1,7.84,4.62,4.71,14.60
44522,0.78,0.78,1,14.36,13.44,8,14.69,192,0.33,0.34,812,0.00,1.00,0,0.5000,17.00,120,0,0.00,1,7.84,4.62,4.71,14.50
44626,0.78,0.78,1,14.36,13.44,8,14.69,192,0.33,0.33,824,0.00,1.00,0,0.5000,17.00,120,0,0.00,1,7.84,4.62,4.71,14.60
44730,0.78,0.78,1,14.36,13.36,8,14.69,192,0.33,0.34,812,0.00,1.00,0,0.5000,17.00,120,0,0.00,1,7.84,4.57,4.71,14.60
44834,0.78,0.78,1,14.36,13.52,8,14.69,192,0.33,0.34,818,0.00,1.00,0,0.5000,17.00,120,0,0.00,1,7.84,4.60,4.71,14.60
44938,0.78,0.78,1,14.36,13.60,8,14.69,192,0.33,0.34,813,0.00,1.00,0,0.5000,17.00,120,0,0.00,1,7.84,4.62,4.71,14.70
45042,0.78,0.78,1,14.36,13.52,8,14.69,192,0.33,0.34,816,0.00,1.00,0,0.5000,17.00,120,0,0.00,1,7.84,4.60,4.71,14.70
45146,0.78,1.56,1,14.36,13.36,8,14.69,192,0.33,0.34,821,0.00,1.00,0,0.5000,17.00,120,0,0.00,1,7.84,4.62,4.71,14.70
45250,1.56,1.56,1,14.36,13.44,8,14.69,192,0.34,0.34,811,0.00,1.00,0,0.5000,17.00,120,0,0.00,1,7.84,4.62,4.71,14.70
45355,0.78,1.56,1,14.36,13.44,8,14.69,192,0.34,0.34,825,0.00,1.00,0,0.5000,17.00,120,0,0.00,1,7.84,4.62,4.71,14.80
45459,0.78,1.56,1,14.36,13.52,8,14.69,192,0.33,0.34,814,0.00,1.00,0,0.5000,17.00,120,0,0.00,1,7.84,4.62,4.71,14.80
45562,0.78,1.56,1,14.36,13.60,8,14.69,192,0.33,0.34,823,0.00,1.00,0,0.5000,17.00,120,0,0.00,1,7.84,4.62,4.71,14.80
45666,1.56,1.56,1,14.36,13.44,8,14.69,192,0.33,0.33,833,0.00,1.00,0,0.5000,16.50,120,0,0.00,1,7.84,4.62,4.71,14.70
45771,1.56,1.56,1,14.36,13.52,8,14.69,192,0.33,0.34,821,0.00,1.00,0,0.5000,17.00,120,0,0.00,1,7.84,4.65,4.71,14.80
45874,1.56,1.56,1,14.36,13.52,8,14.69,192,0.33,0.33,834,0.00,1.00,0,0.5000,16.50,120,0,0.00,1,7.84,4.62,4.71,14.90
45978,0.78,1.56,1,14.36,13.52,8,14.68,192,0.33,0.33,830,0.00,1.00,0,0.5000,16.50,122,0,0.00,1,7.84,4.62,4.71,14.70
46082,0.78,1.56,1,14.36,13.52,8,14.69,192,0.33,0.33,847,0.00,1.00,0,0.5000,16.00,122,0,0.00,1,7.84,4.62,4.71,14.70
46186,0.78,1.56,1,14.36,13.44,8,14.68,192,0.33,0.34,831,0.00,1.00,0,0.5000,17.00,122,0,0.00,1,7.84,4.65,4.71,14.70
46291,0.78,1.56,1,14.36,13.44,8,14.69,192,0.33,0.33,838,0.00,1.00,0,0.5000,16.50,122,0,0.00,1,7.84,4.62,4.71,14.70
46395,0.78,1.56,1,14.36,13.44,8,14.68,192,0.33,0.33,832,0.00,1.00,0,0.5000,17.00,122,0,0.00,1,7.84,4.62,4.71,14.70
46499,0.78,1.56,1,14.36,13.60,8,14.69,192,0.33,0.33,840,0.00,1.00,0,0.5000,16.50,122,0,0.00,1,7.84,4.62,4.71,14.70
46603,0.78,1.56,1,14.36,13.52,8,14.69,192,0.33,0.33,830,0.00,1.00,0,0.5000,17.00,122,0,0.00,1,7.84,4.62,4.71,14.80
46707,0.78,1.56,1,14.36,13.44,8,14.69,192,0.33,0.34,821,0.00,1.00,0,0.5000,17.00,122,0,0.00,1,7.84,4.62,4.71,14.50
46811,0.78,1.56,1,14.36,13.36,8,14.69,192,0.33,0.33,832,0.00,1.00,0,0.5000,17.00,122,0,0.00,1,7.84,4.62,4.71,14.50
46915,0.78,1.56,1,14.36,13.44,8,14.69,192,0.33,0.34,815,0.00,1.00,0,0.5000,17.00,122,0,0.00,1,7.84,4.62,4.71,14.60
47018,0.78,1.56,1,14.36,13.52,8,14.69,192,0.33,0.34,820,0.00,1.00,0,0.5000,17.00,122,0,0.00,1,7.84,4.62,4.71,14.60
47123,0.78,1.56,1,14.36,13.60,8,14.69,192,0.33,0.34,814,0.00,1.00,0,0.5000,17.00,122,0,0.00,1,7.84,4.62,4.71,14.60
47226,0.78,1.56,1,14.36,13.60,8,14.69,192,0.33,0.34,827,0.00,1.00,0,0.5000,17.00,122,0,0.00,1,7.84,4.62,4.71,14.60
47331,0.78,1.56,1,14.36,13.44,8,14.69,192,0.33,0.34,824,0.00,1.00,0,0.5000,17.00,122,0,0.00,1,7.84,4.62,4.71,14.60
47435,0.78,1.56,1,14.36,13.44,8,14.69,192,0.33,0.34,819,0.00,1.00,0,0.5000,17.00,122,0,0.00,1,7.84,4.62,4.71,14.60
47539,0.78,1.56,1,14.36,13.44,8,14.69,192,0.33,0.34,828,0.00,1.00,0,0.5000,17.00,122,0,0.00,1,7.84,4.62,4.71,14.70
47643,0.78,1.56,1,14.36,13.44,8,14.68,192,0.33,0.34,825,0.00,1.00,0,0.5000,17.00,122,0,0.00,1,7.84,4.62,4.71,14.70
47746,0.78,1.56,1,14.36,13.52,8,14.69,192,0.33,0.34,827,0.00,1.00,0,0.5000,17.00,122,0,0.00,1,7.84,4.62,4.71,14.70
47851,0.78,1.56,1,14.36,13.52,8,14.69,192,0.33,0.33,822,0.00,1.00,0,0.5000,17.00,122,0,0.00,1,7.84,4.62,4.71,14.70
47955,0.78,1.56,1,14.36,13.44,8,14.69,192,0.33,0.34,832,0.00,1.00,0,0.5000,17.00,122,0,0.00,1,7.84,4.62,4.71,14.80
48059,0.78,1.56,1,14.36,13.44,8,14.69,192,0.33,0.33,834,0.00,1.00,0,0.5000,16.50,122,0,0.00,1,7.84,4.62,4.71,14.80
48162,0.78,1.56,1,14.36,13.52,8,14.69,192,0.33,0.34,825,0.00,1.00,0,0.5000,17.00,122,0,0.00,1,7.84,4.62,4.71,14.70
48267,0.78,1.56,1,14.36,13.52,8,14.69,192,0.33,0.33,833,0.00,1.00,0,0.5000,17.00,122,0,0.00,1,7.84,4.62,4.71,14.70
48371,0.78,1.56,1,14.36,13.44,8,14.69,192,0.33,0.34,820,0.00,1.00,0,0.5000,17.00,122,0,0.00,1,7.84,4.62,4.71,14.70
48475,0.78,1.56,1,14.36,13.44,8,14.69,192,0.33,0.33,832,0.00,1.00,0,0.5000,17.00,122,0,0.00,1,7.84,4.57,4.71,14.70
48579,0.78,1.56,1,14.36,13.44,8,14.69,192,0.33,0.34,822,0.00,1.00,0,0.5000,17.00,122,0,0.00,1,7.84,4.60,4.71,14.70
48683,0.78,1.56,1,14.36,13.52,8,14.69,192,0.33,0.34,832,0.00,1.00,0,0.5000,17.00,122,0,0.00,1,7.84,4.62,4.71,14.70
48787,0.78,1.56,1,14.36,13.60,8,14.69,192,0.33,0.34,822,0.00,1.00,0,0.5000,17.00,122,0,0.00,1,7.84,4.62,4.71,14.70
48891,0.78,1.56,1,14.36,13.52,8,14.69,192,0.33,0.34,817,0.00,1.00,0,0.5000,17.00,122,0,0.00,1,7.84,4.62,4.71,14.70
48994,0.78,1.56,1,14.36,13.44,8,14.69,192,0.33,0.34,825,0.00,1.00,0,0.5000,17.00,122,0,0.00,1,7.84,4.62,4.71,14.70
49099,0.78,1.56,1,14.36,13.36,8,14.69,192,0.33,0.34,814,0.00,1.00,0,0.5000,17.00,122,0,0.00,1,7.84,4.62,4.71,14.70
49203,0.78,1.56,1,14.36,13.52,8,14.69,192,0.33,0.34,818,0.00,1.00,0,0.5000,17.00,122,0,0.00,1,7.84,4.62,4.71,14.70
49306,0.78,1.56,1,14.36,13.60,8,14.69,192,0.34,0.34,810,0.00,1.00,0,0.5000,17.00,122,0,0.00,1,7.84,4.62,4.71,14.80
49411,0.78,1.56,1,14.36,13.52,8,14.69,192,0.34,0.34,821,0.00,1.00,0,0.5000,17.00,122,0,0.00,1,7.84,4.62,4.71,14.80
49515,0.78,1.56,1,14.36,13.44,8,14.69,192,0.33,0.34,824,0.00,1.00,0,0.5000,17.00,122,0,0.00,1,7.84,4.62,4.71,14.70
49619,0.78,1.56,1,14.36,13.36,8,14.69,192,0.33,0.34,817,0.00,1.00,0,0.5000,17.00,122,0,0.00,1,7.84,4.62,4.71,14.70
49723,0.78,1.56,1,14.36,13.52,8,14.69,192,0.33,0.34,825,0.00,1.00,0,0.5000,17.00,122,0,0.00,1,7.84,4.62,4.71,14.80
49827,0.78,1.56,1,14.36,13.52,8,14.68,192,0.33,0.34,825,0.00,1.00,0,0.5000,17.00,122,0,0.00,1,7.84,4.62,4.71,14.70
49930,0.78,1.56,1,14.36,13.36,8,14.68,192,0.33,0.33,840,0.00,1.00,0,0.5000,16.50,122,0,0.00,1,7.84,4.62,4.71,14.70
50034,0.78,1.56,1,14.36,13.60,8,14.68,192,0.33,0.33,829,0.00,1.00,0,0.5000,17.00,122,0,0.00,1,7.84,4.62,4.71,14.70
50139,0.78,1.56,1,14.36,13.44,8,14.68,192,0.33,0.33,844,0.00,1.00,0,0.5000,16.50,122,0,0.00,1,7.84,4.62,4.71,14.80
50243,0.78,1.56,1,14.36,13.52,8,14.69,192,0.33,0.33,832,0.00,1.00,0,0.5000,17.00,122,0,0.00,1,7.84,4.62,4.71,14.70
50347,0.78,1.56,1,14.36,13.52,8,14.68,192,0.33,0.33,831,0.00,1.00,0,0.5000,17.00,122,0,0.00,1,7.84,4.62,4.71,14.70
50451,0.78,1.56,1,14.36,13.52,8,14.68,192,0.33,0.33,846,0.00,1.00,0,0.5000,16.50,122,0,0.00,1,7.84,4.65,4.71,14.70
50554,0.78,1.56,1,14.36,13.44,8,14.68,192,0.33,0.33,838,0.00,1.00,0,0.5000,16.50,122,0,0.00,1,7.69,4.62,4.71,14.70
50659,0.78,1.56,1,14.36,13.36,8,14.68,192,0.33,0.33,841,0.00,1.00,0,0.5000,16.50,122,0,0.00,1,7.69,4.62,4.71,14.80
50763,0.78,1.56,1,14.36,13.44,8,14.68,192,0.33,0.33,837,0.00,1.00,0,0.5000,17.00,122,0,0.00,1,7.69,4.62,4.71,14.70
50868,0.78,1.56,1,14.36,13.44,8,14.69,192,0.33,0.33,846,0.00,1.00,0,0.5000,16.50,122,0,0.00,1,7.69,4.62,4.71,14.70
50970,0.78,1.56,1,14.36,13.52,8,14.68,192,0.33,0.34,824,0.00,1.00,0,0.5000,17.00,122,0,0.00,1,7.84,4.62,4.71,14.60
51075,0.78,1.56,1,14.36,13.52,8,14.69,192,0.33,0.33,832,0.00,1.00,0,0.5000,17.00,122,0,0.00,1,7.84,4.62,4.71,14.60
51179,0.78,1.56,1,14.36,13.52,8,14.69,192,0.33,0.33,824,0.00,1.00,0,0.5000,17.00,122,0,0.00,1,7.84,4.62,4.71,14.70
51283,0.78,1.56,1,14.36,13.44,8,14.69,192,0.33,0.34,822,0.00,1.00,0,0.5000,17.00,122,0,0.00,1,7.84,4.62,4.71,14.60
51386,0.78,1.56,1,14.36,13.44,8,14.69,192,0.33,0.34,825,0.00,1.00,0,0.5000,17.00,122,0,0.00,1,7.84,4.62,4.71,14.60
51491,0.78,1.56,1,14.36,13.44,8,14.69,192,0.33,0.34,819,0.00,1.00,0,0.5000,17.00,122,0,0.00,1,7.84,4.62,4.71,14.50
51595,0.78,1.56,1,14.36,13.44,8,14.69,192,0.33,0.33,832,0.00,1.00,0,0.5000,17.00,122,0,0.00,1,7.84,4.62,4.71,14.60
51699,0.78,1.56,1,14.36,13.44,8,14.69,192,0.33,0.34,823,0.00,1.00,0,0.5000,17.00,122,0,0.00,1,7.84,4.62,4.71,14.60
51803,0.78,1.56,1,14.36,13.52,8,14.69,192,0.33,0.33,831,0.00,1.00,0,0.5000,17.00,122,0,0.00,1,7.84,4.62,4.71,14.60
51907,0.78,1.56,1,14.36,13.52,8,14.69,192,0.33,0.33,826,0.00,1.00,0,0.5000,17.00,122,0,0.00,1,7.84,4.62,4.71,14.70
52011,0.78,1.56,1,14.36,13.60,8,14.68,192,0.33,0.34,838,0.00,1.00,0,0.5000,16.50,122,0,0.00,1,7.84,4.60,4.71,14.70
52115,0.78,1.56,1,14.36,13.52,8,14.69,192,0.33,0.33,838,0.00,1.00,0,0.5000,16.50,122,0,0.00,1,7.84,4.62,4.71,14.70
52219,0.78,1.56,1,14.36,13.52,8,14.68,192,0.33,0.33,835,0.00,1.00,0,0.5000,17.00,122,0,0.00,1,7.84,4.62,4.71,14.80
52323,0.78,1.56,1,14.36,13.44,8,14.69,192,0.33,0.33,842,0.00,1.00,0,0.5000,16.50,122,0,0.00,1,7.84,4.62,4.71,14.70
52427,0.78,1.56,1,14.36,13.44,8,14.68,192,0.33,0.33,834,0.00,1.00,0,0.5000,17.00,122,0,0.00,1,7.84,4.62,4.71,14.70
52531,0.78,1.56,1,14.36,13.44,8,14.68,192,0.33,0.33,841,0.00,1.00,0,0.5000,16.50,122,0,0.00,1,7.84,4.62,4.71,14.70
52636,0.78,1.56,1,14.36,13.44,8,14.68,192,0.33,0.33,838,0.00,1.00,0,0.5000,17.00,122,0,0.00,1,7.69,4.62,4.71,14.70
52739,0.78,1.56,1,14.36,13.52,8,14.68,192,0.33,0.33,844,0.00,1.00,0,0.5000,16.50,122,0,0.00,1,7.69,4.62,4.71,14.70
52843,0.78,1.56,1,14.36,13.52,8,14.68,192,0.33,0.33,832,0.00,1.00,0,0.5000,17.00,122,0,0.00,1,7.69,4.62,4.71,14.70
52947,0.78,1.56,1,14.36,13.52,8,14.69,192,0.33,0.34,836,0.00,1.00,0,0.5000,17.00,122,0,0.00,1,7.69,4.62,4.71,14.70
53051,0.78,1.56,1,14.36,13.44,8,14.69,192,0.33,0.33,826,0.00,1.00,0,0.5000,17.00,122,0,0.00,1,7.69,4.62,4.71,14.70
53155,0.78,1.56,1,14.36,13.52,8,14.68,192,0.33,0.33,826,0.00,1.00,0,0.5000,17.00,122,0,0.00,1,7.84,4.60,4.71,14.70
53259,0.78,1.56,1,14.36,13.52,8,14.69,192,0.33,0.33,830,0.00,1.00,0,0.5000,17.00,122,0,0.00,1,7.84,4.60,4.71,14.70
53363,0.78,1.56,1,14.36,13.36,8,14.69,192,0.33,0.33,824,0.00,1.00,0,0.5000,17.00,122,0,0.00,1,7.84,4.60,4.71,14.70
53467,0.00,1.56,1,14.36,13.44,8,14.69,192,0.33,0.33,830,0.00,1.00,0,0.5000,17.00,122,0,0.00,1,7.84,4.60,4.71,14.70
53572,0.78,1.56,1,14.36,13.44,8,14.69,192,0.33,0.34,817,0.00,1.00,0,0.5000,17.00,122,0,0.00,1,7.84,4.62,4.71,14.70
53675,0.78,1.56,1,14.36,13.52,8,14.69,192,0.33,0.34,818,0.00,1.00,0,0.5000,17.00,122,0,0.00,1,7.84,4.60,4.71,14.60
53779,0.78,1.56,1,14.36,13.52,8,14.69,192,0.33,0.34,821,0.00,1.00,0,0.5000,17.00,122,0,0.00,1,7.84,4.62,4.71,14.60
53883,0.78,1.56,1,14.36,13.44,8,14.69,192,0.33,0.34,809,0.00,1.00,0,0.5000,17.00,122,0,0.00,1,7.84,4.60,4.71,14.70
53987,0.78,1.56,1,14.36,13.44,8,14.69,192,0.33,0.33,820,0.00,1.00,0,0.5000,17.00,122,0,0.00,1,7.84,4.57,4.71,14.70
54091,0.78,1.56,1,14.36,13.36,8,14.69,192,0.33,0.34,814,0.00,1.00,0,0.5000,17.00,122,0,0.00,1,7.84,4.60,4.71,14.80
54195,0.78,1.56,1,14.36,13.44,8,14.69,192,0.33,0.34,819,0.00,1.00,0,0.5000,17.00,122,0,0.00,1,7.98,4.62,4.71,14.70
54299,0.78,1.56,1,14.36,13.60,8,14.69,192,0.33,0.34,809,0.00,1.00,0,0.5000,17.00,122,0,0.00,1,7.98,4.62,4.71,14.70
54403,0.78,1.56,1,14.36,13.60,8,14.69,192,0.33,0.34,815,0.00,1.00,0,0.5000,17.00,122,0,0.00,1,7.98,4.62,4.71,14.80
54507,0.78,1.56,1,14.36,13.36,8,14.69,192,0.33,0.34,823,0.00,1.00,0,0.5000,17.00,122,0,0.00,1,7.98,4.62,4.71,14.80
54611,0.78,1.56,1,14.36,13.44,8,14.69,192,0.33,0.34,817,0.00,1.00,0,0.5000,17.00,122,0,0.00,1,7.98,4.62,4.71,14.80
54715,1.56,1.56,1,14.36,13.36,8,14.69,192,0.33,0.34,826,0.00,1.00,0,0.5000,17.00,122,0,0.00,1,7.98,4.62,4.71,14.90
54819,1.56,1.56,1,14.36,13.52,8,14.69,192,0.33,0.34,820,0.00,1.00,0,0.5000,17.00,122,0,0.00,1,7.84,4.62,4.71,14.80
54923,1.56,1.56,1,14.36,13.60,8,14.69,192,0.33,0.34,832,0.00,1.00,0,0.5000,16.50,122,0,0.00,1,7.84,4.62,4.71,14.80
55027,0.78,1.56,1,14.36,13.60,8,14.68,192,0.33,0.33,831,0.00,1.00,0,0.5000,16.50,122,0,0.00,1,7.84,4.65,4.71,14.80
55131,0.78,1.56,1,14.36,13.52,8,14.68,192,0.33,0.33,844,0.00,1.00,0,0.5000,16.50,122,0,0.00,1,7.84,4.62,4.71,14.80
55235,0.78,1.56,1,14.36,13.44,8,14.69,192,0.33,0.33,844,0.00,1.00,0,0.5000,16.50,122,0,0.00,1,7.84,4.62,4.71,14.80
55339,0.78,1.56,1,14.36,13.44,8,14.68,192,0.33,0.33,837,0.00,1.00,0,0.5000,16.50,122,0,0.00,1,7.84,4.62,4.71,15.00
55443,0.78,1.56,1,14.36,13.52,8,14.68,192,0.33,0.33,843,0.00,1.00,0,0.5000,16.50,122,0,0.00,1,7.84,4.62,4.71,14.80
55547,0.78,1.56,1,14.36,13.44,8,14.68,192,0.33,0.33,840,0.00,1.00,0,0.5000,16.50,122,0,0.00,1,7.69,4.62,4.71,14.80
55651,0.78,1.56,1,14.36,13.44,8,14.68,192,0.33,0.33,848,0.00,1.00,0,0.5000,16.50,122,0,0.00,1,7.69,4.65,4.71,14.70
55755,0.78,1.56,1,14.36,13.36,8,14.68,192,0.33,0.33,842,0.00,1.00,0,0.5000,16.50,122,0,0.00,1,7.69,4.62,4.71,14.60
55860,0.78,1.56,1,14.36,13.36,8,14.68,192,0.33,0.33,846,0.00,1.00,0,0.5000,16.50,122,0,0.00,1,7.69,4.62,4.71,14.60
55964,0.78,1.56,1,14.36,13.52,8,14.68,192,0.32,0.33,839,0.00,1.00,0,0.5000,17.00,122,0,0.00,1,7.69,4.62,4.71,14.50
56068,0.78,1.56,1,14.36,13.44,8,14.68,192,0.32,0.33,851,0.00,1.00,0,0.5000,16.50,122,0,0.00,1,7.69,4.62,4.71,14.60
56172,0.78,1.56,1,14.36,13.52,8,14.68,192,0.32,0.33,839,0.00,1.00,0,0.5000,17.00,122,0,0.00,1,7.69,4.62,4.71,14.60
56276,0.78,1.56,1,14.36,13.52,8,14.68,192,0.32,0.33,846,0.00,1.00,0,0.5000,16.50,122,0,0.00,1,7.69,4.62,4.71,14.60
56380,0.78,1.56,1,14.36,13.52,8,14.68,192,0.32,0.33,833,0.00,1.00,0,0.5000,17.00,122,0,0.00,1,7.69,4.60,4.71,14.60
56484,0.78,1.56,1,14.36,13.52,8,14.68,192,0.33,0.33,830,0.00,1.00,0,0.5000,17.00,122,0,0.00,1,7.69,4.62,4.71,14.60
56588,0.00,1.56,1,14.36,13.52,8,14.69,192,0.33,0.33,828,0.00,1.00,0,0.5000,17.00,122,0,0.00,1,7.69,4.62,4.71,14.60
56692,0.00,1.56,1,14.36,13.44,8,14.69,192,0.33,0.34,816,0.00,1.00,0,0.5000,17.00,122,0,0.00,1,7.84,4.62,4.71,14.50
56796,0.00,1.56,1,14.36,13.44,8,14.69,192,0.33,0.34,824,0.00,1.00,0,0.5000,17.00,122,0,0.00,1,7.84,4.62,4.71,14.50
56900,0.00,1.56,1,14.36,13.52,8,14.69,192,0.33,0.34,811,0.00,1.00,0,0.5000,17.50,122,0,0.00,1,7.84,4.62,4.71,14.60
57004,0.00,1.56,1,14.36,13.60,8,14.69,192,0.33,0.34,819,0.00,1.00,0,0.5000,17.00,122,0,0.00,1,7.84,4.60,4.71,14.50
57108,0.78,1.56,1,14.36,13.52,8,14.69,192,0.33,0.33,820,0.00,1.00,0,0.5000,17.00,122,0,0.00,1,7.84,4.60,4.71,14.60
57212,0.78,1.56,1,14.36,13.52,8,14.69,192,0.33,0.34,812,0.00,1.00,0,0.5000,17.00,122,0,0.00,1,7.84,4.57,4.71,14.60
57316,0.78,1.56,1,14.36,13.44,8,14.69,192,0.33,0.34,823,0.00,1.00,0,0.5000,17.00,122,0,0.00,1,7.98,4.62,4.71,14.90
57420,0.78,1.56,1,14.36,13.44,8,14.69,192,0.33,0.34,814,0.00,1.00,0,0.5000,17.00,122,0,0.00,1,7.98,4.62,4.71,14.80
57524,0.78,1.56,1,14.36,13.52,8,14.69,192,0.33,0.33,823,0.00,1.00,0,0.5000,17.00,122,0,0.00,1,7.98,4.57,4.71,14.80
57628,0.78,1.56,1,14.36,13.60,8,14.69,192,0.33,0.34,813,0.00,1.00,0,0.5000,17.00,122,0,0.00,1,7.98,4.62,4.71,14.80
57731,0.78,1.56,1,14.36,13.52,8,14.69,192,0.33,0.34,822,0.00,1.00,0,0.5000,17.00,122,0,0.00,1,7.98,4.62,4.71,14.80
57836,0.78,1.56,1,14.36,13.44,8,14.69,192,0.33,0.34,825,0.00,1.00,0,0.5000,17.00,122,0,0.00,1,7.98,4.62,4.71,14.80
57940,0.78,1.56,1,14.36,13.44,8,14.68,192,0.33,0.34,826,0.00,1.00,0,0.5000,17.00,122,0,0.00,1,7.84,4.62,4.71,14.80
58044,0.78,1.56,1,14.36,13.44,8,14.69,192,0.33,0.34,827,0.00,1.00,0,0.5000,17.00,124,0,0.00,1,7.84,4.62,4.71,14.80
58148,1.56,1.56,1,14.36,13.44,8,14.69,192,0.33,0.34,821,0.00,1.00,0,0.5000,17.00,124,0,0.00,1,7.84,4.62,4.71,14.80
58252,1.56,1.56,1,14.36,13.52,8,14.69,192,0.33,0.33,832,0.00,1.00,0,0.5000,16.50,124,0,0.00,1,7.84,4.62,4.71,14.80
58355,1.56,1.56,1,14.36,13.52,8,14.68,192,0.33,0.33,828,0.00,1.00,0,0.5000,17.00,124,0,0.00,1,7.84,4.62,4.71,14.80
58460,1.56,1.56,1,14.36,13.52,8,14.69,192,0.33,0.33,838,0.00,1.00,0,0.5000,16.50,124,0,0.00,1,7.84,4.62,4.71,14.80
58564,1.56,1.56,1,14.36,13.44,8,14.69,192,0.33,0.33,842,0.00,1.00,0,0.5000,16.50,124,0,0.00,1,7.84,4.62,4.71,14.80
58668,1.56,1.56,1,14.36,13.52,8,14.68,192,0.33,0.33,834,0.00,1.00,0,0.5000,17.00,124,0,0.00,1,7.84,4.62,4.71,14.80
58772,0.78,1.56,1,14.36,13.52,8,14.69,192,0.33,0.33,841,0.00,1.00,0,0.5000,16.50,124,0,0.00,1,7.84,4.62,4.71,14.80
58876,0.78,1.56,1,14.36,13.52,8,14.68,192,0.33,0.33,833,0.00,1.00,0,0.5000,17.00,124,0,0.00,1,7.84,4.60,4.71,14.80
58980,0.78,1.56,1,14.36,13.44,8,14.69,192,0.33,0.33,841,0.00,1.00,0,0.5000,16.50,124,0,0.00,1,7.84,4.62,4.71,14.80
59084,0.78,1.56,1,14.36,13.44,8,14.68,192,0.33,0.33,829,0.00,1.00,0,0.5000,17.00,124,0,0.00,1,7.84,4.62,4.71,14.70
59188,0.78,1.56,1,14.36,13.52,8,14.69,192,0.33,0.33,836,0.00,1.00,0,0.5000,17.00,124,0,0.00,1,7.84,4.62,4.71,14.80
59292,0.78,1.56,1,14.36,13.44,8,14.68,192,0.33,0.33,832,0.00,1.00,0,0.5000,17.00,124,0,0.00,1,7.84,4.62,4.71,14.70
59396,0.78,1.56,1,14.36,13.60,8,14.69,192,0.33,0.33,838,0.00,1.00,0,0.5000,17.00,124,0,0.00,1,7.84,4.62,4.71,14.50
59500,0.78,1.56,1,14.36,13.52,8,14.68,192,0.33,0.33,834,0.00,1.00,0,0.5000,17.00,124,0,0.00,1,7.84,4.60,4.71,14.60
59604,0.78,1.56,1,14.36,13.52,8,14.68,192,0.33,0.33,832,0.00,1.00,0,0.5000,17.00,124,0,0.00,1,7.84,4.60,4.71,14.50
59708,0.78,1.56,1,14.36,13.44,8,14.69,192,0.33,0.33,835,0.00,1.00,0,0.5000,17.00,124,0,0.00,1,7.84,4.60,4.71,14.50
59812,0.78,1.56,1,14.36,13.44,8,14.68,192,0.33,0.33,828,0.00,1.00,0,0.5000,17.00,124,0,0.00,1,7.84,4.60,4.71,14.60
59916,0.78,1.56,1,14.36,13.52,8,14.69,192,0.33,0.33,832,0.00,1.00,0,0.5000,17.00,124,0,0.00,1,7.84,4.60,4.71,14.60
60020,0.78,1.56,1,14.36,13.44,8,14.68,192,0.33,0.33,829,0.00,1.00,0,0.5000,17.00,124,0,0.00,1,7.84,4.62,4.71,14.70
60124,0.78,1.56,1,14.36,13.44,8,14.69,192,0.33,0.33,834,0.00,1.00,0,0.5000,17.00,124,0,0.00,1,7.84,4.62,4.71,14.60
60228,0.78,1.56,1,14.36,13.44,8,14.68,192,0.33,0.33,829,0.00,1.00,0,0.5000,17.00,124,0,0.00,1,7.84,4.62,4.71,14.60
60332,0.78,1.56,1,14.36,13.52,8,14.69,192,0.33,0.34,828,0.00,1.00,0,0.5000,17.00,124,0,0.00,1,7.84,4.60,4.71,14.80
60436,0.78,1.56,1,14.36,13.52,8,14.69,192,0.33,0.33,831,0.00,1.00,0,0.5000,17.00,124,0,0.00,1,7.84,4.62,4.71,14.70
60540,0.78,1.56,1,14.36,13.44,8,14.69,192,0.33,0.34,824,0.00,1.00,0,0.5000,17.00,124,0,0.00,1,7.84,4.62,4.71,14.80
60645,0.78,1.56,1,14.36,13.52,8,14.69,192,0.33,0.33,838,0.00,1.00,0,0.5000,17.00,124,0,0.00,1,7.84,4.62,4.71,14.80
60748,0.78,1.56,1,14.36,13.44,8,14.68,192,0.33,0.33,831,0.00,1.00,0,0.5000,17.00,124,0,0.00,1,7.84,4.62,4.71,14.70
60852,0.78,1.56,1,14.36,13.44,8,14.69,192,0.33,0.33,835,0.00,1.00,0,0.5000,17.00,124,0,0.00,1,7.84,4.62,4.71,14.70
60956,0.78,1.56,1,14.36,13.52,8,14.68,192,0.33,0.33,832,0.00,1.00,0,0.5000,17.00,124,0,0.00,1,7.84,4.62,4.71,14.70
61060,0.78,1.56,1,14.36,13.52,8,14.68,192,0.33,0.33,839,0.00,1.00,0,0.5000,17.00,124,0,0.00,1,7.84,4.62,4.71,14.80
61164,0.78,1.56,1,14.36,13.52,8,14.68,192,0.33,0.33,837,0.00,1.00,0,0.5000,17.00,124,0,0.00,1,7.84,4.62,4.71,14.80
61268,0.78,1.56,1,14.36,13.44,8,14.68,192,0.33,0.33,849,0.00,1.00,0,0.5000,16.50,124,0,0.00,1,7.84,4.62,4.71,14.70
61372,0.78,1.56,1,14.36,13.52,8,14.68,192,0.33,0.33,837,0.00,1.00,0,0.5000,17.00,124,0,0.00,1,7.84,4.60,4.71,14.80
61476,0.78,1.56,1,14.36,13.52,8,14.68,192,0.32,0.33,848,0.00,1.00,0,0.5000,17.00,124,0,0.00,1,7.69,4.62,4.71,14.80
61580,0.78,1.56,1,14.36,13.52,8,14.68,192,0.32,0.32,852,0.00,1.00,0,0.5000,16.50,124,0,0.00,1,7.69,4.57,4.71,14.70
61684,0.78,1.56,1,14.36,13.44,8,14.68,192,0.32,0.33,844,0.00,1.00,0,0.5000,16.50,124,0,0.00,1,7.69,4.62,4.71,14.70
61788,0.78,1.56,1,14.36,13.44,8,14.68,192,0.32,0.32,860,0.00,1.00,0,0.5000,16.50,124,0,0.00,1,7.69,4.62,4.71,14.70
61892,0.78,1.56,1,14.36,13.44,8,14.68,192,0.32,0.32,852,0.00,1.00,0,0.5000,16.50,124,0,0.00,1,7.69,4.60,4.71,14.50
61996,0.78,1.56,1,14.36,13.44,8,14.68,192,0.32,0.32,856,0.00,1.00,0,0.5000,16.50,124,0,0.00,1,7.69,4.60,4.71,14.60
62100,0.78,1.56,1,14.36,13.52,8,14.68,192,0.32,0.33,842,0.00,1.00,0,0.5000,17.00,124,0,0.00,1,7.69,4.62,4.71,14.60
62204,0.78,1.56,1,14.36,13.44,8,14.68,192,0.32,0.33,848,0.00,1.00,0,0.5000,17.00,124,0,0.00,1,7.69,4.60,4.71,14.60
62308,0.78,1.56,1,14.36,13.44,8,14.68,192,0.32,0.33,834,0.00,1.00,0,0.5000,17.00,124,0,0.00,1,7.69,4.57,4.71,14.60
62413,0.78,1.56,1,14.36,13.44,8,14.69,192,0.32,0.33,840,0.00,1.00,0,0.5000,17.00,124,0,0.00,1,7.69,4.62,4.71,14.60
62516,0.78,1.56,1,14.36,13.44,8,14.68,192,0.32,0.33,829,0.00,1.00,0,0.5000,17.00,124,0,0.00,1,7.69,4.57,4.71,14.60
62620,0.78,1.56,1,14.36,13.60,8,14.69,192,0.33,0.33,832,0.00,1.00,0,0.5000,17.00,124,0,0.00,1,7.69,4.57,4.71,14.60
62724,0.78,1.56,1,14.36,13.60,8,14.69,192,0.33,0.33,819,0.00,1.00,0,0.5000,17.00,124,0,0.00,1,7.84,4.57,4.71,14.60
62828,0.78,1.56,1,14.36,13.52,8,14.69,192,0.33,0.34,817,0.00,1.00,0,0.5000,17.50,124,0,0.00,1,7.84,4.57,4.71,14.60
62932,0.78,1.56,1,14.36,13.44,8,14.69,192,0.33,0.33,825,0.00,1.00,0,0.5000,17.00,124,0,0.00,1,7.84,4.57,4.71,14.50
63037,0.78,1.56,1,14.36,13.44,8,14.69,192,0.33,0.34,815,0.00,1.00,0,0.5000,17.00,124,0,0.00,1,7.84,4.57,4.71,14.70
63140,0.78,1.56,1,14.36,13.52,8,14.69,192,0.33,0.33,824,0.00,1.00,0,0.5000,17.00,124,0,0.00,1,7.84,4.57,4.71,14.70
63245,0.78,1.56,1,14.36,13.52,8,14.69,192,0.33,0.34,813,0.00,1.00,0,0.5000,17.00,124,0,0.00,1,7.84,4.60,4.71,14.80
63348,1.56,1.56,1,14.36,13.52,8,14.69,192,0.33,0.34,826,0.00,1.00,0,0.5000,17.00,124,0,0.00,1,7.84,4.57,4.71,15.00
63452,1.56,1.56,1,14.36,13.44,8,14.69,192,0.33,0.33,829,0.00,1.00,0,0.5000,17.00,124,0,0.00,1,7.84,4.60,4.71,14.70
63556,1.56,1.56,1,14.36,13.36,8,14.69,192,0.33,0.33,821,0.00,1.00,0,0.5000,17.00,124,0,0.00,1,7.84,4.57,4.71,15.00
63661,1.56,1.56,1,14.36,13.44,8,14.69,192,0.33,0.33,831,0.00,1.00,0,0.5000,17.00,124,0,0.00,1,7.84,4.57,4.71,14.90
63765,1.56,1.56,1,14.36,13.44,8,14.69,192,0.33,0.34,825,0.00,1.00,0,0.5000,17.00,124,0,0.00,1,7.84,4.62,4.71,14.90
63869,1.56,1.56,1,14.36,13.52,8,14.69,192,0.33,0.33,834,0.00,1.00,0,0.5000,17.00,124,0,0.00,1,7.84,4.60,4.71,15.00
63972,1.56,1.56,1,14.36,13.44,8,14.68,192,0.33,0.33,832,0.00,1.00,0,0.5000,17.00,124,0,0.00,1,7.84,4.62,4.71,15.10
64077,1.56,1.56,1,14.36,13.52,8,14.68,192,0.33,0.33,846,0.00,1.00,0,0.5000,16.50,124,0,0.00,1,7.84,4.62,4.71,14.90
64181,1.56,1.56,1,14.36,13.60,8,14.68,192,0.33,0.33,841,0.00,1.00,0,0.5000,16.50,124,0,0.00,1,7.84,4.62,4.71,14.90
64285,1.56,1.56,1,14.36,13.60,8,14.68,192,0.32,0.33,852,0.00,1.00,0,0.5000,16.50,124,0,0.00,1,7.84,4.60,4.71,14.80
64388,1.56,1.56,1,14.36,13.52,8,14.68,192,0.32,0.32,846,0.00,1.00,0,0.5000,16.50,124,0,0.00,1,7.69,4.57,4.71,14.80
64492,1.56,1.56,1,14.36,13.44,8,14.68,192,0.32,0.33,844,0.00,1.00,0,0.5000,16.50,124,0,0.00,1,7.69,4.57,4.71,14.80
64597,1.56,1.56,1,14.36,13.44,8,14.68,192,0.32,0.32,847,0.00,1.00,0,0.5000,16.50,124,0,0.00,1,7.69,4.57,4.71,14.80
64700,1.56,1.56,1,14.36,13.44,8,14.68,192,0.32,0.33,838,0.00,1.00,0,0.5000,17.00,124,0,0.00,1,7.69,4.57,4.71,14.70
64804,1.56,1.56,1,14.36,13.52,8,14.69,192,0.32,0.33,841,0.00,1.00,0,0.5000,17.00,124,0,0.00,1,7.69,4.57,4.71,14.60
64909,1.56,1.56,1,14.36,13.52,8,14.69,192,0.32,0.33,833,0.00,1.00,0,0.5000,17.00,124,0,0.00,1,7.69,4.62,4.71,14.60
65012,1.56,1.56,1,14.36,13.36,8,14.69,192,0.33,0.33,833,0.00,1.00,0,0.5000,17.00,124,0,0.00,1,7.69,4.62,4.71,14.50
65117,1.56,1.56,1,14.36,13.44,8,14.69,192,0.33,0.34,816,0.00,1.00,0,0.5000,17.00,124,0,0.00,1,7.84,4.60,4.71,14.60
65221,1.56,1.56,1,14.36,13.52,8,14.69,192,0.33,0.34,818,0.00,1.00,0,0.5000,17.00,124,0,0.00,1,7.84,4.60,4.71,14.50
65325,1.56,1.56,1,14.36,13.52,8,14.69,192,0.33,0.34,823,0.00,1.00,0,0.5000,17.00,124,0,0.00,1,7.84,4.60,4.71,14.50
65429,1.56,1.56,1,14.36,13.36,8,14.69,192,0.33,0.34,814,0.00,1.00,0,0.5000,17.00,124,0,0.00,1,7.84,4.57,4.71,14.60
65533,1.56,1.56,1,14.36,13.44,8,14.69,192,0.33,0.34,818,0.00,1.00,0,0.5000,17.00,124,0,0.00,1,7.84,4.60,4.71,14.50
65637,1.56,1.56,1,14.36,13.44,8,14.69,192,0.33,0.34,810,0.00,1.00,0,0.5000,17.00,124,0,0.00,1,7.98,4.57,4.71,14.50
65741,1.56,1.56,1,14.36,13.36,8,14.69,192,0.33,0.33,822,0.00,1.00,0,0.5000,17.00,124,0,0.00,1,7.98,4.57,4.71,14.70
65845,1.56,1.56,1,14.36,13.44,8,14.69,192,0.33,0.33,812,0.00,1.00,0,0.5000,17.00,124,0,0.00,1,7.98,4.60,4.71,14.80
65949,1.56,1.56,1,14.36,13.52,8,14.69,192,0.33,0.34,812,0.00,1.00,0,0.5000,17.00,124,0,0.00,1,7.98,4.62,4.71,14.80
66053,1.56,1.56,1,14.36,13.52,8,14.69,192,0.33,0.33,827,0.00,1.00,0,0.5000,17.00,124,0,0.00,1,7.98,4.62,4.71,14.70
66157,1.56,1.56,1,14.36,13.44,8,14.69,192,0.33,0.34,816,0.00,1.00,0,0.5000,17.00,124,0,0.00,1,7.98,4.60,4.71,14.80
66261,1.56,1.56,1,14.36,13.44,8,14.69,192,0.33,0.33,833,0.00,1.00,0,0.5000,16.50,124,0,0.00,1,7.84,4.62,4.71,14.70
66365,1.56,1.56,1,14.36,13.52,8,14.69,192,0.33,0.34,821,0.00,1.00,0,0.5000,17.00,124,0,0.00,1,7.84,4.62,4.71,14.80
66468,1.56,1.56,1,14.36,13.52,8,14.69,192,0.33,0.33,839,0.00,1.00,0,0.5000,16.50,124,0,0.00,1,7.84,4.62,4.71,14.80
66573,1.56,1.56,1,14.36,13.60,8,14.68,192,0.33,0.33,831,0.00,1.00,0,0.5000,17.00,124,0,0.00,1,7.84,4.62,4.71,14.80
66677,1.56,1.56,1,14.36,13.52,8,14.68,192,0.33,0.33,838,0.00,1.00,0,0.5000,16.50,124,0,0.00,1,7.84,4.62,4.71,14.80
66781,1.56,1.56,1,14.36,13.52,8,14.68,192,0.33,0.32,846,0.00,1.00,0,0.5000,16.50,124,0,0.00,1,7.84,4.57,4.71,14.80
66885,1.56,1.56,1,14.36,13.44,8,14.68,192,0.33,0.33,834,0.00,1.00,0,0.5000,17.00,124,0,0.00,1,7.84,4.62,4.71,14.70
66989,1.56,1.56,1,14.36,13.44,8,14.68,192,0.33,0.33,843,0.00,1.00,0,0.5000,16.50,124,0,0.00,1,7.84,4.62,4.71,14.70
67093,1.56,1.56,1,14.36,13.44,8,14.68,192,0.33,0.33,836,0.00,1.00,0,0.5000,17.00,124,0,0.00,1,7.69,4.62,4.71,14.80
67197,1.56,1.56,1,14.36,13.44,8,14.68,192,0.33,0.32,849,0.00,1.00,0,0.5000,16.50,124,0,0.00,1,7.69,4.62,4.71,14.60
67301,0.78,1.56,1,14.36,13.44,8,14.68,192,0.32,0.33,845,0.00,1.00,0,0.5000,16.50,124,0,0.00,1,7.69,4.62,4.71,14.60
67405,0.78,1.56,1,14.36,13.36,8,14.68,192,0.32,0.33,844,0.00,1.00,0,0.5000,16.50,124,0,0.00,1,7.69,4.62,4.71,14.60
67509,0.78,1.56,1,14.36,13.52,8,14.68,192,0.33,0.33,836,0.00,1.00,0,0.5000,17.00,124,0,0.00,1,7.69,4.62,4.71,14.40
67613,0.78,1.56,1,14.36,13.52,8,14.68,192,0.33,0.33,846,0.00,1.00,0,0.5000,16.50,124,0,0.00,1,7.69,4.59,4.71,14.40
67717,0.78,1.56,1,14.36,13.52,8,14.68,192,0.32,0.32,838,0.00,1.00,0,0.5000,17.00,124,0,0.00,1,7.69,4.57,4.71,14.50
67821,0.78,1.56,1,14.36,13.52,8,14.68,192,0.32,0.33,847,0.00,1.00,0,0.5000,16.50,124,0,0.00,1,7.69,4.59,4.71,14.50
67925,0.78,1.56,1,14.36,13.52,8,14.68,192,0.32,0.32,839,0.00,1.00,0,0.5000,17.00,124,0,0.00,1,7.69,4.62,4.71,14.50
68029,0.78,1.56,1,14.36,13.52,8,14.68,192,0.32,0.33,836,0.00,1.00,0,0.5000,17.00,124,0,0.00,1,7.69,4.62,4.71,14.50
68133,0.78,1.56,1,14.36,13.52,8,14.68,192,0.32,0.33,847,0.00,1.00,0,0.5000,16.50,124,0,0.00,1,7.69,4.62,4.71,14.60
68237,0.78,1.56,1,14.36,13.44,8,14.68,192,0.32,0.33,840,0.00,1.00,0,0.5000,17.00,124,0,0.00,1,7.69,4.62,4.71,14.50
68341,0.78,1.56,1,14.36,13.44,8,14.69,192,0.33,0.33,839,0.00,1.00,0,0.5000,17.00,124,0,0.00,1,7.69,4.59,4.71,14.50
68445,0.78,1.56,1,14.36,13.44,8,14.68,192,0.33,0.33,830,0.00,1.00,0,0.5000,17.00,124,0,0.00,1,7.69,4.57,4.71,14.50
68549,0.78,1.56,1,14.36,13.36,8,14.69,192,0.33,0.33,835,0.00,1.00,0,0.5000,17.00,124,0,0.00,1,7.84,4.59,4.71,14.60
68653,0.78,1.56,1,14.36,13.52,8,14.69,192,0.33,0.34,822,0.00,1.00,0,0.5000,17.00,124,0,0.00,1,7.84,4.62,4.71,14.50
68757,0.78,1.56,1,14.36,13.52,8,14.69,192,0.33,0.34,829,0.00,1.00,0,0.5000,17.00,124,0,0.00,1,7.84,4.59,4.71,14.50
68861,0.78,1.56,1,14.36,13.44,8,14.69,192,0.33,0.34,820,0.00,1.00,0,0.5000,17.00,124,0,0.00,1,7.84,4.59,4.71,14.60
68965,0.78,1.56,1,14.36,13.44,8,14.69,192,0.33,0.33,822,0.00,1.00,0,0.5000,17.00,124,0,0.00,1,7.84,4.57,4.71,14.60
69069,0.78,1.56,1,14.36,13.44,8,14.69,192,0.33,0.33,832,0.00,1.00,0,0.5000,17.00,124,0,0.00,1,7.84,4.57,4.71,14.60
69173,0.78,1.56,1,14.36,13.52,8,14.69,192,0.33,0.33,827,0.00,1.00,0,0.5000,17.00,124,0,0.00,1,7.84,4.57,4.71,14.60
69277,0.78,1.56,1,14.36,13.52,8,14.69,192,0.33,0.33,827,0.00,1.00,0,0.5000,17.00,124,0,0.00,1,7.84,4.59,4.71,14.70
69381,0.78,1.56,1,14.36,13.52,8,14.69,192,0.33,0.33,825,0.00,1.00,0,0.5000,17.00,124,0,0.00,1,7.84,4.59,4.71,14.80
69485,0.78,1.56,1,14.36,13.44,8,14.69,192,0.33,0.33,840,0.00,1.00,0,0.5000,16.50,124,0,0.00,1,7.84,4.57,4.71,14.70
69589,0.78,1.56,1,14.36,13.52,8,14.68,192,0.33,0.33,834,0.00,1.00,0,0.5000,17.00,124,0,0.00,1,7.84,4.57,4.71,14.80
69693,0.78,1.56,1,14.36,13.52,8,14.69,192,0.33,0.33,834,0.00,1.00,0,0.5000,17.00,124,0,0.00,1,7.84,4.57,4.71,14.70
69797,0.78,1.56,1,14.36,13.60,8,14.69,192,0.33,0.33,841,0.00,1.00,0,0.5000,16.50,124,0,0.00,1,7.84,4.62,4.71,14.80
69901,0.78,1.56,1,14.36,13.52,8,14.68,192,0.32,0.33,836,0.00,1.00,0,0.5000,17.00,124,0,0.00,1,7.84,4.57,4.71,14.80
70005,0.78,1.56,1,14.36,13.44,8,14.69,192,0.32,0.33,835,0.00,1.00,0,0.5000,17.00,124,0,0.00,1,7.84,4.57,4.71,14.70
70109,0.78,1.56,1,14.36,13.44,8,14.69,192,0.33,0.33,825,0.00,1.00,0,0.5000,17.00,124,0,0.00,1,7.84,4.62,4.71,14.70
70213,0.78,1.56,1,14.36,13.44,8,14.69,192,0.33,0.33,832,0.00,1.00,0,0.5000,17.00,124,0,0.00,1,7.84,4.57,4.71,14.70
70317,0.78,1.56,1,14.36,13.52,8,14.69,192,0.33,0.33,824,0.00,1.00,0,0.5000,17.00,124,0,0.00,1,7.84,4.59,4.71,14.70
70422,0.78,1.56,1,14.36,13.52,8,14.69,192,0.33,0.33,827,0.00,1.00,0,0.5000,17.00,124,0,0.00,1,7.84,4.59,4.71,14.70
70525,0.78,1.56,1,14.36,13.52,8,14.69,192,0.33,0.33,817,0.00,1.00,0,0.5000,17.00,124,0,0.00,1,7.84,4.62,4.71,14.70
70629,0.78,1.56,1,14.36,13.44,8,14.69,192,0.33,0.34,817,0.00,1.00,0,0.5000,17.00,124,0,0.00,1,7.84,4.62,4.71,14.70
70733,0.78,1.56,1,14.36,13.44,8,14.69,192,0.33,0.33,823,0.00,1.00,0,0.5000,17.00,124,0,0.00,1,7.84,4.57,4.71,14.70
70837,0.78,1.56,1,14.36,13.44,8,14.69,192,0.33,0.34,820,0.00,1.00,0,0.5000,17.00,124,0,0.00,1,7.84,4.59,4.71,14.80
70941,0.78,1.56,1,14.36,13.44,8,14.69,192,0.33,0.33,830,0.00,1.00,0,0.5000,17.00,124,0,0.00,1,7.84,4.59,4.71,14.70
71045,0.78,1.56,1,14.36,13.52,8,14.69,192,0.33,0.33,828,0.00,1.00,0,0.5000,17.00,124,0,0.00,1,7.84,4.59,4.71,14.70
71149,0.78,1.56,1,14.36,13.52,8,14.69,192,0.33,0.33,831,0.00,1.00,0,0.5000,17.00,124,0,0.00,1,7.84,4.59,4.71,14.80
71253,0.78,1.56,1,14.36,13.52,8,14.68,192,0.33,0.33,832,0.00,1.00,0,0.5000,17.00,124,0,0.00,1,7.84,4.59,4.71,14.70
71357,0.78,1.56,1,14.36,13.44,8,14.68,192,0.33,0.33,845,0.00,1.00,0,0.5000,16.50,124,0,0.00,1,7.84,4.62,4.71,14.70
71461,0.78,1.56,1,14.36,13.44,8,14.69,192,0.33,0.33,844,0.00,1.00,0,0.5000,16.50,124,0,0.00,1,7.84,4.59,4.71,14.70
71565,0.78,1.56,1,14.36,13.52,8,14.68,192,0.33,0.33,832,0.00,1.00,0,0.5000,17.00,124,0,0.00,1,7.84,4.59,4.71,14.80
71669,0.78,1.56,1,14.36,13.44,8,14.69,192,0.33,0.33,842,0.00,1.00,0,0.5000,16.50,126,0,0.00,1,7.84,4.59,4.71,14.80
71773,0.78,1.56,1,14.36,13.44,8,14.68,192,0.33,0.33,834,0.00,1.00,0,0.5000,17.00,126,0,0.00,1,7.84,4.59,4.71,15.00
71877,0.78,1.56,1,14.36,13.36,8,14.69,192,0.33,0.33,832,0.00,1.00,0,0.5000,17.00,126,0,0.00,1,7.84,4.59,4.71,14.70
71981,0.78,1.56,1,14.36,13.44,8,14.69,192,0.33,0.34,826,0.00,1.00,0,0.5000,17.00,126,0,0.00,1,7.84,4.62,4.71,14.70
72085,0.78,1.56,1,14.36,13.52,8,14.69,192,0.33,0.33,833,0.00,1.00,0,0.5000,17.00,126,0,0.00,1,7.84,4.59,4.71,14.70
72190,0.78,1.56,1,14.36,13.44,8,14.69,192,0.33,0.33,816,0.00,1.00,0,0.5000,17.00,126,0,0.00,1,7.84,4.57,4.71,14.60
72293,0.78,1.56,1,14.36,13.44,8,14.69,192,0.33,0.35,802,0.00,1.00,0,0.5000,18.00,126,0,0.00,1,7.84,4.59,4.71,14.60
72397,0.78,1.56,1,14.36,13.36,8,14.69,192,0.33,0.34,814,0.00,1.00,0,0.5000,17.00,126,0,0.00,1,7.84,4.62,4.71,14.70
72501,0.78,1.56,1,14.36,13.44,8,14.69,192,0.34,0.35,800,0.00,1.00,0,0.5000,17.50,126,0,0.00,1,7.98,4.62,4.71,14.70
72605,0.78,1.56,1,14.36,13.44,8,14.69,192,0.34,0.34,804,0.00,1.00,0,0.5000,17.00,126,0,0.00,1,7.98,4.62,4.71,14.80
72709,0.78,1.56,1,14.36,13.60,8,14.69,192,0.34,0.34,797,0.00,1.00,0,0.5000,17.50,126,0,0.00,1,7.98,4.62,4.71,14.70
72813,0.78,1.56,1,14.36,13.44,8,14.69,192,0.34,0.35,799,0.00,1.00,0,0.5000,17.50,126,0,0.00,1,7.98,4.65,4.71,14.70
72917,0.78,1.56,1,14.36,13.44,8,14.69,192,0.34,0.35,806,0.00,1.00,0,0.5000,17.00,126,0,0.00,1,8.13,4.62,4.71,14.70
73021,1.56,1.56,1,14.36,13.36,8,14.69,192,0.34,0.34,804,0.00,1.00,0,0.5000,17.00,126,0,0.00,1,7.98,4.62,4.71,14.70
73125,1.56,1.56,1,14.36,13.52,8,14.69,192,0.34,0.34,817,0.00,1.00,0,0.5000,17.00,126,0,0.00,1,8.13,4.62,4.71,14.80
73229,1.56,1.56,1,14.36,13.52,8,14.69,192,0.34,0.34,814,0.00,1.00,0,0.5000,17.00,126,0,0.00,1,7.98,4.62,4.71,14.80
73333,1.56,1.56,1,14.36,13.44,8,14.69,192,0.34,0.34,818,0.00,1.00,0,0.5000,17.00,126,0,0.00,1,7.98,4.62,4.71,14.80
73437,1.56,1.56,1,14.36,13.44,8,14.69,192,0.34,0.33,832,0.00,1.00,0,0.5000,16.50,126,0,0.00,1,7.98,4.65,4.71,14.80
73541,1.56,1.56,1,14.36,13.36,8,14.68,192,0.33,0.34,828,0.00,1.00,0,0.5000,16.50,126,0,0.00,1,7.98,4.62,4.71,14.80
73645,1.56,1.56,1,14.36,13.44,8,14.69,192,0.33,0.33,835,0.00,1.00,0,0.5000,16.50,126,0,0.00,1,7.98,4.65,4.71,14.80
73749,1.56,1.56,1,14.36,13.44,8,14.69,192,0.33,0.33,828,0.00,1.00,0,0.5000,17.00,126,0,0.00,1,7.98,4.62,4.71,14.70
73853,0.78,1.56,1,14.36,13.52,8,14.69,192,0.33,0.33,834,0.00,1.00,0,0.5000,16.50,126,0,0.00,1,7.84,4.65,4.71,14.80
73957,0.78,1.56,1,14.36,13.52,8,14.69,192,0.33,0.33,824,0.00,1.00,0,0.5000,17.00,126,0,0.00,1,7.98,4.62,4.71,14.70
74061,0.78,1.56,1,14.36,13.52,8,14.69,192,0.33,0.34,831,0.00,1.00,0,0.5000,16.50,126,0,0.00,1,7.98,4.65,4.71,14.70
74166,0.78,1.56,1,14.36,13.44,8,14.68,192,0.33,0.33,839,0.00,1.00,0,0.5000,16.50,126,0,0.00,1,7.84,4.62,4.71,14.70
74270,0.78,1.56,1,14.36,13.44,8,14.68,192,0.33,0.33,842,0.00,1.00,0,0.5000,16.50,126,0,0.00,1,7.84,4.62,4.71,14.70
74374,0.78,1.56,1,14.36,13.52,8,14.68,192,0.33,0.33,848,0.00,1.00,0,0.5000,16.50,126,0,0.00,1,7.84,4.65,4.71,14.70
74481,0.78,1.56,1,14.36,12.72,8,14.68,192,0.33,0.33,850,0.00,1.00,0,0.5000,16.50,126,0,0.00,1,7.69,4.62,4.71,14.60
74582,0.78,1.56,1,14.36,13.12,8,14.69,192,0.33,0.33,848,0.00,1.00,0,0.5000,16.50,126,0,0.00,1,7.69,4.62,4.71,14.60
74685,0.78,1.56,1,14.36,13.52,8,14.69,192,0.33,0.34,811,0.00,1.00,0,0.5000,17.00,126,0,0.00,1,7.84,4.62,4.71,14.60
74789,0.78,1.56,1,14.36,13.44,8,14.69,192,0.33,0.34,804,0.00,1.00,0,0.5000,17.50,126,0,0.00,1,7.98,4.62,4.71,14.60
74894,0.78,1.56,1,14.36,13.44,8,14.69,192,0.34,0.35,786,0.00,1.00,0,0.5000,19.00,126,0,0.00,1,7.98,4.68,4.71,14.60
74998,0.78,1.56,1,14.36,13.36,8,14.69,192,0.35,0.36,778,0.00,1.00,0,0.5000,19.50,126,0,0.00,1,8.13,4.68,4.71,14.60
75101,0.78,1.56,1,14.36,13.36,8,14.69,192,0.35,0.36,774,0.00,1.00,0,0.5000,19.50,126,0,0.00,1,8.13,4.68,4.71,14.60
75206,0.78,1.56,1,14.36,13.52,8,14.69,192,0.35,0.36,766,0.00,1.00,0,0.5000,20.00,126,0,0.00,1,8.27,4.68,4.71,14.60
75310,0.78,1.56,1,14.36,13.44,8,14.69,192,0.36,0.37,768,0.00,1.00,1,0.5000,19.50,126,0,0.00,1,8.27,4.74,5.10,14.60
75414,1.56,1.56,1,14.36,13.28,8,14.69,192,0.36,0.37,778,0.00,1.00,0,0.5000,18.00,126,0,0.00,1,8.42,4.77,5.10,15.00
75517,1.56,1.56,1,14.36,13.52,8,14.69,192,0.36,0.37,769,0.00,1.00,0,0.5000,18.50,126,0,0.00,1,8.56,4.86,5.10,14.80
75622,1.56,1.56,1,14.36,13.36,8,14.69,192,0.37,0.38,776,0.00,1.00,1,0.5000,18.00,126,0,0.00,1,8.56,4.86,5.10,14.90
75726,1.56,1.56,1,14.36,13.36,8,14.69,192,0.37,0.37,795,0.00,1.00,1,0.5000,17.00,126,0,0.00,1,8.56,4.89,5.10,15.10
75830,1.56,1.56,1,14.36,13.36,8,14.69,192,0.36,0.37,809,0.00,1.00,1,0.5000,17.00,126,0,0.00,1,8.56,4.92,5.10,15.00
75934,2.34,1.56,1,14.36,13.52,8,14.68,192,0.36,0.35,837,0.00,1.00,1,0.5000,15.50,126,0,0.00,1,8.56,4.92,5.10,14.90
76037,2.34,1.56,1,14.36,13.44,8,14.68,192,0.36,0.35,848,0.00,1.00,1,0.5000,15.00,126,0,0.00,1,8.42,4.95,5.10,15.10
76142,2.34,1.56,1,14.36,13.44,8,14.68,192,0.35,0.35,858,0.00,1.00,1,0.5000,14.00,126,0,0.00,1,8.42,4.98,5.49,15.00
76246,2.34,1.56,1,14.36,13.36,8,14.69,192,0.36,0.36,826,0.00,1.00,1,0.5000,16.50,126,0,0.00,1,8.42,5.05,5.10,14.90
76349,2.34,1.56,1,14.36,13.36,8,14.69,192,0.36,0.38,795,0.00,1.00,1,0.5000,17.00,126,0,0.00,1,8.56,4.92,5.10,15.00
76454,2.34,1.56,1,14.36,13.36,8,14.69,192,0.37,0.38,752,0.00,1.00,1,0.5000,20.50,126,0,0.00,1,8.71,4.80,4.71,15.00
76558,2.34,1.56,1,14.36,13.52,8,14.69,192,0.38,0.40,712,0.00,0.99,1,0.5000,22.00,126,1,0.00,1,8.71,4.77,4.71,15.00
76662,2.34,1.56,1,14.36,13.28,8,14.69,192,0.40,0.44,654,0.00,0.90,1,0.5000,22.00,126,1,0.00,1,8.85,4.77,4.71,14.70
76766,2.34,1.56,1,14.36,13.12,8,14.69,192,0.42,0.48,614,0.00,0.85,1,0.5000,22.00,126,0,0.00,1,9.14,4.89,6.27,14.80
76870,2.34,1.56,1,14.36,12.88,8,14.67,192,0.45,0.56,592,0.00,0.83,1,0.5000,21.50,126,1,0.00,1,10.01,5.52,6.27,14.80
76973,2.34,1.56,1,14.36,12.88,8,14.65,192,0.48,0.56,600,0.00,0.88,1,0.5000,21.50,126,0,0.00,1,10.59,5.58,6.27,14.80
77078,2.34,1.56,1,14.36,13.36,8,14.65,192,0.47,0.50,644,0.00,0.99,1,0.5000,20.00,126,0,0.00,1,10.74,4.98,4.71,14.80
77182,1.56,1.56,1,14.36,13.52,8,14.66,192,0.45,0.40,721,0.00,1.07,1,0.5000,16.00,126,0,0.00,1,10.45,4.83,5.49,14.80
77286,0.78,1.56,1,14.36,13.36,8,14.67,192,0.43,0.38,765,0.00,1.07,1,0.5000,18.00,126,0,0.00,1,10.01,4.89,5.49,15.00
77390,0.78,1.56,1,14.36,13.36,8,14.68,192,0.41,0.38,796,0.00,1.06,1,0.5000,20.00,126,0,0.00,1,9.87,5.08,5.88,14.40
77494,0.00,1.56,1,14.36,13.44,8,14.68,192,0.40,0.38,823,0.00,1.00,1,0.5000,21.50,126,0,0.00,1,9.58,5.33,5.88,14.30
77598,0.00,1.56,1,14.36,13.36,8,14.68,192,0.40,0.39,820,0.00,1.00,1,0.5000,21.50,126,0,0.00,1,9.58,5.39,5.88,14.20
77702,0.78,1.56,1,14.36,13.52,8,14.69,192,0.40,0.39,840,0.00,1.00,1,0.5000,21.50,126,0,0.00,1,9.43,5.46,5.88,14.20
77806,1.56,1.56,1,14.36,13.52,8,14.68,192,0.40,0.39,834,0.00,1.00,1,0.5000,21.50,126,0,0.00,1,9.43,5.42,5.88,14.50
77910,2.34,1.56,1,14.36,13.52,8,14.68,192,0.39,0.39,850,0.00,1.00,1,0.5000,21.50,126,0,0.00,1,9.29,5.46,5.88,15.60
78014,2.34,1.56,1,14.36,13.44,8,14.68,192,0.39,0.38,848,0.00,1.00,1,0.5000,21.50,126,0,0.00,1,9.14,5.42,5.88,15.60
78118,2.34,1.56,1,14.36,13.52,8,14.68,192,0.39,0.38,857,0.00,1.00,1,0.5000,21.50,126,0,0.00,1,9.00,5.42,5.49,15.00
78222,2.34,0.00,2,14.36,13.60,8,14.68,192,0.39,0.38,858,0.00,1.00,1,0.5000,21.50,126,0,0.00,1,9.00,5.65,6.67,15.00
78326,1.56,0.00,2,14.36,13.52,8,14.68,192,0.40,0.42,856,0.00,0.93,1,0.5000,21.50,126,0,0.00,1,9.29,6.20,7.45,15.00
78430,1.56,0.00,2,14.36,13.52,8,14.67,192,0.42,0.44,876,0.00,1.00,1,0.5000,22.50,126,0,0.00,1,9.72,6.56,7.45,14.80
78533,2.34,0.00,2,14.36,13.44,8,14.66,192,0.42,0.44,923,0.00,1.00,1,0.5000,23.50,126,0,0.00,1,10.01,6.63,7.45,14.80
78638,4.69,0.00,2,14.36,13.44,8,14.65,192,0.42,0.43,950,0.00,1.00,1,0.5000,24.00,126,0,0.00,1,10.01,6.74,7.45,14.80
78742,7.03,0.00,2,14.36,13.52,8,14.64,192,0.42,0.41,999,0.00,1.00,1,0.5000,24.00,126,0,0.00,1,9.87,6.77,7.45,15.10
78846,7.81,0.00,2,14.36,13.52,8,14.64,192,0.41,0.39,1039,0.00,1.00,1,0.5000,24.50,126,0,0.00,1,9.72,6.77,7.45,15.50
78950,8.59,0.00,2,14.36,13.52,8,14.63,192,0.40,0.39,1074,0.00,1.00,1,0.5000,24.50,126,0,0.00,1,9.58,6.85,7.45,15.50
79054,8.59,0.00,2,14.36,13.52,8,14.63,192,0.39,0.37,1077,0.00,1.00,1,0.5000,24.50,126,0,0.00,1,9.14,6.56,6.67,15.50
79159,9.38,0.00,2,14.36,13.36,8,14.63,192,0.37,0.35,1086,0.00,1.00,1,0.5000,24.00,126,0,0.00,1,8.71,6.38,6.67,15.50
79262,9.38,0.00,2,14.36,13.44,8,14.63,192,0.36,0.35,1088,0.00,1.00,1,0.5000,23.50,126,0,0.00,1,8.42,6.34,6.67,15.30
79366,8.59,0.00,2,14.36,13.52,8,14.63,192,0.36,0.35,1078,0.00,1.00,1,0.5000,23.50,126,0,0.00,1,8.27,6.34,6.67,15.10
79470,7.81,0.00,2,14.36,13.52,8,14.63,192,0.35,0.35,1092,0.00,1.00,1,0.5000,23.50,126,0,0.00,1,8.27,6.38,6.67,15.00
79574,7.03,0.00,2,14.36,13.44,8,14.63,192,0.35,0.34,1107,0.00,1.00,1,0.5000,23.50,126,0,0.00,1,8.27,6.34,6.67,15.10
79678,7.03,0.00,2,14.36,13.44,8,14.62,192,0.34,0.34,1125,0.00,1.00,1,0.5000,23.50,126,0,0.00,1,8.13,6.28,6.67,14.50
79782,7.81,0.00,2,14.36,13.52,8,14.62,192,0.33,0.32,1137,0.00,1.00,1,0.5000,23.50,126,0,0.00,1,7.84,5.92,5.88,14.40
79886,7.81,1.56,2,14.36,13.60,8,14.62,192,0.32,0.30,1141,0.00,1.00,1,0.5000,17.50,126,0,0.00,1,7.55,5.55,5.49,14.50
79990,7.03,1.56,1,14.36,13.44,8,14.62,192,0.31,0.29,1127,0.00,1.00,1,0.5000,15.50,126,0,0.00,1,7.25,5.39,5.49,14.40
80094,7.03,1.56,1,14.36,13.44,8,14.63,192,0.30,0.29,1113,0.00,1.00,1,0.5000,15.00,126,0,0.00,1,7.11,5.36,5.49,14.50
80199,6.25,1.56,1,14.36,13.44,8,14.63,192,0.30,0.29,1106,0.00,1.00,1,0.5000,15.00,126,0,0.00,1,7.11,5.36,5.49,14.50
80302,5.47,1.56,1,14.36,13.52,8,14.63,192,0.30,0.30,1090,0.00,1.00,1,0.5000,16.00,126,0,0.00,1,6.96,5.36,5.49,14.40
80406,5.47,1.56,1,14.36,13.52,8,14.63,192,0.30,0.30,1079,0.00,1.00,1,0.5000,16.50,126,0,0.00,1,6.82,5.36,5.49,14.20
80511,4.69,1.56,1,14.36,13.44,8,14.63,192,0.30,0.30,1062,0.00,1.00,1,0.5000,17.00,126,0,0.00,1,6.82,5.33,5.49,14.20
80614,4.69,1.56,1,14.36,12.96,8,14.64,192,0.30,0.30,1066,0.00,1.00,1,0.5000,17.00,126,0,0.00,1,6.96,5.29,5.49,14.20
80719,3.91,1.56,1,14.36,13.12,8,14.64,192,0.30,0.30,1047,0.00,1.00,1,0.5000,17.00,126,0,0.00,1,7.11,5.26,5.49,14.10
80822,3.91,1.56,1,14.36,13.44,8,14.65,192,0.30,0.31,1018,0.00,1.00,1,0.5000,19.00,126,0,0.00,1,7.11,5.23,5.49,14.10
80927,3.91,1.56,1,14.36,13.52,8,14.65,192,0.31,0.31,1008,0.00,1.00,1,0.5000,19.50,126,0,0.00,1,7.25,5.23,5.49,14.10
81031,3.91,1.56,1,14.36,13.52,8,14.65,192,0.31,0.31,994,0.00,1.00,1,0.5000,20.50,126,0,0.00,1,7.25,5.23,5.49,14.10
81135,3.12,1.56,1,14.36,13.52,8,14.65,192,0.31,0.31,1004,0.00,1.00,1,0.5000,19.00,126,0,0.00,1,7.25,5.17,5.49,14.20
81239,3.12,1.56,1,14.36,13.44,8,14.65,192,0.31,0.32,1006,0.00,1.00,1,0.5000,18.00,126,0,0.00,1,7.40,5.29,5.49,14.20
81343,3.12,1.56,1,14.36,13.36,8,14.65,192,0.32,0.32,992,0.00,1.00,1,0.5000,19.50,126,0,0.00,1,7.55,5.42,5.88,14.40
81447,3.12,1.56,1,14.36,13.52,8,14.65,192,0.32,0.33,1000,0.00,1.00,1,0.5000,18.00,126,0,0.00,1,7.55,5.42,5.88,14.30
81551,3.12,1.56,1,14.36,13.52,8,14.65,192,0.32,0.32,1002,0.00,1.00,1,0.5000,17.50,126,0,0.00,1,7.55,5.42,5.49,14.40
81655,3.12,1.56,1,14.36,13.44,8,14.65,192,0.32,0.33,997,0.00,1.00,1,0.5000,18.00,126,0,0.00,1,7.55,5.42,5.88,14.40
81759,3.12,1.56,1,14.36,13.44,8,14.65,192,0.32,0.33,995,0.00,1.00,1,0.5000,17.50,126,0,0.00,1,7.55,5.42,5.49,14.50
81863,3.12,1.56,1,14.36,13.44,8,14.65,192,0.32,0.32,1004,0.00,1.00,1,0.5000,17.00,126,0,0.00,1,7.55,5.42,5.49,14.40
81967,3.12,1.56,1,14.36,13.52,8,14.65,192,0.33,0.33,996,0.00,1.00,1,0.5000,17.50,126,0,0.00,1,7.69,5.42,5.88,14.50
82071,3.12,1.56,1,14.36,13.44,8,14.65,192,0.33,0.33,986,0.00,1.00,1,0.5000,18.00,126,0,0.00,1,7.69,5.42,5.49,14.50
82175,3.12,1.56,1,14.36,13.52,8,14.65,192,0.33,0.33,993,0.00,1.00,1,0.5000,17.00,126,0,0.00,1,7.69,5.42,5.49,14.60
82279,2.34,1.56,1,14.36,13.28,8,14.65,192,0.33,0.33,1000,0.00,1.00,1,0.5000,17.00,126,0,0.00,1,7.69,5.42,5.49,14.50
82382,2.34,1.56,1,14.36,13.52,8,14.65,192,0.32,0.33,1004,0.00,1.00,1,0.5000,17.00,126,0,0.00,1,7.55,5.36,5.49,14.50
82487,2.34,1.56,1,14.36,13.44,8,14.65,192,0.32,0.33,990,0.00,1.00,1,0.5000,17.00,126,0,0.00,1,7.69,5.36,5.49,14.40
82590,2.34,1.56,1,14.36,13.52,8,14.66,192,0.33,0.33,986,0.00,1.00,1,0.5000,17.50,126,0,0.00,1,7.69,5.42,5.88,14.50
82694,2.34,1.56,1,14.36,13.60,8,14.66,192,0.33,0.33,981,0.00,1.00,1,0.5000,17.50,126,0,0.00,1,7.84,5.36,5.88,14.50
82799,2.34,1.56,1,14.36,13.44,8,14.65,192,0.33,0.33,973,0.00,1.00,1,0.5000,17.50,126,0,0.00,1,7.84,5.36,5.88,14.50
82903,2.34,1.56,1,14.36,13.52,8,14.65,192,0.33,0.33,983,0.00,1.00,1,0.5000,17.00,126,0,0.00,1,7.84,5.39,5.88,14.50
83007,2.34,0.00,2,14.36,13.36,8,14.65,192,0.33,0.34,994,0.00,1.00,1,0.5000,17.00,126,0,0.00,1,7.84,5.68,6.67,14.50
83111,2.34,0.00,2,14.36,13.52,8,14.65,192,0.34,0.35,992,0.00,1.00,1,0.5000,17.00,126,0,0.00,1,7.98,5.81,6.27,14.50
83215,2.34,0.00,2,14.36,13.36,8,14.64,192,0.34,0.35,1004,0.00,1.00,1,0.5000,17.00,126,0,0.00,1,8.13,5.87,6.67,14.50
83319,3.12,0.00,2,14.36,13.52,8,14.64,192,0.34,0.34,1034,0.00,1.00,1,0.5000,15.50,126,0,0.00,1,8.13,5.78,5.88,14.70
83423,3.91,1.56,1,14.36,13.44,8,14.64,192,0.33,0.32,1056,0.00,1.00,1,0.5000,13.50,126,0,0.00,1,7.84,5.49,5.88,14.80
83527,3.91,1.56,1,14.36,13.52,8,14.64,192,0.32,0.30,1068,0.00,1.00,1,0.5000,13.50,126,0,0.00,1,7.55,5.42,5.88,14.90
83631,3.91,1.56,1,14.36,13.52,8,14.64,192,0.31,0.31,1050,0.00,1.00,1,0.5000,15.50,126,0,0.00,1,7.55,5.29,5.49,15.10
83735,3.91,1.56,1,14.36,13.44,8,14.64,192,0.31,0.31,1034,0.00,1.00,1,0.5000,16.50,126,0,0.00,1,7.40,5.49,6.27,15.00
83839,3.91,0.00,2,14.36,13.52,8,14.64,192,0.32,0.33,1030,0.00,1.00,1,0.5000,16.50,126,0,0.00,1,7.55,5.68,6.27,15.10
83943,3.12,0.00,2,14.36,13.44,8,14.64,192,0.33,0.33,1033,0.00,1.00,1,0.5000,16.50,126,0,0.00,1,7.69,5.81,6.27,14.80
84047,3.91,0.00,2,14.36,13.44,8,14.65,192,0.33,0.34,1025,0.00,1.00,1,0.5000,17.00,126,0,0.00,1,7.69,5.81,6.27,14.80
84151,3.91,0.00,2,14.36,13.52,8,14.64,192,0.34,0.34,1010,0.00,1.00,1,0.5000,17.00,126,0,0.00,1,7.84,5.81,6.27,14.70
84255,4.69,0.00,2,14.36,13.52,8,14.64,192,0.34,0.34,1012,0.00,1.00,1,0.5000,17.00,126,0,0.00,1,7.84,5.81,6.27,14.70
84360,4.69,0.00,2,14.36,13.52,8,14.64,192,0.34,0.34,1021,0.00,1.00,1,0.5000,17.00,126,0,0.00,1,7.84,5.75,6.27,14.70
84463,4.69,0.00,2,14.36,13.44,8,14.64,192,0.34,0.34,1026,0.00,1.00,1,0.5000,17.00,126,0,0.00,1,7.84,5.75,6.27,14.90
84567,4.69,0.00,2,14.36,13.52,8,14.64,192,0.33,0.33,1049,0.00,1.00,1,0.5000,16.00,126,0,0.00,1,7.84,5.75,6.27,15.00
84671,4.69,0.00,2,14.36,13.44,8,14.63,192,0.33,0.33,1047,0.00,1.00,1,0.5000,16.00,126,0,0.00,1,7.84,5.75,6.27,14.90
84775,4.69,0.00,2,14.36,13.44,8,14.63,192,0.33,0.32,1064,0.00,1.00,1,0.5000,15.50,126,0,0.00,1,7.69,5.75,6.27,14.80
84879,4.69,0.00,2,14.36,13.52,8,14.63,192,0.32,0.32,1068,0.00,1.00,1,0.5000,15.50,126,0,0.00,1,7.55,5.75,5.88,14.70
84983,4.69,1.56,1,14.36,13.36,8,14.63,192,0.32,0.30,1082,0.00,1.00,1,0.5000,14.50,126,0,0.00,1,7.40,5.42,5.49,14.70
85087,4.69,1.56,1,14.36,13.44,8,14.63,192,0.31,0.29,1079,0.00,1.00,1,0.5000,15.50,126,0,0.00,1,7.25,5.23,5.49,14.70
85191,4.69,1.56,1,14.36,13.44,8,14.64,192,0.30,0.30,1063,0.00,1.00,1,0.5000,16.50,126,0,0.00,1,7.11,5.29,5.88,14.90
85295,3.91,0.00,2,14.36,13.52,8,14.64,192,0.31,0.32,1048,0.00,1.00,1,0.5000,17.00,127,0,0.00,1,7.25,5.75,6.67,14.60
85399,3.91,0.00,2,14.36,13.52,8,14.64,192,0.32,0.34,1038,0.00,1.00,1,0.5000,17.00,127,0,0.00,1,7.55,5.91,6.27,14.50
85503,3.91,0.00,2,14.36,13.52,8,14.64,192,0.33,0.33,1037,0.00,1.00,1,0.5000,17.00,127,0,0.00,1,7.55,5.81,6.27,14.50
85607,3.91,0.00,2,14.36,13.52,8,14.64,192,0.33,0.33,1052,0.00,1.00,1,0.5000,17.00,127,0,0.00,1,7.55,5.81,6.27,14.40
85711,4.69,0.00,2,14.36,13.44,8,14.64,192,0.33,0.33,1056,0.00,1.00,1,0.5000,16.50,127,0,0.00,1,7.69,5.78,6.27,14.40
85815,5.47,0.00,2,14.36,13.52,8,14.64,192,0.33,0.33,1060,0.00,1.00,1,0.5000,16.50,127,0,0.00,1,7.69,5.75,6.27,15.80
85919,5.47,0.00,2,14.36,13.44,8,14.64,192,0.33,0.33,1048,0.00,1.00,1,0.5000,17.00,127,0,0.00,1,7.69,5.78,6.27,14.80
86023,5.47,0.00,2,14.36,13.44,8,14.63,192,0.33,0.33,1053,0.00,1.00,1,0.5000,17.00,127,0,0.00,1,7.69,5.81,6.27,14.90
86127,5.47,0.00,2,14.36,13.52,8,14.63,192,0.33,0.32,1066,0.00,1.00,1,0.5000,16.50,127,0,0.00,1,7.69,5.84,6.27,15.00
86231,5.47,0.00,2,14.36,13.36,8,14.63,192,0.33,0.32,1080,0.00,1.00,1,0.5000,16.00,127,0,0.00,1,7.55,5.87,6.27,14.80
86335,5.47,0.00,2,14.36,13.52,8,14.63,192,0.33,0.33,1083,0.00,1.00,1,0.5000,16.00,127,0,0.00,1,7.55,5.84,6.27,14.80
86439,5.47,0.00,2,14.36,13.52,8,14.63,192,0.32,0.32,1092,0.00,1.00,1,0.5000,15.50,127,0,0.00,1,7.55,5.84,6.27,14.80
86543,5.47,0.00,2,14.36,13.52,8,14.63,192,0.32,0.32,1096,0.00,1.00,1,0.5000,15.50,127,0,0.00,1,7.55,5.87,6.27,14.80
86647,5.47,0.00,2,14.36,13.44,8,14.63,192,0.32,0.32,1084,0.00,1.00,1,0.5000,16.50,127,0,0.00,2,7.55,5.87,6.27,14.80
86751,5.47,0.00,2,14.36,12.72,8,14.63,192,0.33,0.33,1085,0.00,1.00,1,0.5000,16.50,127,0,0.00,2,7.55,5.94,6.27,14.80
86855,5.47,0.00,2,14.36,13.28,8,14.63,192,0.33,0.33,1077,0.00,1.00,1,0.5000,17.00,127,0,0.00,2,7.69,5.94,6.27,14.60
86959,6.25,0.00,2,14.36,13.44,8,14.63,192,0.33,0.33,1064,0.00,1.00,1,0.5000,17.00,127,0,0.00,2,7.84,5.97,6.67,14.80
87063,6.25,0.00,2,14.36,13.52,8,14.64,192,0.33,0.34,1074,0.00,1.00,1,0.5000,17.00,127,0,0.00,2,7.98,6.00,6.27,15.00
87167,7.03,0.00,2,14.36,13.44,8,14.64,192,0.33,0.34,1069,0.00,1.00,1,0.5000,17.00,127,0,0.00,2,7.98,5.94,6.27,14.90
87271,7.81,0.00,2,14.36,13.44,8,14.64,192,0.34,0.34,1062,0.00,1.00,1,0.5000,17.00,127,0,0.00,2,7.98,6.00,6.27,14.90
87375,7.81,0.00,2,14.36,13.44,8,14.64,192,0.34,0.35,1039,0.00,1.00,1,0.5000,17.50,127,0,0.00,2,8.13,5.97,6.27,15.10
87479,8.59,0.00,2,14.36,13.52,8,14.65,192,0.34,0.35,1004,0.00,1.00,1,0.5000,20.50,127,0,0.00,2,8.13,5.87,5.88,15.20
87583,8.59,1.56,1,14.36,13.44,8,14.66,192,0.35,0.35,971,0.00,1.00,1,0.5000,22.00,127,0,0.00,2,8.13,5.55,5.49,15.20
87687,8.59,1.56,1,14.36,13.44,8,14.67,192,0.35,0.36,916,0.00,1.00,1,0.5000,22.00,127,0,0.00,2,8.13,5.42,5.49,15.30
87791,8.59,1.56,1,14.36,13.36,8,14.68,192,0.36,0.37,884,0.00,1.00,1,0.5000,22.00,127,0,0.00,2,8.13,5.42,5.88,15.30
87895,7.81,1.56,1,14.36,13.44,8,14.68,192,0.37,0.39,840,0.00,1.00,1,0.5000,22.00,127,0,0.00,2,8.42,5.45,5.88,15.00
88000,7.03,1.56,1,14.36,13.36,8,14.69,192,0.38,0.40,808,0.00,1.00,2,0.5000,22.00,127,0,0.00,2,8.56,5.42,5.88,15.20
88103,6.25,1.56,1,14.36,13.44,8,14.69,192,0.39,0.42,779,0.00,0.99,2,0.5000,22.00,127,0,0.00,2,8.71,5.39,5.49,15.60
88207,6.25,1.56,1,14.36,13.52,8,14.69,192,0.40,0.42,774,0.00,0.99,2,0.5000,22.00,127,0,0.00,2,9.00,5.36,5.49,14.40
88311,5.47,1.56,1,14.36,13.36,8,14.69,192,0.41,0.42,766,0.00,0.99,2,0.5000,22.00,127,0,0.00,2,9.14,5.36,5.49,14.10
88415,5.47,1.56,1,14.36,13.36,8,14.69,192,0.41,0.42,758,0.00,0.99,2,0.5000,22.00,127,0,0.00,2,9.29,5.33,5.49,14.10
88519,5.47,1.56,1,14.36,13.44,8,14.69,192,0.41,0.42,763,0.00,0.99,2,0.5000,21.50,127,0,0.00,2,9.29,5.23,5.49,14.10
88623,5.47,1.56,1,14.36,13.44,8,14.69,192,0.41,0.40,780,0.00,0.99,2,0.5000,21.50,127,0,0.00,2,9.29,5.26,5.49,14.20
88727,5.47,1.56,1,14.36,13.36,8,14.69,192,0.40,0.39,798,0.00,1.00,2,0.5000,20.00,127,0,0.00,2,9.29,5.23,5.49,14.20
88831,4.69,1.56,1,14.36,13.52,8,14.69,192,0.40,0.38,822,0.00,1.00,2,0.5000,17.50,127,0,0.00,2,9.14,5.20,5.49,14.20
88935,4.69,1.56,1,14.36,13.52,8,14.69,192,0.39,0.38,819,0.00,1.00,2,0.5000,17.00,127,0,0.00,2,9.14,5.23,5.49,14.20
89040,3.91,0.00,2,14.36,13.52,8,14.68,192,0.40,0.38,836,0.00,1.00,2,0.5000,18.50,127,0,0.00,2,9.14,5.65,7.45,14.20
89143,3.91,0.00,2,14.36,13.44,8,14.68,192,0.43,0.46,843,0.00,0.86,2,0.5000,20.50,127,0,0.00,2,10.16,6.92,9.02,14.30
89247,3.91,0.00,2,14.36,13.52,8,14.65,192,0.45,0.52,868,0.00,0.90,2,0.5000,23.50,127,0,0.00,2,10.88,7.59,9.41,14.20
89351,4.69,0.00,2,14.36,13.60,8,14.63,192,0.47,0.49,958,0.00,0.99,2,0.5000,25.00,127,0,0.00,2,11.32,7.75,9.41,14.20
89455,6.25,0.00,2,14.36,13.36,8,14.62,192,0.47,0.47,1031,0.00,0.99,2,0.5000,26.00,127,0,0.00,2,11.46,8.15,10.20,13.70
89559,7.81,0.00,2,14.36,13.44,8,14.62,192,0.46,0.45,1100,0.00,0.99,2,0.5000,26.50,127,0,0.00,2,11.32,8.34,10.20,15.00
89663,9.38,0.00,2,14.36,13.44,8,14.61,192,0.46,0.44,1131,0.00,0.99,2,0.5000,27.00,127,0,0.00,2,11.17,8.38,10.20,15.00
89767,13.28,0.00,2,14.36,13.60,8,14.61,192,0.45,0.45,1144,0.00,0.99,2,0.5000,27.00,127,0,0.00,2,11.03,8.46,10.20,15.50
89871,16.41,0.00,2,14.36,13.52,8,14.61,192,0.45,0.45,1154,0.00,0.99,2,0.5000,27.00,127,0,0.00,2,10.88,8.62,10.20,15.60
89975,17.97,0.00,2,14.36,13.36,8,14.61,192,0.45,0.45,1168,0.00,0.99,2,0.5000,27.00,127,0,0.00,2,10.88,8.84,10.20,16.00
90079,19.53,0.00,2,14.36,13.44,8,14.61,192,0.44,0.42,1186,0.00,0.99,2,0.5000,27.00,127,0,0.00,2,10.45,8.38,9.02,16.10
90183,20.31,0.00,2,14.36,13.44,8,14.61,192,0.43,0.42,1200,0.00,0.99,2,0.5000,27.00,127,0,0.00,2,10.16,8.38,9.02,16.10
90288,18.75,0.00,2,14.36,13.44,8,14.61,192,0.44,0.45,1197,0.00,0.99,2,0.5000,27.00,127,0,0.00,2,10.45,8.97,10.20,15.80
90391,17.97,0.00,2,14.36,13.52,8,14.60,192,0.44,0.44,1201,0.00,0.99,2,0.5000,27.50,127,0,0.00,2,10.30,8.88,9.80,15.70
90496,17.19,0.00,2,14.36,13.44,8,14.60,192,0.45,0.45,1201,0.00,0.99,2,0.5000,27.50,127,0,0.00,2,10.45,8.97,9.80,15.10
90599,17.97,0.00,2,14.36,13.36,8,14.60,192,0.45,0.45,1195,0.00,0.99,2,0.5000,27.50,127,0,0.00,2,10.45,8.97,9.80,14.40
90703,18.75,0.00,2,14.36,13.44,8,14.60,192,0.45,0.45,1192,0.00,0.99,2,0.5000,27.50,127,0,0.00,2,10.45,9.06,9.80,14.50
90808,19.53,0.00,2,14.36,13.52,8,14.60,192,0.45,0.46,1199,0.00,0.99,2,0.5000,27.50,127,0,0.00,2,10.45,9.19,10.20,14.80
90911,19.53,0.00,3,14.36,13.20,8,14.60,192,0.47,0.49,1214,0.00,0.99,2,0.5000,28.00,127,0,0.00,2,10.88,10.13,12.16,14.80
91016,20.31,0.00,3,14.36,13.52,8,14.60,192,0.49,0.52,1223,0.00,0.99,2,0.5000,29.00,127,0,0.00,2,11.32,10.61,12.16,14.90
91119,21.88,0.00,3,14.36,13.44,8,14.60,192,0.49,0.50,1274,0.00,0.99,2,0.5000,30.50,127,0,0.00,2,11.46,10.56,12.16,15.30
91223,22.66,0.00,3,14.36,13.36,8,14.60,192,0.49,0.48,1313,0.00,0.99,2,0.5000,31.00,127,0,0.00,2,11.46,10.56,12.16,15.20
91327,21.09,0.00,3,14.36,13.52,8,14.59,192,0.48,0.48,1338,0.00,0.99,2,0.5000,31.50,127,0,0.00,2,11.32,10.70,12.16,15.40
91432,20.31,0.00,3,14.36,13.44,8,14.59,192,0.48,0.48,1374,0.00,0.99,2,0.5000,31.50,127,0,0.00,2,11.17,10.90,12.16,14.50
91536,19.53,0.00,3,14.36,13.44,8,14.59,192,0.48,0.48,1384,0.00,0.99,2,0.5000,32.00,127,0,0.00,2,11.17,11.05,12.16,14.30
91639,18.75,0.00,3,14.36,13.20,8,14.59,192,0.48,0.49,1378,0.00,0.99,2,0.5000,32.00,127,0,0.00,2,11.03,11.19,12.16,14.20
91744,17.19,0.00,3,14.36,13.52,8,14.59,192,0.49,0.49,1388,0.00,0.99,2,0.5000,32.50,127,0,0.00,2,11.03,11.48,12.55,14.20
91848,16.41,0.00,3,14.36,13.44,8,14.59,192,0.49,0.49,1382,0.00,0.99,2,0.5000,32.50,127,0,0.00,2,11.03,11.43,12.55,14.10
91952,16.41,0.00,3,14.36,13.44,8,14.59,192,0.49,0.49,1386,0.00,0.99,2,0.5000,32.50,127,0,0.00,2,11.03,11.24,12.16,14.10
92056,15.62,0.00,3,14.36,13.52,8,14.59,192,0.49,0.49,1398,0.00,0.98,2,0.5000,33.00,127,0,0.00,2,11.03,11.39,12.55,14.20
92160,14.06,0.00,3,14.36,13.36,8,14.59,192,0.49,0.49,1392,0.00,0.99,2,0.5000,32.50,127,0,0.00,2,11.03,11.58,12.55,14.00
92263,13.28,0.00,3,14.36,13.36,8,14.59,192,0.49,0.48,1408,0.00,0.99,2,0.5000,33.00,127,0,0.00,2,11.03,11.19,11.76,14.10
92368,12.50,0.00,3,14.36,13.44,8,14.59,192,0.49,0.47,1388,0.00,1.00,2,0.5000,32.50,127,0,0.00,2,10.88,11.29,11.76,14.20
92472,11.72,0.00,3,14.36,13.44,8,14.59,192,0.49,0.50,1392,0.00,1.00,2,0.5000,32.50,127,0,0.00,2,10.88,11.34,12.16,14.00
92575,10.94,0.00,3,14.36,13.52,8,14.59,192,0.50,0.51,1390,0.00,1.00,2,0.5000,33.00,127,0,0.00,2,11.32,11.90,13.33,14.00
92680,11.72,0.00,3,14.36,13.44,8,14.59,192,0.51,0.53,1390,0.00,0.99,2,0.5000,33.50,127,0,0.00,2,11.61,12.38,14.12,14.10
92784,12.50,0.00,3,14.36,13.44,8,14.59,192,0.52,0.53,1420,0.00,0.99,2,0.5000,34.50,127,0,0.00,2,11.75,12.43,14.51,14.30
92888,13.28,0.00,3,14.36,13.44,8,14.59,192,0.52,0.52,1431,0.00,0.99,2,0.5000,35.00,127,0,0.00,2,11.75,12.43,14.12,14.20
92992,14.06,0.00,3,14.36,13.44,8,14.58,192,0.51,0.51,1463,0.00,0.99,2,0.5000,35.50,127,0,0.00,2,11.75,12.27,14.12,15.00
93096,14.06,0.00,3,14.36,13.36,8,14.58,192,0.51,0.51,1462,0.00,0.99,2,0.5000,35.00,127,0,0.00,2,11.75,12.48,14.12,14.80
93200,14.06,0.78,3,14.36,13.44,8,14.58,192,0.51,0.51,1480,0.00,0.99,2,0.5000,35.50,127,0,0.00,2,11.61,12.54,14.12,14.70
93303,14.06,0.78,3,14.36,13.52,8,14.58,192,0.51,0.51,1470,0.00,0.99,2,0.5000,35.50,127,0,0.00,2,11.75,12.70,14.51,14.70
93408,14.06,0.78,3,14.36,13.44,8,14.58,192,0.52,0.51,1468,0.00,0.99,2,0.5000,35.50,127,0,0.00,2,11.75,12.81,14.51,14.50
93512,14.06,0.78,3,14.36,13.44,8,14.58,192,0.52,0.53,1489,0.00,0.99,2,0.5000,36.00,127,0,0.00,2,12.04,13.13,15.29,14.50
93616,14.84,0.78,3,14.36,13.36,8,14.58,192,0.53,0.53,1484,0.00,0.99,2,0.5000,36.50,127,0,0.00,2,12.19,13.29,15.69,14.50
93720,16.41,0.78,3,14.36,13.36,8,14.58,192,0.53,0.54,1506,0.00,0.99,2,0.5000,37.00,127,0,0.00,2,12.33,13.40,16.08,15.00
93823,17.19,0.78,3,14.36,13.28,8,14.58,192,0.53,0.54,1508,0.00,0.99,2,0.5000,37.50,127,0,0.00,2,12.33,13.63,16.08,15.00
93928,17.19,0.78,3,14.36,13.52,8,14.58,192,0.53,0.52,1523,0.00,0.99,2,0.5000,37.50,127,0,0.00,2,12.33,13.63,16.08,14.90
94032,17.19,0.78,3,14.36,13.36,8,14.58,192,0.53,0.53,1546,0.00,0.99,2,0.5000,38.00,127,0,0.00,2,12.33,13.40,16.08,14.70
94136,17.19,0.78,3,14.36,13.28,8,14.58,192,0.53,0.53,1539,0.00,0.99,2,0.5000,37.50,127,0,0.00,2,12.33,13.57,16.08,15.00
94240,17.97,0.78,3,14.36,13.44,8,14.58,192,0.53,0.53,1545,0.00,0.99,2,0.5000,38.00,127,0,0.00,2,12.33,13.80,16.08,14.60
94344,17.97,0.78,3,14.36,13.44,8,14.58,192,0.53,0.53,1563,0.00,0.99,2,0.5000,38.50,127,0,0.00,2,12.33,13.75,16.08,14.70
94448,17.97,0.78,3,14.36,13.44,8,14.58,192,0.53,0.53,1550,0.00,0.99,2,0.5000,38.00,127,0,0.00,2,12.19,13.86,16.08,14.70
94552,17.97,0.78,3,14.36,13.44,8,14.58,192,0.53,0.53,1548,0.00,0.99,2,0.5000,38.00,127,0,0.00,3,12.33,13.75,16.08,14.50
94656,18.75,0.78,3,14.36,13.28,8,14.58,192,0.55,0.56,1565,0.00,0.99,2,0.5000,39.00,127,0,0.00,3,12.77,14.85,18.43,14.60
94760,20.31,0.78,3,14.36,13.44,8,14.58,192,0.56,0.58,1583,0.00,0.99,2,0.5000,39.50,127,0,0.00,3,13.35,15.03,20.00,14.60
94864,22.66,0.78,3,14.36,13.44,8,14.58,192,0.56,0.57,1594,0.00,0.99,2,0.5000,39.50,127,0,0.00,3,13.49,15.14,20.39,15.10
94968,23.44,0.78,3,14.36,13.44,8,14.58,192,0.56,0.56,1623,0.00,0.99,2,0.5000,40.00,127,0,0.00,3,13.35,15.27,20.39,15.40
95072,25.00,0.78,3,14.36,13.44,8,14.58,192,0.56,0.55,1656,0.00,0.99,2,0.5000,40.50,127,0,0.00,3,13.35,15.14,20.39,15.50
95176,25.00,0.78,3,14.36,13.36,8,14.58,190,0.56,0.55,1667,0.00,0.99,2,0.5000,40.50,127,0,0.00,3,13.35,15.40,20.39,15.20
95280,25.00,0.78,3,14.36,13.44,8,14.58,190,0.56,0.55,1682,0.00,0.99,2,0.5000,40.50,127,0,0.00,3,13.35,15.74,20.39,15.00
95384,25.00,0.78,3,14.36,13.44,8,14.58,190,0.56,0.56,1692,0.00,0.99,2,0.5000,40.50,127,0,0.00,3,13.35,15.67,20.39,15.00
95487,25.00,0.78,3,14.36,13.52,8,14.58,190,0.56,0.56,1696,0.00,0.99,2,0.5000,41.00,127,0,0.00,3,13.35,15.94,20.39,15.10
95592,25.00,0.78,3,14.36,13.36,8,14.58,190,0.56,0.57,1704,0.00,0.99,2,0.5000,40.50,127,0,0.00,3,13.35,15.94,20.39,15.10
95696,25.00,0.78,3,14.36,13.36,8,14.58,190,0.56,0.56,1692,0.00,0.99,2,0.5000,40.50,127,0,0.00,3,13.35,15.74,20.39,14.80
95800,25.00,0.78,3,14.36,13.36,8,14.58,190,0.56,0.57,1699,0.00,0.99,2,0.5000,40.50,127,0,0.00,3,13.35,16.08,20.39,14.80
95904,25.00,0.78,3,14.36,13.36,8,14.58,190,0.56,0.57,1700,0.00,0.99,2,0.5000,40.50,127,0,0.00,3,13.35,16.01,20.39,14.80
96008,25.00,0.78,3,14.36,13.52,8,14.58,190,0.56,0.57,1704,0.00,0.99,2,0.5000,40.50,127,0,0.00,3,13.35,16.08,20.39,15.00
96112,25.00,0.78,3,14.36,13.36,8,14.58,190,0.57,0.57,1708,0.00,0.99,2,0.5000,40.50,127,0,0.00,3,13.35,16.21,20.39,15.10
96216,25.00,0.78,3,14.36,13.36,8,14.58,190,0.57,0.57,1716,0.00,0.99,2,0.5000,40.50,127,0,0.00,3,13.35,16.28,20.39,14.90
96320,25.00,0.78,3,14.36,13.36,8,14.58,190,0.57,0.57,1721,0.00,0.99,2,0.5000,40.50,127,1,0.00,3,13.35,16.35,20.00,15.00
96424,25.00,0.78,3,14.36,13.44,8,14.58,190,0.56,0.57,1726,0.00,0.99,2,0.5000,40.50,127,0,0.00,3,13.35,16.35,20.00,14.90
96528,25.00,0.78,3,14.36,13.52,8,14.58,190,0.56,0.57,1730,0.00,0.99,2,0.5000,41.00,127,1,0.00,3,13.20,16.21,20.00,14.70
96632,25.00,0.78,3,14.36,13.36,8,14.58,190,0.57,0.57,1738,0.00,0.99,2,0.5000,41.00,127,1,0.00,3,13.35,16.48,20.00,14.90
96736,25.00,0.78,3,14.36,13.36,8,14.58,190,0.57,0.57,1743,0.00,0.99,2,0.5000,41.00,127,2,0.00,3,13.20,16.48,20.00,14.80
96841,25.00,0.78,3,14.36,13.28,8,14.58,190,0.57,0.57,1752,0.00,0.99,2,0.5000,41.00,127,1,0.00,3,13.35,16.68,20.00,14.80
96944,25.00,0.78,3,14.36,13.44,8,14.58,190,0.57,0.57,1756,0.00,0.99,2,0.5000,41.00,127,2,0.00,3,13.20,16.62,20.00,14.80
97048,25.00,0.78,3,14.36,13.52,8,14.58,190,0.57,0.57,1773,0.00,0.99,2,0.5000,41.00,127,2,0.00,3,13.20,16.62,20.00,15.00
97152,25.00,0.78,3,14.36,13.44,8,14.58,190,0.56,0.57,1778,0.00,0.99,2,0.5000,41.00,127,3,0.00,3,13.20,16.75,20.00,14.90
97256,25.00,0.78,3,14.36,13.44,8,14.58,190,0.57,0.57,1784,0.00,0.99,2,0.5000,41.00,127,3,0.00,3,13.20,16.75,20.00,15.00
97360,25.00,0.78,3,14.36,13.36,8,14.58,190,0.57,0.57,1781,0.00,0.99,2,0.5000,41.00,127,4,0.00,3,13.20,16.89,20.00,14.90
97464,25.00,1.56,3,14.36,12.64,8,14.58,190,0.57,0.56,1784,0.00,0.99,2,0.5000,41.00,127,4,0.00,3,13.20,16.75,20.00,14.80
97568,25.00,1.56,3,14.36,13.36,8,14.58,190,0.57,0.57,1773,0.00,0.99,2,0.5000,41.00,127,5,0.00,3,13.20,16.75,20.00,14.80
97672,25.00,1.56,3,14.36,13.36,8,14.58,190,0.57,0.57,1770,0.00,0.99,2,0.5000,41.00,127,5,0.00,3,13.20,16.82,20.00,14.90
97776,25.00,1.56,3,14.36,13.36,8,14.58,190,0.57,0.56,1757,0.00,0.99,2,0.5000,41.00,127,5,0.00,3,13.20,16.75,20.00,15.00
97880,25.00,1.56,3,14.36,13.28,8,14.58,190,0.57,0.56,1765,0.00,0.99,2,0.5000,41.00,127,6,0.00,3,13.20,16.75,20.00,14.90
97984,25.00,1.56,3,14.36,13.44,8,14.58,190,0.57,0.57,1772,0.00,0.99,2,0.5000,41.00,127,6,0.00,3,13.20,16.95,20.00,14.90
98088,25.00,1.56,3,14.36,13.36,8,14.58,190,0.57,0.57,1778,0.00,0.99,2,0.5000,41.00,127,7,0.00,3,13.20,17.02,20.00,14.80
98192,25.00,1.56,3,14.36,13.36,8,14.58,190,0.57,0.57,1779,0.00,0.99,2,0.5000,41.00,127,7,0.00,3,13.20,17.02,20.00,14.80
98296,25.00,1.56,3,14.36,13.28,8,14.58,190,0.57,0.57,1780,0.00,0.99,2,0.5000,41.00,127,8,0.00,3,13.20,16.89,20.00,14.80
98400,25.00,1.56,3,14.36,13.44,8,14.58,190,0.57,0.57,1798,0.00,0.99,2,0.5000,41.00,127,8,0.00,3,13.20,16.89,20.00,14.70
98504,25.00,1.56,3,14.36,13.36,8,14.58,190,0.57,0.57,1804,0.00,0.99,2,0.5000,41.50,127,9,0.00,3,13.20,16.89,20.00,14.70
98608,25.00,1.56,3,14.36,13.36,8,14.58,190,0.57,0.56,1809,0.00,0.99,2,0.5000,41.50,127,9,0.00,3,13.20,16.95,20.00,14.90
98712,25.00,1.56,3,14.36,13.36,8,14.58,190,0.57,0.57,1812,0.00,0.99,2,0.5000,41.50,127,9,0.00,3,13.20,17.09,20.00,14.70
98817,25.00,1.56,3,14.36,13.28,8,14.58,190,0.57,0.57,1804,0.00,0.99,2,0.5000,41.00,127,10,0.00,3,13.06,17.02,20.00,14.70
98920,25.00,1.56,3,14.36,13.44,8,14.58,190,0.57,0.57,1807,0.00,0.99,2,0.5000,41.50,127,10,0.00,3,13.06,17.02,20.00,14.80
99024,25.00,1.56,3,14.36,13.44,8,14.58,190,0.57,0.57,1810,0.00,0.99,2,0.5000,41.50,127,11,0.00,3,13.06,17.09,20.00,14.80
99128,25.00,1.56,3,14.36,13.36,8,14.58,190,0.56,0.57,1814,0.00,0.99,2,0.5000,41.50,127,11,0.00,3,13.06,17.16,20.00,15.00
99232,25.00,1.56,3,14.36,13.36,8,14.58,190,0.57,0.57,1829,0.00,0.99,2,0.5000,41.50,127,12,0.00,3,13.06,17.16,20.00,15.00
99336,25.00,1.56,3,14.36,13.36,8,14.58,190,0.57,0.57,1829,0.00,0.99,2,0.5000,41.50,127,12,0.00,4,13.06,17.29,20.00,14.90
99440,25.00,1.56,3,14.36,13.44,8,14.58,190,0.57,0.56,1831,0.00,0.99,2,0.5000,41.50,127,13,0.00,4,13.06,17.16,20.00,15.10
99544,25.00,1.56,3,14.36,13.44,8,14.58,190,0.57,0.56,1821,0.00,0.99,2,0.5000,41.50,127,13,0.00,4,13.06,17.29,20.00,14.80
99648,25.00,1.56,3,14.36,13.28,8,14.58,190,0.56,0.56,1823,0.00,0.99,2,0.5000,41.50,127,13,0.00,4,13.06,17.16,20.00,14.90
99752,25.00,1.56,3,14.36,13.36,8,14.58,190,0.57,0.57,1826,0.00,0.99,2,0.5000,41.50,127,14,0.00,4,13.06,17.44,20.00,14.70
99856,25.00,1.56,3,14.36,13.36,8,14.58,190,0.56,0.57,1845,0.00,0.99,2,0.5000,41.50,127,14,0.00,4,13.06,17.22,20.00,15.10
99960,25.00,1.56,3,14.36,13.44,8,14.58,190,0.57,0.56,1848,0.00,0.99,2,0.5000,41.50,127,15,0.00,4,13.06,17.44,20.00,14.80
100064,25.00,1.56,3,14.36,13.36,8,14.58,190,0.56,0.56,1837,0.00,0.99,2,0.5000,41.50,127,15,0.00,4,13.06,17.37,20.00,15.00
100168,25.00,1.56,3,14.36,13.44,8,14.58,190,0.56,0.56,1840,0.00,0.99,2,0.5000,41.50,127,15,0.00,4,13.06,17.16,20.00,14.80
100272,25.00,1.56,3,14.36,13.36,8,14.58,190,0.57,0.57,1840,0.00,0.99,2,0.5000,41.50,127,16,0.00,4,13.06,17.51,20.00,14.80
100376,25.00,1.56,3,14.36,13.44,8,14.58,190,0.57,0.57,1856,0.00,0.99,2,0.5000,41.50,127,16,0.00,4,13.06,17.59,20.00,14.80
100481,25.00,1.56,3,14.36,13.44,8,14.58,190,0.56,0.56,1862,0.00,0.99,2,0.5000,42.00,127,16,0.00,4,13.06,17.29,20.00,14.90
100585,25.00,1.56,3,14.36,13.44,8,14.58,190,0.56,0.56,1850,0.00,0.99,2,0.5000,41.50,127,17,0.00,4,13.06,17.51,20.00,14.90
100688,25.00,1.56,3,14.36,13.36,8,14.58,190,0.56,0.57,1852,0.00,0.99,2,0.5000,42.00,127,16,0.00,4,13.06,17.37,20.00,14.90
100792,25.00,1.56,3,14.36,13.28,8,14.58,190,0.56,0.56,1871,0.00,0.99,2,0.5000,42.00,127,17,0.00,4,13.06,17.37,19.61,15.10
100897,25.00,1.56,3,14.36,13.44,8,14.58,190,0.56,0.57,1872,0.00,0.99,2,0.5000,42.00,127,16,0.00,4,12.91,17.29,19.61,14.90
101000,25.00,1.56,3,14.36,13.44,8,14.58,190,0.56,0.57,1874,0.00,0.99,2,0.5000,42.00,127,17,0.00,4,12.91,17.51,19.61,14.80
101104,25.00,1.56,3,14.36,13.44,8,14.58,190,0.56,0.56,1862,0.00,0.99,2,0.5000,42.00,127,16,0.00,4,12.91,17.44,19.61,14.70
101208,25.00,1.56,3,14.36,13.36,8,14.58,190,0.56,0.57,1862,0.00,0.99,2,0.5000,42.00,127,16,0.00,4,12.91,17.67,19.61,15.10
101313,25.00,1.56,3,14.36,13.36,8,14.58,190,0.56,0.56,1882,0.00,0.99,2,0.5000,42.00,127,16,0.00,4,12.91,17.44,19.61,14.70
101416,25.00,1.56,3,14.36,13.36,8,14.58,190,0.56,0.55,1884,0.00,0.99,2,0.5000,42.00,127,16,0.00,4,12.91,17.59,19.61,14.80
101520,25.00,1.56,3,14.36,13.44,8,14.58,190,0.56,0.56,1868,0.00,0.99,2,0.5000,42.00,127,15,0.00,4,12.91,17.67,19.61,14.70
101624,25.00,1.56,3,14.36,13.36,8,14.58,190,0.56,0.56,1874,0.00,0.99,2,0.5000,42.00,127,15,0.00,5,12.91,17.59,19.61,15.20
101728,25.00,1.56,3,14.36,13.36,8,14.58,190,0.56,0.55,1894,0.00,0.99,2,0.5000,42.00,126,14,0.00,5,12.91,17.43,19.61,14.80
101833,25.00,2.34,3,14.36,13.28,8,14.58,190,0.56,0.56,1894,0.00,0.99,2,0.5000,42.00,126,14,0.00,5,12.91,17.51,19.61,15.00
101937,25.00,2.34,3,14.36,13.44,8,14.58,190,0.56,0.57,1880,0.00,0.99,2,0.5000,42.00,126,13,0.00,6,12.91,17.59,19.22,14.80
102040,25.00,2.34,3,14.36,13.44,8,14.58,190,0.56,0.56,1896,0.00,0.99,2,0.5000,42.50,126,11,0.00,6,12.91,17.59,19.22,14.90
102145,25.00,2.34,3,14.36,13.44,8,14.58,190,0.56,0.56,1901,0.00,0.99,2,0.5000,42.50,126,11,0.00,6,12.91,17.82,19.22,14.90
102248,25.00,2.34,3,14.36,13.36,8,14.58,190,0.56,0.55,1891,0.00,0.99,2,0.5000,42.00,126,9,0.00,6,12.91,17.59,19.22,14.90
102353,25.00,2.34,3,14.36,13.28,8,14.58,190,0.56,0.57,1894,0.00,0.99,2,0.5000,42.00,126,8,0.00,7,12.91,17.74,19.22,15.00
102457,25.00,2.34,3,14.36,13.44,8,14.58,190,0.56,0.56,1911,0.00,0.99,2,0.5000,42.50,126,8,0.00,7,12.91,17.74,19.22,14.80
102561,25.00,2.34,3,14.36,13.36,8,14.58,190,0.56,0.56,1914,0.00,0.99,2,0.5000,42.50,126,6,0.00,7,12.91,17.59,19.22,15.00
102664,25.00,2.34,3,14.36,13.44,8,14.58,190,0.55,0.55,1900,0.00,0.99,2,0.5000,42.50,126,6,0.00,7,12.77,17.51,18.43,14.90
102769,25.00,2.34,3,14.36,13.36,8,14.58,190,0.54,0.54,1912,0.00,0.99,2,0.5000,42.50,126,6,0.00,7,12.48,16.95,17.65,14.90
102873,24.22,2.34,3,14.36,13.36,8,14.58,190,0.54,0.53,1908,0.00,0.99,2,0.5000,42.00,126,5,0.00,7,12.19,16.88,17.25,14.80
102977,24.22,2.34,3,14.36,13.36,8,14.58,190,0.53,0.54,1885,0.00,0.99,2,0.5000,42.00,126,4,0.00,7,12.19,16.88,17.25,14.50
103081,23.44,2.34,3,14.36,13.44,8,14.58,190,0.53,0.53,1878,0.00,0.99,2,0.5000,42.00,126,5,0.00,7,12.04,16.48,16.86,14.30
103185,22.66,2.34,3,14.36,13.52,8,14.58,190,0.53,0.53,1887,0.00,0.99,2,0.5000,42.00,126,4,0.00,7,12.19,16.68,16.86,14.40
103289,22.66,2.34,3,14.36,13.28,8,14.58,190,0.53,0.53,1890,0.00,0.99,2,0.5000,42.00,126,4,0.00,7,11.90,16.61,16.47,14.30
103393,21.88,2.34,3,14.36,13.36,8,14.58,190,0.51,0.50,1866,0.00,0.99,2,0.5000,41.00,126,4,0.00,7,11.46,15.60,15.29,14.30
103497,19.53,2.34,3,14.36,13.28,8,14.58,190,0.51,0.50,1848,0.00,1.00,2,0.5000,40.50,126,4,0.00,7,11.32,15.40,14.90,14.20
103601,17.97,2.34,3,14.36,13.52,8,14.58,190,0.51,0.51,1845,0.00,1.00,2,0.5000,40.50,126,4,0.00,7,11.17,15.40,14.90,13.90
103705,17.19,2.34,3,14.36,13.44,8,14.58,190,0.50,0.50,1836,0.00,1.00,2,0.5000,40.00,126,4,0.00,7,11.17,15.33,14.90,13.80
103809,16.41,2.34,3,14.36,13.36,8,14.58,190,0.50,0.50,1836,0.00,0.99,2,0.5000,40.00,126,4,0.00,7,11.17,15.40,14.90,14.00
103913,16.41,2.34,3,14.36,13.36,8,14.58,190,0.50,0.50,1826,0.00,0.99,2,0.5000,40.00,126,4,0.00,7,11.17,15.27,14.90,14.20
104017,16.41,2.34,3,14.36,13.28,8,14.58,190,0.50,0.51,1828,0.00,0.99,2,0.5000,40.00,126,4,0.00,8,11.17,15.33,14.90,14.20
104121,16.41,2.34,3,14.36,13.44,8,14.57,190,0.49,0.49,1839,0.00,0.99,2,0.5000,40.00,126,5,0.00,8,10.88,14.85,14.12,14.40
104225,14.84,2.34,3,14.36,13.52,8,14.57,190,0.49,0.49,1834,0.00,0.99,2,0.5000,39.50,126,5,0.00,8,10.88,14.91,14.12,14.30
104329,14.06,2.34,3,14.36,13.36,8,14.57,190,0.49,0.48,1834,0.00,0.99,2,0.5000,39.50,126,5,0.00,8,10.74,14.85,14.12,14.20
104433,14.06,2.34,3,14.36,13.36,8,14.57,190,0.49,0.50,1820,0.00,0.99,2,0.5000,39.50,126,5,0.00,8,10.88,15.08,14.51,14.30
104537,14.06,2.34,3,14.36,13.36,8,14.57,190,0.49,0.49,1827,0.00,0.99,2,0.5000,39.50,126,5,0.00,8,11.03,15.02,14.90,14.60
104641,14.84,2.34,3,14.36,13.44,8,14.57,190,0.49,0.49,1829,0.00,0.99,2,0.5000,39.50,126,6,0.00,8,11.03,15.08,14.90,14.50
104745,15.62,2.34,3,14.36,13.44,8,14.57,190,0.49,0.50,1848,0.00,0.99,2,0.5000,40.00,126,6,0.00,8,11.03,15.14,14.90,15.00
104849,16.41,2.34,3,14.36,13.36,8,14.57,190,0.49,0.49,1852,0.00,0.99,2,0.5000,40.00,126,7,0.00,8,11.03,15.14,14.90,14.80
104953,16.41,2.34,3,14.36,13.28,8,14.57,190,0.49,0.49,1854,0.00,0.99,2,0.5000,40.00,126,7,0.00,8,11.03,15.14,14.90,14.80
105057,17.19,2.34,3,14.36,13.44,8,14.57,190,0.49,0.48,1844,0.00,0.99,2,0.5000,39.50,126,7,0.00,8,11.03,15.08,14.90,14.70
105161,17.19,2.34,3,14.36,13.52,8,14.57,190,0.49,0.49,1847,0.00,0.99,2,0.5000,39.50,126,8,0.00,9,11.03,15.14,14.90,14.80
105267,17.97,2.34,3,14.36,13.44,8,14.57,190,0.49,0.49,1863,0.00,0.99,2,0.5000,39.50,126,8,0.00,10,11.03,15.02,14.90,14.60
105369,17.97,2.34,3,14.36,13.36,8,14.57,190,0.49,0.49,1866,0.00,0.99,2,0.5000,40.00,126,9,0.00,10,10.88,15.21,14.90,14.70
105473,17.97,2.34,3,14.36,13.36,8,14.57,190,0.49,0.49,1857,0.00,0.99,2,0.5000,39.50,126,9,0.00,10,10.88,15.26,14.90,14.50
105578,18.75,2.34,3,14.36,13.44,8,14.57,190,0.49,0.48,1860,0.00,0.99,2,0.5000,39.50,126,9,0.00,10,11.03,15.14,14.90,14.60
105681,18.75,2.34,3,14.36,13.36,8,14.57,190,0.49,0.49,1879,0.00,0.99,2,0.5000,40.00,126,10,0.00,10,10.88,15.21,14.90,14.60
105785,18.75,2.34,3,14.36,13.44,8,14.57,190,0.49,0.48,1878,0.00,0.99,2,0.5000,40.00,126,10,0.00,10,10.88,15.14,14.90,14.50
105889,18.75,2.34,3,14.36,13.36,8,14.57,190,0.49,0.48,1867,0.00,0.99,2,0.5000,39.50,126,10,0.00,11,10.88,15.26,14.90,14.60
105994,18.75,2.34,3,14.36,13.36,8,14.57,190,0.49,0.49,1871,0.00,0.99,2,0.5000,39.50,126,11,0.00,11,10.88,15.21,14.90,14.50
106097,19.53,2.34,3,14.36,13.36,8,14.57,190,0.49,0.48,1890,0.00,0.99,2,0.5000,40.00,126,11,0.00,11,10.88,15.26,14.90,14.60
106201,19.53,3.12,3,14.36,13.44,8,14.57,190,0.48,0.48,1891,0.00,0.99,2,0.5000,40.00,126,11,0.00,11,10.88,15.20,14.90,14.60
106305,18.75,3.12,3,14.36,13.36,8,14.57,190,0.48,0.48,1884,0.00,0.99,2,0.5000,40.00,126,12,0.00,11,10.88,15.14,14.90,14.60
106409,19.53,3.12,3,14.36,13.36,8,14.57,190,0.46,0.47,1888,0.00,0.99,2,0.5000,39.50,126,12,0.00,11,10.16,14.27,12.55,14.50
106513,17.19,3.12,3,14.36,13.36,8,14.57,190,0.43,0.41,1874,0.00,1.00,2,0.5000,38.00,126,13,0.00,11,9.29,12.43,10.20,14.50
106617,11.72,3.12,3,14.36,13.44,8,14.57,190,0.41,0.39,1836,0.00,1.00,2,0.5000,36.50,126,13,0.00,11,8.71,11.89,9.80,13.50
106721,7.03,3.12,3,14.36,13.36,8,14.57,190,0.40,0.39,1815,0.00,1.00,2,0.5000,35.50,126,13,0.00,11,8.42,11.79,9.80,13.50
106825,3.12,3.12,3,14.36,13.36,8,14.57,190,0.37,0.36,1782,0.00,1.00,2,0.5000,34.00,126,14,0.00,11,7.84,10.41,8.24,12.70
106929,0.00,2.34,2,14.36,13.36,8,14.57,190,0.35,0.33,1750,0.00,1.00,2,0.5000,33.00,126,14,0.00,11,7.25,9.63,7.45,12.80
107034,-1.56,2.34,2,14.36,13.44,8,14.57,190,0.33,0.32,1706,0.00,1.00,2,0.5000,31.50,126,15,0.00,11,6.96,9.19,7.45,12.80
107137,-4.69,2.34,2,14.36,13.44,8,14.57,190,0.32,0.31,1683,0.00,1.00,2,0.5000,31.00,124,14,0.00,11,6.82,8.75,7.06,12.60
107242,-6.25,2.34,2,14.36,13.44,8,14.57,190,0.30,0.29,1679,0.00,1.00,2,0.5000,29.50,124,15,0.00,11,6.38,8.30,6.67,12.60
107345,-8.59,2.34,2,14.36,13.36,8,14.57,190,0.30,0.29,1674,0.00,1.00,2,0.5000,27.00,124,15,0.00,11,6.24,8.07,6.67,12.70
107449,-10.16,2.34,2,14.36,13.36,8,14.57,190,0.30,0.29,1636,0.00,1.00,2,0.5000,24.50,124,15,0.00,11,6.24,7.99,6.67,12.70
107554,-11.72,2.34,2,14.36,13.36,8,14.58,190,0.31,0.31,1539,0.00,1.00,2,0.5000,6.50,124,16,0.00,11,6.24,7.87,6.67,12.80
107657,0.00,1.56,2,14.36,13.44,10,14.61,190,0.34,0.38,1258,0.00,0.86,2,0.5000,16.00,124,17,0.00,11,6.53,7.83,6.27,12.70
107762,0.00,0.00,2,14.36,13.36,10,14.65,190,0.38,0.44,1012,0.00,0.85,2,0.5000,22.00,124,14,0.00,11,6.96,7.47,5.88,13.10
107866,0.00,0.00,2,14.36,13.36,10,14.67,190,0.41,0.46,939,0.00,0.88,3,0.5000,22.00,124,3,0.00,11,7.40,7.10,5.49,13.40
107970,0.00,0.00,2,14.36,13.44,10,14.67,190,0.43,0.48,870,0.00,0.90,3,0.5000,21.50,124,2,0.00,11,7.84,6.92,5.49,13.90
108074,0.00,0.00,2,14.36,13.52,10,14.65,190,0.43,0.45,918,0.00,1.00,3,0.5000,21.00,124,0,0.00,11,7.98,6.81,5.49,16.10
108177,0.00,0.00,2,14.36,13.52,10,14.64,190,0.42,0.42,971,0.00,1.00,3,0.5000,16.50,124,0,0.00,11,8.13,6.78,5.88,15.00
108281,0.00,0.00,2,14.36,13.52,10,14.64,190,0.41,0.40,1026,0.00,1.00,3,0.5000,14.50,124,0,0.00,11,8.13,6.78,5.88,13.20
108386,0.00,0.00,2,14.36,12.80,10,14.64,190,0.40,0.38,1064,0.00,1.00,3,0.5000,12.00,124,0,0.00,11,7.98,6.78,5.88,12.40
108490,0.00,0.00,2,14.36,13.12,10,14.64,190,0.40,0.39,1046,0.00,1.00,3,0.5000,14.00,124,0,0.00,11,7.98,6.81,5.88,11.60
108594,0.00,0.00,2,14.36,13.44,10,14.64,190,0.39,0.39,1036,0.00,1.00,3,0.5000,15.50,124,0,0.00,11,7.84,6.70,5.49,11.50
108698,0.00,0.00,2,14.36,13.44,10,14.64,190,0.39,0.38,1028,0.00,1.00,3,0.5000,16.50,124,0,0.00,11,7.84,6.52,5.49,11.50
108802,0.00,0.00,2,14.36,13.36,10,14.64,190,0.38,0.37,1036,0.00,1.00,3,0.5000,16.00,124,0,0.00,11,7.84,6.41,5.49,11.70
108906,0.00,0.00,2,14.36,13.44,10,14.65,190,0.38,0.37,1027,0.00,1.00,3,0.5000,16.50,124,0,0.00,11,7.84,6.34,5.49,11.90
109010,0.00,0.00,2,14.36,13.44,10,14.64,190,0.38,0.38,1014,0.00,1.00,3,0.5000,17.00,124,0,0.00,11,7.84,6.34,5.49,12.10
109114,0.00,0.00,2,14.36,13.44,10,14.65,190,0.37,0.37,1003,0.00,1.00,3,0.5000,17.00,124,0,0.00,11,7.69,6.27,5.49,12.30
109218,0.00,0.00,2,14.36,13.44,10,14.65,190,0.37,0.37,1006,0.00,1.00,3,0.5000,17.00,124,0,0.00,11,7.69,6.20,5.49,12.30
109322,0.00,0.00,2,14.36,13.52,10,14.65,190,0.37,0.38,996,0.00,1.00,3,0.5000,17.00,124,0,0.00,11,7.84,6.20,5.49,12.50
109426,0.00,0.00,2,14.36,13.44,10,14.65,190,0.38,0.39,984,0.00,1.00,3,0.5000,17.50,124,0,0.00,11,7.98,6.34,5.88,12.50
109530,0.00,0.00,2,14.36,13.36,10,14.65,190,0.38,0.38,981,0.00,1.00,3,0.5000,17.50,124,0,0.00,11,7.98,6.34,5.88,12.60
109634,0.00,0.00,2,14.36,13.36,10,14.65,190,0.38,0.38,988,0.00,1.00,3,0.5000,17.00,124,0,0.00,11,8.13,6.34,5.88,12.60
109738,0.00,0.00,2,14.36,13.44,10,14.65,190,0.38,0.39,980,0.00,1.00,3,0.5000,17.50,124,0,0.00,11,8.13,6.30,5.88,12.60
109842,0.00,0.00,2,14.36,13.44,10,14.65,190,0.38,0.38,977,0.00,1.00,3,0.5000,17.50,124,0,0.00,11,8.13,6.27,5.88,12.80
109946,0.00,0.00,2,14.36,13.20,10,14.65,190,0.38,0.38,984,0.00,1.00,3,0.5000,17.00,124,0,0.00,11,8.27,6.20,5.88,12.90
110050,0.00,0.00,2,14.36,13.44,10,14.66,190,0.38,0.38,972,0.00,1.00,3,0.5000,17.50,124,0,0.00,11,8.27,6.20,5.88,12.90
110154,0.00,0.00,2,14.36,13.36,10,14.66,190,0.38,0.39,962,0.00,1.00,3,0.5000,18.00,124,0,0.00,11,8.27,6.20,5.88,12.90
110257,0.00,0.00,2,14.36,13.36,10,14.66,190,0.38,0.38,963,0.00,1.00,3,0.5000,17.50,124,0,0.00,11,8.27,6.13,5.88,13.00
110362,0.00,0.00,2,14.36,13.44,10,14.66,190,0.38,0.39,954,0.00,1.00,3,0.5000,18.00,124,0,0.00,11,8.27,6.13,5.88,13.00
110466,0.00,0.00,2,14.36,13.44,10,14.66,190,0.38,0.39,942,0.00,1.00,3,0.5000,19.00,124,0,0.00,11,8.42,6.10,5.88,13.10
110570,0.00,0.00,2,14.36,13.36,10,14.66,190,0.39,0.39,944,0.00,1.00,3,0.5000,18.50,124,0,0.00,11,8.42,6.07,5.88,13.30
110674,0.00,0.00,2,14.36,13.36,10,14.66,190,0.39,0.39,927,0.00,1.00,3,0.5000,20.00,124,0,0.00,11,8.42,6.07,5.88,13.20
110778,0.00,0.00,2,14.36,13.44,10,14.66,190,0.39,0.39,923,0.00,1.00,3,0.5000,19.50,124,0,0.00,11,8.42,6.00,5.88,13.40
110882,0.00,0.00,2,14.36,13.36,10,14.66,190,0.38,0.39,932,0.00,1.00,3,0.5000,18.00,124,0,0.00,11,8.56,6.00,5.49,13.30
110985,0.00,0.00,2,14.36,13.44,10,14.65,190,0.38,0.37,962,0.00,1.00,3,0.5000,17.00,124,0,0.00,11,8.42,5.94,5.49,13.30
111090,0.00,0.00,2,14.36,13.44,10,14.64,190,0.37,0.35,1011,0.00,1.00,3,0.5000,14.50,124,0,0.00,11,8.42,5.94,5.88,13.40
111193,0.00,0.00,2,14.36,13.36,10,14.64,190,0.36,0.34,1050,0.00,1.00,3,0.5000,12.00,124,0,0.00,11,8.27,5.94,5.88,13.50
111298,0.00,0.00,2,14.36,13.52,10,14.63,190,0.34,0.33,1099,0.00,1.00,3,0.5000,12.00,124,0,0.00,11,8.13,6.00,5.88,13.40
111402,0.00,0.00,2,14.36,13.44,10,14.62,190,0.33,0.31,1147,0.00,1.00,3,0.5000,12.00,124,0,0.00,11,7.84,5.97,5.49,13.50
111506,0.00,0.00,2,14.36,13.44,10,14.61,190,0.32,0.29,1186,0.00,1.00,3,0.5000,17.00,124,0,0.00,11,7.55,5.81,5.49,13.70
111610,0.00,0.00,2,14.36,13.52,10,14.61,190,0.30,0.29,1205,0.00,1.00,3,0.5000,17.00,124,0,0.00,11,7.40,5.81,5.49,13.90
111714,0.00,0.00,2,14.36,13.28,10,14.60,190,0.30,0.29,1213,0.00,0.96,3,0.5000,17.00,124,0,0.00,11,7.25,5.88,5.88,14.20
111818,0.00,0.00,2,14.36,13.44,10,14.60,190,0.30,0.30,1203,0.00,0.96,2,0.5000,19.00,124,0,0.00,11,7.11,5.94,5.88,14.30
111922,0.00,0.00,2,14.36,13.44,10,14.60,190,0.30,0.30,1198,0.00,0.96,2,0.5000,22.00,124,0,0.00,11,6.96,5.97,5.88,14.30
112026,0.00,0.00,2,14.36,13.52,8,14.60,190,0.30,0.30,1209,0.00,1.00,2,0.5000,23.50,124,0,0.00,11,6.96,6.00,5.88,15.30
112130,0.78,0.00,2,14.36,13.44,8,14.60,190,0.30,0.30,1214,0.00,1.00,2,0.5000,23.50,124,0,0.00,11,6.96,6.00,5.88,14.80
112234,0.00,0.00,2,14.36,13.36,8,14.60,190,0.30,0.30,1210,0.00,1.00,2,0.5000,23.50,124,0,0.00,11,6.82,5.97,5.88,14.80
112338,0.00,0.00,2,14.36,13.44,8,14.60,190,0.30,0.30,1203,0.00,1.00,2,0.5000,22.00,124,0,0.00,11,6.82,5.97,5.88,14.70
112442,0.78,0.00,2,14.36,13.44,8,14.61,190,0.30,0.30,1203,0.00,1.00,2,0.5000,20.50,124,0,0.00,11,6.82,5.94,5.88,14.80
112546,0.78,0.00,2,14.36,13.52,8,14.61,190,0.30,0.30,1190,0.00,1.00,2,0.5000,19.00,124,0,0.00,11,6.82,5.94,5.88,14.70
112650,0.78,0.00,2,14.36,13.44,8,14.61,190,0.30,0.30,1183,0.00,1.00,2,0.5000,18.00,124,0,0.00,11,6.82,5.91,5.88,14.70
112754,0.78,0.00,2,14.36,13.20,8,14.61,190,0.30,0.30,1164,0.00,1.00,2,0.5000,17.00,124,0,0.00,11,6.82,5.88,5.88,14.70
112858,0.78,0.00,2,14.36,13.12,8,14.62,190,0.30,0.31,1154,0.00,1.00,2,0.5000,17.00,124,0,0.00,11,6.96,5.88,5.49,14.70
112962,0.78,0.00,2,14.36,13.44,8,14.62,190,0.31,0.31,1143,0.00,1.00,2,0.5000,17.00,124,0,0.00,11,7.11,5.88,5.49,14.60
113066,0.78,0.00,2,14.36,13.44,8,14.62,190,0.31,0.31,1135,0.00,1.00,2,0.5000,17.00,124,0,0.00,11,7.25,5.88,5.49,14.60
113170,0.78,0.00,2,14.36,13.36,8,14.62,190,0.31,0.31,1147,0.00,1.00,2,0.5000,17.00,124,0,0.00,11,7.25,5.84,5.49,14.50
113274,1.56,0.00,2,14.36,13.44,8,14.62,190,0.31,0.31,1144,0.00,1.00,2,0.5000,17.00,124,0,0.00,11,7.11,5.81,5.49,14.90
113378,1.56,0.00,2,14.36,13.44,8,14.62,190,0.31,0.31,1140,0.00,1.00,2,0.5000,17.00,124,0,0.00,11,7.11,5.78,5.49,14.80
113483,2.34,0.00,2,14.36,13.44,8,14.62,190,0.31,0.31,1127,0.00,1.00,2,0.5000,17.50,124,0,0.00,11,7.11,5.78,5.49,14.90
113586,2.34,0.00,2,14.36,13.52,8,14.63,190,0.31,0.31,1110,0.00,1.00,2,0.5000,18.50,124,0,0.00,11,6.96,5.78,5.49,15.00
113690,2.34,0.00,2,14.36,13.44,8,14.63,190,0.31,0.31,1096,0.00,1.00,2,0.5000,19.50,124,0,0.00,11,7.11,5.78,5.49,15.20
113794,2.34,0.00,2,14.36,13.44,8,14.63,190,0.31,0.32,1084,0.00,1.00,2,0.5000,20.00,124,0,0.00,11,7.11,5.75,5.49,15.00
113898,2.34,0.00,2,14.36,13.44,8,14.63,190,0.32,0.32,1064,0.00,1.00,2,0.5000,21.00,124,0,0.00,11,7.11,5.75,5.49,14.90
114002,2.34,0.00,2,14.36,13.36,8,14.64,190,0.32,0.32,1062,0.00,1.00,2,0.5000,21.00,124,0,0.00,11,7.11,5.68,5.49,14.80
114106,1.56,1.56,1,14.36,13.36,8,14.64,190,0.32,0.32,1053,0.00,1.00,2,0.5000,21.00,124,0,0.00,11,7.25,5.59,5.49,14.80
114210,1.56,1.56,1,14.36,13.44,8,14.64,190,0.32,0.32,1051,0.00,1.00,2,0.5000,20.50,124,0,0.00,11,7.25,5.55,5.49,14.50
114314,0.78,1.56,1,14.36,13.44,8,14.64,190,0.32,0.32,1042,0.00,1.00,2,0.5000,20.50,124,0,0.00,11,7.25,5.49,5.49,14.50
114418,0.78,1.56,1,14.36,13.44,8,14.64,190,0.32,0.32,1043,0.00,1.00,2,0.5000,20.00,124,0,0.00,11,7.25,5.49,5.49,14.30
114523,0.00,1.56,1,14.36,13.44,8,14.64,190,0.32,0.32,1043,0.00,1.00,2,0.5000,19.50,124,0,0.00,11,7.25,5.49,5.49,14.40
114626,0.00,1.56,1,14.36,13.36,8,14.64,190,0.32,0.32,1037,0.00,1.00,2,0.5000,19.50,124,0,0.00,11,7.25,5.49,5.49,14.30
114730,-0.78,1.56,1,14.36,13.52,8,14.64,190,0.32,0.32,1030,0.00,1.00,2,0.5000,19.50,124,0,0.00,11,7.25,5.46,5.49,14.20
114834,-0.78,1.56,1,14.36,13.44,8,14.64,190,0.32,0.32,1018,0.00,1.00,2,0.5000,20.50,124,0,0.00,11,7.25,5.42,5.49,14.10
114938,-1.56,1.56,1,14.36,13.52,8,14.64,190,0.32,0.32,1010,0.00,1.00,2,0.5000,20.50,124,0,0.00,11,7.25,5.39,5.49,14.10
115042,-1.56,1.56,1,14.36,13.36,8,14.65,190,0.32,0.32,1018,0.00,1.00,2,0.5000,19.50,124,0,0.00,11,7.25,5.42,5.49,14.10
115146,-2.34,1.56,1,14.36,13.44,8,14.65,190,0.33,0.33,1008,0.00,1.00,2,0.5000,19.50,124,0,0.00,11,7.55,5.59,5.88,14.10
115250,-2.34,0.00,2,14.36,13.44,8,14.65,190,0.34,0.36,996,0.00,1.00,2,0.5000,17.50,124,0,0.00,11,7.84,6.07,6.67,14.00
115354,-2.34,0.00,2,14.36,13.44,8,14.65,190,0.36,0.37,986,0.00,1.00,2,0.5000,20.00,124,0,0.00,11,8.13,6.27,6.67,14.10
115458,-2.34,0.00,2,14.36,13.44,8,14.65,190,0.36,0.38,1000,0.00,1.00,2,0.5000,22.50,124,0,0.00,11,8.42,6.30,6.67,14.20
115562,-1.56,0.00,2,14.36,13.44,8,14.64,190,0.36,0.37,1025,0.00,0.99,2,0.5000,22.50,124,0,0.00,11,8.56,6.30,6.67,14.40
115666,0.00,0.00,2,14.36,13.44,8,14.64,190,0.36,0.37,1039,0.00,0.99,2,0.5000,23.00,124,0,0.00,11,8.56,6.34,6.67,14.10
115770,0.78,0.00,2,14.36,13.44,8,14.63,190,0.37,0.37,1050,0.00,0.99,2,0.5000,23.50,124,0,0.00,11,8.71,6.56,7.06,15.20
115874,1.56,0.00,2,14.36,13.44,8,14.63,190,0.37,0.38,1063,0.00,0.99,2,0.5000,23.50,124,0,0.00,11,8.85,6.71,7.06,15.20
115978,2.34,0.00,2,14.36,13.52,8,14.63,190,0.37,0.38,1079,0.00,0.99,2,0.5000,23.50,124,0,0.00,11,8.85,6.78,7.06,15.30
116084,3.12,0.00,2,14.36,13.36,8,14.63,190,0.37,0.37,1090,0.00,0.99,2,0.5000,24.00,124,0,0.00,11,8.85,6.82,7.45,15.60
116186,4.69,0.00,2,14.36,13.52,8,14.63,190,0.37,0.38,1100,0.00,0.99,2,0.5000,24.00,124,0,0.00,11,8.85,6.82,7.45,15.80
116290,5.47,0.00,2,14.36,13.44,8,14.63,190,0.37,0.37,1107,0.00,0.99,2,0.5000,24.00,124,0,0.00,11,8.85,6.82,7.45,15.80
116394,6.25,0.00,2,14.36,13.44,8,14.63,190,0.37,0.37,1096,0.00,0.99,2,0.5000,24.00,124,0,0.00,11,8.85,6.86,7.06,15.80
116498,6.25,0.00,2,14.36,13.52,8,14.62,190,0.37,0.37,1100,0.00,1.00,2,0.5000,24.00,124,0,0.00,11,8.85,6.86,7.06,15.90
116602,7.03,0.00,2,14.36,13.36,8,14.62,190,0.37,0.37,1104,0.00,1.00,2,0.5000,24.00,124,0,0.00,11,8.71,6.83,7.06,15.70
116706,7.03,0.00,2,14.36,13.44,8,14.62,190,0.37,0.37,1109,0.00,1.00,2,0.5000,24.00,124,0,0.00,11,8.71,6.83,7.06,15.60
116810,7.81,0.00,2,14.36,13.44,8,14.62,190,0.36,0.36,1118,0.00,1.00,2,0.5000,24.00,124,0,0.00,11,8.56,6.64,6.67,15.60
116914,7.81,0.00,2,14.36,13.52,8,14.62,190,0.35,0.34,1120,0.00,1.00,2,0.5000,24.00,124,0,0.00,11,8.13,6.28,6.27,15.60
117018,7.81,0.00,2,14.36,13.52,8,14.62,190,0.34,0.33,1116,0.00,1.00,2,0.5000,23.50,124,0,0.00,11,7.98,6.21,6.27,15.30
117122,6.25,0.00,2,14.36,13.44,8,14.62,190,0.35,0.35,1120,0.00,1.00,2,0.5000,23.50,124,0,0.00,11,8.13,6.75,7.45,15.10
117226,5.47,0.00,2,14.36,13.52,8,14.62,190,0.36,0.38,1120,0.00,1.00,2,0.5000,24.00,124,0,0.00,11,8.42,7.08,7.45,15.50
117330,6.25,0.00,2,14.36,13.44,8,14.62,190,0.37,0.39,1124,0.00,1.00,2,0.5000,24.00,124,0,0.00,11,8.71,7.31,7.84,14.50
117434,8.59,0.00,2,14.36,13.44,8,14.62,190,0.38,0.39,1140,0.00,0.99,2,0.5000,24.50,124,0,0.00,11,8.85,7.50,8.24,14.30
117538,10.94,0.00,2,14.36,13.36,8,14.61,189,0.39,0.41,1157,0.00,0.99,2,0.5000,25.00,124,0,0.00,11,9.29,7.93,8.63,14.90
117643,12.50,0.00,2,14.36,13.44,8,14.60,189,0.40,0.41,1185,0.00,0.99,2,0.5000,26.00,124,0,0.00,11,9.43,8.01,8.63,15.30
117746,14.84,0.00,2,14.36,13.44,8,14.60,189,0.40,0.40,1206,0.00,0.99,2,0.5000,26.00,124,0,0.00,11,9.58,8.05,8.63,15.50
117850,17.19,0.00,2,14.36,13.28,8,14.60,189,0.40,0.40,1222,0.00,0.99,2,0.5000,26.50,124,0,0.00,11,9.43,8.05,8.63,15.70
117955,17.19,0.00,2,14.36,13.52,8,14.60,189,0.40,0.39,1236,0.00,0.99,2,0.5000,26.50,124,0,0.00,11,9.43,8.13,8.63,15.80
118058,17.19,0.00,2,14.36,13.36,8,14.60,189,0.39,0.39,1245,0.00,0.99,2,0.5000,26.50,124,0,0.00,11,9.43,8.21,8.63,15.70
118162,16.41,0.00,2,14.36,13.44,8,14.60,189,0.39,0.39,1268,0.00,0.99,2,0.5000,27.00,124,0,0.00,11,9.29,8.25,8.63,15.20
118267,15.62,0.00,2,14.36,13.44,8,14.60,189,0.39,0.39,1272,0.00,0.99,2,0.5000,27.00,124,0,0.00,11,9.29,8.37,8.63,14.90
118370,15.62,0.00,2,14.36,13.36,8,14.60,189,0.40,0.39,1278,0.00,0.99,2,0.5000,27.00,124,0,0.00,11,9.29,8.41,8.63,14.20
118474,15.62,0.00,2,14.36,13.44,8,14.60,189,0.40,0.40,1270,0.00,1.00,2,0.5000,27.00,124,0,0.00,11,9.29,8.49,8.63,14.40
118578,15.62,0.00,2,14.36,13.36,8,14.60,189,0.40,0.40,1278,0.00,1.00,2,0.5000,27.00,124,0,0.00,11,9.14,8.53,8.63,14.50
118683,14.84,0.00,2,14.36,13.52,8,14.60,189,0.40,0.40,1308,0.00,1.00,2,0.5000,27.50,124,0,0.00,11,9.14,8.57,8.63,14.40
118786,14.06,0.00,2,14.36,13.44,8,14.60,189,0.40,0.39,1316,0.00,1.00,2,0.5000,27.50,124,0,0.00,11,9.14,8.65,8.63,14.40
118890,13.28,0.00,2,14.36,13.44,8,14.60,189,0.40,0.39,1309,0.00,1.00,2,0.5000,27.50,124,0,0.00,11,9.00,8.73,8.63,14.30
118994,12.50,0.00,2,14.36,13.44,8,14.60,189,0.39,0.40,1315,0.00,1.00,2,0.5000,27.50,124,0,0.00,11,9.00,8.73,8.63,14.20
119099,10.94,0.00,2,14.36,13.36,8,14.60,189,0.39,0.39,1336,0.00,1.00,2,0.5000,28.00,124,0,0.00,11,9.00,8.73,8.63,14.10
119203,10.16,0.00,2,14.36,13.36,8,14.59,189,0.39,0.39,1328,0.00,1.00,2,0.5000,28.00,124,0,0.00,11,9.00,8.73,9.02,14.20
119306,9.38,0.00,2,14.36,13.36,8,14.59,189,0.39,0.40,1333,0.00,1.00,2,0.5000,28.00,124,0,0.00,11,8.85,8.91,8.63,14.00
119410,9.38,0.00,2,14.36,13.52,8,14.59,189,0.39,0.39,1356,0.00,1.00,2,0.5000,28.00,124,0,0.00,11,8.85,8.73,8.63,14.00
119515,8.59,0.00,2,14.36,13.44,8,14.59,189,0.39,0.39,1349,0.00,1.00,2,0.5000,28.00,124,0,0.00,11,8.85,8.82,8.63,14.10
119619,8.59,0.00,2,14.36,13.36,8,14.59,189,0.39,0.39,1360,0.00,1.00,2,0.5000,28.00,124,0,0.00,11,8.71,8.73,9.02,14.20
119723,7.81,0.00,2,14.36,13.36,8,14.59,189,0.40,0.41,1384,0.00,1.00,2,0.5000,28.50,124,0,0.00,11,9.00,9.57,9.80,14.30
119827,8.59,0.00,2,14.36,13.28,8,14.59,189,0.42,0.42,1389,0.00,0.99,2,0.5000,29.50,124,0,0.00,11,9.43,10.15,10.20,14.30
119931,9.38,0.00,3,14.36,13.44,8,14.59,189,0.44,0.46,1428,0.00,0.99,2,0.5000,31.00,124,0,0.00,11,9.87,11.07,11.76,14.10
120035,11.72,0.00,3,14.36,13.28,8,14.58,189,0.46,0.47,1450,0.00,0.99,2,0.5000,32.00,124,0,0.00,11,10.45,11.56,12.16,15.10
120139,14.84,0.00,3,14.36,13.44,8,14.58,189,0.47,0.47,1504,0.00,0.99,2,0.5000,33.50,124,0,0.00,11,10.74,11.87,12.55,15.50
120243,16.41,0.78,3,14.36,13.36,8,14.58,189,0.46,0.47,1536,0.00,0.99,2,0.5000,34.50,124,0,0.00,11,10.74,11.98,12.55,15.60
120346,15.62,0.78,3,14.36,13.36,8,14.58,189,0.46,0.46,1567,0.00,0.99,2,0.5000,35.00,124,0,0.00,11,10.74,12.14,12.94,15.40
120451,15.62,0.78,3,14.36,13.44,8,14.58,189,0.47,0.46,1598,0.00,0.99,2,0.5000,35.50,124,0,0.00,11,10.88,12.52,13.33,14.90
120555,16.41,0.78,3,14.36,13.52,8,14.57,189,0.47,0.47,1617,0.00,0.99,2,0.5000,36.00,124,0,0.00,11,10.88,12.62,13.33,14.90
120659,17.19,3.12,3,14.36,13.36,8,14.57,189,0.47,0.47,1619,0.00,0.99,2,0.5000,36.00,124,0,0.00,11,10.88,12.68,13.33,14.80
120763,17.19,3.12,3,14.36,13.36,8,14.57,189,0.47,0.47,1633,0.00,0.99,2,0.5000,36.00,124,0,0.00,11,10.88,12.78,13.33,14.80
120867,17.19,3.12,3,14.36,13.44,8,14.57,189,0.46,0.46,1646,0.00,0.99,2,0.5000,36.00,124,0,0.00,11,10.74,12.73,13.33,14.90
120970,16.41,3.12,3,14.36,13.44,8,14.57,189,0.46,0.46,1676,0.00,0.99,2,0.5000,36.50,124,0,0.00,11,10.74,13.00,13.33,14.40
121075,15.62,3.12,3,14.36,13.36,8,14.57,189,0.46,0.46,1694,0.00,0.99,2,0.5000,36.50,124,0,0.00,11,10.59,13.11,13.33,14.40
121179,15.62,3.12,3,14.36,13.44,8,14.57,189,0.46,0.46,1710,0.00,0.99,2,0.5000,37.00,124,0,0.00,11,10.59,13.00,13.33,14.40
121283,15.62,3.12,3,14.36,13.20,8,14.57,189,0.46,0.46,1728,0.00,0.99,2,0.5000,37.00,124,0,0.00,11,10.45,13.16,13.33,14.40
121387,15.62,3.12,3,14.36,13.36,8,14.57,189,0.46,0.46,1743,0.00,0.99,2,0.5000,37.00,124,0,0.00,11,10.45,13.32,13.33,14.50
121490,15.62,3.12,3,14.36,13.36,8,14.57,189,0.46,0.46,1761,0.00,0.99,2,0.5000,37.00,124,0,0.00,11,10.45,13.38,13.33,14.40
121594,15.62,3.12,3,14.36,13.44,8,14.57,189,0.46,0.46,1774,0.00,0.99,2,0.5000,37.50,124,0,0.00,11,10.30,13.55,13.33,14.40
121699,16.41,3.12,3,14.36,13.28,8,14.57,189,0.46,0.46,1792,0.00,0.99,2,0.5000,37.50,124,0,0.00,11,10.45,13.78,13.73,14.50
121803,16.41,3.12,3,14.36,13.36,8,14.57,189,0.46,0.46,1800,0.00,0.99,2,0.5000,38.00,124,0,0.00,11,10.59,14.25,14.12,14.60
121907,17.19,3.12,3,14.36,13.36,8,14.57,189,0.46,0.46,1824,0.00,0.99,2,0.5000,38.00,124,0,0.00,11,10.59,14.13,14.51,14.60
122011,17.97,3.12,3,14.36,13.36,8,14.57,189,0.46,0.46,1843,0.00,0.99,2,0.5000,38.50,124,0,0.00,11,10.59,14.13,14.12,14.80
122115,18.75,3.12,3,14.36,13.52,8,14.57,187,0.46,0.46,1878,0.00,0.99,2,0.5000,38.50,124,0,0.00,11,10.45,14.25,14.12,14.80
122219,19.53,3.12,3,14.36,13.28,8,14.57,187,0.45,0.45,1897,0.00,0.99,2,0.5000,38.50,124,0,0.00,11,10.45,14.25,14.12,14.80
122323,19.53,3.12,3,14.36,12.48,8,14.57,187,0.45,0.45,1903,0.00,0.99,2,0.5000,38.50,124,0,0.00,11,10.45,14.30,14.51,14.80
122427,20.31,3.12,3,14.36,13.44,8,14.57,187,0.45,0.45,1930,0.00,0.99,2,0.5000,39.00,124,1,0.00,11,10.30,14.48,14.51,14.70
122531,21.09,3.12,3,14.36,13.44,8,14.57,187,0.45,0.45,1945,0.00,0.99,2,0.5000,39.00,124,1,0.00,11,10.30,14.65,14.51,14.70
122635,21.88,3.12,3,14.36,13.44,8,14.57,187,0.45,0.45,1951,0.00,0.99,2,0.5000,39.00,124,1,0.00,11,10.30,14.60,14.51,15.00
122739,22.66,3.12,3,14.36,13.36,8,14.57,187,0.44,0.45,1986,0.00,0.99,2,0.5000,39.50,124,1,0.00,11,10.30,14.48,14.51,14.80
122843,23.44,3.12,3,14.36,13.44,8,14.57,187,0.44,0.44,1992,0.00,0.99,2,0.5000,39.50,124,1,0.00,11,10.16,14.71,14.51,14.90
122946,23.44,3.12,3,14.36,13.36,8,14.57,187,0.44,0.44,2025,0.00,0.99,2,0.5000,39.50,124,1,0.00,11,10.01,14.54,14.12,14.70
123051,23.44,3.12,3,14.36,13.44,8,14.57,187,0.43,0.43,2026,0.00,0.99,2,0.5000,39.50,122,2,0.00,11,9.87,14.48,13.73,14.70
123155,24.22,3.12,3,14.36,13.52,8,14.57,187,0.43,0.43,2054,0.00,0.99,2,0.5000,39.50,122,2,0.00,11,9.87,14.42,14.12,14.50
123259,24.22,3.12,3,14.36,13.44,8,14.57,187,0.42,0.42,2054,0.00,0.99,2,0.5000,39.00,122,2,0.00,11,9.72,14.48,13.73,14.50
123363,23.44,3.12,3,14.36,13.28,8,14.57,187,0.42,0.42,2084,0.00,0.99,2,0.5000,39.00,122,2,0.00,11,9.72,14.54,14.12,14.50
123467,23.44,3.12,3,14.36,13.36,8,14.57,187,0.41,0.40,2103,0.00,0.99,2,0.5000,39.00,122,3,0.00,11,9.43,14.01,12.94,14.60
123571,21.88,3.12,3,14.36,13.44,8,14.57,187,0.40,0.39,2091,0.00,0.99,2,0.5000,38.50,122,3,0.00,11,9.14,13.67,12.55,14.30
123675,20.31,3.12,3,14.36,13.44,8,14.57,187,0.39,0.39,2114,0.00,1.00,2,0.5000,38.50,122,4,0.00,11,9.00,13.66,12.55,14.20
123779,18.75,3.12,3,14.36,13.36,8,14.57,187,0.39,0.39,2110,0.00,0.99,2,0.5000,38.50,122,4,0.00,11,9.00,13.96,13.33,14.10
123883,18.75,3.12,3,14.36,13.36,8,14.57,187,0.41,0.40,2111,0.00,0.99,2,0.5000,23.50,122,5,0.00,11,9.29,14.48,13.73,14.10
123987,20.31,3.12,3,14.36,13.36,8,14.57,187,0.43,0.44,1957,0.00,0.99,2,0.5000,23.50,122,5,0.00,11,9.58,14.42,13.73,14.30
124091,20.31,3.12,3,14.36,13.44,8,14.57,187,0.46,0.47,1824,0.00,0.99,2,0.5000,36.50,122,6,0.00,11,10.01,14.19,13.73,14.10
124196,21.09,3.12,3,14.36,13.44,8,14.57,187,0.48,0.49,1748,0.00,0.99,2,0.5000,37.50,122,7,0.00,11,10.30,13.96,13.73,14.70
124299,19.53,3.12,3,14.36,13.28,8,14.57,187,0.49,0.50,1696,0.00,0.99,2,0.5000,37.50,122,7,0.00,11,10.59,13.96,13.73,14.70
124403,17.97,3.12,3,14.36,13.36,8,14.57,187,0.49,0.49,1668,0.00,0.99,3,0.5000,37.50,122,7,0.00,11,10.74,13.67,13.73,14.20
124507,17.19,3.12,3,14.36,13.44,8,14.57,187,0.49,0.50,1670,0.00,0.99,3,0.5000,38.00,122,8,0.00,11,10.88,13.72,13.73,14.20
124611,15.62,3.12,3,14.36,13.44,8,14.57,187,0.49,0.49,1684,0.00,0.99,3,0.5000,38.00,122,8,0.00,11,10.88,13.66,13.73,14.00
124715,14.84,3.12,3,14.36,13.36,8,14.57,187,0.49,0.49,1682,0.00,0.99,3,0.5000,38.00,122,9,0.00,11,10.88,13.66,13.73,14.00
124819,14.06,3.12,3,14.36,13.36,8,14.57,187,0.49,0.49,1688,0.00,0.99,3,0.5000,38.00,122,9,0.00,11,10.88,13.84,13.73,14.00
124923,14.06,3.12,3,14.36,13.36,8,14.57,187,0.49,0.49,1698,0.00,0.99,3,0.5000,38.00,122,9,0.00,11,10.88,13.90,13.73,14.30
125027,13.28,3.12,3,14.36,13.36,8,14.57,187,0.49,0.49,1706,0.00,0.99,3,0.5000,38.00,122,9,0.00,11,10.88,14.07,14.12,14.30
125131,14.06,3.12,3,14.36,13.44,8,14.57,187,0.49,0.49,1718,0.00,0.99,3,0.5000,38.00,122,10,0.00,11,10.88,14.01,14.12,14.50
125235,14.06,3.12,3,14.36,13.36,8,14.57,187,0.49,0.49,1724,0.00,0.99,3,0.5000,38.00,122,10,0.00,11,10.88,14.01,14.12,14.50
125339,14.06,3.12,3,14.36,13.60,8,14.57,187,0.48,0.49,1738,0.00,0.99,3,0.5000,38.50,122,11,0.00,11,10.74,13.90,14.12,14.50
125443,14.06,3.12,3,14.36,13.44,8,14.57,187,0.47,0.46,1782,0.00,0.99,3,0.5000,38.00,122,11,0.00,11,10.45,13.55,13.33,14.60
125547,13.28,3.12,3,14.36,13.36,8,14.57,185,0.48,0.49,1803,0.00,0.99,3,0.5000,38.50,122,11,0.00,11,10.88,14.65,15.29,14.40
125651,14.84,3.12,3,14.36,13.52,8,14.57,185,0.49,0.50,1837,0.00,0.99,3,0.5000,39.50,122,11,0.00,11,11.17,15.18,15.69,15.00
125755,17.97,3.12,3,14.36,13.36,8,14.57,185,0.49,0.48,1857,0.00,0.99,3,0.5000,39.50,122,12,0.00,11,11.17,14.83,15.29,15.20
125859,19.53,3.12,3,14.36,13.52,8,14.57,185,0.49,0.48,1862,0.00,0.99,3,0.5000,39.50,122,12,0.00,11,11.17,15.06,15.29,15.40
125963,21.09,3.12,3,14.36,13.44,8,14.57,185,0.49,0.49,1873,0.00,0.99,3,0.5000,39.50,122,12,0.00,11,11.17,15.30,15.69,15.30
126067,21.09,3.12,3,14.36,13.52,8,14.57,185,0.48,0.48,1902,0.00,0.99,3,0.5000,40.00,122,13,0.00,11,11.17,15.24,15.69,15.10
126171,22.66,3.12,3,14.36,13.44,8,14.57,185,0.48,0.47,1910,0.00,0.99,3,0.5000,40.00,122,13,0.00,11,11.03,15.18,15.29,15.10
126275,23.44,3.12,3,14.36,13.44,8,14.57,185,0.48,0.48,1904,0.00,0.99,3,0.5000,40.00,122,13,0.00,11,11.03,15.44,15.29,14.90
126380,23.44,3.12,3,14.36,13.44,8,14.57,185,0.48,0.49,1926,0.00,0.99,3,0.5000,40.00,122,14,0.00,11,11.03,15.44,15.69,14.80
126483,23.44,3.12,3,14.36,13.36,8,14.57,185,0.48,0.48,1932,0.00,0.99,3,0.5000,40.50,122,14,0.00,11,11.03,15.57,15.69,14.70
126587,23.44,3.12,3,14.36,13.52,8,14.57,185,0.48,0.47,1924,0.00,0.99,3,0.5000,40.00,122,14,0.00,11,11.03,15.44,15.69,15.00
126691,24.22,3.12,3,14.36,13.44,8,14.57,185,0.48,0.48,1946,0.00,0.99,3,0.5000,40.50,122,15,0.00,11,11.03,15.64,15.69,14.50
126795,24.22,3.12,3,14.36,13.44,8,14.57,185,0.48,0.48,1954,0.00,0.99,3,0.5000,40.50,122,15,0.00,11,11.03,15.57,15.69,14.70
126899,24.22,3.12,3,14.36,13.44,8,14.57,185,0.48,0.48,1952,0.00,0.99,3,0.5000,40.50,122,15,0.00,11,11.03,15.44,15.69,14.50
127003,24.22,3.12,3,14.36,13.44,8,14.57,185,0.48,0.48,1976,0.00,0.99,3,0.5000,40.50,122,15,0.00,11,11.03,15.84,15.69,14.60
127107,24.22,3.12,3,14.36,13.60,8,14.57,185,0.47,0.47,1968,0.00,0.99,3,0.5000,40.50,122,16,0.00,11,11.03,15.57,15.69,14.50
127212,25.00,3.12,3,14.36,13.36,8,14.57,185,0.47,0.48,1993,0.00,0.99,3,0.5000,40.50,122,16,0.00,11,11.03,15.44,15.69,14.50
127315,25.00,3.12,3,14.36,13.36,8,14.57,185,0.47,0.47,1986,0.00,0.99,3,0.5000,40.50,122,16,0.00,11,11.03,15.71,15.69,14.50
127419,25.00,3.12,3,14.36,13.44,8,14.57,185,0.47,0.47,1996,0.00,0.99,3,0.5000,40.50,122,17,0.00,11,11.03,15.57,15.69,14.50
127523,25.00,3.12,3,14.36,13.36,8,14.57,185,0.47,0.47,2021,0.00,0.99,3,0.5000,40.50,122,17,0.00,11,10.88,15.57,15.29,14.60
127628,25.00,3.12,3,14.36,13.52,8,14.57,185,0.46,0.45,2011,0.00,0.99,3,0.5000,40.50,122,17,0.00,11,10.74,15.18,14.90,14.50
127731,24.22,3.12,3,14.36,13.44,8,14.57,185,0.46,0.45,2028,0.00,0.99,3,0.5000,40.00,122,17,0.00,11,10.59,15.30,14.90,14.40
127835,23.44,3.12,3,14.36,13.44,8,14.57,185,0.46,0.46,2020,0.00,0.99,3,0.5000,40.00,122,18,0.00,11,10.59,15.37,14.90,14.30
127939,23.44,3.12,3,14.36,13.36,8,14.57,185,0.46,0.45,2028,0.00,0.99,3,0.5000,40.00,122,17,0.00,12,10.59,15.44,14.90,14.40
128043,23.44,3.12,3,14.36,13.44,8,14.57,185,0.45,0.45,2053,0.00,0.99,3,0.5000,40.00,122,18,0.00,12,10.45,15.30,14.90,14.50
128147,23.44,3.12,3,14.36,13.52,8,14.57,185,0.44,0.44,2039,0.00,0.99,3,0.5000,40.00,122,18,0.00,12,10.30,15.12,14.51,14.40
128251,21.88,3.12,3,14.36,13.52,8,14.57,185,0.43,0.43,2060,0.00,0.99,3,0.5000,39.50,122,19,0.00,12,10.01,14.59,13.73,14.40
128355,20.31,3.12,3,14.36,13.52,8,14.57,185,0.43,0.42,2044,0.00,0.99,3,0.5000,39.50,122,19,0.00,12,9.87,14.42,13.73,14.20
128459,19.53,3.12,3,14.36,13.44,8,14.57,185,0.43,0.43,2061,0.00,0.99,3,0.5000,39.50,122,19,0.00,12,9.87,14.71,13.73,14.00
128563,19.53,3.12,3,14.36,13.52,8,14.57,185,0.43,0.43,2052,0.00,0.99,3,0.5000,39.50,122,20,0.00,12,9.87,14.65,13.73,14.20
128667,19.53,3.12,3,14.36,13.52,8,14.57,185,0.43,0.43,2077,0.00,0.99,3,0.5000,39.50,122,20,0.00,12,9.87,14.77,13.73,14.30
128772,19.53,3.12,3,14.36,13.44,8,14.57,185,0.42,0.42,2086,0.00,0.99,3,0.5000,39.00,122,20,0.00,12,9.87,14.59,13.73,14.50
128875,19.53,3.12,3,14.36,13.44,8,14.57,185,0.41,0.41,2070,0.00,0.99,3,0.5000,39.00,122,21,0.00,12,9.43,14.01,12.55,14.50
128979,17.19,3.12,3,14.36,13.44,8,14.57,185,0.38,0.38,2066,0.00,1.05,3,0.5000,38.50,122,20,0.00,12,8.56,12.41,10.59,14.40
129083,14.06,3.12,2,14.36,13.52,8,14.55,185,0.33,0.31,2011,0.00,1.09,3,0.5000,36.00,122,21,0.00,12,7.25,9.94,7.84,14.00
129187,10.94,2.34,2,14.36,13.52,8,14.55,185,0.29,0.27,1962,0.00,1.06,3,0.5000,32.00,122,22,0.00,12,6.67,8.58,6.67,13.30
129291,6.25,2.34,2,14.36,13.52,8,14.56,185,0.27,0.25,1916,0.00,1.00,3,0.5000,29.50,122,22,0.00,12,6.09,7.99,6.27,12.50
129395,1.56,2.34,2,14.36,13.44,8,14.56,185,0.25,0.24,1913,0.00,1.00,3,0.5000,27.00,122,22,0.00,12,5.80,7.75,6.27,12.20
129499,0.00,2.34,2,14.36,13.44,10,14.56,185,0.24,0.24,1926,0.00,1.00,3,0.5000,25.00,122,22,0.00,12,5.66,7.59,6.27,11.90
129604,0.00,2.34,2,14.36,13.52,10,14.57,185,0.24,0.24,1876,0.00,1.00,3,0.5000,24.00,122,22,0.00,12,5.51,7.47,6.27,11.80
129708,0.00,2.34,2,14.36,13.44,10,14.57,185,0.25,0.24,1799,0.00,1.00,3,0.5000,9.00,122,22,0.00,12,5.66,7.40,6.27,11.80
129812,0.00,2.34,2,14.36,13.60,10,14.57,185,0.25,0.25,1715,0.00,0.99,3,0.5000,7.50,122,20,0.00,12,5.51,7.32,5.88,12.50
129916,0.00,0.00,2,14.36,12.48,10,14.58,185,0.26,0.27,1617,0.00,0.99,3,0.5000,5.50,122,16,0.00,12,5.51,7.18,5.88,13.20
130020,0.00,0.00,2,14.36,13.36,10,14.59,185,0.28,0.29,1461,0.00,0.99,3,0.5000,3.50,122,7,0.00,12,5.51,7.07,5.49,13.20
130124,0.00,0.00,2,14.36,13.52,10,14.60,185,0.29,0.31,1345,0.00,1.00,3,0.5000,11.50,122,4,0.00,12,5.66,6.85,5.49,17.50
130228,0.00,0.00,2,14.36,13.36,10,14.61,185,0.31,0.33,1193,0.00,1.00,3,0.5000,17.00,120,0,0.00,12,5.80,6.63,5.10,21.20
130332,0.00,0.00,2,14.36,13.52,10,14.63,185,0.33,0.34,1093,0.00,1.00,4,0.5000,17.00,120,0,0.00,12,5.95,6.38,5.10,24.40
130436,0.00,0.00,2,14.36,13.52,10,14.64,185,0.34,0.36,1045,0.00,1.00,4,0.5000,22.00,120,0,0.00,12,6.24,6.20,4.71,29.50
130540,0.00,0.00,2,14.36,13.52,10,14.66,185,0.35,0.37,982,0.00,1.00,4,0.5000,22.00,120,0,0.00,12,6.38,6.04,4.71,33.20
130644,0.00,0.00,2,14.36,13.36,10,14.67,185,0.36,0.39,930,0.00,1.00,4,0.5000,22.00,120,0,0.00,12,6.82,6.01,5.10,42.20
130748,0.00,0.00,2,14.36,13.52,10,14.68,185,0.38,0.41,894,0.00,0.93,4,0.5000,22.00,120,0,0.00,12,7.11,6.14,5.10,54.60
130852,0.00,0.00,2,14.36,13.52,10,14.62,185,0.36,0.37,995,0.00,1.07,4,0.5000,17.00,120,0,0.00,12,7.40,6.07,5.10,76.50
130957,0.00,0.00,2,14.36,13.52,10,14.60,185,0.32,0.29,1284,0.00,1.10,4,0.5000,17.50,120,0,0.00,12,6.82,6.01,5.10,75.40
131060,0.00,0.00,2,14.36,13.36,10,14.59,185,0.29,0.26,1360,0.00,1.08,4,0.5000,18.00,120,0,0.00,12,6.38,5.88,4.71,39.00
131164,0.00,0.00,2,14.36,13.36,10,14.59,185,0.28,0.26,1372,0.00,1.00,4,0.5000,18.00,120,0,0.00,12,6.09,5.94,5.10,26.00
131268,0.00,0.00,2,14.36,13.52,10,14.59,185,0.27,0.27,1361,0.00,1.00,4,0.5000,18.00,120,0,0.00,12,5.95,6.07,5.49,13.30
131372,0.00,0.00,2,14.36,13.44,10,14.59,185,0.27,0.27,1344,0.00,1.00,4,0.5000,17.50,120,0,0.00,12,5.80,6.14,5.49,13.70
131476,0.00,0.00,2,14.36,13.44,10,14.60,185,0.27,0.28,1320,0.00,1.00,4,0.5000,17.50,120,0,0.00,12,5.80,6.04,5.49,13.70
131580,-1.56,0.00,2,14.36,13.36,8,14.60,185,0.27,0.28,1314,0.00,1.00,4,0.5000,17.50,120,0,0.00,12,5.66,5.97,5.10,13.90
131684,-3.91,0.00,2,14.36,13.44,8,14.60,185,0.27,0.27,1300,0.00,1.00,4,0.5000,17.50,120,0,0.00,12,5.66,5.88,5.10,13.80
131788,-4.69,0.00,2,14.36,13.52,8,14.60,183,0.27,0.27,1290,0.00,1.00,4,0.5000,17.50,120,0,0.00,12,5.66,5.81,5.10,13.90
131892,-5.47,0.00,2,14.36,13.44,8,14.60,183,0.27,0.27,1284,0.00,1.00,4,0.5000,17.50,120,0,0.00,12,5.66,5.88,5.10,13.80
131996,-6.25,0.00,2,14.36,13.44,8,14.60,183,0.27,0.27,1284,0.00,1.00,4,0.5000,17.50,120,0,0.00,12,5.66,5.81,5.10,13.60
132100,-7.81,0.00,2,14.36,13.52,8,14.60,183,0.27,0.27,1281,0.00,1.00,4,0.5000,17.50,120,0,0.00,12,5.80,5.78,5.10,13.60
132204,-7.81,0.00,2,14.36,13.52,8,14.60,183,0.27,0.27,1283,0.00,1.00,4,0.5000,17.50,120,0,0.00,12,5.80,5.72,5.10,13.60
132308,-8.59,0.00,2,14.36,13.52,8,14.60,183,0.27,0.26,1271,0.00,1.00,4,0.5000,17.50,120,0,0.00,12,5.66,5.62,5.10,13.50
132412,-8.59,0.00,2,14.36,13.44,8,14.60,183,0.27,0.27,1261,0.00,1.00,4,0.5000,17.00,120,0,0.00,12,5.66,5.62,5.10,13.50
132516,-9.38,0.00,2,14.36,13.60,8,14.60,183,0.27,0.27,1274,0.00,1.00,4,0.5000,17.50,120,0,0.00,12,5.66,5.62,5.10,13.70
132620,-9.38,0.00,2,14.36,13.52,8,14.60,183,0.26,0.27,1271,0.00,1.00,4,0.5000,17.50,120,0,0.00,12,5.66,5.62,5.10,13.90
132725,-10.16,1.56,1,14.36,13.60,8,14.60,183,0.26,0.26,1267,0.00,1.00,4,0.5000,17.50,120,0,0.00,12,5.66,5.59,5.10,14.00
132828,-10.16,1.56,1,14.36,13.52,8,14.60,183,0.26,0.26,1252,0.00,1.00,4,0.5000,17.00,120,0,0.00,12,5.66,5.56,5.10,14.00
132932,-10.16,1.56,1,14.36,13.44,8,14.60,183,0.26,0.26,1244,0.00,1.00,4,0.5000,17.00,120,0,0.00,12,5.66,5.49,5.10,14.10
133036,-10.94,1.56,1,14.36,13.52,8,14.60,183,0.26,0.26,1250,0.00,1.00,4,0.5000,17.00,120,0,0.00,12,5.66,5.49,5.10,14.20
133140,-10.94,1.56,1,14.36,13.60,8,14.60,183,0.26,0.27,1248,0.00,1.00,4,0.5000,17.00,120,0,0.00,12,5.66,5.52,5.10,14.20
133244,-11.72,1.56,1,14.36,13.44,8,14.60,183,0.26,0.26,1243,0.00,1.00,4,0.5000,17.00,120,0,0.00,12,5.66,5.49,5.10,14.10
133349,-11.72,1.56,1,14.36,13.52,8,14.60,183,0.26,0.26,1244,0.00,1.00,4,0.5000,17.00,120,0,0.00,12,5.66,5.43,5.10,14.10
133452,-11.72,1.56,1,14.36,13.52,8,14.60,183,0.26,0.26,1236,0.00,1.00,4,0.5000,17.00,120,0,0.00,12,5.66,5.43,5.10,14.10
133556,-12.50,1.56,1,14.36,13.60,8,14.60,183,0.26,0.26,1228,0.00,1.00,4,0.5000,17.00,120,0,0.00,12,5.66,5.36,5.10,14.20
133660,-12.50,1.56,1,14.36,13.44,8,14.60,183,0.26,0.27,1218,0.00,1.00,4,0.5000,17.00,120,0,0.00,12,5.66,5.39,4.71,14.20
133764,-12.50,1.56,1,14.36,13.52,8,14.60,183,0.26,0.26,1215,0.00,1.00,4,0.5000,17.00,120,0,0.00,12,5.66,5.36,5.10,14.20
133868,-12.50,1.56,1,14.36,13.52,8,14.60,183,0.26,0.26,1233,0.00,1.00,4,0.5000,17.00,120,0,0.00,12,5.66,5.36,5.10,14.20
133972,-12.50,1.56,1,14.36,13.52,8,14.60,183,0.26,0.26,1229,0.00,1.00,4,0.5000,17.00,120,0,0.00,12,5.66,5.33,5.10,14.30
134076,-12.50,1.56,1,14.36,13.52,8,14.60,183,0.26,0.26,1231,0.00,1.00,4,0.5000,17.00,120,0,0.00,12,5.66,5.30,5.10,14.30
134180,-12.50,1.56,1,14.36,13.52,8,14.60,183,0.26,0.26,1230,0.00,1.00,4,0.5000,17.00,120,0,0.00,12,5.66,5.30,5.10,14.30
134284,-12.50,1.56,1,14.36,13.44,8,14.60,183,0.26,0.26,1215,0.00,1.00,4,0.5000,17.00,120,0,0.00,12,5.66,5.30,5.10,14.40
134389,-12.50,1.56,1,14.36,13.52,8,14.60,183,0.26,0.26,1203,0.00,1.00,4,0.5000,17.00,120,0,0.00,12,5.66,5.23,4.71,14.50
134492,-12.50,1.56,1,14.36,13.44,8,14.60,183,0.26,0.26,1204,0.00,1.00,4,0.5000,17.00,120,0,0.00,12,5.66,5.23,4.71,14.60
134596,-12.50,1.56,1,14.36,13.44,8,14.60,183,0.26,0.26,1195,0.00,1.00,4,0.5000,17.00,120,0,0.00,12,5.66,5.23,4.71,14.50
134700,-11.72,1.56,1,14.36,13.52,8,14.60,183,0.26,0.26,1192,0.00,1.00,4,0.5000,17.00,120,0,0.00,12,5.80,5.23,4.71,14.60
134805,-11.72,1.56,1,14.36,13.36,8,14.61,183,0.26,0.26,1200,0.00,1.00,4,0.5000,17.00,120,0,0.00,12,5.66,5.20,4.71,14.60
134908,-11.72,1.56,1,14.36,13.52,8,14.61,183,0.26,0.26,1198,0.00,1.00,4,0.5000,17.00,120,0,0.00,12,5.80,5.17,4.71,14.80
135012,-10.94,1.56,1,14.36,13.36,8,14.61,183,0.26,0.26,1200,0.00,1.00,4,0.5000,17.00,120,0,0.00,12,5.80,5.14,4.71,14.80
135116,-10.94,1.56,1,14.36,13.44,8,14.61,183,0.26,0.26,1195,0.00,1.00,4,0.5000,17.00,120,0,0.00,12,5.80,5.11,4.71,14.80
135221,-10.94,1.56,1,14.36,13.60,8,14.61,183,0.26,0.26,1194,0.00,1.00,4,0.5000,17.00,120,0,0.00,12,5.80,5.11,4.71,14.80
135325,-10.16,1.56,1,14.36,13.52,8,14.61,183,0.26,0.26,1190,0.00,1.00,4,0.5000,17.00,120,0,0.00,12,5.80,5.11,4.71,14.80
135428,-10.16,1.56,1,14.36,13.52,8,14.61,183,0.26,0.26,1195,0.00,1.00,4,0.5000,17.00,120,0,0.00,12,5.80,5.11,4.71,14.80
135532,-10.16,1.56,1,14.36,13.60,8,14.61,183,0.26,0.26,1193,0.00,1.00,4,0.5000,17.00,120,0,0.00,12,5.80,5.11,4.71,15.10
135637,-10.16,1.56,1,14.36,13.52,8,14.61,183,0.26,0.26,1182,0.00,1.00,4,0.5000,17.00,120,0,0.00,12,5.80,5.08,4.71,14.80
135741,-9.38,1.56,1,14.36,13.52,8,14.60,183,0.26,0.26,1188,0.00,1.00,4,0.5000,17.00,120,0,0.00,12,5.80,5.11,4.71,14.90
135844,-9.38,1.56,1,14.36,13.60,8,14.60,183,0.26,0.26,1186,0.00,1.00,4,0.5000,17.00,120,0,0.00,12,5.80,5.11,4.71,14.90
135949,-9.38,1.56,1,14.36,13.52,8,14.61,183,0.25,0.26,1185,0.00,1.00,4,0.5000,17.00,120,0,0.00,12,5.80,5.08,4.71,14.80
136053,-8.59,1.56,1,14.36,13.52,8,14.61,183,0.25,0.26,1180,0.00,1.00,4,0.5000,17.00,120,0,0.00,12,5.80,5.05,4.71,14.80
136156,-8.59,1.56,1,14.36,13.44,8,14.61,183,0.25,0.26,1176,0.00,1.00,4,0.5000,17.00,120,0,0.00,12,5.80,5.05,4.71,14.90
136261,-8.59,1.56,1,14.36,13.60,8,14.61,183,0.25,0.26,1173,0.00,1.00,4,0.5000,17.00,120,0,0.00,12,5.80,5.05,4.71,14.80
136364,-8.59,1.56,1,14.36,13.52,8,14.61,183,0.25,0.26,1176,0.00,1.00,4,0.5000,17.00,120,0,0.00,12,5.80,5.05,4.71,14.90
136469,-8.59,1.56,1,14.36,13.52,8,14.61,183,0.26,0.26,1172,0.00,1.00,4,0.5000,17.00,120,0,0.00,12,5.80,5.05,4.71,14.90
136573,-7.81,1.56,1,14.36,13.52,8,14.61,183,0.25,0.26,1168,0.00,1.00,4,0.5000,17.00,120,0,0.00,12,5.80,4.99,4.71,15.00
136677,-7.81,1.56,1,14.36,13.44,8,14.61,183,0.25,0.26,1184,0.00,1.00,4,0.5000,17.00,120,0,0.00,12,5.80,4.99,4.71,14.70
136780,-7.81,1.56,1,14.36,13.52,8,14.61,183,0.25,0.25,1185,0.00,1.00,4,0.5000,17.00,120,0,0.00,12,5.80,4.99,4.71,14.80
136885,-7.81,1.56,1,14.36,13.60,8,14.61,183,0.25,0.26,1181,0.00,1.00,4,0.5000,17.00,120,0,0.00,12,5.80,4.99,4.71,14.80
136989,-7.81,1.56,1,14.36,13.60,8,14.61,183,0.25,0.26,1180,0.00,1.00,4,0.5000,17.00,120,0,0.00,12,5.80,4.99,4.71,14.80
137093,-7.03,1.56,1,14.36,13.12,8,14.61,185,0.25,0.25,1174,0.00,1.00,4,0.5000,17.00,120,0,0.00,12,5.80,4.99,4.71,14.80
137197,-7.03,1.56,1,14.36,13.20,8,14.62,185,0.26,0.27,1154,0.00,1.00,4,0.5000,17.00,120,0,0.00,13,6.09,5.27,5.49,14.90
137300,-7.03,0.00,2,14.36,13.52,8,14.62,185,0.28,0.29,1141,0.00,1.00,4,0.5000,18.50,120,0,0.00,13,6.38,5.62,5.49,14.60
137405,-7.03,0.00,2,14.36,13.44,8,14.62,185,0.28,0.30,1159,0.00,0.99,4,0.5000,17.00,120,0,0.00,13,6.53,5.68,5.49,14.80
137509,-6.25,0.00,2,14.36,13.52,8,14.62,185,0.29,0.31,1120,0.00,0.99,4,0.5000,19.50,120,0,0.00,13,6.67,5.68,5.49,14.80
137613,-4.69,0.00,2,14.36,13.52,8,14.62,185,0.30,0.31,1125,0.00,0.99,4,0.5000,18.50,120,0,0.00,13,6.82,5.65,5.49,14.80
137717,-3.12,1.56,1,14.36,13.52,8,14.62,185,0.30,0.30,1114,0.00,0.99,4,0.5000,19.00,120,0,0.00,13,6.96,5.56,5.49,15.10
137820,-2.34,1.56,1,14.36,13.44,8,14.62,185,0.30,0.30,1113,0.00,0.99,4,0.5000,19.00,120,0,0.00,13,6.96,5.52,5.49,15.40
137925,-1.56,1.56,1,14.36,13.44,8,14.62,185,0.30,0.30,1116,0.00,0.99,4,0.5000,18.00,120,0,0.00,13,6.96,5.52,5.49,15.60
138029,-1.56,1.56,1,14.36,13.44,8,14.62,185,0.29,0.29,1122,0.00,1.00,4,0.5000,17.50,120,0,0.00,13,6.96,5.49,5.49,15.80
138133,-0.78,1.56,1,14.36,13.52,8,14.62,185,0.29,0.30,1112,0.00,1.00,4,0.5000,18.00,120,0,0.00,13,6.96,5.52,5.49,15.70
138237,-0.78,1.56,1,14.36,13.44,8,14.62,185,0.30,0.30,1112,0.00,1.00,4,0.5000,18.00,120,0,0.00,13,6.96,5.56,5.49,15.60
138341,-0.78,1.56,1,14.36,13.44,8,14.63,185,0.30,0.30,1099,0.00,1.00,4,0.5000,19.00,120,0,0.00,13,6.96,5.56,5.49,15.40
138445,0.00,1.56,1,14.36,13.52,8,14.63,185,0.30,0.30,1085,0.00,1.00,4,0.5000,19.50,120,0,0.00,13,6.96,5.56,5.49,15.30
138548,0.00,1.56,1,14.36,13.44,8,14.63,185,0.30,0.31,1088,0.00,1.00,4,0.5000,19.00,120,0,0.00,13,6.96,5.56,5.49,15.40
138653,0.00,1.56,1,14.36,13.44,8,14.63,185,0.30,0.31,1084,0.00,1.00,4,0.5000,19.00,120,0,0.00,13,6.96,5.52,5.49,15.30
138757,0.00,1.56,1,14.36,13.52,8,14.64,185,0.31,0.31,1073,0.00,1.00,4,0.5000,19.50,120,0,0.00,13,6.96,5.49,5.49,15.00
138861,0.00,1.56,1,14.36,13.44,8,14.64,185,0.31,0.31,1052,0.00,1.00,4,0.5000,20.50,120,0,0.00,13,7.11,5.49,5.49,15.10
138964,0.00,1.56,1,14.36,13.44,8,14.64,185,0.31,0.32,1034,0.00,1.00,4,0.5000,21.50,120,0,0.00,13,7.11,5.43,5.49,15.00
139069,0.00,1.56,1,14.36,13.44,8,14.64,185,0.31,0.31,1024,0.00,1.00,4,0.5000,21.50,120,0,0.00,13,7.11,5.39,5.49,14.80
139173,0.00,1.56,1,14.36,13.52,8,14.65,185,0.31,0.31,1024,0.00,1.00,4,0.5000,21.00,120,0,0.00,13,7.25,5.36,5.49,14.70
139277,-0.78,1.56,1,14.36,13.52,8,14.65,185,0.32,0.32,1010,0.00,1.00,4,0.5000,21.50,120,0,0.00,13,7.25,5.36,5.49,14.80
139381,-0.78,1.56,1,14.36,13.44,8,14.65,185,0.32,0.32,993,0.00,1.00,4,0.5000,22.00,120,0,0.00,13,7.40,5.43,5.49,14.60
139485,-0.78,0.00,2,14.36,13.52,8,14.65,185,0.32,0.33,980,0.00,1.00,4,0.5000,22.00,120,0,0.00,13,7.55,5.56,5.88,14.50
139589,-1.56,0.00,2,14.36,13.44,8,14.66,185,0.34,0.35,976,0.00,1.00,4,0.5000,22.00,120,0,0.00,13,7.84,5.68,5.88,14.50
139693,-1.56,0.00,2,14.36,13.52,8,14.66,185,0.34,0.36,961,0.00,1.00,4,0.5000,22.00,120,0,0.00,13,7.98,5.75,5.88,14.30
139797,-1.56,0.00,2,14.36,13.52,8,14.66,185,0.35,0.36,953,0.00,1.00,4,0.5000,22.00,120,0,0.00,13,7.98,5.75,5.88,14.30
139901,-1.56,0.00,2,14.36,13.52,8,14.66,185,0.35,0.35,962,0.00,1.00,4,0.5000,21.50,120,0,0.00,13,8.13,5.68,5.88,14.40
140005,-0.78,0.00,2,14.36,13.44,8,14.66,185,0.35,0.35,952,0.00,1.00,4,0.5000,21.50,120,0,0.00,13,8.27,5.62,5.49,14.40
140109,-0.78,0.00,2,14.36,12.56,8,14.65,185,0.35,0.34,978,0.00,1.00,4,0.5000,19.00,120,0,0.00,13,8.27,5.62,5.49,14.50
140213,0.00,0.00,2,14.36,12.64,8,14.64,185,0.34,0.33,1019,0.00,1.00,4,0.5000,17.00,120,0,0.00,13,8.13,5.62,5.49,14.70
140317,0.00,0.00,2,14.36,12.96,8,14.63,185,0.33,0.32,1076,0.00,1.00,4,0.5000,13.50,120,0,0.00,13,7.84,5.62,5.49,14.80
140421,0.00,0.00,2,14.36,13.04,8,14.63,185,0.32,0.31,1095,0.00,1.00,4,0.5000,12.50,120,0,0.00,13,7.69,5.62,5.49,14.80
140525,0.78,1.56,1,14.36,13.44,8,14.63,185,0.32,0.31,1084,0.00,1.00,4,0.5000,13.50,120,0,0.00,13,7.69,5.59,5.49,15.00
140629,1.56,1.56,1,14.36,13.36,8,14.63,185,0.31,0.30,1089,0.00,1.00,4,0.5000,14.00,120,0,0.00,13,7.55,5.49,5.49,15.00
140733,1.56,1.56,1,14.36,13.44,8,14.62,185,0.30,0.30,1103,0.00,1.00,3,0.5000,13.50,120,0,0.00,13,7.40,5.46,5.49,15.10
140837,2.34,1.56,1,14.36,13.52,8,14.63,185,0.30,0.29,1102,0.00,1.00,3,0.5000,14.00,120,0,0.00,13,7.25,5.46,5.49,15.20
140941,3.12,1.56,1,14.36,13.52,8,14.63,185,0.30,0.30,1076,0.00,1.00,3,0.5000,16.50,120,0,0.00,13,7.25,5.49,5.49,15.20
141045,3.12,1.56,1,14.36,13.36,8,14.63,183,0.30,0.30,1084,0.00,1.00,3,0.5000,16.00,120,0,0.00,13,7.25,5.49,5.49,15.40
141149,3.12,1.56,1,14.36,13.44,8,14.63,185,0.30,0.30,1087,0.00,1.00,3,0.5000,16.00,120,0,0.00,13,7.11,5.46,5.49,15.30
141253,3.91,1.56,1,14.36,13.44,8,14.63,185,0.30,0.30,1094,0.00,1.00,3,0.5000,16.00,120,0,0.00,13,7.11,5.43,5.49,15.20
141357,3.12,1.56,1,14.36,13.44,8,14.63,185,0.30,0.30,1097,0.00,1.00,3,0.5000,16.00,120,0,0.00,13,7.11,5.43,5.49,15.10
141461,3.12,1.56,1,14.36,13.52,8,14.63,185,0.30,0.30,1087,0.00,1.00,3,0.5000,16.50,120,0,0.00,13,7.11,5.43,5.49,15.00
141565,3.12,1.56,1,14.36,13.36,8,14.62,183,0.30,0.30,1094,0.00,1.00,3,0.5000,16.50,120,0,0.00,13,6.96,5.43,5.49,14.80
141669,3.12,1.56,1,14.36,13.44,8,14.62,183,0.30,0.30,1103,0.00,1.00,3,0.5000,16.00,120,0,0.00,13,6.96,5.43,5.49,15.30
141774,3.12,1.56,1,14.36,13.44,8,14.63,183,0.30,0.30,1095,0.00,1.00,3,0.5000,18.00,120,0,0.00,13,6.96,5.43,5.49,14.40
141877,2.34,1.56,1,14.36,13.52,8,14.63,183,0.30,0.30,1097,0.00,1.00,3,0.5000,20.00,120,0,0.00,13,6.96,5.49,5.49,14.60
141981,2.34,0.00,2,14.36,13.44,8,14.63,183,0.30,0.30,1090,0.00,1.00,3,0.5000,22.00,120,0,0.00,13,6.96,5.56,5.49,14.50
142085,2.34,0.00,2,14.36,13.44,8,14.63,183,0.31,0.33,1095,0.00,1.00,3,0.5000,22.00,120,0,0.00,13,7.25,6.20,7.06,14.50
142189,2.34,0.00,2,14.36,13.36,8,14.63,183,0.34,0.36,1108,0.00,0.91,3,0.5000,22.50,120,0,0.00,13,7.84,6.78,7.45,14.50
142293,3.12,0.00,2,14.36,13.44,8,14.62,183,0.36,0.38,1132,0.00,0.92,3,0.5000,23.50,120,0,0.00,13,8.42,7.14,8.24,14.50
142397,5.47,0.00,2,14.36,13.44,8,14.61,183,0.39,0.42,1158,0.00,0.89,3,0.5000,24.50,120,0,0.00,13,9.29,8.11,9.80,14.50
142501,10.94,0.00,2,14.36,13.36,8,14.61,183,0.41,0.45,1186,0.00,0.90,3,0.5000,25.50,120,0,0.00,13,10.16,9.06,10.98,14.90
142605,15.62,0.00,2,14.36,13.44,8,14.60,183,0.44,0.46,1217,0.00,0.99,3,0.5000,27.00,120,0,0.00,13,10.88,9.50,11.76,15.30
142709,19.53,0.00,2,14.36,13.36,8,14.60,183,0.45,0.46,1268,0.00,0.99,3,0.5000,28.00,120,0,0.00,13,11.17,9.77,11.76,16.20
142814,22.66,0.00,3,14.36,13.36,8,14.59,183,0.45,0.45,1318,0.00,0.99,3,0.5000,29.50,120,0,0.00,13,11.17,10.04,12.16,16.60
142917,24.22,0.00,3,14.36,13.44,8,14.59,183,0.45,0.46,1393,0.00,0.99,3,0.5000,31.00,120,0,0.00,13,11.17,10.52,12.16,16.60
143021,25.00,0.00,3,14.36,13.52,8,14.59,183,0.46,0.45,1429,0.00,0.99,3,0.5000,32.00,120,0,0.00,13,11.17,10.91,12.94,15.80
143125,25.00,0.00,3,14.36,13.44,8,14.58,183,0.47,0.48,1480,0.00,0.99,3,0.5000,33.00,120,0,0.00,13,11.46,11.79,13.73,15.30
143230,25.00,0.78,3,14.36,13.44,8,14.58,183,0.47,0.48,1498,0.00,0.99,3,0.5000,34.00,120,0,0.00,13,11.46,11.96,13.73,15.10
143335,25.00,0.78,3,14.36,13.28,8,14.58,183,0.48,0.48,1532,0.00,0.99,3,0.5000,35.00,120,0,0.00,13,11.46,12.22,13.73,15.00
143440,24.22,0.78,3,14.36,13.44,8,14.58,183,0.48,0.48,1548,0.00,0.99,3,0.5000,35.50,120,0,0.00,13,11.46,12.44,13.73,14.50
143544,23.44,0.78,3,14.36,13.36,8,14.58,183,0.48,0.49,1541,0.00,0.99,3,0.5000,35.50,120,0,0.00,13,11.32,12.44,13.73,14.40
143648,22.66,3.12,3,14.36,13.44,8,14.58,183,0.48,0.48,1560,0.00,0.99,3,0.5000,35.50,120,0,0.00,13,11.32,12.49,13.73,14.20
143752,21.88,3.12,3,14.36,13.44,8,14.58,183,0.48,0.49,1565,0.00,0.99,3,0.5000,36.00,118,0,0.00,13,11.32,12.65,13.73,14.10
143857,20.31,3.12,3,14.36,13.36,8,14.58,183,0.49,0.49,1551,0.00,0.99,3,0.5000,35.50,118,0,0.00,13,11.17,12.65,13.73,14.10
143961,18.75,3.12,3,14.36,13.44,8,14.58,183,0.49,0.49,1551,0.00,0.99,3,0.5000,36.00,118,0,0.00,13,11.32,12.81,13.73,13.90
144065,17.97,3.12,3,14.36,13.36,8,14.58,183,0.49,0.49,1566,0.00,0.99,3,0.5000,36.50,118,0,0.00,13,11.17,12.65,13.33,13.90
144169,16.41,3.12,3,14.36,13.36,8,14.58,183,0.49,0.49,1549,0.00,0.99,3,0.5000,36.00,118,0,0.00,13,11.17,12.70,13.33,14.00
144273,14.84,3.12,3,14.36,13.44,8,14.58,183,0.49,0.49,1548,0.00,0.99,3,0.5000,36.00,118,0,0.00,13,11.17,12.81,13.33,14.00
144378,14.06,3.12,3,14.36,13.36,8,14.58,183,0.49,0.49,1563,0.00,0.99,3,0.5000,36.50,118,0,0.00,13,11.17,12.81,13.33,13.90
144481,14.06,3.12,3,14.36,13.52,8,14.58,183,0.50,0.50,1563,0.00,0.99,3,0.5000,36.50,118,0,0.00,13,11.17,12.86,13.33,14.10
144585,13.28,3.12,3,14.36,13.36,8,14.58,183,0.50,0.50,1552,0.00,0.99,3,0.5000,36.50,118,0,0.00,13,11.17,12.86,13.33,14.10
144689,12.50,3.12,3,14.36,13.44,8,14.58,183,0.50,0.50,1566,0.00,0.99,3,0.5000,36.50,118,0,0.00,13,11.17,12.97,13.33,14.10
144793,11.72,3.12,3,14.36,13.44,8,14.58,183,0.50,0.50,1569,0.00,0.99,3,0.5000,37.00,118,0,0.00,13,11.17,13.08,13.33,14.20
144897,11.72,3.12,3,14.36,13.36,8,14.58,183,0.50,0.50,1559,0.00,0.99,3,0.5000,36.50,118,0,0.00,13,11.32,13.08,13.73,14.30
145001,11.72,3.12,3,14.36,13.44,8,14.58,183,0.50,0.50,1564,0.00,0.99,3,0.5000,37.00,118,0,0.00,13,11.32,13.13,13.73,14.30
145106,11.72,3.12,3,14.36,13.36,8,14.58,183,0.50,0.50,1580,0.00,0.99,3,0.5000,37.00,118,0,0.00,13,11.17,13.18,13.73,14.30
145209,10.94,3.12,3,14.36,13.44,8,14.58,183,0.50,0.50,1581,0.00,0.99,3,0.5000,37.00,118,0,0.00,13,11.32,13.24,13.73,14.40
145313,10.94,3.12,3,14.36,13.36,8,14.58,183,0.50,0.51,1566,0.00,0.99,3,0.5000,37.00,118,0,0.00,13,11.17,13.29,13.33,14.40
145417,10.94,3.12,3,14.36,13.44,8,14.58,183,0.50,0.50,1569,0.00,0.99,3,0.5000,37.00,118,0,0.00,13,11.17,13.29,13.33,14.40
145521,10.94,3.12,3,14.36,13.44,8,14.58,183,0.50,0.50,1583,0.00,0.99,3,0.5000,37.50,118,0,0.00,13,11.32,13.18,13.33,14.40
145625,10.16,3.12,3,14.36,13.36,8,14.58,183,0.50,0.51,1572,0.00,0.99,3,0.5000,37.00,118,0,0.00,13,11.17,13.24,13.33,14.40
145729,10.94,3.12,3,14.36,13.36,8,14.58,183,0.50,0.50,1575,0.00,0.99,3,0.5000,37.00,118,0,0.00,13,11.17,13.08,13.33,14.50
145833,10.94,3.12,3,14.36,13.36,8,14.58,183,0.50,0.50,1588,0.00,0.99,3,0.5000,37.50,118,0,0.00,13,11.17,13.29,13.33,14.40
145938,10.94,3.12,3,14.36,13.44,8,14.58,183,0.50,0.50,1589,0.00,0.99,3,0.5000,37.50,118,0,0.00,13,11.03,13.08,12.94,14.50
146041,10.94,3.12,3,14.36,13.44,8,14.58,183,0.50,0.50,1573,0.00,0.99,3,0.5000,37.00,118,0,0.00,13,11.03,13.24,12.94,14.50
146145,10.16,3.12,3,14.36,13.44,8,14.58,183,0.50,0.50,1568,0.00,0.99,3,0.5000,37.00,118,0,0.00,13,11.03,13.18,12.94,14.40
146249,10.16,3.12,3,14.36,13.28,8,14.58,183,0.50,0.50,1580,0.00,0.99,3,0.5000,37.00,118,0,0.00,13,11.03,13.24,12.94,14.40
146353,9.38,3.12,3,14.36,13.44,8,14.58,183,0.50,0.50,1580,0.00,0.99,3,0.5000,37.00,118,0,0.00,13,11.17,13.08,12.94,14.40
146457,9.38,3.12,3,14.36,13.44,8,14.58,183,0.50,0.51,1568,0.00,0.99,3,0.5000,37.00,118,0,0.00,13,11.03,13.18,12.94,14.40
146561,9.38,3.12,3,14.36,13.44,8,14.58,183,0.50,0.50,1568,0.00,0.99,3,0.5000,37.00,118,0,0.00,13,11.03,13.08,12.94,14.30
146665,8.59,3.12,3,14.36,13.36,8,14.58,183,0.50,0.50,1584,0.00,0.99,3,0.5000,37.00,118,0,0.00,13,11.17,13.18,12.94,14.30
146770,8.59,3.12,3,14.36,13.36,8,14.58,183,0.50,0.50,1580,0.00,0.99,3,0.5000,37.00,118,0,0.00,13,11.03,13.18,12.94,14.40
146873,8.59,3.12,3,14.36,13.36,8,14.58,183,0.50,0.51,1568,0.00,0.99,3,0.5000,37.00,118,0,0.00,13,11.03,13.29,12.94,14.40
146978,8.59,3.12,3,14.36,13.52,8,14.58,183,0.50,0.50,1567,0.00,0.99,3,0.5000,37.50,118,0,0.00,13,11.17,13.08,12.94,14.40
147082,8.59,3.12,3,14.36,13.44,8,14.58,183,0.50,0.49,1583,0.00,0.99,3,0.5000,37.00,118,0,0.00,13,11.03,13.02,12.55,14.50
147186,8.59,3.12,3,14.36,13.52,8,14.58,183,0.50,0.50,1568,0.00,0.99,3,0.5000,37.00,118,0,0.00,13,11.03,12.97,12.55,14.50
147290,7.81,3.12,3,14.36,13.36,8,14.58,183,0.50,0.49,1564,0.00,0.99,3,0.5000,36.50,118,0,0.00,13,10.88,12.92,12.55,14.40
147393,7.81,3.12,3,14.36,13.28,8,14.58,183,0.50,0.49,1574,0.00,0.99,3,0.5000,37.00,118,0,0.00,13,10.88,12.86,12.94,14.40
147498,7.81,3.12,3,14.36,13.52,8,14.58,183,0.50,0.50,1572,0.00,0.99,3,0.5000,36.50,118,0,0.00,13,11.03,12.92,12.94,14.40
147601,7.81,3.12,3,14.36,13.44,8,14.58,183,0.50,0.50,1559,0.00,0.99,3,0.5000,36.50,118,0,0.00,13,11.03,13.02,12.94,14.40
147706,7.81,3.12,3,14.36,13.44,8,14.58,183,0.50,0.50,1560,0.00,0.99,3,0.5000,36.50,118,0,0.00,13,11.03,13.02,12.94,14.50
147810,7.81,3.12,3,14.36,13.28,8,14.58,183,0.48,0.48,1573,0.00,1.00,3,0.5000,36.50,118,0,0.00,13,10.74,12.33,10.98,14.50
147914,6.25,3.12,3,14.36,13.36,8,14.58,183,0.45,0.42,1539,0.00,1.05,3,0.5000,34.50,118,0,0.00,13,9.43,10.61,8.63,14.50
148018,1.56,3.12,3,14.36,13.44,8,14.58,183,0.43,0.41,1473,0.00,1.00,3,0.5000,32.00,118,0,0.00,13,9.00,10.18,8.63,14.40
148121,-2.34,3.12,3,14.36,13.52,8,14.59,183,0.43,0.42,1426,0.00,1.00,3,0.5000,30.50,118,0,0.00,13,8.85,10.04,8.24,13.40
148226,-5.47,3.12,2,14.36,13.36,8,14.59,183,0.43,0.43,1391,0.00,1.00,3,0.5000,30.00,118,0,0.00,13,8.71,9.95,8.24,13.10
148330,-7.81,2.34,2,14.36,13.28,8,14.59,183,0.43,0.44,1356,0.00,1.00,3,0.5000,29.50,118,1,0.00,13,8.71,9.86,8.24,13.00
148434,-9.38,2.34,2,14.36,13.44,8,14.59,183,0.43,0.42,1361,0.00,1.00,3,0.5000,29.50,118,1,0.00,13,8.56,9.42,8.24,13.00
148538,-9.38,2.34,2,14.36,13.44,8,14.59,183,0.41,0.40,1338,0.00,1.00,3,0.5000,29.00,118,0,0.00,13,8.27,8.89,7.06,13.20
148641,-10.94,2.34,2,14.36,13.28,8,14.60,183,0.39,0.38,1322,0.00,1.00,3,0.5000,28.00,118,0,0.00,13,7.84,8.27,6.67,13.50
148746,-12.50,2.34,2,14.36,13.52,8,14.60,183,0.38,0.37,1299,0.00,1.00,3,0.5000,27.00,118,0,0.00,13,7.55,7.84,6.67,13.60
148850,-14.84,2.34,2,14.36,13.28,8,14.60,183,0.37,0.36,1277,0.00,1.00,3,0.5000,26.50,118,0,0.00,13,7.40,7.69,6.67,13.70
148954,-17.19,2.34,2,14.36,13.44,8,14.60,183,0.38,0.37,1257,0.00,1.00,3,0.5000,26.00,118,0,0.00,13,7.40,7.81,6.67,13.60
149057,-18.75,0.00,2,14.36,13.44,8,14.60,183,0.38,0.38,1234,0.00,1.00,3,0.5000,26.00,118,0,0.00,13,7.55,8.00,7.06,13.40
149165,-17.97,0.00,2,14.36,13.52,8,14.60,183,0.38,0.39,1223,0.00,1.00,3,0.5000,26.00,118,0,0.00,13,7.69,8.00,7.06,13.40
149265,-16.41,0.00,2,14.36,13.52,8,14.60,183,0.38,0.39,1215,0.00,1.00,3,0.5000,26.00,118,0,0.00,13,7.84,7.89,6.67,13.80
149370,-15.62,0.00,2,14.36,13.44,8,14.60,183,0.38,0.37,1218,0.00,1.00,3,0.5000,26.00,118,0,0.00,13,7.55,7.41,6.27,14.10
149475,-13.28,0.00,2,14.36,13.52,8,14.60,183,0.37,0.36,1218,0.00,1.00,3,0.5000,25.50,118,0,0.00,13,7.55,7.30,6.27,13.70
149579,-10.94,0.00,2,14.36,13.44,8,14.60,183,0.37,0.36,1214,0.00,1.00,3,0.5000,25.00,118,0,0.00,13,7.40,7.31,6.67,15.00
149683,-10.94,0.00,2,14.36,13.52,8,14.61,183,0.37,0.37,1207,0.00,1.00,3,0.5000,25.00,118,0,0.00,13,7.55,7.54,7.06,15.30
149786,-10.94,0.00,2,14.36,13.44,8,14.60,183,0.38,0.39,1208,0.00,1.00,3,0.5000,25.50,118,0,0.00,13,7.84,7.77,7.06,15.10
149891,-9.38,0.00,2,14.36,13.52,8,14.60,183,0.39,0.39,1201,0.00,1.00,3,0.5000,25.50,117,0,0.00,13,7.98,7.89,7.45,15.20
149994,-7.03,0.00,2,14.36,13.52,8,14.60,183,0.40,0.40,1193,0.00,1.00,3,0.5000,26.00,117,0,0.00,13,8.27,8.09,7.45,15.20
150099,-3.91,0.00,2,14.36,13.36,8,14.60,183,0.41,0.42,1199,0.00,1.00,3,0.5000,26.00,117,0,0.00,13,8.71,8.45,8.24,15.30
150203,0.00,0.00,2,14.36,13.52,8,14.60,183,0.42,0.44,1205,0.00,1.00,3,0.5000,27.00,117,0,0.00,13,9.00,8.91,8.63,15.70
150307,2.34,0.00,2,14.36,13.44,8,14.60,183,0.43,0.44,1223,0.00,1.00,3,0.5000,27.50,117,0,0.00,13,9.29,9.04,8.63,16.10
150411,4.69,0.00,2,14.36,13.44,8,14.60,183,0.43,0.44,1265,0.00,1.00,3,0.5000,28.00,117,0,0.00,13,9.43,9.09,9.02,16.10
150515,7.81,0.00,2,14.36,13.44,8,14.60,183,0.43,0.43,1283,0.00,1.00,3,0.5000,28.50,117,0,0.00,13,9.43,9.18,9.02,16.20
150619,7.81,0.00,2,14.36,13.36,8,14.60,183,0.43,0.42,1294,0.00,1.00,3,0.5000,28.50,117,0,0.00,13,9.43,9.14,8.63,16.00
150723,7.81,0.00,2,14.36,13.44,8,14.60,183,0.43,0.43,1291,0.00,1.00,3,0.5000,28.50,117,0,0.00,13,9.43,9.27,9.02,16.00
150827,7.03,0.00,2,14.36,13.36,8,14.60,183,0.43,0.43,1296,0.00,1.00,3,0.5000,28.50,117,0,0.00,13,9.43,9.18,9.02,15.40
150931,7.81,0.00,2,14.36,13.44,8,14.60,183,0.43,0.42,1310,0.00,1.00,3,0.5000,28.50,117,0,0.00,13,9.29,9.27,9.02,15.00
151035,7.03,0.00,2,14.36,13.44,8,14.60,183,0.43,0.42,1310,0.00,1.00,3,0.5000,28.50,117,0,0.00,13,9.29,9.27,9.02,15.00
151139,7.03,0.00,2,14.36,13.44,8,14.60,183,0.42,0.41,1301,0.00,1.00,3,0.5000,28.50,117,0,0.00,13,9.14,8.63,7.45,14.60
151243,7.03,0.00,2,14.36,13.44,8,14.60,183,0.38,0.36,1286,0.00,1.08,3,0.5000,25.50,117,0,0.00,13,8.27,7.44,5.88,14.50
151347,6.25,0.00,2,14.36,13.44,8,14.60,183,0.36,0.34,1238,0.00,1.06,3,0.5000,22.50,117,0,0.00,13,7.69,6.89,5.88,14.40
151451,3.91,0.00,2,14.36,13.52,8,14.61,183,0.35,0.34,1180,0.00,1.00,3,0.5000,20.00,117,0,0.00,13,7.40,6.60,5.49,14.20
151555,2.34,0.00,2,14.36,13.52,8,14.62,183,0.35,0.35,1130,0.00,1.00,3,0.5000,23.00,117,0,0.00,13,7.25,6.52,5.49,13.80
151659,0.78,0.00,2,14.36,13.52,8,14.63,183,0.35,0.35,1110,0.00,1.00,3,0.5000,22.00,117,0,0.00,13,7.25,6.38,5.49,13.60
151763,-0.78,0.00,2,14.36,13.44,8,14.63,183,0.35,0.35,1098,0.00,1.00,3,0.5000,22.00,117,0,0.00,13,7.11,6.27,5.49,13.30
151867,-2.34,0.00,2,14.36,13.52,8,14.63,183,0.35,0.34,1082,0.00,1.00,3,0.5000,22.00,117,0,0.00,13,7.11,6.20,5.49,13.10
151970,-3.12,0.00,2,14.36,13.52,8,14.63,183,0.34,0.35,1072,0.00,1.00,3,0.5000,22.00,117,0,0.00,13,7.11,6.17,5.49,13.00
152075,-4.69,0.00,2,14.36,13.52,8,14.63,183,0.34,0.34,1065,0.00,1.00,3,0.5000,22.00,117,0,0.00,13,7.11,6.07,5.49,12.90
152179,-5.47,0.00,2,14.36,13.44,8,14.64,183,0.34,0.34,1068,0.00,1.00,3,0.5000,17.50,117,0,0.00,13,7.11,6.07,5.49,12.90
152283,-6.25,0.00,2,14.36,13.44,8,14.64,183,0.35,0.35,1055,0.00,1.00,3,0.5000,20.00,117,0,0.00,13,7.25,6.41,6.67,12.90
152387,-7.03,0.00,2,14.36,13.52,8,14.64,183,0.37,0.39,1055,0.00,1.00,3,0.5000,23.00,117,0,0.00,13,7.84,6.85,6.67,13.00
152491,-7.81,0.00,2,14.36,13.44,8,14.63,183,0.38,0.39,1055,0.00,1.00,3,0.5000,23.50,117,0,0.00,13,7.98,7.00,6.67,13.10
152595,-7.03,0.00,2,14.36,13.44,8,14.63,183,0.38,0.39,1064,0.00,1.00,3,0.5000,24.00,117,0,0.00,13,8.27,7.00,6.67,13.10
152699,-6.25,0.00,2,14.36,13.44,8,14.63,183,0.39,0.39,1072,0.00,1.00,3,0.5000,24.00,117,0,0.00,13,8.27,7.00,6.67,13.50
152803,-5.47,0.00,2,14.36,13.44,8,14.63,183,0.39,0.39,1068,0.00,1.00,3,0.5000,24.00,117,0,0.00,13,8.42,6.93,6.67,13.80
152907,-4.69,0.00,2,14.36,13.44,8,14.63,183,0.38,0.38,1082,0.00,1.00,3,0.5000,24.00,117,0,0.00,13,8.42,6.86,6.67,14.20
153011,-3.91,0.00,2,14.36,13.44,8,14.63,183,0.39,0.39,1080,0.00,1.00,3,0.5000,24.00,117,0,0.00,13,8.56,7.33,7.45,13.50
153116,-3.12,0.00,2,14.36,13.60,8,14.63,183,0.41,0.44,1082,0.00,0.92,3,0.5000,24.50,117,0,0.00,13,9.14,8.04,8.24,14.90
153219,-2.34,0.00,2,14.36,13.52,8,14.62,183,0.43,0.46,1111,0.00,0.99,3,0.5000,25.50,117,0,0.00,13,9.58,8.35,8.63,14.90
153323,0.00,0.00,2,14.36,13.44,8,14.62,183,0.44,0.45,1109,0.00,0.99,3,0.5000,26.00,117,0,0.00,13,9.87,8.35,8.63,15.30
153427,3.91,0.00,2,14.36,13.44,8,14.62,183,0.44,0.45,1121,0.00,0.99,3,0.5000,26.50,117,0,0.00,13,10.01,8.36,8.63,15.50
153531,7.81,0.00,2,14.36,13.44,8,14.61,183,0.44,0.44,1141,0.00,0.99,3,0.5000,26.50,117,0,0.00,13,10.01,8.32,8.24,15.80
153635,10.16,0.00,2,14.36,13.52,8,14.61,183,0.43,0.43,1163,0.00,0.99,3,0.5000,26.50,117,0,0.00,13,9.87,8.32,8.63,16.00
153740,10.94,0.00,2,14.36,13.52,8,14.61,183,0.43,0.42,1188,0.00,0.99,3,0.5000,27.00,117,0,0.00,13,9.87,8.36,8.63,16.20
153843,11.72,0.00,2,14.36,13.44,8,14.60,183,0.42,0.42,1218,0.00,1.00,3,0.5000,27.00,117,0,0.00,13,9.72,8.48,8.63,16.00
153947,11.72,0.00,2,14.36,13.44,8,14.60,183,0.42,0.42,1225,0.00,1.00,3,0.5000,27.00,117,0,0.00,13,9.72,8.56,9.02,15.80
154051,11.72,0.00,2,14.36,13.52,8,14.60,183,0.43,0.44,1229,0.00,0.99,3,0.5000,27.50,117,0,0.00,13,9.87,9.03,9.41,15.50
154155,13.28,0.00,2,14.36,13.60,8,14.60,183,0.44,0.45,1234,0.00,0.99,3,0.5000,27.50,117,0,0.00,13,10.01,9.16,9.41,15.20
154259,15.62,0.00,2,14.36,13.52,8,14.60,183,0.43,0.43,1287,0.00,1.00,3,0.5000,28.50,117,0,0.00,13,10.01,9.17,9.02,15.30
154363,15.62,0.00,2,14.36,13.44,8,14.59,183,0.41,0.40,1340,0.00,1.00,3,0.5000,29.00,117,0,0.00,13,9.72,9.00,9.02,15.50
154468,14.06,0.00,2,14.36,13.36,8,14.59,183,0.41,0.40,1388,0.00,1.00,3,0.5000,29.50,117,0,0.00,13,9.43,9.35,9.41,15.10
154572,12.50,0.00,2,14.36,13.36,8,14.59,183,0.41,0.42,1388,0.00,1.00,3,0.5000,29.50,117,0,0.00,13,9.43,9.75,9.80,14.80
154676,12.50,0.00,2,14.36,13.60,8,14.59,183,0.42,0.43,1403,0.00,0.99,3,0.5000,30.00,117,0,0.00,13,9.58,9.88,9.80,14.30
154780,12.50,0.00,2,14.36,13.52,8,14.59,183,0.42,0.43,1393,0.00,1.00,3,0.5000,30.00,117,0,0.00,13,9.58,9.92,9.80,14.40
154884,12.50,0.00,2,14.36,13.28,8,14.59,183,0.42,0.42,1395,0.00,0.99,3,0.5000,30.00,117,0,0.00,13,9.14,9.53,9.02,14.40
154988,10.94,0.00,2,14.36,13.36,8,14.59,183,0.41,0.39,1400,0.00,1.00,3,0.5000,29.50,117,0,0.00,13,9.00,9.08,8.63,14.40
155092,8.59,0.00,2,14.36,13.36,8,14.59,183,0.40,0.40,1368,0.00,1.00,3,0.5000,28.50,117,0,0.00,13,8.85,9.08,8.63,14.20
155196,5.47,0.00,2,14.36,13.60,8,14.59,183,0.41,0.41,1364,0.00,1.00,3,0.5000,28.50,117,0,0.00,13,8.85,9.35,9.02,14.00
155300,4.69,0.00,2,14.36,13.52,8,14.59,183,0.42,0.43,1356,0.00,1.00,3,0.5000,29.00,117,0,0.00,13,9.00,9.61,9.41,13.80
155404,5.47,0.00,2,14.36,13.44,8,14.59,183,0.43,0.44,1343,0.00,1.00,3,0.5000,29.00,117,0,0.00,13,9.29,9.97,9.80,13.60
155508,6.25,0.00,3,14.36,13.44,8,14.59,183,0.44,0.45,1366,0.00,0.99,3,0.5000,30.00,117,0,0.00,13,9.58,10.34,10.20,13.80
155612,7.03,0.00,3,14.36,13.36,8,14.59,183,0.45,0.45,1372,0.00,0.99,3,0.5000,30.50,117,0,0.00,13,9.72,10.39,10.20,14.20
155716,7.81,0.00,3,14.36,13.60,8,14.59,183,0.45,0.46,1390,0.00,0.99,3,0.5000,31.00,117,0,0.00,13,9.87,10.59,10.59,14.50
155820,8.59,0.78,3,14.36,13.44,8,14.59,183,0.45,0.45,1423,0.00,0.99,3,0.5000,31.50,117,0,0.00,13,10.01,10.93,10.98,15.00
155924,9.38,0.78,3,14.36,13.20,8,14.59,183,0.46,0.46,1430,0.00,0.99,3,0.5000,32.00,117,0,0.00,13,10.16,11.12,10.98,15.00
156028,9.38,0.78,3,14.36,13.28,8,14.59,183,0.46,0.46,1458,0.00,0.99,3,0.5000,32.50,117,0,0.00,13,10.16,11.12,10.98,14.90
156132,9.38,0.78,3,14.36,13.44,8,14.59,183,0.46,0.46,1461,0.00,0.99,3,0.5000,32.50,117,0,0.00,13,10.16,11.22,10.98,15.00
156236,8.59,0.78,3,14.36,13.52,8,14.58,183,0.46,0.45,1481,0.00,0.99,3,0.5000,33.00,117,0,0.00,13,10.16,11.27,10.98,14.50
156340,8.59,3.12,3,14.36,13.52,8,14.58,183,0.46,0.46,1481,0.00,0.99,3,0.5000,33.00,117,0,0.00,13,10.16,11.22,10.98,14.40
156444,7.81,3.12,3,14.36,13.52,8,14.58,183,0.46,0.45,1470,0.00,0.99,3,0.5000,33.00,117,0,0.00,13,10.01,11.32,10.98,14.30
156548,7.03,3.12,3,14.36,13.44,8,14.58,183,0.46,0.46,1483,0.00,0.99,3,0.5000,33.00,117,0,0.00,13,10.16,11.27,10.98,14.30
156652,6.25,3.12,3,14.36,13.44,8,14.58,183,0.46,0.46,1471,0.00,0.99,3,0.5000,33.00,117,0,0.00,13,10.16,11.36,11.37,14.30
156756,6.25,3.12,3,14.36,13.44,8,14.58,183,0.46,0.46,1487,0.00,0.99,3,0.5000,33.00,117,0,0.00,13,10.16,11.56,11.37,14.30
156860,6.25,3.12,3,14.36,13.52,8,14.58,183,0.47,0.47,1480,0.00,0.99,3,0.5000,33.50,117,0,0.00,13,10.30,11.66,11.76,14.30
156964,6.25,3.12,3,14.36,13.44,8,14.58,183,0.47,0.47,1499,0.00,0.99,3,0.5000,34.00,117,0,0.00,13,10.45,11.87,11.76,14.40
157068,6.25,3.12,3,14.36,13.44,8,14.58,183,0.47,0.48,1506,0.00,0.99,3,0.5000,34.00,117,0,0.00,13,10.45,11.72,11.76,14.50
157172,6.25,3.12,3,14.36,13.52,8,14.58,183,0.47,0.46,1500,0.00,0.99,3,0.5000,34.00,117,0,0.00,13,10.45,11.82,11.76,14.50
157276,6.25,3.12,3,14.36,13.44,8,14.58,183,0.47,0.47,1518,0.00,0.99,3,0.5000,34.50,117,0,0.00,13,10.45,11.82,11.76,14.60
157380,6.25,3.12,3,14.36,13.52,8,14.58,183,0.47,0.48,1505,0.00,0.99,3,0.5000,34.00,117,0,0.00,13,10.30,11.92,11.76,14.60
157483,6.25,3.12,3,14.36,13.44,8,14.58,183,0.47,0.47,1518,0.00,0.99,3,0.5000,34.50,117,0,0.00,13,10.30,11.82,11.76,14.50
157588,6.25,3.12,3,14.36,13.44,8,14.58,183,0.47,0.47,1520,0.00,0.99,3,0.5000,34.50,117,0,0.00,13,10.45,11.92,11.76,14.60
157692,6.25,3.12,3,14.36,13.44,8,14.58,183,0.47,0.48,1508,0.00,0.99,3,0.5000,34.50,117,0,0.00,13,10.45,12.03,11.76,14.50
157796,6.25,3.12,3,14.36,13.44,8,14.58,183,0.48,0.47,1524,0.00,0.99,3,0.5000,34.50,117,0,0.00,13,10.30,11.92,11.76,14.50
157900,5.47,3.12,3,14.36,13.52,8,14.58,183,0.47,0.47,1524,0.00,0.99,3,0.5000,34.50,117,0,0.00,13,10.45,12.08,11.76,14.40
158004,5.47,3.12,3,14.36,13.44,8,14.58,183,0.47,0.47,1507,0.00,0.99,3,0.5000,34.50,117,1,0.00,13,10.45,12.03,11.76,14.50
158108,5.47,3.12,3,14.36,13.44,8,14.58,183,0.48,0.48,1524,0.00,0.99,3,0.5000,34.50,117,1,0.00,13,10.30,12.03,11.76,14.40
158212,5.47,3.12,3,14.36,13.28,8,14.58,183,0.48,0.48,1513,0.00,0.99,3,0.5000,34.50,117,0,0.00,13,10.45,11.98,11.76,14.40
158316,5.47,3.12,3,14.36,13.52,8,14.58,183,0.48,0.48,1510,0.00,0.99,3,0.5000,34.50,117,1,0.00,13,10.45,12.24,11.76,14.40
158420,4.69,3.12,3,14.36,13.44,8,14.58,183,0.48,0.48,1525,0.00,0.99,3,0.5000,34.50,117,1,0.00,13,10.30,12.03,11.76,14.40
158524,4.69,3.12,3,14.36,13.36,8,14.58,183,0.47,0.48,1513,0.00,0.99,3,0.5000,34.50,117,1,0.00,13,10.30,11.98,11.76,14.40
158628,4.69,3.12,3,14.36,13.36,8,14.58,183,0.47,0.47,1526,0.00,0.99,3,0.5000,34.50,117,1,0.00,13,10.30,11.87,11.37,14.40
158732,4.69,3.12,3,14.36,13.52,8,14.58,183,0.47,0.47,1524,0.00,0.99,3,0.5000,34.50,117,1,0.00,13,10.30,11.87,11.37,14.40
158836,3.91,3.12,3,14.36,13.52,8,14.58,183,0.47,0.47,1509,0.00,0.99,3,0.5000,34.00,117,1,0.00,13,10.30,11.98,11.37,14.40
158940,4.69,3.12,3,14.36,13.44,8,14.58,183,0.47,0.47,1520,0.00,0.99,3,0.5000,34.50,117,1,0.00,13,10.30,12.03,11.37,14.40
159044,4.69,3.12,3,14.36,13.36,8,14.58,183,0.47,0.48,1506,0.00,0.99,3,0.5000,34.50,117,2,0.00,13,10.30,11.87,11.37,14.40
159148,3.91,3.12,3,14.36,13.44,8,14.58,183,0.47,0.47,1508,0.00,0.99,3,0.5000,34.50,117,1,0.00,13,10.16,11.82,11.37,14.50
159252,3.91,3.12,3,14.36,13.52,8,14.58,183,0.45,0.45,1515,0.00,0.99,3,0.5000,34.00,117,1,0.00,13,9.72,11.02,9.41,14.50
159356,2.34,3.12,3,14.36,13.52,8,14.58,183,0.44,0.43,1480,0.00,1.00,3,0.5000,32.50,117,2,0.00,13,9.29,10.49,9.02,14.40
159460,-1.56,3.12,3,14.36,13.36,8,14.59,183,0.43,0.42,1460,0.00,1.00,3,0.5000,31.50,117,2,0.00,13,9.14,10.24,9.02,14.10
159564,-3.91,3.12,3,14.36,13.36,8,14.59,183,0.43,0.43,1423,0.00,1.00,3,0.5000,31.00,117,2,0.00,13,9.14,10.34,9.02,13.70
159668,-3.91,3.12,2,14.36,13.52,8,14.59,183,0.43,0.43,1418,0.00,1.00,3,0.5000,31.00,117,2,0.00,13,9.00,9.90,8.24,13.60
159772,-4.69,2.34,2,14.36,13.52,8,14.59,183,0.40,0.38,1381,0.00,1.06,3,0.5000,29.50,117,2,0.00,13,8.13,8.40,6.67,13.70
159876,-5.47,2.34,2,14.36,13.52,8,14.60,183,0.37,0.34,1342,0.00,1.07,3,0.5000,28.00,117,2,0.00,13,7.25,7.50,5.49,13.80
159980,-7.03,2.34,2,14.36,13.44,8,14.60,183,0.35,0.32,1274,0.00,1.00,3,0.5000,24.50,117,2,0.00,13,6.82,6.71,5.10,13.80
160084,-9.38,2.34,2,14.36,13.44,8,14.61,183,0.34,0.32,1202,0.00,1.00,3,0.5000,21.50,117,1,0.00,13,6.67,6.49,5.10,13.50
160188,-10.94,2.34,2,14.36,13.44,8,14.62,183,0.34,0.33,1138,0.00,1.00,3,0.5000,19.50,117,0,0.00,13,6.67,6.27,4.71,13.20
160292,0.00,2.34,2,14.36,13.52,10,14.63,183,0.34,0.34,1085,0.00,1.00,3,0.5000,18.00,117,0,0.00,13,6.67,6.14,4.71,13.00
160396,0.00,2.34,2,14.36,13.52,10,14.66,183,0.35,0.36,1000,0.00,1.00,3,0.5000,22.00,117,0,0.00,13,6.67,5.94,4.71,12.80
160500,0.00,0.00,2,14.36,13.60,10,14.67,183,0.36,0.39,906,0.00,1.00,3,0.5000,22.00,117,0,0.00,13,6.82,5.94,4.71,12.70
160604,0.00,0.00,2,14.36,13.60,10,14.69,183,0.38,0.41,866,0.00,0.91,3,0.5000,22.00,117,0,0.00,13,7.11,6.01,5.10,12.80
160708,0.00,0.00,2,14.36,13.52,10,14.69,183,0.40,0.44,817,0.00,0.92,3,0.5000,22.00,117,0,0.00,13,7.55,6.01,5.10,12.60
160812,0.00,0.00,2,14.36,13.60,10,14.67,183,0.40,0.42,854,0.00,1.00,3,0.5000,21.00,117,0,0.00,13,7.84,5.88,4.71,13.00
160916,0.00,0.00,2,14.36,13.68,10,14.65,183,0.38,0.36,973,0.00,1.06,3,0.5000,13.50,117,0,0.00,13,7.69,5.69,4.71,13.60
161020,0.00,0.00,2,14.36,12.72,10,14.65,183,0.36,0.34,1004,0.00,1.00,3,0.5000,12.00,117,0,0.00,13,7.55,5.62,4.71,13.00
161124,0.00,0.00,2,14.36,12.88,10,14.65,183,0.36,0.34,1002,0.00,1.00,3,0.5000,12.50,117,0,0.00,13,7.40,5.75,5.10,13.00
161228,0.00,0.00,2,14.36,13.44,10,14.65,183,0.36,0.36,979,0.00,1.00,3,0.5000,15.00,117,0,0.00,13,7.55,5.81,5.10,11.70
161332,0.00,0.00,2,14.36,13.52,10,14.65,183,0.36,0.35,989,0.00,1.00,3,0.5000,14.50,117,0,0.00,13,7.69,5.85,5.10,11.50
161436,0.00,0.00,2,14.36,13.52,10,14.65,183,0.35,0.35,992,0.00,1.00,3,0.5000,14.50,117,0,0.00,13,7.69,5.81,5.10,11.70
161540,0.00,0.00,2,14.36,13.52,10,14.65,183,0.35,0.35,982,0.00,1.00,3,0.5000,16.00,117,0,0.00,13,7.69,5.75,5.10,11.80
161644,0.00,0.00,2,14.36,13.52,10,14.65,183,0.35,0.35,978,0.00,1.00,3,0.5000,16.00,117,0,0.00,13,7.69,5.69,5.10,11.90
161748,0.00,0.00,2,14.36,13.44,10,14.65,183,0.35,0.35,982,0.00,1.00,3,0.5000,16.00,117,0,0.00,13,7.69,5.69,5.10,12.30
161852,0.00,0.00,2,14.36,13.52,10,14.64,183,0.34,0.33,1042,0.00,1.00,3,0.5000,12.00,117,0,0.00,13,7.55,5.65,5.10,12.40
161956,0.00,0.00,2,14.36,13.52,10,14.63,183,0.33,0.31,1072,0.00,1.00,3,0.5000,12.00,117,0,0.00,13,7.40,5.69,5.10,12.70
162060,0.00,1.56,1,14.36,13.52,10,14.61,183,0.31,0.30,1134,0.00,1.00,3,0.5000,17.00,117,0,0.00,13,7.11,5.56,4.71,12.80
162164,0.00,1.56,1,14.36,13.44,10,14.61,183,0.29,0.27,1186,0.00,1.00,3,0.5000,17.00,117,0,0.00,13,6.82,5.36,4.71,13.00
162268,0.00,1.56,1,14.36,13.44,10,14.61,183,0.28,0.27,1199,0.00,1.00,3,0.5000,17.00,117,0,0.00,13,6.67,5.30,4.71,13.10
162372,0.00,1.56,1,14.36,13.60,10,14.62,183,0.28,0.28,1165,0.00,1.00,3,0.5000,17.00,117,0,0.00,13,6.53,5.40,4.71,13.20
162476,0.00,1.56,1,14.36,13.52,10,14.63,183,0.29,0.30,1096,0.00,1.00,3,0.5000,17.00,117,0,0.00,13,6.53,5.46,4.71,13.40
162580,0.00,1.56,1,14.36,13.52,10,14.64,183,0.30,0.31,1052,0.00,1.00,3,0.5000,17.00,117,0,0.00,13,6.53,5.43,4.71,13.40
162684,0.00,1.56,1,14.36,13.52,10,14.65,183,0.30,0.31,1010,0.00,1.00,3,0.5000,20.00,117,0,0.00,13,6.53,5.33,4.71,13.50
162789,0.00,1.56,1,14.36,13.52,10,14.65,183,0.31,0.31,996,0.00,1.00,3,0.5000,20.50,117,0,0.00,13,6.67,5.17,4.71,13.50
162893,0.00,1.56,1,14.36,13.52,10,14.66,183,0.31,0.33,959,0.00,1.00,2,0.5000,22.00,117,0,0.00,13,6.82,5.33,5.10,13.70
162996,0.00,1.56,1,14.36,13.52,10,14.66,183,0.33,0.34,932,0.00,1.00,2,0.5000,22.00,117,0,0.00,13,7.11,5.43,5.10,13.70
163101,0.00,1.56,1,14.36,13.52,10,14.67,183,0.33,0.35,925,0.00,1.00,2,0.5000,22.00,117,0,0.00,13,7.25,5.43,5.10,13.80
163204,0.00,1.56,1,14.36,13.60,10,14.67,183,0.34,0.36,906,0.00,1.00,2,0.5000,22.00,117,0,0.00,13,7.40,5.36,5.10,13.50
163308,0.00,1.56,1,14.36,13.44,10,14.67,183,0.34,0.34,923,0.00,1.00,2,0.5000,22.00,117,0,0.00,13,7.55,5.30,4.71,13.40
163412,0.00,1.56,1,14.36,13.52,10,14.67,183,0.34,0.34,922,0.00,1.00,2,0.5000,22.00,117,0,0.00,13,7.55,5.20,4.71,13.30
163517,0.00,1.56,1,14.36,13.60,10,14.66,183,0.34,0.34,919,0.00,1.00,2,0.5000,21.50,117,0,0.00,13,7.55,5.17,4.71,13.20
163620,0.00,1.56,1,14.36,13.60,10,14.67,183,0.33,0.34,923,0.00,1.00,2,0.5000,20.50,117,0,0.00,13,7.55,5.17,4.71,13.10
163725,0.00,1.56,1,14.36,13.52,10,14.67,183,0.34,0.34,910,0.00,1.00,2,0.5000,21.50,117,0,0.00,13,7.55,5.17,4.71,13.10
163828,0.00,0.00,2,14.36,13.44,10,14.67,183,0.35,0.37,914,0.00,1.00,2,0.5000,20.50,117,0,0.00,13,7.84,5.75,5.88,13.20
163933,0.00,0.00,2,14.36,13.52,10,14.66,183,0.36,0.38,918,0.00,0.98,2,0.5000,18.50,117,0,0.00,13,7.98,5.81,5.88,13.10
164037,0.00,0.00,2,14.36,13.60,8,14.66,183,0.39,0.40,943,0.00,0.89,2,0.5000,21.00,117,0,0.00,13,8.56,6.68,7.45,13.10
164141,-1.56,0.00,2,14.36,13.52,8,14.65,183,0.41,0.46,979,0.00,0.88,2,0.5000,23.00,117,0,0.00,13,9.72,7.69,9.02,13.20
164245,0.00,0.00,2,14.36,13.52,8,14.63,183,0.44,0.47,1068,0.00,0.91,2,0.5000,25.00,117,0,0.00,13,10.45,8.34,9.80,13.50
164349,2.34,0.00,2,14.36,13.60,8,14.61,183,0.43,0.45,1150,0.00,0.99,2,0.5000,26.00,117,0,0.00,13,10.45,8.32,9.02,14.00
164453,4.69,0.00,2,14.36,13.44,8,14.61,183,0.42,0.41,1205,0.00,0.99,2,0.5000,26.50,117,0,0.00,13,10.16,8.12,8.63,13.50
164557,10.16,0.00,2,14.36,13.52,8,14.60,183,0.41,0.40,1231,0.00,0.99,2,0.5000,26.50,117,0,0.00,13,10.01,8.22,8.63,15.50
164661,12.50,0.00,2,14.36,13.60,8,14.60,183,0.41,0.40,1256,0.00,0.99,2,0.5000,27.00,117,0,0.00,13,9.72,8.39,8.63,16.00
164765,13.28,0.00,2,14.36,13.60,8,14.60,183,0.41,0.40,1260,0.00,0.99,2,0.5000,27.00,117,0,0.00,13,9.58,8.48,8.63,15.90
164869,14.06,0.00,2,14.36,13.60,8,14.60,183,0.42,0.44,1272,0.00,0.99,2,0.5000,27.50,117,0,0.00,13,9.87,9.36,9.80,16.00
164973,12.50,0.00,2,14.36,13.52,8,14.60,183,0.44,0.44,1289,0.00,0.99,2,0.5000,28.50,117,0,0.00,13,10.01,9.82,10.98,15.40
165076,11.72,0.00,3,14.36,13.52,8,14.59,183,0.47,0.48,1335,0.00,0.92,2,0.5000,30.00,117,0,0.00,13,10.88,11.07,12.16,14.90
165181,13.28,0.00,3,14.36,13.44,8,14.59,183,0.48,0.50,1368,0.00,0.99,2,0.5000,31.50,117,0,0.00,13,11.17,11.35,12.55,14.70
165285,14.84,0.00,3,14.36,13.52,8,14.59,183,0.48,0.49,1424,0.00,0.99,2,0.5000,33.00,117,0,0.00,13,11.32,11.50,12.94,14.80
165389,16.41,0.78,3,14.36,13.52,8,14.58,183,0.47,0.46,1451,0.00,0.99,2,0.5000,33.50,117,0,0.00,13,11.03,11.14,11.76,15.10
165493,16.41,0.78,3,14.36,13.52,8,14.58,183,0.46,0.46,1488,0.00,0.99,2,0.5000,33.50,117,0,0.00,13,10.74,11.34,11.76,15.40
165597,14.84,0.78,3,14.36,13.52,8,14.58,183,0.46,0.46,1482,0.00,0.99,2,0.5000,33.50,117,0,0.00,13,10.74,11.54,11.76,15.10
165701,14.84,0.78,3,14.36,13.44,8,14.58,183,0.47,0.47,1498,0.00,0.99,2,0.5000,33.50,117,0,0.00,13,10.74,11.64,11.76,14.10
165805,14.84,0.78,3,14.36,13.44,8,14.58,183,0.47,0.48,1483,0.00,0.99,2,0.5000,33.50,117,0,0.00,13,10.74,11.84,11.76,14.40
165909,14.06,3.12,3,14.36,13.44,8,14.58,183,0.47,0.47,1496,0.00,0.99,2,0.5000,34.00,117,0,0.00,13,10.59,11.84,11.76,14.30
166013,13.28,3.12,3,14.36,13.52,8,14.58,183,0.48,0.50,1487,0.00,0.99,2,0.5000,34.00,115,0,0.00,13,11.03,12.37,12.94,14.30
166117,12.50,3.12,3,14.36,13.52,8,14.58,183,0.49,0.49,1501,0.00,0.99,2,0.5000,35.00,115,0,0.00,13,11.03,12.49,12.94,14.40
166221,13.28,3.12,3,14.36,13.44,8,14.58,183,0.49,0.49,1529,0.00,0.99,2,0.5000,35.50,115,0,0.00,13,11.03,12.49,12.55,14.30
166325,12.50,3.12,3,14.36,13.44,8,14.58,183,0.49,0.49,1524,0.00,0.99,2,0.5000,35.50,115,0,0.00,13,11.17,12.43,12.94,14.30
166429,12.50,3.12,3,14.36,13.52,8,14.58,183,0.49,0.49,1532,0.00,0.99,2,0.5000,35.50,115,0,0.00,13,11.03,12.81,12.94,14.30
166533,11.72,3.12,3,14.36,13.52,8,14.58,183,0.49,0.50,1550,0.00,0.99,2,0.5000,36.00,115,0,0.00,13,11.03,12.81,12.94,14.40
166637,11.72,3.12,3,14.36,13.36,8,14.58,183,0.50,0.50,1544,0.00,0.99,2,0.5000,36.00,115,0,0.00,13,11.03,12.92,12.94,14.40
166741,10.94,3.12,3,14.36,13.36,8,14.58,183,0.49,0.48,1550,0.00,0.99,2,0.5000,36.00,115,0,0.00,13,10.74,12.27,11.76,14.50
166845,9.38,3.12,3,14.36,13.44,8,14.58,183,0.48,0.47,1552,0.00,0.99,2,0.5000,35.50,115,0,0.00,13,10.59,12.32,11.76,14.20
166949,7.81,3.12,3,14.36,13.36,8,14.58,183,0.48,0.49,1531,0.00,0.99,2,0.5000,35.00,115,0,0.00,13,10.59,12.38,11.76,14.00
167053,7.03,3.12,3,14.36,13.60,8,14.58,183,0.48,0.48,1524,0.00,0.99,2,0.5000,35.00,115,0,0.00,13,10.59,12.38,11.76,14.10
167157,7.03,3.12,3,14.36,13.44,8,14.58,183,0.49,0.48,1536,0.00,0.99,2,0.5000,35.50,115,0,0.00,13,10.59,12.38,11.76,14.10
167261,7.03,3.12,3,14.36,13.28,8,14.58,183,0.49,0.49,1523,0.00,0.99,2,0.5000,35.00,115,0,0.00,13,10.59,12.43,11.76,14.30
167365,6.25,3.12,3,14.36,13.44,8,14.58,183,0.48,0.48,1523,0.00,0.99,2,0.5000,35.00,115,0,0.00,13,10.59,12.27,11.76,14.20
167469,5.47,3.12,3,14.36,13.52,8,14.58,183,0.49,0.48,1539,0.00,0.99,2,0.5000,35.50,115,0,0.00,13,10.59,12.48,11.76,14.20
167573,5.47,3.12,3,14.36,13.52,8,14.58,183,0.50,0.51,1531,0.00,0.99,2,0.5000,35.50,115,0,0.00,13,10.88,13.24,13.33,14.30
167677,7.03,3.12,3,14.36,13.44,8,14.58,183,0.51,0.51,1542,0.00,0.99,2,0.5000,36.50,115,0,0.00,13,11.17,13.36,13.33,14.40
167781,7.81,3.12,3,14.36,12.96,8,14.58,183,0.51,0.51,1572,0.00,0.99,2,0.5000,37.50,115,0,0.00,13,11.32,13.41,13.73,15.20
167885,9.38,3.12,3,14.36,13.12,8,14.58,183,0.52,0.53,1575,0.00,0.99,2,0.5000,38.00,115,0,0.00,13,11.61,13.99,14.51,15.00
167989,10.94,3.12,3,14.36,13.44,8,14.58,183,0.52,0.52,1589,0.00,0.99,2,0.5000,38.50,115,0,0.00,13,11.61,13.87,14.51,15.00
168093,11.72,3.12,3,14.36,13.52,8,14.58,183,0.52,0.51,1611,0.00,0.99,2,0.5000,38.50,115,0,0.00,13,11.61,13.87,14.51,15.20
168197,11.72,3.12,3,14.36,13.36,8,14.58,183,0.53,0.53,1608,0.00,0.99,2,0.5000,39.00,115,0,0.00,13,11.90,14.17,14.90,15.10
168301,13.28,3.12,3,14.36,13.44,8,14.58,183,0.54,0.56,1586,0.00,0.99,2,0.5000,39.50,115,1,0.00,13,12.19,14.70,15.69,15.20
168406,14.84,3.12,3,14.36,13.28,8,14.58,183,0.54,0.55,1582,0.00,0.99,2,0.5000,39.50,115,0,0.00,13,12.19,14.41,15.69,15.10
168509,15.62,3.12,3,14.36,13.52,8,14.58,183,0.54,0.54,1597,0.00,0.99,2,0.5000,40.00,115,1,0.00,13,12.19,14.46,15.69,15.30
168613,15.62,3.12,3,14.36,13.52,8,14.58,183,0.54,0.53,1625,0.00,0.99,2,0.5000,40.00,115,1,0.00,13,12.19,14.58,15.69,15.10
168717,15.62,3.12,3,14.36,13.52,8,14.58,183,0.54,0.54,1634,0.00,0.99,2,0.5000,40.00,115,1,0.00,13,12.19,14.58,15.69,15.20
168821,16.41,3.12,3,14.36,13.44,8,14.58,183,0.55,0.55,1640,0.00,0.99,2,0.5000,40.50,115,1,0.00,13,12.48,15.10,16.86,15.00
168925,17.97,3.12,3,14.36,13.36,8,14.58,183,0.55,0.56,1642,0.00,0.99,2,0.5000,40.50,115,1,0.00,13,12.62,15.44,17.25,14.90
169029,18.75,3.12,3,14.36,13.44,8,14.58,183,0.56,0.56,1656,0.00,0.99,2,0.5000,40.50,115,2,0.00,13,12.62,15.42,17.25,15.10
169134,18.75,3.12,3,14.36,13.52,8,14.58,183,0.56,0.55,1674,0.00,0.99,2,0.5000,40.50,115,1,0.00,13,12.62,15.62,17.25,15.00
169237,19.53,3.12,3,14.36,13.44,8,14.58,183,0.55,0.55,1680,0.00,0.99,2,0.5000,40.50,115,2,0.00,13,12.62,15.49,17.25,14.90
169341,20.31,3.12,3,14.36,13.36,8,14.58,183,0.55,0.55,1697,0.00,0.99,2,0.5000,41.00,115,2,0.00,13,12.62,15.62,17.25,14.90
169445,20.31,3.12,3,14.36,13.36,8,14.58,183,0.55,0.55,1704,0.00,0.99,2,0.5000,41.00,115,2,0.00,13,12.62,15.50,17.25,14.80
169549,20.31,3.12,3,14.36,13.44,8,14.58,183,0.55,0.55,1708,0.00,0.99,2,0.5000,41.00,115,3,0.00,13,12.62,15.82,17.25,14.60
169653,21.09,3.12,3,14.36,13.44,8,14.58,183,0.56,0.56,1714,0.00,0.99,2,0.5000,41.00,115,2,0.00,13,12.62,16.02,17.25,14.70
169758,21.09,3.12,3,14.36,13.36,8,14.58,183,0.56,0.55,1720,0.00,0.99,2,0.5000,41.00,115,3,0.00,13,12.48,15.83,17.25,14.50
169861,21.09,3.12,3,14.36,13.44,8,14.58,183,0.56,0.55,1726,0.00,0.99,2,0.5000,41.00,115,3,0.00,13,12.62,15.89,17.25,14.70
169965,21.09,3.12,3,14.36,13.36,8,14.58,183,0.56,0.56,1734,0.00,0.99,2,0.5000,41.00,115,3,0.00,13,12.48,16.10,17.25,14.60
170069,21.09,3.12,3,14.36,13.44,8,14.58,183,0.56,0.56,1742,0.00,0.99,2,0.5000,41.00,115,3,0.00,13,12.48,16.23,17.25,14.60
170173,21.09,3.12,3,14.36,13.36,8,14.58,183,0.56,0.55,1749,0.00,0.99,2,0.5000,41.00,115,4,0.00,13,12.48,16.37,17.25,14.50
170277,20.31,3.12,3,14.36,13.36,8,14.58,183,0.56,0.56,1758,0.00,0.99,2,0.5000,41.00,115,4,0.00,13,12.48,16.17,17.25,14.40
170382,21.09,3.12,3,14.36,13.36,8,14.58,183,0.56,0.55,1764,0.00,0.99,2,0.5000,41.50,115,4,0.00,13,12.48,16.30,17.25,14.50
170485,21.09,3.12,3,14.36,13.44,8,14.58,183,0.56,0.55,1769,0.00,0.99,2,0.5000,41.50,115,4,0.00,13,12.48,16.24,17.25,14.50
170588,21.09,3.12,3,14.36,13.44,8,14.58,183,0.56,0.55,1774,0.00,0.99,2,0.5000,41.50,115,5,0.00,13,12.48,16.51,17.25,14.40
170693,21.09,3.12,3,14.36,13.36,8,14.58,183,0.56,0.56,1766,0.00,0.99,2,0.5000,41.50,115,5,0.00,13,12.48,16.44,17.25,14.60
170797,21.09,3.12,3,14.36,12.88,8,14.58,183,0.55,0.55,1770,0.00,0.99,2,0.5000,41.50,115,5,0.00,13,12.33,16.17,17.25,14.50
170901,20.31,3.12,3,14.36,12.40,8,14.58,183,0.55,0.55,1767,0.00,0.99,2,0.5000,41.50,115,6,0.00,13,12.33,16.37,16.86,14.60
171008,20.31,3.12,3,14.36,13.04,8,14.58,183,0.57,0.59,1750,0.00,1.00,2,0.5000,41.00,115,1,0.00,13,12.91,17.29,19.22,14.40
171109,22.66,3.12,3,14.36,13.44,8,14.58,183,0.58,0.59,1741,0.00,0.99,2,0.5000,40.50,115,0,0.00,13,13.35,17.10,19.61,14.00
171213,22.66,3.12,3,14.36,13.36,8,14.58,183,0.58,0.58,1761,0.00,0.99,2,0.5000,40.50,115,0,0.00,13,13.35,16.96,19.61,15.00
171317,21.88,3.12,3,14.36,13.52,8,14.58,183,0.57,0.57,1782,0.00,0.99,2,0.5000,41.00,115,0,0.00,13,13.20,16.96,19.61,14.60
171421,22.66,3.12,3,14.36,13.44,8,14.58,183,0.57,0.57,1810,0.00,0.99,2,0.5000,41.00,115,0,0.00,13,13.20,17.23,19.22,14.50
171525,22.66,3.12,3,14.36,13.44,8,14.58,183,0.57,0.57,1815,0.00,0.99,2,0.5000,41.00,115,0,0.00,13,13.20,17.23,19.61,14.50
171629,22.66,3.12,3,14.36,13.44,8,14.58,183,0.57,0.57,1822,0.00,0.99,2,0.5000,41.50,115,0,0.00,13,13.20,17.30,19.22,14.40
171733,23.44,3.12,3,14.36,13.36,8,14.58,183,0.57,0.58,1828,0.00,0.99,2,0.5000,41.00,115,0,0.00,13,13.35,17.57,19.61,15.00
171837,23.44,3.12,3,14.36,13.52,8,14.58,183,0.58,0.58,1820,0.00,0.99,2,0.5000,41.00,113,0,0.00,13,13.35,17.64,20.00,14.40
171941,24.22,3.12,3,14.36,13.20,8,14.58,183,0.58,0.57,1825,0.00,0.99,2,0.5000,41.00,113,0,0.00,13,13.35,17.49,20.00,14.80
172045,24.22,3.12,3,14.36,13.20,8,14.58,183,0.58,0.58,1860,0.00,0.99,2,0.5000,41.50,113,13,0.00,13,13.35,17.80,20.00,14.50
172149,23.44,3.12,3,14.36,13.28,8,14.58,183,0.58,0.58,1860,0.00,0.99,2,0.5000,41.50,113,29,0.00,14,13.20,18.02,20.00,14.60
172254,23.44,3.12,3,14.36,13.28,8,14.58,183,0.57,0.57,1852,0.00,0.99,2,0.5000,41.00,113,44,0.00,14,13.49,17.56,20.00,14.40
172357,21.09,3.12,3,14.36,13.44,8,14.58,183,0.57,0.57,1818,0.00,0.99,2,0.5000,41.00,113,48,0.00,14,13.49,17.60,20.00,14.30
172461,20.31,3.12,3,14.36,13.36,8,14.58,183,0.57,0.57,1812,0.00,0.99,2,0.5000,41.00,113,49,0.00,14,13.49,17.04,20.00,14.20
172565,21.09,3.12,3,14.36,13.52,8,14.58,183,0.57,0.57,1806,0.00,0.99,2,0.5000,41.00,113,49,0.00,14,13.64,17.31,20.00,14.50
172669,20.31,3.12,3,14.36,13.44,8,14.58,183,0.57,0.56,1830,0.00,0.99,2,0.5000,41.50,113,49,0.00,14,13.49,17.17,20.00,14.30
172773,20.31,3.12,3,14.36,13.44,8,14.58,183,0.56,0.57,1832,0.00,0.99,2,0.5000,41.50,113,49,0.00,14,13.64,16.90,20.00,14.40
172877,19.53,3.12,3,14.36,13.36,8,14.58,183,0.56,0.56,1835,0.00,0.99,2,0.5000,41.50,113,49,0.00,14,13.49,17.24,20.00,14.30
172981,20.31,3.12,3,14.36,13.44,8,14.58,183,0.56,0.56,1825,0.00,0.99,2,0.5000,41.50,113,49,0.00,14,13.64,17.04,20.00,14.50
173085,20.31,3.12,3,14.36,13.44,8,14.58,183,0.57,0.56,1817,0.00,0.99,2,0.5000,41.50,113,49,0.00,14,13.64,17.38,20.00,14.30
173189,20.31,3.12,3,14.36,13.36,8,14.58,183,0.57,0.56,1825,0.00,0.99,2,0.5000,41.50,113,49,0.00,14,13.35,17.11,20.00,15.90
173293,19.53,3.12,3,14.36,13.44,8,14.58,183,0.57,0.57,1839,0.00,0.99,2,0.5000,41.50,113,49,0.00,14,13.64,17.31,20.00,14.30
173397,20.31,3.12,3,14.36,13.36,8,14.58,183,0.57,0.56,1844,0.00,0.99,2,0.5000,41.50,113,49,0.00,14,13.49,17.31,20.00,14.50
173501,19.53,3.12,3,14.36,13.44,8,14.58,183,0.57,0.57,1840,0.00,0.99,2,0.5000,41.50,113,49,0.00,14,13.64,17.45,20.00,14.00
173606,20.31,3.12,3,14.36,13.44,8,14.58,185,0.57,0.56,1830,0.00,0.99,2,0.5000,41.50,113,49,0.00,15,13.49,17.52,20.00,15.70
173710,20.31,3.12,3,14.36,13.44,8,14.58,185,0.57,0.57,1835,0.00,0.99,2,0.5000,41.50,113,49,0.00,15,13.49,17.31,20.00,13.90
173813,19.53,3.12,3,14.36,13.36,8,14.58,185,0.57,0.57,1846,0.00,0.99,2,0.5000,41.50,113,49,0.00,15,13.64,17.46,20.00,14.80
173917,19.53,3.12,3,14.36,13.36,8,14.58,185,0.57,0.57,1850,0.00,0.99,2,0.5000,41.50,113,49,0.00,15,13.49,17.38,20.00,14.50
174021,19.53,3.12,3,14.36,13.36,8,14.58,185,0.57,0.57,1848,0.00,0.99,2,0.5000,41.50,113,49,0.00,15,13.49,17.24,20.00,15.50
174125,19.53,3.12,3,14.36,13.44,8,14.58,185,0.57,0.56,1832,0.00,0.99,2,0.5000,41.50,113,49,0.00,15,13.49,17.60,20.00,14.30
174229,19.53,3.12,3,14.36,13.44,8,14.58,185,0.57,0.57,1838,0.00,0.99,2,0.5000,41.50,113,49,0.00,15,13.49,17.45,20.00,15.80
174333,19.53,3.12,3,14.36,13.36,8,14.58,185,0.57,0.58,1834,0.00,0.99,2,0.5000,41.50,113,49,0.00,15,13.64,17.60,20.00,14.30
174438,20.31,3.12,3,14.36,13.36,8,14.58,185,0.57,0.57,1860,0.00,0.99,2,0.5000,41.50,113,49,0.00,16,13.49,17.38,20.00,15.30
174542,19.53,3.12,3,14.36,13.36,8,14.58,185,0.57,0.57,1851,0.00,0.99,2,0.5000,41.50,113,49,0.00,16,13.49,17.24,20.00,14.30
174646,19.53,3.12,3,14.36,13.44,8,14.58,185,0.57,0.56,1836,0.00,0.99,2,0.5000,41.50,113,49,0.00,16,13.49,17.74,20.00,15.60
174749,19.53,3.12,3,14.36,13.44,8,14.58,185,0.57,0.57,1844,0.00,0.99,2,0.5000,41.50,113,49,0.00,16,13.49,17.45,20.00,14.20
174855,19.53,3.12,3,14.36,13.36,8,14.58,185,0.57,0.57,1836,0.00,0.99,2,0.5000,41.50,113,49,0.00,16,13.64,17.59,20.00,17.00
174957,19.53,3.12,3,14.36,13.44,8,14.58,185,0.57,0.57,1857,0.00,0.99,2,0.5000,41.50,113,49,0.00,16,13.49,17.31,20.00,14.30
175062,18.75,3.12,3,14.36,13.36,8,14.58,185,0.57,0.57,1842,0.00,0.99,2,0.5000,41.50,113,49,0.00,16,13.49,17.52,20.00,14.80
175166,18.75,3.12,3,14.36,13.44,8,14.58,185,0.57,0.56,1834,0.00,0.99,2,0.5000,41.50,113,49,0.00,16,13.49,17.44,20.00,14.00
175270,19.53,3.12,3,14.36,13.44,8,14.58,185,0.57,0.57,1842,0.00,0.99,2,0.5000,41.50,113,49,0.00,16,13.49,17.45,20.00,15.60
175374,18.75,3.12,3,14.36,13.36,8,14.58,185,0.57,0.58,1840,0.00,0.99,2,0.5000,41.50,113,49,0.00,16,13.64,17.75,20.00,14.20
175477,19.53,3.12,3,14.36,13.36,8,14.58,185,0.57,0.57,1855,0.00,0.99,2,0.5000,41.50,113,49,0.00,16,13.49,17.52,20.00,14.30
175581,18.75,3.12,3,14.36,13.44,8,14.58,185,0.57,0.57,1858,0.00,0.99,2,0.5000,41.50,113,49,0.00,16,13.49,17.59,20.00,14.40
175686,19.53,3.12,3,14.36,13.44,8,14.58,185,0.57,0.56,1839,0.00,0.99,2,0.5000,41.50,113,49,0.00,16,13.49,17.44,20.00,14.10
175790,19.53,3.12,3,14.36,13.44,8,14.58,185,0.57,0.57,1847,0.00,0.99,2,0.5000,41.50,113,49,0.00,16,13.49,17.45,20.00,16.00
175894,19.53,3.12,3,14.36,13.36,8,14.58,185,0.57,0.57,1856,0.00,0.99,2,0.5000,41.50,113,49,0.00,16,13.64,17.52,20.00,14.00
175998,19.53,3.12,3,14.36,13.44,8,14.58,185,0.57,0.56,1860,0.00,0.99,2,0.5000,41.50,113,49,0.00,16,13.49,17.45,20.00,15.80
176101,19.53,3.12,3,14.36,13.44,8,14.58,185,0.57,0.57,1856,0.00,0.99,2,0.5000,41.50,113,49,0.00,16,13.49,17.45,20.00,13.80
176205,19.53,3.12,3,14.36,13.44,8,14.58,185,0.57,0.57,1842,0.00,0.99,2,0.5000,41.50,113,49,0.00,16,13.49,17.67,20.00,16.60
176310,19.53,3.12,3,14.36,13.44,8,14.58,185,0.57,0.57,1848,0.00,0.99,2,0.5000,41.50,113,49,0.00,16,13.49,17.53,20.39,13.90
176414,20.31,3.12,3,14.36,13.36,8,14.58,185,0.57,0.57,1863,0.00,0.99,2,0.5000,41.50,113,49,0.00,16,13.64,17.75,20.78,14.90
176518,20.31,3.12,3,14.36,13.44,8,14.58,185,0.57,0.56,1869,0.00,0.99,2,0.5000,41.50,113,49,0.00,16,13.64,17.66,20.78,14.60
176621,21.09,3.12,3,14.36,13.36,8,14.58,185,0.57,0.57,1863,0.00,0.99,2,0.5000,41.50,113,49,0.00,16,13.64,17.59,20.78,15.10
176726,21.09,3.12,3,14.36,13.44,8,14.58,185,0.57,0.57,1857,0.00,0.99,2,0.5000,41.50,113,49,0.00,16,13.64,18.04,20.78,15.10
176829,21.88,3.12,3,14.36,13.44,8,14.58,185,0.57,0.57,1864,0.00,0.99,2,0.5000,41.50,113,49,0.00,16,13.49,17.59,20.78,15.20
176934,21.09,3.12,3,14.36,13.44,8,14.58,185,0.57,0.57,1872,0.00,0.99,2,0.5000,41.50,113,49,0.00,16,13.64,17.75,20.78,14.20
177038,21.09,3.12,3,14.36,13.44,8,14.58,185,0.57,0.56,1873,0.00,0.99,2,0.5000,41.50,113,49,0.00,16,13.64,17.74,20.78,16.00
177142,21.09,3.12,3,14.36,13.44,8,14.58,185,0.57,0.58,1862,0.00,0.99,2,0.5000,41.50,113,49,0.00,16,13.64,17.83,20.78,14.00
177246,21.09,3.12,3,14.36,13.44,8,14.58,185,0.57,0.58,1861,0.00,0.99,2,0.5000,41.50,113,49,0.00,16,13.64,18.12,20.78,14.70
177350,22.66,3.12,3,14.36,13.44,8,14.58,185,0.57,0.57,1881,0.00,0.99,2,0.5000,41.50,113,49,0.00,16,13.64,17.89,21.18,14.90
177454,21.88,3.12,3,14.36,13.36,8,14.58,185,0.57,0.58,1887,0.00,0.99,2,0.5000,41.50,113,49,0.00,16,13.64,18.06,20.78,14.60
177558,21.88,3.12,3,14.36,13.44,8,14.58,185,0.57,0.57,1872,0.00,0.99,2,0.5000,41.50,113,49,0.00,16,13.64,18.35,21.18,15.30
177662,22.66,3.12,3,14.36,13.36,8,14.58,185,0.58,0.57,1876,0.00,0.99,2,0.5000,41.50,113,49,0.00,16,13.64,17.90,20.78,14.10
177766,21.09,3.12,3,14.36,13.44,8,14.58,185,0.58,0.58,1883,0.00,0.99,2,0.5000,41.50,113,49,0.00,16,13.78,17.90,21.18,16.10
177870,21.88,3.12,3,14.36,13.36,8,14.58,185,0.58,0.57,1888,0.00,0.99,2,0.5000,41.50,113,49,0.00,16,13.64,18.12,20.78,14.40
177974,21.88,3.12,3,14.36,13.44,8,14.58,185,0.58,0.58,1879,0.00,0.99,2,0.5000,41.50,113,49,0.00,16,13.64,17.98,20.78,15.10
178078,21.88,3.12,3,14.36,13.36,8,14.58,185,0.58,0.58,1872,0.00,0.99,2,0.5000,41.50,113,49,0.00,16,13.78,18.19,20.78,14.30
178182,21.88,3.12,3,14.36,13.44,8,14.58,185,0.57,0.58,1887,0.00,0.99,2,0.5000,41.50,113,49,0.00,16,13.64,17.97,20.78,14.30
178286,21.09,3.12,3,14.36,13.44,8,14.58,185,0.57,0.58,1888,0.00,0.99,2,0.5000,41.50,113,49,0.00,17,13.64,17.74,20.78,15.10
178390,21.88,3.12,3,14.36,13.44,8,14.58,185,0.58,0.58,1873,0.00,0.99,2,0.5000,41.50,113,49,0.00,17,13.64,18.19,20.78,14.30
178494,21.88,3.12,3,14.36,13.36,8,14.58,185,0.58,0.58,1896,0.00,0.99,2,0.5000,41.50,113,49,0.00,17,13.64,18.19,20.78,15.40
178598,21.88,3.12,3,14.36,13.36,8,14.58,185,0.57,0.57,1890,0.00,0.99,2,0.5000,41.50,113,49,0.00,17,13.64,17.90,20.78,14.10
178702,21.88,3.12,3,14.36,13.44,8,14.58,185,0.57,0.57,1877,0.00,0.99,2,0.5000,41.50,113,49,0.00,17,13.64,18.04,20.78,15.00
178806,21.88,3.12,3,14.36,13.36,8,14.58,185,0.57,0.57,1883,0.00,0.99,2,0.5000,41.50,113,49,0.00,17,13.49,17.82,20.78,14.50
178910,21.88,3.12,3,14.36,13.44,8,14.58,185,0.57,0.58,1898,0.00,0.99,2,0.5000,41.50,113,49,0.00,17,13.64,18.21,20.78,14.50
179014,21.88,3.12,3,14.36,13.36,8,14.58,185,0.57,0.57,1898,0.00,0.99,2,0.5000,41.50,113,49,0.00,17,13.64,18.04,20.78,15.30
179118,21.88,3.12,3,14.36,13.44,8,14.58,185,0.57,0.57,1888,0.00,0.99,2,0.5000,41.50,113,49,0.00,17,13.64,17.82,20.78,14.20
179222,21.88,3.12,3,14.36,13.44,8,14.58,185,0.57,0.57,1879,0.00,0.99,2,0.5000,41.50,113,49,0.00,17,13.64,18.27,20.78,16.20
179326,22.66,3.12,3,14.36,13.44,8,14.58,185,0.57,0.57,1897,0.00,0.99,2,0.5000,41.50,113,49,0.00,17,13.64,18.12,20.78,15.30
179430,22.66,3.12,3,14.36,13.36,8,14.58,185,0.58,0.58,1892,0.00,0.99,2,0.5000,41.50,113,49,0.00,17,13.64,17.90,20.78,14.30
179535,21.88,3.12,3,14.36,13.36,8,14.58,185,0.58,0.57,1879,0.00,0.99,2,0.5000,41.50,113,49,0.00,17,13.64,18.26,20.78,14.30
179638,22.66,3.12,3,14.36,13.28,8,14.58,185,0.58,0.57,1903,0.00,0.99,2,0.5000,41.50,111,49,0.00,17,13.64,18.11,20.78,14.70
179742,21.88,3.12,3,14.36,13.44,8,14.58,185,0.57,0.57,1901,0.00,0.99,2,0.5000,41.50,111,49,0.00,17,13.64,18.03,20.78,14.30
179846,21.88,3.12,3,14.36,13.44,8,14.58,185,0.57,0.57,1883,0.00,0.99,2,0.5000,41.50,111,49,0.00,17,13.64,18.42,20.78,16.50
179951,22.66,3.12,3,14.36,13.44,8,14.58,185,0.58,0.57,1890,0.00,0.99,2,0.5000,41.50,111,49,0.00,17,13.49,18.11,20.78,14.20
180054,21.88,3.12,3,14.36,13.36,8,14.58,185,0.58,0.58,1897,0.00,0.99,2,0.5000,41.50,111,49,0.00,17,13.64,18.02,20.78,15.30
180158,21.88,3.12,3,14.36,13.36,8,14.58,185,0.58,0.57,1903,0.00,0.99,2,0.5000,41.50,111,49,0.00,17,13.64,18.02,20.78,14.00
180263,21.88,3.12,3,14.36,13.52,8,14.58,185,0.58,0.57,1892,0.00,0.99,2,0.5000,41.50,111,49,0.00,17,13.64,17.95,20.78,14.40
180366,21.09,3.12,3,14.36,13.36,8,14.58,185,0.57,0.57,1901,0.00,0.99,2,0.5000,41.50,111,49,0.00,17,13.78,17.79,20.78,15.80
180471,21.88,3.12,3,14.36,13.36,8,14.58,185,0.57,0.56,1905,0.00,0.99,2,0.5000,42.00,111,49,0.00,17,13.64,18.10,20.78,14.10
180575,21.88,3.12,3,14.36,13.36,8,14.58,185,0.57,0.57,1894,0.00,0.99,2,0.5000,42.00,111,49,0.00,17,13.64,17.79,20.78,16.10
180679,21.88,3.12,3,14.36,13.36,8,14.58,185,0.57,0.58,1887,0.00,0.99,2,0.5000,42.00,111,49,0.00,17,13.64,18.25,20.78,14.30
180783,22.66,3.12,3,14.36,13.44,8,14.58,185,0.57,0.57,1906,0.00,0.99,2,0.5000,42.00,111,49,0.00,17,13.64,18.02,20.78,15.20
180886,22.66,3.12,3,14.36,13.44,8,14.58,185,0.57,0.57,1901,0.00,0.99,2,0.5000,42.00,111,49,0.00,17,13.64,18.10,20.78,15.60
180991,22.66,3.12,3,14.36,13.44,8,14.58,185,0.57,0.56,1889,0.00,0.99,2,0.5000,41.50,111,49,0.00,17,13.78,18.02,20.78,13.90
181095,22.66,3.12,3,14.36,13.36,8,14.58,185,0.57,0.57,1910,0.00,0.99,2,0.5000,42.00,111,49,0.00,17,13.64,18.18,20.78,16.40
181199,22.66,3.12,3,14.36,13.36,8,14.58,185,0.57,0.57,1907,0.00,0.99,2,0.5000,42.00,111,49,0.00,17,13.64,17.95,20.78,14.10
181303,23.44,3.12,3,14.36,13.44,8,14.58,185,0.57,0.56,1892,0.00,0.99,2,0.5000,41.50,111,49,0.00,17,13.49,18.33,20.39,14.80
181406,23.44,3.12,3,14.36,13.52,8,14.58,185,0.57,0.57,1894,0.00,0.99,2,0.5000,41.50,111,49,0.00,17,13.49,17.87,20.39,14.50
181510,21.88,3.12,3,14.36,13.52,8,14.58,185,0.57,0.58,1898,0.00,0.99,2,0.5000,42.00,111,49,0.00,17,13.49,17.95,19.61,14.40
181615,20.31,3.12,3,14.36,13.36,8,14.58,185,0.56,0.56,1896,0.00,0.99,2,0.5000,42.00,111,49,0.00,17,13.35,17.71,19.61,14.40
181719,20.31,3.12,3,14.36,13.44,8,14.58,185,0.56,0.56,1880,0.00,0.99,2,0.5000,42.00,111,49,0.00,17,13.20,17.28,19.61,14.10
181822,18.75,3.12,3,14.36,13.52,8,14.58,185,0.55,0.55,1880,0.00,0.99,2,0.5000,42.00,111,49,0.00,17,13.20,17.14,18.43,14.30
181927,16.41,3.12,3,14.36,13.60,8,14.58,185,0.54,0.53,1909,0.00,0.99,2,0.5000,42.50,111,49,0.00,17,12.91,16.93,17.65,14.10
182031,14.84,3.12,3,14.36,13.52,8,14.58,185,0.54,0.54,1899,0.00,0.99,2,0.5000,42.00,111,46,0.00,18,13.06,17.00,18.43,14.30
182134,14.84,3.12,3,14.36,13.36,8,14.58,185,0.54,0.55,1905,0.00,0.99,2,0.5000,42.50,111,38,0.00,19,12.91,17.41,18.43,14.30
182239,19.53,3.12,3,14.36,13.52,8,14.58,185,0.55,0.55,1938,0.00,0.99,2,0.5000,42.50,111,26,0.00,20,12.77,17.71,18.82,15.20
182343,22.66,3.12,3,14.36,13.44,8,14.58,185,0.55,0.55,1935,0.00,0.99,2,0.5000,43.00,111,10,0.00,20,12.77,18.10,18.82,15.60
182446,25.00,3.12,3,14.36,13.52,8,14.58,185,0.56,0.56,1945,0.00,0.99,2,0.5000,43.00,111,4,0.00,20,12.91,18.18,19.22,15.80
182551,25.00,3.12,3,14.36,13.44,8,14.58,185,0.56,0.56,1977,0.00,0.99,2,0.5000,43.00,111,1,0.00,20,12.91,18.41,19.22,15.40
182655,25.00,3.12,3,14.36,13.36,8,14.58,185,0.56,0.56,1974,0.00,0.99,2,0.5000,43.00,111,0,0.00,20,13.06,18.33,19.22,15.20
182759,25.00,3.12,3,14.36,13.52,8,14.58,185,0.56,0.55,1998,0.00,0.99,2,0.5000,43.00,111,0,0.00,20,12.91,18.41,19.22,15.20
182863,25.00,3.12,3,14.36,13.44,8,14.58,185,0.56,0.55,1981,0.00,0.99,2,0.5000,43.00,111,0,0.00,20,12.91,18.26,19.22,15.10
182967,25.00,3.12,3,14.36,13.52,8,14.58,185,0.55,0.55,2002,0.00,0.99,2,0.5000,43.50,111,0,0.00,20,13.06,18.25,19.22,15.00
183070,25.00,3.12,3,14.36,13.28,8,14.58,185,0.55,0.55,1988,0.00,0.99,2,0.5000,43.00,111,0,0.00,20,12.91,18.18,19.22,14.90
183175,25.00,3.12,3,14.36,13.36,8,14.58,185,0.55,0.55,2001,0.00,0.99,2,0.5000,43.50,111,0,0.00,20,12.77,18.10,18.82,15.10
183279,25.00,3.12,3,14.36,13.44,8,14.58,185,0.55,0.56,1981,0.00,0.99,2,0.5000,43.50,111,0,0.00,20,12.77,18.18,18.82,14.70
183383,25.00,3.12,3,14.36,13.44,8,14.58,185,0.55,0.56,1983,0.00,0.99,2,0.5000,43.00,111,0,0.00,20,12.77,18.33,18.82,14.80
183486,25.00,3.12,3,14.36,13.52,8,14.58,185,0.55,0.55,2004,0.00,0.99,2,0.5000,43.50,111,0,0.00,20,12.77,18.33,18.82,15.10
183591,25.00,3.12,3,14.36,13.44,8,14.58,185,0.55,0.55,1990,0.00,0.99,2,0.5000,43.50,111,0,0.00,21,12.77,18.33,18.82,14.60
183695,25.00,3.12,3,14.36,13.44,8,14.58,185,0.54,0.54,2005,0.00,0.99,2,0.5000,43.50,111,0,0.00,21,12.62,17.87,18.04,14.80
183799,25.00,3.12,3,14.36,13.52,8,14.58,185,0.54,0.54,1990,0.00,0.99,2,0.5000,43.00,111,0,0.00,21,12.62,17.71,18.04,15.10
183903,25.00,3.12,3,14.36,13.52,8,14.58,185,0.54,0.54,2001,0.00,0.99,2,0.5000,43.00,111,0,0.00,22,12.48,18.02,18.04,14.30
184007,25.00,3.12,3,14.36,13.60,8,14.58,185,0.54,0.55,1982,0.00,0.99,2,0.5000,43.00,111,0,0.00,22,12.48,18.02,18.04,14.70
184110,25.00,3.12,3,14.36,13.44,8,14.58,185,0.55,0.54,1999,0.00,0.99,2,0.5000,43.00,111,0,0.00,22,12.62,18.10,18.04,14.70
184218,25.00,3.12,3,14.36,13.44,8,14.58,185,0.55,0.55,1988,0.00,0.99,2,0.5000,43.00,111,0,0.00,22,12.62,18.41,18.43,14.70
184319,25.00,3.12,3,14.36,13.52,8,14.58,185,0.55,0.55,2006,0.00,0.99,2,0.5000,43.50,111,0,0.00,22,12.62,18.17,18.43,14.70
184423,25.00,3.12,3,14.36,13.44,8,14.58,185,0.54,0.54,1994,0.00,0.99,2,0.5000,43.00,111,0,0.00,22,12.62,18.10,18.43,14.40
184527,25.00,3.12,3,14.36,13.44,8,14.58,185,0.55,0.56,2011,0.00,0.99,2,0.5000,43.50,111,0,0.00,23,12.77,18.49,18.82,14.70
184631,25.00,3.12,3,14.36,13.36,8,14.58,185,0.55,0.55,2020,0.00,0.99,2,0.5000,43.50,111,0,0.00,23,12.77,18.49,18.82,15.00
184735,25.00,3.12,3,14.36,13.44,8,14.58,185,0.55,0.55,2013,0.00,0.99,2,0.5000,43.50,111,0,0.00,24,12.77,18.41,18.82,14.70
184839,25.00,3.12,3,14.36,13.44,8,14.58,185,0.55,0.55,2027,0.00,0.99,2,0.5000,43.50,111,0,0.00,24,12.77,18.41,18.82,15.00
184943,25.00,3.12,3,14.36,13.44,8,14.58,185,0.55,0.55,2028,0.00,0.99,2,0.5000,43.50,111,0,0.00,24,12.77,18.49,18.82,15.10
185047,25.00,3.12,3,14.36,13.44,8,14.58,185,0.55,0.55,2012,0.00,0.99,2,0.5000,43.50,111,0,0.00,24,12.77,18.56,18.82,15.10
185151,25.00,3.12,3,14.36,13.36,8,14.58,185,0.55,0.55,2027,0.00,0.99,2,0.5000,43.50,111,1,0.00,24,12.77,18.56,18.82,14.90
185254,25.00,3.12,3,14.36,13.44,8,14.58,185,0.55,0.55,2015,0.00,0.99,2,0.5000,43.50,111,1,0.00,24,12.77,18.64,19.22,15.00
185359,25.00,3.12,3,14.36,13.52,8,14.58,185,0.56,0.56,2034,0.00,0.99,2,0.5000,43.50,111,1,0.00,24,12.91,18.95,19.22,15.00
185463,25.00,3.12,3,14.36,13.44,8,14.58,185,0.55,0.55,2021,0.00,0.99,2,0.5000,43.00,111,2,0.00,24,12.77,18.80,19.22,14.90
185567,25.00,3.12,3,14.36,13.36,8,14.58,185,0.55,0.56,2035,0.00,0.99,2,0.5000,43.50,111,3,0.00,24,12.77,18.49,19.22,15.00
185671,25.00,3.12,3,14.36,13.36,8,14.58,185,0.55,0.55,2022,0.00,0.99,2,0.5000,43.50,111,4,0.00,24,12.77,18.64,19.22,15.20
185775,25.00,3.12,3,14.36,13.36,8,14.58,185,0.55,0.55,2037,0.00,0.99,2,0.5000,43.50,111,4,0.00,24,12.77,18.41,19.22,14.80
185879,25.00,3.12,3,14.36,13.44,8,14.58,185,0.55,0.55,2025,0.00,0.99,2,0.5000,43.50,111,5,0.00,24,12.77,18.80,19.22,15.10
185983,25.00,3.12,3,14.36,13.44,8,14.58,185,0.56,0.56,2037,0.00,0.99,2,0.5000,43.50,111,5,0.00,24,12.77,18.80,19.22,15.00
186087,25.00,3.12,3,14.36,13.44,8,14.58,185,0.56,0.56,2026,0.00,0.99,2,0.5000,43.00,111,6,0.00,24,12.77,18.80,19.22,15.00
186191,25.00,3.12,3,14.36,13.36,8,14.58,185,0.55,0.56,2044,0.00,0.99,2,0.5000,43.00,111,7,0.00,25,12.77,18.80,19.22,14.90
186295,25.00,3.12,3,14.36,13.52,8,14.58,185,0.55,0.55,2036,0.00,0.99,2,0.5000,43.50,111,8,0.00,25,12.77,19.03,19.22,15.10
186399,25.00,3.12,3,14.36,13.52,8,14.58,185,0.56,0.56,2055,0.00,0.99,2,0.5000,43.50,111,9,0.00,25,12.77,18.95,19.22,15.10
186504,25.00,3.12,3,14.36,13.52,8,14.58,185,0.56,0.56,2038,0.00,0.99,2,0.5000,43.00,111,10,0.00,25,12.77,18.88,19.22,14.60
186607,25.00,3.12,3,14.36,13.36,8,14.58,185,0.55,0.55,2054,0.00,0.99,2,0.5000,43.00,111,10,0.00,25,12.77,18.80,19.22,14.90
186711,25.00,3.12,3,14.36,13.36,8,14.58,185,0.55,0.56,2039,0.00,0.99,2,0.5000,43.50,111,11,0.00,25,12.77,18.80,19.22,14.90
186815,25.00,3.12,3,14.36,13.52,8,14.58,185,0.55,0.55,2063,0.00,0.99,2,0.5000,43.50,111,12,0.00,25,12.77,18.80,19.22,14.60
186919,25.00,3.12,3,14.36,13.52,8,14.58,185,0.55,0.55,2066,0.00,0.99,2,0.5000,43.50,111,13,0.00,25,12.62,18.80,19.22,14.80
187023,25.00,3.12,3,14.36,13.52,8,14.58,185,0.55,0.55,2052,0.00,0.99,2,0.5000,43.50,111,14,0.00,25,12.77,19.11,19.22,15.00
187127,25.00,3.12,3,14.36,13.44,8,14.58,185,0.55,0.55,2069,0.00,0.99,2,0.5000,43.50,111,14,0.00,25,12.62,18.87,19.22,14.90
187231,25.00,3.12,3,14.36,13.52,8,14.58,185,0.55,0.55,2054,0.00,0.99,2,0.5000,43.50,111,15,0.00,26,12.62,18.87,18.82,15.00
187335,25.00,3.12,3,14.36,13.44,8,14.58,185,0.55,0.55,2067,0.00,0.99,2,0.5000,43.50,111,16,0.00,26,12.62,18.95,18.82,15.10
187439,25.00,3.12,3,14.36,13.52,8,14.58,185,0.55,0.55,2052,0.00,0.99,2,0.5000,43.50,111,16,0.00,26,12.62,18.80,18.82,14.60
187543,25.00,3.12,3,14.36,13.52,8,14.58,185,0.54,0.54,2072,0.00,0.99,2,0.5000,43.50,111,17,0.00,26,12.48,18.49,18.43,14.70
187647,25.00,3.12,3,14.36,13.44,8,14.58,185,0.54,0.54,2071,0.00,0.99,2,0.5000,43.00,111,18,0.00,26,12.48,18.64,18.43,16.10
187752,25.00,3.12,3,14.36,13.36,8,14.58,185,0.54,0.54,2052,0.00,0.99,2,0.5000,43.00,111,18,0.00,26,12.48,18.64,18.43,14.60
187855,25.00,3.12,3,14.36,13.44,8,14.58,185,0.53,0.53,2070,0.00,0.99,2,0.5000,43.00,111,19,0.00,26,12.33,17.94,17.65,14.40
187959,24.22,3.12,3,14.36,13.60,8,14.58,185,0.51,0.50,2046,0.00,1.00,2,0.5000,42.50,111,20,0.00,26,11.61,17.00,15.69,14.50
188063,21.09,3.12,3,14.36,13.60,8,14.58,185,0.50,0.49,2034,0.00,1.00,2,0.5000,42.00,111,20,0.00,26,11.32,16.46,15.29,14.10
188167,19.53,3.12,3,14.36,13.52,8,14.57,185,0.50,0.49,1996,0.00,1.00,2,0.5000,41.50,111,20,0.00,26,11.32,16.66,15.29,13.70
188271,17.97,3.12,3,14.36,13.52,8,14.58,185,0.50,0.50,2014,0.00,1.00,2,0.5000,41.50,111,20,0.00,26,11.32,16.59,15.29,13.80
188375,17.97,3.12,3,14.36,13.44,8,14.57,185,0.50,0.49,2010,0.00,1.00,2,0.5000,41.50,111,17,0.00,26,11.17,16.59,15.29,14.10
188479,18.75,3.12,3,14.36,13.60,8,14.58,185,0.50,0.50,2022,0.00,0.99,2,0.5000,41.50,111,14,0.00,26,11.17,16.59,15.29,14.30
188583,18.75,3.12,3,14.36,13.52,8,14.57,185,0.50,0.49,2000,0.00,0.99,2,0.5000,41.50,111,11,0.00,26,11.17,16.59,15.29,14.40
188687,19.53,3.12,3,14.36,13.52,8,14.58,185,0.50,0.50,2013,0.00,0.99,2,0.5000,41.50,111,9,0.00,26,11.17,16.59,15.29,14.70
188791,19.53,3.12,3,14.36,13.44,8,14.57,185,0.50,0.50,1998,0.00,0.99,2,0.5000,41.50,111,8,0.00,26,11.17,16.59,15.29,14.40
188895,19.53,3.12,3,14.36,13.44,8,14.58,185,0.50,0.50,2012,0.00,0.99,2,0.5000,41.50,111,7,0.00,26,11.17,16.53,15.29,14.50
189000,19.53,3.12,3,14.36,13.52,8,14.57,185,0.50,0.49,1997,0.00,0.99,2,0.5000,41.50,109,6,0.00,26,11.17,16.46,15.29,14.60
189103,20.31,3.12,3,14.36,13.44,8,14.58,185,0.50,0.50,2019,0.00,0.99,2,0.5000,41.50,109,6,0.00,26,11.17,16.80,15.69,14.50
189207,20.31,3.12,3,14.36,13.44,8,14.58,185,0.50,0.50,2011,0.00,0.99,2,0.5000,41.50,109,5,0.00,26,11.32,16.80,15.69,14.50
189311,21.09,3.12,3,14.36,13.36,8,14.58,185,0.50,0.50,2028,0.00,0.99,2,0.5000,41.50,109,5,0.00,26,11.32,16.86,15.69,14.70
189416,21.88,3.12,3,14.36,13.44,8,14.58,185,0.50,0.50,2018,0.00,0.99,2,0.5000,41.50,109,4,0.00,26,11.32,16.93,15.69,14.60
189519,21.88,3.12,3,14.36,13.52,8,14.58,185,0.50,0.50,2039,0.00,0.99,2,0.5000,41.50,109,5,0.00,26,11.17,16.86,15.69,14.90
189623,22.66,3.12,3,14.36,13.44,8,14.58,185,0.49,0.49,2022,0.00,0.99,2,0.5000,41.50,109,5,0.00,26,11.17,16.66,15.29,14.50
189727,21.88,3.12,3,14.36,13.52,8,14.58,185,0.49,0.49,2037,0.00,0.99,2,0.5000,41.50,109,4,0.00,26,11.17,16.53,15.29,14.40
189831,21.88,3.12,3,14.36,13.36,8,14.57,185,0.49,0.49,2022,0.00,0.99,2,0.5000,41.50,109,4,0.00,26,11.17,16.59,15.69,14.40
189935,21.88,3.12,3,14.36,13.52,8,14.58,185,0.49,0.49,2044,0.00,0.99,2,0.5000,41.50,109,5,0.00,26,11.17,16.53,15.69,14.50
190039,21.88,3.12,3,14.36,13.52,8,14.58,185,0.49,0.49,2034,0.00,0.99,2,0.5000,41.50,109,5,0.00,26,11.17,16.66,15.69,14.50
190143,21.88,3.12,3,14.36,13.52,8,14.58,185,0.49,0.50,2051,0.00,0.99,2,0.5000,41.50,109,5,0.00,26,11.17,16.73,15.69,14.60
190247,21.88,3.12,3,14.36,13.52,8,14.58,185,0.49,0.49,2038,0.00,0.99,2,0.5000,41.50,109,5,0.00,26,11.17,16.86,15.69,14.50
190352,22.66,3.12,3,14.36,13.36,8,14.58,185,0.49,0.49,2061,0.00,0.99,2,0.5000,41.50,109,6,0.00,26,11.17,16.93,16.08,14.50
190455,23.44,3.12,3,14.36,13.36,8,14.58,185,0.50,0.50,2052,0.00,0.99,2,0.5000,41.50,109,6,0.00,26,11.32,17.00,16.08,14.70
190560,23.44,3.12,3,14.36,13.52,8,14.58,185,0.49,0.49,2066,0.00,0.99,2,0.5000,41.50,109,7,0.00,26,11.32,16.73,16.08,14.60
190664,23.44,3.12,3,14.36,13.44,8,14.58,185,0.49,0.50,2066,0.00,0.99,2,0.5000,41.50,109,7,0.00,26,11.32,17.00,15.69,14.60
190767,23.44,3.12,3,14.36,13.52,8,14.58,185,0.49,0.49,2052,0.00,0.99,2,0.5000,41.50,109,8,0.00,26,11.32,17.00,16.08,14.60
190872,24.22,3.12,3,14.36,13.52,8,14.58,185,0.50,0.50,2071,0.00,0.99,2,0.5000,41.50,109,8,0.00,26,11.32,17.13,16.08,14.60
190975,24.22,3.12,3,14.36,13.60,8,14.58,185,0.50,0.50,2061,0.00,0.99,2,0.5000,41.50,109,9,0.00,26,11.32,17.34,16.47,14.40
191079,24.22,3.12,3,14.36,13.44,8,14.58,185,0.50,0.50,2086,0.00,0.99,2,0.5000,42.00,109,9,0.00,26,11.32,17.27,16.47,14.60
191183,25.00,3.12,3,14.36,13.44,8,14.58,185,0.50,0.50,2078,0.00,0.99,2,0.5000,41.50,109,9,0.00,26,11.32,17.13,16.47,14.60
191287,25.00,3.12,3,14.36,13.44,8,14.58,185,0.49,0.49,2083,0.00,0.99,2,0.5000,41.50,109,10,0.00,26,11.17,17.00,16.08,14.60
191392,24.22,3.12,3,14.36,13.52,8,14.58,185,0.48,0.48,2098,0.00,0.99,2,0.5000,41.50,109,10,0.00,26,11.03,16.79,15.29,14.50
191496,24.22,3.12,3,14.36,13.52,8,14.58,185,0.48,0.48,2080,0.00,0.99,2,0.5000,41.00,109,11,0.00,26,10.88,16.73,15.29,14.30
191600,22.66,3.12,3,14.36,13.52,8,14.58,185,0.48,0.48,2095,0.00,0.99,2,0.5000,41.00,109,11,0.00,26,10.88,16.59,15.29,14.30
191704,22.66,3.12,3,14.36,13.44,8,14.58,185,0.48,0.49,2100,0.00,0.99,2,0.5000,41.00,109,12,0.00,26,10.88,16.86,15.29,14.20
191808,22.66,3.12,3,14.36,13.52,8,14.58,185,0.48,0.48,2092,0.00,0.99,2,0.5000,41.00,109,12,0.00,26,10.88,16.86,15.29,14.40
191912,22.66,3.12,3,14.36,13.44,8,14.58,185,0.48,0.47,2115,0.00,0.99,2,0.5000,41.00,109,13,0.00,26,10.88,16.86,15.29,14.40
192015,21.88,3.12,3,14.36,13.52,8,14.58,185,0.44,0.44,2110,0.00,1.04,2,0.5000,40.50,109,13,0.00,26,10.01,14.73,12.16,14.30
192120,17.97,3.12,3,14.36,13.44,8,14.57,185,0.41,0.40,2055,0.00,1.00,2,0.5000,39.00,109,14,0.00,26,9.14,13.44,10.98,13.70
192224,11.72,3.12,3,14.36,13.60,8,14.56,185,0.40,0.39,2036,0.00,1.00,2,0.5000,38.50,109,14,0.00,26,8.71,13.12,10.98,13.00
192328,6.25,3.12,3,14.36,13.52,8,14.56,185,0.39,0.39,2010,0.00,1.00,2,0.5000,38.00,109,14,0.00,26,8.56,13.06,10.98,12.80
192432,3.12,3.12,3,14.36,13.44,8,14.56,185,0.38,0.38,2021,0.00,1.00,2,0.5000,37.50,109,15,0.00,26,8.27,12.58,10.20,12.90
192536,0.78,3.12,3,14.36,13.60,8,14.56,185,0.38,0.37,1992,0.00,1.00,2,0.5000,37.00,109,15,0.00,26,8.13,12.42,9.80,13.10
192640,-1.56,3.12,3,14.36,13.44,8,14.56,185,0.38,0.38,1996,0.00,0.99,2,0.5000,37.00,109,16,0.00,26,8.13,12.52,10.59,13.40
192744,-2.34,3.12,3,14.36,13.44,8,14.56,185,0.40,0.39,1967,0.00,0.99,2,0.5000,22.50,109,15,0.00,26,8.56,13.38,11.76,13.60
192848,-0.78,3.12,3,14.36,13.44,8,14.57,185,0.43,0.46,1814,0.00,0.90,2,0.5000,21.50,109,15,0.00,26,9.29,13.96,12.55,14.20
192952,1.56,3.12,3,14.36,13.52,8,14.57,185,0.48,0.51,1687,0.00,0.92,2,0.5000,36.50,109,12,0.00,26,10.01,14.31,13.33,17.00
193056,3.91,3.12,3,14.36,13.60,8,14.57,185,0.50,0.51,1660,0.00,0.99,2,0.5000,37.50,109,11,0.00,26,10.59,14.25,13.33,15.40
193160,4.69,3.12,3,14.36,13.52,8,14.58,185,0.50,0.51,1652,0.00,0.99,2,0.5000,38.00,109,9,0.00,26,10.74,13.96,13.33,15.40
193264,5.47,3.12,3,14.36,13.44,8,14.58,185,0.50,0.50,1658,0.00,0.99,2,0.5000,38.00,109,8,0.00,26,10.88,13.96,12.94,15.30
193368,7.03,3.12,3,14.36,13.36,8,14.58,185,0.50,0.50,1661,0.00,0.99,3,0.5000,38.50,109,7,0.00,26,10.88,13.85,12.94,15.20
193472,7.03,3.12,3,14.36,13.52,8,14.58,185,0.51,0.50,1672,0.00,0.99,3,0.5000,38.50,109,6,0.00,26,11.03,14.08,13.73,15.00
193576,7.81,3.12,3,14.36,13.52,8,14.58,185,0.51,0.51,1686,0.00,0.99,3,0.5000,39.00,109,6,0.00,26,11.17,14.43,14.12,14.90
193680,8.59,3.12,3,14.36,13.52,8,14.58,185,0.51,0.52,1700,0.00,0.99,3,0.5000,39.00,109,5,0.00,26,11.17,14.55,14.12,14.90
193784,10.16,3.12,3,14.36,13.44,8,14.58,185,0.51,0.51,1697,0.00,0.99,3,0.5000,39.00,109,5,0.00,26,11.17,14.31,14.12,15.20
193888,10.94,3.12,3,14.36,13.36,8,14.58,185,0.51,0.51,1709,0.00,0.99,3,0.5000,39.00,109,5,0.00,26,11.32,14.66,14.51,15.10
193992,11.72,3.12,3,14.36,13.52,8,14.58,185,0.51,0.51,1716,0.00,0.99,3,0.5000,39.50,109,5,0.00,26,11.32,14.72,14.51,15.10
194096,12.50,3.12,3,14.36,13.52,8,14.58,185,0.51,0.51,1723,0.00,0.99,3,0.5000,39.50,109,4,0.00,26,11.32,14.78,14.51,15.00
194200,13.28,3.12,3,14.36,13.52,8,14.58,185,0.51,0.51,1725,0.00,0.99,3,0.5000,39.50,109,4,0.00,26,11.17,14.78,14.51,15.00
194304,12.50,3.12,3,14.36,13.52,8,14.58,185,0.51,0.52,1729,0.00,0.99,3,0.5000,39.50,109,4,0.00,26,11.32,14.90,14.51,14.90
194408,13.28,3.12,3,14.36,13.44,8,14.58,185,0.51,0.51,1731,0.00,0.99,3,0.5000,39.50,109,5,0.00,26,11.17,14.72,14.51,14.70
194512,13.28,3.12,3,14.36,13.44,8,14.58,185,0.52,0.52,1736,0.00,0.99,3,0.5000,39.50,109,4,0.00,26,11.32,15.07,14.90,14.70
194616,13.28,3.12,3,14.36,13.44,8,14.58,185,0.52,0.52,1739,0.00,0.99,3,0.5000,40.00,109,5,0.00,26,11.32,15.01,14.90,14.60
194720,14.06,3.12,3,14.36,13.52,8,14.58,185,0.52,0.52,1745,0.00,0.99,3,0.5000,40.00,109,5,0.00,26,11.46,15.07,14.90,14.70
194824,14.84,3.12,3,14.36,13.44,8,14.58,185,0.52,0.52,1764,0.00,0.99,3,0.5000,40.00,109,5,0.00,26,11.32,15.25,14.90,15.00
194928,14.84,3.12,3,14.36,13.52,8,14.58,185,0.52,0.52,1767,0.00,0.99,3,0.5000,40.00,109,5,0.00,26,11.32,15.13,14.51,14.50
195032,14.06,3.12,3,14.36,13.44,8,14.58,185,0.52,0.52,1769,0.00,0.99,3,0.5000,40.00,109,6,0.00,26,11.32,15.25,14.90,14.50
195136,14.06,3.12,3,14.36,13.52,8,14.58,185,0.52,0.52,1769,0.00,0.99,3,0.5000,40.00,109,6,0.00,26,11.32,15.13,14.90,14.50
195240,14.84,3.12,3,14.36,13.60,8,14.58,185,0.52,0.52,1770,0.00,0.99,3,0.5000,40.00,109,6,0.00,26,11.32,15.13,14.90,14.50
195344,14.84,3.12,3,14.36,13.44,8,14.58,185,0.52,0.52,1772,0.00,0.99,3,0.5000,40.00,108,6,0.00,26,11.32,15.32,14.90,14.50
195448,14.84,3.12,3,14.36,13.36,8,14.58,185,0.52,0.51,1773,0.00,0.99,3,0.5000,40.00,108,7,0.00,26,11.32,15.25,14.90,14.50
195552,14.84,3.12,3,14.36,13.44,8,14.58,185,0.52,0.52,1772,0.00,0.99,3,0.5000,40.00,108,7,0.00,26,11.32,15.13,14.90,14.50
195656,14.84,3.12,3,14.36,13.44,8,14.58,185,0.52,0.51,1776,0.00,0.99,3,0.5000,40.00,108,8,0.00,26,11.32,15.19,14.51,14.50
195760,14.06,3.12,3,14.36,13.60,8,14.58,185,0.52,0.52,1764,0.00,0.99,3,0.5000,40.00,108,8,0.00,26,11.32,15.25,14.51,14.40
195864,14.06,3.12,3,14.36,13.52,8,14.58,185,0.52,0.51,1763,0.00,0.99,3,0.5000,40.00,108,8,0.00,26,11.32,15.25,14.51,14.50
195968,14.06,3.12,3,14.36,13.52,8,14.58,185,0.51,0.51,1763,0.00,0.99,3,0.5000,40.00,108,9,0.00,26,11.32,15.19,14.51,14.40
196072,14.06,3.12,3,14.36,13.52,8,14.58,185,0.51,0.51,1765,0.00,0.99,3,0.5000,40.00,108,9,0.00,26,11.32,15.13,14.51,14.40
196176,14.06,3.12,3,14.36,13.44,8,14.58,185,0.52,0.52,1766,0.00,0.99,3,0.5000,40.00,108,10,0.00,26,11.32,15.30,14.90,14.50
196280,14.06,3.12,3,14.36,13.60,8,14.58,185,0.52,0.52,1768,0.00,0.99,3,0.5000,40.00,108,10,0.00,26,11.46,15.51,14.90,14.40
196383,14.84,3.12,3,14.36,13.44,8,14.58,185,0.52,0.52,1790,0.00,0.99,3,0.5000,40.50,108,11,0.00,26,11.46,15.57,15.29,14.60
196488,14.84,3.12,3,14.36,13.52,8,14.58,185,0.53,0.53,1796,0.00,0.99,3,0.5000,40.50,108,11,0.00,26,11.46,15.71,14.90,14.60
196592,14.84,3.12,3,14.36,13.52,8,14.58,185,0.52,0.52,1800,0.00,0.99,3,0.5000,40.50,108,12,0.00,26,11.46,15.37,14.90,14.60
196696,14.84,3.12,3,14.36,13.44,8,14.58,185,0.52,0.52,1802,0.00,0.99,3,0.5000,40.50,108,12,0.00,27,11.46,15.51,14.90,14.50
196800,14.84,3.12,3,14.36,13.52,8,14.58,185,0.52,0.52,1800,0.00,0.99,3,0.5000,40.50,108,13,0.00,27,11.46,15.78,14.90,14.60
196904,15.62,3.12,3,14.36,13.44,8,14.58,185,0.52,0.52,1790,0.00,0.99,3,0.5000,40.50,108,13,0.00,27,11.46,15.57,14.90,14.50
197008,15.62,3.12,3,14.36,13.44,8,14.58,185,0.52,0.52,1792,0.00,0.99,3,0.5000,40.50,108,13,0.00,27,11.46,15.71,14.90,14.60
197112,14.84,3.12,3,14.36,13.28,8,14.58,185,0.53,0.53,1792,0.00,0.99,3,0.5000,40.50,108,14,0.00,27,11.61,16.04,16.08,14.60
197216,15.62,3.12,3,14.36,13.52,8,14.58,185,0.54,0.55,1792,0.00,0.99,3,0.5000,41.00,108,14,0.00,28,11.90,16.32,16.08,14.50
197320,16.41,3.12,3,14.36,13.44,8,14.58,185,0.53,0.53,1819,0.00,0.99,3,0.5000,41.50,108,15,0.00,28,11.75,15.91,15.69,14.80
197424,16.41,3.12,3,14.36,13.52,8,14.58,185,0.53,0.52,1820,0.00,0.99,3,0.5000,41.00,108,15,0.00,28,11.61,15.78,14.90,14.80
197528,15.62,3.12,3,14.36,13.44,8,14.58,185,0.52,0.52,1777,0.00,0.99,3,0.5000,40.50,108,16,0.00,28,11.46,15.37,14.51,14.40
197632,14.84,3.12,3,14.36,13.44,8,14.58,185,0.53,0.53,1746,0.00,0.99,3,0.5000,40.50,108,16,0.00,28,11.46,15.37,14.51,14.30
197736,14.06,3.12,3,14.36,13.52,8,14.58,185,0.53,0.53,1730,0.00,0.99,3,0.5000,40.50,108,16,0.00,28,11.46,15.25,14.51,14.20
197840,13.28,3.12,3,14.36,13.44,8,14.58,185,0.53,0.53,1726,0.00,0.99,3,0.5000,40.50,108,16,0.00,28,11.46,15.13,14.51,14.20
197944,13.28,3.12,3,14.36,13.44,8,14.58,185,0.53,0.53,1725,0.00,0.99,3,0.5000,40.50,108,15,0.00,28,11.46,14.96,14.51,14.30
198048,11.72,3.12,3,14.36,13.52,8,14.58,185,0.52,0.52,1720,0.00,0.99,3,0.5000,40.00,108,13,0.00,28,11.32,14.90,13.73,14.30
198152,10.94,3.12,3,14.36,13.52,8,14.58,185,0.52,0.51,1712,0.00,0.99,3,0.5000,39.50,108,12,0.00,28,11.17,14.72,13.73,14.20
198256,10.16,3.12,3,14.36,13.52,8,14.58,187,0.52,0.52,1700,0.00,0.99,3,0.5000,39.50,108,10,0.00,28,11.17,14.49,13.73,14.10
198360,9.38,3.12,3,14.36,13.44,8,14.58,185,0.52,0.52,1690,0.00,0.99,3,0.5000,39.50,108,9,0.00,28,11.17,14.72,13.73,14.10
198464,9.38,3.12,3,14.36,13.44,8,14.58,187,0.52,0.53,1671,0.00,0.99,3,0.5000,39.50,108,8,0.00,28,11.17,14.66,13.73,14.40
198568,9.38,3.12,3,14.36,13.44,8,14.58,187,0.52,0.52,1668,0.00,0.99,3,0.5000,39.50,108,7,0.00,28,11.17,14.66,13.73,14.30
198672,8.59,3.12,3,14.36,13.52,8,14.58,187,0.52,0.52,1666,0.00,0.99,3,0.5000,39.50,108,6,0.00,28,11.17,14.60,13.73,14.40
198776,8.59,3.12,3,14.36,13.52,8,14.58,187,0.52,0.52,1665,0.00,0.99,3,0.5000,39.50,108,6,0.00,28,11.17,14.55,13.73,14.40
198880,8.59,3.12,3,14.36,13.44,8,14.58,187,0.52,0.52,1663,0.00,0.99,3,0.5000,39.50,108,5,0.00,28,11.17,14.43,13.73,14.40
198984,7.81,3.12,3,14.36,13.44,8,14.58,187,0.52,0.51,1676,0.00,0.99,3,0.5000,39.50,108,5,0.00,28,11.17,14.31,13.73,14.50
199088,8.59,3.12,3,14.36,13.36,8,14.58,187,0.52,0.51,1676,0.00,0.99,3,0.5000,39.00,108,5,0.00,28,11.17,14.31,13.73,14.40
199192,8.59,3.12,3,14.36,13.52,8,14.58,187,0.52,0.52,1676,0.00,0.99,3,0.5000,39.50,108,4,0.00,28,11.17,14.55,13.73,14.50
199296,8.59,3.12,3,14.36,13.44,8,14.58,187,0.52,0.53,1681,0.00,0.99,3,0.5000,39.50,108,5,0.00,28,11.32,14.72,14.12,14.50
199400,8.59,3.12,3,14.36,13.52,8,14.58,187,0.53,0.53,1689,0.00,0.99,3,0.5000,40.00,108,4,0.00,28,11.32,14.90,14.12,14.50
199504,9.38,3.12,3,14.36,13.36,8,14.58,187,0.52,0.52,1684,0.00,0.99,3,0.5000,39.50,108,5,0.00,28,11.32,14.72,14.12,14.50
199608,9.38,3.12,3,14.36,13.36,8,14.58,187,0.52,0.53,1691,0.00,0.99,3,0.5000,39.50,108,4,0.00,28,11.32,14.90,14.51,14.70
199712,10.16,3.12,3,14.36,13.52,8,14.58,187,0.52,0.52,1697,0.00,0.99,3,0.5000,39.50,108,5,0.00,29,11.32,14.72,14.51,14.50
199816,10.16,3.12,3,14.36,13.44,8,14.57,187,0.47,0.45,1697,0.00,1.10,3,0.5000,38.50,108,4,0.00,29,9.29,11.99,7.84,15.00
199920,8.59,3.12,2,14.36,13.52,8,14.58,187,0.41,0.37,1627,0.00,1.10,3,0.5000,31.50,108,5,0.00,29,8.42,9.72,7.06,14.90
200024,5.47,2.34,2,14.36,13.36,8,14.58,187,0.38,0.35,1540,0.00,1.05,3,0.5000,26.50,108,5,0.00,29,7.55,8.88,6.27,13.40
200128,2.34,2.34,2,14.36,12.56,8,14.59,187,0.37,0.36,1418,0.00,1.00,3,0.5000,22.50,108,5,0.00,29,7.25,8.47,6.27,12.80
200232,0.00,2.34,2,14.36,12.56,10,14.60,187,0.38,0.38,1328,0.00,1.00,3,0.5000,19.00,108,5,0.00,29,7.11,8.23,5.88,12.40
200336,0.00,2.34,2,14.36,13.20,10,14.60,187,0.38,0.38,1258,0.00,1.00,3,0.5000,17.00,108,5,0.00,29,7.11,7.99,5.88,12.00
200440,0.00,2.34,2,14.36,12.96,10,14.62,187,0.39,0.40,1161,0.00,1.00,3,0.5000,17.00,108,1,0.00,29,7.40,7.87,5.88,11.90
200544,0.00,2.34,2,14.36,13.20,10,14.63,187,0.41,0.41,1122,0.00,1.00,3,0.5000,22.00,108,0,0.00,29,7.55,7.72,5.49,12.20
200648,0.00,2.34,2,14.36,13.20,10,14.66,187,0.42,0.45,1003,0.00,0.91,3,0.5000,22.00,108,0,0.00,29,7.69,7.52,5.49,12.60
200752,0.00,0.00,2,14.36,13.36,10,14.63,187,0.42,0.45,1058,0.00,1.00,3,0.5000,21.00,108,0,0.00,29,7.98,7.36,5.49,13.10
200856,0.00,0.00,2,14.36,13.52,10,14.62,187,0.41,0.40,1093,0.00,1.00,3,0.5000,16.00,108,0,0.00,29,7.84,7.29,5.49,15.70
200960,0.00,0.00,2,14.36,13.44,10,14.60,187,0.39,0.37,1171,0.00,1.00,3,0.5000,17.00,108,0,0.00,29,7.69,7.25,5.49,14.80
201064,0.00,0.00,2,14.36,13.44,10,14.60,187,0.37,0.35,1239,0.00,1.00,3,0.5000,17.00,108,0,0.00,29,7.40,7.14,5.49,12.30
201168,0.00,0.00,2,14.36,13.52,10,14.60,187,0.36,0.34,1252,0.00,1.00,3,0.5000,17.00,108,0,0.00,29,7.25,7.11,5.49,11.70
201272,0.00,0.00,2,14.36,13.44,10,14.60,187,0.35,0.34,1248,0.00,1.00,3,0.5000,17.00,108,0,0.00,29,7.11,7.07,5.88,11.70
201377,0.00,0.00,2,14.36,13.52,10,14.60,187,0.35,0.34,1242,0.00,1.00,3,0.5000,17.00,108,0,0.00,29,7.11,7.11,5.88,11.70
201480,0.00,0.00,2,14.36,13.52,10,14.60,187,0.35,0.34,1236,0.00,1.00,3,0.5000,17.00,108,0,0.00,29,7.11,7.07,5.88,11.90
201584,0.00,0.00,2,14.36,13.44,10,14.60,187,0.34,0.34,1230,0.00,1.00,3,0.5000,17.00,108,0,0.00,29,6.96,7.00,5.88,12.20
201688,0.00,0.00,2,14.36,13.52,10,14.60,187,0.34,0.35,1213,0.00,1.00,3,0.5000,17.00,108,0,0.00,29,6.96,6.96,5.88,12.40
201792,0.00,0.00,2,14.36,13.52,10,14.61,187,0.34,0.35,1192,0.00,1.00,3,0.5000,17.00,108,0,0.00,29,6.96,6.85,5.49,12.60
201896,0.00,0.00,2,14.36,13.52,10,14.61,187,0.34,0.35,1189,0.00,1.00,3,0.5000,17.00,108,0,0.00,29,6.96,6.78,5.49,12.60
202000,0.00,0.00,2,14.36,13.52,10,14.61,187,0.34,0.35,1178,0.00,1.00,3,0.5000,17.00,108,0,0.00,29,6.96,6.71,5.49,12.70
202104,0.00,0.00,2,14.36,13.36,10,14.61,187,0.34,0.34,1175,0.00,1.00,3,0.5000,17.00,108,0,0.00,29,6.96,6.64,5.49,12.80
202208,0.00,0.00,2,14.36,13.60,10,14.62,187,0.34,0.34,1160,0.00,1.00,3,0.5000,17.00,108,0,0.00,29,6.96,6.56,5.49,12.80
202312,0.00,0.00,2,14.36,13.52,10,14.62,187,0.34,0.35,1146,0.00,1.00,3,0.5000,17.50,108,0,0.00,29,6.96,6.56,5.49,12.80
202416,0.00,0.00,2,14.36,13.60,10,14.62,187,0.34,0.34,1142,0.00,1.00,3,0.5000,17.50,108,0,0.00,29,6.96,6.45,5.49,12.70
202520,0.00,0.00,2,14.36,13.60,10,14.62,187,0.34,0.34,1136,0.00,1.00,3,0.5000,18.00,108,0,0.00,29,6.96,6.38,5.49,12.70
202625,0.00,0.00,2,14.36,13.52,10,14.62,187,0.34,0.34,1130,0.00,1.00,3,0.5000,18.00,108,0,0.00,29,6.96,6.35,5.49,12.70
202728,0.00,0.00,2,14.36,13.44,10,14.62,187,0.34,0.34,1127,0.00,1.00,3,0.5000,18.00,108,0,0.00,29,6.96,6.31,5.49,12.80
202832,0.00,0.00,2,14.36,13.44,10,14.62,187,0.34,0.34,1116,0.00,1.00,3,0.5000,19.00,108,0,0.00,29,6.96,6.27,5.49,12.80
202937,0.00,0.00,2,14.36,13.52,10,14.62,187,0.34,0.34,1108,0.00,0.97,3,0.5000,18.50,108,0,0.00,29,7.11,6.24,5.49,12.80
203041,0.00,0.00,2,14.36,13.52,10,14.62,187,0.34,0.34,1102,0.00,0.97,3,0.5000,21.00,108,0,0.00,29,7.11,6.45,5.88,12.80
203145,0.00,0.00,2,14.36,13.52,8,14.62,187,0.35,0.36,1116,0.00,0.97,3,0.5000,23.50,108,0,0.00,29,7.40,6.64,6.27,12.90
203248,-1.56,0.00,2,14.36,13.52,8,14.62,187,0.35,0.36,1137,0.00,1.00,3,0.5000,24.00,108,0,0.00,29,7.55,6.79,6.27,13.00
203353,-2.34,0.00,2,14.36,13.44,8,14.62,187,0.35,0.36,1139,0.00,1.00,3,0.5000,24.00,108,0,0.00,29,7.69,6.84,6.27,13.00
203457,-3.12,0.00,2,14.36,13.60,8,14.62,187,0.36,0.36,1131,0.00,1.00,3,0.5000,24.00,108,0,0.00,29,7.69,6.85,6.27,13.00
203561,-3.12,0.00,2,14.36,13.52,8,14.62,187,0.36,0.37,1121,0.00,1.00,3,0.5000,24.00,108,0,0.00,29,7.84,6.89,6.67,13.20
203665,-3.12,0.00,2,14.36,13.52,8,14.62,187,0.37,0.37,1114,0.00,1.00,3,0.5000,24.00,108,0,0.00,29,7.98,6.98,6.67,13.60
203769,-3.12,0.00,2,14.36,13.44,8,14.62,187,0.37,0.37,1132,0.00,1.00,3,0.5000,24.00,108,0,0.00,29,7.98,6.99,6.67,13.90
203873,-2.34,0.00,2,14.36,13.52,8,14.62,187,0.37,0.37,1134,0.00,1.00,3,0.5000,24.50,108,0,0.00,29,8.13,6.97,6.67,13.90
203977,-2.34,0.00,2,14.36,13.52,8,14.62,187,0.37,0.37,1134,0.00,1.00,3,0.5000,24.50,108,0,0.00,29,8.13,6.91,6.27,14.20
204081,-2.34,0.00,2,14.36,13.44,8,14.62,187,0.37,0.36,1131,0.00,1.00,3,0.5000,24.50,108,0,0.00,29,8.13,6.88,6.27,14.30
204185,-2.34,0.00,2,14.36,13.52,8,14.62,187,0.37,0.37,1128,0.00,1.00,3,0.5000,24.50,108,0,0.00,29,8.13,6.89,6.27,14.40
204289,-2.34,0.00,2,14.36,13.52,8,14.63,187,0.37,0.37,1120,0.00,1.00,3,0.5000,24.00,108,0,0.00,29,8.13,6.83,6.27,14.40
204393,-2.34,0.00,2,14.36,13.52,8,14.62,187,0.37,0.37,1119,0.00,1.00,3,0.5000,24.00,108,0,0.00,29,8.13,6.84,6.27,14.40
204497,-2.34,0.00,2,14.36,13.44,8,14.62,187,0.37,0.37,1119,0.00,1.00,3,0.5000,24.00,108,0,0.00,29,8.27,7.00,6.67,14.50
204601,-2.34,0.00,2,14.36,13.52,8,14.62,187,0.38,0.39,1122,0.00,1.00,3,0.5000,24.50,108,0,0.00,29,8.42,7.23,7.06,14.50
204705,-1.56,0.00,2,14.36,13.52,8,14.62,187,0.39,0.40,1112,0.00,1.00,3,0.5000,24.50,108,0,0.00,29,8.71,7.54,7.45,14.50
204809,-0.78,0.00,2,14.36,13.52,8,14.62,187,0.40,0.41,1118,0.00,0.99,3,0.5000,25.00,108,0,0.00,29,8.85,7.79,7.45,14.80
204913,1.56,0.00,2,14.36,13.52,8,14.62,187,0.41,0.42,1125,0.00,0.99,3,0.5000,25.50,108,0,0.00,29,9.14,7.97,7.84,14.80
205017,4.69,0.00,2,14.36,13.44,8,14.61,187,0.41,0.42,1141,0.00,0.99,3,0.5000,25.50,108,0,0.00,29,9.29,7.98,7.84,15.00
205121,6.25,0.00,2,14.36,13.44,8,14.61,187,0.41,0.42,1154,0.00,0.99,3,0.5000,26.00,108,0,0.00,29,9.29,8.04,7.84,15.40
205225,7.81,0.00,2,14.36,13.52,8,14.61,187,0.43,0.42,1170,0.00,0.99,3,0.5000,26.00,108,0,0.00,29,9.58,8.57,9.02,15.70
205329,8.59,0.00,2,14.36,13.44,8,14.60,187,0.46,0.48,1187,0.00,0.90,3,0.5000,27.00,108,0,0.00,29,10.30,9.81,10.98,15.60
205433,10.16,0.00,3,14.36,13.52,8,14.60,187,0.48,0.51,1244,0.00,0.92,3,0.5000,29.00,108,0,0.00,29,11.17,10.48,11.76,15.60
205537,14.84,0.00,3,14.36,13.36,8,14.59,187,0.48,0.49,1303,0.00,0.99,3,0.5000,30.50,108,0,0.00,29,11.32,10.70,11.76,16.10
205641,16.41,0.00,3,14.36,13.44,8,14.59,187,0.48,0.48,1360,0.00,0.99,3,0.5000,31.50,108,0,0.00,29,11.17,10.81,11.37,15.90
205745,15.62,0.78,3,14.36,13.44,8,14.59,187,0.47,0.47,1418,0.00,0.99,3,0.5000,32.50,108,0,0.00,29,11.03,10.88,11.37,15.60
205853,14.84,0.78,3,14.36,13.52,8,14.59,187,0.47,0.46,1433,0.00,0.99,3,0.5000,32.50,108,0,0.00,29,10.88,11.03,11.37,15.20
205953,14.06,0.78,3,14.36,13.52,8,14.59,187,0.47,0.47,1456,0.00,0.99,3,0.5000,33.00,108,0,0.00,29,10.88,11.43,11.37,15.80
206057,14.06,0.78,3,14.36,13.36,8,14.59,187,0.47,0.47,1447,0.00,0.99,3,0.5000,33.00,108,0,0.00,29,10.88,11.33,11.76,14.40
206161,14.06,0.78,3,14.36,13.36,8,14.59,187,0.47,0.48,1464,0.00,0.99,3,0.5000,33.50,108,0,0.00,29,10.74,11.53,10.98,14.50
206265,12.50,3.12,3,14.36,13.36,8,14.59,187,0.47,0.46,1450,0.00,0.99,3,0.5000,33.00,108,0,0.00,29,10.59,11.19,10.98,14.40
206370,10.94,3.12,3,14.36,13.44,8,14.59,187,0.47,0.47,1454,0.00,0.99,3,0.5000,33.00,108,0,0.00,29,10.59,11.33,10.59,14.10
206473,9.38,3.12,3,14.36,13.44,8,14.59,187,0.47,0.48,1435,0.00,0.99,3,0.5000,32.50,108,0,0.00,29,10.45,11.48,10.98,14.00
206577,8.59,3.12,3,14.36,13.44,8,14.59,187,0.47,0.48,1446,0.00,0.99,3,0.5000,33.00,108,0,0.00,29,10.45,11.53,10.98,13.90
206681,7.03,3.12,3,14.36,13.44,8,14.59,187,0.48,0.47,1434,0.00,0.99,3,0.5000,33.00,108,0,0.00,29,10.59,11.49,10.98,13.90
206786,6.25,3.12,3,14.36,13.44,8,14.59,187,0.48,0.48,1450,0.00,0.99,3,0.5000,33.00,108,0,0.00,29,10.59,11.44,10.98,13.90
206889,5.47,3.12,3,14.36,13.52,8,14.59,187,0.47,0.47,1437,0.00,0.99,3,0.5000,33.00,108,0,0.00,29,10.59,11.33,10.98,13.90
206994,4.69,3.12,3,14.36,13.52,8,14.59,187,0.48,0.48,1447,0.00,0.99,3,0.5000,33.00,108,0,0.00,29,10.45,11.49,10.98,14.10
207097,4.69,3.12,3,14.36,13.44,8,14.59,187,0.48,0.48,1436,0.00,0.99,3,0.5000,33.00,108,0,0.00,29,10.45,11.44,10.98,14.10
207202,4.69,3.12,3,14.36,13.44,8,14.59,187,0.48,0.49,1452,0.00,0.99,3,0.5000,33.50,108,0,0.00,29,10.59,11.74,10.98,14.20
207305,4.69,3.12,3,14.36,13.44,8,14.59,187,0.48,0.48,1439,0.00,0.99,3,0.5000,33.50,108,0,0.00,29,10.59,11.74,10.98,14.20
207409,3.91,3.12,3,14.36,13.52,8,14.59,187,0.48,0.48,1454,0.00,0.99,3,0.5000,33.50,108,0,0.00,29,10.45,11.73,10.98,14.40
207514,3.12,3.12,3,14.36,13.52,8,14.59,187,0.48,0.47,1442,0.00,0.99,3,0.5000,33.50,108,0,0.00,29,10.45,11.58,10.98,14.30
207619,3.12,3.12,3,14.36,13.36,8,14.59,189,0.48,0.48,1454,0.00,0.99,3,0.5000,33.50,108,0,0.00,29,10.59,11.59,10.98,14.20
207724,3.12,3.12,3,14.36,13.44,8,14.59,189,0.48,0.49,1446,0.00,0.99,3,0.5000,33.50,108,0,0.00,29,10.45,11.74,10.98,14.30
207829,3.12,3.12,3,14.36,13.44,8,14.59,189,0.48,0.48,1462,0.00,0.99,3,0.5000,34.00,108,0,0.00,29,10.45,11.74,10.98,14.30
207932,3.12,3.12,3,14.36,13.36,8,14.59,189,0.48,0.48,1454,0.00,0.99,3,0.5000,33.50,108,0,0.00,29,10.45,11.83,10.98,14.40
208038,3.12,3.12,3,14.36,13.44,8,14.58,189,0.48,0.48,1467,0.00,0.99,3,0.5000,34.00,108,0,0.00,29,10.45,11.69,10.98,14.50
208142,2.34,3.12,3,14.36,13.36,8,14.59,189,0.48,0.48,1456,0.00,0.99,3,0.5000,33.50,108,1,0.00,29,10.45,11.64,10.59,14.50
208246,2.34,3.12,3,14.36,13.36,8,14.58,189,0.48,0.48,1469,0.00,0.99,3,0.5000,34.00,108,1,0.00,29,10.45,11.74,10.98,14.40
208350,2.34,3.12,3,14.36,13.36,8,14.59,189,0.48,0.48,1457,0.00,0.99,3,0.5000,33.50,108,1,0.00,29,10.45,11.74,10.98,14.50
208453,2.34,3.12,3,14.36,13.44,8,14.58,189,0.48,0.48,1469,0.00,0.99,3,0.5000,34.00,108,1,0.00,29,10.45,11.70,10.98,14.40
208557,2.34,3.12,3,14.36,13.44,8,14.59,189,0.48,0.48,1457,0.00,0.99,3,0.5000,33.50,108,1,0.00,29,10.45,11.69,10.98,14.60
208662,2.34,3.12,3,14.36,13.44,8,14.58,189,0.48,0.48,1462,0.00,0.99,3,0.5000,33.50,108,1,0.00,29,10.45,11.69,10.59,14.60
208766,2.34,3.12,3,14.36,13.44,8,14.59,189,0.47,0.48,1475,0.00,0.99,3,0.5000,34.00,108,1,0.00,29,10.30,11.51,10.20,14.60
208870,2.34,3.12,3,14.36,13.44,8,14.58,189,0.47,0.47,1460,0.00,0.99,3,0.5000,33.50,108,2,0.00,29,10.16,11.37,10.20,14.50
208973,1.56,3.12,3,14.36,13.44,8,14.59,189,0.47,0.47,1466,0.00,0.99,3,0.5000,33.50,108,2,0.00,29,10.16,11.37,10.20,14.40
209078,0.78,3.12,3,14.36,13.44,8,14.59,189,0.47,0.47,1448,0.00,0.99,3,0.5000,33.00,108,2,0.00,29,10.16,11.57,10.20,14.40
209181,0.78,3.12,3,14.36,13.36,8,14.59,189,0.48,0.48,1459,0.00,0.99,3,0.5000,33.50,108,2,0.00,29,10.16,11.76,10.59,14.30
209286,0.78,3.12,3,14.36,13.44,8,14.59,189,0.48,0.48,1446,0.00,0.99,3,0.5000,33.50,108,2,0.00,29,10.30,11.65,10.59,14.30
209389,0.78,3.12,3,14.36,13.44,8,14.58,189,0.47,0.47,1466,0.00,0.99,3,0.5000,33.50,108,3,0.00,29,10.16,11.37,10.20,14.40
209494,1.56,3.12,3,14.36,13.44,8,14.59,189,0.46,0.45,1456,0.00,0.99,3,0.5000,33.00,108,2,0.00,29,9.87,10.73,9.02,14.50
209598,0.00,3.12,3,14.36,13.36,8,14.59,189,0.45,0.43,1454,0.00,1.00,3,0.5000,32.50,108,2,0.00,29,9.58,10.59,9.02,14.50
209702,-2.34,3.12,2,14.36,13.36,8,14.59,189,0.44,0.45,1420,0.00,1.00,3,0.5000,31.50,108,3,0.00,29,9.43,10.29,8.24,14.30
209806,-3.91,2.34,2,14.36,13.52,8,14.59,189,0.42,0.41,1404,0.00,1.00,3,0.5000,30.50,108,3,0.00,29,8.85,9.38,7.45,14.00
209909,-6.25,2.34,2,14.36,13.44,8,14.59,189,0.42,0.40,1354,0.00,1.00,3,0.5000,29.50,108,3,0.00,29,8.56,9.16,7.45,13.90
210014,-8.59,2.34,2,14.36,13.44,8,14.60,189,0.41,0.41,1330,0.00,1.00,3,0.5000,29.00,108,3,0.00,29,8.42,9.07,7.45,13.80
210117,-10.16,2.34,2,14.36,13.44,8,14.60,189,0.41,0.41,1326,0.00,1.00,3,0.5000,28.50,108,3,0.00,29,8.42,8.97,7.45,13.70
210222,-10.16,2.34,2,14.36,13.52,8,14.60,189,0.41,0.40,1320,0.00,1.00,3,0.5000,28.00,108,3,0.00,29,8.27,8.87,7.06,13.50
210326,-9.38,2.34,2,14.36,13.52,8,14.60,189,0.40,0.40,1301,0.00,1.00,3,0.5000,28.00,108,4,0.00,29,8.27,8.63,6.67,13.70
210430,-9.38,2.34,2,14.36,13.44,8,14.60,189,0.40,0.39,1316,0.00,1.00,3,0.5000,27.50,108,4,0.00,29,8.13,8.46,6.67,14.10
210533,-9.38,0.00,2,14.36,13.52,8,14.60,189,0.39,0.38,1318,0.00,1.00,3,0.5000,27.50,108,4,0.00,29,8.13,8.37,6.67,14.30
210638,-9.38,0.00,2,14.36,13.44,8,14.60,189,0.39,0.38,1306,0.00,1.00,3,0.5000,27.50,108,4,0.00,29,7.98,8.41,7.06,14.30
210742,-9.38,0.00,2,14.36,13.36,8,14.60,189,0.39,0.39,1294,0.00,1.00,3,0.5000,27.50,108,4,0.00,29,7.98,8.54,7.06,14.40
210845,-9.38,0.00,2,14.36,13.44,8,14.60,189,0.40,0.40,1290,0.00,1.00,3,0.5000,27.50,108,4,0.00,29,8.13,8.70,7.45,14.40
210950,-7.81,0.00,2,14.36,13.44,8,14.60,189,0.40,0.41,1286,0.00,1.00,3,0.5000,27.50,108,3,0.00,29,8.27,8.79,7.45,14.30
211053,-6.25,0.00,2,14.36,13.52,8,14.60,189,0.41,0.41,1274,0.00,1.00,3,0.5000,27.50,108,0,0.00,29,8.56,8.75,7.45,14.80
211157,-3.91,0.00,2,14.36,13.36,8,14.60,189,0.41,0.41,1288,0.00,1.00,3,0.5000,27.50,108,0,0.00,29,8.56,8.75,7.45,15.30
211262,-2.34,0.00,2,14.36,13.44,8,14.60,189,0.40,0.40,1322,0.00,1.00,3,0.5000,28.00,108,0,0.00,29,8.56,8.71,7.45,15.50
211365,-1.56,0.00,2,14.36,13.44,8,14.59,189,0.40,0.39,1333,0.00,1.00,3,0.5000,28.00,108,0,0.00,29,8.42,8.75,7.45,15.50
211470,-1.56,0.00,2,14.36,13.52,8,14.59,189,0.40,0.39,1326,0.00,1.00,3,0.5000,28.00,108,0,0.00,29,8.42,8.71,7.45,15.30
211574,-1.56,0.00,2,14.36,13.44,8,14.60,189,0.39,0.40,1323,0.00,1.00,3,0.5000,27.50,108,0,0.00,29,8.42,8.71,7.45,15.20
211678,-1.56,0.00,2,14.36,13.36,8,14.60,189,0.39,0.39,1337,0.00,1.00,3,0.5000,28.00,108,0,0.00,29,8.42,8.71,7.45,15.00
211782,-0.78,0.00,2,14.36,13.44,8,14.59,189,0.39,0.39,1321,0.00,1.00,3,0.5000,28.00,108,0,0.00,29,8.42,8.78,7.45,14.80
211886,-0.78,0.00,2,14.36,13.44,8,14.59,189,0.39,0.39,1326,0.00,1.00,3,0.5000,28.00,108,0,0.00,29,8.42,8.71,7.45,14.90
211990,0.00,0.00,2,14.36,13.52,8,14.59,189,0.39,0.39,1345,0.00,1.00,3,0.5000,28.00,108,0,0.00,29,8.42,8.63,7.45,14.80
212094,0.00,0.00,2,14.36,13.44,8,14.59,189,0.39,0.39,1342,0.00,1.00,3,0.5000,28.00,108,0,0.00,29,8.42,8.67,7.45,14.80
212197,0.00,0.00,2,14.36,13.36,8,14.59,189,0.39,0.39,1335,0.00,1.00,3,0.5000,28.00,108,0,0.00,29,8.42,8.71,7.45,14.80
212302,0.00,0.00,2,14.36,13.36,8,14.60,189,0.39,0.39,1342,0.00,1.00,3,0.5000,28.00,108,0,0.00,29,8.27,8.58,7.06,14.80
212406,0.00,0.00,2,14.36,13.36,8,14.59,189,0.36,0.33,1338,0.00,1.07,3,0.5000,26.50,108,0,0.00,29,7.84,7.22,5.88,14.70
212510,0.00,0.00,2,14.36,13.60,8,14.60,189,0.34,0.32,1302,0.00,1.00,3,0.5000,23.00,108,0,0.00,29,7.25,6.78,5.49,14.80
212614,-0.78,0.00,2,14.36,13.44,8,14.60,189,0.33,0.32,1266,0.00,1.00,3,0.5000,21.00,108,0,0.00,29,6.96,6.78,5.88,14.50
212718,-2.34,0.00,2,14.36,13.52,8,14.60,189,0.33,0.32,1249,0.00,1.00,3,0.5000,19.00,108,0,0.00,29,6.82,6.71,5.88,14.40
212823,-3.91,0.00,2,14.36,13.52,8,14.60,189,0.33,0.32,1232,0.00,1.00,3,0.5000,17.50,108,0,0.00,29,6.82,6.60,5.88,14.10
212926,-4.69,0.00,2,14.36,12.88,8,14.60,189,0.32,0.32,1227,0.00,1.00,3,0.5000,17.00,108,0,0.00,29,6.96,6.53,5.49,13.60
213030,-5.47,0.00,2,14.36,13.36,8,14.60,189,0.32,0.32,1217,0.00,1.00,3,0.5000,17.00,108,0,0.00,29,7.11,6.49,5.49,13.60
213133,-5.47,0.00,2,14.36,13.52,8,14.60,189,0.32,0.32,1192,0.00,1.00,3,0.5000,17.00,108,0,0.00,29,7.11,6.45,5.49,13.60
213238,-5.47,0.00,2,14.36,13.36,8,14.60,189,0.32,0.32,1193,0.00,1.00,3,0.5000,17.00,108,0,0.00,29,7.11,6.42,5.49,13.70
213342,-4.69,0.00,2,14.36,13.52,8,14.61,189,0.32,0.33,1168,0.00,1.00,3,0.5000,17.00,108,0,0.00,29,7.25,6.35,5.49,14.10
213446,-4.69,0.00,2,14.36,13.60,8,14.61,189,0.32,0.33,1172,0.00,1.00,3,0.5000,17.00,108,0,0.00,29,7.25,6.35,5.49,14.20
213550,-3.91,0.00,2,14.36,13.60,8,14.60,189,0.32,0.31,1219,0.00,1.00,3,0.5000,17.00,108,0,0.00,29,7.11,6.20,5.49,14.40
213654,-3.91,0.00,2,14.36,13.52,8,14.60,189,0.30,0.29,1235,0.00,1.00,3,0.5000,17.00,108,0,0.00,29,6.82,5.91,5.10,14.00
213758,-3.91,0.00,2,14.36,13.52,8,14.60,189,0.29,0.28,1225,0.00,1.00,3,0.5000,17.00,108,0,0.00,29,6.53,5.75,4.71,15.30
213862,0.00,0.00,2,14.36,13.52,10,14.62,189,0.29,0.29,1174,0.00,1.00,3,0.5000,17.00,108,0,0.00,29,6.53,5.69,4.71,14.80
213966,0.00,0.00,2,14.36,13.52,10,14.63,189,0.30,0.30,1118,0.00,1.00,3,0.5000,17.00,108,0,0.00,29,6.53,5.66,4.71,14.80
214070,0.00,1.56,1,14.36,13.60,10,14.64,189,0.30,0.32,1060,0.00,1.00,3,0.5000,22.00,108,0,0.00,29,6.53,5.56,4.71,15.00
214174,0.00,1.56,1,14.36,13.60,10,14.65,189,0.31,0.32,1012,0.00,1.00,3,0.5000,22.00,108,0,0.00,29,6.67,5.43,4.31,15.10
214279,0.00,1.56,1,14.36,13.44,10,14.66,189,0.32,0.32,982,0.00,1.00,3,0.5000,22.00,108,0,0.00,29,6.67,5.33,4.71,15.70
214382,0.00,1.56,1,14.36,13.44,10,14.69,189,0.35,0.39,839,0.00,0.88,3,0.5000,22.00,108,0,0.00,29,7.11,5.53,4.71,16.00
214485,0.00,0.00,2,14.36,13.60,10,14.67,189,0.36,0.39,864,0.00,1.00,3,0.5000,20.50,108,0,0.00,29,7.55,5.69,5.10,16.50
214590,0.00,0.00,2,14.36,13.68,10,14.65,187,0.35,0.35,963,0.00,1.00,3,0.5000,14.50,108,0,0.00,29,7.69,5.69,5.10,18.40
214694,0.00,1.56,1,14.36,13.52,10,14.64,187,0.34,0.33,1018,0.00,1.00,3,0.5000,12.00,108,0,0.00,29,7.55,5.56,4.71,18.70
214798,0.00,1.56,1,14.36,13.52,10,14.65,187,0.33,0.32,1018,0.00,1.00,3,0.5000,12.00,108,0,0.00,29,7.40,5.50,4.71,18.20
214902,-0.78,1.56,1,14.36,13.44,8,14.65,187,0.33,0.33,1002,0.00,1.00,3,0.5000,13.50,108,0,0.00,29,7.25,5.50,4.71,17.00
215006,-5.47,1.56,1,14.36,13.52,8,14.66,187,0.34,0.34,962,0.00,1.00,3,0.5000,16.50,108,0,0.00,29,7.25,5.50,4.71,13.60
215110,-7.03,1.56,1,14.36,13.52,8,14.66,187,0.34,0.35,936,0.00,1.00,3,0.5000,17.00,108,0,0.00,29,7.40,5.50,4.71,13.10
215215,-7.03,1.56,1,14.36,13.52,8,14.67,187,0.34,0.35,934,0.00,1.00,3,0.5000,17.00,108,0,0.00,29,7.55,5.50,4.71,12.90
215318,-7.81,1.56,1,14.36,13.52,8,14.66,187,0.34,0.35,931,0.00,1.00,3,0.5000,17.00,108,0,0.00,29,7.55,5.43,4.71,12.90
215422,-8.59,1.56,1,14.36,13.52,8,14.65,187,0.34,0.33,982,0.00,1.00,3,0.5000,15.50,108,0,0.00,29,7.55,5.43,4.71,12.90
215526,-9.38,1.56,1,14.36,13.52,8,14.64,187,0.33,0.31,1040,0.00,1.00,3,0.5000,12.00,108,0,0.00,29,7.40,5.37,4.71,12.90
215630,-9.38,1.56,1,14.36,13.52,8,14.63,187,0.31,0.31,1075,0.00,1.00,3,0.5000,17.00,108,0,0.00,29,7.11,5.37,4.71,13.30
215734,-9.38,1.56,1,14.36,13.60,8,14.63,187,0.30,0.29,1107,0.00,1.00,3,0.5000,17.00,108,0,0.00,29,6.96,5.30,4.71,13.50
215838,-9.38,1.56,1,14.36,13.52,8,14.63,187,0.29,0.28,1096,0.00,1.00,3,0.5000,17.00,108,0,0.00,29,6.82,5.11,4.31,13.70
215942,-9.38,1.56,1,14.36,13.44,8,14.63,187,0.29,0.28,1078,0.00,1.00,3,0.5000,17.00,108,0,0.00,29,6.67,5.05,4.71,13.80
216046,-9.38,1.56,1,14.36,13.60,8,14.64,187,0.29,0.28,1042,0.00,1.00,3,0.5000,16.00,108,0,0.00,29,6.67,5.11,4.71,14.00
216150,-9.38,1.56,1,14.36,13.52,8,14.65,187,0.29,0.30,1012,0.00,1.00,2,0.5000,17.00,108,0,0.00,29,6.82,5.11,4.71,14.20
216254,-9.38,1.56,1,14.36,13.60,8,14.65,187,0.30,0.31,1001,0.00,1.00,2,0.5000,17.00,108,0,0.00,29,6.96,5.14,4.71,14.30
216358,-9.38,1.56,1,14.36,13.52,8,14.65,187,0.31,0.32,997,0.00,1.00,2,0.5000,17.00,108,0,0.00,29,7.11,5.30,5.10,14.30
216462,-9.38,1.56,1,14.36,13.60,8,14.65,187,0.31,0.32,1005,0.00,1.00,2,0.5000,17.00,108,0,0.00,29,7.11,5.33,5.10,14.40
216566,-9.38,1.56,1,14.36,13.60,8,14.64,187,0.31,0.31,1025,0.00,1.00,2,0.5000,16.50,108,0,0.00,29,7.11,5.30,5.10,14.60
216670,-8.59,1.56,1,14.36,13.52,8,14.64,187,0.31,0.32,1023,0.00,1.00,2,0.5000,16.50,108,0,0.00,29,7.11,5.30,5.10,14.10
216774,-7.81,1.56,1,14.36,13.60,8,14.64,187,0.31,0.31,1017,0.00,1.00,2,0.5000,17.00,108,0,0.00,29,7.11,5.24,4.71,14.80
216878,-7.81,1.56,1,14.36,13.60,8,14.64,187,0.31,0.31,1014,0.00,1.00,2,0.5000,17.00,108,0,0.00,29,7.11,5.24,4.71,14.80
216982,-7.81,1.56,1,14.36,13.60,8,14.64,187,0.31,0.31,1026,0.00,1.00,2,0.5000,16.50,108,0,0.00,29,7.11,5.24,4.71,14.90
217086,-7.81,1.56,1,14.36,13.52,8,14.65,187,0.31,0.31,1014,0.00,1.00,2,0.5000,17.00,108,0,0.00,29,7.11,5.24,4.71,14.90
217190,-7.81,1.56,1,14.36,13.52,8,14.65,187,0.31,0.31,998,0.00,1.00,2,0.5000,17.00,108,0,0.00,29,7.11,5.24,4.71,14.90
217294,-7.81,1.56,1,14.36,13.60,8,14.65,187,0.31,0.32,988,0.00,1.00,2,0.5000,17.50,108,0,0.00,29,7.11,5.24,5.10,15.00
217398,-7.81,1.56,1,14.36,13.52,8,14.65,187,0.31,0.31,995,0.00,1.00,2,0.5000,17.00,108,0,0.00,29,7.11,5.18,5.10,15.00
217502,-7.81,1.56,1,14.36,13.68,8,14.65,187,0.31,0.32,997,0.00,1.00,2,0.5000,17.00,108,0,0.00,29,7.25,5.18,4.71,14.80
217606,-7.81,1.56,1,14.36,13.60,8,14.65,187,0.31,0.31,989,0.00,1.00,2,0.5000,17.00,108,0,0.00,29,7.25,5.18,5.10,14.70
217710,-7.81,1.56,1,14.36,13.52,8,14.65,187,0.31,0.31,998,0.00,1.00,2,0.5000,17.00,108,0,0.00,29,7.25,5.17,5.10,14.70
217814,-7.81,1.56,1,14.36,13.52,8,14.65,187,0.31,0.31,1005,0.00,1.00,2,0.5000,17.00,108,0,0.00,29,7.11,5.14,5.10,14.70
217919,-7.81,1.56,1,14.36,13.52,8,14.65,187,0.31,0.31,1002,0.00,1.00,2,0.5000,17.00,108,0,0.00,29,7.11,5.14,4.71,14.70
218022,-7.81,1.56,1,14.36,13.20,8,14.65,187,0.31,0.31,999,0.00,1.00,2,0.5000,17.00,108,0,0.00,29,7.11,5.11,4.71,14.70
218127,-7.81,1.56,1,14.36,13.36,8,14.65,187,0.31,0.31,993,0.00,1.00,2,0.5000,17.00,108,0,0.00,29,7.40,5.11,4.71,14.80
218231,-7.81,1.56,1,14.36,13.52,8,14.65,187,0.31,0.31,994,0.00,1.00,2,0.5000,17.00,108,0,0.00,29,7.55,5.11,4.71,14.80
218335,-7.03,1.56,1,14.36,13.44,8,14.65,187,0.31,0.31,992,0.00,1.00,2,0.5000,17.00,108,0,0.00,29,7.69,5.11,5.10,14.80
218438,-6.25,1.56,1,14.36,13.52,8,14.65,187,0.31,0.31,999,0.00,1.00,2,0.5000,17.00,108,0,0.00,29,7.69,5.14,4.71,14.90
218543,-5.47,1.56,1,14.36,13.60,8,14.65,187,0.31,0.31,1000,0.00,1.00,2,0.5000,17.00,108,0,0.00,29,7.69,5.17,5.10,15.10
218646,-3.91,1.56,1,14.36,13.52,8,14.65,187,0.31,0.31,994,0.00,1.00,2,0.5000,17.00,108,0,0.00,29,7.69,5.17,5.10,15.20
218751,-3.12,1.56,1,14.36,13.52,8,14.65,187,0.31,0.32,979,0.00,1.00,2,0.5000,17.00,108,0,0.00,29,7.55,5.17,5.10,15.50
218854,-2.34,1.56,1,14.36,13.44,8,14.66,187,0.32,0.32,972,0.00,1.00,2,0.5000,17.50,108,0,0.00,29,7.55,5.17,5.10,15.70
218958,-2.34,1.56,1,14.36,13.60,8,14.66,187,0.32,0.33,945,0.00,1.00,2,0.5000,19.50,108,0,0.00,29,7.55,5.17,4.71,15.80
219062,-2.34,1.56,1,14.36,13.52,8,14.66,187,0.32,0.34,926,0.00,1.00,2,0.5000,20.50,108,0,0.00,29,7.69,5.17,4.71,15.80
219167,-2.34,1.56,1,14.36,13.52,8,14.67,187,0.33,0.33,933,0.00,1.00,2,0.5000,20.00,108,0,0.00,29,7.84,5.11,4.71,15.70
219271,-2.34,1.56,1,14.36,13.60,8,14.66,187,0.33,0.33,929,0.00,1.00,2,0.5000,19.50,108,0,0.00,29,7.98,5.11,4.71,15.50
219375,-2.34,1.56,1,14.36,13.44,8,14.66,187,0.32,0.32,943,0.00,1.00,2,0.5000,18.00,108,0,0.00,29,7.84,5.05,4.71,15.30
219479,-2.34,1.56,1,14.36,13.52,8,14.66,187,0.32,0.32,950,0.00,1.00,2,0.5000,17.00,108,0,0.00,29,7.84,5.05,4.71,15.20
219582,-1.56,0.00,2,14.36,13.60,8,14.66,187,0.33,0.34,938,0.00,0.91,2,0.5000,18.50,108,0,0.00,29,7.98,5.63,7.06,15.00
219687,-1.56,0.00,2,14.36,13.52,8,14.66,187,0.37,0.41,932,0.00,0.84,2,0.5000,20.50,108,0,0.00,29,8.71,6.72,8.24,15.00
219790,-0.78,0.00,2,14.36,13.60,8,14.65,187,0.44,0.54,976,0.00,0.79,2,0.5000,23.00,108,0,0.00,29,11.17,8.71,12.55,14.90
219895,0.78,0.00,3,14.36,13.36,8,14.61,187,0.47,0.55,1135,0.00,0.89,2,0.5000,26.50,108,0,0.00,29,12.19,10.13,14.12,15.00
219999,4.69,0.00,3,14.36,13.52,8,14.60,187,0.48,0.50,1250,0.00,0.98,2,0.5000,28.50,108,0,0.00,29,12.33,10.23,14.51,15.30
220103,11.72,0.00,3,14.36,13.44,8,14.59,187,0.48,0.49,1300,0.00,0.98,2,0.5000,30.00,108,0,0.00,29,12.33,10.50,14.51,16.10
220207,20.31,0.78,3,14.36,13.60,8,14.59,187,0.48,0.47,1358,0.00,0.98,2,0.5000,31.50,108,0,0.00,29,12.19,10.91,14.12,16.90
220311,23.44,0.78,3,14.36,13.60,8,14.59,187,0.48,0.48,1453,0.00,0.98,2,0.5000,33.00,108,0,0.00,29,11.90,11.55,14.12,17.90
220415,23.44,0.78,3,14.36,13.36,8,14.58,187,0.47,0.47,1506,0.00,0.99,2,0.5000,34.50,108,0,0.00,29,11.75,11.88,14.12,17.30
220519,22.66,0.78,3,14.36,13.36,8,14.58,187,0.47,0.47,1560,0.00,0.99,2,0.5000,35.00,108,0,0.00,29,11.61,12.16,14.12,16.30
220622,22.66,0.78,3,14.36,13.52,8,14.58,187,0.48,0.47,1588,0.00,0.99,2,0.5000,36.00,108,0,0.00,29,11.46,12.62,14.12,15.40
220726,23.44,3.12,3,14.36,13.52,8,14.58,187,0.48,0.49,1586,0.00,0.99,2,0.5000,36.00,108,0,0.00,29,11.61,13.19,14.90,14.90
220830,23.44,3.12,3,14.36,13.52,8,14.58,187,0.49,0.49,1604,0.00,0.99,2,0.5000,37.00,108,0,0.00,29,11.61,13.48,14.51,14.80
220935,23.44,3.12,3,14.36,13.36,8,14.57,187,0.50,0.50,1623,0.00,0.99,2,0.5000,37.50,108,0,0.00,29,11.61,13.39,14.51,14.40
221039,21.88,3.12,3,14.36,13.44,8,14.57,187,0.50,0.49,1650,0.00,0.99,2,0.5000,38.00,108,0,0.00,29,11.61,13.55,14.51,14.30
221143,21.88,3.12,3,14.36,13.52,8,14.57,187,0.50,0.50,1659,0.00,0.99,2,0.5000,38.00,108,0,0.00,29,11.46,13.67,14.51,14.30
221247,21.09,3.12,3,14.36,13.52,8,14.57,187,0.50,0.50,1669,0.00,0.99,2,0.5000,38.00,108,0,0.00,29,11.46,13.73,14.51,14.20
221351,20.31,3.12,3,14.36,13.44,8,14.58,187,0.50,0.51,1660,0.00,0.99,2,0.5000,38.00,108,0,0.00,29,11.46,13.91,14.51,14.20
221455,19.53,3.12,3,14.36,13.36,8,14.58,187,0.50,0.50,1671,0.00,0.99,2,0.5000,38.50,108,0,0.00,29,11.46,14.02,14.51,14.30
221559,19.53,3.12,3,14.36,13.36,8,14.58,187,0.50,0.50,1679,0.00,0.99,2,0.5000,38.50,108,0,0.00,29,11.46,14.02,14.51,14.30
221664,19.53,3.12,3,14.36,13.52,8,14.58,187,0.50,0.51,1688,0.00,0.99,2,0.5000,38.50,108,0,0.00,29,11.46,14.26,14.51,14.30
221768,18.75,3.12,3,14.36,13.60,8,14.58,187,0.50,0.49,1695,0.00,0.99,2,0.5000,38.50,108,1,0.00,29,11.32,14.02,13.73,14.30
221872,17.19,3.12,3,14.36,13.52,8,14.57,187,0.50,0.49,1697,0.00,0.99,2,0.5000,38.50,108,1,0.00,29,11.17,14.14,13.73,14.20
221976,17.19,3.12,3,14.36,13.44,8,14.57,187,0.50,0.49,1696,0.00,0.99,2,0.5000,38.50,108,1,0.00,29,11.17,14.02,13.73,14.20
222079,16.41,3.12,3,14.36,13.52,8,14.57,187,0.50,0.49,1698,0.00,0.99,2,0.5000,38.50,108,1,0.00,29,11.03,14.14,13.73,14.20
222183,15.62,3.12,3,14.36,13.36,8,14.57,187,0.50,0.50,1702,0.00,0.99,2,0.5000,38.50,108,2,0.00,29,11.03,14.26,13.73,14.30
222288,15.62,3.12,3,14.36,13.44,8,14.58,187,0.50,0.50,1724,0.00,0.99,2,0.5000,39.00,108,2,0.00,29,11.03,14.38,13.73,14.30
222392,15.62,3.12,3,14.36,13.44,8,14.58,187,0.50,0.50,1730,0.00,0.99,2,0.5000,39.00,108,2,0.00,29,11.03,14.44,13.73,14.40
222495,14.84,3.12,3,14.36,13.44,8,14.58,187,0.50,0.49,1737,0.00,0.99,2,0.5000,39.00,108,3,0.00,29,11.03,14.43,13.73,14.30
222600,14.84,3.12,3,14.36,13.52,8,14.58,187,0.50,0.50,1745,0.00,0.99,2,0.5000,39.00,108,3,0.00,29,11.03,14.44,13.73,14.30
222704,14.84,3.12,3,14.36,13.44,8,14.57,187,0.50,0.50,1751,0.00,0.99,2,0.5000,39.00,108,3,0.00,29,11.03,14.49,13.73,14.40
222808,14.84,3.12,3,14.36,13.52,8,14.57,187,0.50,0.49,1742,0.00,0.99,2,0.5000,39.00,108,4,0.00,29,11.03,14.49,14.12,14.50
222913,14.84,3.12,3,14.36,13.44,8,14.57,187,0.50,0.50,1750,0.00,0.99,2,0.5000,39.00,108,4,0.00,29,11.03,14.50,14.12,14.50
223016,14.84,3.12,3,14.36,13.52,8,14.57,187,0.50,0.50,1758,0.00,0.99,2,0.5000,39.00,108,5,0.00,29,11.03,14.73,14.12,14.40
223120,15.62,3.12,3,14.36,13.52,8,14.58,187,0.50,0.50,1767,0.00,0.99,2,0.5000,39.00,108,5,0.00,29,10.88,14.85,14.12,14.60
223224,15.62,3.12,3,14.36,13.60,8,14.58,187,0.50,0.51,1774,0.00,0.99,2,0.5000,39.50,108,5,0.00,29,11.03,15.14,14.90,14.70
223328,16.41,3.12,3,14.36,13.44,8,14.58,187,0.54,0.56,1788,0.00,0.93,2,0.5000,40.50,108,5,0.00,29,12.04,16.92,18.43,14.80
223432,19.53,3.12,3,14.36,13.36,8,14.58,187,0.55,0.58,1844,0.00,0.99,2,0.5000,42.00,108,6,0.00,29,12.62,17.42,19.22,14.80
223536,23.44,3.12,3,14.36,13.52,8,14.58,187,0.55,0.56,1889,0.00,0.99,2,0.5000,42.50,108,6,0.00,29,12.77,17.21,19.22,15.70
223640,25.00,3.12,3,14.36,13.44,8,14.58,187,0.55,0.54,1906,0.00,0.99,2,0.5000,42.50,108,6,0.00,29,12.62,17.34,18.82,15.70
223744,25.00,3.12,3,14.36,13.44,8,14.58,187,0.54,0.54,1924,0.00,0.99,2,0.5000,42.50,108,7,0.00,29,12.48,17.55,18.82,15.50
223849,25.00,3.12,3,14.36,13.44,8,14.58,187,0.54,0.54,1951,0.00,0.99,2,0.5000,42.50,108,7,0.00,29,12.62,17.41,18.82,15.20
223953,25.00,3.12,3,14.36,13.36,8,14.58,187,0.54,0.54,1945,0.00,0.99,2,0.5000,42.50,108,7,0.00,29,12.62,17.69,18.82,15.40
224057,25.00,3.12,3,14.36,13.44,8,14.58,187,0.54,0.55,1970,0.00,0.99,2,0.5000,43.00,108,8,0.00,29,12.62,17.85,18.82,15.30
224161,25.00,3.12,3,14.36,13.52,8,14.58,187,0.54,0.54,1976,0.00,0.99,2,0.5000,43.00,108,8,0.00,29,12.62,17.77,18.82,15.30
224265,25.00,3.12,3,14.36,13.44,8,14.58,187,0.54,0.54,1970,0.00,0.99,2,0.5000,43.00,108,8,0.00,29,12.62,17.77,18.82,15.40
224369,25.00,3.12,3,14.36,13.36,8,14.58,187,0.54,0.54,1994,0.00,0.99,2,0.5000,43.00,108,9,0.00,29,12.62,18.16,18.82,15.40
224474,25.00,3.12,3,14.36,13.36,8,14.58,187,0.55,0.55,1991,0.00,0.99,2,0.5000,43.50,108,9,0.00,29,12.91,18.47,20.00,15.40
224577,25.00,3.12,3,14.36,13.44,8,14.58,187,0.57,0.57,2023,0.00,0.99,2,0.5000,43.00,108,9,0.00,29,13.35,19.42,21.96,15.60
224681,25.00,3.12,3,14.36,13.44,8,14.58,187,0.59,0.60,2030,0.00,0.99,2,0.5000,42.50,108,9,0.00,29,13.93,20.78,26.27,16.00
224785,25.00,3.12,3,14.36,13.44,8,14.58,187,0.60,0.60,2074,0.00,0.99,2,0.5000,41.50,108,10,0.00,29,14.22,21.04,28.24,16.40
224889,25.00,3.12,3,14.36,13.44,8,14.57,187,0.60,0.61,2092,0.00,0.99,2,0.5000,41.00,108,10,0.00,29,14.22,21.21,28.24,16.70
224993,25.00,3.12,3,14.36,13.36,8,14.57,187,0.61,0.61,2122,0.00,0.99,2,0.5000,41.00,108,11,0.00,29,14.22,21.63,28.24,16.70
225097,25.00,3.12,3,14.36,13.44,8,14.57,187,0.61,0.60,2155,0.00,0.99,2,0.5000,41.00,108,11,0.00,29,14.22,21.63,28.24,16.60
225201,25.00,3.12,3,14.36,13.60,8,14.57,187,0.61,0.62,2171,0.00,0.99,2,0.5000,41.00,108,12,0.00,29,14.22,21.92,27.84,16.50
225305,25.00,3.12,3,14.36,13.52,8,14.57,187,0.61,0.61,2174,0.00,0.99,2,0.5000,41.00,108,12,0.00,29,14.07,22.17,27.45,16.60
225410,25.00,3.12,3,14.36,13.52,8,14.57,187,0.61,0.60,2187,0.00,0.99,2,0.5000,41.00,108,12,0.00,29,14.07,22.17,26.67,17.00
225514,25.00,3.12,3,14.36,13.44,8,14.57,187,0.61,0.60,2219,0.00,0.99,2,0.5000,41.00,108,13,0.00,29,14.07,22.53,26.27,16.40
225617,25.00,3.12,3,14.36,13.44,8,14.57,187,0.61,0.60,2235,0.00,0.99,2,0.5000,41.00,108,13,0.00,29,14.07,22.61,26.27,16.30
225722,25.00,3.12,3,14.36,13.52,8,14.57,187,0.60,0.61,2248,0.00,0.99,2,0.5000,41.00,108,13,0.00,29,13.78,22.26,25.10,16.10
225825,25.00,3.12,3,14.36,13.52,8,14.58,187,0.58,0.58,2249,0.00,0.99,2,0.5000,41.50,108,13,0.00,29,13.35,21.41,22.35,16.10
225929,25.00,3.12,3,14.36,13.44,8,14.58,187,0.57,0.57,2232,0.00,0.99,2,0.5000,42.00,108,14,0.00,29,13.06,21.07,21.18,15.80
226034,25.00,3.12,3,14.36,13.44,8,14.58,187,0.56,0.56,2228,0.00,1.00,2,0.5000,43.00,108,14,0.00,29,12.62,20.56,19.61,15.40
226137,25.00,3.12,3,14.36,13.60,8,14.58,187,0.54,0.53,2226,0.00,1.00,2,0.5000,43.50,108,15,0.00,30,12.19,19.71,18.43,15.00
226242,24.22,3.12,3,14.36,13.44,8,14.58,187,0.51,0.49,2220,0.00,1.00,2,0.5000,42.50,108,15,0.00,30,11.46,18.01,16.08,14.40
226346,22.66,3.12,3,14.36,13.52,8,14.58,187,0.48,0.47,2222,0.00,1.00,2,0.5000,42.00,108,15,0.00,30,11.03,17.71,15.69,14.10
226450,19.53,3.12,3,14.36,13.44,8,14.58,187,0.45,0.45,2215,0.00,1.00,2,0.5000,41.00,108,16,0.00,30,10.01,16.05,12.55,13.90
226555,15.62,3.12,3,14.36,13.44,8,14.58,187,0.43,0.42,2188,0.00,1.00,2,0.5000,40.00,108,16,0.00,30,9.29,14.94,12.16,13.60
226659,10.16,3.12,3,14.36,13.52,8,14.58,187,0.42,0.41,2154,0.00,1.00,2,0.5000,39.50,108,17,0.00,30,9.00,14.77,11.76,13.00
226764,6.25,3.12,3,14.36,13.44,8,14.58,187,0.40,0.40,2144,0.00,1.00,2,0.5000,39.00,108,17,0.00,30,8.71,14.25,11.37,13.00
226867,3.12,3.12,3,14.36,13.60,8,14.57,187,0.39,0.39,2154,0.00,1.00,2,0.5000,39.00,108,18,0.00,30,8.42,13.96,10.98,13.10
226971,0.78,3.12,3,14.36,13.52,8,14.57,187,0.39,0.39,2148,0.00,1.00,2,0.5000,38.50,108,18,0.00,30,8.27,13.73,10.98,13.30
227075,0.00,3.12,3,14.36,13.52,8,14.56,187,0.40,0.40,2025,0.00,1.00,2,0.5000,23.00,108,19,0.00,30,8.42,13.61,10.98,13.50
227179,-1.56,3.12,3,14.36,13.52,8,14.57,187,0.43,0.44,1858,0.00,1.00,2,0.5000,21.50,108,19,0.00,30,8.71,13.56,10.98,13.80
227283,-2.34,3.12,3,14.36,13.60,8,14.57,187,0.45,0.47,1724,0.00,0.99,2,0.5000,36.00,108,20,0.00,30,9.14,13.38,10.98,13.90
227387,-0.78,3.12,3,14.36,13.52,8,14.57,187,0.47,0.48,1653,0.00,0.99,2,0.5000,36.00,108,20,0.00,30,9.58,13.27,11.37,14.20
227491,-0.78,3.12,3,14.36,13.44,8,14.58,187,0.49,0.50,1607,0.00,0.99,2,0.5000,36.50,108,21,0.00,30,10.01,13.38,11.76,14.40
227595,-0.78,3.12,3,14.36,13.28,8,14.58,187,0.51,0.52,1604,0.00,0.99,3,0.5000,37.50,108,21,0.00,30,10.74,14.02,12.94,14.40
227699,0.78,3.12,3,14.36,13.52,8,14.58,187,0.51,0.51,1627,0.00,0.99,3,0.5000,38.00,108,21,0.00,30,10.88,13.90,12.94,14.20
227803,3.12,3.12,3,14.36,13.44,8,14.58,187,0.51,0.51,1662,0.00,0.99,3,0.5000,38.50,108,21,0.00,30,11.03,13.96,12.94,15.10
227907,3.91,3.12,3,14.36,13.60,8,14.58,187,0.50,0.50,1658,0.00,0.99,3,0.5000,38.50,108,21,0.00,30,10.74,13.79,12.55,15.10
228011,3.91,3.12,3,14.36,13.36,8,14.58,187,0.50,0.50,1623,0.00,0.99,3,0.5000,38.00,108,22,0.00,30,10.88,13.73,12.55,15.10
228115,3.12,3.12,3,14.36,13.52,8,14.58,187,0.51,0.50,1612,0.00,0.99,3,0.5000,38.00,108,22,0.00,30,10.88,13.67,12.55,14.70
228219,3.91,3.12,3,14.36,13.52,8,14.58,187,0.51,0.50,1611,0.00,0.99,3,0.5000,38.00,108,23,0.00,30,10.88,13.67,12.55,15.00
228323,3.91,3.12,3,14.36,13.52,8,14.58,187,0.50,0.50,1625,0.00,0.99,3,0.5000,38.00,108,23,0.00,30,11.03,13.56,12.55,14.50
228427,3.91,3.12,3,14.36,13.44,8,14.58,187,0.50,0.51,1629,0.00,0.99,3,0.5000,38.00,106,23,0.00,30,10.88,13.50,12.55,14.50
228531,3.91,3.12,3,14.36,13.36,8,14.58,187,0.51,0.51,1611,0.00,0.99,3,0.5000,38.00,106,23,0.00,30,11.03,13.67,12.94,14.50
228635,3.91,3.12,3,14.36,13.52,8,14.58,187,0.51,0.51,1620,0.00,0.99,3,0.5000,38.00,106,23,0.00,30,11.17,13.79,13.33,14.20
228739,5.47,3.12,3,14.36,13.52,8,14.58,187,0.51,0.51,1629,0.00,0.99,3,0.5000,38.50,106,24,0.00,30,11.32,14.02,13.73,15.70
228844,6.25,3.12,3,14.36,13.52,8,14.58,187,0.51,0.51,1654,0.00,0.99,3,0.5000,38.50,106,24,0.00,30,11.46,14.08,13.73,14.70
228947,7.03,3.12,3,14.36,13.44,8,14.58,187,0.51,0.51,1666,0.00,0.99,3,0.5000,39.00,106,24,0.00,30,11.32,14.19,13.73,15.10
229051,7.81,3.12,3,14.36,13.52,8,14.58,187,0.51,0.52,1674,0.00,0.99,3,0.5000,39.00,106,24,0.00,30,11.46,14.19,13.73,15.00
229155,8.59,3.12,3,14.36,13.52,8,14.58,187,0.52,0.52,1681,0.00,0.99,3,0.5000,39.00,106,24,0.00,30,11.46,14.54,14.51,14.80
229259,9.38,3.12,3,14.36,13.44,8,14.58,187,0.52,0.53,1687,0.00,0.99,3,0.5000,39.50,106,25,0.00,30,11.75,14.71,14.90,15.10
229364,10.94,3.12,3,14.36,13.52,8,14.58,187,0.53,0.53,1683,0.00,0.99,3,0.5000,39.50,106,25,0.00,30,11.75,15.00,15.29,14.90
229467,12.50,3.12,3,14.36,13.36,8,14.58,187,0.54,0.54,1700,0.00,0.99,3,0.5000,40.00,106,25,0.00,30,12.04,15.31,16.08,15.30
229572,14.06,3.12,3,14.36,13.44,8,14.58,187,0.55,0.56,1724,0.00,0.99,3,0.5000,41.00,106,25,0.00,30,12.33,16.18,17.65,15.30
229675,17.19,3.12,3,14.36,13.52,8,14.58,187,0.56,0.57,1753,0.00,0.99,3,0.5000,41.50,106,26,0.00,30,12.91,16.85,18.82,15.50
229779,20.31,3.12,3,14.36,13.44,8,14.58,187,0.56,0.57,1785,0.00,0.99,3,0.5000,41.50,106,25,0.00,31,12.77,16.85,19.22,15.90
229883,22.66,3.12,3,14.36,13.60,8,14.58,187,0.56,0.56,1836,0.00,0.99,3,0.5000,41.50,106,26,0.00,31,12.91,16.85,18.82,15.70
229987,22.66,3.12,3,14.36,13.36,8,14.58,187,0.55,0.55,1858,0.00,0.99,3,0.5000,42.00,106,25,0.00,31,12.77,17.12,18.82,15.40
230092,22.66,3.12,3,14.36,13.52,8,14.58,187,0.55,0.55,1854,0.00,0.99,3,0.5000,42.00,106,23,0.00,31,12.77,17.12,18.82,15.10
230196,24.22,3.12,3,14.36,13.52,8,14.58,187,0.55,0.56,1860,0.00,0.99,3,0.5000,42.00,106,21,0.00,31,12.77,17.33,18.82,14.80
230299,25.00,3.12,3,14.36,13.52,8,14.58,187,0.55,0.55,1882,0.00,0.99,3,0.5000,42.50,106,18,0.00,31,12.62,17.12,18.04,15.00
230404,25.00,3.12,3,14.36,13.44,8,14.58,187,0.54,0.54,1880,0.00,0.99,3,0.5000,42.50,106,14,0.00,31,12.19,16.85,16.86,15.10
230508,23.44,3.12,3,14.36,13.36,8,14.58,187,0.53,0.53,1856,0.00,0.99,3,0.5000,42.00,106,9,0.00,31,11.75,15.98,15.69,14.50
230611,21.88,3.12,3,14.36,12.48,8,14.58,187,0.51,0.49,1830,0.00,0.99,3,0.5000,40.50,106,6,0.00,31,11.17,14.88,13.33,14.40
230716,17.19,3.12,3,14.36,13.12,8,14.58,187,0.50,0.49,1774,0.00,1.00,3,0.5000,39.50,106,4,0.00,31,10.59,14.54,12.94,14.00
230820,13.28,3.12,3,14.36,13.52,8,14.58,187,0.50,0.50,1720,0.00,0.99,3,0.5000,39.00,106,2,0.00,31,10.59,14.48,12.94,13.50
230924,10.94,3.91,3,14.36,13.44,8,14.58,187,0.50,0.51,1696,0.00,0.99,3,0.5000,38.50,106,1,0.00,31,10.45,14.13,12.16,13.30
231028,9.38,3.91,3,14.36,13.44,8,14.57,187,0.49,0.49,1678,0.00,1.00,3,0.5000,38.00,106,0,0.00,31,10.16,13.44,10.98,13.30
231132,6.25,3.91,3,14.36,13.36,8,14.57,187,0.47,0.46,1651,0.00,1.00,3,0.5000,37.00,106,0,0.00,31,9.72,12.74,10.20,13.30
231236,1.56,3.91,3,14.36,13.44,8,14.57,187,0.46,0.45,1644,0.00,1.00,3,0.5000,36.50,106,0,0.00,31,9.58,12.42,10.20,13.10
231339,-1.56,3.91,3,14.36,13.44,8,14.57,187,0.44,0.43,1633,0.00,1.00,3,0.5000,35.50,106,0,0.00,31,9.14,11.33,9.02,13.00
231444,-3.91,3.91,3,14.36,13.52,8,14.57,187,0.43,0.42,1610,0.00,1.00,3,0.5000,34.00,106,0,0.00,31,8.56,10.94,8.63,13.10
231547,-7.03,3.91,3,14.36,13.44,8,14.58,187,0.41,0.40,1578,0.00,1.00,3,0.5000,32.50,106,0,0.00,31,8.13,10.31,7.45,13.00
231652,-8.59,3.12,2,14.36,13.44,8,14.58,187,0.38,0.36,1540,0.00,1.05,3,0.5000,30.00,106,0,0.00,31,7.55,9.28,6.67,12.90
231756,-10.94,3.12,2,14.36,13.52,8,14.58,187,0.36,0.34,1515,0.00,1.00,3,0.5000,27.00,106,0,0.00,31,7.11,8.43,5.88,12.80
231860,-13.28,3.12,2,14.36,13.52,8,14.58,187,0.35,0.34,1475,0.00,1.00,3,0.5000,24.00,106,0,0.00,31,6.96,8.23,5.88,12.70
231965,-15.62,3.12,2,14.36,13.52,8,14.58,187,0.34,0.33,1478,0.00,1.00,3,0.5000,22.00,106,0,0.00,31,6.82,8.07,5.88,12.50
232070,0.00,3.12,2,14.36,13.36,10,14.59,187,0.34,0.34,1409,0.00,1.00,3,0.5000,19.00,106,0,0.00,31,6.67,7.95,5.88,12.60
232174,0.00,2.34,2,14.36,13.52,10,14.59,187,0.34,0.35,1358,0.00,1.00,3,0.5000,17.50,106,0,0.00,31,6.67,7.83,5.88,12.50
232278,0.00,2.34,2,14.36,13.44,10,14.60,187,0.35,0.35,1305,0.00,1.00,3,0.5000,17.50,106,0,0.00,31,6.67,7.75,5.88,12.90
232382,0.00,2.34,2,14.36,13.52,10,14.60,187,0.35,0.36,1278,0.00,1.00,3,0.5000,17.50,106,0,0.00,31,6.67,7.56,5.88,13.60
232486,0.00,2.34,2,14.36,13.52,10,14.62,187,0.37,0.39,1162,0.00,1.00,3,0.5000,17.00,106,0,0.00,31,6.82,7.44,5.88,13.20
232589,0.00,2.34,2,14.36,13.44,10,14.63,187,0.38,0.42,1043,0.00,1.00,3,0.5000,22.00,106,0,0.00,31,7.11,7.29,5.49,15.40
232694,0.00,2.34,2,14.36,13.44,10,14.60,187,0.37,0.35,1187,0.00,1.00,3,0.5000,17.00,106,0,0.00,31,7.11,6.96,5.49,16.70
232798,0.00,1.56,2,14.36,13.52,10,14.60,187,0.34,0.32,1276,0.00,1.00,3,0.5000,17.50,106,0,0.00,31,6.82,6.93,5.49,19.90
232902,0.00,0.00,2,14.36,13.52,10,14.59,187,0.33,0.31,1352,0.00,1.00,3,0.5000,17.50,106,0,0.00,31,6.67,7.07,5.88,18.50
233006,-0.78,0.00,2,14.36,13.44,8,14.59,187,0.32,0.31,1358,0.00,1.00,3,0.5000,17.50,106,0,0.00,31,6.53,7.18,5.88,13.30
233110,-3.91,0.00,2,14.36,13.44,8,14.59,187,0.32,0.32,1359,0.00,1.00,3,0.5000,18.00,106,0,0.00,31,6.53,7.18,5.88,12.30
233214,-7.81,0.00,2,14.36,13.44,8,14.59,187,0.32,0.31,1362,0.00,1.00,3,0.5000,18.00,106,0,0.00,31,6.38,7.15,5.88,11.90
233318,-9.38,0.00,2,14.36,13.52,8,14.59,187,0.32,0.32,1331,0.00,1.00,3,0.5000,17.50,106,0,0.00,31,6.38,7.15,5.88,12.10
233422,-10.16,0.00,2,14.36,13.52,8,14.60,187,0.32,0.32,1331,0.00,1.00,3,0.5000,17.50,106,0,0.00,31,6.38,7.07,5.88,12.30
233526,-10.16,0.00,2,14.36,12.80,8,14.60,187,0.32,0.32,1332,0.00,1.00,3,0.5000,17.50,106,0,0.00,31,6.53,7.00,5.88,12.60
233630,-10.94,0.00,2,14.36,13.12,8,14.60,187,0.32,0.32,1306,0.00,1.00,3,0.5000,17.50,106,0,0.00,31,6.53,7.00,5.88,13.10
233734,-10.94,0.00,2,14.36,13.44,8,14.60,187,0.32,0.33,1276,0.00,1.00,3,0.5000,17.50,106,0,0.00,31,6.67,6.93,5.88,13.40
233838,-10.94,0.00,2,14.36,13.36,8,14.60,187,0.32,0.33,1268,0.00,1.00,3,0.5000,17.50,106,0,0.00,31,6.67,6.93,5.88,13.80
233942,-10.94,0.00,2,14.36,13.52,8,14.60,187,0.32,0.32,1280,0.00,1.00,3,0.5000,17.50,106,0,0.00,31,6.67,6.82,5.88,14.10
234046,-10.16,0.00,2,14.36,13.44,8,14.60,187,0.32,0.32,1274,0.00,1.00,3,0.5000,17.50,106,0,0.00,31,6.67,6.75,5.49,14.30
234150,-10.16,0.00,2,14.36,13.36,8,14.60,187,0.32,0.32,1247,0.00,1.00,3,0.5000,17.00,106,0,0.00,31,6.67,6.71,5.49,14.50
234254,-10.16,0.00,2,14.36,13.44,8,14.60,187,0.32,0.32,1228,0.00,1.00,3,0.5000,17.00,106,0,0.00,31,6.67,6.64,5.49,14.20
234358,-9.38,0.00,2,14.36,13.36,8,14.60,187,0.32,0.33,1213,0.00,1.00,3,0.5000,17.00,106,0,0.00,31,6.67,6.60,5.49,15.00
234462,-9.38,0.00,2,14.36,13.44,8,14.61,187,0.33,0.33,1188,0.00,1.00,3,0.5000,17.00,106,0,0.00,31,6.67,6.53,5.49,14.80
234566,-9.38,0.00,2,14.36,13.52,8,14.61,187,0.33,0.33,1172,0.00,1.00,3,0.5000,17.00,106,0,0.00,31,6.82,6.49,5.49,14.70
234671,-9.38,0.00,2,14.36,13.52,8,14.62,187,0.33,0.33,1156,0.00,1.00,3,0.5000,17.00,106,0,0.00,31,6.82,6.42,5.49,14.70
234774,-9.38,0.00,2,14.36,13.36,8,14.62,187,0.33,0.33,1141,0.00,1.00,3,0.5000,22.00,106,0,0.00,31,6.96,6.35,5.49,14.80
234878,-9.38,0.00,2,14.36,13.52,8,14.62,187,0.33,0.33,1141,0.00,1.00,3,0.5000,22.00,106,0,0.00,31,6.96,6.31,5.49,14.70
234982,-9.38,0.00,2,14.36,13.36,8,14.62,187,0.33,0.33,1134,0.00,1.00,3,0.5000,22.00,106,0,0.00,31,6.96,6.24,5.49,14.90
235086,-10.16,0.00,2,14.36,13.44,8,14.62,187,0.33,0.34,1108,0.00,1.00,3,0.5000,22.00,106,0,0.00,31,6.96,6.17,5.49,14.60
235190,-10.16,0.00,2,14.36,13.44,8,14.63,187,0.33,0.34,1081,0.00,1.00,3,0.5000,22.00,106,0,0.00,31,6.96,6.14,5.49,14.50
235295,-9.38,0.00,2,14.36,13.36,8,14.64,187,0.34,0.34,1063,0.00,1.00,3,0.5000,22.00,106,0,0.00,31,7.11,6.11,5.49,14.50
235398,-9.38,0.00,2,14.36,13.44,8,14.64,187,0.34,0.35,1040,0.00,1.00,3,0.5000,22.00,106,0,0.00,31,7.11,6.08,5.10,14.50
235503,-9.38,0.00,2,14.36,13.36,8,14.65,187,0.35,0.36,1009,0.00,1.00,3,0.5000,22.00,106,0,0.00,31,7.25,6.01,5.10,14.50
235606,-10.16,0.00,2,14.36,13.44,8,14.65,187,0.35,0.37,972,0.00,1.00,3,0.5000,22.00,106,0,0.00,31,7.40,5.91,5.10,14.60
235711,-10.16,0.00,2,14.36,13.44,8,14.66,187,0.36,0.37,939,0.00,1.00,3,0.5000,22.00,106,0,0.00,31,7.55,5.95,5.49,14.60
235815,-10.16,0.00,2,14.36,13.52,8,14.67,187,0.37,0.39,919,0.00,1.00,3,0.5000,22.00,106,0,0.00,31,7.84,6.04,5.49,14.50
235918,-10.16,0.00,2,14.36,13.36,8,14.67,187,0.38,0.41,900,0.00,1.00,3,0.5000,22.00,106,0,0.00,31,8.13,6.08,5.49,14.50
236023,-10.16,0.00,2,14.36,13.36,8,14.68,187,0.39,0.40,893,0.00,1.00,3,0.5000,22.00,106,0,0.00,31,8.27,6.01,5.49,14.40
236127,-10.16,0.00,2,14.36,13.36,8,14.68,187,0.40,0.41,872,0.00,1.00,3,0.5000,22.00,106,0,0.00,31,8.42,6.01,5.49,14.40
236230,-10.16,0.00,2,14.36,13.44,8,14.68,187,0.40,0.41,868,0.00,0.99,3,0.5000,22.00,106,0,0.00,31,8.56,5.95,5.49,14.50
236335,-10.16,0.00,2,14.36,13.44,8,14.67,187,0.40,0.41,862,0.00,1.00,3,0.5000,22.00,106,0,0.00,31,8.71,5.88,5.49,14.40
236439,-10.16,0.00,2,14.36,13.52,8,14.67,187,0.40,0.39,900,0.00,1.00,3,0.5000,21.00,106,0,0.00,31,8.71,5.91,5.10,14.50
236543,-9.38,0.00,2,14.36,13.44,8,14.66,187,0.39,0.38,935,0.00,1.00,3,0.5000,17.50,106,0,0.00,31,8.71,5.91,5.49,14.80
236647,-9.38,0.00,2,14.36,13.44,8,14.65,187,0.38,0.36,982,0.00,1.00,3,0.5000,16.50,106,0,0.00,31,8.42,5.88,5.49,14.90
236750,-8.59,0.00,2,14.36,13.44,8,14.65,187,0.37,0.35,1015,0.00,1.00,3,0.5000,14.00,106,0,0.00,31,8.27,5.95,5.49,14.90
236855,-8.59,0.00,2,14.36,13.36,8,14.65,187,0.36,0.35,1023,0.00,1.00,3,0.5000,13.50,106,0,0.00,31,8.13,5.98,5.49,15.00
236959,-8.59,0.00,2,14.36,13.52,8,14.65,187,0.36,0.36,989,0.00,1.00,3,0.5000,16.50,106,0,0.00,31,8.13,6.01,5.49,14.90
237063,-8.59,0.00,2,14.36,13.52,8,14.66,187,0.37,0.37,964,0.00,1.00,3,0.5000,17.00,106,0,0.00,31,8.13,6.08,5.49,14.90
237166,-7.81,0.00,2,14.36,13.44,8,14.67,187,0.38,0.39,937,0.00,1.00,2,0.5000,18.50,106,0,0.00,31,8.27,6.04,5.49,15.00
237270,-7.81,0.00,2,14.36,13.36,8,14.67,187,0.38,0.40,904,0.00,1.00,2,0.5000,21.00,106,0,0.00,31,8.42,5.95,5.49,15.10
237375,-7.03,0.00,2,14.36,13.44,8,14.67,187,0.39,0.39,904,0.00,1.00,2,0.5000,20.50,106,0,0.00,31,8.56,5.95,5.49,15.20
237478,-7.03,0.00,2,14.36,13.44,8,14.67,187,0.39,0.40,882,0.00,1.00,2,0.5000,21.50,106,0,0.00,31,8.56,5.95,5.49,15.30
237583,-7.03,0.00,2,14.36,13.44,8,14.68,187,0.40,0.40,876,0.00,1.00,2,0.5000,21.50,106,0,0.00,31,8.71,5.88,5.49,15.50
237686,-6.25,0.00,2,14.36,13.36,8,14.68,187,0.40,0.42,849,0.00,1.00,2,0.5000,22.00,106,0,0.00,31,8.85,5.88,5.49,15.20
237791,-6.25,0.00,2,14.36,13.36,8,14.68,187,0.41,0.41,846,0.00,1.00,2,0.5000,22.00,106,0,0.00,31,8.85,5.82,5.49,15.20
237895,-6.25,0.00,2,14.36,13.36,8,14.68,187,0.41,0.43,820,0.00,1.00,2,0.5000,22.00,106,0,0.00,31,9.00,5.82,5.49,15.10
237999,-6.25,0.00,2,14.36,13.28,8,14.68,187,0.42,0.43,815,0.00,1.00,2,0.5000,21.50,106,0,0.00,31,9.14,5.82,5.49,15.10
238103,-6.25,0.00,2,14.36,13.20,8,14.68,187,0.42,0.43,797,0.00,1.00,2,0.5000,21.50,106,0,0.00,31,9.29,5.75,5.10,15.10
238207,-6.25,0.00,2,14.36,13.04,8,14.68,187,0.42,0.43,794,0.00,1.00,2,0.5000,21.50,106,0,0.00,31,9.29,5.69,5.10,15.00
238310,-5.47,0.00,2,14.36,12.96,8,14.68,187,0.43,0.43,790,0.00,1.00,2,0.5000,21.50,106,0,0.00,31,9.43,5.66,5.10,15.00
238415,-5.47,0.00,2,14.36,12.96,8,14.68,187,0.43,0.44,778,0.00,1.00,2,0.5000,21.50,106,0,0.00,31,9.43,5.66,5.10,15.10
238518,-4.69,0.00,2,14.36,12.80,8,14.68,187,0.43,0.43,783,0.00,1.00,2,0.5000,21.50,106,0,0.00,31,9.43,5.66,5.10,15.20
238623,-4.69,0.00,2,14.36,12.72,8,14.67,187,0.43,0.43,777,0.00,1.00,2,0.5000,21.50,106,0,0.00,31,9.58,5.62,5.10,15.00
238727,-4.69,0.00,2,14.36,12.56,8,14.67,187,0.43,0.44,768,0.00,1.00,2,0.5000,21.50,106,0,0.00,31,9.58,5.62,5.10,15.10
238831,-4.69,0.00,2,14.36,12.72,8,14.67,187,0.44,0.44,773,0.00,1.00,2,0.5000,21.50,106,0,0.00,31,9.58,5.62,5.10,15.10
238935,-3.91,1.56,1,14.36,12.72,8,14.67,187,0.43,0.43,780,0.00,1.00,2,0.5000,20.50,106,0,0.00,31,9.58,5.59,5.10,15.10
239039,-3.91,0.00,2,14.36,12.80,8,14.67,187,0.43,0.43,793,0.00,1.00,2,0.5000,19.00,106,0,0.00,31,9.58,5.62,5.10,15.20
239143,-3.91,0.00,2,14.36,12.88,8,14.67,187,0.43,0.41,820,0.00,1.00,2,0.5000,16.50,106,0,0.00,31,9.58,5.62,5.10,15.30
239247,-3.91,0.00,2,14.36,12.88,8,14.68,187,0.42,0.41,812,0.00,1.00,1,0.5000,17.00,106,0,0.00,31,9.43,5.62,5.10,15.10
239351,-3.91,0.00,2,14.36,13.04,8,14.68,187,0.42,0.42,810,0.00,1.00,1,0.5000,17.00,106,0,0.00,31,9.43,5.69,5.10,15.10
239455,-3.91,0.00,2,14.36,13.12,8,14.68,187,0.42,0.42,816,0.00,1.00,1,0.5000,16.50,106,0,0.00,31,9.43,5.69,5.49,14.90
239559,-3.91,0.00,2,14.36,13.52,8,14.67,187,0.42,0.42,821,0.00,1.00,1,0.5000,17.50,106,0,0.00,31,9.43,5.75,5.49,14.80
239663,-3.12,0.00,2,14.36,13.60,8,14.67,187,0.44,0.45,868,0.00,0.93,1,0.5000,20.50,106,0,0.00,31,10.16,7.04,9.02,14.90
239767,-3.12,0.00,2,14.36,13.44,8,14.64,187,0.48,0.55,920,0.00,0.85,1,0.5000,24.50,106,0,0.00,31,11.46,9.03,12.55,14.80
239871,-2.34,0.00,3,14.36,13.52,8,14.61,187,0.52,0.58,1058,0.00,0.90,1,0.5000,27.50,106,0,0.00,31,12.62,10.24,14.51,14.90
239975,0.00,0.00,3,14.36,13.20,8,14.60,187,0.52,0.53,1180,0.00,0.99,1,0.5000,29.00,106,0,0.00,31,12.62,10.20,14.12,14.80
240079,7.81,0.78,3,14.36,13.44,8,14.60,187,0.51,0.52,1228,0.00,0.99,1,0.5000,30.50,106,0,0.00,31,12.48,10.60,14.12,15.60
240183,14.84,0.78,3,14.36,13.52,8,14.60,187,0.51,0.52,1262,0.00,0.99,1,0.5000,31.00,106,0,0.00,31,12.33,10.96,14.12,15.90
240286,18.75,0.78,3,14.36,13.36,8,14.59,187,0.50,0.49,1346,0.00,0.99,1,0.5000,32.00,106,0,0.00,31,12.04,11.06,13.73,17.30
240390,18.75,0.78,3,14.36,13.52,8,14.59,187,0.49,0.48,1402,0.00,0.99,1,0.5000,33.00,106,0,0.00,31,11.90,11.43,13.33,17.10
240494,17.97,0.78,3,14.36,13.60,8,14.59,187,0.49,0.48,1463,0.00,0.99,1,0.5000,33.50,106,0,0.00,31,11.61,11.80,13.33,16.10
240599,17.19,0.78,3,14.36,13.36,8,14.58,187,0.49,0.49,1478,0.00,0.99,1,0.5000,34.50,106,0,0.00,31,11.46,12.19,13.33,15.40
240702,17.19,1.56,3,14.36,13.44,8,14.58,187,0.49,0.49,1509,0.00,0.99,1,0.5000,35.00,106,0,0.00,31,11.46,12.37,13.33,15.30
240806,17.19,1.56,3,14.36,13.52,8,14.58,187,0.49,0.49,1509,0.00,0.99,1,0.5000,35.00,106,0,0.00,31,11.46,12.39,13.33,14.50
240911,16.41,1.56,3,14.36,13.52,8,14.58,187,0.50,0.50,1522,0.00,0.99,1,0.5000,35.50,106,0,0.00,31,11.46,12.90,13.73,14.40
241015,16.41,1.56,3,14.36,13.52,8,14.58,187,0.50,0.50,1552,0.00,0.99,1,0.5000,36.50,106,0,0.00,31,11.46,13.08,13.73,14.40
241119,16.41,3.91,3,14.36,13.44,8,14.58,187,0.49,0.48,1561,0.00,0.99,1,0.5000,36.50,106,0,0.00,31,11.17,12.40,12.55,14.40
241223,14.84,3.91,3,14.36,13.52,8,14.58,187,0.46,0.44,1570,0.00,0.99,1,0.5000,35.50,106,0,0.00,31,10.45,11.48,10.59,14.40
241327,11.72,3.91,3,14.36,13.36,8,14.58,187,0.45,0.43,1566,0.00,0.99,1,0.5000,34.50,106,0,0.00,31,10.01,11.25,10.20,14.20
241431,8.59,3.91,3,14.36,13.36,8,14.58,187,0.44,0.43,1545,0.00,1.00,1,0.5000,33.50,106,0,0.00,31,9.58,10.97,9.41,13.50
241535,5.47,3.91,3,14.36,13.52,8,14.58,189,0.43,0.42,1512,0.00,1.00,1,0.5000,32.50,106,0,0.00,31,9.43,10.62,9.41,13.30
241639,3.12,3.91,3,14.36,13.20,8,14.58,189,0.43,0.43,1522,0.00,1.00,1,0.5000,32.50,106,0,0.00,31,9.29,10.77,9.41,13.20
241743,0.78,3.91,3,14.36,13.52,8,14.58,189,0.43,0.43,1512,0.00,1.00,1,0.5000,32.00,106,0,0.00,31,9.29,10.77,9.41,13.30
241847,0.00,3.91,3,14.36,13.44,8,14.58,189,0.43,0.42,1516,0.00,1.00,1,0.5000,32.00,106,0,0.00,31,9.14,10.69,9.41,13.40
241951,-0.78,3.91,3,14.36,13.36,8,14.58,189,0.43,0.42,1536,0.00,1.00,1,0.5000,32.50,106,0,0.00,31,9.14,10.85,9.41,13.70
242055,-0.78,3.91,3,14.36,13.52,8,14.58,189,0.44,0.45,1536,0.00,0.99,1,0.5000,32.50,106,0,0.00,31,9.43,11.51,10.59,13.90
242159,-0.78,3.91,3,14.36,13.44,8,14.58,189,0.44,0.45,1568,0.00,0.99,1,0.5000,34.00,106,0,0.00,31,9.72,11.94,10.98,14.20
242263,1.56,3.91,3,14.36,13.28,8,14.57,189,0.45,0.45,1613,0.00,0.99,1,0.5000,34.50,106,0,0.00,31,9.87,12.28,11.76,14.50
242367,3.12,3.91,3,14.36,13.44,8,14.57,189,0.46,0.47,1628,0.00,0.99,1,0.5000,35.50,106,0,0.00,31,10.16,12.63,11.76,15.30
242471,5.47,3.91,3,14.36,13.60,8,14.57,189,0.46,0.47,1647,0.00,0.99,1,0.5000,35.50,106,0,0.00,31,10.16,12.60,11.76,15.40
242575,7.03,3.91,3,14.36,13.44,8,14.57,189,0.46,0.46,1654,0.00,0.99,1,0.5000,36.00,106,0,0.00,31,10.16,12.62,11.76,15.50
242678,7.81,3.91,3,14.36,13.44,8,14.57,189,0.46,0.46,1674,0.00,0.99,1,0.5000,36.00,106,0,0.00,31,10.01,12.79,11.76,15.30
242783,8.59,3.91,3,14.36,13.44,8,14.57,189,0.45,0.45,1700,0.00,0.99,1,0.5000,36.00,106,0,0.00,31,10.01,12.79,11.76,15.20
242887,9.38,3.91,3,14.36,13.44,8,14.57,189,0.45,0.45,1714,0.00,0.99,1,0.5000,36.50,106,1,0.00,31,9.87,12.91,11.76,15.00
242991,9.38,3.91,3,14.36,13.52,8,14.57,189,0.45,0.44,1729,0.00,0.99,1,0.5000,36.50,106,0,0.00,31,9.87,12.86,11.76,15.00
243096,9.38,3.91,3,14.36,13.52,8,14.57,189,0.45,0.45,1738,0.00,0.99,1,0.5000,36.50,106,1,0.00,31,9.72,13.02,11.76,14.80
243199,10.16,3.91,3,14.36,13.44,8,14.57,189,0.44,0.44,1758,0.00,0.99,1,0.5000,36.50,106,1,0.00,31,9.72,13.02,11.76,14.80
243303,10.16,3.91,3,14.36,13.36,8,14.57,189,0.44,0.44,1766,0.00,0.99,1,0.5000,36.50,106,2,0.00,31,9.58,13.13,11.76,14.70
243407,10.94,3.91,3,14.36,13.36,8,14.57,189,0.44,0.45,1764,0.00,0.99,1,0.5000,36.50,106,1,0.00,31,9.58,13.13,11.76,14.70
243511,10.94,3.91,3,14.36,13.52,8,14.57,189,0.44,0.44,1807,0.00,0.99,1,0.5000,37.00,106,2,0.00,31,9.58,13.24,11.76,14.50
243615,10.16,3.91,3,14.36,13.60,8,14.57,189,0.44,0.44,1822,0.00,0.99,1,0.5000,37.00,106,2,0.00,31,9.58,13.24,11.76,14.50
243719,10.94,3.91,3,14.36,13.44,8,14.57,189,0.43,0.42,1857,0.00,0.99,1,0.5000,37.50,106,3,0.00,31,9.29,12.92,10.98,14.50
243823,10.94,3.91,3,14.36,13.44,8,14.57,189,0.43,0.41,1878,0.00,0.99,1,0.5000,37.00,106,3,0.00,31,9.29,13.40,12.16,14.50
243927,10.94,3.91,3,14.36,13.44,8,14.57,189,0.44,0.45,1889,0.00,0.99,1,0.5000,37.50,106,3,0.00,31,9.72,14.17,13.33,14.40
244031,14.06,3.91,3,14.36,13.52,8,14.57,189,0.45,0.45,1918,0.00,0.99,1,0.5000,38.50,106,3,0.00,31,10.01,14.45,13.73,15.40
244135,17.19,3.91,3,14.36,13.52,8,14.57,189,0.45,0.45,1932,0.00,0.99,1,0.5000,39.00,106,4,0.00,31,10.30,14.55,14.12,15.60
244239,20.31,3.91,3,14.36,13.52,8,14.57,189,0.46,0.47,1958,0.00,0.99,1,0.5000,39.50,106,3,0.00,31,10.59,15.29,14.90,15.80
244343,23.44,3.91,3,14.36,13.36,8,14.57,189,0.46,0.46,1996,0.00,0.99,1,0.5000,40.00,106,4,0.00,31,10.74,15.45,14.90,15.90
244447,25.00,3.91,3,14.36,13.36,8,14.57,189,0.46,0.46,1996,0.00,0.99,1,0.5000,40.00,106,4,0.00,31,10.74,15.33,15.29,15.70
244552,25.00,3.91,3,14.36,13.52,8,14.57,189,0.48,0.48,1952,0.00,0.99,1,0.5000,25.00,106,4,0.00,31,11.03,15.68,15.29,15.50
244655,25.00,3.91,3,14.36,13.44,8,14.57,189,0.50,0.51,1859,0.00,0.99,1,0.5000,25.00,106,5,0.00,31,11.32,15.79,15.69,15.00
244759,25.00,3.91,3,14.36,13.52,8,14.58,189,0.51,0.52,1810,0.00,0.99,1,0.5000,28.50,106,6,0.00,31,11.46,15.71,15.69,14.90
244863,25.00,3.91,3,14.36,13.36,8,14.58,189,0.52,0.52,1798,0.00,0.99,1,0.5000,40.00,106,7,0.00,31,11.61,15.64,15.69,14.80
244968,24.22,3.91,3,14.36,13.44,8,14.58,189,0.52,0.52,1788,0.00,0.99,1,0.5000,40.00,106,7,0.00,31,11.61,15.39,15.69,14.50
245071,23.44,3.91,3,14.36,13.44,8,14.58,189,0.52,0.53,1785,0.00,0.99,1,0.5000,40.50,106,7,0.00,31,11.61,15.51,15.69,14.40
245176,23.44,3.91,3,14.36,13.52,8,14.58,189,0.52,0.53,1780,0.00,0.99,1,0.5000,40.50,106,8,0.00,31,11.75,15.56,15.69,14.30
245279,21.88,3.91,3,14.36,13.52,8,14.58,189,0.53,0.53,1774,0.00,0.99,2,0.5000,40.50,106,8,0.00,31,11.90,15.88,16.08,14.30
245383,22.66,3.91,3,14.36,13.36,8,14.58,189,0.55,0.55,1789,0.00,0.99,2,0.5000,41.50,108,9,0.00,31,12.33,16.51,17.65,14.20
245487,23.44,3.91,3,14.36,13.44,8,14.58,189,0.55,0.56,1816,0.00,0.99,2,0.5000,42.00,108,9,0.00,32,12.48,16.90,18.04,14.50
245591,24.22,3.91,3,14.36,13.44,8,14.58,189,0.55,0.55,1828,0.00,0.99,2,0.5000,42.00,108,9,0.00,32,12.48,16.76,18.04,14.80
245696,25.00,3.91,3,14.36,13.52,8,14.58,189,0.55,0.55,1842,0.00,0.99,2,0.5000,42.00,108,10,0.00,32,12.48,17.03,18.43,14.80
245800,24.22,3.91,3,14.36,13.36,8,14.58,189,0.55,0.55,1857,0.00,0.99,2,0.5000,42.50,108,10,0.00,32,12.62,17.02,18.43,14.40
245903,25.00,3.91,3,14.36,13.44,8,14.58,189,0.55,0.55,1885,0.00,0.99,2,0.5000,42.50,108,10,0.00,32,12.48,17.23,18.43,14.70
246008,25.00,3.91,3,14.36,13.52,8,14.58,189,0.55,0.55,1894,0.00,0.99,2,0.5000,42.50,108,11,0.00,32,12.48,17.23,18.04,14.60
246111,25.00,3.91,3,14.36,13.36,8,14.58,189,0.55,0.54,1884,0.00,0.99,2,0.5000,42.50,108,11,0.00,32,12.48,17.29,18.43,14.90
246216,25.00,3.91,3,14.36,13.60,8,14.58,189,0.55,0.55,1908,0.00,0.99,2,0.5000,42.50,108,11,0.00,32,12.48,17.30,18.43,14.40
246319,25.00,3.91,3,14.36,13.52,8,14.58,189,0.55,0.54,1914,0.00,0.99,2,0.5000,42.50,108,12,0.00,32,12.48,17.29,18.43,14.70
246424,25.00,3.91,3,14.36,13.44,8,14.58,189,0.54,0.54,1904,0.00,0.99,2,0.5000,42.50,108,12,0.00,32,12.48,17.29,18.43,14.80
246527,25.00,3.91,3,14.36,13.52,8,14.58,189,0.54,0.55,1908,0.00,0.99,2,0.5000,42.50,108,12,0.00,32,12.48,17.23,17.65,14.70
246632,25.00,3.91,3,14.36,13.28,8,14.58,189,0.54,0.53,1930,0.00,0.99,2,0.5000,42.50,108,13,0.00,32,12.33,17.29,17.65,14.70
246736,25.00,3.91,3,14.36,13.52,8,14.58,187,0.54,0.54,1912,0.00,0.99,2,0.5000,42.50,108,13,0.00,32,12.33,17.29,17.65,15.10
246840,25.00,3.91,3,14.36,13.36,8,14.58,187,0.54,0.54,1920,0.00,0.99,2,0.5000,42.50,108,14,0.00,32,12.33,17.43,17.65,14.40
246943,25.00,3.91,3,14.36,13.44,8,14.58,187,0.54,0.54,1943,0.00,0.99,2,0.5000,42.50,108,14,0.00,32,12.33,17.43,17.65,14.50
247048,25.00,3.91,3,14.36,13.52,8,14.58,187,0.54,0.54,1934,0.00,0.99,2,0.5000,42.50,108,14,0.00,32,12.33,17.65,17.65,14.70
247151,25.00,3.91,3,14.36,13.52,8,14.58,187,0.54,0.54,1957,0.00,0.99,2,0.5000,42.50,108,15,0.00,32,12.33,17.56,17.65,14.60
247256,25.00,3.91,3,14.36,13.44,8,14.58,187,0.54,0.54,1961,0.00,0.99,2,0.5000,42.50,108,14,0.00,32,12.33,17.57,17.65,14.60
247360,25.00,3.91,3,14.36,13.36,8,14.58,187,0.54,0.54,1953,0.00,0.99,2,0.5000,42.50,108,15,0.00,32,12.33,17.57,17.65,14.80
247464,25.00,3.91,3,14.36,13.52,8,14.58,187,0.54,0.54,1972,0.00,0.99,2,0.5000,42.50,108,16,0.00,32,12.33,17.57,17.65,14.50
247568,25.00,3.91,3,14.36,13.52,8,14.58,187,0.53,0.53,1964,0.00,0.99,2,0.5000,42.50,108,16,0.00,32,12.19,17.50,17.25,14.80
247672,25.00,3.91,3,14.36,13.52,8,14.58,187,0.53,0.54,1982,0.00,0.99,2,0.5000,42.50,108,16,0.00,32,12.33,17.57,17.65,14.30
247776,25.00,3.91,3,14.36,13.44,8,14.58,187,0.53,0.53,1990,0.00,0.99,2,0.5000,43.00,108,17,0.00,32,12.19,17.57,17.65,14.60
247880,25.00,3.91,3,14.36,13.44,8,14.58,187,0.53,0.54,1984,0.00,0.99,2,0.5000,42.50,108,17,0.00,33,12.19,17.50,17.65,15.10
247984,25.00,3.91,3,14.36,13.52,8,14.58,187,0.53,0.52,2001,0.00,0.99,2,0.5000,42.50,108,17,0.00,33,12.19,17.50,17.65,14.60
248088,25.00,3.91,3,14.36,13.44,8,14.58,187,0.53,0.53,1988,0.00,0.99,2,0.5000,42.50,108,17,0.00,33,12.19,17.50,17.25,14.70
248191,25.00,3.91,3,14.36,13.44,8,14.58,187,0.53,0.52,2006,0.00,0.99,2,0.5000,42.50,108,18,0.00,33,12.19,17.43,17.25,14.70
248296,25.00,3.91,3,14.36,13.44,8,14.58,187,0.52,0.53,1999,0.00,0.99,2,0.5000,42.50,108,18,0.00,33,12.19,17.57,17.25,14.40
248400,25.00,3.91,3,14.36,13.36,8,14.58,187,0.52,0.53,2018,0.00,0.99,2,0.5000,42.50,108,18,0.00,33,12.19,17.71,17.25,14.60
248504,25.00,3.91,3,14.36,13.44,8,14.58,187,0.53,0.52,2010,0.00,0.99,2,0.5000,42.50,108,18,0.00,33,12.04,17.71,17.25,14.80
248608,25.00,3.91,3,14.36,13.52,8,14.58,187,0.53,0.53,2032,0.00,0.99,2,0.5000,42.50,108,19,0.00,33,12.19,17.71,17.65,14.60
248712,25.00,3.91,3,14.36,13.52,8,14.58,187,0.53,0.54,2023,0.00,0.99,2,0.5000,43.00,108,19,0.00,33,12.33,18.11,18.04,14.70
248816,25.00,3.91,3,14.36,13.36,8,14.58,187,0.53,0.53,2052,0.00,0.99,2,0.5000,43.00,108,19,0.00,33,12.33,18.03,18.04,14.80
248920,25.00,3.91,3,14.36,13.36,8,14.58,187,0.53,0.53,2043,0.00,0.99,2,0.5000,42.50,108,19,0.00,33,12.19,18.11,17.65,15.10
249024,25.00,3.91,3,14.36,13.52,8,14.58,187,0.53,0.52,2067,0.00,0.99,2,0.5000,42.50,108,19,0.00,33,12.19,17.87,17.65,14.60
249128,25.00,3.91,3,14.36,13.44,8,14.58,187,0.52,0.52,2072,0.00,0.99,2,0.5000,42.50,108,20,0.00,33,12.04,17.72,17.25,14.80
249231,25.00,3.91,3,14.36,13.60,8,14.58,187,0.52,0.52,2060,0.00,0.99,2,0.5000,42.50,108,20,0.00,33,12.04,18.11,17.65,14.30
249336,25.00,3.91,3,14.36,13.52,8,14.58,187,0.52,0.52,2086,0.00,0.99,2,0.5000,42.50,108,20,0.00,33,12.04,18.03,17.65,14.60
249440,25.00,3.91,3,14.36,13.36,8,14.58,187,0.52,0.53,2077,0.00,0.99,2,0.5000,42.50,108,20,0.00,33,12.04,18.11,17.65,15.10
249544,25.00,3.91,3,14.36,13.60,8,14.58,187,0.52,0.52,2106,0.00,0.99,2,0.5000,42.50,108,20,0.00,33,12.04,17.87,17.65,14.50
249647,25.00,3.91,3,14.36,13.52,8,14.58,187,0.51,0.52,2115,0.00,0.99,2,0.5000,42.50,108,19,0.00,33,11.90,17.80,17.25,14.30
249752,25.00,3.91,3,14.36,13.52,8,14.58,187,0.50,0.49,2108,0.00,1.00,2,0.5000,42.00,108,17,0.00,33,11.32,17.30,15.69,14.70
249856,24.22,3.91,3,14.36,13.52,8,14.58,187,0.49,0.49,2121,0.00,1.00,2,0.5000,41.50,108,15,0.00,33,11.17,17.16,15.69,14.40
249960,23.44,3.91,3,14.36,13.44,8,14.58,187,0.48,0.49,2132,0.00,1.00,2,0.5000,41.50,108,11,0.00,33,11.03,16.96,15.69,14.40
250064,22.66,3.91,3,14.36,13.44,8,14.58,187,0.46,0.46,2119,0.00,1.00,2,0.5000,41.00,108,8,0.00,33,10.30,15.93,13.73,14.30
250167,20.31,3.91,3,14.36,13.52,8,14.58,187,0.45,0.44,2126,0.00,1.00,2,0.5000,40.50,108,7,0.00,33,9.87,15.39,13.33,14.00
250272,16.41,3.91,3,14.36,13.60,8,14.58,187,0.44,0.44,2120,0.00,1.00,2,0.5000,40.00,108,5,0.00,33,9.72,15.33,13.33,13.60
250376,15.62,3.91,3,14.36,13.52,8,14.57,187,0.43,0.43,2107,0.00,1.00,2,0.5000,40.00,108,4,0.00,33,9.58,15.16,12.94,13.80
250480,14.06,3.91,3,14.36,13.44,8,14.57,187,0.43,0.43,2130,0.00,1.00,2,0.5000,40.00,108,3,0.00,33,9.58,15.27,13.33,13.80
250584,14.06,3.91,3,14.36,13.52,8,14.58,187,0.43,0.43,2137,0.00,1.00,2,0.5000,39.50,108,3,0.00,33,9.58,15.16,13.33,14.20
250688,14.06,3.91,3,14.36,13.52,8,14.58,187,0.43,0.43,2124,0.00,1.00,2,0.5000,39.50,108,2,0.00,33,9.58,15.22,13.33,14.20
250792,14.06,3.91,3,14.36,13.52,8,14.57,187,0.43,0.43,2096,0.00,0.99,2,0.5000,24.50,108,2,0.00,33,9.58,15.27,13.33,14.30
250896,14.06,3.91,3,14.36,13.44,8,14.57,185,0.46,0.47,1957,0.00,0.99,2,0.5000,24.00,108,2,0.00,33,9.72,15.16,13.33,14.40
251000,14.06,3.91,3,14.36,13.44,8,14.57,185,0.48,0.49,1848,0.00,0.99,2,0.5000,37.50,108,2,0.00,33,10.16,14.98,13.33,14.40
251104,13.28,3.91,3,14.36,13.44,8,14.57,185,0.49,0.49,1802,0.00,0.99,2,0.5000,39.00,108,3,0.00,33,10.45,15.04,13.73,14.30
251208,13.28,3.91,3,14.36,13.52,8,14.58,185,0.50,0.51,1768,0.00,0.99,2,0.5000,39.00,108,2,0.00,33,10.74,15.10,13.73,14.30
251312,13.28,3.91,3,14.36,13.44,8,14.58,185,0.51,0.51,1756,0.00,0.99,3,0.5000,39.50,108,2,0.00,33,11.03,15.04,14.12,14.50
251416,12.50,3.91,3,14.36,13.52,8,14.58,185,0.51,0.51,1748,0.00,0.99,3,0.5000,39.50,108,2,0.00,33,11.17,15.16,14.51,14.40
251520,12.50,3.91,3,14.36,13.20,8,14.58,185,0.51,0.51,1765,0.00,0.99,3,0.5000,40.00,108,1,0.00,33,11.17,15.27,14.51,14.40
251624,12.50,3.91,3,14.36,13.52,8,14.58,185,0.51,0.51,1773,0.00,0.99,3,0.5000,40.00,108,2,0.00,33,11.17,15.04,14.51,14.40
251728,13.28,3.91,3,14.36,13.44,8,14.58,185,0.51,0.51,1781,0.00,0.99,3,0.5000,40.00,108,1,0.00,33,11.17,15.10,14.51,14.40
251832,13.28,3.91,3,14.36,13.52,8,14.58,185,0.51,0.51,1786,0.00,0.99,3,0.5000,40.00,108,2,0.00,33,11.03,15.10,14.12,14.60
251937,12.50,3.91,3,14.36,13.52,8,14.58,185,0.50,0.50,1788,0.00,0.99,3,0.5000,39.50,108,1,0.00,33,10.88,14.98,13.73,14.50
252040,12.50,3.91,3,14.36,13.44,8,14.58,185,0.50,0.50,1800,0.00,0.99,3,0.5000,39.50,108,2,0.00,33,10.88,14.92,13.73,14.40
252145,11.72,3.91,3,14.36,13.52,8,14.58,185,0.50,0.50,1798,0.00,0.99,3,0.5000,39.50,108,1,0.00,33,10.88,14.92,13.73,14.40
252248,11.72,3.91,3,14.36,13.44,8,14.58,185,0.50,0.50,1797,0.00,0.99,3,0.5000,39.50,108,2,0.00,33,10.88,14.98,13.73,14.40
252352,11.72,3.91,3,14.36,13.44,8,14.58,185,0.50,0.50,1799,0.00,0.99,3,0.5000,39.50,108,2,0.00,33,10.88,15.15,13.73,14.40
252457,11.72,3.91,3,14.36,13.52,8,14.58,185,0.50,0.50,1800,0.00,0.99,3,0.5000,39.50,108,2,0.00,33,10.88,14.81,13.73,14.50
252561,11.72,3.91,3,14.36,13.20,8,14.57,185,0.50,0.49,1792,0.00,0.99,3,0.5000,39.50,108,2,0.00,33,10.74,14.86,13.33,14.50
252664,11.72,3.91,3,14.36,13.52,8,14.57,185,0.49,0.49,1789,0.00,0.99,3,0.5000,39.50,108,2,0.00,33,10.59,14.68,13.33,14.50
252769,10.94,3.91,3,14.36,13.52,8,14.57,185,0.49,0.49,1786,0.00,0.99,3,0.5000,39.00,108,3,0.00,33,10.59,14.74,13.33,14.50
252873,10.94,3.91,3,14.36,13.36,8,14.57,185,0.49,0.49,1786,0.00,0.99,3,0.5000,39.00,108,3,0.00,33,10.74,14.74,13.33,14.40
252976,10.94,3.91,3,14.36,13.52,8,14.57,185,0.49,0.50,1802,0.00,0.99,3,0.5000,39.50,108,3,0.00,33,10.59,14.74,13.33,14.40
253080,10.16,3.91,3,14.36,13.52,8,14.57,185,0.49,0.50,1801,0.00,0.99,3,0.5000,39.50,108,3,0.00,33,10.59,14.92,13.33,14.40
253185,10.94,3.91,3,14.36,13.44,8,14.57,185,0.49,0.49,1806,0.00,0.99,3,0.5000,39.50,108,4,0.00,33,10.59,14.80,13.33,14.50
253289,10.16,3.91,3,14.36,13.44,8,14.57,185,0.50,0.50,1808,0.00,0.99,3,0.5000,39.50,108,4,0.00,33,10.74,15.03,14.12,14.50
253393,10.94,3.91,3,14.36,13.52,8,14.58,185,0.50,0.51,1804,0.00,0.99,3,0.5000,40.00,108,4,0.00,33,11.03,15.33,14.51,14.50
253498,11.72,3.91,3,14.36,13.52,8,14.58,185,0.51,0.51,1815,0.00,0.99,3,0.5000,40.00,108,5,0.00,33,11.03,15.45,14.51,14.60
253601,13.28,3.91,3,14.36,13.52,8,14.58,185,0.51,0.51,1827,0.00,0.99,3,0.5000,40.00,108,5,0.00,33,11.17,15.52,14.90,14.80
253705,14.06,3.91,3,14.36,13.60,8,14.58,185,0.51,0.52,1854,0.00,0.99,3,0.5000,40.50,108,6,0.00,33,11.32,15.99,15.29,15.10
253809,15.62,3.91,3,14.36,13.52,8,14.58,185,0.52,0.52,1866,0.00,0.99,3,0.5000,41.00,108,6,0.00,33,11.46,16.40,16.08,15.00
253912,17.19,3.91,3,14.36,13.44,8,14.58,185,0.53,0.52,1871,0.00,0.99,3,0.5000,41.50,108,6,0.00,33,11.75,16.54,16.47,15.20
254017,18.75,3.91,3,14.36,13.44,8,14.58,185,0.53,0.54,1884,0.00,0.99,3,0.5000,41.50,108,7,0.00,33,11.75,16.82,16.86,15.40
254120,20.31,3.91,3,14.36,13.52,8,14.58,185,0.53,0.53,1919,0.00,0.99,3,0.5000,42.00,108,7,0.00,33,11.90,16.95,16.86,15.40
254224,21.09,3.91,3,14.36,13.60,8,14.58,185,0.53,0.52,1931,0.00,0.99,3,0.5000,42.00,108,7,0.00,33,11.90,16.75,16.86,15.50
254329,22.66,3.91,3,14.36,13.44,8,14.58,185,0.52,0.52,1926,0.00,0.99,3,0.5000,42.00,108,8,0.00,33,11.75,16.61,16.47,15.10
254433,21.88,3.91,3,14.36,13.52,8,14.58,185,0.51,0.51,1942,0.00,0.99,3,0.5000,41.50,108,8,0.00,33,11.46,16.47,15.69,14.80
254537,21.09,3.91,3,14.36,13.52,8,14.58,185,0.51,0.50,1937,0.00,0.99,3,0.5000,41.50,108,8,0.00,33,11.32,16.07,15.29,14.40
254641,20.31,3.91,3,14.36,13.44,8,14.58,185,0.50,0.50,1916,0.00,0.99,3,0.5000,41.00,108,9,0.00,33,11.17,16.00,14.90,14.30
254745,19.53,3.91,3,14.36,13.60,8,14.57,185,0.49,0.49,1920,0.00,0.99,3,0.5000,40.50,108,9,0.00,33,10.88,15.65,14.12,14.30
254849,17.19,3.91,3,14.36,13.44,8,14.57,185,0.49,0.49,1907,0.00,0.99,3,0.5000,40.50,108,10,0.00,33,10.74,15.52,14.12,14.10
254952,16.41,3.91,3,14.36,13.52,8,14.57,185,0.49,0.49,1884,0.00,0.99,3,0.5000,40.00,108,10,0.00,33,10.74,15.52,14.12,14.10
255057,15.62,3.91,3,14.36,13.44,8,14.57,185,0.49,0.49,1882,0.00,0.99,3,0.5000,40.00,108,11,0.00,33,10.74,15.65,14.12,14.10
255161,14.84,3.91,3,14.36,13.44,8,14.57,185,0.49,0.50,1898,0.00,0.99,3,0.5000,40.50,108,11,0.00,33,10.74,15.52,14.12,14.20
255265,14.06,3.91,3,14.36,13.60,8,14.57,185,0.49,0.49,1884,0.00,0.99,3,0.5000,40.00,108,12,0.00,33,10.74,15.52,14.12,14.30
255368,14.06,3.91,3,14.36,13.44,8,14.57,185,0.49,0.49,1884,0.00,0.99,3,0.5000,40.00,108,12,0.00,33,10.74,15.39,14.12,14.30
255473,14.06,3.91,3,14.36,13.52,8,14.57,185,0.49,0.49,1904,0.00,0.99,3,0.5000,40.50,108,12,0.00,33,10.74,15.52,14.12,14.40
255577,14.06,3.91,3,14.36,13.44,8,14.57,185,0.49,0.49,1907,0.00,0.99,3,0.5000,40.50,108,12,0.00,33,10.74,15.52,14.12,14.50
255681,14.84,3.91,3,14.36,13.52,8,14.57,185,0.49,0.48,1892,0.00,0.99,3,0.5000,40.00,106,13,0.00,33,10.74,15.39,14.12,14.60
255785,14.84,3.91,3,14.36,13.52,8,14.57,185,0.49,0.49,1897,0.00,0.99,3,0.5000,40.00,106,13,0.00,33,10.74,15.52,14.12,14.50
255888,14.84,3.91,3,14.36,13.52,8,14.57,185,0.49,0.49,1911,0.00,0.99,3,0.5000,40.50,106,13,0.00,33,10.74,15.59,14.12,14.50
255993,14.84,3.91,3,14.36,13.52,8,14.57,185,0.49,0.48,1899,0.00,0.99,3,0.5000,40.00,106,14,0.00,33,10.74,15.52,14.12,14.50
256097,14.84,3.91,3,14.36,13.44,8,14.57,185,0.49,0.48,1906,0.00,0.99,3,0.5000,40.00,106,14,0.00,33,10.74,15.52,14.12,14.50
256201,14.84,3.91,3,14.36,13.60,8,14.57,185,0.49,0.49,1921,0.00,0.99,3,0.5000,40.50,106,15,0.00,33,10.74,15.52,14.12,14.60
256305,14.84,3.91,3,14.36,13.60,8,14.57,185,0.48,0.49,1911,0.00,0.99,3,0.5000,40.00,106,15,0.00,33,10.74,15.52,14.12,14.50
256409,14.84,3.91,3,14.36,13.52,8,14.57,185,0.48,0.49,1917,0.00,0.99,3,0.5000,40.00,106,15,0.00,33,10.74,15.52,14.12,14.60
256513,15.62,3.91,3,14.36,13.52,8,14.57,185,0.48,0.49,1936,0.00,0.99,3,0.5000,40.50,106,15,0.00,33,10.74,15.52,14.12,14.50
256617,14.84,3.91,3,14.36,13.36,8,14.57,185,0.48,0.48,1927,0.00,0.99,3,0.5000,40.00,106,16,0.00,33,10.74,15.52,14.12,14.70
256721,15.62,3.91,3,14.36,13.44,8,14.57,185,0.48,0.48,1928,0.00,0.99,3,0.5000,40.00,106,16,0.00,33,10.74,15.65,14.12,14.60
256825,15.62,3.91,3,14.36,13.52,8,14.57,185,0.48,0.48,1944,0.00,0.99,3,0.5000,40.50,106,16,0.00,33,10.74,15.52,14.12,14.50
256929,15.62,3.91,3,14.36,13.52,8,14.57,185,0.47,0.47,1935,0.00,0.99,3,0.5000,40.00,106,17,0.00,33,10.59,15.04,13.73,14.50
257033,14.84,3.91,3,14.36,13.44,8,14.57,185,0.47,0.47,1937,0.00,0.99,3,0.5000,40.00,106,17,0.00,33,10.45,15.04,13.73,14.40
257137,14.84,3.91,3,14.36,13.44,8,14.57,187,0.48,0.47,1952,0.00,0.99,3,0.5000,40.00,106,17,0.00,33,10.59,15.46,14.51,14.50
257241,14.84,3.91,3,14.36,13.52,8,14.57,187,0.49,0.48,1948,0.00,0.99,3,0.5000,40.50,106,18,0.00,33,10.88,15.99,14.90,14.40
257345,17.19,3.91,3,14.36,13.52,8,14.57,187,0.49,0.50,1974,0.00,0.99,3,0.5000,41.00,106,18,0.00,33,11.17,16.27,15.29,14.60
257449,18.75,3.91,3,14.36,13.52,8,14.57,187,0.49,0.49,1968,0.00,0.99,3,0.5000,41.00,106,18,0.00,33,11.17,16.33,15.29,15.30
257553,19.53,3.91,3,14.36,13.44,8,14.57,187,0.49,0.49,1994,0.00,0.99,3,0.5000,41.00,106,18,0.00,33,11.17,16.20,15.29,15.20
257657,20.31,3.91,3,14.36,13.44,8,14.57,187,0.49,0.48,2002,0.00,0.99,3,0.5000,41.50,106,19,0.00,33,11.32,16.06,15.69,14.90
257761,21.09,3.91,3,14.36,13.52,8,14.57,187,0.49,0.49,1992,0.00,0.99,3,0.5000,41.00,106,19,0.00,33,11.32,16.33,15.69,15.00
257865,21.88,3.91,3,14.36,13.52,8,14.57,187,0.49,0.49,2013,0.00,0.99,3,0.5000,41.50,106,18,0.00,33,11.17,16.61,15.69,14.80
257969,21.88,3.91,3,14.36,13.52,8,14.57,187,0.49,0.49,2004,0.00,0.99,3,0.5000,41.50,106,17,0.00,33,11.17,16.34,15.69,14.70
258073,22.66,3.91,3,14.36,13.52,8,14.57,187,0.49,0.49,2022,0.00,0.99,3,0.5000,41.50,106,16,0.00,33,11.17,16.40,15.69,14.70
258177,23.44,3.91,3,14.36,13.44,8,14.57,187,0.45,0.46,2014,0.00,1.08,3,0.5000,41.00,106,13,0.00,33,9.72,14.82,11.76,14.70
258281,21.09,3.91,2,14.36,13.36,8,14.56,187,0.37,0.33,1978,0.00,1.12,3,0.5000,37.00,106,10,0.00,33,8.13,10.51,6.67,14.40
258387,17.97,3.12,2,14.36,13.60,8,14.56,187,0.33,0.30,1878,0.00,1.09,3,0.5000,31.50,106,8,0.00,33,7.11,8.88,5.88,13.30
258490,13.28,3.12,2,14.36,13.60,8,14.56,187,0.30,0.28,1828,0.00,1.00,3,0.5000,28.50,106,6,0.00,33,6.38,8.55,5.88,12.50
258594,8.59,3.12,2,14.36,13.44,8,14.56,187,0.28,0.27,1831,0.00,1.00,3,0.5000,26.50,106,5,0.00,33,5.95,8.31,5.88,11.90
258698,0.00,3.12,2,14.36,12.96,10,14.57,187,0.28,0.27,1797,0.00,1.00,3,0.5000,24.50,106,4,0.00,33,5.66,8.03,5.88,11.40
258802,0.00,3.12,2,14.36,13.12,10,14.57,187,0.29,0.28,1713,0.00,1.00,3,0.5000,22.50,106,3,0.00,33,5.80,8.27,6.27,11.40
258906,0.00,2.34,2,14.36,13.52,10,14.57,187,0.30,0.31,1639,0.00,0.99,3,0.5000,21.00,106,3,0.00,33,6.09,8.47,6.67,11.80
259010,0.00,2.34,2,14.36,13.52,10,14.58,187,0.31,0.32,1570,0.00,0.99,3,0.5000,20.00,106,2,0.00,33,6.24,8.39,6.27,12.60
259114,0.00,2.34,2,14.36,13.44,10,14.60,187,0.34,0.35,1398,0.00,1.00,3,0.5000,18.00,106,2,0.00,33,6.38,7.99,5.88,13.40
259218,0.00,2.34,2,14.36,13.52,10,14.61,187,0.36,0.39,1188,0.00,0.90,3,0.5000,17.00,106,1,0.00,33,6.67,7.91,5.88,14.00
259322,0.00,2.34,2,14.36,13.52,10,14.65,187,0.39,0.42,1069,0.00,0.88,3,0.5000,22.00,106,0,0.00,33,6.96,7.44,5.49,16.20
259426,0.00,2.34,2,14.36,13.60,10,14.64,187,0.40,0.46,1020,0.00,0.99,4,0.5000,21.50,106,0,0.00,33,7.40,7.29,5.49,20.00
259530,0.00,1.56,2,14.36,13.52,10,14.62,187,0.39,0.38,1136,0.00,1.00,4,0.5000,14.50,106,0,0.00,33,7.40,7.11,5.49,30.30
259634,0.00,0.00,2,14.36,13.52,10,14.61,187,0.38,0.37,1163,0.00,1.00,4,0.5000,17.00,106,0,0.00,33,7.25,7.07,5.49,23.90
259738,0.00,0.00,2,14.36,13.44,10,14.61,187,0.37,0.36,1200,0.00,1.00,4,0.5000,17.00,106,0,0.00,33,7.11,7.07,5.49,12.90
259842,0.00,0.00,2,14.36,13.52,10,14.60,187,0.36,0.35,1210,0.00,1.00,4,0.5000,17.00,106,0,0.00,33,6.96,6.96,5.49,12.50
259946,-1.56,0.00,2,14.36,13.52,8,14.61,187,0.35,0.35,1198,0.00,1.00,4,0.5000,17.00,106,0,0.00,33,6.96,6.93,5.49,12.20
260050,-5.47,0.00,2,14.36,13.52,8,14.61,187,0.35,0.35,1190,0.00,1.00,4,0.5000,17.00,106,0,0.00,33,6.96,6.89,5.49,12.10
260155,-8.59,0.00,2,14.36,13.52,8,14.61,187,0.35,0.35,1176,0.00,1.00,4,0.5000,17.00,106,0,0.00,33,6.96,6.85,5.49,12.20
260258,-9.38,0.00,2,14.36,13.44,8,14.62,187,0.35,0.35,1162,0.00,1.00,4,0.5000,17.00,106,0,0.00,33,7.11,6.82,5.49,12.30
260362,-10.16,0.00,2,14.36,13.44,8,14.62,187,0.35,0.36,1144,0.00,1.00,4,0.5000,17.00,106,0,0.00,33,7.11,6.78,5.49,12.50
260467,-10.16,0.00,2,14.36,13.52,8,14.63,187,0.36,0.36,1122,0.00,1.00,4,0.5000,17.50,106,0,0.00,33,7.11,6.71,5.49,12.70
260570,-10.94,0.00,2,14.36,13.44,8,14.63,187,0.36,0.36,1106,0.00,1.00,4,0.5000,18.00,106,0,0.00,33,7.11,6.60,5.49,12.90
260674,-11.72,0.00,2,14.36,13.60,8,14.63,187,0.36,0.36,1104,0.00,1.00,4,0.5000,18.00,106,0,0.00,33,7.11,6.49,5.49,13.10
260778,-11.72,0.00,2,14.36,13.52,8,14.63,187,0.35,0.35,1086,0.00,1.00,4,0.5000,19.50,106,0,0.00,33,7.11,6.42,5.49,13.30
260882,-12.50,0.00,2,14.36,13.52,8,14.63,187,0.35,0.35,1074,0.00,1.00,4,0.5000,20.00,106,0,0.00,33,7.11,6.38,5.49,13.40
260986,-13.28,0.00,2,14.36,13.44,8,14.63,187,0.35,0.36,1058,0.00,1.00,4,0.5000,21.00,106,0,0.00,33,7.11,6.27,5.49,13.50
261090,-13.28,0.00,2,14.36,13.44,8,14.64,187,0.35,0.36,1048,0.00,1.00,4,0.5000,21.00,106,0,0.00,33,7.11,6.24,5.49,13.70
261194,-13.28,0.00,2,14.36,13.60,8,14.64,187,0.35,0.35,1050,0.00,1.00,4,0.5000,20.50,106,0,0.00,33,7.25,6.17,5.10,13.70
261298,-14.06,0.00,2,14.36,13.60,8,14.64,187,0.35,0.35,1048,0.00,1.00,4,0.5000,20.00,106,0,0.00,33,7.40,6.14,5.10,13.80
261403,-14.06,0.00,2,14.36,13.60,8,14.64,187,0.35,0.35,1038,0.00,1.00,4,0.5000,20.50,106,0,0.00,33,7.40,6.08,5.10,13.90
261506,-14.06,0.00,2,14.36,13.52,8,14.64,187,0.35,0.35,1034,0.00,1.00,4,0.5000,20.00,106,0,0.00,33,7.40,6.01,5.10,14.00
261610,-13.28,0.00,2,14.36,13.52,8,14.64,187,0.35,0.35,1034,0.00,1.00,4,0.5000,19.50,106,0,0.00,33,7.55,6.01,5.10,14.20
261714,-13.28,0.00,2,14.36,12.64,8,14.65,187,0.35,0.35,1032,0.00,1.00,4,0.5000,19.50,106,0,0.00,33,7.69,5.95,5.10,14.30
261819,-13.28,0.00,2,14.36,12.80,8,14.65,187,0.35,0.36,1006,0.00,1.00,4,0.5000,21.00,106,0,0.00,33,7.69,5.95,5.10,14.30
261922,-12.50,0.00,2,14.36,12.88,8,14.65,187,0.36,0.36,981,0.00,1.00,4,0.5000,22.00,106,0,0.00,33,7.84,5.95,5.10,14.40
262026,-11.72,0.00,2,14.36,12.96,8,14.66,187,0.36,0.37,963,0.00,1.00,4,0.5000,22.00,106,0,0.00,33,7.84,6.08,5.49,14.90
262131,-10.94,0.00,2,14.36,12.96,8,14.66,187,0.37,0.38,960,0.00,1.00,4,0.5000,22.00,106,0,0.00,33,7.98,6.08,5.49,14.90
262234,-10.16,0.00,2,14.36,13.04,8,14.66,187,0.38,0.39,943,0.00,1.00,4,0.5000,22.00,106,0,0.00,33,8.13,6.08,5.49,15.30
262338,-10.16,0.00,2,14.36,13.12,8,14.66,187,0.38,0.39,943,0.00,1.00,4,0.5000,22.00,106,0,0.00,33,8.27,6.08,5.49,15.30
262442,-9.38,0.00,2,14.36,13.20,8,14.67,187,0.38,0.40,922,0.00,1.00,4,0.5000,22.00,106,0,0.00,33,8.27,6.01,5.49,15.30
262546,-9.38,0.00,2,14.36,13.20,8,14.67,187,0.39,0.39,908,0.00,1.00,4,0.5000,22.00,106,0,0.00,33,8.27,6.01,5.49,15.30
262650,-9.38,0.00,2,14.36,13.20,8,14.67,187,0.39,0.39,920,0.00,1.00,4,0.5000,22.00,106,0,0.00,33,8.42,5.95,5.49,15.20
262754,-9.38,0.00,2,14.36,13.36,8,14.65,187,0.38,0.38,950,0.00,1.00,4,0.5000,19.00,106,0,0.00,33,8.42,5.95,5.49,15.30
262858,-8.59,0.00,2,14.36,13.52,8,14.64,187,0.36,0.35,1024,0.00,1.00,4,0.5000,15.50,106,0,0.00,33,8.27,5.95,5.49,15.20
262966,-8.59,0.00,2,14.36,13.52,8,14.63,187,0.35,0.33,1074,0.00,1.00,4,0.5000,12.00,106,0,0.00,33,7.98,5.95,5.49,15.10
263066,-8.59,0.00,2,14.36,13.44,8,14.64,187,0.35,0.34,1060,0.00,1.00,4,0.5000,13.50,106,0,0.00,33,7.98,6.01,5.49,15.00
263171,-8.59,0.00,2,14.36,13.52,8,14.64,187,0.34,0.34,1056,0.00,1.00,4,0.5000,14.50,106,0,0.00,33,7.84,5.88,5.10,15.00
263274,-7.81,0.00,2,14.36,13.44,8,14.64,187,0.34,0.33,1034,0.00,1.00,3,0.5000,16.50,106,0,0.00,33,7.69,5.75,5.10,15.00
263378,-7.03,0.00,2,14.36,13.44,8,14.64,187,0.34,0.33,1020,0.00,1.00,3,0.5000,17.00,106,0,0.00,33,7.69,5.69,5.10,15.10
263483,-6.25,0.00,2,14.36,13.52,8,14.65,187,0.34,0.34,1016,0.00,1.00,3,0.5000,17.00,106,0,0.00,33,7.55,5.69,5.10,15.40
263587,-6.25,0.00,2,14.36,13.44,8,14.65,187,0.34,0.34,1000,0.00,1.00,3,0.5000,17.00,106,0,0.00,33,7.69,5.69,5.49,15.50
263690,-5.47,0.00,2,14.36,13.44,8,14.65,187,0.35,0.36,978,0.00,1.00,3,0.5000,18.50,106,0,0.00,33,7.84,5.88,5.49,15.40
263794,-5.47,0.00,2,14.36,13.52,8,14.65,187,0.35,0.36,972,0.00,1.00,3,0.5000,18.50,106,0,0.00,33,7.98,5.95,5.49,15.40
263899,-5.47,0.00,2,14.36,13.36,8,14.65,187,0.36,0.36,982,0.00,1.00,3,0.5000,17.50,106,0,0.00,33,7.98,5.95,5.49,15.40
264003,-5.47,0.00,2,14.36,13.44,8,14.65,187,0.36,0.37,974,0.00,1.00,3,0.5000,18.00,106,0,0.00,33,8.13,5.95,5.49,15.20
264107,-4.69,0.00,2,14.36,13.44,8,14.65,187,0.36,0.36,970,0.00,1.00,3,0.5000,18.00,106,0,0.00,33,8.13,5.88,5.49,15.20
264211,-4.69,0.00,2,14.36,13.44,8,14.66,187,0.36,0.36,974,0.00,1.00,3,0.5000,17.50,106,0,0.00,33,8.13,5.88,5.49,15.20
264315,-4.69,0.00,2,14.36,13.44,8,14.66,187,0.36,0.37,971,0.00,1.00,3,0.5000,17.50,106,0,0.00,33,8.27,5.82,5.49,15.10
264419,-4.69,0.00,2,14.36,13.44,8,14.66,187,0.36,0.36,957,0.00,1.00,3,0.5000,18.50,106,0,0.00,33,8.27,5.82,5.49,15.10
264523,-4.69,0.00,2,14.36,13.52,8,14.66,187,0.36,0.37,956,0.00,1.00,3,0.5000,18.00,106,0,0.00,33,8.27,5.82,5.49,14.90
264627,-4.69,0.00,2,14.36,13.52,8,14.66,187,0.36,0.37,947,0.00,1.00,3,0.5000,18.50,106,0,0.00,33,8.27,5.79,5.49,15.10
264731,-4.69,0.00,2,14.36,13.60,8,14.66,187,0.37,0.37,945,0.00,1.00,3,0.5000,18.50,106,0,0.00,33,8.27,5.82,5.49,14.90
264834,-4.69,0.00,2,14.36,13.36,8,14.66,187,0.37,0.37,941,0.00,1.00,3,0.5000,18.50,106,0,0.00,33,8.42,5.82,5.49,14.80
264939,-4.69,0.00,2,14.36,13.44,8,14.66,187,0.37,0.38,924,0.00,1.00,3,0.5000,20.00,106,0,0.00,33,8.42,5.82,5.49,14.90
265042,-3.91,0.00,2,14.36,13.44,8,14.67,187,0.38,0.38,917,0.00,1.00,3,0.5000,20.00,106,0,0.00,33,8.42,5.82,5.49,14.80
265146,-3.91,0.00,2,14.36,13.52,8,14.67,187,0.38,0.39,895,0.00,1.00,3,0.5000,21.00,106,0,0.00,33,8.42,5.82,5.49,14.70
265251,-3.91,0.00,2,14.36,13.44,8,14.67,187,0.38,0.39,878,0.00,1.00,3,0.5000,22.00,106,0,0.00,33,8.56,5.75,5.49,14.80
265355,-3.91,0.00,2,14.36,13.44,8,14.67,187,0.39,0.39,889,0.00,1.00,3,0.5000,20.50,106,0,0.00,33,8.56,5.75,5.10,14.80
265458,-3.91,0.00,2,14.36,13.52,8,14.66,187,0.38,0.38,910,0.00,1.00,3,0.5000,18.00,106,0,0.00,33,8.56,5.75,5.49,14.70
265563,-3.91,0.00,2,14.36,13.36,8,14.66,189,0.37,0.36,949,0.00,1.00,3,0.5000,17.00,106,0,0.00,33,8.56,5.75,5.49,14.70
265667,-3.91,0.00,2,14.36,13.52,8,14.65,189,0.37,0.35,976,0.00,1.00,3,0.5000,15.50,106,0,0.00,33,8.42,5.75,5.49,14.80
265771,-3.91,0.00,2,14.36,13.52,8,14.64,189,0.35,0.34,1016,0.00,1.00,3,0.5000,12.50,106,0,0.00,33,8.27,5.75,5.49,14.70
265875,-4.69,0.00,2,14.36,13.44,8,14.64,189,0.35,0.33,1036,0.00,1.00,3,0.5000,12.00,106,0,0.00,33,8.13,5.82,5.49,14.40
265979,-3.91,0.00,2,14.36,13.36,8,14.64,189,0.35,0.34,1038,0.00,1.00,3,0.5000,12.50,106,0,0.00,33,8.13,5.88,5.49,14.60
266082,-3.91,0.00,2,14.36,13.44,8,14.65,189,0.35,0.35,1010,0.00,1.00,3,0.5000,15.00,106,0,0.00,33,8.13,5.95,5.49,14.60
266186,-3.91,0.00,2,14.36,13.44,8,14.65,189,0.35,0.36,988,0.00,1.00,2,0.5000,16.50,106,0,0.00,33,8.13,5.95,5.49,14.60
266291,-3.12,0.00,2,14.36,13.52,8,14.65,189,0.36,0.36,992,0.00,1.00,2,0.5000,16.50,106,0,0.00,33,8.27,5.91,5.49,14.80
266395,-2.34,0.00,2,14.36,13.52,8,14.65,189,0.36,0.36,986,0.00,1.00,2,0.5000,16.50,106,0,0.00,33,8.27,5.88,5.49,14.80
266499,-2.34,0.00,2,14.36,13.44,8,14.65,189,0.36,0.36,983,0.00,1.00,2,0.5000,17.00,106,0,0.00,33,8.13,5.82,5.49,15.10
266602,-1.56,0.00,2,14.36,13.52,8,14.65,189,0.36,0.35,975,0.00,1.00,2,0.5000,17.00,106,0,0.00,33,8.27,5.88,5.49,15.20
266707,-1.56,0.00,2,14.36,13.44,8,14.66,189,0.36,0.36,978,0.00,1.00,2,0.5000,17.00,106,0,0.00,33,8.27,5.82,5.49,15.40
266810,-1.56,0.00,2,14.36,13.36,8,14.66,189,0.36,0.36,967,0.00,1.00,2,0.5000,17.00,106,0,0.00,33,8.27,5.82,5.49,15.10
266915,-1.56,0.00,2,14.36,13.52,8,14.66,189,0.36,0.37,952,0.00,1.00,2,0.5000,17.50,106,0,0.00,33,8.27,5.85,5.88,15.10
267018,-1.56,0.00,2,14.36,13.36,8,14.66,189,0.37,0.39,959,0.00,1.00,2,0.5000,17.00,106,0,0.00,33,8.56,6.24,6.27,15.00
267123,-1.56,0.00,2,14.36,13.44,8,14.66,189,0.38,0.40,954,0.00,1.00,2,0.5000,17.00,106,0,0.00,33,8.71,6.38,6.27,15.00
267227,-1.56,0.00,2,14.36,13.44,8,14.66,189,0.39,0.40,957,0.00,1.00,2,0.5000,17.00,106,0,0.00,33,8.85,6.42,6.27,14.80
267331,-0.78,0.00,2,14.36,13.44,8,14.66,189,0.39,0.40,969,0.00,1.00,2,0.5000,17.00,106,0,0.00,33,9.00,6.42,6.27,14.80
267434,-0.78,0.00,2,14.36,13.52,8,14.65,189,0.39,0.39,982,0.00,1.00,2,0.5000,16.50,106,0,0.00,33,9.00,6.42,6.27,15.20
267539,0.00,0.00,2,14.36,13.52,8,14.65,189,0.39,0.39,994,0.00,1.00,2,0.5000,16.50,106,0,0.00,33,9.00,6.45,6.27,15.10
267642,0.00,0.00,2,14.36,13.44,8,14.64,189,0.39,0.38,1008,0.00,1.00,2,0.5000,15.50,106,0,0.00,33,9.00,6.42,6.27,15.20
267747,0.78,0.00,2,14.36,13.52,8,14.65,189,0.38,0.38,1020,0.00,1.00,2,0.5000,15.00,106,0,0.00,33,8.85,6.42,6.27,15.20
267851,0.78,0.00,2,14.36,13.52,8,14.65,189,0.38,0.38,1003,0.00,1.00,2,0.5000,16.50,106,0,0.00,33,8.85,6.42,6.27,15.20
267955,0.78,0.00,2,14.36,13.60,8,14.65,189,0.38,0.39,1002,0.00,1.00,2,0.5000,16.50,106,0,0.00,33,8.85,6.45,6.27,15.10
268058,0.78,0.00,2,14.36,13.52,8,14.65,189,0.38,0.38,1012,0.00,1.00,2,0.5000,16.00,106,0,0.00,33,8.85,6.49,6.27,15.00
268162,0.78,0.00,2,14.36,13.52,8,14.64,189,0.38,0.38,1025,0.00,1.00,2,0.5000,19.00,106,0,0.00,33,8.85,6.49,6.27,14.90
268267,0.78,0.00,2,14.36,13.52,8,14.64,189,0.39,0.39,1048,0.00,1.00,2,0.5000,22.00,106,0,0.00,33,8.85,6.75,7.06,14.80
268371,0.78,0.00,2,14.36,13.52,8,14.63,189,0.39,0.40,1048,0.00,1.00,2,0.5000,24.00,106,0,0.00,33,9.00,7.15,7.45,14.70
268475,1.56,0.00,2,14.36,13.52,8,14.63,189,0.40,0.41,1064,0.00,1.00,2,0.5000,24.50,106,0,0.00,33,9.14,7.23,7.45,14.80
268578,2.34,0.00,2,14.36,13.60,8,14.63,189,0.40,0.40,1079,0.00,1.00,2,0.5000,24.50,106,0,0.00,33,9.29,7.38,7.45,14.90
268682,3.12,0.00,2,14.36,13.52,8,14.62,189,0.41,0.41,1098,0.00,0.99,2,0.5000,25.00,106,0,0.00,33,9.29,7.55,7.45,15.00
268787,4.69,0.00,2,14.36,13.44,8,14.62,189,0.41,0.41,1115,0.00,0.99,2,0.5000,25.00,106,0,0.00,33,9.29,7.61,7.45,15.30
268891,7.03,0.00,2,14.36,13.44,8,14.62,189,0.40,0.39,1131,0.00,1.00,2,0.5000,25.50,106,0,0.00,33,9.14,7.28,6.67,15.50
268994,7.81,0.00,2,14.36,13.52,8,14.62,189,0.38,0.36,1148,0.00,1.00,2,0.5000,25.00,106,0,0.00,33,8.85,6.92,6.67,15.50
269099,6.25,0.00,2,14.36,13.44,8,14.62,189,0.38,0.36,1147,0.00,1.00,2,0.5000,25.00,106,0,0.00,33,8.56,6.90,6.67,15.50
269202,5.47,0.00,2,14.36,13.36,8,14.62,189,0.37,0.36,1146,0.00,1.00,2,0.5000,24.50,106,0,0.00,33,8.42,6.94,6.67,15.40
269307,4.69,0.00,2,14.36,13.52,8,14.62,189,0.37,0.37,1138,0.00,1.00,2,0.5000,24.50,106,0,0.00,33,8.42,6.96,6.67,14.90
269411,4.69,0.00,2,14.36,13.44,8,14.62,189,0.37,0.37,1130,0.00,1.00,2,0.5000,24.50,106,0,0.00,33,8.42,6.93,6.67,16.10
269515,4.69,0.00,2,14.36,13.60,8,14.62,189,0.37,0.37,1126,0.00,1.00,2,0.5000,24.50,106,0,0.00,33,8.42,6.94,6.67,14.50
269619,4.69,0.00,2,14.36,13.52,8,14.62,189,0.37,0.37,1131,0.00,1.00,2,0.5000,24.50,106,0,0.00,33,8.42,6.98,6.67,14.40
269723,3.91,0.00,2,14.36,13.60,8,14.62,189,0.39,0.40,1139,0.00,1.00,2,0.5000,24.50,106,0,0.00,33,8.71,7.55,7.45,14.40
269827,4.69,0.00,2,14.36,13.52,8,14.62,189,0.40,0.41,1156,0.00,1.00,2,0.5000,25.50,106,0,0.00,33,9.00,7.97,8.24,14.40
269931,6.25,0.00,2,14.36,13.44,8,14.61,189,0.43,0.45,1172,0.00,0.91,2,0.5000,26.00,106,0,0.00,33,9.58,8.83,9.41,13.80
270035,8.59,0.00,2,14.36,13.52,8,14.60,189,0.44,0.47,1205,0.00,0.99,2,0.5000,27.00,106,0,0.00,33,10.16,9.29,9.41,15.10
270139,13.28,0.00,2,14.36,13.44,8,14.60,189,0.44,0.44,1247,0.00,0.99,2,0.5000,28.00,106,0,0.00,33,10.16,9.22,9.02,15.50
270243,14.84,0.00,2,14.36,13.36,8,14.60,189,0.44,0.43,1280,0.00,0.99,2,0.5000,28.50,106,0,0.00,33,10.16,9.32,9.02,15.80
270346,14.84,0.00,2,14.36,13.44,8,14.60,189,0.43,0.42,1304,0.00,0.99,2,0.5000,29.00,106,0,0.00,33,10.01,9.34,9.02,15.80
270451,14.84,0.00,2,14.36,13.36,8,14.59,189,0.43,0.42,1329,0.00,0.99,2,0.5000,29.00,106,0,0.00,33,9.87,9.45,9.02,15.40
270555,14.06,0.00,2,14.36,13.44,8,14.59,189,0.42,0.42,1360,0.00,0.99,2,0.5000,29.50,106,0,0.00,33,9.72,9.46,9.02,14.90
270659,13.28,0.00,2,14.36,13.52,8,14.59,189,0.42,0.42,1362,0.00,1.00,2,0.5000,29.50,106,0,0.00,33,9.72,9.75,9.02,15.40
270763,13.28,0.00,2,14.36,13.36,8,14.59,189,0.42,0.42,1378,0.00,1.00,2,0.5000,29.50,106,0,0.00,33,9.58,9.62,9.02,14.40
270867,12.50,0.00,2,14.36,13.36,8,14.59,189,0.43,0.42,1378,0.00,1.00,2,0.5000,29.50,106,0,0.00,33,9.58,9.79,9.02,14.40
270971,11.72,0.00,2,14.36,13.44,8,14.59,189,0.43,0.43,1364,0.00,1.00,2,0.5000,29.50,106,0,0.00,33,9.58,9.75,9.02,14.30
271075,10.94,0.00,2,14.36,13.44,8,14.59,189,0.42,0.42,1384,0.00,1.00,2,0.5000,30.00,106,0,0.00,33,9.43,9.75,9.02,14.30
271179,10.94,0.00,2,14.36,13.44,8,14.59,189,0.42,0.41,1372,0.00,1.00,2,0.5000,29.50,106,0,0.00,33,9.29,9.35,8.24,14.30
271283,9.38,0.00,2,14.36,13.52,8,14.59,189,0.41,0.40,1365,0.00,1.00,2,0.5000,29.00,106,0,0.00,33,9.00,9.11,8.24,14.20
271387,7.03,0.00,2,14.36,13.36,8,14.59,189,0.41,0.40,1368,0.00,1.00,2,0.5000,29.00,106,0,0.00,33,9.00,9.07,8.24,14.10
271491,5.47,0.00,2,14.36,13.44,8,14.59,189,0.40,0.40,1356,0.00,1.00,2,0.5000,28.50,106,0,0.00,33,8.85,9.07,8.24,13.90
271595,5.47,0.00,2,14.36,13.52,8,14.59,189,0.40,0.40,1370,0.00,1.00,2,0.5000,28.50,106,0,0.00,33,8.71,9.11,8.24,13.90
271699,4.69,0.00,2,14.36,13.52,8,14.59,189,0.40,0.40,1371,0.00,1.00,2,0.5000,28.50,106,0,0.00,33,8.71,9.16,8.24,13.90
271803,4.69,0.00,2,14.36,13.52,8,14.59,189,0.39,0.39,1359,0.00,1.00,2,0.5000,28.50,106,0,0.00,33,8.56,8.78,7.45,14.00
271908,3.91,0.00,2,14.36,13.44,8,14.59,189,0.37,0.36,1361,0.00,1.08,2,0.5000,27.50,106,0,0.00,33,7.84,7.56,5.88,14.20
272012,3.12,0.00,2,14.36,13.44,8,14.60,189,0.34,0.31,1335,0.00,1.06,2,0.5000,24.50,106,0,0.00,33,7.55,6.85,5.49,14.10
272115,1.56,0.00,2,14.36,13.44,8,14.60,189,0.33,0.31,1286,0.00,1.00,2,0.5000,22.00,106,0,0.00,33,7.25,6.64,5.49,14.00
272219,0.00,0.00,2,14.36,13.52,8,14.60,189,0.32,0.31,1273,0.00,1.00,2,0.5000,20.00,106,0,0.00,33,7.11,6.56,5.49,13.80
272323,-0.78,0.00,2,14.36,13.52,8,14.60,189,0.31,0.31,1275,0.00,1.00,2,0.5000,18.00,106,0,0.00,33,6.96,6.49,5.49,13.60
272427,-1.56,0.00,2,14.36,13.52,8,14.60,189,0.32,0.32,1260,0.00,1.00,2,0.5000,17.00,106,0,0.00,33,6.96,6.93,6.67,13.60
272531,-1.56,0.00,2,14.36,13.52,8,14.60,189,0.33,0.34,1254,0.00,1.00,2,0.5000,17.00,106,0,0.00,33,7.11,7.15,6.67,13.60
272635,-1.56,0.00,2,14.36,13.52,8,14.60,189,0.33,0.33,1242,0.00,1.00,2,0.5000,17.00,106,0,0.00,33,7.11,7.00,6.27,13.70
272739,-1.56,0.00,2,14.36,13.52,8,14.60,189,0.33,0.34,1230,0.00,1.00,2,0.5000,17.00,106,0,0.00,33,7.11,6.93,6.27,14.00
272843,-1.56,0.00,2,14.36,13.52,8,14.60,189,0.34,0.34,1232,0.00,1.00,2,0.5000,17.00,106,0,0.00,33,7.11,6.93,6.27,14.20
272948,-1.56,0.00,2,14.36,13.52,8,14.60,189,0.34,0.34,1240,0.00,1.00,2,0.5000,17.00,106,0,0.00,33,7.11,6.93,6.27,14.20
273051,-1.56,0.00,2,14.36,13.52,8,14.60,189,0.34,0.34,1230,0.00,1.00,2,0.5000,17.00,106,0,0.00,33,7.11,6.85,6.27,14.30
273155,-2.34,0.00,2,14.36,13.44,8,14.60,189,0.34,0.34,1226,0.00,1.00,2,0.5000,17.00,106,0,0.00,33,7.11,6.85,6.27,14.30
273259,-2.34,0.00,2,14.36,13.52,8,14.60,189,0.34,0.34,1226,0.00,1.00,2,0.5000,18.00,106,0,0.00,33,7.25,6.85,6.27,14.30
273363,-2.34,0.00,2,14.36,13.52,8,14.60,189,0.34,0.33,1220,0.00,1.00,2,0.5000,21.50,106,0,0.00,33,7.25,6.85,6.27,14.30
273467,-2.34,0.00,2,14.36,13.52,8,14.60,189,0.34,0.35,1225,0.00,1.00,2,0.5000,24.50,106,0,0.00,33,7.40,7.26,7.45,14.30
273571,-2.34,0.00,2,14.36,13.44,8,14.60,189,0.36,0.38,1240,0.00,0.92,2,0.5000,25.50,106,0,0.00,33,7.84,8.09,8.24,14.30
273676,-1.56,0.00,2,14.36,13.44,8,14.60,189,0.39,0.41,1268,0.00,0.91,2,0.5000,26.00,106,0,0.00,33,8.56,8.70,9.02,14.50
273779,2.34,0.00,2,14.36,13.52,8,14.59,189,0.40,0.42,1310,0.00,0.99,2,0.5000,27.00,106,0,0.00,33,9.00,9.11,9.02,14.80
273884,7.03,0.00,2,14.36,13.68,8,14.59,189,0.40,0.41,1344,0.00,0.99,2,0.5000,28.50,106,0,0.00,33,9.14,9.12,9.02,15.30
273987,9.38,0.00,2,14.36,13.52,8,14.59,189,0.38,0.37,1438,0.00,0.99,2,0.5000,29.00,106,0,0.00,33,8.71,8.83,8.24,15.80
274092,10.94,0.00,2,14.36,13.52,8,14.59,189,0.37,0.36,1451,0.00,0.99,2,0.5000,29.50,106,0,0.00,33,8.56,8.88,8.63,15.90
274196,8.59,0.00,2,14.36,13.60,8,14.59,189,0.37,0.38,1462,0.00,0.99,2,0.5000,29.00,106,0,0.00,33,8.56,9.08,8.63,15.80
274300,7.81,0.00,2,14.36,13.60,8,14.59,189,0.37,0.37,1449,0.00,0.99,2,0.5000,29.00,106,0,0.00,33,8.42,9.01,8.63,15.10
274404,7.81,0.00,2,14.36,13.52,8,14.59,189,0.37,0.37,1464,0.00,0.99,2,0.5000,29.00,106,0,0.00,33,8.42,9.07,8.63,13.90
274507,7.81,0.00,2,14.36,13.52,8,14.58,189,0.37,0.37,1457,0.00,0.99,2,0.5000,29.00,106,0,0.00,33,8.42,9.08,8.63,14.40
274612,7.81,0.00,2,14.36,13.60,8,14.58,189,0.37,0.37,1479,0.00,0.99,2,0.5000,29.50,106,0,0.00,33,8.27,8.96,8.63,14.40
274716,7.03,0.00,2,14.36,13.52,8,14.58,189,0.37,0.37,1476,0.00,0.99,2,0.5000,29.00,106,0,0.00,33,8.27,9.06,8.63,14.40
274819,7.03,0.00,2,14.36,13.60,8,14.58,189,0.37,0.37,1498,0.00,0.99,2,0.5000,29.50,106,0,0.00,33,8.27,9.17,8.63,14.30
274924,7.03,0.00,2,14.36,13.44,8,14.58,189,0.36,0.36,1492,0.00,0.99,2,0.5000,29.50,106,0,0.00,33,8.13,9.04,8.24,14.40
275028,7.03,0.00,2,14.36,13.52,8,14.58,189,0.36,0.35,1498,0.00,0.99,2,0.5000,29.50,106,0,0.00,33,8.13,8.84,7.84,14.30
275131,6.25,0.00,2,14.36,13.60,8,14.58,189,0.36,0.34,1506,0.00,0.99,2,0.5000,29.00,106,0,0.00,33,7.98,8.77,8.24,14.30
275236,5.47,0.00,3,14.36,13.52,8,14.58,189,0.39,0.41,1497,0.00,0.90,2,0.5000,29.50,106,0,0.00,33,8.56,10.39,10.59,14.30
275340,5.47,0.00,3,14.36,13.52,8,14.58,189,0.42,0.45,1542,0.00,0.91,2,0.5000,31.00,106,0,0.00,33,9.58,11.66,11.76,14.30
275444,8.59,0.00,3,14.36,13.44,8,14.57,189,0.44,0.46,1599,0.00,0.99,2,0.5000,34.00,106,0,0.00,33,10.01,12.32,12.16,16.20
275548,10.94,0.78,3,14.36,13.36,8,14.57,189,0.45,0.46,1624,0.00,0.99,2,0.5000,35.00,106,0,0.00,33,10.16,12.39,12.16,15.40
275652,14.06,0.78,3,14.36,13.44,8,14.57,189,0.45,0.45,1645,0.00,0.99,2,0.5000,35.50,106,0,0.00,33,10.16,12.44,12.16,15.60
275756,15.62,0.78,3,14.36,13.60,8,14.57,189,0.45,0.44,1663,0.00,0.99,2,0.5000,35.50,106,0,0.00,33,10.01,12.28,11.76,15.70
275860,14.84,0.78,3,14.36,13.52,8,14.57,189,0.44,0.44,1685,0.00,0.99,2,0.5000,35.50,106,0,0.00,33,10.01,12.50,11.76,15.20
275964,14.84,0.78,3,14.36,13.36,8,14.57,189,0.44,0.44,1699,0.00,0.99,2,0.5000,35.50,106,0,0.00,33,9.87,12.60,11.76,14.90
276068,15.62,1.56,3,14.36,13.44,8,14.57,189,0.44,0.44,1720,0.00,0.99,2,0.5000,36.00,106,0,0.00,33,9.87,12.66,11.76,14.80
276172,15.62,1.56,3,14.36,13.44,8,14.57,189,0.44,0.44,1725,0.00,0.99,2,0.5000,36.00,106,0,0.00,33,9.87,12.72,11.76,14.60
276276,15.62,1.56,3,14.36,13.52,8,14.57,189,0.44,0.44,1737,0.00,0.99,2,0.5000,36.00,106,0,0.00,33,9.72,12.77,11.76,14.60
276380,15.62,1.56,3,14.36,13.52,8,14.57,189,0.44,0.45,1740,0.00,0.99,2,0.5000,36.50,106,0,0.00,33,9.72,13.00,11.76,14.60
276484,14.84,1.56,3,14.36,13.36,8,14.57,189,0.44,0.44,1757,0.00,0.99,2,0.5000,36.50,106,1,0.00,33,9.72,12.94,11.76,14.50
276588,14.84,3.91,3,14.36,13.44,8,14.57,189,0.44,0.44,1759,0.00,0.99,2,0.5000,36.50,106,1,0.00,33,9.72,13.05,11.76,14.40
276692,14.06,3.91,3,14.36,13.52,8,14.57,189,0.44,0.44,1767,0.00,0.99,2,0.5000,36.50,106,1,0.00,33,9.72,13.15,12.16,14.40
276796,14.06,3.91,3,14.36,13.60,8,14.57,189,0.48,0.48,1786,0.00,0.92,2,0.5000,37.50,106,2,0.00,33,10.45,15.11,15.29,14.30
276900,16.41,3.91,3,14.36,13.44,8,14.58,189,0.52,0.56,1825,0.00,0.93,2,0.5000,40.00,106,2,0.00,33,12.19,17.11,18.82,14.60
277004,21.09,3.91,3,14.36,13.52,8,14.58,189,0.53,0.55,1906,0.00,0.99,2,0.5000,42.00,106,2,0.00,33,12.62,17.16,19.61,15.60
277108,25.00,3.91,3,14.36,13.44,8,14.58,189,0.53,0.53,1945,0.00,0.99,2,0.5000,42.50,106,2,0.00,33,12.62,17.15,19.61,15.90
277212,25.00,3.91,3,14.36,13.36,8,14.58,189,0.53,0.53,1968,0.00,0.99,2,0.5000,42.50,106,2,0.00,34,12.62,17.49,19.61,16.40
277316,25.00,3.91,3,14.36,13.52,8,14.58,189,0.53,0.53,2009,0.00,0.99,2,0.5000,42.50,106,3,0.00,34,12.62,17.63,19.61,16.20
277420,25.00,3.91,3,14.36,13.52,8,14.58,189,0.53,0.53,2010,0.00,0.99,2,0.5000,42.50,106,3,0.00,34,12.48,17.78,19.22,16.00
277524,25.00,3.91,3,14.36,13.52,8,14.58,189,0.50,0.51,2037,0.00,1.05,2,0.5000,42.50,106,3,0.00,34,11.46,16.95,17.65,15.90
277628,24.22,3.91,3,14.36,13.44,8,14.57,189,0.41,0.35,2004,0.00,1.14,2,0.5000,38.50,106,3,0.00,34,8.71,11.43,7.45,15.90
277732,21.88,3.91,2,14.36,13.52,8,14.56,189,0.34,0.31,1901,0.00,1.12,2,0.5000,32.00,106,5,0.00,34,7.40,9.06,6.27,15.80
277836,17.97,3.12,2,14.36,13.52,8,14.56,189,0.30,0.27,1822,0.00,1.00,2,0.5000,28.50,106,5,0.00,34,6.38,8.23,5.88,12.80
277940,13.28,3.12,2,14.36,13.44,8,14.56,189,0.29,0.27,1797,0.00,1.00,2,0.5000,26.50,106,5,0.00,34,5.95,8.07,5.88,11.80
278043,0.00,3.12,2,14.36,13.04,10,14.57,189,0.28,0.27,1736,0.00,1.00,2,0.5000,23.50,106,5,0.00,34,5.66,7.87,5.88,11.50
278149,0.00,3.12,2,14.36,12.88,10,14.57,189,0.28,0.27,1689,0.00,1.00,2,0.5000,22.00,106,6,0.00,34,5.66,7.72,5.49,11.80
278252,0.00,2.34,2,14.36,13.52,10,14.57,189,0.28,0.27,1669,0.00,0.99,2,0.5000,21.50,106,6,0.00,34,5.66,7.56,5.49,12.30
278356,0.00,2.34,2,14.36,13.52,10,14.58,189,0.28,0.28,1602,0.00,0.99,2,0.5000,5.00,106,7,0.00,34,5.66,7.40,5.49,13.30
278460,0.00,2.34,2,14.36,13.52,10,14.60,187,0.31,0.32,1270,0.00,0.87,2,0.5000,17.50,106,8,0.00,34,5.80,7.33,5.49,14.00
278564,0.00,2.34,2,14.36,13.52,10,14.65,187,0.35,0.41,1072,0.00,0.84,2,0.5000,22.00,106,8,0.00,34,6.24,7.18,5.49,16.00
278668,0.00,2.34,2,14.36,13.44,10,14.68,187,0.39,0.46,883,0.00,0.85,3,0.5000,22.00,106,2,0.00,34,6.67,6.82,4.71,15.70
278772,0.00,2.34,2,14.36,13.52,10,14.68,187,0.41,0.50,810,0.00,0.91,3,0.5000,22.00,106,1,0.00,34,7.25,6.64,4.71,17.40
278876,0.00,2.34,2,14.36,13.52,10,14.64,187,0.40,0.39,1018,0.00,1.00,3,0.5000,12.00,106,0,0.00,34,7.40,6.56,4.71,21.60
278980,0.00,0.00,2,14.36,13.60,10,14.63,187,0.38,0.37,1054,0.00,1.00,3,0.5000,12.00,106,0,0.00,34,7.25,6.38,4.71,29.20
279084,0.00,0.00,2,14.36,13.60,10,14.62,187,0.36,0.34,1114,0.00,1.06,3,0.5000,17.00,106,0,0.00,34,6.96,6.24,4.71,22.20
279189,0.00,0.00,2,14.36,13.52,10,14.62,187,0.34,0.32,1142,0.00,1.00,3,0.5000,17.00,106,0,0.00,34,6.67,6.08,4.31,17.80
279292,0.00,0.00,2,14.36,13.44,10,14.62,187,0.33,0.32,1126,0.00,1.00,3,0.5000,17.00,106,0,0.00,34,6.53,6.01,4.31,12.50
279396,-1.56,0.00,2,14.36,13.44,8,14.63,187,0.33,0.33,1096,0.00,1.00,3,0.5000,17.00,106,0,0.00,34,6.38,5.95,4.71,11.80
279500,-4.69,0.00,2,14.36,13.60,8,14.63,187,0.33,0.33,1077,0.00,1.00,3,0.5000,17.00,106,0,0.00,34,6.38,5.91,4.71,11.70
279604,-8.59,0.00,2,14.36,13.60,8,14.63,187,0.33,0.33,1065,0.00,1.00,3,0.5000,15.50,106,0,0.00,34,6.53,5.88,4.71,11.60
279708,-11.72,0.00,2,14.36,13.60,8,14.64,187,0.33,0.33,1068,0.00,1.00,3,0.5000,15.50,106,0,0.00,34,6.53,5.82,4.71,11.70
279812,-12.50,0.00,2,14.36,13.60,8,14.64,187,0.33,0.33,1043,0.00,1.00,3,0.5000,16.50,106,0,0.00,34,6.53,5.75,4.31,11.80
279917,-14.06,1.56,1,14.36,13.52,8,14.65,187,0.33,0.33,1009,0.00,1.00,3,0.5000,17.50,106,0,0.00,34,6.53,5.56,4.31,11.90
280020,-14.84,1.56,1,14.36,13.60,8,14.65,187,0.33,0.34,984,0.00,1.00,3,0.5000,19.50,106,0,0.00,34,6.53,5.53,4.31,11.90
280124,-15.62,0.00,2,14.36,13.52,8,14.66,187,0.34,0.35,972,0.00,1.00,3,0.5000,20.00,106,0,0.00,34,6.67,5.72,4.71,12.20
280228,-16.41,0.00,2,14.36,13.60,8,14.66,187,0.35,0.37,942,0.00,1.00,3,0.5000,22.00,106,0,0.00,34,6.82,5.75,4.71,12.40
280332,-17.19,0.00,2,14.36,13.60,8,14.66,187,0.35,0.37,932,0.00,1.00,3,0.5000,22.00,106,0,0.00,34,7.11,5.75,4.71,12.70
280436,-17.97,0.00,2,14.36,13.44,8,14.66,187,0.36,0.36,940,0.00,1.00,3,0.5000,21.00,106,0,0.00,34,7.25,5.69,4.71,12.70
280540,-17.97,0.00,2,14.36,13.52,8,14.66,187,0.36,0.37,920,0.00,1.00,3,0.5000,22.00,106,0,0.00,34,7.25,5.62,4.71,12.90
280644,-18.75,1.56,1,14.36,13.52,8,14.67,187,0.36,0.36,918,0.00,1.00,3,0.5000,21.50,106,0,0.00,34,7.40,5.56,4.71,13.10
280749,-17.97,1.56,1,14.36,13.68,8,14.66,187,0.36,0.36,924,0.00,1.00,3,0.5000,21.50,106,0,0.00,34,7.40,5.46,4.71,13.30
280852,-17.97,0.00,2,14.36,13.68,8,14.66,187,0.36,0.37,951,0.00,1.00,3,0.5000,17.50,106,0,0.00,34,7.69,5.79,5.49,13.60
280956,-17.97,0.00,2,14.36,13.60,8,14.65,187,0.36,0.36,990,0.00,1.00,3,0.5000,16.50,108,0,0.00,34,7.69,5.95,5.49,13.80
281060,-17.97,0.00,2,14.36,13.60,8,14.64,187,0.35,0.35,1043,0.00,1.00,3,0.5000,13.00,108,0,0.00,34,7.69,6.01,5.49,14.00
281164,-17.19,0.00,2,14.36,13.52,8,14.63,187,0.35,0.35,1044,0.00,1.00,3,0.5000,13.00,108,0,0.00,34,7.69,6.04,5.49,14.40
281269,-15.62,0.00,2,14.36,13.52,8,14.62,187,0.34,0.34,1086,0.00,1.00,3,0.5000,19.00,108,0,0.00,34,7.55,6.08,5.88,14.00
281372,-14.06,0.00,2,14.36,13.60,8,14.60,187,0.34,0.33,1170,0.00,1.00,3,0.5000,22.00,108,0,0.00,34,7.55,6.60,6.67,15.30
281477,-11.72,0.00,2,14.36,13.60,8,14.60,187,0.34,0.34,1211,0.00,1.00,3,0.5000,24.50,108,0,0.00,34,7.69,7.01,7.06,15.30
281580,-10.16,0.00,2,14.36,13.52,8,14.60,187,0.34,0.34,1272,0.00,1.00,3,0.5000,25.00,108,0,0.00,34,7.69,7.16,7.06,15.70
281684,-7.81,0.00,2,14.36,13.52,8,14.60,187,0.34,0.34,1291,0.00,1.00,3,0.5000,25.50,108,0,0.00,34,7.69,7.38,7.45,16.20
281788,-2.34,0.00,2,14.36,13.60,8,14.60,187,0.35,0.36,1288,0.00,1.00,2,0.5000,26.00,108,0,0.00,34,7.98,7.86,8.24,16.70
281892,2.34,0.00,2,14.36,13.60,8,14.60,187,0.38,0.39,1304,0.00,0.92,2,0.5000,26.50,108,0,0.00,34,8.42,8.75,9.02,16.90
281997,6.25,0.00,3,14.36,13.44,8,14.59,187,0.41,0.44,1333,0.00,0.89,2,0.5000,27.50,108,0,0.00,34,9.29,9.90,10.98,16.80
282100,10.16,0.00,3,14.36,13.52,8,14.59,187,0.43,0.46,1377,0.00,0.99,2,0.5000,29.00,108,0,0.00,34,9.87,10.57,10.98,16.80
282204,14.06,0.00,3,14.36,13.44,8,14.59,187,0.44,0.44,1429,0.00,0.99,2,0.5000,31.00,108,0,0.00,34,10.01,10.58,10.98,16.90
282309,14.06,0.78,3,14.36,13.52,8,14.58,187,0.43,0.43,1484,0.00,0.99,2,0.5000,32.00,108,0,0.00,34,10.01,10.59,10.98,16.50
282413,14.84,0.78,3,14.36,13.60,8,14.58,187,0.42,0.42,1524,0.00,0.99,2,0.5000,32.00,108,0,0.00,34,9.87,10.59,10.98,16.10
282517,14.06,0.78,3,14.36,13.60,8,14.58,187,0.42,0.42,1532,0.00,0.99,2,0.5000,32.00,108,0,0.00,34,9.72,10.57,10.59,15.50
282621,13.28,0.78,3,14.36,13.44,8,14.58,187,0.41,0.39,1547,0.00,0.99,2,0.5000,32.00,108,0,0.00,34,9.29,10.15,9.80,15.20
282725,11.72,0.78,3,14.36,13.44,8,14.58,187,0.41,0.40,1536,0.00,0.99,2,0.5000,31.50,108,0,0.00,34,9.29,10.30,9.80,16.40
282829,11.72,1.56,3,14.36,13.52,8,14.58,185,0.41,0.41,1513,0.00,0.99,2,0.5000,31.00,108,0,0.00,34,9.29,10.42,9.80,14.40
282933,11.72,1.56,3,14.36,13.52,8,14.58,185,0.42,0.42,1524,0.00,0.99,2,0.5000,31.50,108,0,0.00,34,9.43,10.83,10.98,14.30
283037,11.72,1.56,3,14.36,13.60,8,14.58,185,0.44,0.46,1522,0.00,0.99,2,0.5000,32.50,108,0,0.00,34,10.01,11.83,11.76,14.40
283140,13.28,1.56,3,14.36,13.44,8,14.58,185,0.46,0.47,1547,0.00,0.99,2,0.5000,34.00,108,1,0.00,34,10.16,12.07,12.16,13.90
283245,14.84,1.56,3,14.36,13.36,8,14.58,185,0.46,0.46,1588,0.00,0.99,2,0.5000,35.00,108,1,0.00,34,10.30,12.26,12.16,15.00
283349,14.84,3.91,3,14.36,13.52,8,14.57,185,0.46,0.46,1619,0.00,0.99,2,0.5000,35.50,108,1,0.00,34,10.30,12.38,12.16,15.00
283453,14.06,3.91,3,14.36,13.52,8,14.57,185,0.46,0.45,1624,0.00,0.99,2,0.5000,35.50,108,1,0.00,34,10.16,12.35,12.16,15.00
283557,13.28,3.91,3,14.36,13.52,8,14.57,185,0.46,0.45,1636,0.00,0.99,2,0.5000,35.50,108,1,0.00,34,10.16,12.42,11.76,14.50
283661,12.50,3.91,3,14.36,13.44,8,14.57,185,0.46,0.46,1640,0.00,0.99,2,0.5000,35.50,108,2,0.00,34,10.16,12.55,11.76,14.30
283765,12.50,3.91,3,14.36,13.44,8,14.57,185,0.46,0.46,1643,0.00,0.99,2,0.5000,36.00,108,2,0.00,34,10.01,12.69,11.76,14.40
283869,11.72,3.91,3,14.36,13.44,8,14.57,185,0.46,0.46,1659,0.00,0.99,2,0.5000,36.00,108,2,0.00,34,10.16,12.65,11.76,14.30
283973,11.72,3.91,3,14.36,13.52,8,14.57,185,0.46,0.46,1662,0.00,0.99,2,0.5000,36.00,108,2,0.00,34,10.01,12.83,11.76,14.30
284077,10.94,3.91,3,14.36,13.60,8,14.57,185,0.46,0.47,1661,0.00,0.99,2,0.5000,36.00,108,2,0.00,34,10.16,12.85,11.76,14.30
284181,10.94,3.91,3,14.36,13.36,8,14.57,185,0.46,0.46,1652,0.00,0.99,2,0.5000,36.00,108,3,0.00,34,10.01,12.85,11.76,14.30
284285,10.16,3.91,3,14.36,13.44,8,14.57,185,0.46,0.46,1656,0.00,0.99,2,0.5000,36.00,108,3,0.00,34,10.16,12.79,11.76,14.30
284389,10.16,3.91,3,14.36,13.44,8,14.57,185,0.47,0.47,1660,0.00,0.99,2,0.5000,36.50,108,4,0.00,34,10.01,13.07,11.76,14.30
284493,10.16,3.91,3,14.36,13.60,8,14.57,185,0.46,0.46,1665,0.00,0.99,2,0.5000,36.50,108,4,0.00,34,10.01,12.96,11.76,14.40
284597,9.38,3.91,3,14.36,13.52,8,14.57,185,0.46,0.45,1668,0.00,0.99,2,0.5000,36.00,108,4,0.00,34,9.87,12.47,10.98,14.40
284701,8.59,3.91,3,14.36,13.44,8,14.57,185,0.45,0.44,1678,0.00,0.99,2,0.5000,36.00,108,4,0.00,34,9.58,12.41,10.98,14.40
284805,7.81,3.91,3,14.36,13.44,8,14.57,185,0.43,0.42,1664,0.00,1.00,2,0.5000,35.00,108,5,0.00,34,9.14,11.44,9.02,14.20
284909,5.47,3.91,2,14.36,13.44,8,14.57,185,0.39,0.37,1631,0.00,1.06,2,0.5000,33.00,108,5,0.00,34,8.13,9.70,7.06,14.10
285013,1.56,3.12,2,14.36,13.52,8,14.58,185,0.37,0.35,1560,0.00,1.00,2,0.5000,31.00,108,5,0.00,34,7.55,8.89,6.67,13.90
285117,-1.56,3.12,2,14.36,13.60,8,14.58,185,0.35,0.33,1498,0.00,1.00,2,0.5000,29.00,108,6,0.00,34,7.11,8.27,5.88,13.50
285220,-3.12,3.12,2,14.36,13.52,8,14.59,185,0.32,0.30,1466,0.00,1.00,2,0.5000,26.00,106,6,0.00,34,6.67,7.22,5.49,13.20
285326,-6.25,3.12,2,14.36,13.44,8,14.59,185,0.31,0.29,1414,0.00,1.00,2,0.5000,23.50,108,6,0.00,34,6.38,6.78,5.10,13.00
285431,-9.38,3.12,2,14.36,13.52,8,14.59,185,0.30,0.29,1405,0.00,1.00,2,0.5000,21.50,108,6,0.00,34,6.09,6.67,5.10,12.70
285536,0.00,2.34,2,14.36,13.52,10,14.59,185,0.29,0.29,1368,0.00,1.00,2,0.5000,19.50,108,6,0.00,34,5.95,6.53,5.10,12.30
285639,0.00,2.34,2,14.36,13.52,10,14.60,185,0.29,0.30,1307,0.00,1.00,2,0.5000,17.50,106,7,0.00,34,5.95,6.42,4.71,12.40
285743,0.00,2.34,2,14.36,13.52,10,14.60,185,0.30,0.30,1252,0.00,1.00,2,0.5000,17.00,106,6,0.00,34,5.95,6.35,4.71,12.70
285848,0.00,2.34,2,14.36,13.68,10,14.60,185,0.30,0.31,1223,0.00,1.00,2,0.5000,17.00,106,1,0.00,34,5.95,6.20,4.71,13.20
285952,0.00,2.34,2,14.36,13.52,10,14.62,185,0.31,0.31,1158,0.00,1.00,2,0.5000,17.00,106,0,0.00,34,5.95,6.08,4.71,13.60
286056,0.00,2.34,2,14.36,13.52,10,14.65,185,0.33,0.35,1048,0.00,0.91,2,0.5000,22.00,106,0,0.00,34,6.24,6.27,5.10,14.10
286160,0.00,1.56,2,14.36,13.68,10,14.62,185,0.33,0.36,1082,0.00,0.97,2,0.5000,17.00,106,0,0.00,34,6.67,6.42,5.49,17.80
286264,0.00,0.00,2,14.36,13.44,10,14.60,185,0.33,0.32,1181,0.00,0.97,2,0.5000,18.50,106,0,0.00,34,6.67,6.42,5.49,17.90
286368,0.00,0.00,2,14.36,13.68,10,14.60,185,0.34,0.35,1284,0.00,0.97,2,0.5000,23.00,106,0,0.00,34,7.11,7.52,7.45,18.70
286472,0.00,0.00,2,14.36,13.52,10,14.59,185,0.37,0.38,1344,0.00,0.97,2,0.5000,26.50,106,0,0.00,34,7.84,8.71,9.02,13.30
286575,-3.12,0.00,2,14.36,13.44,8,14.59,185,0.40,0.43,1364,0.00,0.91,2,0.5000,28.00,106,0,0.00,34,8.42,9.73,9.41,12.70
286680,-7.81,0.00,2,14.36,13.44,8,14.59,185,0.41,0.43,1389,0.00,0.99,2,0.5000,29.00,106,0,0.00,34,8.85,9.78,9.41,12.90
286784,-1.56,0.00,3,14.36,13.60,8,14.59,185,0.42,0.44,1378,0.00,0.99,2,0.5000,29.50,106,0,0.00,34,9.14,10.02,9.41,13.70
286888,2.34,0.00,3,14.36,13.60,8,14.59,185,0.43,0.44,1366,0.00,0.99,2,0.5000,29.50,106,0,0.00,34,9.29,10.07,9.41,12.90
286992,5.47,0.00,2,14.36,13.36,8,14.59,185,0.43,0.43,1403,0.00,0.99,2,0.5000,30.00,106,0,0.00,34,9.29,9.83,9.41,15.80
287096,6.25,0.00,2,14.36,13.44,8,14.59,185,0.42,0.42,1419,0.00,0.99,2,0.5000,30.50,106,0,0.00,34,9.29,9.89,9.41,16.10
287200,5.47,0.00,3,14.36,13.44,8,14.59,185,0.42,0.41,1453,0.00,0.99,2,0.5000,30.50,106,0,0.00,34,9.29,10.03,9.41,15.60
287304,4.69,0.00,3,14.36,13.44,8,14.59,185,0.43,0.44,1448,0.00,0.99,2,0.5000,31.00,106,0,0.00,34,9.43,10.73,10.59,15.20
287408,5.47,0.00,3,14.36,13.04,8,14.58,185,0.44,0.45,1480,0.00,0.99,2,0.5000,32.00,106,0,0.00,34,9.72,11.04,10.59,14.90
287512,5.47,0.78,3,14.36,13.52,8,14.58,185,0.46,0.47,1472,0.00,0.99,2,0.5000,32.50,106,0,0.00,34,10.16,11.74,11.76,14.50
287616,8.59,0.78,3,14.36,13.52,8,14.58,185,0.46,0.45,1505,0.00,0.99,2,0.5000,33.50,106,0,0.00,34,10.01,11.32,10.98,14.80
287720,10.16,0.78,3,14.36,13.36,8,14.58,185,0.47,0.47,1531,0.00,0.99,2,0.5000,34.00,106,0,0.00,34,10.45,12.04,12.16,15.40
287824,10.16,0.78,3,14.36,13.36,8,14.58,185,0.48,0.50,1509,0.00,0.99,2,0.5000,34.50,106,0,0.00,34,10.59,12.55,12.16,15.30
287928,11.72,0.78,3,14.36,13.52,8,14.58,185,0.49,0.50,1506,0.00,0.99,2,0.5000,35.00,106,1,0.00,34,10.88,12.63,12.55,15.40
288032,13.28,1.56,3,14.36,13.52,8,14.58,185,0.50,0.51,1501,0.00,0.99,2,0.5000,35.50,106,1,0.00,34,11.03,12.70,12.55,15.40
288136,12.50,1.56,3,14.36,13.52,8,14.58,185,0.50,0.50,1528,0.00,0.99,2,0.5000,36.00,106,1,0.00,34,11.03,12.73,12.55,14.80
288240,12.50,1.56,3,14.36,13.36,8,14.58,185,0.50,0.49,1558,0.00,0.99,2,0.5000,36.50,106,1,0.00,34,11.03,12.86,12.55,14.70
288344,11.72,1.56,3,14.36,13.44,8,14.58,185,0.50,0.50,1554,0.00,0.99,2,0.5000,36.50,106,1,0.00,34,11.03,12.93,12.94,14.40
288448,12.50,1.56,3,14.36,13.60,8,14.58,185,0.50,0.50,1564,0.00,0.99,2,0.5000,37.00,106,1,0.00,34,11.17,13.44,13.33,14.50
288552,13.28,3.91,3,14.36,13.52,8,14.58,185,0.50,0.50,1589,0.00,0.99,2,0.5000,37.50,106,1,0.00,34,11.17,13.30,13.33,14.40
288656,12.50,3.91,3,14.36,13.44,8,14.58,185,0.50,0.51,1603,0.00,0.99,2,0.5000,38.00,106,2,0.00,34,11.17,13.46,13.33,14.60
288761,12.50,3.91,3,14.36,13.36,8,14.58,185,0.50,0.50,1599,0.00,0.99,2,0.5000,37.50,106,2,0.00,34,11.17,13.46,12.94,14.50
288865,11.72,3.91,3,14.36,13.44,8,14.58,185,0.51,0.51,1600,0.00,0.99,2,0.5000,37.50,106,3,0.00,34,11.17,13.68,13.73,14.40
288969,12.50,3.91,3,14.36,13.52,8,14.58,185,0.51,0.52,1609,0.00,0.99,2,0.5000,38.00,106,3,0.00,34,11.32,13.91,14.12,14.40
289073,13.28,3.91,3,14.36,13.52,8,14.58,185,0.52,0.53,1634,0.00,0.99,2,0.5000,39.00,106,3,0.00,34,11.61,14.30,14.90,14.50
289178,14.06,3.91,3,14.36,13.52,8,14.58,185,0.53,0.54,1650,0.00,0.99,2,0.5000,39.50,106,3,0.00,34,11.75,14.69,15.29,14.70
289281,14.84,3.91,3,14.36,13.44,8,14.58,185,0.53,0.54,1676,0.00,0.99,2,0.5000,40.00,106,3,0.00,34,11.90,14.85,15.69,15.00
289385,16.41,3.91,3,14.36,13.44,8,14.58,185,0.53,0.53,1703,0.00,0.99,2,0.5000,40.00,106,4,0.00,34,11.75,14.91,15.29,15.10
289489,16.41,3.91,3,14.36,13.44,8,14.58,185,0.53,0.53,1705,0.00,0.99,2,0.5000,40.00,106,4,0.00,34,11.75,15.03,15.29,14.90
289594,17.19,3.91,3,14.36,13.44,8,14.58,185,0.53,0.53,1718,0.00,0.99,2,0.5000,40.00,106,5,0.00,34,11.75,15.09,15.29,14.90
289697,17.19,3.91,3,14.36,13.44,8,14.58,185,0.53,0.53,1728,0.00,0.99,2,0.5000,40.00,106,5,0.00,34,11.75,15.27,15.29,14.80
289801,17.97,3.91,3,14.36,13.28,8,14.58,185,0.53,0.53,1741,0.00,0.99,2,0.5000,40.50,106,6,0.00,34,11.61,15.44,15.29,14.80
289905,17.97,3.91,3,14.36,13.44,8,14.58,185,0.55,0.56,1768,0.00,0.99,2,0.5000,41.00,106,6,0.00,34,12.19,16.60,17.25,14.80
290009,19.53,3.91,3,14.36,13.52,8,14.58,185,0.57,0.59,1792,0.00,0.99,2,0.5000,41.50,106,6,0.00,34,12.91,17.48,20.00,15.00
290113,23.44,3.91,3,14.36,13.52,8,14.58,185,0.58,0.59,1829,0.00,0.99,2,0.5000,41.00,106,6,0.00,34,13.20,17.95,21.18,15.30
290217,25.00,3.91,3,14.36,13.44,8,14.58,185,0.58,0.57,1868,0.00,0.99,2,0.5000,41.50,106,7,0.00,34,13.20,17.94,21.18,15.70
290321,25.00,3.91,3,14.36,13.44,8,14.58,185,0.57,0.57,1887,0.00,0.99,2,0.5000,41.50,106,7,0.00,34,13.35,18.09,21.18,15.70
290426,25.00,3.91,3,14.36,12.40,8,14.58,185,0.57,0.57,1920,0.00,0.99,2,0.5000,41.50,106,7,0.00,34,13.20,18.09,21.18,15.50
290529,25.00,3.91,3,14.36,12.64,8,14.58,185,0.58,0.57,1924,0.00,0.99,2,0.5000,42.00,106,8,0.00,34,13.35,18.55,21.57,15.40
290633,25.00,3.91,3,14.36,13.60,8,14.58,185,0.58,0.58,1902,0.00,0.99,2,0.5000,41.50,106,9,0.00,34,13.49,18.84,21.96,15.60
290737,25.00,3.91,3,14.36,13.36,8,14.57,185,0.61,0.63,1916,0.00,0.99,2,0.5000,41.00,106,9,0.00,34,14.22,20.05,28.24,15.60
290841,25.00,3.91,3,14.36,13.36,8,14.57,185,0.61,0.62,1957,0.00,0.99,2,0.5000,40.50,106,9,0.00,34,14.36,20.13,30.20,16.30
290945,25.00,3.91,3,14.36,13.36,8,14.57,185,0.62,0.61,1972,0.00,0.99,2,0.5000,40.50,106,9,0.00,34,14.36,20.47,30.20,16.30
291049,25.00,3.91,3,14.36,13.52,8,14.57,185,0.62,0.62,2009,0.00,0.99,2,0.5000,40.50,106,9,0.00,34,14.51,20.89,30.20,16.10
291154,25.00,3.91,3,14.36,13.44,8,14.57,185,0.62,0.62,2014,0.00,0.99,2,0.5000,40.50,106,10,0.00,34,14.51,21.06,30.20,16.40
291258,25.00,3.91,3,14.36,13.44,8,14.57,185,0.62,0.63,2048,0.00,0.99,2,0.5000,40.50,106,10,0.00,34,14.51,21.32,30.20,16.50
291361,25.00,3.91,3,14.36,13.44,8,14.57,185,0.63,0.62,2046,0.00,0.99,2,0.5000,40.50,106,11,0.00,34,14.51,21.40,30.20,16.00
291465,25.00,3.91,3,14.36,13.36,8,14.57,185,0.63,0.63,2078,0.00,0.99,2,0.5000,40.50,106,11,0.00,34,14.51,21.74,30.20,16.40
291569,25.00,3.91,3,14.36,13.52,8,14.57,185,0.63,0.63,2082,0.00,0.99,2,0.5000,40.50,106,11,0.00,34,14.51,22.00,29.80,16.30
291673,25.00,3.91,3,14.36,13.36,8,14.57,185,0.63,0.64,2098,0.00,0.99,2,0.5000,40.00,106,11,0.00,34,14.51,22.34,30.20,16.50
291777,25.00,3.91,3,14.36,13.44,8,14.57,185,0.63,0.64,2130,0.00,0.99,2,0.5000,40.00,106,12,0.00,34,14.65,22.42,30.20,16.30
291881,25.00,3.91,3,14.36,13.44,8,14.57,185,0.63,0.64,2130,0.00,0.99,2,0.5000,40.00,106,12,0.00,34,14.65,22.43,30.20,16.30
291985,25.00,3.91,3,14.36,13.44,8,14.57,185,0.64,0.64,2143,0.00,0.99,2,0.5000,40.00,106,13,0.00,34,14.65,22.98,30.20,16.30
292090,25.00,3.91,3,14.36,13.52,8,14.57,185,0.64,0.64,2174,0.00,0.99,2,0.5000,40.00,106,13,0.00,34,14.65,23.08,30.20,16.40
292193,25.00,3.91,3,14.36,13.44,8,14.57,185,0.64,0.65,2192,0.00,0.99,2,0.5000,40.00,106,14,0.00,34,14.65,23.46,30.20,16.20
292297,25.00,3.91,3,14.36,13.44,8,14.57,185,0.64,0.64,2212,0.00,0.99,2,0.5000,40.00,106,14,0.00,34,14.65,23.56,30.20,16.20
292402,25.00,3.91,3,14.36,13.36,8,14.57,185,0.65,0.65,2206,0.00,0.99,2,0.5000,40.00,106,14,0.00,34,14.80,24.03,30.59,16.20
292506,25.00,3.91,3,14.36,13.52,8,14.57,185,0.66,0.66,2225,0.00,0.99,2,0.5000,39.50,106,15,0.00,34,15.09,25.08,37.25,16.20
292609,25.00,3.91,3,14.36,13.44,8,14.56,185,0.67,0.67,2250,0.00,0.99,2,0.5000,39.00,106,14,0.00,34,15.24,25.58,39.22,16.50
292713,25.00,3.91,3,14.36,13.52,8,14.56,185,0.68,0.68,2273,0.00,0.99,2,0.5000,39.00,106,15,0.00,34,15.24,25.98,39.61,16.60
292817,25.00,3.91,3,14.36,13.44,8,14.56,185,0.68,0.68,2297,0.00,0.99,2,0.5000,38.50,106,15,0.00,34,15.24,26.30,39.61,16.50
292922,25.00,3.91,3,14.36,13.44,8,14.56,185,0.69,0.69,2324,0.00,0.99,2,0.5000,38.50,106,15,0.00,34,15.24,27.04,39.61,16.40
293025,25.00,3.91,3,14.36,13.36,8,14.56,185,0.69,0.69,2340,0.00,0.99,2,0.5000,38.50,106,15,0.00,34,15.24,27.47,39.61,16.40
293133,25.00,3.91,3,14.36,13.44,8,14.56,185,0.70,0.69,2361,0.00,0.99,2,0.5000,38.00,106,15,0.00,34,15.38,28.00,39.61,16.50
293233,25.00,3.91,3,14.36,13.36,8,14.56,185,0.70,0.70,2372,0.00,0.99,2,0.5000,38.00,106,15,0.00,34,15.38,28.11,39.61,16.50
293338,25.00,3.91,3,14.36,13.36,8,14.55,185,0.71,0.71,2390,0.00,0.99,2,0.5000,38.00,106,16,0.00,34,15.53,28.64,39.61,16.40
293442,25.00,3.91,3,14.36,13.44,8,14.55,185,0.71,0.71,2434,0.00,0.99,2,0.5000,38.00,106,16,0.00,34,15.53,28.74,39.61,16.60
293546,25.00,3.91,3,14.36,13.36,8,14.54,185,0.71,0.72,2458,0.00,0.99,2,0.5000,38.00,106,17,0.00,34,15.53,29.30,39.22,16.60
293650,25.00,3.91,3,14.36,13.44,8,14.53,185,0.72,0.72,2471,0.00,0.99,2,0.5000,38.00,106,17,0.00,0,15.53,29.52,39.22,16.20
293754,25.00,3.91,3,14.36,13.36,8,14.52,185,0.72,0.73,2496,-2.00,0.99,2,0.5000,36.00,106,18,-2.00,0,15.53,29.98,38.43,16.00
293858,25.00,3.91,3,14.36,13.36,8,14.52,185,0.72,0.72,2542,-2.00,0.99,2,0.5000,36.00,106,18,-2.00,0,15.53,30.20,37.25,15.60
293962,25.00,3.91,3,14.36,13.44,8,14.50,185,0.72,0.72,2550,-2.00,0.99,2,0.5000,36.00,106,18,-2.00,0,15.67,30.66,36.86,15.10
294066,25.00,3.91,3,14.36,13.44,8,14.50,185,0.72,0.72,2600,-2.00,0.99,2,0.5000,36.00,106,18,-2.00,0,15.53,31.11,36.47,14.80
294170,25.00,3.91,3,14.36,13.44,8,14.48,185,0.72,0.72,2608,-2.00,0.99,2,0.5000,36.00,106,18,-2.00,0,15.53,31.56,35.29,14.30
294273,24.22,3.91,3,14.36,13.36,8,14.48,185,0.71,0.71,2652,-2.00,0.99,2,0.5000,36.00,106,18,-2.00,0,15.24,30.99,31.76,14.50
294378,24.22,3.91,3,14.36,13.36,8,14.48,187,0.67,0.68,2644,-2.00,0.99,2,0.5000,36.00,106,18,-2.00,0,14.65,29.18,27.84,14.40
294482,21.09,3.91,3,14.36,13.36,8,14.51,187,0.64,0.63,2645,-2.00,0.99,2,0.5000,37.50,106,17,-2.00,0,13.93,27.89,23.14,13.90
294586,18.75,3.91,3,14.36,13.52,8,14.52,187,0.63,0.63,2662,-2.00,0.99,2,0.5000,38.00,106,17,-2.00,0,13.78,28.00,23.14,13.60
294691,17.97,3.91,3,14.36,13.52,8,14.51,187,0.63,0.63,2661,-2.00,0.99,2,0.5000,38.00,106,16,-2.00,0,13.78,27.89,23.14,14.00
294795,18.75,3.91,3,14.36,13.36,8,14.52,187,0.62,0.62,2694,-2.00,0.99,2,0.5000,38.50,106,15,-2.00,0,13.64,27.89,23.14,14.20
294898,17.97,3.91,3,14.36,13.36,8,14.52,187,0.62,0.62,2709,-2.00,0.99,2,0.5000,38.50,106,15,-2.00,0,13.64,28.00,23.14,14.30
295003,17.97,3.91,3,14.36,13.36,8,14.51,187,0.62,0.61,2703,-2.00,0.99,2,0.5000,38.50,106,14,-2.00,0,13.64,28.00,23.14,14.30
295107,18.75,3.91,3,14.36,13.36,8,14.52,187,0.62,0.61,2724,-2.00,0.99,2,0.5000,38.50,106,14,-2.00,0,13.64,28.10,23.14,14.40
295211,18.75,3.91,3,14.36,13.52,8,14.54,187,0.64,0.64,2639,-2.00,0.99,2,0.5000,23.50,106,13,-2.00,0,13.78,28.10,23.92,14.50
295315,20.31,3.91,3,14.36,13.20,8,14.57,187,0.68,0.69,2440,-2.00,0.99,2,0.5000,22.50,106,13,-2.00,0,14.36,27.89,24.71,14.70
295418,24.22,3.91,3,14.36,13.44,8,14.56,187,0.68,0.68,2301,-2.00,0.99,2,0.5000,36.50,106,11,-2.00,0,14.51,26.19,24.71,15.20
295523,25.00,3.91,3,14.36,13.44,8,14.56,187,0.67,0.67,2273,-2.00,0.99,2,0.5000,36.50,106,11,-2.00,0,14.65,24.98,24.71,15.70
295627,25.00,3.91,3,14.36,13.44,8,14.56,187,0.67,0.67,2218,-2.00,0.99,2,0.5000,37.00,106,10,-2.00,0,14.65,24.60,25.10,15.20
295730,25.00,3.91,3,14.36,13.44,8,14.57,187,0.66,0.66,2189,-1.00,0.99,3,0.5000,38.00,106,10,-2.00,0,14.65,23.93,24.71,14.70
295834,25.00,3.91,3,14.36,13.44,8,14.57,187,0.66,0.66,2167,-1.00,0.99,3,0.5000,38.50,106,10,-1.00,0,14.65,23.84,24.71,15.00
295939,25.00,3.91,3,14.36,13.20,8,14.57,187,0.66,0.65,2161,-3.00,0.99,3,0.5000,36.50,106,10,-3.00,1,14.51,23.55,24.71,15.10
296043,25.00,4.69,3,14.36,13.44,8,14.57,187,0.65,0.65,2173,-3.00,0.99,3,0.5000,36.50,106,9,-3.00,1,14.51,23.27,24.71,15.50
296147,25.00,4.69,3,14.36,13.44,8,14.57,187,0.65,0.66,2172,-3.00,0.99,3,0.5000,36.50,106,9,-3.00,1,14.51,23.46,24.71,15.00
296251,25.00,4.69,3,14.36,13.44,8,14.57,187,0.65,0.65,2152,-3.00,0.99,3,0.5000,36.50,106,9,-3.00,1,14.51,23.17,24.71,15.00
296355,25.00,4.69,3,14.36,13.44,8,14.57,187,0.64,0.64,2153,-3.00,0.99,3,0.5000,37.00,106,8,-3.00,2,14.51,23.08,24.71,15.30
296459,25.00,4.69,3,14.36,13.36,8,14.57,187,0.65,0.64,2169,-5.00,0.99,3,0.5000,35.00,106,9,-5.00,2,14.51,23.74,25.88,15.30
296563,25.00,4.69,3,14.36,13.44,8,14.57,187,0.64,0.64,2172,-5.00,0.99,3,0.5000,35.00,106,9,-5.00,2,14.51,23.17,25.88,15.20
296667,25.00,4.69,3,14.36,13.44,8,14.57,187,0.64,0.65,2156,-5.00,0.99,3,0.5000,35.00,106,8,-5.00,2,14.51,23.36,25.88,15.30
296771,25.00,4.69,3,14.36,13.52,8,14.57,187,0.64,0.64,2158,-5.00,0.99,3,0.5000,35.00,106,8,-5.00,2,14.51,23.27,25.88,15.10
296875,25.00,4.69,3,14.36,13.44,8,14.57,187,0.65,0.64,2176,-5.00,0.99,3,0.5000,35.00,106,8,-5.00,2,14.51,23.27,25.88,15.20
296978,25.00,4.69,3,14.36,13.44,8,14.57,187,0.65,0.65,2184,-5.00,0.99,3,0.5000,35.00,106,8,-5.00,2,14.65,23.46,26.67,15.60
297083,25.00,4.69,3,14.36,13.44,8,14.57,187,0.65,0.65,2169,-5.00,0.99,3,0.5000,34.50,106,8,-5.00,2,14.65,23.55,26.67,15.50
297187,25.00,4.69,3,14.36,13.44,8,14.57,187,0.64,0.64,2175,-5.00,0.99,3,0.5000,35.00,106,9,-5.00,2,14.65,23.17,26.67,15.40
297292,25.00,4.69,3,14.36,13.52,8,14.57,187,0.63,0.64,2176,-5.00,0.99,3,0.5000,35.00,106,9,-5.00,2,14.36,22.98,25.49,15.30
297395,25.00,4.69,3,14.36,13.44,8,14.57,187,0.58,0.58,2186,-5.00,1.08,3,0.5000,35.50,106,9,-5.00,2,12.48,20.64,19.61,15.10
297500,21.09,4.69,3,14.36,13.44,8,14.58,187,0.48,0.42,2094,-4.97,1.14,3,0.5000,37.00,106,10,-5.00,2,9.43,13.84,8.24,14.40
297603,14.84,4.69,3,14.36,13.44,8,14.57,187,0.42,0.38,1935,-4.91,1.07,3,0.5000,34.00,106,10,-5.00,2,8.42,11.94,7.45,13.10
297707,11.72,4.69,3,14.36,13.52,8,14.57,187,0.39,0.37,1806,-4.86,1.00,3,0.5000,34.00,106,10,0.00,2,7.55,11.13,7.06,12.10
297811,7.03,4.69,2,14.36,13.44,8,14.57,187,0.36,0.35,1766,-4.82,1.00,3,0.5000,30.50,106,11,0.00,2,6.82,9.98,6.27,11.00
297916,1.56,3.91,2,14.36,13.52,8,14.57,187,0.35,0.34,1713,-4.77,1.00,3,0.5000,28.50,106,11,0.00,2,6.38,9.54,6.27,10.50
298019,-2.34,3.91,2,14.36,13.52,8,14.57,187,0.34,0.34,1682,-4.72,1.00,3,0.5000,31.50,106,11,0.00,2,6.09,9.41,6.67,10.10
298124,-8.59,3.91,2,14.36,13.52,8,14.57,187,0.35,0.35,1632,-4.67,1.00,3,0.5000,26.50,106,11,-4.50,2,6.24,9.81,7.45,9.90
298228,-17.19,4.69,3,14.36,13.44,8,14.58,187,0.37,0.38,1612,-4.62,1.00,3,0.5000,26.50,106,12,-4.50,2,6.82,10.51,8.24,9.90
298332,-14.84,4.69,3,14.36,13.52,8,14.58,187,0.42,0.44,1583,-4.58,0.90,3,0.5000,27.00,106,12,-4.50,2,7.69,11.83,9.80,10.10
298436,-13.28,4.69,3,14.36,13.44,8,14.59,187,0.46,0.50,1494,-4.54,0.89,3,0.5000,28.50,106,12,-4.50,2,8.71,12.42,10.20,10.10
298540,-12.50,4.69,3,14.36,13.36,8,14.59,187,0.49,0.52,1422,-4.50,0.93,4,0.5000,28.50,106,13,-4.50,2,9.43,12.42,10.20,12.10
298644,-12.50,4.69,3,14.36,13.52,8,14.59,187,0.51,0.53,1399,-4.46,0.99,4,0.5000,29.00,106,13,-4.50,2,9.87,12.36,10.59,13.00
298748,-11.72,4.69,3,14.36,13.52,8,14.59,187,0.52,0.52,1428,-4.42,0.99,4,0.5000,30.00,106,13,-4.50,2,10.16,12.47,10.98,13.50
298852,-10.94,4.69,3,14.36,13.52,8,14.59,187,0.52,0.52,1432,-4.38,0.99,4,0.5000,30.50,106,13,-4.50,2,10.45,12.52,11.37,13.80
298956,-10.16,4.69,3,14.36,13.52,8,14.59,187,0.52,0.53,1458,-4.34,0.99,4,0.5000,31.00,106,13,-4.50,2,10.59,12.68,11.37,14.10
299060,-8.59,4.69,3,14.36,13.44,8,14.58,187,0.52,0.51,1464,-4.30,0.99,4,0.5000,31.00,106,13,-4.50,2,10.59,12.58,11.37,14.50
299164,-7.03,4.69,3,14.36,13.52,8,14.58,187,0.52,0.52,1488,-4.26,0.99,4,0.5000,31.50,106,13,-4.50,2,10.88,13.16,12.94,15.30
299268,-5.47,4.69,3,14.36,13.52,8,14.58,187,0.54,0.56,1491,-4.22,0.99,4,0.5000,32.50,106,13,-4.00,2,11.32,13.84,13.73,15.00
299372,-1.56,4.69,3,14.36,13.44,8,14.58,187,0.55,0.56,1518,-4.18,0.99,4,0.5000,34.00,106,13,-4.00,2,11.90,14.42,14.90,15.40
299476,3.12,4.69,3,14.36,13.44,8,14.58,187,0.55,0.56,1562,-4.14,0.99,4,0.5000,35.00,106,13,-4.00,2,12.04,14.31,15.29,16.30
299580,4.69,4.69,3,14.36,13.44,8,14.58,187,0.55,0.55,1588,-4.09,0.99,4,0.5000,36.00,106,13,-4.00,2,12.04,14.48,15.29,16.10
299684,6.25,4.69,3,14.36,13.52,8,14.58,187,0.54,0.54,1622,-4.05,0.99,4,0.5000,36.00,106,14,-4.00,2,11.90,14.42,15.29,15.90
299789,7.03,4.69,3,14.36,13.44,8,14.58,187,0.54,0.53,1642,-4.00,0.99,4,0.5000,36.00,106,14,-4.00,2,11.90,14.65,14.90,15.60
299893,8.59,4.69,3,14.36,13.44,8,14.58,187,0.53,0.53,1662,-3.95,0.99,4,0.5000,36.00,106,14,-4.00,2,11.75,14.54,14.90,15.50
299997,9.38,4.69,3,14.36,13.52,8,14.58,187,0.53,0.53,1666,-3.90,0.99,4,0.5000,36.00,106,14,-4.00,2,11.75,14.65,14.90,15.30
300101,10.94,4.69,3,14.36,13.44,8,14.58,187,0.53,0.54,1667,-3.86,0.99,4,0.5000,36.00,106,14,-4.00,2,11.75,14.71,14.90,15.20
300206,11.72,4.69,3,14.36,13.60,8,14.58,187,0.53,0.54,1671,-3.82,0.99,4,0.5000,36.00,106,14,-4.00,2,11.75,14.77,14.90,15.30
300309,11.72,4.69,3,14.36,13.44,8,14.58,187,0.53,0.54,1661,-3.77,0.99,4,0.5000,36.00,106,14,-4.00,2,11.75,14.77,14.90,15.10
300413,12.50,4.69,3,14.36,13.44,8,14.58,187,0.53,0.53,1664,-3.72,0.99,4,0.5000,36.00,106,14,-3.50,2,11.75,14.83,14.90,14.90
300518,12.50,4.69,3,14.36,13.36,8,14.58,187,0.53,0.53,1666,-3.68,0.99,4,0.5000,36.00,106,13,-3.50,2,11.75,14.77,14.90,15.30
300622,12.50,4.69,3,14.36,13.52,8,14.58,187,0.53,0.53,1666,-3.63,0.99,4,0.5000,36.50,106,12,-3.50,2,11.75,14.88,14.90,14.70
300727,13.28,4.69,3,14.36,13.60,8,14.58,187,0.55,0.56,1670,-3.58,0.99,4,0.5000,37.00,106,10,-3.50,2,12.19,15.98,16.86,14.70
300830,14.84,4.69,3,14.36,13.52,8,14.58,187,0.57,0.58,1686,-3.54,0.99,4,0.5000,37.00,106,9,-3.50,2,12.77,16.51,18.43,14.70
300934,17.97,4.69,3,14.36,13.44,8,14.58,187,0.58,0.58,1721,-3.49,0.99,4,0.5000,37.00,106,8,-3.50,2,12.91,16.65,18.82,15.20
301038,19.53,4.69,3,14.36,13.44,8,14.58,187,0.57,0.57,1755,-3.44,0.99,4,0.5000,37.00,106,6,-3.50,2,12.91,16.45,18.43,15.40
301143,18.75,4.69,3,14.36,13.52,8,14.58,187,0.57,0.56,1767,-3.39,0.99,4,0.5000,37.50,106,5,-3.50,2,12.77,16.65,18.43,15.10
301248,19.53,4.69,3,14.36,13.60,8,14.58,187,0.57,0.57,1775,-3.34,0.99,4,0.5000,37.50,106,4,-3.50,2,12.91,16.71,18.43,14.80
301352,20.31,4.69,3,14.36,13.44,8,14.58,187,0.57,0.58,1780,-3.30,0.99,4,0.5000,37.50,106,3,-3.00,2,12.77,16.92,18.43,15.00
301456,21.09,4.69,3,14.36,13.36,8,14.58,187,0.56,0.57,1782,-3.24,0.99,4,0.5000,38.00,106,2,-3.00,2,12.62,16.85,17.65,14.60
301560,20.31,4.69,3,14.36,13.44,8,14.58,187,0.56,0.56,1783,-3.19,0.99,4,0.5000,38.00,106,1,-3.00,2,12.48,16.58,17.25,14.50
301664,19.53,4.69,3,14.36,13.52,8,14.58,187,0.56,0.56,1788,-3.14,0.99,4,0.5000,38.50,106,1,-3.00,2,12.33,16.58,17.25,14.40
301768,19.53,4.69,3,14.36,13.52,8,14.58,187,0.56,0.56,1782,-3.10,0.99,4,0.5000,38.50,106,0,-3.00,2,12.48,16.45,17.25,14.30
301872,19.53,4.69,3,14.36,13.52,8,14.58,187,0.56,0.56,1779,-3.05,0.99,4,0.5000,38.50,106,0,-3.00,2,12.33,16.38,16.47,14.40
301976,18.75,4.69,3,14.36,13.44,8,14.58,187,0.52,0.51,1772,-3.00,1.05,4,0.5000,38.50,106,0,-3.00,2,11.61,14.71,12.55,14.40
302080,16.41,4.69,3,14.36,13.36,8,14.57,187,0.45,0.40,1710,-2.95,1.11,4,0.5000,34.50,106,0,-3.00,2,9.00,11.09,7.45,13.90
302184,11.72,4.69,2,14.36,13.52,8,14.58,187,0.41,0.38,1573,-2.90,1.07,4,0.5000,29.50,106,0,0.00,2,8.13,9.81,6.27,13.20
302288,7.81,4.69,2,14.36,13.52,8,14.59,187,0.40,0.37,1420,-2.86,1.00,4,0.5000,24.50,106,0,0.00,2,7.55,8.80,5.88,12.40
302392,3.91,3.91,2,14.36,13.44,8,14.60,187,0.40,0.39,1305,-2.83,1.00,4,0.5000,21.00,106,0,0.00,2,7.25,8.51,5.88,12.00
302496,0.00,3.91,2,14.36,13.12,10,14.60,187,0.40,0.40,1234,-2.79,1.00,4,0.5000,18.50,106,0,0.00,2,7.11,8.15,5.49,11.60
302600,0.00,3.91,2,14.36,13.28,10,14.62,187,0.41,0.41,1131,-2.76,1.00,4,0.5000,22.00,106,0,0.00,2,7.11,7.91,5.49,11.30
302705,0.00,3.91,2,14.36,13.60,10,14.62,187,0.41,0.42,1124,-2.73,1.00,4,0.5000,17.00,106,0,0.00,2,7.25,7.68,5.10,11.30
302808,0.00,3.12,2,14.36,13.52,10,14.62,187,0.39,0.39,1136,-2.70,1.00,4,0.5000,17.00,106,0,0.00,2,7.11,7.15,4.71,11.30
302912,0.00,3.12,2,14.36,13.60,10,14.64,187,0.39,0.38,1095,-2.67,1.00,4,0.5000,17.00,106,0,0.00,2,6.96,6.78,4.31,11.70
303016,0.00,3.12,2,14.36,13.60,10,14.66,187,0.40,0.41,980,-2.64,1.00,4,0.5000,22.00,106,0,0.00,2,7.11,6.64,4.31,12.20
303120,0.00,3.12,2,14.36,13.52,10,14.67,187,0.41,0.43,924,-2.62,1.00,4,0.5000,22.00,106,0,0.00,2,7.25,6.64,4.71,12.70
303224,0.00,3.12,2,14.36,13.44,10,14.66,187,0.42,0.47,860,-2.59,1.00,4,0.5000,21.50,106,0,0.00,2,7.55,6.71,4.71,13.30
303328,0.00,2.34,2,14.36,13.60,10,14.62,187,0.39,0.38,1094,-2.56,1.03,4,0.5000,17.00,106,0,0.00,2,7.40,6.67,4.71,16.30
303432,0.00,2.34,2,14.36,13.60,10,14.60,187,0.36,0.32,1206,-2.53,1.04,4,0.5000,20.00,106,0,0.00,2,6.96,6.49,5.10,19.60
303536,0.00,2.34,2,14.36,13.60,10,14.60,187,0.36,0.35,1269,-2.50,0.97,4,0.5000,21.50,106,0,-2.50,2,7.11,7.60,7.06,19.60
303640,-2.34,2.34,2,14.36,13.60,8,14.60,187,0.37,0.37,1327,-2.46,1.00,4,0.5000,24.00,106,0,-2.50,2,7.40,8.27,7.45,11.90
303744,-8.59,2.34,2,14.36,13.60,8,14.59,187,0.38,0.38,1345,-2.42,1.00,4,0.5000,24.50,106,0,-2.50,2,7.55,8.56,7.84,11.80
303848,-15.62,2.34,2,14.36,13.52,8,14.59,187,0.38,0.39,1342,-2.38,1.00,4,0.5000,25.50,106,0,-2.50,2,7.69,8.78,7.84,12.20
303952,-11.72,1.56,2,14.36,13.52,8,14.59,187,0.39,0.39,1352,-2.34,1.00,4,0.5000,25.50,106,0,-2.50,2,7.84,8.79,7.84,12.80
304056,-9.38,0.00,2,14.36,13.52,8,14.59,187,0.39,0.40,1346,-2.31,1.00,4,0.5000,25.50,106,0,-2.50,2,7.98,8.86,7.84,13.30
304160,-9.38,0.00,2,14.36,13.52,8,14.59,187,0.39,0.39,1330,-2.27,1.00,4,0.5000,25.50,106,0,-2.50,2,7.98,8.78,7.84,14.00
304264,-8.59,0.00,2,14.36,13.60,8,14.59,187,0.39,0.39,1350,-2.23,1.00,4,0.5000,25.50,106,0,-2.00,2,8.13,8.79,7.84,13.50
304369,-7.03,0.00,2,14.36,13.44,8,14.59,187,0.39,0.39,1358,-2.20,1.00,4,0.5000,26.00,106,0,-2.00,2,8.13,8.77,7.84,15.40
304472,-5.47,0.00,2,14.36,13.52,8,14.59,187,0.39,0.39,1345,-2.16,1.00,4,0.5000,26.00,106,0,-2.00,2,8.13,8.77,7.84,14.90
304576,-4.69,0.00,2,14.36,13.52,8,14.59,187,0.39,0.39,1368,-2.12,1.00,4,0.5000,26.00,106,0,-2.00,2,7.98,8.75,7.45,15.00
304680,-4.69,0.00,2,14.36,13.52,8,14.59,187,0.39,0.38,1368,-2.08,1.00,4,0.5000,26.00,106,0,-2.00,2,7.98,8.68,7.45,15.10
304784,-4.69,0.00,2,14.36,13.52,8,14.59,187,0.38,0.38,1354,-2.05,1.00,4,0.5000,26.00,106,0,-2.00,2,7.98,8.62,7.45,15.00
304888,-4.69,0.00,2,14.36,13.52,8,14.59,187,0.38,0.38,1358,-2.01,1.00,4,0.5000,26.00,106,0,-2.00,2,7.98,8.63,7.45,14.80
304992,-4.69,0.00,2,14.36,13.52,8,14.59,187,0.38,0.38,1347,-1.97,1.00,4,0.5000,26.00,106,0,-2.00,2,7.98,8.64,7.45,14.80
305096,-3.91,0.00,2,14.36,13.52,8,14.59,187,0.38,0.38,1346,-1.94,1.00,4,0.5000,26.00,106,0,-2.00,2,7.98,8.58,7.45,14.70
305200,-3.91,0.00,2,14.36,13.60,8,14.59,187,0.38,0.38,1354,-1.90,1.00,4,0.5000,26.00,106,0,-2.00,2,7.84,8.51,7.45,14.80
305304,-3.91,0.00,2,14.36,13.60,8,14.59,187,0.38,0.38,1340,-1.86,1.00,4,0.5000,26.00,106,0,-2.00,2,7.84,8.44,7.45,14.80
305408,-3.91,0.00,2,14.36,13.44,8,14.59,187,0.41,0.41,1342,-1.82,0.90,4,0.5000,26.00,106,0,-2.00,2,8.27,9.70,10.20,14.70
305513,-3.91,0.00,3,14.36,13.52,8,14.59,187,0.45,0.48,1379,-1.78,0.89,4,0.5000,28.00,106,0,-2.00,2,9.43,11.46,10.98,14.60
305616,-2.34,0.78,3,14.36,13.52,8,14.59,187,0.47,0.49,1407,-1.74,0.99,4,0.5000,30.00,106,0,-2.00,2,10.01,11.53,11.37,14.40
305720,1.56,0.78,3,14.36,13.60,8,14.59,187,0.47,0.48,1468,-1.70,0.99,4,0.5000,31.50,106,0,-1.50,2,10.30,11.65,10.98,14.80
305824,4.69,0.78,3,14.36,13.68,8,14.58,187,0.47,0.47,1485,-1.66,0.99,4,0.5000,32.00,106,0,-1.50,2,10.30,11.61,10.98,15.60
305928,7.03,0.78,3,14.36,13.52,8,14.58,187,0.46,0.45,1530,-1.62,0.99,4,0.5000,32.50,106,0,-1.50,2,10.30,11.49,10.98,15.90
306033,7.03,1.56,3,14.36,13.44,8,14.58,187,0.47,0.47,1563,-1.58,0.99,4,0.5000,33.00,106,0,-1.50,2,10.30,12.15,11.76,15.90
306136,7.81,1.56,3,14.36,13.52,8,14.58,187,0.47,0.48,1566,-1.54,0.99,4,0.5000,33.50,106,0,-1.50,2,10.45,12.56,12.16,15.20
306240,10.16,1.56,3,14.36,13.52,8,14.58,187,0.47,0.48,1593,-1.49,0.99,4,0.5000,34.50,106,0,-1.50,2,10.59,12.66,12.16,15.40
306345,10.94,1.56,3,14.36,13.60,8,14.57,187,0.47,0.48,1609,-1.45,0.99,4,0.5000,35.00,106,0,-1.50,2,10.59,12.66,12.16,15.30
306448,10.94,1.56,3,14.36,13.52,8,14.57,187,0.47,0.47,1626,-1.40,0.99,4,0.5000,35.00,106,0,-1.50,2,10.59,12.82,12.16,15.10
306553,10.94,2.34,3,14.36,13.52,8,14.57,187,0.47,0.47,1620,-1.35,0.99,4,0.5000,35.00,106,0,-1.50,2,10.45,12.82,12.16,14.80
306656,11.72,2.34,3,14.36,13.52,8,14.57,187,0.47,0.47,1624,-1.31,0.99,4,0.5000,35.00,106,0,-1.50,2,10.45,12.93,12.16,14.70
306761,11.72,2.34,3,14.36,13.60,8,14.57,187,0.48,0.47,1625,-1.26,0.99,4,0.5000,35.50,106,0,-1.50,2,10.45,12.88,12.16,14.60
306864,11.72,2.34,3,14.36,13.52,8,14.57,187,0.46,0.46,1640,-1.22,0.99,4,0.5000,35.50,106,0,-1.00,2,10.01,12.24,10.20,14.50
306968,10.94,2.34,2,14.36,13.36,8,14.58,187,0.39,0.36,1613,-1.18,1.13,4,0.5000,32.00,106,0,0.00,2,8.56,8.72,5.88,14.50
307072,8.59,2.34,2,14.36,13.52,8,14.58,187,0.35,0.30,1521,-1.14,1.09,4,0.5000,26.50,106,1,0.00,2,7.40,7.52,5.49,14.10
307177,5.47,2.34,2,14.36,13.36,8,14.59,187,0.33,0.30,1417,-1.10,1.00,4,0.5000,22.50,106,1,0.00,2,6.67,7.07,5.10,13.50
307280,3.12,2.34,2,14.36,13.60,8,14.60,187,0.33,0.31,1273,-1.06,1.00,4,0.5000,19.50,106,0,0.00,2,6.53,6.85,5.10,13.00
307384,0.00,1.56,2,14.36,13.60,10,14.61,187,0.33,0.33,1203,-1.02,1.00,4,0.5000,17.50,106,0,0.00,2,6.53,6.60,4.71,12.70
307488,0.00,0.00,2,14.36,13.68,10,14.62,187,0.33,0.34,1136,-0.99,1.00,4,0.5000,17.00,106,0,0.00,2,6.53,6.31,4.71,12.70
307593,0.00,0.00,2,14.36,13.60,10,14.62,187,0.33,0.33,1112,-0.96,1.00,4,0.5000,17.00,106,0,0.00,2,6.38,6.20,4.31,12.40
307696,0.00,0.00,2,14.36,13.52,10,14.63,187,0.33,0.33,1096,-0.93,1.00,4,0.5000,17.00,106,0,0.00,2,6.38,6.08,4.31,12.50
307801,0.00,0.00,2,14.36,13.60,10,14.65,187,0.34,0.35,1038,-0.90,1.00,4,0.5000,22.00,106,0,0.00,2,6.38,6.01,4.31,13.00
307904,0.00,0.00,2,14.36,13.52,10,14.67,187,0.36,0.38,926,-0.88,0.92,4,0.5000,22.00,106,0,0.00,2,6.67,6.01,4.71,13.40
308008,0.00,0.00,2,14.36,13.60,10,14.67,187,0.37,0.41,846,-0.86,0.91,4,0.5000,22.00,106,0,0.00,2,6.96,6.11,4.71,13.70
308112,0.00,0.00,2,14.36,13.60,10,14.64,187,0.36,0.36,1015,-0.82,0.97,4,0.5000,17.50,106,0,0.00,2,7.25,6.08,4.71,13.70
308217,0.00,0.00,2,14.36,13.52,10,14.61,187,0.35,0.32,1159,-0.79,0.97,4,0.5000,20.50,106,0,-1.00,2,7.25,6.42,6.27,18.00
308321,0.00,0.00,2,14.36,13.60,10,14.60,187,0.35,0.35,1257,-0.76,0.97,4,0.5000,24.50,106,0,-1.00,2,7.55,7.44,7.06,18.40
308425,0.00,0.00,2,14.36,13.60,8,14.60,187,0.35,0.36,1298,-0.72,0.97,4,0.5000,25.50,106,0,-0.50,2,7.69,7.79,7.45,13.20
308529,-3.12,0.00,2,14.36,13.60,8,14.60,187,0.33,0.32,1301,-0.69,1.06,4,0.5000,25.00,106,0,0.00,2,7.11,6.71,5.10,12.40
308632,-5.47,0.00,2,14.36,13.52,8,14.60,187,0.31,0.29,1275,-0.65,1.00,4,0.5000,22.50,106,0,0.00,2,6.53,6.14,4.71,12.80
308737,-6.25,0.00,2,14.36,13.60,8,14.60,187,0.30,0.29,1243,-0.62,1.00,4,0.5000,20.50,106,0,0.00,2,6.24,5.95,4.71,12.80
308841,-7.03,0.00,2,14.36,12.96,8,14.61,187,0.30,0.29,1204,-0.58,1.00,4,0.5000,18.50,106,0,0.00,2,6.24,5.79,4.71,13.20
308945,0.00,0.00,2,14.36,12.72,10,14.62,187,0.30,0.30,1154,-0.55,1.00,4,0.5000,17.50,106,0,0.00,2,6.38,5.79,4.71,13.10
309049,0.00,0.00,2,14.36,13.60,10,14.63,187,0.31,0.31,1084,-0.52,1.00,4,0.5000,17.00,106,0,0.00,2,6.53,5.69,4.31,13.40
309152,0.00,0.00,2,14.36,13.60,10,14.64,187,0.31,0.32,1046,-0.50,1.00,4,0.5000,22.00,106,0,0.00,2,6.67,5.62,4.71,13.70
309256,0.00,1.56,1,14.36,13.52,10,14.64,187,0.32,0.32,1037,-0.46,1.00,4,0.5000,22.00,106,0,0.00,2,6.82,5.56,4.71,14.00
309361,0.00,1.56,1,14.36,13.44,10,14.67,187,0.33,0.34,959,-0.44,1.00,4,0.5000,22.00,106,0,0.00,2,6.82,5.46,4.31,14.30
309465,0.00,0.00,2,14.36,13.52,10,14.69,187,0.35,0.40,836,-0.42,0.88,4,0.5000,22.00,106,0,0.00,2,7.25,5.66,4.71,15.90
309568,0.00,0.00,2,14.36,13.52,10,14.65,187,0.35,0.38,894,-0.39,1.00,4,0.5000,18.50,106,0,0.00,2,7.69,5.69,4.71,16.70
309673,0.00,1.56,2,14.36,13.52,10,14.63,187,0.34,0.32,1067,-0.36,1.00,4,0.5000,12.00,106,0,0.00,2,7.40,5.62,4.71,19.30
309777,0.00,1.56,1,14.36,13.60,10,14.62,187,0.32,0.30,1112,-0.33,1.00,4,0.5000,17.00,106,0,0.00,2,7.11,5.56,4.71,19.80
309880,0.00,1.56,1,14.36,13.44,10,14.62,187,0.31,0.29,1122,-0.30,1.00,4,0.5000,17.00,106,0,0.00,2,6.82,5.33,4.31,18.10
309984,-0.78,1.56,1,14.36,13.52,8,14.63,187,0.30,0.29,1094,-0.27,1.00,4,0.5000,17.00,106,0,0.00,2,6.67,5.24,4.31,13.50
310089,-4.69,1.56,1,14.36,13.52,8,14.64,187,0.30,0.30,1056,-0.24,1.00,4,0.5000,13.00,106,0,0.00,2,6.53,5.24,4.31,12.90
310192,-7.81,1.56,1,14.36,13.60,8,14.64,187,0.30,0.31,1024,-0.21,1.00,4,0.5000,16.00,106,0,0.00,2,6.53,5.21,4.31,12.80
310297,-7.81,1.56,1,14.36,13.60,8,14.65,187,0.30,0.31,1016,-0.18,1.00,4,0.5000,16.50,106,0,0.00,2,6.67,5.18,4.31,12.70
310400,-8.59,1.56,1,14.36,13.52,8,14.65,187,0.30,0.31,1004,-0.15,1.00,4,0.5000,17.00,106,0,0.00,2,6.67,5.14,4.31,12.80
310504,-8.59,1.56,1,14.36,13.52,8,14.65,187,0.31,0.32,983,-0.13,1.00,4,0.5000,17.50,106,0,0.00,2,6.67,5.18,4.71,12.90
310609,-9.38,1.56,1,14.36,13.60,8,14.65,187,0.31,0.32,971,-0.10,1.00,4,0.5000,18.00,106,0,0.00,2,6.82,5.30,4.71,12.90
310713,-10.16,1.56,1,14.36,13.52,8,14.66,187,0.32,0.33,974,-0.07,1.00,4,0.5000,17.50,106,0,0.00,2,6.96,5.37,4.71,13.00
310817,-10.94,1.56,1,14.36,13.60,8,14.66,187,0.32,0.33,962,-0.05,1.00,4,0.5000,18.00,106,0,0.00,2,6.96,5.37,4.71,13.20
310921,-10.94,1.56,1,14.36,13.52,8,14.66,187,0.33,0.34,948,-0.02,1.00,4,0.5000,19.00,106,0,0.00,2,7.11,5.37,4.71,13.20
311025,-10.94,1.56,1,14.36,13.52,8,14.66,187,0.33,0.33,955,0.00,1.00,4,0.5000,18.00,106,0,0.00,2,7.25,5.33,4.71,13.40
311129,-11.72,1.56,1,14.36,13.52,8,14.65,187,0.32,0.32,974,0.00,1.00,4,0.5000,17.00,106,0,0.00,2,7.25,5.24,4.71,13.50
311233,-11.72,1.56,1,14.36,13.52,8,14.63,187,0.31,0.30,1047,0.00,1.00,4,0.5000,13.00,106,0,0.00,2,7.11,5.24,4.71,13.60
311337,-11.72,1.56,1,14.36,13.68,8,14.62,187,0.30,0.28,1119,0.00,1.00,4,0.5000,17.00,106,0,0.00,2,6.82,5.21,4.71,14.00
311441,-11.72,1.56,1,14.36,13.52,8,14.61,187,0.28,0.27,1150,0.00,1.00,4,0.5000,17.00,106,0,0.00,2,6.67,5.18,4.71,14.10
311545,-11.72,1.56,1,14.36,13.60,8,14.62,187,0.28,0.26,1145,0.00,1.00,4,0.5000,17.00,106,0,0.00,2,6.53,5.05,4.31,14.30
311649,-10.94,1.56,1,14.36,13.60,8,14.62,187,0.27,0.26,1119,0.00,1.00,4,0.5000,17.00,106,0,0.00,2,6.38,4.99,4.31,14.40
311753,-10.94,1.56,1,14.36,13.60,8,14.63,187,0.27,0.27,1104,0.00,1.00,3,0.5000,17.00,106,0,0.00,2,6.38,5.02,4.31,14.50
311856,-10.16,1.56,1,14.36,13.52,8,14.64,187,0.28,0.28,1066,0.00,1.00,3,0.5000,16.50,106,0,0.00,2,6.38,5.02,4.71,14.40
311961,-10.16,1.56,1,14.36,13.60,8,14.64,187,0.28,0.29,1047,0.00,1.00,3,0.5000,17.00,106,0,0.00,2,6.38,4.99,4.31,14.90
312065,-9.38,1.56,1,14.36,13.60,8,14.65,187,0.28,0.29,1010,0.00,1.00,3,0.5000,19.00,106,0,0.00,2,6.38,4.93,4.31,15.00
312169,-9.38,1.56,1,14.36,13.52,8,14.65,187,0.29,0.29,992,0.00,1.00,3,0.5000,20.50,106,0,0.00,2,6.38,4.87,4.31,14.90
312273,-9.38,1.56,1,14.36,13.60,8,14.66,187,0.29,0.31,986,0.00,1.00,3,0.5000,20.50,106,0,0.00,2,6.53,5.08,4.71,15.10
312377,-9.38,1.56,1,14.36,13.52,8,14.66,187,0.30,0.32,967,0.00,1.00,3,0.5000,21.00,106,0,0.00,2,6.67,5.18,4.71,15.00
312481,-9.38,1.56,1,14.36,13.52,8,14.66,187,0.31,0.33,946,0.00,1.00,3,0.5000,22.00,106,0,0.00,2,6.96,5.18,4.71,14.90
312585,-9.38,1.56,1,14.36,13.52,8,14.66,187,0.32,0.33,942,0.00,1.00,3,0.5000,22.00,106,0,0.00,2,7.11,5.18,4.71,15.00
312689,-10.16,1.56,1,14.36,13.52,8,14.67,187,0.32,0.34,921,0.00,1.00,3,0.5000,22.00,106,0,0.00,2,7.25,5.11,4.71,15.00
312793,-10.16,1.56,1,14.36,13.60,8,14.67,187,0.33,0.34,909,0.00,1.00,3,0.5000,22.00,106,0,0.00,2,7.40,5.11,4.71,15.00
312897,-10.16,1.56,1,14.36,13.52,8,14.67,187,0.33,0.34,912,0.00,1.00,3,0.5000,22.00,106,0,0.00,2,7.40,5.05,4.71,14.40
313001,-10.16,1.56,1,14.36,13.60,8,14.65,187,0.32,0.31,950,0.00,1.00,3,0.5000,18.50,106,0,0.00,2,7.40,4.99,4.71,14.60
313104,-9.38,1.56,1,14.36,13.52,8,14.65,187,0.31,0.30,1009,0.00,1.00,3,0.5000,16.00,106,0,0.00,2,7.25,4.96,4.71,14.60
313209,-9.38,1.56,1,14.36,13.52,8,14.64,187,0.30,0.28,1058,0.00,1.00,3,0.5000,12.50,106,0,0.00,2,6.96,4.93,4.71,14.50
313312,-9.38,1.56,1,14.36,13.60,8,14.64,187,0.29,0.28,1053,0.00,1.00,3,0.5000,13.50,106,0,0.00,2,6.96,4.96,4.71,14.90
313417,-9.38,1.56,1,14.36,13.44,8,14.64,187,0.29,0.29,1019,0.00,1.00,3,0.5000,16.50,106,0,0.00,2,6.82,4.90,4.31,14.70
313521,-8.59,1.56,1,14.36,13.60,8,14.65,187,0.29,0.29,976,0.00,1.00,3,0.5000,17.50,106,0,0.00,2,6.67,4.74,4.31,14.90
313625,-8.59,1.56,1,14.36,13.60,8,14.66,187,0.30,0.30,965,0.00,1.00,3,0.5000,18.50,106,0,0.00,2,6.82,4.90,4.71,14.70
313729,-7.81,1.56,1,14.36,13.44,8,14.66,187,0.30,0.32,926,0.00,1.00,2,0.5000,21.00,106,0,0.00,2,6.96,5.02,4.71,14.80
313833,-7.81,1.56,1,14.36,13.44,8,14.67,187,0.31,0.33,912,0.00,1.00,2,0.5000,21.50,106,0,0.00,2,7.11,5.05,4.71,15.00
313937,-7.81,1.56,1,14.36,13.52,8,14.67,187,0.32,0.34,894,0.00,1.00,2,0.5000,22.00,106,0,0.00,2,7.40,5.02,4.71,15.00
314042,-7.81,1.56,1,14.36,13.60,8,14.67,187,0.32,0.33,884,0.00,1.00,2,0.5000,22.00,106,0,0.00,2,7.40,4.99,4.71,15.00
314145,-7.81,1.56,1,14.36,13.60,8,14.68,187,0.33,0.34,872,0.00,1.00,2,0.5000,22.00,106,0,0.00,2,7.55,4.93,4.71,15.00
314250,-7.81,1.56,1,14.36,13.52,8,14.68,187,0.33,0.34,850,0.00,1.00,2,0.5000,22.00,106,0,0.00,2,7.55,4.90,4.71,15.00
314353,-7.03,1.56,1,14.36,13.52,8,14.68,187,0.33,0.35,854,0.00,1.00,2,0.5000,22.00,106,0,0.00,2,7.69,4.87,4.71,14.90
314457,-7.03,1.56,1,14.36,13.52,8,14.68,187,0.34,0.34,848,0.00,1.00,2,0.5000,22.00,106,0,0.00,2,7.84,4.87,4.31,15.10
314561,-7.03,1.56,1,14.36,13.52,8,14.69,187,0.34,0.35,823,0.00,1.00,2,0.5000,22.00,106,0,0.00,2,7.98,4.81,4.31,15.00
314665,-7.03,1.56,1,14.36,13.52,8,14.69,187,0.34,0.35,834,0.00,1.00,2,0.5000,22.00,106,0,0.00,2,8.13,4.81,4.71,15.00
314769,-7.03,1.56,1,14.36,13.52,8,14.68,187,0.34,0.35,832,0.00,1.00,2,0.5000,22.00,106,0,0.00,2,8.13,4.81,4.71,15.00
314873,-6.25,1.56,1,14.36,13.44,8,14.68,187,0.34,0.34,852,0.00,1.00,2,0.5000,20.00,106,0,0.00,2,8.13,4.81,4.31,15.00
314977,-6.25,1.56,1,14.36,13.52,8,14.68,187,0.34,0.34,844,0.00,1.00,2,0.5000,20.50,106,0,0.00,2,7.98,4.81,4.31,15.00
315081,-5.47,1.56,1,14.36,13.60,8,14.68,187,0.34,0.34,850,0.00,1.00,2,0.5000,18.00,106,0,0.00,2,8.13,4.84,5.49,15.20
315185,-5.47,0.00,2,14.36,13.68,8,14.68,187,0.36,0.41,840,0.00,0.89,2,0.5000,20.00,106,0,0.00,2,8.42,5.69,6.67,15.20
315289,-4.69,0.00,2,14.36,13.60,8,14.68,187,0.39,0.43,859,0.00,0.89,2,0.5000,21.00,106,0,0.00,2,9.00,6.21,6.67,15.20
315393,-3.91,0.00,2,14.36,13.68,8,14.67,187,0.40,0.43,893,0.00,0.99,2,0.5000,22.00,106,0,0.00,2,9.43,6.43,6.67,15.30
315497,-3.12,0.00,2,14.36,13.44,8,14.65,187,0.40,0.41,962,0.00,1.00,2,0.5000,23.00,106,0,0.00,2,9.58,6.59,7.06,15.40
315601,0.00,0.00,2,14.36,13.60,8,14.64,187,0.41,0.41,1018,0.00,0.99,2,0.5000,23.50,106,0,0.00,2,9.58,6.92,7.45,15.80
315705,2.34,0.00,2,14.36,13.52,8,14.64,187,0.41,0.42,1036,0.00,0.99,2,0.5000,24.00,106,0,0.00,2,9.72,7.22,7.84,15.90
315809,4.69,0.00,2,14.36,13.44,8,14.63,187,0.40,0.40,1078,0.00,0.99,2,0.5000,24.50,106,0,0.00,2,9.72,7.26,7.45,16.00
315913,7.81,0.00,2,14.36,13.68,8,14.62,187,0.39,0.39,1118,0.00,0.99,2,0.5000,25.00,106,0,0.00,2,9.43,7.19,6.67,16.10
316017,10.94,0.00,2,14.36,13.52,8,14.61,187,0.36,0.33,1160,0.00,1.08,2,0.5000,25.00,106,0,0.00,2,8.71,6.32,5.88,16.20
316122,10.94,0.00,2,14.36,13.68,8,14.61,187,0.34,0.31,1172,0.00,1.00,2,0.5000,24.50,106,0,0.00,2,8.13,6.19,5.88,16.30
316225,7.81,0.00,2,14.36,13.60,8,14.61,187,0.33,0.32,1152,0.00,1.00,2,0.5000,23.50,106,0,0.00,2,7.84,6.21,5.88,16.20
316329,7.03,0.00,2,14.36,13.68,8,14.62,187,0.33,0.32,1117,0.00,1.00,2,0.5000,23.00,106,0,0.00,2,7.84,6.21,5.88,15.60
316433,7.03,0.00,2,14.36,13.60,8,14.63,187,0.35,0.35,1087,0.00,0.92,2,0.5000,23.00,106,0,0.00,2,7.98,6.83,7.45,15.40
316537,6.25,0.00,2,14.36,13.52,8,14.63,187,0.37,0.40,1094,0.00,0.91,2,0.5000,23.50,106,0,0.00,2,8.56,7.44,7.45,14.10
316641,4.69,0.00,2,14.36,13.52,8,14.62,189,0.39,0.41,1114,0.00,0.99,2,0.5000,24.50,106,0,0.00,2,8.85,7.72,7.84,14.40
316745,5.47,0.00,2,14.36,13.52,8,14.62,189,0.40,0.41,1146,0.00,0.99,2,0.5000,25.50,106,0,0.00,2,9.14,7.90,8.24,14.40
316849,7.03,0.00,2,14.36,13.52,8,14.61,189,0.42,0.43,1166,0.00,0.90,2,0.5000,26.00,106,0,0.00,2,9.87,8.85,10.59,14.50
316953,9.38,0.00,3,14.36,13.52,8,14.60,189,0.47,0.50,1191,0.00,0.88,2,0.5000,27.00,106,0,0.00,2,11.03,10.29,12.55,16.00
317057,15.62,0.00,3,14.36,13.44,8,14.60,189,0.48,0.52,1254,0.00,0.98,2,0.5000,29.50,106,0,0.00,2,11.61,10.81,12.94,15.80
317161,21.09,0.78,3,14.36,13.52,8,14.59,189,0.48,0.49,1355,0.00,0.99,2,0.5000,31.50,106,0,0.00,2,11.61,10.97,12.55,16.70
317265,21.09,0.78,3,14.36,13.44,8,14.58,189,0.46,0.44,1457,0.00,0.99,2,0.5000,33.00,106,0,0.00,2,11.17,10.69,11.37,16.30
317369,18.75,0.78,3,14.36,13.44,8,14.58,189,0.44,0.43,1494,0.00,0.99,2,0.5000,33.00,106,0,0.00,2,10.59,10.61,10.98,15.50
317473,16.41,0.78,3,14.36,13.52,8,14.58,189,0.44,0.43,1513,0.00,0.99,2,0.5000,32.50,106,0,0.00,2,10.30,10.77,10.59,16.00
317577,15.62,1.56,3,14.36,13.60,8,14.58,189,0.44,0.44,1501,0.00,0.99,2,0.5000,32.50,106,0,0.00,2,10.16,11.04,10.59,14.20
317681,14.84,1.56,3,14.36,13.44,8,14.58,189,0.45,0.45,1483,0.00,0.99,2,0.5000,32.50,106,0,0.00,2,10.16,11.16,10.59,14.20
317786,14.06,1.56,3,14.36,13.52,8,14.58,189,0.45,0.45,1492,0.00,0.99,2,0.5000,32.50,106,0,0.00,2,10.16,11.21,10.59,14.10
317889,12.50,1.56,3,14.36,13.44,8,14.58,189,0.45,0.46,1481,0.00,0.99,2,0.5000,32.50,106,0,0.00,2,10.16,11.27,10.59,14.20
317993,11.72,1.56,3,14.36,13.44,8,14.58,189,0.45,0.44,1502,0.00,0.99,2,0.5000,33.00,106,0,0.00,2,9.87,10.97,10.20,14.10
318097,10.16,2.34,3,14.36,13.44,8,14.58,189,0.44,0.44,1494,0.00,0.99,2,0.5000,32.50,106,0,0.00,2,9.87,11.11,10.20,14.00
318201,8.59,2.34,3,14.36,13.52,8,14.58,189,0.44,0.44,1494,0.00,0.99,2,0.5000,32.50,106,0,0.00,2,9.87,11.16,10.20,13.90
318305,7.81,2.34,3,14.36,13.44,8,14.58,189,0.45,0.45,1511,0.00,0.99,2,0.5000,33.00,106,0,0.00,2,9.87,11.31,10.59,13.80
318409,7.03,2.34,3,14.36,13.44,8,14.58,189,0.45,0.45,1506,0.00,0.99,2,0.5000,33.00,106,0,0.00,2,9.87,11.46,10.98,13.90
318514,7.03,2.34,3,14.36,13.52,8,14.58,189,0.45,0.45,1526,0.00,0.98,2,0.5000,33.50,106,0,0.00,2,9.87,11.42,10.20,14.10
318617,7.03,2.34,3,14.36,13.60,8,14.58,189,0.45,0.45,1540,0.00,0.99,2,0.5000,33.50,106,0,0.00,2,9.87,11.41,10.59,14.20
318722,6.25,3.12,3,14.36,13.52,8,14.58,189,0.45,0.45,1542,0.00,0.99,2,0.5000,34.00,106,0,0.00,2,9.87,11.66,10.98,14.20
318826,6.25,4.69,3,14.36,13.44,8,14.58,189,0.45,0.45,1569,0.00,0.99,2,0.5000,34.00,106,0,0.00,2,10.01,11.96,11.37,14.30
318929,7.03,4.69,3,14.36,13.52,8,14.58,189,0.46,0.47,1584,0.00,0.99,2,0.5000,34.50,106,0,0.00,2,10.16,12.08,11.76,14.40
319034,7.03,4.69,3,14.36,13.44,8,14.58,189,0.46,0.47,1584,0.00,0.99,2,0.5000,35.00,106,0,0.00,2,10.16,12.29,11.76,14.70
319137,7.03,4.69,3,14.36,13.60,8,14.57,189,0.46,0.47,1600,0.00,0.99,2,0.5000,35.50,106,0,0.00,2,10.30,12.41,11.76,14.70
319241,7.81,4.69,3,14.36,13.52,8,14.57,189,0.46,0.46,1621,0.00,0.99,2,0.5000,36.00,106,0,0.00,2,10.30,12.62,11.76,14.60
319346,7.81,4.69,3,14.36,13.36,8,14.57,189,0.46,0.46,1650,0.00,0.99,2,0.5000,36.00,106,0,0.00,2,10.30,12.73,11.76,14.60
319449,8.59,4.69,3,14.36,13.52,8,14.57,189,0.47,0.46,1660,0.00,0.99,2,0.5000,36.00,106,1,0.00,2,10.16,12.89,11.76,14.60
319554,8.59,4.69,3,14.36,13.60,8,14.57,189,0.47,0.46,1671,0.00,0.99,2,0.5000,36.50,106,0,0.00,2,10.16,12.95,11.76,14.60
319658,8.59,4.69,3,14.36,12.96,8,14.57,189,0.48,0.48,1663,0.00,0.99,2,0.5000,36.50,106,1,0.00,2,10.30,13.49,12.94,14.60
319762,9.38,4.69,3,14.36,13.44,8,14.57,189,0.48,0.49,1668,0.00,0.99,2,0.5000,37.00,106,1,0.00,2,10.59,13.72,12.94,14.80
319865,10.94,4.69,3,14.36,13.44,8,14.57,189,0.48,0.48,1690,0.00,0.99,2,0.5000,37.50,106,1,0.00,2,10.45,13.67,12.94,14.90
319969,10.94,4.69,3,14.36,13.36,8,14.57,189,0.48,0.48,1704,0.00,0.99,2,0.5000,37.50,106,1,0.00,2,10.45,13.72,12.94,14.80
320074,10.94,4.69,3,14.36,13.52,8,14.57,189,0.49,0.49,1673,0.00,0.99,2,0.5000,37.50,106,2,0.00,2,10.59,13.72,12.94,14.80
320178,11.72,4.69,3,14.36,13.60,8,14.57,189,0.49,0.49,1666,0.00,0.99,2,0.5000,38.00,106,2,0.00,2,10.59,13.78,12.94,14.60
320282,11.72,4.69,3,14.36,13.44,8,14.57,189,0.49,0.50,1673,0.00,0.99,2,0.5000,38.00,106,2,0.00,2,10.59,13.83,12.94,14.70
320386,10.94,4.69,3,14.36,13.44,8,14.57,189,0.49,0.49,1696,0.00,0.99,2,0.5000,38.00,106,3,0.00,2,10.59,13.61,12.94,14.50
320490,10.94,4.69,3,14.36,13.36,8,14.57,189,0.49,0.49,1704,0.00,0.99,2,0.5000,38.00,106,3,0.00,2,10.59,13.95,12.94,14.50
320593,10.94,4.69,3,14.36,13.44,8,14.57,189,0.48,0.48,1714,0.00,0.99,2,0.5000,38.00,106,3,0.00,2,10.30,13.55,12.16,14.40
320698,10.16,4.69,3,14.36,13.52,8,14.57,189,0.47,0.47,1712,0.00,0.99,2,0.5000,37.50,106,3,0.00,2,10.16,13.27,11.76,14.40
320802,8.59,4.69,3,14.36,13.52,8,14.57,189,0.47,0.46,1709,0.00,0.99,2,0.5000,37.00,106,4,0.00,2,10.01,13.06,11.76,14.30
320906,7.81,4.69,3,14.36,13.52,8,14.57,189,0.46,0.47,1715,0.00,0.99,2,0.5000,37.00,106,4,0.00,2,9.87,13.17,11.76,14.10
321009,7.03,4.69,3,14.36,13.44,8,14.57,189,0.46,0.46,1724,0.00,0.99,2,0.5000,37.00,106,5,0.00,2,9.72,13.27,11.76,14.10
321114,7.03,4.69,3,14.36,13.52,8,14.57,189,0.47,0.47,1736,0.00,0.99,2,0.5000,37.50,106,5,0.00,2,10.01,13.71,12.16,14.30
321218,7.03,4.69,3,14.36,13.52,8,14.57,189,0.48,0.48,1752,0.00,0.99,2,0.5000,37.50,106,5,0.00,2,10.16,14.00,12.94,14.30
321322,8.59,4.69,3,14.36,13.52,8,14.57,189,0.49,0.50,1763,0.00,0.99,2,0.5000,38.50,106,5,0.00,2,10.45,14.72,13.73,14.50
321426,10.16,4.69,3,14.36,13.44,8,14.58,189,0.50,0.51,1784,0.00,0.99,2,0.5000,39.50,106,6,0.00,2,11.03,15.32,14.90,15.30
321530,13.28,4.69,3,14.36,13.36,8,14.58,189,0.51,0.51,1806,0.00,0.99,2,0.5000,40.00,106,6,0.00,2,11.17,15.42,14.90,15.20
321634,15.62,4.69,3,14.36,13.60,8,14.58,189,0.51,0.51,1826,0.00,0.99,2,0.5000,40.50,106,6,0.00,2,11.46,15.79,16.08,15.70
321738,17.19,4.69,3,14.36,13.52,8,14.58,189,0.51,0.52,1848,0.00,0.99,2,0.5000,40.50,106,7,0.00,2,11.46,15.90,16.08,15.60
321842,19.53,4.69,3,14.36,13.44,8,14.58,189,0.51,0.51,1871,0.00,0.99,2,0.5000,41.00,106,7,0.00,2,11.61,16.04,16.08,15.40
321946,20.31,4.69,3,14.36,13.44,8,14.58,189,0.51,0.50,1906,0.00,0.99,2,0.5000,41.00,106,8,0.00,2,11.46,16.17,16.08,15.30
322050,21.09,4.69,3,14.36,13.44,8,14.58,189,0.51,0.50,1903,0.00,0.99,2,0.5000,41.00,106,8,0.00,2,11.46,16.04,16.08,15.20
322154,22.66,4.69,3,14.36,13.44,8,14.58,189,0.50,0.50,1921,0.00,0.99,2,0.5000,41.00,106,8,0.00,2,11.32,15.90,15.29,15.10
322258,22.66,4.69,3,14.36,13.52,8,14.57,189,0.49,0.49,1944,0.00,0.99,2,0.5000,41.00,106,9,0.00,2,11.17,15.63,14.90,14.90
322361,21.88,4.69,3,14.36,13.52,8,14.57,189,0.49,0.49,1934,0.00,0.99,2,0.5000,40.50,106,9,0.00,2,11.03,15.63,14.51,14.50
322466,21.09,4.69,3,14.36,13.36,8,14.57,189,0.48,0.48,1938,0.00,0.99,2,0.5000,40.50,106,9,0.00,2,10.74,15.33,14.12,14.40
322570,19.53,4.69,3,14.36,13.44,8,14.57,189,0.46,0.45,1958,0.00,0.99,2,0.5000,40.00,106,10,0.00,2,10.16,14.67,12.55,14.30
322674,16.41,4.69,3,14.36,12.48,8,14.57,189,0.43,0.42,1932,0.00,1.05,2,0.5000,38.50,106,10,0.00,2,9.29,13.17,10.20,14.00
322778,11.72,4.69,3,14.36,12.72,8,14.57,189,0.40,0.39,1903,0.00,1.00,2,0.5000,37.00,106,10,0.00,2,8.56,11.93,9.02,13.50
322882,5.47,4.69,3,14.36,13.52,8,14.56,189,0.39,0.38,1864,0.00,1.00,2,0.5000,36.00,106,11,0.00,2,8.13,11.62,9.02,13.10
322986,0.00,4.69,3,14.36,13.36,8,14.56,189,0.38,0.38,1852,0.00,1.00,2,0.5000,35.50,106,11,0.00,2,7.98,11.76,9.41,12.70
323090,-3.12,4.69,3,14.36,13.52,8,14.56,189,0.39,0.38,1865,0.00,1.00,2,0.5000,35.50,106,11,0.00,2,7.98,12.18,10.20,12.70
323194,-4.69,4.69,3,14.36,13.44,8,14.56,189,0.39,0.40,1887,0.00,0.99,2,0.5000,36.00,106,12,0.00,2,8.13,12.56,10.20,12.90
323298,-3.12,4.69,3,14.36,13.44,8,14.56,189,0.41,0.41,1884,0.00,0.99,2,0.5000,36.00,106,12,0.00,2,8.56,13.16,11.76,13.60
323402,-2.34,4.69,3,14.36,13.44,8,14.57,189,0.43,0.44,1874,0.00,0.99,2,0.5000,37.50,106,12,0.00,2,9.14,14.19,12.55,14.30
323506,1.56,4.69,3,14.36,13.44,8,14.57,189,0.47,0.48,1764,0.00,0.92,2,0.5000,22.50,106,13,0.00,2,9.72,14.49,12.94,17.10
323610,7.03,4.69,3,14.36,13.52,8,14.57,189,0.50,0.52,1629,0.00,0.99,2,0.5000,34.00,106,13,0.00,2,10.45,14.37,12.94,16.00
323715,7.03,4.69,3,14.36,13.44,8,14.58,189,0.51,0.51,1622,0.00,0.99,2,0.5000,38.00,104,14,0.00,2,10.88,13.95,12.94,15.90
323818,5.47,4.69,3,14.36,13.52,8,14.58,189,0.51,0.52,1608,0.00,0.99,2,0.5000,38.00,104,14,0.00,2,11.03,13.72,12.94,15.50
323922,6.25,4.69,3,14.36,13.44,8,14.58,189,0.52,0.53,1580,0.00,0.99,2,0.5000,38.00,104,14,0.00,2,11.03,13.67,12.94,15.10
324026,6.25,4.69,3,14.36,13.44,8,14.58,189,0.52,0.52,1574,0.00,0.99,3,0.5000,38.00,104,15,0.00,2,11.17,13.72,12.94,14.80
324131,6.25,4.69,3,14.36,13.44,8,14.58,189,0.52,0.51,1591,0.00,0.99,3,0.5000,38.50,104,15,0.00,2,11.17,13.61,13.33,14.70
324234,6.25,4.69,3,14.36,13.52,8,14.58,189,0.52,0.53,1606,0.00,0.99,3,0.5000,38.50,104,15,0.00,2,11.32,13.96,13.73,14.60
324338,7.03,4.69,3,14.36,13.44,8,14.58,189,0.52,0.53,1603,0.00,0.99,3,0.5000,39.00,104,16,0.00,2,11.32,14.13,13.73,14.60
324442,7.81,4.69,3,14.36,13.44,8,14.58,189,0.52,0.52,1613,0.00,0.99,3,0.5000,39.00,104,16,0.00,2,11.32,13.90,12.94,15.00
324547,7.81,4.69,3,14.36,13.44,8,14.58,189,0.51,0.50,1622,0.00,0.99,3,0.5000,38.50,104,16,0.00,2,10.88,13.44,12.16,14.80
324650,7.03,4.69,3,14.36,13.44,8,14.58,189,0.50,0.50,1628,0.00,0.99,3,0.5000,38.00,104,16,0.00,2,10.74,13.44,12.16,14.40
324755,6.25,4.69,3,14.36,13.44,8,14.58,189,0.50,0.50,1617,0.00,0.99,3,0.5000,38.00,104,16,0.00,2,10.74,13.49,12.16,14.30
324859,5.47,4.69,3,14.36,13.44,8,14.58,189,0.50,0.51,1598,0.00,0.99,3,0.5000,37.50,104,17,0.00,2,10.74,13.50,12.16,14.30
324962,5.47,4.69,3,14.36,13.36,8,14.58,189,0.50,0.50,1596,0.00,0.99,3,0.5000,37.50,104,17,0.00,2,10.88,13.39,12.16,14.30
325067,5.47,4.69,3,14.36,13.44,8,14.58,189,0.50,0.50,1596,0.00,0.99,3,0.5000,37.50,104,17,0.00,2,10.88,13.50,12.16,14.40
325170,4.69,4.69,3,14.36,13.52,8,14.58,189,0.50,0.50,1611,0.00,0.99,3,0.5000,38.00,104,18,0.00,2,10.88,13.50,12.16,14.40
325275,4.69,4.69,3,14.36,13.52,8,14.58,189,0.50,0.50,1612,0.00,0.99,3,0.5000,38.00,104,17,0.00,2,10.74,13.44,12.16,14.40
325378,4.69,4.69,3,14.36,13.44,8,14.58,187,0.50,0.51,1601,0.00,0.99,3,0.5000,37.50,104,18,0.00,2,10.88,13.50,12.16,14.40
325483,3.91,4.69,3,14.36,13.44,8,14.58,187,0.50,0.50,1602,0.00,0.99,3,0.5000,38.00,104,18,0.00,2,10.88,13.50,12.16,14.50
325587,4.69,4.69,3,14.36,13.52,8,14.58,187,0.50,0.50,1618,0.00,0.99,3,0.5000,38.00,104,18,0.00,2,10.88,13.44,12.16,14.40
325690,4.69,4.69,3,14.36,13.52,8,14.58,187,0.50,0.50,1620,0.00,0.99,3,0.5000,38.00,104,19,0.00,2,10.88,13.50,12.16,14.40
325795,3.91,4.69,3,14.36,13.52,8,14.58,187,0.50,0.50,1624,0.00,0.99,3,0.5000,38.00,104,19,0.00,2,10.74,13.28,12.16,14.50
325898,3.91,4.69,3,14.36,13.44,8,14.58,187,0.50,0.50,1608,0.00,0.99,3,0.5000,37.50,104,19,0.00,2,10.88,13.55,12.55,14.40
326003,3.91,4.69,3,14.36,13.44,8,14.58,187,0.50,0.51,1612,0.00,0.99,3,0.5000,38.00,104,19,0.00,2,10.88,13.60,12.55,14.50
326106,4.69,4.69,3,14.36,13.44,8,14.58,187,0.50,0.50,1631,0.00,0.99,3,0.5000,38.00,104,19,0.00,2,10.88,13.60,12.55,14.60
326210,4.69,4.69,3,14.36,13.44,8,14.58,187,0.50,0.50,1636,0.00,0.99,3,0.5000,38.00,104,20,0.00,2,10.88,13.60,12.55,14.40
326315,4.69,4.69,3,14.36,13.60,8,14.58,187,0.50,0.50,1641,0.00,0.99,3,0.5000,38.00,104,20,0.00,2,10.88,13.72,12.55,15.10
326418,4.69,4.69,3,14.36,13.36,8,14.58,187,0.50,0.51,1630,0.00,0.99,3,0.5000,38.00,104,20,0.00,2,10.88,13.67,12.55,14.50
326523,4.69,4.69,3,14.36,13.36,8,14.57,187,0.49,0.49,1630,0.00,0.99,3,0.5000,37.50,104,20,0.00,2,10.59,13.06,11.76,14.50
326626,4.69,4.69,3,14.36,13.52,8,14.57,187,0.49,0.48,1619,0.00,0.99,3,0.5000,37.00,104,21,0.00,2,10.45,13.06,11.76,14.60
326731,3.12,4.69,3,14.36,13.44,8,14.57,187,0.49,0.48,1624,0.00,0.99,3,0.5000,37.00,104,21,0.00,2,10.45,13.01,11.76,14.30
326835,3.12,4.69,3,14.36,13.52,8,14.58,187,0.49,0.49,1617,0.00,0.99,3,0.5000,37.00,104,21,0.00,2,10.59,13.33,12.16,14.20
326939,3.12,4.69,3,14.36,13.44,8,14.58,187,0.50,0.50,1618,0.00,0.99,3,0.5000,37.50,104,21,0.00,2,10.74,13.39,12.55,14.30
327042,3.12,4.69,3,14.36,13.36,8,14.58,187,0.50,0.50,1614,0.00,0.99,3,0.5000,37.50,104,21,0.00,2,10.88,13.60,12.55,14.30
327147,4.69,4.69,3,14.36,13.52,8,14.58,187,0.50,0.50,1621,0.00,0.99,3,0.5000,38.00,104,22,0.00,2,10.88,13.72,12.94,14.90
327251,4.69,4.69,3,14.36,13.52,8,14.58,187,0.50,0.50,1649,0.00,0.99,3,0.5000,38.00,104,22,0.00,2,11.03,13.83,12.94,14.60
327355,5.47,4.69,3,14.36,13.52,8,14.58,187,0.50,0.50,1662,0.00,0.99,3,0.5000,38.50,104,22,0.00,2,11.03,13.84,13.33,15.20
327459,6.25,4.69,3,14.36,13.52,8,14.58,187,0.50,0.50,1672,0.00,0.99,3,0.5000,38.50,104,22,0.00,2,11.03,14.07,13.33,14.90
327563,7.03,4.69,3,14.36,13.44,8,14.58,187,0.50,0.51,1680,0.00,0.99,3,0.5000,38.50,104,22,0.00,2,11.03,13.96,12.94,14.80
327667,7.81,4.69,3,14.36,13.44,8,14.58,187,0.50,0.50,1686,0.00,0.99,3,0.5000,38.50,104,22,0.00,2,11.03,13.95,12.94,15.00
327771,7.81,4.69,3,14.36,13.36,8,14.58,187,0.50,0.50,1675,0.00,0.99,3,0.5000,38.50,104,22,0.00,2,10.88,13.84,12.94,14.60
327875,7.81,4.69,3,14.36,13.52,8,14.58,187,0.49,0.50,1677,0.00,0.99,3,0.5000,38.50,104,21,0.00,2,10.74,13.84,12.16,14.60
327979,7.81,4.69,3,14.36,13.44,8,14.57,187,0.48,0.47,1675,0.00,0.99,3,0.5000,37.50,104,17,0.00,2,10.30,12.90,10.98,15.30
328083,6.25,4.69,3,14.36,13.44,8,14.57,187,0.45,0.45,1651,0.00,1.05,3,0.5000,36.00,104,13,0.00,2,9.43,11.58,8.63,14.40
328187,2.34,4.69,3,14.36,13.44,8,14.58,187,0.41,0.39,1623,0.00,1.06,3,0.5000,34.00,104,9,0.00,2,8.42,10.24,7.45,14.10
328291,0.78,4.69,2,14.36,13.52,8,14.58,187,0.39,0.37,1570,0.00,1.00,3,0.5000,31.50,104,5,0.00,2,7.98,9.43,6.67,13.70
328395,-1.56,3.91,2,14.36,13.52,8,14.58,187,0.36,0.34,1516,0.00,1.06,3,0.5000,28.50,104,4,0.00,2,7.25,8.39,5.88,13.30
328499,-4.69,3.91,2,14.36,13.44,8,14.58,187,0.34,0.32,1497,0.00,1.00,3,0.5000,25.50,104,3,0.00,2,6.96,8.03,5.88,13.00
328603,-7.81,3.91,2,14.36,13.52,8,14.59,187,0.33,0.33,1470,0.00,1.00,3,0.5000,23.00,104,1,0.00,2,6.82,7.83,5.88,12.60
328707,0.00,3.91,2,14.36,13.52,8,14.59,187,0.32,0.32,1454,0.00,1.00,3,0.5000,20.50,104,0,0.00,2,6.67,7.72,5.88,12.40
328811,0.00,3.12,2,14.36,13.52,10,14.59,187,0.33,0.33,1387,0.00,1.00,3,0.5000,18.00,104,0,0.00,2,6.53,7.68,5.88,12.20
328914,0.00,3.12,2,14.36,13.52,10,14.60,187,0.34,0.34,1336,0.00,1.00,3,0.5000,17.50,104,0,0.00,2,6.53,7.56,5.88,12.20
329019,0.00,3.12,2,14.36,13.52,10,14.60,187,0.34,0.34,1292,0.00,1.00,3,0.5000,17.50,104,0,0.00,2,6.53,7.36,5.49,12.70
329123,0.00,3.12,2,14.36,13.44,10,14.60,187,0.34,0.35,1235,0.00,1.00,3,0.5000,17.00,104,0,0.00,2,6.53,7.18,5.49,13.30
329227,0.00,3.12,2,14.36,13.36,10,14.63,187,0.36,0.39,1114,0.00,1.00,3,0.5000,22.00,104,0,0.00,2,6.67,7.15,5.49,14.10
329331,0.00,2.34,2,14.36,13.52,10,14.62,187,0.37,0.41,1062,0.00,1.00,3,0.5000,22.00,104,0,0.00,2,6.96,7.04,5.10,16.70
329435,0.00,2.34,2,14.36,13.60,10,14.60,187,0.35,0.33,1233,0.00,1.06,3,0.5000,17.00,104,0,0.00,2,6.82,6.67,5.10,17.50
329539,0.00,2.34,2,14.36,13.52,10,14.59,187,0.33,0.31,1304,0.00,1.00,3,0.5000,17.50,104,0,0.00,2,6.53,6.64,5.49,20.50
329643,0.00,2.34,2,14.36,13.52,10,14.59,187,0.31,0.30,1371,0.00,1.00,3,0.5000,18.00,104,0,0.00,2,6.38,6.89,5.88,13.30
329747,-1.56,2.34,2,14.36,13.52,8,14.59,187,0.31,0.30,1379,0.00,1.00,3,0.5000,18.00,104,0,0.00,2,6.24,6.96,5.88,12.70
329851,-5.47,2.34,2,14.36,13.52,8,14.59,187,0.30,0.30,1402,0.00,1.00,3,0.5000,18.00,104,0,0.00,2,6.24,7.00,5.88,12.40
329955,-8.59,2.34,2,14.36,13.52,8,14.59,187,0.30,0.30,1386,0.00,1.00,3,0.5000,18.00,104,0,0.00,2,6.24,7.00,5.88,12.40
330059,-9.38,0.00,2,14.36,13.36,8,14.59,187,0.30,0.30,1380,0.00,1.00,3,0.5000,19.00,104,0,0.00,2,6.09,6.96,5.88,12.50
330163,-10.16,0.00,2,14.36,13.52,8,14.59,187,0.31,0.31,1388,0.00,1.00,3,0.5000,22.50,104,0,0.00,2,6.24,7.19,6.67,12.70
330267,-11.72,0.00,2,14.36,13.52,8,14.59,187,0.32,0.34,1383,0.00,1.00,3,0.5000,26.50,104,0,0.00,2,6.53,7.89,7.45,12.90
330371,-11.72,0.00,2,14.36,13.52,8,14.59,187,0.34,0.35,1412,0.00,0.99,3,0.5000,27.00,104,0,0.00,2,6.96,8.34,7.45,13.10
330475,-10.94,0.00,2,14.36,13.44,8,14.59,187,0.35,0.36,1422,0.00,0.99,3,0.5000,27.50,104,0,0.00,2,7.25,8.52,7.84,13.60
330579,-7.81,0.00,2,14.36,13.52,8,14.59,187,0.35,0.36,1449,0.00,0.99,3,0.5000,28.00,104,0,0.00,2,7.40,8.60,7.84,14.10
330683,-5.47,0.00,2,14.36,13.52,8,14.58,187,0.35,0.35,1451,0.00,0.99,3,0.5000,28.50,104,0,0.00,2,7.55,8.70,7.84,16.70
330787,-2.34,0.00,2,14.36,13.52,8,14.58,187,0.36,0.36,1480,0.00,0.99,3,0.5000,28.50,104,0,0.00,2,7.69,8.75,7.84,15.30
330891,-0.78,0.00,2,14.36,13.52,8,14.58,187,0.36,0.36,1470,0.00,0.99,3,0.5000,29.00,104,0,0.00,2,7.69,8.73,7.84,15.40
330995,0.00,0.00,2,14.36,13.44,8,14.58,187,0.36,0.35,1494,0.00,0.99,3,0.5000,29.00,104,0,0.00,2,7.69,8.83,7.84,15.70
331099,0.00,0.00,2,14.36,13.44,8,14.58,187,0.35,0.35,1486,0.00,0.99,3,0.5000,29.00,104,0,0.00,2,7.69,8.71,7.84,15.50
331203,0.00,0.00,2,14.36,13.44,8,14.58,187,0.35,0.35,1501,0.00,0.99,3,0.5000,29.00,104,0,0.00,2,7.55,8.69,7.84,15.20
331307,-0.78,0.00,2,14.36,13.52,8,14.58,187,0.35,0.35,1503,0.00,0.99,3,0.5000,29.00,104,0,0.00,2,7.55,8.54,7.84,15.00
331411,-0.78,0.00,2,14.36,13.52,8,14.58,187,0.35,0.35,1487,0.00,0.99,3,0.5000,28.50,104,0,0.00,2,7.55,8.71,7.84,15.40
331515,0.00,0.00,2,14.36,13.52,8,14.58,187,0.35,0.35,1502,0.00,0.99,3,0.5000,29.00,104,0,0.00,2,7.55,8.69,7.84,14.60
331619,0.78,0.00,2,14.36,13.44,8,14.58,187,0.35,0.35,1488,0.00,0.99,3,0.5000,29.00,104,0,0.00,2,7.55,8.66,7.45,14.70
331723,0.00,0.00,2,14.36,13.36,8,14.58,187,0.34,0.33,1503,0.00,0.99,3,0.5000,29.00,104,0,0.00,2,7.25,8.27,6.67,14.80
331827,0.00,0.00,2,14.36,13.52,8,14.58,187,0.33,0.32,1495,0.00,0.99,3,0.5000,28.00,104,0,0.00,2,6.96,7.88,6.67,14.70
331931,-2.34,0.00,2,14.36,13.60,8,14.58,187,0.32,0.31,1476,0.00,1.00,3,0.5000,27.50,104,0,0.00,2,6.82,7.65,6.67,14.50
332035,-4.69,0.00,2,14.36,13.52,8,14.58,187,0.31,0.31,1485,0.00,1.00,3,0.5000,27.50,104,0,0.00,2,6.82,7.66,6.67,14.40
332139,-4.69,0.00,2,14.36,13.44,8,14.59,187,0.30,0.30,1463,0.00,1.00,3,0.5000,26.00,104,0,0.00,2,6.53,7.18,5.88,13.90
332243,-5.47,0.00,2,14.36,13.52,8,14.59,187,0.30,0.29,1450,0.00,1.00,3,0.5000,24.00,104,0,0.00,2,6.24,6.89,5.88,13.90
332347,-6.25,0.00,2,14.36,13.52,8,14.59,187,0.29,0.28,1418,0.00,1.00,3,0.5000,22.00,104,0,0.00,2,6.24,6.78,5.88,13.80
332451,-7.03,0.00,2,14.36,13.60,8,14.59,187,0.29,0.29,1422,0.00,1.00,3,0.5000,20.50,104,0,0.00,2,6.09,6.75,5.88,13.80
332555,0.00,0.00,2,14.36,13.44,10,14.59,187,0.29,0.29,1360,0.00,1.00,3,0.5000,18.50,104,0,0.00,2,6.09,6.71,5.88,13.80
332659,0.00,0.00,2,14.36,12.72,10,14.60,187,0.30,0.31,1302,0.00,1.00,3,0.5000,17.50,104,0,0.00,2,6.24,6.67,5.88,13.70
332763,0.00,0.00,2,14.36,13.28,10,14.60,187,0.31,0.32,1250,0.00,1.00,3,0.5000,17.00,104,0,0.00,2,6.53,6.60,5.49,14.10
332867,0.00,0.00,2,14.36,13.52,10,14.61,187,0.32,0.33,1204,0.00,1.00,3,0.5000,17.00,104,0,0.00,2,6.67,6.49,5.49,18.40
332971,0.00,0.00,2,14.36,13.52,10,14.64,187,0.34,0.36,1070,0.00,0.92,3,0.5000,22.00,104,0,0.00,2,6.96,6.46,5.49,16.50
333075,0.00,0.00,2,14.36,13.52,10,14.61,187,0.33,0.36,1071,0.00,1.00,3,0.5000,22.00,104,0,0.00,2,7.25,6.27,5.10,17.50
333180,0.00,0.00,2,14.36,13.52,10,14.60,187,0.31,0.30,1260,0.00,1.00,3,0.5000,17.00,104,0,0.00,2,6.96,6.08,5.10,20.40
333283,0.00,0.00,2,14.36,13.44,10,14.59,187,0.30,0.28,1325,0.00,1.00,3,0.5000,17.50,104,0,0.00,2,6.67,6.21,5.49,20.50
333387,0.00,0.00,2,14.36,13.52,10,14.59,187,0.29,0.28,1323,0.00,1.00,3,0.5000,17.50,104,0,0.00,2,6.53,6.38,5.49,19.80
333491,-0.78,0.00,2,14.36,13.52,8,14.60,187,0.30,0.30,1306,0.00,1.00,3,0.5000,17.50,104,0,0.00,2,6.53,6.49,5.49,13.30
333595,-3.91,0.00,2,14.36,13.52,8,14.60,187,0.30,0.31,1275,0.00,1.00,3,0.5000,17.50,104,0,0.00,2,6.53,6.49,5.49,13.20
333699,-3.12,0.00,2,14.36,13.44,8,14.60,187,0.31,0.31,1248,0.00,1.00,3,0.5000,17.00,104,0,0.00,2,6.53,6.49,5.49,13.60
333803,-3.12,0.00,2,14.36,13.44,8,14.60,187,0.31,0.32,1214,0.00,1.00,3,0.5000,17.00,104,0,0.00,2,6.53,6.42,5.49,13.80
333907,-3.12,0.00,2,14.36,13.60,8,14.61,187,0.32,0.32,1182,0.00,1.00,3,0.5000,17.00,104,0,0.00,2,6.53,6.27,5.49,14.10
334011,-3.12,0.00,2,14.36,13.52,8,14.62,187,0.32,0.32,1148,0.00,1.00,3,0.5000,21.00,104,0,0.00,2,6.67,6.21,5.49,14.20
334115,-3.91,0.00,2,14.36,13.52,8,14.62,187,0.32,0.32,1136,0.00,1.00,3,0.5000,21.50,104,0,0.00,2,6.67,6.14,5.49,14.30
334219,-3.91,0.00,2,14.36,13.44,8,14.63,187,0.32,0.33,1120,0.00,1.00,3,0.5000,22.00,104,0,0.00,2,6.82,6.08,5.10,14.30
334323,-4.69,0.00,2,14.36,13.36,8,14.63,187,0.33,0.33,1099,0.00,1.00,3,0.5000,22.00,104,0,0.00,2,6.82,6.01,5.10,14.30
334427,-5.47,0.00,2,14.36,13.60,8,14.64,187,0.33,0.33,1072,0.00,1.00,3,0.5000,22.00,104,0,0.00,2,6.96,5.95,5.10,14.20
334531,-5.47,0.00,2,14.36,13.52,8,14.64,187,0.33,0.34,1042,0.00,1.00,3,0.5000,22.00,104,0,0.00,2,6.96,5.88,5.10,14.20
334635,-6.25,0.00,2,14.36,13.52,8,14.64,187,0.34,0.35,1016,0.00,1.00,3,0.5000,22.00,104,0,0.00,2,7.11,5.85,5.10,14.10
334739,-6.25,0.00,2,14.36,13.44,8,14.65,187,0.34,0.35,1001,0.00,1.00,3,0.5000,22.00,104,0,0.00,2,7.11,5.79,5.10,14.20
334843,-7.03,0.00,2,14.36,13.52,8,14.66,187,0.35,0.36,972,0.00,1.00,3,0.5000,22.00,104,0,0.00,2,7.25,5.75,5.10,14.10
334947,-7.03,0.00,2,14.36,13.44,8,14.66,187,0.36,0.37,941,0.00,1.00,3,0.5000,22.00,104,0,0.00,2,7.55,5.88,5.49,14.00
335052,-7.81,0.00,2,14.36,13.52,8,14.67,187,0.37,0.39,923,0.00,1.00,3,0.5000,22.00,104,0,0.00,2,7.69,5.95,5.49,14.00
335155,-8.59,0.00,2,14.36,13.44,8,14.67,187,0.37,0.39,902,0.00,1.00,3,0.5000,22.00,104,0,0.00,2,7.98,5.88,5.49,13.90
335260,-8.59,0.00,2,14.36,13.44,8,14.68,187,0.38,0.40,890,0.00,0.99,3,0.5000,22.00,104,0,0.00,2,8.13,5.88,5.49,14.00
335363,-8.59,0.00,2,14.36,13.36,8,14.68,187,0.39,0.41,857,0.00,0.99,3,0.5000,22.00,104,0,0.00,2,8.27,5.82,5.10,14.10
335467,-7.81,0.00,2,14.36,13.36,8,14.68,187,0.40,0.41,846,0.00,0.99,3,0.5000,22.00,104,0,0.00,2,8.56,5.82,5.10,14.20
335572,-7.81,0.00,2,14.36,13.36,8,14.68,187,0.40,0.41,842,0.00,0.99,3,0.5000,22.00,104,0,0.00,2,8.56,5.75,5.10,14.20
335675,-7.81,0.00,2,14.36,13.44,8,14.67,187,0.40,0.39,879,0.00,0.99,3,0.5000,21.00,104,0,0.00,2,8.56,5.75,5.10,14.40
335780,-7.03,0.00,2,14.36,13.52,8,14.66,187,0.39,0.38,918,0.00,1.00,3,0.5000,17.50,104,0,0.00,2,8.56,5.72,5.10,14.50
335884,-7.03,0.00,2,14.36,13.52,8,14.65,187,0.37,0.35,973,0.00,1.00,3,0.5000,16.00,104,0,0.00,2,8.42,5.75,5.10,14.40
335988,-7.03,0.00,2,14.36,13.52,8,14.64,187,0.36,0.34,1021,0.00,1.00,3,0.5000,12.00,104,0,0.00,2,8.27,5.82,5.49,15.20
336091,-7.03,0.00,2,14.36,13.52,8,14.64,187,0.35,0.34,1032,0.00,1.00,3,0.5000,12.00,104,0,0.00,2,8.13,5.88,5.49,14.80
336196,-7.03,0.00,2,14.36,13.60,8,14.64,187,0.35,0.35,1032,0.00,1.00,3,0.5000,12.50,104,0,0.00,2,8.13,5.95,5.49,14.80
336300,-6.25,0.00,2,14.36,13.52,8,14.64,187,0.35,0.35,1026,0.00,1.00,2,0.5000,13.50,104,0,0.00,2,7.98,5.95,5.49,14.70
336404,-5.47,0.00,2,14.36,13.60,8,14.63,187,0.34,0.34,1056,0.00,1.00,2,0.5000,12.00,104,0,0.00,2,7.84,5.95,5.49,14.80
336508,-4.69,0.00,2,14.36,13.60,8,14.62,187,0.33,0.32,1112,0.00,1.00,2,0.5000,17.00,104,0,0.00,2,7.69,5.82,5.10,15.10
336612,-3.91,1.56,1,14.36,13.52,8,14.62,187,0.31,0.29,1144,0.00,1.00,2,0.5000,17.00,104,0,0.00,2,7.40,5.43,4.71,15.20
336716,-3.12,1.56,1,14.36,13.60,8,14.61,187,0.29,0.27,1151,0.00,1.00,2,0.5000,17.00,104,0,0.00,2,6.96,5.05,4.31,15.50
336820,-3.12,1.56,1,14.36,13.60,8,14.62,187,0.28,0.26,1148,0.00,1.00,2,0.5000,17.00,104,0,0.00,2,6.82,4.93,4.31,15.40
336923,-3.91,1.56,1,14.36,13.60,8,14.62,187,0.28,0.27,1126,0.00,1.00,2,0.5000,18.50,104,0,0.00,2,6.67,5.15,5.10,15.40
337028,-3.91,0.00,2,14.36,13.60,8,14.63,187,0.29,0.30,1106,0.00,1.00,2,0.5000,20.50,104,0,0.00,2,6.82,5.63,5.49,15.30
337132,-3.91,0.00,2,14.36,13.60,8,14.63,187,0.30,0.32,1111,0.00,1.00,2,0.5000,22.00,104,0,0.00,2,6.96,5.92,6.27,15.10
337235,-3.12,0.00,2,14.36,13.68,8,14.62,187,0.33,0.35,1128,0.00,0.89,2,0.5000,22.50,104,0,0.00,2,7.55,6.80,7.45,14.80
337340,-0.78,0.00,2,14.36,13.60,8,14.61,187,0.35,0.38,1162,0.00,1.00,2,0.5000,23.50,104,0,0.00,2,7.98,7.32,7.45,15.10
337444,3.91,0.00,2,14.36,13.68,8,14.60,187,0.36,0.36,1225,0.00,0.99,2,0.5000,25.00,104,0,0.00,2,8.27,7.60,7.45,15.30
337547,6.25,0.00,2,14.36,13.52,8,14.60,187,0.37,0.37,1253,0.00,0.99,2,0.5000,25.50,104,0,0.00,2,8.42,7.85,8.24,15.70
337652,8.59,0.00,2,14.36,13.52,8,14.60,187,0.37,0.38,1271,0.00,0.99,2,0.5000,26.00,104,0,0.00,2,8.71,8.06,8.24,16.00
337755,11.72,0.00,2,14.36,13.60,8,14.60,187,0.38,0.38,1297,0.00,0.99,2,0.5000,27.00,104,0,0.00,2,8.71,8.40,9.02,16.10
337860,14.06,0.00,2,14.36,13.52,8,14.59,187,0.40,0.41,1348,0.00,0.99,2,0.5000,28.00,104,0,0.00,2,9.43,9.39,10.20,16.10
337965,15.62,0.00,2,14.36,13.52,8,14.59,187,0.41,0.42,1381,0.00,0.99,2,0.5000,29.00,104,0,0.00,2,9.58,9.89,10.20,15.90
338069,18.75,0.00,2,14.36,13.36,8,14.59,187,0.41,0.42,1423,0.00,0.99,2,0.5000,30.00,104,0,0.00,2,9.72,9.96,10.20,16.10
338173,20.31,0.00,3,14.36,13.44,8,14.58,187,0.41,0.41,1490,0.00,0.99,2,0.5000,31.00,104,0,0.00,2,9.72,10.11,10.20,15.90
338277,17.19,0.00,3,14.36,13.36,8,14.58,187,0.43,0.44,1533,0.00,0.99,2,0.5000,32.00,104,0,0.00,2,10.16,11.48,12.55,15.40
338381,16.41,0.78,3,14.36,13.44,8,14.58,187,0.45,0.47,1554,0.00,0.99,2,0.5000,33.50,104,0,0.00,2,10.59,11.97,12.55,13.90
338484,18.75,0.78,3,14.36,13.60,8,14.57,187,0.46,0.46,1592,0.00,0.99,2,0.5000,35.00,104,0,0.00,2,10.74,12.36,12.94,14.60
338589,21.09,0.78,3,14.36,13.20,8,14.57,187,0.46,0.45,1640,0.00,0.99,2,0.5000,35.50,104,0,0.00,2,10.59,12.39,12.55,15.20
338693,20.31,1.56,3,14.36,13.52,8,14.57,187,0.45,0.46,1672,0.00,0.99,2,0.5000,36.00,104,0,0.00,2,10.45,12.58,12.55,15.10
338798,20.31,1.56,3,14.36,13.44,8,14.57,187,0.45,0.45,1694,0.00,0.99,2,0.5000,36.00,104,0,0.00,2,10.45,12.68,12.55,15.00
338902,20.31,1.56,3,14.36,13.52,8,14.57,187,0.46,0.46,1704,0.00,0.99,2,0.5000,36.50,104,0,0.00,2,10.30,12.96,12.55,14.40
339007,19.53,1.56,3,14.36,13.60,8,14.57,187,0.46,0.46,1714,0.00,0.99,2,0.5000,36.50,104,0,0.00,2,10.30,13.01,12.55,14.50
339112,18.75,1.56,3,14.36,13.60,8,14.57,187,0.46,0.46,1722,0.00,0.99,2,0.5000,36.50,104,0,0.00,2,10.16,13.07,12.55,14.40
339216,17.97,2.34,3,14.36,13.44,8,14.57,187,0.46,0.46,1733,0.00,0.99,2,0.5000,37.00,104,0,0.00,2,10.16,13.12,12.55,14.30
339320,17.97,2.34,3,14.36,13.44,8,14.57,187,0.46,0.45,1741,0.00,0.99,2,0.5000,37.00,104,0,0.00,2,10.01,13.17,12.55,14.30
339424,17.19,2.34,3,14.36,13.52,8,14.57,187,0.46,0.46,1749,0.00,0.99,2,0.5000,37.00,104,0,0.00,2,10.16,13.39,12.16,14.40
339528,16.41,2.34,3,14.36,13.60,8,14.57,187,0.46,0.46,1756,0.00,0.99,2,0.5000,37.00,104,1,0.00,2,10.01,13.39,12.16,14.20
339633,15.62,2.34,3,14.36,13.60,8,14.57,187,0.46,0.46,1765,0.00,0.99,2,0.5000,37.50,104,0,0.00,2,10.01,13.50,12.16,14.20
339736,15.62,2.34,3,14.36,13.44,8,14.57,187,0.46,0.46,1776,0.00,0.99,2,0.5000,37.50,104,1,0.00,2,9.87,13.34,12.55,14.30
339840,14.84,3.12,3,14.36,13.52,8,14.57,187,0.46,0.45,1781,0.00,1.00,2,0.5000,37.50,104,1,0.00,2,10.16,13.67,12.94,14.30
339945,14.84,4.69,3,14.36,13.44,8,14.57,187,0.47,0.47,1792,0.00,0.99,2,0.5000,37.50,104,1,0.00,2,10.30,14.13,13.73,14.40
340049,16.41,4.69,3,14.36,13.52,8,14.57,187,0.48,0.48,1816,0.00,0.99,2,0.5000,38.50,104,1,0.00,2,10.74,14.67,14.51,14.00
340153,17.19,4.69,3,14.36,13.52,8,14.57,187,0.48,0.49,1838,0.00,0.99,2,0.5000,39.50,104,2,0.00,2,10.88,15.15,14.51,14.90
340257,18.75,4.69,3,14.36,13.44,8,14.57,187,0.48,0.48,1864,0.00,0.99,2,0.5000,39.50,104,2,0.00,2,10.88,14.97,14.51,15.00
340361,18.75,4.69,3,14.36,13.52,8,14.57,187,0.48,0.48,1898,0.00,0.99,2,0.5000,40.00,104,2,0.00,2,10.88,15.26,14.51,15.00
340465,19.53,4.69,3,14.36,13.52,8,14.57,187,0.48,0.48,1912,0.00,0.99,2,0.5000,40.00,104,3,0.00,2,10.88,15.27,14.51,14.80
340569,20.31,4.69,3,14.36,13.60,8,14.57,187,0.48,0.47,1905,0.00,0.99,2,0.5000,40.00,104,3,0.00,2,10.74,15.38,14.51,14.70
340673,20.31,4.69,3,14.36,13.44,8,14.57,187,0.48,0.48,1936,0.00,0.99,2,0.5000,40.00,104,3,0.00,2,10.88,15.38,14.90,14.80
340777,21.09,4.69,3,14.36,13.52,8,14.57,187,0.48,0.48,1954,0.00,0.99,2,0.5000,40.50,104,4,0.00,2,10.88,15.64,14.90,14.60
340881,21.88,4.69,3,14.36,13.44,8,14.57,187,0.48,0.48,1969,0.00,0.99,2,0.5000,40.50,104,4,0.00,2,10.88,15.77,14.90,14.70
340985,21.88,4.69,3,14.36,13.52,8,14.57,187,0.48,0.48,2006,0.00,0.99,2,0.5000,41.00,104,4,0.00,2,10.74,15.77,14.90,14.90
341089,22.66,4.69,3,14.36,13.52,8,14.57,187,0.47,0.48,1997,0.00,0.99,2,0.5000,41.00,104,4,0.00,2,10.74,15.91,14.90,14.70
341193,22.66,4.69,3,14.36,13.52,8,14.57,187,0.47,0.47,2024,0.00,0.99,2,0.5000,40.50,104,5,0.00,2,10.74,16.04,14.90,15.00
341297,23.44,4.69,3,14.36,13.52,8,14.57,187,0.47,0.47,2023,0.00,0.99,2,0.5000,40.50,104,5,0.00,2,10.74,15.90,14.90,14.60
341402,23.44,4.69,3,14.36,13.44,8,14.57,187,0.47,0.47,2056,0.00,0.99,2,0.5000,40.50,104,5,0.00,2,10.59,15.98,14.90,14.60
341505,23.44,4.69,3,14.36,13.52,8,14.58,187,0.47,0.47,2058,0.00,0.99,2,0.5000,40.50,104,6,0.00,2,10.59,16.18,14.90,14.50
341609,23.44,4.69,3,14.36,13.52,8,14.57,187,0.47,0.46,2074,0.00,0.99,2,0.5000,40.50,104,7,0.00,2,10.59,16.18,14.90,14.60
341713,23.44,4.69,3,14.36,13.36,8,14.58,187,0.46,0.47,2104,0.00,0.99,2,0.5000,40.50,104,7,0.00,2,10.59,16.32,14.90,14.50
341817,23.44,4.69,3,14.36,13.52,8,14.58,187,0.46,0.46,2102,0.00,0.99,2,0.5000,40.50,104,8,0.00,2,10.45,16.45,14.90,14.50
341921,23.44,4.69,3,14.36,13.44,8,14.58,187,0.46,0.46,2135,0.00,0.99,2,0.5000,40.50,104,8,0.00,2,10.45,16.46,14.90,14.40
342025,23.44,4.69,3,14.36,13.44,8,14.58,187,0.46,0.46,2150,0.00,0.99,2,0.5000,40.50,104,8,0.00,2,10.45,16.46,14.90,14.40
342129,23.44,4.69,3,14.36,13.52,8,14.58,187,0.46,0.46,2149,0.00,0.99,2,0.5000,40.50,104,9,0.00,2,10.45,16.32,14.90,14.50
342233,23.44,4.69,3,14.36,13.44,8,14.58,187,0.46,0.46,2160,0.00,0.99,2,0.5000,40.50,104,9,0.00,2,10.30,16.32,14.90,14.40
342338,23.44,4.69,3,14.36,13.44,8,14.58,187,0.45,0.45,2188,0.00,0.99,2,0.5000,40.50,104,10,0.00,2,10.30,16.46,14.90,14.40
342442,22.66,4.69,3,14.36,13.60,8,14.58,187,0.44,0.44,2201,0.00,0.99,2,0.5000,40.50,104,10,0.00,2,9.87,16.04,14.12,14.40
342546,21.88,4.69,3,14.36,13.44,8,14.58,187,0.43,0.43,2210,0.00,1.00,2,0.5000,40.00,104,11,0.00,2,9.72,15.51,13.73,14.30
342650,20.31,4.69,3,14.36,13.36,8,14.58,187,0.43,0.43,2199,0.00,1.00,2,0.5000,40.00,104,11,0.00,2,9.58,15.64,13.73,14.10
342754,19.53,4.69,3,14.36,13.44,8,14.58,187,0.43,0.43,2210,0.00,1.00,2,0.5000,40.00,104,12,0.00,2,9.58,15.77,13.73,14.20
342858,19.53,4.69,3,14.36,13.52,8,14.58,187,0.43,0.42,2207,0.00,1.00,2,0.5000,40.00,104,12,0.00,2,9.43,15.63,13.73,14.40
342962,19.53,4.69,3,14.36,13.52,8,14.57,187,0.44,0.44,2150,0.00,0.99,2,0.5000,25.00,104,13,0.00,2,9.58,15.90,13.73,14.40
343067,19.53,4.69,3,14.36,13.52,8,14.57,187,0.46,0.48,1974,0.00,0.99,2,0.5000,24.50,104,13,0.00,2,10.01,15.70,14.12,14.40
343170,17.97,4.69,3,14.36,13.52,8,14.57,187,0.49,0.50,1893,0.00,0.99,2,0.5000,39.50,104,14,0.00,2,10.45,15.77,14.12,14.30
343274,17.19,4.69,3,14.36,13.36,8,14.57,187,0.50,0.50,1848,0.00,0.99,2,0.5000,40.00,104,15,0.00,2,10.74,15.51,14.51,14.20
343378,17.19,4.69,3,14.36,13.60,8,14.58,187,0.50,0.51,1800,0.00,0.99,2,0.5000,40.00,104,16,0.00,2,10.88,15.27,14.51,14.20
343482,16.41,4.69,3,14.36,13.60,8,14.58,187,0.51,0.51,1792,0.00,0.99,3,0.5000,40.00,104,16,0.00,2,10.88,15.15,13.73,14.30
343586,14.84,4.69,3,14.36,13.52,8,14.58,187,0.50,0.51,1794,0.00,0.99,3,0.5000,40.00,104,16,0.00,2,10.88,15.15,13.73,14.20
343690,14.06,4.69,3,14.36,13.52,8,14.58,187,0.50,0.50,1798,0.00,0.99,3,0.5000,39.50,104,17,0.00,2,10.88,15.09,13.73,14.10
343795,13.28,4.69,3,14.36,13.44,8,14.58,187,0.50,0.50,1812,0.00,0.99,3,0.5000,40.00,104,17,0.00,2,10.88,14.97,13.73,14.10
343898,12.50,4.69,3,14.36,13.52,8,14.58,187,0.50,0.50,1816,0.00,0.99,3,0.5000,39.50,104,18,0.00,2,10.88,15.03,13.73,14.20
344002,12.50,4.69,3,14.36,13.60,8,14.57,187,0.50,0.50,1817,0.00,0.99,3,0.5000,39.50,104,18,0.00,2,10.88,15.14,13.73,14.20
344107,12.50,4.69,3,14.36,13.52,8,14.58,187,0.50,0.51,1819,0.00,0.99,3,0.5000,40.00,104,19,0.00,2,10.88,15.27,14.12,14.30
344211,12.50,4.69,3,14.36,13.52,8,14.58,187,0.50,0.50,1811,0.00,0.99,3,0.5000,40.00,104,19,0.00,2,10.88,15.15,14.12,14.50
344314,11.72,4.69,3,14.36,13.36,8,14.58,187,0.50,0.50,1817,0.00,0.99,3,0.5000,40.00,104,19,0.00,2,10.88,15.09,14.12,14.40
344419,11.72,4.69,3,14.36,13.52,8,14.57,187,0.48,0.48,1814,0.00,0.99,3,0.5000,39.50,104,20,0.00,2,10.30,14.21,11.76,14.50
344522,9.38,4.69,3,14.36,13.60,8,14.57,187,0.45,0.44,1798,0.00,0.99,3,0.5000,38.00,104,20,0.00,2,9.58,12.96,10.59,14.50
344626,4.69,4.69,3,14.36,13.68,8,14.57,187,0.44,0.43,1753,0.00,1.00,3,0.5000,36.50,104,20,0.00,2,9.29,12.52,9.80,14.00
344730,1.56,4.69,3,14.36,13.52,8,14.57,187,0.44,0.44,1716,0.00,1.00,3,0.5000,35.50,104,21,0.00,2,9.00,12.30,9.80,13.40
344835,-1.56,4.69,3,14.36,13.52,8,14.57,187,0.44,0.44,1702,0.00,0.99,3,0.5000,35.50,104,21,0.00,2,9.00,12.41,9.80,13.20
344938,-2.34,4.69,3,14.36,13.52,8,14.57,187,0.45,0.45,1687,0.00,0.99,3,0.5000,35.50,104,21,0.00,2,9.14,12.74,10.59,13.40
345042,-3.91,4.69,3,14.36,13.52,8,14.57,187,0.45,0.46,1689,0.00,0.99,3,0.5000,36.00,104,22,0.00,2,9.58,13.06,11.37,13.40
345147,-3.12,4.69,3,14.36,13.52,8,14.57,187,0.46,0.47,1702,0.00,0.99,3,0.5000,36.50,104,22,0.00,2,9.72,13.39,11.76,14.00
345251,-1.56,4.69,3,14.36,13.60,8,14.57,187,0.47,0.48,1714,0.00,0.99,3,0.5000,37.00,104,22,0.00,2,10.16,13.90,12.16,14.20
345355,0.78,4.69,3,14.36,13.44,8,14.57,187,0.48,0.49,1730,0.00,0.99,3,0.5000,38.00,104,22,0.00,2,10.30,14.19,12.94,15.40
345459,3.91,4.69,3,14.36,13.52,8,14.57,187,0.49,0.49,1742,0.00,0.99,3,0.5000,38.50,104,23,0.00,2,10.59,14.32,13.33,15.60
345563,6.25,4.69,3,14.36,13.44,8,14.57,185,0.49,0.50,1762,0.00,0.99,3,0.5000,39.00,104,23,0.00,2,10.59,14.56,13.33,15.50
345667,7.03,4.69,3,14.36,13.60,8,14.57,185,0.49,0.49,1778,0.00,0.99,3,0.5000,39.00,104,23,0.00,2,10.74,14.55,13.33,15.50
345771,8.59,4.69,3,14.36,13.52,8,14.57,185,0.49,0.49,1813,0.00,0.99,3,0.5000,39.00,104,23,0.00,2,10.74,14.79,13.73,15.30
345875,9.38,4.69,3,14.36,13.44,8,14.57,185,0.48,0.48,1828,0.00,0.99,3,0.5000,39.50,104,23,0.00,2,10.74,14.62,13.73,15.20
345980,10.16,4.69,3,14.36,13.52,8,14.57,185,0.47,0.46,1835,0.00,0.99,3,0.5000,39.00,104,23,0.00,2,10.30,13.96,12.16,14.90
346084,9.38,4.69,3,14.36,13.52,8,14.57,185,0.46,0.45,1810,0.00,0.99,3,0.5000,38.00,104,20,0.00,2,10.01,13.79,12.16,15.20
346188,8.59,4.69,3,14.36,13.52,8,14.57,185,0.46,0.46,1801,0.00,0.99,3,0.5000,38.00,104,17,0.00,2,9.87,13.84,12.16,14.40
346293,8.59,4.69,3,14.36,13.44,8,14.57,185,0.46,0.47,1800,0.00,0.99,3,0.5000,38.00,104,12,0.00,2,9.72,13.96,12.16,14.40
346398,8.59,4.69,3,14.36,13.52,8,14.57,185,0.46,0.47,1818,0.00,0.99,3,0.5000,38.00,104,8,0.00,2,9.72,13.79,12.16,14.60
346502,8.59,4.69,3,14.36,13.60,8,14.57,185,0.46,0.46,1822,0.00,0.99,3,0.5000,38.00,104,5,0.00,2,9.72,13.91,12.16,14.60
346606,7.81,4.69,3,14.36,13.44,8,14.57,185,0.46,0.46,1831,0.00,0.99,3,0.5000,38.00,104,4,0.00,2,9.72,14.08,12.55,14.50
346710,7.81,4.69,3,14.36,13.52,8,14.57,185,0.46,0.46,1821,0.00,0.99,3,0.5000,38.50,104,2,0.00,2,9.87,14.20,12.55,14.40
346814,8.59,4.69,3,14.36,13.52,8,14.57,185,0.47,0.47,1827,0.00,0.99,3,0.5000,38.50,104,1,0.00,2,9.87,14.32,12.55,14.50
346918,8.59,4.69,3,14.36,13.52,8,14.57,185,0.47,0.47,1834,0.00,0.99,3,0.5000,38.50,104,1,0.00,2,9.87,14.26,12.55,14.50
347023,8.59,4.69,3,14.36,13.60,8,14.57,185,0.47,0.47,1853,0.00,0.99,3,0.5000,38.50,104,0,0.00,2,10.01,14.32,12.55,14.70
347126,8.59,4.69,3,14.36,13.44,8,14.57,185,0.46,0.46,1858,0.00,0.99,3,0.5000,38.50,104,0,0.00,2,9.87,14.32,12.55,14.50
347230,9.38,4.69,3,14.36,13.52,8,14.57,185,0.46,0.46,1849,0.00,0.99,3,0.5000,38.50,104,0,0.00,2,9.87,14.09,12.16,14.60
347335,9.38,4.69,3,14.36,13.52,8,14.57,185,0.45,0.45,1848,0.00,0.99,3,0.5000,38.00,104,0,0.00,2,9.58,13.91,11.76,14.50
347439,7.81,4.69,3,14.36,13.52,8,14.57,185,0.45,0.45,1849,0.00,0.99,3,0.5000,38.00,104,0,0.00,2,9.43,13.85,11.76,14.50
347542,7.03,4.69,3,14.36,13.52,8,14.57,185,0.45,0.46,1866,0.00,0.99,3,0.5000,38.50,102,0,0.00,2,9.58,14.02,12.16,14.30
347647,7.03,4.69,3,14.36,13.44,8,14.57,185,0.45,0.45,1868,0.00,0.99,3,0.5000,38.50,102,0,0.00,2,9.58,14.20,12.16,14.30
347751,7.81,4.69,3,14.36,13.52,8,14.57,185,0.46,0.45,1860,0.00,0.99,3,0.5000,38.50,102,0,0.00,2,9.72,14.20,12.16,14.40
347855,7.81,4.69,3,14.36,13.52,8,14.57,185,0.45,0.46,1868,0.00,0.99,3,0.5000,38.50,102,0,0.00,2,9.72,14.26,12.16,14.50
347959,8.59,4.69,3,14.36,13.60,8,14.57,185,0.45,0.45,1886,0.00,0.99,3,0.5000,38.50,102,0,0.00,2,9.58,14.02,12.16,14.70
348063,8.59,4.69,3,14.36,13.52,8,14.57,185,0.45,0.45,1891,0.00,0.99,3,0.5000,38.50,102,0,0.00,2,9.72,14.08,12.16,14.70
348167,8.59,4.69,3,14.36,13.60,8,14.57,185,0.43,0.44,1878,0.00,1.05,3,0.5000,38.00,102,0,0.00,2,9.14,12.76,9.80,14.60
348271,7.81,4.69,2,14.36,13.44,8,14.57,185,0.36,0.33,1851,0.00,1.11,3,0.5000,35.00,102,0,0.00,2,7.55,9.81,6.67,14.50
348375,4.69,4.69,2,14.36,13.52,8,14.56,185,0.31,0.28,1798,0.00,1.09,3,0.5000,30.00,102,0,0.00,2,6.38,8.19,5.88,14.00
348479,0.78,3.91,2,14.36,13.68,8,14.56,185,0.29,0.27,1757,0.00,1.00,3,0.5000,27.00,102,0,0.00,2,5.80,7.91,5.49,13.10
348583,-3.12,3.91,2,14.36,13.68,8,14.57,185,0.28,0.27,1734,0.00,1.00,3,0.5000,25.00,102,0,0.00,2,5.66,7.68,5.49,12.50
348687,0.00,3.91,2,14.36,13.52,10,14.57,185,0.27,0.27,1702,0.00,1.00,3,0.5000,23.00,102,0,0.00,2,5.37,7.60,5.49,12.20
348791,0.00,3.91,2,14.36,13.52,10,14.57,185,0.27,0.27,1642,0.00,1.00,3,0.5000,21.00,102,0,0.00,2,5.37,7.44,5.49,12.20
348895,0.00,3.12,2,14.36,13.52,10,14.57,185,0.27,0.27,1619,0.00,0.99,3,0.5000,20.50,102,0,0.00,2,5.37,7.29,5.49,12.40
348999,0.00,3.12,2,14.36,13.60,10,14.58,185,0.27,0.27,1612,0.00,0.99,3,0.5000,20.50,102,0,0.00,2,5.22,7.15,5.49,13.00
349104,0.00,3.12,2,14.36,13.60,10,14.58,185,0.27,0.27,1559,0.00,0.99,3,0.5000,19.50,102,0,0.00,2,5.22,7.07,5.49,13.80
349207,0.00,3.12,2,14.36,13.52,10,14.58,185,0.28,0.28,1490,0.00,0.99,3,0.5000,19.00,102,0,0.00,2,5.37,7.04,5.10,15.20
349311,0.00,3.12,2,14.36,13.52,10,14.59,185,0.28,0.28,1465,0.00,0.99,3,0.5000,18.50,102,0,0.00,2,5.37,6.86,5.10,16.50
349415,0.00,2.34,2,14.36,13.52,10,14.59,185,0.28,0.28,1428,0.00,0.99,3,0.5000,18.50,102,0,0.00,2,5.37,6.75,5.10,18.90
349519,0.00,2.34,2,14.36,13.60,10,14.59,185,0.28,0.28,1427,0.00,0.99,3,0.5000,18.50,102,0,0.00,2,5.37,6.71,5.10,22.70
349623,0.00,2.34,2,14.36,13.52,10,14.59,185,0.28,0.28,1405,0.00,0.97,3,0.5000,18.50,102,0,0.00,2,5.37,6.64,5.10,28.80
349727,0.00,2.34,2,14.36,13.52,10,14.58,185,0.28,0.27,1507,0.00,0.97,3,0.5000,22.50,102,0,0.00,2,5.51,6.93,6.27,36.20
349831,0.00,2.34,2,14.36,13.36,10,14.57,185,0.28,0.28,1668,0.00,0.97,3,0.5000,28.50,102,0,0.00,2,5.80,8.03,7.45,54.90
349935,0.00,2.34,2,14.36,13.52,10,14.57,185,0.29,0.29,1738,0.00,0.97,3,0.5000,30.00,102,0,0.00,2,5.95,8.59,7.45,57.00
350039,0.00,1.56,2,14.36,13.60,10,14.56,185,0.30,0.30,1757,0.00,0.97,3,0.5000,30.50,102,0,0.00,2,6.09,8.88,7.84,18.40
350143,0.00,0.00,2,14.36,13.60,10,14.56,185,0.30,0.31,1762,0.00,0.98,3,0.5000,31.00,102,0,0.00,2,6.24,9.15,7.84,15.90
350247,0.00,0.00,2,14.36,13.52,10,14.56,185,0.31,0.31,1758,0.00,0.97,3,0.5000,31.00,102,0,0.00,2,6.38,8.97,8.24,15.80
350351,0.00,0.00,2,14.36,13.44,10,14.56,185,0.31,0.31,1767,0.00,0.97,3,0.5000,31.50,102,1,0.00,2,6.38,9.06,8.24,16.30
350455,0.00,0.00,2,14.36,13.44,8,14.56,185,0.31,0.31,1771,0.00,0.99,3,0.5000,31.50,102,1,0.00,2,6.38,9.16,8.24,14.80
350560,0.00,0.00,2,14.36,13.60,8,14.56,185,0.31,0.31,1775,0.00,0.99,3,0.5000,31.50,102,2,0.00,2,6.38,9.12,7.84,14.80
350663,0.78,0.00,2,14.36,13.60,8,14.56,185,0.30,0.30,1768,0.00,0.99,3,0.5000,31.50,102,2,0.00,2,6.38,8.96,7.84,14.60
350767,0.78,0.00,2,14.36,13.60,8,14.56,185,0.30,0.30,1766,0.00,0.99,3,0.5000,31.50,102,2,0.00,2,6.24,8.94,7.84,14.10
350871,0.00,0.00,2,14.36,13.52,8,14.56,185,0.30,0.30,1761,0.00,0.99,3,0.5000,31.50,102,3,0.00,2,6.24,8.90,7.84,14.60
350975,-0.78,0.00,2,14.36,13.52,8,14.56,185,0.30,0.30,1766,0.00,0.99,3,0.5000,31.50,102,3,0.00,2,6.24,8.87,7.84,14.40
351079,-0.78,0.00,2,14.36,13.68,8,14.56,185,0.30,0.30,1770,0.00,0.99,3,0.5000,31.50,102,4,0.00,2,6.09,8.67,7.45,14.40
351183,-0.78,0.00,2,14.36,13.52,8,14.56,185,0.29,0.29,1773,0.00,0.99,3,0.5000,31.00,102,4,0.00,2,6.09,8.65,7.06,14.40
351287,-1.56,0.00,2,14.36,13.60,8,14.57,185,0.27,0.27,1780,0.00,0.99,3,0.5000,31.00,102,4,0.00,2,5.51,7.74,5.88,14.40
351391,-2.34,0.00,2,14.36,13.52,8,14.57,185,0.25,0.24,1762,0.00,0.99,3,0.5000,28.00,102,4,0.00,2,5.22,6.93,5.49,14.50
351495,-3.91,0.00,2,14.36,13.60,8,14.57,185,0.24,0.24,1737,0.00,1.00,3,0.5000,26.00,102,5,0.00,2,4.93,6.82,5.49,14.20
351600,-5.47,0.00,2,14.36,13.60,8,14.57,185,0.24,0.24,1706,0.00,1.00,3,0.5000,24.50,102,5,0.00,2,4.93,6.75,5.49,13.90
351703,0.00,0.00,2,14.36,13.52,10,14.57,185,0.24,0.24,1671,0.00,1.00,3,0.5000,22.50,102,6,0.00,2,4.93,6.71,5.49,13.50
351807,0.00,0.00,2,14.36,12.72,10,14.57,185,0.24,0.24,1637,0.00,1.00,3,0.5000,21.00,102,6,0.00,2,5.08,6.64,5.49,13.30
351911,0.00,0.00,2,14.36,13.60,10,14.57,185,0.24,0.24,1610,0.00,0.99,3,0.5000,20.50,102,7,0.00,2,5.22,6.60,5.49,13.60
352015,0.00,0.00,2,14.36,13.44,10,14.58,185,0.24,0.24,1603,0.00,0.99,3,0.5000,20.00,102,7,0.00,2,5.22,6.53,5.49,13.90
352120,0.00,0.00,2,14.36,13.60,10,14.58,185,0.25,0.25,1539,0.00,0.99,3,0.5000,19.50,102,7,0.00,2,5.22,6.49,5.49,14.80
352224,0.00,0.00,2,14.36,13.52,10,14.59,185,0.26,0.26,1468,0.00,0.99,3,0.5000,18.50,102,8,0.00,2,5.37,6.46,5.10,16.10
352327,0.00,0.00,2,14.36,13.52,10,14.59,185,0.26,0.26,1444,0.00,0.99,3,0.5000,18.50,102,8,0.00,2,5.37,6.35,5.10,18.30
352431,0.00,0.00,2,14.36,13.52,10,14.59,185,0.26,0.27,1406,0.00,1.00,3,0.5000,18.00,102,8,0.00,2,5.37,6.27,5.10,21.30
352536,0.00,0.00,2,14.36,13.60,10,14.59,185,0.27,0.27,1398,0.00,1.00,3,0.5000,18.00,102,8,0.00,2,5.37,6.27,5.10,26.10
352639,0.00,0.00,2,14.36,13.52,10,14.59,185,0.27,0.27,1368,0.00,1.00,3,0.5000,18.00,102,9,0.00,2,5.37,6.24,4.71,32.00
352744,0.00,0.00,2,14.36,13.52,10,14.59,185,0.27,0.28,1354,0.00,1.00,3,0.5000,17.50,102,9,0.00,2,5.51,6.21,4.71,55.50
352847,0.00,0.00,2,14.36,13.52,10,14.59,185,0.27,0.27,1348,0.00,1.00,3,0.5000,17.50,102,9,0.00,2,5.51,6.17,4.71,68.20
352952,0.00,0.00,2,14.36,13.52,10,14.60,185,0.27,0.28,1314,0.00,1.00,3,0.5000,17.50,102,9,0.00,2,5.51,6.14,4.71,79.20
353055,0.00,0.00,2,14.36,13.60,10,14.60,185,0.28,0.28,1297,0.00,1.00,3,0.5000,17.50,102,9,0.00,2,5.51,6.11,4.71,86.50
353159,0.00,0.00,2,14.36,13.36,10,14.60,185,0.28,0.29,1288,0.00,1.00,3,0.5000,17.50,102,9,0.00,2,5.51,6.08,4.71,93.00
353264,0.00,0.00,2,14.36,13.52,10,14.60,185,0.28,0.29,1271,0.00,1.00,3,0.5000,17.50,102,3,0.00,2,5.66,6.01,4.71,96.00
353368,0.00,0.00,2,14.36,13.52,10,14.60,185,0.29,0.29,1248,0.00,1.00,3,0.5000,17.00,102,0,0.00,2,5.66,5.98,4.71,96.00
353471,0.00,0.00,2,14.36,13.12,10,14.60,185,0.29,0.29,1212,0.00,1.00,3,0.5000,17.00,102,0,0.00,2,5.66,5.98,4.71,96.00
353576,0.00,0.00,2,14.36,13.60,10,14.61,185,0.31,0.31,1178,0.00,1.00,3,0.5000,17.00,102,0,0.00,2,6.09,6.42,5.49,96.00
353679,0.00,0.00,2,14.36,13.52,10,14.62,185,0.32,0.34,1146,0.00,1.00,3,0.5000,22.00,102,0,0.00,2,6.38,6.56,5.49,96.00
353783,0.00,0.00,2,14.36,13.44,10,14.63,185,0.33,0.34,1101,0.00,1.00,3,0.5000,22.00,102,0,0.00,2,6.53,6.46,5.10,96.00
353887,0.00,0.00,2,14.36,13.60,10,14.65,185,0.34,0.37,1043,0.00,1.00,3,0.5000,22.00,102,0,0.00,2,6.67,6.35,5.10,96.00
353992,0.00,0.00,2,14.36,13.52,10,14.62,185,0.34,0.34,1112,0.00,1.00,3,0.5000,17.00,102,0,0.00,2,6.82,6.21,5.10,96.00
354095,0.00,0.00,2,14.36,13.52,10,14.60,185,0.31,0.29,1252,0.00,1.06,3,0.5000,17.00,102,0,0.00,2,6.67,6.11,5.10,99.90
354199,0.00,0.00,2,14.36,13.52,10,14.59,185,0.30,0.28,1337,0.00,1.00,3,0.5000,17.50,102,0,0.00,2,6.24,6.21,5.49,96.00
354303,0.00,0.00,2,14.36,13.52,10,14.59,185,0.29,0.28,1370,0.00,1.00,3,0.5000,18.00,102,0,0.00,2,6.09,6.42,5.49,69.00
354408,0.00,0.00,2,14.36,13.52,10,14.59,185,0.28,0.28,1389,0.00,1.00,3,0.5000,18.00,102,0,0.00,2,5.95,6.49,5.49,29.50
354512,0.00,0.00,2,14.36,13.52,10,14.59,185,0.28,0.28,1376,0.00,1.00,3,0.5000,18.00,102,0,0.00,2,5.95,6.53,5.88,20.90
354616,0.00,0.00,2,14.36,13.60,10,14.59,185,0.28,0.29,1380,0.00,1.00,3,0.5000,18.00,102,0,0.00,2,5.95,6.53,5.88,18.60
354719,0.00,0.00,2,14.36,13.60,8,14.59,185,0.29,0.29,1354,0.00,1.00,3,0.5000,17.50,102,0,0.00,2,5.95,6.53,5.88,19.30
354824,-2.34,0.00,2,14.36,13.52,8,14.59,185,0.29,0.29,1353,0.00,1.00,3,0.5000,17.50,102,0,0.00,2,5.95,6.49,5.49,16.00
354928,-3.12,0.00,2,14.36,13.36,8,14.59,185,0.29,0.29,1362,0.00,1.00,3,0.5000,18.00,102,0,0.00,2,5.95,6.49,5.49,15.30
355032,-3.12,0.00,2,14.36,13.52,8,14.59,185,0.29,0.29,1346,0.00,1.00,3,0.5000,17.50,102,0,0.00,2,5.95,6.46,5.49,14.70
355136,-3.12,0.00,2,14.36,13.28,8,14.59,185,0.29,0.29,1345,0.00,1.00,3,0.5000,17.50,102,0,0.00,2,5.95,6.42,5.49,14.40
355239,-3.91,0.00,2,14.36,13.60,8,14.59,185,0.29,0.29,1344,0.00,1.00,3,0.5000,17.50,102,0,0.00,2,5.95,6.42,5.49,14.20
355344,-3.91,0.00,2,14.36,13.52,8,14.59,185,0.29,0.29,1325,0.00,1.00,3,0.5000,17.50,102,0,0.00,2,5.95,6.38,5.49,14.30
355448,-4.69,0.00,2,14.36,13.36,8,14.60,185,0.29,0.29,1311,0.00,1.00,3,0.5000,17.50,102,0,0.00,2,5.95,6.35,5.49,14.20
355552,-5.47,0.00,2,14.36,13.52,8,14.60,185,0.29,0.29,1310,0.00,1.00,3,0.5000,17.50,102,0,0.00,2,5.95,6.31,5.49,14.10
355656,-5.47,0.00,2,14.36,13.44,8,14.60,185,0.29,0.29,1293,0.00,1.00,3,0.5000,17.50,102,0,0.00,2,6.09,6.27,5.49,14.20
355760,-5.47,0.00,2,14.36,13.60,8,14.60,185,0.29,0.29,1270,0.00,1.00,3,0.5000,17.50,102,0,0.00,2,6.09,6.24,5.49,14.20
355864,-6.25,0.00,2,14.36,13.52,8,14.60,185,0.29,0.29,1264,0.00,1.00,3,0.5000,17.50,102,0,0.00,2,6.09,6.21,5.49,14.10
355968,-6.25,0.00,2,14.36,13.52,8,14.60,185,0.29,0.30,1252,0.00,1.00,3,0.5000,17.00,102,0,0.00,2,6.09,6.17,5.49,14.20
356072,-6.25,0.00,2,14.36,13.60,8,14.60,185,0.30,0.30,1235,0.00,1.00,3,0.5000,17.00,102,0,0.00,2,6.09,6.14,5.49,14.30
356176,-6.25,0.00,2,14.36,13.52,8,14.60,185,0.30,0.30,1222,0.00,1.00,3,0.5000,17.00,102,0,0.00,2,6.24,6.08,5.49,14.40
356280,-6.25,0.00,2,14.36,13.52,8,14.61,185,0.30,0.30,1210,0.00,1.00,3,0.5000,17.00,102,0,0.00,2,6.24,6.04,5.49,14.40
356384,-6.25,0.00,2,14.36,13.60,8,14.61,185,0.30,0.30,1195,0.00,1.00,3,0.5000,17.00,102,0,0.00,2,6.38,6.01,5.49,14.40
356488,-6.25,0.00,2,14.36,12.56,8,14.61,185,0.30,0.30,1179,0.00,1.00,3,0.5000,17.00,102,0,0.00,2,6.53,5.95,5.49,14.40
356592,-6.25,0.00,2,14.36,12.80,8,14.61,185,0.31,0.31,1166,0.00,1.00,3,0.5000,17.00,102,0,0.00,2,6.53,5.95,5.10,14.30
356696,-6.25,0.00,2,14.36,13.12,8,14.62,185,0.31,0.31,1143,0.00,1.00,3,0.5000,22.00,102,0,0.00,2,6.53,5.92,5.10,14.40
356800,-6.25,0.00,2,14.36,13.36,8,14.62,185,0.31,0.31,1144,0.00,1.00,3,0.5000,22.00,102,0,0.00,2,6.67,5.95,5.10,14.50
356904,-6.25,0.00,2,14.36,13.52,8,14.62,185,0.31,0.32,1133,0.00,1.00,3,0.5000,22.00,102,0,0.00,2,6.67,5.92,5.10,14.60
357008,-6.25,0.00,2,14.36,13.52,8,14.62,185,0.31,0.31,1137,0.00,1.00,3,0.5000,21.00,102,0,0.00,2,6.67,5.92,5.10,14.70
357112,-6.25,0.00,2,14.36,13.36,8,14.62,185,0.31,0.31,1139,0.00,1.00,3,0.5000,20.50,102,0,0.00,2,6.82,5.88,5.10,14.60
357216,-6.25,0.00,2,14.36,13.44,8,14.62,185,0.31,0.31,1147,0.00,1.00,3,0.5000,19.00,102,0,0.00,2,6.82,5.88,5.49,14.60
357320,-6.25,0.00,2,14.36,13.44,8,14.62,185,0.31,0.31,1148,0.00,1.00,3,0.5000,18.50,102,0,0.00,2,6.82,5.82,5.49,14.50
357424,-6.25,0.00,2,14.36,13.52,8,14.62,185,0.31,0.30,1150,0.00,1.00,3,0.5000,18.00,102,0,0.00,2,6.67,5.82,5.10,14.50
357528,-5.47,0.00,2,14.36,13.52,8,14.62,185,0.31,0.30,1147,0.00,1.00,3,0.5000,18.00,102,0,0.00,2,6.67,5.82,5.10,14.50
357632,-5.47,0.00,2,14.36,13.44,8,14.62,185,0.31,0.31,1136,0.00,1.00,3,0.5000,18.50,102,0,0.00,2,6.67,5.82,5.10,14.60
357736,-5.47,0.00,2,14.36,13.52,8,14.62,185,0.31,0.31,1144,0.00,1.00,3,0.5000,17.50,102,0,0.00,2,6.67,5.82,5.49,14.70
357840,-5.47,0.00,2,14.36,13.52,8,14.62,185,0.31,0.31,1138,0.00,1.00,3,0.5000,17.50,102,0,0.00,2,6.67,5.79,5.10,14.70
357944,-4.69,0.00,2,14.36,13.52,8,14.62,185,0.31,0.31,1135,0.00,1.00,3,0.5000,17.50,102,0,0.00,2,6.82,5.75,5.10,14.80
358048,-4.69,0.00,2,14.36,13.60,8,14.62,185,0.30,0.31,1145,0.00,1.00,3,0.5000,17.00,102,0,0.00,2,6.82,5.75,5.10,14.80
358152,-4.69,0.00,2,14.36,13.52,8,14.62,185,0.30,0.30,1158,0.00,1.00,3,0.5000,17.00,102,0,0.00,2,6.82,5.72,5.49,14.80
358256,-4.69,0.00,2,14.36,13.44,8,14.61,185,0.30,0.30,1169,0.00,1.00,3,0.5000,17.00,102,0,0.00,2,6.82,5.69,5.49,14.80
358360,-3.91,0.00,2,14.36,13.60,8,14.61,185,0.29,0.29,1179,0.00,1.00,3,0.5000,17.00,102,0,0.00,2,6.67,5.69,5.49,14.80
358464,-3.91,0.00,2,14.36,13.52,8,14.61,185,0.29,0.29,1176,0.00,1.00,3,0.5000,17.00,102,0,0.00,2,6.67,5.69,5.49,14.80
358568,-3.12,0.00,2,14.36,13.60,8,14.61,185,0.29,0.29,1181,0.00,1.00,3,0.5000,17.00,102,0,0.00,2,6.67,5.66,5.49,14.90
358672,-3.12,0.00,2,14.36,13.52,8,14.61,185,0.29,0.29,1178,0.00,1.00,3,0.5000,17.50,102,0,0.00,2,6.53,5.69,5.49,15.00
358776,-3.12,0.00,2,14.36,13.52,8,14.61,185,0.29,0.29,1192,0.00,1.00,3,0.5000,20.00,102,0,0.00,2,6.53,5.75,5.49,14.90
358880,-2.34,0.00,2,14.36,13.52,8,14.60,185,0.30,0.30,1216,0.00,1.00,3,0.5000,22.50,102,0,0.00,2,6.67,6.21,6.27,15.00
358984,-2.34,0.00,2,14.36,13.60,8,14.60,185,0.30,0.31,1238,0.00,1.00,3,0.5000,24.00,102,0,0.00,2,6.82,6.37,6.27,15.00
359088,-1.56,0.00,2,14.36,13.60,8,14.60,185,0.30,0.31,1263,0.00,1.00,3,0.5000,24.00,102,0,0.00,2,6.82,6.45,6.27,14.90
359193,-0.78,0.00,2,14.36,13.52,8,14.60,185,0.30,0.30,1285,0.00,1.00,3,0.5000,24.50,102,0,0.00,2,6.82,6.49,6.27,15.20
359297,0.78,0.00,2,14.36,13.60,8,14.60,185,0.30,0.30,1325,0.00,1.00,3,0.5000,24.50,102,0,0.00,2,6.67,6.51,6.27,15.50
359402,1.56,0.00,2,14.36,13.44,8,14.59,185,0.30,0.29,1328,0.00,1.00,3,0.5000,25.00,102,0,0.00,2,6.67,6.51,6.27,15.40
359505,1.56,0.00,2,14.36,13.44,8,14.59,185,0.29,0.29,1332,0.00,1.00,3,0.5000,25.00,102,0,0.00,2,6.53,6.49,5.88,15.60
359609,1.56,0.00,2,14.36,13.52,8,14.59,185,0.29,0.29,1359,0.00,1.00,3,0.5000,25.00,102,0,0.00,2,6.53,6.50,6.27,15.40
359713,1.56,0.00,2,14.36,13.52,8,14.59,185,0.29,0.29,1356,0.00,1.00,3,0.5000,25.00,102,0,0.00,2,6.38,6.51,5.88,15.30
359818,1.56,0.00,2,14.36,13.60,8,14.59,185,0.29,0.29,1366,0.00,1.00,3,0.5000,25.00,102,0,0.00,2,6.38,6.52,5.88,15.10
359921,1.56,0.00,2,14.36,13.44,8,14.59,185,0.29,0.29,1374,0.00,1.00,3,0.5000,25.00,102,0,0.00,2,6.38,6.57,5.88,14.90
360026,1.56,0.00,2,14.36,13.44,8,14.59,185,0.29,0.28,1372,0.00,1.00,3,0.5000,25.00,102,0,0.00,2,6.38,6.58,6.27,14.90
360129,1.56,0.00,2,14.36,13.44,8,14.59,185,0.28,0.29,1393,0.00,1.00,3,0.5000,25.50,102,0,0.00,2,6.38,6.55,6.27,15.20
360233,1.56,0.00,2,14.36,13.44,8,14.59,185,0.28,0.28,1403,0.00,1.00,3,0.5000,25.50,102,0,0.00,2,6.38,6.60,5.88,14.50
360337,1.56,0.00,2,14.36,13.52,8,14.59,185,0.28,0.28,1397,0.00,0.99,3,0.5000,25.50,102,0,0.00,2,6.24,6.61,5.88,14.50
360441,0.78,0.00,2,14.36,13.44,8,14.59,185,0.28,0.28,1412,0.00,0.99,3,0.5000,25.50,102,0,0.00,2,6.24,6.62,6.27,14.50
360545,0.78,0.00,2,14.36,13.44,8,14.59,185,0.28,0.28,1408,0.00,0.99,3,0.5000,25.50,102,0,0.00,2,6.24,6.63,6.27,14.50
360650,0.78,0.00,2,14.36,13.44,8,14.59,185,0.28,0.28,1424,0.00,0.99,3,0.5000,26.00,102,0,0.00,2,6.24,6.68,6.27,14.40
360753,0.00,0.00,2,14.36,13.52,8,14.59,185,0.28,0.28,1427,0.00,0.99,3,0.5000,26.00,102,0,0.00,2,6.24,6.69,6.27,14.30
360857,0.00,0.00,2,14.36,13.60,8,14.59,185,0.27,0.27,1444,0.00,0.99,3,0.5000,24.50,102,0,0.00,2,6.24,6.46,5.88,14.30
360961,0.00,0.00,2,14.36,13.52,8,14.59,185,0.27,0.26,1436,0.00,1.00,3,0.5000,23.00,102,0,0.00,2,6.09,6.24,5.49,14.30
361065,0.00,0.00,2,14.36,13.44,8,14.59,185,0.26,0.26,1440,0.00,1.00,3,0.5000,21.50,102,0,0.00,2,5.95,6.17,5.88,14.30
361169,-0.78,0.00,2,14.36,13.44,10,14.59,185,0.26,0.26,1430,0.00,1.00,3,0.5000,20.00,102,0,0.00,2,5.95,6.14,5.88,14.40
361273,0.00,0.00,2,14.36,13.52,10,14.59,185,0.26,0.27,1376,0.00,1.00,3,0.5000,18.00,102,0,0.00,2,5.80,6.17,5.88,14.20
361378,0.00,0.00,2,14.36,13.60,10,14.60,185,0.27,0.28,1320,0.00,1.00,3,0.5000,17.50,102,0,0.00,2,5.95,6.24,5.88,14.30
361482,0.00,0.00,2,14.36,13.44,10,14.60,185,0.28,0.29,1268,0.00,1.00,3,0.5000,17.50,102,0,0.00,2,6.09,6.17,5.49,13.20
361585,0.00,0.00,2,14.36,13.44,10,14.60,185,0.29,0.30,1230,0.00,1.00,3,0.5000,17.00,102,0,0.00,2,6.09,6.11,5.49,16.10
361689,0.00,0.00,2,14.36,13.44,10,14.62,185,0.30,0.32,1144,0.00,1.00,3,0.5000,22.00,102,0,0.00,2,6.38,6.01,5.49,17.00
361793,0.00,0.00,2,14.36,13.52,10,14.63,185,0.31,0.33,1068,0.00,1.00,3,0.5000,22.00,102,0,0.00,2,6.53,5.95,5.10,18.30
361897,0.00,0.00,2,14.36,13.52,10,14.63,185,0.32,0.33,1077,0.00,1.00,3,0.5000,22.00,102,0,0.00,2,6.82,5.85,5.10,19.90
362001,0.00,0.00,2,14.36,13.52,10,14.60,185,0.30,0.29,1198,0.00,1.00,3,0.5000,17.00,102,0,0.00,2,6.67,5.72,5.10,23.80
362105,0.00,0.00,2,14.36,13.52,10,14.59,185,0.28,0.26,1320,0.00,1.00,3,0.5000,17.50,102,0,0.00,2,6.24,5.72,5.49,30.80
362209,0.00,0.00,2,14.36,13.44,10,14.59,187,0.27,0.26,1410,0.00,1.00,3,0.5000,18.00,102,0,0.00,2,6.09,6.08,5.49,29.00
362313,0.00,0.00,2,14.36,13.52,10,14.59,187,0.26,0.26,1421,0.00,1.00,3,0.5000,18.00,102,0,0.00,2,5.95,6.14,5.88,22.60
362417,0.00,0.00,2,14.36,13.52,10,14.59,187,0.26,0.26,1452,0.00,1.00,3,0.5000,18.50,102,0,0.00,2,5.80,6.27,5.88,18.70
362521,0.00,0.00,2,14.36,13.52,10,14.59,187,0.26,0.26,1447,0.00,1.00,3,0.5000,18.50,102,0,0.00,2,5.80,6.27,5.88,16.80
362625,0.00,0.00,2,14.36,13.44,8,14.59,187,0.26,0.26,1458,0.00,1.00,3,0.5000,18.50,102,0,0.00,2,5.80,6.35,5.88,16.10
362729,-0.78,0.00,2,14.36,13.44,8,14.59,187,0.26,0.26,1454,0.00,1.00,3,0.5000,18.50,102,0,0.00,2,5.80,6.31,5.88,15.40
362833,-0.78,0.00,2,14.36,13.04,8,14.59,187,0.26,0.26,1472,0.00,1.00,3,0.5000,18.50,102,0,0.00,2,5.95,6.35,5.88,14.50
362937,-0.78,0.00,2,14.36,13.52,8,14.59,187,0.26,0.27,1436,0.00,1.00,3,0.5000,18.50,102,0,0.00,2,6.09,6.38,5.88,14.90
363041,-0.78,0.00,2,14.36,13.44,8,14.59,187,0.26,0.27,1442,0.00,0.99,3,0.5000,18.50,102,0,0.00,2,6.09,6.42,5.88,14.90
363146,0.00,0.00,2,14.36,13.36,8,14.59,187,0.27,0.27,1429,0.00,0.99,3,0.5000,18.50,102,0,0.00,2,6.09,6.42,5.88,14.30
363249,0.00,0.00,2,14.36,13.44,8,14.59,187,0.27,0.27,1440,0.00,0.99,3,0.5000,18.50,102,0,0.00,2,6.09,6.42,5.88,14.90
363353,0.78,0.00,2,14.36,13.52,8,14.59,187,0.27,0.27,1434,0.00,0.99,3,0.5000,18.50,102,0,0.00,2,6.09,6.42,5.88,14.80
363458,0.00,0.00,2,14.36,13.52,8,14.59,187,0.27,0.27,1448,0.00,0.99,3,0.5000,18.50,102,0,0.00,2,5.95,6.42,5.88,14.90
363561,0.00,0.00,2,14.36,13.52,8,14.59,187,0.27,0.27,1435,0.00,0.99,3,0.5000,18.50,102,0,0.00,2,5.95,6.42,5.88,15.30
363666,-0.78,0.00,2,14.36,13.44,8,14.59,187,0.27,0.27,1446,0.00,0.99,3,0.5000,18.50,102,0,0.00,2,5.95,6.42,5.88,14.60
363769,-0.78,0.00,2,14.36,13.44,8,14.59,187,0.27,0.27,1428,0.00,0.99,3,0.5000,18.50,102,0,0.00,2,5.80,6.42,5.88,14.60
363873,-1.56,0.00,2,14.36,13.52,8,14.59,187,0.27,0.27,1423,0.00,0.99,3,0.5000,18.00,102,0,0.00,2,5.95,6.35,5.88,14.30
363978,-2.34,0.00,2,14.36,13.52,8,14.59,187,0.27,0.27,1411,0.00,0.99,3,0.5000,18.00,102,0,0.00,2,5.95,6.35,5.88,14.40
364082,-2.34,0.00,2,14.36,13.52,8,14.59,187,0.27,0.27,1406,0.00,0.99,3,0.5000,18.00,102,0,0.00,2,5.80,6.38,5.88,14.20
364186,-3.12,0.00,2,14.36,13.44,8,14.59,187,0.27,0.27,1403,0.00,1.00,3,0.5000,18.00,102,0,0.00,2,5.80,6.35,5.88,14.20
364290,-3.12,0.00,2,14.36,13.44,8,14.59,187,0.27,0.28,1375,0.00,1.00,3,0.5000,18.00,102,0,0.00,2,5.80,6.31,5.88,14.10
364393,-3.91,0.00,2,14.36,13.44,8,14.59,187,0.27,0.27,1371,0.00,1.00,3,0.5000,18.00,102,0,0.00,2,5.95,6.27,5.88,14.10
364498,-4.69,0.00,2,14.36,13.52,8,14.59,187,0.28,0.28,1346,0.00,1.00,3,0.5000,17.50,102,1,0.00,2,5.95,6.31,5.49,14.10
364602,-4.69,0.00,2,14.36,13.44,8,14.60,187,0.28,0.28,1324,0.00,1.00,3,0.5000,17.50,102,1,0.00,2,5.95,6.27,5.49,14.10
364705,-4.69,0.00,2,14.36,13.28,8,14.60,187,0.28,0.28,1331,0.00,1.00,3,0.5000,17.50,102,1,0.00,2,6.09,6.27,5.49,14.00
364810,-4.69,0.00,2,14.36,13.52,8,14.59,187,0.28,0.28,1333,0.00,1.00,3,0.5000,17.50,102,0,0.00,2,6.09,6.21,5.49,14.10
364914,-4.69,0.00,2,14.36,13.44,8,14.59,187,0.28,0.28,1336,0.00,1.00,3,0.5000,17.50,102,0,0.00,2,5.95,6.14,5.49,14.20
365018,-4.69,0.00,2,14.36,13.52,8,14.59,187,0.27,0.27,1358,0.00,1.00,3,0.5000,17.50,102,0,0.00,2,5.95,6.17,5.49,14.20
365122,-3.91,0.00,2,14.36,13.52,8,14.59,187,0.27,0.27,1350,0.00,1.00,3,0.5000,17.50,102,1,0.00,2,5.95,6.17,5.49,14.40
365226,-3.91,0.00,2,14.36,13.36,8,14.59,187,0.27,0.27,1354,0.00,1.00,3,0.5000,17.50,102,1,0.00,2,5.95,6.17,5.49,14.60
365329,-3.91,0.00,2,14.36,13.52,8,14.59,187,0.27,0.27,1382,0.00,1.00,3,0.5000,18.00,102,1,0.00,2,5.95,6.21,5.49,14.70
365434,-3.91,0.00,2,14.36,13.44,8,14.59,187,0.27,0.27,1378,0.00,1.00,3,0.5000,18.00,102,1,0.00,2,5.80,6.21,5.88,14.60
365538,-4.69,0.00,2,14.36,13.52,8,14.59,187,0.27,0.27,1374,0.00,1.00,3,0.5000,18.00,102,1,0.00,2,5.80,6.21,5.88,14.70
365642,-4.69,0.00,2,14.36,13.44,8,14.59,187,0.27,0.27,1371,0.00,1.00,3,0.5000,18.00,102,1,0.00,2,5.80,6.21,5.88,14.50
365745,-4.69,0.00,2,14.36,13.44,8,14.59,187,0.27,0.28,1353,0.00,1.00,3,0.5000,17.50,102,1,0.00,2,5.80,6.21,5.88,14.50
365850,-4.69,0.00,2,14.36,13.52,8,14.59,187,0.27,0.28,1358,0.00,1.00,3,0.5000,17.50,102,2,0.00,2,5.80,6.24,5.88,14.50
365954,-4.69,0.00,2,14.36,13.36,8,14.59,187,0.27,0.28,1357,0.00,1.00,3,0.5000,17.50,102,2,0.00,2,5.80,6.21,5.88,14.40
366058,-4.69,0.00,2,14.36,13.52,8,14.59,187,0.27,0.28,1348,0.00,1.00,3,0.5000,17.50,102,1,0.00,2,5.80,6.21,5.88,14.40
366162,-4.69,0.00,2,14.36,13.52,8,14.59,187,0.27,0.28,1367,0.00,1.00,3,0.5000,18.00,102,1,0.00,2,5.80,6.21,5.88,14.40
366266,-4.69,0.00,2,14.36,13.44,8,14.59,187,0.27,0.27,1349,0.00,1.00,3,0.5000,17.50,102,2,0.00,2,5.80,6.21,5.88,14.50
366370,-5.47,0.00,2,14.36,13.52,8,14.59,187,0.27,0.28,1349,0.00,1.00,3,0.5000,17.50,102,2,0.00,2,5.80,6.21,5.88,14.50
366474,-5.47,0.00,2,14.36,13.20,8,14.59,187,0.27,0.27,1365,0.00,1.00,3,0.5000,18.00,102,2,0.00,2,5.80,6.21,5.88,14.40
366578,-5.47,0.00,2,14.36,13.52,8,14.59,187,0.27,0.27,1343,0.00,1.00,3,0.5000,17.50,102,2,0.00,2,5.80,6.21,5.49,14.50
366682,-5.47,0.00,2,14.36,13.44,8,14.59,187,0.27,0.28,1346,0.00,1.00,3,0.5000,17.50,102,2,0.00,2,5.80,6.21,5.49,14.50
366785,-5.47,0.00,2,14.36,13.44,8,14.59,187,0.27,0.27,1363,0.00,1.00,3,0.5000,18.00,102,2,0.00,2,5.80,6.17,5.49,14.50
366890,-5.47,0.00,2,14.36,13.60,8,14.59,187,0.27,0.27,1346,0.00,1.00,3,0.5000,17.50,102,2,0.00,2,5.80,6.21,5.49,14.40
366993,-5.47,0.00,2,14.36,13.52,8,14.59,187,0.27,0.28,1342,0.00,1.00,3,0.5000,17.50,102,3,0.00,2,5.80,6.21,5.49,14.50
367098,-5.47,0.00,2,14.36,13.52,8,14.59,187,0.27,0.27,1362,0.00,1.00,3,0.5000,18.00,102,3,0.00,2,5.80,6.17,5.49,14.50
367201,-5.47,0.00,2,14.36,13.44,8,14.59,187,0.27,0.27,1346,0.00,1.00,3,0.5000,17.50,102,2,0.00,2,5.80,6.17,5.49,14.40
367306,-5.47,0.00,2,14.36,13.52,8,14.59,187,0.27,0.27,1345,0.00,1.00,3,0.5000,17.50,102,3,0.00,2,5.80,6.17,5.49,14.50
367409,-5.47,0.00,2,14.36,13.52,8,14.59,187,0.27,0.27,1348,0.00,1.00,3,0.5000,17.50,102,3,0.00,2,5.80,6.14,5.49,14.40
367514,-5.47,0.00,2,14.36,13.44,8,14.59,187,0.27,0.27,1334,0.00,1.00,3,0.5000,17.50,102,3,0.00,2,5.80,6.17,5.88,14.50
367618,-5.47,0.00,2,14.36,13.52,8,14.59,187,0.28,0.28,1322,0.00,1.00,3,0.5000,17.50,102,3,0.00,2,5.80,6.17,5.49,14.40
367722,-5.47,0.00,2,14.36,13.36,8,14.60,187,0.28,0.28,1339,0.00,1.00,3,0.5000,17.50,102,3,0.00,2,5.95,6.11,5.88,14.40
367826,-5.47,0.00,2,14.36,13.44,8,14.59,187,0.28,0.27,1327,0.00,1.00,3,0.5000,17.50,102,3,0.00,2,5.95,6.11,5.49,14.50
367930,-5.47,0.00,2,14.36,13.04,8,14.60,187,0.28,0.28,1322,0.00,1.00,3,0.5000,17.50,102,3,0.00,2,5.95,6.14,5.49,14.50
368034,-5.47,0.00,2,14.36,12.96,8,14.60,187,0.28,0.28,1326,0.00,1.00,3,0.5000,17.50,102,3,0.00,2,6.09,6.14,5.49,14.60
368138,-5.47,0.00,2,14.36,13.52,8,14.60,187,0.28,0.28,1314,0.00,1.00,3,0.5000,17.50,102,3,0.00,2,6.24,6.14,5.49,14.50
368242,-4.69,0.00,2,14.36,13.36,8,14.60,187,0.28,0.29,1286,0.00,1.00,3,0.5000,17.50,102,4,0.00,2,6.38,6.14,5.49,14.50
368346,-3.91,0.00,2,14.36,13.52,8,14.60,187,0.28,0.29,1281,0.00,1.00,3,0.5000,17.50,102,4,0.00,2,6.38,6.14,5.49,15.00
368450,-2.34,0.00,2,14.36,13.52,8,14.60,187,0.29,0.29,1286,0.00,1.00,3,0.5000,17.50,102,3,0.00,2,6.38,6.14,5.49,15.10
368554,-1.56,0.00,2,14.36,13.44,8,14.60,187,0.29,0.29,1278,0.00,1.00,3,0.5000,17.50,102,0,0.00,2,6.38,6.14,5.49,15.40
368658,-1.56,0.00,2,14.36,13.44,8,14.60,187,0.29,0.29,1248,0.00,1.00,3,0.5000,17.00,102,0,0.00,2,6.38,6.08,5.49,15.50
368762,-0.78,0.00,2,14.36,13.44,8,14.60,187,0.29,0.30,1236,0.00,1.00,3,0.5000,17.00,102,0,0.00,2,6.38,6.08,5.49,15.40
368866,-0.78,0.00,2,14.36,13.44,8,14.60,187,0.29,0.30,1218,0.00,1.00,3,0.5000,17.00,102,0,0.00,2,6.38,6.08,5.49,15.40
368970,-0.78,0.00,2,14.36,13.52,8,14.61,187,0.30,0.31,1188,0.00,1.00,3,0.5000,17.00,102,0,0.00,2,6.38,6.01,5.49,15.30
369074,-0.78,0.00,2,14.36,13.60,8,14.61,187,0.30,0.31,1175,0.00,1.00,3,0.5000,17.00,102,0,0.00,2,6.53,6.01,5.49,15.00
369179,-1.56,0.00,2,14.36,13.52,8,14.62,187,0.30,0.31,1154,0.00,1.00,3,0.5000,17.00,102,0,0.00,2,6.53,5.95,5.49,14.90
369282,-1.56,0.00,2,14.36,13.52,8,14.62,187,0.31,0.31,1140,0.00,0.99,3,0.5000,22.00,102,0,0.00,2,6.67,5.95,5.49,14.90
369387,-1.56,0.00,2,14.36,13.44,8,14.62,187,0.31,0.32,1125,0.00,0.99,3,0.5000,22.00,102,0,0.00,2,6.67,5.88,5.49,14.20
369491,-2.34,0.00,2,14.36,13.52,8,14.62,187,0.31,0.32,1111,0.00,1.00,3,0.5000,22.00,102,0,0.00,2,6.82,5.85,5.49,14.50
369595,-2.34,0.00,2,14.36,13.52,8,14.63,187,0.31,0.32,1093,0.00,1.00,3,0.5000,22.00,102,0,0.00,2,6.82,5.85,5.49,14.50
369699,-2.34,0.00,2,14.36,13.52,8,14.63,187,0.32,0.32,1076,0.00,1.00,3,0.5000,22.00,102,0,0.00,2,6.82,5.82,5.49,14.30
369802,-3.12,0.00,2,14.36,13.44,8,14.64,187,0.32,0.33,1065,0.00,1.00,3,0.5000,22.00,102,0,0.00,2,6.96,5.79,5.10,14.30
369907,-3.12,0.00,2,14.36,13.44,8,14.65,187,0.33,0.33,1027,0.00,1.00,3,0.5000,22.00,102,0,0.00,2,7.11,5.75,5.10,14.40
370010,-3.12,0.00,2,14.36,13.52,8,14.65,187,0.33,0.34,1002,0.00,1.00,3,0.5000,22.00,102,0,0.00,2,7.25,5.69,5.10,14.30
370115,-3.91,0.00,2,14.36,13.52,8,14.65,187,0.34,0.35,971,0.00,1.00,3,0.5000,22.00,102,0,0.00,2,7.40,5.69,5.49,14.20
370219,-3.91,0.00,2,14.36,13.36,8,14.66,187,0.35,0.36,962,0.00,1.00,3,0.5000,22.00,102,0,0.00,2,7.55,5.82,5.49,14.30
370323,-3.91,0.00,2,14.36,13.52,8,14.65,187,0.35,0.37,976,0.00,0.99,3,0.5000,22.00,102,0,0.00,2,7.69,5.88,5.49,14.20
370426,-4.69,0.00,2,14.36,13.52,8,14.65,187,0.35,0.35,1007,0.00,1.00,3,0.5000,20.00,102,0,0.00,2,7.69,5.66,4.71,14.20
370531,-4.69,1.56,1,14.36,13.52,8,14.65,187,0.34,0.32,1004,0.00,1.00,3,0.5000,20.00,102,0,0.00,2,7.55,5.37,4.71,14.30
370635,-4.69,1.56,1,14.36,13.68,8,14.65,187,0.33,0.32,1003,0.00,1.00,3,0.5000,19.50,102,0,0.00,2,7.40,5.27,4.71,14.20
370739,-4.69,1.56,1,14.36,13.60,8,14.65,187,0.32,0.32,994,0.00,1.00,3,0.5000,20.00,102,0,0.00,2,7.25,5.24,4.71,14.30
370843,-4.69,1.56,1,14.36,13.60,8,14.64,187,0.31,0.31,1010,0.00,1.00,3,0.5000,18.00,102,0,0.00,2,7.25,5.21,4.71,14.40
370947,-5.47,1.56,1,14.36,13.60,8,14.63,187,0.30,0.29,1078,0.00,1.00,3,0.5000,17.00,102,0,0.00,2,7.11,5.21,4.71,14.30
371051,-5.47,1.56,1,14.36,13.52,8,14.61,187,0.29,0.27,1147,0.00,1.00,3,0.5000,17.00,102,0,0.00,2,6.82,5.15,4.71,14.20
371154,-5.47,1.56,1,14.36,13.60,8,14.60,187,0.27,0.25,1193,0.00,1.00,3,0.5000,17.00,102,0,0.00,2,6.53,4.96,4.31,14.20
371259,-5.47,1.56,1,14.36,13.68,8,14.60,187,0.26,0.25,1233,0.00,1.00,3,0.5000,19.50,102,0,0.00,2,6.53,5.30,5.49,14.30
371362,-4.69,0.00,2,14.36,13.60,8,14.60,187,0.28,0.29,1255,0.00,1.00,3,0.5000,22.00,102,0,0.00,2,6.67,6.25,7.06,14.50
371467,-3.91,0.00,2,14.36,13.60,8,14.60,187,0.30,0.33,1264,0.00,0.89,3,0.5000,24.00,102,0,0.00,2,7.25,7.06,7.45,14.60
371571,0.78,0.00,2,14.36,13.52,8,14.60,187,0.32,0.34,1294,0.00,1.00,3,0.5000,24.50,102,0,0.00,2,7.55,7.40,7.45,15.90
371675,8.59,0.00,2,14.36,13.60,8,14.59,187,0.33,0.34,1328,0.00,0.99,2,0.5000,26.00,102,0,0.00,2,7.55,7.48,7.45,16.00
371779,10.94,0.00,2,14.36,13.52,8,14.59,187,0.33,0.34,1344,0.00,0.99,2,0.5000,26.50,102,0,0.00,2,7.69,7.58,7.45,16.10
371882,12.50,0.00,2,14.36,13.52,8,14.59,187,0.33,0.33,1368,0.00,0.99,2,0.5000,26.50,102,0,0.00,2,7.69,7.62,7.45,16.30
371986,12.50,0.00,2,14.36,13.60,8,14.59,187,0.34,0.33,1362,0.00,0.99,2,0.5000,26.50,102,0,0.00,2,7.69,7.76,7.45,16.30
372091,10.94,0.00,2,14.36,13.52,8,14.59,185,0.34,0.34,1347,0.00,0.99,2,0.5000,26.50,102,0,0.00,2,7.69,7.73,7.45,15.80
372195,9.38,0.00,2,14.36,13.52,8,14.59,185,0.35,0.35,1349,0.00,0.99,2,0.5000,26.50,102,0,0.00,2,7.69,7.86,7.45,15.10
372299,8.59,0.00,2,14.36,13.60,8,14.59,185,0.36,0.36,1342,0.00,0.99,2,0.5000,26.50,102,0,0.00,2,7.98,8.47,9.02,15.00
372403,9.38,0.00,2,14.36,13.60,8,14.59,185,0.38,0.40,1372,0.00,0.99,2,0.5000,27.50,102,0,0.00,2,8.56,9.12,9.41,14.40
372506,10.16,0.00,3,14.36,13.20,8,14.59,185,0.41,0.42,1391,0.00,0.91,2,0.5000,28.50,102,0,0.00,2,9.14,10.07,10.59,14.40
372611,13.28,0.00,3,14.36,13.60,8,14.59,185,0.43,0.46,1396,0.00,0.99,2,0.5000,30.00,102,0,0.00,2,9.72,10.53,10.98,15.20
372715,17.19,0.78,3,14.36,13.60,8,14.58,185,0.44,0.45,1475,0.00,0.99,2,0.5000,32.00,102,0,0.00,2,10.16,11.18,11.76,15.40
372819,16.41,0.78,3,14.36,13.44,8,14.58,185,0.45,0.46,1520,0.00,0.98,2,0.5000,33.00,102,0,0.00,2,10.59,11.69,12.55,15.50
372923,17.97,0.78,3,14.36,13.36,8,14.58,185,0.46,0.47,1576,0.00,0.98,2,0.5000,34.50,102,0,0.00,2,10.74,12.46,12.94,15.50
373028,20.31,0.78,3,14.36,13.52,8,14.57,185,0.47,0.47,1628,0.00,0.98,2,0.5000,36.00,102,0,0.00,2,10.88,12.80,13.33,15.30
373132,21.09,1.56,3,14.36,13.36,8,14.57,185,0.47,0.47,1671,0.00,0.99,2,0.5000,36.50,102,0,0.00,2,10.74,12.99,13.33,15.50
373237,21.09,1.56,3,14.36,13.52,8,14.57,185,0.47,0.46,1702,0.00,0.99,2,0.5000,37.00,102,0,0.00,2,10.59,13.20,13.33,15.30
373340,21.09,1.56,3,14.36,13.52,8,14.57,185,0.47,0.47,1713,0.00,0.99,2,0.5000,37.00,102,0,0.00,2,10.74,13.25,13.33,14.90
373444,21.09,1.56,3,14.36,13.52,8,14.57,185,0.48,0.47,1714,0.00,0.99,2,0.5000,37.00,102,1,0.00,2,10.59,13.86,13.73,14.90
373548,21.09,1.56,3,14.36,13.52,8,14.57,185,0.49,0.51,1724,0.00,0.99,2,0.5000,38.00,102,1,0.00,2,11.17,14.58,14.90,14.20
373652,22.66,2.34,3,14.36,13.60,8,14.58,185,0.50,0.52,1751,0.00,0.99,2,0.5000,39.00,102,2,0.00,2,11.32,14.82,15.29,14.80
373756,24.22,2.34,3,14.36,13.52,8,14.58,185,0.50,0.51,1782,0.00,0.99,2,0.5000,39.50,102,1,0.00,2,11.46,14.88,15.29,14.90
373860,23.44,2.34,3,14.36,13.36,8,14.58,185,0.50,0.50,1804,0.00,0.99,2,0.5000,40.00,102,2,0.00,2,11.32,15.06,15.29,14.70
373964,23.44,2.34,3,14.36,13.52,8,14.58,185,0.50,0.50,1818,0.00,0.99,2,0.5000,40.00,102,2,0.00,2,11.32,15.17,15.29,14.90
374068,23.44,2.34,3,14.36,13.52,8,14.58,185,0.50,0.51,1813,0.00,0.99,2,0.5000,40.00,102,3,0.00,2,11.32,15.18,15.69,14.50
374171,24.22,2.34,3,14.36,13.60,8,14.58,185,0.51,0.51,1822,0.00,0.99,2,0.5000,40.00,102,3,0.00,2,11.46,15.52,15.69,14.60
374276,24.22,3.12,3,14.36,13.44,8,14.58,185,0.51,0.51,1832,0.00,0.99,2,0.5000,40.50,102,3,0.00,2,11.61,15.65,16.08,14.60
374380,25.00,4.69,3,14.36,13.52,8,14.58,185,0.53,0.53,1862,0.00,0.99,2,0.5000,41.00,102,4,0.00,2,11.90,16.82,17.65,14.50
374484,25.00,4.69,3,14.36,13.44,8,14.58,185,0.54,0.54,1882,0.00,0.99,2,0.5000,42.00,102,4,0.00,3,12.33,16.99,18.04,15.00
374588,25.00,4.69,3,14.36,13.52,8,14.58,185,0.54,0.54,1894,0.00,0.99,2,0.5000,42.00,102,5,0.00,3,12.33,17.18,18.04,14.90
374692,25.00,4.69,3,14.36,13.52,8,14.58,185,0.54,0.54,1911,0.00,0.99,2,0.5000,42.50,102,5,0.00,3,12.33,17.25,17.65,15.10
374796,25.00,4.69,3,14.36,13.44,8,14.58,185,0.54,0.54,1938,0.00,0.99,2,0.5000,42.50,102,6,0.00,3,12.33,17.38,17.65,14.90
374900,25.00,4.69,3,14.36,13.52,8,14.58,185,0.54,0.54,1933,0.00,0.99,2,0.5000,42.50,102,6,0.00,3,12.33,17.45,17.65,14.80
375004,25.00,4.69,3,14.36,13.52,8,14.58,185,0.54,0.54,1956,0.00,0.99,2,0.5000,43.00,102,7,0.00,3,12.33,17.51,17.65,14.90
375108,25.00,4.69,3,14.36,13.52,8,14.58,185,0.54,0.54,1963,0.00,0.99,2,0.5000,43.00,102,7,0.00,3,12.33,17.66,17.65,14.70
375212,25.00,4.69,3,14.36,13.52,8,14.58,185,0.54,0.55,1955,0.00,0.99,2,0.5000,43.00,102,7,0.00,3,12.33,17.88,17.65,14.90
375316,25.00,4.69,3,14.36,13.44,8,14.58,185,0.54,0.54,1977,0.00,0.99,2,0.5000,43.00,102,8,0.00,3,12.33,17.88,17.65,14.90
375420,25.00,4.69,3,14.36,13.52,8,14.58,185,0.54,0.54,1968,0.00,0.99,2,0.5000,43.00,102,9,0.00,3,12.33,17.64,17.65,14.70
375524,25.00,4.69,3,14.36,13.44,8,14.58,185,0.54,0.55,1989,0.00,0.99,2,0.5000,43.00,102,9,0.00,3,12.33,17.96,17.65,15.00
375628,25.00,4.69,3,14.36,13.44,8,14.58,185,0.53,0.53,1977,0.00,0.99,2,0.5000,43.00,102,9,0.00,3,12.04,17.44,17.25,14.80
375732,25.00,4.69,3,14.36,13.52,8,14.58,185,0.53,0.53,1977,0.00,0.99,2,0.5000,42.50,102,10,0.00,3,11.90,17.57,16.86,14.60
375836,24.22,4.69,3,14.36,13.52,8,14.58,185,0.53,0.53,1992,0.00,0.99,2,0.5000,43.00,102,10,0.00,3,11.90,17.51,16.86,14.60
375939,25.00,4.69,3,14.36,13.36,8,14.58,185,0.53,0.53,1982,0.00,0.99,2,0.5000,42.50,102,11,0.00,3,11.90,17.44,16.86,14.50
376044,25.00,4.69,3,14.36,13.52,8,14.58,185,0.53,0.53,2002,0.00,0.99,2,0.5000,43.00,102,11,0.00,3,11.90,17.72,17.25,14.50
376148,25.00,4.69,3,14.36,13.60,8,14.58,185,0.53,0.54,1992,0.00,0.99,2,0.5000,43.00,102,12,0.00,3,12.04,17.88,17.25,14.30
376253,25.00,4.69,3,14.36,13.60,8,14.58,185,0.53,0.53,2012,0.00,0.99,2,0.5000,43.00,102,12,0.00,3,12.04,17.72,17.25,14.50
376356,25.00,4.69,3,14.36,13.52,8,14.58,185,0.53,0.53,2003,0.00,0.99,2,0.5000,43.00,102,12,0.00,3,11.90,17.58,16.86,14.60
376460,25.00,4.69,3,14.36,13.52,8,14.58,185,0.53,0.53,2024,0.00,0.99,2,0.5000,42.50,102,13,0.00,3,11.90,17.44,16.86,14.50
376565,25.00,4.69,3,14.36,13.52,8,14.58,185,0.53,0.52,2013,0.00,0.99,2,0.5000,42.50,102,13,0.00,3,11.90,17.72,16.86,14.50
376668,25.00,4.69,3,14.36,13.52,8,14.58,185,0.52,0.53,2032,0.00,0.99,2,0.5000,42.50,102,14,0.00,3,11.90,17.72,16.86,14.60
376772,25.00,4.69,3,14.36,13.60,8,14.58,185,0.52,0.52,2021,0.00,0.99,2,0.5000,42.50,102,14,0.00,3,11.90,17.57,16.86,14.50
376876,25.00,4.69,3,14.36,13.52,8,14.58,185,0.52,0.53,2039,0.00,0.99,2,0.5000,42.50,102,15,0.00,3,11.90,17.87,16.86,14.50
376980,25.00,4.69,3,14.36,13.52,8,14.58,185,0.53,0.53,2028,0.00,0.99,2,0.5000,42.50,102,15,0.00,3,11.90,17.72,16.86,14.50
377084,25.00,4.69,3,14.36,13.44,8,14.58,185,0.52,0.52,2048,0.00,0.99,2,0.5000,43.00,102,15,0.00,3,11.90,17.88,16.86,14.50
377188,25.00,4.69,3,14.36,13.44,8,14.58,185,0.53,0.53,2040,0.00,0.99,2,0.5000,43.00,102,16,0.00,3,12.04,18.11,17.65,14.50
377292,25.00,4.69,3,14.36,13.52,8,14.58,185,0.53,0.53,2066,0.00,0.99,2,0.5000,43.00,102,16,0.00,3,12.04,18.34,17.65,14.50
377396,25.00,4.69,3,14.36,13.52,8,14.58,185,0.53,0.54,2078,0.00,0.99,2,0.5000,43.00,102,17,0.00,3,12.19,18.35,17.65,14.60
377500,25.00,4.69,3,14.36,13.36,8,14.58,185,0.54,0.53,2072,0.00,0.99,2,0.5000,43.00,102,17,0.00,3,12.19,18.73,18.43,14.40
377604,25.00,4.69,3,14.36,13.52,8,14.58,185,0.54,0.54,2098,0.00,0.99,2,0.5000,43.00,102,17,0.00,3,12.33,18.88,18.43,14.60
377709,25.00,4.69,3,14.36,13.36,8,14.58,185,0.54,0.54,2091,0.00,0.99,2,0.5000,43.00,102,17,0.00,3,12.33,18.88,18.43,15.00
377812,25.00,4.69,3,14.36,13.60,8,14.58,185,0.53,0.53,2100,0.00,0.99,2,0.5000,43.00,102,18,0.00,3,12.19,18.87,18.43,15.00
377916,25.00,4.69,3,14.36,13.52,8,14.58,185,0.52,0.52,2120,0.00,0.99,2,0.5000,43.00,102,19,0.00,3,12.04,18.33,17.25,14.90
378020,25.00,4.69,3,14.36,13.52,8,14.58,185,0.52,0.52,2110,0.00,0.99,2,0.5000,42.50,102,19,0.00,3,11.75,18.17,16.86,14.70
378124,25.00,4.69,3,14.36,13.44,8,14.58,185,0.51,0.51,2124,0.00,0.99,2,0.5000,42.50,102,19,0.00,3,11.61,18.17,16.86,14.50
378228,24.22,4.69,3,14.36,13.60,8,14.58,185,0.51,0.51,2131,0.00,0.99,2,0.5000,42.50,102,20,0.00,3,11.46,17.86,16.47,14.50
378332,23.44,4.69,3,14.36,13.44,8,14.58,185,0.50,0.50,2119,0.00,0.99,2,0.5000,42.00,102,20,0.00,3,11.32,17.70,16.08,14.50
378436,21.88,4.69,3,14.36,13.52,8,14.58,185,0.50,0.49,2116,0.00,1.00,2,0.5000,42.00,102,21,0.00,3,11.32,17.42,16.08,14.30
378540,21.88,4.69,3,14.36,13.60,8,14.58,185,0.50,0.50,2137,0.00,0.99,2,0.5000,42.00,102,21,0.00,3,11.32,17.70,16.08,14.30
378644,21.88,4.69,3,14.36,13.52,8,14.58,185,0.50,0.50,2126,0.00,0.99,2,0.5000,42.00,102,22,0.00,3,11.32,17.70,16.08,14.30
378748,21.88,4.69,3,14.36,13.52,8,14.58,185,0.50,0.50,2133,0.00,0.99,2,0.5000,42.00,102,22,0.00,3,11.32,17.70,16.08,14.40
378852,21.88,4.69,3,14.36,13.44,8,14.58,185,0.50,0.49,2151,0.00,0.99,2,0.5000,42.00,102,22,0.00,3,11.17,17.70,16.08,14.40
378956,21.88,4.69,3,14.36,13.52,8,14.58,185,0.49,0.49,2160,0.00,0.99,2,0.5000,42.00,102,22,0.00,3,11.17,17.56,16.08,14.50
379060,21.88,4.69,3,14.36,13.52,8,14.58,185,0.49,0.49,2143,0.00,0.99,2,0.5000,41.50,102,23,0.00,3,11.17,17.55,16.08,14.50
379164,21.09,4.69,3,14.36,13.52,8,14.58,185,0.48,0.47,2150,0.00,1.00,2,0.5000,41.50,102,23,0.00,3,11.03,16.87,15.29,14.40
379268,19.53,4.69,3,14.36,13.52,8,14.58,185,0.46,0.46,2158,0.00,1.00,2,0.5000,41.00,102,24,0.00,3,10.30,15.99,13.73,14.20
379372,16.41,4.69,3,14.36,13.52,8,14.58,185,0.44,0.44,2123,0.00,1.00,2,0.5000,40.50,102,24,0.00,3,10.01,15.38,12.94,14.00
379477,13.28,4.69,3,14.36,13.52,8,14.57,185,0.44,0.43,2107,0.00,1.00,2,0.5000,40.00,102,24,0.00,3,9.87,15.26,12.94,13.70
379581,11.72,4.69,3,14.36,13.52,8,14.58,185,0.43,0.43,2117,0.00,1.00,2,0.5000,40.00,100,24,0.00,3,9.72,15.26,12.94,13.60
379685,10.94,4.69,3,14.36,13.36,8,14.58,185,0.44,0.44,2104,0.00,1.00,2,0.5000,40.00,100,24,0.00,3,10.01,15.64,13.73,13.80
379788,11.72,4.69,3,14.36,13.52,8,14.58,185,0.44,0.44,2110,0.00,1.00,2,0.5000,40.00,100,25,0.00,3,10.01,15.78,13.73,14.30
379892,12.50,4.69,3,14.36,13.44,8,14.58,185,0.45,0.44,2126,0.00,0.99,2,0.5000,40.00,100,25,0.00,3,10.16,15.78,13.73,14.80
379996,14.06,4.69,3,14.36,13.44,8,14.57,185,0.46,0.46,2048,0.00,0.99,2,0.5000,25.00,100,25,0.00,3,10.30,15.85,14.51,14.60
380101,14.06,4.69,3,14.36,13.52,8,14.57,185,0.49,0.50,1913,0.00,0.99,2,0.5000,25.00,100,25,0.00,3,10.74,15.92,14.51,14.80
380205,13.28,4.69,3,14.36,13.44,8,14.58,185,0.51,0.52,1831,0.00,0.99,2,0.5000,40.00,100,26,0.00,4,11.17,15.92,14.90,14.60
380308,14.06,4.69,3,14.36,13.60,8,14.58,185,0.52,0.52,1804,0.00,0.99,2,0.5000,40.50,100,26,0.00,4,11.46,15.72,14.90,14.40
380413,14.06,4.69,3,14.36,13.44,8,14.58,185,0.52,0.53,1785,0.00,0.99,2,0.5000,40.50,100,26,0.00,4,11.46,15.71,14.90,14.30
380517,14.06,4.69,3,14.36,13.52,8,14.58,185,0.52,0.53,1771,0.00,0.99,2,0.5000,40.50,100,26,0.00,4,11.61,15.64,14.90,14.60
380620,14.06,4.69,3,14.36,13.52,8,14.58,185,0.53,0.53,1767,0.00,0.99,3,0.5000,40.50,100,26,0.00,5,11.46,15.57,14.90,14.50
380724,13.28,4.69,3,14.36,13.60,8,14.58,185,0.52,0.53,1784,0.00,0.99,3,0.5000,41.00,100,27,0.00,5,11.61,15.51,14.90,14.30
380828,12.50,4.69,3,14.36,13.60,8,14.58,185,0.52,0.52,1789,0.00,0.99,3,0.5000,41.00,100,26,0.00,5,11.46,15.45,14.90,14.30
380933,12.50,4.69,3,14.36,13.52,8,14.58,185,0.52,0.52,1789,0.00,0.99,3,0.5000,41.00,100,27,0.00,5,11.61,15.51,14.90,14.30
381037,12.50,4.69,3,14.36,13.44,8,14.58,185,0.52,0.52,1788,0.00,0.99,3,0.5000,40.50,100,26,0.00,6,11.61,15.64,14.90,14.40
381141,12.50,4.69,3,14.36,13.52,8,14.58,185,0.52,0.53,1785,0.00,0.99,3,0.5000,41.00,100,27,0.00,6,11.61,15.51,14.90,14.40
381244,12.50,4.69,3,14.36,13.52,8,14.58,185,0.52,0.52,1788,0.00,0.99,3,0.5000,41.00,100,26,0.00,6,11.61,15.51,14.90,14.40
381349,11.72,4.69,3,14.36,13.60,8,14.58,185,0.52,0.53,1779,0.00,0.99,3,0.5000,41.00,100,27,0.00,6,11.61,15.58,14.90,14.40
381453,11.72,4.69,3,14.36,13.52,8,14.58,185,0.52,0.51,1776,0.00,0.99,3,0.5000,40.50,100,27,0.00,6,11.32,15.21,14.51,14.40
381557,10.94,4.69,3,14.36,13.52,8,14.58,185,0.51,0.51,1771,0.00,0.99,3,0.5000,40.00,100,26,0.00,6,11.17,14.91,13.33,14.30
381660,9.38,4.69,3,14.36,13.52,8,14.57,185,0.47,0.47,1743,0.00,1.07,3,0.5000,39.00,100,27,0.00,6,10.01,12.98,9.41,14.20
381764,7.81,4.69,2,14.36,13.60,8,14.57,185,0.40,0.36,1677,0.00,1.11,3,0.5000,33.00,100,26,0.00,6,8.13,9.59,6.27,13.70
381868,4.69,4.69,2,14.36,13.60,8,14.59,185,0.37,0.33,1543,0.00,1.06,3,0.5000,27.00,100,26,0.00,6,7.55,8.47,5.49,13.20
381973,1.56,3.91,2,14.36,13.44,8,14.60,185,0.37,0.36,1345,0.00,1.00,3,0.5000,22.00,100,27,0.00,6,7.25,7.99,5.49,12.80
382077,0.00,3.91,2,14.36,13.52,8,14.60,185,0.36,0.37,1259,0.00,1.00,3,0.5000,19.50,100,26,0.00,6,7.11,7.64,4.71,12.70
382181,0.00,3.91,2,14.36,13.52,10,14.60,185,0.35,0.34,1285,0.00,1.00,3,0.5000,18.00,100,18,0.00,6,6.82,7.26,4.71,12.60
382285,0.00,3.91,2,14.36,12.96,10,14.60,185,0.35,0.34,1234,0.00,1.00,3,0.5000,17.00,100,2,0.00,6,6.53,7.07,4.71,12.50
382388,0.00,3.12,2,14.36,13.36,10,14.61,185,0.35,0.35,1198,0.00,1.00,3,0.5000,17.00,100,0,0.00,6,6.67,7.04,4.71,12.50
382493,0.00,3.12,2,14.36,13.60,10,14.62,185,0.36,0.37,1134,0.00,1.00,3,0.5000,17.00,100,0,0.00,6,6.67,6.93,4.71,12.80
382596,0.00,3.12,2,14.36,13.52,10,14.65,185,0.37,0.39,1054,0.00,1.00,3,0.5000,22.00,100,0,0.00,6,6.82,6.86,4.71,12.90
382701,0.00,3.12,2,14.36,13.60,10,14.67,185,0.39,0.42,941,0.00,1.00,3,0.5000,22.00,100,0,0.00,6,7.11,6.57,4.31,13.20
382805,0.00,2.34,2,14.36,13.52,10,14.68,185,0.41,0.46,853,0.00,0.89,3,0.5000,22.00,100,0,0.00,6,7.40,6.57,4.71,13.80
382908,0.00,2.34,2,14.36,13.60,10,14.64,185,0.41,0.43,940,0.00,1.00,3,0.5000,17.00,100,0,0.00,6,7.69,6.67,5.10,16.60
383013,0.00,2.34,2,14.36,13.60,10,14.62,185,0.38,0.36,1124,0.00,1.07,3,0.5000,17.00,100,0,0.00,6,7.40,6.60,4.71,19.90
383117,0.00,2.34,2,14.36,13.52,10,14.61,185,0.36,0.33,1192,0.00,1.07,3,0.5000,17.00,100,0,0.00,6,6.96,6.46,4.71,19.60
383221,0.00,2.34,2,14.36,13.60,10,14.61,185,0.34,0.31,1200,0.00,1.00,3,0.5000,17.00,100,0,0.00,6,6.82,6.21,4.71,21.90
383325,-0.78,2.34,2,14.36,13.52,8,14.62,185,0.33,0.32,1164,0.00,1.00,3,0.5000,17.00,100,0,0.00,6,6.67,6.21,4.71,12.90
383429,-3.91,2.34,2,14.36,13.60,8,14.62,185,0.33,0.33,1122,0.00,1.00,3,0.5000,17.00,100,0,0.00,6,6.67,6.21,4.71,12.10
383533,-7.81,0.00,2,14.36,13.68,8,14.63,185,0.34,0.34,1089,0.00,1.00,3,0.5000,17.00,100,0,0.00,6,6.67,6.21,4.71,12.00
383637,-10.16,0.00,2,14.36,13.52,8,14.63,185,0.33,0.34,1074,0.00,1.00,3,0.5000,16.50,100,0,0.00,6,6.82,6.08,4.71,12.00
383741,-10.94,0.00,2,14.36,13.44,8,14.63,185,0.33,0.33,1077,0.00,1.00,3,0.5000,17.00,100,0,0.00,6,6.67,5.88,4.31,12.10
383845,-11.72,0.00,2,14.36,13.52,8,14.63,185,0.33,0.33,1076,0.00,1.00,3,0.5000,17.00,100,0,0.00,6,6.67,5.82,4.31,12.10
383949,-12.50,0.00,2,14.36,13.60,8,14.63,185,0.33,0.32,1064,0.00,1.00,3,0.5000,17.00,100,0,0.00,6,6.53,5.76,4.31,12.40
384053,-13.28,0.00,2,14.36,13.44,8,14.64,185,0.33,0.33,1068,0.00,1.00,3,0.5000,19.00,100,0,0.00,6,6.67,6.08,5.88,12.60
384157,-14.84,0.00,2,14.36,13.60,8,14.64,185,0.36,0.40,1064,0.00,0.89,3,0.5000,21.50,100,0,0.00,6,7.25,7.23,7.06,12.90
384261,-15.62,0.00,2,14.36,13.68,8,14.63,185,0.38,0.42,1094,0.00,0.92,3,0.5000,24.00,100,0,0.00,6,7.84,7.55,7.06,12.90
384365,-14.84,0.00,2,14.36,13.60,8,14.62,185,0.40,0.42,1118,0.00,0.99,3,0.5000,24.50,100,0,0.00,6,8.13,7.71,7.06,13.20
384469,-13.28,0.00,2,14.36,13.60,8,14.62,185,0.44,0.46,1106,0.00,0.86,3,0.5000,25.50,100,0,0.00,6,9.14,9.07,10.20,13.70
384573,-10.94,0.00,3,14.36,13.68,8,14.60,185,0.48,0.53,1154,0.00,0.89,3,0.5000,27.00,100,0,0.00,6,10.01,10.49,10.98,14.20
384677,-8.59,0.00,3,14.36,13.20,8,14.60,185,0.49,0.52,1255,0.00,0.99,3,0.5000,29.00,100,0,0.00,6,10.59,10.54,10.98,15.50
384781,-3.91,0.78,3,14.36,13.60,8,14.60,185,0.48,0.48,1301,0.00,0.99,3,0.5000,30.50,100,0,0.00,6,10.74,10.46,10.59,15.70
384885,3.12,0.78,3,14.36,13.52,8,14.59,185,0.48,0.47,1334,0.00,0.99,3,0.5000,31.50,100,0,0.00,6,10.59,10.61,10.59,16.20
384989,7.03,0.78,3,14.36,13.60,8,14.59,185,0.48,0.47,1375,0.00,0.99,3,0.5000,32.00,100,0,0.00,6,10.59,10.96,11.76,16.80
385093,7.81,0.78,3,14.36,13.52,8,14.59,185,0.49,0.49,1434,0.00,0.99,3,0.5000,33.50,100,0,0.00,6,11.03,11.93,12.94,16.50
385197,10.16,1.56,3,14.36,13.52,8,14.58,185,0.50,0.52,1471,0.00,0.99,3,0.5000,35.00,100,0,0.00,6,11.32,12.64,13.33,16.30
385301,12.50,1.56,3,14.36,13.60,8,14.58,185,0.50,0.50,1526,0.00,0.99,3,0.5000,36.00,100,0,0.00,6,11.32,12.83,13.73,16.00
385405,13.28,1.56,3,14.36,13.44,8,14.58,185,0.51,0.50,1576,0.00,0.99,3,0.5000,37.50,100,0,0.00,6,11.46,13.44,14.51,15.80
385509,14.06,1.56,3,14.36,13.60,8,14.58,185,0.52,0.53,1606,0.00,0.99,3,0.5000,38.50,100,0,0.00,6,11.75,13.98,15.29,15.40
385613,16.41,2.34,3,14.36,13.52,8,14.58,185,0.52,0.53,1615,0.00,0.99,3,0.5000,39.00,100,0,0.00,6,11.90,14.25,15.29,15.40
385717,17.97,2.34,3,14.36,13.52,8,14.58,185,0.52,0.52,1641,0.00,0.99,3,0.5000,39.50,100,0,0.00,6,11.90,14.51,15.29,15.50
385821,17.97,2.34,3,14.36,13.60,8,14.58,185,0.52,0.53,1662,0.00,0.99,3,0.5000,40.00,100,0,0.00,6,11.75,14.70,15.29,15.30
385925,18.75,2.34,3,14.36,13.52,8,14.58,185,0.52,0.52,1686,0.00,0.99,3,0.5000,40.00,100,0,0.00,6,11.75,14.67,15.29,15.10
386029,18.75,2.34,3,14.36,13.44,8,14.58,185,0.53,0.53,1696,0.00,0.99,3,0.5000,40.00,100,0,0.00,6,11.90,15.14,16.08,14.70
386133,19.53,2.34,3,14.36,13.44,8,14.58,185,0.54,0.55,1708,0.00,0.99,3,0.5000,41.00,100,0,0.00,6,12.19,15.58,16.86,14.70
386237,21.09,2.34,3,14.36,13.44,8,14.58,185,0.55,0.55,1724,0.00,0.99,3,0.5000,41.50,100,0,0.00,6,12.33,16.04,17.25,14.90
386341,21.88,3.12,3,14.36,13.60,8,14.58,185,0.55,0.55,1742,0.00,0.99,3,0.5000,42.00,100,0,0.00,6,12.48,16.16,17.25,15.00
386445,21.88,4.69,3,14.36,13.44,8,14.58,185,0.55,0.55,1758,0.00,0.99,3,0.5000,42.00,100,0,0.00,6,12.48,16.09,17.25,14.80
386549,21.88,4.69,3,14.36,13.52,8,14.58,185,0.55,0.56,1769,0.00,0.99,3,0.5000,42.00,100,0,0.00,6,12.48,16.29,17.25,15.10
386653,21.09,4.69,3,14.36,13.44,8,14.58,185,0.55,0.55,1778,0.00,0.99,3,0.5000,42.00,100,0,0.00,6,12.33,16.22,17.25,14.50
386757,21.09,4.69,3,14.36,13.52,8,14.58,185,0.55,0.55,1770,0.00,0.99,3,0.5000,42.00,100,0,0.00,6,12.33,16.36,17.25,14.40
386861,21.09,4.69,3,14.36,13.52,8,14.58,185,0.56,0.56,1776,0.00,0.99,3,0.5000,42.00,100,0,0.00,6,12.48,16.63,17.25,14.40
386965,21.09,4.69,3,14.36,13.60,8,14.58,185,0.56,0.56,1781,0.00,0.99,3,0.5000,42.00,100,0,0.00,6,12.62,16.88,18.04,14.40
387069,21.09,4.69,3,14.36,13.36,8,14.58,185,0.57,0.57,1791,0.00,0.99,3,0.5000,41.50,100,0,0.00,6,12.77,17.01,18.43,14.50
387173,21.88,4.69,3,14.36,13.44,8,14.58,185,0.57,0.57,1799,0.00,0.99,3,0.5000,41.50,100,0,0.00,6,12.62,17.00,18.04,14.60
387276,21.88,4.69,3,14.36,13.52,8,14.58,185,0.56,0.57,1823,0.00,0.99,3,0.5000,42.00,100,0,0.00,6,12.77,17.00,18.04,14.70
387381,21.09,4.69,3,14.36,13.60,8,14.58,185,0.57,0.57,1827,0.00,0.99,3,0.5000,42.00,100,0,0.00,6,12.77,17.34,18.43,14.40
387485,21.09,4.69,3,14.36,13.52,8,14.58,185,0.57,0.58,1831,0.00,0.99,3,0.5000,42.00,100,0,0.00,6,12.91,17.60,19.22,14.50
387589,21.88,4.69,3,14.36,13.52,8,14.58,185,0.58,0.59,1830,0.00,0.99,3,0.5000,41.50,100,0,0.00,6,13.20,18.17,20.39,14.40
387693,24.22,4.69,3,14.36,13.36,8,14.58,185,0.59,0.60,1842,0.00,0.99,3,0.5000,41.00,100,1,0.00,6,13.35,18.23,21.18,14.80
387797,25.00,4.69,3,14.36,13.44,8,14.58,185,0.59,0.59,1880,0.00,0.99,3,0.5000,41.00,100,1,0.00,6,13.49,18.60,21.18,14.90
387901,25.00,4.69,3,14.36,13.44,8,14.58,185,0.59,0.59,1892,0.00,0.99,3,0.5000,41.50,100,1,0.00,6,13.49,18.37,21.18,15.00
388005,25.00,4.69,3,14.36,13.52,8,14.58,185,0.59,0.59,1887,0.00,0.99,3,0.5000,41.50,100,2,0.00,6,13.49,18.75,21.18,14.90
388109,25.00,4.69,3,14.36,13.44,8,14.58,185,0.59,0.60,1897,0.00,0.99,3,0.5000,41.50,100,2,0.00,6,13.49,18.83,21.18,14.60
388213,25.00,4.69,3,14.36,13.44,8,14.58,185,0.59,0.59,1916,0.00,0.99,3,0.5000,41.50,100,2,0.00,6,13.35,18.98,21.18,14.80
388317,25.00,4.69,3,14.36,13.52,8,14.58,185,0.59,0.59,1923,0.00,0.99,3,0.5000,41.50,99,3,0.00,6,13.49,18.82,21.18,14.60
388421,25.00,4.69,3,14.36,13.28,8,14.58,185,0.60,0.60,1911,0.00,0.99,3,0.5000,41.50,99,3,0.00,6,13.64,19.13,21.57,14.70
388525,25.00,4.69,3,14.36,13.20,8,14.57,185,0.60,0.60,1928,0.00,0.99,3,0.5000,41.50,99,4,0.00,6,13.64,19.31,21.96,14.60
388629,25.00,4.69,3,14.36,13.52,8,14.57,185,0.61,0.60,1929,0.00,0.99,3,0.5000,41.50,99,4,0.00,6,13.64,19.39,21.96,14.70
388733,25.00,4.69,3,14.36,13.44,8,14.57,185,0.61,0.60,1926,0.00,0.99,3,0.5000,41.00,99,4,0.00,6,13.78,19.39,21.96,15.00
388837,25.00,4.69,3,14.36,13.52,8,14.57,185,0.61,0.62,1912,0.00,0.99,3,0.5000,41.00,99,5,0.00,6,13.78,19.45,21.96,14.70
388941,25.00,4.69,3,14.36,13.52,8,14.57,185,0.61,0.62,1898,0.00,0.99,3,0.5000,41.00,99,6,0.00,6,13.78,19.38,21.96,14.70
389045,25.00,4.69,3,14.36,13.60,8,14.57,185,0.62,0.62,1884,0.00,0.99,3,0.5000,40.50,99,6,0.00,6,13.78,19.52,21.96,14.70
389149,25.00,4.69,3,14.36,13.28,8,14.57,185,0.62,0.62,1887,0.00,0.99,3,0.5000,40.50,99,7,0.00,6,13.78,19.51,21.96,15.10
389253,25.00,4.69,3,14.36,13.44,8,14.57,185,0.62,0.62,1907,0.00,0.99,3,0.5000,40.50,99,7,0.00,6,13.78,19.59,21.96,14.40
389357,25.00,4.69,3,14.36,13.36,8,14.57,185,0.62,0.62,1899,0.00,0.99,3,0.5000,40.50,99,8,0.00,6,13.78,19.67,21.96,15.60
389461,25.00,4.69,3,14.36,13.52,8,14.57,185,0.62,0.62,1902,0.00,0.99,3,0.5000,40.50,99,9,0.00,6,13.78,19.66,21.96,14.50
389565,25.00,4.69,3,14.36,13.60,8,14.57,185,0.62,0.62,1922,0.00,0.99,3,0.5000,41.00,99,9,0.00,6,13.78,19.82,21.96,14.70
389669,25.00,4.69,3,14.36,13.44,8,14.57,185,0.62,0.62,1924,0.00,0.99,3,0.5000,41.00,99,10,0.00,6,13.78,19.82,21.96,14.90
389774,25.00,4.69,3,14.36,13.36,8,14.57,185,0.62,0.62,1911,0.00,0.99,3,0.5000,40.50,99,10,0.00,6,13.78,19.98,21.96,14.50
389877,25.00,4.69,3,14.36,13.52,8,14.57,185,0.62,0.62,1929,0.00,0.99,3,0.5000,40.50,99,10,0.00,6,13.93,19.90,21.96,14.60
389981,25.00,4.69,3,14.36,13.44,8,14.57,185,0.62,0.62,1932,0.00,0.99,3,0.5000,41.00,99,11,0.00,6,13.93,19.90,21.96,14.30
390085,25.00,4.69,3,14.36,13.52,8,14.57,185,0.62,0.62,1920,0.00,0.99,3,0.5000,40.50,99,12,0.00,6,13.93,19.81,21.96,14.50
390190,25.00,4.69,3,14.36,13.52,8,14.57,185,0.62,0.62,1943,0.00,0.99,3,0.5000,41.00,99,12,0.00,6,13.93,19.89,21.96,14.60
390294,25.00,4.69,3,14.36,13.36,8,14.57,185,0.62,0.61,1934,-2.00,0.99,3,0.5000,39.00,99,12,0.00,7,13.93,19.97,21.96,14.40
390399,25.00,4.69,3,14.36,13.52,8,14.57,185,0.61,0.62,1938,-2.00,0.99,3,0.5000,39.00,99,13,-2.00,7,13.78,19.73,21.18,15.10
390502,25.00,4.69,3,14.36,13.52,8,14.57,185,0.61,0.61,1954,-2.00,0.99,3,0.5000,39.50,99,13,-2.00,7,13.64,19.98,21.18,14.60
390606,25.00,4.69,3,14.36,13.60,8,14.57,185,0.61,0.61,1940,-2.00,0.99,3,0.5000,39.00,99,14,-2.00,7,13.64,19.73,21.18,14.40
390710,25.00,4.69,3,14.36,13.44,8,14.57,185,0.61,0.62,1961,-2.00,0.99,3,0.5000,39.50,99,14,-2.00,7,13.64,19.97,21.18,14.60
390814,24.22,4.69,3,14.36,13.44,8,14.57,185,0.61,0.61,1966,-2.00,0.99,3,0.5000,39.50,99,14,-2.00,7,13.64,19.97,21.18,14.60
390918,25.00,4.69,3,14.36,13.44,8,14.57,185,0.61,0.61,1958,-2.00,0.99,3,0.5000,39.50,99,15,-2.00,7,13.64,20.14,21.18,14.50
391022,25.00,4.69,3,14.36,13.60,8,14.57,185,0.61,0.61,1978,-2.00,0.99,3,0.5000,39.50,99,15,-2.00,7,13.64,19.97,21.18,14.50
391126,25.00,4.69,3,14.36,13.60,8,14.57,185,0.61,0.60,1965,-4.00,0.99,3,0.5000,39.50,99,16,-2.00,8,13.64,19.88,21.18,14.30
391230,25.00,4.69,3,14.36,13.36,8,14.57,185,0.61,0.61,1982,-4.00,0.99,3,0.5000,37.50,99,16,-4.00,8,13.64,20.14,21.18,14.60
391334,25.00,4.69,3,14.36,13.52,8,14.57,185,0.61,0.61,1970,-4.00,0.99,3,0.5000,37.50,99,17,-4.00,8,13.64,20.14,21.18,14.70
391438,25.00,4.69,3,14.36,13.52,8,14.57,185,0.60,0.60,1977,-4.00,0.99,3,0.5000,37.50,99,17,-4.00,8,13.49,19.81,20.39,14.20
391542,25.00,4.69,3,14.36,12.88,8,14.57,185,0.61,0.60,1984,-4.00,0.99,3,0.5000,37.50,99,17,-4.00,8,13.64,20.14,20.78,14.60
391646,25.00,4.69,3,14.36,13.44,8,14.57,185,0.60,0.62,1952,-4.00,0.99,3,0.5000,37.50,99,18,-4.00,8,13.49,19.81,20.78,14.50
391750,24.22,4.69,3,14.36,13.44,8,14.58,185,0.51,0.52,1956,-3.99,1.14,3,0.5000,38.50,99,19,-4.00,8,11.03,14.94,10.98,14.40
391854,21.09,4.69,3,14.36,13.52,8,14.57,185,0.44,0.39,1842,-3.94,1.10,3,0.5000,36.50,99,19,0.00,8,9.14,11.62,7.06,13.10
391958,17.19,4.69,3,14.36,13.44,8,14.57,185,0.41,0.38,1670,-3.89,1.06,3,0.5000,29.50,99,20,0.00,8,7.98,10.36,6.27,12.10
392062,12.50,4.69,2,14.36,13.60,8,14.59,185,0.40,0.38,1514,-3.85,1.00,3,0.5000,24.00,99,20,0.00,8,7.55,9.85,6.27,11.30
392166,0.00,4.69,2,14.36,13.52,10,14.59,185,0.40,0.38,1420,-3.81,1.00,3,0.5000,20.50,99,21,0.00,8,7.25,9.45,5.88,10.90
392270,0.00,3.91,2,14.36,12.88,10,14.60,185,0.40,0.41,1318,-3.78,1.00,3,0.5000,17.50,99,21,0.00,8,7.25,8.84,5.88,10.80
392374,0.00,3.91,2,14.36,13.60,10,14.60,185,0.40,0.41,1284,-3.74,1.00,3,0.5000,17.50,99,20,0.00,8,7.40,8.75,5.88,10.90
392478,0.00,3.91,2,14.36,13.44,10,14.60,185,0.41,0.41,1251,-3.70,1.00,3,0.5000,17.00,99,19,0.00,8,7.55,8.55,5.49,11.50
392582,0.00,3.91,2,14.36,13.44,10,14.61,185,0.41,0.41,1194,-3.67,1.00,3,0.5000,17.00,99,5,0.00,8,7.40,8.43,5.49,12.20
392686,0.00,3.12,2,14.36,13.44,10,14.63,185,0.43,0.44,1108,-3.64,0.93,3,0.5000,21.50,99,2,0.00,8,7.40,8.19,5.49,12.60
392791,0.00,3.12,2,14.36,13.60,10,14.62,185,0.43,0.46,1047,-3.61,1.00,3,0.5000,21.50,99,0,0.00,8,7.69,7.91,5.49,13.00
392894,0.00,3.12,2,14.36,13.52,10,14.60,185,0.41,0.38,1223,-3.58,1.05,3,0.5000,17.00,99,0,0.00,8,7.40,7.72,5.10,19.80
392998,0.00,3.12,2,14.36,13.36,10,14.60,185,0.39,0.36,1269,-3.54,1.05,3,0.5000,17.00,99,0,0.00,8,7.11,7.60,5.49,16.40
393102,0.00,2.34,2,14.36,13.52,10,14.59,185,0.37,0.35,1328,-3.50,1.00,3,0.5000,17.50,99,0,0.00,8,6.96,7.72,5.49,12.40
393206,0.00,2.34,2,14.36,13.44,10,14.59,185,0.36,0.34,1367,-3.46,1.00,3,0.5000,18.00,99,0,0.00,8,6.82,7.76,5.88,11.40
393310,0.00,2.34,2,14.36,13.44,10,14.59,185,0.35,0.34,1358,-3.42,1.00,3,0.5000,17.50,99,0,0.00,8,6.67,7.76,5.88,11.30
393414,0.00,2.34,2,14.36,13.44,10,14.60,185,0.35,0.35,1330,-3.39,1.00,3,0.5000,17.50,99,0,0.00,8,6.67,7.72,5.88,11.50
393518,0.00,2.34,2,14.36,13.52,10,14.60,185,0.35,0.35,1309,-3.35,1.00,3,0.5000,17.50,99,0,0.00,8,6.53,7.64,5.88,11.50
393622,0.00,2.34,2,14.36,13.52,10,14.60,185,0.35,0.35,1288,-3.32,1.00,3,0.5000,17.50,99,0,0.00,8,6.53,7.52,5.88,11.60
393726,0.00,2.34,2,14.36,13.52,10,14.60,185,0.35,0.35,1264,-3.29,1.00,3,0.5000,17.50,99,0,0.00,8,6.53,7.44,5.49,11.60
393830,0.00,1.56,2,14.36,13.52,10,14.60,185,0.35,0.35,1234,-3.25,1.00,3,0.5000,17.00,99,0,0.00,8,6.53,7.33,5.49,11.60
393934,0.00,0.00,2,14.36,13.52,10,14.60,185,0.36,0.36,1212,-3.22,1.00,3,0.5000,17.00,99,0,0.00,8,6.67,7.18,5.49,11.60
394038,0.00,0.00,2,14.36,13.52,10,14.61,185,0.36,0.36,1192,-3.18,1.00,3,0.5000,17.00,99,0,0.00,8,6.67,7.15,5.49,11.60
394142,0.00,0.00,2,14.36,13.44,10,14.61,185,0.36,0.36,1172,-3.15,1.00,3,0.5000,17.00,99,0,0.00,8,6.67,7.04,5.49,11.70
394246,0.00,0.00,2,14.36,13.44,10,14.62,185,0.36,0.36,1147,-3.12,1.00,3,0.5000,22.00,99,0,0.00,8,6.82,6.89,5.49,11.80
394350,0.00,0.00,2,14.36,13.44,10,14.62,185,0.36,0.36,1135,-3.09,1.00,3,0.5000,22.00,99,0,0.00,8,6.82,6.86,5.49,11.80
394454,0.00,0.00,2,14.36,13.44,10,14.62,185,0.36,0.36,1124,-3.06,1.00,3,0.5000,22.00,99,0,0.00,8,6.96,6.78,5.49,11.90
394558,0.00,0.00,2,14.36,13.52,10,14.62,185,0.36,0.36,1107,-3.02,1.00,3,0.5000,22.00,99,0,0.00,8,6.96,6.68,5.49,11.90
394662,0.00,0.00,2,14.36,13.52,10,14.63,185,0.36,0.37,1086,-2.99,1.00,3,0.5000,22.00,99,0,0.00,8,6.96,6.64,5.10,11.90
394766,0.00,0.00,2,14.36,13.44,10,14.63,185,0.36,0.36,1068,-2.97,1.00,3,0.5000,22.00,99,0,0.00,8,7.11,6.57,5.10,11.90
394870,0.00,0.00,2,14.36,13.68,10,14.63,187,0.36,0.36,1072,-2.94,1.00,3,0.5000,22.00,99,0,0.00,8,7.11,6.49,5.10,12.00
394974,0.00,0.00,2,14.36,13.52,10,14.63,187,0.36,0.35,1083,-2.90,1.00,3,0.5000,21.50,99,0,0.00,8,7.25,6.35,5.10,12.00
395078,0.00,0.00,2,14.36,13.60,10,14.63,187,0.35,0.35,1090,-2.87,1.00,3,0.5000,20.50,99,0,0.00,8,7.11,6.24,5.10,12.10
395183,0.00,0.00,2,14.36,13.60,10,14.63,187,0.35,0.35,1073,-2.85,1.00,3,0.5000,21.00,99,0,0.00,8,7.11,6.21,5.10,12.10
395287,0.00,0.00,2,14.36,13.52,10,14.63,187,0.35,0.35,1067,-2.82,1.00,3,0.5000,21.00,99,0,0.00,8,7.11,6.18,5.10,12.10
395390,0.00,0.00,2,14.36,13.52,10,14.63,187,0.35,0.35,1059,-2.78,1.00,3,0.5000,21.00,99,0,0.00,8,7.11,6.11,5.10,12.20
395494,0.00,0.00,2,14.36,13.52,10,14.64,187,0.35,0.34,1052,-2.76,1.00,3,0.5000,21.00,99,0,0.00,8,7.11,6.08,5.10,12.30
395598,0.00,0.00,2,14.36,13.60,10,14.64,187,0.34,0.35,1055,-2.73,1.00,3,0.5000,20.50,99,0,0.00,8,7.11,6.08,5.10,12.40
395702,0.00,0.00,2,14.36,13.60,10,14.64,187,0.34,0.34,1050,-2.70,1.00,3,0.5000,20.50,99,0,0.00,8,7.11,6.01,5.10,12.40
395806,0.00,0.00,2,14.36,13.52,10,14.64,187,0.34,0.34,1049,-2.67,0.97,3,0.5000,17.50,99,0,0.00,8,7.11,5.98,5.10,12.50
395910,0.00,0.00,2,14.36,13.36,10,14.64,187,0.34,0.35,1031,-2.64,0.97,3,0.5000,20.00,99,0,0.00,8,7.11,5.95,5.10,12.50
396014,-0.78,0.00,2,14.36,13.52,8,14.64,187,0.36,0.36,1019,-2.62,1.00,3,0.5000,22.50,99,0,0.00,8,7.25,6.31,5.88,12.50
396119,-3.12,0.00,2,14.36,13.60,8,14.65,187,0.37,0.39,1024,-2.58,0.91,3,0.5000,20.00,99,0,-2.50,8,7.84,6.90,7.06,12.50
396223,-6.25,0.00,2,14.36,13.52,8,14.64,187,0.40,0.44,1041,-2.55,0.89,3,0.5000,21.00,99,0,-2.50,8,8.56,7.65,7.45,12.60
396326,-7.81,0.00,2,14.36,13.60,8,14.63,187,0.42,0.45,1071,-2.53,0.99,3,0.5000,22.00,99,0,-2.50,8,9.00,7.99,7.84,12.70
396431,-4.69,0.00,2,14.36,13.52,8,14.62,187,0.42,0.44,1106,-2.50,0.99,3,0.5000,23.00,99,0,-2.50,8,9.14,8.12,7.84,12.80
396534,-3.12,0.00,2,14.36,13.44,8,14.62,187,0.45,0.48,1111,-2.46,0.88,3,0.5000,24.00,99,0,-2.50,8,10.01,9.44,10.98,13.30
396639,-1.56,0.00,3,14.36,13.52,8,14.60,187,0.49,0.53,1164,-2.43,0.91,3,0.5000,25.50,99,0,-2.50,8,10.88,10.50,11.37,13.60
396742,0.00,0.00,3,14.36,13.52,8,14.60,187,0.50,0.53,1226,-2.40,0.99,3,0.5000,27.00,99,0,-2.50,8,11.32,10.77,12.16,15.20
396847,3.91,0.78,3,14.36,13.52,8,14.60,187,0.51,0.52,1292,-2.36,0.99,3,0.5000,29.00,99,0,-2.50,8,11.46,11.08,12.16,15.60
396951,8.59,0.78,3,14.36,13.44,8,14.59,187,0.53,0.54,1332,-2.33,0.98,3,0.5000,30.50,99,0,-2.50,8,11.90,12.15,14.90,16.20
397054,12.50,0.78,3,14.36,13.44,8,14.59,187,0.54,0.56,1387,-2.29,0.98,3,0.5000,32.50,99,0,-2.50,8,12.62,13.04,16.47,16.60
397159,15.62,0.78,3,14.36,13.52,8,14.58,187,0.54,0.55,1472,-2.25,0.98,3,0.5000,35.00,99,0,-2.50,8,12.77,13.49,17.25,16.60
397263,19.53,1.56,3,14.36,13.52,8,14.58,187,0.54,0.54,1524,-2.20,0.98,3,0.5000,36.50,99,0,-2.00,8,12.77,13.92,17.65,16.30
397367,19.53,1.56,3,14.36,13.44,8,14.58,187,0.55,0.55,1584,-2.16,0.98,3,0.5000,38.00,99,0,-2.00,8,13.06,14.85,19.61,15.90
397471,21.88,1.56,3,14.36,13.36,8,14.58,187,0.56,0.56,1633,-2.11,0.98,3,0.5000,39.00,99,0,-2.00,8,13.35,15.29,20.39,15.80
397574,25.00,1.56,3,14.36,13.36,8,14.58,187,0.56,0.56,1666,-2.06,0.99,3,0.5000,39.00,99,0,-2.00,8,13.35,15.66,20.39,15.70
397679,25.00,2.34,3,14.36,13.52,8,14.58,187,0.57,0.57,1696,-2.02,0.99,3,0.5000,39.00,99,0,-2.00,8,13.49,16.19,21.18,15.70
397782,25.00,2.34,3,14.36,13.52,8,14.58,187,0.57,0.57,1721,-1.98,0.99,3,0.5000,39.00,99,0,-2.00,8,13.35,16.58,21.57,15.70
397887,25.00,2.34,3,14.36,13.52,8,14.58,187,0.57,0.58,1741,-1.93,0.99,3,0.5000,39.50,99,0,-2.00,8,13.49,16.58,21.18,15.30
397993,25.00,2.34,3,14.36,13.52,8,14.58,187,0.58,0.57,1752,-1.87,0.99,3,0.5000,39.50,99,0,-2.00,8,13.35,16.91,21.18,15.30
398096,25.00,2.34,3,14.36,13.44,8,14.58,187,0.57,0.57,1762,-1.82,0.99,3,0.5000,39.50,99,0,-1.50,8,13.35,16.85,20.39,15.10
398200,25.00,2.34,3,14.36,13.44,8,14.58,187,0.58,0.57,1768,-1.78,0.99,3,0.5000,39.50,99,0,-1.50,8,13.35,17.05,20.39,15.00
398304,25.00,3.12,3,14.36,13.36,8,14.58,187,0.58,0.57,1770,-1.73,0.99,3,0.5000,39.50,99,0,-1.50,8,13.20,16.92,20.00,15.00
398408,25.00,4.69,3,14.36,13.44,8,14.58,187,0.58,0.57,1772,-1.68,0.99,3,0.5000,39.50,99,0,-1.50,8,13.20,16.98,19.61,15.00
398512,25.00,4.69,3,14.36,13.60,8,14.58,187,0.58,0.58,1759,-1.63,0.99,3,0.5000,39.50,99,0,-1.50,8,13.20,16.92,19.61,14.80
398617,25.00,4.69,3,14.36,13.52,8,14.58,187,0.58,0.59,1760,-1.58,0.99,3,0.5000,39.50,99,0,-1.50,8,13.20,17.46,19.61,14.50
398721,24.22,4.69,3,14.36,13.52,8,14.58,187,0.58,0.59,1762,-1.54,0.99,3,0.5000,39.50,99,0,-1.50,8,13.20,17.19,19.61,14.40
398825,24.22,4.69,3,14.36,13.36,8,14.58,187,0.58,0.58,1768,-1.49,0.99,3,0.5000,39.50,99,0,-1.50,8,13.20,17.39,19.61,14.40
398929,23.44,4.69,3,14.36,13.44,8,14.58,187,0.59,0.59,1770,-1.43,0.99,3,0.5000,39.50,99,0,-1.00,8,13.20,17.26,19.61,14.40
399033,23.44,4.69,3,14.36,13.44,8,14.58,187,0.59,0.59,1773,-1.38,0.99,3,0.5000,39.50,99,0,-1.00,8,13.35,17.46,19.61,14.30
399137,23.44,4.69,3,14.36,13.28,8,14.58,187,0.59,0.59,1774,-1.34,0.99,3,0.5000,39.50,99,0,-1.00,8,13.20,17.46,19.61,14.40
399242,22.66,4.69,3,14.36,13.60,8,14.58,187,0.59,0.60,1788,-1.29,0.99,3,0.5000,39.50,99,0,-1.00,8,13.49,17.76,20.39,14.40
399346,23.44,4.69,3,14.36,13.44,8,14.58,187,0.60,0.60,1794,-1.24,0.99,3,0.5000,39.50,99,0,-1.00,8,13.49,18.04,20.78,14.40
399450,23.44,4.69,3,14.36,13.36,8,14.58,187,0.61,0.61,1802,-0.22,0.99,3,0.5000,40.50,99,0,0.00,8,13.64,18.24,21.57,14.50
399554,24.22,4.69,3,14.36,13.44,8,14.57,187,0.61,0.60,1810,-0.22,0.99,3,0.5000,40.50,99,1,0.00,8,13.78,18.30,21.96,14.70
399658,24.22,4.69,3,14.36,13.60,8,14.58,187,0.61,0.61,1808,-0.22,0.99,3,0.5000,40.50,99,1,0.00,8,13.78,18.30,21.96,14.50
399762,24.22,4.69,3,14.36,13.44,8,14.57,187,0.61,0.60,1813,-0.22,0.99,3,0.5000,40.50,99,1,0.00,8,13.78,18.61,21.96,15.00
399866,24.22,4.69,3,14.36,13.36,8,14.57,187,0.61,0.61,1816,-0.22,0.99,3,0.5000,40.50,99,2,0.00,8,13.78,18.53,21.96,14.50
399970,24.22,4.69,3,14.36,13.44,8,14.57,187,0.61,0.61,1832,-0.22,0.99,3,0.5000,40.50,99,2,0.00,8,13.78,18.67,21.96,14.60
400074,25.00,4.69,3,14.36,13.52,8,14.57,187,0.62,0.62,1832,-0.22,0.99,3,0.5000,40.50,99,3,0.00,8,13.78,18.75,21.96,14.60
400178,24.22,4.69,3,14.36,13.52,8,14.57,187,0.61,0.61,1834,-2.22,0.99,3,0.5000,38.50,99,3,0.00,9,13.78,18.67,21.96,14.50
400282,24.22,4.69,3,14.36,13.52,8,14.57,187,0.61,0.61,1822,-2.22,0.99,3,0.5000,38.00,99,3,-2.00,9,13.78,18.82,21.96,14.40
400386,24.22,4.69,3,14.36,13.36,8,14.57,187,0.62,0.62,1827,-2.22,0.99,3,0.5000,38.00,99,4,-2.00,9,13.78,18.97,21.96,14.50
400490,24.22,4.69,3,14.36,13.44,8,14.57,187,0.62,0.63,1829,-2.22,0.99,3,0.5000,38.00,99,4,-2.00,9,13.78,18.90,21.96,14.70
400594,24.22,4.69,3,14.36,13.44,8,14.57,187,0.62,0.62,1847,-2.22,0.99,3,0.5000,38.50,99,5,-2.00,9,13.78,19.13,21.96,14.40
400698,24.22,4.69,3,14.36,13.44,8,14.57,187,0.62,0.63,1850,-2.22,0.99,3,0.5000,38.00,99,5,-2.00,9,13.93,19.26,22.75,14.50
400802,25.00,4.69,3,14.36,13.44,8,14.57,187,0.62,0.63,1852,-2.22,0.99,3,0.5000,38.00,99,6,-2.00,9,13.93,19.33,22.75,14.50
400906,24.22,4.69,3,14.36,13.44,8,14.57,187,0.62,0.62,1840,-2.22,0.99,3,0.5000,38.00,99,7,-2.00,9,13.93,19.33,22.75,15.00
401010,24.22,4.69,3,14.36,13.44,8,14.57,187,0.63,0.63,1844,-2.22,0.99,3,0.5000,38.00,99,7,-2.00,9,13.93,19.33,22.75,14.50
401115,25.00,4.69,3,14.36,13.52,8,14.57,187,0.63,0.62,1861,-2.22,0.99,3,0.5000,38.00,99,8,-2.00,9,13.93,19.32,22.75,14.60
401218,25.00,4.69,3,14.36,13.44,8,14.57,187,0.63,0.62,1862,-2.22,0.99,3,0.5000,38.00,99,8,-2.00,9,13.93,19.40,22.75,14.30
401322,25.00,4.69,3,14.36,13.44,8,14.57,187,0.63,0.63,1847,-2.22,0.99,3,0.5000,38.00,99,9,-2.00,9,13.93,19.55,22.75,14.50
401426,25.00,4.69,3,14.36,13.36,8,14.57,187,0.63,0.63,1854,-2.22,0.99,3,0.5000,38.00,99,9,-2.00,9,14.07,19.32,22.75,14.50
401531,24.22,4.69,3,14.36,13.44,8,14.57,187,0.63,0.64,1852,-2.22,0.99,3,0.5000,38.00,99,10,-2.00,9,14.07,19.47,22.75,14.50
401634,25.00,4.69,3,14.36,13.52,8,14.57,187,0.64,0.65,1872,-4.22,0.99,3,0.5000,38.00,99,10,-2.00,10,14.36,20.44,24.71,14.50
401738,25.00,4.69,3,14.36,13.52,8,14.57,187,0.65,0.66,1880,-4.22,0.99,3,0.5000,35.50,99,11,-4.00,10,14.51,20.61,25.88,14.50
401842,25.00,4.69,3,14.36,13.52,8,14.57,187,0.65,0.65,1878,-4.22,0.99,3,0.5000,35.50,99,11,-4.00,10,14.51,20.53,25.88,14.80
401946,25.00,4.69,3,14.36,13.44,8,14.57,187,0.65,0.65,1888,-4.22,0.99,3,0.5000,35.50,99,12,-4.00,10,14.51,20.44,25.88,15.60
402050,25.00,4.69,3,14.36,13.44,8,14.57,187,0.65,0.65,1906,-4.22,0.99,3,0.5000,36.00,99,12,-4.00,10,14.36,20.61,25.10,14.70
402154,25.00,4.69,3,14.36,13.44,8,14.57,187,0.65,0.65,1892,-4.22,0.99,3,0.5000,35.50,99,13,-4.00,10,14.36,20.53,25.49,14.90
402258,25.00,4.69,3,14.36,13.52,8,14.57,187,0.65,0.66,1894,-4.22,0.99,3,0.5000,35.50,99,13,-4.00,10,14.51,20.78,25.88,15.20
402362,25.00,4.69,3,14.36,13.44,8,14.57,187,0.65,0.65,1910,-4.22,0.99,3,0.5000,35.50,99,13,-4.00,10,14.36,20.44,24.71,14.70
402466,25.00,4.69,3,14.36,13.44,8,14.57,187,0.65,0.65,1908,-6.22,0.99,3,0.5000,33.50,99,14,-4.00,11,14.51,20.61,25.49,15.80
402570,25.00,4.69,3,14.36,13.44,8,14.57,187,0.65,0.65,1889,-6.22,0.99,3,0.5000,33.50,99,15,-6.00,11,14.51,20.78,25.49,14.10
402674,25.00,4.69,3,14.36,13.36,8,14.57,187,0.65,0.66,1910,-6.22,0.99,3,0.5000,33.50,99,15,-6.00,11,14.36,20.53,24.31,14.80
402778,25.00,4.69,3,14.36,13.52,8,14.57,187,0.65,0.64,1912,-6.22,0.99,3,0.5000,33.50,99,15,-6.00,11,14.51,20.36,24.71,14.50
402882,25.00,4.69,3,14.36,13.44,8,14.57,187,0.65,0.65,1896,-6.22,0.99,3,0.5000,33.50,99,16,-6.00,11,14.36,20.61,24.71,14.50
402987,25.00,4.69,3,14.36,13.44,8,14.57,187,0.66,0.66,1894,-6.22,0.99,3,0.5000,33.50,99,16,-6.00,11,14.65,20.78,25.88,15.60
403090,25.00,4.69,3,14.36,13.44,8,14.57,187,0.66,0.67,1917,-6.22,0.99,3,0.5000,33.50,99,17,-6.00,11,14.65,21.12,27.06,14.60
403194,25.00,4.69,3,14.36,13.36,8,14.57,187,0.66,0.66,1908,-6.22,0.99,3,0.5000,33.00,99,18,-6.00,11,14.65,21.12,26.67,15.00
403299,25.00,4.69,3,14.36,13.44,8,14.57,187,0.66,0.67,1912,-6.22,0.99,3,0.5000,33.00,99,18,-6.00,11,14.65,21.29,27.06,14.80
403402,25.00,4.69,3,14.36,13.52,8,14.57,187,0.66,0.67,1930,-6.22,0.99,3,0.5000,33.50,99,18,-6.00,11,14.80,21.12,27.06,14.70
403506,25.00,4.69,3,14.36,13.44,8,14.57,187,0.67,0.66,1918,-6.22,0.99,3,0.5000,33.00,99,19,-6.00,11,14.80,21.46,27.06,15.20
403610,25.00,4.69,3,14.36,13.52,8,14.57,187,0.67,0.67,1918,-6.22,0.99,3,0.5000,33.00,99,19,-6.00,11,14.80,21.38,27.06,14.50
403714,25.00,4.69,3,14.36,13.60,8,14.57,187,0.67,0.67,1936,-6.22,0.99,3,0.5000,33.50,99,19,-6.00,11,14.80,21.55,27.06,14.90
403818,25.00,4.69,3,14.36,13.44,8,14.57,187,0.67,0.66,1922,-6.22,0.99,3,0.5000,33.00,99,20,-6.00,11,14.80,21.55,27.06,15.00
403922,25.00,4.69,3,14.36,13.44,8,14.57,187,0.67,0.66,1924,-6.22,0.99,3,0.5000,33.00,99,19,-6.00,11,14.80,21.46,27.06,14.60
404026,25.00,4.69,3,14.36,13.44,8,14.57,187,0.67,0.67,1942,-6.22,0.99,3,0.5000,33.50,99,20,-6.00,12,14.80,21.63,27.06,14.90
404130,25.00,4.69,3,14.36,13.52,8,14.57,187,0.67,0.67,1924,-8.22,0.99,3,0.5000,31.00,99,19,-8.00,12,14.80,21.63,27.06,14.60
404234,25.00,4.69,3,14.36,13.52,8,14.57,187,0.67,0.67,1927,-8.22,0.99,3,0.5000,31.00,99,17,-8.00,12,14.80,21.38,27.06,15.20
404338,25.00,4.69,3,14.36,13.44,8,14.57,187,0.67,0.67,1942,-8.22,0.99,3,0.5000,31.00,99,14,-8.00,12,14.80,21.72,27.06,15.10
404442,25.00,4.69,3,14.36,13.44,8,14.57,187,0.67,0.67,1922,-8.22,0.99,3,0.5000,31.00,99,10,-8.00,12,14.80,21.55,27.06,16.20
404545,25.00,4.69,3,14.36,13.44,8,14.57,187,0.67,0.66,1923,-8.22,0.99,3,0.5000,31.00,99,6,-8.00,12,14.80,21.46,27.06,16.20
404651,25.00,4.69,3,14.36,13.52,8,14.57,187,0.66,0.67,1938,-8.22,0.99,3,0.5000,31.50,99,4,-8.00,12,14.80,21.29,27.06,14.60
404754,25.00,4.69,3,14.36,13.60,8,14.57,187,0.66,0.65,1960,-8.22,0.99,3,0.5000,31.50,99,2,-8.00,12,14.65,21.38,26.67,14.60
404858,25.00,4.69,3,14.36,13.52,8,14.57,187,0.65,0.65,1993,-8.22,0.99,3,0.5000,32.00,99,1,-8.00,12,14.80,21.55,26.67,14.60
404962,25.00,4.69,3,14.36,13.44,8,14.57,187,0.65,0.65,1985,-8.22,0.99,3,0.5000,32.00,99,0,-8.00,12,14.80,21.72,26.67,14.80
405067,25.00,4.69,3,14.36,13.44,8,14.57,187,0.65,0.65,1998,-8.22,0.99,3,0.5000,32.00,99,0,-8.00,12,14.65,21.63,26.67,14.40
405171,25.00,4.69,3,14.36,13.52,8,14.57,187,0.65,0.64,1981,-8.22,0.99,3,0.5000,32.00,99,0,-8.00,12,14.80,21.55,26.67,14.70
405275,25.00,5.47,3,14.36,13.60,8,14.57,187,0.65,0.65,1982,-8.22,0.99,3,0.5000,32.00,99,0,-8.00,12,14.80,21.63,26.67,14.90
405378,25.00,5.47,3,14.36,13.60,8,14.57,187,0.65,0.64,1997,-8.22,0.99,3,0.5000,32.00,99,0,-8.00,12,14.80,21.55,26.67,14.60
405483,25.00,5.47,3,14.36,13.44,8,14.57,187,0.64,0.65,1979,-8.22,0.99,3,0.5000,32.00,99,0,-8.00,12,14.65,21.21,26.27,14.80
405587,25.00,5.47,3,14.36,13.44,8,14.57,187,0.63,0.61,1994,-8.22,0.99,3,0.5000,32.50,99,0,-8.00,12,14.22,20.36,22.75,15.10
405691,24.22,5.47,3,14.36,13.52,8,14.57,187,0.62,0.62,1967,-8.22,0.99,3,0.5000,32.50,99,0,-8.00,12,14.22,20.53,22.75,14.40
405795,24.22,5.47,3,14.36,13.68,8,14.57,187,0.62,0.62,1968,-8.22,0.99,3,0.5000,33.00,99,0,-8.00,12,14.22,20.44,22.75,14.40
405899,24.22,5.47,3,14.36,13.52,8,14.57,187,0.63,0.63,1948,-8.22,0.99,3,0.5000,32.50,99,0,-8.00,12,14.22,20.53,22.35,14.50
406004,24.22,5.47,3,14.36,13.44,8,14.57,187,0.63,0.63,1950,-8.22,0.99,3,0.5000,32.50,99,0,-8.00,12,14.22,20.61,22.35,14.40
406107,24.22,5.47,3,14.36,13.44,8,14.57,187,0.62,0.62,1961,-7.22,0.99,3,0.5000,34.00,99,0,-7.00,12,14.07,20.19,22.35,14.50
406211,24.22,5.47,3,14.36,13.52,8,14.57,187,0.62,0.62,1946,-7.22,0.99,3,0.5000,33.50,99,0,-7.00,12,14.07,20.10,22.35,14.50
406315,24.22,5.47,3,14.36,13.68,8,14.57,187,0.62,0.62,1963,-7.22,0.99,3,0.5000,34.00,99,0,-7.00,12,14.22,20.27,22.35,14.40
406420,24.22,5.47,3,14.36,13.52,8,14.57,187,0.62,0.62,1948,-7.22,0.99,3,0.5000,34.00,99,0,-7.00,12,14.07,20.36,22.35,14.60
406523,24.22,5.47,3,14.36,13.44,8,14.57,187,0.62,0.62,1945,-7.22,0.99,3,0.5000,33.50,99,0,-7.00,12,14.07,20.19,22.35,14.60
406627,24.22,5.47,3,14.36,13.44,8,14.57,187,0.62,0.62,1963,-7.22,0.99,3,0.5000,34.00,99,0,-7.00,12,14.07,20.02,21.96,14.50
406732,24.22,5.47,3,14.36,13.60,8,14.57,187,0.62,0.62,1947,-7.22,0.99,3,0.5000,34.00,99,0,-7.00,12,14.07,20.36,21.96,14.50
406835,24.22,5.47,3,14.36,13.60,8,14.57,187,0.62,0.62,1961,-7.22,0.99,3,0.5000,34.00,99,0,-7.00,12,13.93,20.02,21.96,14.50
406939,24.22,5.47,3,14.36,13.52,8,14.57,187,0.61,0.61,1962,-7.22,0.99,3,0.5000,34.00,99,0,-7.00,12,13.78,20.10,21.18,14.40
407044,22.66,5.47,3,14.36,13.44,8,14.57,187,0.59,0.59,1939,-7.22,1.00,3,0.5000,34.00,99,0,-7.00,12,13.35,18.84,18.43,14.50
407147,20.31,5.47,3,14.36,13.44,8,14.58,187,0.59,0.58,1930,-7.22,1.00,3,0.5000,35.00,99,1,-7.00,12,12.91,18.46,18.04,14.20
407251,17.97,5.47,3,14.36,13.52,8,14.58,187,0.59,0.58,1907,-7.22,1.00,3,0.5000,34.50,99,1,-7.00,12,12.91,18.46,18.04,13.80
407355,17.97,5.47,3,14.36,13.68,8,14.58,187,0.59,0.59,1885,-7.22,0.99,3,0.5000,34.50,99,2,-7.00,12,13.06,18.76,18.43,14.00
407459,17.97,5.47,3,14.36,13.44,8,14.58,187,0.59,0.60,1898,-7.22,0.99,3,0.5000,34.50,99,2,-7.00,12,13.06,18.84,18.82,14.20
407563,17.97,5.47,3,14.36,13.44,8,14.58,187,0.60,0.60,1902,-7.22,0.99,3,0.5000,34.50,99,2,-7.00,12,13.20,18.92,19.22,14.40
407668,18.75,5.47,3,14.36,13.44,8,14.58,187,0.60,0.59,1894,-7.22,0.99,3,0.5000,34.00,99,3,-7.00,12,13.20,18.99,19.22,14.40
407772,18.75,5.47,3,14.36,13.60,8,14.58,187,0.60,0.60,1898,-7.22,0.99,3,0.5000,34.00,99,3,-7.00,12,13.35,19.07,20.00,14.40
407875,19.53,5.47,3,14.36,13.68,8,14.57,187,0.60,0.61,1922,-7.22,0.99,3,0.5000,34.00,99,3,-7.00,12,13.49,19.46,20.39,14.60
407979,20.31,5.47,3,14.36,13.44,8,14.57,187,0.60,0.60,1915,-7.22,0.99,3,0.5000,34.00,99,4,-7.00,12,13.49,19.22,20.39,15.40
408084,21.88,5.47,3,14.36,13.44,8,14.57,187,0.60,0.60,1919,-6.22,0.99,3,0.5000,34.00,99,5,-7.00,12,13.49,19.22,20.39,14.80
408187,21.88,5.47,3,14.36,13.52,8,14.57,187,0.60,0.61,1940,-6.22,0.99,3,0.5000,35.50,99,5,-6.00,12,13.49,19.30,20.39,14.90
408292,21.88,5.47,3,14.36,13.52,8,14.58,187,0.60,0.60,1932,-6.22,0.99,3,0.5000,35.50,99,6,-6.00,12,13.49,19.53,20.39,14.40
408396,22.66,5.47,3,14.36,13.60,8,14.58,187,0.60,0.60,1936,-6.22,0.99,3,0.5000,35.50,99,6,-6.00,12,13.49,19.38,20.39,14.50
408499,22.66,5.47,3,14.36,13.52,8,14.58,187,0.58,0.58,1950,-6.22,0.99,3,0.5000,35.50,99,7,-6.00,12,12.91,18.69,18.43,14.70
408604,20.31,5.47,3,14.36,13.52,8,14.58,187,0.52,0.50,1905,-6.21,1.09,3,0.5000,37.00,99,8,-6.00,12,10.88,15.12,11.37,14.40
408708,12.50,5.47,3,14.36,13.44,8,14.57,187,0.45,0.40,1808,-6.15,1.09,3,0.5000,33.00,99,8,-6.00,12,9.00,11.94,7.45,13.80
408812,6.25,5.47,3,14.36,13.60,8,14.57,187,0.42,0.39,1662,-6.10,1.00,3,0.5000,28.50,99,9,-6.00,12,7.98,10.80,7.06,12.80
408916,-3.91,5.47,2,14.36,13.60,8,14.58,187,0.41,0.39,1512,-6.06,1.00,3,0.5000,25.00,99,10,-6.00,12,7.55,9.94,6.67,11.90
409020,-12.50,5.47,2,14.36,13.60,8,14.59,187,0.41,0.41,1400,-6.02,1.00,3,0.5000,23.50,99,10,-6.00,12,7.40,9.59,6.67,11.30
409124,-17.19,4.69,2,14.36,13.52,8,14.59,187,0.42,0.42,1338,-5.99,1.00,3,0.5000,22.50,99,10,-6.00,12,7.40,9.32,6.67,10.90
409227,-23.44,4.69,2,14.36,13.52,8,14.59,187,0.41,0.40,1330,-5.95,1.00,3,0.5000,22.50,99,10,-6.00,12,7.11,8.67,5.88,10.70
409331,-25.00,4.69,2,14.36,13.60,8,14.59,187,0.40,0.39,1344,-5.91,1.00,3,0.5000,22.00,99,10,-6.00,12,6.96,8.63,6.27,10.40
409436,-25.00,3.91,2,14.36,13.60,8,14.59,187,0.40,0.40,1351,-5.88,1.00,3,0.5000,22.00,99,10,-6.00,12,7.11,9.15,7.45,10.40
409540,-25.00,5.47,3,14.36,13.52,8,14.59,187,0.43,0.42,1358,-5.84,0.92,3,0.5000,23.00,99,11,-6.00,12,7.69,10.31,9.02,10.70
409644,-25.00,5.47,3,14.36,13.60,8,14.59,187,0.46,0.51,1408,-5.80,0.90,3,0.5000,25.00,99,11,-6.00,12,9.14,11.88,10.98,11.90
409748,-14.06,5.47,3,14.36,13.52,8,14.59,187,0.50,0.53,1436,-5.76,0.99,3,0.5000,28.00,99,11,-6.00,12,9.87,12.79,11.76,11.90
409852,-12.50,5.47,3,14.36,13.60,8,14.58,187,0.50,0.52,1503,-5.72,0.99,3,0.5000,29.50,99,12,-5.50,12,10.30,12.84,11.76,14.10
409956,-7.81,5.47,3,14.36,13.52,8,14.58,187,0.50,0.50,1528,-5.68,0.99,3,0.5000,31.00,99,12,-5.50,12,10.45,12.84,11.76,15.90
410060,-7.03,5.47,3,14.36,13.52,8,14.58,187,0.49,0.48,1580,-5.63,0.99,3,0.5000,31.00,99,13,-5.50,12,10.30,12.87,11.76,15.10
410164,-6.25,5.47,3,14.36,13.60,8,14.57,187,0.48,0.48,1613,-5.59,0.99,3,0.5000,31.50,99,13,-5.50,12,10.16,12.77,11.76,15.00
410268,-4.69,5.47,3,14.36,13.60,8,14.57,187,0.47,0.48,1624,-5.54,0.99,3,0.5000,31.50,99,14,-5.50,12,10.01,12.58,10.59,15.10
410371,-4.69,5.47,3,14.36,13.60,8,14.57,187,0.44,0.42,1613,-5.50,1.07,3,0.5000,30.50,99,14,-5.50,12,9.00,10.97,7.45,14.90
410476,-5.47,5.47,2,14.36,13.52,8,14.58,187,0.38,0.36,1564,-5.46,1.11,3,0.5000,31.00,99,15,0.00,12,7.84,8.59,5.49,15.50
410580,-7.81,5.47,2,14.36,13.52,8,14.59,187,0.35,0.31,1493,-5.42,1.07,3,0.5000,26.50,99,15,0.00,12,7.11,7.68,5.10,14.20
410684,-11.72,4.69,2,14.36,13.60,8,14.59,187,0.34,0.32,1386,-5.38,1.00,3,0.5000,23.00,99,15,0.00,12,6.67,7.37,5.10,13.50
410788,-14.06,4.69,2,14.36,13.68,8,14.60,187,0.33,0.32,1335,-5.34,1.00,3,0.5000,20.50,99,15,0.00,12,6.53,7.15,4.71,13.00
410892,0.00,4.69,2,14.36,13.60,10,14.60,187,0.33,0.31,1320,-5.30,1.00,3,0.5000,18.50,99,15,0.00,12,6.38,6.93,4.71,12.50
410996,0.00,3.91,2,14.36,13.52,10,14.60,187,0.32,0.32,1256,-5.26,1.00,3,0.5000,17.00,99,14,0.00,12,6.24,6.86,4.71,12.10
411100,0.00,3.91,2,14.36,13.68,10,14.60,187,0.32,0.32,1252,-5.23,1.00,3,0.5000,17.00,99,3,0.00,12,6.24,6.68,4.71,12.00
411203,0.00,3.91,2,14.36,13.12,10,14.60,187,0.32,0.31,1255,-5.20,1.00,3,0.5000,17.00,99,0,0.00,12,6.24,6.57,4.71,12.60
411308,0.00,3.91,2,14.36,13.20,10,14.62,187,0.33,0.33,1175,-5.17,1.00,3,0.5000,17.00,99,0,0.00,12,6.24,6.53,4.71,13.10
411412,0.00,3.12,2,14.36,13.60,10,14.63,187,0.34,0.36,1077,-5.14,1.00,3,0.5000,17.00,99,0,0.00,12,6.53,6.42,4.71,13.80
411516,0.00,3.12,2,14.36,13.52,10,14.65,187,0.35,0.38,1011,-5.10,1.00,3,0.5000,22.00,99,0,0.00,12,6.67,6.24,3.92,12.80
411620,0.00,3.12,2,14.36,13.60,10,14.66,187,0.36,0.37,978,-5.08,1.00,3,0.5000,22.00,99,0,0.00,12,6.82,6.01,4.31,15.90
411724,0.00,3.12,2,14.36,13.60,10,14.66,187,0.37,0.39,929,-5.06,1.00,3,0.5000,22.00,99,0,0.00,12,6.96,6.21,4.71,17.30
411828,0.00,3.12,2,14.36,13.68,10,14.68,187,0.39,0.41,878,-5.03,0.93,3,0.5000,22.00,99,0,0.00,12,7.25,6.21,4.71,20.10
411932,0.00,2.34,2,14.36,13.60,10,14.67,187,0.40,0.44,850,-5.01,1.00,3,0.5000,22.00,99,0,0.00,12,7.55,6.21,4.71,24.60
412036,0.00,2.34,2,14.36,13.60,10,14.62,187,0.37,0.35,1045,-4.98,1.09,3,0.5000,12.50,99,0,0.00,12,7.55,6.11,4.71,29.80
412139,0.00,2.34,2,14.36,13.60,10,14.59,187,0.33,0.29,1260,-4.94,1.12,3,0.5000,17.00,99,0,0.00,12,6.96,6.01,4.71,44.90
412244,0.00,2.34,2,14.36,13.52,10,14.59,187,0.29,0.26,1386,-4.90,1.09,3,0.5000,18.00,99,0,0.00,12,6.38,5.82,4.31,49.80
412348,0.00,2.34,2,14.36,13.60,10,14.59,187,0.28,0.26,1377,-4.86,1.00,3,0.5000,18.00,99,0,0.00,12,6.24,6.08,4.71,20.40
412452,0.00,2.34,2,14.36,13.52,10,14.59,187,0.28,0.28,1345,-4.83,1.00,3,0.5000,17.50,99,0,0.00,12,6.09,6.17,5.10,16.90
412556,0.00,1.56,2,14.36,13.52,10,14.60,185,0.28,0.28,1338,-4.79,1.00,3,0.5000,17.50,99,0,0.00,12,5.95,6.14,4.71,16.20
412660,0.00,0.00,2,14.36,13.44,10,14.60,185,0.28,0.28,1312,-4.75,1.00,3,0.5000,17.50,99,0,0.00,12,5.80,6.11,4.71,14.00
412764,-1.56,0.00,2,14.36,13.44,8,14.60,185,0.28,0.28,1298,-4.72,1.00,3,0.5000,17.50,99,0,0.00,12,5.80,6.01,4.71,14.20
412868,-3.91,0.00,2,14.36,13.60,8,14.60,185,0.28,0.28,1295,-4.68,1.00,3,0.5000,17.50,99,0,0.00,12,5.66,5.92,4.71,13.90
412972,-5.47,0.00,2,14.36,13.60,8,14.60,185,0.28,0.28,1281,-4.65,1.00,3,0.5000,17.50,99,0,0.00,12,5.66,5.92,4.71,13.70
413076,-6.25,0.00,2,14.36,13.60,8,14.60,185,0.28,0.28,1266,-4.62,1.00,3,0.5000,17.50,99,0,0.00,12,5.66,5.85,4.71,13.50
413180,-7.81,0.00,2,14.36,13.60,8,14.60,185,0.28,0.28,1233,-4.58,1.00,3,0.5000,17.00,99,0,0.00,12,5.66,5.79,4.71,13.30
413284,-8.59,0.00,2,14.36,13.60,8,14.60,185,0.28,0.28,1214,-4.54,1.00,3,0.5000,17.00,99,0,0.00,12,5.66,5.63,4.71,13.30
413388,-10.16,1.56,1,14.36,13.60,8,14.60,185,0.28,0.28,1202,-4.51,1.00,3,0.5000,17.00,99,0,0.00,12,5.66,5.60,4.31,13.20
413492,-10.94,1.56,1,14.36,13.60,8,14.61,185,0.28,0.28,1192,-4.48,1.00,3,0.5000,17.00,99,0,0.00,12,5.80,5.56,4.71,13.20
413596,-11.72,1.56,1,14.36,13.60,8,14.61,185,0.28,0.28,1179,-4.45,1.00,3,0.5000,17.00,99,0,0.00,12,5.80,5.50,4.71,13.20
413700,-12.50,1.56,1,14.36,13.52,8,14.61,185,0.28,0.28,1169,-4.42,1.00,3,0.5000,17.00,99,0,0.00,12,5.80,5.47,4.71,13.30
413804,-13.28,1.56,1,14.36,13.68,8,14.62,185,0.28,0.28,1163,-4.38,1.00,3,0.5000,17.00,99,0,0.00,12,5.80,5.43,4.31,13.20
413908,-14.06,1.56,1,14.36,13.60,8,14.62,185,0.28,0.28,1146,-4.35,1.00,3,0.5000,17.00,99,0,0.00,12,5.95,5.37,4.31,13.30
414012,-14.84,1.56,1,14.36,13.36,8,14.62,185,0.28,0.28,1142,-4.32,1.00,3,0.5000,17.00,99,0,0.00,12,5.95,5.31,4.31,13.40
414116,-14.84,1.56,1,14.36,13.68,8,14.62,185,0.28,0.28,1118,-4.29,1.00,3,0.5000,17.00,99,0,0.00,12,5.95,5.24,4.31,13.40
414221,-15.62,1.56,1,14.36,13.52,8,14.62,185,0.28,0.28,1106,-4.26,1.00,3,0.5000,17.00,99,0,0.00,12,5.95,5.24,4.31,13.50
414324,-16.41,1.56,1,14.36,13.52,8,14.62,185,0.28,0.28,1103,-4.22,1.00,3,0.5000,17.00,99,0,0.00,12,5.95,5.18,4.31,13.60
414428,-16.41,1.56,1,14.36,13.68,8,14.63,185,0.28,0.28,1094,-4.19,1.00,3,0.5000,17.00,99,0,0.00,12,5.95,5.12,4.31,13.70
414532,-16.41,1.56,1,14.36,13.44,8,14.63,185,0.28,0.28,1084,-4.16,1.00,3,0.5000,17.00,99,0,0.00,12,5.95,5.12,4.31,13.80
414636,-17.19,1.56,1,14.36,13.60,8,14.63,185,0.28,0.28,1082,-4.14,1.00,3,0.5000,17.00,99,0,0.00,12,6.09,5.06,4.31,13.90
414740,-17.19,1.56,1,14.36,13.36,8,14.64,185,0.28,0.28,1072,-4.10,1.00,3,0.5000,21.00,99,0,0.00,12,6.09,4.99,4.31,13.90
414844,-17.19,1.56,1,14.36,13.60,8,14.64,185,0.28,0.29,1060,-4.07,1.00,3,0.5000,21.50,99,0,0.00,12,6.09,4.99,4.31,14.10
414948,-16.41,1.56,1,14.36,13.60,8,14.64,185,0.28,0.29,1043,-4.05,1.00,3,0.5000,22.00,99,0,0.00,12,6.09,4.96,4.31,14.10
415052,-16.41,1.56,1,14.36,13.60,8,14.64,185,0.28,0.29,1037,-4.02,1.00,3,0.5000,22.00,99,0,0.00,12,6.24,4.87,3.92,14.30
415157,-16.41,1.56,1,14.36,13.68,8,14.64,185,0.28,0.28,1022,-3.99,1.00,3,0.5000,22.00,99,0,0.00,12,6.24,4.87,3.92,14.40
415260,-16.41,1.56,1,14.36,13.52,8,14.65,185,0.28,0.28,1016,-3.96,1.00,3,0.5000,22.00,99,0,0.00,12,6.24,4.81,4.31,14.50
415364,-16.41,1.56,1,14.36,13.60,8,14.65,185,0.28,0.29,992,-3.94,1.00,3,0.5000,22.00,99,0,0.00,12,6.24,4.81,3.92,14.40
415469,-16.41,1.56,1,14.36,13.60,8,14.65,185,0.29,0.31,968,-3.90,1.00,3,0.5000,22.00,99,0,0.00,12,6.53,4.96,4.71,14.50
415573,-16.41,1.56,1,14.36,13.60,8,14.66,185,0.30,0.32,969,-3.88,1.00,3,0.5000,22.00,99,0,0.00,12,6.67,5.12,4.71,14.60
415677,-16.41,1.56,1,14.36,13.68,8,14.66,185,0.31,0.33,958,-3.86,1.00,3,0.5000,22.00,99,0,0.00,12,6.82,5.18,4.71,14.50
415781,-16.41,1.56,1,14.36,13.52,8,14.66,185,0.32,0.33,941,-3.82,1.00,3,0.5000,22.00,99,0,0.00,12,7.11,5.18,4.71,14.50
415885,-15.62,1.56,1,14.36,13.60,8,14.66,185,0.32,0.33,936,-3.80,1.00,3,0.5000,22.00,99,0,0.00,12,7.11,5.12,4.71,14.70
415989,-14.84,1.56,1,14.36,13.52,8,14.66,185,0.32,0.33,924,-3.78,1.00,3,0.5000,22.00,99,0,0.00,12,7.25,5.06,4.71,14.90
416093,-14.06,1.56,1,14.36,13.60,8,14.67,185,0.32,0.32,914,-3.75,1.00,3,0.5000,22.00,99,0,0.00,12,7.25,4.99,4.71,15.10
416197,-14.06,1.56,1,14.36,13.68,8,14.67,185,0.32,0.33,919,-3.73,1.00,3,0.5000,22.00,99,0,0.00,12,7.40,4.93,4.71,15.00
416301,-13.28,1.56,1,14.36,13.60,8,14.66,185,0.32,0.32,924,-3.70,1.00,3,0.5000,21.50,99,0,0.00,12,7.40,4.93,4.71,15.10
416405,-13.28,1.56,1,14.36,13.60,8,14.65,185,0.31,0.30,971,-3.67,1.00,3,0.5000,17.50,99,0,0.00,12,7.40,4.93,4.71,15.20
416509,-12.50,1.56,1,14.36,13.52,8,14.64,185,0.30,0.30,1020,-3.64,1.00,3,0.5000,16.00,99,0,0.00,12,7.25,4.93,4.71,15.30
416613,-12.50,1.56,1,14.36,13.68,8,14.64,187,0.30,0.29,1038,-3.62,1.00,3,0.5000,14.50,99,0,0.00,12,7.11,4.93,4.71,15.30
416717,-11.72,1.56,1,14.36,13.60,8,14.63,187,0.29,0.28,1069,-3.58,1.00,3,0.5000,12.50,99,0,0.00,12,6.82,4.99,4.71,15.30
416821,-10.94,1.56,1,14.36,13.60,8,14.62,187,0.28,0.27,1092,-3.55,1.00,3,0.5000,17.00,99,0,0.00,12,6.67,4.99,4.71,15.30
416925,-10.16,1.56,1,14.36,13.60,8,14.62,187,0.27,0.26,1108,-3.52,1.00,3,0.5000,17.00,99,0,0.00,12,6.53,4.87,4.31,15.30
417029,-9.38,1.56,1,14.36,13.60,8,14.63,187,0.27,0.26,1106,-3.50,1.00,3,0.5000,17.00,99,0,0.00,12,6.53,4.72,4.31,15.40
417133,-8.59,1.56,1,14.36,13.52,8,14.63,187,0.27,0.26,1078,-3.46,1.00,2,0.5000,17.00,99,0,0.00,12,6.38,4.72,4.31,15.50
417237,-8.59,1.56,1,14.36,13.60,8,14.64,187,0.27,0.27,1058,-3.43,1.00,2,0.5000,16.50,99,0,0.00,12,6.38,4.72,4.31,15.50
417341,-7.81,1.56,1,14.36,13.60,8,14.64,187,0.27,0.27,1050,-3.41,1.00,2,0.5000,16.50,99,0,0.00,12,6.38,4.69,4.31,15.60
417445,-7.03,1.56,1,14.36,13.52,8,14.64,187,0.27,0.27,1032,-3.38,1.00,2,0.5000,17.00,99,0,0.00,12,6.38,4.69,4.31,15.50
417549,-7.03,1.56,1,14.36,13.60,8,14.65,187,0.27,0.28,994,-3.35,1.00,2,0.5000,19.50,99,0,0.00,12,6.38,4.69,4.31,15.60
417653,-7.03,1.56,1,14.36,13.52,8,14.65,187,0.28,0.29,989,-3.32,1.00,2,0.5000,19.50,99,0,0.00,12,6.53,4.78,4.71,15.50
417757,-7.03,1.56,1,14.36,13.60,8,14.65,187,0.28,0.30,974,-3.30,1.00,2,0.5000,20.50,99,0,0.00,12,6.67,4.93,4.71,15.40
417861,-7.03,1.56,1,14.36,13.68,8,14.65,187,0.29,0.31,967,-3.26,1.00,2,0.5000,20.50,99,0,0.00,12,6.82,4.93,4.71,15.30
417965,-7.03,1.56,1,14.36,13.52,8,14.66,187,0.30,0.30,971,-3.24,1.00,2,0.5000,19.50,99,0,0.00,12,6.96,4.93,4.71,15.20
418069,-6.25,1.56,1,14.36,13.52,8,14.66,187,0.30,0.31,946,-3.22,1.00,2,0.5000,21.00,99,0,0.00,12,7.11,4.93,4.71,15.10
418173,-6.25,1.56,1,14.36,13.60,8,14.66,187,0.30,0.31,942,-3.19,1.00,2,0.5000,21.00,99,0,0.00,12,7.11,4.87,4.71,15.00
418277,-6.25,1.56,1,14.36,13.60,8,14.66,187,0.30,0.31,942,-3.16,1.00,2,0.5000,20.50,99,0,0.00,12,7.25,4.84,4.71,15.00
418381,-6.25,1.56,1,14.36,13.60,8,14.66,187,0.31,0.31,924,-3.14,1.00,2,0.5000,21.50,99,0,0.00,12,7.25,4.81,4.71,15.00
418485,-6.25,1.56,1,14.36,13.60,8,14.67,187,0.31,0.31,921,-3.11,1.00,2,0.5000,21.00,99,0,0.00,12,7.40,4.81,4.71,14.80
418589,-6.25,1.56,1,14.36,13.60,8,14.67,187,0.31,0.32,901,-3.09,1.00,2,0.5000,22.00,99,0,0.00,12,7.40,4.81,4.71,14.80
418693,-6.25,1.56,1,14.36,13.52,8,14.68,187,0.31,0.32,881,-3.06,1.00,2,0.5000,22.00,99,0,0.00,12,7.55,4.75,4.71,14.80
418797,-6.25,1.56,1,14.36,13.60,8,14.68,187,0.32,0.33,868,-3.04,1.00,2,0.5000,22.00,99,0,0.00,12,7.55,4.78,4.71,14.90
418900,-6.25,1.56,1,14.36,13.68,8,14.68,187,0.32,0.33,850,-3.02,1.00,2,0.5000,22.00,99,0,0.00,12,7.69,4.81,4.71,14.80
419005,-6.25,1.56,1,14.36,13.60,8,14.68,187,0.33,0.34,846,-2.99,1.00,2,0.5000,22.00,99,0,0.00,12,7.84,4.81,4.31,14.80
419109,-5.47,1.56,1,14.36,13.60,8,14.69,187,0.34,0.34,840,-2.97,1.00,2,0.5000,22.00,99,0,0.00,12,7.98,4.99,5.49,14.80
419213,-5.47,1.56,1,14.36,13.44,8,14.69,187,0.35,0.38,824,-2.94,1.00,2,0.5000,22.00,99,0,0.00,12,8.27,5.27,5.49,14.70
419317,-4.69,1.56,1,14.36,13.52,8,14.69,187,0.36,0.39,821,-2.92,0.99,2,0.5000,22.00,99,0,0.00,12,8.56,5.34,5.49,14.80
419421,-4.69,1.56,1,14.36,13.60,8,14.69,187,0.37,0.40,802,-2.90,0.99,2,0.5000,22.00,99,0,0.00,12,8.71,5.37,5.49,14.90
419525,-3.91,1.56,1,14.36,13.68,8,14.69,187,0.38,0.40,814,-2.88,0.99,2,0.5000,22.00,99,0,0.00,12,8.85,5.37,5.49,15.00
419629,-3.12,1.56,1,14.36,13.68,8,14.69,187,0.38,0.39,823,-2.86,0.99,2,0.5000,21.50,99,0,0.00,12,9.00,5.37,5.49,15.10
419733,-1.56,1.56,1,14.36,13.60,8,14.68,187,0.38,0.39,833,-2.83,0.99,2,0.5000,20.50,99,0,0.00,12,9.00,5.37,5.49,15.40
419837,-0.78,1.56,1,14.36,13.52,8,14.68,187,0.38,0.38,854,-2.81,0.99,2,0.5000,18.00,99,0,0.00,12,9.00,5.37,5.49,15.70
419941,0.00,1.56,1,14.36,13.68,8,14.68,187,0.38,0.38,857,-2.78,0.99,2,0.5000,17.50,99,0,0.00,12,9.00,5.43,5.49,15.80
420045,0.00,1.56,1,14.36,13.52,8,14.68,187,0.38,0.37,870,-2.76,1.00,2,0.5000,17.00,99,0,0.00,12,9.00,5.43,5.49,15.80
420149,-0.78,1.56,1,14.36,13.60,8,14.67,187,0.38,0.38,874,-2.74,1.00,2,0.5000,17.00,99,0,0.00,12,8.85,5.50,5.49,15.80
420253,-0.78,1.56,1,14.36,13.52,8,14.68,187,0.38,0.37,887,-2.71,1.00,2,0.5000,16.50,99,0,0.00,12,8.85,5.53,5.49,15.40
420357,-0.78,1.56,1,14.36,13.60,8,14.68,187,0.38,0.38,876,-2.69,1.00,2,0.5000,17.00,99,0,0.00,12,8.85,5.60,5.49,15.20
420461,-1.56,0.00,2,14.36,13.52,8,14.68,187,0.38,0.39,864,-2.66,1.00,2,0.5000,17.00,99,0,0.00,12,8.85,5.63,5.49,15.00
420565,-1.56,0.00,2,14.36,13.52,8,14.68,187,0.39,0.39,872,-2.64,1.00,2,0.5000,17.00,99,0,0.00,12,8.85,5.69,5.49,15.00
420669,-1.56,0.00,2,14.36,13.68,8,14.67,187,0.39,0.39,878,-2.62,1.00,2,0.5000,17.00,99,0,0.00,12,9.00,5.69,5.49,14.70
420773,-0.78,0.00,2,14.36,13.60,8,14.67,187,0.38,0.38,910,-2.59,1.00,1,0.5000,15.50,99,0,0.00,12,8.85,5.69,5.49,14.70
420877,-0.78,0.00,2,14.36,13.52,8,14.66,187,0.38,0.37,920,-2.56,1.00,1,0.5000,15.00,99,0,0.00,12,8.71,5.69,5.49,14.80
420981,-0.78,0.00,2,14.36,13.52,8,14.66,187,0.37,0.37,942,-2.54,1.00,1,0.5000,13.50,99,0,0.00,12,8.71,5.76,5.49,14.70
421085,-0.78,0.00,2,14.36,13.60,8,14.66,187,0.37,0.37,936,-2.51,1.00,1,0.5000,14.50,99,0,0.00,12,8.56,5.69,5.10,14.70
421189,-1.56,1.56,1,14.36,13.68,8,14.66,187,0.36,0.35,940,-2.49,1.00,1,0.5000,14.50,99,0,0.00,12,8.42,5.43,4.71,14.70
421293,-1.56,1.56,1,14.36,13.60,8,14.66,187,0.36,0.35,945,-2.46,1.00,1,0.5000,14.50,99,0,0.00,12,8.42,5.53,5.49,15.00
421397,-1.56,0.00,2,14.36,13.60,8,14.66,187,0.36,0.37,927,-2.43,1.00,1,0.5000,16.00,99,0,0.00,12,8.56,5.76,5.49,14.60
421501,-2.34,0.00,2,14.36,13.52,8,14.66,187,0.36,0.37,938,-2.41,1.00,1,0.5000,16.00,99,0,0.00,12,8.56,5.79,5.49,14.50
421605,-2.34,0.00,2,14.36,13.60,8,14.66,187,0.37,0.37,944,-2.38,1.00,1,0.5000,15.50,99,0,0.00,12,8.56,5.82,5.49,14.30
421709,-2.34,0.00,2,14.36,13.60,8,14.66,187,0.37,0.38,924,-2.35,1.00,1,0.5000,16.50,99,0,0.00,12,8.56,5.82,5.49,14.40
421814,-2.34,0.00,2,14.36,13.60,8,14.67,187,0.37,0.38,928,-2.33,1.00,1,0.5000,16.50,99,0,0.00,12,8.56,5.82,5.49,14.40
421917,-1.56,0.00,2,14.36,13.52,8,14.66,187,0.37,0.38,927,-2.30,1.00,1,0.5000,16.50,99,0,0.00,12,8.56,5.82,5.49,14.40
422021,-1.56,0.00,2,14.36,13.52,8,14.66,187,0.37,0.37,938,-2.28,1.00,1,0.5000,16.50,99,0,0.00,12,8.56,5.82,5.49,14.50
422125,-1.56,0.00,2,14.36,13.52,8,14.66,187,0.37,0.36,958,-2.25,1.00,1,0.5000,15.00,99,0,0.00,12,8.56,5.76,5.10,14.60
422229,-1.56,0.00,2,14.36,13.60,8,14.66,187,0.36,0.36,950,-2.22,1.00,1,0.5000,16.00,99,0,0.00,12,8.42,5.69,5.49,14.60
422334,-2.34,0.00,2,14.36,13.52,8,14.66,187,0.36,0.36,960,-2.20,1.00,1,0.5000,15.50,99,0,0.00,12,8.42,5.79,5.49,14.70
422438,-2.34,0.00,2,14.36,13.52,8,14.66,187,0.36,0.36,962,-2.17,1.00,1,0.5000,15.50,99,0,0.00,12,8.56,5.85,5.49,14.60
422541,-2.34,0.00,2,14.36,13.52,8,14.66,187,0.37,0.37,956,-2.14,1.00,1,0.5000,16.00,99,0,0.00,12,8.56,5.88,5.49,14.60
422645,-1.56,0.00,2,14.36,13.52,8,14.66,187,0.37,0.37,966,-2.12,1.00,1,0.5000,16.00,99,0,0.00,12,8.56,5.88,5.49,14.60
422749,-1.56,0.00,2,14.36,13.68,8,14.66,187,0.37,0.37,952,-2.09,1.00,1,0.5000,16.50,99,0,0.00,12,8.56,5.88,5.49,14.80
422853,-1.56,0.00,2,14.36,13.52,8,14.66,187,0.37,0.37,942,-2.06,1.00,1,0.5000,17.00,99,0,0.00,12,8.56,5.88,5.49,14.70
422957,-1.56,0.00,2,14.36,13.52,8,14.66,187,0.37,0.37,954,-2.04,1.00,1,0.5000,16.50,99,0,0.00,12,8.56,5.88,5.49,14.80
423061,-1.56,0.00,2,14.36,13.52,8,14.66,187,0.37,0.37,964,-2.02,1.00,1,0.5000,16.00,99,0,0.00,12,8.56,5.88,5.49,14.90
423165,-1.56,1.56,1,14.36,13.52,8,14.65,187,0.36,0.35,968,-1.98,1.00,1,0.5000,16.00,99,0,0.00,12,8.42,5.59,4.71,14.80
423269,-1.56,1.56,1,14.36,13.60,8,14.66,187,0.35,0.33,976,-1.96,1.00,1,0.5000,16.00,99,0,0.00,12,8.27,5.43,5.49,14.70
423373,-1.56,0.00,2,14.36,13.60,8,14.66,187,0.36,0.36,951,-1.94,1.00,1,0.5000,17.00,99,0,0.00,12,8.27,5.72,5.49,14.80
423477,-1.56,0.00,2,14.36,13.68,8,14.66,187,0.36,0.38,929,-1.90,1.00,1,0.5000,17.00,99,0,0.00,12,8.42,5.82,5.49,15.30
423582,-2.34,0.00,2,14.36,13.52,8,14.67,187,0.37,0.38,924,-1.88,1.00,1,0.5000,17.50,99,0,0.00,12,8.42,5.88,5.49,14.50
423685,-2.34,0.00,2,14.36,13.52,8,14.67,187,0.38,0.39,916,-1.86,1.00,1,0.5000,17.50,99,0,0.00,12,8.56,5.88,5.49,14.50
423789,-1.56,0.00,2,14.36,13.52,8,14.67,187,0.38,0.39,916,-1.83,1.00,1,0.5000,17.50,99,0,0.00,12,8.56,5.88,5.49,14.40
423893,-1.56,0.00,2,14.36,13.68,8,14.67,187,0.38,0.39,917,-1.81,1.00,1,0.5000,17.00,99,0,0.00,12,8.56,5.88,5.49,14.50
423997,-1.56,0.00,2,14.36,13.68,8,14.67,187,0.38,0.38,914,-1.78,1.00,1,0.5000,17.50,99,0,0.00,12,8.71,5.85,5.49,14.50
424101,-1.56,0.00,2,14.36,13.52,8,14.67,187,0.38,0.38,917,-1.75,1.00,1,0.5000,17.00,99,0,0.00,12,8.71,5.82,5.49,14.60
424205,-2.34,0.00,2,14.36,13.52,8,14.67,187,0.38,0.39,904,-1.73,1.00,1,0.5000,17.50,99,0,0.00,12,8.71,5.88,5.49,14.50
424309,-2.34,0.00,2,14.36,13.44,8,14.67,187,0.38,0.38,919,-1.70,1.00,1,0.5000,17.00,99,0,0.00,12,8.71,5.82,5.49,14.60
424414,-2.34,0.00,2,14.36,13.68,8,14.66,187,0.38,0.39,912,-1.68,1.00,1,0.5000,17.00,99,0,0.00,12,8.85,5.85,5.49,14.50
424518,-1.56,0.00,2,14.36,13.68,8,14.66,187,0.38,0.37,945,-1.66,1.00,1,0.5000,16.50,99,0,0.00,12,8.71,5.88,5.49,14.60
424622,-1.56,0.00,2,14.36,13.60,8,14.66,187,0.37,0.36,963,-1.62,1.00,1,0.5000,15.50,99,0,0.00,12,8.71,5.85,5.49,14.60
424725,-1.56,0.00,2,14.36,13.60,8,14.66,187,0.37,0.37,957,-1.60,1.00,1,0.5000,16.00,99,0,0.00,12,8.56,5.88,5.49,14.50
424829,-1.56,0.00,2,14.36,13.60,8,14.65,187,0.37,0.36,966,-1.57,1.00,1,0.5000,16.00,99,0,0.00,12,8.56,5.88,5.49,14.70
424934,-1.56,0.00,2,14.36,13.52,8,14.65,187,0.37,0.36,981,-1.54,1.00,1,0.5000,15.00,99,0,0.00,12,8.56,5.88,5.49,14.70
425038,-1.56,0.00,2,14.36,13.36,8,14.65,187,0.36,0.35,987,-1.52,1.00,1,0.5000,15.50,99,0,0.00,12,8.42,5.69,5.10,14.70
425142,-1.56,0.00,2,14.36,13.28,8,14.66,187,0.36,0.35,964,-1.49,1.00,1,0.5000,16.50,99,0,0.00,12,8.27,5.69,5.49,14.50
425246,-1.56,0.00,2,14.36,13.60,8,14.66,187,0.36,0.37,951,-1.46,1.00,1,0.5000,17.00,99,0,0.00,12,8.42,5.88,5.49,14.50
425350,-1.56,0.00,2,14.36,13.52,8,14.66,187,0.37,0.38,947,-1.44,1.00,1,0.5000,17.00,99,0,0.00,12,8.42,5.95,5.49,14.60
425454,-2.34,0.00,2,14.36,13.60,8,14.67,187,0.37,0.38,924,-1.42,1.00,1,0.5000,17.50,99,0,0.00,12,8.42,5.95,5.49,14.60
425557,-2.34,0.00,2,14.36,13.60,8,14.67,187,0.38,0.40,901,-1.38,1.00,1,0.5000,19.50,100,0,0.00,12,8.56,5.95,5.49,14.60
425662,-1.56,0.00,2,14.36,13.60,8,14.67,187,0.39,0.41,877,-1.36,1.00,1,0.5000,18.50,100,0,0.00,12,8.71,5.95,6.27,14.50
425765,-1.56,0.00,2,14.36,13.60,8,14.68,187,0.42,0.45,878,-1.34,0.89,1,0.5000,19.50,99,0,-1.50,12,9.29,6.61,7.45,14.70
425869,-1.56,0.00,2,14.36,13.36,8,14.66,187,0.44,0.49,875,-1.31,0.90,1,0.5000,22.00,100,0,-1.50,12,9.87,7.16,7.45,14.50
425973,-1.56,0.00,2,14.36,13.60,8,14.65,187,0.45,0.47,925,-1.29,0.99,1,0.5000,23.00,100,0,-1.50,12,10.16,7.32,7.45,14.70
426078,0.00,0.00,2,14.36,13.52,8,14.63,187,0.45,0.45,1000,-1.26,0.99,1,0.5000,23.50,100,0,-1.50,12,10.16,7.26,7.45,14.90
426181,0.00,0.00,2,14.36,13.52,8,14.63,187,0.44,0.43,1020,-1.23,0.99,1,0.5000,24.00,100,0,-1.00,12,10.16,7.31,7.45,15.00
426285,0.00,0.00,2,14.36,13.68,8,14.63,187,0.43,0.42,1059,-1.20,0.99,1,0.5000,24.50,100,0,-1.00,12,9.87,7.43,7.45,15.10
426390,0.78,0.00,2,14.36,13.52,8,14.63,187,0.42,0.41,1078,-1.18,0.99,1,0.5000,24.00,100,0,-1.00,12,9.72,7.22,7.06,15.00
426493,1.56,0.00,2,14.36,13.60,8,14.63,187,0.41,0.39,1077,-1.14,1.00,1,0.5000,24.00,100,0,-1.00,12,9.43,7.02,6.67,15.20
426598,2.34,0.00,2,14.36,13.60,8,14.64,187,0.41,0.39,1063,-1.11,1.00,1,0.5000,23.50,100,0,-1.00,12,9.29,6.99,6.67,15.50
426702,2.34,0.00,2,14.36,13.60,8,14.64,187,0.40,0.41,1040,-1.09,1.00,1,0.5000,23.00,100,0,-1.00,12,9.14,7.00,6.67,15.30
426805,2.34,0.00,2,14.36,13.60,8,14.64,187,0.41,0.41,1030,-1.06,1.00,1,0.5000,23.00,100,0,-1.00,12,9.14,7.02,6.67,15.50
426910,2.34,0.00,2,14.36,13.52,8,14.64,187,0.41,0.41,1016,-1.03,1.00,1,0.5000,23.00,100,0,-1.00,12,9.14,7.02,6.67,15.30
427014,2.34,0.00,2,14.36,13.52,8,14.65,187,0.41,0.40,1015,-1.00,1.00,1,0.5000,23.00,100,0,-1.00,12,9.14,6.78,6.27,15.20
427118,2.34,0.00,2,14.36,13.60,8,14.65,187,0.42,0.42,1003,-0.98,1.00,1,0.5000,23.00,100,0,-1.00,12,9.14,7.04,7.06,15.10
427222,2.34,0.00,2,14.36,13.52,8,14.64,187,0.42,0.44,991,-0.94,1.00,1,0.5000,23.00,100,0,-1.00,12,9.43,7.07,6.67,15.00
427326,2.34,0.00,2,14.36,13.60,8,14.64,187,0.42,0.41,1004,-0.92,1.00,1,0.5000,23.00,100,0,0.00,12,9.43,6.78,6.27,14.90
427430,2.34,0.00,2,14.36,13.44,8,14.64,187,0.41,0.39,1014,-0.89,1.00,1,0.5000,21.00,100,0,0.00,12,9.14,6.64,6.27,14.70
427534,2.34,0.00,2,14.36,13.68,8,14.65,187,0.40,0.40,1008,-0.86,1.00,1,0.5000,20.00,100,0,0.00,12,9.14,6.67,6.27,14.60
427638,2.34,0.00,2,14.36,13.52,8,14.64,187,0.40,0.39,1008,-0.83,1.00,1,0.5000,18.50,100,0,0.00,12,8.85,6.49,5.88,14.80
427742,1.56,0.00,2,14.36,13.60,8,14.65,187,0.39,0.37,1004,-0.81,1.00,1,0.5000,17.00,100,0,0.00,12,8.71,6.21,5.49,14.40
427846,1.56,0.00,2,14.36,13.68,8,14.65,187,0.38,0.37,996,-0.78,1.00,1,0.5000,17.00,100,0,0.00,12,8.56,6.11,5.49,14.40
427950,0.78,0.00,2,14.36,12.88,8,14.66,187,0.38,0.38,964,-0.75,1.00,1,0.5000,18.50,100,0,0.00,12,8.71,6.08,5.49,14.30
428054,0.00,0.00,2,14.36,13.44,8,14.67,187,0.38,0.38,924,-0.73,1.00,1,0.5000,21.50,100,0,0.00,12,8.85,6.01,5.49,14.30
428157,0.00,0.00,2,14.36,13.52,8,14.67,187,0.39,0.39,919,-0.70,1.00,1,0.5000,21.50,100,0,0.00,12,9.00,6.01,5.49,14.20
428262,0.00,0.00,2,14.36,13.60,8,14.67,187,0.39,0.40,908,-0.67,1.00,1,0.5000,21.50,100,0,0.00,12,9.14,5.98,5.49,14.10
428366,0.00,0.00,2,14.36,13.44,8,14.67,187,0.40,0.41,911,-0.65,1.00,1,0.5000,21.00,100,0,0.00,12,9.29,6.38,6.67,14.20
428470,0.78,0.00,2,14.36,13.60,8,14.67,187,0.42,0.44,881,-0.62,1.00,1,0.5000,22.00,100,0,0.00,12,9.43,6.53,6.27,14.20
428577,0.78,0.00,2,14.36,13.44,8,14.67,187,0.42,0.44,881,-0.60,1.00,1,0.5000,21.50,100,0,0.00,12,9.58,6.42,5.88,14.50
428678,1.56,0.00,2,14.36,13.52,8,14.66,187,0.43,0.44,871,-0.58,1.00,1,0.5000,21.50,100,0,0.00,12,9.58,6.35,5.88,14.90
428782,1.56,0.00,2,14.36,13.44,8,14.66,187,0.43,0.43,880,-0.55,1.00,1,0.5000,21.00,100,0,0.00,12,9.58,6.35,5.88,14.70
428886,2.34,0.00,2,14.36,13.52,8,14.66,187,0.43,0.44,874,-0.53,1.00,1,0.5000,21.00,100,0,0.00,12,9.72,6.42,5.88,14.90
428990,1.56,0.00,2,14.36,13.52,8,14.66,187,0.43,0.43,887,-0.50,1.00,1,0.5000,19.50,100,0,0.00,12,9.72,6.42,6.27,15.00
429094,1.56,0.00,2,14.36,13.60,8,14.66,187,0.43,0.44,885,-0.48,1.00,1,0.5000,19.00,100,0,0.00,12,9.72,6.42,5.88,14.90
429198,1.56,0.00,2,14.36,13.60,8,14.66,187,0.43,0.42,892,-0.46,1.00,1,0.5000,18.00,100,0,0.00,12,9.58,6.28,5.49,14.80
429302,0.78,0.00,2,14.36,13.52,8,14.66,187,0.42,0.41,894,-0.43,1.00,1,0.5000,17.50,100,0,0.00,12,9.43,5.95,5.49,15.60
429406,0.78,0.00,2,14.36,13.60,8,14.67,187,0.41,0.40,880,-0.41,1.00,1,0.5000,19.00,100,0,0.00,12,9.29,5.88,5.49,14.50
429510,0.00,0.00,2,14.36,13.68,8,14.67,187,0.41,0.40,877,-0.38,1.00,1,0.5000,18.50,100,0,0.00,12,9.14,5.85,5.49,14.40
429614,-0.78,0.00,2,14.36,13.60,8,14.67,187,0.41,0.41,863,-0.36,1.00,1,0.5000,20.00,100,0,0.00,12,9.14,5.85,5.49,14.30
429718,-0.78,0.00,2,14.36,13.60,8,14.68,187,0.41,0.40,864,-0.34,1.00,0,0.5000,19.50,100,0,0.00,12,9.14,5.82,5.49,14.20
429822,-1.56,0.00,2,14.36,13.36,8,14.68,187,0.41,0.41,836,-0.31,1.00,1,0.5000,21.00,100,0,0.00,12,9.14,5.82,5.10,14.10
429926,-1.56,0.00,2,14.36,13.52,8,14.68,187,0.42,0.43,813,-0.29,1.00,1,0.5000,21.50,100,0,0.00,12,9.14,5.85,5.49,14.10
430030,-1.56,0.00,2,14.36,13.52,8,14.68,187,0.43,0.46,804,-0.26,0.92,1,0.5000,21.50,100,0,0.00,12,9.43,6.31,6.27,14.10
430134,-1.56,0.00,2,14.36,13.52,8,14.66,187,0.44,0.46,830,-0.24,1.00,1,0.5000,20.00,100,0,0.00,12,9.72,6.42,5.88,14.10
430238,-1.56,0.00,2,14.36,13.52,8,14.65,189,0.43,0.43,896,-0.22,1.00,1,0.5000,16.00,100,0,0.00,12,9.72,6.38,5.88,14.30
430342,-0.78,0.00,2,14.36,13.44,8,14.65,189,0.42,0.40,951,-0.19,1.00,1,0.5000,14.00,100,0,0.00,12,9.43,6.21,5.88,14.20
430446,-0.78,0.00,2,14.36,13.52,8,14.65,189,0.40,0.38,973,-0.16,1.00,1,0.5000,12.00,100,0,0.00,12,9.29,6.21,5.88,14.40
430550,-0.78,0.00,2,14.36,13.68,8,14.65,189,0.39,0.37,1012,-0.14,1.00,1,0.5000,12.00,100,0,0.00,12,9.29,6.21,5.88,14.70
430654,-0.78,0.00,2,14.36,13.52,8,14.64,189,0.38,0.36,1036,-0.10,1.00,1,0.5000,12.00,100,0,0.00,12,9.00,6.14,5.49,14.50
430758,-0.78,0.00,2,14.36,13.60,8,14.65,189,0.37,0.36,1023,-0.08,1.00,1,0.5000,12.00,100,0,0.00,12,8.85,6.14,5.49,14.50
430862,-0.78,0.00,2,14.36,13.52,8,14.66,189,0.38,0.39,951,-0.05,1.00,1,0.5000,16.50,100,0,0.00,12,8.85,6.14,5.49,14.60
430966,0.00,0.00,2,14.36,13.52,8,14.67,189,0.39,0.41,909,-0.10,1.00,1,0.5000,17.50,100,0,0.00,12,8.85,6.14,5.88,14.90
431070,0.00,0.00,2,14.36,13.52,8,14.67,189,0.40,0.41,880,0.00,1.00,1,0.5000,20.00,100,0,0.00,12,8.85,5.98,5.10,14.80
431175,0.78,0.00,2,14.36,13.52,8,14.68,189,0.39,0.39,877,0.00,1.00,1,0.5000,20.00,100,0,0.00,12,8.71,5.63,4.71,15.10
431278,0.78,1.56,1,14.36,13.60,8,14.68,189,0.39,0.39,859,0.00,1.00,1,0.5000,21.00,100,0,0.00,12,8.71,5.56,4.71,15.00
431382,0.00,1.56,1,14.36,13.52,8,14.69,189,0.39,0.39,846,0.00,1.00,1,0.5000,21.50,100,0,0.00,12,8.71,5.50,4.71,15.00
431486,-0.78,1.56,1,14.36,13.52,8,14.69,189,0.40,0.41,814,0.00,1.00,1,0.5000,22.00,100,0,0.00,12,8.71,5.50,4.71,14.90
431590,-1.56,1.56,1,14.36,13.68,8,14.69,189,0.40,0.42,790,0.00,1.00,1,0.5000,22.00,100,0,0.00,12,8.71,5.50,4.71,14.90
431694,-2.34,1.56,1,14.36,13.52,8,14.69,189,0.41,0.43,771,0.00,1.00,1,0.5000,22.00,100,0,0.00,12,8.85,5.47,4.71,14.40
431799,-3.12,0.00,2,14.36,13.52,8,14.68,189,0.43,0.46,731,0.00,0.90,1,0.5000,21.50,100,0,0.00,12,9.00,5.66,5.88,14.30
431902,-3.12,0.00,2,14.36,13.44,8,14.67,189,0.46,0.51,715,0.00,0.88,1,0.5000,21.50,100,0,0.00,12,9.58,6.11,5.88,14.10
432006,-3.91,0.00,2,14.36,13.52,8,14.66,189,0.47,0.51,716,0.00,0.93,1,0.5000,21.50,100,0,0.00,12,9.87,6.05,5.49,14.00
432110,-3.91,0.00,2,14.36,13.36,8,14.65,189,0.47,0.48,732,0.00,0.99,1,0.5000,21.50,100,0,0.00,12,10.16,5.85,5.49,14.00
432214,-3.12,0.00,2,14.36,13.44,8,14.65,189,0.47,0.46,756,0.00,0.99,1,0.5000,20.00,100,0,0.00,12,10.16,5.79,5.49,13.90
432318,-3.91,0.00,2,14.36,13.68,8,14.66,189,0.46,0.45,788,0.00,1.00,1,0.5000,17.00,100,0,0.00,12,10.01,5.76,5.49,14.10
432423,-3.91,0.00,2,14.36,13.36,8,14.66,189,0.45,0.43,806,0.00,1.00,1,0.5000,16.50,100,0,0.00,12,10.01,5.72,5.49,14.10
432526,-3.91,0.00,2,14.36,12.88,8,14.67,189,0.44,0.43,800,0.00,1.00,1,0.5000,16.50,100,0,0.00,12,9.87,5.76,5.49,14.10
432630,-3.91,0.00,2,14.36,13.12,8,14.67,189,0.45,0.45,784,0.00,1.00,1,0.5000,17.00,100,0,0.00,12,10.01,5.82,5.49,14.20
432734,-3.12,1.56,1,14.36,13.36,8,14.67,189,0.44,0.45,764,0.00,1.00,1,0.5000,19.00,100,0,0.00,12,10.16,5.72,4.71,14.20
432838,-3.12,1.56,1,14.36,13.44,8,14.67,189,0.44,0.43,760,0.00,1.00,1,0.5000,19.00,100,0,0.00,12,10.01,5.34,4.71,14.40
432943,-2.34,1.56,1,14.36,13.44,8,14.67,189,0.43,0.40,777,0.00,1.00,1,0.5000,17.00,100,0,0.00,12,9.87,5.24,4.71,14.30
433046,-2.34,1.56,1,14.36,13.52,8,14.68,189,0.42,0.40,774,0.00,1.00,1,0.5000,17.50,100,0,0.00,12,9.72,5.21,4.71,14.30
433150,-1.56,1.56,1,14.36,13.36,8,14.68,189,0.42,0.41,770,0.00,1.00,1,0.5000,17.50,100,0,0.00,12,9.58,5.24,4.71,14.90
433254,-1.56,1.56,1,14.36,13.52,8,14.68,189,0.41,0.40,774,0.00,1.00,1,0.5000,17.00,100,0,0.00,12,9.58,5.21,4.71,15.10
433358,-2.34,1.56,1,14.36,13.52,8,14.68,189,0.42,0.41,754,0.00,1.00,1,0.5000,18.50,100,0,0.00,12,9.58,5.27,4.71,15.00
433463,-2.34,1.56,1,14.36,13.44,8,14.68,189,0.42,0.43,748,0.00,1.00,1,0.5000,19.00,100,0,0.00,12,9.43,5.34,4.71,15.00
433567,-2.34,1.56,1,14.36,13.44,8,14.68,189,0.42,0.43,746,0.00,1.00,1,0.5000,18.50,100,0,0.00,12,9.58,5.34,4.71,15.00
433670,-2.34,1.56,1,14.36,13.44,8,14.68,189,0.43,0.43,744,0.00,1.00,1,0.5000,18.50,100,0,0.00,12,9.58,5.31,4.71,14.80
433775,-2.34,1.56,1,14.36,13.44,8,14.68,189,0.43,0.44,736,0.00,1.00,1,0.5000,19.00,100,0,0.00,12,9.58,5.34,4.71,15.30
433878,-2.34,1.56,1,14.36,13.52,8,14.68,189,0.43,0.43,737,0.00,1.00,1,0.5000,19.00,100,0,0.00,12,9.58,5.31,4.71,14.70
433982,-2.34,1.56,1,14.36,13.44,8,14.67,189,0.43,0.43,730,0.00,1.00,1,0.5000,19.00,100,0,0.00,12,9.72,5.27,4.71,14.60
434086,-2.34,1.56,1,14.36,13.36,8,14.67,189,0.43,0.44,713,0.00,1.00,1,0.5000,19.50,100,0,0.00,12,9.72,5.21,4.71,14.50
434190,-2.34,1.56,1,14.36,13.28,8,14.67,189,0.43,0.44,714,0.00,1.00,1,0.5000,20.00,100,0,0.00,12,9.87,5.18,4.71,14.50
434294,-2.34,1.56,1,14.36,13.36,8,14.67,189,0.43,0.43,722,0.00,1.00,1,0.5000,19.00,100,0,0.00,12,9.87,5.12,4.71,14.50
434399,-3.12,1.56,1,14.36,13.28,8,14.67,189,0.43,0.43,710,0.00,1.00,1,0.5000,19.50,100,0,0.00,12,9.87,5.09,4.71,14.50
434503,-3.12,1.56,1,14.36,13.20,8,14.67,189,0.44,0.45,706,0.00,0.99,1,0.5000,19.50,100,0,0.00,12,10.01,5.53,5.88,14.50
434606,-3.12,0.00,2,14.36,13.12,8,14.66,189,0.45,0.48,703,0.00,1.00,1,0.5000,19.00,100,0,0.00,12,10.16,5.66,4.71,14.50
434710,-3.12,1.56,1,14.36,12.96,8,14.66,189,0.44,0.44,715,0.00,1.00,1,0.5000,17.50,100,0,0.00,12,10.01,5.15,4.71,14.50
434815,-3.12,1.56,1,14.36,13.20,8,14.67,189,0.44,0.42,736,0.00,1.00,1,0.5000,16.50,100,0,0.00,12,9.87,5.12,4.71,14.50
434918,-2.34,1.56,1,14.36,13.36,8,14.67,189,0.43,0.42,743,0.00,1.00,1,0.5000,16.50,100,0,0.00,12,9.87,5.15,4.71,14.50
435023,-3.12,1.56,1,14.36,13.44,8,14.68,189,0.43,0.42,737,0.00,1.00,1,0.5000,16.50,100,0,0.00,12,9.87,5.18,4.71,14.50
435126,-3.12,1.56,1,14.36,13.44,8,14.68,189,0.43,0.43,732,0.00,1.00,1,0.5000,16.50,100,0,0.00,12,9.87,5.21,4.71,14.60
435230,-3.12,1.56,1,14.36,13.28,8,14.67,189,0.43,0.44,717,0.00,1.00,1,0.5000,17.50,100,0,0.00,12,10.01,5.21,5.88,14.50
435334,-3.12,0.00,2,14.36,13.20,8,14.67,189,0.46,0.49,704,0.00,0.90,1,0.5000,18.50,100,0,0.00,12,10.16,5.85,5.49,14.40
435438,-3.12,0.00,2,14.36,12.96,8,14.66,189,0.46,0.49,690,0.00,1.00,1,0.5000,19.00,100,0,0.00,12,10.45,5.66,5.49,14.50
435542,-3.12,1.56,1,14.36,12.96,8,14.65,189,0.47,0.48,700,0.00,1.00,1,0.5000,18.00,100,0,0.00,12,10.45,5.56,5.49,14.60
435647,-2.34,1.56,1,14.36,13.12,8,14.65,189,0.47,0.46,721,0.00,1.00,1,0.5000,16.50,100,0,0.00,12,10.45,5.53,5.49,14.60
435751,-2.34,1.56,1,14.36,12.96,8,14.65,189,0.46,0.46,729,0.00,1.00,1,0.5000,16.50,100,0,0.00,12,10.59,5.59,5.49,14.80
435854,-2.34,1.56,1,14.36,13.20,8,14.66,189,0.46,0.45,740,0.00,1.00,1,0.5000,16.00,100,0,0.00,12,10.59,5.59,5.49,14.80
435959,-2.34,0.00,2,14.36,13.36,8,14.66,189,0.46,0.45,748,0.00,1.00,1,0.5000,16.00,100,0,0.00,12,10.45,5.63,5.49,14.80
436063,-2.34,0.00,2,14.36,13.44,8,14.66,189,0.45,0.45,757,0.00,1.00,1,0.5000,15.50,100,0,0.00,12,10.45,5.66,5.49,14.80
436167,-1.56,0.00,2,14.36,13.44,8,14.66,189,0.45,0.45,744,0.00,1.00,1,0.5000,16.50,100,0,0.00,12,10.45,5.66,5.49,14.80
436270,-1.56,0.00,2,14.36,13.28,8,14.66,189,0.46,0.47,736,0.00,1.00,1,0.5000,16.50,100,0,0.00,12,10.45,5.82,5.88,14.90
436375,-0.78,0.00,2,14.36,13.36,8,14.65,189,0.47,0.49,738,0.00,1.00,1,0.5000,16.50,100,0,0.00,12,10.59,5.98,5.88,14.90
436479,-0.78,0.00,2,14.36,13.36,8,14.65,189,0.47,0.48,745,0.00,1.00,1,0.5000,16.00,100,0,0.00,12,10.74,6.01,5.88,15.10
436583,0.00,0.00,2,14.36,13.44,8,14.65,189,0.47,0.48,748,0.00,1.00,1,0.5000,16.00,100,0,0.00,12,10.74,6.01,5.88,15.20
436687,0.78,0.00,2,14.36,13.52,8,14.65,189,0.47,0.47,769,0.00,1.00,1,0.5000,15.50,100,0,0.00,12,10.59,5.98,5.88,15.30
436791,0.78,0.00,2,14.36,13.36,8,14.65,189,0.47,0.46,786,0.00,1.00,1,0.5000,14.00,100,0,0.00,12,10.59,6.01,5.88,15.40
436895,0.78,0.00,2,14.36,13.36,8,14.65,189,0.46,0.45,800,0.00,1.00,1,0.5000,13.00,100,0,0.00,12,10.45,6.05,5.88,15.30
436999,0.78,0.00,2,14.36,13.44,8,14.66,189,0.45,0.44,810,0.00,1.00,1,0.5000,12.50,100,0,0.00,12,10.30,5.92,5.49,15.30
437102,0.78,0.00,2,14.36,13.52,8,14.66,189,0.44,0.42,815,0.00,1.00,1,0.5000,13.00,100,0,0.00,12,10.16,5.69,5.10,15.20
437206,1.56,0.00,2,14.36,13.44,8,14.67,189,0.43,0.42,820,0.00,1.00,1,0.5000,13.00,100,0,0.00,12,10.01,5.63,5.10,15.20
437311,1.56,1.56,1,14.36,13.36,8,14.67,189,0.43,0.42,806,0.00,1.00,1,0.5000,14.50,100,0,0.00,12,9.87,5.59,5.10,15.10
437415,0.78,0.00,2,14.36,13.52,8,14.68,189,0.43,0.43,791,0.00,1.00,1,0.5000,16.00,100,0,0.00,12,9.72,5.66,5.10,15.10
437519,0.78,0.00,2,14.36,13.44,8,14.68,189,0.43,0.43,790,0.00,1.00,1,0.5000,16.00,100,0,0.00,12,9.72,5.66,5.10,14.90
437622,0.78,0.00,2,14.36,13.44,8,14.67,189,0.43,0.43,772,0.00,1.00,1,0.5000,16.50,100,0,0.00,12,9.72,5.66,5.10,14.80
437727,0.78,0.00,2,14.36,13.52,8,14.67,189,0.44,0.44,764,0.00,1.00,1,0.5000,16.50,100,0,0.00,12,9.72,5.66,5.10,14.80
437831,0.78,0.00,2,14.36,13.44,8,14.67,189,0.44,0.45,760,0.00,1.00,1,0.5000,16.50,100,0,0.00,12,9.72,5.66,5.10,15.00
437936,0.78,0.00,2,14.36,13.52,8,14.67,189,0.44,0.45,754,0.00,1.00,1,0.5000,16.50,100,0,0.00,12,9.72,5.63,5.10,14.60
438039,0.00,0.00,1,14.36,13.36,8,14.67,189,0.44,0.45,744,0.00,1.00,1,0.5000,17.00,100,0,0.00,12,9.72,5.59,5.10,14.50
438143,0.00,0.00,2,14.36,13.44,8,14.67,189,0.45,0.45,752,0.00,1.00,1,0.5000,16.50,100,0,0.00,12,9.72,5.63,5.10,14.50
438247,0.00,0.00,2,14.36,13.36,8,14.66,189,0.45,0.45,746,0.00,1.00,1,0.5000,16.50,100,0,0.00,12,9.87,5.63,5.10,14.50
438351,0.00,0.00,2,14.36,13.44,8,14.66,189,0.45,0.46,738,0.00,1.00,1,0.5000,17.00,100,0,0.00,12,9.87,5.63,5.10,14.50
438455,0.00,1.56,1,14.36,13.36,8,14.66,189,0.45,0.45,742,0.00,1.00,1,0.5000,17.00,100,0,0.00,12,9.87,5.59,5.10,14.30
438559,-0.78,1.56,1,14.36,13.36,8,14.66,189,0.45,0.45,752,0.00,1.00,1,0.5000,16.50,100,0,0.00,12,10.01,5.59,5.10,14.20
438663,-0.78,1.56,1,14.36,13.44,8,14.66,189,0.45,0.45,749,0.00,1.00,1,0.5000,16.50,100,0,0.00,12,10.01,5.56,5.10,14.30
438767,-0.78,1.56,1,14.36,13.36,8,14.66,189,0.45,0.45,749,0.00,1.00,1,0.5000,16.50,100,0,0.00,12,10.01,5.59,5.10,14.20
438871,-0.78,1.56,1,14.36,13.44,8,14.66,189,0.45,0.44,753,0.00,1.00,1,0.5000,16.50,100,0,0.00,12,10.01,5.56,5.10,14.20
438975,-1.56,1.56,1,14.36,13.36,8,14.67,189,0.44,0.44,760,0.00,1.00,1,0.5000,16.50,100,0,0.00,12,10.01,5.59,5.10,14.30
439079,-1.56,1.56,1,14.36,13.44,8,14.67,189,0.44,0.44,759,0.00,1.00,1,0.5000,16.50,100,0,0.00,12,9.87,5.59,5.10,14.20
439183,-1.56,1.56,1,14.36,13.52,8,14.67,189,0.44,0.44,768,0.00,1.00,1,0.5000,16.50,100,0,0.00,12,9.87,5.59,5.10,14.30
439287,-1.56,1.56,1,14.36,13.28,8,14.67,189,0.44,0.43,778,0.00,1.00,1,0.5000,16.00,100,0,0.00,12,9.87,5.56,5.10,14.30
439391,-1.56,1.56,1,14.36,13.36,8,14.67,189,0.44,0.43,777,0.00,1.00,1,0.5000,16.00,100,0,0.00,12,9.87,5.56,5.10,14.20
439495,-1.56,1.56,1,14.36,13.60,8,14.67,189,0.44,0.44,776,0.00,1.00,1,0.5000,16.50,100,0,0.00,12,9.87,5.56,5.10,14.30
439599,-1.56,1.56,1,14.36,13.52,8,14.67,189,0.44,0.44,771,0.00,1.00,1,0.5000,16.50,100,0,0.00,12,9.87,5.59,5.10,14.30
439703,-1.56,1.56,1,14.36,13.44,8,14.67,189,0.43,0.42,788,0.00,1.00,1,0.5000,16.00,100,0,0.00,12,9.72,5.53,4.71,14.40
439808,-1.56,1.56,1,14.36,13.52,8,14.67,189,0.41,0.39,843,0.00,1.06,1,0.5000,12.00,100,0,0.00,12,9.58,5.43,4.71,14.40
439911,-1.56,1.56,1,14.36,13.60,8,14.67,189,0.39,0.36,863,0.00,1.08,1,0.5000,12.00,100,0,0.00,12,9.29,5.15,3.92,14.50
440015,-1.56,1.56,1,14.36,13.52,8,14.68,189,0.37,0.34,882,0.00,1.06,1,0.5000,12.00,100,0,0.00,12,9.00,4.99,4.31,14.50
440119,-1.56,1.56,1,14.36,13.60,8,14.68,189,0.38,0.37,842,0.00,1.00,1,0.5000,14.00,100,0,0.00,12,9.00,5.15,5.88,14.50
440223,-1.56,0.00,2,14.36,13.52,8,14.69,189,0.39,0.43,821,0.00,0.92,1,0.5000,16.00,100,0,0.00,12,9.14,5.92,5.49,14.50
440328,-1.56,0.00,2,14.36,13.52,8,14.69,189,0.41,0.43,808,0.00,1.00,1,0.5000,16.50,100,0,0.00,12,9.29,5.82,5.10,14.50
440431,-0.78,0.00,2,14.36,13.52,8,14.68,189,0.41,0.43,810,0.00,1.00,1,0.5000,16.50,100,0,0.00,12,9.14,5.69,5.10,14.50
440536,-0.78,0.00,1,14.36,13.52,8,14.68,189,0.41,0.40,828,0.00,1.00,1,0.5000,16.00,102,0,0.00,12,9.14,5.53,4.71,14.60
440640,-0.78,1.56,1,14.36,13.52,8,14.68,189,0.40,0.40,827,0.00,1.00,1,0.5000,16.00,102,0,0.00,12,9.14,5.50,4.71,14.70
440743,-0.78,1.56,1,14.36,13.52,8,14.68,189,0.40,0.39,841,0.00,1.00,1,0.5000,15.50,102,0,0.00,12,9.00,5.50,4.71,14.90
440847,-0.78,1.56,1,14.36,13.52,8,14.68,189,0.39,0.39,840,0.00,1.00,1,0.5000,16.00,102,0,0.00,12,9.00,5.47,4.71,14.80
440951,-1.56,1.56,1,14.36,13.52,8,14.68,189,0.37,0.34,855,0.00,1.08,1,0.5000,14.50,102,0,0.00,12,8.56,4.87,3.53,14.90
441055,-1.56,1.56,1,14.36,13.60,8,14.68,189,0.36,0.32,851,0.00,1.07,1,0.5000,15.50,102,0,0.00,12,8.42,4.55,3.92,14.80
441160,-2.34,1.56,1,14.36,13.60,8,14.69,189,0.35,0.33,841,0.00,1.00,1,0.5000,16.00,102,0,0.00,12,8.27,4.63,3.92,14.50
441263,-3.12,1.56,1,14.36,13.60,8,14.69,189,0.34,0.33,821,0.00,1.00,1,0.5000,17.00,102,0,0.00,12,8.13,4.61,3.92,14.40
441368,-3.91,1.56,1,14.36,13.52,8,14.69,189,0.34,0.34,804,0.00,1.00,1,0.5000,17.00,102,0,0.00,12,8.13,4.61,3.53,14.20
441471,-3.91,1.56,1,14.36,13.52,8,14.69,189,0.34,0.35,788,0.00,1.00,1,0.5000,18.00,102,0,0.00,12,7.98,4.55,3.53,14.20
441575,-3.91,1.56,1,14.36,13.60,8,14.69,189,0.35,0.36,757,0.00,1.00,1,0.5000,20.50,102,0,0.00,12,8.13,4.52,3.53,14.10
441679,-3.91,1.56,1,14.36,13.52,8,14.69,189,0.35,0.36,745,0.00,1.00,1,0.5000,21.00,102,0,0.00,12,8.13,4.47,3.53,14.10
441784,-3.91,1.56,1,14.36,13.52,8,14.69,189,0.35,0.36,739,0.00,1.00,1,0.5000,21.00,102,0,0.00,12,8.27,4.47,3.53,14.10
441887,-4.69,1.56,1,14.36,13.52,8,14.69,189,0.36,0.36,733,0.00,1.00,1,0.5000,21.00,102,0,0.00,12,8.27,4.38,3.53,14.10
441991,-4.69,1.56,1,14.36,13.52,8,14.69,189,0.36,0.36,721,0.00,1.00,1,0.5000,21.50,102,0,0.00,12,8.27,4.36,3.14,14.10
442095,-4.69,1.56,1,14.36,13.52,8,14.69,189,0.35,0.36,724,0.00,1.00,1,0.5000,21.50,102,0,0.00,12,8.27,4.27,3.53,14.10
442200,-5.47,1.56,1,14.36,13.52,8,14.69,189,0.35,0.35,720,0.00,1.00,1,0.5000,21.00,102,0,0.00,12,8.13,4.25,3.53,14.20
442303,-5.47,1.56,1,14.36,13.60,8,14.69,189,0.35,0.35,719,0.00,1.00,1,0.5000,20.50,102,0,0.00,12,8.27,4.25,3.14,14.20
442408,-5.47,1.56,1,14.36,13.44,8,14.69,189,0.35,0.36,704,0.00,1.00,1,0.5000,21.00,102,0,0.00,12,8.27,4.19,3.14,14.30
442512,-5.47,1.56,1,14.36,13.44,8,14.69,189,0.35,0.35,704,0.00,1.00,1,0.5000,21.00,102,0,0.00,12,8.27,4.14,3.14,14.30
442615,-6.25,1.56,1,14.36,13.52,8,14.69,189,0.35,0.35,711,0.00,1.00,1,0.5000,20.00,102,0,0.00,12,8.42,4.11,3.14,14.20
442720,-6.25,1.56,1,14.36,13.44,8,14.69,189,0.35,0.35,712,0.00,1.00,1,0.5000,19.50,102,0,0.00,12,8.42,4.08,3.14,14.30
442824,-6.25,1.56,1,14.36,13.52,8,14.69,189,0.35,0.34,705,0.00,1.00,1,0.5000,20.00,102,0,0.00,12,8.42,4.00,3.14,14.20
442928,-6.25,1.56,1,14.36,13.44,8,14.69,189,0.34,0.34,702,0.00,1.00,1,0.5000,20.00,102,0,0.00,12,8.27,3.95,3.14,14.20
443032,-7.03,1.56,1,14.36,13.52,8,14.69,189,0.34,0.34,695,0.00,1.00,1,0.5000,20.00,102,0,0.00,12,8.27,3.90,3.14,14.20
443136,-6.25,1.56,1,14.36,13.44,8,14.69,189,0.34,0.34,682,0.00,1.00,1,0.5000,21.00,102,0,0.00,12,8.13,3.90,3.14,14.20
443240,-6.25,1.56,1,14.36,13.36,8,14.69,189,0.34,0.35,672,0.00,1.00,1,0.5000,21.00,102,0,0.00,12,8.13,3.90,3.14,14.30
443343,-7.03,1.56,1,14.36,13.36,8,14.69,189,0.34,0.35,654,0.00,1.00,1,0.5000,22.00,102,0,0.00,12,8.13,3.87,3.14,14.40
443448,-7.03,1.56,1,14.36,13.20,8,14.69,189,0.35,0.36,648,0.00,1.00,0,0.5000,22.00,102,0,0.00,12,8.13,3.84,3.14,14.40
443552,-7.03,1.56,1,14.36,13.04,8,14.69,189,0.35,0.36,640,0.00,1.00,0,0.5000,22.00,102,0,0.00,12,8.13,3.84,3.14,14.40
443656,-7.03,1.56,1,14.36,13.20,8,14.69,189,0.35,0.36,644,0.00,1.00,1,0.5000,21.50,102,0,0.00,12,8.13,3.82,3.14,14.50
443759,-7.03,1.56,1,14.36,13.28,8,14.69,189,0.35,0.35,647,0.00,1.00,1,0.5000,21.00,102,0,0.00,12,8.13,3.77,3.14,14.50
443864,-7.03,1.56,1,14.36,13.20,8,14.69,189,0.35,0.35,644,0.00,1.00,1,0.5000,21.00,102,0,0.00,12,8.13,3.79,3.14,14.50
443968,-7.81,1.56,1,14.36,13.12,8,14.69,189,0.35,0.36,640,0.00,1.00,1,0.5000,21.00,102,0,0.00,12,8.27,3.84,3.14,14.50
444072,-7.81,1.56,1,14.36,13.04,8,14.69,189,0.35,0.36,648,0.00,1.00,1,0.5000,20.00,102,0,0.00,12,8.27,3.90,3.14,14.40
444176,-7.81,1.56,1,14.36,13.36,8,14.69,189,0.35,0.35,670,0.00,1.00,1,0.5000,17.50,102,0,0.00,12,8.27,3.92,3.92,14.40
444279,-7.81,1.56,1,14.36,13.44,8,14.69,189,0.36,0.37,680,0.00,1.00,1,0.5000,17.00,102,0,0.00,12,8.42,4.17,3.92,14.40
444384,-7.81,1.56,1,14.36,13.52,8,14.69,190,0.36,0.37,689,0.00,1.00,1,0.5000,17.00,102,0,0.00,12,8.71,4.22,3.92,14.50
444488,-7.81,1.56,1,14.36,13.52,8,14.69,190,0.38,0.39,673,0.00,0.87,1,0.5000,17.50,102,0,0.00,12,8.85,4.75,5.10,14.40
444592,-7.81,1.56,1,14.36,13.36,8,14.69,190,0.40,0.46,651,0.00,0.86,1,0.5000,19.00,102,0,0.00,12,9.29,5.02,5.10,14.40
444696,-7.03,1.56,1,14.36,13.44,8,14.69,190,0.42,0.47,634,0.00,0.90,1,0.5000,20.50,102,0,0.00,12,9.72,4.96,4.71,14.60
444799,-6.25,1.56,1,14.36,13.60,8,14.68,190,0.41,0.43,682,0.00,1.00,1,0.5000,17.00,102,0,0.00,12,9.72,4.87,4.71,14.40
444904,-5.47,1.56,1,14.36,13.60,8,14.69,190,0.40,0.38,757,0.00,1.05,1,0.5000,12.50,102,0,0.00,12,9.58,4.69,4.71,14.90
445008,-4.69,1.56,1,14.36,13.68,8,14.69,190,0.39,0.36,781,0.00,1.00,1,0.5000,21.00,102,0,0.00,12,9.43,4.66,5.49,15.70
445112,-4.69,0.00,2,14.36,13.68,8,14.69,190,0.40,0.39,812,0.00,0.92,1,0.5000,21.00,102,0,0.00,12,9.58,5.82,7.45,15.40
445216,-3.91,0.00,2,14.36,13.60,8,14.68,190,0.43,0.48,826,0.00,0.87,1,0.5000,22.00,102,0,0.00,12,10.45,6.94,8.63,15.70
445320,0.00,0.00,2,14.36,13.52,8,14.64,190,0.45,0.49,879,0.00,0.99,1,0.5000,23.50,102,0,0.00,12,11.03,7.27,8.63,15.50
445424,4.69,0.00,2,14.36,13.52,8,14.63,190,0.45,0.45,989,0.00,0.99,1,0.5000,25.00,102,0,0.00,12,11.17,7.43,9.02,15.80
445528,7.81,0.00,2,14.36,13.44,8,14.62,190,0.43,0.43,1040,0.00,0.99,1,0.5000,25.50,102,0,0.00,12,10.88,7.36,8.24,16.40
445632,9.38,0.00,2,14.36,13.60,8,14.62,190,0.41,0.38,1097,0.00,1.08,1,0.5000,25.50,102,0,0.00,12,10.01,6.75,6.67,16.50
445736,10.94,0.00,2,14.36,13.52,8,14.62,190,0.38,0.33,1118,0.00,1.08,1,0.5000,25.00,102,0,0.00,12,9.14,6.17,5.88,16.50
445839,11.72,0.00,2,14.36,13.52,8,14.63,190,0.36,0.33,1098,0.00,1.00,1,0.5000,24.00,102,0,0.00,12,8.71,6.11,5.88,16.50
445944,11.72,1.56,2,14.36,13.60,8,14.64,190,0.34,0.33,1050,0.00,1.00,1,0.5000,12.00,102,0,0.00,12,8.27,5.79,4.31,16.20
446049,10.94,1.56,1,14.36,13.52,8,14.66,190,0.33,0.30,996,0.00,1.00,1,0.5000,12.00,102,0,0.00,12,7.98,4.93,3.92,15.70
446152,10.16,1.56,1,14.36,13.60,8,14.67,190,0.34,0.34,909,0.00,1.00,1,0.5000,20.50,102,0,0.00,12,7.98,5.27,5.49,15.50
446256,8.59,0.00,2,14.36,13.60,8,14.68,190,0.42,0.46,865,0.00,0.70,1,0.5000,20.50,102,0,0.00,12,10.30,8.05,12.55,16.30
446360,4.69,0.00,3,14.36,13.52,8,14.65,190,0.51,0.71,872,0.00,0.77,1,0.5000,24.50,102,0,0.00,12,12.48,10.68,14.51,14.10
446464,3.12,0.00,2,14.36,13.52,8,14.61,190,0.50,0.53,1049,0.00,0.99,1,0.5000,28.00,102,0,0.00,12,11.61,9.27,8.24,13.70
446568,2.34,0.00,2,14.36,13.52,8,14.61,190,0.42,0.32,1176,0.00,1.23,1,0.5000,16.00,102,0,0.00,12,9.72,5.95,4.71,13.60
446672,3.12,1.56,1,14.36,13.28,8,14.61,190,0.36,0.27,1169,0.00,1.17,1,0.5000,17.00,102,0,0.00,12,8.27,5.24,4.31,13.70
446775,3.91,1.56,1,14.36,13.68,8,14.63,190,0.33,0.28,1081,0.00,1.09,1,0.5000,17.00,102,0,0.00,12,7.98,5.12,5.10,13.90
446880,3.91,0.00,2,14.36,13.52,8,14.65,190,0.33,0.31,1024,0.00,1.00,1,0.5000,18.50,102,0,0.00,12,7.84,5.53,5.49,14.00
446984,3.91,0.00,2,14.36,13.60,8,14.66,190,0.35,0.36,952,0.00,0.92,1,0.5000,22.00,102,0,0.00,12,8.13,5.92,5.88,14.20
447088,3.91,0.00,2,14.36,13.52,8,14.67,190,0.36,0.39,908,0.00,1.00,1,0.5000,23.50,102,0,0.00,12,8.13,5.88,5.49,14.40
447192,3.91,0.00,2,14.36,13.52,8,14.67,190,0.40,0.40,892,0.00,0.90,1,0.5000,20.00,102,0,0.00,12,9.00,6.58,7.45,14.40
447296,2.34,0.00,3,14.36,13.60,8,14.65,190,0.49,0.65,888,0.00,0.71,1,0.5000,23.50,102,0,0.00,12,11.90,10.78,15.29,14.50
447400,-0.78,0.00,3,14.36,13.52,8,14.61,190,0.53,0.66,1046,0.00,0.90,1,0.5000,28.50,102,0,0.00,12,12.77,10.89,15.29,14.30
447504,-3.12,0.00,2,14.36,13.52,8,14.60,190,0.46,0.44,1210,0.00,1.17,1,0.5000,28.00,102,0,0.00,12,10.45,7.95,6.27,13.80
447608,-1.56,0.00,2,14.36,13.44,8,14.60,190,0.39,0.29,1252,0.00,1.21,1,0.5000,24.50,102,0,0.00,12,8.85,5.88,4.71,13.80
447712,0.00,1.56,1,14.36,13.60,8,14.61,190,0.34,0.28,1181,0.00,1.11,1,0.5000,21.00,104,0,0.00,12,8.13,5.43,4.71,14.10
447816,0.00,0.00,2,14.36,13.52,8,14.64,190,0.34,0.32,1055,0.00,1.00,1,0.5000,20.00,104,0,0.00,12,7.84,5.69,5.49,14.40
447920,0.78,0.00,2,14.36,13.60,8,14.65,190,0.36,0.37,995,0.00,0.89,1,0.5000,21.50,104,0,0.00,12,7.98,6.42,6.67,14.40
448024,2.34,0.00,2,14.36,13.44,8,14.66,190,0.43,0.45,951,0.00,0.80,1,0.5000,22.50,104,0,0.00,12,9.29,7.73,10.59,15.70
448128,3.12,0.00,3,14.36,13.52,8,14.63,190,0.51,0.68,972,0.00,0.75,1,0.5000,25.50,104,0,0.00,12,12.19,11.57,15.29,15.00
448232,0.78,0.00,3,14.36,13.60,8,14.61,190,0.54,0.62,1127,0.00,0.93,1,0.5000,29.00,104,0,0.00,12,12.77,11.29,15.29,15.30
448336,0.00,0.00,2,14.36,13.52,8,14.60,190,0.47,0.44,1253,0.00,1.15,1,0.5000,30.00,104,0,0.00,12,10.88,8.53,7.45,14.80
448440,1.56,0.00,2,14.36,13.60,8,14.60,190,0.41,0.33,1299,0.00,1.17,1,0.5000,26.00,104,0,0.00,12,9.14,6.96,5.88,15.30
448544,3.12,0.00,2,14.36,13.36,8,14.60,190,0.37,0.31,1241,0.00,1.09,1,0.5000,22.50,104,0,0.00,12,8.56,6.46,5.49,15.20
448648,3.12,0.00,2,14.36,13.36,8,14.62,190,0.36,0.33,1159,0.00,1.00,1,0.5000,23.00,104,0,0.00,12,8.13,6.46,5.88,15.20
448752,3.91,0.00,2,14.36,13.60,8,14.64,190,0.39,0.39,1072,0.00,0.89,1,0.5000,24.00,104,0,0.00,12,8.56,7.38,8.63,15.30
448856,4.69,0.00,2,14.36,13.60,8,14.63,190,0.43,0.50,1038,0.00,0.85,1,0.5000,24.50,104,0,0.00,12,9.58,9.00,9.41,15.30
448960,4.69,0.00,2,14.36,13.52,8,14.62,190,0.47,0.52,1064,0.00,0.91,1,0.5000,26.00,104,0,0.00,12,10.30,9.37,9.80,15.30
449064,3.12,0.00,2,14.36,13.44,8,14.61,190,0.48,0.51,1122,0.00,0.99,1,0.5000,27.50,104,0,0.00,12,10.74,9.55,9.80,14.80
449168,3.91,0.00,2,14.36,13.52,8,14.61,190,0.48,0.48,1174,0.00,0.99,1,0.5000,28.00,104,0,0.00,12,10.74,9.48,9.80,14.70
449272,5.47,0.00,2,14.36,13.44,8,14.60,190,0.47,0.47,1199,0.00,0.99,1,0.5000,28.50,104,0,0.00,12,10.59,9.32,9.41,14.80
449377,8.59,0.00,2,14.36,13.52,8,14.60,190,0.46,0.45,1214,0.00,0.99,1,0.5000,28.50,104,0,0.00,12,10.45,9.07,9.02,15.30
449481,9.38,0.00,2,14.36,13.52,8,14.60,190,0.42,0.39,1239,0.00,1.10,1,0.5000,26.00,104,0,0.00,12,9.29,7.64,6.27,15.60
449584,9.38,0.00,2,14.36,13.60,8,14.61,190,0.38,0.34,1214,0.00,1.09,1,0.5000,23.00,104,0,0.00,12,8.42,6.75,5.49,15.70
449688,7.81,0.00,2,14.36,13.60,8,14.62,190,0.37,0.34,1153,0.00,1.00,1,0.5000,20.50,104,0,0.00,12,7.98,6.49,5.49,15.30
449792,7.03,0.00,2,14.36,13.52,8,14.64,190,0.36,0.35,1089,0.00,1.00,1,0.5000,18.50,104,0,0.00,12,7.84,6.42,5.49,16.10
449897,6.25,0.00,2,14.36,12.88,8,14.64,190,0.36,0.37,1036,0.00,1.00,1,0.5000,22.50,104,0,0.00,12,7.98,6.35,5.49,14.50
450000,5.47,0.00,2,14.36,13.68,8,14.65,190,0.37,0.38,994,0.00,1.00,1,0.5000,22.00,104,0,0.00,12,8.13,6.24,5.49,14.30
450104,3.91,0.00,2,14.36,13.52,8,14.65,190,0.37,0.37,996,0.00,1.00,1,0.5000,22.00,104,0,0.00,12,8.27,6.21,5.49,14.10
450208,3.12,0.00,2,14.36,13.60,8,14.65,190,0.37,0.38,996,0.00,1.00,1,0.5000,22.00,104,0,0.00,12,8.42,6.21,5.49,13.80
450312,3.12,0.00,2,14.36,13.52,8,14.65,190,0.37,0.38,988,0.00,1.00,1,0.5000,22.00,104,0,0.00,12,8.42,6.21,5.49,13.70
450416,2.34,0.00,2,14.36,13.52,8,14.66,190,0.38,0.39,965,0.00,1.00,1,0.5000,22.00,104,0,0.00,12,8.56,6.21,5.49,13.70
450520,2.34,0.00,2,14.36,13.52,8,14.68,190,0.40,0.42,878,0.00,0.93,1,0.5000,22.00,104,0,0.00,12,8.56,6.17,5.49,13.70
450624,2.34,0.00,2,14.36,13.52,8,14.69,190,0.41,0.44,840,0.00,0.91,0,0.5000,22.00,104,0,0.00,12,8.85,6.21,5.88,13.80
450728,2.34,0.00,2,14.36,13.36,8,14.68,190,0.44,0.48,788,0.00,0.91,1,0.5000,21.50,104,0,0.00,12,9.14,6.21,5.88,13.80
450832,1.56,0.00,2,14.36,13.20,8,14.67,190,0.45,0.49,759,0.00,0.92,1,0.5000,21.50,104,0,0.00,12,9.29,6.17,5.49,13.90
450937,1.56,0.00,2,14.36,13.20,8,14.66,190,0.46,0.49,748,0.00,0.99,1,0.5000,21.50,104,0,0.00,12,9.58,6.08,5.49,14.00
451040,0.78,0.00,2,14.36,13.28,8,14.65,190,0.47,0.49,752,0.00,0.99,1,0.5000,21.00,104,0,0.00,12,9.87,6.08,6.27,14.00
451144,-0.78,0.00,2,14.36,13.44,8,14.65,190,0.47,0.48,805,0.00,0.99,1,0.5000,19.00,104,0,0.00,12,10.01,6.42,6.27,13.90
451249,-1.56,0.00,2,14.36,13.52,8,14.64,190,0.46,0.46,852,0.00,0.99,1,0.5000,16.00,104,0,0.00,12,10.16,6.42,6.27,13.70
451352,-1.56,0.00,2,14.36,13.52,8,14.64,190,0.44,0.42,914,0.00,1.05,1,0.5000,12.50,104,0,0.00,12,9.87,6.35,5.88,13.70
451456,-0.78,0.00,2,14.36,13.44,8,14.64,190,0.43,0.40,954,0.00,1.05,1,0.5000,11.50,104,0,0.00,12,9.58,6.42,6.27,13.90
451560,-0.78,0.00,2,14.36,13.52,8,14.64,190,0.42,0.39,988,0.00,1.00,1,0.5000,11.50,104,0,0.00,12,9.43,6.46,6.27,14.10
451665,-0.78,0.00,2,14.36,12.64,8,14.65,190,0.41,0.38,1004,0.00,1.00,1,0.5000,12.00,104,0,0.00,12,9.29,6.42,5.88,14.20
451769,-0.78,0.00,2,14.36,12.64,8,14.66,190,0.41,0.41,945,0.00,1.00,1,0.5000,13.50,104,0,0.00,12,9.29,6.49,5.88,14.20
451873,-0.78,0.00,2,14.36,12.56,8,14.68,190,0.42,0.44,873,0.00,1.00,1,0.5000,17.00,104,0,0.00,12,9.43,6.42,5.88,14.30
451976,-0.78,0.00,2,14.36,12.48,8,14.67,190,0.45,0.48,804,0.00,0.92,1,0.5000,21.50,104,0,0.00,12,9.72,6.42,5.88,14.40
452080,0.00,0.00,2,14.36,12.40,8,14.66,190,0.46,0.50,765,0.00,0.91,1,0.5000,21.50,104,0,0.00,12,10.01,6.42,5.88,14.50
452184,0.00,0.00,2,14.36,12.40,8,14.65,190,0.47,0.51,752,0.00,0.93,1,0.5000,21.00,104,0,0.00,12,10.30,6.31,5.88,14.10
452288,0.00,0.00,2,14.36,12.48,8,14.65,190,0.48,0.50,749,0.00,0.99,1,0.5000,21.00,104,0,0.00,12,10.59,6.21,5.88,14.90
452393,0.78,0.00,2,14.36,12.56,8,14.65,190,0.48,0.48,772,0.00,0.99,1,0.5000,21.00,104,0,0.00,12,10.59,6.11,5.88,14.90
452497,0.78,0.00,2,14.36,12.48,8,14.65,190,0.48,0.47,775,0.00,0.99,1,0.5000,20.50,104,0,0.00,12,10.45,6.11,5.88,15.00
452601,0.00,0.00,2,14.36,12.48,8,14.65,190,0.47,0.47,782,0.00,1.00,1,0.5000,20.00,104,0,0.00,12,10.45,6.11,5.88,14.90
452705,0.78,0.00,2,14.36,12.56,8,14.65,190,0.47,0.46,796,0.00,1.00,1,0.5000,18.50,104,0,0.00,12,10.45,6.11,5.88,14.80
452808,0.78,0.00,2,14.36,12.56,8,14.65,190,0.47,0.47,784,0.00,1.00,1,0.5000,19.00,104,0,0.00,12,10.45,6.14,5.88,14.80
452913,0.00,0.00,2,14.36,12.48,8,14.65,190,0.47,0.47,780,0.00,1.00,1,0.5000,19.00,104,0,0.00,12,10.45,6.14,5.88,14.80
453017,0.78,0.00,2,14.36,12.80,8,14.65,190,0.47,0.46,790,0.00,1.00,1,0.5000,17.50,104,0,0.00,12,10.30,6.11,5.49,14.70
453121,0.78,0.00,2,14.36,12.96,8,14.65,190,0.46,0.45,787,0.00,1.00,1,0.5000,17.50,104,0,0.00,12,10.16,5.95,5.49,14.70
453225,0.78,1.56,1,14.36,13.12,8,14.66,190,0.44,0.42,793,0.00,1.06,1,0.5000,17.00,104,0,0.00,12,9.87,5.37,4.31,14.90
453329,0.78,1.56,1,14.36,13.20,8,14.67,190,0.43,0.40,802,0.00,1.00,1,0.5000,16.50,104,0,0.00,12,9.72,5.40,4.71,14.80
453433,0.78,1.56,1,14.36,13.28,8,14.68,190,0.43,0.41,788,0.00,1.00,1,0.5000,17.50,104,0,0.00,12,9.58,5.43,4.71,14.70
453537,0.00,1.56,1,14.36,13.44,8,14.68,190,0.42,0.42,780,0.00,1.00,1,0.5000,18.00,104,0,0.00,12,9.58,5.46,4.71,14.50
453641,-0.78,1.56,1,14.36,13.36,8,14.68,190,0.43,0.42,770,0.00,1.00,1,0.5000,19.00,104,0,0.00,12,9.43,5.40,4.71,14.50
453745,-0.78,1.56,1,14.36,13.36,8,14.68,190,0.43,0.43,745,0.00,1.00,1,0.5000,20.50,104,0,0.00,12,9.43,5.40,4.71,14.30
453849,-0.78,1.56,1,14.36,13.44,8,14.68,190,0.43,0.44,737,0.00,1.00,1,0.5000,21.00,104,0,0.00,12,9.43,5.40,4.71,14.30
453953,-0.78,1.56,1,14.36,13.36,8,14.67,190,0.44,0.44,730,0.00,1.00,1,0.5000,20.50,104,0,0.00,12,9.58,5.40,4.71,14.30
454057,-1.56,1.56,1,14.36,13.28,8,14.67,190,0.44,0.44,730,0.00,1.00,1,0.5000,20.50,104,0,0.00,12,9.72,5.34,4.71,14.30
454161,-1.56,1.56,1,14.36,13.28,8,14.67,190,0.43,0.43,732,0.00,1.00,1,0.5000,20.00,106,0,0.00,12,9.72,5.27,4.71,14.20
454265,-2.34,1.56,1,14.36,13.44,8,14.67,190,0.43,0.43,744,0.00,1.00,1,0.5000,18.50,106,0,0.00,12,9.72,5.27,4.71,14.10
454369,-2.34,1.56,1,14.36,13.36,8,14.67,190,0.43,0.43,740,0.00,1.00,1,0.5000,18.50,106,0,0.00,12,9.58,5.21,4.71,14.10
454472,-2.34,1.56,1,14.36,13.36,8,14.68,190,0.43,0.43,734,0.00,1.00,1,0.5000,19.00,106,0,0.00,12,9.72,5.21,4.71,14.10
454577,-2.34,1.56,1,14.36,13.36,8,14.68,190,0.43,0.42,732,0.00,1.00,1,0.5000,18.50,106,0,0.00,12,9.87,5.15,4.71,14.20
454681,-2.34,1.56,1,14.36,13.36,8,14.68,190,0.43,0.42,735,0.00,1.00,1,0.5000,18.00,106,0,0.00,12,9.87,5.15,4.71,14.10
454785,-2.34,1.56,1,14.36,13.28,8,14.68,190,0.43,0.42,728,0.00,1.00,1,0.5000,18.50,106,0,0.00,12,9.87,5.08,4.31,14.20
454888,-2.34,1.56,1,14.36,13.20,8,14.67,190,0.44,0.47,700,0.00,0.93,1,0.5000,20.50,106,0,0.00,12,9.87,5.43,5.88,14.30
454993,-2.34,0.00,2,14.36,13.04,8,14.67,190,0.46,0.50,692,0.00,0.91,1,0.5000,20.50,106,0,0.00,12,10.30,5.79,5.88,14.30
455097,-1.56,0.00,2,14.36,13.04,8,14.66,190,0.47,0.50,704,0.00,1.00,1,0.5000,19.00,106,0,0.00,12,10.45,5.85,5.49,14.50
455201,-1.56,1.56,1,14.36,12.88,8,14.65,190,0.46,0.48,724,0.00,1.00,1,0.5000,17.00,106,0,0.00,12,10.45,5.53,4.71,14.40
455305,-0.78,1.56,1,14.36,13.12,8,14.66,190,0.45,0.42,752,0.00,1.06,1,0.5000,16.00,106,0,0.00,12,10.16,5.24,4.71,15.20
455409,-0.78,1.56,1,14.36,13.36,8,14.67,190,0.43,0.41,760,0.00,1.06,1,0.5000,16.00,106,0,0.00,12,9.87,5.11,4.71,14.80
455513,-1.56,1.56,1,14.36,13.44,8,14.67,190,0.43,0.41,753,0.00,1.00,1,0.5000,16.50,106,0,0.00,12,9.72,5.15,4.71,14.90
455617,-1.56,1.56,1,14.36,13.44,8,14.68,190,0.43,0.41,738,0.00,1.00,1,0.5000,16.50,106,0,0.00,12,9.72,5.15,4.71,14.80
455721,-2.34,1.56,1,14.36,13.36,8,14.68,190,0.42,0.42,734,0.00,1.00,1,0.5000,16.50,106,0,0.00,12,9.72,5.08,4.71,16.00
455825,-2.34,1.56,1,14.36,13.44,8,14.68,190,0.42,0.42,735,0.00,1.00,1,0.5000,16.50,106,0,0.00,12,9.58,5.11,4.71,14.50
455929,-2.34,1.56,1,14.36,13.28,8,14.68,190,0.42,0.42,728,0.00,1.00,1,0.5000,17.00,106,0,0.00,12,9.72,5.11,4.71,14.40
456033,-1.56,1.56,1,14.36,13.36,8,14.68,190,0.42,0.43,718,0.00,1.00,1,0.5000,17.50,106,0,0.00,12,9.72,5.11,4.71,14.50
456137,-1.56,1.56,1,14.36,13.20,8,14.68,190,0.42,0.43,714,0.00,1.00,1,0.5000,17.50,106,0,0.00,12,9.72,5.05,4.71,14.50
456241,-2.34,1.56,1,14.36,13.28,8,14.68,190,0.42,0.43,719,0.00,1.00,1,0.5000,17.00,106,0,0.00,12,9.72,5.08,4.71,14.50
456345,-1.56,1.56,1,14.36,13.04,8,14.68,190,0.42,0.42,719,0.00,1.00,1,0.5000,17.00,106,0,0.00,12,9.72,5.08,4.71,14.50
456449,-2.34,1.56,1,14.36,13.12,8,14.68,190,0.43,0.42,710,0.00,1.00,1,0.5000,17.50,106,0,0.00,12,9.72,5.05,4.71,14.50
456553,-1.56,1.56,1,14.36,13.04,8,14.68,190,0.43,0.43,703,0.00,1.00,1,0.5000,18.00,106,0,0.00,12,9.72,5.08,4.71,14.60
456657,-2.34,1.56,1,14.36,13.12,8,14.68,190,0.43,0.43,693,0.00,1.00,1,0.5000,18.50,106,0,0.00,12,9.72,5.02,4.71,14.50
456761,-2.34,1.56,1,14.36,12.96,8,14.67,190,0.43,0.44,694,0.00,1.00,1,0.5000,18.00,106,0,0.00,12,9.72,5.08,4.71,14.50
456865,-2.34,1.56,1,14.36,12.88,8,14.67,190,0.43,0.43,702,0.00,1.00,1,0.5000,17.50,106,0,0.00,12,9.87,5.02,4.71,14.50
456969,-2.34,1.56,1,14.36,13.04,8,14.67,190,0.43,0.43,702,0.00,1.00,1,0.5000,17.00,106,0,0.00,12,9.72,5.08,4.71,14.50
457073,-2.34,1.56,1,14.36,12.88,8,14.67,190,0.43,0.44,698,0.00,1.00,1,0.5000,17.50,106,0,0.00,12,9.87,5.08,4.71,14.50
457177,-2.34,1.56,1,14.36,13.28,8,14.67,190,0.44,0.44,696,0.00,1.00,1,0.5000,17.50,106,0,0.00,12,9.87,5.15,4.71,14.50
457281,-2.34,1.56,1,14.36,13.44,8,14.67,190,0.44,0.44,691,0.00,1.00,1,0.5000,17.50,106,0,0.00,12,9.87,5.08,4.71,14.50
457386,-2.34,1.56,1,14.36,13.52,8,14.67,190,0.44,0.44,687,0.00,1.00,1,0.5000,17.50,106,0,0.00,12,9.87,5.08,4.71,14.60
457489,-3.12,1.56,1,14.36,13.52,8,14.67,190,0.44,0.43,698,0.00,1.00,1,0.5000,16.50,106,0,0.00,12,9.87,5.05,4.71,14.50
457593,-2.34,1.56,1,14.36,13.44,8,14.67,190,0.43,0.43,717,0.00,1.00,1,0.5000,16.50,106,0,0.00,12,9.87,5.08,4.71,14.50
457697,-3.12,1.56,1,14.36,13.52,8,14.68,190,0.43,0.41,744,0.00,1.00,1,0.5000,17.50,106,0,0.00,12,9.72,5.08,5.10,14.60
457801,-3.12,0.00,2,14.36,13.60,8,14.68,190,0.44,0.43,763,0.00,0.90,1,0.5000,19.50,106,0,0.00,12,10.01,5.99,7.45,14.50
457905,-2.34,0.00,2,14.36,13.52,8,14.65,190,0.50,0.59,787,0.00,0.82,1,0.5000,23.00,106,0,0.00,12,11.90,8.37,11.76,14.50
458009,-2.34,0.00,2,14.36,13.52,8,14.62,190,0.48,0.53,908,0.00,1.08,1,0.5000,21.00,106,0,0.00,12,11.17,7.15,5.88,14.50
458113,-1.56,1.56,1,14.36,13.52,8,14.63,190,0.42,0.34,1038,0.00,1.19,1,0.5000,18.00,106,0,0.00,12,9.58,5.62,4.71,14.40
458217,-3.12,1.56,1,14.36,13.52,8,14.65,190,0.38,0.30,1029,0.00,1.14,1,0.5000,16.00,106,0,0.00,12,9.14,5.18,4.71,14.80
458321,-3.12,1.56,1,14.36,13.60,8,14.67,190,0.36,0.33,944,0.00,1.00,1,0.5000,13.50,106,0,0.00,12,8.85,5.21,4.71,14.50
458425,-2.34,0.00,2,14.36,13.52,8,14.69,190,0.38,0.40,855,0.00,0.91,1,0.5000,16.00,106,0,0.00,12,9.00,5.72,5.88,14.50
458529,-1.56,0.00,2,14.36,13.52,8,14.69,190,0.41,0.45,767,0.00,0.86,1,0.5000,20.00,106,0,0.00,12,9.29,6.04,5.88,14.50
458634,-0.78,0.00,2,14.36,13.52,8,14.68,190,0.44,0.50,735,0.00,0.87,1,0.5000,22.00,106,0,0.00,12,9.72,6.04,5.88,14.50
458738,0.78,0.00,2,14.36,13.52,8,14.67,190,0.44,0.49,736,0.00,1.00,1,0.5000,21.00,106,0,0.00,12,9.87,5.79,5.49,15.10
458842,0.78,0.00,2,14.36,12.96,8,14.67,190,0.45,0.46,735,0.00,1.00,1,0.5000,21.00,106,0,0.00,12,10.01,5.66,5.49,15.30
458947,0.00,0.00,2,14.36,13.12,8,14.66,190,0.46,0.47,723,0.00,1.00,1,0.5000,21.00,106,0,0.00,12,10.30,5.72,5.49,15.50
459050,-0.78,1.56,1,14.36,13.04,8,14.66,190,0.45,0.47,732,0.00,1.00,1,0.5000,20.00,106,0,0.00,12,10.59,5.56,5.10,15.50
459155,-1.56,1.56,1,14.36,13.36,8,14.66,190,0.45,0.42,748,0.00,1.00,1,0.5000,18.50,106,0,0.00,12,10.45,5.24,4.71,15.00
459258,-0.78,1.56,1,14.36,13.44,8,14.67,190,0.44,0.42,756,0.00,1.00,1,0.5000,17.50,106,0,0.00,12,10.30,5.40,5.49,14.80
459362,0.00,1.56,1,14.36,13.44,8,14.67,190,0.44,0.43,764,0.00,1.00,1,0.5000,17.00,106,0,0.00,12,10.30,5.53,5.49,14.80
459467,0.78,1.56,1,14.36,13.28,8,14.67,190,0.44,0.43,778,0.00,1.00,1,0.5000,16.50,106,0,0.00,12,10.30,5.59,5.49,15.00
459570,0.78,0.00,2,14.36,13.28,8,14.67,190,0.44,0.44,771,0.00,1.00,1,0.5000,16.50,106,0,0.00,12,10.45,5.62,5.49,15.20
459674,1.56,0.00,2,14.36,13.44,8,14.67,190,0.44,0.46,739,0.00,1.00,1,0.5000,18.50,106,0,0.00,12,10.45,5.66,5.49,15.10
459779,2.34,1.56,1,14.36,13.44,8,14.67,190,0.44,0.46,761,0.00,1.00,1,0.5000,16.50,106,0,0.00,12,10.30,5.66,5.49,15.20
459883,2.34,1.56,1,14.36,13.12,8,14.67,190,0.43,0.41,785,0.00,1.00,1,0.5000,16.00,106,0,0.00,12,10.01,5.21,4.31,15.30
459987,3.12,1.56,1,14.36,13.52,8,14.68,190,0.42,0.39,785,0.00,1.05,1,0.5000,16.50,106,0,0.00,12,9.87,5.08,4.71,15.50
460091,3.12,1.56,1,14.36,13.60,8,14.69,190,0.41,0.39,786,0.00,1.00,1,0.5000,16.50,106,0,0.00,12,9.87,5.14,4.71,15.50
460195,3.12,0.00,2,14.36,13.36,8,14.68,190,0.43,0.42,764,0.00,1.00,1,0.5000,17.00,106,0,0.00,12,10.01,5.85,6.27,15.40
460299,3.12,0.00,2,14.36,13.44,8,14.67,190,0.44,0.48,744,0.00,0.93,1,0.5000,17.50,106,0,0.00,12,10.16,5.98,5.88,15.40
460403,3.91,0.00,2,14.36,13.60,8,14.67,190,0.44,0.46,777,0.00,1.00,1,0.5000,16.50,106,0,0.00,12,10.16,5.69,4.71,15.30
460507,3.91,1.56,1,14.36,13.52,8,14.67,190,0.42,0.40,807,0.00,1.06,1,0.5000,15.00,106,0,0.00,12,9.72,5.24,4.71,15.20
460611,3.91,1.56,1,14.36,13.52,8,14.68,190,0.41,0.38,813,0.00,1.00,1,0.5000,15.00,106,0,0.00,12,9.58,5.21,4.71,15.30
460715,3.12,1.56,1,14.36,13.52,8,14.69,190,0.40,0.38,820,0.00,1.00,1,0.5000,15.00,106,0,0.00,12,9.43,5.18,4.71,15.20
460819,3.12,1.56,1,14.36,13.52,8,14.69,190,0.40,0.39,805,0.00,1.00,1,0.5000,16.50,106,0,0.00,12,9.29,5.18,4.71,15.00
460923,2.34,1.56,1,14.36,13.60,8,14.69,190,0.40,0.39,803,0.00,1.00,1,0.5000,16.50,106,0,0.00,12,9.14,5.24,4.71,14.90
461027,2.34,1.56,1,14.36,13.60,8,14.69,190,0.40,0.40,792,0.00,1.00,1,0.5000,17.00,106,0,0.00,12,9.14,5.24,4.71,14.40
461131,2.34,1.56,1,14.36,13.44,8,14.69,190,0.41,0.41,769,0.00,1.00,1,0.5000,17.00,106,0,0.00,12,9.14,5.27,4.71,14.50
461235,1.56,0.00,2,14.36,13.52,8,14.69,190,0.42,0.43,746,0.00,0.89,1,0.5000,18.50,106,0,0.00,12,9.29,5.79,6.27,14.50
461339,1.56,0.00,2,14.36,13.44,8,14.67,190,0.45,0.50,729,0.00,0.90,1,0.5000,20.00,106,0,0.00,12,9.72,5.91,5.49,14.40
461443,1.56,0.00,2,14.36,13.44,8,14.66,190,0.45,0.48,724,0.00,1.00,1,0.5000,19.50,106,0,0.00,12,9.87,5.85,5.49,14.30
461547,1.56,1.56,1,14.36,13.44,8,14.66,190,0.45,0.47,742,0.00,1.00,1,0.5000,17.50,106,0,0.00,12,10.01,5.59,4.71,14.30
461651,1.56,1.56,1,14.36,13.52,8,14.67,190,0.43,0.40,784,0.00,1.06,1,0.5000,16.00,106,0,0.00,12,9.58,5.24,4.71,14.30
461755,0.78,1.56,1,14.36,13.52,8,14.68,190,0.42,0.39,792,0.00,1.00,1,0.5000,18.00,106,0,0.00,12,9.43,5.14,4.71,14.20
461859,-0.78,0.00,2,14.36,13.52,8,14.68,190,0.46,0.46,804,0.00,0.84,1,0.5000,21.00,106,0,0.00,12,10.59,7.17,10.20,14.20
461963,-1.56,0.00,2,14.36,13.44,8,14.64,190,0.47,0.54,843,0.00,0.99,1,0.5000,18.50,106,0,0.00,12,10.88,7.04,5.49,13.90
462067,-2.34,0.00,2,14.36,13.52,8,14.65,190,0.44,0.40,922,0.00,1.12,1,0.5000,15.50,106,0,0.00,12,10.01,5.66,4.71,13.90
462171,-3.91,1.56,1,14.36,13.60,8,14.66,190,0.40,0.34,924,0.00,1.11,1,0.5000,14.00,108,0,0.00,12,9.14,5.27,4.71,13.60
462275,-4.69,1.56,1,14.36,13.60,8,14.68,190,0.38,0.35,907,0.00,1.06,1,0.5000,12.50,108,0,0.00,12,8.71,5.24,4.71,13.30
462379,-5.47,1.56,1,14.36,13.52,8,14.68,190,0.38,0.37,850,0.00,1.00,1,0.5000,16.00,108,0,0.00,12,8.71,5.27,4.71,13.20
462483,-5.47,1.56,1,14.36,13.52,8,14.69,190,0.39,0.40,804,0.00,1.00,1,0.5000,17.00,108,0,0.00,12,8.71,5.37,4.71,13.20
462587,-5.47,1.56,1,14.36,13.44,8,14.69,190,0.40,0.42,776,0.00,1.00,1,0.5000,19.00,108,0,0.00,12,8.85,5.40,4.71,13.30
462691,-5.47,1.56,1,14.36,13.52,8,14.69,190,0.41,0.43,741,0.00,1.00,1,0.5000,21.50,108,0,0.00,12,9.00,5.37,4.71,13.50
462795,-4.69,1.56,1,14.36,13.60,8,14.68,190,0.42,0.45,721,0.00,1.00,1,0.5000,21.50,108,0,0.00,12,9.00,5.33,4.71,13.70
462899,-4.69,0.00,2,14.36,13.36,8,14.67,190,0.44,0.49,690,0.00,0.88,1,0.5000,21.50,108,0,0.00,12,9.29,5.66,5.88,13.80
463003,-4.69,0.00,2,14.36,13.20,8,14.66,190,0.47,0.53,670,0.00,0.88,1,0.5000,21.50,108,0,0.00,12,10.01,5.98,5.88,14.10
463107,-4.69,0.00,2,14.36,13.44,8,14.65,190,0.49,0.54,665,0.00,0.91,1,0.5000,17.50,108,0,0.00,12,10.30,5.95,6.27,14.20
463211,-4.69,0.00,2,14.36,13.52,8,14.63,190,0.51,0.58,687,0.00,0.89,1,0.5000,22.50,108,0,0.00,12,11.03,6.65,7.84,14.40
463315,-4.69,0.00,2,14.36,13.52,8,14.63,190,0.52,0.57,733,0.00,0.99,1,0.5000,25.50,108,0,0.00,12,11.46,6.74,6.27,14.60
463419,-4.69,1.56,2,14.36,13.44,8,14.63,190,0.47,0.43,850,0.00,1.15,1,0.5000,18.50,108,0,0.00,12,10.30,5.69,4.71,14.40
463523,-4.69,1.56,1,14.36,13.44,8,14.65,190,0.43,0.35,930,0.00,1.16,1,0.5000,15.50,108,0,0.00,12,9.87,5.18,4.71,14.40
463627,-4.69,1.56,1,14.36,13.60,8,14.66,190,0.40,0.33,922,0.00,1.11,1,0.5000,14.00,108,0,0.00,12,9.14,5.18,4.71,14.60
463731,-4.69,1.56,1,14.36,13.52,8,14.68,190,0.39,0.36,882,0.00,1.00,1,0.5000,13.00,108,0,0.00,12,8.71,5.24,4.71,14.80
463835,-4.69,1.56,1,14.36,13.60,8,14.69,190,0.38,0.37,814,0.00,1.00,1,0.5000,17.00,108,0,0.00,12,8.71,5.24,4.71,14.60
463939,-4.69,1.56,1,14.36,13.52,8,14.69,190,0.39,0.40,790,0.00,1.00,1,0.5000,17.50,108,0,0.00,12,8.71,5.27,4.71,14.40
464043,-4.69,1.56,1,14.36,13.36,8,14.69,190,0.40,0.42,754,0.00,1.00,1,0.5000,20.50,108,0,0.00,12,8.85,5.33,4.71,14.60
464147,-4.69,1.56,1,14.36,13.20,8,14.69,190,0.42,0.44,701,0.00,0.92,1,0.5000,22.00,108,0,0.00,12,9.00,5.33,4.71,14.80
464251,-4.69,1.56,1,14.36,12.96,8,14.68,190,0.43,0.47,681,0.00,0.93,1,0.5000,21.50,108,0,0.00,12,9.14,5.30,4.71,14.80
464355,-4.69,1.56,1,14.36,12.88,8,14.67,190,0.44,0.47,670,0.00,1.00,1,0.5000,21.50,108,0,0.00,12,9.43,5.27,4.71,14.90
464459,-4.69,1.56,1,14.36,12.96,8,14.67,190,0.45,0.47,676,0.00,1.00,1,0.5000,21.50,108,0,0.00,12,9.58,5.21,4.71,14.70
464564,-5.47,1.56,1,14.36,13.04,8,14.66,190,0.45,0.46,678,0.00,1.00,1,0.5000,21.50,108,0,0.00,13,9.72,5.21,4.71,15.20
464667,-5.47,1.56,1,14.36,12.64,8,14.66,190,0.45,0.45,687,0.00,1.00,1,0.5000,21.50,108,0,0.00,13,9.72,5.14,4.71,14.50
464771,-6.25,1.56,1,14.36,12.88,8,14.66,190,0.45,0.44,693,0.00,1.00,1,0.5000,20.50,108,0,0.00,13,10.01,5.08,4.71,14.20
464875,-7.03,1.56,1,14.36,12.80,8,14.67,190,0.44,0.44,702,0.00,1.00,1,0.5000,19.50,108,0,0.00,13,10.16,5.08,4.71,14.20
464979,-6.25,1.56,1,14.36,12.96,8,14.67,190,0.44,0.43,720,0.00,1.00,1,0.5000,17.50,108,0,0.00,13,10.01,5.11,4.71,14.20
465083,-5.47,1.56,1,14.36,12.88,8,14.67,190,0.44,0.42,719,0.00,1.00,1,0.5000,17.50,108,0,0.00,13,10.01,5.08,4.71,14.20
465187,-4.69,1.56,1,14.36,13.20,8,14.67,190,0.42,0.42,731,0.00,1.06,1,0.5000,16.50,108,0,0.00,13,9.87,4.93,3.53,14.40
465291,-4.69,1.56,1,14.36,13.52,8,14.68,190,0.40,0.35,766,0.00,1.10,1,0.5000,16.00,108,0,0.00,13,9.58,4.41,3.92,14.20
465395,-3.91,1.56,1,14.36,13.52,8,14.69,190,0.37,0.33,814,0.00,1.09,1,0.5000,13.00,108,0,0.00,13,9.14,4.49,3.92,15.00
465499,-3.91,1.56,1,14.36,13.60,8,14.69,190,0.36,0.34,808,0.00,1.00,1,0.5000,13.50,108,0,0.00,13,9.00,4.52,3.92,14.90
465603,-3.91,1.56,1,14.36,13.68,8,14.69,190,0.36,0.33,811,0.00,1.00,1,0.5000,14.00,108,0,0.00,13,8.85,4.52,3.92,15.00
465708,-3.12,1.56,1,14.36,13.52,8,14.69,190,0.35,0.34,798,0.00,1.00,1,0.5000,15.50,108,0,0.00,13,8.71,4.52,3.92,15.10
465811,-2.34,1.56,1,14.36,13.52,8,14.69,190,0.35,0.34,794,0.00,1.00,1,0.5000,16.00,108,0,0.00,13,8.56,4.52,3.92,15.20
465915,-1.56,1.56,1,14.36,12.96,8,14.69,190,0.35,0.36,782,0.00,1.00,1,0.5000,16.50,108,0,0.00,13,8.56,4.70,5.49,15.30
466019,-1.56,1.56,1,14.36,12.96,8,14.69,190,0.38,0.42,730,0.00,0.87,1,0.5000,18.50,108,0,0.00,13,8.85,5.43,5.10,15.40
466123,-1.56,1.56,1,14.36,13.12,8,14.69,190,0.40,0.46,701,0.00,0.89,1,0.5000,21.00,108,0,0.00,13,9.14,5.33,4.71,15.60
466228,-0.78,1.56,1,14.36,13.36,8,14.69,190,0.41,0.45,700,0.00,0.93,1,0.5000,20.50,108,0,0.00,13,9.43,5.24,4.71,15.60
466331,-0.78,1.56,1,14.36,13.52,8,14.68,190,0.41,0.42,737,0.00,1.00,1,0.5000,17.00,108,0,0.00,13,9.58,5.21,4.71,15.60
466435,-1.56,1.56,1,14.36,13.52,8,14.69,190,0.39,0.38,783,0.00,1.09,1,0.5000,16.00,108,0,0.00,13,9.29,4.57,3.53,15.50
466539,-1.56,1.56,1,14.36,13.52,8,14.69,190,0.37,0.33,807,0.00,1.09,1,0.5000,14.00,108,0,0.00,13,8.85,4.38,3.92,15.50
466643,-2.34,1.56,1,14.36,13.44,8,14.69,190,0.36,0.33,814,0.00,1.00,1,0.5000,14.00,108,0,0.00,13,8.71,4.46,3.92,15.20
466747,-2.34,1.56,1,14.36,13.44,8,14.69,190,0.35,0.34,782,0.00,1.00,1,0.5000,16.50,108,0,0.00,13,8.42,4.44,3.92,14.90
466851,-2.34,1.56,1,14.36,13.52,8,14.69,190,0.36,0.36,761,0.00,1.00,1,0.5000,17.00,108,0,0.00,13,8.56,4.78,4.71,14.50
466955,-2.34,1.56,1,14.36,13.36,8,14.69,190,0.38,0.41,738,0.00,0.92,1,0.5000,18.00,108,0,0.00,13,8.85,5.02,4.71,14.50
467060,-1.56,1.56,1,14.36,13.60,8,14.69,190,0.39,0.42,722,0.00,1.00,1,0.5000,19.00,108,0,0.00,13,9.00,5.05,4.71,14.50
467163,-1.56,1.56,1,14.36,13.52,8,14.69,190,0.39,0.41,728,0.00,1.00,1,0.5000,18.50,108,0,0.00,13,9.14,5.02,4.71,14.80
467267,-1.56,1.56,1,14.36,13.60,8,14.69,190,0.39,0.39,758,0.00,1.00,1,0.5000,17.00,108,0,0.00,13,9.14,4.90,2.75,14.90
467371,-0.78,1.56,1,14.36,13.52,8,14.69,190,0.37,0.33,781,0.00,1.09,1,0.5000,16.50,108,0,0.00,13,8.71,4.19,3.53,14.80
467475,-0.78,1.56,1,14.36,13.52,8,14.69,190,0.35,0.32,788,0.00,1.07,1,0.5000,16.00,108,0,0.00,13,8.56,4.22,3.53,15.00
467579,-1.56,1.56,1,14.36,13.36,8,14.69,190,0.34,0.32,787,0.00,1.00,1,0.5000,16.00,108,0,0.00,13,8.42,4.22,3.53,14.90
467683,-1.56,1.56,1,14.36,13.52,8,14.69,190,0.34,0.32,756,0.00,1.00,1,0.5000,17.00,108,0,0.00,13,8.27,4.22,3.53,14.80
467788,-2.34,1.56,1,14.36,13.44,8,14.69,190,0.34,0.35,730,0.00,1.00,1,0.5000,18.50,108,0,0.00,13,8.27,4.22,3.53,15.20
467891,-2.34,1.56,1,14.36,13.44,8,14.69,190,0.36,0.36,706,0.00,0.89,1,0.5000,20.50,108,0,0.00,13,8.27,4.55,5.49,14.90
467995,-1.56,1.56,1,14.36,13.36,8,14.69,190,0.37,0.42,702,0.00,0.93,1,0.5000,20.50,108,0,0.00,13,8.71,4.90,3.14,14.50
468099,-1.56,1.56,1,14.36,13.44,8,14.69,190,0.36,0.36,707,0.00,1.00,1,0.5000,19.50,108,0,0.00,13,8.56,4.19,3.53,14.60
468203,-1.56,1.56,1,14.36,13.52,8,14.69,190,0.36,0.35,718,0.00,1.00,1,0.5000,18.00,108,0,0.00,13,8.42,4.19,3.53,14.70
468307,-1.56,1.56,1,14.36,13.60,8,14.69,190,0.36,0.35,720,0.00,1.00,1,0.5000,17.50,108,0,0.00,13,8.42,4.22,3.53,14.60
468411,-2.34,1.56,1,14.36,13.44,8,14.69,190,0.36,0.37,702,0.00,1.00,1,0.5000,19.00,108,0,0.00,13,8.56,4.33,5.10,14.70
468515,-2.34,1.56,1,14.36,13.28,8,14.69,190,0.39,0.43,686,0.00,0.88,1,0.5000,20.50,108,0,0.00,13,8.85,4.96,4.71,14.80
468619,-3.12,1.56,1,14.36,13.36,8,14.69,190,0.40,0.44,666,0.00,0.92,1,0.5000,21.50,108,0,0.00,13,9.14,4.93,4.71,14.50
468723,-3.12,1.56,1,14.36,13.28,8,14.69,190,0.41,0.44,673,0.00,1.00,1,0.5000,20.50,108,0,0.00,13,9.29,4.90,4.71,14.40
468828,-3.12,1.56,1,14.36,13.36,8,14.69,190,0.41,0.42,687,0.00,1.00,1,0.5000,19.00,108,0,0.00,13,9.43,4.84,4.71,14.50
468932,-3.12,1.56,1,14.36,13.60,8,14.69,190,0.39,0.36,729,0.00,1.07,1,0.5000,17.00,108,0,0.00,13,9.14,4.38,3.14,14.30
469036,-3.91,1.56,1,14.36,13.52,8,14.69,190,0.37,0.32,757,0.00,1.09,1,0.5000,16.00,108,0,0.00,13,8.85,4.05,3.53,14.30
469140,-3.91,1.56,1,14.36,13.44,8,14.69,190,0.36,0.33,756,0.00,1.06,1,0.5000,16.00,108,0,0.00,13,8.85,4.16,3.92,14.30
469243,-3.91,1.56,1,14.36,13.52,8,14.69,190,0.35,0.33,750,0.00,1.00,1,0.5000,16.50,108,0,0.00,13,8.71,4.16,3.53,14.30
469347,-3.91,1.56,1,14.36,13.44,8,14.69,190,0.35,0.34,734,0.00,1.00,1,0.5000,17.00,108,0,0.00,13,8.56,4.16,3.53,14.30
469452,-3.91,1.56,1,14.36,13.60,8,14.69,190,0.35,0.35,718,0.00,1.00,1,0.5000,17.00,108,0,0.00,13,8.56,4.16,3.53,14.30
469556,-3.12,1.56,1,14.36,13.44,8,14.69,190,0.35,0.35,711,0.00,1.00,1,0.5000,17.50,108,0,0.00,13,8.56,4.14,3.53,14.40
469660,-2.34,1.56,1,14.36,13.52,8,14.69,190,0.35,0.35,706,0.00,1.00,1,0.5000,17.50,108,0,0.00,13,8.56,4.14,3.53,14.50
469764,-2.34,1.56,1,14.36,13.36,8,14.69,190,0.35,0.35,699,0.00,1.00,1,0.5000,18.00,108,0,0.00,13,8.56,4.11,3.53,14.70
469868,-2.34,1.56,1,14.36,13.60,8,14.69,190,0.35,0.35,696,0.00,1.00,1,0.5000,18.00,108,0,0.00,13,8.56,4.11,3.53,14.90
469972,-2.34,1.56,1,14.36,13.36,8,14.69,190,0.35,0.36,690,0.00,1.00,1,0.5000,18.00,109,0,0.00,13,8.71,4.11,3.53,15.00
470076,-2.34,1.56,1,14.36,13.36,8,14.69,190,0.35,0.36,683,0.00,1.00,1,0.5000,18.50,109,0,0.00,13,8.71,4.05,3.53,15.00
470180,-2.34,1.56,1,14.36,13.52,8,14.69,190,0.35,0.35,697,0.00,1.00,1,0.5000,17.50,109,0,0.00,13,8.71,4.03,3.53,15.20
470283,-2.34,1.56,1,14.36,13.36,8,14.69,190,0.35,0.34,690,0.00,1.00,1,0.5000,17.50,109,0,0.00,13,8.56,3.97,3.53,15.00
470387,-2.34,1.56,1,14.36,13.44,8,14.69,190,0.35,0.34,696,0.00,1.00,1,0.5000,17.00,109,0,0.00,13,8.56,4.03,3.92,15.00
470491,-1.56,1.56,1,14.36,13.44,8,14.69,190,0.35,0.37,688,0.00,1.00,1,0.5000,17.50,109,0,0.00,13,8.56,4.22,3.92,15.10
470596,-1.56,1.56,1,14.36,13.44,8,14.69,190,0.36,0.37,686,0.00,1.00,1,0.5000,17.50,109,0,0.00,13,8.71,4.27,3.92,15.10
470700,-1.56,1.56,1,14.36,13.60,8,14.69,190,0.36,0.37,700,0.00,1.00,1,0.5000,17.00,109,0,0.00,13,8.85,4.30,3.92,15.10
470804,-1.56,1.56,1,14.36,13.36,8,14.69,190,0.36,0.37,698,0.00,1.00,1,0.5000,17.00,109,0,0.00,13,8.85,4.27,3.53,15.10
470908,-1.56,1.56,1,14.36,13.44,8,14.69,190,0.36,0.36,698,0.00,1.00,1,0.5000,17.00,109,0,0.00,13,8.71,4.08,3.53,15.00
471012,-0.78,1.56,1,14.36,13.44,8,14.69,190,0.36,0.36,670,0.00,1.00,1,0.5000,18.50,109,0,0.00,13,8.71,4.05,3.53,15.10
471116,-0.78,1.56,1,14.36,13.20,8,14.69,190,0.38,0.40,658,0.00,0.90,1,0.5000,19.50,109,0,0.00,13,9.00,4.41,5.49,15.00
471220,-0.78,1.56,1,14.36,13.28,8,14.69,190,0.40,0.45,660,0.00,0.89,1,0.5000,19.00,109,0,0.00,13,9.29,4.93,4.71,15.10
471324,-0.78,1.56,1,14.36,13.28,8,14.69,190,0.40,0.43,678,0.00,1.00,1,0.5000,17.00,109,0,0.00,13,9.58,4.84,4.71,15.20
471428,-0.78,1.56,1,14.36,13.28,8,14.69,190,0.40,0.42,700,0.00,1.00,1,0.5000,17.00,109,0,0.00,13,9.58,4.77,4.71,15.00
471532,-0.78,1.56,1,14.36,13.52,8,14.69,190,0.40,0.40,718,0.00,1.00,1,0.5000,16.50,109,0,0.00,13,9.58,4.72,4.71,14.90
471636,-0.78,1.56,1,14.36,13.44,8,14.69,190,0.39,0.39,735,0.00,1.00,1,0.5000,15.50,109,0,0.00,13,9.43,4.72,4.71,14.90
471740,-0.78,1.56,1,14.36,13.60,8,14.69,190,0.39,0.37,765,0.00,1.00,1,0.5000,13.00,109,0,0.00,13,9.29,4.72,3.92,14.90
471844,0.00,1.56,1,14.36,13.68,8,14.69,190,0.36,0.32,788,0.00,1.10,1,0.5000,12.00,109,0,0.00,13,8.85,4.08,3.53,15.00
471948,0.00,1.56,1,14.36,13.44,8,14.69,190,0.34,0.31,800,0.00,1.08,1,0.5000,12.00,109,0,0.00,13,8.42,4.11,3.92,15.00
472052,0.00,1.56,1,14.36,13.44,8,14.69,190,0.34,0.31,793,0.00,1.00,1,0.5000,12.50,109,0,0.00,13,8.27,4.14,3.92,14.90
472156,-0.78,1.56,1,14.36,13.60,8,14.69,190,0.33,0.33,748,0.00,1.00,1,0.5000,16.50,109,0,0.00,13,8.27,4.16,3.92,15.00
472260,-0.78,1.56,1,14.36,13.52,8,14.69,190,0.33,0.33,748,0.00,1.00,1,0.5000,16.50,109,0,0.00,13,8.13,4.13,3.92,14.80
472364,-0.78,1.56,1,14.36,13.60,8,14.69,190,0.33,0.33,749,0.00,1.00,1,0.5000,16.50,109,0,0.00,13,8.13,4.13,3.53,14.70
472468,0.00,1.56,1,14.36,13.52,8,14.69,190,0.33,0.33,756,0.00,1.00,1,0.5000,16.00,109,0,0.00,13,8.13,4.11,3.53,14.80
472572,0.00,1.56,1,14.36,12.96,8,14.69,190,0.33,0.33,738,0.00,1.00,1,0.5000,17.00,109,0,0.00,13,8.13,4.08,3.53,14.80
472675,-0.78,1.56,1,14.36,13.20,8,14.69,190,0.34,0.34,702,0.00,1.00,1,0.5000,18.00,109,0,0.00,13,8.27,4.08,3.53,14.80
472780,-0.78,1.56,1,14.36,13.20,8,14.69,190,0.34,0.36,678,0.00,1.00,1,0.5000,20.00,109,0,0.00,13,8.27,4.05,3.53,14.80
472884,-0.78,1.56,1,14.36,13.28,8,14.69,190,0.35,0.36,669,0.00,1.00,1,0.5000,20.50,109,0,0.00,13,8.42,4.05,3.53,14.80
472988,-0.78,1.56,1,14.36,13.68,8,14.69,190,0.35,0.36,682,0.00,1.00,1,0.5000,19.00,109,0,0.00,13,8.42,4.03,3.53,14.80
473092,-0.78,1.56,1,14.36,13.44,8,14.69,190,0.35,0.34,697,0.00,1.00,1,0.5000,17.50,109,0,0.00,13,8.42,4.00,3.53,14.70
473196,-0.78,1.56,1,14.36,13.60,8,14.69,190,0.34,0.34,702,0.00,1.00,1,0.5000,17.00,109,0,0.00,13,8.27,3.89,3.53,14.70
473300,-0.78,1.56,1,14.36,13.52,8,14.69,190,0.34,0.32,717,0.00,1.00,1,0.5000,17.00,109,0,0.00,13,8.27,3.86,3.53,14.70
473404,-0.78,1.56,1,14.36,13.60,8,14.69,190,0.33,0.32,719,0.00,1.00,1,0.5000,17.00,109,0,0.00,13,8.13,3.86,3.53,14.70
473508,-0.78,1.56,1,14.36,13.44,8,14.69,190,0.35,0.38,695,0.00,0.90,1,0.5000,17.50,109,0,0.00,13,8.42,4.35,5.49,14.70
473612,-1.56,1.56,1,14.36,12.88,8,14.69,190,0.37,0.43,675,0.00,0.86,1,0.5000,19.00,109,0,0.00,13,9.00,4.84,4.71,14.80
473716,-1.56,1.56,1,14.36,13.04,8,14.69,190,0.39,0.44,658,0.00,0.89,1,0.5000,20.50,109,0,0.00,13,9.14,4.74,4.71,14.40
473820,-1.56,1.56,1,14.36,12.88,8,14.69,190,0.39,0.42,677,0.00,1.00,1,0.5000,18.00,109,0,0.00,13,9.29,4.69,4.71,14.50
473924,-0.78,1.56,1,14.36,12.72,8,14.69,190,0.40,0.41,695,0.00,1.00,1,0.5000,17.00,109,0,0.00,13,9.58,4.96,5.49,14.50
474028,-0.78,1.56,1,14.36,12.80,8,14.69,190,0.42,0.44,696,0.00,0.91,1,0.5000,17.00,109,0,0.00,13,9.87,5.30,5.88,14.50
474132,0.00,1.56,1,14.36,12.80,8,14.68,190,0.43,0.46,705,0.00,0.99,1,0.5000,16.50,109,0,0.00,13,10.16,5.40,5.88,14.70
474236,0.00,1.56,1,14.36,12.88,8,14.68,190,0.43,0.46,732,0.00,0.99,1,0.5000,16.00,109,0,0.00,13,10.30,5.46,5.88,14.80
474340,0.78,1.56,1,14.36,12.80,8,14.67,190,0.44,0.46,708,0.00,0.99,1,0.5000,16.50,109,0,0.00,13,10.45,5.43,5.88,14.90
474444,1.56,1.56,1,14.36,12.96,8,14.67,190,0.45,0.47,692,0.00,0.99,1,0.5000,16.50,109,0,0.00,13,10.59,5.43,5.88,15.10
474548,3.12,1.56,1,14.36,13.04,8,14.66,190,0.46,0.48,685,0.00,0.99,1,0.5000,16.50,109,0,0.00,13,10.74,5.46,5.88,15.50
474652,3.12,1.56,1,14.36,13.04,8,14.66,190,0.45,0.45,701,0.00,0.99,1,0.5000,16.50,109,0,0.00,13,10.59,5.14,5.10,15.80
474755,3.91,1.56,1,14.36,13.44,8,14.67,190,0.44,0.40,748,0.00,1.05,1,0.5000,14.00,109,0,0.00,13,10.45,4.99,5.10,15.50
474860,3.91,1.56,1,14.36,13.52,8,14.67,190,0.42,0.39,768,0.00,1.05,1,0.5000,13.00,109,0,0.00,13,10.01,4.99,5.10,15.70
474964,3.12,1.56,1,14.36,13.52,8,14.68,190,0.41,0.39,780,0.00,1.00,1,0.5000,12.50,109,0,0.00,13,9.72,5.02,5.10,15.70
475069,3.12,1.56,1,14.36,13.52,8,14.69,190,0.40,0.39,786,0.00,1.00,1,0.5000,12.50,109,0,0.00,13,9.58,5.08,5.10,15.30
475172,3.12,1.56,1,14.36,13.52,8,14.69,190,0.40,0.39,771,0.00,1.00,1,0.5000,14.50,109,0,0.00,13,9.58,5.14,5.10,15.20
475276,3.12,1.56,1,14.36,13.44,8,14.69,190,0.40,0.40,766,0.00,1.00,1,0.5000,15.50,109,0,0.00,13,9.43,5.14,5.10,15.00
475380,3.12,1.56,1,14.36,13.52,8,14.69,190,0.41,0.42,763,0.00,1.00,1,0.5000,18.50,109,0,0.00,13,9.58,5.30,5.88,14.90
475484,3.12,1.56,1,14.36,13.52,8,14.69,190,0.42,0.43,764,0.00,1.00,1,0.5000,18.00,109,0,0.00,13,9.72,5.53,5.49,14.80
475588,3.12,1.56,1,14.36,13.52,8,14.68,190,0.41,0.42,772,0.00,1.00,1,0.5000,17.00,109,0,0.00,13,9.58,5.33,5.10,15.00
475692,3.12,1.56,1,14.36,13.60,8,14.69,190,0.41,0.40,786,0.00,1.00,1,0.5000,14.50,109,0,0.00,13,9.43,5.27,5.10,14.80
475796,3.12,1.56,1,14.36,13.52,8,14.69,190,0.41,0.40,778,0.00,1.00,1,0.5000,15.50,109,0,0.00,13,9.43,5.24,5.10,14.80
475900,3.12,1.56,1,14.36,13.52,8,14.69,190,0.41,0.41,774,0.00,1.00,1,0.5000,16.00,109,0,0.00,13,9.43,5.24,5.10,14.80
476004,3.12,1.56,1,14.36,13.44,8,14.69,190,0.41,0.41,772,0.00,1.00,1,0.5000,16.00,109,0,0.00,13,9.29,5.24,5.10,14.70
476108,3.12,1.56,1,14.36,13.60,8,14.69,190,0.41,0.41,761,0.00,1.00,1,0.5000,16.50,109,0,0.00,13,9.29,5.21,5.10,14.90
476212,2.34,1.56,1,14.36,13.52,8,14.69,190,0.41,0.41,764,0.00,1.00,1,0.5000,16.50,109,0,0.00,13,9.29,5.17,5.10,14.50
476317,2.34,1.56,1,14.36,13.44,8,14.69,190,0.41,0.40,766,0.00,1.00,1,0.5000,16.50,109,0,0.00,13,9.29,5.14,5.10,14.50
476419,2.34,1.56,1,14.36,13.52,8,14.69,190,0.41,0.41,754,0.00,1.00,1,0.5000,17.00,109,0,0.00,13,9.29,5.17,5.10,14.40
476524,1.56,1.56,1,14.36,13.44,8,14.69,190,0.41,0.41,750,0.00,1.00,1,0.5000,17.00,109,0,0.00,13,9.43,5.17,5.10,14.40
476628,1.56,1.56,1,14.36,13.52,8,14.69,190,0.41,0.41,764,0.00,1.00,1,0.5000,16.50,109,0,0.00,13,9.43,5.21,5.10,14.50
476733,1.56,1.56,1,14.36,13.52,8,14.69,190,0.41,0.41,760,0.00,1.00,1,0.5000,16.50,109,0,0.00,13,9.43,5.21,5.10,14.30
476836,1.56,1.56,1,14.36,13.52,8,14.69,190,0.41,0.41,754,0.00,1.00,1,0.5000,17.00,109,0,0.00,13,9.29,5.17,4.71,14.30
476940,1.56,1.56,1,14.36,12.96,8,14.69,190,0.41,0.40,758,0.00,1.00,1,0.5000,16.50,109,0,0.00,13,9.29,4.99,4.31,14.30
477044,1.56,1.56,1,14.36,12.88,8,14.69,190,0.41,0.40,742,0.00,1.00,1,0.5000,17.00,109,0,0.00,13,9.43,4.90,4.31,14.30
477148,0.78,1.56,1,14.36,13.04,8,14.69,190,0.41,0.42,704,0.00,1.00,1,0.5000,19.50,109,0,0.00,13,9.43,4.90,4.71,14.30
477252,0.78,1.56,1,14.36,12.88,8,14.69,190,0.41,0.42,694,0.00,1.00,1,0.5000,20.50,109,0,0.00,13,9.58,4.90,4.71,14.30
477356,0.78,1.56,1,14.36,12.96,8,14.68,190,0.42,0.43,698,0.00,1.00,1,0.5000,19.50,109,0,0.00,13,9.58,4.90,4.71,14.30
477460,0.78,1.56,1,14.36,12.88,8,14.68,190,0.42,0.42,700,0.00,1.00,1,0.5000,19.00,109,0,0.00,13,9.72,4.96,4.71,14.40
477564,0.78,1.56,1,14.36,12.88,8,14.68,190,0.42,0.42,701,0.00,1.00,1,0.5000,18.50,109,0,0.00,13,9.72,4.99,4.71,14.40
477669,0.78,1.56,1,14.36,12.96,8,14.68,190,0.42,0.43,702,0.00,1.00,1,0.5000,18.00,109,0,0.00,13,9.72,4.99,4.71,14.40
477772,0.78,1.56,1,14.36,12.96,8,14.68,190,0.42,0.42,706,0.00,1.00,1,0.5000,17.50,109,0,0.00,13,9.72,4.93,4.71,14.40
477876,0.78,1.56,1,14.36,12.96,8,14.68,190,0.42,0.41,714,0.00,1.00,1,0.5000,17.00,109,0,0.00,13,9.87,4.90,4.71,14.40
477980,0.78,1.56,1,14.36,12.88,8,14.68,190,0.41,0.41,715,0.00,1.00,1,0.5000,16.50,109,0,0.00,13,9.87,4.84,4.71,14.40
478085,0.78,1.56,1,14.36,13.04,8,14.68,190,0.41,0.41,710,0.00,1.00,1,0.5000,17.00,109,0,0.00,13,9.72,4.84,4.71,14.60
478188,0.78,1.56,1,14.36,12.96,8,14.69,190,0.41,0.41,712,0.00,1.00,1,0.5000,17.00,109,0,0.00,13,9.72,4.84,4.71,14.40
478293,0.78,1.56,1,14.36,13.12,8,14.69,190,0.41,0.41,721,0.00,1.00,1,0.5000,17.00,109,0,0.00,13,9.72,4.84,4.71,14.60
478396,0.78,1.56,1,14.36,12.96,8,14.69,190,0.41,0.41,718,0.00,1.00,1,0.5000,17.00,109,0,0.00,13,9.87,4.90,4.71,14.60
478500,0.78,1.56,1,14.36,13.04,8,14.69,190,0.41,0.41,706,0.00,1.00,1,0.5000,17.00,109,0,0.00,13,9.87,4.96,4.71,14.50
478604,1.56,1.56,1,14.36,12.96,8,14.68,190,0.41,0.42,710,0.00,1.00,1,0.5000,17.00,109,0,0.00,13,9.87,4.96,4.71,14.70
478708,1.56,1.56,1,14.36,13.04,8,14.68,190,0.42,0.42,714,0.00,1.00,1,0.5000,17.00,109,0,0.00,13,9.87,4.99,4.71,14.70
478812,1.56,1.56,1,14.36,12.96,8,14.68,190,0.42,0.42,700,0.00,1.00,1,0.5000,17.00,109,0,0.00,13,9.87,4.96,4.71,14.80
478917,1.56,1.56,1,14.36,12.80,8,14.68,190,0.44,0.45,689,0.00,0.92,1,0.5000,18.00,109,0,0.00,13,10.16,5.53,5.88,14.80
479020,2.34,0.00,2,14.36,12.88,8,14.67,190,0.45,0.50,673,0.00,0.91,1,0.5000,19.00,111,0,0.00,13,10.45,5.66,5.88,15.00
479124,2.34,1.56,1,14.36,12.64,8,14.66,190,0.46,0.49,684,0.00,0.99,1,0.5000,17.50,111,0,0.00,13,10.59,5.59,5.49,15.20
479228,2.34,1.56,1,14.36,12.88,8,14.66,190,0.46,0.47,714,0.00,1.00,1,0.5000,16.00,111,0,0.00,13,10.59,5.43,5.49,14.80
479332,2.34,1.56,1,14.36,12.96,8,14.66,190,0.46,0.45,728,0.00,1.00,1,0.5000,16.00,111,0,0.00,13,10.45,5.46,5.49,15.00
479436,2.34,1.56,1,14.36,13.12,8,14.66,190,0.45,0.44,741,0.00,1.00,1,0.5000,15.50,111,0,0.00,13,10.45,5.53,5.49,15.00
479540,2.34,1.56,1,14.36,13.12,8,14.66,190,0.44,0.42,756,0.00,1.00,1,0.5000,14.50,111,0,0.00,13,10.16,5.14,4.71,14.90
479644,2.34,1.56,1,14.36,13.36,8,14.67,190,0.43,0.40,768,0.00,1.00,1,0.5000,13.50,111,0,0.00,13,10.01,5.08,4.71,14.80
479749,1.56,1.56,1,14.36,13.44,8,14.68,190,0.42,0.39,758,0.00,1.00,1,0.5000,15.50,111,0,0.00,13,9.87,5.08,4.71,14.50
479853,1.56,1.56,1,14.36,13.36,8,14.68,190,0.41,0.40,762,0.00,1.00,1,0.5000,15.50,111,0,0.00,13,9.87,5.08,4.71,14.50
479956,1.56,1.56,1,14.36,13.52,8,14.69,190,0.41,0.40,766,0.00,1.00,1,0.5000,15.50,111,0,0.00,13,9.72,5.14,4.71,14.50
480060,1.56,1.56,1,14.36,13.36,8,14.69,190,0.41,0.41,753,0.00,1.00,1,0.5000,16.00,111,0,0.00,13,9.87,5.14,4.71,14.40
480165,1.56,0.00,2,14.36,13.20,8,14.68,190,0.43,0.48,710,0.00,0.89,1,0.5000,17.50,111,0,0.00,13,10.01,5.69,6.27,14.50
480269,2.34,0.00,2,14.36,12.96,8,14.67,190,0.45,0.50,700,0.00,0.91,1,0.5000,17.50,111,0,0.00,13,10.45,5.75,5.88,14.60
480373,2.34,0.00,2,14.36,13.04,8,14.66,190,0.46,0.48,708,0.00,1.00,1,0.5000,16.50,111,0,0.00,13,10.45,5.66,5.88,14.40
480476,3.12,0.00,2,14.36,13.04,8,14.66,190,0.46,0.47,728,0.00,1.00,1,0.5000,16.50,111,0,0.00,13,10.59,5.66,5.88,14.80
480581,3.91,1.56,1,14.36,13.20,8,14.66,190,0.45,0.45,751,0.00,1.00,1,0.5000,15.50,111,0,0.00,13,10.30,5.59,4.31,14.90
480684,3.12,1.56,1,14.36,13.44,8,14.67,190,0.43,0.40,782,0.00,1.07,1,0.5000,13.50,111,0,0.00,13,10.16,5.02,4.71,15.00
480789,3.12,1.56,1,14.36,13.44,8,14.68,190,0.42,0.39,790,0.00,1.00,1,0.5000,13.00,111,0,0.00,13,9.87,5.11,4.71,14.90
480893,3.12,1.56,1,14.36,13.36,8,14.68,190,0.41,0.40,777,0.00,1.00,1,0.5000,15.00,111,0,0.00,13,9.87,5.17,4.71,14.80
480997,2.34,1.56,1,14.36,13.52,8,14.69,190,0.41,0.41,769,0.00,1.00,1,0.5000,16.00,111,0,0.00,13,9.72,5.21,4.71,14.80
481100,3.12,1.56,1,14.36,13.36,8,14.69,190,0.42,0.42,755,0.00,1.00,1,0.5000,16.50,111,0,0.00,13,9.72,5.21,4.71,14.70
481205,3.12,0.00,2,14.36,13.28,8,14.68,190,0.44,0.50,716,0.00,0.88,1,0.5000,17.50,111,0,0.00,13,10.01,5.95,5.88,14.70
481309,3.12,0.00,2,14.36,13.04,8,14.67,190,0.46,0.50,706,0.00,0.91,1,0.5000,18.00,111,0,0.00,13,10.30,5.85,5.88,14.80
481413,3.91,0.00,2,14.36,13.20,8,14.66,190,0.46,0.48,724,0.00,1.00,1,0.5000,16.50,111,0,0.00,13,10.45,5.78,5.88,14.80
481516,3.91,0.00,2,14.36,13.12,8,14.66,190,0.46,0.47,736,0.00,1.00,1,0.5000,16.50,111,0,0.00,13,10.59,5.78,5.88,14.80
481621,3.91,0.00,2,14.36,13.36,8,14.65,190,0.46,0.47,742,0.00,1.00,1,0.5000,16.00,111,0,0.00,13,10.59,5.78,5.88,14.90
481725,3.12,0.00,2,14.36,13.36,8,14.65,190,0.46,0.46,748,0.00,1.00,1,0.5000,16.00,111,0,0.00,13,10.59,5.75,5.88,14.90
481829,3.12,0.00,2,14.36,13.36,8,14.66,190,0.46,0.45,761,0.00,1.00,1,0.5000,15.50,111,0,0.00,13,10.59,5.69,5.49,14.80
481933,3.12,1.56,1,14.36,13.60,8,14.66,190,0.45,0.43,776,0.00,1.05,1,0.5000,15.00,111,0,0.00,13,10.59,5.53,4.71,14.70
482037,3.91,1.56,1,14.36,13.52,8,14.67,190,0.42,0.39,815,0.00,1.07,1,0.5000,12.00,111,0,0.00,13,10.16,5.08,4.71,14.80
482141,3.91,1.56,1,14.36,13.44,8,14.68,190,0.42,0.38,804,0.00,1.00,1,0.5000,13.50,111,0,0.00,13,10.01,5.21,5.10,14.70
482245,3.91,0.00,2,14.36,13.36,8,14.68,190,0.43,0.45,759,0.00,1.00,1,0.5000,16.50,111,0,0.00,13,10.16,5.66,5.88,14.80
482349,4.69,0.00,2,14.36,13.36,8,14.67,190,0.44,0.48,744,0.00,0.93,1,0.5000,16.50,111,0,0.00,13,10.45,5.91,5.88,14.80
482453,4.69,0.00,2,14.36,13.20,8,14.66,190,0.46,0.49,727,0.00,0.94,1,0.5000,17.00,111,0,0.00,13,10.45,5.91,5.88,14.90
482557,5.47,0.00,2,14.36,13.28,8,14.66,190,0.46,0.48,736,0.00,1.00,1,0.5000,16.50,111,0,0.00,13,10.45,5.78,5.49,15.00
482661,6.25,0.00,2,14.36,13.28,8,14.66,190,0.46,0.46,746,0.00,1.00,1,0.5000,16.50,111,0,0.00,13,10.45,5.75,5.49,15.30
482766,5.47,0.00,2,14.36,13.60,8,14.66,190,0.46,0.45,774,0.00,1.00,1,0.5000,15.50,111,0,0.00,13,10.30,5.75,5.49,15.20
482869,4.69,1.56,1,14.36,13.52,8,14.66,190,0.44,0.43,792,0.00,1.06,1,0.5000,14.50,111,0,0.00,13,10.16,5.43,4.71,15.20
482974,4.69,1.56,1,14.36,13.44,8,14.67,190,0.42,0.40,800,0.00,1.05,1,0.5000,14.00,111,0,0.00,13,9.87,5.24,4.71,14.70
483077,3.91,1.56,1,14.36,13.44,8,14.68,190,0.41,0.39,809,0.00,1.00,1,0.5000,14.00,111,0,0.00,13,9.72,5.24,4.71,14.20
483182,3.91,1.56,1,14.36,13.44,8,14.69,190,0.41,0.40,792,0.00,1.00,1,0.5000,16.00,111,0,0.00,13,9.43,5.27,4.71,14.40
483285,3.91,1.56,1,14.36,13.60,8,14.69,190,0.41,0.40,795,0.00,1.00,1,0.5000,16.00,111,0,0.00,13,9.43,5.33,5.10,14.30
483389,3.91,1.56,1,14.36,13.44,8,14.69,190,0.41,0.41,782,0.00,1.00,1,0.5000,16.50,111,0,0.00,13,9.43,5.40,5.10,14.30
483493,3.91,1.56,1,14.36,13.44,8,14.68,190,0.42,0.43,764,0.00,1.00,1,0.5000,17.00,111,0,0.00,13,9.29,5.43,5.10,14.30
483597,3.12,1.56,1,14.36,13.44,8,14.68,190,0.42,0.43,760,0.00,1.00,1,0.5000,16.50,111,0,0.00,13,9.29,5.46,4.71,14.30
483701,3.12,1.56,1,14.36,13.36,8,14.68,190,0.43,0.43,748,0.00,1.00,1,0.5000,17.00,111,0,0.00,13,9.43,5.40,5.10,14.20
483805,2.34,1.56,1,14.36,13.36,8,14.68,190,0.43,0.45,722,0.00,1.00,1,0.5000,19.00,111,0,0.00,13,9.43,5.40,4.71,14.30
483909,2.34,0.00,2,14.36,13.04,8,14.67,190,0.46,0.50,695,0.00,0.89,1,0.5000,21.00,111,0,0.00,13,9.87,6.07,6.27,14.20
484013,1.56,0.00,2,14.36,13.04,8,14.66,190,0.48,0.53,684,0.00,0.92,1,0.5000,20.50,111,0,0.00,13,10.16,5.91,5.88,14.20
484117,1.56,0.00,2,14.36,12.88,8,14.65,190,0.48,0.51,694,0.00,0.99,0,0.5000,19.50,111,0,0.00,13,10.45,5.85,5.88,14.10
484221,1.56,1.56,2,14.36,13.04,8,14.64,190,0.48,0.49,720,0.00,1.00,0,0.5000,17.00,111,0,0.00,13,10.45,5.72,5.10,14.10
484325,0.78,1.56,1,14.36,13.36,8,14.65,190,0.46,0.43,760,0.00,1.06,0,0.5000,16.00,111,0,0.00,13,10.16,5.30,4.71,14.00
484429,0.00,1.56,1,14.36,13.60,8,14.66,190,0.44,0.41,776,0.00,1.06,0,0.5000,15.50,111,0,0.00,13,9.87,5.30,4.71,14.00
484534,0.00,1.56,1,14.36,13.44,8,14.67,190,0.43,0.40,783,0.00,1.00,0,0.5000,15.50,111,0,0.00,13,9.72,5.27,5.10,13.90
484637,-0.78,1.56,1,14.36,13.52,8,14.67,190,0.42,0.40,798,0.00,1.00,0,0.5000,14.00,111,0,0.00,13,9.43,5.33,5.10,13.90
484741,-0.78,1.56,1,14.36,13.44,8,14.68,190,0.41,0.39,835,0.00,1.00,0,0.5000,12.00,111,0,0.00,13,9.29,5.37,5.10,13.90
484846,-0.78,1.56,1,14.36,13.44,8,14.67,190,0.40,0.38,852,0.00,1.00,0,0.5000,12.00,111,0,0.00,13,9.14,5.40,5.10,13.90
484949,-1.56,1.56,1,14.36,13.52,8,14.67,190,0.38,0.36,899,0.00,1.00,0,0.5000,12.00,111,0,0.00,13,9.14,5.49,5.10,14.00
485053,-1.56,1.56,1,14.36,13.52,8,14.66,190,0.37,0.35,932,0.00,1.00,0,0.5000,12.00,111,0,0.00,13,9.00,5.49,5.10,14.10
485157,-1.56,1.56,1,14.36,13.60,8,14.65,190,0.36,0.34,971,0.00,1.00,0,0.5000,12.00,111,0,0.00,13,8.71,5.49,5.10,14.20
485261,-1.56,1.56,1,14.36,13.60,8,14.65,190,0.35,0.33,1020,0.00,1.00,0,0.5000,12.00,111,0,0.00,13,8.56,5.56,5.10,14.30
485365,-1.56,1.56,1,14.36,13.52,8,14.64,190,0.34,0.32,1045,0.00,1.00,0,0.5000,12.00,111,0,0.00,13,8.27,5.56,5.10,14.30
485470,-0.78,1.56,1,14.36,13.60,8,14.64,190,0.33,0.31,1059,0.00,1.00,0,0.5000,12.00,111,0,0.00,13,8.13,5.49,5.10,14.40
485573,0.00,1.56,1,14.36,13.52,8,14.63,190,0.31,0.30,1056,0.00,1.00,0,0.5000,12.00,111,0,0.00,13,7.69,5.14,4.31,14.30
485678,0.00,1.56,1,14.36,13.52,8,14.63,190,0.30,0.28,1053,0.00,1.00,0,0.5000,12.00,111,0,0.00,13,7.40,4.99,4.71,15.20
485781,0.00,1.56,1,14.36,13.52,8,14.64,190,0.30,0.28,1058,0.00,1.00,0,0.5000,12.00,111,0,0.00,13,7.25,5.05,4.71,14.80
485886,0.00,1.56,1,14.36,13.52,8,14.64,190,0.30,0.29,1036,0.00,1.00,0,0.5000,12.00,111,0,0.00,13,7.11,5.05,4.71,15.00
485989,0.00,1.56,1,14.36,13.60,8,14.65,190,0.30,0.30,1003,0.00,1.00,0,0.5000,13.50,111,0,0.00,13,6.96,4.99,4.71,15.00
486094,0.00,1.56,1,14.36,13.60,8,14.65,190,0.30,0.30,982,0.00,1.00,0,0.5000,16.00,111,0,0.00,13,6.96,4.99,4.71,14.80
486197,0.00,1.56,1,14.36,13.36,8,14.65,190,0.30,0.31,985,0.00,1.00,0,0.5000,16.00,111,0,0.00,13,6.96,5.11,4.71,14.80
486302,0.00,1.56,1,14.36,13.60,8,14.66,190,0.31,0.32,967,0.00,1.00,0,0.5000,16.50,111,0,0.00,13,7.11,5.17,4.71,14.80
486405,-0.78,1.56,1,14.36,13.44,8,14.66,190,0.31,0.33,952,0.00,1.00,0,0.5000,17.00,111,0,0.00,13,7.11,5.17,4.71,15.00
486510,-1.56,1.56,1,14.36,13.52,8,14.66,190,0.32,0.32,953,0.00,1.00,0,0.5000,17.00,111,0,0.00,13,7.11,5.11,4.71,14.50
486613,-1.56,1.56,1,14.36,13.60,8,14.66,190,0.32,0.32,949,0.00,1.00,0,0.5000,17.00,111,0,0.00,13,7.11,5.05,4.71,14.40
486718,-2.34,1.56,1,14.36,13.60,8,14.66,190,0.32,0.32,932,0.00,1.00,0,0.5000,17.50,111,0,0.00,13,7.11,4.96,4.71,14.40
486822,-2.34,1.56,1,14.36,13.52,8,14.66,190,0.31,0.32,939,0.00,1.00,0,0.5000,17.00,111,0,0.00,13,7.11,4.93,4.71,14.30
486926,-3.12,1.56,1,14.36,13.52,8,14.66,190,0.31,0.31,930,0.00,1.00,0,0.5000,17.50,111,0,0.00,13,7.11,4.87,4.71,14.20
487030,-3.91,1.56,1,14.36,13.52,8,14.66,190,0.31,0.31,926,0.00,1.00,0,0.5000,17.50,111,0,0.00,13,7.11,4.84,4.71,14.10
487134,-4.69,1.56,1,14.36,13.60,8,14.67,190,0.31,0.31,927,0.00,1.00,0,0.5000,17.00,111,0,0.00,13,7.11,4.77,4.31,14.00
487237,-4.69,1.56,1,14.36,13.60,8,14.67,190,0.31,0.31,910,0.00,1.00,0,0.5000,18.50,111,0,0.00,13,7.11,4.74,4.31,14.00
487342,-5.47,1.56,1,14.36,13.52,8,14.67,190,0.31,0.31,909,0.00,1.00,0,0.5000,18.00,111,0,0.00,13,7.11,4.74,4.31,14.00
487445,-5.47,1.56,1,14.36,13.52,8,14.67,190,0.31,0.31,897,0.00,1.00,0,0.5000,19.00,111,0,0.00,13,7.11,4.68,4.31,13.90
487550,-6.25,1.56,1,14.36,13.52,8,14.68,190,0.31,0.32,888,0.00,1.00,0,0.5000,19.50,111,0,0.00,13,7.11,4.68,4.31,13.90
487653,-6.25,1.56,1,14.36,13.52,8,14.68,190,0.31,0.32,874,0.00,1.00,0,0.5000,20.50,111,0,0.00,13,7.11,4.63,4.31,13.90
487758,-6.25,1.56,1,14.36,13.60,8,14.68,190,0.31,0.32,878,0.00,1.00,0,0.5000,19.50,111,0,0.00,13,7.11,4.63,4.31,13.90
487862,-7.03,1.56,1,14.36,13.60,8,14.68,190,0.31,0.32,864,0.00,1.00,0,0.5000,20.50,111,0,0.00,13,7.11,4.57,4.31,14.00
487966,-7.03,1.56,1,14.36,13.52,8,14.68,190,0.31,0.32,866,0.00,1.00,0,0.5000,20.00,111,0,0.00,13,7.11,4.57,4.31,14.10
488070,-7.03,1.56,1,14.36,13.52,8,14.68,190,0.31,0.32,844,0.00,1.00,0,0.5000,21.00,111,0,0.00,13,7.25,4.52,4.31,14.10
488174,-7.03,1.56,1,14.36,13.60,8,14.68,190,0.31,0.32,844,0.00,1.00,0,0.5000,20.50,111,0,0.00,13,7.25,4.52,4.31,14.20
488278,-7.03,1.56,1,14.36,13.60,8,14.68,190,0.32,0.33,830,0.00,1.00,0,0.5000,21.00,111,0,0.00,13,7.25,4.46,4.31,14.20
488382,-7.03,1.56,1,14.36,13.52,8,14.69,190,0.32,0.32,833,0.00,1.00,0,0.5000,20.50,111,0,0.00,13,7.25,4.46,4.31,14.40
488486,-7.03,1.56,1,14.36,13.52,8,14.69,190,0.32,0.33,812,0.00,1.00,0,0.5000,21.50,111,0,0.00,13,7.40,4.46,4.31,14.40
488590,-7.03,1.56,1,14.36,13.52,8,14.69,190,0.32,0.33,812,0.00,1.00,0,0.5000,21.00,111,0,0.00,13,7.40,4.46,4.31,14.40
488693,-7.03,1.56,1,14.36,13.60,8,14.69,190,0.32,0.33,804,0.00,1.00,0,0.5000,21.50,111,0,0.00,13,7.55,4.43,4.31,14.50
488798,-7.03,1.56,1,14.36,13.52,8,14.69,190,0.32,0.33,794,0.00,1.00,0,0.5000,21.50,113,0,0.00,13,7.55,4.41,4.31,14.50
488902,-6.25,1.56,1,14.36,13.44,8,14.69,190,0.32,0.33,796,0.00,1.00,0,0.5000,21.00,113,0,0.00,13,7.55,4.41,4.31,14.60
489006,-6.25,1.56,1,14.36,13.68,8,14.69,190,0.33,0.33,786,0.00,1.00,0,0.5000,21.00,113,0,0.00,13,7.55,4.41,4.31,14.50
489109,-6.25,1.56,1,14.36,13.52,8,14.69,190,0.33,0.34,788,0.00,1.00,0,0.5000,21.00,113,0,0.00,13,7.69,4.41,4.31,14.90
489214,-6.25,1.56,1,14.36,13.52,8,14.69,190,0.33,0.33,793,0.00,1.00,0,0.5000,20.00,113,0,0.00,13,7.69,4.41,4.31,14.80
489318,-5.47,1.56,1,14.36,13.52,8,14.69,190,0.33,0.34,779,0.00,1.00,0,0.5000,20.50,113,0,0.00,13,7.69,4.41,4.31,14.80
489422,-5.47,1.56,1,14.36,13.60,8,14.69,190,0.33,0.34,790,0.00,1.00,0,0.5000,19.50,113,0,0.00,13,7.84,4.46,4.31,14.80
489525,-5.47,1.56,1,14.36,13.52,8,14.69,190,0.33,0.34,795,0.00,1.00,0,0.5000,18.50,113,0,0.00,13,7.84,4.52,4.31,14.90
489630,-4.69,1.56,1,14.36,13.44,8,14.69,190,0.34,0.35,784,0.00,1.00,0,0.5000,19.50,113,0,0.00,13,7.98,4.55,4.31,15.00
489734,-4.69,1.56,1,14.36,13.60,8,14.69,190,0.34,0.35,783,0.00,1.00,0,0.5000,19.00,113,0,0.00,13,7.98,4.55,4.31,15.10
489838,-3.91,1.56,1,14.36,13.52,8,14.69,190,0.34,0.35,790,0.00,1.00,0,0.5000,18.00,113,0,0.00,13,7.98,4.52,4.31,15.30
489942,-3.91,1.56,1,14.36,13.52,8,14.69,190,0.34,0.35,786,0.00,1.00,0,0.5000,18.00,113,0,0.00,13,7.98,4.57,4.71,15.20
490046,-3.12,1.56,1,14.36,13.44,8,14.69,190,0.34,0.34,797,0.00,1.00,0,0.5000,17.00,113,0,0.00,13,7.98,4.57,4.71,15.30
490150,-2.34,1.56,1,14.36,13.52,8,14.69,190,0.34,0.35,796,0.00,1.00,0,0.5000,17.00,113,0,0.00,13,8.13,4.63,4.71,15.50
490254,-2.34,1.56,1,14.36,13.52,8,14.69,190,0.34,0.35,818,0.00,1.00,0,0.5000,17.00,113,0,0.00,13,8.13,4.66,4.71,15.50
490358,-2.34,1.56,1,14.36,13.52,8,14.69,190,0.34,0.34,814,0.00,1.00,0,0.5000,17.00,113,0,0.00,13,8.13,4.66,4.71,15.50
490462,-2.34,1.56,1,14.36,13.52,8,14.68,190,0.34,0.34,822,0.00,1.00,0,0.5000,16.50,113,0,0.00,13,7.98,4.68,4.71,15.40
490566,-1.56,1.56,1,14.36,13.60,8,14.68,190,0.34,0.33,844,0.00,1.00,0,0.5000,16.00,113,0,0.00,13,7.98,4.68,4.71,15.50
490670,-1.56,1.56,1,14.36,13.52,8,14.68,190,0.33,0.33,846,0.00,1.00,0,0.5000,16.00,113,0,0.00,13,7.84,4.68,4.71,15.40
490774,-1.56,1.56,1,14.36,13.44,8,14.68,190,0.33,0.33,863,0.00,1.00,0,0.5000,14.50,113,0,0.00,13,7.84,4.68,4.71,15.30
490878,-1.56,1.56,1,14.36,13.44,8,14.68,190,0.33,0.33,862,0.00,1.00,0,0.5000,15.00,113,0,0.00,13,7.84,4.68,4.71,15.20
490982,-1.56,1.56,1,14.36,13.52,8,14.68,190,0.32,0.32,876,0.00,1.00,0,0.5000,14.00,113,0,0.00,13,7.69,4.74,4.71,15.20
491086,-1.56,1.56,1,14.36,13.60,8,14.68,190,0.32,0.33,867,0.00,1.00,0,0.5000,15.50,113,0,0.00,13,7.69,4.74,4.71,15.10
491190,-1.56,1.56,1,14.36,13.52,8,14.68,190,0.32,0.33,874,0.00,1.00,0,0.5000,15.00,113,0,0.00,13,7.69,4.77,4.71,15.10
491294,-1.56,1.56,1,14.36,13.52,8,14.68,190,0.32,0.33,870,0.00,1.00,0,0.5000,16.00,113,0,0.00,13,7.69,4.74,4.71,15.00
491398,-1.56,1.56,1,14.36,13.52,8,14.68,190,0.32,0.32,876,0.00,1.00,0,0.5000,15.50,113,0,0.00,13,7.55,4.74,4.71,14.70
491502,-1.56,1.56,1,14.36,13.60,8,14.68,190,0.32,0.33,868,0.00,1.00,0,0.5000,16.00,113,0,0.00,13,7.55,4.74,4.71,14.80
491606,-1.56,1.56,1,14.36,13.52,8,14.68,190,0.32,0.33,877,0.00,1.00,0,0.5000,16.00,113,0,0.00,13,7.55,4.74,4.71,14.70
491710,-1.56,1.56,1,14.36,13.60,8,14.67,190,0.32,0.32,875,0.00,1.00,0,0.5000,16.00,113,0,0.00,13,7.55,4.74,4.71,14.80
491814,-1.56,1.56,1,14.36,13.52,8,14.67,190,0.32,0.32,891,0.00,1.00,0,0.5000,15.00,113,0,0.00,13,7.55,4.80,4.71,14.70
491918,-1.56,1.56,1,14.36,13.52,8,14.67,190,0.32,0.32,885,0.00,1.00,0,0.5000,16.00,113,0,0.00,13,7.55,4.74,4.71,14.70
492022,-1.56,1.56,1,14.36,13.60,8,14.67,190,0.32,0.32,885,0.00,1.00,0,0.5000,16.00,113,0,0.00,13,7.55,4.74,4.71,14.60
492126,-1.56,1.56,1,14.36,13.60,8,14.68,190,0.32,0.32,888,0.00,1.00,0,0.5000,16.00,113,0,0.00,13,7.40,4.74,4.71,14.70
492230,-2.34,1.56,1,14.36,13.60,8,14.67,190,0.32,0.32,881,0.00,1.00,0,0.5000,16.50,113,0,0.00,13,7.40,4.68,4.71,14.70
492334,-2.34,1.56,1,14.36,13.60,8,14.68,190,0.32,0.32,890,0.00,1.00,0,0.5000,16.00,113,0,0.00,13,7.40,4.68,4.71,14.60
492438,-2.34,1.56,1,14.36,13.52,8,14.67,190,0.31,0.32,884,0.00,1.00,0,0.5000,16.50,113,0,0.00,13,7.40,4.68,4.71,14.60
492542,-2.34,1.56,1,14.36,13.60,8,14.67,190,0.31,0.32,890,0.00,1.00,0,0.5000,16.50,113,0,0.00,13,7.40,4.68,4.71,14.60
492646,-2.34,1.56,1,14.36,13.60,8,14.67,190,0.31,0.32,883,0.00,1.00,0,0.5000,16.50,113,0,0.00,13,7.40,4.68,4.71,14.50
492750,-2.34,1.56,1,14.36,13.52,8,14.68,190,0.31,0.32,880,0.00,1.00,0,0.5000,16.50,113,0,0.00,13,7.40,4.68,4.71,14.50
492854,-3.12,1.56,1,14.36,13.52,8,14.67,190,0.32,0.32,873,0.00,1.00,0,0.5000,17.00,113,0,0.00,13,7.40,4.68,4.71,14.50
492958,-3.12,1.56,1,14.36,13.44,8,14.68,190,0.32,0.32,876,0.00,1.00,0,0.5000,17.00,113,0,0.00,13,7.40,4.68,4.71,14.40
493062,-3.12,1.56,1,14.36,13.36,8,14.68,190,0.32,0.32,860,0.00,1.00,0,0.5000,17.00,113,0,0.00,13,7.40,4.63,4.71,14.50
493166,-2.34,1.56,1,14.36,13.44,8,14.68,190,0.32,0.32,871,0.00,1.00,0,0.5000,17.00,113,0,0.00,13,7.40,4.57,4.71,14.40
493270,-3.12,1.56,1,14.36,13.52,8,14.68,190,0.32,0.32,854,0.00,1.00,0,0.5000,17.00,113,0,0.00,13,7.40,4.60,4.71,14.50
493375,-3.12,1.56,1,14.36,13.52,8,14.68,190,0.32,0.32,856,0.00,1.00,0,0.5000,17.00,113,0,0.00,13,7.55,4.63,4.71,14.50
493478,-3.12,1.56,1,14.36,13.52,8,14.68,190,0.32,0.33,842,0.00,1.00,0,0.5000,17.50,113,0,0.00,13,7.55,4.60,4.31,14.50
493582,-3.12,1.56,1,14.36,13.44,8,14.68,190,0.32,0.32,854,0.00,1.00,0,0.5000,17.00,113,0,0.00,13,7.55,4.57,4.71,14.50
493686,-3.12,1.56,1,14.36,13.52,8,14.69,190,0.32,0.34,829,0.00,1.00,0,0.5000,18.50,113,0,0.00,13,7.55,4.63,4.31,14.50
493790,-3.12,1.56,1,14.36,13.60,8,14.69,190,0.33,0.34,814,0.00,1.00,0,0.5000,19.50,113,0,0.00,13,7.55,4.57,4.31,14.50
493894,-2.34,1.56,1,14.36,13.52,8,14.69,190,0.33,0.34,804,0.00,1.00,0,0.5000,10.00,113,0,0.00,13,7.69,4.57,4.31,14.60
493998,-2.34,1.56,1,14.36,13.52,8,14.69,190,0.31,0.30,821,0.00,1.00,0,0.5000,10.00,113,0,0.00,13,7.40,3.92,3.14,15.00
494102,-2.34,1.56,1,14.36,13.52,8,14.69,190,0.30,0.28,828,0.00,1.00,0,0.5000,10.00,113,0,0.00,13,7.11,3.81,3.53,14.70
494206,-2.34,1.56,1,14.36,13.52,8,14.69,190,0.29,0.29,810,0.00,1.00,0,0.5000,10.00,113,0,0.00,13,6.96,3.86,3.53,14.90
494310,-2.34,1.56,1,14.36,13.68,8,14.68,190,0.29,0.28,834,0.00,1.00,0,0.5000,17.00,113,0,0.00,13,6.96,3.92,3.53,14.80
494414,-3.12,1.56,1,14.36,13.60,8,14.68,190,0.28,0.28,853,0.00,1.00,0,0.5000,16.50,113,0,0.00,13,6.96,3.92,3.53,14.80
494518,-3.12,1.56,1,14.36,13.68,8,14.68,190,0.27,0.27,876,0.00,1.00,0,0.5000,16.00,113,0,0.00,13,6.82,3.86,3.53,14.90
494622,-3.91,1.56,1,14.36,13.60,8,14.67,190,0.27,0.26,883,0.00,1.00,0,0.5000,15.50,113,0,0.00,13,6.67,3.81,3.53,14.50
494726,-3.91,1.56,1,14.36,13.52,8,14.67,190,0.26,0.25,904,0.00,1.00,0,0.5000,14.00,113,0,0.00,13,6.53,3.81,3.53,14.50
494830,-3.91,1.56,1,14.36,13.60,8,14.67,190,0.26,0.25,893,0.00,1.00,0,0.5000,15.50,113,0,0.00,13,6.53,3.74,3.53,14.40
494934,-3.91,1.56,1,14.36,13.20,8,14.67,190,0.25,0.25,908,0.00,1.00,0,0.5000,14.00,113,0,0.00,13,6.38,3.76,3.53,14.40
495039,-3.91,1.56,1,14.36,13.68,8,14.67,190,0.25,0.25,889,0.00,1.00,0,0.5000,16.00,113,0,0.00,13,6.24,3.76,3.14,14.40
495142,-4.69,1.56,1,14.36,13.52,8,14.67,190,0.25,0.25,896,0.00,1.00,0,0.5000,16.00,113,0,0.00,13,6.24,3.71,3.53,14.50
495246,-3.91,1.56,1,14.36,13.60,8,14.68,190,0.25,0.25,874,0.00,1.00,0,0.5000,17.00,113,0,0.00,13,6.24,3.66,3.14,14.40
495350,-3.91,1.56,1,14.36,13.52,8,14.68,190,0.25,0.25,872,0.00,1.00,0,0.5000,17.00,113,0,0.00,13,6.24,3.62,3.14,14.40
495454,-3.91,1.56,1,14.36,13.52,8,14.68,190,0.25,0.25,860,0.00,1.00,0,0.5000,17.00,113,0,0.00,13,6.09,3.62,3.14,14.40
495558,-4.69,1.56,1,14.36,13.52,8,14.69,190,0.25,0.26,846,0.00,1.00,0,0.5000,17.50,113,0,0.00,13,6.09,3.62,3.14,14.40
495662,-4.69,1.56,1,14.36,13.44,8,14.69,190,0.25,0.26,824,0.00,1.00,0,0.5000,19.50,113,0,0.00,13,6.09,3.57,3.14,14.50
495766,-4.69,1.56,1,14.36,13.52,8,14.69,190,0.25,0.26,812,0.00,1.00,0,0.5000,20.00,113,0,0.00,13,6.09,3.57,3.14,14.50
495870,-4.69,1.56,1,14.36,13.44,8,14.69,190,0.25,0.26,799,0.00,1.00,0,0.5000,20.50,113,0,0.00,13,6.24,3.52,3.14,14.50
495974,-4.69,1.56,1,14.36,13.60,8,14.69,190,0.25,0.26,798,0.00,1.00,0,0.5000,20.50,113,0,0.00,13,6.24,3.49,3.14,14.40
496078,-4.69,1.56,1,14.36,13.60,8,14.69,190,0.25,0.26,790,0.00,1.00,0,0.5000,20.50,113,0,0.00,13,6.24,3.47,3.14,14.40
496182,-5.47,1.56,1,14.36,13.52,8,14.69,190,0.25,0.27,778,0.00,1.00,0,0.5000,21.00,113,0,0.00,13,6.24,3.44,3.14,14.50
496286,-5.47,1.56,1,14.36,13.52,8,14.69,190,0.25,0.26,782,0.00,1.00,0,0.5000,20.50,113,0,0.00,13,6.24,3.42,3.14,14.50
496391,-5.47,1.56,1,14.36,13.52,8,14.69,190,0.25,0.26,777,0.00,1.00,0,0.5000,20.50,113,0,0.00,13,6.38,3.40,3.14,14.40
496494,-5.47,1.56,1,14.36,13.60,8,14.69,190,0.25,0.27,758,0.00,1.00,0,0.5000,21.50,113,0,0.00,13,6.38,3.38,3.14,14.40
496598,-6.25,1.56,1,14.36,13.68,8,14.69,190,0.26,0.27,761,0.00,1.00,0,0.5000,21.00,113,0,0.00,13,6.38,3.38,3.14,14.40
496703,-6.25,0.78,1,14.36,13.52,8,14.69,190,0.26,0.27,757,0.00,1.00,0,0.5000,21.00,113,0,0.00,13,6.38,3.33,3.14,14.40
496806,-6.25,0.78,1,14.36,13.52,8,14.69,190,0.26,0.27,746,0.00,1.00,0,0.5000,21.00,113,0,0.00,13,6.38,3.33,3.14,14.40
496911,-6.25,0.78,1,14.36,13.52,8,14.69,190,0.26,0.27,748,0.00,1.00,0,0.5000,21.00,113,0,0.00,13,6.53,3.33,3.14,14.30
497014,-6.25,0.78,1,14.36,13.52,8,14.69,190,0.26,0.27,732,0.00,1.00,0,0.5000,21.50,113,0,0.00,13,6.53,3.29,3.14,14.50
497119,-6.25,0.78,1,14.36,13.60,8,14.69,190,0.26,0.27,727,0.00,1.00,0,0.5000,21.50,113,0,0.00,13,6.53,3.29,3.14,14.50
497222,-6.25,0.78,1,14.36,13.60,8,14.69,190,0.26,0.27,732,0.00,1.00,0,0.5000,21.00,113,0,0.00,13,6.53,3.29,3.14,14.50
497327,-6.25,0.78,1,14.36,13.60,8,14.69,190,0.26,0.27,725,0.00,1.00,0,0.5000,21.00,113,0,0.00,13,6.53,3.24,3.14,14.40
497431,-6.25,0.78,1,14.36,13.52,8,14.69,190,0.26,0.27,725,0.00,1.00,0,0.5000,20.50,113,0,0.00,13,6.67,3.24,3.14,14.50
497535,-6.25,0.78,1,14.36,13.52,8,14.69,190,0.26,0.27,705,0.00,1.00,0,0.5000,21.50,113,0,0.00,13,6.67,3.24,3.14,14.50
497639,-6.25,0.78,1,14.36,13.52,8,14.69,190,0.26,0.27,704,0.00,1.00,0,0.5000,21.50,113,0,0.00,13,6.67,3.20,3.14,14.60
497742,-6.25,0.78,1,14.36,13.60,8,14.69,190,0.26,0.27,706,0.00,1.00,0,0.5000,21.00,113,0,0.00,13,6.82,3.20,3.14,14.50
497847,-6.25,0.78,1,14.36,13.52,8,14.69,190,0.26,0.27,713,0.00,1.00,0,0.5000,20.00,113,0,0.00,13,6.82,3.20,3.14,14.60
497951,-6.25,0.78,1,14.36,13.60,8,14.69,190,0.26,0.27,718,0.00,1.00,0,0.5000,19.50,113,0,0.00,13,6.82,3.20,3.14,14.60
498054,-6.25,0.78,1,14.36,13.52,8,14.69,190,0.26,0.27,706,0.00,1.00,0,0.5000,20.00,113,0,0.00,13,6.82,3.22,3.14,14.80
498159,-5.47,0.78,1,14.36,13.52,8,14.69,190,0.26,0.27,708,0.00,1.00,0,0.5000,19.50,113,0,0.00,13,6.96,3.24,3.14,14.80
498263,-5.47,0.78,1,14.36,13.52,8,14.69,190,0.26,0.27,716,0.00,1.00,0,0.5000,18.00,113,0,0.00,13,6.96,3.24,3.14,14.80
498367,-5.47,0.78,1,14.36,13.52,8,14.69,190,0.27,0.28,701,0.00,1.00,0,0.5000,19.50,113,0,0.00,13,6.96,3.26,3.14,14.90
498471,-4.69,0.78,1,14.36,13.52,8,14.69,190,0.27,0.28,690,0.00,1.00,0,0.5000,20.00,113,0,0.00,13,7.11,3.29,3.14,15.00
498575,-4.69,0.78,1,14.36,13.52,8,14.69,190,0.27,0.28,696,0.00,1.00,0,0.5000,19.00,113,0,0.00,13,7.11,3.29,3.14,15.00
498679,-3.91,0.78,1,14.36,13.52,8,14.69,190,0.27,0.28,694,0.00,1.00,0,0.5000,19.00,113,0,0.00,13,7.25,3.29,3.53,15.10
498783,-3.91,0.78,1,14.36,13.52,8,14.69,190,0.27,0.28,706,0.00,1.00,0,0.5000,17.50,113,0,0.00,13,7.25,3.33,3.53,15.30
498887,-3.12,0.78,1,14.36,13.60,8,14.69,190,0.27,0.28,707,0.00,1.00,0,0.5000,17.50,113,0,0.00,13,7.40,3.33,3.53,15.30
498991,-2.34,0.78,1,14.36,13.60,8,14.69,190,0.27,0.28,717,0.00,1.00,0,0.5000,17.00,113,0,0.00,13,7.25,3.33,3.53,15.40
499095,-1.56,0.78,1,14.36,13.52,8,14.69,190,0.27,0.28,715,0.00,1.00,0,0.5000,17.00,113,0,0.00,13,7.40,3.33,3.53,15.80
499199,-0.78,0.78,1,14.36,13.52,8,14.69,190,0.27,0.28,728,0.00,1.00,0,0.5000,17.00,113,0,0.00,13,7.40,3.38,3.53,15.70
499303,0.00,0.78,1,14.36,13.60,8,14.69,190,0.27,0.27,744,0.00,1.00,0,0.5000,16.50,113,0,0.00,13,7.25,3.38,3.53,15.80
499407,0.78,0.78,1,14.36,13.52,8,14.69,190,0.27,0.27,745,0.00,1.00,0,0.5000,16.50,113,0,0.00,13,7.25,3.38,3.53,15.90
499511,0.78,0.78,1,14.36,13.68,8,14.69,190,0.27,0.27,761,0.00,1.00,0,0.5000,16.00,113,0,0.00,13,7.25,3.40,3.53,16.00
499615,1.56,0.78,1,14.36,13.52,8,14.69,190,0.26,0.26,785,0.00,1.00,0,0.5000,13.50,113,0,0.00,13,7.11,3.42,3.53,15.90
499719,2.34,0.78,1,14.36,13.36,8,14.69,190,0.26,0.27,764,0.00,1.00,0,0.5000,16.00,113,0,0.00,13,7.11,3.42,3.53,16.10
499823,3.12,0.78,1,14.36,13.68,8,14.69,190,0.26,0.27,784,0.00,1.00,0,0.5000,14.50,113,0,0.00,13,7.11,3.47,3.53,16.00
499927,3.12,0.78,1,14.36,13.52,8,14.69,190,0.26,0.26,793,0.00,1.00,0,0.5000,14.00,113,0,0.00,13,7.11,3.47,3.53,16.00
500030,3.91,0.78,1,14.36,13.60,8,14.69,190,0.26,0.27,786,0.00,1.00,0,0.5000,15.50,113,0,0.00,13,6.96,3.52,3.53,15.90
500135,3.91,0.78,1,14.36,13.52,8,14.69,190,0.26,0.27,796,0.00,1.00,0,0.5000,14.50,113,0,0.00,13,6.96,3.52,3.53,15.90
500239,4.69,0.78,1,14.36,13.52,8,14.69,190,0.26,0.26,790,0.00,1.00,0,0.5000,15.50,113,0,0.00,13,6.96,3.52,3.53,15.90
500343,5.47,0.78,1,14.36,13.60,8,14.69,190,0.26,0.27,798,0.00,1.00,0,0.5000,15.00,113,0,0.00,13,6.96,3.52,3.53,16.00
500447,5.47,0.78,1,14.36,13.60,8,14.69,190,0.26,0.27,804,0.00,1.00,0,0.5000,15.00,113,0,0.00,13,6.96,3.57,3.53,15.70
500550,5.47,0.78,1,14.36,13.60,8,14.69,190,0.26,0.27,798,0.00,1.00,0,0.5000,16.00,113,0,0.00,13,6.96,3.57,3.53,15.70
500655,6.25,0.78,1,14.36,13.60,8,14.69,190,0.26,0.26,824,0.00,1.00,0,0.5000,13.50,113,0,0.00,13,6.82,3.57,3.53,15.70
500759,6.25,0.78,1,14.36,13.60,8,14.69,190,0.26,0.26,820,0.00,1.00,0,0.5000,14.50,113,0,0.00,13,6.82,3.62,3.53,15.60
500863,6.25,0.78,1,14.36,13.52,8,14.69,190,0.26,0.26,832,0.00,1.00,0,0.5000,13.50,113,0,0.00,13,6.82,3.62,3.53,15.50
500966,6.25,0.78,1,14.36,13.52,8,14.69,190,0.26,0.26,836,0.00,1.00,0,0.5000,13.50,113,0,0.00,13,6.67,3.62,3.53,15.50
501071,6.25,0.78,1,14.36,13.60,8,14.68,190,0.26,0.26,829,0.00,1.00,0,0.5000,14.50,113,0,0.00,13,6.67,3.62,3.53,15.30
501175,6.25,0.78,1,14.36,13.60,8,14.68,190,0.25,0.26,843,0.00,1.00,0,0.5000,13.50,113,0,0.00,13,6.67,3.62,3.53,15.20
501279,6.25,0.78,1,14.36,13.60,8,14.69,190,0.25,0.26,832,0.00,1.00,0,0.5000,15.00,113,0,0.00,13,6.67,3.62,3.53,15.10
501382,6.25,0.78,1,14.36,13.52,8,14.69,190,0.25,0.26,836,0.00,1.00,0,0.5000,15.00,113,0,0.00,13,6.53,3.62,3.53,14.90
501487,5.47,0.78,1,14.36,13.60,8,14.68,190,0.25,0.26,831,0.00,1.00,0,0.5000,16.00,113,0,0.00,13,6.53,3.62,3.53,14.80
501591,5.47,0.78,1,14.36,13.68,8,14.69,190,0.25,0.26,839,0.00,1.00,0,0.5000,15.50,115,0,0.00,13,6.53,3.57,3.53,15.00
501695,5.47,0.78,1,14.36,13.60,8,14.68,190,0.25,0.25,832,0.00,1.00,0,0.5000,16.00,115,0,0.00,13,6.53,3.57,3.53,14.80
501799,5.47,0.78,1,14.36,13.60,8,14.68,190,0.25,0.26,846,0.00,1.00,0,0.5000,15.50,115,0,0.00,13,6.53,3.57,3.53,14.30
501904,4.69,0.78,1,14.36,13.52,8,14.69,190,0.25,0.25,842,0.00,1.00,0,0.5000,16.00,115,0,0.00,13,6.38,3.52,3.53,14.50
502007,4.69,0.78,1,14.36,13.52,8,14.69,190,0.25,0.26,826,0.00,1.00,0,0.5000,17.00,115,0,0.00,13,6.38,3.52,3.53,14.40
502111,4.69,0.78,1,14.36,13.12,8,14.69,190,0.25,0.25,834,0.00,1.00,0,0.5000,16.50,115,0,0.00,13,6.38,3.69,5.10,14.40
502215,3.91,0.78,1,14.36,13.52,8,14.69,190,0.28,0.32,802,0.00,0.88,0,0.5000,17.00,115,0,0.00,13,6.96,4.27,5.49,14.50
502319,3.91,0.78,1,14.36,13.60,8,14.69,190,0.29,0.35,798,0.00,0.87,0,0.5000,17.00,115,0,0.00,13,7.40,4.71,5.49,14.20
502424,3.91,0.78,1,14.36,13.52,8,14.68,190,0.31,0.35,827,0.00,1.00,0,0.5000,16.50,115,0,0.00,13,7.84,4.80,5.49,14.30
502527,3.91,0.78,1,14.36,13.52,8,14.68,190,0.32,0.35,837,0.00,0.99,0,0.5000,16.50,115,0,0.00,13,7.98,4.80,5.49,14.20
502632,4.69,0.78,1,14.36,13.52,8,14.69,190,0.33,0.35,828,0.00,0.99,0,0.5000,16.50,115,0,0.00,13,8.13,4.80,5.10,14.30
502735,4.69,0.78,1,14.36,13.60,8,14.69,190,0.33,0.35,808,0.00,0.99,0,0.5000,17.00,115,0,0.00,13,8.27,4.68,4.71,14.30
502839,5.47,0.78,1,14.36,13.60,8,14.69,190,0.33,0.34,838,0.00,0.99,0,0.5000,16.50,115,0,0.00,13,8.27,4.68,5.10,14.10
502943,6.25,0.78,1,14.36,13.44,8,14.68,190,0.33,0.33,850,0.00,0.99,0,0.5000,16.00,115,0,0.00,13,8.27,4.74,4.71,15.00
503047,7.03,0.78,1,14.36,13.52,8,14.68,190,0.33,0.33,873,0.00,1.00,0,0.5000,14.00,115,0,0.00,13,8.13,4.74,5.10,15.10
503151,7.03,0.78,1,14.36,13.44,8,14.67,190,0.32,0.32,888,0.00,1.00,0,0.5000,13.00,115,0,0.00,13,8.13,4.77,5.10,15.30
503259,7.03,1.56,1,14.36,13.60,8,14.67,190,0.32,0.32,912,0.00,1.00,0,0.5000,12.00,115,0,0.00,13,7.98,4.80,5.10,15.40
503360,7.03,1.56,1,14.36,13.60,8,14.67,190,0.32,0.32,904,0.00,1.00,0,0.5000,13.00,115,0,0.00,13,7.84,4.83,5.10,15.30
503466,7.03,1.56,1,14.36,13.44,8,14.67,190,0.32,0.31,913,0.00,1.00,0,0.5000,13.00,115,0,0.00,13,7.84,4.80,5.10,15.20
503570,6.25,1.56,1,14.36,13.44,8,14.67,190,0.32,0.32,924,0.00,1.00,0,0.5000,12.50,115,0,0.00,13,7.69,4.87,5.10,14.90
503674,6.25,1.56,1,14.36,13.44,8,14.66,190,0.31,0.32,922,0.00,1.00,0,0.5000,13.00,115,0,0.00,13,7.69,4.87,5.10,15.10
503779,6.25,1.56,1,14.36,13.52,8,14.66,190,0.31,0.31,941,0.00,1.00,0,0.5000,12.50,115,0,0.00,13,7.69,4.87,5.10,14.40
503882,5.47,1.56,1,14.36,13.60,8,14.66,190,0.31,0.31,938,0.00,1.00,0,0.5000,13.00,115,0,0.00,13,7.55,4.87,5.10,14.40
503987,5.47,1.56,1,14.36,13.60,8,14.66,190,0.31,0.31,934,0.00,1.00,0,0.5000,13.50,115,0,0.00,13,7.55,4.87,4.71,14.30
504090,4.69,1.56,1,14.36,13.52,8,14.66,190,0.31,0.31,940,0.00,1.00,0,0.5000,13.50,115,0,0.00,13,7.55,4.80,4.71,14.30
504195,4.69,1.56,1,14.36,13.52,8,14.66,190,0.31,0.31,932,0.00,1.00,0,0.5000,15.00,115,0,0.00,13,7.40,4.80,4.71,14.20
504298,3.91,1.56,1,14.36,13.52,8,14.66,190,0.31,0.30,937,0.00,1.00,0,0.5000,15.00,115,0,0.00,13,7.40,4.77,4.71,14.20
504402,3.91,1.56,1,14.36,13.60,8,14.66,190,0.30,0.30,942,0.00,1.00,0,0.5000,14.50,115,0,0.00,13,7.40,4.74,4.71,14.20
504507,3.91,1.56,1,14.36,13.52,8,14.66,190,0.30,0.31,931,0.00,1.00,0,0.5000,16.00,115,0,0.00,13,7.25,4.74,4.71,14.20
504610,3.12,1.56,1,14.36,13.52,8,14.66,190,0.30,0.30,934,0.00,1.00,0,0.5000,16.00,115,0,0.00,13,7.25,4.74,4.71,14.20
504714,3.12,1.56,1,14.36,13.52,8,14.66,190,0.30,0.30,924,0.00,1.00,0,0.5000,16.50,115,0,0.00,13,7.25,4.68,4.71,14.10
504818,2.34,1.56,1,14.36,13.52,8,14.66,190,0.30,0.30,924,0.00,1.00,0,0.5000,16.50,115,0,0.00,13,7.25,4.66,4.71,14.20
504922,2.34,1.56,1,14.36,13.60,8,14.67,190,0.30,0.30,929,0.00,1.00,0,0.5000,16.50,115,0,0.00,13,7.25,4.63,4.71,14.10
505026,2.34,1.56,1,14.36,13.52,8,14.66,190,0.30,0.30,922,0.00,1.00,0,0.5000,16.50,115,0,0.00,13,7.11,4.63,4.71,14.20
505130,1.56,1.56,1,14.36,13.52,8,14.67,190,0.29,0.29,922,0.00,1.00,0,0.5000,17.00,115,0,0.00,13,7.11,4.38,3.92,14.20
505234,1.56,1.56,1,14.36,13.52,8,14.67,190,0.29,0.28,909,0.00,1.00,0,0.5000,17.00,115,0,0.00,13,6.82,4.16,3.92,14.20
505338,0.78,1.56,1,14.36,13.60,8,14.67,190,0.28,0.28,892,0.00,1.00,0,0.5000,17.50,115,0,0.00,13,6.82,4.27,4.31,14.10
505442,0.78,1.56,1,14.36,13.60,8,14.68,190,0.29,0.29,880,0.00,1.00,0,0.5000,18.00,115,0,0.00,13,6.96,4.32,4.31,14.20
505547,0.00,1.56,1,14.36,13.60,8,14.68,190,0.29,0.30,852,0.00,1.00,0,0.5000,20.50,115,0,0.00,13,6.96,4.30,4.31,14.10
505650,0.00,1.56,1,14.36,13.60,8,14.68,190,0.29,0.31,842,0.00,1.00,0,0.5000,20.50,115,0,0.00,13,6.96,4.30,4.31,14.10
505754,-0.78,1.56,1,14.36,13.52,8,14.69,190,0.30,0.31,840,0.00,1.00,0,0.5000,20.50,115,0,0.00,13,7.11,4.27,4.31,14.10
505858,-0.78,1.56,1,14.36,13.52,8,14.69,190,0.30,0.31,816,0.00,1.00,0,0.5000,22.00,115,0,0.00,13,7.11,4.24,3.92,14.10
505963,-0.78,1.56,1,14.36,13.52,8,14.69,190,0.30,0.31,814,0.00,1.00,0,0.5000,21.50,115,0,0.00,13,7.25,4.19,3.92,14.10
506066,-0.78,1.56,1,14.36,13.52,8,14.69,190,0.30,0.32,798,0.00,1.00,0,0.5000,22.00,115,0,0.00,13,7.25,4.19,3.92,14.10
506170,-0.78,1.56,1,14.36,13.44,8,14.69,190,0.30,0.31,796,0.00,1.00,0,0.5000,21.50,115,0,0.00,13,7.25,4.13,3.92,14.10
506274,-0.78,1.56,1,14.36,13.52,8,14.69,190,0.31,0.32,785,0.00,1.00,0,0.5000,22.00,115,0,0.00,13,7.40,4.16,3.92,14.20
506378,-0.78,1.56,1,14.36,13.52,8,14.69,190,0.31,0.32,777,0.00,1.00,0,0.5000,22.00,115,0,0.00,13,7.40,4.13,3.92,14.20
506482,-0.78,1.56,1,14.36,13.52,8,14.69,190,0.31,0.32,779,0.00,1.00,0,0.5000,21.50,115,0,0.00,13,7.55,4.13,3.92,14.30
506587,-0.78,1.56,1,14.36,13.60,8,14.69,190,0.31,0.32,773,0.00,1.00,0,0.5000,21.50,115,0,0.00,13,7.55,4.16,4.31,14.40
506690,-0.78,1.56,1,14.36,13.52,8,14.69,190,0.32,0.33,768,0.00,1.00,0,0.5000,21.50,115,0,0.00,13,7.69,4.21,4.31,14.50
506794,-0.78,1.56,1,14.36,13.52,8,14.69,190,0.32,0.33,780,0.00,1.00,0,0.5000,20.00,115,0,0.00,13,7.69,4.27,4.31,14.50
506898,-0.78,1.56,1,14.36,13.52,8,14.69,190,0.32,0.33,776,0.00,1.00,0,0.5000,20.00,115,0,0.00,13,7.84,4.30,4.31,14.50
507003,0.00,1.56,1,14.36,13.44,8,14.69,190,0.32,0.34,768,0.00,1.00,0,0.5000,20.50,115,0,0.00,13,7.84,4.30,4.31,14.50
507107,0.00,1.56,1,14.36,13.52,8,14.69,190,0.33,0.33,776,0.00,1.00,0,0.5000,19.00,115,0,0.00,13,7.84,4.30,4.31,15.20
507212,0.00,1.56,1,14.36,13.60,8,14.69,190,0.33,0.33,777,0.00,1.00,0,0.5000,19.00,115,0,0.00,13,7.98,4.35,4.71,14.80
507316,0.00,1.56,1,14.36,13.52,8,14.69,190,0.33,0.34,780,0.00,1.00,0,0.5000,18.00,115,0,0.00,13,7.98,4.41,4.71,14.90
507420,0.78,1.56,1,14.36,13.52,8,14.69,190,0.33,0.33,800,0.00,1.00,0,0.5000,17.00,115,0,0.00,13,7.98,4.41,4.31,14.90
507524,0.78,1.56,1,14.36,13.44,8,14.69,190,0.33,0.33,802,0.00,1.00,0,0.5000,17.00,115,0,0.00,13,7.98,4.41,4.71,15.00
507627,1.56,1.56,1,14.36,13.60,8,14.69,190,0.33,0.33,815,0.00,1.00,0,0.5000,17.00,115,0,0.00,13,7.98,4.43,4.71,15.20
507732,1.56,1.56,1,14.36,13.52,8,14.69,190,0.33,0.33,816,0.00,1.00,0,0.5000,17.00,115,0,0.00,13,7.98,4.46,4.71,15.20
507836,1.56,1.56,1,14.36,13.60,8,14.68,190,0.32,0.33,821,0.00,1.00,0,0.5000,16.50,115,0,0.00,13,7.84,4.46,4.71,15.30
507940,2.34,1.56,1,14.36,13.52,8,14.69,190,0.32,0.32,834,0.00,1.00,0,0.5000,16.50,115,0,0.00,13,7.84,4.46,4.71,15.30
508043,2.34,1.56,1,14.36,13.44,8,14.68,190,0.32,0.33,830,0.00,1.00,0,0.5000,16.50,115,0,0.00,13,7.84,4.52,4.71,15.20
508148,2.34,1.56,1,14.36,13.52,8,14.68,190,0.32,0.32,845,0.00,1.00,0,0.5000,16.00,115,0,0.00,13,7.84,4.52,4.71,15.30
508252,2.34,1.56,1,14.36,13.52,8,14.68,190,0.32,0.33,837,0.00,1.00,0,0.5000,16.50,115,0,0.00,13,7.69,4.54,4.71,15.10
508356,2.34,1.56,1,14.36,13.60,8,14.68,190,0.32,0.32,852,0.00,1.00,0,0.5000,16.00,115,0,0.00,13,7.69,4.54,4.71,15.10
508460,2.34,1.56,1,14.36,13.60,8,14.68,190,0.32,0.32,853,0.00,1.00,0,0.5000,16.00,115,0,0.00,13,7.69,4.57,4.71,15.10
508564,2.34,1.56,1,14.36,13.52,8,14.68,190,0.32,0.32,868,0.00,1.00,0,0.5000,15.00,115,0,0.00,13,7.69,4.57,4.71,14.90
508668,2.34,1.56,1,14.36,13.60,8,14.68,190,0.32,0.32,848,0.00,1.00,0,0.5000,16.50,115,0,0.00,13,7.55,4.57,4.71,14.80
508772,2.34,1.56,1,14.36,13.60,8,14.68,190,0.32,0.32,865,0.00,1.00,0,0.5000,15.50,115,0,0.00,13,7.55,4.57,4.71,14.80
508876,1.56,1.56,1,14.36,13.60,8,14.68,190,0.31,0.31,862,0.00,1.00,0,0.5000,16.00,115,0,0.00,13,7.55,4.57,4.71,15.00
508980,1.56,1.56,1,14.36,13.68,8,14.68,190,0.31,0.32,878,0.00,1.00,0,0.5000,15.00,115,0,0.00,13,7.55,4.57,4.71,15.10
509084,1.56,1.56,1,14.36,13.60,8,14.67,190,0.31,0.31,872,0.00,1.00,0,0.5000,16.00,115,0,0.00,13,7.55,4.57,4.71,14.50
509188,1.56,1.56,1,14.36,13.60,8,14.68,190,0.31,0.31,879,0.00,1.00,0,0.5000,15.50,115,0,0.00,13,7.40,4.60,4.71,14.50
509292,1.56,1.56,1,14.36,13.52,8,14.67,190,0.31,0.32,872,0.00,1.00,0,0.5000,16.00,115,0,0.00,13,7.40,4.63,4.71,14.50
509396,0.78,1.56,1,14.36,13.60,8,14.68,190,0.31,0.32,879,0.00,1.00,0,0.5000,16.00,115,0,0.00,13,7.40,4.63,4.71,14.50
509500,0.78,1.56,1,14.36,13.60,8,14.67,190,0.31,0.32,877,0.00,1.00,0,0.5000,16.00,115,0,0.00,13,7.40,4.63,4.71,14.40
509604,0.78,1.56,1,14.36,13.52,8,14.68,190,0.31,0.31,875,0.00,1.00,0,0.5000,16.50,115,0,0.00,13,7.40,4.57,4.71,14.40
509708,0.78,1.56,1,14.36,13.52,8,14.68,190,0.31,0.32,866,0.00,1.00,0,0.5000,16.50,115,0,0.00,13,7.40,4.63,4.71,14.40
509812,0.00,1.56,1,14.36,13.44,8,14.68,190,0.31,0.32,870,0.00,1.00,0,0.5000,16.50,115,0,0.00,13,7.40,4.63,4.71,14.40
509916,0.00,1.56,1,14.36,13.60,8,14.68,190,0.31,0.32,854,0.00,1.00,0,0.5000,17.00,115,0,0.00,13,7.40,4.57,4.71,14.30
510020,0.00,1.56,1,14.36,13.60,8,14.68,190,0.31,0.32,863,0.00,1.00,0,0.5000,17.00,115,0,0.00,13,7.40,4.54,4.71,14.30
510124,0.00,1.56,1,14.36,13.52,8,14.68,190,0.31,0.32,849,0.00,1.00,0,0.5000,17.00,115,0,0.00,13,7.40,4.54,4.71,14.30
510229,-0.78,1.56,1,14.36,13.52,8,14.68,190,0.31,0.32,854,0.00,1.00,0,0.5000,17.00,115,0,0.00,13,7.40,4.52,4.71,14.30
510332,-0.78,1.56,1,14.36,13.52,8,14.68,190,0.32,0.32,844,0.00,1.00,0,0.5000,17.00,115,0,0.00,13,7.40,4.54,4.71,14.40
510436,-0.78,1.56,1,14.36,13.60,8,14.68,190,0.32,0.32,853,0.00,1.00,0,0.5000,17.00,115,0,0.00,13,7.40,4.54,4.71,14.40
510540,-0.78,1.56,1,14.36,13.60,8,14.68,190,0.32,0.32,840,0.00,1.00,0,0.5000,17.00,115,0,0.00,13,7.40,4.52,4.31,14.30
510644,-0.78,1.56,1,14.36,13.60,8,14.68,190,0.32,0.32,838,0.00,1.00,0,0.5000,17.00,115,0,0.00,13,7.55,4.52,4.31,14.40
510748,-0.78,1.56,1,14.36,13.52,8,14.69,190,0.32,0.32,839,0.00,1.00,0,0.5000,17.00,115,0,0.00,13,7.55,4.52,4.31,14.40
510852,-0.78,1.56,1,14.36,13.52,8,14.68,190,0.32,0.33,832,0.00,1.00,0,0.5000,17.00,115,0,0.00,13,7.55,4.52,4.31,14.40
510956,-0.78,1.56,1,14.36,13.52,8,14.69,190,0.32,0.32,840,0.00,1.00,0,0.5000,17.00,115,0,0.00,13,7.55,4.52,4.31,14.50
511060,-0.78,1.56,1,14.36,13.52,8,14.68,190,0.32,0.33,825,0.00,1.00,0,0.5000,17.50,115,0,0.00,13,7.55,4.49,4.31,14.50
511164,-0.78,1.56,1,14.36,13.52,8,14.69,190,0.32,0.32,834,0.00,1.00,0,0.5000,17.00,115,0,0.00,13,7.55,4.49,4.31,14.50
511268,-0.78,1.56,1,14.36,13.52,8,14.69,190,0.32,0.32,828,0.00,1.00,0,0.5000,17.00,115,0,0.00,13,7.55,4.46,4.31,14.60
511372,-0.78,1.56,1,14.36,13.52,8,14.69,190,0.32,0.32,832,0.00,1.00,0,0.5000,17.00,115,0,0.00,13,7.55,4.46,4.31,14.50
511476,-0.78,1.56,1,14.36,13.52,8,14.69,190,0.32,0.32,819,0.00,1.00,0,0.5000,17.50,115,0,0.00,13,7.55,4.46,4.31,14.60
511581,-0.78,1.56,1,14.36,13.52,8,14.69,190,0.32,0.33,813,0.00,1.00,0,0.5000,18.00,115,0,0.00,13,7.55,4.46,4.31,14.60
511684,-0.78,1.56,1,14.36,13.52,8,14.69,190,0.32,0.33,816,0.00,1.00,0,0.5000,17.50,115,0,0.00,13,7.69,4.46,4.31,14.60
511788,-0.78,1.56,1,14.36,13.44,8,14.69,190,0.32,0.33,808,0.00,1.00,0,0.5000,17.50,115,0,0.00,13,7.69,4.46,4.31,14.60
511892,-0.78,1.56,1,14.36,13.52,8,14.69,190,0.32,0.33,810,0.00,1.00,0,0.5000,17.50,115,0,0.00,13,7.69,4.46,4.31,14.70
511997,-0.78,1.56,1,14.36,13.52,8,14.69,190,0.33,0.33,796,0.00,1.00,0,0.5000,18.50,115,0,0.00,13,7.69,4.49,4.31,14.60
512100,-0.78,1.56,1,14.36,13.52,8,14.69,190,0.33,0.34,799,0.00,1.00,0,0.5000,18.00,115,0,0.00,13,7.69,4.49,4.31,14.70
512204,-0.78,1.56,1,14.36,13.52,8,14.69,190,0.33,0.33,807,0.00,1.00,0,0.5000,17.00,115,0,0.00,13,7.69,4.49,4.31,14.70
512308,-0.78,1.56,1,14.36,13.52,8,14.69,190,0.33,0.34,806,0.00,1.00,0,0.5000,17.00,115,0,0.00,13,7.69,4.52,4.31,14.80
512412,-0.78,1.56,1,14.36,13.60,8,14.69,190,0.33,0.33,812,0.00,1.00,0,0.5000,17.00,115,0,0.00,13,7.84,4.52,4.31,14.80
512517,0.00,1.56,1,14.36,13.60,8,14.69,190,0.33,0.33,808,0.00,1.00,0,0.5000,17.00,115,0,0.00,13,7.84,4.52,4.31,14.80
512620,0.00,1.56,1,14.36,13.60,8,14.69,190,0.33,0.34,806,0.00,1.00,0,0.5000,17.00,115,0,0.00,13,7.84,4.52,4.71,14.90
512725,0.00,1.56,1,14.36,13.44,8,14.69,190,0.33,0.33,816,0.00,1.00,0,0.5000,17.00,115,0,0.00,13,7.84,4.54,4.71,14.80
512828,0.00,1.56,1,14.36,13.52,8,14.69,190,0.33,0.34,804,0.00,1.00,0,0.5000,17.00,115,0,0.00,13,7.84,4.54,4.31,14.80
512932,0.00,1.56,1,14.36,13.52,8,14.69,190,0.33,0.33,820,0.00,1.00,0,0.5000,17.00,115,0,0.00,13,7.84,4.57,4.71,15.00
513037,0.00,1.56,1,14.36,13.52,8,14.69,190,0.33,0.34,818,0.00,1.00,0,0.5000,17.00,115,0,0.00,13,7.84,4.57,4.71,14.90
513140,0.00,1.56,1,14.36,13.60,8,14.68,190,0.33,0.33,838,0.00,1.00,0,0.5000,16.50,115,0,0.00,13,7.84,4.57,4.71,14.70
513244,0.00,1.56,1,14.36,13.60,8,14.68,190,0.33,0.32,844,0.00,1.00,0,0.5000,16.00,115,0,0.00,13,7.69,4.57,4.71,14.80
513349,0.00,1.56,1,14.36,13.60,8,14.68,190,0.32,0.32,846,0.00,1.00,0,0.5000,16.00,115,0,0.00,13,7.69,4.57,4.31,14.80
513453,0.00,1.56,1,14.36,13.52,8,14.68,190,0.32,0.32,858,0.00,1.00,0,0.5000,15.50,115,0,0.00,13,7.69,4.57,4.71,14.80
513557,0.00,1.56,1,14.36,13.44,8,14.68,190,0.32,0.32,846,0.00,1.00,0,0.5000,16.50,115,0,0.00,13,7.55,4.57,4.71,14.80
513660,0.00,1.56,1,14.36,13.44,8,14.68,190,0.32,0.32,851,0.00,1.00,0,0.5000,16.50,115,0,0.00,13,7.55,4.57,4.71,14.80
513764,0.00,1.56,1,14.36,13.52,8,14.68,190,0.32,0.32,850,0.00,1.00,0,0.5000,16.50,115,0,0.00,13,7.55,4.57,4.71,14.80
513868,0.00,1.56,1,14.36,13.60,8,14.68,190,0.32,0.32,859,0.00,1.00,0,0.5000,16.00,115,0,0.00,13,7.55,4.57,4.71,14.60
513973,-0.78,1.56,1,14.36,13.52,8,14.68,190,0.32,0.33,848,0.00,1.00,0,0.5000,16.50,115,0,0.00,13,7.55,4.57,4.71,14.60
514077,-0.78,1.56,1,14.36,13.52,8,14.68,190,0.32,0.33,854,0.00,1.00,0,0.5000,16.50,115,0,0.00,13,7.55,4.63,4.71,14.60
514180,-0.78,1.56,1,14.36,13.44,8,14.68,190,0.32,0.33,849,0.00,1.00,0,0.5000,16.50,115,0,0.00,13,7.55,4.63,4.71,14.40
514285,-0.78,1.56,1,14.36,13.44,8,14.68,190,0.32,0.32,859,0.00,1.00,0,0.5000,16.50,115,0,0.00,13,7.55,4.63,4.71,14.50
514388,-0.78,1.56,1,14.36,13.52,8,14.68,190,0.32,0.33,853,0.00,1.00,0,0.5000,16.50,115,0,0.00,13,7.55,4.63,4.71,14.40
514492,-0.78,1.56,1,14.36,13.60,8,14.68,190,0.32,0.32,862,0.00,1.00,0,0.5000,16.50,115,0,0.00,13,7.55,4.60,4.71,14.50
514597,-0.78,1.56,1,14.36,13.60,8,14.68,190,0.32,0.32,858,0.00,1.00,0,0.5000,16.50,115,0,0.00,13,7.40,4.57,4.71,14.50
514701,-0.78,1.56,1,14.36,13.52,8,14.68,190,0.32,0.32,869,0.00,1.00,0,0.5000,16.00,115,0,0.00,13,7.40,4.57,4.71,14.50
514805,-0.78,1.56,1,14.36,13.52,8,14.68,190,0.32,0.32,858,0.00,1.00,0,0.5000,16.50,115,0,0.00,13,7.40,4.57,4.71,14.50
514909,-1.56,1.56,1,14.36,13.60,8,14.68,190,0.31,0.32,863,0.00,1.00,0,0.5000,16.50,115,0,0.00,13,7.40,4.57,4.71,14.50
515013,-1.56,1.56,1,14.36,13.52,8,14.68,190,0.31,0.32,861,0.00,1.00,0,0.5000,16.50,115,0,0.00,13,7.40,4.57,4.71,14.60
515117,-1.56,1.56,1,14.36,13.36,8,14.68,190,0.31,0.32,862,0.00,1.00,0,0.5000,16.50,115,0,0.00,13,7.40,4.57,4.71,14.60
515221,-1.56,1.56,1,14.36,13.52,8,14.69,190,0.32,0.33,832,0.00,1.00,0,0.5000,17.00,115,0,0.00,13,7.40,4.57,4.31,14.40
515325,-1.56,1.56,1,14.36,13.52,8,14.69,190,0.32,0.34,821,0.00,1.00,0,0.5000,18.00,115,0,0.00,13,7.55,4.57,4.31,14.60
515429,-1.56,1.56,1,14.36,13.52,8,14.69,190,0.33,0.34,808,0.00,1.00,0,0.5000,19.00,115,0,0.00,13,7.55,4.54,4.31,14.50
515533,-1.56,1.56,1,14.36,13.52,8,14.69,190,0.33,0.35,778,0.00,1.00,0,0.5000,21.00,115,0,0.00,13,7.69,4.54,4.31,14.50
515637,-1.56,1.56,1,14.36,13.60,8,14.69,190,0.34,0.36,772,0.00,1.00,0,0.5000,21.00,115,0,0.00,13,7.84,4.57,4.31,14.50
515741,-1.56,1.56,1,14.36,13.60,8,14.69,190,0.34,0.36,777,0.00,1.00,0,0.5000,20.50,115,0,0.00,13,7.84,4.57,4.71,14.50
515845,-1.56,1.56,1,14.36,13.44,8,14.69,190,0.34,0.35,787,0.00,1.00,0,0.5000,19.00,115,0,0.00,13,7.98,4.60,4.71,14.50
515949,-1.56,1.56,1,14.36,13.44,8,14.69,190,0.34,0.34,805,0.00,1.00,0,0.5000,17.00,115,0,0.00,13,7.98,4.57,4.71,14.60
516053,-0.78,1.56,1,14.36,13.52,8,14.69,190,0.34,0.34,805,0.00,1.00,0,0.5000,17.00,115,0,0.00,13,7.98,4.57,4.71,14.60
516157,-0.78,1.56,1,14.36,13.60,8,14.69,190,0.34,0.34,820,0.00,1.00,0,0.5000,17.00,115,0,0.00,13,7.98,4.60,4.71,14.70
516261,-0.78,1.56,1,14.36,13.44,8,14.69,190,0.34,0.33,822,0.00,1.00,0,0.5000,17.00,115,0,0.00,13,7.98,4.57,4.71,14.80
516365,-0.78,1.56,1,14.36,13.52,8,14.69,190,0.33,0.34,824,0.00,1.00,0,0.5000,17.00,115,0,0.00,13,7.84,4.60,4.71,14.90
516469,0.00,1.56,1,14.36,13.44,8,14.68,190,0.33,0.33,843,0.00,1.00,0,0.5000,16.50,115,0,0.00,13,7.84,4.63,4.71,14.90
516572,0.00,1.56,1,14.36,13.52,8,14.68,190,0.33,0.33,838,0.00,1.00,0,0.5000,16.50,115,0,0.00,13,7.84,4.63,4.71,15.10
516677,-0.78,1.56,1,14.36,13.52,8,14.68,190,0.33,0.33,852,0.00,1.00,0,0.5000,16.00,117,0,0.00,13,7.69,4.63,4.71,14.80
516781,-0.78,1.56,1,14.36,13.44,8,14.68,190,0.32,0.33,852,0.00,1.00,0,0.5000,16.00,117,0,0.00,13,7.69,4.63,4.71,14.80
516885,-0.78,1.56,1,14.36,13.44,8,14.68,190,0.32,0.32,859,0.00,1.00,0,0.5000,16.00,117,0,0.00,13,7.69,4.65,4.71,14.80
516988,-0.78,1.56,1,14.36,13.44,8,14.68,190,0.32,0.33,850,0.00,1.00,0,0.5000,16.50,117,0,0.00,13,7.69,4.68,4.71,14.80
517093,-0.78,1.56,1,14.36,13.52,8,14.68,190,0.32,0.33,858,0.00,1.00,0,0.5000,16.00,117,0,0.00,13,7.69,4.68,4.71,14.70
517197,-0.78,1.56,1,14.36,13.60,8,14.68,190,0.32,0.33,858,0.00,1.00,0,0.5000,16.50,117,0,0.00,13,7.55,4.68,4.71,14.80
517301,-0.78,1.56,1,14.36,13.52,8,14.68,190,0.32,0.32,873,0.00,1.00,0,0.5000,15.50,117,0,0.00,13,7.55,4.68,4.71,14.80
517405,-0.78,1.56,1,14.36,13.52,8,14.68,190,0.32,0.32,864,0.00,1.00,0,0.5000,16.50,117,0,0.00,13,7.55,4.68,4.71,14.60
517509,-0.78,1.56,1,14.36,13.44,8,14.68,190,0.32,0.32,866,0.00,1.00,0,0.5000,16.50,117,0,0.00,13,7.55,4.68,4.71,14.60
517613,-0.78,1.56,1,14.36,13.52,8,14.68,190,0.32,0.32,866,0.00,1.00,0,0.5000,16.50,117,0,0.00,13,7.55,4.68,4.71,14.60
517717,-0.78,1.56,1,14.36,13.52,8,14.68,190,0.32,0.32,868,0.00,1.00,0,0.5000,16.50,117,0,0.00,13,7.55,4.68,4.71,14.50
517821,-1.56,1.56,1,14.36,13.52,8,14.68,190,0.32,0.32,864,0.00,1.00,0,0.5000,16.50,117,0,0.00,13,7.55,4.68,4.71,14.50
517925,-1.56,1.56,1,14.36,13.52,8,14.67,190,0.31,0.31,894,0.00,1.00,0,0.5000,10.00,117,0,0.00,13,7.40,4.38,3.14,14.50
518029,-1.56,1.56,1,14.36,13.52,8,14.67,190,0.29,0.27,910,0.00,1.08,0,0.5000,10.00,117,0,0.00,13,6.96,3.92,3.53,14.40
518133,-1.56,1.56,1,14.36,13.52,8,14.66,190,0.28,0.25,931,0.00,1.00,0,0.5000,10.00,117,0,0.00,13,6.67,3.89,3.53,14.50
518237,-2.34,1.56,1,14.36,13.60,8,14.67,190,0.27,0.26,921,0.00,1.00,0,0.5000,13.50,117,0,0.00,13,6.53,3.94,3.92,14.50
518342,-2.34,1.56,1,14.36,13.68,8,14.66,190,0.26,0.26,923,0.00,1.00,0,0.5000,14.00,117,0,0.00,13,6.38,4.00,3.92,14.40
518445,-3.12,1.56,1,14.36,13.60,8,14.67,190,0.26,0.26,918,0.00,1.00,0,0.5000,15.00,117,0,0.00,13,6.24,4.00,3.53,14.40
518549,-3.91,1.56,1,14.36,13.44,8,14.67,190,0.26,0.26,914,0.00,1.00,0,0.5000,15.50,117,0,0.00,13,6.24,3.89,3.53,14.40
518653,-3.91,1.56,1,14.36,13.52,8,14.67,190,0.25,0.25,918,0.00,1.00,0,0.5000,15.50,117,0,0.00,13,6.09,3.83,3.53,14.20
518757,-4.69,1.56,1,14.36,13.60,8,14.67,190,0.25,0.25,924,0.00,1.00,0,0.5000,16.50,117,0,0.00,13,6.09,3.79,3.53,14.10
518861,-4.69,1.56,1,14.36,13.60,8,14.67,190,0.25,0.25,903,0.00,1.00,0,0.5000,16.50,117,0,0.00,13,5.95,3.76,3.53,14.00
518965,-5.47,1.56,1,14.36,13.60,8,14.67,190,0.25,0.25,896,0.00,1.00,0,0.5000,17.00,117,0,0.00,13,5.95,3.71,3.14,14.10
519069,-5.47,1.56,1,14.36,13.52,8,14.68,190,0.24,0.25,874,0.00,1.00,0,0.5000,17.00,117,0,0.00,13,5.95,3.61,3.14,14.00
519174,-6.25,1.56,1,14.36,13.60,8,14.68,190,0.24,0.25,866,0.00,1.00,0,0.5000,17.50,117,0,0.00,13,5.95,3.61,3.14,14.00
519276,-6.25,1.56,1,14.36,13.60,8,14.68,190,0.24,0.25,843,0.00,1.00,0,0.5000,19.50,117,0,0.00,13,5.95,3.57,3.14,14.00
519381,-7.03,1.56,1,14.36,13.60,8,14.69,190,0.25,0.26,832,0.00,1.00,0,0.5000,20.00,117,0,0.00,13,5.95,3.57,3.14,13.90
519485,-7.03,1.56,1,14.36,13.60,8,14.69,190,0.25,0.26,820,0.00,1.00,0,0.5000,21.00,117,0,0.00,13,6.09,3.57,3.14,14.10
519589,-7.03,1.56,1,14.36,13.52,8,14.69,190,0.25,0.27,798,0.00,1.00,0,0.5000,21.50,117,0,0.00,13,6.09,3.52,3.14,14.00
519693,-7.03,1.56,1,14.36,13.44,8,14.69,190,0.25,0.27,784,0.00,1.00,0,0.5000,22.00,117,0,0.00,13,6.09,3.47,3.14,14.00
519797,-7.81,1.56,1,14.36,13.52,8,14.69,190,0.25,0.26,781,0.00,1.00,0,0.5000,22.00,117,0,0.00,13,6.09,3.42,3.14,14.10
519901,-7.81,1.56,1,14.36,13.68,8,14.69,190,0.25,0.26,780,0.00,1.00,0,0.5000,21.50,117,0,0.00,13,6.24,3.42,3.14,14.00
520005,-7.81,1.56,1,14.36,13.52,8,14.69,190,0.25,0.26,780,0.00,1.00,0,0.5000,21.00,117,0,0.00,13,6.24,3.38,3.14,14.20
520109,-7.81,1.56,1,14.36,13.60,8,14.69,190,0.25,0.27,764,0.00,1.00,0,0.5000,22.00,117,0,0.00,13,6.24,3.38,3.14,14.20
520213,-7.81,1.56,1,14.36,13.52,8,14.69,190,0.25,0.27,755,0.00,1.00,0,0.5000,22.00,117,0,0.00,13,6.24,3.38,3.14,14.20
520317,-7.81,1.56,1,14.36,13.52,8,14.69,190,0.25,0.27,753,0.00,1.00,0,0.5000,22.00,117,0,0.00,13,6.38,3.33,3.14,14.30
520421,-7.81,1.56,1,14.36,13.68,8,14.69,190,0.25,0.26,742,0.00,1.00,0,0.5000,22.00,117,0,0.00,13,6.38,3.31,3.14,14.30
520525,-7.81,1.56,1,14.36,13.52,8,14.69,190,0.25,0.27,738,0.00,1.00,0,0.5000,22.00,117,0,0.00,13,6.38,3.26,3.14,14.40
520629,-7.81,1.56,1,14.36,13.60,8,14.69,190,0.26,0.26,734,0.00,1.00,0,0.5000,22.00,117,0,0.00,13,6.38,3.24,3.14,14.40
520733,-7.81,1.56,1,14.36,13.52,8,14.69,190,0.26,0.27,732,0.00,1.00,0,0.5000,21.50,117,0,0.00,13,6.53,3.24,3.14,14.50
520838,-7.81,1.56,1,14.36,13.60,8,14.69,190,0.26,0.27,712,0.00,1.00,0,0.5000,22.00,117,0,0.00,13,6.53,3.24,3.14,14.50
520941,-7.81,1.56,1,14.36,13.52,8,14.69,190,0.26,0.27,710,0.00,1.00,0,0.5000,22.00,117,0,0.00,13,6.53,3.20,3.14,14.60
521045,-7.03,1.56,1,14.36,13.60,8,14.69,190,0.26,0.27,718,0.00,1.00,0,0.5000,21.50,117,0,0.00,13,6.67,3.20,3.14,14.60
521149,-7.03,1.56,1,14.36,13.52,8,14.69,190,0.26,0.27,716,0.00,1.00,0,0.5000,21.00,117,0,0.00,13,6.67,3.17,3.14,14.60
521253,-7.03,1.56,1,14.36,13.60,8,14.69,190,0.26,0.26,712,0.00,1.00,0,0.5000,21.00,117,0,0.00,13,6.67,3.15,3.14,14.50
521358,-7.03,1.56,1,14.36,13.52,8,14.69,190,0.26,0.27,709,0.00,1.00,0,0.5000,21.00,117,0,0.00,13,6.67,3.15,3.14,14.90
521461,-7.03,1.56,1,14.36,13.60,8,14.69,190,0.26,0.27,714,0.00,1.00,0,0.5000,20.00,117,0,0.00,13,6.82,3.20,3.14,14.90
521566,-6.25,1.56,1,14.36,13.36,8,14.69,190,0.26,0.26,729,0.00,1.00,0,0.5000,18.50,117,0,0.00,13,6.82,3.20,3.14,14.80
521670,-6.25,1.56,1,14.36,13.68,8,14.69,190,0.26,0.27,702,0.00,1.00,0,0.5000,20.00,117,0,0.00,13,6.82,3.22,3.14,15.10
521773,-6.25,1.56,1,14.36,13.44,8,14.69,190,0.26,0.27,713,0.00,1.00,0,0.5000,19.50,117,0,0.00,13,6.82,3.20,3.14,14.90
521877,-5.47,1.56,1,14.36,13.60,8,14.69,190,0.26,0.28,698,0.00,1.00,0,0.5000,20.50,117,0,0.00,13,6.96,3.22,3.14,15.10
521981,-5.47,1.56,1,14.36,13.44,8,14.69,190,0.26,0.27,719,0.00,1.00,0,0.5000,18.00,117,0,0.00,13,6.96,3.24,3.14,15.10
522084,-4.69,1.56,1,14.36,13.60,8,14.69,190,0.27,0.27,724,0.00,1.00,0,0.5000,17.50,117,0,0.00,13,6.96,3.29,3.14,15.20
522190,-3.91,1.56,1,14.36,13.60,8,14.69,190,0.27,0.29,678,0.00,1.00,0,0.5000,21.00,117,0,0.00,13,7.11,3.26,3.14,15.20
522293,-3.91,1.56,1,14.36,13.52,8,14.69,190,0.27,0.29,680,0.00,1.00,0,0.5000,20.50,117,0,0.00,13,7.25,3.29,3.53,15.60
522397,-3.12,1.56,1,14.36,13.60,8,14.69,190,0.27,0.29,709,0.00,1.00,0,0.5000,17.50,117,0,0.00,13,7.25,3.35,3.53,15.40
522501,-2.34,1.56,1,14.36,13.44,8,14.69,190,0.28,0.28,717,0.00,1.00,0,0.5000,17.00,117,0,0.00,13,7.40,3.38,3.53,15.60
522606,-1.56,1.56,1,14.36,13.60,8,14.69,190,0.27,0.28,721,0.00,1.00,0,0.5000,17.00,117,0,0.00,13,7.40,3.35,3.53,15.80
522709,-0.78,1.56,1,14.36,13.52,8,14.69,190,0.27,0.27,730,0.00,1.00,0,0.5000,17.00,117,0,0.00,13,7.40,3.33,3.53,15.80
522813,0.78,1.56,1,14.36,13.60,8,14.69,190,0.27,0.27,750,0.00,1.00,0,0.5000,16.50,117,0,0.00,13,7.25,3.33,3.53,16.10
522917,0.78,1.56,1,14.36,13.52,8,14.69,190,0.26,0.26,773,0.00,1.00,0,0.5000,15.00,117,0,0.00,13,7.25,3.33,3.53,16.00
523021,1.56,1.56,1,14.36,13.52,8,14.69,190,0.26,0.26,770,0.00,1.00,0,0.5000,16.00,117,0,0.00,13,7.11,3.33,3.53,16.20
523125,2.34,1.56,1,14.36,13.60,8,14.69,190,0.26,0.26,782,0.00,1.00,0,0.5000,15.00,117,0,0.00,13,6.96,3.33,3.53,16.10
523229,3.12,1.56,1,14.36,13.60,8,14.69,190,0.26,0.26,782,0.00,1.00,0,0.5000,15.00,117,0,0.00,13,6.96,3.38,3.53,16.10
523333,3.12,1.56,1,14.36,13.52,8,14.69,190,0.26,0.26,779,0.00,1.00,0,0.5000,15.50,117,0,0.00,13,6.96,3.40,3.53,16.20
523437,3.91,1.56,1,14.36,13.60,8,14.69,190,0.26,0.26,790,0.00,1.00,0,0.5000,15.00,117,0,0.00,13,6.96,3.42,3.53,16.10
523542,4.69,1.56,1,14.36,13.44,8,14.69,190,0.26,0.26,786,0.00,1.00,0,0.5000,14.50,117,0,0.00,13,6.96,3.47,3.53,16.00
523645,4.69,1.56,1,14.36,13.52,8,14.69,190,0.26,0.27,778,0.00,1.00,0,0.5000,16.50,117,0,0.00,13,6.96,3.52,3.92,16.00
523749,5.47,1.56,1,14.36,13.52,8,14.69,190,0.26,0.27,788,0.00,1.00,0,0.5000,16.00,117,0,0.00,13,6.96,3.52,3.53,15.90
523853,6.25,1.56,1,14.36,13.60,8,14.69,190,0.26,0.27,783,0.00,1.00,0,0.5000,16.50,117,0,0.00,13,6.96,3.54,3.53,16.00
523957,6.25,1.56,1,14.36,13.52,8,14.69,190,0.26,0.27,786,0.00,1.00,0,0.5000,16.50,117,0,0.00,13,6.96,3.54,3.53,15.90
524061,6.25,1.56,1,14.36,13.52,8,14.69,190,0.26,0.27,797,0.00,1.00,0,0.5000,16.00,117,0,0.00,13,6.96,3.57,3.53,15.90
524165,7.03,1.56,1,14.36,13.60,8,14.69,190,0.26,0.27,806,0.00,1.00,0,0.5000,15.50,117,0,0.00,13,6.82,3.57,3.53,15.70
524270,7.03,1.56,1,14.36,13.60,8,14.69,190,0.26,0.26,825,0.00,1.00,0,0.5000,13.50,117,0,0.00,13,6.82,3.57,3.53,15.60
524373,7.03,1.56,1,14.36,13.60,8,14.69,190,0.26,0.26,816,0.00,1.00,0,0.5000,15.00,117,0,0.00,13,6.82,3.57,3.53,15.60
524478,7.03,1.56,1,14.36,13.52,8,14.69,190,0.26,0.26,824,0.00,1.00,0,0.5000,14.50,117,0,0.00,13,6.67,3.57,3.53,15.60
524582,7.03,1.56,1,14.36,13.52,8,14.69,190,0.25,0.26,834,0.00,1.00,0,0.5000,14.00,117,0,0.00,13,6.67,3.57,3.53,15.40
524685,7.03,1.56,1,14.36,13.52,8,14.68,190,0.25,0.26,831,0.00,1.00,0,0.5000,14.50,117,0,0.00,13,6.67,3.57,3.53,15.20
524790,7.03,1.56,1,14.36,13.44,8,14.69,190,0.25,0.26,840,0.00,1.00,0,0.5000,14.00,117,0,0.00,13,6.53,3.57,3.53,15.10
524894,7.03,1.56,1,14.36,13.52,8,14.68,190,0.25,0.26,830,0.00,1.00,0,0.5000,15.50,117,0,0.00,13,6.53,3.57,3.53,14.90
524997,6.25,1.56,1,14.36,13.60,8,14.69,190,0.25,0.25,841,0.00,1.00,0,0.5000,15.00,117,0,0.00,13,6.53,3.57,3.53,15.00
525102,6.25,1.56,1,14.36,13.60,8,14.68,190,0.25,0.26,836,0.00,1.00,0,0.5000,15.50,117,0,0.00,13,6.53,3.57,3.53,14.90
525206,6.25,1.56,1,14.36,13.60,8,14.69,190,0.25,0.25,840,0.00,1.00,0,0.5000,15.50,117,0,0.00,13,6.38,3.52,3.53,15.00
525310,5.47,1.56,1,14.36,13.60,8,14.68,190,0.25,0.25,836,0.00,1.00,0,0.5000,16.00,117,0,0.00,13,6.38,3.52,3.53,14.40
525414,5.47,1.56,1,14.36,13.60,8,14.68,190,0.25,0.25,845,0.00,1.00,0,0.5000,15.50,117,0,0.00,13,6.38,3.52,3.53,14.40
525517,4.69,1.56,1,14.36,13.52,8,14.69,190,0.25,0.25,830,0.00,1.00,0,0.5000,16.50,117,0,0.00,13,6.38,3.47,3.53,14.40
525622,4.69,1.56,1,14.36,13.60,8,14.69,190,0.24,0.25,826,0.00,1.00,0,0.5000,17.00,117,0,0.00,13,6.38,3.49,3.53,14.30
525726,4.69,1.56,1,14.36,13.44,8,14.69,190,0.24,0.25,831,0.00,1.00,0,0.5000,16.50,117,0,0.00,13,6.38,3.47,3.53,14.40
525830,3.91,1.56,1,14.36,13.44,8,14.69,190,0.24,0.26,814,0.00,1.00,0,0.5000,17.00,117,0,0.00,13,6.38,3.47,3.14,14.30
525934,3.91,1.56,1,14.36,13.60,8,14.69,190,0.24,0.25,822,0.00,1.00,0,0.5000,17.00,117,0,0.00,13,6.38,3.42,3.14,14.30
526038,3.91,1.56,1,14.36,13.52,8,14.69,190,0.24,0.25,816,0.00,1.00,0,0.5000,17.00,117,0,0.00,13,6.38,3.42,3.14,14.20
526141,3.12,1.56,1,14.36,13.60,8,14.69,190,0.24,0.25,816,0.00,1.00,0,0.5000,17.00,117,0,0.00,13,6.38,3.42,3.14,14.20
526245,3.12,1.56,1,14.36,12.96,8,14.69,190,0.25,0.25,810,0.00,1.00,0,0.5000,17.00,117,0,0.00,13,6.38,3.54,5.10,14.20
526350,3.12,1.56,1,14.36,13.28,8,14.69,190,0.27,0.32,788,0.00,0.87,0,0.5000,18.00,117,0,0.00,13,6.96,4.35,5.49,14.20
526454,2.34,1.56,1,14.36,13.52,8,14.69,190,0.29,0.36,776,0.00,0.86,0,0.5000,18.50,117,0,0.00,13,7.25,4.60,5.49,14.20
526558,2.34,1.56,1,14.36,13.60,8,14.69,190,0.31,0.35,809,0.00,1.00,0,0.5000,17.00,117,0,0.00,13,7.84,4.68,5.49,14.20
526661,3.12,1.56,1,14.36,13.52,8,14.69,190,0.32,0.35,812,0.00,0.99,0,0.5000,17.00,117,0,0.00,13,7.98,4.68,5.10,14.20
526766,3.12,1.56,1,14.36,13.36,8,14.69,190,0.33,0.35,812,0.00,0.99,0,0.5000,17.00,117,0,0.00,13,8.13,4.63,4.71,14.40
526870,3.91,1.56,1,14.36,13.52,8,14.69,190,0.33,0.35,788,0.00,0.99,0,0.5000,17.50,117,0,0.00,13,8.27,4.57,4.71,14.50
526974,4.69,1.56,1,14.36,13.52,8,14.69,190,0.33,0.34,809,0.00,0.99,0,0.5000,17.00,117,0,0.00,13,8.27,4.52,4.71,15.00
527078,5.47,1.56,1,14.36,13.60,8,14.69,190,0.33,0.33,816,0.00,0.99,0,0.5000,16.50,117,0,0.00,13,8.27,4.57,5.10,15.30
527181,7.03,1.56,1,14.36,13.60,8,14.68,190,0.33,0.33,831,0.00,0.99,0,0.5000,16.50,117,0,0.00,13,8.27,4.63,5.10,15.60
527286,7.03,1.56,1,14.36,13.52,8,14.68,190,0.33,0.33,854,0.00,1.00,0,0.5000,15.00,117,0,0.00,13,8.27,4.65,5.10,15.70
527390,7.81,1.56,1,14.36,13.52,8,14.68,190,0.33,0.33,862,0.00,1.00,0,0.5000,14.50,117,0,0.00,13,8.13,4.68,5.10,15.70
527495,7.81,1.56,1,14.36,13.44,8,14.67,190,0.32,0.32,884,0.00,1.00,0,0.5000,13.00,117,0,0.00,13,7.98,4.68,5.10,15.80
527597,7.81,1.56,1,14.36,13.60,8,14.67,190,0.32,0.32,902,0.00,1.00,0,0.5000,12.50,117,0,0.00,13,7.98,4.74,5.10,15.80
527702,7.03,1.56,1,14.36,13.60,8,14.67,190,0.32,0.32,895,0.00,1.00,0,0.5000,13.00,117,0,0.00,13,7.84,4.74,5.10,15.40
527806,7.03,1.56,1,14.36,13.60,8,14.67,190,0.32,0.32,914,0.00,1.00,0,0.5000,12.50,117,0,0.00,13,7.84,4.80,5.10,15.30
527910,7.03,1.56,1,14.36,13.60,8,14.67,190,0.32,0.32,903,0.00,1.00,0,0.5000,13.50,117,0,0.00,13,7.69,4.80,5.10,15.10
528014,7.03,1.56,1,14.36,13.36,8,14.67,190,0.31,0.32,918,0.00,1.00,0,0.5000,13.00,117,0,0.00,13,7.69,4.80,5.10,14.80
528119,6.25,1.56,1,14.36,13.52,8,14.67,190,0.32,0.32,910,0.00,1.00,0,0.5000,14.00,117,0,0.00,13,7.69,4.86,5.10,15.00
528223,6.25,1.56,1,14.36,13.60,8,14.67,190,0.32,0.32,914,0.00,1.00,0,0.5000,14.00,117,0,0.00,13,7.69,4.86,5.10,14.40
528328,5.47,1.56,1,14.36,13.60,8,14.67,190,0.32,0.32,920,0.00,1.00,0,0.5000,14.00,117,0,0.00,13,7.55,4.86,5.10,14.40
528431,5.47,1.56,1,14.36,13.52,8,14.66,190,0.31,0.32,919,0.00,1.00,0,0.5000,14.50,117,0,0.00,13,7.55,4.86,5.10,14.40
528535,4.69,1.56,1,14.36,13.44,8,14.66,190,0.31,0.31,940,0.00,1.00,0,0.5000,13.00,117,0,0.00,13,7.55,4.83,5.10,14.30
528639,4.69,1.56,1,14.36,13.52,8,14.66,190,0.31,0.31,934,0.00,1.00,0,0.5000,14.00,117,0,0.00,13,7.55,4.80,5.10,14.20
528743,4.69,1.56,1,14.36,13.60,8,14.66,190,0.31,0.31,935,0.00,1.00,0,0.5000,14.50,117,0,0.00,13,7.40,4.80,4.71,14.20
528847,3.91,1.56,1,14.36,13.52,8,14.66,190,0.31,0.30,940,0.00,1.00,0,0.5000,14.50,117,0,0.00,13,7.40,4.74,4.71,14.20
528954,3.91,1.56,1,14.36,13.52,8,14.66,190,0.30,0.31,926,0.00,1.00,0,0.5000,16.00,117,0,0.00,13,7.25,4.74,4.71,14.10
529055,3.12,1.56,1,14.36,13.52,8,14.66,190,0.30,0.30,935,0.00,1.00,0,0.5000,15.50,117,0,0.00,13,7.25,4.71,4.71,14.10
529159,3.12,1.56,1,14.36,13.52,8,14.66,190,0.30,0.31,925,0.00,1.00,0,0.5000,16.50,117,0,0.00,13,7.25,4.68,4.71,14.10
529263,2.34,1.56,1,14.36,13.52,8,14.66,190,0.30,0.30,927,0.00,1.00,0,0.5000,16.50,117,0,0.00,13,7.11,4.52,3.92,14.20
529368,2.34,1.56,1,14.36,13.52,8,14.67,190,0.29,0.28,920,0.00,1.00,0,0.5000,16.50,117,0,0.00,13,6.96,4.24,4.31,14.10
529472,2.34,1.56,1,14.36,13.60,8,14.67,190,0.29,0.29,905,0.00,1.00,0,0.5000,17.00,117,0,0.00,13,6.96,4.35,4.31,14.20
529575,1.56,1.56,1,14.36,13.52,8,14.67,190,0.29,0.29,899,0.00,1.00,0,0.5000,17.00,117,0,0.00,13,6.96,4.40,4.31,14.10
529679,1.56,1.56,1,14.36,13.52,8,14.68,190,0.29,0.30,872,0.00,1.00,0,0.5000,18.50,117,0,0.00,13,6.96,4.38,4.71,14.10
529784,0.78,1.56,1,14.36,13.52,8,14.68,190,0.29,0.30,867,0.00,1.00,0,0.5000,18.50,117,0,0.00,13,6.96,4.35,4.31,14.10
529888,0.00,1.56,1,14.36,13.52,8,14.68,190,0.29,0.31,850,0.00,1.00,0,0.5000,20.00,117,0,0.00,13,7.11,4.32,4.31,14.00
529993,0.00,1.56,1,14.36,13.44,8,14.68,190,0.30,0.30,850,0.00,1.00,0,0.5000,19.50,117,0,0.00,13,7.11,4.29,4.31,14.00
530097,-0.78,1.56,1,14.36,13.52,8,14.68,190,0.30,0.31,828,0.00,1.00,0,0.5000,21.00,117,0,0.00,13,7.11,4.24,4.31,13.90
530201,-0.78,1.56,1,14.36,13.44,8,14.69,190,0.30,0.31,828,0.00,1.00,0,0.5000,20.50,117,0,0.00,13,7.11,4.24,4.31,13.90
530305,-0.78,1.56,1,14.36,13.52,8,14.69,190,0.30,0.31,809,0.00,1.00,0,0.5000,21.50,117,0,0.00,13,7.25,4.24,4.31,14.00
530408,-0.78,1.56,1,14.36,13.60,8,14.69,190,0.30,0.31,808,0.00,1.00,0,0.5000,21.00,117,0,0.00,13,7.25,4.18,4.31,14.20
530513,-0.78,1.56,1,14.36,13.52,8,14.69,190,0.30,0.31,798,0.00,1.00,0,0.5000,21.50,117,0,0.00,13,7.40,4.18,3.92,14.10
530617,-0.78,1.56,1,14.36,13.52,8,14.69,190,0.31,0.32,784,0.00,1.00,0,0.5000,22.00,117,0,0.00,13,7.40,4.18,3.92,14.20
530721,-0.78,1.56,1,14.36,13.52,8,14.69,190,0.31,0.32,790,0.00,1.00,0,0.5000,21.00,117,0,0.00,13,7.40,4.18,3.92,14.30
530825,-0.78,1.56,1,14.36,13.52,8,14.69,190,0.31,0.32,785,0.00,1.00,0,0.5000,21.00,117,0,0.00,13,7.55,4.16,4.31,14.30
530929,-0.78,1.56,1,14.36,13.52,8,14.69,190,0.31,0.32,782,0.00,1.00,0,0.5000,21.00,117,0,0.00,13,7.55,4.21,4.31,14.40
531033,-0.78,1.56,1,14.36,13.52,8,14.69,190,0.32,0.33,780,0.00,1.00,0,0.5000,20.50,117,0,0.00,13,7.55,4.24,4.31,14.50
531137,-0.78,1.56,1,14.36,13.60,8,14.69,190,0.32,0.33,767,0.00,1.00,0,0.5000,21.00,117,0,0.00,13,7.69,4.29,4.31,14.50
531241,0.00,1.56,1,14.36,13.44,8,14.69,190,0.32,0.34,772,0.00,1.00,0,0.5000,20.50,117,0,0.00,13,7.84,4.32,4.31,14.50
531345,0.00,1.56,1,14.36,13.44,8,14.69,190,0.32,0.33,782,0.00,1.00,0,0.5000,19.00,117,0,0.00,13,7.84,4.32,4.31,14.30
531449,0.00,1.56,1,14.36,13.52,8,14.69,190,0.33,0.33,776,0.00,1.00,0,0.5000,19.50,117,0,0.00,13,7.84,4.35,4.31,14.80
531553,0.00,1.56,1,14.36,13.52,8,14.69,190,0.33,0.33,779,0.00,1.00,0,0.5000,18.50,117,0,0.00,13,7.84,4.35,4.71,15.00
531657,0.78,1.56,1,14.36,13.60,8,14.69,190,0.33,0.33,790,0.00,1.00,0,0.5000,17.50,117,0,0.00,13,7.98,4.40,4.71,15.00
531761,0.78,1.56,1,14.36,13.52,8,14.69,190,0.33,0.33,793,0.00,1.00,0,0.5000,17.00,117,0,0.00,13,7.98,4.40,4.71,15.00
531865,1.56,1.56,1,14.36,13.60,8,14.69,190,0.33,0.33,815,0.00,1.00,0,0.5000,17.00,117,0,0.00,13,7.98,4.43,4.71,15.00
531969,1.56,1.56,1,14.36,13.52,8,14.69,190,0.33,0.33,818,0.00,1.00,0,0.5000,17.00,117,0,0.00,13,7.98,4.46,4.71,15.30
532073,1.56,1.56,1,14.36,13.52,8,14.69,190,0.33,0.33,818,0.00,1.00,0,0.5000,17.00,117,0,0.00,13,7.84,4.49,4.71,15.20
532177,1.56,1.56,1,14.36,13.52,8,14.69,190,0.32,0.32,835,0.00,1.00,0,0.5000,16.50,117,0,0.00,13,7.84,4.52,4.71,15.10
532281,2.34,1.56,1,14.36,13.44,8,14.68,190,0.32,0.33,828,0.00,1.00,0,0.5000,16.50,117,0,0.00,13,7.84,4.52,4.71,15.20
532385,2.34,1.56,1,14.36,13.44,8,14.68,190,0.32,0.32,842,0.00,1.00,0,0.5000,16.00,117,0,0.00,13,7.69,4.52,4.71,15.20
532489,2.34,1.56,1,14.36,13.52,8,14.68,190,0.32,0.32,848,0.00,1.00,0,0.5000,16.00,117,0,0.00,13,7.69,4.57,4.71,15.10
532594,2.34,1.56,1,14.36,13.44,8,14.68,190,0.32,0.32,858,0.00,1.00,0,0.5000,15.50,117,0,0.00,13,7.69,4.57,4.71,15.10
532697,2.34,1.56,1,14.36,13.52,8,14.68,190,0.32,0.32,852,0.00,1.00,0,0.5000,16.00,117,0,0.00,13,7.69,4.57,4.71,15.00
532801,2.34,2.34,1,14.36,13.52,8,14.68,190,0.32,0.32,868,0.00,1.00,0,0.5000,15.00,117,0,0.00,13,7.55,4.60,4.71,14.90
532905,2.34,2.34,1,14.36,13.52,8,14.68,190,0.32,0.32,858,0.00,1.00,0,0.5000,16.00,117,0,0.00,13,7.55,4.60,4.71,14.90
533009,1.56,2.34,1,14.36,13.60,8,14.68,190,0.32,0.32,871,0.00,1.00,0,0.5000,15.00,117,0,0.00,13,7.55,4.63,4.71,14.80
533114,1.56,2.34,1,14.36,13.44,8,14.68,190,0.32,0.32,856,0.00,1.00,0,0.5000,16.50,117,0,0.00,13,7.55,4.63,4.71,14.80
533218,1.56,2.34,1,14.36,13.60,8,14.68,190,0.32,0.32,865,0.00,1.00,0,0.5000,16.00,117,0,0.00,13,7.55,4.63,4.71,15.20
533322,1.56,2.34,1,14.36,13.60,8,14.68,190,0.32,0.32,860,0.00,1.00,0,0.5000,16.50,117,0,0.00,13,7.55,4.63,4.71,14.50
533426,1.56,2.34,1,14.36,13.60,8,14.68,190,0.32,0.32,864,0.00,1.00,0,0.5000,16.50,117,0,0.00,13,7.55,4.63,4.71,14.50
533530,1.56,2.34,1,14.36,13.52,8,14.68,190,0.32,0.32,856,0.00,1.00,0,0.5000,16.50,117,0,0.00,13,7.55,4.63,4.71,14.50
533634,0.78,2.34,1,14.36,13.52,8,14.68,190,0.32,0.32,870,0.00,1.00,0,0.5000,16.00,117,0,0.00,13,7.55,4.60,4.71,14.50
533738,0.78,2.34,1,14.36,13.60,8,14.68,190,0.31,0.32,865,0.00,1.00,0,0.5000,16.50,117,0,0.00,13,7.55,4.57,4.71,14.40
533842,0.78,2.34,1,14.36,13.52,8,14.68,190,0.31,0.31,871,0.00,1.00,0,0.5000,16.50,117,0,0.00,13,7.40,4.54,4.71,14.50
533946,0.78,2.34,1,14.36,13.60,8,14.68,190,0.31,0.32,864,0.00,1.00,0,0.5000,16.50,117,0,0.00,13,7.40,4.57,4.71,14.40
534050,0.00,2.34,1,14.36,13.52,8,14.68,190,0.31,0.32,865,0.00,1.00,0,0.5000,16.50,118,0,0.00,13,7.40,4.57,4.71,14.40
534154,0.00,2.34,1,14.36,13.52,8,14.68,190,0.31,0.32,853,0.00,1.00,0,0.5000,17.00,118,0,0.00,13,7.40,4.57,4.71,14.40
534258,0.00,2.34,1,14.36,13.60,8,14.68,190,0.31,0.32,858,0.00,1.00,0,0.5000,17.00,118,0,0.00,13,7.40,4.57,4.71,14.40
534363,0.00,2.34,1,14.36,13.52,8,14.68,190,0.31,0.32,848,0.00,1.00,0,0.5000,17.00,118,0,0.00,13,7.40,4.57,4.71,14.50
534466,0.00,2.34,1,14.36,13.60,8,14.68,190,0.31,0.32,857,0.00,1.00,0,0.5000,17.00,118,0,0.00,13,7.40,4.54,4.71,14.30
534570,0.00,2.34,1,14.36,13.52,8,14.68,190,0.32,0.32,841,0.00,1.00,0,0.5000,17.00,118,0,0.00,13,7.40,4.52,4.71,14.40
534674,-0.78,2.34,1,14.36,13.52,8,14.68,190,0.32,0.32,840,0.00,1.00,0,0.5000,17.00,118,0,0.00,13,7.40,4.52,4.71,14.40
534778,-0.78,2.34,1,14.36,13.52,8,14.69,190,0.32,0.32,845,0.00,1.00,0,0.5000,17.00,118,0,0.00,13,7.40,4.52,4.71,14.40
534882,-0.78,2.34,1,14.36,13.52,8,14.69,190,0.32,0.33,822,0.00,1.00,0,0.5000,18.00,118,0,0.00,13,7.55,4.52,4.71,14.40
534986,-0.78,2.34,1,14.36,13.52,8,14.69,190,0.32,0.33,817,0.00,1.00,0,0.5000,18.00,118,0,0.00,13,7.55,4.52,4.71,14.40
535090,-0.78,2.34,1,14.36,13.52,8,14.69,190,0.32,0.33,811,0.00,1.00,0,0.5000,18.00,118,0,0.00,13,7.69,4.52,4.31,14.50
535194,-0.78,2.34,1,14.36,13.60,8,14.69,190,0.32,0.33,816,0.00,1.00,0,0.5000,17.50,118,0,0.00,13,7.69,4.46,4.31,14.50
535298,-0.78,2.34,1,14.36,13.52,8,14.69,190,0.32,0.33,812,0.00,1.00,0,0.5000,18.00,118,0,0.00,13,7.69,4.46,4.31,14.50
535403,-0.78,2.34,1,14.36,13.52,8,14.69,190,0.32,0.33,809,0.00,1.00,0,0.5000,18.00,118,0,0.00,13,7.69,4.46,4.31,14.50
535507,-0.78,2.34,1,14.36,13.52,8,14.69,190,0.32,0.33,820,0.00,1.00,0,0.5000,17.00,118,0,0.00,13,7.69,4.46,4.31,14.60
535612,-0.78,2.34,1,14.36,13.52,8,14.69,190,0.32,0.33,817,0.00,1.00,0,0.5000,17.00,118,0,0.00,13,7.69,4.46,4.71,14.60
535715,-0.78,2.34,1,14.36,13.52,8,14.69,190,0.32,0.33,821,0.00,1.00,0,0.5000,17.00,118,0,0.00,13,7.69,4.52,4.71,14.60
535819,-0.78,2.34,1,14.36,13.52,8,14.69,190,0.32,0.33,820,0.00,1.00,0,0.5000,17.00,118,0,0.00,13,7.69,4.52,4.71,14.50
535924,-0.78,2.34,1,14.36,13.52,8,14.69,190,0.33,0.33,824,0.00,1.00,0,0.5000,17.00,118,0,0.00,13,7.69,4.52,4.71,14.60
536028,0.00,2.34,1,14.36,13.60,8,14.69,190,0.33,0.33,819,0.00,1.00,0,0.5000,17.00,118,0,0.00,13,7.69,4.52,4.71,14.70
536132,0.00,2.34,1,14.36,13.52,8,14.69,190,0.33,0.33,818,0.00,1.00,0,0.5000,17.00,118,0,0.00,13,7.69,4.52,4.71,14.80
536236,0.00,2.34,1,14.36,13.52,8,14.69,190,0.32,0.33,833,0.00,1.00,0,0.5000,17.00,118,0,0.00,13,7.69,4.52,4.71,14.70
536340,0.00,2.34,1,14.36,13.52,8,14.68,190,0.32,0.33,824,0.00,1.00,0,0.5000,17.00,118,0,0.00,13,7.69,4.52,4.71,14.80
536444,0.00,2.34,1,14.36,13.44,8,14.69,190,0.32,0.33,834,0.00,1.00,0,0.5000,17.00,118,0,0.00,13,7.69,4.54,4.71,14.80
536548,0.00,2.34,1,14.36,13.52,8,14.68,190,0.32,0.33,833,0.00,1.00,0,0.5000,17.00,118,0,0.00,13,7.69,4.54,4.71,14.70
536652,0.00,2.34,1,14.36,13.52,8,14.68,190,0.32,0.33,843,0.00,1.00,0,0.5000,16.50,118,0,0.00,13,7.69,4.54,4.71,14.80
536756,0.00,2.34,1,14.36,13.68,8,14.68,190,0.32,0.32,838,0.00,1.00,0,0.5000,16.50,118,0,0.00,13,7.55,4.54,4.71,14.80
536860,0.00,2.34,1,14.36,13.52,8,14.68,190,0.32,0.33,840,0.00,1.00,0,0.5000,16.50,118,0,0.00,13,7.55,4.54,4.71,14.70
536964,-0.78,2.34,1,14.36,13.52,8,14.68,190,0.32,0.32,846,0.00,1.00,0,0.5000,16.50,118,0,0.00,13,7.55,4.54,4.71,14.80
537068,-0.78,2.34,1,14.36,13.60,8,14.68,190,0.32,0.33,842,0.00,1.00,0,0.5000,16.50,118,0,0.00,13,7.55,4.57,4.71,14.60
537172,-0.78,2.34,1,14.36,13.52,8,14.68,190,0.32,0.33,842,0.00,1.00,0,0.5000,16.50,118,0,0.00,13,7.55,4.57,4.71,14.70
537276,-0.78,2.34,1,14.36,13.60,8,14.68,190,0.32,0.33,842,0.00,1.00,0,0.5000,17.00,118,0,0.00,13,7.55,4.57,4.71,14.70
537380,-0.78,2.34,1,14.36,13.44,8,14.68,190,0.32,0.32,854,0.00,1.00,0,0.5000,16.50,118,0,0.00,13,7.55,4.57,4.71,14.50
537484,-0.78,2.34,1,14.36,13.52,8,14.68,190,0.32,0.32,850,0.00,1.00,0,0.5000,16.50,118,0,0.00,13,7.55,4.52,4.71,14.60
537588,-0.78,2.34,1,14.36,13.44,8,14.68,190,0.32,0.32,852,0.00,1.00,0,0.5000,16.50,118,0,0.00,13,7.55,4.52,4.31,14.60
537693,-0.78,2.34,1,14.36,13.60,8,14.68,190,0.32,0.33,834,0.00,1.00,0,0.5000,17.00,118,0,0.00,13,7.55,4.52,4.31,14.60
537796,-0.78,2.34,1,14.36,13.52,8,14.69,190,0.32,0.32,842,0.00,1.00,0,0.5000,17.00,118,0,0.00,13,7.55,4.52,4.31,14.60
537900,-0.78,2.34,1,14.36,13.52,8,14.68,190,0.32,0.33,833,0.00,1.00,0,0.5000,17.00,118,0,0.00,13,7.55,4.52,4.31,14.60
538004,-0.78,2.34,1,14.36,13.60,8,14.69,190,0.32,0.33,830,0.00,1.00,0,0.5000,17.00,118,0,0.00,13,7.55,4.52,4.31,14.60
538108,-0.78,2.34,1,14.36,13.44,8,14.69,190,0.32,0.33,820,0.00,1.00,0,0.5000,17.00,118,0,0.00,13,7.55,4.49,4.71,14.50
538212,-0.78,2.34,1,14.36,13.52,8,14.69,190,0.32,0.33,815,0.00,1.00,0,0.5000,17.50,118,0,0.00,13,7.55,4.52,4.71,14.60
538316,-0.78,2.34,1,14.36,13.52,8,14.69,190,0.32,0.33,813,0.00,1.00,0,0.5000,17.50,118,0,0.00,13,7.55,4.52,4.71,14.50
538421,-0.78,2.34,1,14.36,13.52,8,14.69,190,0.33,0.34,808,0.00,1.00,0,0.5000,17.50,118,0,0.00,13,7.69,4.52,4.31,14.60
538524,-0.78,2.34,1,14.36,13.44,8,14.69,190,0.33,0.33,817,0.00,1.00,0,0.5000,17.00,118,0,0.00,13,7.69,4.51,4.31,14.50
538628,-0.78,2.34,1,14.36,13.52,8,14.69,190,0.33,0.34,804,0.00,1.00,0,0.5000,17.50,118,0,0.00,13,7.69,4.51,4.31,14.50
538733,-0.78,2.34,1,14.36,13.60,8,14.69,190,0.33,0.34,803,0.00,1.00,0,0.5000,17.50,118,0,0.00,13,7.69,4.51,4.31,14.60
538836,-0.78,2.34,1,14.36,13.52,8,14.69,190,0.33,0.33,812,0.00,1.00,0,0.5000,17.00,118,0,0.00,13,7.69,4.51,4.31,14.60
538940,-0.78,2.34,1,14.36,13.52,8,14.69,190,0.33,0.34,804,0.00,1.00,0,0.5000,17.00,118,0,0.00,13,7.69,4.51,4.31,14.80
539044,-0.78,2.34,1,14.36,13.52,8,14.69,190,0.33,0.33,821,0.00,1.00,0,0.5000,17.00,118,0,0.00,13,7.69,4.51,4.31,14.70
539148,-0.78,2.34,1,14.36,13.52,8,14.69,190,0.33,0.33,819,0.00,1.00,0,0.5000,17.00,118,0,0.00,13,7.69,4.51,4.71,14.70
539252,-0.78,2.34,1,14.36,13.52,8,14.69,190,0.33,0.33,834,0.00,1.00,0,0.5000,16.50,118,0,0.00,13,7.69,4.51,4.71,14.80
539356,-0.78,2.34,1,14.36,13.52,8,14.69,190,0.32,0.33,832,0.00,1.00,0,0.5000,16.50,118,0,0.00,13,7.69,4.51,4.71,14.70
539460,-0.78,2.34,1,14.36,13.60,8,14.68,190,0.32,0.33,826,0.00,1.00,0,0.5000,17.00,118,0,0.00,13,7.69,4.51,4.31,14.70
539564,-0.78,2.34,1,14.36,13.44,8,14.69,190,0.32,0.32,833,0.00,1.00,0,0.5000,16.50,118,0,0.00,13,7.69,4.51,4.71,14.70
539669,-0.78,2.34,1,14.36,13.52,8,14.68,190,0.32,0.33,829,0.00,1.00,0,0.5000,17.00,118,0,0.00,13,7.69,4.51,4.31,14.80
539772,-0.78,2.34,1,14.36,13.44,8,14.69,190,0.32,0.32,834,0.00,1.00,0,0.5000,16.50,118,0,0.00,13,7.55,4.51,4.71,14.70
539877,-0.78,2.34,1,14.36,13.52,8,14.69,190,0.32,0.33,827,0.00,1.00,0,0.5000,17.00,118,0,0.00,13,7.55,4.51,4.31,14.70
539981,-0.78,2.34,1,14.36,13.60,8,14.69,190,0.32,0.33,836,0.00,1.00,0,0.5000,16.50,118,0,0.00,13,7.55,4.51,4.31,14.70
540085,-0.78,2.34,1,14.36,13.60,8,14.69,190,0.32,0.33,823,0.00,1.00,0,0.5000,17.00,118,0,0.00,13,7.55,4.51,4.31,14.70
540188,-0.78,2.34,1,14.36,13.52,8,14.69,190,0.32,0.33,824,0.00,1.00,0,0.5000,17.00,118,0,0.00,13,7.55,4.51,4.31,14.90
540292,-0.78,2.34,1,14.36,13.44,8,14.69,190,0.32,0.33,826,0.00,1.00,0,0.5000,17.00,118,0,0.00,13,7.55,4.51,4.31,14.70
540397,-0.78,2.34,1,14.36,13.52,8,14.69,190,0.32,0.33,812,0.00,1.00,0,0.5000,17.00,118,0,0.00,13,7.69,4.51,4.71,14.70
540500,-0.78,2.34,1,14.36,13.52,8,14.69,190,0.33,0.33,815,0.00,1.00,0,0.5000,17.00,118,0,0.00,13,7.69,4.51,4.71,14.60
540604,-0.78,2.34,1,14.36,13.60,8,14.69,190,0.33,0.33,805,0.00,1.00,0,0.5000,17.00,118,0,0.00,13,7.69,4.51,4.31,14.70
540708,-0.78,2.34,1,14.36,13.60,8,14.69,190,0.33,0.34,811,0.00,1.00,0,0.5000,17.00,118,0,0.00,13,7.69,4.51,4.31,14.70
540812,-0.78,2.34,1,14.36,13.44,8,14.69,190,0.33,0.33,810,0.00,1.00,0,0.5000,17.00,118,0,0.00,13,7.69,4.51,4.71,14.70
540916,-0.78,2.34,1,14.36,13.44,8,14.69,190,0.33,0.34,807,0.00,1.00,0,0.5000,17.00,118,0,0.00,13,7.69,4.51,4.71,14.60
541020,-0.78,2.34,1,14.36,13.52,8,14.69,190,0.33,0.33,811,0.00,1.00,0,0.5000,17.00,118,0,0.00,13,7.69,4.51,4.71,14.60
541125,-0.78,2.34,1,14.36,13.52,8,14.69,190,0.33,0.33,808,0.00,1.00,0,0.5000,17.00,118,0,0.00,13,7.84,4.51,4.31,14.70
541229,-0.78,2.34,1,14.36,13.60,8,14.69,190,0.33,0.34,817,0.00,1.00,0,0.5000,17.00,118,0,0.00,13,7.84,4.51,4.71,14.70
541332,-0.78,2.34,1,14.36,13.44,8,14.69,190,0.33,0.33,819,0.00,1.00,0,0.5000,17.00,118,0,0.00,13,7.69,4.51,4.71,14.70
541437,-0.78,2.34,1,14.36,13.44,8,14.69,190,0.33,0.33,813,0.00,1.00,0,0.5000,17.00,118,0,0.00,13,7.69,4.51,4.71,14.90
541541,-0.78,2.34,1,14.36,13.52,8,14.69,190,0.33,0.33,819,0.00,1.00,0,0.5000,17.00,118,0,0.00,13,7.69,4.51,4.31,14.80
541645,-0.78,2.34,1,14.36,13.52,8,14.69,190,0.33,0.34,816,0.00,1.00,0,0.5000,17.00,118,0,0.00,13,7.69,4.57,4.71,14.80
541749,-0.78,2.34,1,14.36,13.52,8,14.69,190,0.33,0.33,832,0.00,1.00,0,0.5000,16.50,118,0,0.00,13,7.69,4.51,4.31,14.80
541853,-0.78,2.34,1,14.36,13.60,8,14.69,190,0.33,0.33,824,0.00,1.00,0,0.5000,17.00,118,0,0.00,13,7.69,4.51,4.31,14.80
541957,-0.78,2.34,1,14.36,13.60,8,14.69,190,0.33,0.33,820,0.00,1.00,0,0.5000,17.00,118,0,0.00,13,7.69,4.54,4.31,14.80
542061,0.00,2.34,1,14.36,13.52,8,14.69,190,0.33,0.33,826,0.00,1.00,0,0.5000,17.00,118,0,0.00,13,7.69,4.51,4.71,14.80
542165,0.00,2.34,1,14.36,13.52,8,14.69,190,0.33,0.33,822,0.00,1.00,0,0.5000,17.00,118,0,0.00,13,7.69,4.54,4.71,14.80
542269,-0.78,2.34,1,14.36,13.44,8,14.69,190,0.32,0.32,834,0.00,1.00,0,0.5000,16.50,118,0,0.00,13,7.69,4.54,4.31,14.90
542372,-0.78,2.34,1,14.36,13.44,8,14.68,190,0.32,0.33,828,0.00,1.00,0,0.5000,17.00,118,0,0.00,13,7.69,4.54,4.31,14.80
542477,-0.78,2.34,1,14.36,13.36,8,14.69,190,0.32,0.33,835,0.00,1.00,0,0.5000,16.50,118,0,0.00,13,7.69,4.54,4.71,14.70
542580,-0.78,2.34,1,14.36,13.60,8,14.68,190,0.32,0.33,827,0.00,1.00,0,0.5000,17.00,118,0,0.00,13,7.55,4.54,4.71,14.70
542685,-0.78,2.34,1,14.36,13.60,8,14.69,190,0.32,0.33,826,0.00,1.00,0,0.5000,17.00,118,0,0.00,13,7.55,4.51,4.71,14.60
542789,-0.78,2.34,1,14.36,13.60,8,14.69,190,0.32,0.33,832,0.00,1.00,0,0.5000,16.50,118,0,0.00,13,7.69,4.51,4.31,14.60
542893,-0.78,2.34,1,14.36,13.52,8,14.68,190,0.32,0.32,842,0.00,1.00,0,0.5000,10.00,118,0,0.00,13,7.55,4.35,3.53,14.50
542996,-0.78,2.34,1,14.36,13.52,8,14.67,190,0.30,0.28,887,0.00,1.07,0,0.5000,10.00,118,0,0.00,13,7.25,4.02,3.53,14.60
543101,-0.78,2.34,1,14.36,13.52,8,14.67,190,0.29,0.27,893,0.00,1.00,0,0.5000,10.00,118,0,0.00,13,6.82,3.97,3.53,14.50
543204,-1.56,2.34,1,14.36,13.60,8,14.67,190,0.28,0.26,910,0.00,1.00,0,0.5000,12.50,118,0,0.00,13,6.67,3.97,3.92,14.50
543309,-1.56,2.34,1,14.36,13.60,8,14.66,190,0.27,0.25,935,0.00,1.00,0,0.5000,12.00,118,0,0.00,13,6.53,3.97,3.92,14.50
543413,-2.34,2.34,1,14.36,13.52,8,14.66,190,0.26,0.26,932,0.00,1.00,0,0.5000,12.00,118,0,0.00,13,6.38,4.02,3.92,14.40
543517,-3.12,2.34,1,14.36,13.44,8,14.66,190,0.26,0.26,934,0.00,1.00,0,0.5000,12.50,118,0,0.00,13,6.38,4.02,3.92,14.50
543621,-3.91,2.34,1,14.36,13.60,8,14.66,190,0.26,0.26,930,0.00,1.00,0,0.5000,13.00,118,0,0.00,13,6.24,4.02,3.92,14.20
543725,-3.91,2.34,1,14.36,13.60,8,14.67,190,0.26,0.26,916,0.00,1.00,0,0.5000,15.00,118,0,0.00,13,6.09,3.97,3.53,14.10
543829,-4.69,2.34,1,14.36,13.52,8,14.67,190,0.25,0.25,922,0.00,1.00,0,0.5000,15.00,118,0,0.00,13,6.09,3.89,3.53,14.10
543933,-4.69,2.34,1,14.36,13.60,8,14.67,190,0.25,0.25,898,0.00,1.00,0,0.5000,16.50,118,0,0.00,13,6.09,3.81,3.53,14.00
544037,-4.69,2.34,1,14.36,13.52,8,14.67,190,0.25,0.25,905,0.00,1.00,0,0.5000,16.50,118,0,0.00,13,5.95,3.81,3.53,14.00
544141,-5.47,2.34,1,14.36,13.52,8,14.67,190,0.25,0.25,891,0.00,1.00,0,0.5000,17.00,118,0,0.00,13,5.95,3.76,3.53,13.90
544245,-6.25,2.34,1,14.36,13.60,8,14.68,190,0.25,0.25,886,0.00,1.00,0,0.5000,17.00,118,0,0.00,13,5.95,3.66,3.14,13.90
544349,-6.25,2.34,1,14.36,13.52,8,14.68,190,0.25,0.25,857,0.00,1.00,0,0.5000,18.00,118,0,0.00,13,5.95,3.61,3.53,14.00
544453,-6.25,2.34,1,14.36,13.60,8,14.68,190,0.25,0.25,855,0.00,1.00,0,0.5000,18.00,118,0,0.00,13,5.95,3.61,3.14,14.00
544557,-7.03,2.34,1,14.36,13.60,8,14.69,190,0.25,0.26,832,0.00,1.00,0,0.5000,19.50,118,0,0.00,13,5.95,3.56,3.14,14.00
544661,-7.03,2.34,1,14.36,13.44,8,14.69,190,0.25,0.26,834,0.00,1.00,0,0.5000,19.00,118,0,0.00,13,5.95,3.51,3.14,14.00
544765,-7.81,2.34,1,14.36,13.44,8,14.69,190,0.25,0.26,806,0.00,1.00,0,0.5000,21.00,118,0,0.00,13,6.09,3.51,3.14,14.00
544869,-7.81,2.34,1,14.36,13.52,8,14.69,190,0.25,0.26,800,0.00,1.00,0,0.5000,21.00,118,0,0.00,13,6.09,3.47,3.14,14.00
544973,-7.81,2.34,1,14.36,13.44,8,14.69,190,0.25,0.26,798,0.00,1.00,0,0.5000,21.00,118,0,0.00,13,6.09,3.42,3.14,14.00
545077,-7.81,2.34,1,14.36,13.60,8,14.69,190,0.25,0.27,768,0.00,1.00,0,0.5000,22.00,118,0,0.00,13,6.09,3.40,3.14,14.10
545181,-7.81,2.34,1,14.36,13.52,8,14.69,190,0.25,0.26,765,0.00,1.00,0,0.5000,22.00,118,0,0.00,13,6.24,3.37,3.14,14.00
545285,-8.59,2.34,1,14.36,13.52,8,14.69,190,0.25,0.26,760,0.00,1.00,0,0.5000,22.00,118,0,0.00,13,6.24,3.33,3.14,14.20
545389,-8.59,2.34,1,14.36,13.52,8,14.69,190,0.25,0.27,738,0.00,1.00,0,0.5000,22.00,118,0,0.00,13,6.38,3.33,3.14,14.20
545493,-8.59,2.34,1,14.36,13.60,8,14.69,190,0.26,0.27,738,0.00,1.00,0,0.5000,22.00,118,0,0.00,13,6.38,3.33,3.14,14.20
545597,-8.59,2.34,1,14.36,13.52,8,14.69,190,0.26,0.27,739,0.00,1.00,0,0.5000,22.00,118,0,0.00,13,6.38,3.28,3.14,14.30
545701,-8.59,2.34,1,14.36,13.60,8,14.69,190,0.26,0.26,726,0.00,1.00,0,0.5000,22.00,118,0,0.00,13,6.38,3.24,3.14,14.20
545805,-8.59,2.34,1,14.36,13.52,8,14.69,190,0.26,0.27,724,0.00,1.00,0,0.5000,22.00,118,0,0.00,13,6.53,3.24,3.14,14.30
545909,-8.59,2.34,1,14.36,13.52,8,14.69,190,0.26,0.27,731,0.00,1.00,0,0.5000,21.50,118,0,0.00,13,6.53,3.19,3.14,14.50
546013,-8.59,2.34,1,14.36,13.52,8,14.69,190,0.26,0.26,726,0.00,1.00,0,0.5000,21.50,118,0,0.00,13,6.53,3.19,3.14,14.50
546117,-7.81,2.34,1,14.36,13.60,8,14.69,190,0.26,0.27,696,0.00,1.00,0,0.5000,22.00,118,0,0.00,13,6.53,3.19,3.14,14.50
546222,-7.81,2.34,1,14.36,13.52,8,14.69,190,0.26,0.27,694,0.00,1.00,0,0.5000,22.00,118,0,0.00,13,6.67,3.17,3.14,14.50
546325,-7.81,2.34,1,14.36,13.52,8,14.69,190,0.26,0.28,686,0.00,1.00,0,0.5000,22.00,118,0,0.00,13,6.67,3.17,3.14,14.50
546428,-7.81,2.34,1,14.36,13.44,8,14.69,190,0.27,0.28,678,0.00,1.00,0,0.5000,22.00,118,0,0.00,13,6.82,3.19,3.14,14.40
546533,-7.03,2.34,1,14.36,13.60,8,14.69,190,0.27,0.28,685,0.00,1.00,0,0.5000,22.00,118,0,0.00,13,6.96,3.24,3.14,14.80
546637,-7.03,2.34,1,14.36,13.60,8,14.69,190,0.27,0.29,688,0.00,1.00,0,0.5000,21.50,118,0,0.00,13,6.96,3.28,3.14,14.80
546741,-7.03,2.34,1,14.36,13.52,8,14.69,190,0.27,0.29,690,0.00,1.00,0,0.5000,20.50,118,0,0.00,13,7.11,3.28,3.14,14.80
546846,-6.25,2.34,1,14.36,13.44,8,14.69,190,0.27,0.28,691,0.00,1.00,0,0.5000,20.50,118,0,0.00,13,7.11,3.26,3.14,14.90
546949,-6.25,2.34,1,14.36,13.60,8,14.69,190,0.27,0.28,699,0.00,1.00,0,0.5000,19.50,118,0,0.00,13,7.11,3.28,3.14,15.10
547053,-5.47,2.34,1,14.36,13.52,8,14.69,190,0.27,0.28,691,0.00,1.00,0,0.5000,20.00,118,0,0.00,13,7.25,3.26,3.14,15.10
547157,-4.69,2.34,1,14.36,13.52,8,14.69,190,0.27,0.27,707,0.00,1.00,0,0.5000,18.00,118,0,0.00,13,7.25,3.24,3.14,15.30
547261,-3.91,2.34,1,14.36,13.60,8,14.69,190,0.27,0.28,695,0.00,1.00,0,0.5000,19.00,118,0,0.00,13,7.25,3.28,3.53,15.60
547365,-3.91,2.34,1,14.36,13.52,8,14.69,190,0.27,0.28,708,0.00,1.00,0,0.5000,17.50,118,0,0.00,13,7.25,3.31,3.53,15.70
547469,-2.34,2.34,1,14.36,13.52,8,14.69,190,0.27,0.27,742,0.00,1.00,0,0.5000,16.50,118,0,0.00,13,7.25,3.33,3.53,15.70
547573,-1.56,2.34,1,14.36,13.52,8,14.69,190,0.27,0.27,726,0.00,1.00,0,0.5000,17.00,118,0,0.00,13,7.25,3.33,3.53,16.00
547677,-0.78,2.34,1,14.36,13.52,8,14.69,190,0.27,0.28,731,0.00,1.00,0,0.5000,17.00,118,0,0.00,13,7.25,3.35,3.53,16.00
547781,0.00,2.34,1,14.36,13.60,8,14.69,190,0.27,0.27,761,0.00,1.00,0,0.5000,16.00,118,0,0.00,13,7.25,3.37,3.53,16.10
547885,0.00,2.34,1,14.36,13.52,8,14.69,190,0.26,0.26,772,0.00,1.00,0,0.5000,15.00,118,0,0.00,13,7.11,3.35,3.53,16.10
547989,1.56,2.34,1,14.36,13.52,8,14.69,190,0.26,0.27,762,0.00,1.00,0,0.5000,16.50,118,0,0.00,13,7.11,3.37,3.53,16.10
548093,1.56,2.34,1,14.36,13.52,8,14.69,190,0.26,0.26,781,0.00,1.00,0,0.5000,15.00,118,0,0.00,13,6.96,3.37,3.53,16.10
548197,2.34,2.34,1,14.36,13.52,8,14.69,190,0.26,0.26,788,0.00,1.00,0,0.5000,14.50,118,0,0.00,13,6.96,3.42,3.53,16.10
548301,3.12,2.34,1,14.36,13.52,8,14.69,190,0.26,0.27,777,0.00,1.00,0,0.5000,16.00,118,0,0.00,13,6.96,3.47,3.92,16.30
548405,3.12,2.34,1,14.36,13.52,8,14.69,190,0.26,0.26,794,0.00,1.00,0,0.5000,14.50,118,0,0.00,13,6.96,3.49,3.92,16.00
548509,3.91,2.34,1,14.36,13.60,8,14.69,190,0.26,0.26,798,0.00,1.00,0,0.5000,15.00,118,0,0.00,13,6.96,3.51,3.92,16.00
548613,4.69,2.34,1,14.36,13.52,8,14.69,190,0.26,0.26,803,0.00,1.00,0,0.5000,14.50,118,0,0.00,13,6.82,3.51,3.92,16.10
548717,4.69,2.34,1,14.36,13.52,8,14.69,190,0.26,0.26,804,0.00,1.00,0,0.5000,15.00,118,0,0.00,13,6.82,3.51,3.92,15.90
548821,5.47,2.34,1,14.36,13.52,8,14.69,190,0.26,0.27,802,0.00,1.00,0,0.5000,15.50,118,0,0.00,13,6.82,3.56,3.53,15.90
548925,5.47,2.34,1,14.36,13.60,8,14.69,190,0.26,0.26,824,0.00,1.00,0,0.5000,13.50,118,0,0.00,13,6.82,3.56,3.53,15.90
549029,6.25,2.34,1,14.36,13.52,8,14.69,190,0.26,0.26,807,0.00,1.00,0,0.5000,16.00,118,0,0.00,13,6.82,3.56,3.53,15.80
549133,6.25,2.34,1,14.36,13.52,8,14.69,190,0.26,0.26,809,0.00,1.00,0,0.5000,16.00,118,0,0.00,13,6.67,3.56,3.53,15.70
549237,6.25,2.34,1,14.36,13.52,8,14.69,190,0.26,0.26,811,0.00,1.00,0,0.5000,16.00,118,0,0.00,13,6.67,3.56,3.53,15.80
549341,6.25,2.34,1,14.36,13.52,8,14.69,190,0.25,0.26,820,0.00,1.00,0,0.5000,15.00,118,0,0.00,13,6.67,3.56,3.53,15.60
549445,6.25,2.34,1,14.36,13.60,8,14.69,190,0.25,0.25,838,0.00,1.00,0,0.5000,13.50,118,0,0.00,13,6.67,3.56,3.53,15.50
549549,6.25,2.34,1,14.36,13.44,8,14.69,190,0.25,0.26,826,0.00,1.00,0,0.5000,15.50,118,0,0.00,13,6.53,3.56,3.53,15.40
549653,6.25,2.34,1,14.36,13.52,8,14.69,190,0.25,0.25,837,0.00,1.00,0,0.5000,14.50,118,0,0.00,13,6.53,3.51,3.53,15.20
549758,6.25,2.34,1,14.36,13.60,8,14.68,190,0.25,0.25,826,0.00,1.00,0,0.5000,16.50,118,0,0.00,13,6.53,3.51,3.53,14.90
549861,5.47,2.34,1,14.36,13.52,8,14.68,190,0.25,0.25,846,0.00,1.00,0,0.5000,14.50,118,0,0.00,13,6.53,3.51,3.53,14.90
549965,5.47,2.34,1,14.36,13.60,8,14.69,190,0.25,0.25,837,0.00,1.00,0,0.5000,15.50,120,0,0.00,13,6.38,3.51,3.53,14.70
550069,5.47,2.34,1,14.36,13.52,8,14.69,190,0.25,0.26,825,0.00,1.00,0,0.5000,16.50,120,0,0.00,13,6.38,3.51,3.53,15.20
550173,5.47,2.34,1,14.36,13.52,8,14.69,190,0.25,0.25,834,0.00,1.00,0,0.5000,16.00,120,0,0.00,13,6.38,3.51,3.53,14.40
550277,4.69,2.34,1,14.36,13.52,8,14.69,190,0.25,0.25,821,0.00,1.00,0,0.5000,17.00,120,0,0.00,13,6.38,3.47,3.53,14.50
550381,4.69,2.34,1,14.36,13.44,8,14.69,190,0.24,0.25,836,0.00,1.00,0,0.5000,16.00,120,0,0.00,13,6.38,3.47,3.53,14.50
550485,3.91,2.34,1,14.36,13.60,8,14.69,190,0.24,0.25,822,0.00,1.00,0,0.5000,17.00,120,0,0.00,13,6.38,3.44,3.53,14.40
550589,3.91,2.34,1,14.36,13.12,8,14.69,190,0.25,0.25,825,0.00,1.00,0,0.5000,17.00,120,0,0.00,13,6.38,3.61,5.10,14.30
550693,3.91,2.34,1,14.36,13.60,8,14.69,190,0.27,0.31,797,0.00,0.86,0,0.5000,17.00,120,0,0.00,13,6.96,4.38,5.49,14.40
550797,3.91,2.34,1,14.36,13.52,8,14.69,190,0.30,0.35,778,0.00,0.86,0,0.5000,18.00,120,0,0.00,13,7.55,4.63,5.49,14.30
550901,3.12,2.34,1,14.36,13.44,8,14.69,190,0.31,0.35,808,0.00,0.91,0,0.5000,17.00,120,0,0.00,13,7.84,4.68,5.49,14.30
551005,3.91,2.34,1,14.36,13.60,8,14.69,190,0.32,0.35,800,0.00,0.99,0,0.5000,17.00,120,0,0.00,13,7.98,4.68,5.49,14.20
551110,4.69,2.34,1,14.36,13.52,8,14.69,190,0.33,0.35,804,0.00,0.99,0,0.5000,17.00,120,0,0.00,13,8.13,4.68,5.10,14.30
551214,4.69,2.34,1,14.36,13.52,8,14.69,190,0.33,0.34,818,0.00,0.99,0,0.5000,16.50,120,0,0.00,13,8.27,4.63,5.10,14.60
551317,5.47,2.34,1,14.36,13.44,8,14.69,190,0.34,0.35,803,0.00,0.99,0,0.5000,17.00,120,0,0.00,13,8.27,4.63,5.10,15.20
551421,6.25,2.34,1,14.36,13.44,8,14.69,190,0.33,0.34,824,0.00,0.99,0,0.5000,16.50,120,0,0.00,13,8.27,4.63,5.10,15.00
551525,7.03,2.34,1,14.36,13.52,8,14.68,190,0.33,0.34,832,0.00,0.99,0,0.5000,16.50,120,0,0.00,13,8.27,4.68,5.10,15.10
551630,7.03,2.34,1,14.36,13.52,8,14.68,190,0.33,0.33,862,0.00,1.00,0,0.5000,14.00,120,0,0.00,13,8.27,4.68,5.10,15.30
551733,7.81,2.34,1,14.36,13.60,8,14.67,190,0.33,0.33,871,0.00,1.00,0,0.5000,13.50,120,0,0.00,13,8.13,4.74,5.10,15.60
551837,7.81,2.34,1,14.36,13.52,8,14.67,190,0.32,0.32,892,0.00,1.00,0,0.5000,12.50,120,0,0.00,13,7.98,4.74,5.10,15.50
551942,7.03,2.34,1,14.36,13.52,8,14.67,190,0.32,0.32,897,0.00,1.00,0,0.5000,12.50,120,0,0.00,13,7.98,4.80,5.10,15.50
552045,7.03,2.34,1,14.36,13.44,8,14.67,190,0.32,0.31,918,0.00,1.00,0,0.5000,12.00,120,0,0.00,13,7.84,4.80,5.10,15.30
552150,6.25,2.34,1,14.36,13.52,8,14.66,190,0.32,0.31,919,0.00,1.00,0,0.5000,12.00,120,0,0.00,13,7.84,4.80,5.10,15.10
552254,6.25,2.34,1,14.36,13.60,8,14.67,190,0.32,0.31,918,0.00,1.00,0,0.5000,12.50,120,0,0.00,13,7.69,4.86,5.10,14.80
552358,6.25,2.34,1,14.36,13.44,8,14.67,190,0.31,0.32,925,0.00,1.00,0,0.5000,12.50,120,0,0.00,13,7.69,4.83,5.10,15.80
552462,6.25,2.34,1,14.36,13.60,8,14.66,190,0.31,0.31,928,0.00,1.00,0,0.5000,13.00,120,0,0.00,13,7.55,4.86,5.10,14.40
552566,5.47,2.34,1,14.36,13.44,8,14.67,190,0.31,0.31,935,0.00,1.00,0,0.5000,13.00,120,0,0.00,13,7.55,4.86,5.10,14.40
552670,5.47,2.34,1,14.36,13.52,8,14.66,190,0.31,0.31,930,0.00,1.00,0,0.5000,13.50,120,0,0.00,13,7.55,4.86,5.10,14.30
552774,4.69,2.34,1,14.36,13.60,8,14.66,190,0.31,0.31,933,0.00,1.00,0,0.5000,14.00,120,0,0.00,13,7.55,4.86,5.10,14.40
552878,4.69,2.34,1,14.36,13.52,8,14.66,190,0.31,0.31,935,0.00,1.00,0,0.5000,14.00,120,0,0.00,13,7.40,4.86,5.10,14.20
552982,3.91,2.34,1,14.36,13.44,8,14.66,190,0.31,0.31,936,0.00,1.00,0,0.5000,14.50,120,0,0.00,13,7.40,4.80,5.10,14.20
553086,3.91,2.34,1,14.36,13.52,8,14.66,190,0.31,0.30,945,0.00,1.00,0,0.5000,14.00,120,0,0.00,13,7.40,4.74,4.71,14.20
553190,3.91,2.34,1,14.36,13.60,8,14.66,190,0.30,0.30,946,0.00,1.00,0,0.5000,14.50,120,0,0.00,13,7.25,4.74,4.71,14.20
553294,3.12,2.34,1,14.36,13.52,8,14.66,190,0.30,0.30,939,0.00,1.00,0,0.5000,15.50,120,0,0.00,13,7.25,4.74,4.71,14.20
553398,3.12,2.34,1,14.36,13.60,8,14.66,190,0.30,0.30,944,0.00,1.00,0,0.5000,15.50,120,0,0.00,13,7.25,4.68,4.71,14.10
553502,2.34,2.34,1,14.36,13.60,8,14.66,190,0.30,0.30,930,0.00,1.00,0,0.5000,16.50,120,0,0.00,13,7.25,4.68,4.71,14.20
553606,2.34,2.34,1,14.36,13.52,8,14.66,190,0.29,0.29,928,0.00,1.00,0,0.5000,16.50,120,0,0.00,13,6.96,4.24,3.53,14.10
553710,2.34,2.34,1,14.36,13.60,8,14.67,190,0.28,0.27,929,0.00,1.00,0,0.5000,16.50,120,0,0.00,13,6.82,4.13,4.31,14.10
553814,1.56,2.34,1,14.36,13.44,8,14.67,190,0.28,0.28,908,0.00,1.00,0,0.5000,17.00,120,0,0.00,13,6.67,4.21,4.31,14.10
553918,0.78,2.34,1,14.36,13.60,8,14.68,190,0.28,0.29,890,0.00,1.00,0,0.5000,17.50,120,0,0.00,13,6.82,4.24,4.31,14.10
554022,0.00,2.34,1,14.36,13.52,8,14.68,190,0.28,0.30,860,0.00,1.00,0,0.5000,20.00,120,0,0.00,13,6.82,4.24,4.31,14.10
554126,0.00,2.34,1,14.36,13.44,8,14.69,190,0.29,0.30,849,0.00,1.00,0,0.5000,20.50,120,0,0.00,13,6.82,4.24,4.31,14.10
554230,-0.78,2.34,1,14.36,13.44,8,14.69,190,0.29,0.31,822,0.00,1.00,0,0.5000,22.00,120,0,0.00,13,6.96,4.18,3.92,14.00
554334,-0.78,2.34,1,14.36,13.60,8,14.69,190,0.29,0.31,810,0.00,1.00,0,0.5000,22.00,120,0,0.00,13,6.96,4.18,3.92,13.80
554439,-0.78,2.34,1,14.36,13.60,8,14.69,190,0.30,0.31,806,0.00,1.00,0,0.5000,22.00,120,0,0.00,13,7.11,4.13,3.92,13.80
554542,-1.56,2.34,1,14.36,13.44,8,14.69,190,0.30,0.31,783,0.00,1.00,0,0.5000,22.00,120,0,0.00,13,7.11,4.08,3.92,13.80
554647,-1.56,2.34,1,14.36,13.36,8,14.69,190,0.30,0.32,766,0.00,1.00,0,0.5000,22.00,120,0,0.00,13,7.25,4.08,3.92,14.00
554750,-1.56,2.34,1,14.36,13.60,8,14.69,190,0.31,0.32,762,0.00,1.00,0,0.5000,22.00,120,0,0.00,13,7.40,4.10,4.31,14.00
554854,-1.56,2.34,1,14.36,13.52,8,14.69,190,0.31,0.34,738,0.00,1.00,0,0.5000,22.00,120,0,0.00,13,7.55,4.13,4.31,14.10
554958,-1.56,2.34,1,14.36,13.60,8,14.69,190,0.32,0.35,730,0.00,1.00,0,0.5000,22.00,120,0,0.00,13,7.69,4.21,4.71,14.20
555062,-1.56,2.34,1,14.36,13.44,8,14.69,190,0.33,0.35,730,0.00,1.00,0,0.5000,22.00,120,0,0.00,13,7.98,4.35,4.71,14.20
555166,-0.78,2.34,1,14.36,13.60,8,14.69,190,0.34,0.36,733,0.00,1.00,0,0.5000,22.00,120,0,0.00,13,8.13,4.35,4.71,14.30
555270,-0.78,2.34,1,14.36,13.44,8,14.69,190,0.34,0.36,739,0.00,1.00,0,0.5000,22.00,120,0,0.00,13,8.27,4.40,4.71,14.40
555374,-0.78,2.34,1,14.36,13.44,8,14.69,190,0.34,0.35,766,0.00,1.00,0,0.5000,19.50,120,0,0.00,13,8.27,4.46,4.71,14.50
555478,0.00,2.34,1,14.36,13.60,8,14.69,190,0.34,0.34,779,0.00,1.00,0,0.5000,18.00,120,0,0.00,13,8.27,4.46,4.71,15.50
555583,0.00,2.34,1,14.36,13.52,8,14.69,190,0.34,0.34,787,0.00,1.00,0,0.5000,17.50,120,0,0.00,13,8.27,4.46,4.71,15.00
555686,0.78,2.34,1,14.36,13.52,8,14.69,190,0.33,0.33,818,0.00,1.00,0,0.5000,16.50,120,0,0.00,13,8.13,4.46,4.71,15.10
555790,1.56,2.34,1,14.36,13.44,8,14.68,190,0.33,0.32,826,0.00,1.00,0,0.5000,16.50,120,0,0.00,13,8.13,4.46,4.71,15.30
555894,1.56,2.34,1,14.36,13.52,8,14.68,190,0.32,0.32,848,0.00,1.00,0,0.5000,15.00,120,0,0.00,13,7.98,4.51,4.71,15.30
555998,2.34,2.34,1,14.36,13.60,8,14.68,190,0.32,0.32,853,0.00,1.00,0,0.5000,15.00,120,0,0.00,13,7.84,4.51,4.71,15.40
556102,2.34,2.34,1,14.36,13.52,8,14.68,190,0.32,0.31,871,0.00,1.00,0,0.5000,13.50,120,0,0.00,13,7.84,4.54,4.71,15.40
556206,2.34,2.34,1,14.36,13.60,8,14.68,190,0.32,0.32,860,0.00,1.00,0,0.5000,15.00,120,0,0.00,13,7.69,4.57,4.71,15.30
556310,2.34,2.34,1,14.36,13.36,8,14.68,190,0.32,0.32,872,0.00,1.00,0,0.5000,14.50,120,0,0.00,13,7.69,4.60,4.71,15.30
556414,2.34,2.34,1,14.36,13.44,8,14.68,190,0.32,0.32,871,0.00,1.00,0,0.5000,15.00,120,0,0.00,13,7.55,4.63,4.71,15.30
556518,2.34,2.34,1,14.36,13.52,8,14.68,190,0.32,0.32,875,0.00,1.00,0,0.5000,15.00,120,0,0.00,13,7.55,4.63,4.71,15.10
556622,2.34,2.34,1,14.36,13.44,8,14.67,190,0.31,0.32,878,0.00,1.00,0,0.5000,15.00,120,0,0.00,13,7.55,4.68,4.71,15.00
556726,2.34,2.34,1,14.36,13.52,8,14.68,190,0.31,0.32,890,0.00,1.00,0,0.5000,14.00,120,0,0.00,13,7.55,4.68,4.71,15.10
556830,1.56,2.34,1,14.36,13.52,8,14.67,190,0.31,0.32,876,0.00,1.00,0,0.5000,16.00,120,0,0.00,13,7.55,4.65,4.71,14.70
556934,1.56,2.34,1,14.36,13.44,8,14.67,190,0.31,0.32,890,0.00,1.00,0,0.5000,15.00,120,0,0.00,13,7.55,4.63,4.71,14.80
557039,1.56,2.34,1,14.36,13.52,8,14.67,190,0.31,0.31,887,0.00,1.00,0,0.5000,15.50,120,0,0.00,13,7.55,4.63,4.71,15.20
557142,1.56,2.34,1,14.36,13.52,8,14.67,190,0.31,0.31,900,0.00,1.00,0,0.5000,14.50,120,0,0.00,13,7.40,4.63,4.71,14.40
557246,1.56,2.34,1,14.36,13.60,8,14.67,190,0.31,0.31,900,0.00,1.00,0,0.5000,15.00,120,0,0.00,13,7.40,4.63,4.71,14.60
557351,0.78,2.34,1,14.36,13.52,8,14.67,190,0.31,0.31,892,0.00,1.00,0,0.5000,16.00,120,0,0.00,13,7.25,4.60,4.71,14.50
557455,0.78,2.34,1,14.36,13.60,8,14.68,190,0.31,0.31,893,0.00,1.00,0,0.5000,16.00,120,0,0.00,13,7.25,4.63,4.71,14.50
557559,0.78,2.34,1,14.36,13.52,8,14.67,190,0.31,0.31,884,0.00,1.00,0,0.5000,16.50,120,0,0.00,13,7.25,4.63,4.71,14.50
557662,0.78,2.34,1,14.36,13.52,8,14.68,190,0.31,0.31,883,0.00,1.00,0,0.5000,16.50,120,0,0.00,13,7.25,4.60,4.71,14.40
557767,0.78,2.34,1,14.36,13.60,8,14.68,190,0.31,0.31,873,0.00,1.00,0,0.5000,17.00,120,0,0.00,13,7.25,4.57,4.71,14.40
557870,0.00,2.34,1,14.36,13.52,8,14.68,190,0.31,0.31,878,0.00,1.00,0,0.5000,17.00,120,0,0.00,13,7.25,4.57,4.71,14.40
557975,0.00,2.34,1,14.36,13.44,8,14.68,190,0.31,0.31,866,0.00,1.00,0,0.5000,17.00,120,0,0.00,13,7.25,4.51,4.71,14.40
558078,0.00,2.34,1,14.36,13.44,8,14.68,190,0.31,0.31,866,0.00,1.00,0,0.5000,17.00,120,0,0.00,13,7.25,4.46,4.71,14.30
558182,0.00,2.34,1,14.36,13.60,8,14.68,190,0.31,0.31,854,0.00,1.00,0,0.5000,17.00,120,0,0.00,13,7.25,4.46,4.71,14.30
558287,0.00,2.34,1,14.36,13.52,8,14.68,190,0.31,0.31,856,0.00,1.00,0,0.5000,17.00,120,0,0.00,13,7.25,4.46,4.71,14.30
558391,-0.78,2.34,1,14.36,13.60,8,14.68,190,0.31,0.32,835,0.00,1.00,0,0.5000,18.00,120,0,0.00,13,7.40,4.46,4.71,14.40
558495,-0.78,2.34,1,14.36,13.60,8,14.69,190,0.31,0.32,837,0.00,1.00,0,0.5000,17.50,120,0,0.00,13,7.40,4.46,4.71,14.40
558599,-0.78,2.34,1,14.36,13.52,8,14.69,190,0.31,0.32,832,0.00,1.00,0,0.5000,18.00,120,0,0.00,13,7.40,4.46,4.71,14.40
558703,-0.78,2.34,1,14.36,13.60,8,14.69,190,0.32,0.33,816,0.00,1.00,0,0.5000,19.00,120,0,0.00,13,7.55,4.51,4.71,14.40
558806,-0.78,2.34,1,14.36,13.52,8,14.69,190,0.32,0.33,817,0.00,1.00,0,0.5000,18.50,120,0,0.00,13,7.55,4.49,4.71,14.40
558910,-0.78,2.34,1,14.36,13.52,8,14.69,190,0.32,0.33,811,0.00,1.00,0,0.5000,19.00,120,0,0.00,13,7.69,4.46,4.31,14.50
559014,0.00,2.34,1,14.36,13.44,8,14.69,190,0.32,0.33,822,0.00,1.00,0,0.5000,17.50,120,0,0.00,13,7.69,4.46,4.31,14.50
559119,0.00,2.34,1,14.36,13.52,8,14.69,190,0.32,0.32,823,0.00,1.00,0,0.5000,17.50,120,0,0.00,13,7.69,4.40,4.31,14.60
559223,0.00,2.34,1,14.36,13.52,8,14.69,190,0.32,0.32,819,0.00,1.00,0,0.5000,17.50,120,0,0.00,13,7.55,4.40,4.31,14.50
559327,0.00,2.34,1,14.36,13.44,8,14.69,190,0.32,0.32,827,0.00,1.00,0,0.5000,17.00,120,0,0.00,13,7.55,4.40,4.31,14.80
559431,0.00,2.34,1,14.36,13.52,8,14.68,190,0.32,0.32,829,0.00,1.00,0,0.5000,17.00,120,0,0.00,13,7.55,4.46,4.31,14.80
559534,0.00,2.34,1,14.36,13.52,8,14.69,190,0.32,0.32,837,0.00,1.00,0,0.5000,17.00,120,0,0.00,13,7.55,4.43,4.31,14.80
559639,0.78,2.34,1,14.36,13.52,8,14.69,190,0.32,0.32,825,0.00,1.00,0,0.5000,17.00,120,0,0.00,13,7.55,4.43,4.31,14.80
559743,0.00,2.34,1,14.36,13.44,8,14.69,190,0.32,0.32,827,0.00,1.00,0,0.5000,17.00,120,0,0.00,13,7.55,4.43,4.71,14.80
559847,0.00,2.34,1,14.36,13.52,8,14.69,190,0.32,0.32,823,0.00,1.00,0,0.5000,17.00,120,0,0.00,13,7.55,4.46,4.71,14.90
559951,0.00,2.34,1,14.36,13.60,8,14.69,190,0.32,0.33,822,0.00,1.00,0,0.5000,17.00,120,0,0.00,13,7.55,4.43,4.71,14.80
560055,0.00,2.34,1,14.36,13.44,8,14.69,190,0.32,0.32,825,0.00,1.00,0,0.5000,17.00,120,0,0.00,13,7.55,4.46,4.31,14.70
560159,0.00,2.34,1,14.36,13.52,8,14.69,190,0.32,0.33,817,0.00,1.00,0,0.5000,17.00,120,0,0.00,13,7.55,4.46,4.71,14.70
560263,0.78,2.34,1,14.36,13.52,8,14.69,190,0.32,0.32,828,0.00,1.00,0,0.5000,17.00,120,0,0.00,13,7.55,4.46,4.71,14.80
560367,0.78,2.34,1,14.36,13.44,8,14.69,190,0.32,0.33,817,0.00,1.00,0,0.5000,17.00,120,0,0.00,13,7.55,4.46,4.31,14.80
560471,0.00,2.34,1,14.36,13.52,8,14.69,190,0.32,0.33,823,0.00,1.00,0,0.5000,17.00,120,0,0.00,13,7.55,4.46,4.71,14.80
560575,0.00,2.34,1,14.36,13.60,8,14.69,190,0.32,0.33,812,0.00,1.00,0,0.5000,17.00,120,0,0.00,13,7.69,4.46,4.71,14.80
560679,0.00,2.34,1,14.36,13.60,8,14.69,190,0.32,0.33,819,0.00,1.00,0,0.5000,17.00,120,0,0.00,13,7.69,4.46,4.71,14.70
560783,0.00,2.34,1,14.36,13.44,8,14.69,190,0.32,0.33,820,0.00,1.00,0,0.5000,17.00,120,0,0.00,13,7.69,4.46,4.71,14.80
560887,0.00,2.34,1,14.36,13.52,8,14.69,190,0.32,0.33,802,0.00,1.00,0,0.5000,17.50,120,0,0.00,13,7.69,4.46,4.71,14.70
560991,0.00,2.34,1,14.36,13.52,8,14.69,190,0.32,0.33,814,0.00,1.00,0,0.5000,17.00,120,0,0.00,13,7.69,4.46,4.71,14.70
561095,0.00,2.34,1,14.36,13.52,8,14.69,190,0.32,0.33,807,0.00,1.00,0,0.5000,17.00,120,0,0.00,13,7.69,4.49,4.71,14.80
561199,0.00,2.34,1,14.36,13.60,8,14.69,190,0.32,0.33,817,0.00,1.00,0,0.5000,17.00,120,0,0.00,13,7.69,4.46,4.71,14.70
561303,0.78,2.34,1,14.36,13.44,8,14.69,190,0.32,0.33,819,0.00,1.00,0,0.5000,17.00,120,0,0.00,13,7.69,4.49,4.71,14.80
561407,0.78,2.34,1,14.36,13.52,8,14.69,190,0.32,0.33,818,0.00,1.00,0,0.5000,17.00,120,0,0.00,13,7.69,4.49,4.71,14.80
561511,0.78,2.34,1,14.36,13.52,8,14.69,190,0.32,0.32,836,0.00,1.00,0,0.5000,16.50,120,0,0.00,13,7.69,4.49,4.71,14.70
561615,0.78,2.34,1,14.36,13.52,8,14.68,190,0.32,0.32,836,0.00,1.00,0,0.5000,16.50,120,0,0.00,13,7.69,4.51,4.71,14.80
561719,0.78,2.34,1,14.36,13.52,8,14.68,190,0.32,0.32,846,0.00,1.00,0,0.5000,16.50,120,0,0.00,13,7.55,4.51,4.71,14.70
561823,0.78,2.34,1,14.36,13.52,8,14.68,190,0.32,0.32,841,0.00,1.00,0,0.5000,16.50,120,0,0.00,13,7.55,4.49,4.71,14.80
561927,0.00,2.34,1,14.36,13.52,8,14.68,190,0.32,0.32,854,0.00,1.00,0,0.5000,16.00,120,0,0.00,13,7.55,4.51,4.31,14.70
562031,0.00,2.34,1,14.36,13.52,8,14.68,190,0.31,0.31,845,0.00,1.00,0,0.5000,16.50,120,0,0.00,13,7.55,4.46,4.71,14.70
562135,0.00,2.34,1,14.36,13.60,8,14.68,190,0.31,0.32,849,0.00,1.00,0,0.5000,16.50,120,0,0.00,13,7.55,4.46,4.71,14.80
562239,0.00,2.34,1,14.36,13.60,8,14.68,190,0.31,0.31,840,0.00,1.00,0,0.5000,17.00,120,0,0.00,13,7.40,4.49,4.71,14.50
562343,0.00,2.34,1,14.36,13.44,8,14.68,190,0.31,0.32,838,0.00,1.00,0,0.5000,17.00,120,0,0.00,13,7.40,4.49,4.71,14.60
562447,0.00,2.34,1,14.36,13.52,8,14.69,190,0.31,0.32,844,0.00,1.00,0,0.5000,16.50,120,0,0.00,13,7.55,4.46,4.71,14.50
562551,0.00,2.34,1,14.36,13.44,8,14.68,190,0.31,0.32,830,0.00,1.00,0,0.5000,17.00,120,0,0.00,13,7.55,4.46,4.71,14.60
562655,0.00,2.34,1,14.36,13.52,8,14.69,190,0.32,0.32,831,0.00,1.00,0,0.5000,17.00,120,0,0.00,13,7.55,4.51,4.71,14.60
562759,-0.78,2.34,1,14.36,13.52,8,14.69,190,0.32,0.33,822,0.00,1.00,0,0.5000,17.00,120,0,0.00,13,7.55,4.51,4.71,14.50
562863,-0.78,2.34,1,14.36,13.52,8,14.69,190,0.32,0.33,820,0.00,1.00,0,0.5000,17.00,120,0,0.00,13,7.55,4.46,4.71,14.50
562967,-0.78,2.34,1,14.36,13.52,8,14.69,190,0.32,0.33,808,0.00,1.00,0,0.5000,17.50,120,0,0.00,13,7.55,4.49,4.71,14.40
563071,-0.78,2.34,1,14.36,13.52,8,14.69,190,0.32,0.33,819,0.00,1.00,0,0.5000,17.00,120,0,0.00,13,7.69,4.49,4.71,14.50
563175,-0.78,2.34,1,14.36,13.60,8,14.69,190,0.32,0.33,814,0.00,1.00,0,0.5000,17.00,120,0,0.00,13,7.69,4.49,4.71,14.60
563279,0.00,2.34,1,14.36,13.44,8,14.69,190,0.33,0.34,804,0.00,1.00,0,0.5000,17.50,120,0,0.00,13,7.69,4.49,4.71,14.40
563383,0.00,2.34,1,14.36,13.44,8,14.69,190,0.33,0.33,816,0.00,1.00,0,0.5000,17.00,120,0,0.00,13,7.69,4.49,4.31,14.50
563487,0.00,2.34,1,14.36,13.44,8,14.69,190,0.33,0.33,814,0.00,1.00,0,0.5000,17.00,120,0,0.00,13,7.69,4.51,4.71,14.60
563592,0.00,2.34,1,14.36,13.52,8,14.69,190,0.33,0.33,822,0.00,1.00,0,0.5000,17.00,120,0,0.00,13,7.69,4.49,4.71,14.70
563695,0.00,2.34,1,14.36,13.60,8,14.69,190,0.32,0.33,825,0.00,1.00,0,0.5000,17.00,120,0,0.00,13,7.69,4.49,4.71,14.70
563799,0.00,2.34,1,14.36,13.52,8,14.69,190,0.32,0.33,824,0.00,1.00,0,0.5000,17.00,120,0,0.00,13,7.69,4.51,4.71,14.80
563903,0.00,2.34,1,14.36,13.52,8,14.69,190,0.32,0.32,837,0.00,1.00,0,0.5000,16.50,120,0,0.00,13,7.69,4.51,4.71,14.70
564008,0.00,2.34,1,14.36,13.44,8,14.68,190,0.32,0.33,830,0.00,1.00,0,0.5000,17.00,120,0,0.00,13,7.69,4.51,4.71,14.70
564111,0.00,2.34,1,14.36,13.52,8,14.69,190,0.32,0.32,844,0.00,1.00,0,0.5000,16.50,120,0,0.00,13,7.55,4.51,4.71,14.80
564215,0.00,2.34,1,14.36,13.44,8,14.68,190,0.32,0.32,841,0.00,1.00,0,0.5000,16.50,120,0,0.00,13,7.55,4.54,4.71,14.80
564319,0.00,2.34,1,14.36,13.52,8,14.68,190,0.32,0.32,852,0.00,1.00,0,0.5000,16.00,120,0,0.00,13,7.55,4.51,4.71,14.70
564423,0.00,2.34,1,14.36,13.52,8,14.68,190,0.32,0.32,842,0.00,1.00,0,0.5000,16.50,120,0,0.00,13,7.55,4.51,4.71,14.70
564528,0.00,2.34,1,14.36,13.52,8,14.68,190,0.32,0.32,852,0.00,1.00,0,0.5000,16.50,120,0,0.00,13,7.55,4.54,4.71,14.70
564631,0.00,2.34,1,14.36,13.52,8,14.68,190,0.32,0.32,847,0.00,1.00,0,0.5000,16.50,120,0,0.00,13,7.55,4.54,4.71,14.70
564735,0.00,2.34,1,14.36,13.52,8,14.68,190,0.32,0.32,848,0.00,1.00,0,0.5000,16.50,120,0,0.00,13,7.55,4.54,4.71,14.80
564840,0.00,2.34,1,14.36,13.52,8,14.68,190,0.32,0.32,840,0.00,1.00,0,0.5000,17.00,120,0,0.00,13,7.55,4.54,4.71,14.70
564943,-0.78,2.34,1,14.36,13.60,8,14.68,190,0.32,0.32,839,0.00,1.00,0,0.5000,17.00,120,0,0.00,13,7.55,4.54,4.71,14.60
565046,-0.78,2.34,1,14.36,13.52,8,14.69,190,0.32,0.32,842,0.00,1.00,0,0.5000,17.00,120,0,0.00,13,7.55,4.54,4.71,14.60
565151,-0.78,2.34,1,14.36,13.52,8,14.68,190,0.32,0.33,828,0.00,1.00,0,0.5000,17.00,120,0,0.00,13,7.55,4.51,4.71,14.60
565255,-0.78,2.34,1,14.36,13.44,8,14.69,190,0.32,0.33,832,0.00,1.00,0,0.5000,17.00,120,0,0.00,13,7.55,4.54,4.71,14.50
565360,-0.78,2.34,1,14.36,13.60,8,14.68,190,0.32,0.33,828,0.00,1.00,0,0.5000,17.00,120,0,0.00,13,7.55,4.54,4.71,14.70
565463,-0.78,2.34,1,14.36,13.52,8,14.69,190,0.32,0.33,827,0.00,1.00,0,0.5000,17.00,120,0,0.00,13,7.55,4.54,4.71,14.60
565567,-0.78,2.34,1,14.36,13.52,8,14.69,190,0.32,0.33,822,0.00,1.00,0,0.5000,17.00,120,0,0.00,13,7.55,4.51,4.71,14.50
565671,-0.78,2.34,1,14.36,13.60,8,14.69,190,0.32,0.33,837,0.00,1.00,0,0.5000,17.00,120,0,0.00,13,7.55,4.51,4.71,14.60
565775,-0.78,2.34,1,14.36,13.52,8,14.69,190,0.32,0.32,831,0.00,1.00,0,0.5000,17.00,120,0,0.00,13,7.55,4.51,4.71,14.60
565879,-0.78,2.34,1,14.36,13.52,8,14.68,190,0.32,0.33,832,0.00,1.00,0,0.5000,17.00,120,0,0.00,13,7.55,4.51,4.71,14.60
565983,-0.78,2.34,1,14.36,13.52,8,14.68,190,0.32,0.32,844,0.00,1.00,0,0.5000,16.50,120,0,0.00,13,7.55,4.54,4.71,14.80
566087,-0.78,2.34,1,14.36,13.52,8,14.68,190,0.32,0.32,841,0.00,1.00,0,0.5000,17.00,120,0,0.00,13,7.55,4.51,4.71,14.70
566191,-0.78,2.34,1,14.36,13.52,8,14.68,190,0.32,0.32,848,0.00,1.00,0,0.5000,16.50,120,0,0.00,13,7.55,4.51,4.71,14.70
566296,-0.78,2.34,1,14.36,13.44,8,14.68,190,0.32,0.32,838,0.00,1.00,0,0.5000,17.00,120,0,0.00,13,7.55,4.51,4.71,14.70
566399,-0.78,2.34,1,14.36,13.52,8,14.69,190,0.32,0.32,846,0.00,1.00,0,0.5000,16.50,120,0,0.00,13,7.55,4.51,4.71,14.70
566504,-0.78,2.34,1,14.36,13.44,8,14.68,190,0.32,0.32,833,0.00,1.00,0,0.5000,17.00,120,0,0.00,13,7.55,4.51,4.71,14.60
566607,-0.78,2.34,1,14.36,13.60,8,14.68,190,0.32,0.32,843,0.00,1.00,0,0.5000,17.00,120,0,0.00,13,7.55,4.51,4.71,14.70
566711,-0.78,2.34,1,14.36,13.52,8,14.68,190,0.32,0.32,833,0.00,1.00,0,0.5000,17.00,120,0,0.00,13,7.55,4.51,4.71,14.70
566815,-0.78,2.34,1,14.36,13.52,8,14.68,190,0.32,0.32,844,0.00,1.00,0,0.5000,17.00,122,0,0.00,13,7.55,4.51,4.71,14.60
566920,-0.78,2.34,1,14.36,13.52,8,14.68,190,0.32,0.32,836,0.00,1.00,0,0.5000,17.00,122,0,0.00,13,7.55,4.51,4.71,14.60
567023,-0.78,2.34,1,14.36,13.52,8,14.68,190,0.32,0.33,830,0.00,1.00,0,0.5000,17.00,122,0,0.00,13,7.55,4.51,4.71,14.80
567128,-0.78,2.34,1,14.36,13.52,8,14.69,190,0.32,0.32,838,0.00,1.00,0,0.5000,17.00,122,0,0.00,13,7.55,4.51,4.71,14.70
567231,-0.78,2.34,1,14.36,13.52,8,14.69,190,0.32,0.33,822,0.00,1.00,0,0.5000,17.00,122,0,0.00,13,7.55,4.51,4.71,14.70
567336,-0.78,2.34,1,14.36,13.52,8,14.69,190,0.32,0.33,828,0.00,1.00,0,0.5000,17.00,122,0,0.00,13,7.55,4.51,4.71,14.70
567439,-0.78,2.34,1,14.36,13.36,8,14.69,190,0.32,0.33,818,0.00,1.00,0,0.5000,17.00,122,0,0.00,13,7.55,4.51,4.71,14.70
567544,-0.78,2.34,1,14.36,13.44,8,14.69,190,0.32,0.33,826,0.00,1.00,0,0.5000,17.00,122,0,0.00,13,7.69,4.51,4.71,14.80
567648,-0.78,2.34,1,14.36,13.60,8,14.69,190,0.32,0.33,820,0.00,1.00,0,0.5000,17.00,122,0,0.00,13,7.69,4.51,4.71,14.70
567752,-0.78,2.34,1,14.36,13.60,8,14.69,190,0.32,0.33,813,0.00,1.00,0,0.5000,17.00,122,0,0.00,13,7.69,4.51,4.71,14.70
567855,-0.78,2.34,1,14.36,13.52,8,14.69,190,0.32,0.33,828,0.00,1.00,0,0.5000,17.00,122,0,0.00,13,7.69,4.51,4.71,14.70
567960,-0.78,2.34,1,14.36,13.44,8,14.69,190,0.32,0.33,817,0.00,1.00,0,0.5000,17.00,122,0,0.00,13,7.69,4.51,4.71,14.70
568064,-0.78,2.34,1,14.36,13.44,8,14.69,190,0.32,0.33,829,0.00,1.00,0,0.5000,17.00,122,0,0.00,13,7.69,4.51,4.71,14.90
568167,-0.78,2.34,1,14.36,13.60,8,14.69,190,0.32,0.33,818,0.00,1.00,0,0.5000,17.00,122,0,0.00,13,7.69,4.51,4.71,14.70
568271,-0.78,2.34,1,14.36,13.52,8,14.69,190,0.32,0.33,823,0.00,1.00,0,0.5000,17.00,122,0,0.00,13,7.69,4.51,4.71,14.80
568375,-0.78,2.34,1,14.36,13.60,8,14.69,190,0.33,0.33,812,0.00,1.00,0,0.5000,17.00,122,0,0.00,13,7.69,4.51,4.71,14.80
568480,-0.78,2.34,1,14.36,13.44,8,14.69,190,0.33,0.33,815,0.00,1.00,0,0.5000,17.00,122,0,0.00,13,7.69,4.51,4.71,14.80
568584,0.00,2.34,1,14.36,13.52,8,14.68,190,0.32,0.33,826,0.00,1.00,0,0.5000,10.00,122,0,0.00,13,7.69,4.51,4.71,14.80
568688,0.00,2.34,1,14.36,13.52,8,14.67,190,0.31,0.29,867,0.00,0.99,0,0.5000,10.00,122,0,0.00,13,7.40,4.16,3.92,14.80
568793,0.00,2.34,1,14.36,13.52,8,14.67,190,0.29,0.27,906,0.00,1.00,0,0.5000,10.00,122,0,0.00,13,7.11,4.02,3.92,14.70
568897,-0.78,2.34,1,14.36,13.60,8,14.67,190,0.28,0.26,916,0.00,1.00,0,0.5000,12.00,122,0,0.00,13,6.82,3.97,3.92,14.90
569001,-0.78,2.34,1,14.36,13.52,8,14.66,190,0.27,0.26,927,0.00,1.00,0,0.5000,12.00,122,0,0.00,13,6.53,4.02,3.92,14.70
569104,-1.56,2.34,1,14.36,13.52,8,14.66,190,0.27,0.26,946,0.00,1.00,0,0.5000,12.00,122,0,0.00,13,6.53,4.07,3.92,14.80
569208,-1.56,2.34,1,14.36,13.52,8,14.66,190,0.26,0.26,936,0.00,1.00,0,0.5000,12.50,122,0,0.00,13,6.38,4.07,3.92,14.50
569313,-2.34,2.34,1,14.36,13.60,8,14.66,190,0.26,0.26,935,0.00,1.00,0,0.5000,13.00,122,0,0.00,13,6.38,4.07,3.92,14.50
569416,-3.12,2.34,1,14.36,13.60,8,14.66,190,0.26,0.26,936,0.00,1.00,0,0.5000,13.50,122,0,0.00,13,6.24,4.02,3.92,14.30
569521,-3.12,2.34,1,14.36,13.52,8,14.66,190,0.25,0.25,930,0.00,1.00,0,0.5000,14.00,122,0,0.00,13,6.09,3.94,3.53,14.30
569624,-3.91,2.34,1,14.36,13.52,8,14.67,190,0.25,0.25,929,0.00,1.00,0,0.5000,14.50,122,0,0.00,13,6.09,3.83,3.53,14.10
569729,-3.91,2.34,1,14.36,13.52,8,14.67,190,0.25,0.25,905,0.00,1.00,0,0.5000,16.50,122,0,0.00,13,6.09,3.81,3.53,14.10
569832,-4.69,2.34,1,14.36,13.60,8,14.67,190,0.25,0.25,903,0.00,1.00,0,0.5000,16.50,122,0,0.00,13,5.95,3.81,3.53,14.10
569937,-4.69,2.34,1,14.36,13.60,8,14.67,190,0.25,0.25,896,0.00,1.00,0,0.5000,17.00,122,0,0.00,13,5.95,3.76,3.53,14.00
570041,-5.47,2.34,1,14.36,13.60,8,14.67,190,0.25,0.25,885,0.00,1.00,0,0.5000,17.00,122,0,0.00,13,5.95,3.71,3.53,13.90
570144,-5.47,2.34,1,14.36,13.60,8,14.68,190,0.24,0.25,884,0.00,1.00,0,0.5000,17.00,122,0,0.00,13,5.95,3.64,3.53,14.10
570248,-6.25,2.34,1,14.36,13.52,8,14.68,190,0.24,0.25,870,0.00,1.00,0,0.5000,17.50,122,0,0.00,13,5.95,3.59,3.14,14.00
570353,-6.25,2.34,1,14.36,13.60,8,14.68,190,0.24,0.25,856,0.00,1.00,0,0.5000,18.00,122,0,0.00,13,5.95,3.56,3.14,14.00
570456,-7.03,2.34,1,14.36,13.60,8,14.68,190,0.24,0.25,841,0.00,1.00,0,0.5000,19.50,122,0,0.00,13,5.95,3.51,3.14,13.90
570561,-7.03,2.34,1,14.36,13.60,8,14.69,190,0.24,0.25,828,0.00,1.00,0,0.5000,20.50,122,0,0.00,13,5.95,3.46,3.14,13.90
570665,-7.81,2.34,1,14.36,13.52,8,14.69,190,0.24,0.25,819,0.00,1.00,0,0.5000,21.00,122,0,0.00,13,5.95,3.44,3.14,14.00
570769,-7.81,2.34,1,14.36,13.52,8,14.69,190,0.24,0.25,807,0.00,1.00,0,0.5000,21.00,122,0,0.00,13,6.09,3.40,3.14,14.10
570872,-7.81,2.34,1,14.36,13.52,8,14.69,190,0.24,0.25,800,0.00,1.00,0,0.5000,21.00,122,0,0.00,13,6.09,3.37,3.14,14.00
570977,-7.81,2.34,1,14.36,13.52,8,14.69,190,0.25,0.26,776,0.00,1.00,0,0.5000,22.00,122,0,0.00,13,6.09,3.37,3.14,14.10
571081,-7.81,2.34,1,14.36,13.60,8,14.69,190,0.25,0.26,774,0.00,1.00,0,0.5000,22.00,122,0,0.00,13,6.09,3.33,3.14,14.30
571185,-7.81,2.34,1,14.36,13.52,8,14.69,190,0.25,0.26,761,0.00,1.00,0,0.5000,22.00,122,0,0.00,13,6.24,3.30,3.14,14.10
571289,-7.81,2.34,1,14.36,13.52,8,14.69,190,0.25,0.26,739,0.00,1.00,0,0.5000,22.00,122,0,0.00,13,6.24,3.28,3.14,14.20
571392,-7.81,2.34,1,14.36,13.44,8,14.69,190,0.25,0.27,732,0.00,1.00,0,0.5000,22.00,122,0,0.00,13,6.24,3.24,3.14,14.30
571497,-7.81,2.34,1,14.36,13.52,8,14.69,190,0.25,0.27,727,0.00,1.00,0,0.5000,22.00,122,0,0.00,13,6.38,3.24,3.14,14.30
571601,-7.81,2.34,1,14.36,13.52,8,14.69,190,0.26,0.27,713,0.00,1.00,0,0.5000,22.00,122,0,0.00,13,6.38,3.19,3.14,14.30
571705,-7.81,2.34,1,14.36,13.60,8,14.69,190,0.26,0.27,696,0.00,1.00,0,0.5000,22.00,122,0,0.00,13,6.53,3.19,3.14,14.40
571809,-7.81,2.34,1,14.36,13.52,8,14.69,190,0.26,0.27,704,0.00,1.00,0,0.5000,22.00,122,0,0.00,13,6.53,3.19,3.14,14.40
571913,-7.81,2.34,1,14.36,13.52,8,14.69,190,0.26,0.27,693,0.00,1.00,0,0.5000,22.00,122,0,0.00,13,6.67,3.17,3.14,14.50
572017,-7.81,2.34,1,14.36,13.44,8,14.69,190,0.26,0.27,697,0.00,1.00,0,0.5000,22.00,122,0,0.00,13,6.67,3.19,3.14,14.50
572120,-7.81,2.34,1,14.36,13.60,8,14.69,190,0.26,0.27,701,0.00,1.00,0,0.5000,22.00,122,0,0.00,13,6.82,3.21,3.14,14.50
572225,-7.81,2.34,1,14.36,13.60,8,14.69,190,0.27,0.28,686,0.00,1.00,0,0.5000,22.00,122,0,0.00,13,6.82,3.24,3.14,14.40
572329,-7.03,2.34,1,14.36,13.52,8,14.69,190,0.27,0.29,682,0.00,1.00,0,0.5000,22.00,122,0,0.00,13,6.96,3.24,3.14,14.90
572433,-7.03,2.34,1,14.36,13.52,8,14.69,190,0.27,0.29,681,0.00,1.00,0,0.5000,22.00,122,0,0.00,13,6.96,3.24,3.14,14.70
572537,-7.03,2.34,1,14.36,13.44,8,14.69,190,0.27,0.28,699,0.00,1.00,0,0.5000,20.50,122,0,0.00,13,7.11,3.26,3.53,14.80
572641,-6.25,2.34,1,14.36,13.52,8,14.69,190,0.27,0.28,702,0.00,1.00,0,0.5000,20.00,122,0,0.00,13,7.11,3.26,3.53,14.90
572745,-5.47,2.34,1,14.36,13.60,8,14.69,190,0.27,0.27,712,0.00,1.00,0,0.5000,18.50,122,0,0.00,13,7.11,3.28,3.53,15.00
572849,-5.47,2.34,1,14.36,13.52,8,14.69,190,0.27,0.27,717,0.00,1.00,0,0.5000,18.00,122,0,0.00,13,7.11,3.28,3.53,15.10
572954,-3.91,2.34,1,14.36,13.52,8,14.69,190,0.27,0.27,713,0.00,1.00,0,0.5000,18.00,122,0,0.00,13,7.11,3.28,3.53,15.30
573058,-3.12,2.34,1,14.36,13.44,8,14.69,190,0.27,0.28,714,0.00,1.00,0,0.5000,17.50,122,0,0.00,13,7.11,3.28,3.53,15.40
573162,-3.12,2.34,1,14.36,13.60,8,14.69,190,0.27,0.28,715,0.00,1.00,0,0.5000,17.50,122,0,0.00,13,7.25,3.30,3.53,15.50
573265,-2.34,2.34,1,14.36,13.52,8,14.69,190,0.27,0.28,720,0.00,1.00,0,0.5000,17.00,122,0,0.00,13,7.25,3.33,3.53,15.70
573369,-1.56,2.34,1,14.36,13.60,8,14.69,190,0.27,0.28,728,0.00,1.00,0,0.5000,17.00,122,0,0.00,13,7.25,3.35,3.53,15.80
573473,-0.78,2.34,1,14.36,13.52,8,14.69,190,0.27,0.28,729,0.00,1.00,0,0.5000,17.00,122,0,0.00,13,7.25,3.37,3.53,16.00
573577,0.00,2.34,1,14.36,13.52,8,14.69,190,0.27,0.27,742,0.00,1.00,0,0.5000,17.00,122,0,0.00,13,7.25,3.37,3.53,16.00
573682,0.78,2.34,1,14.36,13.52,8,14.69,190,0.27,0.27,750,0.00,1.00,0,0.5000,16.50,122,0,0.00,13,7.25,3.37,3.53,16.10
573785,1.56,2.34,1,14.36,13.52,8,14.69,190,0.26,0.26,776,0.00,1.00,0,0.5000,15.00,122,0,0.00,13,7.11,3.37,3.53,16.10
573889,2.34,2.34,1,14.36,13.60,8,14.69,190,0.26,0.26,782,0.00,1.00,0,0.5000,15.00,122,0,0.00,13,7.11,3.42,3.53,16.20
573993,3.12,2.34,1,14.36,13.52,8,14.69,190,0.26,0.26,780,0.00,1.00,0,0.5000,15.50,122,0,0.00,13,6.96,3.42,3.53,16.10
574098,3.12,2.34,1,14.36,13.52,8,14.69,190,0.26,0.27,774,0.00,1.00,0,0.5000,16.50,122,0,0.00,13,6.96,3.46,3.92,16.10
574201,3.91,2.34,1,14.36,13.52,8,14.69,190,0.26,0.27,773,0.00,1.00,0,0.5000,16.50,122,0,0.00,13,6.96,3.46,3.92,16.10
574305,4.69,2.34,1,14.36,13.60,8,14.69,190,0.26,0.27,796,0.00,1.00,0,0.5000,15.00,122,0,0.00,13,6.96,3.51,3.92,16.10
574409,4.69,2.34,1,14.36,13.52,8,14.69,190,0.26,0.26,800,0.00,1.00,0,0.5000,15.00,122,0,0.00,13,6.96,3.51,3.92,16.00
574513,4.69,2.34,1,14.36,13.52,8,14.69,190,0.26,0.27,793,0.00,1.00,0,0.5000,16.00,122,0,0.00,13,6.96,3.56,3.92,15.90
574617,5.47,2.34,1,14.36,13.52,8,14.69,190,0.26,0.27,804,0.00,1.00,0,0.5000,15.00,122,0,0.00,13,6.82,3.56,3.92,15.80
574721,6.25,2.34,1,14.36,13.52,8,14.69,190,0.26,0.26,812,0.00,1.00,0,0.5000,14.50,122,0,0.00,13,6.82,3.56,3.92,15.90
574826,6.25,2.34,1,14.36,13.60,8,14.69,190,0.26,0.26,814,0.00,1.00,0,0.5000,14.50,122,0,0.00,13,6.82,3.56,3.92,15.90
574930,6.25,2.34,1,14.36,13.52,8,14.69,190,0.26,0.26,822,0.00,1.00,0,0.5000,14.00,122,0,0.00,13,6.82,3.56,3.53,15.60
575034,6.25,2.34,1,14.36,13.60,8,14.69,190,0.25,0.26,813,0.00,1.00,0,0.5000,16.00,122,0,0.00,13,6.67,3.56,3.53,15.70
575137,6.25,2.34,1,14.36,13.52,8,14.69,190,0.25,0.26,830,0.00,1.00,0,0.5000,14.00,122,0,0.00,13,6.67,3.56,3.53,15.60
575242,7.03,2.34,1,14.36,13.52,8,14.69,190,0.25,0.26,833,0.00,1.00,0,0.5000,14.50,122,0,0.00,13,6.67,3.56,3.53,15.50
575346,6.25,2.34,1,14.36,13.52,8,14.69,190,0.25,0.26,836,0.00,1.00,0,0.5000,14.50,122,0,0.00,13,6.67,3.56,3.53,15.30
575449,6.25,2.34,1,14.36,13.60,8,14.68,190,0.25,0.25,837,0.00,1.00,0,0.5000,14.50,122,0,0.00,13,6.53,3.56,3.53,15.20
575554,6.25,2.34,1,14.36,13.60,8,14.69,190,0.25,0.26,836,0.00,1.00,0,0.5000,15.00,122,0,0.00,13,6.53,3.56,3.53,15.10
575658,6.25,2.34,1,14.36,13.52,8,14.68,190,0.25,0.25,845,0.00,1.00,0,0.5000,14.50,122,0,0.00,13,6.53,3.56,3.53,14.80
575762,5.47,2.34,1,14.36,13.52,8,14.68,190,0.25,0.25,848,0.00,1.00,0,0.5000,14.50,122,0,0.00,13,6.38,3.56,3.53,14.80
575866,5.47,2.34,1,14.36,13.52,8,14.68,190,0.24,0.25,860,0.00,1.00,0,0.5000,14.00,122,0,0.00,13,6.38,3.51,3.53,14.80
575970,5.47,2.34,1,14.36,13.52,8,14.68,190,0.24,0.25,847,0.00,1.00,0,0.5000,15.50,122,0,0.00,13,6.38,3.51,3.53,14.40
576074,4.69,2.34,1,14.36,13.52,8,14.68,190,0.24,0.24,861,0.00,1.00,0,0.5000,14.50,122,0,0.00,13,6.24,3.51,3.53,14.60
576178,4.69,2.34,1,14.36,13.52,8,14.68,190,0.24,0.25,849,0.00,1.00,0,0.5000,16.00,122,0,0.00,13,6.24,3.46,3.53,14.40
576282,3.91,2.34,1,14.36,13.52,8,14.68,190,0.24,0.25,847,0.00,1.00,0,0.5000,16.00,122,0,0.00,13,6.24,3.46,3.53,14.40
576385,3.91,2.34,1,14.36,13.52,8,14.68,190,0.24,0.25,837,0.00,1.00,0,0.5000,16.50,122,0,0.00,13,6.24,3.44,3.53,14.40
576490,3.91,2.34,1,14.36,13.20,8,14.69,190,0.24,0.24,839,0.00,1.00,0,0.5000,16.50,122,0,0.00,13,6.24,3.59,4.71,14.30
576594,3.12,2.34,1,14.36,13.04,8,14.69,190,0.26,0.30,827,0.00,0.90,0,0.5000,17.00,122,0,0.00,13,6.82,4.10,5.49,14.20
576698,3.12,2.34,1,14.36,13.60,8,14.69,190,0.28,0.34,810,0.00,0.87,0,0.5000,17.00,122,0,0.00,13,7.11,4.54,5.49,14.20
576802,3.12,2.34,1,14.36,13.52,8,14.69,190,0.30,0.34,819,0.00,0.91,0,0.5000,17.00,122,0,0.00,13,7.55,4.62,5.49,14.10
576906,3.12,2.34,1,14.36,13.44,8,14.69,190,0.31,0.34,822,0.00,1.00,0,0.5000,17.00,122,0,0.00,13,7.84,4.68,5.49,14.10
577010,3.91,2.34,1,14.36,13.52,8,14.69,190,0.32,0.34,820,0.00,0.99,0,0.5000,17.00,122,0,0.00,13,7.98,4.68,5.10,14.20
577114,4.69,2.34,1,14.36,13.52,8,14.69,190,0.33,0.34,795,0.00,0.99,0,0.5000,18.00,122,0,0.00,13,8.13,4.51,4.71,14.50
577217,4.69,2.34,1,14.36,13.52,8,14.69,190,0.33,0.33,814,0.00,0.99,0,0.5000,17.00,122,0,0.00,13,8.13,4.49,5.10,14.50
577322,5.47,2.34,1,14.36,13.60,8,14.69,190,0.33,0.33,817,0.00,0.99,0,0.5000,17.00,122,0,0.00,13,8.13,4.54,5.10,15.00
577426,6.25,2.34,1,14.36,13.52,8,14.69,190,0.33,0.33,830,0.00,0.99,0,0.5000,16.50,122,0,0.00,13,8.13,4.57,5.10,15.10
577530,7.03,2.34,1,14.36,13.52,8,14.69,190,0.33,0.33,840,0.00,1.00,0,0.5000,16.50,122,0,0.00,13,8.13,4.62,5.10,15.40
577634,7.81,2.34,1,14.36,13.52,8,14.68,190,0.33,0.33,849,0.00,1.00,0,0.5000,16.00,122,0,0.00,13,8.13,4.62,5.10,15.50
577738,7.81,2.34,1,14.36,13.44,8,14.68,190,0.32,0.32,877,0.00,1.00,0,0.5000,14.00,122,0,0.00,13,8.13,4.68,5.10,15.50
577842,7.81,2.34,1,14.36,13.60,8,14.67,190,0.32,0.32,894,0.00,1.00,0,0.5000,13.00,122,0,0.00,13,7.98,4.68,5.10,15.50
577946,7.81,2.34,1,14.36,13.52,8,14.67,190,0.32,0.31,895,0.00,1.00,0,0.5000,13.50,122,0,0.00,13,7.84,4.71,5.10,15.60
578051,7.03,2.34,1,14.36,13.52,8,14.67,190,0.31,0.31,915,0.00,1.00,0,0.5000,12.50,122,0,0.00,13,7.84,4.74,5.10,15.30
578154,7.03,2.34,1,14.36,13.52,8,14.67,190,0.31,0.31,904,0.00,1.00,0,0.5000,13.50,122,0,0.00,13,7.69,4.74,5.10,15.20
578258,7.03,2.34,1,14.36,13.52,8,14.67,190,0.31,0.31,922,0.00,1.00,0,0.5000,13.00,122,0,0.00,13,7.69,4.77,5.10,15.00
578362,6.25,2.34,1,14.36,13.52,8,14.66,190,0.31,0.31,926,0.00,1.00,0,0.5000,13.00,122,0,0.00,13,7.55,4.80,5.10,15.20
578466,6.25,2.34,1,14.36,13.44,8,14.66,190,0.31,0.31,928,0.00,1.00,0,0.5000,13.50,122,0,0.00,13,7.55,4.80,5.10,14.60
578570,5.47,2.34,1,14.36,13.60,8,14.67,190,0.31,0.31,932,0.00,1.00,0,0.5000,13.50,122,0,0.00,13,7.55,4.80,5.10,14.50
578674,5.47,2.34,1,14.36,13.52,8,14.66,190,0.31,0.31,922,0.00,1.00,0,0.5000,15.00,122,0,0.00,13,7.55,4.80,5.10,14.40
578778,5.47,2.34,1,14.36,13.52,8,14.67,190,0.31,0.31,929,0.00,1.00,0,0.5000,14.50,122,0,0.00,13,7.40,4.80,5.10,14.30
578882,4.69,2.34,1,14.36,13.60,8,14.66,190,0.31,0.31,920,0.00,1.00,0,0.5000,16.00,122,0,0.00,13,7.40,4.80,5.10,14.30
578985,4.69,2.34,1,14.36,13.60,8,14.67,190,0.31,0.31,921,0.00,1.00,0,0.5000,16.00,122,0,0.00,13,7.40,4.80,5.10,14.20
579090,4.69,2.34,1,14.36,13.44,8,14.66,190,0.31,0.31,930,0.00,1.00,0,0.5000,15.50,122,0,0.00,13,7.40,4.74,5.10,14.30
579194,3.91,2.34,1,14.36,13.36,8,14.66,190,0.30,0.31,928,0.00,1.00,0,0.5000,16.00,122,0,0.00,13,7.40,4.71,4.71,14.30
579298,3.91,2.34,1,14.36,13.52,8,14.66,190,0.30,0.30,930,0.00,1.00,0,0.5000,16.00,122,0,0.00,13,7.25,4.68,4.71,14.20
579402,3.91,2.34,1,14.36,13.52,8,14.66,190,0.30,0.31,917,0.00,1.00,0,0.5000,16.50,122,0,0.00,13,7.25,4.68,4.71,14.20
579506,3.12,2.34,1,14.36,13.60,8,14.67,190,0.30,0.30,916,0.00,1.00,0,0.5000,16.50,122,0,0.00,13,7.11,4.40,3.53,14.30
579610,3.12,2.34,1,14.36,13.52,8,14.67,190,0.28,0.27,921,0.00,1.00,0,0.5000,16.50,122,0,0.00,13,6.82,4.07,4.31,14.30
579714,2.34,2.34,1,14.36,13.44,8,14.67,190,0.28,0.28,892,0.00,1.00,0,0.5000,17.00,122,0,0.00,13,6.82,4.16,4.31,14.10
579818,2.34,2.34,1,14.36,13.52,8,14.68,190,0.28,0.29,878,0.00,1.00,0,0.5000,18.00,122,0,0.00,13,6.82,4.18,4.31,14.20
579922,1.56,2.34,1,14.36,13.52,8,14.68,190,0.28,0.29,854,0.00,1.00,0,0.5000,20.00,122,0,0.00,13,6.82,4.18,4.31,14.10
580025,0.78,2.34,1,14.36,13.44,8,14.69,190,0.29,0.30,849,0.00,1.00,0,0.5000,20.00,122,0,0.00,13,6.96,4.18,4.31,14.10
580130,0.00,2.34,1,14.36,13.36,8,14.69,190,0.29,0.31,818,0.00,1.00,0,0.5000,21.50,122,0,0.00,13,6.96,4.18,4.31,14.00
580234,0.00,2.34,1,14.36,13.60,8,14.69,190,0.29,0.31,808,0.00,1.00,0,0.5000,22.00,122,0,0.00,13,7.11,4.16,3.92,13.90
580338,-0.78,2.34,1,14.36,13.52,8,14.69,190,0.30,0.31,797,0.00,1.00,0,0.5000,22.00,122,0,0.00,13,7.11,4.10,3.92,13.80
580442,-0.78,2.34,1,14.36,13.44,8,14.69,190,0.30,0.32,773,0.00,1.00,0,0.5000,22.00,122,0,0.00,13,7.25,4.10,3.92,13.80
580546,-0.78,2.34,1,14.36,13.60,8,14.69,190,0.31,0.32,768,0.00,1.00,0,0.5000,22.00,122,0,0.00,13,7.25,4.10,3.92,13.80
580650,-0.78,2.34,1,14.36,13.44,8,14.69,190,0.31,0.32,758,0.00,1.00,0,0.5000,22.00,122,0,0.00,13,7.40,4.07,3.92,13.90
580754,-0.78,2.34,1,14.36,13.44,8,14.69,190,0.31,0.33,746,0.00,1.00,0,0.5000,22.00,122,0,0.00,13,7.55,4.10,4.31,14.00
580858,-0.78,2.34,1,14.36,13.52,8,14.69,190,0.32,0.34,746,0.00,1.00,0,0.5000,22.00,122,0,0.00,13,7.69,4.18,4.31,14.10
580962,-0.78,2.34,1,14.36,13.44,8,14.69,190,0.33,0.34,746,0.00,1.00,0,0.5000,22.00,122,0,0.00,13,7.84,4.21,4.31,14.10
581066,-0.78,2.34,1,14.36,13.68,8,14.69,190,0.33,0.34,740,0.00,1.00,0,0.5000,22.00,122,0,0.00,13,7.98,4.26,4.71,14.30
581170,-0.78,2.34,1,14.36,13.44,8,14.69,190,0.33,0.34,750,0.00,1.00,0,0.5000,21.50,122,0,0.00,13,7.98,4.32,4.71,14.40
581274,0.00,2.34,1,14.36,13.44,8,14.69,190,0.33,0.34,770,0.00,1.00,0,0.5000,19.50,122,0,0.00,13,8.13,4.35,4.71,14.50
581378,0.00,2.34,1,14.36,13.52,8,14.69,190,0.33,0.34,779,0.00,1.00,0,0.5000,18.00,122,0,0.00,13,8.13,4.37,4.71,14.50
581482,0.00,2.34,1,14.36,13.52,8,14.69,190,0.33,0.34,784,0.00,1.00,0,0.5000,17.50,122,0,0.00,13,8.13,4.37,4.71,15.60
581586,0.78,2.34,1,14.36,13.52,8,14.69,190,0.33,0.33,799,0.00,1.00,0,0.5000,17.00,122,0,0.00,13,8.13,4.40,4.71,14.80
581690,0.78,2.34,1,14.36,13.52,8,14.69,190,0.33,0.33,804,0.00,1.00,0,0.5000,17.00,122,0,0.00,13,7.98,4.40,4.71,15.00
581794,1.56,2.34,1,14.36,13.60,8,14.69,190,0.33,0.32,824,0.00,1.00,0,0.5000,16.50,122,0,0.00,13,7.98,4.43,4.71,15.10
581898,1.56,2.34,1,14.36,13.52,8,14.69,190,0.32,0.32,817,0.00,1.00,0,0.5000,16.50,122,0,0.00,13,7.98,4.43,4.71,15.20
582003,2.34,2.34,1,14.36,13.60,8,14.69,190,0.32,0.33,822,0.00,1.00,0,0.5000,16.50,122,0,0.00,13,7.98,4.46,4.71,15.30
582106,2.34,2.34,1,14.36,13.52,8,14.69,190,0.32,0.32,835,0.00,1.00,0,0.5000,16.00,122,0,0.00,13,7.84,4.51,4.71,15.30
582210,2.34,2.34,1,14.36,13.52,8,14.68,190,0.32,0.33,840,0.00,1.00,0,0.5000,16.00,122,0,0.00,13,7.84,4.57,4.71,15.40
582314,2.34,2.34,1,14.36,13.44,8,14.68,190,0.32,0.32,858,0.00,1.00,0,0.5000,14.50,122,0,0.00,13,7.84,4.57,4.71,15.30
582418,2.34,2.34,1,14.36,13.52,8,14.68,190,0.32,0.33,852,0.00,1.00,0,0.5000,15.50,122,0,0.00,13,7.84,4.62,4.71,15.30
582522,2.34,2.34,1,14.36,13.52,8,14.68,190,0.32,0.32,870,0.00,1.00,0,0.5000,14.00,122,0,0.00,13,7.69,4.62,4.71,15.20
582626,2.34,2.34,1,14.36,13.52,8,14.68,190,0.32,0.32,864,0.00,1.00,0,0.5000,15.00,122,0,0.00,13,7.69,4.62,4.71,15.10
582730,2.34,2.34,1,14.36,13.52,8,14.68,190,0.32,0.32,874,0.00,1.00,0,0.5000,14.50,122,0,0.00,13,7.55,4.62,4.71,15.10
582834,2.34,2.34,1,14.36,13.52,8,14.67,190,0.31,0.32,877,0.00,1.00,0,0.5000,14.50,122,0,0.00,13,7.55,4.62,4.71,15.00
582938,2.34,2.34,1,14.36,13.44,8,14.68,190,0.31,0.31,883,0.00,1.00,0,0.5000,14.50,122,0,0.00,13,7.55,4.62,4.71,14.80
583042,2.34,2.34,1,14.36,13.52,8,14.67,190,0.31,0.32,874,0.00,1.00,0,0.5000,16.00,122,0,0.00,13,7.55,4.62,4.71,14.80
583146,1.56,2.34,1,14.36,13.52,8,14.68,190,0.31,0.31,890,0.00,1.00,0,0.5000,14.50,122,0,0.00,13,7.40,4.62,4.71,14.80
583250,1.56,2.34,1,14.36,13.60,8,14.67,190,0.31,0.32,879,0.00,1.00,0,0.5000,16.00,122,0,0.00,13,7.40,4.62,4.71,14.20
583354,1.56,2.34,1,14.36,13.52,8,14.67,190,0.31,0.31,882,0.00,1.00,0,0.5000,15.50,122,0,0.00,13,7.40,4.62,4.71,14.50
583458,1.56,2.34,1,14.36,13.52,8,14.68,190,0.31,0.32,880,0.00,1.00,0,0.5000,16.00,122,0,0.00,13,7.40,4.62,4.71,14.40
583562,0.78,2.34,1,14.36,13.52,8,14.67,190,0.31,0.31,876,0.00,1.00,0,0.5000,16.50,122,0,0.00,13,7.40,4.62,4.71,14.40
583667,0.78,2.34,1,14.36,13.60,8,14.68,190,0.31,0.32,880,0.00,1.00,0,0.5000,16.50,122,0,0.00,13,7.40,4.62,4.71,14.40
583770,0.78,2.34,1,14.36,13.60,8,14.67,190,0.31,0.31,876,0.00,1.00,0,0.5000,16.50,122,0,0.00,13,7.40,4.62,4.71,14.30
583874,0.00,2.34,1,14.36,13.60,8,14.68,190,0.31,0.31,876,0.00,1.00,0,0.5000,16.50,122,0,0.00,13,7.40,4.57,4.71,14.40
583978,0.00,2.34,1,14.36,13.60,8,14.68,190,0.31,0.32,863,0.00,1.00,0,0.5000,17.00,122,0,0.00,13,7.40,4.57,4.71,14.30
584083,0.00,2.34,1,14.36,13.52,8,14.68,190,0.31,0.31,873,0.00,1.00,0,0.5000,16.50,122,0,0.00,13,7.40,4.57,4.71,14.40
584186,0.00,2.34,1,14.36,13.52,8,14.68,190,0.31,0.31,862,0.00,1.00,0,0.5000,17.00,122,0,0.00,13,7.40,4.51,4.71,14.30
584290,0.00,2.34,1,14.36,13.60,8,14.68,190,0.31,0.32,862,0.00,1.00,0,0.5000,17.00,124,0,0.00,13,7.40,4.54,4.71,14.30
584394,0.00,2.34,1,14.36,13.60,8,14.68,190,0.31,0.32,847,0.00,1.00,0,0.5000,17.00,124,0,0.00,13,7.40,4.54,4.71,14.30
584498,-0.78,2.34,1,14.36,13.60,8,14.68,190,0.31,0.32,860,0.00,1.00,0,0.5000,17.00,124,0,0.00,13,7.40,4.51,4.71,14.40
584602,-0.78,2.34,1,14.36,13.52,8,14.68,190,0.31,0.31,848,0.00,1.00,0,0.5000,17.00,124,0,0.00,13,7.40,4.48,4.71,14.40
584706,-0.78,2.34,1,14.36,13.52,8,14.68,190,0.31,0.32,846,0.00,1.00,0,0.5000,17.00,124,0,0.00,13,7.40,4.46,4.71,14.40
584811,-0.78,2.34,1,14.36,13.52,8,14.69,190,0.31,0.32,844,0.00,1.00,0,0.5000,17.00,124,0,0.00,13,7.40,4.46,4.71,14.40
584914,-0.78,2.34,1,14.36,13.52,8,14.69,190,0.31,0.32,827,0.00,1.00,0,0.5000,18.00,124,0,0.00,13,7.55,4.46,4.71,14.40
585018,-0.78,2.34,1,14.36,13.52,8,14.69,190,0.32,0.32,830,0.00,1.00,0,0.5000,17.50,124,0,0.00,13,7.55,4.46,4.71,14.40
585123,-0.78,2.34,1,14.36,13.44,8,14.69,190,0.32,0.33,813,0.00,1.00,0,0.5000,19.00,124,0,0.00,13,7.55,4.46,4.71,14.50
585227,-0.78,2.34,1,14.36,13.44,8,14.69,190,0.32,0.32,826,0.00,1.00,0,0.5000,17.50,124,0,0.00,13,7.55,4.43,4.71,14.50
585331,-0.78,2.34,1,14.36,13.52,8,14.69,190,0.32,0.33,822,0.00,1.00,0,0.5000,17.50,124,0,0.00,13,7.55,4.46,4.71,14.50
585435,-0.78,2.34,1,14.36,13.60,8,14.69,190,0.32,0.33,828,0.00,1.00,0,0.5000,17.00,124,0,0.00,13,7.55,4.46,4.71,14.60
585539,0.00,2.34,1,14.36,13.60,8,14.69,190,0.32,0.32,830,0.00,1.00,0,0.5000,17.00,124,0,0.00,13,7.55,4.43,4.71,14.60
585643,0.00,2.34,1,14.36,13.44,8,14.69,190,0.32,0.33,818,0.00,1.00,0,0.5000,17.50,124,0,0.00,13,7.55,4.46,4.71,14.70
585747,0.00,2.34,1,14.36,13.52,8,14.69,190,0.32,0.32,816,0.00,1.00,0,0.5000,17.50,124,0,0.00,13,7.69,4.43,4.71,14.80
585851,0.00,2.34,1,14.36,13.36,8,14.69,190,0.32,0.33,808,0.00,1.00,0,0.5000,18.00,124,0,0.00,13,7.69,4.46,4.71,14.90
585954,0.00,2.34,1,14.36,13.60,8,14.69,190,0.32,0.33,812,0.00,1.00,0,0.5000,17.50,124,0,0.00,13,7.69,4.46,4.71,14.80
586059,0.00,2.34,1,14.36,13.60,8,14.69,190,0.32,0.33,799,0.00,1.00,0,0.5000,18.00,124,0,0.00,13,7.69,4.43,4.71,14.80
586163,0.00,2.34,1,14.36,13.44,8,14.69,190,0.33,0.34,798,0.00,1.00,0,0.5000,18.00,124,0,0.00,13,7.69,4.46,4.71,14.80
586267,0.00,2.34,1,14.36,13.44,8,14.69,190,0.33,0.33,803,0.00,1.00,0,0.5000,17.50,124,0,0.00,13,7.69,4.46,4.71,14.70
586370,0.00,2.34,1,14.36,13.44,8,14.69,190,0.33,0.33,799,0.00,1.00,0,0.5000,17.50,124,0,0.00,13,7.69,4.43,4.71,14.70
586474,0.00,2.34,1,14.36,13.60,8,14.69,190,0.33,0.33,809,0.00,1.00,0,0.5000,17.00,124,0,0.00,13,7.69,4.43,4.71,14.80
586579,0.00,2.34,1,14.36,13.52,8,14.69,190,0.33,0.33,816,0.00,1.00,0,0.5000,17.00,124,0,0.00,13,7.69,4.46,4.71,15.00
586682,0.00,2.34,1,14.36,13.52,8,14.69,190,0.33,0.33,808,0.00,1.00,0,0.5000,17.00,124,0,0.00,13,7.69,4.46,4.71,14.80
586786,0.00,2.34,1,14.36,13.44,8,14.69,190,0.33,0.33,818,0.00,1.00,0,0.5000,17.00,124,0,0.00,13,7.69,4.46,4.71,14.90
586891,0.00,2.34,1,14.36,13.44,8,14.69,190,0.32,0.33,815,0.00,1.00,0,0.5000,17.00,124,0,0.00,13,7.69,4.48,4.71,14.80
586994,0.00,2.34,1,14.36,13.52,8,14.69,190,0.32,0.33,831,0.00,1.00,0,0.5000,16.50,124,0,0.00,13,7.69,4.51,4.71,15.00
587098,0.00,2.34,1,14.36,13.60,8,14.69,190,0.32,0.32,825,0.00,1.00,0,0.5000,17.00,124,0,0.00,13,7.69,4.48,4.71,14.80
587203,0.78,2.34,1,14.36,13.60,8,14.68,190,0.32,0.32,837,0.00,1.00,0,0.5000,16.50,124,0,0.00,13,7.69,4.48,4.71,14.80
587307,0.78,2.34,1,14.36,13.52,8,14.68,190,0.32,0.32,844,0.00,1.00,0,0.5000,16.50,124,0,0.00,13,7.69,4.51,4.71,14.80
587411,0.78,2.34,1,14.36,13.44,8,14.68,190,0.32,0.32,836,0.00,1.00,0,0.5000,16.50,124,0,0.00,13,7.69,4.51,4.71,14.80
587515,0.78,2.34,1,14.36,13.36,8,14.68,190,0.32,0.32,849,0.00,1.00,0,0.5000,16.00,124,0,0.00,13,7.69,4.51,4.71,14.80
587619,0.00,2.34,1,14.36,13.52,8,14.68,190,0.32,0.33,826,0.00,1.00,0,0.5000,17.00,124,0,0.00,13,7.55,4.51,4.71,14.70
587723,0.00,2.34,1,14.36,13.60,8,14.69,190,0.32,0.32,839,0.00,1.00,0,0.5000,16.50,124,0,0.00,13,7.55,4.51,4.71,14.80
587827,0.00,2.34,1,14.36,13.36,8,14.68,190,0.32,0.33,832,0.00,1.00,0,0.5000,17.00,124,0,0.00,13,7.55,4.54,4.71,14.60
587931,0.00,2.34,1,14.36,13.44,8,14.68,190,0.32,0.32,850,0.00,1.00,0,0.5000,16.50,124,0,0.00,13,7.55,4.51,4.71,15.30
588035,0.00,2.34,1,14.36,13.52,8,14.68,190,0.32,0.33,838,0.00,1.00,0,0.5000,17.00,124,0,0.00,13,7.55,4.54,4.71,14.60
588139,0.00,2.34,1,14.36,13.52,8,14.69,190,0.32,0.33,843,0.00,1.00,0,0.5000,16.50,124,0,0.00,13,7.55,4.54,4.71,14.60
588242,0.00,2.34,1,14.36,13.52,8,14.68,190,0.32,0.32,834,0.00,1.00,0,0.5000,17.00,124,0,0.00,13,7.55,4.54,4.71,14.50
588346,0.00,2.34,1,14.36,13.52,8,14.68,190,0.32,0.33,835,0.00,1.00,0,0.5000,17.00,124,0,0.00,13,7.55,4.51,4.71,14.60
588451,0.00,2.34,1,14.36,13.52,8,14.69,190,0.32,0.33,837,0.00,1.00,0,0.5000,17.00,124,0,0.00,13,7.55,4.54,4.71,14.50
588555,0.00,2.34,1,14.36,13.52,8,14.68,190,0.32,0.33,828,0.00,1.00,0,0.5000,17.00,124,0,0.00,13,7.55,4.54,4.71,14.50
588659,0.00,2.34,1,14.36,13.52,8,14.69,190,0.32,0.33,831,0.00,1.00,0,0.5000,17.00,124,0,0.00,13,7.55,4.51,4.71,14.50
588763,0.00,2.34,1,14.36,13.52,8,14.69,190,0.32,0.33,827,0.00,1.00,0,0.5000,17.00,124,0,0.00,13,7.55,4.51,4.71,14.50
588867,0.00,2.34,1,14.36,13.44,8,14.69,190,0.32,0.32,838,0.00,1.00,0,0.5000,17.00,124,0,0.00,13,7.55,4.51,4.71,14.60
588970,0.00,2.34,1,14.36,13.52,8,14.68,190,0.32,0.32,834,0.00,1.00,0,0.5000,17.00,124,0,0.00,13,7.55,4.51,4.71,14.60
589075,0.00,2.34,1,14.36,13.52,8,14.69,190,0.32,0.33,837,0.00,1.00,0,0.5000,17.00,124,0,0.00,13,7.55,4.51,4.71,14.60
589179,0.00,2.34,1,14.36,13.52,8,14.68,190,0.32,0.32,834,0.00,1.00,0,0.5000,17.00,124,0,0.00,13,7.55,4.51,4.71,14.60
589283,0.00,2.34,1,14.36,13.52,8,14.68,190,0.32,0.32,838,0.00,1.00,0,0.5000,17.00,124,0,0.00,13,7.55,4.51,4.71,14.60
589387,-0.78,2.34,1,14.36,13.52,8,14.68,190,0.32,0.32,842,0.00,1.00,0,0.5000,16.50,124,0,0.00,13,7.55,4.51,4.71,14.60
589491,-0.78,2.34,1,14.36,13.52,8,14.68,190,0.32,0.32,834,0.00,1.00,0,0.5000,17.00,124,0,0.00,13,7.55,4.54,4.71,14.60
589595,-0.78,2.34,1,14.36,13.44,8,14.68,190,0.32,0.32,845,0.00,1.00,0,0.5000,16.50,124,0,0.00,13,7.55,4.51,4.71,14.50
589699,-0.78,2.34,1,14.36,13.52,8,14.68,190,0.32,0.32,834,0.00,1.00,0,0.5000,17.00,124,0,0.00,13,7.55,4.54,4.71,14.60
589803,-0.78,2.34,1,14.36,13.44,8,14.69,190,0.32,0.32,838,0.00,1.00,0,0.5000,17.00,124,0,0.00,13,7.55,4.51,4.71,14.60
589907,-0.78,2.34,1,14.36,13.52,8,14.68,190,0.32,0.33,830,0.00,1.00,0,0.5000,17.00,124,0,0.00,13,7.55,4.54,4.71,14.60
590012,-0.78,2.34,1,14.36,13.60,8,14.69,190,0.32,0.32,842,0.00,1.00,0,0.5000,16.50,124,0,0.00,13,7.55,4.51,4.71,14.70
590115,-0.78,2.34,1,14.36,13.52,8,14.68,190,0.32,0.32,832,0.00,1.00,0,0.5000,17.00,124,0,0.00,13,7.55,4.51,4.71,14.70
590218,-0.78,2.34,1,14.36,13.52,8,14.69,190,0.32,0.33,843,0.00,1.00,0,0.5000,16.50,124,0,0.00,13,7.55,4.51,4.71,14.50
590323,-0.78,2.34,1,14.36,13.52,8,14.69,190,0.32,0.32,830,0.00,1.00,0,0.5000,17.00,124,0,0.00,13,7.55,4.51,4.71,14.50
590427,-0.78,2.34,1,14.36,13.60,8,14.68,190,0.32,0.33,831,0.00,1.00,0,0.5000,17.00,124,0,0.00,13,7.55,4.51,4.71,14.60
590531,-0.78,2.34,1,14.36,13.52,8,14.69,190,0.32,0.32,840,0.00,1.00,0,0.5000,17.00,124,0,0.00,13,7.55,4.51,4.71,14.60
590635,-0.78,2.34,1,14.36,13.52,8,14.69,192,0.32,0.33,825,0.00,1.00,0,0.5000,17.00,124,0,0.00,13,7.55,4.51,4.71,14.60
590739,-0.78,2.34,1,14.36,13.44,8,14.69,192,0.32,0.33,832,0.00,1.00,0,0.5000,17.00,124,0,0.00,13,7.55,4.51,4.71,14.60
590843,-0.78,2.34,1,14.36,13.44,8,14.69,192,0.32,0.33,824,0.00,1.00,0,0.5000,17.00,124,0,0.00,13,7.55,4.51,4.71,14.60
590947,-0.78,2.34,1,14.36,13.52,8,14.69,190,0.32,0.33,824,0.00,1.00,0,0.5000,17.00,124,0,0.00,13,7.55,4.51,4.71,14.60
591051,-0.78,2.34,1,14.36,13.60,8,14.69,190,0.32,0.33,814,0.00,1.00,0,0.5000,17.00,124,0,0.00,13,7.69,4.51,4.71,14.70
591155,-0.78,2.34,1,14.36,13.52,8,14.69,190,0.32,0.33,811,0.00,1.00,0,0.5000,17.00,124,0,0.00,13,7.69,4.51,4.71,14.70
591259,-0.78,2.34,1,14.36,13.44,8,14.69,192,0.33,0.33,817,0.00,1.00,0,0.5000,17.00,124,0,0.00,13,7.69,4.51,4.71,14.80
591363,-0.78,2.34,1,14.36,13.44,8,14.69,192,0.33,0.33,808,0.00,1.00,0,0.5000,17.00,124,0,0.00,13,7.69,4.48,4.71,14.80
591467,-0.78,2.34,1,14.36,13.52,8,14.69,192,0.33,0.33,824,0.00,1.00,0,0.5000,17.00,124,0,0.00,13,7.69,4.51,4.71,14.70
591571,-0.78,2.34,1,14.36,13.60,8,14.69,192,0.33,0.33,809,0.00,1.00,0,0.5000,17.00,124,0,0.00,13,7.69,4.51,4.71,14.70
591674,-0.78,2.34,1,14.36,13.60,8,14.69,192,0.33,0.33,818,0.00,1.00,0,0.5000,17.00,124,0,0.00,13,7.69,4.51,4.71,14.80
591779,0.00,2.34,1,14.36,13.44,8,14.69,192,0.33,0.33,820,0.00,1.00,0,0.5000,17.00,124,0,0.00,13,7.69,4.54,4.71,14.80
591883,0.00,2.34,1,14.36,13.44,8,14.69,192,0.33,0.33,818,0.00,1.00,0,0.5000,17.00,124,0,0.00,13,7.69,4.51,4.71,14.80
591987,0.00,2.34,1,14.36,13.52,8,14.69,192,0.33,0.33,826,0.00,1.00,0,0.5000,17.00,124,0,0.00,13,7.69,4.51,4.71,14.70
592092,0.00,2.34,1,14.36,13.44,8,14.69,192,0.33,0.33,822,0.00,1.00,0,0.5000,17.00,124,0,0.00,13,7.69,4.54,4.71,14.70
592195,0.00,2.34,1,14.36,13.52,8,14.69,192,0.32,0.33,832,0.00,1.00,0,0.5000,16.50,124,0,0.00,13,7.69,4.54,4.71,14.80
592299,0.00,2.34,1,14.36,13.52,8,14.68,192,0.32,0.32,828,0.00,1.00,0,0.5000,17.00,124,0,0.00,13,7.69,4.51,4.71,14.80
592403,0.00,2.34,1,14.36,13.52,8,14.68,192,0.32,0.33,839,0.00,1.00,0,0.5000,16.50,124,0,0.00,13,7.69,4.51,4.71,14.80
592507,0.00,2.34,1,14.36,13.44,8,14.69,190,0.32,0.33,836,0.00,1.00,0,0.5000,16.50,124,0,0.00,13,7.69,4.54,4.71,14.70
592611,0.00,2.34,1,14.36,13.52,8,14.68,190,0.32,0.33,829,0.00,1.00,0,0.5000,17.00,124,0,0.00,13,7.69,4.54,4.71,14.70
592715,-0.78,2.34,1,14.36,13.52,8,14.69,190,0.32,0.33,836,0.00,1.00,0,0.5000,16.50,124,0,0.00,13,7.69,4.51,4.71,14.90
592819,-0.78,2.34,1,14.36,13.44,8,14.68,190,0.32,0.32,836,0.00,1.00,0,0.5000,16.50,124,0,0.00,13,7.69,4.54,4.71,14.70
592923,-0.78,2.34,1,14.36,13.44,8,14.69,190,0.32,0.33,836,0.00,1.00,0,0.5000,16.50,124,0,0.00,13,7.69,4.54,4.71,14.70
593027,-0.78,2.34,1,14.36,13.44,8,14.68,190,0.32,0.33,827,0.00,1.00,0,0.5000,17.00,124,0,0.00,13,7.69,4.54,4.71,14.60
593131,-0.78,2.34,1,14.36,13.52,8,14.69,190,0.32,0.33,834,0.00,1.00,0,0.5000,17.00,124,0,0.00,13,7.55,4.54,4.71,14.60
593235,-0.78,2.34,1,14.36,13.60,8,14.69,190,0.32,0.33,824,0.00,1.00,0,0.5000,17.00,124,0,0.00,13,7.55,4.54,4.71,14.70
593339,-0.78,2.34,1,14.36,13.52,8,14.69,190,0.32,0.33,832,0.00,1.00,0,0.5000,17.00,124,0,0.00,13,7.69,4.54,4.71,14.70
593443,-0.78,2.34,1,14.36,13.44,8,14.69,190,0.32,0.33,832,0.00,1.00,0,0.5000,17.00,124,0,0.00,13,7.69,4.54,4.71,14.60
593547,-0.78,2.34,1,14.36,13.44,8,14.69,190,0.32,0.34,817,0.00,1.00,0,0.5000,17.00,124,0,0.00,13,7.69,4.54,4.71,14.70
593651,-0.78,2.34,1,14.36,13.52,8,14.69,190,0.32,0.33,830,0.00,1.00,0,0.5000,17.00,124,0,0.00,13,7.69,4.51,4.71,14.70
593755,-0.78,2.34,1,14.36,13.44,8,14.69,190,0.33,0.33,820,0.00,1.00,0,0.5000,17.00,124,0,0.00,13,7.69,4.54,4.71,14.70
593859,-0.78,2.34,1,14.36,13.52,8,14.69,190,0.33,0.33,822,0.00,1.00,0,0.5000,17.00,124,0,0.00,13,7.69,4.54,4.71,14.70
593963,-0.78,2.34,1,14.36,13.60,8,14.69,190,0.33,0.33,820,0.00,1.00,0,0.5000,17.00,124,0,0.00,13,7.69,4.54,4.71,14.60
594067,-0.78,2.34,1,14.36,13.52,8,14.69,190,0.33,0.33,831,0.00,1.00,0,0.5000,17.00,124,0,0.00,13,7.69,4.54,4.71,14.70
594171,-0.78,2.34,1,14.36,13.52,8,14.69,190,0.33,0.33,830,0.00,1.00,0,0.5000,17.00,124,0,0.00,13,7.69,4.54,4.71,14.70
594275,-0.78,2.34,1,14.36,13.52,8,14.69,190,0.33,0.34,815,0.00,1.00,0,0.5000,17.00,124,0,0.00,13,7.69,4.54,4.71,14.70
594379,-0.78,2.34,1,14.36,13.60,8,14.69,190,0.33,0.33,825,0.00,1.00,0,0.5000,17.00,124,0,0.00,13,7.69,4.57,4.71,14.70
594483,-0.78,2.34,1,14.36,13.44,8,14.69,190,0.33,0.33,819,0.00,1.00,0,0.5000,17.00,124,0,0.00,13,7.69,4.54,4.71,14.70
594587,-0.78,2.34,1,14.36,13.44,8,14.69,190,0.33,0.33,832,0.00,1.00,0,0.5000,17.00,124,0,0.00,13,7.69,4.54,4.71,14.70
594691,-0.78,2.34,1,14.36,13.60,8,14.69,190,0.33,0.33,828,0.00,1.00,0,0.5000,17.00,124,0,0.00,13,7.69,4.57,4.71,14.70
594795,-0.78,2.34,1,14.36,13.60,8,14.68,190,0.33,0.33,837,0.00,1.00,0,0.5000,16.50,124,0,0.00,13,7.69,4.57,4.71,14.70
594899,-0.78,2.34,1,14.36,13.60,8,14.69,190,0.33,0.33,836,0.00,1.00,0,0.5000,16.50,124,0,0.00,13,7.69,4.54,4.71,14.60
595004,-0.78,2.34,1,14.36,13.52,8,14.69,190,0.32,0.33,829,0.00,1.00,0,0.5000,17.00,124,0,0.00,13,7.69,4.54,4.71,14.60
595107,-0.78,2.34,1,14.36,13.52,8,14.69,190,0.32,0.32,837,0.00,1.00,0,0.5000,16.50,124,0,0.00,13,7.69,4.51,4.71,14.60
595212,-0.78,2.34,1,14.36,13.44,8,14.68,190,0.32,0.33,834,0.00,1.00,0,0.5000,17.00,124,0,0.00,13,7.69,4.54,4.71,14.50
595315,-0.78,2.34,1,14.36,13.52,8,14.68,190,0.32,0.32,846,0.00,1.00,0,0.5000,16.50,124,0,0.00,13,7.55,4.57,4.71,14.70
595420,-0.78,2.34,1,14.36,13.52,8,14.67,190,0.31,0.30,870,0.00,1.00,0,0.5000,10.00,124,0,0.00,13,7.40,4.24,3.92,14.70
595524,-0.78,2.34,1,14.36,13.52,8,14.67,190,0.29,0.27,907,0.00,1.00,0,0.5000,10.00,124,0,0.00,13,7.11,4.07,3.92,14.80
595628,-0.78,2.34,1,14.36,13.52,8,14.66,190,0.28,0.26,915,0.00,1.00,0,0.5000,10.00,124,0,0.00,13,6.82,4.02,3.92,14.50
595731,-1.56,2.34,1,14.36,13.52,8,14.66,190,0.27,0.26,942,0.00,1.00,0,0.5000,12.00,124,0,0.00,13,6.67,4.02,3.92,14.60
595836,-2.34,2.34,1,14.36,13.52,8,14.66,190,0.26,0.25,962,0.00,1.00,0,0.5000,12.00,124,0,0.00,13,6.38,4.02,3.92,14.60
595940,-3.12,2.34,1,14.36,13.60,8,14.65,190,0.26,0.25,958,0.00,1.00,0,0.5000,12.00,124,0,0.00,13,6.24,4.02,3.92,14.40
596044,-3.91,2.34,1,14.36,13.52,8,14.66,190,0.25,0.25,949,0.00,1.00,0,0.5000,12.50,124,0,0.00,13,6.24,4.02,3.92,14.30
596148,-3.91,2.34,1,14.36,13.52,8,14.66,190,0.25,0.26,945,0.00,1.00,0,0.5000,13.50,124,0,0.00,13,6.09,4.02,3.92,14.20
596251,-4.69,2.34,1,14.36,13.36,8,14.66,190,0.25,0.26,927,0.00,1.00,0,0.5000,15.50,124,0,0.00,13,6.09,3.91,3.53,14.10
596356,-4.69,2.34,1,14.36,13.52,8,14.67,190,0.25,0.25,930,0.00,1.00,0,0.5000,15.50,124,0,0.00,13,5.95,3.83,3.53,14.00
596460,-4.69,2.34,1,14.36,13.52,8,14.67,190,0.25,0.25,906,0.00,1.00,0,0.5000,16.50,124,0,0.00,13,5.95,3.81,3.53,14.00
596564,-5.47,2.34,1,14.36,13.52,8,14.67,190,0.25,0.25,908,0.00,1.00,0,0.5000,16.50,124,0,0.00,13,5.95,3.76,3.53,14.00
596668,-5.47,2.34,1,14.36,13.60,8,14.67,190,0.24,0.24,912,0.00,1.00,0,0.5000,16.50,124,0,0.00,13,5.80,3.71,3.53,14.00
596772,-6.25,2.34,1,14.36,13.52,8,14.67,190,0.24,0.24,888,0.00,1.00,0,0.5000,17.00,124,0,0.00,13,5.80,3.61,3.53,14.00
596876,-6.25,2.34,1,14.36,13.52,8,14.67,190,0.24,0.24,892,0.00,1.00,0,0.5000,17.00,124,0,0.00,13,5.80,3.58,3.53,14.10
596980,-7.03,2.34,1,14.36,13.44,8,14.68,190,0.24,0.25,865,0.00,1.00,0,0.5000,18.00,124,0,0.00,13,5.80,3.56,3.14,14.10
597084,-7.03,2.34,1,14.36,13.52,8,14.68,190,0.24,0.25,851,0.00,1.00,0,0.5000,19.50,124,0,0.00,13,5.80,3.49,3.14,14.00
597188,-7.81,2.34,1,14.36,13.52,8,14.69,190,0.24,0.25,828,0.00,1.00,0,0.5000,21.00,124,0,0.00,13,5.95,3.46,3.14,14.00
597292,-7.81,2.34,1,14.36,13.52,8,14.69,190,0.24,0.26,808,0.00,1.00,0,0.5000,22.00,124,0,0.00,13,5.95,3.46,3.14,14.10
597396,-8.59,2.34,1,14.36,13.52,8,14.69,190,0.24,0.26,804,0.00,1.00,0,0.5000,21.50,124,0,0.00,13,5.95,3.42,3.14,14.00
597500,-8.59,2.34,1,14.36,13.44,8,14.69,190,0.25,0.27,769,0.00,1.00,0,0.5000,22.00,124,0,0.00,13,6.09,3.42,3.14,14.00
597604,-8.59,2.34,1,14.36,13.52,8,14.69,190,0.25,0.26,764,0.00,1.00,0,0.5000,22.00,124,0,0.00,13,6.09,3.37,3.14,14.00
597708,-8.59,2.34,1,14.36,13.52,8,14.69,190,0.25,0.26,760,0.00,1.00,0,0.5000,22.00,124,0,0.00,13,6.24,3.33,3.14,14.10
597812,-8.59,2.34,1,14.36,13.44,8,14.69,190,0.25,0.27,736,0.00,1.00,0,0.5000,22.00,124,0,0.00,13,6.24,3.30,3.14,14.10
597916,-8.59,2.34,1,14.36,13.52,8,14.69,190,0.26,0.28,710,0.00,1.00,0,0.5000,22.00,124,0,0.00,13,6.38,3.28,3.14,14.10
598021,-8.59,2.34,1,14.36,13.44,8,14.69,190,0.26,0.28,708,0.00,1.00,0,0.5000,22.00,124,0,0.00,13,6.38,3.28,3.14,14.10
598124,-8.59,2.34,1,14.36,13.60,8,14.69,190,0.26,0.27,708,0.00,1.00,0,0.5000,22.00,124,0,0.00,13,6.53,3.24,3.14,14.20
598228,-8.59,2.34,1,14.36,13.60,8,14.69,190,0.26,0.28,696,0.00,1.00,0,0.5000,22.00,124,0,0.00,13,6.53,3.24,3.14,14.30
598332,-8.59,2.34,1,14.36,13.52,8,14.69,190,0.27,0.28,686,0.00,1.00,0,0.5000,22.00,124,0,0.00,13,6.67,3.21,3.14,14.30
598437,-8.59,2.34,1,14.36,13.52,8,14.69,190,0.27,0.29,672,0.00,1.00,0,0.5000,22.00,124,0,0.00,13,6.82,3.24,3.14,14.40
598540,-8.59,2.34,1,14.36,13.44,8,14.69,190,0.27,0.29,681,0.00,1.00,0,0.5000,22.00,124,0,0.00,13,6.82,3.28,3.14,14.50
598644,-8.59,2.34,1,14.36,13.52,8,14.69,190,0.28,0.29,684,0.00,1.00,0,0.5000,22.00,124,0,0.00,13,6.96,3.33,3.53,14.40
598748,-8.59,2.34,1,14.36,13.52,8,14.69,190,0.28,0.29,690,0.00,1.00,0,0.5000,22.00,124,0,0.00,13,7.11,3.33,3.53,14.60
598852,-7.81,2.34,1,14.36,13.60,8,14.69,190,0.28,0.29,700,0.00,1.00,0,0.5000,21.00,124,0,0.00,13,7.11,3.33,3.53,14.60
598956,-7.81,2.34,1,14.36,13.52,8,14.69,190,0.27,0.28,709,0.00,1.00,0,0.5000,20.00,124,0,0.00,13,7.11,3.30,3.53,14.60
599060,-7.03,2.34,1,14.36,13.52,8,14.69,190,0.27,0.27,724,0.00,1.00,0,0.5000,18.00,124,0,0.00,13,7.11,3.28,3.14,14.80
599165,-7.03,2.34,1,14.36,13.44,8,14.69,190,0.27,0.27,736,0.00,1.00,0,0.5000,17.00,124,0,0.00,13,7.11,3.28,3.14,15.10
599268,-6.25,2.34,1,14.36,13.52,8,14.69,190,0.27,0.27,734,0.00,1.00,0,0.5000,17.00,124,0,0.00,13,7.11,3.28,3.14,15.20
599372,-4.69,2.34,1,14.36,13.60,8,14.69,190,0.27,0.27,738,0.00,1.00,0,0.5000,17.00,124,0,0.00,13,7.11,3.28,3.53,15.20
599476,-3.91,2.34,1,14.36,13.44,8,14.69,190,0.27,0.27,729,0.00,1.00,0,0.5000,17.50,124,0,0.00,13,7.11,3.28,3.53,15.50
599580,-3.12,2.34,1,14.36,13.52,8,14.69,190,0.27,0.28,704,0.00,1.00,0,0.5000,19.00,124,0,0.00,13,7.11,3.30,3.53,15.90
599685,-3.12,2.34,1,14.36,13.44,8,14.69,190,0.27,0.28,716,0.00,1.00,0,0.5000,18.00,124,0,0.00,13,7.11,3.35,3.92,15.70
599788,-2.34,2.34,1,14.36,13.60,8,14.69,190,0.27,0.28,748,0.00,1.00,0,0.5000,17.00,124,0,0.00,13,7.11,3.39,3.53,15.90
599892,-1.56,2.34,1,14.36,13.52,8,14.69,190,0.27,0.27,745,0.00,1.00,0,0.5000,17.00,124,0,0.00,13,7.11,3.42,3.53,15.90
599996,-0.78,2.34,1,14.36,13.60,8,14.69,190,0.27,0.28,736,0.00,1.00,0,0.5000,17.00,124,0,0.00,13,7.11,3.42,3.53,16.10
600100,0.00,2.34,1,14.36,13.60,8,14.69,190,0.27,0.28,735,0.00,1.00,0,0.5000,17.00,124,0,0.00,13,7.11,3.42,3.53,16.10
600204,0.78,2.34,1,14.36,13.44,8,14.69,190,0.27,0.27,764,0.00,1.00,0,0.5000,16.50,124,0,0.00,13,7.11,3.42,3.53,16.30
600308,1.56,2.34,1,14.36,13.60,8,14.69,190,0.26,0.27,776,0.00,1.00,0,0.5000,16.00,124,0,0.00,13,7.11,3.42,3.53,16.10
600412,1.56,2.34,1,14.36,13.60,8,14.69,190,0.26,0.26,790,0.00,1.00,0,0.5000,15.00,124,0,0.00,13,6.96,3.42,3.53,16.20
600516,2.34,2.34,1,14.36,13.52,8,14.69,190,0.26,0.25,806,0.00,1.00,0,0.5000,14.00,124,0,0.00,13,6.96,3.42,3.92,16.10
600620,2.34,2.34,1,14.36,13.52,8,14.69,190,0.26,0.26,795,0.00,1.00,0,0.5000,15.00,124,0,0.00,13,6.82,3.46,3.53,15.90
600724,3.12,2.34,1,14.36,13.52,8,14.69,190,0.25,0.26,807,0.00,1.00,0,0.5000,14.50,124,0,0.00,13,6.82,3.46,3.92,16.00
600828,3.91,2.34,1,14.36,13.52,8,14.69,190,0.25,0.26,809,0.00,1.00,0,0.5000,14.50,124,0,0.00,13,6.82,3.51,3.92,15.90
600933,3.91,2.34,1,14.36,13.60,8,14.69,190,0.25,0.26,808,0.00,1.00,0,0.5000,15.00,124,0,0.00,13,6.82,3.56,3.92,15.80
601036,4.69,2.34,1,14.36,13.52,8,14.69,190,0.26,0.27,799,0.00,1.00,0,0.5000,16.00,124,0,0.00,13,6.82,3.56,3.92,15.70
601140,4.69,2.34,1,14.36,13.52,8,14.69,190,0.26,0.26,808,0.00,1.00,0,0.5000,16.00,124,0,0.00,13,6.82,3.56,3.92,15.70
601244,4.69,2.34,1,14.36,13.52,8,14.69,190,0.26,0.26,826,0.00,1.00,0,0.5000,14.00,124,0,0.00,13,6.82,3.56,3.92,15.70
601348,4.69,2.34,1,14.36,13.52,8,14.69,190,0.25,0.26,820,0.00,1.00,0,0.5000,15.00,124,0,0.00,13,6.67,3.56,3.92,15.70
601452,5.47,2.34,1,14.36,13.52,8,14.69,190,0.25,0.26,807,0.00,1.00,0,0.5000,16.50,124,0,0.00,13,6.67,3.56,3.53,15.60
601556,5.47,2.34,1,14.36,13.52,8,14.69,190,0.25,0.26,827,0.00,1.00,0,0.5000,15.00,124,0,0.00,13,6.67,3.56,3.53,15.40
601660,5.47,2.34,1,14.36,13.52,8,14.68,190,0.25,0.26,830,0.00,1.00,0,0.5000,15.00,124,0,0.00,13,6.67,3.56,3.53,15.30
601764,5.47,2.34,1,14.36,13.44,8,14.69,190,0.25,0.26,836,0.00,1.00,0,0.5000,14.50,124,0,0.00,13,6.53,3.56,3.53,15.30
601869,5.47,2.34,1,14.36,13.52,8,14.68,190,0.25,0.25,828,0.00,1.00,0,0.5000,16.00,124,0,0.00,13,6.53,3.51,3.53,15.10
601973,5.47,2.34,1,14.36,13.52,8,14.68,190,0.25,0.25,848,0.00,1.00,0,0.5000,14.00,126,0,0.00,13,6.53,3.51,3.53,15.10
602076,4.69,2.34,1,14.36,13.60,8,14.68,190,0.25,0.25,843,0.00,1.00,0,0.5000,15.00,126,0,0.00,13,6.38,3.51,3.53,14.80
602181,4.69,2.34,1,14.36,13.60,8,14.68,190,0.24,0.25,852,0.00,1.00,0,0.5000,14.50,126,0,0.00,13,6.38,3.51,3.53,14.90
602285,4.69,2.34,1,14.36,13.52,8,14.68,190,0.24,0.25,847,0.00,1.00,0,0.5000,15.50,126,0,0.00,13,6.38,3.51,3.53,14.80
602389,4.69,2.34,1,14.36,13.52,8,14.68,190,0.24,0.25,853,0.00,1.00,0,0.5000,16.00,126,0,0.00,13,6.24,3.46,3.53,14.80
602493,3.91,2.34,1,14.36,13.52,8,14.68,190,0.24,0.25,846,0.00,1.00,0,0.5000,16.00,126,0,0.00,13,6.24,3.46,3.53,14.40
602597,3.91,2.34,1,14.36,13.60,8,14.69,190,0.24,0.25,827,0.00,1.00,0,0.5000,17.00,126,0,0.00,13,6.24,3.44,3.53,14.50
602701,3.12,2.34,1,14.36,13.52,8,14.69,190,0.24,0.25,834,0.00,1.00,0,0.5000,16.50,126,0,0.00,13,6.24,3.46,3.53,14.20
602804,3.12,2.34,1,14.36,13.52,8,14.69,190,0.24,0.25,826,0.00,1.00,0,0.5000,17.00,126,0,0.00,13,6.24,3.42,3.53,14.40
602909,3.12,2.34,1,14.36,13.44,8,14.69,190,0.24,0.25,823,0.00,1.00,0,0.5000,17.00,126,0,0.00,13,6.24,3.42,3.53,14.40
603013,2.34,2.34,1,14.36,13.28,8,14.69,190,0.24,0.25,810,0.00,1.00,0,0.5000,17.00,126,0,0.00,13,6.24,3.37,3.53,14.30
603117,2.34,2.34,1,14.36,13.20,8,14.69,190,0.26,0.27,812,0.00,0.90,0,0.5000,17.00,126,0,0.00,13,6.53,3.91,5.10,14.20
603221,2.34,2.34,1,14.36,13.52,8,14.69,190,0.28,0.33,783,0.00,0.86,0,0.5000,18.50,126,0,0.00,13,7.11,4.48,5.49,14.20
603324,2.34,2.34,1,14.36,13.52,8,14.69,190,0.30,0.36,773,0.00,0.88,0,0.5000,19.00,126,0,0.00,13,7.69,4.59,5.49,14.20
603428,2.34,2.34,1,14.36,13.52,8,14.69,190,0.31,0.34,818,0.00,0.99,0,0.5000,17.00,126,0,0.00,13,7.84,4.62,5.49,14.20
603532,3.12,2.34,1,14.36,13.52,8,14.69,190,0.32,0.34,800,0.00,0.99,0,0.5000,17.00,126,0,0.00,13,8.13,4.62,5.49,14.30
603637,3.12,2.34,1,14.36,13.52,8,14.69,190,0.33,0.35,790,0.00,0.99,0,0.5000,17.50,126,0,0.00,13,8.13,4.54,5.10,14.40
603741,3.91,2.34,1,14.36,13.44,8,14.69,190,0.33,0.34,796,0.00,0.99,0,0.5000,17.00,126,0,0.00,13,8.27,4.48,5.10,14.30
603845,4.69,2.34,1,14.36,13.52,8,14.69,190,0.33,0.34,800,0.00,0.99,0,0.5000,17.00,126,0,0.00,13,8.27,4.48,5.10,15.00
603949,6.25,2.34,1,14.36,13.52,8,14.69,190,0.33,0.34,818,0.00,0.99,0,0.5000,16.50,126,0,0.00,13,8.27,4.54,5.10,15.30
604053,7.03,2.34,1,14.36,13.52,8,14.69,190,0.33,0.33,833,0.00,0.99,0,0.5000,16.00,126,0,0.00,13,8.27,4.59,5.10,15.50
604157,7.03,2.34,1,14.36,13.52,8,14.68,190,0.33,0.33,834,0.00,1.00,0,0.5000,16.50,126,0,0.00,13,8.27,4.62,5.10,15.70
604261,7.81,2.34,1,14.36,13.52,8,14.68,190,0.33,0.33,852,0.00,1.00,0,0.5000,15.00,126,0,0.00,13,8.27,4.65,5.10,15.90
604365,7.81,2.34,1,14.36,13.60,8,14.67,190,0.32,0.32,868,0.00,1.00,0,0.5000,14.00,126,0,0.00,13,8.13,4.68,5.10,15.70
604469,7.81,2.34,1,14.36,13.52,8,14.67,190,0.32,0.32,893,0.00,1.00,0,0.5000,12.50,126,0,0.00,13,7.98,4.74,5.10,15.70
604573,7.81,2.34,1,14.36,13.60,8,14.67,190,0.32,0.32,908,0.00,1.00,0,0.5000,12.00,126,0,0.00,13,7.98,4.74,5.10,15.40
604677,7.03,2.34,1,14.36,13.44,8,14.67,190,0.32,0.31,903,0.00,1.00,0,0.5000,13.00,126,0,0.00,13,7.84,4.80,5.10,15.30
604781,7.03,2.34,1,14.36,13.52,8,14.67,190,0.32,0.32,911,0.00,1.00,0,0.5000,13.00,126,0,0.00,13,7.84,4.83,5.10,15.10
604884,7.03,2.34,1,14.36,13.44,8,14.67,190,0.32,0.32,913,0.00,1.00,0,0.5000,13.00,126,0,0.00,13,7.69,4.83,5.10,14.80
604989,6.25,2.34,1,14.36,13.60,8,14.67,190,0.31,0.31,924,0.00,1.00,0,0.5000,12.50,126,0,0.00,13,7.69,4.86,5.10,14.30
605093,6.25,2.34,1,14.36,13.52,8,14.66,190,0.31,0.32,922,0.00,1.00,0,0.5000,13.00,126,0,0.00,13,7.69,4.86,5.10,14.50
605197,6.25,2.34,1,14.36,13.44,8,14.66,190,0.31,0.31,922,0.00,1.00,0,0.5000,13.50,126,0,0.00,13,7.55,4.86,5.10,14.40
605301,5.47,2.34,1,14.36,13.52,8,14.66,190,0.31,0.31,934,0.00,1.00,0,0.5000,13.50,126,0,0.00,13,7.55,4.86,5.10,14.40
605405,5.47,2.34,1,14.36,13.52,8,14.66,190,0.31,0.31,930,0.00,1.00,0,0.5000,14.00,126,0,0.00,13,7.55,4.80,5.10,14.30
605509,4.69,2.34,1,14.36,13.52,8,14.66,190,0.31,0.30,945,0.00,1.00,0,0.5000,13.00,126,0,0.00,13,7.40,4.80,5.10,14.20
605612,4.69,2.34,1,14.36,13.52,8,14.66,190,0.31,0.31,946,0.00,1.00,0,0.5000,13.50,126,0,0.00,13,7.40,4.74,5.10,14.20
605717,3.91,2.34,1,14.36,13.44,8,14.66,190,0.30,0.30,938,0.00,1.00,0,0.5000,15.00,126,0,0.00,13,7.40,4.74,5.10,14.20
605821,3.91,2.34,1,14.36,13.44,8,14.66,190,0.30,0.30,949,0.00,1.00,0,0.5000,14.00,126,0,0.00,13,7.25,4.74,5.10,14.10
605925,3.12,2.34,1,14.36,13.52,8,14.66,190,0.30,0.30,936,0.00,1.00,0,0.5000,16.00,126,0,0.00,13,7.25,4.68,5.10,14.00
606029,3.12,2.34,1,14.36,13.60,8,14.66,190,0.29,0.30,936,0.00,1.00,0,0.5000,16.00,126,0,0.00,13,7.11,4.62,3.92,14.10
606133,2.34,2.34,1,14.36,13.52,8,14.66,190,0.28,0.26,946,0.00,1.00,0,0.5000,15.50,126,0,0.00,13,6.82,4.10,3.92,14.10
606237,2.34,2.34,1,14.36,13.52,8,14.66,190,0.28,0.27,924,0.00,1.00,0,0.5000,16.50,126,0,0.00,13,6.67,4.15,4.31,14.10
606341,1.56,2.34,1,14.36,13.44,8,14.67,190,0.28,0.28,909,0.00,1.00,0,0.5000,17.00,126,0,0.00,13,6.67,4.18,4.31,14.10
606445,0.78,2.34,1,14.36,13.52,8,14.67,190,0.28,0.29,886,0.00,1.00,0,0.5000,18.00,126,0,0.00,13,6.67,4.23,4.31,14.20
606549,0.00,2.34,1,14.36,13.60,8,14.68,190,0.28,0.29,868,0.00,1.00,0,0.5000,19.00,126,0,0.00,13,6.82,4.23,4.31,14.00
606653,0.00,2.34,1,14.36,13.52,8,14.68,190,0.28,0.30,846,0.00,1.00,0,0.5000,20.50,126,0,0.00,13,6.82,4.18,4.31,13.90
606757,-0.78,2.34,1,14.36,13.44,8,14.69,190,0.29,0.30,834,0.00,1.00,0,0.5000,21.00,126,0,0.00,13,6.96,4.18,4.31,13.90
606861,-0.78,2.34,1,14.36,13.44,8,14.69,190,0.29,0.30,813,0.00,1.00,0,0.5000,22.00,126,0,0.00,13,6.96,4.13,4.31,13.90
606965,-1.56,2.34,1,14.36,13.44,8,14.69,190,0.29,0.31,802,0.00,1.00,0,0.5000,22.00,126,0,0.00,13,7.11,4.10,3.92,13.70
607069,-1.56,2.34,1,14.36,13.60,8,14.69,190,0.30,0.31,774,0.00,1.00,0,0.5000,22.00,126,0,0.00,13,7.11,4.07,3.92,13.80
607173,-1.56,2.34,1,14.36,13.52,8,14.69,190,0.30,0.32,762,0.00,1.00,0,0.5000,22.00,126,0,0.00,13,7.25,4.05,3.92,13.90
607277,-1.56,2.34,1,14.36,13.52,8,14.69,190,0.31,0.32,757,0.00,1.00,0,0.5000,22.00,126,0,0.00,13,7.25,4.07,4.31,14.10
607381,-1.56,2.34,1,14.36,13.44,8,14.69,190,0.31,0.33,747,0.00,1.00,0,0.5000,22.00,126,0,0.00,13,7.55,4.13,4.31,14.00
607485,-1.56,2.34,1,14.36,13.52,8,14.69,190,0.32,0.35,726,0.00,1.00,0,0.5000,22.00,126,0,0.00,13,7.69,4.21,4.31,14.20
607588,-1.56,2.34,1,14.36,13.52,8,14.69,190,0.33,0.35,721,0.00,1.00,0,0.5000,22.00,126,0,0.00,13,7.84,4.29,4.71,14.20
607693,-1.56,2.34,1,14.36,13.44,8,14.69,190,0.33,0.35,738,0.00,1.00,0,0.5000,22.00,126,0,0.00,13,8.13,4.32,4.71,14.40
607797,-0.78,2.34,1,14.36,13.60,8,14.69,190,0.34,0.35,751,0.00,1.00,0,0.5000,21.00,126,0,0.00,13,8.13,4.37,4.71,14.40
607901,-0.78,2.34,1,14.36,13.44,8,14.69,190,0.34,0.35,764,0.00,1.00,0,0.5000,20.00,126,0,0.00,13,8.27,4.43,4.71,14.60
608005,0.00,2.34,1,14.36,13.44,8,14.69,190,0.33,0.33,792,0.00,1.00,0,0.5000,17.00,126,0,0.00,13,8.27,4.40,4.71,14.30
608109,0.00,2.34,1,14.36,13.60,8,14.69,190,0.33,0.33,795,0.00,1.00,0,0.5000,17.00,126,0,0.00,13,8.13,4.40,4.71,14.60
608213,0.78,2.34,1,14.36,13.60,8,14.69,190,0.33,0.32,828,0.00,1.00,0,0.5000,16.50,126,0,0.00,13,8.13,4.37,4.71,15.00
608317,0.78,2.34,1,14.36,13.60,8,14.69,190,0.32,0.32,831,0.00,1.00,0,0.5000,16.50,126,0,0.00,13,7.98,4.37,4.71,15.20
608421,1.56,2.34,1,14.36,13.52,8,14.69,190,0.32,0.32,827,0.00,1.00,0,0.5000,16.50,126,0,0.00,13,7.84,4.40,4.71,15.30
608525,1.56,2.34,1,14.36,13.44,8,14.68,190,0.32,0.32,846,0.00,1.00,0,0.5000,15.50,126,0,0.00,13,7.84,4.46,4.71,15.30
608629,1.56,2.34,1,14.36,13.36,8,14.68,190,0.31,0.32,850,0.00,1.00,0,0.5000,15.50,126,0,0.00,13,7.69,4.46,4.71,15.40
608734,1.56,2.34,1,14.36,13.60,8,14.68,190,0.31,0.32,853,0.00,1.00,0,0.5000,15.50,126,0,0.00,13,7.69,4.48,4.71,15.30
608838,2.34,2.34,1,14.36,13.52,8,14.68,190,0.31,0.32,856,0.00,1.00,0,0.5000,15.50,126,0,0.00,13,7.69,4.54,4.71,15.40
608941,2.34,2.34,1,14.36,13.52,8,14.68,190,0.31,0.31,868,0.00,1.00,0,0.5000,15.00,126,0,0.00,13,7.55,4.57,4.71,15.30
609045,2.34,2.34,1,14.36,13.52,8,14.68,190,0.31,0.32,867,0.00,1.00,0,0.5000,15.50,126,0,0.00,13,7.55,4.57,4.71,15.10
609150,2.34,2.34,1,14.36,13.44,8,14.68,190,0.31,0.31,872,0.00,1.00,0,0.5000,15.00,126,0,0.00,13,7.55,4.57,4.71,15.20
609253,1.56,2.34,1,14.36,13.52,8,14.67,190,0.31,0.31,875,0.00,1.00,0,0.5000,15.00,126,0,0.00,13,7.55,4.57,4.71,15.20
609357,1.56,2.34,1,14.36,13.44,8,14.68,190,0.31,0.31,881,0.00,1.00,0,0.5000,15.00,126,0,0.00,13,7.55,4.57,4.71,14.80
609461,1.56,2.34,1,14.36,13.52,8,14.67,190,0.31,0.31,879,0.00,1.00,0,0.5000,15.50,126,0,0.00,13,7.40,4.57,4.71,14.80
609565,1.56,2.34,1,14.36,13.44,8,14.68,190,0.31,0.31,875,0.00,1.00,0,0.5000,16.00,126,0,0.00,13,7.40,4.57,4.71,14.80
609669,1.56,3.12,1,14.36,13.44,8,14.67,190,0.31,0.31,872,0.00,1.00,0,0.5000,16.00,126,0,0.00,13,7.40,4.57,4.71,14.80
609774,1.56,3.12,1,14.36,13.52,8,14.68,190,0.31,0.31,886,0.00,1.00,0,0.5000,15.50,126,0,0.00,13,7.40,4.57,4.71,14.50
609877,0.78,3.12,1,14.36,13.52,8,14.68,190,0.31,0.31,870,0.00,1.00,0,0.5000,16.50,126,0,0.00,13,7.40,4.57,4.71,14.50
609981,0.78,3.12,1,14.36,13.60,8,14.68,190,0.31,0.31,881,0.00,1.00,0,0.5000,16.00,126,0,0.00,13,7.40,4.54,4.71,14.40
610085,0.78,3.12,1,14.36,13.52,8,14.68,190,0.31,0.31,871,0.00,1.00,0,0.5000,16.50,126,0,0.00,13,7.40,4.51,4.71,14.50
610190,0.00,3.12,1,14.36,13.52,8,14.68,190,0.31,0.31,866,0.00,1.00,0,0.5000,17.00,126,0,0.00,13,7.25,4.51,4.71,14.40
610293,0.00,3.12,1,14.36,13.52,8,14.68,190,0.31,0.31,876,0.00,1.00,0,0.5000,16.50,126,0,0.00,13,7.40,4.51,4.71,14.40
610397,0.00,3.12,1,14.36,13.52,8,14.68,190,0.31,0.31,868,0.00,1.00,0,0.5000,17.00,126,0,0.00,13,7.40,4.51,4.71,14.30
610501,0.00,3.12,1,14.36,13.60,8,14.68,190,0.31,0.31,874,0.00,1.00,0,0.5000,16.50,126,0,0.00,13,7.25,4.46,4.71,14.40
610605,0.00,3.12,1,14.36,13.52,8,14.68,190,0.30,0.31,864,0.00,1.00,0,0.5000,17.00,126,0,0.00,13,7.25,4.46,4.71,14.40
610709,0.00,3.12,1,14.36,13.52,8,14.68,190,0.31,0.31,866,0.00,1.00,0,0.5000,17.00,126,0,0.00,13,7.25,4.46,4.71,14.40
610813,-0.78,3.12,1,14.36,13.52,8,14.68,190,0.31,0.31,848,0.00,1.00,0,0.5000,17.00,126,0,0.00,13,7.25,4.46,4.71,14.50
610917,-0.78,3.12,1,14.36,13.52,8,14.68,190,0.31,0.32,841,0.00,1.00,0,0.5000,17.50,126,0,0.00,13,7.40,4.46,4.71,14.30
611021,-0.78,3.12,1,14.36,13.60,8,14.69,190,0.31,0.32,843,0.00,1.00,0,0.5000,17.00,126,0,0.00,13,7.40,4.46,4.71,14.40
611125,-0.78,3.12,1,14.36,13.52,8,14.69,190,0.31,0.32,827,0.00,1.00,0,0.5000,18.00,126,0,0.00,13,7.40,4.46,4.71,14.40
611229,-0.78,3.12,1,14.36,13.44,8,14.69,190,0.31,0.32,830,0.00,1.00,0,0.5000,17.50,126,0,0.00,13,7.55,4.40,4.71,14.40
611333,-0.78,3.12,1,14.36,13.44,8,14.69,190,0.31,0.32,818,0.00,1.00,0,0.5000,18.50,126,0,0.00,13,7.55,4.40,4.71,14.40
611437,-0.78,3.12,1,14.36,13.52,8,14.69,190,0.31,0.32,827,0.00,1.00,0,0.5000,17.50,126,0,0.00,13,7.55,4.40,4.71,14.50
611541,-0.78,3.12,1,14.36,13.60,8,14.69,190,0.32,0.32,808,0.00,1.00,0,0.5000,19.00,126,0,0.00,13,7.55,4.40,4.71,14.50
611645,-0.78,3.12,1,14.36,13.52,8,14.69,190,0.32,0.33,803,0.00,1.00,0,0.5000,19.00,126,0,0.00,13,7.55,4.40,4.71,14.50
611750,-0.78,3.12,1,14.36,13.44,8,14.69,190,0.32,0.32,814,0.00,1.00,0,0.5000,18.00,126,0,0.00,13,7.55,4.40,4.71,14.60
611853,-0.78,3.12,1,14.36,13.44,8,14.69,190,0.32,0.33,803,0.00,1.00,0,0.5000,18.50,126,0,0.00,13,7.69,4.37,4.31,14.50
611957,0.00,3.12,1,14.36,13.52,8,14.69,190,0.32,0.32,813,0.00,1.00,0,0.5000,17.50,126,0,0.00,13,7.69,4.40,4.71,14.60
612061,0.00,3.12,1,14.36,13.60,8,14.69,190,0.32,0.32,812,0.00,1.00,0,0.5000,17.50,126,0,0.00,13,7.69,4.40,4.71,14.80
612165,0.00,3.12,1,14.36,13.60,8,14.69,190,0.32,0.32,822,0.00,1.00,0,0.5000,17.00,126,0,0.00,13,7.69,4.40,4.71,14.80
612270,0.00,3.12,1,14.36,13.52,8,14.69,190,0.32,0.32,816,0.00,1.00,0,0.5000,17.00,126,0,0.00,13,7.69,4.40,4.71,14.80
612373,0.00,3.12,1,14.36,13.44,8,14.69,190,0.32,0.32,819,0.00,1.00,0,0.5000,17.00,126,0,0.00,13,7.69,4.40,4.71,14.80
612477,0.00,3.12,1,14.36,13.52,8,14.69,190,0.32,0.32,830,0.00,1.00,0,0.5000,17.00,126,0,0.00,13,7.69,4.46,4.71,14.80
612581,0.00,3.12,1,14.36,13.52,8,14.69,190,0.32,0.33,813,0.00,1.00,0,0.5000,17.00,126,0,0.00,13,7.69,4.43,4.71,14.90
612685,0.00,3.12,1,14.36,13.60,8,14.69,190,0.32,0.32,827,0.00,1.00,0,0.5000,17.00,126,0,0.00,13,7.69,4.46,4.71,14.90
612789,0.00,3.12,1,14.36,13.52,8,14.69,190,0.32,0.32,818,0.00,1.00,0,0.5000,17.00,126,0,0.00,13,7.69,4.46,4.71,14.90
612893,0.00,3.12,1,14.36,13.52,8,14.69,190,0.32,0.33,814,0.00,1.00,0,0.5000,17.00,126,0,0.00,13,7.69,4.46,4.71,14.80
612997,0.00,3.12,1,14.36,13.44,8,14.69,190,0.32,0.32,826,0.00,1.00,0,0.5000,17.00,126,0,0.00,13,7.69,4.46,4.71,14.80
613101,0.00,3.12,1,14.36,13.44,8,14.69,190,0.32,0.32,826,0.00,1.00,0,0.5000,17.00,126,0,0.00,13,7.69,4.46,4.71,14.70
613206,0.00,3.12,1,14.36,13.52,8,14.69,190,0.32,0.32,840,0.00,1.00,0,0.5000,16.50,126,0,0.00,13,7.55,4.46,4.71,14.80
613310,0.00,3.12,1,14.36,13.52,8,14.68,190,0.32,0.32,835,0.00,1.00,0,0.5000,16.50,126,0,0.00,13,7.55,4.46,4.71,14.80
613414,0.00,3.12,1,14.36,13.52,8,14.68,190,0.32,0.32,844,0.00,1.00,0,0.5000,16.50,126,0,0.00,13,7.55,4.46,4.71,14.70
613518,0.00,3.12,1,14.36,13.52,8,14.68,190,0.31,0.32,838,0.00,1.00,0,0.5000,16.50,126,0,0.00,13,7.55,4.46,4.71,14.70
613621,0.00,3.12,1,14.36,13.52,8,14.68,190,0.31,0.32,847,0.00,1.00,0,0.5000,16.50,126,0,0.00,13,7.55,4.46,4.71,14.70
613725,0.00,3.12,1,14.36,13.60,8,14.68,190,0.31,0.32,838,0.00,1.00,0,0.5000,17.00,126,0,0.00,13,7.55,4.46,4.71,14.80
613830,0.00,3.12,1,14.36,13.60,8,14.68,190,0.31,0.32,843,0.00,1.00,0,0.5000,16.50,126,0,0.00,13,7.55,4.46,4.71,14.70
613934,0.00,3.12,1,14.36,13.52,8,14.69,190,0.31,0.32,845,0.00,1.00,0,0.5000,16.50,126,0,0.00,13,7.55,4.46,4.71,14.60
614038,0.00,3.12,1,14.36,13.44,8,14.68,190,0.31,0.32,833,0.00,1.00,0,0.5000,17.00,126,0,0.00,13,7.55,4.48,4.71,14.60
614142,0.00,3.12,1,14.36,13.44,8,14.69,190,0.31,0.32,839,0.00,1.00,0,0.5000,17.00,126,0,0.00,13,7.55,4.46,4.71,14.50
614246,0.00,3.12,1,14.36,13.52,8,14.68,190,0.32,0.33,827,0.00,1.00,0,0.5000,17.00,126,0,0.00,13,7.55,4.46,4.71,14.50
614349,-0.78,3.12,1,14.36,13.44,8,14.69,190,0.32,0.32,836,0.00,1.00,0,0.5000,17.00,126,0,0.00,13,7.55,4.48,4.71,14.50
614454,-0.78,3.12,1,14.36,13.52,8,14.69,190,0.32,0.33,822,0.00,1.00,0,0.5000,17.00,126,0,0.00,13,7.55,4.46,4.71,14.50
614558,-0.78,3.12,1,14.36,13.44,8,14.69,190,0.32,0.32,838,0.00,1.00,0,0.5000,17.00,126,0,0.00,13,7.55,4.46,4.71,14.50
614662,-0.78,3.12,1,14.36,13.52,8,14.68,190,0.32,0.32,829,0.00,1.00,0,0.5000,17.00,126,0,0.00,13,7.55,4.46,4.71,14.50
614766,0.00,3.12,1,14.36,13.52,8,14.68,190,0.32,0.32,836,0.00,1.00,0,0.5000,17.00,126,0,0.00,13,7.55,4.46,4.71,14.50
614870,0.00,3.12,1,14.36,13.52,8,14.69,190,0.32,0.32,833,0.00,1.00,0,0.5000,17.00,126,0,0.00,13,7.55,4.46,4.71,14.50
614973,0.00,3.12,1,14.36,13.52,8,14.69,190,0.32,0.33,822,0.00,1.00,0,0.5000,17.00,126,0,0.00,13,7.55,4.46,4.71,14.60
615078,0.00,3.12,1,14.36,13.44,8,14.69,190,0.32,0.33,823,0.00,1.00,0,0.5000,17.00,126,0,0.00,13,7.55,4.46,4.71,14.60
615182,0.00,3.12,1,14.36,13.44,8,14.69,190,0.32,0.33,820,0.00,1.00,0,0.5000,17.00,126,0,0.00,13,7.55,4.46,4.71,14.80
615286,0.00,3.12,1,14.36,13.52,8,14.69,190,0.32,0.32,828,0.00,1.00,0,0.5000,17.00,126,0,0.00,13,7.55,4.46,4.71,14.70
615390,-0.78,3.12,1,14.36,13.60,8,14.69,190,0.32,0.32,828,0.00,1.00,0,0.5000,17.00,126,0,0.00,13,7.55,4.46,4.71,14.70
615494,-0.78,3.12,1,14.36,13.60,8,14.69,190,0.32,0.32,838,0.00,1.00,0,0.5000,16.50,126,0,0.00,13,7.55,4.46,4.71,14.70
615598,-0.78,3.12,1,14.36,13.52,8,14.69,190,0.32,0.32,837,0.00,1.00,0,0.5000,17.00,126,0,0.00,13,7.55,4.46,4.71,14.70
615702,-0.78,3.12,1,14.36,13.52,8,14.68,190,0.32,0.32,830,0.00,1.00,0,0.5000,17.00,126,0,0.00,13,7.55,4.46,4.71,14.70
615806,-0.78,3.12,1,14.36,13.44,8,14.68,190,0.31,0.32,844,0.00,1.00,0,0.5000,16.50,126,0,0.00,13,7.55,4.46,4.71,14.70
615910,-0.78,3.12,1,14.36,13.52,8,14.68,190,0.31,0.32,835,0.00,1.00,0,0.5000,17.00,126,0,0.00,13,7.55,4.46,4.71,14.70
616014,-0.78,3.12,1,14.36,13.52,8,14.68,190,0.31,0.32,844,0.00,1.00,0,0.5000,16.50,126,0,0.00,13,7.55,4.46,4.71,14.80
616118,-0.78,3.12,1,14.36,13.52,8,14.68,190,0.31,0.32,835,0.00,1.00,0,0.5000,17.00,126,0,0.00,13,7.55,4.46,4.71,14.60
616222,-0.78,3.12,1,14.36,13.36,8,14.69,190,0.31,0.32,843,0.00,1.00,0,0.5000,16.50,126,0,0.00,13,7.40,4.46,4.71,14.80
616326,-0.78,3.12,1,14.36,13.44,8,14.68,190,0.31,0.32,833,0.00,1.00,0,0.5000,17.00,126,0,0.00,13,7.55,4.46,4.71,14.60
616430,-0.78,3.12,1,14.36,13.60,8,14.68,190,0.31,0.32,841,0.00,1.00,0,0.5000,17.00,126,0,0.00,13,7.40,4.46,4.71,14.50
616534,-0.78,3.12,1,14.36,13.60,8,14.68,190,0.31,0.32,826,0.00,1.00,0,0.5000,17.00,126,0,0.00,13,7.40,4.46,4.71,14.60
616638,-0.78,3.12,1,14.36,13.60,8,14.68,190,0.31,0.32,840,0.00,1.00,0,0.5000,17.00,126,0,0.00,13,7.55,4.46,4.71,14.60
616742,-0.78,3.12,1,14.36,13.44,8,14.69,190,0.32,0.32,831,0.00,1.00,0,0.5000,17.00,126,0,0.00,13,7.55,4.46,4.71,14.50
616846,-0.78,3.12,1,14.36,13.44,8,14.69,190,0.32,0.33,822,0.00,1.00,0,0.5000,17.00,126,0,0.00,13,7.55,4.46,4.71,14.60
616950,-0.78,3.12,1,14.36,13.52,8,14.69,190,0.32,0.33,821,0.00,1.00,0,0.5000,17.00,126,0,0.00,13,7.55,4.46,4.71,14.50
617054,-0.78,3.12,1,14.36,13.44,8,14.69,190,0.32,0.33,808,0.00,1.00,0,0.5000,17.50,126,0,0.00,13,7.55,4.46,4.71,14.50
617158,-0.78,3.12,1,14.36,13.52,8,14.69,190,0.32,0.33,818,0.00,1.00,0,0.5000,17.00,126,0,0.00,13,7.55,4.46,4.71,14.50
617262,-0.78,3.12,1,14.36,13.60,8,14.69,190,0.32,0.33,806,0.00,1.00,0,0.5000,17.50,126,0,0.00,13,7.55,4.46,4.71,14.60
617366,-0.78,3.12,1,14.36,13.52,8,14.69,190,0.32,0.33,804,0.00,1.00,0,0.5000,17.50,126,0,0.00,13,7.69,4.46,4.71,14.60
617470,-0.78,3.12,1,14.36,13.44,8,14.69,190,0.32,0.33,812,0.00,1.00,0,0.5000,17.00,126,0,0.00,13,7.69,4.46,4.71,14.50
617575,-0.78,3.12,1,14.36,13.36,8,14.69,190,0.32,0.33,800,0.00,1.00,0,0.5000,17.50,126,0,0.00,13,7.69,4.46,4.71,14.60
617678,-0.78,3.12,1,14.36,13.60,8,14.69,190,0.32,0.33,811,0.00,1.00,0,0.5000,17.00,126,0,0.00,13,7.69,4.46,4.71,14.80
617782,-0.78,3.12,1,14.36,13.52,8,14.69,190,0.32,0.33,813,0.00,1.00,0,0.5000,17.00,126,0,0.00,13,7.69,4.46,4.71,14.90
617886,-0.78,3.12,1,14.36,13.52,8,14.69,190,0.32,0.33,811,0.00,1.00,0,0.5000,17.00,126,0,0.00,13,7.69,4.46,4.71,14.80
617991,-0.78,3.12,1,14.36,13.44,8,14.69,190,0.32,0.33,821,0.00,1.00,0,0.5000,17.00,126,0,0.00,13,7.69,4.46,4.71,14.80
618094,0.00,3.12,1,14.36,13.52,8,14.69,190,0.32,0.33,819,0.00,1.00,0,0.5000,17.00,126,0,0.00,13,7.69,4.51,4.71,14.80
618199,0.00,3.12,1,14.36,13.44,8,14.69,190,0.32,0.32,834,0.00,1.00,0,0.5000,16.50,126,0,0.00,13,7.69,4.48,4.71,14.80
618302,0.00,3.12,1,14.36,13.52,8,14.69,190,0.32,0.33,826,0.00,1.00,0,0.5000,17.00,126,0,0.00,13,7.69,4.48,4.71,14.80
618406,0.00,3.12,1,14.36,13.60,8,14.69,190,0.32,0.32,838,0.00,1.00,0,0.5000,16.50,126,0,0.00,13,7.69,4.46,4.71,14.80
618511,0.00,3.12,1,14.36,13.52,8,14.68,190,0.32,0.32,831,0.00,1.00,0,0.5000,16.50,126,0,0.00,13,7.55,4.46,4.71,14.70
618614,-0.78,3.12,1,14.36,13.60,8,14.68,190,0.32,0.32,844,0.00,1.00,0,0.5000,16.50,126,0,0.00,13,7.55,4.48,4.71,14.80
618719,-0.78,3.12,1,14.36,13.28,8,14.68,190,0.31,0.31,851,0.00,1.00,0,0.5000,16.00,126,0,0.00,13,7.55,4.46,4.71,14.80
618823,-0.78,3.12,1,14.36,13.52,8,14.68,190,0.31,0.32,846,0.00,1.00,0,0.5000,16.50,126,0,0.00,13,7.55,4.51,4.71,14.70
618927,-0.78,3.12,1,14.36,13.60,8,14.68,190,0.31,0.31,853,0.00,1.00,0,0.5000,16.00,126,0,0.00,13,7.40,4.46,4.71,14.80
651083,-8.59,3.12,1,14.36,13.52,8,14.69,190,0.25,0.26,783,0.00,1.00,0,0.5000,22.00,126,0,0.00,13,6.09,3.41,3.14,14.00
651188,-8.59,3.12,1,14.36,13.44,8,14.69,190,0.25,0.26,778,0.00,1.00,0,0.5000,21.50,126,0,0.00,13,6.24,3.37,3.14,14.10
651293,-8.59,3.12,1,14.36,13.44,8,14.69,190,0.25,0.26,768,0.00,1.00,0,0.5000,22.00,126,0,0.00,13,6.24,3.37,3.14,14.00
651396,-8.59,3.12,1,14.36,13.60,8,14.69,190,0.25,0.26,766,0.00,1.00,0,0.5000,21.50,126,0,0.00,13,6.24,3.37,3.14,14.20
651501,-8.59,3.12,1,14.36,13.52,8,14.69,190,0.25,0.26,762,0.00,1.00,0,0.5000,21.50,126,0,0.00,13,6.24,3.32,3.14,14.20
651605,-8.59,3.12,1,14.36,13.52,8,14.69,190,0.25,0.26,749,0.00,1.00,0,0.5000,22.00,126,0,0.00,13,6.24,3.28,3.14,14.20
651708,-8.59,3.12,1,14.36,13.52,8,14.69,190,0.25,0.26,748,0.00,1.00,0,0.5000,21.50,126,0,0.00,13,6.38,3.23,3.14,14.30
651813,-8.59,3.12,1,14.36,13.44,8,14.69,190,0.25,0.26,736,0.00,1.00,0,0.5000,22.00,126,0,0.00,13,6.38,3.23,3.14,14.40
651918,-7.81,3.12,1,14.36,13.44,8,14.69,190,0.25,0.27,728,0.00,1.00,0,0.5000,22.00,126,0,0.00,13,6.38,3.23,3.14,14.40
652021,-7.81,3.12,1,14.36,13.44,8,14.69,190,0.26,0.27,710,0.00,1.00,0,0.5000,22.00,126,0,0.00,13,6.53,3.23,3.14,14.40
652125,-7.81,3.12,1,14.36,13.52,8,14.69,190,0.26,0.27,708,0.00,1.00,0,0.5000,22.00,126,0,0.00,13,6.53,3.19,3.14,14.50
652229,-7.81,3.12,1,14.36,13.60,8,14.69,190,0.26,0.27,714,0.00,1.00,0,0.5000,22.00,126,0,0.00,13,6.53,3.19,3.14,14.50
652333,-7.81,3.12,1,14.36,13.44,8,14.69,190,0.26,0.27,711,0.00,1.00,0,0.5000,22.00,126,0,0.00,13,6.67,3.19,3.14,14.50
652437,-7.03,3.12,1,14.36,13.44,8,14.69,190,0.26,0.27,710,0.00,1.00,0,0.5000,21.50,126,0,0.00,13,6.67,3.19,3.14,14.90
652541,-7.03,3.12,1,14.36,13.52,8,14.69,190,0.26,0.27,711,0.00,1.00,0,0.5000,21.00,126,0,0.00,13,6.67,3.19,3.14,14.80
652645,-7.03,3.12,1,14.36,13.60,8,14.69,190,0.26,0.27,711,0.00,1.00,0,0.5000,20.50,126,0,0.00,13,6.67,3.19,3.14,14.80
652749,-7.03,3.12,1,14.36,13.52,8,14.69,190,0.26,0.27,707,0.00,1.00,0,0.5000,20.50,126,0,0.00,13,6.82,3.19,3.14,15.00
652853,-6.25,3.12,1,14.36,13.52,8,14.69,190,0.26,0.27,707,0.00,1.00,0,0.5000,20.50,126,0,0.00,13,6.82,3.19,3.14,15.00
652957,-6.25,3.12,1,14.36,13.44,8,14.69,190,0.26,0.27,718,0.00,1.00,0,0.5000,19.00,126,0,0.00,13,6.96,3.23,3.53,15.00
653061,-6.25,3.12,1,14.36,13.52,8,14.69,190,0.26,0.27,714,0.00,1.00,0,0.5000,19.00,126,0,0.00,13,6.96,3.23,3.53,15.00
653165,-5.47,3.12,1,14.36,13.44,8,14.69,190,0.26,0.27,718,0.00,1.00,0,0.5000,18.50,126,0,0.00,13,6.96,3.23,3.53,15.30
653269,-5.47,3.12,1,14.36,13.52,8,14.69,190,0.27,0.27,706,0.00,1.00,0,0.5000,19.00,126,0,0.00,13,6.96,3.23,3.53,15.10
653373,-4.69,3.12,1,14.36,13.52,8,14.69,190,0.27,0.28,695,0.00,1.00,0,0.5000,20.00,126,0,0.00,13,7.11,3.23,3.53,15.30
653477,-3.91,3.12,1,14.36,13.44,8,14.69,190,0.27,0.28,692,0.00,1.00,0,0.5000,19.50,126,0,0.00,13,7.11,3.30,3.53,15.40
653581,-3.12,3.12,1,14.36,13.52,8,14.69,190,0.27,0.29,715,0.00,1.00,0,0.5000,17.50,126,0,0.00,13,7.25,3.35,3.53,15.50
653685,-2.34,3.12,1,14.36,13.44,8,14.69,190,0.27,0.28,726,0.00,1.00,0,0.5000,17.00,126,0,0.00,13,7.25,3.35,3.92,15.60
653789,-1.56,3.12,1,14.36,13.60,8,14.69,190,0.27,0.28,726,0.00,1.00,0,0.5000,17.00,126,0,0.00,13,7.25,3.32,3.53,15.80
653893,-0.78,3.12,1,14.36,13.52,8,14.69,190,0.27,0.27,736,0.00,1.00,0,0.5000,17.00,126,0,0.00,13,7.25,3.35,3.53,15.80
653997,0.00,3.12,1,14.36,13.44,8,14.69,190,0.27,0.26,763,0.00,1.00,0,0.5000,16.00,126,0,0.00,13,7.25,3.37,3.53,16.00
654101,0.78,3.12,1,14.36,13.52,8,14.69,190,0.26,0.26,772,0.00,1.00,0,0.5000,15.50,126,0,0.00,13,7.11,3.37,3.53,15.90
654205,1.56,3.12,1,14.36,13.44,8,14.69,190,0.26,0.26,770,0.00,1.00,0,0.5000,16.00,126,0,0.00,13,7.11,3.37,3.53,16.10
654309,2.34,3.12,1,14.36,13.52,8,14.69,190,0.26,0.26,777,0.00,1.00,0,0.5000,16.00,126,0,0.00,13,6.96,3.37,3.92,16.10
654413,3.12,3.12,1,14.36,13.60,8,14.69,190,0.26,0.26,787,0.00,1.00,0,0.5000,15.00,126,0,0.00,13,6.96,3.41,3.92,15.90
654518,3.12,3.12,1,14.36,13.44,8,14.69,190,0.26,0.26,786,0.00,1.00,0,0.5000,15.50,126,0,0.00,13,6.96,3.44,3.92,16.10
654621,3.91,3.12,1,14.36,13.52,8,14.69,190,0.26,0.26,790,0.00,1.00,0,0.5000,15.50,126,0,0.00,13,6.96,3.46,3.92,16.20
654729,4.69,3.12,1,14.36,13.44,8,14.69,190,0.26,0.27,790,0.00,1.00,0,0.5000,16.00,126,0,0.00,13,6.82,3.51,3.92,16.10
654829,4.69,3.12,1,14.36,13.52,8,14.69,190,0.26,0.26,810,0.00,1.00,0,0.5000,14.00,126,0,0.00,13,6.82,3.51,3.92,16.00
654933,4.69,3.12,1,14.36,13.60,8,14.69,190,0.26,0.26,802,0.00,1.00,0,0.5000,15.00,126,0,0.00,13,6.82,3.51,3.92,16.00
655037,5.47,3.12,1,14.36,13.52,8,14.69,190,0.26,0.27,804,0.00,1.00,0,0.5000,15.50,126,0,0.00,13,6.82,3.56,3.92,15.70
655141,5.47,3.12,1,14.36,13.52,8,14.69,190,0.26,0.26,824,0.00,1.00,0,0.5000,13.50,126,0,0.00,13,6.82,3.56,3.92,15.70
655246,6.25,3.12,1,14.36,13.52,8,14.69,190,0.25,0.26,819,0.00,1.00,0,0.5000,14.50,126,0,0.00,13,6.82,3.56,3.92,15.70
655349,6.25,3.12,1,14.36,13.60,8,14.69,190,0.25,0.26,830,0.00,1.00,0,0.5000,14.00,126,0,0.00,13,6.67,3.56,3.92,15.50
655453,6.25,3.12,1,14.36,13.52,8,14.69,190,0.25,0.25,829,0.00,1.00,0,0.5000,14.50,126,0,0.00,13,6.67,3.56,3.92,15.50
655557,6.25,3.12,1,14.36,13.52,8,14.68,190,0.25,0.25,831,0.00,1.00,0,0.5000,14.50,126,0,0.00,13,6.67,3.51,3.53,15.50
655661,6.25,3.12,1,14.36,13.36,8,14.69,190,0.25,0.25,834,0.00,1.00,0,0.5000,14.50,126,0,0.00,13,6.53,3.51,3.92,15.40
655766,6.25,3.12,1,14.36,13.52,8,14.68,190,0.25,0.25,835,0.00,1.00,0,0.5000,15.00,126,0,0.00,13,6.53,3.53,3.53,15.20
655869,6.25,3.12,1,14.36,13.52,8,14.68,190,0.25,0.25,843,0.00,1.00,0,0.5000,14.50,126,0,0.00,13,6.53,3.51,3.92,15.10
655973,5.47,3.12,1,14.36,13.44,8,14.68,190,0.25,0.26,832,0.00,1.00,0,0.5000,16.00,126,0,0.00,13,6.53,3.56,3.53,15.10
656077,5.47,3.12,1,14.36,13.44,8,14.68,190,0.25,0.25,842,0.00,1.00,0,0.5000,15.50,126,0,0.00,13,6.38,3.51,3.53,14.80
656181,5.47,3.12,1,14.36,13.44,8,14.68,190,0.25,0.25,838,0.00,1.00,0,0.5000,16.00,126,0,0.00,13,6.38,3.51,3.53,14.70
656285,5.47,3.12,1,14.36,13.44,8,14.69,190,0.24,0.25,836,0.00,1.00,0,0.5000,16.00,126,0,0.00,13,6.38,3.46,3.53,14.40
656389,4.69,3.12,1,14.36,13.52,8,14.69,190,0.24,0.25,827,0.00,1.00,0,0.5000,17.00,126,0,0.00,13,6.38,3.46,3.53,14.60
656494,4.69,3.12,1,14.36,13.52,8,14.69,190,0.24,0.26,824,0.00,1.00,0,0.5000,17.00,126,0,0.00,13,6.38,3.46,3.53,14.40
656597,3.91,3.12,1,14.36,13.60,8,14.69,190,0.24,0.25,836,0.00,1.00,0,0.5000,16.50,126,0,0.00,13,6.38,3.46,3.53,14.40
656702,3.91,3.12,1,14.36,13.52,8,14.69,190,0.24,0.25,827,0.00,1.00,0,0.5000,17.00,126,0,0.00,13,6.38,3.41,3.53,14.30
656805,3.91,3.12,1,14.36,13.44,8,14.69,190,0.24,0.25,818,0.00,1.00,0,0.5000,17.00,126,0,0.00,13,6.38,3.41,3.53,14.20
656909,3.12,3.12,1,14.36,13.44,8,14.69,190,0.24,0.25,807,0.00,1.00,0,0.5000,17.00,126,0,0.00,13,6.38,3.41,3.53,14.30
657013,3.12,3.12,1,14.36,13.52,8,14.69,190,0.24,0.25,814,0.00,1.00,0,0.5000,17.00,126,0,0.00,13,6.38,3.41,3.53,14.20
657118,2.34,3.12,1,14.36,13.60,8,14.69,190,0.24,0.25,803,0.00,1.00,0,0.5000,17.00,126,0,0.00,13,6.38,3.37,3.53,14.20
657222,2.34,3.12,1,14.36,13.52,8,14.69,190,0.25,0.26,788,0.00,1.00,0,0.5000,17.50,126,0,0.00,13,6.38,3.37,3.14,14.10
657326,2.34,3.12,1,14.36,13.44,8,14.69,190,0.25,0.25,792,0.00,1.00,0,0.5000,17.00,126,0,0.00,13,6.38,3.35,3.14,14.20
657430,2.34,3.12,1,14.36,13.52,8,14.69,190,0.25,0.25,783,0.00,1.00,0,0.5000,17.50,126,0,0.00,13,6.38,3.32,3.14,14.20
657533,1.56,3.12,1,14.36,13.36,8,14.69,190,0.25,0.26,776,0.00,1.00,0,0.5000,18.00,126,0,0.00,13,6.38,3.51,5.10,14.10
657638,1.56,3.12,1,14.36,13.52,8,14.69,190,0.27,0.32,763,0.00,0.86,0,0.5000,19.50,126,0,0.00,13,7.11,4.13,5.49,14.20
657742,1.56,3.12,1,14.36,13.52,8,14.69,190,0.30,0.36,737,0.00,0.86,0,0.5000,21.00,126,0,0.00,13,7.55,4.48,5.49,14.20
657846,1.56,3.12,1,14.36,13.52,8,14.69,190,0.31,0.35,772,0.00,0.91,0,0.5000,17.50,126,0,0.00,13,7.98,4.54,5.49,14.20
657950,2.34,3.12,1,14.36,13.36,8,14.69,190,0.32,0.35,795,0.00,0.99,0,0.5000,17.00,126,0,0.00,13,8.13,4.57,5.49,14.30
658054,3.12,3.12,1,14.36,13.52,8,14.69,190,0.33,0.35,777,0.00,0.99,0,0.5000,17.00,126,0,0.00,13,8.27,4.57,5.10,14.40
658158,3.12,3.12,1,14.36,13.52,8,14.69,190,0.33,0.35,774,0.00,0.99,0,0.5000,17.00,126,0,0.00,13,8.42,4.45,5.10,14.10
658262,3.91,3.12,1,14.36,13.44,8,14.69,190,0.33,0.33,798,0.00,0.99,0,0.5000,17.00,126,0,0.00,13,8.42,4.45,5.10,14.60
658366,5.47,3.12,1,14.36,13.44,8,14.69,189,0.33,0.34,805,0.00,0.99,0,0.5000,16.50,126,0,0.00,13,8.42,4.51,5.10,15.10
658470,6.25,3.12,1,14.36,13.44,8,14.69,190,0.33,0.33,829,0.00,0.99,0,0.5000,15.50,126,0,0.00,13,8.42,4.54,5.10,15.60
658574,7.03,3.12,1,14.36,13.52,8,14.68,189,0.33,0.33,840,0.00,1.00,0,0.5000,15.00,126,0,0.00,13,8.27,4.57,5.10,15.80
658678,7.81,3.12,1,14.36,13.60,8,14.68,189,0.33,0.33,866,0.00,1.00,0,0.5000,13.00,126,0,0.00,13,8.27,4.62,5.10,15.80
658782,7.81,3.12,1,14.36,13.60,8,14.67,189,0.32,0.32,869,0.00,1.00,0,0.5000,13.00,126,0,0.00,13,8.13,4.68,5.10,15.80
658886,7.03,3.12,1,14.36,13.60,8,14.68,189,0.32,0.32,878,0.00,1.00,0,0.5000,13.00,126,0,0.00,13,7.98,4.74,5.10,15.80
658989,7.03,3.12,1,14.36,13.44,8,14.67,189,0.32,0.32,884,0.00,1.00,0,0.5000,13.00,126,0,0.00,13,7.98,4.74,5.10,15.70
659094,7.03,3.12,1,14.36,13.52,8,14.67,189,0.32,0.32,905,0.00,1.00,0,0.5000,12.00,126,0,0.00,13,7.84,4.77,5.10,15.20
659198,7.03,3.12,1,14.36,13.44,8,14.67,189,0.32,0.32,904,0.00,1.00,0,0.5000,12.50,126,0,0.00,13,7.84,4.80,5.10,15.20
659302,6.25,3.12,1,14.36,13.52,8,14.67,189,0.31,0.31,919,0.00,1.00,0,0.5000,12.00,126,0,0.00,13,7.69,4.80,5.10,15.00
659407,6.25,3.12,1,14.36,13.52,8,14.66,189,0.31,0.31,917,0.00,1.00,0,0.5000,12.50,126,0,0.00,13,7.69,4.80,5.49,15.30
659509,5.47,3.12,1,14.36,13.52,8,14.66,189,0.31,0.31,928,0.00,1.00,0,0.5000,12.50,126,0,0.00,13,7.69,4.86,5.10,14.50
659613,5.47,3.12,1,14.36,13.52,8,14.66,189,0.31,0.31,940,0.00,1.00,0,0.5000,12.00,127,0,0.00,13,7.55,4.86,5.49,14.40
659718,5.47,3.12,1,14.36,13.44,8,14.66,189,0.31,0.31,930,0.00,1.00,0,0.5000,13.00,127,0,0.00,13,7.55,4.86,5.49,14.30
659822,4.69,3.12,1,14.36,13.52,8,14.66,190,0.31,0.31,946,0.00,1.00,0,0.5000,12.50,127,0,0.00,13,7.55,4.86,5.49,14.30
659926,4.69,3.12,1,14.36,13.52,8,14.67,190,0.31,0.31,933,0.00,1.00,0,0.5000,14.00,127,0,0.00,13,7.40,4.80,5.10,14.30
660030,3.91,3.12,1,14.36,13.52,8,14.66,189,0.31,0.31,928,0.00,1.00,0,0.5000,15.00,127,0,0.00,13,7.40,4.80,5.10,14.20
660134,3.91,3.12,1,14.36,13.36,8,14.66,189,0.30,0.30,945,0.00,1.00,0,0.5000,13.50,127,0,0.00,13,7.40,4.74,5.10,14.20
660238,3.91,3.12,1,14.36,13.44,8,14.66,189,0.30,0.30,936,0.00,1.00,0,0.5000,15.00,127,0,0.00,13,7.25,4.74,5.10,14.20
660342,3.12,3.12,1,14.36,13.60,8,14.66,189,0.30,0.30,940,0.00,1.00,0,0.5000,15.00,127,0,0.00,13,7.25,4.74,5.10,14.20
660446,3.12,3.12,1,14.36,13.52,8,14.66,189,0.30,0.30,941,0.00,1.00,0,0.5000,15.50,127,0,0.00,13,7.25,4.74,5.10,14.20
660550,2.34,3.12,1,14.36,13.60,8,14.66,189,0.29,0.29,936,0.00,1.00,0,0.5000,16.00,127,0,0.00,13,6.96,4.23,3.92,14.10
660654,2.34,3.12,1,14.36,13.44,8,14.67,189,0.28,0.26,938,0.00,1.00,0,0.5000,16.00,127,0,0.00,13,6.82,4.13,4.31,14.10
660758,1.56,3.12,1,14.36,13.52,8,14.67,189,0.28,0.28,914,0.00,1.00,0,0.5000,17.00,127,0,0.00,13,6.82,4.23,4.31,14.10
660862,0.78,3.12,1,14.36,13.52,8,14.67,189,0.28,0.28,888,0.00,1.00,0,0.5000,17.50,127,0,0.00,13,6.82,4.23,4.31,14.20
660966,0.78,3.12,1,14.36,13.52,8,14.68,189,0.28,0.29,874,0.00,1.00,0,0.5000,18.50,127,0,0.00,13,6.82,4.23,4.31,14.10
661070,0.00,3.12,1,14.36,13.60,8,14.68,189,0.28,0.29,852,0.00,1.00,0,0.5000,20.00,127,0,0.00,13,6.82,4.23,4.31,14.10
661174,-0.78,3.12,1,14.36,13.44,8,14.69,189,0.29,0.30,844,0.00,1.00,0,0.5000,20.50,127,0,0.00,13,6.96,4.18,4.31,13.90
661278,-1.56,3.12,1,14.36,13.52,8,14.69,189,0.29,0.30,826,0.00,1.00,0,0.5000,21.50,127,0,0.00,13,6.96,4.13,4.31,13.80
661382,-1.56,3.12,1,14.36,13.44,8,14.69,189,0.29,0.31,801,0.00,1.00,0,0.5000,22.00,127,0,0.00,13,7.11,4.10,4.31,13.80
661486,-1.56,3.12,1,14.36,13.52,8,14.69,189,0.30,0.30,802,0.00,1.00,0,0.5000,22.00,127,0,0.00,13,7.11,4.07,4.31,13.80
661590,-1.56,3.12,1,14.36,13.52,8,14.69,189,0.30,0.31,777,0.00,1.00,0,0.5000,22.00,127,0,0.00,13,7.11,4.07,4.31,13.80
661695,-1.56,3.12,1,14.36,13.52,8,14.69,189,0.30,0.32,765,0.00,1.00,0,0.5000,22.00,127,0,0.00,13,7.25,4.07,4.31,13.90
661798,-2.34,3.12,1,14.36,13.44,8,14.69,190,0.31,0.32,756,0.00,1.00,0,0.5000,22.00,127,0,0.00,13,7.40,4.07,4.31,14.00
661902,-1.56,3.12,1,14.36,13.52,8,14.69,190,0.31,0.33,738,0.00,1.00,0,0.5000,22.00,127,0,0.00,13,7.55,4.13,4.31,14.00
662006,-1.56,3.12,1,14.36,13.52,8,14.69,189,0.32,0.34,738,0.00,1.00,0,0.5000,22.00,127,0,0.00,13,7.69,4.18,4.71,14.20
662110,-1.56,3.12,1,14.36,13.52,8,14.69,190,0.32,0.34,750,0.00,1.00,0,0.5000,22.00,127,0,0.00,13,7.84,4.23,4.71,14.30
662214,-1.56,3.12,1,14.36,13.52,8,14.69,190,0.33,0.34,754,0.00,1.00,0,0.5000,21.50,127,0,0.00,13,7.98,4.29,4.71,14.30
662318,-1.56,3.12,1,14.36,13.44,8,14.69,190,0.33,0.34,754,0.00,1.00,0,0.5000,21.00,127,0,0.00,13,7.98,4.29,4.71,14.40
662422,-0.78,3.12,1,14.36,13.52,8,14.69,190,0.33,0.34,778,0.00,1.00,0,0.5000,18.50,127,0,0.00,13,8.13,4.29,4.71,14.30
662527,-0.78,3.12,1,14.36,13.52,8,14.69,190,0.33,0.33,788,0.00,1.00,0,0.5000,17.50,127,0,0.00,13,8.13,4.29,4.71,14.30
662631,0.00,3.12,1,14.36,13.44,8,14.69,190,0.33,0.33,795,0.00,1.00,0,0.5000,17.00,127,0,0.00,13,7.98,4.29,4.71,15.00
662735,0.00,3.12,1,14.36,13.44,8,14.69,190,0.32,0.32,814,0.00,1.00,0,0.5000,17.00,127,0,0.00,13,7.98,4.32,4.71,14.90
662839,0.78,3.12,1,14.36,13.52,8,14.69,190,0.32,0.32,811,0.00,1.00,0,0.5000,17.00,127,0,0.00,13,7.98,4.34,4.71,15.10
662943,0.78,3.12,1,14.36,13.52,8,14.69,190,0.32,0.32,834,0.00,1.00,0,0.5000,16.00,127,0,0.00,13,7.84,4.34,4.71,15.20
663047,1.56,3.12,1,14.36,13.52,8,14.68,190,0.32,0.31,835,0.00,1.00,0,0.5000,16.50,127,0,0.00,13,7.84,4.40,4.71,15.30
663151,1.56,3.12,1,14.36,13.52,8,14.68,190,0.31,0.32,837,0.00,1.00,0,0.5000,16.00,127,0,0.00,13,7.69,4.40,4.71,15.30
663255,1.56,3.12,1,14.36,13.52,8,14.68,190,0.31,0.31,854,0.00,1.00,0,0.5000,15.50,127,0,0.00,13,7.69,4.45,4.71,15.30
663359,1.56,3.12,1,14.36,13.44,8,14.68,190,0.31,0.32,846,0.00,1.00,0,0.5000,16.00,127,0,0.00,13,7.69,4.48,4.71,15.40
663463,1.56,3.12,1,14.36,13.44,8,14.68,190,0.31,0.32,852,0.00,1.00,0,0.5000,16.00,127,0,0.00,13,7.69,4.51,4.71,15.40
663567,1.56,3.12,1,14.36,13.44,8,14.68,190,0.31,0.32,853,0.00,1.00,0,0.5000,16.00,127,0,0.00,13,7.69,4.51,4.71,15.20
663671,1.56,3.12,1,14.36,13.52,8,14.68,190,0.31,0.32,854,0.00,1.00,0,0.5000,16.00,127,0,0.00,13,7.55,4.51,4.71,15.20
663775,2.34,3.12,1,14.36,13.52,8,14.68,190,0.31,0.32,846,0.00,1.00,0,0.5000,16.50,127,0,0.00,13,7.55,4.51,4.71,15.00
663880,1.56,3.12,1,14.36,13.44,8,14.68,190,0.31,0.31,862,0.00,1.00,0,0.5000,16.00,127,0,0.00,13,7.55,4.51,4.71,15.10
663984,1.56,3.12,1,14.36,13.52,8,14.68,190,0.31,0.32,854,0.00,1.00,0,0.5000,16.50,127,0,0.00,13,7.55,4.54,4.71,14.90
664088,1.56,3.12,1,14.36,13.44,8,14.68,190,0.31,0.32,856,0.00,1.00,0,0.5000,16.50,127,0,0.00,13,7.55,4.51,4.71,14.90
664192,1.56,3.12,1,14.36,13.36,8,14.68,190,0.31,0.32,854,0.00,1.00,0,0.5000,16.50,127,0,0.00,13,7.55,4.51,4.71,14.70
664296,1.56,3.12,1,14.36,13.44,8,14.68,190,0.31,0.31,870,0.00,1.00,0,0.5000,16.00,127,0,0.00,13,7.55,4.51,4.71,14.80
664400,1.56,3.12,1,14.36,13.44,8,14.68,190,0.31,0.32,856,0.00,1.00,0,0.5000,16.50,127,0,0.00,13,7.55,4.51,4.71,14.70
664504,1.56,3.12,1,14.36,13.44,8,14.68,190,0.31,0.31,871,0.00,1.00,0,0.5000,16.00,127,0,0.00,13,7.40,4.51,4.71,14.90
664607,1.56,3.12,1,14.36,13.36,8,14.68,190,0.31,0.31,864,0.00,1.00,0,0.5000,16.50,127,0,0.00,13,7.40,4.45,4.71,14.50
664712,0.78,3.12,1,14.36,13.36,8,14.68,190,0.31,0.31,864,0.00,1.00,0,0.5000,16.50,127,0,0.00,13,7.40,4.48,4.71,14.50
664816,0.78,3.12,1,14.36,13.44,8,14.68,190,0.31,0.32,852,0.00,1.00,0,0.5000,17.00,127,0,0.00,13,7.40,4.51,4.71,14.40
664920,0.78,3.12,1,14.36,13.44,8,14.68,190,0.31,0.31,860,0.00,1.00,0,0.5000,16.50,127,0,0.00,13,7.40,4.51,4.71,14.50
665024,0.78,3.12,1,14.36,13.52,8,14.68,190,0.31,0.32,850,0.00,1.00,0,0.5000,17.00,127,0,0.00,13,7.40,4.48,4.71,14.40
665128,0.00,3.12,1,14.36,13.44,8,14.68,190,0.31,0.32,848,0.00,1.00,0,0.5000,17.00,127,0,0.00,13,7.40,4.51,4.71,14.40
665232,0.00,3.12,1,14.36,13.52,8,14.68,190,0.31,0.32,835,0.00,1.00,0,0.5000,17.00,127,0,0.00,13,7.55,4.48,4.71,14.40
665336,0.00,3.12,1,14.36,13.52,8,14.68,190,0.31,0.32,842,0.00,1.00,0,0.5000,17.00,127,0,0.00,13,7.55,4.45,4.71,14.40
665439,0.00,3.12,1,14.36,13.60,8,14.69,190,0.31,0.32,833,0.00,1.00,0,0.5000,17.00,127,0,0.00,13,7.55,4.45,4.71,14.30
665544,0.00,3.12,1,14.36,13.60,8,14.68,190,0.31,0.32,834,0.00,1.00,0,0.5000,17.00,127,0,0.00,13,7.55,4.45,4.71,14.40
665647,0.00,3.12,1,14.36,13.44,8,14.68,190,0.31,0.31,850,0.00,1.00,0,0.5000,17.00,127,0,0.00,13,7.55,4.45,4.71,14.20
665752,0.00,3.12,1,14.36,13.44,8,14.68,190,0.31,0.32,841,0.00,1.00,0,0.5000,17.00,127,0,0.00,13,7.55,4.40,4.71,14.40
665856,0.00,3.12,1,14.36,13.44,8,14.69,190,0.31,0.32,842,0.00,1.00,0,0.5000,17.00,127,0,0.00,13,7.55,4.40,4.71,14.50
665960,0.00,3.12,1,14.36,13.60,8,14.68,190,0.31,0.32,832,0.00,1.00,0,0.5000,17.00,127,0,0.00,13,7.55,4.43,4.71,14.40
666063,0.00,3.12,1,14.36,13.52,8,14.69,190,0.31,0.32,838,0.00,1.00,0,0.5000,17.00,127,0,0.00,13,7.55,4.43,4.71,14.40
666168,0.00,3.12,1,14.36,13.44,8,14.69,190,0.31,0.33,819,0.00,1.00,0,0.5000,17.50,127,0,0.00,13,7.55,4.45,4.71,14.40
666272,-0.78,3.12,1,14.36,13.52,8,14.69,190,0.32,0.33,824,0.00,1.00,0,0.5000,17.00,127,0,0.00,13,7.55,4.43,4.71,14.50
666376,-0.78,3.12,1,14.36,13.52,8,14.69,190,0.32,0.32,814,0.00,1.00,0,0.5000,17.50,127,0,0.00,13,7.55,4.45,4.71,14.50
666479,-0.78,3.12,1,14.36,13.52,8,14.69,190,0.32,0.32,815,0.00,1.00,0,0.5000,17.50,127,0,0.00,13,7.55,4.43,4.71,14.40
666584,-0.78,3.12,1,14.36,13.52,8,14.69,190,0.32,0.32,823,0.00,1.00,0,0.5000,17.00,127,0,0.00,13,7.55,4.43,4.71,14.50
666688,-0.78,3.12,1,14.36,13.52,8,14.69,190,0.32,0.33,815,0.00,1.00,0,0.5000,17.00,127,0,0.00,13,7.69,4.43,4.71,14.60
666792,0.00,3.12,1,14.36,13.44,8,14.69,190,0.32,0.32,816,0.00,1.00,0,0.5000,17.00,127,0,0.00,13,7.69,4.40,4.71,14.50
666896,0.00,3.12,1,14.36,13.44,8,14.69,190,0.32,0.33,804,0.00,1.00,0,0.5000,17.50,127,0,0.00,13,7.69,4.40,4.71,14.60
667001,0.00,3.12,1,14.36,13.60,8,14.69,190,0.32,0.33,807,0.00,1.00,0,0.5000,17.50,127,0,0.00,13,7.69,4.43,4.71,14.80
667103,0.00,3.12,1,14.36,13.52,8,14.69,190,0.32,0.33,809,0.00,1.00,0,0.5000,17.00,127,0,0.00,13,7.69,4.43,4.71,14.70
667207,0.00,3.12,1,14.36,13.52,8,14.69,190,0.32,0.33,807,0.00,1.00,0,0.5000,17.00,127,0,0.00,13,7.69,4.43,4.71,14.70
667312,0.00,3.12,1,14.36,13.44,8,14.69,190,0.32,0.33,822,0.00,1.00,0,0.5000,17.00,127,0,0.00,13,7.69,4.45,4.71,14.80
667416,0.00,3.12,1,14.36,13.52,8,14.69,190,0.32,0.33,810,0.00,1.00,0,0.5000,17.00,127,0,0.00,13,7.69,4.45,4.71,14.80
667520,0.00,3.12,1,14.36,13.52,8,14.69,190,0.32,0.33,820,0.00,1.00,0,0.5000,17.00,127,0,0.00,13,7.69,4.45,4.71,14.80
667624,0.00,3.12,1,14.36,13.44,8,14.69,190,0.32,0.32,822,0.00,1.00,0,0.5000,17.00,127,0,0.00,13,7.69,4.45,4.71,14.80
667728,0.00,3.12,1,14.36,13.52,8,14.69,190,0.32,0.33,813,0.00,1.00,0,0.5000,17.00,127,0,0.00,13,7.69,4.45,4.71,14.70
667832,0.00,3.12,1,14.36,13.44,8,14.69,190,0.32,0.33,820,0.00,1.00,0,0.5000,17.00,127,0,0.00,13,7.69,4.45,4.71,14.80
667936,0.00,3.12,1,14.36,13.52,8,14.69,190,0.32,0.33,812,0.00,1.00,0,0.5000,17.00,127,0,0.00,13,7.69,4.48,4.71,14.80
668040,0.00,3.12,1,14.36,13.52,8,14.69,190,0.32,0.33,824,0.00,1.00,0,0.5000,17.00,127,0,0.00,13,7.69,4.51,4.71,14.80
668144,0.00,3.12,1,14.36,13.60,8,14.68,190,0.32,0.33,824,0.00,1.00,0,0.5000,17.00,127,0,0.00,13,7.69,4.51,4.71,14.80
668248,0.00,3.12,1,14.36,13.60,8,14.69,190,0.32,0.33,824,0.00,1.00,0,0.5000,17.00,127,0,0.00,13,7.69,4.51,4.71,14.80
668352,0.00,3.12,1,14.36,13.52,8,14.69,190,0.32,0.32,842,0.00,1.00,0,0.5000,16.50,127,0,0.00,13,7.69,4.54,4.71,14.70
668456,0.00,3.12,1,14.36,13.44,8,14.68,190,0.32,0.32,836,0.00,1.00,0,0.5000,16.50,127,0,0.00,13,7.69,4.51,4.71,14.80
668560,0.00,3.12,1,14.36,13.44,8,14.68,190,0.32,0.32,840,0.00,1.00,0,0.5000,16.50,127,0,0.00,13,7.69,4.51,4.71,14.70
668664,0.00,3.12,1,14.36,13.52,8,14.68,190,0.32,0.32,838,0.00,1.00,0,0.5000,16.50,127,0,0.00,13,7.55,4.51,4.71,14.70
668768,0.00,3.12,1,14.36,13.44,8,14.68,190,0.32,0.32,846,0.00,1.00,0,0.5000,16.50,127,0,0.00,13,7.55,4.51,4.71,14.70
668872,0.00,3.12,1,14.36,13.28,8,14.68,190,0.32,0.32,846,0.00,1.00,0,0.5000,16.50,127,0,0.00,13,7.55,4.51,4.71,14.80
668977,0.00,3.12,1,14.36,13.52,8,14.68,190,0.32,0.32,853,0.00,1.00,0,0.5000,16.50,127,0,0.00,13,7.55,4.51,4.71,14.60
669080,0.00,3.12,1,14.36,13.44,8,14.68,190,0.32,0.32,847,0.00,1.00,0,0.5000,16.50,127,0,0.00,13,7.55,4.51,4.71,14.50
669184,0.00,3.12,1,14.36,13.52,8,14.68,190,0.31,0.32,856,0.00,1.00,0,0.5000,16.50,127,0,0.00,13,7.55,4.51,4.71,14.50
669288,-0.78,3.12,1,14.36,13.60,8,14.68,190,0.31,0.32,843,0.00,1.00,0,0.5000,17.00,127,0,0.00,13,7.55,4.51,4.71,14.40
669392,-0.78,3.12,1,14.36,13.52,8,14.68,190,0.31,0.32,850,0.00,1.00,0,0.5000,16.50,127,0,0.00,13,7.55,4.51,4.71,14.40
669496,-0.78,3.12,1,14.36,13.36,8,14.69,190,0.32,0.32,836,0.00,1.00,0,0.5000,17.00,127,0,0.00,13,7.55,4.51,4.71,14.40
669600,-0.78,3.12,1,14.36,13.52,8,14.69,190,0.32,0.33,819,0.00,1.00,0,0.5000,17.00,127,0,0.00,13,7.55,4.51,4.71,14.50
669704,-0.78,3.12,1,14.36,13.36,8,14.69,190,0.32,0.34,806,0.00,1.00,0,0.5000,18.00,127,0,0.00,13,7.69,4.51,4.71,14.50
669808,-0.78,3.12,1,14.36,13.44,8,14.69,190,0.33,0.35,787,0.00,1.00,0,0.5000,19.50,127,0,0.00,13,7.69,4.56,4.71,14.40
669912,-0.78,3.12,1,14.36,13.60,8,14.69,190,0.34,0.35,778,0.00,1.00,0,0.5000,20.00,127,0,0.00,13,7.84,4.54,4.71,14.50
670016,-0.78,3.12,1,14.36,13.36,8,14.69,190,0.34,0.35,772,0.00,1.00,0,0.5000,20.00,127,0,0.00,13,7.98,4.56,4.71,14.50
670121,-0.78,3.12,1,14.36,13.44,8,14.69,190,0.34,0.35,776,0.00,1.00,0,0.5000,19.00,127,0,0.00,13,7.98,4.56,4.71,14.60
670224,-0.78,3.12,1,14.36,13.52,8,14.69,190,0.34,0.34,800,0.00,1.00,0,0.5000,17.00,127,0,0.00,13,8.13,4.56,4.71,14.50
670328,-0.78,3.12,1,14.36,13.60,8,14.69,190,0.34,0.34,808,0.00,1.00,0,0.5000,17.00,127,0,0.00,13,8.13,4.56,4.71,14.50
670432,-0.78,3.12,1,14.36,13.52,8,14.69,190,0.34,0.34,813,0.00,1.00,0,0.5000,17.00,127,0,0.00,13,7.98,4.56,4.71,14.80
670538,0.00,3.12,1,14.36,13.52,8,14.69,190,0.33,0.33,833,0.00,1.00,0,0.5000,16.50,127,0,0.00,13,7.98,4.56,4.71,14.80
670640,0.00,3.12,1,14.36,13.44,8,14.68,190,0.33,0.32,844,0.00,1.00,0,0.5000,16.00,127,0,0.00,13,7.84,4.56,4.71,14.80
670744,0.00,3.12,1,14.36,13.44,8,14.68,190,0.32,0.32,856,0.00,1.00,0,0.5000,15.50,127,0,0.00,13,7.84,4.56,4.71,14.80
670848,0.00,3.12,1,14.36,13.44,8,14.68,190,0.32,0.32,865,0.00,1.00,0,0.5000,15.00,127,0,0.00,13,7.69,4.56,4.71,14.80
670952,0.00,3.12,1,14.36,13.52,8,14.68,190,0.32,0.31,874,0.00,1.00,0,0.5000,14.50,127,0,0.00,13,7.55,4.62,4.71,15.00
671056,0.00,3.12,1,14.36,13.52,8,14.68,190,0.32,0.32,863,0.00,1.00,0,0.5000,16.00,127,0,0.00,13,7.55,4.62,4.71,14.80
671160,-0.78,3.12,1,14.36,13.44,8,14.68,190,0.32,0.32,872,0.00,1.00,0,0.5000,15.00,127,0,0.00,13,7.55,4.62,4.71,14.80
671264,-0.78,3.12,1,14.36,13.44,8,14.68,190,0.31,0.32,870,0.00,1.00,0,0.5000,15.50,127,0,0.00,13,7.55,4.62,4.71,14.70
671369,-0.78,3.12,1,14.36,13.44,8,14.68,190,0.31,0.32,877,0.00,1.00,0,0.5000,15.50,127,0,0.00,13,7.55,4.65,4.71,14.70
671474,-0.78,3.12,1,14.36,13.52,8,14.68,190,0.32,0.32,864,0.00,1.00,0,0.5000,16.50,127,0,0.00,13,7.55,4.62,4.71,14.50
671577,-0.78,3.12,1,14.36,13.52,8,14.68,190,0.32,0.32,871,0.00,1.00,0,0.5000,16.00,127,0,0.00,13,7.55,4.68,4.71,14.40
671681,-1.56,3.12,1,14.36,13.52,8,14.68,190,0.32,0.32,862,0.00,1.00,0,0.5000,16.50,127,0,0.00,13,7.55,4.65,4.71,14.50
671785,-1.56,3.12,1,14.36,13.44,8,14.68,190,0.32,0.32,877,0.00,1.00,0,0.5000,16.00,127,0,0.00,13,7.40,4.62,4.71,14.60
671889,-1.56,3.12,1,14.36,13.44,8,14.68,190,0.31,0.32,868,0.00,1.00,0,0.5000,16.50,127,0,0.00,13,7.55,4.62,4.71,14.50
671993,-1.56,3.12,1,14.36,13.52,8,14.68,190,0.31,0.32,876,0.00,1.00,0,0.5000,16.50,127,0,0.00,13,7.40,4.62,4.71,14.50
672097,-1.56,3.12,1,14.36,13.52,8,14.68,190,0.31,0.32,867,0.00,1.00,0,0.5000,16.50,127,0,0.00,13,7.40,4.62,4.71,14.50
672201,-1.56,3.12,1,14.36,13.60,8,14.68,190,0.31,0.32,878,0.00,1.00,0,0.5000,16.50,127,0,0.00,13,7.40,4.56,4.71,14.40
672305,-1.56,3.12,1,14.36,13.44,8,14.68,190,0.31,0.32,856,0.00,1.00,0,0.5000,17.00,127,0,0.00,13,7.40,4.59,4.71,14.50
672409,-1.56,3.12,1,14.36,13.44,8,14.68,190,0.31,0.32,858,0.00,1.00,0,0.5000,17.00,127,0,0.00,13,7.40,4.59,4.71,14.50
672514,-2.34,3.12,1,14.36,13.52,8,14.68,190,0.32,0.32,850,0.00,1.00,0,0.5000,17.00,127,0,0.00,13,7.40,4.59,4.71,14.40
672617,-2.34,3.12,1,14.36,13.52,8,14.68,190,0.32,0.32,857,0.00,1.00,0,0.5000,17.00,127,0,0.00,13,7.40,4.56,4.71,14.50
672721,-2.34,3.12,1,14.36,13.52,8,14.68,190,0.32,0.32,849,0.00,1.00,0,0.5000,17.00,127,0,0.00,13,7.55,4.54,4.71,14.50
672825,-2.34,3.12,1,14.36,13.44,8,14.68,190,0.32,0.32,846,0.00,1.00,0,0.5000,17.00,127,0,0.00,13,7.55,4.54,4.71,14.50
672929,-2.34,3.12,1,14.36,13.44,8,14.68,190,0.32,0.32,842,0.00,1.00,0,0.5000,17.00,127,0,0.00,13,7.55,4.51,4.71,14.40
673034,-2.34,3.12,1,14.36,13.36,8,14.69,190,0.32,0.33,835,0.00,1.00,0,0.5000,17.00,127,0,0.00,13,7.55,4.54,4.71,14.50
673137,-2.34,3.12,1,14.36,13.44,8,14.69,190,0.32,0.33,822,0.00,1.00,0,0.5000,18.00,127,0,0.00,13,7.55,4.51,4.71,14.60
673242,-2.34,3.12,1,14.36,13.44,8,14.69,190,0.32,0.33,826,0.00,1.00,0,0.5000,17.50,127,0,0.00,13,7.55,4.51,4.71,14.60
673345,-2.34,3.12,1,14.36,13.52,8,14.69,190,0.32,0.33,820,0.00,1.00,0,0.5000,17.50,127,0,0.00,13,7.55,4.51,4.71,14.50
673450,-2.34,3.12,1,14.36,13.44,8,14.69,190,0.32,0.33,822,0.00,1.00,0,0.5000,17.50,127,0,0.00,13,7.69,4.48,4.71,14.50
673554,-1.56,3.12,1,14.36,13.44,8,14.69,190,0.32,0.32,830,0.00,1.00,0,0.5000,17.00,127,0,0.00,13,7.69,4.45,4.71,14.70
673658,-1.56,3.12,1,14.36,13.52,8,14.69,190,0.32,0.33,820,0.00,1.00,0,0.5000,17.50,127,0,0.00,13,7.69,4.45,4.71,14.70
673762,-1.56,3.12,1,14.36,13.44,8,14.69,190,0.32,0.32,830,0.00,1.00,0,0.5000,17.00,127,0,0.00,13,7.69,4.45,4.71,14.70
673865,-1.56,3.12,1,14.36,13.52,8,14.69,190,0.32,0.32,824,0.00,1.00,0,0.5000,17.00,127,0,0.00,13,7.69,4.45,4.71,14.70
673969,-1.56,3.12,1,14.36,13.52,8,14.69,190,0.32,0.32,831,0.00,1.00,0,0.5000,17.00,127,0,0.00,13,7.69,4.48,4.71,14.80
674074,-1.56,3.12,1,14.36,13.52,8,14.69,190,0.32,0.32,817,0.00,1.00,0,0.5000,17.00,127,0,0.00,13,7.69,4.48,4.71,14.70
674178,-1.56,3.12,1,14.36,13.52,8,14.69,190,0.32,0.33,820,0.00,1.00,0,0.5000,17.00,127,0,0.00,13,7.69,4.48,4.71,14.80
674282,-1.56,3.12,1,14.36,13.44,8,14.69,190,0.32,0.33,819,0.00,1.00,0,0.5000,17.00,127,0,0.00,13,7.69,4.51,4.71,14.70
674385,-1.56,3.12,1,14.36,13.60,8,14.69,190,0.32,0.33,808,0.00,1.00,0,0.5000,17.50,127,0,0.00,13,7.69,4.51,4.71,14.80
674490,-1.56,3.12,1,14.36,13.52,8,14.69,190,0.33,0.33,818,0.00,1.00,0,0.5000,17.00,127,0,0.00,13,7.69,4.51,4.71,14.80
674593,-1.56,3.12,1,14.36,13.44,8,14.69,190,0.33,0.33,808,0.00,1.00,0,0.5000,17.50,127,0,0.00,13,7.69,4.51,4.71,14.80
674698,-0.78,3.12,1,14.36,13.52,8,14.69,190,0.32,0.33,824,0.00,1.00,0,0.5000,10.00,127,0,0.00,13,7.69,4.48,4.71,14.90
674802,-0.78,3.12,1,14.36,13.52,8,14.68,190,0.31,0.30,861,0.00,1.00,0,0.5000,10.00,127,0,0.00,13,7.55,4.23,3.92,14.80
674906,-0.78,3.12,1,14.36,13.60,8,14.67,190,0.30,0.28,890,0.00,1.00,0,0.5000,10.00,127,0,0.00,13,7.25,4.07,3.92,14.80
675010,-0.78,3.12,1,14.36,13.52,8,14.67,190,0.29,0.27,908,0.00,1.00,0,0.5000,10.00,127,0,0.00,13,6.96,4.02,3.92,14.80
675113,-1.56,3.12,1,14.36,13.44,8,14.66,190,0.27,0.26,933,0.00,1.00,0,0.5000,12.00,127,0,0.00,13,6.67,4.02,3.92,14.90
675219,-1.56,3.12,1,14.36,13.52,8,14.66,190,0.27,0.26,934,0.00,1.00,0,0.5000,12.00,127,0,0.00,13,6.53,4.02,3.92,14.80
675322,-2.34,3.12,1,14.36,13.52,8,14.66,190,0.26,0.25,954,0.00,1.00,0,0.5000,12.00,127,0,0.00,13,6.38,4.04,3.92,15.30
675426,-3.12,3.12,1,14.36,13.60,8,14.66,190,0.26,0.25,954,0.00,1.00,0,0.5000,12.00,127,0,0.00,13,6.24,4.02,3.92,14.40
675529,-3.12,3.12,1,14.36,13.52,8,14.66,190,0.25,0.26,932,0.00,1.00,0,0.5000,13.50,127,0,0.00,13,6.24,4.02,3.92,14.40
675634,-3.91,3.12,1,14.36,13.52,8,14.66,190,0.25,0.25,942,0.00,1.00,0,0.5000,13.50,127,0,0.00,13,6.09,3.91,3.92,14.30
675737,-3.91,3.12,1,14.36,13.52,8,14.66,190,0.25,0.25,922,0.00,1.00,0,0.5000,15.50,127,0,0.00,13,6.09,3.80,3.53,14.10
675841,-4.69,3.12,1,14.36,13.52,8,14.67,190,0.25,0.24,915,0.00,1.00,0,0.5000,16.50,127,0,0.00,13,5.95,3.75,3.53,14.00
675946,-4.69,3.12,1,14.36,13.60,8,14.67,190,0.24,0.24,926,0.00,1.00,0,0.5000,16.00,127,0,0.00,13,5.95,3.70,3.53,14.10
676050,-5.47,3.12,1,14.36,13.52,8,14.67,190,0.24,0.25,897,0.00,1.00,0,0.5000,17.00,127,0,0.00,13,5.95,3.68,3.53,14.10
676154,-6.25,3.12,1,14.36,13.52,8,14.67,190,0.24,0.24,902,0.00,1.00,0,0.5000,17.00,127,0,0.00,13,5.80,3.61,3.53,14.00
676258,-6.25,3.12,1,14.36,13.44,8,14.68,190,0.24,0.24,879,0.00,1.00,0,0.5000,17.00,127,0,0.00,13,5.80,3.56,3.53,14.10
676361,-7.03,3.12,1,14.36,13.52,8,14.68,190,0.24,0.25,859,0.00,1.00,0,0.5000,18.50,127,0,0.00,13,5.80,3.56,3.53,14.00
676466,-7.03,3.12,1,14.36,13.52,8,14.68,190,0.24,0.25,843,0.00,1.00,0,0.5000,19.50,127,0,0.00,13,5.80,3.46,3.14,14.00
676570,-7.81,3.12,1,14.36,13.52,8,14.69,190,0.24,0.25,822,0.00,1.00,0,0.5000,21.00,127,0,0.00,13,5.95,3.46,3.14,13.90
676674,-7.81,3.12,1,14.36,13.60,8,14.69,190,0.24,0.25,802,0.00,1.00,0,0.5000,22.00,127,0,0.00,13,5.95,3.44,3.14,13.90
676778,-7.81,3.12,1,14.36,13.52,8,14.69,190,0.24,0.26,800,0.00,1.00,0,0.5000,21.50,127,0,0.00,13,5.95,3.41,3.14,14.10
676882,-8.59,3.12,1,14.36,13.44,8,14.69,190,0.25,0.26,793,0.00,1.00,0,0.5000,21.50,127,0,0.00,13,6.09,3.37,3.14,13.90
676985,-8.59,3.12,1,14.36,13.44,8,14.69,190,0.25,0.26,765,0.00,1.00,0,0.5000,22.00,127,0,0.00,13,6.09,3.32,3.14,14.00
677090,-8.59,3.12,1,14.36,13.60,8,14.69,190,0.25,0.26,759,0.00,1.00,0,0.5000,22.00,127,0,0.00,13,6.09,3.28,3.14,14.00
677194,-8.59,3.12,1,14.36,13.44,8,14.69,190,0.25,0.26,750,0.00,1.00,0,0.5000,22.00,127,0,0.00,13,6.24,3.28,3.14,14.10
677297,-8.59,3.12,1,14.36,13.44,8,14.69,190,0.25,0.27,741,0.00,1.00,0,0.5000,22.00,127,0,0.00,13,6.24,3.26,3.14,14.10
677402,-9.38,3.12,1,14.36,13.44,8,14.69,190,0.25,0.26,737,0.00,1.00,0,0.5000,22.00,127,0,0.00,13,6.24,3.23,3.14,14.10
677506,-9.38,3.12,1,14.36,13.44,8,14.69,190,0.25,0.26,732,0.00,1.00,0,0.5000,22.00,127,0,0.00,13,6.38,3.23,3.14,14.10
677610,-8.59,3.12,1,14.36,13.52,8,14.69,190,0.25,0.26,727,0.00,1.00,0,0.5000,22.00,127,0,0.00,13,6.38,3.19,3.14,14.20
677714,-8.59,3.12,1,14.36,13.60,8,14.69,190,0.26,0.27,708,0.00,1.00,0,0.5000,22.00,127,0,0.00,13,6.53,3.17,3.14,14.30
677818,-8.59,3.12,1,14.36,13.44,8,14.69,190,0.26,0.27,698,0.00,1.00,0,0.5000,22.00,127,0,0.00,13,6.53,3.14,3.14,14.30
677922,-8.59,3.12,1,14.36,13.60,8,14.69,190,0.26,0.27,710,0.00,1.00,0,0.5000,22.00,127,0,0.00,13,6.53,3.14,3.14,14.40
678025,-8.59,3.12,1,14.36,13.44,8,14.69,190,0.26,0.27,696,0.00,1.00,0,0.5000,22.00,127,0,0.00,13,6.67,3.12,3.14,14.40
678130,-8.59,3.12,1,14.36,13.52,8,14.69,190,0.26,0.27,702,0.00,1.00,0,0.5000,22.00,127,0,0.00,13,6.67,3.17,3.14,14.40
678234,-8.59,3.12,1,14.36,13.44,8,14.69,190,0.26,0.27,700,0.00,1.00,0,0.5000,22.00,129,0,0.00,13,6.82,3.19,3.53,14.60
678338,-8.59,3.12,1,14.36,13.52,8,14.69,190,0.26,0.27,696,0.00,1.00,0,0.5000,22.00,129,0,0.00,13,6.82,3.19,3.14,14.50
678442,-7.81,3.12,1,14.36,13.44,8,14.69,190,0.26,0.27,705,0.00,1.00,0,0.5000,20.50,129,0,0.00,13,6.96,3.21,3.53,14.70
678546,-7.81,3.12,1,14.36,13.36,8,14.69,190,0.26,0.27,706,0.00,1.00,0,0.5000,20.00,129,0,0.00,13,6.96,3.19,3.53,14.80
678650,-7.03,3.12,1,14.36,13.60,8,14.69,190,0.26,0.27,693,0.00,1.00,0,0.5000,20.50,129,0,0.00,13,6.96,3.19,3.53,14.80
678754,-7.03,3.12,1,14.36,13.44,8,14.69,190,0.26,0.27,703,0.00,1.00,0,0.5000,19.50,129,0,0.00,13,7.11,3.21,3.53,15.20
678858,-6.25,3.12,1,14.36,13.60,8,14.69,190,0.27,0.28,703,0.00,1.00,0,0.5000,19.50,129,0,0.00,13,7.11,3.23,3.53,15.00
678962,-5.47,3.12,1,14.36,13.36,8,14.69,190,0.27,0.28,710,0.00,1.00,0,0.5000,18.00,129,0,0.00,13,7.11,3.28,3.53,15.10
679066,-4.69,3.12,1,14.36,13.52,8,14.69,190,0.27,0.27,719,0.00,1.00,0,0.5000,17.50,129,0,0.00,13,7.25,3.28,3.53,15.30
679170,-3.91,3.12,1,14.36,13.44,8,14.69,190,0.27,0.28,712,0.00,1.00,0,0.5000,17.50,129,0,0.00,13,7.25,3.28,3.53,15.50
679274,-3.12,3.12,1,14.36,13.52,8,14.69,190,0.27,0.28,712,0.00,1.00,0,0.5000,17.50,129,0,0.00,13,7.25,3.30,3.53,15.80
679378,-2.34,3.12,1,14.36,13.52,8,14.69,190,0.27,0.27,735,0.00,1.00,0,0.5000,17.00,129,0,0.00,13,7.25,3.32,3.53,15.70
679482,-1.56,3.12,1,14.36,13.44,8,14.69,190,0.27,0.27,746,0.00,1.00,0,0.5000,16.50,129,0,0.00,13,7.25,3.32,3.53,16.00
679587,-0.78,3.12,1,14.36,13.52,8,14.69,190,0.27,0.27,728,0.00,1.00,0,0.5000,17.00,129,0,0.00,13,7.25,3.32,3.53,16.00
679691,0.78,3.12,1,14.36,13.52,8,14.69,190,0.26,0.27,754,0.00,1.00,0,0.5000,16.50,129,0,0.00,13,7.11,3.35,3.92,16.30
679794,0.78,3.12,1,14.36,13.52,8,14.69,190,0.26,0.26,764,0.00,1.00,0,0.5000,16.00,129,0,0.00,13,7.11,3.37,3.53,16.20
679898,1.56,3.12,1,14.36,13.60,8,14.69,190,0.26,0.27,756,0.00,1.00,0,0.5000,17.00,129,0,0.00,13,7.11,3.37,3.92,16.30
680002,2.34,3.12,1,14.36,13.52,8,14.69,190,0.26,0.26,778,0.00,1.00,0,0.5000,15.50,129,0,0.00,13,7.11,3.41,3.92,16.30
680106,3.12,3.12,1,14.36,13.52,8,14.69,190,0.26,0.26,785,0.00,1.00,0,0.5000,15.00,129,0,0.00,13,7.11,3.46,3.92,16.20
680210,3.91,3.12,1,14.36,13.36,8,14.69,190,0.26,0.27,779,0.00,1.00,0,0.5000,16.00,129,0,0.00,13,6.96,3.46,3.92,16.30
680314,3.91,3.12,1,14.36,13.60,8,14.69,190,0.26,0.26,788,0.00,1.00,0,0.5000,15.50,129,0,0.00,13,6.96,3.46,3.92,16.20
680418,4.69,3.12,1,14.36,13.60,8,14.69,190,0.26,0.26,802,0.00,1.00,0,0.5000,14.50,129,0,0.00,13,6.96,3.51,3.92,16.10
680522,4.69,3.12,1,14.36,13.52,8,14.69,190,0.26,0.26,807,0.00,1.00,0,0.5000,14.50,129,0,0.00,13,6.96,3.51,3.92,16.00
680626,5.47,3.12,1,14.36,13.44,8,14.69,190,0.26,0.26,808,0.00,1.00,0,0.5000,14.50,129,0,0.00,13,6.82,3.53,3.92,15.90
680730,6.25,3.12,1,14.36,13.52,8,14.69,190,0.26,0.27,801,0.00,1.00,0,0.5000,15.50,129,0,0.00,13,6.82,3.56,3.92,15.80
680834,6.25,3.12,1,14.36,13.60,8,14.69,190,0.26,0.26,828,0.00,1.00,0,0.5000,13.50,129,0,0.00,13,6.82,3.56,3.92,15.90
680938,6.25,3.12,1,14.36,13.52,8,14.69,190,0.25,0.26,824,0.00,1.00,0,0.5000,14.00,129,0,0.00,13,6.82,3.56,3.92,15.90
681043,6.25,3.12,1,14.36,13.52,8,14.69,190,0.25,0.26,824,0.00,1.00,0,0.5000,14.50,129,0,0.00,13,6.67,3.56,3.92,15.60
681146,6.25,3.12,1,14.36,13.36,8,14.69,190,0.25,0.25,838,0.00,1.00,0,0.5000,13.50,129,0,0.00,13,6.67,3.56,3.92,15.70
681250,6.25,3.12,1,14.36,13.44,8,14.68,190,0.25,0.26,838,0.00,1.00,0,0.5000,14.00,129,0,0.00,13,6.67,3.58,3.92,15.50
681354,6.25,3.12,1,14.36,13.44,8,14.68,190,0.25,0.25,850,0.00,1.00,0,0.5000,13.50,129,0,0.00,13,6.53,3.61,3.92,15.30
681458,6.25,3.12,1,14.36,13.52,8,14.68,190,0.25,0.26,840,0.00,1.00,0,0.5000,14.50,129,0,0.00,13,6.53,3.58,3.92,15.40
681562,6.25,3.12,1,14.36,13.60,8,14.68,190,0.25,0.25,862,0.00,1.00,0,0.5000,13.00,129,0,0.00,13,6.53,3.56,3.92,15.10
681666,6.25,3.12,1,14.36,13.44,8,14.68,190,0.25,0.25,838,0.00,1.00,0,0.5000,16.00,129,0,0.00,13,6.53,3.56,3.53,15.00
681770,5.47,3.12,1,14.36,13.44,8,14.68,190,0.24,0.25,854,0.00,1.00,0,0.5000,14.50,129,0,0.00,13,6.38,3.51,3.92,14.80
681874,5.47,3.12,1,14.36,13.52,8,14.68,190,0.24,0.25,842,0.00,1.00,0,0.5000,16.00,129,0,0.00,13,6.38,3.51,3.53,14.80
681978,5.47,3.12,1,14.36,13.52,8,14.68,190,0.24,0.25,850,0.00,1.00,0,0.5000,15.50,129,0,0.00,13,6.38,3.51,3.53,14.50
682082,4.69,3.12,1,14.36,13.60,8,14.68,190,0.24,0.25,838,0.00,1.00,0,0.5000,16.50,129,0,0.00,13,6.38,3.51,3.53,14.40
682186,4.69,3.12,1,14.36,13.52,8,14.68,190,0.24,0.25,843,0.00,1.00,0,0.5000,16.50,129,0,0.00,13,6.38,3.46,3.53,14.50
682290,3.91,3.12,1,14.36,13.52,8,14.69,190,0.24,0.25,833,0.00,1.00,0,0.5000,16.50,129,0,0.00,13,6.24,3.46,3.53,14.30
682394,3.91,3.12,1,14.36,13.52,8,14.68,190,0.24,0.25,830,0.00,1.00,0,0.5000,17.00,129,0,0.00,13,6.24,3.46,3.53,14.30
682498,3.91,3.12,1,14.36,13.28,8,14.69,190,0.24,0.25,828,0.00,1.00,0,0.5000,17.00,129,0,0.00,13,6.24,3.41,3.53,14.30
682603,3.12,3.12,1,14.36,13.28,8,14.69,190,0.26,0.27,820,0.00,1.00,0,0.5000,17.00,129,0,0.00,13,6.53,3.96,5.49,14.20
682708,3.12,3.12,1,14.36,13.44,8,14.69,190,0.28,0.32,801,0.00,0.87,0,0.5000,17.50,129,0,0.00,13,7.11,4.34,5.49,14.20
682812,2.34,3.12,1,14.36,13.44,8,14.69,190,0.29,0.34,792,0.00,0.90,0,0.5000,18.00,129,0,0.00,13,7.40,4.54,5.49,14.20
682916,3.12,3.12,1,14.36,13.52,8,14.69,190,0.31,0.34,824,0.00,1.00,0,0.5000,17.00,129,0,0.00,13,7.84,4.62,5.49,14.10
683021,3.12,3.12,1,14.36,13.36,8,14.69,190,0.32,0.34,811,0.00,0.99,0,0.5000,17.00,129,0,0.00,13,7.98,4.62,5.49,14.20
683125,3.91,3.12,1,14.36,13.52,8,14.69,190,0.33,0.35,793,0.00,0.99,0,0.5000,17.50,129,0,0.00,13,8.13,4.56,5.10,14.30
683229,4.69,3.12,1,14.36,13.44,8,14.69,190,0.33,0.34,798,0.00,0.99,0,0.5000,17.00,129,0,0.00,13,8.27,4.51,5.10,14.50
683333,5.47,3.12,1,14.36,13.60,8,14.69,190,0.33,0.34,794,0.00,0.99,0,0.5000,17.50,129,0,0.00,13,8.27,4.51,5.10,15.10
683437,6.25,3.12,1,14.36,13.52,8,14.69,190,0.33,0.34,818,0.00,0.99,0,0.5000,17.00,129,0,0.00,13,8.27,4.56,5.10,15.20
683541,7.03,3.12,1,14.36,13.36,8,14.69,190,0.33,0.33,828,0.00,0.99,0,0.5000,16.50,129,0,0.00,13,8.27,4.56,5.10,15.60
683645,7.81,3.12,1,14.36,13.52,8,14.68,190,0.33,0.33,840,0.00,1.00,0,0.5000,16.00,129,0,0.00,13,8.27,4.62,5.10,15.70
683749,7.81,3.12,1,14.36,13.52,8,14.68,190,0.32,0.32,870,0.00,1.00,0,0.5000,14.00,129,0,0.00,13,8.13,4.62,5.10,15.70
683853,7.81,3.12,1,14.36,13.52,8,14.67,190,0.32,0.32,882,0.00,1.00,0,0.5000,13.50,129,0,0.00,13,8.13,4.67,5.10,15.70
683958,7.81,3.12,1,14.36,13.52,8,14.67,190,0.32,0.31,908,0.00,1.00,0,0.5000,12.00,129,0,0.00,13,7.98,4.67,5.10,15.70
684061,7.81,3.12,1,14.36,13.44,8,14.67,190,0.31,0.31,914,0.00,1.00,0,0.5000,12.00,129,0,0.00,13,7.84,4.73,5.10,15.60
684165,7.03,3.12,1,14.36,13.44,8,14.66,190,0.31,0.31,924,0.00,1.00,0,0.5000,12.00,129,0,0.00,13,7.69,4.73,5.10,15.30
684269,7.03,3.12,1,14.36,13.36,8,14.66,190,0.31,0.31,938,0.00,1.00,0,0.5000,12.00,129,0,0.00,13,7.69,4.80,5.49,15.10
684373,7.03,3.12,1,14.36,13.52,8,14.66,190,0.31,0.31,932,0.00,1.00,0,0.5000,12.50,129,0,0.00,13,7.55,4.80,5.10,14.40
684477,6.25,3.12,1,14.36,13.44,8,14.66,190,0.31,0.31,933,0.00,1.00,0,0.5000,13.00,129,0,0.00,13,7.55,4.80,5.49,14.40
684581,6.25,3.12,1,14.36,13.44,8,14.66,190,0.31,0.31,938,0.00,1.00,0,0.5000,13.00,129,0,0.00,13,7.55,4.80,5.10,14.40
684686,5.47,3.12,1,14.36,13.36,8,14.66,190,0.31,0.31,938,0.00,1.00,0,0.5000,13.50,129,0,0.00,13,7.40,4.80,5.10,14.20
684789,5.47,3.12,1,14.36,13.52,8,14.66,190,0.30,0.31,943,0.00,1.00,0,0.5000,13.50,129,0,0.00,13,7.40,4.73,5.10,14.30
684893,5.47,3.12,1,14.36,13.60,8,14.66,190,0.30,0.31,935,0.00,1.00,0,0.5000,14.50,129,0,0.00,13,7.40,4.70,5.10,14.20
684998,4.69,3.12,1,14.36,13.60,8,14.66,190,0.30,0.30,934,0.00,1.00,0,0.5000,15.00,129,0,0.00,13,7.25,4.67,5.10,14.10
685103,4.69,3.12,1,14.36,13.44,8,14.66,190,0.30,0.30,935,0.00,1.00,0,0.5000,15.50,129,0,0.00,13,7.25,4.67,5.10,14.20
685207,3.91,3.12,1,14.36,13.44,8,14.66,190,0.30,0.30,933,0.00,1.00,0,0.5000,16.00,129,0,0.00,13,7.25,4.65,5.10,14.20
685311,3.91,3.12,1,14.36,13.52,8,14.66,190,0.30,0.30,930,0.00,1.00,0,0.5000,16.00,129,0,0.00,13,7.25,4.62,5.10,14.10
685415,3.12,3.12,1,14.36,13.60,8,14.67,190,0.30,0.30,937,0.00,1.00,0,0.5000,16.00,129,0,0.00,13,7.25,4.62,5.10,14.20
685519,3.12,3.12,1,14.36,13.44,8,14.66,190,0.29,0.30,924,0.00,1.00,0,0.5000,16.50,129,0,0.00,13,7.11,4.56,4.71,14.10
685622,2.34,3.12,1,14.36,13.52,8,14.67,190,0.28,0.26,928,0.00,1.00,0,0.5000,16.50,129,0,0.00,13,6.82,3.99,3.92,14.10
685727,2.34,3.12,1,14.36,13.52,8,14.67,190,0.27,0.27,908,0.00,1.00,0,0.5000,17.00,129,0,0.00,13,6.67,4.07,4.31,14.00
685831,1.56,3.12,1,14.36,13.44,8,14.68,190,0.28,0.28,889,0.00,1.00,0,0.5000,17.50,129,0,0.00,13,6.67,4.12,4.31,14.10
685935,1.56,3.12,1,14.36,13.52,8,14.68,190,0.28,0.29,858,0.00,1.00,0,0.5000,20.00,129,0,0.00,13,6.82,4.12,4.31,14.10
686039,0.78,3.12,1,14.36,13.20,8,14.68,190,0.28,0.29,850,0.00,1.00,0,0.5000,20.00,129,0,0.00,13,6.82,4.12,4.31,14.10
686143,0.00,3.12,1,14.36,13.60,8,14.69,190,0.28,0.30,827,0.00,1.00,0,0.5000,21.50,129,0,0.00,13,6.96,4.12,4.31,14.00
686247,-0.78,3.12,1,14.36,13.44,8,14.69,190,0.29,0.30,808,0.00,1.00,0,0.5000,22.00,129,0,0.00,13,6.96,4.10,4.31,14.00
686351,-0.78,3.12,1,14.36,13.52,8,14.69,190,0.29,0.31,778,0.00,1.00,0,0.5000,22.00,129,0,0.00,13,7.11,4.07,4.31,13.90
686455,-0.78,3.12,1,14.36,13.44,8,14.69,190,0.30,0.32,763,0.00,1.00,0,0.5000,22.00,129,0,0.00,13,7.11,4.04,4.31,13.90
686559,-0.78,3.12,1,14.36,13.52,8,14.69,190,0.30,0.32,752,0.00,1.00,0,0.5000,22.00,129,0,0.00,13,7.40,4.04,4.31,13.90
686663,-0.78,3.12,1,14.36,13.52,8,14.69,190,0.31,0.33,733,0.00,1.00,0,0.5000,22.00,129,0,0.00,13,7.40,4.04,4.31,13.90
686767,-0.78,3.12,1,14.36,13.44,8,14.69,190,0.32,0.34,726,0.00,1.00,0,0.5000,22.00,129,0,0.00,13,7.69,4.15,4.71,13.90
686871,-0.78,3.12,1,14.36,13.52,8,14.69,190,0.33,0.35,730,0.00,1.00,0,0.5000,22.00,129,0,0.00,13,7.84,4.23,4.71,14.00
686975,-0.78,3.12,1,14.36,13.44,8,14.69,190,0.33,0.35,724,0.00,1.00,0,0.5000,22.00,129,0,0.00,13,8.13,4.29,4.71,14.20
687079,-0.78,3.12,1,14.36,13.60,8,14.69,190,0.34,0.35,732,0.00,1.00,0,0.5000,22.00,129,0,0.00,13,8.27,4.31,4.71,14.30
687183,-0.78,3.12,1,14.36,13.36,8,14.69,190,0.34,0.35,746,0.00,1.00,0,0.5000,21.00,129,0,0.00,13,8.42,4.37,4.71,14.40
687287,0.00,3.12,1,14.36,13.44,8,14.69,190,0.34,0.34,766,0.00,1.00,0,0.5000,19.50,129,0,0.00,13,8.42,4.37,4.71,14.60
687391,0.78,3.12,1,14.36,13.52,8,14.69,190,0.34,0.34,780,0.00,1.00,0,0.5000,17.50,129,0,0.00,13,8.42,4.37,4.71,14.30
687495,0.78,3.12,1,14.36,13.44,8,14.69,190,0.33,0.33,790,0.00,1.00,0,0.5000,17.00,129,0,0.00,13,8.27,4.40,4.71,15.00
687599,1.56,3.12,1,14.36,13.52,8,14.69,190,0.33,0.32,820,0.00,1.00,0,0.5000,16.50,129,0,0.00,13,8.27,4.40,4.71,15.20
687703,2.34,3.12,1,14.36,13.44,8,14.68,190,0.32,0.32,826,0.00,1.00,0,0.5000,16.50,129,0,0.00,13,8.13,4.40,4.71,15.30
687807,2.34,3.12,1,14.36,13.44,8,14.68,190,0.32,0.31,849,0.00,1.00,0,0.5000,15.00,129,0,0.00,13,7.98,4.42,4.71,15.40
687911,3.12,3.12,1,14.36,13.36,8,14.68,190,0.32,0.31,851,0.00,1.00,0,0.5000,15.00,129,0,0.00,13,7.84,4.45,4.71,15.40
688015,3.12,3.12,1,14.36,13.52,8,14.68,190,0.31,0.32,859,0.00,1.00,0,0.5000,14.50,129,0,0.00,13,7.84,4.51,4.71,15.50
688119,3.12,3.12,1,14.36,13.52,8,14.68,190,0.31,0.32,852,0.00,1.00,0,0.5000,16.00,129,0,0.00,13,7.84,4.54,4.71,15.40
688223,3.12,3.12,1,14.36,13.44,8,14.68,190,0.31,0.32,868,0.00,1.00,0,0.5000,14.50,129,0,0.00,13,7.69,4.56,4.71,15.20
688327,3.12,3.12,1,14.36,13.52,8,14.68,190,0.31,0.32,861,0.00,1.00,0,0.5000,15.50,129,0,0.00,13,7.69,4.59,4.71,15.20
688431,2.34,3.12,1,14.36,13.44,8,14.68,190,0.31,0.32,864,0.00,1.00,0,0.5000,15.50,129,0,0.00,13,7.69,4.59,4.71,15.10
688535,2.34,3.12,1,14.36,13.44,8,14.68,190,0.32,0.32,856,0.00,1.00,0,0.5000,16.50,129,0,0.00,13,7.69,4.62,4.71,14.90
688639,2.34,3.12,1,14.36,13.60,8,14.68,190,0.32,0.32,864,0.00,1.00,0,0.5000,16.00,129,0,0.00,13,7.69,4.62,4.71,14.80
688743,2.34,3.12,1,14.36,13.52,8,14.68,190,0.32,0.32,866,0.00,1.00,0,0.5000,16.00,129,0,0.00,13,7.69,4.62,4.71,14.80
688847,2.34,3.12,1,14.36,13.52,8,14.68,190,0.31,0.32,873,0.00,1.00,0,0.5000,16.00,129,0,0.00,13,7.55,4.62,4.71,14.90
688951,2.34,3.12,1,14.36,13.44,8,14.68,190,0.31,0.32,866,0.00,1.00,0,0.5000,16.50,129,0,0.00,13,7.55,4.62,4.71,14.80
689055,2.34,3.12,1,14.36,13.52,8,14.68,190,0.31,0.32,878,0.00,1.00,0,0.5000,16.00,129,0,0.00,13,7.55,4.62,4.71,14.50
689159,2.34,3.12,1,14.36,13.52,8,14.67,190,0.31,0.32,873,0.00,1.00,0,0.5000,16.00,129,0,0.00,13,7.55,4.62,4.71,14.50
689263,1.56,3.12,1,14.36,13.52,8,14.68,190,0.31,0.32,878,0.00,1.00,0,0.5000,16.00,129,0,0.00,13,7.55,4.62,4.71,14.60
689367,1.56,3.12,1,14.36,13.52,8,14.68,190,0.31,0.32,871,0.00,1.00,0,0.5000,16.50,129,0,0.00,13,7.55,4.62,4.71,14.40
689471,1.56,3.12,1,14.36,13.36,8,14.68,190,0.31,0.31,884,0.00,1.00,0,0.5000,16.00,129,0,0.00,13,7.55,4.59,4.71,14.40
689575,0.78,3.12,1,14.36,13.44,8,14.67,190,0.31,0.31,874,0.00,1.00,0,0.5000,16.50,129,0,0.00,13,7.40,4.56,4.71,14.30
689679,0.78,3.12,1,14.36,13.44,8,14.68,190,0.31,0.31,877,0.00,1.00,0,0.5000,16.50,129,0,0.00,13,7.40,4.56,4.71,14.30
689783,0.78,3.12,1,14.36,13.52,8,14.67,190,0.31,0.31,871,0.00,1.00,0,0.5000,16.50,129,0,0.00,13,7.40,4.56,4.71,14.40
689887,0.78,3.12,1,14.36,13.52,8,14.68,190,0.31,0.31,881,0.00,1.00,0,0.5000,16.50,129,0,0.00,13,7.40,4.56,4.71,14.40
689991,0.00,3.12,1,14.36,13.52,8,14.68,190,0.31,0.31,874,0.00,1.00,0,0.5000,16.50,129,0,0.00,13,7.40,4.56,4.71,14.30
690095,0.00,3.12,1,14.36,13.44,8,14.68,190,0.31,0.31,883,0.00,1.00,0,0.5000,16.50,129,0,0.00,13,7.40,4.51,4.71,14.30
690199,0.00,3.12,1,14.36,13.44,8,14.68,190,0.31,0.31,873,0.00,1.00,0,0.5000,17.00,129,0,0.00,13,7.40,4.51,4.71,14.20
690303,0.00,3.12,1,14.36,13.52,8,14.68,190,0.31,0.31,869,0.00,1.00,0,0.5000,17.00,129,0,0.00,13,7.40,4.51,4.71,14.20
690407,-0.78,3.12,1,14.36,13.52,8,14.68,190,0.31,0.32,856,0.00,1.00,0,0.5000,17.00,129,0,0.00,13,7.40,4.51,4.71,14.30
690512,-0.78,3.12,1,14.36,13.52,8,14.68,190,0.31,0.32,855,0.00,1.00,0,0.5000,17.00,129,0,0.00,13,7.40,4.51,4.71,14.30
690615,-0.78,3.12,1,14.36,13.44,8,14.68,190,0.31,0.32,849,0.00,1.00,0,0.5000,17.00,129,0,0.00,13,7.40,4.51,4.71,14.30
690720,-0.78,3.12,1,14.36,13.44,8,14.68,190,0.31,0.32,849,0.00,1.00,0,0.5000,17.00,129,0,0.00,13,7.55,4.51,4.71,14.40
690824,-0.78,3.12,1,14.36,13.44,8,14.68,190,0.31,0.32,837,0.00,1.00,0,0.5000,17.50,129,0,0.00,13,7.55,4.45,4.71,14.40
690927,-0.78,3.12,1,14.36,13.44,8,14.69,190,0.31,0.32,841,0.00,1.00,0,0.5000,17.00,129,0,0.00,13,7.55,4.45,4.71,14.40
691031,-0.78,3.12,1,14.36,13.52,8,14.69,190,0.31,0.32,823,0.00,1.00,0,0.5000,18.50,129,0,0.00,13,7.55,4.42,4.71,14.40
691136,-0.78,3.12,1,14.36,13.52,8,14.69,190,0.31,0.32,834,0.00,1.00,0,0.5000,17.00,129,0,0.00,13,7.55,4.40,4.71,14.50
691239,-0.78,3.12,1,14.36,13.52,8,14.69,190,0.31,0.32,815,0.00,1.00,0,0.5000,18.50,129,0,0.00,13,7.55,4.40,4.71,14.60
691344,-0.78,3.12,1,14.36,13.44,8,14.69,190,0.32,0.32,817,0.00,1.00,0,0.5000,18.00,129,0,0.00,13,7.55,4.40,4.71,14.60
691447,-0.78,3.12,1,14.36,13.44,8,14.69,190,0.32,0.32,825,0.00,1.00,0,0.5000,17.50,129,0,0.00,13,7.55,4.42,4.71,14.60
691551,-0.78,3.12,1,14.36,13.36,8,14.69,190,0.32,0.33,819,0.00,1.00,0,0.5000,17.50,129,0,0.00,13,7.69,4.42,4.71,14.60
691656,-0.78,3.12,1,14.36,13.44,8,14.69,190,0.32,0.32,818,0.00,1.00,0,0.5000,17.50,129,0,0.00,13,7.69,4.40,4.71,14.60
691759,-0.78,3.12,1,14.36,13.52,8,14.69,190,0.32,0.33,812,0.00,1.00,0,0.5000,18.00,129,0,0.00,13,7.69,4.42,4.71,14.60
691863,0.00,3.12,1,14.36,13.44,8,14.69,190,0.32,0.33,822,0.00,1.00,0,0.5000,17.00,129,0,0.00,13,7.69,4.42,4.71,14.50
691968,0.00,3.12,1,14.36,13.44,8,14.69,190,0.32,0.33,818,0.00,1.00,0,0.5000,17.00,129,0,0.00,13,7.69,4.45,4.71,14.70
692072,0.00,3.12,1,14.36,13.52,8,14.69,190,0.32,0.33,818,0.00,1.00,0,0.5000,17.00,129,0,0.00,13,7.69,4.45,4.71,14.90
692175,0.00,3.12,1,14.36,13.44,8,14.69,190,0.32,0.32,824,0.00,1.00,0,0.5000,17.00,129,0,0.00,13,7.69,4.45,4.71,14.90
692280,0.00,3.12,1,14.36,13.44,8,14.69,190,0.32,0.32,817,0.00,1.00,0,0.5000,17.00,129,0,0.00,13,7.69,4.42,4.71,14.90
692385,0.00,3.12,1,14.36,13.44,8,14.69,190,0.32,0.32,820,0.00,1.00,0,0.5000,17.00,129,0,0.00,13,7.69,4.42,4.71,14.80
692488,0.00,3.12,1,14.36,13.52,8,14.69,190,0.32,0.32,816,0.00,1.00,0,0.5000,17.00,129,0,0.00,13,7.69,4.45,4.71,14.80
692592,0.00,3.12,1,14.36,13.52,8,14.69,190,0.32,0.33,814,0.00,1.00,0,0.5000,17.00,129,0,0.00,13,7.69,4.42,4.71,14.80
692696,0.00,3.12,1,14.36,13.44,8,14.69,190,0.32,0.32,819,0.00,1.00,0,0.5000,17.00,129,0,0.00,13,7.69,4.42,4.71,14.80
692800,0.00,3.12,1,14.36,13.44,8,14.69,190,0.32,0.33,812,0.00,1.00,0,0.5000,17.00,129,0,0.00,13,7.69,4.45,4.71,14.80
692904,0.00,3.12,1,14.36,13.44,8,14.69,190,0.32,0.33,819,0.00,1.00,0,0.5000,17.00,129,0,0.00,13,7.69,4.45,4.71,14.80
693008,0.78,3.12,1,14.36,13.52,8,14.69,190,0.32,0.33,814,0.00,1.00,0,0.5000,17.00,129,0,0.00,13,7.69,4.48,4.71,14.80
693112,0.78,3.12,1,14.36,13.52,8,14.69,190,0.32,0.33,826,0.00,1.00,0,0.5000,17.00,129,0,0.00,13,7.69,4.45,4.71,14.80
693216,0.00,3.12,1,14.36,13.52,8,14.69,190,0.32,0.32,830,0.00,1.00,0,0.5000,17.00,129,0,0.00,13,7.69,4.51,4.71,14.80
693320,0.00,3.12,1,14.36,13.52,8,14.69,190,0.32,0.33,814,0.00,1.00,0,0.5000,17.00,129,0,0.00,13,7.69,4.51,4.71,14.80
693424,0.00,3.12,1,14.36,13.44,8,14.69,190,0.32,0.33,829,0.00,1.00,0,0.5000,17.00,129,0,0.00,13,7.69,4.51,4.71,14.80
693528,0.00,3.12,1,14.36,13.44,8,14.68,190,0.32,0.33,828,0.00,1.00,0,0.5000,17.00,129,0,0.00,13,7.69,4.51,4.71,14.70
693632,0.00,3.12,1,14.36,13.52,8,14.69,190,0.32,0.32,841,0.00,1.00,0,0.5000,16.50,129,0,0.00,13,7.69,4.51,4.71,14.70
693736,0.00,3.12,1,14.36,13.52,8,14.68,190,0.32,0.33,832,0.00,1.00,0,0.5000,17.00,129,0,0.00,13,7.69,4.51,4.71,14.80
693840,0.00,3.12,1,14.36,13.60,8,14.68,190,0.32,0.32,844,0.00,1.00,0,0.5000,16.50,129,0,0.00,13,7.69,4.51,4.71,14.80
693944,0.00,3.12,1,14.36,13.44,8,14.68,190,0.32,0.32,842,0.00,1.00,0,0.5000,16.50,129,0,0.00,13,7.69,4.51,4.71,14.70
694047,0.00,3.12,1,14.36,13.52,8,14.68,190,0.32,0.32,847,0.00,1.00,0,0.5000,16.50,129,0,0.00,13,7.55,4.51,4.71,14.80
694152,0.00,3.12,1,14.36,13.44,8,14.68,190,0.32,0.32,842,0.00,1.00,0,0.5000,16.50,129,0,0.00,13,7.55,4.51,4.71,14.70
694256,0.00,3.12,1,14.36,13.52,8,14.68,190,0.32,0.32,833,0.00,1.00,0,0.5000,17.00,129,0,0.00,13,7.55,4.51,4.71,14.70
694360,0.00,3.12,1,14.36,13.52,8,14.69,190,0.32,0.32,844,0.00,1.00,0,0.5000,16.50,129,0,0.00,13,7.55,4.51,4.71,14.60
694464,0.00,3.12,1,14.36,13.44,8,14.68,190,0.32,0.32,835,0.00,1.00,0,0.5000,17.00,129,0,0.00,13,7.55,4.51,4.71,14.50
694567,0.00,3.12,1,14.36,13.44,8,14.69,190,0.32,0.32,840,0.00,1.00,0,0.5000,16.50,129,0,0.00,13,7.55,4.51,4.71,14.50
694672,0.00,3.12,1,14.36,13.36,8,14.68,190,0.32,0.32,834,0.00,1.00,0,0.5000,17.00,129,0,0.00,13,7.55,4.51,4.71,14.50
694776,0.00,3.12,1,14.36,13.52,8,14.68,190,0.32,0.32,842,0.00,1.00,0,0.5000,16.50,129,0,0.00,13,7.55,4.51,4.71,14.60
694880,-0.78,3.12,1,14.36,13.52,8,14.68,190,0.32,0.32,839,0.00,1.00,0,0.5000,17.00,129,0,0.00,13,7.55,4.51,4.71,14.60
694984,-0.78,3.12,1,14.36,13.60,8,14.68,190,0.32,0.32,850,0.00,1.00,0,0.5000,16.50,129,0,0.00,13,7.55,4.51,4.71,14.50
695088,-0.78,3.12,1,14.36,13.52,8,14.68,190,0.32,0.32,841,0.00,1.00,0,0.5000,17.00,129,0,0.00,13,7.55,4.51,4.71,14.50
695191,-0.78,3.12,1,14.36,13.52,8,14.68,190,0.32,0.32,851,0.00,1.00,0,0.5000,16.50,129,0,0.00,13,7.55,4.51,4.71,14.50
695296,-0.78,3.12,1,14.36,13.52,8,14.68,190,0.32,0.32,841,0.00,1.00,0,0.5000,17.00,129,0,0.00,13,7.55,4.51,4.71,14.50
695400,-0.78,3.12,1,14.36,13.44,8,14.68,190,0.32,0.32,838,0.00,1.00,0,0.5000,17.00,129,0,0.00,13,7.55,4.48,4.71,14.60
695504,-0.78,3.12,1,14.36,13.52,8,14.69,190,0.32,0.32,844,0.00,1.00,0,0.5000,17.00,129,0,0.00,13,7.55,4.51,4.71,14.60
695608,-0.78,3.12,1,14.36,13.44,8,14.68,190,0.32,0.33,827,0.00,1.00,0,0.5000,17.00,129,0,0.00,13,7.55,4.51,4.71,14.60
695712,-0.78,3.12,1,14.36,13.44,8,14.69,190,0.32,0.33,828,0.00,1.00,0,0.5000,17.00,129,0,0.00,13,7.55,4.51,4.71,14.50
695816,-0.78,3.12,1,14.36,13.36,8,14.69,190,0.32,0.32,822,0.00,1.00,0,0.5000,17.00,129,0,0.00,13,7.69,4.45,4.71,14.60
695920,-0.78,3.12,1,14.36,13.52,8,14.69,190,0.32,0.33,828,0.00,1.00,0,0.5000,17.00,129,0,0.00,13,7.69,4.51,4.71,14.50
696024,-0.78,3.12,1,14.36,13.60,8,14.69,190,0.32,0.33,819,0.00,1.00,0,0.5000,17.00,129,0,0.00,13,7.69,4.51,4.71,14.60
696128,-0.78,3.12,1,14.36,13.36,8,14.69,190,0.32,0.33,826,0.00,1.00,0,0.5000,17.00,129,0,0.00,13,7.69,4.51,4.71,14.60
696232,-0.78,3.12,1,14.36,13.52,8,14.69,190,0.32,0.33,824,0.00,1.00,0,0.5000,17.00,129,0,0.00,13,7.69,4.51,4.71,14.60
696336,-0.78,3.12,1,14.36,13.44,8,14.69,190,0.32,0.33,816,0.00,1.00,0,0.5000,17.00,129,0,0.00,13,7.69,4.51,4.71,14.60
696440,-0.78,3.12,1,14.36,13.52,8,14.69,190,0.33,0.33,816,0.00,1.00,0,0.5000,17.00,129,0,0.00,13,7.69,4.51,4.71,14.60
696544,-0.78,3.12,1,14.36,13.60,8,14.69,190,0.33,0.34,807,0.00,1.00,0,0.5000,17.50,129,0,0.00,13,7.69,4.51,4.71,14.70
696648,-0.78,3.12,1,14.36,13.52,8,14.69,190,0.33,0.33,822,0.00,1.00,0,0.5000,17.00,129,0,0.00,13,7.69,4.51,4.71,14.60
696752,-0.78,3.12,1,14.36,13.52,8,14.69,190,0.33,0.33,812,0.00,1.00,0,0.5000,17.00,129,0,0.00,13,7.84,4.51,4.71,14.70
696856,-0.78,3.12,1,14.36,13.44,8,14.69,190,0.33,0.33,814,0.00,1.00,0,0.5000,17.00,129,0,0.00,13,7.84,4.51,4.71,14.70
696960,-0.78,3.12,1,14.36,13.44,8,14.69,190,0.32,0.33,825,0.00,1.00,0,0.5000,17.00,129,0,0.00,13,7.69,4.48,4.71,15.00
697064,-0.78,3.12,1,14.36,13.44,8,14.69,190,0.32,0.33,820,0.00,1.00,0,0.5000,17.00,129,0,0.00,13,7.69,4.51,4.71,14.80
697168,-0.78,3.12,1,14.36,13.52,8,14.69,190,0.32,0.33,828,0.00,1.00,0,0.5000,17.00,129,0,0.00,13,7.69,4.51,4.71,15.00
697272,-0.78,3.12,1,14.36,13.52,8,14.68,190,0.32,0.33,826,0.00,1.00,0,0.5000,17.00,129,0,0.00,13,7.69,4.51,4.71,14.80
697376,-0.78,3.12,1,14.36,13.44,8,14.69,190,0.32,0.33,838,0.00,1.00,0,0.5000,16.50,129,0,0.00,13,7.69,4.51,4.71,14.80
697480,-0.78,3.12,1,14.36,13.52,8,14.68,190,0.32,0.32,836,0.00,1.00,0,0.5000,16.50,129,0,0.00,13,7.69,4.51,4.71,14.80
697584,-0.78,3.12,1,14.36,13.52,8,14.68,190,0.32,0.32,835,0.00,1.00,0,0.5000,16.50,131,0,0.00,13,7.69,4.51,4.71,14.80
697688,-0.78,3.12,1,14.36,13.52,8,14.68,190,0.32,0.32,847,0.00,1.00,0,0.5000,16.50,131,0,0.00,13,7.69,4.54,4.71,14.80
697792,-0.78,3.12,1,14.36,13.44,8,14.68,190,0.32,0.32,844,0.00,1.00,0,0.5000,16.50,131,0,0.00,13,7.69,4.54,4.71,14.80
697896,-0.78,3.12,1,14.36,13.44,8,14.68,190,0.32,0.32,851,0.00,1.00,0,0.5000,16.50,131,0,0.00,13,7.55,4.54,4.71,14.70
698000,-0.78,3.12,1,14.36,13.44,8,14.68,190,0.32,0.32,843,0.00,1.00,0,0.5000,16.50,131,0,0.00,13,7.55,4.54,4.71,14.80
698104,-0.78,3.12,1,14.36,13.44,8,14.69,190,0.32,0.32,850,0.00,1.00,0,0.5000,16.50,131,0,0.00,13,7.55,4.54,4.71,14.90
698208,-0.78,3.12,1,14.36,13.52,8,14.68,190,0.32,0.33,831,0.00,1.00,0,0.5000,17.00,131,0,0.00,13,7.55,4.54,4.71,14.60
698313,-0.78,3.12,1,14.36,13.52,8,14.68,190,0.32,0.32,844,0.00,1.00,0,0.5000,16.50,131,0,0.00,13,7.55,4.54,4.71,14.60
698416,-0.78,3.12,1,14.36,13.44,8,14.68,190,0.32,0.33,834,0.00,1.00,0,0.5000,17.00,131,0,0.00,13,7.55,4.54,4.71,14.60
698520,-0.78,3.12,1,14.36,13.52,8,14.69,190,0.32,0.33,838,0.00,1.00,0,0.5000,17.00,131,0,0.00,13,7.69,4.56,4.71,14.60
698624,-0.78,3.12,1,14.36,13.52,8,14.68,190,0.32,0.33,826,0.00,1.00,0,0.5000,17.00,131,0,0.00,13,7.69,4.56,4.71,14.50
698728,-0.78,3.12,1,14.36,13.60,8,14.69,190,0.32,0.33,823,0.00,1.00,0,0.5000,17.00,131,0,0.00,13,7.69,4.51,4.71,14.60
698833,-0.78,3.12,1,14.36,13.52,8,14.69,190,0.32,0.32,836,0.00,1.00,0,0.5000,17.00,131,0,0.00,13,7.69,4.51,4.71,14.50
698936,-0.78,3.12,1,14.36,13.44,8,14.69,190,0.32,0.33,824,0.00,1.00,0,0.5000,17.00,131,0,0.00,13,7.69,4.51,4.71,14.60
699040,-0.78,3.12,1,14.36,13.44,8,14.69,190,0.32,0.33,832,0.00,1.00,0,0.5000,17.00,131,0,0.00,13,7.69,4.51,4.71,14.70
699144,-0.78,3.12,1,14.36,13.36,8,14.69,190,0.32,0.33,827,0.00,1.00,0,0.5000,17.00,131,0,0.00,13,7.69,4.54,4.71,14.70
699248,-0.78,3.12,1,14.36,13.52,8,14.69,190,0.32,0.32,839,0.00,1.00,0,0.5000,17.00,131,0,0.00,13,7.69,4.53,4.71,14.70
699351,-0.78,3.12,1,14.36,13.52,8,14.69,190,0.32,0.33,820,0.00,1.00,0,0.5000,17.00,131,0,0.00,13,7.69,4.53,4.71,14.70
699456,-0.78,3.12,1,14.36,13.52,8,14.69,190,0.32,0.33,830,0.00,1.00,0,0.5000,17.00,131,0,0.00,13,7.69,4.53,4.71,14.70
699560,-0.78,3.12,1,14.36,13.44,8,14.69,190,0.32,0.32,838,0.00,1.00,0,0.5000,17.00,131,0,0.00,13,7.69,4.53,4.71,14.60
699664,-0.78,3.12,1,14.36,13.44,8,14.68,190,0.32,0.33,829,0.00,1.00,0,0.5000,17.00,131,0,0.00,13,7.69,4.53,4.71,14.80
699768,-0.78,3.12,1,14.36,13.44,8,14.69,190,0.32,0.33,830,0.00,1.00,0,0.5000,17.00,131,0,0.00,13,7.69,4.51,4.71,14.60
699872,-0.78,3.12,1,14.36,13.44,8,14.69,190,0.32,0.33,821,0.00,1.00,0,0.5000,17.00,131,0,0.00,13,7.69,4.51,4.71,14.60
699977,-0.78,3.12,1,14.36,13.44,8,14.69,190,0.32,0.33,831,0.00,1.00,0,0.5000,17.00,131,0,0.00,13,7.69,4.51,4.71,14.70
700081,-0.78,3.12,1,14.36,13.44,8,14.69,190,0.32,0.33,824,0.00,1.00,0,0.5000,17.00,131,0,0.00,13,7.69,4.51,4.71,14.70
700184,-0.78,3.12,1,14.36,13.52,8,14.69,190,0.32,0.33,835,0.00,1.00,0,0.5000,17.00,131,0,0.00,13,7.69,4.53,4.71,14.70
700288,-0.78,3.12,1,14.36,13.52,8,14.69,190,0.32,0.32,830,0.00,1.00,0,0.5000,17.00,131,0,0.00,13,7.69,4.53,4.71,14.70
700392,-0.78,3.12,1,14.36,13.60,8,14.69,190,0.32,0.33,825,0.00,1.00,0,0.5000,17.00,131,0,0.00,13,7.69,4.51,4.71,14.80
700496,-0.78,3.12,1,14.36,13.52,8,14.69,190,0.32,0.33,835,0.00,1.00,0,0.5000,17.00,131,0,0.00,13,7.69,4.53,4.71,14.70
700600,-0.78,3.12,1,14.36,13.44,8,14.68,190,0.32,0.33,828,0.00,1.00,0,0.5000,17.00,131,0,0.00,13,7.69,4.51,4.71,14.80
700704,-0.78,3.12,1,14.36,13.44,8,14.69,190,0.32,0.32,840,0.00,1.00,0,0.5000,16.50,131,0,0.00,13,7.69,4.53,4.71,14.80
700808,-0.78,3.12,1,14.36,13.44,8,14.68,190,0.32,0.32,837,0.00,1.00,0,0.5000,17.00,131,0,0.00,13,7.69,4.53,4.71,14.80
700912,-0.78,3.12,1,14.36,13.36,8,14.69,190,0.32,0.32,842,0.00,1.00,0,0.5000,16.50,131,0,0.00,13,7.69,4.51,4.71,14.70
701016,-0.78,3.12,1,14.36,13.52,8,14.68,190,0.32,0.33,832,0.00,1.00,0,0.5000,17.00,131,0,0.00,13,7.69,4.51,4.71,14.70
701120,-0.78,3.12,1,14.36,13.52,8,14.69,190,0.32,0.33,835,0.00,1.00,0,0.5000,17.00,131,0,0.00,13,7.69,4.53,4.71,14.70
701224,-0.78,3.12,1,14.36,13.44,8,14.68,190,0.32,0.32,832,0.00,1.00,0,0.5000,17.00,131,0,0.00,13,7.69,4.51,4.71,14.70
701328,-0.78,3.12,1,14.36,13.44,8,14.68,190,0.32,0.32,839,0.00,1.00,0,0.5000,17.00,131,0,0.00,13,7.69,4.51,4.71,14.60
701432,-0.78,3.12,1,14.36,13.52,8,14.69,190,0.32,0.32,836,0.00,1.00,0,0.5000,17.00,131,0,0.00,13,7.69,4.51,4.71,14.70
701536,-0.78,3.12,1,14.36,13.52,8,14.69,190,0.32,0.33,822,0.00,1.00,0,0.5000,17.00,131,0,0.00,13,7.69,4.51,4.71,14.60
701640,-0.78,3.12,1,14.36,13.52,8,14.69,190,0.32,0.33,825,0.00,1.00,0,0.5000,17.00,131,0,0.00,13,7.69,4.53,4.71,14.60
701746,-0.78,3.12,1,14.36,13.36,8,14.69,190,0.32,0.33,812,0.00,1.00,0,0.5000,17.00,131,0,0.00,13,7.69,4.53,4.71,14.60
701860,-0.78,3.12,1,14.36,13.44,8,14.69,190,0.32,0.33,824,0.00,1.00,0,0.5000,17.00,131,0,0.00,13,7.69,4.51,4.71,14.80
701953,-0.78,3.12,1,14.36,13.60,8,14.69,190,0.32,0.33,819,0.00,1.00,0,0.5000,17.00,131,0,0.00,13,7.69,4.53,4.71,14.70
702056,-0.78,3.12,1,14.36,13.52,8,14.69,190,0.32,0.33,829,0.00,1.00,0,0.5000,17.00,131,0,0.00,13,7.69,4.51,4.71,14.80
702160,-0.78,3.12,1,14.36,13.52,8,14.69,190,0.32,0.33,833,0.00,1.00,0,0.5000,17.00,131,0,0.00,13,7.69,4.53,4.71,14.70
702264,-0.78,3.12,1,14.36,13.36,8,14.69,190,0.32,0.33,825,0.00,1.00,0,0.5000,17.00,131,0,0.00,13,7.69,4.51,4.71,14.70
702367,-0.78,3.12,1,14.36,13.52,8,14.69,190,0.32,0.33,832,0.00,1.00,0,0.5000,17.00,131,0,0.00,13,7.69,4.53,4.71,14.70
702472,-0.78,3.12,1,14.36,13.36,8,14.68,190,0.32,0.33,825,0.00,1.00,0,0.5000,17.00,131,0,0.00,13,7.69,4.53,4.71,14.70
702576,-0.78,3.12,1,14.36,13.52,8,14.68,190,0.32,0.32,840,0.00,1.00,0,0.5000,16.50,131,0,0.00,13,7.69,4.53,4.71,14.80
702668,-0.78,3.12,1,14.36,13.52,8,14.68,190,0.32,0.33,834,0.00,1.00,0,0.5000,17.00,131,0,0.00,13,7.69,4.53,4.71,14.70
702779,-0.78,3.12,1,14.36,13.44,8,14.68,190,0.32,0.32,848,0.00,1.00,0,0.5000,16.50,131,0,0.00,13,7.69,4.51,4.71,14.70
702888,-0.78,3.12,1,14.36,13.52,8,14.68,190,0.32,0.32,835,0.00,1.00,0,0.5000,17.00,131,0,0.00,13,7.69,4.51,4.71,14.70
702983,-0.78,3.12,1,14.36,13.44,8,14.68,190,0.32,0.33,843,0.00,1.00,0,0.5000,16.50,131,0,0.00,13,7.69,4.51,4.71,14.70
703095,-0.78,3.12,1,14.36,13.52,8,14.69,190,0.32,0.32,840,0.00,1.00,0,0.5000,16.50,131,0,0.00,13,7.69,4.53,4.71,14.60
703192,-0.78,3.12,1,14.36,13.52,8,14.68,190,0.32,0.33,834,0.00,1.00,0,0.5000,17.00,131,0,0.00,13,7.55,4.53,4.71,14.50
703301,-0.78,3.12,1,14.36,13.44,8,14.69,190,0.32,0.33,836,0.00,1.00,0,0.5000,17.00,131,0,0.00,13,7.69,4.53,4.71,14.60
703397,-0.78,3.12,1,14.36,13.52,8,14.68,190,0.32,0.33,827,0.00,1.00,0,0.5000,17.00,131,0,0.00,13,7.69,4.53,4.71,14.60
703509,-0.78,3.12,1,14.36,13.36,8,14.69,190,0.32,0.32,836,0.00,1.00,0,0.5000,17.00,131,0,0.00,13,7.69,4.53,4.71,14.50
703604,-0.78,3.12,1,14.36,13.52,8,14.69,190,0.32,0.33,825,0.00,1.00,0,0.5000,17.00,131,0,0.00,13,7.69,4.51,4.71,14.60
703721,-0.78,3.12,1,14.36,13.60,8,14.69,190,0.32,0.32,838,0.00,1.00,0,0.5000,17.00,131,0,0.00,13,7.69,4.51,4.71,14.70
703821,-0.78,3.12,1,14.36,13.52,8,14.68,190,0.32,0.32,830,0.00,1.00,0,0.5000,17.00,131,0,0.00,13,7.69,4.51,4.71,14.50
703924,-0.78,3.12,1,14.36,13.52,8,14.68,190,0.32,0.33,842,0.00,1.00,0,0.5000,16.50,131,0,0.00,13,7.69,4.51,4.71,14.70
704022,-0.78,3.12,1,14.36,13.36,8,14.68,190,0.32,0.32,846,0.00,1.00,0,0.5000,16.50,131,0,0.00,13,7.69,4.51,4.71,14.60
704132,-0.78,3.12,1,14.36,13.52,8,14.68,190,0.32,0.32,834,0.00,1.00,0,0.5000,17.00,131,0,0.00,13,7.69,4.51,4.71,14.70
704228,-1.56,3.12,1,14.36,13.52,8,14.69,190,0.32,0.32,840,0.00,1.00,0,0.5000,17.00,131,0,0.00,13,7.69,4.51,4.71,14.70
704340,-1.56,3.12,1,14.36,13.52,8,14.68,190,0.32,0.32,838,0.00,1.00,0,0.5000,17.00,131,0,0.00,13,7.55,4.51,4.71,14.60
704436,-1.56,3.12,1,14.36,13.44,8,14.69,190,0.32,0.32,839,0.00,1.00,0,0.5000,17.00,131,0,0.00,13,7.55,4.51,4.71,14.50
704548,-1.56,3.12,1,14.36,13.36,8,14.68,190,0.32,0.33,828,0.00,1.00,0,0.5000,17.00,131,0,0.00,13,7.69,4.51,4.71,14.60
704644,-1.56,3.12,1,14.36,13.44,8,14.69,190,0.32,0.32,834,0.00,1.00,0,0.5000,17.00,131,0,0.00,13,7.69,4.51,4.71,14.70
704756,-0.78,3.12,1,14.36,13.52,8,14.68,190,0.32,0.32,826,0.00,1.00,0,0.5000,17.00,131,0,0.00,13,7.69,4.51,4.71,14.70
704853,-0.78,3.12,1,14.36,13.60,8,14.69,190,0.32,0.33,833,0.00,1.00,0,0.5000,17.00,131,0,0.00,13,7.69,4.51,4.71,14.60
704965,-0.78,3.12,1,14.36,13.52,8,14.69,190,0.32,0.33,828,0.00,1.00,0,0.5000,17.00,131,0,0.00,13,7.69,4.51,4.71,14.70
705061,-0.78,3.12,1,14.36,13.44,8,14.69,190,0.32,0.33,824,0.00,1.00,0,0.5000,17.00,131,0,0.00,13,7.69,4.51,4.71,14.70
705171,-0.78,3.12,1,14.36,13.44,8,14.69,190,0.32,0.32,834,0.00,1.00,0,0.5000,17.00,131,0,0.00,13,7.69,4.51,4.71,14.70
705267,-0.78,3.12,1,14.36,13.44,8,14.69,190,0.32,0.33,820,0.00,1.00,0,0.5000,17.00,131,0,0.00,13,7.69,4.51,4.71,14.70
705379,-0.78,3.12,1,14.36,13.52,8,14.69,190,0.32,0.32,833,0.00,1.00,0,0.5000,17.00,131,0,0.00,13,7.69,4.51,4.71,14.70
705475,-0.78,3.12,1,14.36,13.44,8,14.68,190,0.32,0.33,826,0.00,1.00,0,0.5000,17.00,131,0,0.00,13,7.69,4.51,4.71,14.70
705586,-0.78,3.12,1,14.36,13.52,8,14.69,190,0.32,0.33,842,0.00,1.00,0,0.5000,16.50,131,0,0.00,13,7.69,4.51,4.71,14.80
705697,-0.78,3.12,1,14.36,13.52,8,14.68,190,0.32,0.32,828,0.00,1.00,0,0.5000,17.00,131,0,0.00,13,7.69,4.51,4.71,14.90
705793,-0.78,3.12,1,14.36,13.52,8,14.68,190,0.32,0.33,826,0.00,1.00,0,0.5000,17.00,131,0,0.00,13,7.69,4.51,4.71,14.80
705904,-0.78,3.12,1,14.36,13.52,8,14.69,190,0.32,0.32,839,0.00,1.00,0,0.5000,17.00,131,0,0.00,13,7.69,4.51,4.71,14.70
705999,-0.78,3.12,1,14.36,13.52,8,14.69,190,0.32,0.33,824,0.00,1.00,0,0.5000,17.00,131,0,0.00,13,7.69,4.51,4.71,14.80
706111,-0.78,3.12,1,14.36,13.44,8,14.69,190,0.32,0.32,835,0.00,1.00,0,0.5000,17.00,131,0,0.00,13,7.69,4.53,4.71,14.70
706206,-0.78,3.12,1,14.36,13.36,8,14.68,190,0.32,0.33,830,0.00,1.00,0,0.5000,17.00,131,0,0.00,13,7.69,4.51,4.71,14.70
706317,-0.78,3.12,1,14.36,13.44,8,14.69,190,0.32,0.32,838,0.00,1.00,0,0.5000,17.00,131,0,0.00,13,7.69,4.51,4.71,14.70
706413,-0.78,3.12,1,14.36,13.52,8,14.68,190,0.32,0.32,835,0.00,1.00,0,0.5000,17.00,131,0,0.00,13,7.69,4.51,4.71,14.80
706529,-0.78,3.12,1,14.36,13.52,8,14.69,190,0.32,0.33,832,0.00,1.00,0,0.5000,17.00,131,0,0.00,13,7.69,4.53,4.71,14.70
706626,-0.78,3.12,1,14.36,13.52,8,14.69,190,0.32,0.32,823,0.00,1.00,0,0.5000,17.00,131,0,0.00,13,7.69,4.53,4.71,14.70
706728,-0.78,3.12,1,14.36,13.44,8,14.69,190,0.32,0.33,823,0.00,1.00,0,0.5000,17.00,131,0,0.00,13,7.69,4.51,4.71,14.70
706838,-0.78,3.12,1,14.36,13.44,8,14.69,190,0.32,0.32,833,0.00,1.00,0,0.5000,17.00,131,0,0.00,13,7.69,4.51,4.71,14.70
706940,-0.78,3.12,1,14.36,13.44,8,14.69,190,0.32,0.33,822,0.00,1.00,0,0.5000,17.00,131,0,0.00,13,7.69,4.51,4.71,14.80
707042,-0.78,3.12,1,14.36,13.44,8,14.69,190,0.32,0.33,827,0.00,1.00,0,0.5000,17.00,131,0,0.00,13,7.69,4.51,4.71,14.70
707153,-0.78,3.12,1,14.36,13.52,8,14.69,190,0.32,0.33,820,0.00,1.00,0,0.5000,17.00,131,0,0.00,13,7.69,4.51,4.71,14.80
707248,-0.78,3.12,1,14.36,13.52,8,14.69,190,0.32,0.32,835,0.00,1.00,0,0.5000,17.00,131,0,0.00,13,7.69,4.51,4.71,14.70
707359,-0.78,3.12,1,14.36,13.44,8,14.68,190,0.32,0.32,828,0.00,1.00,0,0.5000,17.00,131,0,0.00,13,7.69,4.51,4.71,14.70
707465,-0.78,3.12,1,14.36,13.52,8,14.68,190,0.32,0.33,836,0.00,1.00,0,0.5000,17.00,131,0,0.00,13,7.69,4.51,4.71,14.70
707565,-0.78,3.12,1,14.36,13.44,8,14.69,190,0.32,0.33,832,0.00,1.00,0,0.5000,17.00,131,0,0.00,13,7.69,4.51,4.71,14.70
707660,-0.78,3.12,1,14.36,13.44,8,14.68,190,0.32,0.33,829,0.00,1.00,0,0.5000,17.00,131,0,0.00,13,7.69,4.51,4.71,14.70
707771,-0.78,3.12,1,14.36,13.36,8,14.69,190,0.32,0.32,838,0.00,1.00,0,0.5000,16.50,131,0,0.00,13,7.69,4.51,4.71,14.70
707874,-0.78,3.12,1,14.36,13.52,8,14.69,190,0.32,0.33,826,0.00,1.00,0,0.5000,17.00,131,0,0.00,13,7.69,4.51,4.71,14.70
707978,-0.78,3.12,1,14.36,13.36,8,14.69,190,0.32,0.33,827,0.00,1.00,0,0.5000,17.00,131,0,0.00,13,7.69,4.51,4.71,14.70
708090,-0.78,3.12,1,14.36,13.52,8,14.69,190,0.32,0.33,821,0.00,1.00,0,0.5000,17.00,131,0,0.00,13,7.69,4.51,4.71,14.70
708193,-0.78,3.12,1,14.36,13.60,8,14.69,190,0.32,0.33,828,0.00,1.00,0,0.5000,17.00,131,0,0.00,13,7.69,4.51,4.71,14.70
708297,-0.78,3.12,1,14.36,13.52,8,14.69,190,0.32,0.33,821,0.00,1.00,0,0.5000,17.00,131,0,0.00,13,7.69,4.51,4.71,14.80
708401,-0.78,3.12,1,14.36,13.44,8,14.69,190,0.32,0.33,814,0.00,1.00,0,0.5000,17.00,131,0,0.00,13,7.69,4.51,4.71,14.90
708505,-0.78,3.12,1,14.36,13.44,8,14.69,190,0.32,0.33,829,0.00,1.00,0,0.5000,17.00,131,0,0.00,13,7.69,4.51,4.71,14.70
708609,-0.78,3.12,1,14.36,13.44,8,14.69,190,0.33,0.33,814,0.00,1.00,0,0.5000,17.00,131,0,0.00,13,7.69,4.51,4.71,14.70
708713,-0.78,3.12,1,14.36,13.44,8,14.69,190,0.33,0.33,823,0.00,1.00,0,0.5000,17.00,131,0,0.00,13,7.69,4.51,4.71,14.80
708817,0.00,3.12,1,14.36,13.60,8,14.69,190,0.33,0.33,814,0.00,1.00,0,0.5000,17.00,131,0,0.00,13,7.69,4.51,4.71,14.70
708922,0.00,3.12,1,14.36,13.52,8,14.69,190,0.33,0.33,825,0.00,1.00,0,0.5000,17.00,131,0,0.00,13,7.69,4.51,4.71,14.80
709026,0.00,3.12,1,14.36,13.44,8,14.69,190,0.33,0.33,817,0.00,1.00,0,0.5000,17.00,131,0,0.00,13,7.69,4.51,4.71,14.80
709130,0.00,3.12,1,14.36,13.44,8,14.69,190,0.33,0.33,816,0.00,1.00,0,0.5000,17.00,131,0,0.00,13,7.84,4.51,4.71,14.70
709233,0.00,3.12,1,14.36,13.36,8,14.69,190,0.32,0.33,828,0.00,1.00,0,0.5000,17.00,131,0,0.00,13,7.69,4.51,4.71,14.80
709337,0.00,3.12,1,14.36,13.52,8,14.69,190,0.32,0.33,825,0.00,1.00,0,0.5000,17.00,131,0,0.00,13,7.69,4.51,4.71,14.80
709442,0.00,3.12,1,14.36,13.52,8,14.69,190,0.32,0.32,836,0.00,1.00,0,0.5000,16.50,131,0,0.00,13,7.69,4.51,4.71,14.90
709546,0.00,3.12,1,14.36,13.52,8,14.68,190,0.32,0.32,836,0.00,1.00,0,0.5000,16.50,131,0,0.00,13,7.69,4.53,4.71,14.70
709650,0.00,3.12,1,14.36,13.44,8,14.68,190,0.32,0.32,847,0.00,1.00,0,0.5000,16.50,131,0,0.00,13,7.69,4.53,4.71,14.80
709753,0.00,3.12,1,14.36,13.52,8,14.68,190,0.32,0.32,844,0.00,1.00,0,0.5000,16.50,131,0,0.00,13,7.69,4.53,4.71,14.80
709858,0.00,3.12,1,14.36,13.60,8,14.68,190,0.32,0.32,844,0.00,1.00,0,0.5000,16.50,131,0,0.00,13,7.55,4.56,4.71,14.70
709962,0.00,3.12,1,14.36,13.52,8,14.68,190,0.32,0.32,853,0.00,1.00,0,0.5000,16.50,131,0,0.00,13,7.55,4.53,4.71,14.70
710066,0.00,3.12,1,14.36,13.52,8,14.67,190,0.30,0.29,906,0.00,1.07,0,0.5000,10.00,131,0,0.00,13,7.25,4.15,3.92,14.70
710170,-0.78,3.12,1,14.36,13.52,8,14.66,190,0.29,0.26,916,0.00,1.07,0,0.5000,10.00,131,0,0.00,13,6.96,3.96,3.92,14.70
710274,-0.78,3.12,1,14.36,13.52,8,14.66,190,0.27,0.25,935,0.00,1.00,0,0.5000,10.00,131,0,0.00,13,6.67,3.91,3.92,14.70
710378,-0.78,3.12,1,14.36,13.52,8,14.66,190,0.26,0.26,928,0.00,1.00,0,0.5000,12.50,131,0,0.00,13,6.53,3.96,3.92,14.50
710481,-1.56,3.12,1,14.36,13.52,8,14.66,190,0.26,0.25,938,0.00,1.00,0,0.5000,12.00,131,0,0.00,13,6.38,3.99,3.92,14.50
710585,-2.34,3.12,1,14.36,13.52,8,14.67,190,0.26,0.26,939,0.00,1.00,0,0.5000,12.50,131,0,0.00,13,6.24,3.96,3.92,14.40
710690,-3.12,3.12,1,14.36,13.44,8,14.67,190,0.25,0.26,916,0.00,1.00,0,0.5000,15.00,131,0,0.00,13,6.24,3.96,3.92,14.20
710794,-3.12,3.12,1,14.36,13.44,8,14.67,190,0.25,0.26,916,0.00,1.00,0,0.5000,15.50,131,0,0.00,13,6.24,3.93,3.92,14.20
710898,-3.91,3.12,1,14.36,13.52,8,14.67,190,0.25,0.26,916,0.00,1.00,0,0.5000,16.00,131,0,0.00,13,6.09,3.85,3.92,14.10
711002,-3.91,3.12,1,14.36,13.44,8,14.67,190,0.25,0.25,913,0.00,1.00,0,0.5000,16.00,131,0,0.00,13,6.09,3.78,3.53,14.00
711106,-4.69,3.12,1,14.36,13.60,8,14.67,190,0.25,0.25,891,0.00,1.00,0,0.5000,17.00,131,0,0.00,13,5.95,3.70,3.53,14.10
711210,-4.69,3.12,1,14.36,13.44,8,14.67,190,0.25,0.25,884,0.00,1.00,0,0.5000,17.00,131,0,0.00,13,5.95,3.70,3.53,14.00
711314,-5.47,3.12,1,14.36,13.52,8,14.68,190,0.24,0.25,877,0.00,1.00,0,0.5000,17.00,131,0,0.00,13,5.95,3.65,3.53,14.00
711418,-5.47,3.12,1,14.36,13.52,8,14.68,190,0.24,0.25,866,0.00,1.00,0,0.5000,17.50,131,0,0.00,13,5.95,3.60,3.53,14.10
711522,-6.25,3.12,1,14.36,13.60,8,14.68,190,0.24,0.25,868,0.00,1.00,0,0.5000,17.00,131,0,0.00,13,5.95,3.58,3.53,14.00
711625,-6.25,3.12,1,14.36,13.52,8,14.68,190,0.24,0.25,849,0.00,1.00,0,0.5000,18.50,131,0,0.00,13,5.95,3.56,3.53,14.00
711730,-7.03,3.12,1,14.36,13.44,8,14.68,190,0.24,0.25,843,0.00,1.00,0,0.5000,19.00,131,0,0.00,13,5.95,3.51,3.53,13.90
711833,-7.03,3.12,1,14.36,13.44,8,14.69,190,0.24,0.25,837,0.00,1.00,0,0.5000,19.00,131,0,0.00,13,5.95,3.43,3.14,14.00
711938,-7.81,3.12,1,14.36,13.52,8,14.69,190,0.24,0.25,810,0.00,1.00,0,0.5000,21.00,131,0,0.00,13,5.95,3.41,3.14,14.00
712042,-7.81,3.12,1,14.36,13.52,8,14.69,190,0.24,0.25,811,0.00,1.00,0,0.5000,20.50,131,0,0.00,13,6.09,3.41,3.14,14.00
712146,-7.81,3.12,1,14.36,13.52,8,14.69,190,0.24,0.26,786,0.00,1.00,0,0.5000,21.50,131,0,0.00,13,6.09,3.37,3.14,13.90
712250,-8.59,3.12,1,14.36,13.52,8,14.69,190,0.25,0.26,776,0.00,1.00,0,0.5000,22.00,131,0,0.00,13,6.09,3.37,3.14,14.10
712353,-8.59,3.12,1,14.36,13.44,8,14.69,190,0.25,0.26,764,0.00,1.00,0,0.5000,22.00,131,0,0.00,13,6.24,3.32,3.14,14.10
712458,-8.59,3.12,1,14.36,13.52,8,14.69,190,0.25,0.26,754,0.00,1.00,0,0.5000,22.00,131,0,0.00,13,6.24,3.28,3.14,14.10
712562,-8.59,3.12,1,14.36,13.60,8,14.69,190,0.25,0.26,753,0.00,1.00,0,0.5000,22.00,131,0,0.00,13,6.24,3.23,3.14,14.00
712666,-8.59,3.12,1,14.36,13.44,8,14.69,190,0.25,0.26,739,0.00,1.00,0,0.5000,22.00,131,0,0.00,13,6.24,3.23,3.14,14.10
712770,-8.59,3.12,1,14.36,13.52,8,14.69,190,0.25,0.26,739,0.00,1.00,0,0.5000,22.00,131,0,0.00,13,6.38,3.19,3.14,14.10
712874,-8.59,3.12,1,14.36,13.28,8,14.69,190,0.25,0.27,711,0.00,1.00,0,0.5000,22.00,131,0,0.00,13,6.38,3.19,3.14,14.30
712978,-7.81,3.12,1,14.36,13.52,8,14.69,190,0.26,0.27,708,0.00,1.00,0,0.5000,22.00,131,0,0.00,13,6.53,3.19,3.14,14.30
713081,-7.81,3.12,1,14.36,13.44,8,14.69,190,0.26,0.27,703,0.00,1.00,0,0.5000,22.00,131,0,0.00,13,6.53,3.14,3.14,14.40
713186,-7.81,3.12,1,14.36,13.44,8,14.69,190,0.26,0.27,709,0.00,1.00,0,0.5000,22.00,131,0,0.00,13,6.67,3.14,3.14,14.40
713290,-7.81,3.12,1,14.36,13.60,8,14.69,190,0.26,0.26,707,0.00,1.00,0,0.5000,22.00,131,0,0.00,13,6.67,3.19,3.14,14.50
713394,-7.81,3.12,1,14.36,13.36,8,14.69,190,0.26,0.27,702,0.00,1.00,0,0.5000,22.00,131,0,0.00,13,6.82,3.19,3.14,14.60
713498,-7.81,3.12,1,14.36,13.52,8,14.69,190,0.26,0.27,702,0.00,1.00,0,0.5000,21.50,131,0,0.00,13,6.82,3.19,3.53,14.50
713602,-7.03,3.12,1,14.36,13.52,8,14.69,190,0.26,0.27,712,0.00,1.00,0,0.5000,20.50,131,0,0.00,13,6.82,3.21,3.53,14.90
713706,-7.03,3.12,1,14.36,13.52,8,14.69,190,0.26,0.27,708,0.00,1.00,0,0.5000,21.00,131,0,0.00,13,6.96,3.23,3.53,14.80
713810,-7.03,3.12,1,14.36,13.44,8,14.69,190,0.26,0.27,712,0.00,1.00,0,0.5000,19.50,133,0,0.00,13,6.96,3.23,3.53,14.90
713914,-6.25,3.12,1,14.36,13.44,8,14.69,190,0.26,0.27,710,0.00,1.00,0,0.5000,19.50,133,0,0.00,13,6.96,3.23,3.53,15.00
714018,-5.47,3.12,1,14.36,13.36,8,14.69,190,0.26,0.27,714,0.00,1.00,0,0.5000,19.00,133,0,0.00,13,6.96,3.23,3.53,15.00
714122,-5.47,3.12,1,14.36,13.44,8,14.69,190,0.27,0.27,705,0.00,1.00,0,0.5000,19.50,133,0,0.00,13,7.11,3.28,3.53,15.40
714226,-4.69,3.12,1,14.36,13.52,8,14.69,190,0.27,0.28,698,0.00,1.00,0,0.5000,19.50,133,0,0.00,13,7.11,3.30,3.92,15.30
714331,-3.91,3.12,1,14.36,13.52,8,14.69,190,0.27,0.28,703,0.00,1.00,0,0.5000,19.00,133,0,0.00,13,7.25,3.34,3.92,15.50
714434,-3.12,3.12,1,14.36,13.52,8,14.69,190,0.27,0.29,722,0.00,1.00,0,0.5000,17.00,133,0,0.00,13,7.25,3.34,3.92,15.80
714538,-2.34,3.12,1,14.36,13.44,8,14.69,190,0.27,0.28,713,0.00,1.00,0,0.5000,17.50,133,0,0.00,13,7.40,3.37,3.92,15.60
714642,-0.78,3.12,1,14.36,13.44,8,14.69,190,0.27,0.28,723,0.00,1.00,0,0.5000,17.00,133,0,0.00,13,7.40,3.39,3.92,15.90
714746,0.00,3.12,1,14.36,13.52,8,14.69,190,0.27,0.28,731,0.00,1.00,0,0.5000,17.00,133,0,0.00,13,7.40,3.41,3.92,16.10
714850,0.78,3.12,1,14.36,13.60,8,14.69,190,0.27,0.27,761,0.00,1.00,0,0.5000,16.00,133,0,0.00,13,7.25,3.41,3.92,16.10
714954,1.56,3.12,1,14.36,13.60,8,14.69,190,0.27,0.26,775,0.00,1.00,0,0.5000,15.00,133,0,0.00,13,7.25,3.41,3.92,16.20
715059,1.56,3.12,1,14.36,13.44,8,14.69,190,0.26,0.27,769,0.00,1.00,0,0.5000,16.00,133,0,0.00,13,7.11,3.41,3.92,16.30
715162,2.34,3.12,1,14.36,13.52,8,14.69,190,0.26,0.26,791,0.00,1.00,0,0.5000,14.00,133,0,0.00,13,7.11,3.43,3.92,16.10
715266,3.12,3.12,1,14.36,13.52,8,14.69,190,0.26,0.26,789,0.00,1.00,0,0.5000,15.00,133,0,0.00,13,7.11,3.46,3.92,16.20
715370,3.91,3.12,1,14.36,13.52,8,14.69,190,0.26,0.26,794,0.00,1.00,0,0.5000,15.00,133,0,0.00,13,6.96,3.46,3.92,16.10
715474,4.69,3.12,1,14.36,13.52,8,14.69,190,0.26,0.26,818,0.00,1.00,0,0.5000,13.00,133,0,0.00,13,6.96,3.51,3.92,16.10
715578,4.69,3.12,1,14.36,13.44,8,14.69,190,0.26,0.26,809,0.00,1.00,0,0.5000,14.50,133,0,0.00,13,6.82,3.56,3.92,16.10
715682,5.47,3.12,1,14.36,13.44,8,14.69,190,0.26,0.26,821,0.00,1.00,0,0.5000,13.50,133,0,0.00,13,6.82,3.56,3.92,16.00
715786,6.25,3.12,1,14.36,13.52,8,14.69,190,0.26,0.26,809,0.00,1.00,0,0.5000,15.50,133,0,0.00,13,6.82,3.56,3.92,16.00
715890,6.25,3.12,1,14.36,13.52,8,14.69,190,0.26,0.27,809,0.00,1.00,0,0.5000,15.50,133,0,0.00,13,6.82,3.60,3.92,15.90
715994,6.25,3.12,1,14.36,13.52,8,14.69,190,0.26,0.26,830,0.00,1.00,0,0.5000,13.50,133,0,0.00,13,6.82,3.60,3.92,15.80
716098,7.03,3.12,1,14.36,13.36,8,14.68,190,0.26,0.26,827,0.00,1.00,0,0.5000,14.50,133,0,0.00,13,6.82,3.60,3.92,15.70
716203,7.03,3.12,1,14.36,13.52,8,14.69,190,0.25,0.26,837,0.00,1.00,0,0.5000,14.00,133,0,0.00,13,6.82,3.60,3.92,15.80
716306,7.03,3.12,1,14.36,13.36,8,14.68,190,0.25,0.26,833,0.00,1.00,0,0.5000,14.50,133,0,0.00,13,6.67,3.60,3.92,15.50
716410,7.03,3.12,1,14.36,13.52,8,14.68,190,0.25,0.26,843,0.00,1.00,0,0.5000,14.00,133,0,0.00,13,6.67,3.60,3.92,15.40
716514,7.03,3.12,1,14.36,13.52,8,14.68,190,0.25,0.26,842,0.00,1.00,0,0.5000,14.50,133,0,0.00,13,6.67,3.60,3.92,15.40
716618,7.03,3.12,1,14.36,13.52,8,14.68,190,0.25,0.25,849,0.00,1.00,0,0.5000,14.50,133,0,0.00,13,6.53,3.60,3.92,15.10
716723,6.25,3.12,1,14.36,13.52,8,14.68,190,0.25,0.25,852,0.00,1.00,0,0.5000,14.50,133,0,0.00,13,6.53,3.60,3.92,15.10
716826,6.25,3.12,1,14.36,13.52,8,14.68,190,0.25,0.25,862,0.00,1.00,0,0.5000,14.00,133,0,0.00,13,6.53,3.56,3.92,14.80
716930,6.25,3.12,1,14.36,13.52,8,14.68,190,0.25,0.25,852,0.00,1.00,0,0.5000,15.50,133,0,0.00,13,6.38,3.56,3.92,14.70
717034,5.47,3.12,1,14.36,13.60,8,14.68,190,0.24,0.25,863,0.00,1.00,0,0.5000,14.50,133,0,0.00,13,6.38,3.51,3.53,15.10
