Time (msec),A/F Correction #1 (%),A/F Learning #1 (%),A/F Learning Airflow Range (Current)* (offset),Atmospheric Pressure (psi),Battery Voltage (V),CL/OL Fueling* (status),Closed Loop Fueling Target (4-byte)* (estimated AFR),Coolant Temperature (F),Engine Load (4-Byte)* (g/rev),Engine Load (Calculated) (g/rev),Engine Speed (rpm),Feedback Knock Correction (4-byte)* (degrees),Final Fueling Base (4-byte)* (lambda),Gear (Calculated)* (position),IAM (4-byte)* (multiplier),Ignition Total Timing (degrees),Intake Air Temperature (F),Intake VVT Advance Angle Right (degrees),Knock Correction Advance (degrees),Knock Sum* (count),Manifold Absolute Pressure (psi),Mass Airflow (g/s),Throttle Opening Angle (%),AEM UEGO Wideband [9600 baud] (AFR Gasoline)
0,0.78,6.25,1,14.36,13.44,8,14.68,190,0.30,0.30,854,0.00,1.00,0,0.5000,16.50,162,0,0.00,2,7.55,4.21,4.71,14.60
104,0.78,6.25,1,14.36,13.60,8,14.68,190,0.30,0.30,846,0.00,1.00,0,0.5000,17.00,162,0,0.00,2,7.55,4.21,4.71,14.60
208,0.78,6.25,1,14.36,13.60,8,14.68,190,0.29,0.30,850,0.00,1.00,0,0.5000,16.50,162,0,0.00,2,7.40,4.21,4.71,14.60
312,0.78,6.25,1,14.36,13.60,8,14.68,190,0.29,0.30,848,0.00,1.00,0,0.5000,16.50,162,0,0.00,2,7.40,4.21,4.71,14.70
416,0.78,6.25,1,14.36,13.60,8,14.68,190,0.29,0.30,854,0.00,1.00,0,0.5000,16.50,162,0,0.00,2,7.40,4.21,4.71,14.70
520,0.78,6.25,1,14.36,13.44,8,14.68,190,0.29,0.30,853,0.00,1.00,0,0.5000,17.00,162,0,0.00,2,7.40,4.21,4.71,14.60
624,0.78,6.25,1,14.36,13.60,8,14.68,190,0.29,0.30,844,0.00,1.00,0,0.5000,17.00,162,0,0.00,2,7.40,4.21,4.71,14.60
728,0.78,6.25,1,14.36,13.60,8,14.68,190,0.29,0.30,852,0.00,1.00,0,0.5000,17.00,162,0,0.00,2,7.40,4.21,4.71,14.60
832,0.00,6.25,1,14.36,13.52,8,14.68,190,0.29,0.30,837,0.00,1.00,0,0.5000,17.00,162,0,0.00,2,7.40,4.21,4.71,14.60
936,0.00,6.25,1,14.36,13.52,8,14.69,192,0.29,0.30,838,0.00,1.00,0,0.5000,17.00,162,0,0.00,2,7.40,4.18,4.71,14.60
1039,0.00,6.25,1,14.36,13.44,8,14.68,192,0.30,0.30,830,0.00,1.00,0,0.5000,17.00,162,0,0.00,2,7.40,4.21,4.71,14.60
1144,0.00,6.25,1,14.36,13.44,8,14.69,192,0.30,0.30,831,0.00,1.00,0,0.5000,17.00,162,0,0.00,2,7.40,4.21,4.71,14.70
1248,0.00,6.25,1,14.36,13.52,8,14.69,192,0.30,0.31,819,0.00,1.00,0,0.5000,17.50,162,0,0.00,2,7.55,4.21,4.71,14.50
1352,0.00,6.25,1,14.36,13.60,8,14.69,192,0.30,0.31,825,0.00,1.00,0,0.5000,17.00,162,0,0.00,2,7.55,4.21,4.71,14.60
1455,0.00,6.25,1,14.36,13.60,8,14.69,192,0.30,0.31,833,0.00,1.00,0,0.5000,17.00,162,0,0.00,2,7.55,4.21,4.71,14.60
1559,0.00,6.25,1,14.36,13.52,8,14.69,192,0.30,0.30,824,0.00,1.00,0,0.5000,17.00,162,0,0.00,2,7.55,4.21,4.71,14.50
1664,0.00,6.25,1,14.36,13.52,8,14.69,192,0.30,0.30,831,0.00,1.00,0,0.5000,17.00,162,0,0.00,2,7.55,4.21,4.71,14.50
1768,0.00,6.25,1,14.36,13.52,8,14.69,192,0.30,0.31,818,0.00,1.00,0,0.5000,17.00,162,0,0.00,2,7.55,4.21,4.71,14.50
1872,0.00,6.25,1,14.36,13.52,8,14.69,192,0.30,0.31,825,0.00,1.00,0,0.5000,17.00,162,0,0.00,2,7.55,4.21,4.71,14.60
1976,0.00,6.25,1,14.36,13.60,8,14.69,192,0.30,0.31,818,0.00,1.00,0,0.5000,17.00,162,0,0.00,2,7.55,4.21,4.71,14.60
2080,0.00,6.25,1,14.36,13.52,8,14.69,192,0.30,0.30,832,0.00,1.00,0,0.5000,17.00,162,0,0.00,2,7.55,4.18,4.71,14.80
2184,0.00,6.25,1,14.36,13.52,8,14.69,192,0.30,0.31,832,0.00,1.00,0,0.5000,17.00,162,0,0.00,2,7.55,4.18,4.71,14.70
2288,0.00,6.25,1,14.36,13.52,8,14.69,192,0.30,0.31,819,0.00,1.00,0,0.5000,17.00,162,0,0.00,2,7.55,4.21,4.71,14.70
2392,0.00,6.25,1,14.36,13.52,8,14.69,192,0.30,0.31,819,0.00,1.00,0,0.5000,17.00,162,0,0.00,2,7.55,4.21,4.71,14.70
2496,0.00,6.25,1,14.36,13.52,8,14.69,192,0.30,0.31,821,0.00,1.00,0,0.5000,17.00,162,0,0.00,2,7.55,4.21,4.71,14.60
2600,0.00,6.25,1,14.36,13.44,8,14.69,192,0.30,0.31,824,0.00,1.00,0,0.5000,17.00,162,0,0.00,2,7.55,4.21,4.71,14.70
2704,0.00,6.25,1,14.36,13.60,8,14.69,192,0.30,0.31,811,0.00,1.00,0,0.5000,17.00,162,0,0.00,2,7.55,4.21,4.71,14.70
2807,0.00,6.25,1,14.36,13.52,8,14.69,192,0.30,0.31,824,0.00,1.00,0,0.5000,17.00,162,0,0.00,2,7.55,4.21,4.71,14.70
2912,0.00,6.25,1,14.36,13.60,8,14.69,192,0.30,0.31,825,0.00,1.00,0,0.5000,17.00,162,0,0.00,2,7.55,4.21,4.71,14.80
3016,0.00,6.25,1,14.36,13.52,8,14.69,192,0.30,0.31,812,0.00,1.00,0,0.5000,17.00,162,0,0.00,2,7.55,4.21,4.71,14.70
3120,0.00,6.25,1,14.36,13.52,8,14.69,192,0.30,0.31,826,0.00,1.00,0,0.5000,17.00,162,0,0.00,2,7.55,4.21,4.71,14.70
3223,0.00,6.25,1,14.36,13.44,8,14.69,192,0.30,0.31,816,0.00,1.00,0,0.5000,17.00,162,0,0.00,2,7.55,4.21,4.71,14.70
3328,0.00,6.25,1,14.36,13.44,8,14.69,192,0.30,0.31,826,0.00,1.00,0,0.5000,17.00,162,0,0.00,2,7.55,4.21,4.71,14.70
3432,0.00,6.25,1,14.36,13.60,8,14.69,192,0.30,0.31,815,0.00,1.00,0,0.5000,17.00,162,0,0.00,2,7.55,4.21,4.71,14.70
3536,0.00,6.25,1,14.36,13.52,8,14.69,192,0.30,0.31,818,0.00,1.00,0,0.5000,17.00,162,0,0.00,2,7.55,4.21,4.71,15.00
3640,0.00,6.25,1,14.36,13.52,8,14.69,192,0.30,0.31,819,0.00,1.00,0,0.5000,17.00,162,0,0.00,2,7.55,4.21,4.71,14.70
3744,0.00,6.25,1,14.36,13.44,8,14.69,192,0.30,0.31,808,0.00,1.00,0,0.5000,17.00,162,0,0.00,2,7.55,4.21,4.71,14.80
3848,0.00,6.25,1,14.36,13.44,8,14.69,192,0.30,0.31,820,0.00,1.00,0,0.5000,17.00,162,0,0.00,2,7.69,4.21,4.71,14.70
3952,0.00,6.25,1,14.36,13.52,8,14.69,192,0.30,0.31,809,0.00,1.00,0,0.5000,17.00,162,0,0.00,2,7.69,4.24,4.71,14.70
4056,0.00,6.25,1,14.36,13.60,8,14.69,192,0.31,0.31,824,0.00,1.00,0,0.5000,17.00,162,0,0.00,2,7.69,4.26,5.10,14.70
4160,0.00,6.25,1,14.36,13.60,8,14.69,192,0.31,0.32,818,0.00,1.00,0,0.5000,17.00,162,0,0.00,2,7.69,4.26,4.71,14.70
4264,0.00,6.25,1,14.36,13.44,8,14.69,192,0.31,0.31,815,0.00,1.00,0,0.5000,17.00,162,0,0.00,2,7.69,4.24,4.71,14.70
4368,0.00,6.25,1,14.36,13.52,8,14.69,192,0.31,0.31,822,0.00,1.00,0,0.5000,17.00,162,0,0.00,2,7.69,4.26,4.71,14.90
4472,0.00,6.25,1,14.36,13.28,8,14.69,192,0.31,0.31,817,0.00,1.00,0,0.5000,17.00,162,0,0.00,2,7.69,4.26,4.71,14.70
4575,0.00,6.25,1,14.36,13.52,8,14.69,192,0.31,0.31,823,0.00,1.00,0,0.5000,17.00,162,0,0.00,2,7.69,4.26,4.71,14.70
4680,0.00,6.25,1,14.36,13.60,8,14.69,192,0.31,0.31,816,0.00,1.00,0,0.5000,17.00,162,0,0.00,2,7.69,4.26,4.71,14.70
4784,0.00,6.25,1,14.36,13.44,8,14.69,192,0.31,0.31,819,0.00,1.00,0,0.5000,17.00,162,0,0.00,2,7.69,4.26,4.71,14.70
4888,0.00,6.25,1,14.36,13.52,8,14.69,192,0.31,0.31,835,0.00,1.00,0,0.5000,16.50,162,0,0.00,2,7.69,4.26,4.71,14.70
4992,0.00,6.25,1,14.36,13.44,8,14.68,192,0.30,0.31,829,0.00,1.00,0,0.5000,16.50,162,0,0.00,2,7.55,4.26,4.71,14.60
5096,0.00,6.25,1,14.36,13.52,8,14.69,192,0.30,0.31,837,0.00,1.00,0,0.5000,16.50,162,0,0.00,2,7.55,4.26,4.71,14.70
5200,0.00,6.25,1,14.36,13.52,8,14.68,192,0.30,0.31,828,0.00,1.00,0,0.5000,17.00,162,0,0.00,2,7.55,4.26,4.71,14.60
5304,0.00,6.25,1,14.36,13.52,8,14.69,192,0.30,0.31,832,0.00,1.00,0,0.5000,17.00,162,0,0.00,2,7.55,4.26,4.71,14.60
5408,0.00,6.25,1,14.36,13.52,8,14.69,192,0.30,0.31,821,0.00,1.00,0,0.5000,17.00,162,0,0.00,2,7.55,4.26,4.71,14.60
5512,0.00,6.25,1,14.36,13.52,8,14.69,192,0.31,0.31,822,0.00,1.00,0,0.5000,17.00,162,0,0.00,2,7.55,4.26,4.71,14.70
5616,0.00,6.25,1,14.36,13.52,8,14.69,192,0.31,0.32,816,0.00,1.00,0,0.5000,17.00,162,0,0.00,2,7.55,4.26,4.71,14.60
5720,0.00,6.25,1,14.36,13.52,8,14.69,192,0.31,0.32,806,0.00,1.00,0,0.5000,17.00,162,0,0.00,2,7.69,4.26,4.71,14.60
5824,0.00,6.25,1,14.36,13.52,8,14.69,192,0.31,0.31,820,0.00,1.00,0,0.5000,17.00,162,0,0.00,2,7.69,4.26,4.71,14.60
5928,0.00,6.25,1,14.36,13.52,8,14.69,192,0.31,0.32,806,0.00,1.00,0,0.5000,17.00,162,0,0.00,2,7.69,4.26,4.71,14.60
6033,0.00,6.25,1,14.36,13.52,8,14.69,192,0.31,0.31,812,0.00,1.00,0,0.5000,17.00,162,0,0.00,2,7.69,4.26,4.71,14.60
6136,0.00,6.25,1,14.36,13.52,8,14.69,192,0.31,0.32,811,0.00,1.00,0,0.5000,17.00,162,0,0.00,2,7.69,4.26,5.10,14.50
6240,0.00,6.25,1,14.36,13.52,8,14.69,192,0.31,0.32,806,0.00,1.00,0,0.5000,17.00,162,0,0.00,2,7.69,4.26,5.10,14.60
6345,0.00,6.25,1,14.36,13.60,8,14.69,192,0.31,0.32,811,0.00,1.00,0,0.5000,17.00,162,0,0.00,2,7.69,4.26,5.10,14.70
6448,0.00,6.25,1,14.36,13.52,8,14.69,192,0.31,0.32,803,0.00,1.00,0,0.5000,17.00,162,0,0.00,2,7.69,4.26,4.71,14.70
6552,0.00,6.25,1,14.36,13.52,8,14.69,192,0.31,0.31,816,0.00,1.00,0,0.5000,17.00,162,0,0.00,2,7.69,4.26,4.71,14.70
6656,0.00,6.25,1,14.36,13.52,8,14.69,192,0.31,0.32,816,0.00,1.00,0,0.5000,17.00,162,0,0.00,2,7.69,4.26,4.71,14.70
6760,0.00,6.25,1,14.36,13.52,8,14.69,192,0.31,0.32,810,0.00,1.00,0,0.5000,17.00,162,0,0.00,2,7.69,4.26,5.10,14.70
6864,0.00,6.25,1,14.36,13.52,8,14.69,192,0.31,0.31,833,0.00,1.00,0,0.5000,16.50,162,0,0.00,2,7.69,4.26,5.10,14.70
6968,0.00,6.25,1,14.36,13.52,8,14.69,192,0.31,0.31,828,0.00,1.00,0,0.5000,17.00,162,0,0.00,2,7.69,4.32,4.71,14.70
7072,0.00,6.25,1,14.36,13.44,8,14.69,192,0.31,0.31,830,0.00,1.00,0,0.5000,16.00,162,0,0.00,2,7.69,4.29,5.10,14.70
7176,0.00,6.25,1,14.36,13.52,8,14.68,192,0.31,0.31,835,0.00,1.00,0,0.5000,16.50,162,0,0.00,2,7.69,4.29,4.71,14.70
7280,0.00,6.25,1,14.36,13.52,8,14.69,190,0.31,0.31,838,0.00,1.00,0,0.5000,16.50,162,0,0.00,2,7.69,4.29,4.71,14.70
7384,0.00,6.25,1,14.36,13.60,8,14.68,190,0.30,0.31,830,0.00,1.00,0,0.5000,16.50,162,0,0.00,2,7.55,4.26,5.10,14.70
7488,0.00,6.25,1,14.36,13.60,8,14.69,190,0.30,0.30,832,0.00,1.00,0,0.5000,16.50,162,0,0.00,2,7.55,4.26,4.71,14.70
7592,0.00,6.25,1,14.36,13.52,8,14.68,190,0.30,0.31,842,0.00,1.00,0,0.5000,16.50,162,0,0.00,2,7.55,4.26,4.71,14.70
7696,0.00,6.25,1,14.36,13.52,8,14.68,190,0.30,0.31,833,0.00,1.00,0,0.5000,16.50,162,0,0.00,2,7.55,4.26,4.71,14.60
7801,0.00,6.25,1,14.36,13.52,8,14.69,190,0.30,0.30,844,0.00,1.00,0,0.5000,16.50,162,0,0.00,2,7.55,4.26,4.71,14.60
7905,0.00,6.25,1,14.36,13.52,8,14.68,190,0.30,0.31,836,0.00,1.00,0,0.5000,16.50,162,0,0.00,2,7.55,4.26,4.71,14.70
8008,0.00,6.25,1,14.36,13.52,8,14.68,190,0.30,0.30,844,0.00,1.00,0,0.5000,16.50,162,0,0.00,2,7.55,4.26,4.71,14.70
8112,0.00,6.25,1,14.36,13.44,8,14.68,190,0.30,0.31,834,0.00,1.00,0,0.5000,17.00,162,0,0.00,2,7.55,4.26,4.71,14.60
8216,0.00,6.25,1,14.36,13.52,8,14.69,190,0.30,0.31,834,0.00,1.00,0,0.5000,17.00,162,0,0.00,2,7.55,4.26,4.71,14.60
8320,0.00,6.25,1,14.36,13.52,8,14.68,190,0.30,0.31,829,0.00,1.00,0,0.5000,17.00,162,0,0.00,2,7.55,4.26,4.71,14.60
8424,-0.78,6.25,1,14.36,13.60,8,14.69,190,0.30,0.30,838,0.00,1.00,0,0.5000,17.00,162,0,0.00,2,7.55,4.26,4.71,14.60
8528,-0.78,6.25,1,14.36,13.60,8,14.68,190,0.30,0.31,836,0.00,1.00,0,0.5000,17.00,162,0,0.00,2,7.55,4.26,4.71,14.50
8632,-0.78,6.25,1,14.36,13.60,8,14.68,190,0.30,0.30,832,0.00,1.00,0,0.5000,17.00,162,0,0.00,2,7.55,4.26,5.10,14.60
8736,-0.78,6.25,1,14.36,13.44,8,14.69,190,0.30,0.31,836,0.00,1.00,0,0.5000,17.00,162,0,0.00,2,7.55,4.26,4.71,14.60
8840,-0.78,6.25,1,14.36,13.52,8,14.68,190,0.30,0.31,824,0.00,1.00,0,0.5000,17.00,162,0,0.00,2,7.55,4.26,4.71,14.50
8944,-0.78,6.25,1,14.36,13.52,8,14.69,190,0.30,0.31,838,0.00,1.00,0,0.5000,17.00,162,0,0.00,2,7.55,4.26,4.71,14.60
9048,-0.78,6.25,1,14.36,13.44,8,14.69,190,0.30,0.31,826,0.00,1.00,0,0.5000,17.00,162,0,0.00,2,7.55,4.26,4.71,14.60
9152,-0.78,6.25,1,14.36,13.52,8,14.69,190,0.30,0.31,825,0.00,1.00,0,0.5000,17.00,162,0,0.00,2,7.55,4.26,4.71,14.60
9256,-0.78,6.25,1,14.36,13.52,8,14.68,190,0.30,0.31,824,0.00,1.00,0,0.5000,17.00,162,0,0.00,2,7.55,4.26,4.71,14.60
9360,-0.78,6.25,1,14.36,13.52,8,14.69,190,0.30,0.31,828,0.00,1.00,0,0.5000,17.00,162,0,0.00,2,7.55,4.26,4.71,14.50
9464,-0.78,6.25,1,14.36,13.52,8,14.69,190,0.30,0.31,832,0.00,1.00,0,0.5000,17.00,162,0,0.00,2,7.55,4.26,4.71,14.60
9568,-0.78,6.25,1,14.36,13.52,8,14.69,190,0.30,0.31,816,0.00,1.00,0,0.5000,17.00,162,0,0.00,2,7.55,4.26,4.71,14.60
9672,-0.78,6.25,1,14.36,13.60,8,14.69,190,0.30,0.31,838,0.00,1.00,0,0.5000,10.00,162,0,0.00,2,7.55,4.21,3.92,14.60
9776,-0.78,6.25,1,14.36,13.52,8,14.68,190,0.30,0.28,863,0.00,1.00,0,0.5000,10.00,162,0,0.00,2,7.40,3.86,3.92,14.60
9880,-0.78,6.25,1,14.36,13.52,8,14.67,190,0.28,0.25,901,0.00,1.00,0,0.5000,10.00,162,0,0.00,2,7.11,3.73,3.92,14.80
9984,-0.78,6.25,1,14.36,13.60,8,14.67,190,0.26,0.24,900,0.00,1.00,0,0.5000,12.00,162,0,0.00,2,6.82,3.73,4.31,14.80
10089,-0.78,6.25,1,14.36,13.52,8,14.66,190,0.26,0.24,925,0.00,1.00,0,0.5000,12.00,162,0,0.00,2,6.53,3.73,4.31,14.70
10192,-0.78,6.25,1,14.36,13.52,8,14.66,190,0.25,0.24,946,0.00,1.00,0,0.5000,12.00,162,0,0.00,2,6.38,3.78,4.31,14.70
10296,-1.56,6.25,1,14.36,13.52,8,14.66,190,0.24,0.24,944,0.00,1.00,0,0.5000,12.50,162,0,0.00,2,6.24,3.75,4.31,14.70
10400,-2.34,6.25,1,14.36,13.44,8,14.66,190,0.24,0.24,952,0.00,1.00,0,0.5000,13.00,162,0,0.00,2,6.24,3.73,3.92,14.50
10504,-2.34,6.25,1,14.36,13.04,8,14.66,190,0.24,0.24,948,0.00,1.00,0,0.5000,13.50,162,0,0.00,2,6.09,3.68,3.92,14.30
10609,-3.12,6.25,1,14.36,13.44,8,14.67,190,0.24,0.24,924,0.00,1.00,0,0.5000,16.50,162,0,0.00,2,6.09,3.68,3.92,14.30
10712,-3.91,6.25,1,14.36,13.52,8,14.67,190,0.24,0.24,906,0.00,1.00,0,0.5000,16.50,162,0,0.00,2,6.24,3.63,3.92,14.20
10816,-3.91,6.25,1,14.36,12.96,8,14.67,190,0.24,0.24,884,0.00,1.00,0,0.5000,17.00,162,0,0.00,2,6.38,3.51,3.92,14.10
10920,-4.69,6.25,1,14.36,13.04,8,14.68,190,0.24,0.24,876,0.00,1.00,1,0.5000,19.50,162,0,0.00,3,6.38,3.61,4.31,14.00
11025,-4.69,6.25,1,14.36,13.44,8,14.69,190,0.24,0.26,829,0.00,1.00,1,0.5000,21.50,162,0,0.00,3,6.53,3.78,4.31,14.00
11129,-4.69,6.25,1,14.36,13.52,8,14.69,190,0.25,0.28,813,0.00,1.00,1,0.5000,21.00,162,0,0.00,3,6.67,3.86,4.31,14.10
11232,-3.91,6.25,1,14.36,13.52,8,14.69,190,0.26,0.29,798,0.00,1.00,1,0.5000,21.00,162,0,0.00,3,6.67,3.88,4.31,14.10
11337,-3.91,6.25,1,14.36,13.52,8,14.69,190,0.27,0.29,803,0.00,1.00,1,0.5000,20.50,162,0,0.00,3,6.82,3.88,4.31,14.20
11441,-3.12,6.25,1,14.36,13.44,8,14.69,190,0.27,0.28,817,0.00,1.00,1,0.5000,19.00,162,0,0.00,3,6.96,3.83,4.31,14.40
11545,-3.12,6.25,1,14.36,13.44,8,14.69,190,0.27,0.28,812,0.00,1.00,1,0.5000,19.50,162,0,0.00,3,6.96,3.83,4.31,14.40
11649,-2.34,6.25,1,14.36,13.44,8,14.69,190,0.27,0.28,812,0.00,1.00,1,0.5000,22.00,162,0,0.00,3,6.96,3.78,4.31,14.30
11752,-2.34,6.25,1,14.36,13.52,8,14.69,190,0.28,0.30,775,0.00,1.00,1,0.5000,22.00,162,0,0.00,3,6.96,3.78,4.31,15.20
11856,-1.56,6.25,1,14.36,13.36,8,14.69,190,0.29,0.32,714,0.00,1.00,1,0.5000,22.00,162,1,0.00,3,7.11,3.75,3.92,14.90
11960,-1.56,6.25,1,14.36,13.36,8,14.69,190,0.30,0.34,674,0.00,0.91,1,0.5000,22.00,162,1,0.00,3,7.25,3.73,3.92,15.10
12065,-1.56,6.25,1,14.36,13.28,8,14.69,190,0.32,0.36,625,0.00,0.90,1,0.5000,22.00,162,1,0.00,3,7.40,3.73,3.92,15.10
12169,-1.56,6.25,1,14.36,13.28,8,14.69,190,0.33,0.37,612,0.00,0.91,1,0.5000,22.00,162,0,0.00,3,7.69,3.71,3.92,15.20
12273,-1.56,6.25,1,14.36,13.28,8,14.69,190,0.33,0.36,609,0.00,0.99,1,0.5000,22.00,162,0,0.00,3,7.98,3.68,3.92,15.20
12377,-1.56,6.25,1,14.36,13.36,8,14.69,190,0.34,0.35,624,0.00,0.99,1,0.5000,22.00,162,0,0.00,3,8.27,3.68,3.92,15.20
12481,-1.56,6.25,1,14.36,13.52,8,14.69,190,0.34,0.34,638,0.00,0.99,1,0.5000,20.50,162,0,0.00,3,8.27,3.68,4.31,15.20
12585,-2.34,6.25,1,14.36,13.52,8,14.69,190,0.34,0.33,653,0.00,1.00,1,0.5000,17.50,162,0,0.00,3,8.42,3.68,3.92,15.00
12688,-3.12,6.25,1,14.36,13.52,8,14.69,190,0.33,0.31,698,0.00,1.00,1,0.5000,17.00,162,0,0.00,3,8.42,3.58,3.92,14.90
12793,-3.12,6.25,1,14.36,13.44,8,14.69,190,0.32,0.30,711,0.00,1.00,1,0.5000,16.50,162,0,0.00,3,8.27,3.58,3.92,14.10
12897,-3.12,6.25,1,14.36,13.60,8,14.69,190,0.31,0.29,734,0.00,1.00,1,0.5000,16.00,162,0,0.00,3,7.98,3.58,3.92,14.50
13001,-3.91,6.25,1,14.36,13.52,8,14.69,190,0.31,0.29,736,0.00,1.00,1,0.5000,16.50,162,0,0.00,3,7.84,3.56,3.92,14.30
13105,-3.91,6.25,1,14.36,13.52,8,14.69,190,0.30,0.30,711,0.00,1.00,1,0.5000,18.50,162,0,0.00,3,7.84,3.92,7.06,14.30
13209,-3.91,6.25,2,14.36,13.36,8,14.69,190,0.32,0.40,700,0.00,0.78,1,0.5000,19.50,162,0,0.00,3,7.98,5.74,12.16,14.30
13312,-3.91,5.47,2,14.36,13.52,8,14.69,190,0.41,0.62,679,0.00,0.67,1,0.5000,21.50,162,0,0.00,3,10.01,7.71,8.24,14.30
13417,-3.91,5.47,2,14.36,13.52,8,14.67,190,0.43,0.51,773,0.00,0.99,1,0.5000,11.00,162,0,0.00,3,11.61,5.62,4.31,14.40
13521,-3.12,6.25,1,14.36,13.52,8,14.66,190,0.38,0.28,906,0.00,1.21,1,0.5000,12.00,162,0,0.00,3,10.16,3.94,3.92,14.40
13625,-3.12,6.25,1,14.36,13.60,8,14.65,190,0.33,0.23,978,0.00,1.19,1,0.5000,21.00,162,0,0.00,3,8.85,3.83,5.49,14.80
13729,-3.12,6.25,1,14.36,13.44,8,14.66,190,0.31,0.28,983,0.00,1.00,1,0.5000,20.50,162,0,0.00,3,8.27,5.34,10.59,14.90
13833,-3.12,5.47,2,14.36,13.60,8,14.65,190,0.35,0.42,964,0.00,0.83,1,0.5000,22.50,162,0,0.00,3,9.29,7.31,7.84,15.10
13937,-3.12,5.47,2,14.36,13.52,8,14.64,190,0.36,0.38,1021,0.00,0.99,1,0.5000,12.00,162,0,0.00,3,10.16,5.21,4.31,14.50
14041,-3.91,6.25,1,14.36,13.52,8,14.64,190,0.33,0.28,1026,0.00,1.15,1,0.5000,12.00,162,0,0.00,3,8.71,4.15,3.92,14.50
14145,-3.91,6.25,1,14.36,13.52,8,14.66,190,0.30,0.24,1001,0.00,1.10,1,0.5000,12.00,162,0,0.00,3,7.98,3.99,4.71,14.50
14248,-3.91,6.25,1,14.36,13.52,8,14.67,190,0.29,0.27,913,0.00,1.00,1,0.5000,17.00,162,0,0.00,3,7.55,4.13,4.71,14.40
14352,-3.12,6.25,1,14.36,13.44,8,14.69,190,0.29,0.30,858,0.00,1.00,1,0.5000,19.00,162,0,0.00,3,7.55,4.32,4.71,14.40
14457,-3.91,6.25,1,14.36,13.44,8,14.69,190,0.30,0.32,803,0.00,1.00,1,0.5000,21.00,162,0,0.00,3,7.55,4.15,4.31,14.50
14561,-3.91,6.25,1,14.36,13.44,8,14.69,190,0.30,0.31,801,0.00,1.00,1,0.5000,21.00,162,0,0.00,3,7.55,4.10,4.31,14.60
14665,-3.91,6.25,1,14.36,13.60,8,14.69,190,0.30,0.31,782,0.00,1.00,1,0.5000,20.50,162,0,0.00,3,7.55,4.05,4.31,14.50
14769,-3.12,6.25,1,14.36,13.44,8,14.69,190,0.30,0.31,781,0.00,1.00,1,0.5000,21.00,162,0,0.00,3,7.40,3.99,4.31,14.60
14872,-3.12,6.25,1,14.36,13.52,8,14.69,190,0.30,0.30,786,0.00,1.00,1,0.5000,20.00,162,0,0.00,3,7.40,3.94,4.31,14.60
14977,-3.12,6.25,1,14.36,13.52,8,14.69,190,0.30,0.31,773,0.00,1.00,1,0.5000,20.50,162,0,0.00,3,7.40,3.94,4.31,14.90
15080,-3.12,6.25,1,14.36,13.52,8,14.69,190,0.30,0.30,775,0.00,1.00,1,0.5000,21.00,162,0,0.00,3,7.40,3.91,3.92,14.80
15185,-3.91,6.25,1,14.36,13.52,8,14.69,190,0.30,0.30,772,0.00,1.00,1,0.5000,20.00,162,0,0.00,3,7.40,3.88,3.92,14.80
15289,-3.91,6.25,1,14.36,13.60,8,14.69,190,0.30,0.30,764,0.00,1.00,1,0.5000,20.00,162,0,0.00,3,7.25,3.83,3.92,14.80
15393,-3.91,6.25,1,14.36,13.52,8,14.69,190,0.30,0.30,767,0.00,1.00,1,0.5000,20.50,162,0,0.00,3,7.25,3.86,4.31,14.50
15497,-4.69,6.25,1,14.36,13.44,8,14.69,190,0.30,0.31,765,0.00,1.00,1,0.5000,19.50,162,0,0.00,3,7.25,3.99,4.71,14.50
15601,-4.69,6.25,1,14.36,13.52,8,14.69,190,0.30,0.32,756,0.00,1.00,1,0.5000,20.00,162,0,0.00,3,7.40,4.02,4.31,14.40
15705,-4.69,6.25,1,14.36,13.52,8,14.69,190,0.31,0.32,756,0.00,1.00,1,0.5000,19.50,162,0,0.00,3,7.40,4.02,4.71,14.30
15809,-5.47,6.25,1,14.36,13.44,8,14.69,190,0.31,0.32,761,0.00,1.00,1,0.5000,18.00,162,0,0.00,3,7.55,4.05,4.31,14.30
15913,-5.47,6.25,1,14.36,13.60,8,14.69,190,0.31,0.32,764,0.00,1.00,1,0.5000,18.00,162,0,0.00,3,7.55,4.02,4.71,14.30
16017,-5.47,6.25,1,14.36,13.44,8,14.69,190,0.31,0.33,760,0.00,1.00,1,0.5000,18.50,162,0,0.00,3,7.55,4.18,4.71,14.30
16121,-5.47,6.25,1,14.36,13.52,8,14.69,190,0.31,0.33,771,0.00,1.00,1,0.5000,17.00,162,0,0.00,3,7.69,4.21,4.71,14.20
16225,-5.47,6.25,1,14.36,13.60,8,14.69,190,0.32,0.33,766,0.00,1.00,1,0.5000,17.00,162,0,0.00,3,7.69,4.21,4.71,14.30
16329,-5.47,6.25,1,14.36,13.52,8,14.69,190,0.32,0.33,763,0.00,1.00,1,0.5000,17.00,163,0,0.00,3,7.84,4.21,4.71,14.40
16433,-5.47,6.25,1,14.36,13.52,8,14.69,190,0.32,0.32,781,0.00,1.00,1,0.5000,17.00,163,0,0.00,3,7.84,4.24,4.71,14.50
16536,-4.69,6.25,1,14.36,13.52,8,14.69,190,0.32,0.33,785,0.00,1.00,1,0.5000,17.00,162,0,0.00,3,7.84,4.24,4.71,14.40
16641,-4.69,6.25,1,14.36,13.52,8,14.69,190,0.32,0.32,789,0.00,1.00,1,0.5000,17.00,163,0,0.00,3,7.84,4.26,4.71,14.40
16745,-4.69,6.25,1,14.36,13.44,8,14.69,190,0.32,0.32,799,0.00,1.00,1,0.5000,16.50,163,0,0.00,3,7.84,4.24,4.71,15.30
16848,-3.91,6.25,1,14.36,13.52,8,14.69,190,0.32,0.32,800,0.00,1.00,1,0.5000,16.50,163,0,0.00,3,7.84,4.26,4.71,14.90
16953,-3.91,6.25,1,14.36,13.60,8,14.69,190,0.32,0.32,804,0.00,1.00,1,0.5000,17.00,163,0,0.00,3,7.84,4.26,4.71,14.90
17057,-3.91,6.25,1,14.36,13.52,8,14.69,190,0.32,0.32,797,0.00,1.00,1,0.5000,16.50,163,0,0.00,3,7.84,4.26,4.71,15.00
17161,-3.91,6.25,1,14.36,13.44,8,14.69,190,0.32,0.32,793,0.00,1.00,1,0.5000,17.00,163,0,0.00,3,7.69,4.26,4.71,15.00
17265,-3.12,6.25,1,14.36,13.44,8,14.69,190,0.32,0.32,809,0.00,1.00,1,0.5000,16.50,163,0,0.00,3,7.69,4.26,4.71,15.00
17369,-3.12,6.25,1,14.36,13.28,8,14.69,190,0.31,0.32,810,0.00,1.00,1,0.5000,17.00,163,0,0.00,3,7.69,4.32,5.49,15.10
17473,-3.12,6.25,1,14.36,13.60,8,14.69,190,0.32,0.34,799,0.00,1.00,1,0.5000,17.00,163,0,0.00,3,7.69,4.71,5.49,15.10
17577,-3.12,6.25,1,14.36,13.52,8,14.69,190,0.33,0.36,788,0.00,1.00,1,0.5000,17.00,163,0,0.00,3,7.98,4.80,5.88,15.00
17682,-3.12,6.25,1,14.36,13.36,8,14.69,190,0.34,0.37,777,0.00,1.00,1,0.5000,17.00,163,0,0.00,3,8.27,4.86,5.88,15.00
17785,-3.12,6.25,1,14.36,13.44,8,14.69,190,0.35,0.37,793,0.00,1.00,1,0.5000,18.50,163,0,0.00,3,8.42,4.83,5.49,14.90
17889,-2.34,6.25,1,14.36,13.52,8,14.69,190,0.36,0.40,754,0.00,1.00,1,0.5000,20.50,163,0,0.00,3,8.56,4.80,5.49,15.00
17993,-1.56,6.25,1,14.36,13.52,8,14.69,190,0.37,0.40,724,0.00,0.99,1,0.5000,20.00,163,0,0.00,3,8.85,4.77,5.49,15.20
18097,-1.56,6.25,1,14.36,13.52,8,14.69,190,0.38,0.38,732,0.00,0.99,1,0.5000,18.00,163,0,0.00,3,9.00,4.80,5.49,15.10
18201,-0.78,6.25,1,14.36,13.44,8,14.69,190,0.38,0.38,766,0.00,1.00,1,0.5000,17.00,163,0,0.00,3,9.14,4.80,5.49,15.40
18305,0.00,6.25,1,14.36,13.44,8,14.69,190,0.37,0.37,781,0.00,1.00,1,0.5000,16.50,163,0,0.00,3,9.00,4.80,5.49,15.60
18409,0.00,6.25,1,14.36,13.60,8,14.69,190,0.37,0.36,804,0.00,1.00,1,0.5000,16.00,163,0,0.00,3,9.00,4.83,5.49,15.60
18513,0.00,6.25,1,14.36,13.44,8,14.69,190,0.37,0.36,809,0.00,1.00,1,0.5000,15.50,163,0,0.00,3,9.00,4.86,5.49,15.50
18618,0.00,6.25,1,14.36,13.52,8,14.69,190,0.36,0.36,808,0.00,1.00,1,0.5000,16.50,163,0,0.00,3,8.85,4.86,5.49,15.40
18721,0.00,6.25,1,14.36,13.36,8,14.69,190,0.36,0.36,812,0.00,1.00,1,0.5000,16.00,163,0,0.00,3,8.85,4.89,5.49,15.20
18825,0.00,6.25,1,14.36,13.44,8,14.69,190,0.36,0.36,807,0.00,1.00,1,0.5000,16.50,163,0,0.00,3,8.85,4.89,5.49,15.10
18929,0.00,6.25,1,14.36,13.60,8,14.69,190,0.36,0.36,816,0.00,1.00,1,0.5000,16.00,163,0,0.00,3,8.85,4.96,5.88,15.00
19033,0.00,6.25,1,14.36,13.52,8,14.69,190,0.36,0.36,824,0.00,1.00,1,0.5000,15.50,163,0,0.00,3,8.85,4.96,5.88,14.80
19137,0.00,6.25,1,14.36,13.60,8,14.69,190,0.36,0.36,816,0.00,1.00,1,0.5000,16.50,163,0,0.00,3,8.71,4.96,5.88,14.80
19241,0.00,6.25,1,14.36,13.44,8,14.69,190,0.36,0.36,824,0.00,1.00,1,0.5000,16.00,163,0,0.00,3,8.71,4.99,5.88,14.80
19345,0.00,6.25,1,14.36,12.96,8,14.69,190,0.36,0.36,818,0.00,1.00,1,0.5000,16.50,163,0,0.00,4,8.71,4.96,5.49,14.80
19449,0.00,6.25,1,14.36,13.36,8,14.69,190,0.36,0.36,829,0.00,1.00,1,0.5000,16.50,163,0,0.00,4,8.71,4.99,5.88,14.80
19553,0.00,6.25,1,14.36,13.52,8,14.69,190,0.37,0.38,800,0.00,1.00,1,0.5000,17.00,163,0,0.00,4,8.71,5.08,5.88,14.80
19657,0.00,6.25,1,14.36,13.44,8,14.69,190,0.37,0.37,804,0.00,1.00,1,0.5000,16.50,163,0,0.00,4,8.85,5.08,5.88,14.80
19761,0.00,6.25,1,14.36,13.44,8,14.69,190,0.37,0.37,831,0.00,1.00,1,0.5000,16.00,163,0,0.00,4,9.00,5.08,5.88,14.70
19865,0.00,6.25,1,14.36,13.44,8,14.68,190,0.37,0.37,830,0.00,1.00,1,0.5000,16.00,163,0,0.00,4,9.14,5.08,5.88,14.70
19969,0.00,6.25,1,14.36,13.44,8,14.69,190,0.37,0.36,841,0.00,1.00,1,0.5000,16.00,163,0,0.00,4,9.00,5.08,5.88,14.70
20073,0.78,6.25,1,14.36,13.44,8,14.68,190,0.37,0.37,827,0.00,1.00,1,0.5000,16.50,163,0,0.00,4,9.00,5.11,5.88,14.70
20177,0.78,6.25,1,14.36,13.52,8,14.69,190,0.37,0.36,836,0.00,1.00,1,0.5000,16.50,163,0,0.00,4,9.00,5.08,5.88,15.00
20281,1.56,6.25,1,14.36,13.52,8,14.69,190,0.37,0.38,812,0.00,1.00,1,0.5000,17.00,163,0,0.00,4,9.00,5.08,5.88,15.00
20386,1.56,6.25,1,14.36,13.44,8,14.69,190,0.37,0.37,809,0.00,1.00,1,0.5000,17.00,163,0,0.00,4,9.00,5.08,5.49,15.20
20490,1.56,6.25,1,14.36,13.36,8,14.69,190,0.37,0.37,821,0.00,1.00,1,0.5000,17.00,163,0,0.00,4,9.00,5.02,5.49,15.10
20594,1.56,6.25,1,14.36,13.44,8,14.69,190,0.37,0.37,808,0.00,1.00,1,0.5000,17.00,163,0,0.00,4,9.00,4.89,5.49,15.10
20698,1.56,6.25,1,14.36,13.44,8,14.69,190,0.37,0.37,806,0.00,1.00,1,0.5000,17.00,163,0,0.00,4,8.85,4.93,5.49,15.20
20802,1.56,6.25,1,14.36,13.60,8,14.69,190,0.37,0.38,780,0.00,1.00,1,0.5000,20.00,163,0,0.00,4,8.85,4.93,5.49,14.90
20905,1.56,6.25,1,14.36,13.36,8,14.69,190,0.38,0.39,757,0.00,1.00,1,0.5000,21.00,163,0,0.00,4,8.85,4.89,5.49,14.80
21009,1.56,6.25,1,14.36,13.36,8,14.69,190,0.38,0.40,740,0.00,1.00,1,0.5000,21.50,163,0,0.00,4,9.00,4.89,5.10,14.80
21114,1.56,6.25,1,14.36,13.36,8,14.69,190,0.39,0.41,727,0.00,1.00,1,0.5000,22.00,163,0,0.00,4,9.00,4.86,5.49,14.60
21217,0.78,6.25,1,14.36,13.44,8,14.69,190,0.40,0.42,698,0.00,1.00,1,0.5000,22.00,163,1,0.00,4,9.14,4.86,5.88,15.00
21322,0.78,6.25,1,14.36,13.28,8,14.69,190,0.41,0.45,680,0.00,0.92,1,0.5000,21.50,163,1,0.00,4,9.29,5.21,6.27,14.50
21425,0.00,6.25,1,14.36,13.36,8,14.68,190,0.43,0.47,668,0.00,0.90,1,0.5000,21.50,163,1,0.00,4,9.58,5.37,5.88,14.50
21530,0.00,6.25,1,14.36,13.36,8,14.67,190,0.44,0.47,681,0.00,0.99,1,0.5000,19.50,163,0,0.00,4,10.16,7.61,5.10,14.40
21633,0.00,6.25,1,14.36,13.36,8,14.67,190,0.43,0.42,710,0.00,0.99,1,0.5000,17.00,163,0,0.00,4,10.16,4.83,5.10,14.30
21738,0.00,6.25,1,14.36,13.44,8,14.68,190,0.42,0.39,735,0.00,1.00,1,0.5000,16.50,163,0,0.00,4,9.87,4.77,5.10,14.40
21841,0.00,6.25,1,14.36,13.52,8,14.68,190,0.41,0.38,745,0.00,1.00,1,0.5000,16.50,163,0,0.00,4,9.72,4.77,5.10,14.30
21946,-0.78,6.25,1,14.36,13.44,8,14.69,190,0.40,0.38,760,0.00,1.00,1,0.5000,17.00,163,0,0.00,4,9.58,4.77,5.10,14.30
22049,-0.78,6.25,1,14.36,13.52,8,14.69,190,0.39,0.39,745,0.00,1.00,1,0.5000,17.00,163,0,0.00,4,9.43,4.80,5.10,14.20
22154,-1.56,6.25,1,14.36,13.36,8,14.69,190,0.39,0.39,735,0.00,1.00,1,0.5000,18.50,163,0,0.00,4,9.43,4.86,5.49,14.20
22257,-2.34,6.25,1,14.36,13.60,8,14.69,190,0.40,0.41,718,0.00,1.00,1,0.5000,19.50,163,0,0.00,4,9.43,4.86,5.49,14.10
22362,-2.34,6.25,1,14.36,13.44,8,14.69,190,0.40,0.41,718,0.00,1.00,1,0.5000,18.00,163,0,0.00,4,9.58,4.83,5.49,14.00
22465,-2.34,6.25,1,14.36,13.52,8,14.69,190,0.40,0.41,713,0.00,1.00,1,0.5000,17.50,163,0,0.00,4,9.58,4.80,6.67,14.00
22569,-2.34,6.25,1,14.36,13.36,8,14.69,190,0.41,0.47,712,0.00,0.82,1,0.5000,20.50,163,0,0.00,4,9.58,7.24,18.82,14.00
22673,-3.12,5.47,2,14.36,13.60,8,14.65,190,0.51,0.75,736,0.00,0.71,1,0.5000,24.50,162,0,0.00,4,12.04,9.25,20.78,14.10
22777,-2.34,5.47,2,14.36,13.36,8,14.62,190,0.54,0.60,898,0.00,0.93,1,0.5000,26.00,162,0,0.00,4,13.93,8.89,20.78,14.20
22881,-3.91,5.47,2,14.36,13.44,8,14.61,190,0.52,0.51,1065,0.00,0.98,1,0.5000,27.50,162,0,0.00,4,13.93,9.47,20.39,14.10
22986,-3.12,4.69,2,14.36,13.52,8,14.61,190,0.52,0.51,1164,0.00,0.99,1,0.5000,28.00,162,0,0.00,4,13.78,10.01,20.00,16.00
23089,2.34,5.47,3,14.36,13.52,8,14.61,190,0.52,0.52,1182,0.00,0.99,1,0.5000,28.00,162,0,0.00,4,13.78,10.25,18.43,16.40
23194,14.06,5.47,3,14.36,13.44,8,14.61,190,0.52,0.53,1178,0.00,0.99,1,0.5000,28.00,162,0,0.00,4,13.49,10.30,17.25,17.70
23298,21.09,6.25,3,14.36,13.44,8,14.60,190,0.51,0.51,1212,0.00,0.99,1,0.5000,29.00,162,0,0.00,4,13.35,10.65,16.86,18.20
23402,23.44,6.25,3,14.36,13.52,8,14.60,190,0.51,0.51,1271,0.00,0.99,1,0.5000,30.00,162,0,0.00,4,13.06,10.99,16.86,17.70
23506,25.00,7.03,3,14.36,13.44,8,14.59,190,0.50,0.50,1324,0.00,0.99,1,0.5000,31.50,162,0,0.00,4,12.91,11.48,16.86,16.80
23609,25.00,7.03,3,14.36,13.44,8,14.59,190,0.50,0.50,1388,0.00,0.99,1,0.5000,32.50,162,0,0.00,4,12.77,11.48,14.51,16.00
23714,23.44,7.81,3,14.36,13.52,8,14.59,190,0.49,0.46,1421,0.00,0.99,1,0.5000,32.00,162,0,0.00,4,12.33,10.84,12.94,15.20
23818,21.88,7.81,3,14.36,13.36,8,14.59,190,0.47,0.45,1437,0.00,0.99,1,0.5000,31.00,162,0,0.00,4,11.61,12.45,9.80,16.50
23921,19.53,7.81,2,14.36,13.36,8,14.59,190,0.44,0.40,1396,0.00,1.05,1,0.5000,29.50,162,0,0.00,4,10.88,9.08,9.41,14.20
24025,15.62,7.81,2,14.36,13.44,8,14.60,190,0.42,0.40,1331,0.00,1.00,1,0.5000,27.50,162,0,0.00,4,9.87,8.81,9.02,13.60
24129,10.16,7.03,2,14.36,13.60,8,14.60,190,0.42,0.41,1270,0.00,1.00,1,0.5000,27.00,162,0,0.00,4,9.58,8.72,9.02,13.20
24234,6.25,7.03,2,14.36,13.52,8,14.60,190,0.43,0.43,1220,0.00,1.00,1,0.5000,26.50,162,0,0.00,4,9.58,8.63,7.84,12.80
24337,4.69,7.03,2,14.36,13.52,8,14.61,190,0.42,0.42,1191,0.00,1.00,1,0.5000,26.00,162,0,0.00,4,9.58,7.91,7.84,12.70
24442,3.91,6.25,2,14.36,13.28,8,14.61,190,0.42,0.41,1168,0.00,1.00,1,0.5000,26.00,162,0,0.00,4,9.29,8.07,9.41,12.90
24546,3.12,6.25,2,14.36,13.44,8,14.62,190,0.43,0.45,1144,0.00,1.00,1,0.5000,26.00,162,0,0.00,4,9.43,8.72,9.41,13.10
24650,1.56,6.25,2,14.36,13.60,8,14.61,190,0.44,0.46,1141,0.00,1.00,1,0.5000,26.00,162,0,0.00,4,9.87,8.72,9.41,13.30
24754,0.78,5.47,2,14.36,13.36,8,14.61,190,0.45,0.46,1156,0.00,1.00,1,0.5000,26.50,162,0,0.00,4,10.01,8.67,9.41,13.40
24858,1.56,5.47,2,14.36,13.52,8,14.61,190,0.45,0.45,1166,0.00,1.00,1,0.5000,26.50,162,0,0.00,4,10.16,8.68,10.59,13.60
24961,3.12,5.47,2,14.36,13.28,8,14.61,192,0.46,0.48,1158,0.00,1.00,1,0.5000,27.00,162,0,0.00,4,10.16,9.57,12.16,14.10
25066,3.91,4.69,3,14.36,13.44,8,14.61,192,0.48,0.51,1175,0.00,0.93,1,0.5000,27.50,162,0,0.00,4,10.88,10.30,12.94,14.30
25170,4.69,5.47,3,14.36,13.52,8,14.60,192,0.50,0.52,1190,0.00,0.99,1,0.5000,28.00,162,0,0.00,4,11.46,10.35,12.94,15.50
25274,7.03,5.47,3,14.36,13.52,8,14.60,192,0.50,0.51,1215,0.00,0.99,1,0.5000,28.50,162,0,0.00,4,11.75,10.30,12.94,14.90
25378,12.50,6.25,3,14.36,13.44,8,14.60,192,0.50,0.49,1258,0.00,0.99,1,0.5000,29.50,162,0,0.00,4,11.75,10.30,12.94,15.80
25482,14.84,6.25,3,14.36,13.36,8,14.60,192,0.49,0.47,1290,0.00,0.99,1,0.5000,30.00,162,0,0.00,4,11.75,10.40,12.94,16.00
25585,14.06,7.03,3,14.36,13.52,8,14.59,192,0.48,0.47,1341,0.00,1.00,1,0.5000,30.50,162,0,0.00,4,11.46,10.55,12.94,15.50
25690,12.50,7.81,3,14.36,13.52,8,14.59,192,0.48,0.47,1352,0.00,1.00,1,0.5000,31.00,162,0,0.00,4,11.46,10.79,12.94,15.20
25793,12.50,7.81,3,14.36,13.36,8,14.59,192,0.47,0.47,1362,0.00,1.00,1,0.5000,31.00,162,0,0.00,4,11.32,10.99,12.94,14.80
25898,12.50,7.81,3,14.36,13.36,8,14.59,192,0.48,0.48,1384,0.00,1.00,1,0.5000,31.00,162,0,0.00,4,11.32,11.04,12.94,14.50
26003,11.72,8.59,3,14.36,13.44,8,14.59,192,0.48,0.48,1381,0.00,1.00,1,0.5000,31.50,162,0,0.00,4,11.17,10.99,12.94,14.40
26106,10.94,8.59,3,14.36,13.44,8,14.59,192,0.48,0.48,1404,0.00,1.00,1,0.5000,31.50,162,0,0.00,4,11.17,11.18,12.94,14.30
26210,10.16,9.38,3,14.36,13.52,8,14.59,192,0.48,0.47,1394,0.00,1.00,1,0.5000,31.50,162,0,0.00,4,11.17,11.14,12.94,14.20
26314,9.38,9.38,3,14.36,13.60,8,14.59,192,0.48,0.48,1409,0.00,0.99,1,0.5000,31.50,162,0,0.00,4,11.17,11.28,12.94,14.10
26419,7.81,9.38,3,14.36,13.36,8,14.59,192,0.48,0.48,1414,0.00,0.99,1,0.5000,32.00,162,0,0.00,4,11.03,11.14,12.94,14.00
26522,7.03,10.16,3,14.36,13.36,8,14.59,192,0.48,0.47,1412,0.00,0.99,1,0.5000,32.00,162,0,0.00,4,11.03,11.33,12.94,14.10
26626,6.25,10.16,3,14.36,13.52,8,14.59,192,0.48,0.48,1430,0.00,0.99,1,0.5000,32.00,162,0,0.00,4,11.03,11.23,12.94,14.10
26730,5.47,10.16,3,14.36,13.44,8,14.59,192,0.48,0.47,1421,0.00,0.99,1,0.5000,32.00,162,0,0.00,4,11.03,12.05,15.69,14.20
26835,4.69,10.94,3,14.36,13.52,8,14.59,192,0.51,0.54,1440,0.00,0.91,1,0.5000,34.00,162,0,0.00,4,11.46,13.75,18.82,14.20
26938,4.69,10.94,3,14.36,13.44,8,14.58,192,0.54,0.57,1451,0.00,0.99,1,0.5000,35.50,162,0,0.00,4,12.77,13.87,19.61,14.40
27042,7.81,10.94,3,14.36,13.44,8,14.58,192,0.54,0.54,1518,0.00,0.99,1,0.5000,37.00,162,0,0.00,5,13.20,13.81,20.00,16.40
27146,10.16,10.94,3,14.36,13.44,8,14.58,192,0.54,0.53,1576,0.00,0.99,1,0.5000,38.00,162,0,0.00,5,13.20,13.98,20.00,15.50
27250,11.72,11.72,3,14.36,13.44,8,14.58,192,0.53,0.52,1596,0.00,0.99,1,0.5000,38.00,162,0,0.00,5,13.20,14.33,20.00,15.50
27354,13.28,11.72,3,14.36,13.44,8,14.58,192,0.53,0.53,1626,0.00,0.99,1,0.5000,38.00,162,0,0.00,5,13.20,14.33,20.00,15.40
27458,14.06,11.72,3,14.36,13.44,8,14.58,192,0.53,0.53,1646,0.00,0.99,1,0.5000,38.00,162,0,0.00,5,13.20,14.57,20.00,15.20
27562,15.62,11.72,3,14.36,13.44,8,14.58,192,0.53,0.53,1672,0.00,0.99,1,0.5000,38.00,162,0,0.00,5,13.20,14.57,20.00,15.30
27667,16.41,12.50,3,14.36,13.36,8,14.58,192,0.52,0.53,1689,0.00,0.99,1,0.5000,38.50,162,0,0.00,5,13.20,14.80,20.00,15.10
27770,17.19,12.50,3,14.36,13.44,8,14.58,192,0.52,0.53,1706,0.00,0.99,1,0.5000,38.50,162,0,0.00,5,13.06,14.86,20.00,15.10
27875,17.97,12.50,3,14.36,13.52,8,14.58,192,0.52,0.52,1719,0.00,0.99,1,0.5000,38.50,162,0,0.00,5,13.06,15.10,19.61,14.90
27978,17.97,12.50,3,14.36,13.36,8,14.58,192,0.52,0.52,1735,0.00,0.99,1,0.5000,39.00,162,0,0.00,5,13.06,15.10,19.61,14.90
28082,18.75,12.50,3,14.36,13.36,8,14.58,192,0.52,0.52,1753,0.00,0.99,1,0.5000,39.00,162,0,0.00,5,12.91,15.28,19.61,14.70
28186,18.75,12.50,3,14.36,13.36,8,14.58,192,0.52,0.52,1767,0.00,0.99,1,0.5000,39.00,162,0,0.00,5,12.91,15.48,19.61,14.90
28290,18.75,13.28,3,14.36,13.44,8,14.58,192,0.52,0.53,1782,0.00,0.99,1,0.5000,39.00,162,0,0.00,5,12.91,15.61,19.61,14.60
28394,18.75,13.28,3,14.36,13.52,8,14.58,192,0.53,0.53,1792,0.00,0.99,1,0.5000,39.50,162,0,0.00,5,12.91,15.68,19.61,14.50
28499,19.53,14.84,3,14.36,13.44,8,14.58,192,0.52,0.52,1793,0.00,0.99,1,0.5000,39.50,162,0,0.00,5,12.91,15.88,19.61,14.60
28602,19.53,14.84,3,14.36,13.28,8,14.58,192,0.52,0.53,1811,0.00,0.99,1,0.5000,39.50,162,0,0.00,5,12.77,16.09,19.61,14.40
28706,18.75,14.84,3,14.36,13.44,8,14.58,192,0.52,0.52,1821,0.00,0.99,1,0.5000,39.50,162,0,0.00,5,12.91,16.02,19.61,14.50
28809,18.75,14.84,3,14.36,13.44,8,14.58,192,0.52,0.51,1851,0.00,0.99,1,0.5000,40.00,162,0,0.00,5,12.77,16.16,19.61,14.40
28914,18.75,14.84,3,14.36,13.44,8,14.58,192,0.52,0.53,1861,0.00,0.99,1,0.5000,39.50,162,0,0.00,5,12.77,16.09,19.61,14.40
29018,18.75,14.84,3,14.36,13.44,8,14.58,192,0.52,0.53,1872,0.00,0.99,1,0.5000,40.00,162,0,0.00,5,12.77,16.22,19.61,14.40
29123,18.75,14.84,3,14.36,13.44,8,14.58,192,0.52,0.52,1874,0.00,0.99,1,0.5000,40.00,162,0,0.00,5,12.77,16.29,19.61,14.50
29226,18.75,14.84,3,14.36,13.44,8,14.58,192,0.52,0.51,1881,0.00,0.99,1,0.5000,40.00,162,0,0.00,5,12.77,16.36,19.61,14.50
29330,18.75,14.84,3,14.36,13.44,8,14.58,192,0.52,0.52,1908,0.00,0.99,1,0.5000,40.00,162,0,0.00,5,12.77,16.43,19.61,14.50
29434,18.75,14.84,3,14.36,13.04,8,14.58,192,0.52,0.52,1906,0.00,0.99,1,0.5000,40.00,162,0,0.00,5,12.77,16.50,19.61,14.60
29537,19.53,14.84,3,14.36,13.44,8,14.58,192,0.51,0.51,1912,0.00,0.99,1,0.5000,40.50,162,0,0.00,5,12.77,16.50,19.61,14.60
29642,19.53,14.84,3,14.36,13.44,8,14.58,192,0.52,0.52,1941,0.00,0.99,1,0.5000,40.50,162,0,0.00,5,12.62,16.56,19.61,14.60
29746,20.31,14.84,3,14.36,13.44,8,14.58,192,0.51,0.51,1935,0.00,0.99,1,0.5000,40.50,162,0,0.00,6,12.62,16.56,19.61,14.60
29850,20.31,14.84,3,14.36,13.44,8,14.58,192,0.51,0.51,1945,0.00,0.99,1,0.5000,40.50,162,1,0.00,6,12.62,16.70,19.61,14.60
29953,21.09,14.84,3,14.36,13.44,8,14.58,192,0.51,0.52,1970,0.00,0.99,1,0.5000,40.50,162,0,0.00,6,12.62,16.77,19.61,14.70
30058,21.09,14.84,3,14.36,13.44,8,14.58,192,0.51,0.51,1971,0.00,0.99,1,0.5000,41.00,162,1,0.00,6,12.62,16.84,19.61,14.90
30162,21.09,14.84,3,14.36,13.44,8,14.58,192,0.51,0.51,2000,0.00,0.99,1,0.5000,40.50,162,1,0.00,6,12.62,16.77,19.61,14.70
30265,21.88,14.84,3,14.36,13.44,8,14.58,192,0.50,0.50,1998,0.00,0.99,1,0.5000,40.50,162,1,0.00,6,12.48,16.97,19.61,14.50
30370,22.66,14.84,3,14.36,13.44,8,14.58,192,0.50,0.50,2026,0.00,0.99,1,0.5000,40.50,162,1,0.00,6,12.48,17.04,19.61,14.70
30474,22.66,14.84,3,14.36,13.36,8,14.58,192,0.50,0.50,2027,0.00,0.99,1,0.5000,40.50,162,2,0.00,6,12.48,17.04,19.61,14.70
30578,23.44,14.84,3,14.36,13.44,8,14.58,192,0.50,0.50,2056,0.00,0.99,1,0.5000,40.50,162,2,0.00,6,12.48,17.25,19.61,14.80
30682,23.44,14.84,3,14.36,13.44,8,14.58,192,0.50,0.50,2050,0.00,0.99,1,0.5000,40.50,162,3,0.00,6,12.48,17.11,19.61,14.80
30786,24.22,14.84,3,14.36,13.52,8,14.58,192,0.50,0.50,2078,0.00,0.99,1,0.5000,40.50,162,3,0.00,6,12.48,17.04,19.22,14.50
30890,24.22,14.84,3,14.36,13.44,8,14.58,192,0.49,0.48,2097,0.00,0.99,1,0.5000,40.50,162,3,0.00,6,12.33,17.18,19.22,14.50
30994,24.22,14.84,3,14.36,13.28,8,14.58,192,0.49,0.49,2089,0.00,0.99,1,0.5000,40.50,162,4,0.00,6,12.19,16.97,18.82,14.50
31098,24.22,14.84,3,14.36,13.52,8,14.58,192,0.49,0.49,2111,0.00,0.99,1,0.5000,40.50,162,5,0.00,6,12.04,17.11,18.82,14.50
31202,23.44,14.84,3,14.36,13.36,8,14.58,192,0.49,0.48,2102,0.00,0.99,1,0.5000,40.50,162,5,0.00,6,12.04,17.24,19.22,14.40
31306,23.44,14.84,3,14.36,13.52,8,14.58,192,0.49,0.49,2114,0.00,0.99,1,0.5000,40.50,162,6,0.00,6,12.19,17.38,19.22,14.60
31410,24.22,14.84,3,14.36,13.52,8,14.58,190,0.49,0.50,2134,0.00,0.99,1,0.5000,40.50,162,6,0.00,6,12.19,17.61,19.61,14.60
31514,24.22,14.84,3,14.36,13.36,8,14.58,190,0.50,0.50,2116,0.00,0.99,1,0.5000,25.50,162,7,0.00,6,12.19,17.68,19.61,14.50
31619,24.22,14.84,3,14.36,13.36,8,14.58,190,0.51,0.52,2060,0.00,0.99,1,0.5000,26.00,162,7,0.00,6,12.33,17.38,19.61,14.50
31723,24.22,14.84,3,14.36,13.44,8,14.58,190,0.52,0.53,1971,0.00,0.99,1,0.5000,29.00,162,8,0.00,6,12.48,17.53,19.61,14.50
31826,24.22,14.84,3,14.36,13.52,8,14.58,190,0.54,0.55,1905,0.00,0.99,1,0.5000,40.50,162,9,0.00,6,12.62,16.97,19.61,14.40
31930,23.44,14.84,3,14.36,13.44,8,14.58,190,0.54,0.55,1860,0.00,0.99,1,0.5000,40.50,162,10,0.00,6,12.77,16.84,19.61,14.30
32034,21.09,14.84,3,14.36,13.44,8,14.58,190,0.55,0.55,1821,0.00,0.99,1,0.5000,40.50,162,11,0.00,7,12.91,16.70,19.61,14.20
32138,19.53,14.84,3,14.36,13.44,8,14.58,190,0.55,0.56,1779,0.00,0.99,1,0.5000,40.00,162,11,0.00,7,13.06,16.43,19.61,13.90
32242,17.97,14.84,3,14.36,13.44,8,14.58,190,0.56,0.55,1768,0.00,0.99,1,0.5000,39.50,162,12,0.00,7,13.06,16.29,19.61,14.00
32346,17.19,14.84,3,14.36,13.44,8,14.58,190,0.56,0.55,1762,0.00,0.99,2,0.5000,39.50,162,12,0.00,7,13.20,16.43,20.00,13.90
32450,15.62,14.84,3,14.36,13.44,8,14.58,190,0.56,0.56,1764,0.00,0.99,2,0.5000,39.50,162,13,0.00,7,13.20,16.56,20.78,13.90
32554,14.84,14.84,3,14.36,13.44,8,14.58,190,0.56,0.57,1769,0.00,0.99,2,0.5000,39.50,160,13,0.00,7,13.35,16.70,21.18,14.00
32658,14.06,14.84,3,14.36,13.36,8,14.58,190,0.56,0.56,1778,0.00,0.99,2,0.5000,39.50,160,14,0.00,7,13.49,16.70,21.18,14.10
32762,14.06,14.84,3,14.36,13.44,8,14.58,190,0.56,0.56,1784,0.00,0.99,2,0.5000,39.50,160,14,0.00,7,13.49,16.70,21.18,14.20
32866,14.06,14.84,3,14.36,13.60,8,14.58,190,0.56,0.56,1788,0.00,0.99,2,0.5000,39.50,160,14,0.00,7,13.49,16.83,21.18,14.40
32970,14.06,14.84,3,14.36,13.52,8,14.58,190,0.57,0.57,1779,0.00,0.99,2,0.5000,39.50,160,15,0.00,7,13.35,16.70,21.18,14.30
33074,14.06,14.84,3,14.36,13.36,8,14.58,190,0.56,0.57,1782,0.00,0.99,2,0.5000,39.50,160,15,0.00,7,13.35,16.83,21.18,14.40
33178,14.06,14.84,3,14.36,13.36,8,14.58,190,0.56,0.57,1782,0.00,0.99,2,0.5000,39.50,160,16,0.00,7,13.35,16.77,21.18,14.30
33282,13.28,14.84,3,14.36,12.64,8,14.58,190,0.56,0.56,1780,0.00,0.99,2,0.5000,39.50,160,16,0.00,8,13.35,16.83,21.18,14.30
33386,13.28,14.84,3,14.36,13.36,8,14.58,190,0.56,0.56,1780,0.00,0.99,2,0.5000,39.50,160,17,0.00,8,13.35,16.77,21.18,14.50
33490,14.06,14.84,3,14.36,13.44,8,14.58,190,0.57,0.57,1759,0.00,0.99,2,0.5000,39.50,160,17,0.00,8,13.49,16.56,21.18,14.50
33595,14.06,14.84,3,14.36,13.44,8,14.58,190,0.57,0.56,1774,0.00,0.99,2,0.5000,39.50,160,17,0.00,8,13.49,16.83,21.18,14.40
33698,13.28,14.84,3,14.36,13.28,8,14.58,190,0.57,0.57,1774,0.00,0.99,2,0.5000,39.50,160,17,0.00,8,13.49,16.97,21.18,14.40
33802,13.28,14.84,3,14.36,13.44,8,14.58,190,0.57,0.57,1784,0.00,0.99,2,0.5000,39.50,160,18,0.00,8,13.49,16.70,20.78,14.60
33906,13.28,14.84,3,14.36,13.36,8,14.58,190,0.57,0.56,1786,0.00,0.99,2,0.5000,39.50,160,17,0.00,8,13.35,16.76,20.39,14.40
34010,13.28,14.84,3,14.36,13.52,8,14.58,190,0.57,0.57,1786,0.00,0.99,2,0.5000,39.50,160,18,0.00,8,13.35,16.63,20.39,14.40
34114,12.50,14.84,3,14.36,13.44,8,14.58,190,0.57,0.57,1784,0.00,0.99,2,0.5000,39.50,160,18,0.00,8,13.35,16.76,20.39,14.30
34218,12.50,14.84,3,14.36,13.36,8,14.58,190,0.56,0.56,1776,0.00,0.99,2,0.5000,39.50,160,18,0.00,8,13.35,16.76,20.39,14.40
34322,12.50,14.84,3,14.36,13.44,8,14.58,190,0.57,0.57,1775,0.00,0.99,2,0.5000,39.50,160,18,0.00,8,13.35,16.83,20.39,14.40
34426,12.50,14.84,3,14.36,13.44,8,14.58,190,0.57,0.56,1776,0.00,0.99,2,0.5000,39.50,160,17,0.00,8,13.35,16.90,20.39,14.60
34530,12.50,14.84,3,14.36,13.36,8,14.58,190,0.57,0.57,1780,0.00,0.99,2,0.5000,39.50,160,17,0.00,8,13.35,16.83,20.39,14.40
34634,11.72,14.84,3,14.36,13.36,8,14.58,190,0.57,0.57,1778,0.00,0.99,2,0.5000,39.50,160,17,0.00,8,13.35,16.97,20.39,14.40
34738,11.72,14.84,3,14.36,13.44,8,14.58,190,0.57,0.57,1782,0.00,0.99,2,0.5000,39.50,160,16,0.00,8,13.35,16.83,20.78,14.40
34842,12.50,14.84,3,14.36,13.44,8,14.58,190,0.57,0.57,1799,0.00,0.99,2,0.5000,39.50,160,14,0.00,8,13.35,16.90,21.18,14.50
34946,12.50,14.84,3,14.36,13.36,8,14.58,190,0.57,0.56,1804,0.00,0.99,2,0.5000,39.50,160,12,0.00,8,13.49,17.04,20.78,14.50
35051,13.28,14.84,3,14.36,13.44,8,14.58,190,0.57,0.57,1808,0.00,0.99,2,0.5000,39.50,160,10,0.00,8,13.49,16.90,20.78,14.40
35154,13.28,14.84,3,14.36,13.44,8,14.58,190,0.56,0.57,1810,0.00,0.99,2,0.5000,40.00,158,8,0.00,8,13.35,16.83,20.78,14.60
35259,13.28,14.84,3,14.36,13.36,8,14.58,190,0.56,0.56,1798,0.00,0.99,2,0.5000,40.00,158,7,0.00,8,13.49,16.97,20.78,14.50
35363,13.28,14.84,3,14.36,13.36,8,14.58,190,0.56,0.57,1800,0.00,0.99,2,0.5000,40.00,158,6,0.00,9,13.35,17.03,20.78,14.60
35466,13.28,14.84,3,14.36,13.44,8,14.58,190,0.56,0.56,1800,0.00,0.99,2,0.5000,40.00,158,5,0.00,9,13.49,16.83,20.78,14.60
35571,13.28,14.84,3,14.36,13.44,8,14.58,192,0.56,0.56,1802,0.00,0.99,2,0.5000,40.00,158,4,0.00,9,13.35,16.97,20.78,14.60
35675,13.28,14.84,3,14.36,13.36,8,14.58,192,0.56,0.56,1817,0.00,0.99,2,0.5000,40.00,158,4,0.00,9,13.49,16.97,20.78,14.50
35778,13.28,14.84,3,14.36,13.36,8,14.58,192,0.56,0.56,1818,0.00,0.99,2,0.5000,40.00,158,4,0.00,9,13.35,16.97,20.78,14.50
35883,13.28,14.84,3,14.36,13.44,8,14.58,192,0.56,0.56,1819,0.00,0.99,2,0.5000,40.00,158,4,0.00,9,13.49,17.03,21.18,14.50
35987,13.28,14.84,3,14.36,13.44,8,14.58,192,0.57,0.57,1809,0.00,0.99,2,0.5000,40.00,158,3,0.00,10,13.49,17.37,22.35,14.50
36090,13.28,14.84,3,14.36,13.44,8,14.58,192,0.57,0.57,1816,0.00,0.99,2,0.5000,40.00,158,3,0.00,10,13.64,17.52,22.75,14.50
36195,13.28,14.84,3,14.36,13.36,8,14.58,192,0.57,0.57,1823,0.00,0.99,2,0.5000,40.00,158,3,0.00,10,13.78,17.52,23.14,14.60
36298,14.84,14.84,3,14.36,13.36,8,14.58,192,0.57,0.57,1850,0.00,0.99,2,0.5000,40.00,158,2,0.00,10,13.78,17.83,22.75,14.70
36403,14.84,14.84,3,14.36,13.36,8,14.58,192,0.57,0.57,1856,0.00,0.99,2,0.5000,40.00,158,2,0.00,11,13.78,17.68,22.75,15.10
36507,15.62,14.84,3,14.36,13.52,8,14.58,192,0.57,0.57,1861,0.00,0.99,2,0.5000,40.00,158,2,0.00,11,13.78,17.52,22.75,14.60
36611,15.62,14.84,3,14.36,13.44,8,14.58,192,0.57,0.57,1852,0.00,0.99,2,0.5000,40.00,158,2,0.00,11,13.78,17.83,22.75,14.60
36715,15.62,14.84,3,14.36,13.36,8,14.58,192,0.57,0.56,1849,0.00,0.99,2,0.5000,40.00,158,2,0.00,11,13.78,17.75,22.75,14.60
36819,15.62,14.84,3,14.36,13.36,8,14.58,192,0.57,0.57,1870,0.00,0.99,2,0.5000,40.00,158,2,0.00,11,13.78,17.83,22.75,14.50
36923,15.62,14.84,3,14.36,13.44,8,14.58,192,0.57,0.57,1874,0.00,0.99,2,0.5000,40.00,158,3,0.00,11,13.78,17.68,22.75,14.50
37027,16.41,14.84,3,14.36,13.36,8,14.58,192,0.57,0.57,1862,0.00,0.99,2,0.5000,40.00,158,3,0.00,11,13.78,17.75,22.35,14.60
37131,16.41,14.84,3,14.36,13.36,8,14.58,192,0.57,0.57,1858,0.00,0.99,2,0.5000,40.50,158,3,0.00,11,13.78,17.52,22.35,14.50
37235,15.62,14.84,3,14.36,13.28,8,14.58,192,0.57,0.57,1881,0.00,0.99,2,0.5000,40.50,158,3,0.00,11,13.78,17.83,22.35,14.40
37339,15.62,14.84,3,14.36,13.36,8,14.58,192,0.57,0.57,1884,0.00,0.99,2,0.5000,40.50,158,3,0.00,11,13.64,17.83,22.35,14.50
37443,16.41,14.84,3,14.36,13.44,8,14.58,192,0.57,0.57,1877,0.00,0.99,2,0.5000,40.50,156,4,0.00,11,13.64,17.99,22.35,14.50
37547,16.41,14.84,3,14.36,13.52,8,14.58,192,0.57,0.56,1879,0.00,0.99,2,0.5000,40.50,156,5,0.00,11,13.64,15.43,22.35,14.50
37650,16.41,14.84,3,14.36,13.36,8,14.58,192,0.57,0.57,1900,0.00,0.99,2,0.5000,40.50,156,5,0.00,11,13.64,17.83,22.35,14.60
37755,16.41,14.84,3,14.36,13.36,8,14.58,192,0.57,0.57,1904,0.00,0.99,2,0.5000,40.50,156,5,0.00,11,13.64,18.06,22.35,14.50
37859,16.41,14.84,3,14.36,13.44,8,14.58,192,0.57,0.57,1892,0.00,0.99,2,0.5000,40.50,156,6,0.00,11,13.64,17.99,22.35,14.50
37963,17.19,14.84,3,14.36,13.44,8,14.58,192,0.57,0.57,1892,0.00,0.99,2,0.5000,40.50,156,6,0.00,11,13.64,18.14,22.35,14.60
38067,17.19,14.84,3,14.36,13.52,8,14.58,192,0.57,0.57,1916,0.00,0.99,2,0.5000,40.50,156,7,0.00,11,13.64,18.06,22.35,14.70
38171,17.19,14.84,3,14.36,13.36,8,14.58,192,0.57,0.57,1911,0.00,0.99,2,0.5000,40.50,156,7,0.00,11,13.64,18.22,22.35,14.40
38275,17.19,14.84,3,14.36,13.36,8,14.58,192,0.57,0.57,1913,0.00,0.99,2,0.5000,40.50,156,8,0.00,11,13.64,18.22,22.35,14.50
38379,17.97,14.84,3,14.36,13.36,8,14.58,192,0.57,0.58,1926,0.00,0.99,2,0.5000,40.50,156,9,0.00,11,13.64,18.22,22.75,14.60
38483,17.19,14.84,3,14.36,13.36,8,14.58,192,0.58,0.58,1918,0.00,0.99,2,0.5000,40.50,156,9,0.00,11,13.78,19.71,27.06,14.60
38587,17.97,14.84,3,14.36,13.52,8,14.58,192,0.59,0.60,1928,0.00,0.99,2,0.5000,40.00,156,9,0.00,11,14.22,19.45,27.84,14.40
38691,19.53,14.84,3,14.36,13.36,8,14.58,192,0.60,0.60,1965,0.00,0.99,2,0.5000,39.50,156,10,0.00,12,14.36,19.53,27.84,15.00
38794,21.09,14.84,3,14.36,13.36,8,14.58,192,0.59,0.59,1969,0.00,0.99,2,0.5000,40.00,156,10,0.00,12,14.36,19.69,27.84,15.20
38899,21.88,14.84,3,14.36,13.36,8,14.58,192,0.59,0.59,2000,0.00,0.99,2,0.5000,40.00,156,10,0.00,12,14.36,19.69,27.84,14.80
39003,22.66,14.84,3,14.36,13.44,8,14.58,192,0.59,0.59,1992,0.00,0.99,2,0.5000,40.00,156,11,0.00,12,14.36,19.84,27.84,15.20
39107,23.44,14.84,3,14.36,13.52,8,14.58,192,0.59,0.59,2018,0.00,0.99,2,0.5000,40.00,156,12,0.00,12,14.36,20.01,27.84,14.90
39211,23.44,14.84,3,14.36,13.36,8,14.58,192,0.59,0.59,2010,0.00,0.99,2,0.5000,40.00,156,12,0.00,12,14.36,19.69,27.06,14.50
39315,24.22,14.84,3,14.36,13.36,8,14.58,192,0.59,0.58,2034,0.00,0.99,2,0.5000,40.50,156,12,0.00,12,14.36,19.84,26.27,14.50
39419,23.44,14.84,3,14.36,13.36,8,14.58,192,0.58,0.59,2026,0.00,0.99,2,0.5000,41.00,156,13,0.00,12,14.22,19.37,23.92,14.60
39522,24.22,14.84,3,14.36,13.44,8,14.58,192,0.57,0.56,2042,0.00,0.99,2,0.5000,41.00,156,13,0.00,12,13.93,19.53,23.92,14.50
39626,23.44,14.84,3,14.36,13.44,8,14.58,192,0.58,0.58,2025,0.00,0.99,2,0.5000,41.00,154,14,0.00,12,13.93,19.37,23.92,14.20
39730,21.88,14.84,3,14.36,13.36,8,14.58,192,0.57,0.57,2040,0.00,0.99,2,0.5000,41.50,154,14,0.00,12,13.93,19.37,23.92,14.30
39835,21.88,14.84,3,14.36,13.36,8,14.58,192,0.57,0.56,2028,0.00,0.99,2,0.5000,41.50,154,14,0.00,12,13.93,19.45,23.92,14.40
39938,21.88,14.84,3,14.36,13.36,8,14.58,192,0.57,0.57,2050,0.00,0.99,2,0.5000,41.50,154,15,0.00,12,13.93,19.53,23.92,14.30
40043,21.88,14.84,3,14.36,13.60,8,14.58,192,0.57,0.57,2042,0.00,0.99,2,0.5000,41.00,154,15,0.00,12,13.93,20.18,27.06,14.40
40146,21.88,14.84,3,14.36,13.44,8,14.58,192,0.58,0.59,2065,0.00,0.99,2,0.5000,40.50,154,15,0.00,13,14.22,20.27,27.84,14.50
40251,22.66,14.84,3,14.36,13.36,8,14.58,192,0.59,0.60,2072,0.00,0.99,2,0.5000,40.50,154,15,0.00,13,14.36,21.04,30.59,14.90
40354,25.00,14.84,3,14.36,12.80,8,14.58,192,0.60,0.60,2096,0.00,0.99,2,0.5000,40.00,154,15,0.00,14,14.51,21.04,30.98,14.80
40459,25.00,14.84,3,14.36,13.44,8,14.58,192,0.60,0.60,2136,0.00,0.99,2,0.5000,40.00,154,15,0.00,14,14.65,21.38,30.98,15.10
40563,25.00,14.84,3,14.36,13.36,8,14.58,192,0.60,0.59,2132,0.00,0.99,2,0.5000,40.00,154,15,0.00,14,14.65,21.38,30.98,15.20
40666,25.00,14.84,3,14.36,13.36,8,14.58,192,0.60,0.59,2152,0.00,0.99,2,0.5000,40.00,154,14,0.00,14,14.51,21.38,30.98,14.60
40771,25.00,14.84,3,14.36,13.36,8,14.58,192,0.60,0.60,2179,0.00,0.99,2,0.5000,40.00,154,13,0.00,16,14.65,21.64,30.98,14.30
40875,25.00,14.84,3,14.36,13.28,8,14.58,192,0.60,0.60,2190,0.00,0.99,2,0.5000,40.00,154,11,0.00,16,14.65,21.73,30.98,14.70
40979,25.00,14.84,3,14.36,13.36,8,14.58,192,0.60,0.59,2204,0.00,0.99,2,0.5000,40.00,154,9,0.00,17,14.65,21.55,26.67,14.70
41083,25.00,14.84,3,14.36,13.20,8,14.58,192,0.57,0.55,2198,0.00,0.99,2,0.5000,41.50,154,8,0.00,17,14.07,19.53,20.78,14.70
41188,23.44,14.84,3,14.36,13.44,8,14.58,192,0.53,0.52,2190,0.00,1.05,2,0.5000,42.00,154,7,0.00,17,13.20,17.65,15.69,13.90
41291,19.53,14.84,3,14.36,13.36,8,14.58,192,0.49,0.45,2183,0.00,1.07,2,0.5000,40.50,154,7,0.00,17,11.75,14.78,11.37,13.50
41395,12.50,14.84,3,14.36,13.36,8,14.57,192,0.43,0.39,2125,0.00,1.06,2,0.5000,39.00,154,6,0.00,17,10.01,13.49,10.98,12.60
41499,3.12,14.84,3,14.36,13.44,8,14.57,192,0.40,0.38,2064,0.00,1.00,2,0.5000,38.50,153,5,0.00,17,8.85,13.05,10.59,11.90
41603,-6.25,14.84,3,14.36,13.52,8,14.57,192,0.38,0.37,2074,0.00,1.00,2,0.5000,38.00,153,4,0.00,17,8.56,12.94,10.98,11.70
41707,-12.50,14.84,3,14.36,13.52,8,14.57,192,0.38,0.37,2070,0.00,1.00,2,0.5000,37.50,153,4,0.00,17,8.27,15.34,10.98,12.10
41812,-16.41,14.84,3,14.36,13.44,8,14.57,192,0.37,0.37,2075,0.00,1.00,2,0.5000,37.50,153,4,0.00,17,8.27,12.67,10.98,12.70
41915,-17.97,14.84,3,14.36,13.36,8,14.56,192,0.37,0.36,2092,0.00,1.00,2,0.5000,37.50,153,4,0.00,17,8.13,12.67,10.98,13.40
42020,-17.97,14.84,3,14.36,13.44,8,14.56,192,0.37,0.37,2037,0.00,1.00,2,0.5000,20.50,153,4,0.00,17,7.98,12.57,10.98,13.90
42123,-17.19,14.84,3,14.36,13.44,8,14.57,192,0.40,0.41,1818,0.00,0.92,2,0.5000,34.00,153,4,0.00,17,8.13,12.46,10.98,14.20
42228,-17.19,14.84,3,14.36,13.44,8,14.57,192,0.42,0.45,1660,0.00,1.00,2,0.5000,33.00,153,5,0.00,17,8.42,11.36,9.02,14.10
42331,-16.41,14.84,3,14.36,13.36,8,14.58,192,0.42,0.42,1560,0.00,1.00,2,0.5000,31.50,153,5,0.00,17,8.56,10.24,8.24,14.60
42435,-17.97,14.84,2,14.36,13.36,8,14.58,192,0.42,0.41,1490,0.00,1.00,2,0.5000,30.50,153,5,0.00,17,8.27,9.78,7.84,14.50
42539,-22.66,14.84,2,14.36,13.44,8,14.59,192,0.41,0.40,1444,0.00,1.00,2,0.5000,30.00,153,5,0.00,17,8.13,9.33,7.45,14.10
42643,-25.00,14.06,2,14.36,13.44,8,14.59,192,0.39,0.38,1458,0.00,1.00,3,0.5000,29.50,153,5,0.00,17,7.84,8.75,7.06,13.40
42747,-25.00,13.28,2,14.36,13.36,8,14.59,192,0.37,0.34,1446,0.00,1.00,3,0.5000,28.50,153,4,0.00,17,7.40,7.94,6.27,13.00
42852,-25.00,12.50,2,14.36,13.36,8,14.59,192,0.35,0.32,1448,0.00,1.00,3,0.5000,28.00,153,4,0.00,17,6.96,7.59,6.27,13.00
42955,-25.00,11.72,2,14.36,13.36,8,14.59,192,0.33,0.31,1423,0.00,1.00,3,0.5000,27.00,153,4,0.00,17,6.67,7.43,6.27,13.10
43059,-25.00,11.72,2,14.36,13.44,8,14.59,192,0.32,0.31,1432,0.00,1.00,3,0.5000,27.00,153,4,0.00,17,6.53,7.35,6.27,13.10
43164,-25.00,10.94,2,14.36,13.44,8,14.59,192,0.31,0.31,1415,0.00,1.00,3,0.5000,26.00,153,3,0.00,17,6.38,7.20,6.27,13.10
43267,-25.00,10.16,2,14.36,13.36,8,14.59,192,0.31,0.30,1422,0.00,1.00,3,0.5000,24.50,153,3,0.00,17,6.24,7.09,5.88,13.10
43372,-25.00,10.16,2,14.36,13.44,8,14.59,192,0.30,0.30,1414,0.00,1.00,3,0.5000,22.50,153,3,0.00,17,6.09,7.02,5.88,13.20
43476,-25.00,9.38,2,14.36,13.36,8,14.59,190,0.30,0.29,1424,0.00,1.00,3,0.5000,21.00,153,3,0.00,17,6.09,6.98,5.88,13.20
43580,-25.00,8.59,2,14.36,13.44,8,14.59,190,0.30,0.30,1402,0.00,1.00,3,0.5000,19.00,153,2,0.00,17,5.95,6.84,5.88,13.30
43684,0.00,8.59,2,14.36,13.44,10,14.59,190,0.30,0.30,1363,0.00,1.00,3,0.5000,17.50,153,2,0.00,17,5.95,6.87,5.88,13.50
43788,0.00,8.59,2,14.36,13.44,10,14.60,190,0.31,0.31,1306,0.00,1.00,3,0.5000,17.50,153,2,0.00,17,5.95,6.76,5.88,13.90
43891,0.00,7.81,2,14.36,13.20,10,14.60,190,0.31,0.32,1266,0.00,1.00,3,0.5000,17.00,153,1,0.00,17,6.24,6.54,5.88,14.30
43996,0.00,7.81,2,14.36,13.52,10,14.60,190,0.31,0.31,1242,0.00,1.00,3,0.5000,17.00,153,0,0.00,17,6.38,6.47,5.88,15.60
44100,0.00,7.03,2,14.36,13.52,10,14.63,190,0.32,0.34,1144,0.00,1.00,3,0.5000,22.00,153,0,0.00,17,6.53,6.40,5.88,15.80
44204,0.00,7.03,2,14.36,13.44,10,14.63,190,0.34,0.37,1040,0.00,1.00,3,0.5000,17.00,151,0,0.00,17,6.67,6.18,5.49,16.50
44307,0.00,6.25,2,14.36,13.44,10,14.60,190,0.32,0.31,1190,0.00,1.00,3,0.5000,17.50,151,0,0.00,17,6.96,6.02,5.49,19.60
44412,0.00,6.25,2,14.36,13.36,10,14.60,190,0.30,0.28,1286,0.00,1.00,3,0.5000,17.50,151,0,0.00,17,6.67,6.09,5.88,20.30
44516,0.00,6.25,2,14.36,13.44,10,14.59,190,0.29,0.27,1384,0.00,1.00,3,0.5000,18.00,151,0,0.00,17,6.38,6.25,5.88,14.80
44620,0.00,5.47,2,14.36,13.44,8,14.59,190,0.28,0.27,1420,0.00,1.00,3,0.5000,18.50,151,0,0.00,17,6.24,6.32,5.88,12.80
44724,-2.34,5.47,2,14.36,13.52,8,14.58,190,0.27,0.26,1462,0.00,1.00,3,0.5000,18.50,151,0,0.00,17,6.09,6.40,6.27,12.20
44828,-5.47,5.47,2,14.36,13.36,8,14.59,190,0.27,0.26,1454,0.00,1.00,3,0.5000,18.50,151,0,0.00,17,5.95,6.40,6.27,12.40
44932,-7.81,4.69,2,14.36,13.28,8,14.59,190,0.26,0.26,1465,0.00,1.00,3,0.5000,18.50,151,0,0.00,17,5.95,6.36,6.27,12.60
45036,-8.59,4.69,2,14.36,13.36,8,14.59,190,0.26,0.27,1438,0.00,1.00,3,0.5000,18.50,151,0,0.00,17,5.80,6.40,6.27,12.80
45140,-9.38,4.69,2,14.36,13.44,8,14.59,190,0.27,0.27,1444,0.00,1.00,3,0.5000,18.50,151,0,0.00,17,5.80,6.36,6.27,13.00
45244,-9.38,4.69,2,14.36,13.52,8,14.59,190,0.27,0.27,1424,0.00,1.00,3,0.5000,18.50,151,0,0.00,17,5.80,6.32,6.27,13.30
45348,-10.16,3.91,2,14.36,13.36,8,14.59,190,0.26,0.26,1438,0.00,1.00,3,0.5000,18.00,151,0,0.00,17,5.80,6.29,5.88,13.50
45451,-10.94,3.91,2,14.36,13.36,8,14.59,190,0.26,0.27,1416,0.00,1.00,3,0.5000,18.00,151,0,0.00,17,5.80,6.25,5.88,13.70
45556,-11.72,3.91,2,14.36,13.36,8,14.59,190,0.26,0.27,1415,0.00,1.00,3,0.5000,18.00,151,0,0.00,17,5.66,6.21,5.88,13.80
45660,-12.50,3.91,2,14.36,13.36,8,14.59,190,0.26,0.27,1413,0.00,1.00,3,0.5000,18.00,151,0,0.00,17,5.66,6.18,5.88,13.80
45764,-12.50,3.91,2,14.36,13.52,8,14.59,190,0.27,0.27,1381,0.00,1.00,3,0.5000,18.00,151,0,0.00,17,5.66,6.15,5.88,13.80
45867,-13.28,3.12,2,14.36,13.36,8,14.59,190,0.27,0.27,1375,0.00,1.00,3,0.5000,17.50,151,0,0.00,17,5.66,6.12,5.88,14.00
45971,-13.28,3.12,2,14.36,13.36,8,14.59,190,0.27,0.27,1344,0.00,1.00,3,0.5000,17.50,151,0,0.00,17,5.80,6.12,5.88,14.00
46076,-13.28,3.12,2,14.36,13.36,8,14.60,190,0.27,0.27,1333,0.00,1.00,3,0.5000,17.50,151,0,0.00,17,5.80,5.99,5.88,14.10
46180,-14.06,3.12,2,14.36,13.44,8,14.60,190,0.27,0.27,1320,0.00,1.00,3,0.5000,17.50,151,0,0.00,17,5.80,5.99,5.88,14.10
46284,-14.06,3.12,2,14.36,13.44,8,14.60,190,0.27,0.28,1297,0.00,1.00,3,0.5000,17.50,151,0,0.00,17,5.80,5.96,5.88,14.30
46388,-14.06,3.12,2,14.36,13.36,8,14.60,190,0.27,0.28,1287,0.00,1.00,3,0.5000,17.50,151,0,0.00,17,5.80,5.96,5.88,14.30
46492,-14.06,2.34,2,14.36,13.36,8,14.60,190,0.27,0.27,1282,0.00,1.00,3,0.5000,17.50,151,0,0.00,17,5.95,5.92,5.88,14.30
46596,-14.06,0.78,2,14.36,13.44,8,14.60,190,0.28,0.28,1281,0.00,1.00,3,0.5000,17.00,151,0,0.00,17,5.95,5.92,5.88,14.50
46700,-13.28,0.78,2,14.36,13.44,8,14.60,190,0.28,0.28,1266,0.00,1.00,3,0.5000,17.00,151,0,0.00,17,5.95,5.86,5.88,14.60
46804,-13.28,0.78,2,14.36,13.44,8,14.60,190,0.28,0.28,1242,0.00,1.00,3,0.5000,17.00,151,0,0.00,17,6.09,5.79,5.88,14.50
46908,-13.28,0.78,2,14.36,13.44,8,14.60,190,0.28,0.28,1229,0.00,1.00,3,0.5000,17.00,151,0,0.00,17,6.09,5.76,5.88,14.30
47011,-12.50,0.78,2,14.36,13.44,8,14.60,190,0.28,0.28,1213,0.00,1.00,3,0.5000,17.00,151,0,0.00,17,6.09,5.73,5.88,14.90
47116,-11.72,0.78,2,14.36,13.36,8,14.60,190,0.28,0.28,1209,0.00,1.00,3,0.5000,17.00,151,0,0.00,17,6.24,5.73,5.88,15.00
47220,-11.72,0.78,2,14.36,13.44,8,14.61,190,0.28,0.29,1198,0.00,1.00,3,0.5000,17.00,151,0,0.00,17,6.24,5.66,5.49,14.90
47324,-10.94,0.78,2,14.36,13.36,8,14.61,190,0.28,0.28,1194,0.00,1.00,3,0.5000,17.00,151,0,0.00,17,6.24,5.66,5.88,15.10
47428,-10.94,0.78,2,14.36,13.44,8,14.61,190,0.28,0.28,1195,0.00,1.00,3,0.5000,17.00,151,0,0.00,17,6.38,5.63,5.49,15.10
47532,-10.16,0.78,2,14.36,13.44,8,14.61,190,0.28,0.28,1186,0.00,1.00,3,0.5000,17.00,151,0,0.00,17,6.38,5.60,5.49,15.20
47636,-10.16,0.78,2,14.36,13.44,8,14.61,190,0.28,0.29,1178,0.00,1.00,3,0.5000,17.00,151,0,0.00,17,6.38,5.60,5.49,15.20
47740,-9.38,0.78,2,14.36,13.52,8,14.61,190,0.29,0.29,1160,0.00,1.00,3,0.5000,17.00,151,0,0.00,17,6.38,5.57,5.49,15.20
47844,-9.38,0.78,1,14.36,13.44,8,14.61,190,0.29,0.29,1158,0.00,1.00,3,0.5000,21.00,151,0,0.00,17,6.38,5.54,5.49,15.10
47947,-8.59,0.78,1,14.36,13.44,8,14.61,190,0.29,0.29,1156,0.00,1.00,3,0.5000,17.00,151,0,0.00,17,6.38,5.47,5.49,15.10
48052,-8.59,1.56,1,14.36,13.44,8,14.62,190,0.29,0.28,1154,0.00,1.00,3,0.5000,21.00,151,0,0.00,17,6.53,5.47,5.49,15.10
48156,-7.81,1.56,1,14.36,13.44,8,14.62,190,0.29,0.29,1146,0.00,1.00,3,0.5000,20.50,151,0,0.00,17,6.53,5.47,5.49,15.10
48260,-7.81,1.56,1,14.36,13.44,8,14.62,190,0.29,0.29,1141,0.00,1.00,3,0.5000,20.50,151,0,0.00,17,6.53,5.47,5.49,15.10
48364,-7.81,1.56,1,14.36,13.52,8,14.62,190,0.29,0.29,1134,0.00,1.00,3,0.5000,21.00,151,0,0.00,17,6.53,5.47,5.49,15.10
48468,-7.81,2.34,1,14.36,13.36,8,14.62,190,0.29,0.29,1126,0.00,1.00,3,0.5000,20.50,151,0,0.00,17,6.53,5.44,5.49,15.00
48572,-7.81,2.34,1,14.36,13.52,8,14.63,190,0.29,0.29,1111,0.00,1.00,3,0.5000,21.00,151,0,0.00,17,6.53,5.41,5.49,15.00
48676,-7.81,2.34,1,14.36,13.44,8,14.63,190,0.29,0.30,1092,0.00,1.00,3,0.5000,21.50,151,0,0.00,17,6.67,5.41,5.49,14.90
48780,-7.81,2.34,1,14.36,13.44,8,14.63,190,0.29,0.30,1074,0.00,1.00,3,0.5000,21.50,151,0,0.00,17,6.67,5.34,5.49,14.90
48884,-7.81,3.12,1,14.36,13.44,8,14.63,190,0.30,0.30,1060,0.00,1.00,3,0.5000,22.00,151,0,0.00,17,6.67,5.31,5.49,14.90
48988,-7.81,3.12,1,14.36,13.52,8,14.64,190,0.30,0.30,1062,0.00,1.00,3,0.5000,22.00,151,0,0.00,17,6.82,5.28,5.49,14.80
49092,-7.81,3.12,1,14.36,13.52,8,14.64,190,0.30,0.30,1051,0.00,1.00,3,0.5000,22.00,151,0,0.00,17,6.82,5.21,5.49,14.80
49196,-7.81,3.12,1,14.36,13.36,8,14.64,190,0.30,0.30,1033,0.00,1.00,3,0.5000,22.00,151,0,0.00,17,6.82,5.21,5.49,14.70
49300,-7.81,3.12,1,14.36,13.44,8,14.65,190,0.30,0.31,1008,0.00,1.00,3,0.5000,22.00,151,0,0.00,17,6.96,5.15,5.10,14.90
49404,-7.81,3.91,1,14.36,13.36,8,14.65,190,0.30,0.31,991,0.00,1.00,3,0.5000,22.00,151,0,0.00,17,6.96,5.15,5.10,14.60
49508,-7.81,3.91,1,14.36,13.44,8,14.66,190,0.31,0.31,987,0.00,1.00,3,0.5000,22.00,151,0,0.00,17,7.11,5.15,5.49,14.60
49612,-8.59,3.91,1,14.36,13.52,8,14.66,190,0.31,0.33,956,0.00,1.00,3,0.5000,22.00,151,0,0.00,17,7.25,5.31,5.88,14.50
49716,-8.59,3.91,1,14.36,13.44,8,14.66,190,0.32,0.34,933,0.00,1.00,3,0.5000,22.00,151,0,0.00,17,7.40,5.34,5.88,14.50
49820,-8.59,6.25,1,14.36,13.44,8,14.67,190,0.33,0.35,928,0.00,1.00,3,0.5000,22.00,151,0,0.00,17,7.69,5.34,5.88,14.50
49924,-8.59,6.25,1,14.36,13.36,8,14.67,190,0.34,0.35,903,0.00,1.00,3,0.5000,22.00,151,0,0.00,17,7.84,5.28,5.49,14.50
50028,-8.59,6.25,1,14.36,13.44,8,14.67,190,0.34,0.35,900,0.00,1.00,3,0.5000,22.00,151,0,0.00,17,7.98,5.21,5.49,14.40
50132,-8.59,6.25,1,14.36,13.36,8,14.68,190,0.35,0.36,864,0.00,1.00,3,0.5000,22.00,151,0,0.00,17,8.13,5.21,5.49,14.50
50236,-7.81,6.25,1,14.36,13.36,8,14.69,190,0.36,0.37,852,0.00,1.00,3,0.5000,22.00,151,0,0.00,17,8.27,5.18,5.49,14.40
50340,-7.81,6.25,1,14.36,13.36,8,14.69,190,0.36,0.38,821,0.00,0.99,3,0.5000,22.00,151,0,0.00,17,8.42,5.15,5.49,15.00
50444,-7.81,6.25,1,14.36,13.28,8,14.69,190,0.36,0.37,828,0.00,0.99,3,0.5000,22.00,151,0,0.00,17,8.56,5.15,5.49,14.80
50548,-7.81,6.25,1,14.36,13.44,8,14.68,190,0.36,0.37,838,0.00,0.99,3,0.5000,21.00,151,0,0.00,17,8.71,5.15,5.49,14.70
50652,-7.81,6.25,1,14.36,13.44,8,14.67,190,0.36,0.35,879,0.00,1.00,3,0.5000,17.00,151,0,0.00,17,8.71,5.15,5.49,14.80
50756,-7.81,6.25,1,14.36,13.44,8,14.67,190,0.35,0.34,904,0.00,1.00,3,0.5000,17.00,151,0,0.00,17,8.56,5.12,5.49,14.80
50860,-7.03,6.25,1,14.36,13.44,8,14.66,190,0.34,0.33,946,0.00,1.00,3,0.5000,13.00,151,0,0.00,17,8.42,5.41,6.27,14.80
50964,-7.03,6.25,2,14.36,13.36,8,14.65,190,0.34,0.33,1003,0.00,1.00,3,0.5000,12.00,151,0,0.00,17,8.42,5.60,6.27,14.80
51067,-7.03,5.47,2,14.36,13.44,8,14.65,190,0.34,0.35,990,0.00,1.00,3,0.5000,14.50,151,0,0.00,17,8.42,5.79,6.67,14.80
51172,-7.03,5.47,2,14.36,13.44,8,14.65,190,0.35,0.36,992,0.00,1.00,3,0.5000,15.00,151,0,0.00,17,8.42,5.92,6.67,15.00
51276,-6.25,5.47,2,14.36,13.44,8,14.65,190,0.35,0.36,995,0.00,1.00,3,0.5000,14.50,151,0,0.00,17,8.56,5.92,6.67,14.90
51380,-5.47,4.69,2,14.36,13.44,8,14.65,190,0.35,0.36,981,0.00,1.00,2,0.5000,14.00,151,0,0.00,17,8.56,5.92,6.67,14.90
51484,-4.69,4.69,2,14.36,13.44,8,14.65,190,0.35,0.36,992,0.00,1.00,2,0.5000,13.00,151,0,0.00,17,8.71,5.89,6.67,15.40
51588,-3.91,4.69,2,14.36,13.44,8,14.64,190,0.35,0.34,1032,0.00,1.00,2,0.5000,12.50,151,0,0.00,17,8.56,5.86,6.67,15.40
51692,-3.12,4.69,2,14.36,13.44,8,14.64,190,0.35,0.34,1044,0.00,1.00,2,0.5000,12.00,151,0,0.00,17,8.56,5.92,6.67,15.70
51796,-3.12,3.91,2,14.36,13.52,8,14.64,190,0.34,0.34,1042,0.00,1.00,2,0.5000,12.50,151,0,0.00,17,8.42,5.79,6.27,15.60
51900,-3.12,3.91,2,14.36,13.52,8,14.64,190,0.34,0.33,1040,0.00,1.00,2,0.5000,13.50,151,0,0.00,17,8.27,5.70,6.27,15.50
52004,-2.34,3.91,2,14.36,13.52,8,14.64,190,0.33,0.33,1036,0.00,1.00,2,0.5000,14.50,151,0,0.00,17,8.27,5.66,6.27,15.40
52108,-2.34,3.91,2,14.36,13.44,8,14.64,190,0.33,0.33,1050,0.00,1.00,2,0.5000,14.50,151,0,0.00,17,8.13,5.66,6.27,15.40
52212,-1.56,3.91,2,14.36,13.52,8,14.64,190,0.33,0.32,1055,0.00,1.00,2,0.5000,15.50,151,0,0.00,17,7.98,5.66,6.27,15.10
52316,-1.56,3.12,2,14.36,13.44,8,14.64,190,0.33,0.32,1048,0.00,1.00,2,0.5000,14.50,151,0,0.00,17,7.98,5.63,6.27,15.20
52420,-1.56,3.12,2,14.36,13.52,8,14.64,190,0.33,0.33,1044,0.00,1.00,2,0.5000,14.00,151,0,0.00,17,7.98,5.66,6.27,15.20
52524,-1.56,3.12,2,14.36,13.44,8,14.63,190,0.32,0.32,1056,0.00,1.00,2,0.5000,15.00,151,0,0.00,17,7.84,5.70,5.88,15.10
52628,-0.78,3.12,1,14.36,13.36,8,14.63,190,0.32,0.32,1054,0.00,1.00,2,0.5000,15.50,151,0,0.00,17,7.84,5.37,5.49,15.20
52732,-0.78,3.12,1,14.36,13.52,8,14.64,190,0.31,0.30,1057,0.00,1.00,2,0.5000,17.50,151,0,0.00,17,7.69,5.15,5.49,15.10
52836,-0.78,3.12,1,14.36,13.44,8,14.64,190,0.31,0.30,1047,0.00,1.00,2,0.5000,19.00,151,0,0.00,17,7.55,5.21,5.88,15.00
52940,-0.78,3.12,2,14.36,13.52,8,14.64,190,0.31,0.31,1031,0.00,1.00,2,0.5000,21.50,151,0,0.00,17,7.55,5.89,7.45,15.00
53044,-0.78,3.12,2,14.36,13.44,8,14.64,190,0.33,0.37,1033,0.00,0.89,2,0.5000,22.50,151,0,0.00,17,7.84,6.87,8.24,15.00
53148,-0.78,3.12,2,14.36,13.44,8,14.63,190,0.35,0.40,1050,0.00,0.92,2,0.5000,23.00,151,0,0.00,17,8.42,6.99,7.84,14.80
53252,-0.78,3.12,2,14.36,13.44,8,14.62,190,0.36,0.37,1108,0.00,0.99,2,0.5000,24.50,151,0,0.00,17,9.00,6.88,7.84,14.50
53356,1.56,3.12,2,14.36,13.44,8,14.61,190,0.36,0.35,1166,0.00,0.99,2,0.5000,24.50,151,0,0.00,17,8.85,6.84,7.45,14.80
53460,3.91,3.12,2,14.36,13.52,8,14.61,190,0.36,0.35,1175,0.00,0.99,2,0.5000,24.50,151,0,0.00,17,8.71,6.81,7.45,15.00
53564,4.69,3.12,2,14.36,13.44,8,14.61,190,0.35,0.35,1170,0.00,1.00,2,0.5000,24.50,151,0,0.00,17,8.71,7.06,7.84,15.30
53668,6.25,2.34,2,14.36,13.44,8,14.61,190,0.36,0.38,1165,0.00,0.99,2,0.5000,24.50,151,0,0.00,17,8.85,7.47,8.63,15.40
53773,7.81,0.78,2,14.36,13.44,8,14.60,190,0.37,0.38,1190,0.00,0.99,2,0.5000,25.50,151,0,0.00,17,9.14,7.75,8.63,15.50
53876,4.69,0.78,2,14.36,13.44,8,14.60,190,0.38,0.38,1210,0.00,0.99,2,0.5000,26.00,151,0,0.00,17,9.29,7.80,8.63,15.80
53980,3.12,0.78,2,14.36,13.52,8,14.60,190,0.39,0.40,1218,0.00,0.99,2,0.5000,26.50,151,0,0.00,17,9.43,8.68,12.16,13.80
54084,7.81,0.78,3,14.36,13.44,8,14.60,190,0.41,0.45,1238,0.00,0.89,2,0.5000,28.00,151,0,0.00,17,10.16,10.02,13.33,13.80
54188,11.72,0.78,3,14.36,13.36,8,14.60,190,0.44,0.48,1291,0.00,0.92,2,0.5000,29.50,151,0,0.00,17,11.17,10.31,13.33,15.70
54292,14.84,1.56,3,14.36,13.36,8,14.59,190,0.45,0.47,1341,0.00,0.99,2,0.5000,31.00,151,0,0.00,17,11.61,10.60,13.33,16.20
54396,18.75,2.34,3,14.36,13.36,8,14.59,190,0.45,0.46,1395,0.00,0.99,2,0.5000,31.50,151,0,0.00,17,11.61,10.65,13.33,16.30
54499,21.09,3.12,3,14.36,13.44,8,14.58,190,0.45,0.44,1470,0.00,0.99,2,0.5000,32.50,151,0,0.00,17,11.46,10.89,13.33,16.00
54604,21.88,3.91,3,14.36,13.36,8,14.58,190,0.44,0.44,1494,0.00,0.99,2,0.5000,32.50,151,0,0.00,17,11.17,11.14,12.94,15.60
54709,20.31,3.91,3,14.36,13.44,8,14.58,190,0.44,0.44,1515,0.00,0.99,2,0.5000,33.00,151,0,0.00,17,11.17,11.15,12.94,15.10
54812,20.31,4.69,3,14.36,13.44,8,14.58,190,0.44,0.43,1534,0.00,0.99,2,0.5000,33.00,151,0,0.00,17,11.03,11.20,12.55,14.70
54916,19.53,5.47,3,14.36,13.36,8,14.58,190,0.44,0.44,1525,0.00,0.99,2,0.5000,33.00,151,0,0.00,17,10.88,11.25,12.55,14.40
55020,17.97,5.47,3,14.36,13.52,8,14.58,190,0.44,0.44,1536,0.00,0.99,2,0.5000,33.00,151,0,0.00,17,10.74,11.34,12.55,14.30
55124,17.19,6.25,3,14.36,13.44,8,14.58,190,0.44,0.44,1536,0.00,0.99,2,0.5000,33.00,151,0,0.00,17,10.74,11.49,12.55,14.10
55228,15.62,7.03,3,14.36,13.36,8,14.58,190,0.44,0.45,1526,0.00,0.99,2,0.5000,33.00,151,0,0.00,17,10.74,11.49,12.55,14.00
55333,14.06,7.03,3,14.36,13.36,8,14.58,190,0.45,0.45,1543,0.00,0.99,2,0.5000,33.50,151,0,0.00,17,10.74,11.34,12.55,14.00
55436,13.28,7.81,3,14.36,13.52,8,14.58,190,0.45,0.45,1552,0.00,0.99,2,0.5000,33.50,151,0,0.00,17,10.74,11.59,12.55,14.00
55540,11.72,7.81,3,14.36,13.44,8,14.58,190,0.45,0.45,1543,0.00,0.99,2,0.5000,33.50,151,0,0.00,17,10.59,11.64,12.55,13.90
55645,10.94,8.59,3,14.36,13.36,8,14.58,190,0.45,0.45,1564,0.00,0.99,2,0.5000,34.00,151,0,0.00,17,10.59,11.64,12.55,14.00
55748,9.38,8.59,3,14.36,13.44,8,14.58,190,0.45,0.45,1574,0.00,0.99,2,0.5000,34.00,151,0,0.00,17,10.59,11.74,12.55,13.90
55852,8.59,8.59,3,14.36,13.36,8,14.58,190,0.45,0.44,1566,0.00,0.99,2,0.5000,34.00,151,0,0.00,17,10.59,11.74,12.55,14.00
55956,7.81,9.38,3,14.36,13.52,8,14.58,190,0.45,0.45,1572,0.00,0.99,2,0.5000,34.00,151,0,0.00,17,10.59,11.85,12.55,14.00
56060,7.03,9.38,3,14.36,13.36,8,14.58,189,0.45,0.45,1595,0.00,0.99,2,0.5000,34.50,151,0,0.00,17,10.59,12.17,12.94,14.10
56164,6.25,10.16,3,14.36,13.36,8,14.57,189,0.45,0.45,1609,0.00,0.99,2,0.5000,34.50,151,0,0.00,17,10.59,12.06,12.94,14.10
56268,6.25,10.16,3,14.36,13.44,8,14.57,189,0.45,0.45,1610,0.00,0.99,2,0.5000,34.50,151,0,0.00,17,10.59,11.95,12.94,14.10
56372,6.25,10.16,3,14.36,13.36,8,14.57,189,0.45,0.46,1621,0.00,0.99,2,0.5000,35.00,151,0,0.00,17,10.59,12.17,12.94,14.30
56476,6.25,10.16,3,14.36,13.44,8,14.57,189,0.45,0.45,1622,0.00,0.99,2,0.5000,35.00,151,0,0.00,17,10.59,12.22,12.94,14.40
56580,5.47,10.94,3,14.36,13.44,8,14.57,189,0.45,0.45,1640,0.00,0.99,2,0.5000,35.00,151,0,0.00,17,10.59,12.28,12.94,14.40
56684,5.47,10.94,3,14.36,13.36,8,14.57,189,0.45,0.45,1653,0.00,0.99,2,0.5000,35.00,151,0,0.00,17,10.59,12.38,12.94,14.30
56788,4.69,10.94,3,14.36,13.44,8,14.57,189,0.45,0.44,1662,0.00,0.99,2,0.5000,35.00,151,0,0.00,17,10.59,12.22,12.94,14.50
56892,4.69,11.72,3,14.36,13.44,8,14.57,189,0.44,0.44,1672,0.00,0.99,2,0.5000,35.00,151,0,0.00,17,10.45,12.38,12.94,14.40
56996,4.69,11.72,3,14.36,13.52,8,14.57,189,0.44,0.44,1662,0.00,0.99,2,0.5000,35.00,151,0,0.00,17,10.45,12.33,12.94,14.40
57100,4.69,11.72,3,14.36,13.36,8,14.57,189,0.44,0.44,1671,0.00,0.99,2,0.5000,35.00,149,0,0.00,17,10.30,12.33,12.94,14.40
57204,4.69,11.72,3,14.36,13.36,8,14.57,189,0.44,0.44,1684,0.00,0.99,2,0.5000,35.50,149,1,0.00,17,10.30,12.49,12.94,14.50
57308,4.69,11.72,3,14.36,13.44,8,14.57,189,0.44,0.44,1690,0.00,0.99,2,0.5000,35.50,149,0,0.00,17,10.30,12.49,12.94,14.50
57413,4.69,12.50,3,14.36,13.44,8,14.57,189,0.44,0.44,1699,0.00,0.99,2,0.5000,35.50,149,1,0.00,17,10.30,12.60,12.94,14.60
57516,4.69,12.50,3,14.36,13.52,8,14.57,189,0.44,0.44,1711,0.00,0.99,2,0.5000,35.50,149,1,0.00,17,10.16,12.60,12.94,14.50
57621,4.69,12.50,3,14.36,13.36,8,14.57,189,0.44,0.44,1719,0.00,0.99,2,0.5000,35.50,149,1,0.00,17,10.16,12.55,12.94,14.50
57725,4.69,12.50,3,14.36,13.44,8,14.57,189,0.44,0.44,1730,0.00,0.99,2,0.5000,35.50,149,1,0.00,17,10.16,12.65,12.94,14.40
57828,4.69,12.50,3,14.36,13.52,8,14.57,189,0.44,0.43,1738,0.00,0.99,2,0.5000,35.50,149,2,0.00,17,10.01,12.65,12.94,14.50
57933,4.69,12.50,3,14.36,13.36,8,14.57,189,0.43,0.43,1748,0.00,0.99,2,0.5000,36.00,149,2,0.00,17,10.01,12.71,12.94,14.60
58036,4.69,13.28,3,14.36,13.52,8,14.57,189,0.43,0.44,1758,0.00,0.99,2,0.5000,36.00,149,2,0.00,17,10.01,12.71,12.94,14.50
58140,4.69,13.28,3,14.36,13.36,8,14.57,189,0.43,0.43,1764,0.00,0.99,2,0.5000,36.00,149,2,0.00,17,9.87,12.60,12.94,14.40
58244,4.69,14.84,3,14.36,13.36,8,14.57,189,0.43,0.43,1773,0.00,0.99,2,0.5000,36.00,149,2,0.00,17,9.87,15.32,12.94,14.50
58349,3.91,14.84,3,14.36,13.44,8,14.57,189,0.43,0.43,1778,0.00,0.99,2,0.5000,36.00,149,2,0.00,17,9.87,10.26,12.94,14.40
58452,3.91,14.84,3,14.36,13.52,8,14.57,189,0.43,0.43,1797,0.00,0.99,2,0.5000,36.50,149,3,0.00,17,9.87,12.92,12.94,14.40
58556,3.12,14.84,3,14.36,13.52,8,14.57,189,0.43,0.43,1806,0.00,0.99,2,0.5000,36.50,149,3,0.00,17,9.87,12.82,12.94,14.40
58660,3.12,14.84,3,14.36,13.36,8,14.57,189,0.43,0.43,1817,0.00,0.99,2,0.5000,36.00,149,3,0.00,17,9.87,12.82,12.94,14.50
58765,3.12,14.84,3,14.36,13.36,8,14.57,189,0.42,0.42,1823,0.00,0.99,2,0.5000,36.00,149,4,0.00,17,9.72,12.87,12.94,14.40
58868,2.34,14.84,3,14.36,13.44,8,14.57,189,0.42,0.43,1816,0.00,0.99,2,0.5000,36.50,149,4,0.00,17,9.72,12.98,12.94,14.40
58973,3.12,14.84,3,14.36,13.52,8,14.57,189,0.43,0.43,1819,0.00,0.99,2,0.5000,36.50,149,4,0.00,17,9.72,12.82,12.94,14.40
59076,3.12,14.84,3,14.36,13.52,8,14.57,189,0.42,0.42,1826,0.00,0.99,2,0.5000,36.50,149,4,0.00,17,9.58,12.92,12.94,14.50
59180,3.12,14.84,3,14.36,13.36,8,14.57,189,0.42,0.42,1850,0.00,0.99,2,0.5000,36.50,149,5,0.00,17,9.72,13.03,12.94,14.40
59285,2.34,14.84,3,14.36,13.36,8,14.57,189,0.42,0.42,1853,0.00,0.99,2,0.5000,36.50,149,5,0.00,17,9.58,12.94,12.94,14.40
59389,2.34,14.84,3,14.36,13.44,8,14.57,189,0.42,0.42,1860,0.00,0.99,2,0.5000,36.50,149,5,0.00,17,9.58,13.04,12.94,14.50
59492,3.12,14.84,3,14.36,13.52,8,14.57,189,0.42,0.42,1851,0.00,0.99,2,0.5000,36.50,149,6,0.00,17,9.58,12.88,12.94,14.60
59596,3.12,14.84,3,14.36,13.52,8,14.57,187,0.42,0.42,1858,0.00,0.99,2,0.5000,37.00,149,6,0.00,17,9.43,13.04,12.55,14.50
59700,3.12,14.84,3,14.36,13.44,8,14.57,187,0.41,0.40,1882,0.00,0.99,2,0.5000,36.50,149,6,0.00,17,9.43,12.67,12.16,14.50
59804,3.12,14.84,3,14.36,13.36,8,14.57,187,0.41,0.41,1881,0.00,0.99,2,0.5000,36.00,149,6,0.00,17,9.14,12.45,12.16,14.40
59908,2.34,14.84,3,14.36,13.36,8,14.57,187,0.40,0.41,1863,0.00,0.99,2,0.5000,36.00,149,7,0.00,17,9.14,12.61,12.16,14.30
60013,1.56,14.84,3,14.36,13.52,8,14.56,187,0.40,0.40,1869,0.00,0.99,2,0.5000,36.50,149,7,0.00,17,9.14,12.30,12.16,14.20
60116,0.78,14.84,3,14.36,13.44,8,14.56,187,0.40,0.39,1888,0.00,0.99,2,0.5000,36.00,149,7,0.00,17,9.00,12.30,11.76,14.30
60221,0.78,14.84,3,14.36,13.52,8,14.56,187,0.39,0.39,1892,0.00,0.99,2,0.5000,36.00,149,8,0.00,17,8.85,12.25,11.76,14.30
60325,0.00,14.84,3,14.36,13.36,8,14.56,187,0.39,0.39,1878,0.00,0.99,2,0.5000,36.00,149,9,0.00,17,8.85,11.66,10.20,14.20
60428,-0.78,14.84,3,14.36,13.44,8,14.56,187,0.37,0.35,1880,0.00,0.99,2,0.5000,35.00,149,8,0.00,17,8.42,10.68,9.41,14.40
60533,-1.56,14.84,3,14.36,13.44,8,14.56,187,0.35,0.33,1870,0.00,0.99,2,0.5000,34.00,149,9,0.00,17,7.84,10.29,9.41,14.30
60636,-4.69,14.84,3,14.36,13.44,8,14.56,187,0.34,0.33,1855,0.00,0.99,2,0.5000,33.50,149,9,0.00,17,7.40,10.19,9.41,14.00
60741,-7.81,14.84,3,14.36,13.44,8,14.56,187,0.33,0.33,1840,0.00,0.99,2,0.5000,33.50,149,9,0.00,17,7.40,10.29,9.80,13.60
60844,-10.16,14.84,3,14.36,13.36,8,14.56,187,0.33,0.33,1836,0.00,0.99,2,0.5000,33.50,149,10,0.00,17,7.40,10.49,10.20,13.50
60948,-10.94,14.84,3,14.36,13.52,8,14.56,187,0.34,0.34,1856,0.00,0.99,2,0.5000,34.00,149,10,0.00,17,7.40,10.44,9.41,13.70
61053,-10.94,14.84,3,14.36,13.52,8,14.56,187,0.33,0.33,1884,0.00,0.99,2,0.5000,34.00,149,10,0.00,17,7.40,7.69,9.41,13.90
61157,-10.16,14.84,3,14.36,13.52,8,14.56,187,0.33,0.33,1844,0.00,0.99,2,0.5000,17.50,149,10,0.00,17,7.25,9.97,9.41,14.30
61260,-9.38,14.84,3,14.36,13.52,8,14.58,187,0.35,0.37,1647,0.00,0.99,2,0.5000,30.50,149,11,0.00,17,7.40,10.10,9.41,14.50
61365,-9.38,14.84,3,14.36,13.44,8,14.58,187,0.37,0.40,1534,0.00,0.99,2,0.5000,29.50,149,12,0.00,17,7.84,9.97,9.41,14.50
61469,-10.16,14.84,3,14.36,13.52,8,14.59,187,0.39,0.41,1437,0.00,0.99,2,0.5000,29.50,149,12,0.00,17,8.27,10.20,10.20,14.60
61573,-11.72,14.84,3,14.36,13.52,8,14.59,187,0.41,0.43,1417,0.00,0.99,2,0.5000,30.00,149,12,0.00,17,8.71,10.26,9.80,14.50
61677,-12.50,14.84,3,14.36,13.52,8,14.59,187,0.42,0.44,1405,0.00,0.99,2,0.5000,30.50,149,12,0.00,17,9.00,10.11,9.80,14.30
61781,-11.72,14.84,3,14.36,13.52,8,14.59,187,0.42,0.42,1437,0.00,0.99,3,0.5000,30.50,149,12,0.00,17,9.14,10.11,9.80,14.30
61885,-10.94,14.84,2,14.36,13.52,8,14.59,187,0.42,0.42,1442,0.00,0.99,3,0.5000,30.50,149,13,0.00,17,9.29,9.98,9.80,14.40
61989,-10.94,14.84,3,14.36,13.52,8,14.58,187,0.41,0.41,1468,0.00,0.99,3,0.5000,30.50,149,13,0.00,17,9.29,10.07,9.80,14.70
62093,-10.94,14.84,2,14.36,13.44,8,14.59,187,0.41,0.41,1456,0.00,0.99,3,0.5000,30.50,149,13,0.00,17,9.29,10.07,9.80,14.50
62196,-10.94,14.84,3,14.36,13.44,8,14.58,187,0.41,0.41,1466,0.00,0.99,3,0.5000,30.50,149,13,0.00,17,9.29,9.94,9.80,14.50
62301,-10.94,14.84,2,14.36,13.52,8,14.59,187,0.41,0.41,1459,0.00,0.99,3,0.5000,30.50,149,13,0.00,17,9.14,10.08,9.80,14.60
62405,-10.16,14.84,3,14.36,13.44,8,14.58,187,0.41,0.42,1474,0.00,0.99,3,0.5000,30.50,149,13,0.00,17,9.14,10.12,9.80,14.60
62510,-10.16,14.84,2,14.36,13.52,8,14.59,187,0.41,0.40,1462,0.00,1.00,3,0.5000,30.50,149,13,0.00,17,9.29,9.76,9.02,14.60
62613,-10.16,14.06,2,14.36,13.44,8,14.58,187,0.40,0.40,1473,0.00,1.00,3,0.5000,30.00,149,13,0.00,17,9.00,9.58,9.02,14.60
62717,-10.94,13.28,2,14.36,13.44,8,14.59,187,0.40,0.39,1440,0.00,1.00,3,0.5000,29.50,149,14,0.00,17,8.85,9.32,9.02,14.50
62821,-10.94,13.28,2,14.36,13.44,8,14.59,187,0.40,0.40,1444,0.00,1.00,3,0.5000,29.50,149,14,0.00,17,8.71,9.41,9.02,14.40
62925,-11.72,12.50,2,14.36,13.44,8,14.59,187,0.39,0.40,1430,0.00,1.00,3,0.5000,29.00,149,14,0.00,17,8.71,8.91,7.84,14.40
63029,-12.50,11.72,2,14.36,13.52,8,14.59,187,0.37,0.35,1426,0.00,1.08,3,0.5000,26.00,149,14,0.00,17,8.42,7.17,5.49,14.30
63133,-11.72,10.94,2,14.36,13.52,8,14.59,187,0.34,0.29,1370,0.00,1.08,3,0.5000,23.50,149,15,0.00,17,7.25,6.47,5.10,14.30
63237,-12.50,10.94,2,14.36,13.44,8,14.60,187,0.32,0.29,1311,0.00,1.00,3,0.5000,20.50,149,15,0.00,17,6.82,6.12,5.10,14.40
63341,-14.84,10.16,2,14.36,13.60,8,14.60,187,0.30,0.28,1269,0.00,1.00,3,0.5000,18.50,149,15,0.00,17,6.53,5.96,5.10,14.10
63445,-16.41,9.38,2,14.36,13.52,10,14.60,187,0.30,0.29,1231,0.00,1.00,3,0.5000,17.00,149,9,0.00,17,6.38,5.86,5.10,13.80
63549,0.00,9.38,2,14.36,13.12,10,14.62,187,0.30,0.30,1164,0.00,1.00,3,0.5000,17.00,149,2,0.00,17,6.38,5.73,4.71,13.40
63653,0.00,8.59,2,14.36,13.52,10,14.63,187,0.30,0.31,1106,0.00,1.00,3,0.5000,17.00,149,0,0.00,17,6.38,5.60,4.71,13.30
63757,0.00,8.59,1,14.36,13.52,10,14.63,187,0.31,0.31,1082,0.00,1.00,3,0.5000,22.00,149,0,0.00,17,6.67,5.54,4.71,13.40
63862,0.00,8.59,1,14.36,13.52,10,14.66,187,0.31,0.33,1006,0.00,1.00,3,0.5000,22.00,149,0,0.00,17,6.67,5.41,4.71,13.80
63965,0.00,7.81,1,14.36,13.52,10,14.68,187,0.33,0.36,900,0.00,0.90,3,0.5000,22.00,149,0,0.00,17,6.82,5.50,5.10,14.10
64069,0.00,7.81,2,14.36,13.52,10,14.67,187,0.34,0.38,878,0.00,1.00,3,0.5000,16.50,149,0,0.00,17,7.25,5.60,5.10,14.00
64173,0.00,7.81,1,14.36,13.52,10,14.63,187,0.33,0.32,1011,0.00,1.00,3,0.5000,17.00,149,0,0.00,17,7.40,5.54,5.10,16.40
64277,0.00,6.25,1,14.36,13.44,10,14.62,187,0.32,0.30,1098,0.00,1.00,3,0.5000,17.00,149,0,0.00,17,7.11,5.31,4.71,18.80
64381,0.00,6.25,1,14.36,13.52,10,14.61,187,0.30,0.27,1154,0.00,1.00,3,0.5000,17.00,149,0,0.00,17,6.82,5.21,4.71,20.30
64485,0.00,6.25,1,14.36,13.52,8,14.62,187,0.29,0.27,1151,0.00,1.00,3,0.5000,17.00,149,0,0.00,17,6.53,5.21,4.71,20.30
64590,-1.56,6.25,1,14.36,13.60,8,14.63,187,0.28,0.28,1120,0.00,1.00,3,0.5000,17.00,149,0,0.00,17,6.38,5.21,4.71,12.60
64693,-5.47,6.25,1,14.36,13.52,8,14.63,187,0.29,0.29,1090,0.00,1.00,3,0.5000,17.00,147,0,0.00,17,6.38,5.28,4.71,12.30
64797,-8.59,6.25,1,14.36,13.52,8,14.63,187,0.29,0.30,1059,0.00,1.00,3,0.5000,17.00,147,0,0.00,17,6.38,5.21,4.71,12.20
64901,-9.38,6.25,1,14.36,13.44,8,14.64,187,0.29,0.30,1061,0.00,1.00,3,0.5000,17.00,147,0,0.00,17,6.38,5.15,4.71,12.30
65005,-9.38,6.25,1,14.36,13.52,8,14.64,187,0.29,0.29,1044,0.00,1.00,3,0.5000,17.00,147,0,0.00,17,6.38,5.09,4.71,12.50
65109,-10.16,6.25,1,14.36,13.52,8,14.65,187,0.29,0.29,1020,0.00,1.00,3,0.5000,17.50,147,0,0.00,17,6.38,5.03,4.71,12.60
65213,-11.72,6.25,1,14.36,13.44,8,14.65,187,0.29,0.30,997,0.00,1.00,3,0.5000,19.50,147,0,0.00,17,6.53,5.03,4.71,12.80
65317,-12.50,6.25,1,14.36,13.52,8,14.65,187,0.30,0.31,999,0.00,1.00,3,0.5000,20.00,147,0,0.00,17,6.53,5.12,5.10,12.80
65421,-13.28,6.25,1,14.36,13.52,8,14.65,187,0.30,0.31,992,0.00,1.00,3,0.5000,18.00,147,0,0.00,17,6.67,5.21,5.10,12.90
65526,-14.06,6.25,1,14.36,13.60,8,14.65,187,0.31,0.31,994,0.00,1.00,3,0.5000,17.50,147,0,0.00,17,6.82,5.21,5.10,13.00
65629,-14.84,6.25,1,14.36,13.44,8,14.65,185,0.31,0.31,994,0.00,1.00,3,0.5000,18.00,147,0,0.00,17,6.96,5.15,5.10,13.00
65733,-15.62,6.25,1,14.36,13.52,8,14.65,185,0.31,0.31,997,0.00,1.00,3,0.5000,19.00,147,0,0.00,17,6.96,5.09,5.10,13.10
65837,-15.62,6.25,1,14.36,13.44,8,14.65,185,0.31,0.31,989,0.00,1.00,3,0.5000,17.50,147,0,0.00,17,6.96,5.09,5.10,13.40
65941,-15.62,6.25,1,14.36,13.52,8,14.65,185,0.31,0.31,978,0.00,1.00,3,0.5000,18.50,147,0,0.00,17,6.96,5.12,5.88,13.50
66045,-15.62,6.25,2,14.36,13.52,8,14.65,185,0.32,0.34,984,0.00,1.00,3,0.5000,20.50,147,0,0.00,17,7.11,5.86,6.67,13.60
66149,-15.62,5.47,2,14.36,13.44,8,14.65,185,0.33,0.37,987,0.00,0.92,3,0.5000,21.50,147,0,0.00,17,7.40,6.18,7.06,13.80
66253,-15.62,5.47,2,14.36,13.60,8,14.65,185,0.35,0.38,997,0.00,0.99,3,0.5000,22.50,147,0,0.00,17,7.98,6.55,7.45,13.90
66357,-15.62,5.47,2,14.36,13.28,8,14.64,185,0.36,0.38,1022,0.00,0.99,3,0.5000,23.00,147,0,0.00,17,8.42,6.55,7.45,14.10
66461,-14.84,4.69,2,14.36,13.60,8,14.64,185,0.37,0.39,1035,0.00,0.99,3,0.5000,23.50,147,0,0.00,17,8.56,6.59,7.06,14.20
66565,-13.28,4.69,2,14.36,13.52,8,14.64,185,0.37,0.38,1046,0.00,0.99,3,0.5000,23.50,147,0,0.00,17,8.85,6.55,7.06,13.80
66669,-11.72,4.69,2,14.36,13.52,8,14.63,185,0.37,0.37,1071,0.00,0.99,3,0.5000,23.50,147,0,0.00,17,8.85,6.44,6.67,15.20
66774,-6.25,4.69,2,14.36,13.60,8,14.63,185,0.36,0.35,1070,0.00,0.99,3,0.5000,23.50,147,0,0.00,17,8.71,6.12,6.67,15.70
66877,-2.34,3.91,2,14.36,13.52,8,14.63,185,0.35,0.34,1092,0.00,1.00,3,0.5000,24.00,147,0,0.00,17,8.42,6.84,10.20,16.10
66981,-1.56,3.91,2,14.36,13.52,8,14.62,185,0.38,0.43,1108,0.00,0.88,3,0.5000,25.00,147,0,0.00,17,9.14,8.73,11.37,16.20
67085,-1.56,3.91,2,14.36,13.52,8,14.60,185,0.41,0.47,1170,0.00,0.90,3,0.5000,27.50,147,0,0.00,17,10.16,9.25,11.37,16.00
67189,-1.56,3.91,2,14.36,13.52,8,14.59,185,0.41,0.42,1284,0.00,0.99,3,0.5000,30.00,147,0,0.00,17,10.74,9.43,11.37,15.50
67293,2.34,3.91,2,14.36,13.52,8,14.58,185,0.40,0.38,1478,0.00,0.99,3,0.5000,31.50,147,0,0.00,17,10.59,9.52,11.37,16.20
67398,10.16,3.12,2,14.36,13.52,8,14.57,185,0.37,0.36,1654,0.00,0.99,3,0.5000,33.00,147,0,0.00,17,10.01,9.92,10.98,16.90
67501,15.62,3.12,3,14.36,13.28,8,14.56,185,0.35,0.33,1801,0.00,0.99,3,0.5000,34.50,147,0,0.00,17,9.43,10.44,12.55,16.90
67605,18.75,3.91,3,14.36,13.44,8,14.56,185,0.35,0.36,1888,0.00,0.99,3,0.5000,35.00,147,0,0.00,17,9.14,11.51,12.55,16.00
67710,19.53,4.69,3,14.36,13.44,8,14.56,185,0.37,0.38,1869,0.00,0.99,3,0.5000,34.00,147,0,0.00,17,9.14,11.73,12.55,15.90
67814,23.44,4.69,3,14.36,13.52,8,14.57,185,0.39,0.41,1745,0.00,0.99,3,0.5000,33.00,147,0,0.00,17,9.29,11.73,12.55,15.80
67917,25.00,5.47,3,14.36,13.44,8,14.57,185,0.41,0.42,1669,0.00,0.99,3,0.5000,33.00,147,0,0.00,17,9.58,11.83,12.55,15.90
68022,25.00,5.47,3,14.36,13.44,8,14.57,185,0.42,0.43,1638,0.00,0.99,3,0.5000,33.50,147,0,0.00,17,9.87,11.63,12.55,15.40
68126,23.44,6.25,3,14.36,13.44,8,14.57,185,0.42,0.43,1640,0.00,0.99,3,0.5000,33.50,147,0,0.00,17,10.01,11.68,12.55,14.50
68230,21.09,7.03,3,14.36,13.44,8,14.57,185,0.43,0.43,1636,0.00,0.99,3,0.5000,34.00,147,0,0.00,17,10.16,11.62,12.16,14.10
68334,19.53,7.03,3,14.36,13.52,8,14.57,185,0.43,0.43,1638,0.00,0.99,3,0.5000,34.00,147,0,0.00,17,10.16,11.78,12.55,13.80
68438,17.19,7.81,3,14.36,13.44,8,14.57,185,0.43,0.43,1634,0.00,0.99,2,0.5000,34.50,147,0,0.00,17,10.16,12.21,13.33,13.70
68542,15.62,7.81,3,14.36,13.52,8,14.57,185,0.44,0.45,1650,0.00,0.99,2,0.5000,35.00,147,1,0.00,17,10.45,12.69,14.90,13.70
68646,14.06,8.59,3,14.36,13.44,8,14.57,185,0.46,0.48,1671,0.00,0.99,2,0.5000,36.50,147,0,0.00,17,10.74,13.98,16.47,13.80
68750,14.84,8.59,3,14.36,13.52,8,14.57,185,0.48,0.50,1700,0.00,0.99,2,0.5000,37.50,147,1,0.00,17,11.61,14.27,16.86,14.20
68854,17.19,8.59,3,14.36,13.52,8,14.57,185,0.48,0.49,1740,0.00,0.99,2,0.5000,38.00,147,0,0.00,17,11.90,14.27,16.86,15.10
68957,20.31,9.38,3,14.36,13.44,8,14.57,185,0.48,0.48,1778,0.00,0.99,2,0.5000,38.50,147,1,0.00,17,11.90,14.44,17.25,15.40
69062,20.31,9.38,3,14.36,13.44,8,14.57,185,0.49,0.50,1808,0.00,0.99,2,0.5000,39.00,147,1,0.00,17,11.90,15.03,17.65,15.10
69166,21.09,9.38,3,14.36,13.52,8,14.57,185,0.49,0.49,1827,0.00,0.99,2,0.5000,39.50,147,1,0.00,18,12.04,15.09,17.65,15.00
69272,21.88,10.16,3,14.36,13.52,8,14.57,185,0.49,0.50,1863,0.00,0.99,2,0.5000,39.50,147,1,0.00,18,12.04,15.40,17.65,15.10
69374,22.66,10.16,3,14.36,13.44,8,14.57,185,0.49,0.50,1879,0.00,0.99,2,0.5000,39.50,147,1,0.00,18,12.04,15.34,17.65,14.90
69477,22.66,10.16,3,14.36,13.44,8,14.57,185,0.49,0.50,1875,0.00,0.99,2,0.5000,40.00,147,2,0.00,18,12.04,15.67,17.65,14.80
69582,22.66,10.94,3,14.36,13.44,8,14.57,185,0.49,0.49,1885,0.00,0.99,2,0.5000,40.00,147,2,0.00,18,12.04,15.60,17.65,14.60
69686,22.66,10.94,3,14.36,13.44,8,14.57,185,0.49,0.50,1906,0.00,0.99,2,0.5000,40.00,147,2,0.00,18,12.04,15.74,17.65,14.60
69790,22.66,10.94,3,14.36,13.44,8,14.57,185,0.50,0.50,1900,0.00,0.99,2,0.5000,40.00,147,2,0.00,18,12.04,16.01,17.65,14.50
69893,22.66,11.72,3,14.36,13.44,8,14.57,185,0.50,0.50,1907,0.00,0.99,2,0.5000,40.50,147,2,0.00,19,11.90,15.87,17.65,14.50
69998,21.88,11.72,3,14.36,13.44,8,14.57,185,0.50,0.50,1930,0.00,0.99,2,0.5000,40.50,147,3,0.00,19,12.04,15.94,17.65,14.50
70102,21.88,11.72,3,14.36,13.44,8,14.57,185,0.50,0.50,1938,0.00,0.99,2,0.5000,40.50,147,3,0.00,19,11.90,16.35,18.43,14.40
70205,21.88,11.72,3,14.36,13.60,8,14.58,185,0.51,0.51,1930,0.00,0.99,2,0.5000,41.00,147,3,0.00,19,12.19,16.96,19.22,14.50
70310,21.88,11.72,3,14.36,13.44,8,14.58,185,0.51,0.51,1960,0.00,0.99,2,0.5000,41.50,147,3,0.00,19,12.48,17.10,19.61,14.60
70414,23.44,12.50,3,14.36,13.44,8,14.58,185,0.52,0.52,1964,0.00,0.99,2,0.5000,42.00,147,4,0.00,19,12.62,17.23,19.61,14.80
70517,25.00,12.50,3,14.36,13.44,8,14.58,185,0.52,0.51,1998,0.00,0.99,2,0.5000,42.00,147,4,0.00,19,12.62,17.23,19.61,14.90
70622,25.00,12.50,3,14.36,13.44,8,14.58,185,0.52,0.52,1998,0.00,0.99,2,0.5000,42.00,147,4,0.00,19,12.62,17.30,20.00,14.70
70726,25.00,12.50,3,14.36,13.44,8,14.58,185,0.51,0.51,2022,0.00,0.99,2,0.5000,42.00,147,4,0.00,19,12.62,17.30,19.61,14.70
70830,25.00,12.50,3,14.36,13.44,8,14.58,185,0.52,0.52,2016,0.00,1.00,2,0.5000,42.00,147,5,0.00,19,12.62,17.37,19.61,15.10
70934,25.00,12.50,3,14.36,13.36,8,14.58,185,0.52,0.52,2040,0.00,1.00,2,0.5000,42.00,147,4,0.00,19,12.62,17.44,19.61,14.60
71038,25.00,13.28,3,14.36,13.36,8,14.58,185,0.51,0.52,2032,0.00,0.99,2,0.5000,42.00,147,5,0.00,19,12.62,17.75,19.61,14.60
71142,25.00,13.28,3,14.36,13.44,8,14.58,185,0.52,0.52,2056,0.00,0.99,2,0.5000,42.00,147,5,0.00,19,12.62,17.67,19.61,14.90
71246,25.00,14.84,3,14.36,13.52,8,14.58,185,0.52,0.52,2048,0.00,0.99,2,0.5000,42.00,147,6,0.00,19,12.62,17.75,19.61,14.60
71350,25.00,14.84,3,14.36,13.44,8,14.58,185,0.52,0.52,2075,0.00,0.99,2,0.5000,42.00,147,6,0.00,19,12.62,17.82,19.61,14.50
71454,25.00,14.84,3,14.36,13.60,8,14.58,185,0.52,0.52,2067,0.00,0.99,2,0.5000,42.00,147,6,0.00,19,12.48,17.82,19.61,14.50
71558,24.22,14.84,3,14.36,13.36,8,14.58,185,0.52,0.52,2090,0.00,0.99,2,0.5000,42.00,145,7,0.00,19,12.62,17.82,19.61,14.40
71662,24.22,14.84,3,14.36,13.44,8,14.58,185,0.51,0.51,2100,0.00,0.99,2,0.5000,42.00,145,7,0.00,19,12.62,17.98,19.61,14.50
71766,23.44,14.84,3,14.36,13.52,8,14.58,185,0.52,0.52,2092,0.00,0.99,2,0.5000,42.00,145,7,0.00,19,12.48,17.98,20.00,14.40
71870,23.44,14.84,3,14.36,13.52,8,14.58,185,0.52,0.53,2112,0.00,0.99,2,0.5000,42.00,145,7,0.00,19,12.62,18.92,21.57,14.30
71974,23.44,14.84,3,14.36,13.44,8,14.58,185,0.53,0.53,2128,0.00,0.99,2,0.5000,42.50,145,8,0.00,19,12.91,19.00,21.57,14.40
72078,25.00,14.84,3,14.36,13.36,8,14.58,185,0.53,0.53,2127,0.00,0.99,2,0.5000,42.50,145,8,0.00,19,12.91,18.92,20.78,15.20
72182,25.00,14.84,3,14.36,13.44,8,14.58,185,0.52,0.52,2162,0.00,0.99,2,0.5000,42.00,145,9,0.00,19,12.91,18.45,20.39,14.80
72286,25.00,14.84,3,14.36,13.52,8,14.58,185,0.52,0.52,2171,0.00,0.99,2,0.5000,42.00,145,9,0.00,19,12.77,18.45,18.82,14.40
72390,24.22,14.84,3,14.36,13.44,8,14.58,185,0.50,0.48,2163,0.00,0.99,2,0.5000,41.50,145,10,0.00,19,12.33,16.69,16.08,14.40
72494,22.66,14.84,3,14.36,13.44,8,14.58,185,0.48,0.47,2148,0.00,1.00,2,0.5000,41.00,145,10,0.00,19,11.46,16.55,16.08,13.80
72598,17.97,14.84,3,14.36,13.36,8,14.58,185,0.47,0.47,2154,0.00,1.00,2,0.5000,41.00,145,10,0.00,19,11.03,16.55,16.08,13.40
72702,14.84,14.84,3,14.36,13.36,8,14.58,185,0.47,0.46,2156,0.00,1.00,2,0.5000,40.50,145,11,0.00,19,11.03,16.68,16.08,13.60
72806,14.06,14.84,3,14.36,13.60,8,14.58,185,0.46,0.46,2148,0.00,1.00,2,0.5000,40.50,145,11,0.00,19,11.03,16.96,16.47,13.90
72910,13.28,14.84,3,14.36,13.52,8,14.58,185,0.47,0.47,2158,0.00,1.00,2,0.5000,41.00,145,11,0.00,19,11.03,16.82,16.86,14.20
73014,13.28,14.84,3,14.36,13.44,8,14.58,185,0.47,0.47,2184,0.00,1.00,2,0.5000,41.00,145,12,0.00,19,11.17,16.96,16.86,14.30
73118,14.06,14.84,3,14.36,13.36,8,14.58,185,0.47,0.47,2193,0.00,0.99,2,0.5000,41.00,145,12,0.00,19,11.17,17.74,18.43,14.40
73221,14.84,14.84,3,14.36,13.36,8,14.58,185,0.48,0.49,2192,0.00,0.99,2,0.5000,41.50,145,12,0.00,19,11.61,18.13,18.43,14.30
73326,16.41,14.84,3,14.36,13.60,8,14.58,185,0.49,0.49,2212,0.00,0.99,2,0.5000,41.50,145,13,0.00,19,11.75,18.21,18.43,15.00
73430,19.53,14.84,3,14.36,13.44,8,14.58,185,0.49,0.48,2226,0.00,0.99,2,0.5000,41.50,145,13,0.00,19,11.75,18.05,18.04,15.20
73533,20.31,14.84,3,14.36,13.52,8,14.58,185,0.49,0.48,2232,0.00,0.99,2,0.5000,41.50,145,13,0.00,19,11.61,18.05,18.43,15.50
73637,20.31,14.84,3,14.36,13.44,8,14.58,185,0.48,0.49,2256,0.00,0.99,2,0.5000,41.50,144,13,0.00,19,11.61,18.21,18.43,14.90
73742,21.09,14.84,3,14.36,13.52,8,14.58,185,0.48,0.48,2266,0.00,0.99,2,0.5000,41.50,144,14,0.00,19,11.61,18.37,18.82,14.40
73846,21.09,14.84,3,14.36,13.44,8,14.59,185,0.49,0.49,2275,0.00,0.99,2,0.5000,41.50,144,14,0.00,19,11.75,18.91,19.22,14.30
73950,22.66,14.84,3,14.36,13.52,8,14.59,185,0.50,0.50,2290,0.00,0.99,2,0.5000,42.00,144,14,0.00,19,11.90,19.07,19.61,14.70
74054,24.22,14.84,3,14.36,13.52,8,14.59,185,0.50,0.50,2303,0.00,0.99,2,0.5000,42.00,144,15,0.00,19,12.04,19.07,19.22,15.00
74158,25.00,14.84,3,14.36,13.36,8,14.59,185,0.50,0.49,2316,0.00,0.99,2,0.5000,42.00,144,15,0.00,19,12.04,19.07,19.22,15.10
74262,25.00,14.84,3,14.36,13.52,8,14.59,185,0.50,0.50,2326,0.00,0.99,2,0.5000,42.00,144,15,0.00,19,12.04,19.22,19.22,14.80
74367,25.00,14.84,3,14.36,13.44,8,14.59,185,0.49,0.49,2336,0.00,0.99,2,0.5000,42.00,144,16,0.00,19,11.90,19.22,19.22,14.80
74470,25.00,14.84,3,14.36,13.60,8,14.59,185,0.49,0.49,2350,0.00,0.99,2,0.5000,42.00,144,16,0.00,19,11.90,19.22,19.22,14.80
74574,25.00,14.84,3,14.36,13.44,8,14.59,185,0.50,0.50,2357,0.00,0.99,2,0.5000,42.00,144,17,0.00,19,11.90,19.61,19.61,15.10
74678,25.00,14.84,3,14.36,13.36,8,14.59,185,0.50,0.50,2372,0.00,0.99,2,0.5000,42.00,144,17,0.00,19,11.90,19.38,19.22,14.90
74782,25.00,14.84,3,14.36,13.52,8,14.59,185,0.49,0.50,2380,0.00,0.99,2,0.5000,42.00,144,18,0.00,19,11.90,19.54,18.82,15.30
74886,25.00,14.84,3,14.36,13.44,8,14.59,185,0.49,0.49,2368,0.00,0.99,2,0.5000,42.00,144,18,0.00,19,11.75,19.38,18.43,15.30
74990,25.00,14.84,3,14.36,13.52,8,14.59,185,0.48,0.47,2368,0.00,1.00,2,0.5000,41.50,144,19,0.00,19,11.61,17.97,16.08,15.20
75094,24.22,14.84,3,14.36,13.44,8,14.59,185,0.46,0.44,2362,0.00,1.00,2,0.5000,41.00,144,19,0.00,19,10.74,17.29,16.08,14.20
75199,21.09,14.84,3,14.36,13.52,8,14.59,185,0.45,0.44,2346,0.00,1.00,2,0.5000,41.00,144,20,0.00,19,10.59,17.29,16.08,13.80
75302,18.75,14.84,3,14.36,13.52,8,14.59,185,0.45,0.44,2362,0.00,1.00,2,0.5000,41.00,142,20,0.00,19,10.45,17.50,16.08,14.00
75406,17.97,14.84,3,14.36,13.44,8,14.59,185,0.44,0.44,2352,0.00,1.00,2,0.5000,25.50,142,20,0.00,19,10.45,17.15,16.08,14.20
75510,17.19,14.84,3,14.36,13.44,8,14.58,185,0.46,0.46,2246,0.00,0.99,2,0.5000,25.50,142,21,0.00,19,10.45,17.22,16.08,14.20
75614,16.41,14.84,3,14.36,13.44,8,14.57,185,0.48,0.49,2078,0.00,0.99,2,0.5000,38.50,142,21,0.00,19,10.88,16.95,16.08,14.30
75718,14.06,14.84,3,14.36,13.52,8,14.57,185,0.50,0.51,1998,0.00,0.99,2,0.5000,41.00,142,21,0.00,19,11.17,16.47,16.08,14.00
75822,13.28,14.84,3,14.36,13.52,8,14.58,185,0.51,0.52,1920,0.00,0.99,2,0.5000,41.00,142,22,0.00,19,11.46,16.34,16.08,13.90
75926,11.72,14.84,3,14.36,13.52,8,14.58,185,0.51,0.52,1882,0.00,0.99,2,0.5000,41.00,142,23,0.00,20,11.75,16.27,16.08,14.00
76030,10.94,14.84,3,14.36,13.52,8,14.58,185,0.52,0.52,1879,0.00,0.99,2,0.5000,41.00,142,23,0.00,21,11.75,16.00,16.08,14.10
76135,9.38,14.84,3,14.36,13.52,8,14.58,185,0.52,0.51,1874,0.00,0.99,3,0.5000,41.00,142,23,0.00,22,11.75,16.00,16.08,14.00
76238,7.81,14.84,3,14.36,13.52,8,14.58,185,0.51,0.52,1867,0.00,0.99,3,0.5000,41.00,142,23,0.00,22,11.90,16.00,16.08,14.10
76342,7.03,14.84,3,14.36,13.52,8,14.58,185,0.51,0.51,1870,0.00,0.99,3,0.5000,41.00,142,23,0.00,22,11.90,16.07,16.08,14.10
76446,6.25,14.84,3,14.36,13.52,8,14.58,185,0.51,0.50,1882,0.00,0.99,3,0.5000,40.50,142,24,0.00,22,11.75,15.86,16.08,14.30
76550,6.25,14.84,3,14.36,13.44,8,14.58,185,0.51,0.51,1880,0.00,0.99,3,0.5000,40.50,142,23,0.00,22,11.90,16.00,16.08,14.30
76654,6.25,14.84,3,14.36,13.44,8,14.58,185,0.51,0.51,1863,0.00,0.99,3,0.5000,40.50,142,24,0.00,22,11.75,15.86,16.08,14.40
76758,6.25,14.84,3,14.36,13.52,8,14.58,185,0.51,0.51,1865,0.00,0.99,3,0.5000,41.00,142,24,0.00,22,11.75,15.86,16.08,14.40
76862,6.25,14.84,3,14.36,13.52,8,14.58,185,0.51,0.51,1882,0.00,0.99,3,0.5000,40.50,140,24,0.00,23,11.90,15.86,16.08,14.50
76966,6.25,14.84,3,14.36,13.52,8,14.58,185,0.51,0.51,1882,0.00,0.99,3,0.5000,40.50,140,24,0.00,23,11.75,15.73,16.08,14.50
77070,6.25,14.84,3,14.36,13.44,8,14.58,187,0.51,0.51,1865,0.00,0.99,3,0.5000,40.50,140,25,0.00,23,11.90,16.06,17.25,14.50
77174,6.25,14.84,3,14.36,13.28,8,14.58,187,0.52,0.53,1866,0.00,0.99,3,0.5000,41.50,140,25,0.00,25,12.04,16.54,17.25,14.50
77278,7.03,14.84,3,14.36,13.52,8,14.58,187,0.52,0.52,1883,0.00,0.99,3,0.5000,41.50,140,25,0.00,25,12.19,16.40,17.25,14.60
77382,8.59,14.84,3,14.36,13.52,8,14.58,187,0.52,0.53,1894,0.00,0.99,3,0.5000,41.50,140,25,0.00,25,12.19,16.40,16.86,14.90
77486,7.81,14.84,3,14.36,13.52,8,14.58,187,0.52,0.52,1876,0.00,0.99,3,0.5000,41.50,140,25,0.00,25,12.19,16.47,17.25,14.90
77590,8.59,14.84,3,14.36,13.36,8,14.58,187,0.53,0.53,1835,0.00,0.99,3,0.5000,41.50,140,26,0.00,25,12.19,16.40,16.86,14.60
77694,8.59,14.84,3,14.36,13.36,8,14.58,187,0.53,0.53,1840,0.00,0.99,3,0.5000,41.50,140,26,0.00,25,12.33,16.13,17.25,14.50
77798,7.81,14.84,3,14.36,13.36,8,14.58,187,0.53,0.53,1842,0.00,0.99,3,0.5000,41.00,140,26,0.00,25,12.33,16.13,17.25,14.50
77902,7.81,14.84,3,14.36,13.60,8,14.58,187,0.53,0.53,1845,0.00,0.99,3,0.5000,41.50,140,26,0.00,25,12.33,16.47,17.65,14.40
78006,7.81,14.84,3,14.36,13.52,8,14.58,187,0.53,0.54,1834,0.00,0.99,3,0.5000,41.50,140,26,0.00,25,12.33,16.40,17.65,14.50
78110,7.81,14.84,3,14.36,13.44,8,14.58,187,0.53,0.53,1840,0.00,0.99,3,0.5000,41.50,140,26,0.00,25,12.33,16.67,17.65,14.50
78214,7.81,14.84,3,14.36,13.44,8,14.58,187,0.53,0.53,1860,0.00,0.99,3,0.5000,41.50,140,26,0.00,25,12.48,15.46,12.16,14.40
78318,7.81,14.84,3,14.36,13.44,8,14.57,187,0.47,0.42,1853,0.00,1.13,3,0.5000,35.50,140,26,0.00,25,11.03,11.01,7.84,14.60
78422,7.03,14.84,2,14.36,13.44,8,14.57,187,0.41,0.36,1748,0.00,1.09,3,0.5000,29.00,140,25,0.00,25,8.71,9.68,6.67,13.90
78526,3.12,14.06,2,14.36,13.60,8,14.58,187,0.38,0.34,1606,0.00,1.00,3,0.5000,23.50,140,25,0.00,25,8.13,8.88,6.67,13.00
78630,-0.78,14.06,2,14.36,13.44,8,14.59,187,0.37,0.35,1487,0.00,1.00,3,0.5000,20.50,140,22,0.00,25,7.55,8.46,6.27,12.40
78734,-3.91,13.28,2,14.36,13.04,10,14.59,187,0.36,0.35,1440,0.00,1.00,3,0.5000,18.50,138,20,0.00,25,7.25,8.07,5.88,12.10
78838,0.00,12.50,2,14.36,13.28,10,14.59,187,0.35,0.35,1385,0.00,1.00,3,0.5000,18.00,138,15,0.00,25,6.96,7.91,5.88,12.00
78942,0.00,11.72,2,14.36,13.52,10,14.59,187,0.35,0.35,1339,0.00,1.00,3,0.5000,17.50,138,10,0.00,25,6.82,7.83,5.88,12.20
79046,0.00,10.94,2,14.36,13.52,10,14.60,187,0.35,0.36,1316,0.00,1.00,3,0.5000,17.00,138,5,0.00,25,6.82,7.71,5.88,11.80
79150,0.00,10.94,2,14.36,13.36,10,14.61,187,0.37,0.39,1202,0.00,1.00,3,0.5000,22.00,138,0,0.00,25,6.96,7.63,5.88,12.10
79254,0.00,10.16,2,14.36,13.52,10,14.63,187,0.38,0.41,1093,0.00,1.00,3,0.5000,22.00,138,0,0.00,25,7.11,7.35,5.49,12.60
79358,0.00,9.38,2,14.36,13.52,10,14.61,187,0.39,0.39,1080,0.00,1.00,3,0.5000,17.00,138,0,0.00,25,7.25,7.10,5.49,13.80
79463,0.00,9.38,2,14.36,13.52,10,14.60,187,0.36,0.33,1249,0.00,1.06,3,0.5000,17.50,138,0,0.00,25,7.11,6.92,5.49,16.70
79566,0.00,8.59,2,14.36,13.60,10,14.59,187,0.34,0.32,1319,0.00,1.00,3,0.5000,18.00,138,0,0.00,25,6.82,7.13,5.88,18.50
79670,0.00,8.59,2,14.36,13.44,8,14.59,187,0.33,0.31,1364,0.00,1.00,3,0.5000,17.50,138,0,0.00,25,6.67,7.13,5.88,13.20
79774,-3.12,7.81,2,14.36,13.36,8,14.59,187,0.32,0.32,1364,0.00,1.00,3,0.5000,18.00,138,0,0.00,25,6.53,7.13,5.88,12.00
79878,-7.03,7.81,2,14.36,13.44,8,14.59,187,0.32,0.32,1345,0.00,1.00,3,0.5000,17.50,138,0,0.00,25,6.53,7.13,5.88,11.40
79982,-10.16,7.81,2,14.36,13.60,8,14.59,187,0.32,0.32,1349,0.00,1.00,3,0.5000,17.50,138,0,0.00,25,6.38,7.10,5.88,11.40
80086,-14.06,7.03,2,14.36,13.44,8,14.60,187,0.32,0.32,1333,0.00,1.00,3,0.5000,17.50,138,0,0.00,25,6.38,6.92,5.88,11.50
80190,-15.62,7.03,2,14.36,12.72,8,14.60,187,0.32,0.32,1294,0.00,1.00,3,0.5000,17.50,138,0,0.00,25,6.38,6.81,5.88,11.90
80294,-16.41,6.25,2,14.36,13.04,8,14.60,187,0.32,0.32,1266,0.00,1.00,3,0.5000,17.00,138,0,0.00,25,6.38,6.77,5.49,12.10
80398,-17.97,6.25,2,14.36,13.28,8,14.61,187,0.33,0.33,1212,0.00,1.00,3,0.5000,17.00,138,0,0.00,25,6.38,6.66,5.88,12.40
80502,-18.75,6.25,2,14.36,13.36,8,14.62,187,0.33,0.34,1164,0.00,1.00,3,0.5000,22.00,138,0,0.00,25,6.53,6.55,5.88,12.60
80606,-19.53,5.47,2,14.36,13.36,8,14.62,187,0.34,0.34,1142,0.00,1.00,3,0.5000,22.00,138,0,0.00,25,6.67,6.51,5.49,12.80
80710,-20.31,5.47,2,14.36,13.52,8,14.62,187,0.34,0.34,1129,0.00,1.00,3,0.5000,22.00,138,0,0.00,25,6.82,6.33,5.49,13.00
80814,-21.09,5.47,2,14.36,13.52,8,14.63,187,0.34,0.34,1104,0.00,1.00,3,0.5000,22.00,138,0,0.00,25,6.82,6.22,5.49,13.20
80918,-21.09,4.69,2,14.36,13.52,8,14.63,187,0.34,0.34,1082,0.00,1.00,3,0.5000,22.00,138,0,0.00,25,6.82,6.19,5.49,13.20
81023,-21.88,4.69,2,14.36,13.44,8,14.64,187,0.34,0.35,1056,0.00,1.00,3,0.5000,22.00,138,0,0.00,25,6.96,6.13,5.49,13.40
81126,-21.88,4.69,2,14.36,13.44,8,14.64,187,0.34,0.35,1039,0.00,1.00,3,0.5000,22.00,138,0,0.00,25,6.96,6.03,5.49,13.50
81230,-22.66,4.69,2,14.36,13.52,8,14.65,187,0.35,0.35,1027,0.00,1.00,3,0.5000,22.00,138,0,0.00,25,7.11,5.96,5.49,13.60
81334,-22.66,3.91,2,14.36,13.36,8,14.65,187,0.35,0.36,998,0.00,1.00,3,0.5000,22.00,138,0,0.00,25,7.25,5.90,5.10,13.70
81438,-22.66,3.91,2,14.36,13.44,8,14.66,187,0.36,0.36,966,0.00,1.00,3,0.5000,22.00,138,0,0.00,25,7.25,5.90,5.49,13.90
81542,-22.66,3.91,2,14.36,13.44,8,14.66,187,0.36,0.38,959,0.00,1.00,3,0.5000,22.00,138,0,0.00,25,7.40,6.00,5.49,14.00
81646,-22.66,3.91,2,14.36,13.44,8,14.66,187,0.37,0.38,941,0.00,1.00,3,0.5000,22.00,138,0,0.00,25,7.69,6.00,5.49,14.00
81750,-22.66,3.91,2,14.36,13.44,8,14.66,187,0.37,0.39,919,0.00,1.00,3,0.5000,22.00,138,0,0.00,25,7.84,6.00,5.49,14.20
81854,-22.66,3.12,2,14.36,13.44,8,14.67,187,0.38,0.39,921,0.00,1.00,3,0.5000,22.00,138,0,0.00,25,8.13,5.93,5.49,14.30
81958,-21.88,3.12,2,14.36,13.36,8,14.67,187,0.39,0.40,900,0.00,1.00,3,0.5000,22.00,138,0,0.00,25,8.13,5.93,5.49,14.40
82062,-21.88,3.12,2,14.36,13.36,8,14.68,187,0.39,0.40,888,0.00,1.00,3,0.5000,22.00,138,0,0.00,25,8.27,5.87,5.49,14.30
82167,-21.09,3.12,2,14.36,13.36,8,14.68,187,0.40,0.41,858,0.00,1.00,3,0.5000,22.00,138,0,0.00,25,8.42,5.80,5.49,14.50
82270,-20.31,3.12,2,14.36,13.44,8,14.69,187,0.40,0.41,842,0.00,1.00,3,0.5000,22.00,138,0,0.00,25,8.56,5.74,5.49,14.90
82374,-19.53,3.12,2,14.36,13.28,8,14.69,187,0.41,0.43,808,0.00,1.00,3,0.5000,22.00,138,0,0.00,25,8.71,5.67,5.10,15.10
82478,-18.75,2.34,2,14.36,13.36,8,14.68,187,0.41,0.41,823,0.00,1.00,3,0.5000,21.50,138,0,0.00,25,8.85,5.61,5.10,15.40
82583,-17.97,0.78,2,14.36,13.44,8,14.68,187,0.41,0.40,835,0.00,1.00,3,0.5000,20.50,136,0,0.00,25,8.85,5.61,5.10,15.40
82686,-17.19,0.78,2,14.36,13.44,8,14.68,187,0.40,0.39,871,0.00,1.00,3,0.5000,17.50,136,0,0.00,25,8.85,5.61,5.10,15.80
82790,-16.41,0.78,2,14.36,13.44,8,14.67,187,0.39,0.38,886,0.00,1.00,3,0.5000,17.00,136,0,0.00,25,8.85,5.61,5.10,15.80
82894,-15.62,0.78,1,14.36,13.28,8,14.66,187,0.38,0.37,919,0.00,1.00,3,0.5000,15.00,136,0,0.00,25,8.71,5.61,5.49,15.90
82998,-14.06,0.78,2,14.36,13.36,8,14.66,187,0.37,0.36,946,0.00,1.00,3,0.5000,15.00,136,0,0.00,25,8.56,5.61,5.49,16.00
83103,-13.28,0.78,2,14.36,13.44,8,14.66,187,0.37,0.36,958,0.00,1.00,3,0.5000,16.00,136,0,0.00,25,8.42,5.67,5.49,16.00
83206,-13.28,0.78,2,14.36,13.44,8,14.66,187,0.36,0.36,957,0.00,1.00,3,0.5000,16.00,136,0,0.00,25,8.27,5.67,5.49,16.00
83311,-12.50,0.78,2,14.36,13.44,8,14.66,187,0.36,0.36,940,0.00,1.00,3,0.5000,17.00,136,0,0.00,25,8.27,5.74,5.49,15.80
83414,-12.50,0.78,2,14.36,13.44,8,14.67,187,0.37,0.37,925,0.00,1.00,2,0.5000,17.00,136,0,0.00,25,8.27,5.67,5.49,15.80
83519,-11.72,0.78,2,14.36,13.44,8,14.67,187,0.37,0.38,898,0.00,1.00,2,0.5000,18.50,136,0,0.00,25,8.27,5.67,5.49,15.70
83623,-10.94,0.78,2,14.36,13.28,8,14.68,187,0.37,0.39,884,0.00,1.00,2,0.5000,19.00,136,0,0.00,25,8.42,5.61,5.49,15.70
83727,-10.94,0.78,1,14.36,13.20,8,14.68,187,0.38,0.39,859,0.00,1.00,2,0.5000,21.50,136,0,0.00,25,8.56,5.54,5.10,15.80
83831,-10.16,0.78,1,14.36,13.28,8,14.69,187,0.39,0.39,839,0.00,1.00,2,0.5000,22.00,136,0,0.00,25,8.56,5.48,5.10,15.70
83935,-9.38,1.56,1,14.36,13.20,8,14.69,187,0.39,0.41,812,0.00,1.00,2,0.5000,22.00,136,0,0.00,25,8.71,5.48,5.10,15.70
84039,-9.38,1.56,1,14.36,13.20,8,14.69,187,0.40,0.41,801,0.00,1.00,2,0.5000,22.00,136,0,0.00,25,8.85,5.42,5.10,15.70
84143,-8.59,1.56,1,14.36,13.52,8,14.69,189,0.40,0.42,780,0.00,1.00,2,0.5000,22.00,136,0,0.00,25,9.00,5.42,5.10,15.60
84248,-8.59,1.56,1,14.36,13.44,8,14.69,189,0.41,0.41,774,0.00,1.00,2,0.5000,22.00,136,0,0.00,25,9.00,5.35,5.10,15.60
84351,-8.59,2.34,1,14.36,13.36,8,14.69,189,0.40,0.40,798,0.00,1.00,2,0.5000,18.00,136,0,0.00,25,9.14,5.29,5.88,15.60
84455,-7.81,2.34,2,14.36,13.44,8,14.69,189,0.41,0.41,798,0.00,1.00,2,0.5000,20.50,136,0,0.00,25,9.14,7.34,12.55,15.20
84559,-7.81,0.78,2,14.36,13.52,8,14.66,189,0.48,0.61,816,0.00,0.78,2,0.5000,25.00,136,0,0.00,25,10.88,9.19,14.12,15.50
84663,-7.03,0.78,2,14.36,13.52,8,14.62,189,0.52,0.61,925,0.00,0.98,2,0.5000,27.00,136,0,0.00,25,12.48,9.11,14.51,15.40
84767,-11.72,0.78,2,14.36,13.36,8,14.61,189,0.51,0.50,1068,0.00,0.99,2,0.5000,28.50,136,0,0.00,25,13.06,9.02,13.73,13.80
84871,-10.94,0.78,2,14.36,13.36,8,14.61,189,0.50,0.49,1146,0.00,0.99,2,0.5000,28.50,136,0,0.00,25,12.62,9.55,13.73,14.10
84975,-2.34,0.78,2,14.36,13.44,8,14.61,189,0.51,0.51,1132,0.00,0.99,2,0.5000,28.50,136,0,0.00,25,12.62,9.73,13.73,16.70
85079,10.16,0.78,2,14.36,13.44,8,14.61,189,0.51,0.51,1144,0.00,0.99,2,0.5000,29.00,136,0,0.00,25,12.62,9.82,13.73,16.20
85183,16.41,0.78,3,14.36,13.52,8,14.60,189,0.51,0.51,1192,0.00,0.99,2,0.5000,29.50,136,0,0.00,25,12.62,10.13,13.73,17.70
85287,17.97,1.56,3,14.36,13.36,8,14.60,189,0.50,0.49,1248,0.00,0.99,2,0.5000,30.50,136,0,0.00,25,12.48,10.82,15.69,18.60
85391,17.97,2.34,3,14.36,13.36,8,14.60,189,0.51,0.52,1300,0.00,0.99,2,0.5000,32.50,136,0,0.00,25,12.48,11.65,16.08,16.80
85495,20.31,2.34,3,14.36,13.36,8,14.59,189,0.51,0.51,1343,0.00,0.99,2,0.5000,33.50,136,0,0.00,25,12.62,11.81,16.08,16.40
85599,22.66,3.12,3,14.36,13.44,8,14.59,189,0.51,0.51,1413,0.00,0.99,2,0.5000,35.00,136,0,0.00,25,12.62,12.67,17.25,15.90
85703,22.66,3.91,3,14.36,13.52,8,14.59,189,0.52,0.52,1450,0.00,0.99,2,0.5000,35.50,136,0,0.00,25,12.77,12.72,16.47,15.30
85807,21.09,4.69,3,14.36,13.12,8,14.58,189,0.51,0.51,1496,0.00,0.99,2,0.5000,36.00,136,0,0.00,25,12.62,12.78,16.08,14.70
85911,21.09,4.69,3,14.36,13.44,8,14.58,189,0.51,0.51,1510,0.00,0.99,2,0.5000,36.00,136,0,0.00,25,12.48,12.88,16.47,14.40
86015,21.09,5.47,3,14.36,13.44,8,14.58,189,0.52,0.52,1499,0.00,0.99,2,0.5000,36.50,136,0,0.00,25,12.48,13.15,16.47,14.40
86119,19.53,6.25,3,14.36,13.44,8,14.58,189,0.52,0.52,1519,0.00,0.99,2,0.5000,36.50,136,0,0.00,25,12.48,12.57,14.90,14.30
86222,18.75,6.25,3,14.36,13.44,8,14.58,189,0.51,0.49,1513,0.00,0.99,2,0.5000,35.50,136,0,0.00,25,12.19,12.41,13.73,14.20
86327,17.19,7.03,3,14.36,13.36,8,14.58,189,0.50,0.50,1497,0.00,0.99,2,0.5000,35.50,136,0,0.00,25,11.75,12.20,13.33,14.00
86431,14.84,7.03,3,14.36,13.28,8,14.58,189,0.50,0.50,1496,0.00,0.99,2,0.5000,35.00,136,0,0.00,25,11.61,12.36,13.73,13.70
86535,12.50,7.81,3,14.36,13.44,8,14.59,189,0.50,0.50,1474,0.00,0.99,2,0.5000,34.50,136,0,0.00,25,11.61,12.36,13.73,13.50
86639,10.16,7.81,3,14.36,13.52,8,14.58,189,0.50,0.51,1472,0.00,0.99,2,0.5000,35.00,136,0,0.00,25,11.61,12.52,13.73,13.50
86743,10.16,8.59,3,14.36,13.52,8,14.59,189,0.51,0.51,1458,0.00,0.99,2,0.5000,35.00,136,0,0.00,25,11.61,12.41,13.73,13.70
86847,8.59,8.59,3,14.36,13.36,8,14.58,189,0.51,0.51,1476,0.00,0.99,2,0.5000,35.50,136,0,0.00,25,11.61,12.57,13.73,13.80
86951,7.03,8.59,3,14.36,13.36,8,14.58,189,0.51,0.50,1475,0.00,0.99,2,0.5000,35.50,136,0,0.00,25,11.61,12.47,14.12,13.90
87055,6.25,9.38,3,14.36,13.44,8,14.58,189,0.51,0.51,1492,0.00,0.99,2,0.5000,35.50,136,0,0.00,25,11.61,12.68,14.12,13.80
87159,5.47,9.38,3,14.36,13.52,8,14.58,189,0.51,0.51,1497,0.00,0.99,2,0.5000,35.50,136,0,0.00,25,11.75,12.68,14.12,13.90
87263,5.47,10.16,3,14.36,13.44,8,14.58,189,0.51,0.51,1490,0.00,0.99,2,0.5000,36.00,136,0,0.00,25,11.75,12.57,14.12,14.10
87367,5.47,10.16,3,14.36,13.36,8,14.58,189,0.51,0.50,1504,0.00,0.99,2,0.5000,36.00,136,0,0.00,25,11.75,12.73,13.33,14.30
87472,4.69,10.16,3,14.36,13.36,8,14.58,189,0.50,0.49,1492,0.00,0.99,2,0.5000,35.50,136,0,0.00,25,11.75,12.47,13.33,14.30
87575,4.69,10.16,3,14.36,13.36,8,14.58,189,0.50,0.50,1506,0.00,0.99,2,0.5000,35.50,136,0,0.00,26,11.46,12.52,13.33,14.20
87679,3.12,10.94,3,14.36,13.52,8,14.58,189,0.50,0.50,1489,0.00,0.99,2,0.5000,35.50,136,0,0.00,26,11.46,12.63,14.12,14.30
87783,2.34,10.94,3,14.36,13.52,8,14.58,189,0.51,0.52,1487,0.00,0.99,2,0.5000,35.50,136,0,0.00,26,11.61,12.47,13.33,14.20
87888,2.34,10.94,3,14.36,13.36,8,14.58,189,0.50,0.49,1508,0.00,0.99,2,0.5000,35.50,136,0,0.00,26,11.61,12.52,13.33,14.40
87991,2.34,11.72,3,14.36,13.28,8,14.58,189,0.50,0.50,1499,0.00,0.99,2,0.5000,35.50,136,0,0.00,26,11.46,12.52,13.33,14.40
88096,1.56,11.72,3,14.36,13.20,8,14.58,189,0.50,0.50,1510,0.00,0.99,2,0.5000,35.50,136,0,0.00,26,11.46,12.73,13.33,14.30
88199,1.56,11.72,3,14.36,13.52,8,14.58,189,0.50,0.50,1512,0.00,0.99,2,0.5000,35.50,136,0,0.00,26,11.46,12.73,14.12,14.30
88303,1.56,11.72,3,14.36,13.44,8,14.58,189,0.51,0.51,1506,0.00,0.99,2,0.5000,36.00,136,0,0.00,26,11.61,10.28,14.51,14.40
88407,1.56,11.72,3,14.36,13.36,8,14.58,189,0.51,0.52,1530,0.00,0.99,2,0.5000,37.00,136,0,0.00,26,11.75,13.55,16.08,14.50
88511,1.56,12.50,3,14.36,13.44,8,14.58,189,0.52,0.53,1534,0.00,0.99,2,0.5000,38.00,136,0,0.00,26,12.19,13.97,16.47,14.60
88615,3.12,12.50,3,14.36,13.36,8,14.58,189,0.53,0.54,1561,0.00,0.99,2,0.5000,38.50,136,0,0.00,26,12.48,13.97,16.47,15.00
88719,5.47,12.50,3,14.36,13.36,8,14.58,189,0.53,0.53,1596,0.00,0.99,2,0.5000,39.00,136,0,0.00,26,12.48,14.09,16.47,15.30
88823,6.25,12.50,3,14.36,13.44,8,14.58,189,0.53,0.53,1616,0.00,0.99,2,0.5000,39.00,136,0,0.00,26,12.48,14.21,16.47,15.20
88927,6.25,12.50,3,14.36,13.44,8,14.58,189,0.52,0.52,1616,0.00,0.99,2,0.5000,39.00,136,0,0.00,26,12.33,14.03,16.47,15.00
89031,7.03,12.50,3,14.36,13.36,8,14.58,189,0.52,0.53,1622,0.00,0.99,2,0.5000,39.00,136,0,0.00,26,12.48,14.27,16.86,14.90
89136,7.03,13.28,3,14.36,13.44,8,14.58,189,0.53,0.53,1636,0.00,0.99,2,0.5000,39.50,136,0,0.00,26,12.48,15.08,18.82,14.60
89239,7.81,13.28,3,14.36,13.52,8,14.58,189,0.54,0.55,1660,0.00,0.99,2,0.5000,40.00,136,0,0.00,26,12.77,15.10,18.43,14.90
89343,9.38,14.84,3,14.36,13.28,8,14.58,189,0.54,0.54,1678,0.00,0.99,2,0.5000,40.50,136,0,0.00,26,12.91,15.16,18.82,15.20
89447,10.94,14.84,3,14.36,13.36,8,14.58,189,0.54,0.54,1707,0.00,0.99,2,0.5000,40.50,136,0,0.00,26,12.91,15.41,18.82,15.20
89551,10.94,14.84,3,14.36,13.36,8,14.58,189,0.54,0.53,1726,0.00,0.99,2,0.5000,40.50,136,1,0.00,26,12.91,15.28,18.82,14.90
89655,11.72,14.84,3,14.36,13.36,8,14.58,189,0.54,0.53,1740,0.00,0.99,2,0.5000,40.50,136,0,0.00,26,12.91,15.61,18.43,14.80
89760,12.50,14.84,3,14.36,13.44,8,14.58,189,0.54,0.54,1746,0.00,0.99,2,0.5000,41.00,136,1,0.00,26,12.91,15.88,19.22,14.80
89863,12.50,14.84,3,14.36,13.36,8,14.58,189,0.54,0.55,1756,0.00,0.99,2,0.5000,41.00,136,1,0.00,26,12.91,15.95,19.22,14.80
89967,13.28,14.84,3,14.36,13.44,8,14.58,189,0.54,0.54,1764,0.00,0.99,2,0.5000,41.00,136,1,0.00,26,12.91,16.09,19.22,14.80
90071,14.06,14.84,3,14.36,13.36,8,14.58,189,0.54,0.55,1777,0.00,0.99,2,0.5000,41.00,136,1,0.00,26,12.91,15.95,19.22,14.80
90175,14.06,14.84,3,14.36,13.52,8,14.58,189,0.54,0.54,1784,0.00,0.99,2,0.5000,41.50,136,2,0.00,27,12.91,16.16,19.22,14.80
90279,14.06,14.84,3,14.36,13.44,8,14.58,189,0.54,0.55,1779,0.00,0.99,2,0.5000,41.50,136,2,0.00,27,12.91,16.29,19.61,14.70
90383,14.06,14.84,3,14.36,13.36,8,14.58,189,0.55,0.56,1790,0.00,0.99,2,0.5000,41.50,136,2,0.00,27,13.06,16.56,19.61,14.60
90487,14.84,14.84,3,14.36,13.28,8,14.58,189,0.55,0.55,1796,0.00,0.99,2,0.5000,42.00,136,2,0.00,27,13.06,16.50,20.00,14.40
90591,14.84,14.84,3,14.36,13.36,8,14.58,189,0.55,0.55,1807,0.00,0.99,2,0.5000,42.00,136,2,0.00,27,13.06,16.56,20.00,14.50
90696,14.84,14.84,3,14.36,13.44,8,14.58,189,0.55,0.55,1831,0.00,0.99,2,0.5000,42.00,136,3,0.00,27,13.20,16.70,19.61,14.60
90800,15.62,14.84,3,14.36,13.36,8,14.58,189,0.55,0.55,1839,0.00,0.99,2,0.5000,42.00,136,3,0.00,27,13.06,16.70,19.61,14.50
90903,15.62,14.84,3,14.36,13.44,8,14.58,189,0.55,0.55,1844,0.00,0.99,2,0.5000,42.00,136,3,0.00,27,13.06,16.90,20.78,14.60
91008,15.62,14.84,3,14.36,13.44,8,14.58,187,0.55,0.56,1884,0.00,0.99,2,0.5000,43.00,136,3,0.00,27,13.20,17.84,22.35,14.60
91111,16.41,14.84,3,14.36,13.36,8,14.58,187,0.55,0.56,1918,0.00,0.99,2,0.5000,43.00,136,3,0.00,27,13.49,17.91,22.35,15.20
91216,18.75,14.84,3,14.36,13.52,8,14.58,187,0.55,0.56,1957,0.00,0.99,2,0.5000,43.00,136,4,0.00,27,13.49,17.99,22.35,15.20
91319,20.31,14.84,3,14.36,13.52,8,14.58,187,0.55,0.54,1962,0.00,0.99,2,0.5000,43.50,136,4,0.00,27,13.49,18.23,22.35,15.20
91424,21.09,14.84,3,14.36,13.36,8,14.58,187,0.55,0.55,1990,0.00,0.99,2,0.5000,43.00,136,4,0.00,27,13.49,18.15,22.35,15.10
91527,21.88,14.84,3,14.36,13.44,8,14.58,187,0.55,0.56,1987,0.00,0.99,2,0.5000,43.50,136,4,0.00,27,13.49,18.38,22.35,15.00
91632,22.66,14.84,3,14.36,13.36,8,14.58,187,0.55,0.55,2011,0.00,0.99,2,0.5000,43.50,136,5,0.00,27,13.49,18.46,22.35,14.80
91735,23.44,14.84,3,14.36,13.52,8,14.58,187,0.55,0.56,2009,0.00,0.99,2,0.5000,43.50,136,6,0.00,27,13.49,18.62,22.35,15.10
91840,23.44,14.84,3,14.36,13.60,8,14.58,187,0.55,0.55,2035,0.00,0.99,2,0.5000,43.50,136,6,0.00,27,13.49,18.70,22.35,14.70
91944,24.22,14.84,3,14.36,13.36,8,14.58,187,0.55,0.55,2031,0.00,0.99,2,0.5000,43.50,136,6,0.00,27,13.49,18.77,22.35,14.40
92048,24.22,14.84,3,14.36,13.44,8,14.58,187,0.55,0.55,2052,0.00,0.99,2,0.5000,43.50,136,6,0.00,27,13.49,18.77,22.35,14.40
92151,24.22,14.84,3,14.36,13.36,8,14.58,187,0.55,0.56,2047,0.00,0.99,2,0.5000,43.50,136,7,0.00,27,13.49,18.93,22.35,14.50
92256,24.22,14.84,3,14.36,13.60,8,14.58,187,0.55,0.56,2072,0.00,0.99,2,0.5000,43.50,136,7,0.00,27,13.49,19.24,22.35,14.10
92360,24.22,14.84,3,14.36,13.60,8,14.58,187,0.55,0.55,2064,0.00,0.99,2,0.5000,43.50,136,7,0.00,27,13.49,19.40,22.35,14.50
92463,24.22,14.84,3,14.36,13.44,8,14.58,187,0.56,0.56,2090,0.00,0.99,2,0.5000,43.00,136,8,0.00,27,13.49,19.40,22.35,14.70
92568,24.22,14.84,3,14.36,13.44,8,14.58,187,0.56,0.56,2097,0.00,0.99,2,0.5000,43.00,136,8,0.00,27,13.49,19.40,22.35,14.50
92671,24.22,14.84,3,14.36,13.44,8,14.58,187,0.55,0.55,2090,0.00,0.99,2,0.5000,43.50,136,9,0.00,28,13.49,19.48,22.35,14.40
92776,24.22,14.84,3,14.36,13.52,8,14.58,187,0.55,0.55,2113,0.00,0.99,2,0.5000,43.50,136,9,0.00,28,13.49,19.24,22.35,14.40
92880,24.22,14.84,3,14.36,13.60,8,14.58,187,0.55,0.55,2122,0.00,0.99,2,0.5000,43.00,136,9,0.00,28,13.49,19.87,22.35,14.50
92983,24.22,14.84,3,14.36,13.44,8,14.58,187,0.56,0.56,2112,0.00,0.99,2,0.5000,43.00,136,10,0.00,28,13.49,19.87,22.35,14.60
93087,23.44,14.84,3,14.36,13.36,8,14.58,187,0.55,0.55,2134,0.00,0.99,2,0.5000,43.50,136,10,0.00,28,13.49,19.71,22.35,14.40
93192,23.44,14.84,3,14.36,13.44,8,14.58,187,0.55,0.55,2144,0.00,0.99,2,0.5000,43.00,136,11,0.00,28,13.49,19.95,22.35,14.40
93295,23.44,14.84,3,14.36,13.60,8,14.58,187,0.56,0.55,2137,0.00,0.99,2,0.5000,43.00,136,12,0.00,28,13.49,19.96,22.35,14.50
93400,24.22,14.84,3,14.36,13.52,8,14.58,187,0.55,0.56,2147,0.00,0.99,2,0.5000,43.50,136,12,0.00,28,13.35,19.96,22.35,14.30
93504,23.44,14.84,3,14.36,13.44,8,14.58,187,0.55,0.55,2166,0.00,0.99,2,0.5000,43.50,136,12,0.00,28,13.35,20.03,22.35,14.40
93608,23.44,14.84,3,14.36,13.36,8,14.58,187,0.55,0.55,2175,0.00,0.99,2,0.5000,43.50,136,13,0.00,28,13.35,20.12,22.35,14.40
93712,23.44,14.84,3,14.36,13.52,8,14.58,187,0.55,0.55,2164,0.00,0.99,2,0.5000,43.50,136,13,0.00,28,13.35,20.03,22.35,15.10
93816,23.44,14.84,3,14.36,13.44,8,14.58,187,0.55,0.55,2172,0.00,0.99,2,0.5000,43.50,136,13,0.00,28,13.35,20.12,22.35,14.60
93920,24.22,14.84,3,14.36,13.52,8,14.58,187,0.56,0.56,2197,0.00,0.99,2,0.5000,43.00,136,14,0.00,28,13.35,20.29,22.35,14.50
94024,24.22,14.84,3,14.36,13.44,8,14.58,187,0.56,0.55,2205,0.00,0.99,2,0.5000,43.00,136,14,0.00,28,13.35,20.21,22.35,14.50
94128,24.22,14.84,3,14.36,13.36,8,14.58,187,0.55,0.55,2194,0.00,0.99,2,0.5000,43.50,136,15,0.00,28,13.35,20.47,22.35,14.40
94232,24.22,14.84,3,14.36,13.52,8,14.58,187,0.56,0.56,2202,0.00,0.99,2,0.5000,43.00,136,15,0.00,28,13.35,20.38,22.35,14.40
94336,24.22,14.84,3,14.36,13.44,8,14.58,187,0.55,0.55,2210,0.00,0.99,2,0.5000,43.50,136,15,0.00,28,13.35,20.55,22.35,14.40
94440,24.22,14.84,3,14.36,13.52,8,14.58,187,0.55,0.56,2232,0.00,0.99,2,0.5000,43.50,136,15,0.00,29,13.20,20.29,21.57,14.80
94544,24.22,14.84,3,14.36,13.44,8,14.58,187,0.55,0.55,2239,0.00,0.99,2,0.5000,43.50,136,15,0.00,29,13.06,19.87,21.18,14.70
94648,23.44,14.84,3,14.36,13.44,8,14.58,187,0.54,0.54,2243,0.00,0.99,2,0.5000,43.50,136,16,0.00,29,12.91,20.46,21.18,14.50
94752,23.44,14.84,3,14.36,13.52,8,14.58,187,0.55,0.55,2254,0.00,0.99,2,0.5000,43.50,136,16,0.00,29,12.91,20.47,21.18,14.30
94856,23.44,14.84,3,14.36,13.52,8,14.58,187,0.54,0.54,2242,0.00,0.99,2,0.5000,43.50,136,16,0.00,29,12.91,20.64,21.18,14.40
94960,23.44,14.84,3,14.36,13.44,8,14.58,187,0.55,0.54,2250,0.00,0.99,2,0.5000,43.50,136,16,0.00,29,12.91,20.38,21.18,14.40
95064,24.22,14.84,3,14.36,13.44,8,14.58,187,0.54,0.54,2264,0.00,0.99,2,0.5000,43.00,136,17,0.00,29,12.91,20.64,21.18,14.50
95168,23.44,14.84,3,14.36,13.52,8,14.58,187,0.54,0.54,2274,0.00,0.99,2,0.5000,43.00,136,17,0.00,29,12.91,20.55,21.18,15.00
95272,24.22,14.84,3,14.36,13.44,8,14.58,187,0.54,0.54,2281,0.00,0.99,2,0.5000,43.00,136,17,0.00,29,12.91,20.72,21.18,15.20
95376,25.00,14.84,3,14.36,13.52,8,14.58,187,0.54,0.54,2290,0.00,0.99,2,0.5000,43.00,136,18,0.00,29,12.91,20.81,21.18,15.90
95480,25.00,14.84,3,14.36,13.52,8,14.58,187,0.54,0.53,2300,0.00,0.99,2,0.5000,43.00,136,18,0.00,29,12.91,20.72,21.18,14.70
95584,25.00,14.84,3,14.36,13.52,8,14.58,185,0.54,0.53,2313,0.00,0.99,2,0.5000,43.00,136,18,0.00,29,12.91,20.98,21.18,14.70
95688,25.00,14.84,3,14.36,13.44,8,14.58,185,0.54,0.54,2320,0.00,0.99,2,0.5000,43.00,136,19,0.00,29,12.77,20.72,21.18,14.30
95792,25.00,14.84,3,14.36,13.44,8,14.58,185,0.54,0.53,2328,0.00,0.99,2,0.5000,43.00,136,19,0.00,29,12.91,20.98,21.18,14.10
95896,25.00,14.84,3,14.36,13.36,8,14.58,185,0.54,0.54,2336,0.00,0.99,2,0.5000,43.00,136,19,0.00,29,12.77,21.15,21.18,13.90
96000,25.00,14.84,3,14.36,13.44,8,14.58,185,0.53,0.53,2347,0.00,0.99,2,0.5000,43.00,136,19,0.00,29,12.77,20.21,19.61,14.10
96104,25.00,14.84,3,14.36,13.44,8,14.58,185,0.52,0.52,2372,0.00,0.99,2,0.5000,42.50,136,20,0.00,29,12.33,20.21,19.22,14.40
96208,24.22,14.84,3,14.36,13.44,8,14.59,185,0.51,0.51,2372,0.00,1.00,2,0.5000,42.50,136,20,0.00,29,12.19,20.12,19.22,14.30
96311,23.44,14.84,3,14.36,13.52,8,14.59,185,0.52,0.52,2374,0.00,0.99,2,0.5000,42.50,136,20,0.00,29,12.19,20.38,19.22,14.30
96416,23.44,14.84,3,14.36,13.44,8,14.59,185,0.52,0.52,2384,0.00,0.99,2,0.5000,42.50,136,20,0.00,29,12.04,20.46,19.61,14.50
96520,23.44,14.84,3,14.36,13.52,8,14.59,185,0.51,0.52,2390,0.00,0.99,2,0.5000,42.50,136,20,0.00,29,12.19,20.38,19.22,14.50
96624,24.22,14.84,3,14.36,13.44,8,14.59,185,0.51,0.52,2380,0.00,0.99,2,0.5000,42.50,136,19,0.00,29,12.19,20.29,19.22,14.60
96728,25.00,14.84,3,14.36,13.52,8,14.59,185,0.51,0.51,2387,0.00,0.99,2,0.5000,42.50,135,18,0.00,29,12.04,23.02,19.22,14.20
96832,25.00,14.84,3,14.36,13.60,8,14.59,185,0.51,0.51,2394,0.00,0.99,2,0.5000,42.50,135,16,0.00,29,12.04,20.38,18.82,14.50
96936,25.00,14.84,3,14.36,13.44,8,14.59,185,0.50,0.49,2420,0.00,1.00,2,0.5000,42.50,135,14,0.00,29,11.90,19.40,17.25,14.40
97040,25.00,14.84,3,14.36,13.52,8,14.59,185,0.49,0.49,2405,0.00,1.00,2,0.5000,42.00,135,11,0.00,29,11.32,19.00,17.25,14.30
97144,21.88,14.84,3,14.36,13.36,8,14.59,185,0.48,0.48,2393,0.00,1.00,2,0.5000,27.00,135,9,0.00,29,11.17,19.01,17.25,14.00
97248,21.09,14.84,3,14.36,13.44,8,14.58,185,0.50,0.51,2289,0.00,0.99,2,0.5000,27.00,135,8,0.00,29,11.17,18.77,17.25,13.90
97352,20.31,14.84,3,14.36,13.52,8,14.58,185,0.52,0.52,2128,0.00,0.99,2,0.5000,42.50,135,7,0.00,29,11.61,18.15,16.86,14.30
97456,18.75,14.84,3,14.36,13.52,8,14.58,185,0.53,0.53,2029,0.00,0.99,2,0.5000,42.50,135,6,0.00,29,11.75,17.76,17.25,14.00
97560,16.41,14.84,3,14.36,13.36,8,14.58,185,0.54,0.55,1981,0.00,0.99,2,0.5000,42.50,135,5,0.00,29,12.04,17.52,17.25,13.80
97664,15.62,14.84,3,14.36,13.36,8,14.58,185,0.54,0.54,1923,0.00,0.99,2,0.5000,42.50,135,5,0.00,29,12.19,17.17,17.25,13.90
97769,13.28,14.84,3,14.36,13.52,8,14.58,185,0.54,0.53,1913,0.00,0.99,2,0.5000,42.50,135,5,0.00,29,12.33,17.10,17.25,14.00
97872,11.72,14.84,3,14.36,13.44,8,14.58,185,0.54,0.54,1926,0.00,0.99,3,0.5000,42.50,135,4,0.00,29,12.33,17.24,17.25,13.80
97976,10.94,14.84,3,14.36,13.44,8,14.58,185,0.54,0.54,1914,0.00,0.99,3,0.5000,42.50,135,4,0.00,29,12.33,17.31,17.25,14.00
98080,10.16,14.84,3,14.36,13.44,8,14.58,185,0.54,0.53,1916,0.00,0.99,3,0.5000,42.50,135,3,0.00,29,12.33,16.97,17.25,14.10
98184,9.38,14.84,3,14.36,13.36,8,14.58,185,0.53,0.54,1929,0.00,0.99,3,0.5000,42.00,135,3,0.00,29,12.19,17.10,17.25,14.20
98288,9.38,14.84,3,14.36,13.44,8,14.58,185,0.53,0.54,1917,0.00,0.99,3,0.5000,42.00,135,3,0.00,30,12.33,17.10,17.25,14.30
98392,9.38,14.84,3,14.36,13.52,8,14.58,185,0.53,0.53,1918,0.00,0.99,3,0.5000,42.00,135,3,0.00,30,12.33,16.42,15.69,14.40
98495,9.38,14.84,3,14.36,13.44,8,14.58,185,0.51,0.50,1930,0.00,0.99,3,0.5000,41.00,135,2,0.00,30,11.90,15.41,14.12,14.30
98600,7.03,14.84,3,14.36,13.44,8,14.57,185,0.50,0.49,1887,0.00,0.99,3,0.5000,40.00,135,2,0.00,30,11.17,15.21,14.12,14.00
98704,3.12,14.84,3,14.36,13.44,8,14.57,185,0.49,0.49,1858,0.00,0.99,3,0.5000,40.00,135,3,0.00,30,11.03,15.10,14.12,13.50
98808,0.78,14.84,3,14.36,13.52,8,14.57,185,0.49,0.49,1854,0.00,0.99,3,0.5000,39.50,135,2,0.00,30,10.88,15.10,14.12,13.60
98912,0.78,14.84,3,14.36,13.52,8,14.57,185,0.49,0.49,1844,0.00,0.99,3,0.5000,39.50,135,2,0.00,30,10.88,14.86,14.12,13.90
99016,-0.78,14.84,3,14.36,13.60,8,14.57,185,0.49,0.49,1843,0.00,0.99,3,0.5000,39.50,135,2,0.00,30,10.88,14.98,14.12,14.00
99120,-1.56,14.84,3,14.36,13.44,8,14.57,185,0.49,0.50,1826,0.00,0.99,3,0.5000,39.50,135,2,0.00,30,10.88,14.74,13.73,14.10
99224,-1.56,14.84,3,14.36,13.44,8,14.57,185,0.48,0.47,1825,0.00,0.99,3,0.5000,39.00,135,3,0.00,30,10.88,13.81,11.76,14.40
99329,-1.56,14.84,3,14.36,13.44,8,14.57,185,0.46,0.45,1814,0.00,1.00,3,0.5000,38.00,135,2,0.00,30,10.16,13.35,11.37,14.40
99432,-3.91,14.84,3,14.36,13.60,8,14.57,185,0.45,0.44,1792,0.00,1.00,3,0.5000,37.00,135,3,0.00,30,9.72,13.02,11.37,14.10
99537,-7.03,14.84,3,14.36,13.60,8,14.57,185,0.45,0.44,1760,0.00,1.00,3,0.5000,36.50,135,3,0.00,30,9.43,12.92,11.37,13.80
99640,-10.16,14.84,3,14.36,13.44,8,14.57,185,0.45,0.45,1747,0.00,1.00,3,0.5000,36.50,133,3,0.00,30,9.43,13.02,11.37,13.50
99745,-10.94,14.84,3,14.36,13.44,8,14.57,185,0.45,0.44,1744,0.00,1.00,3,0.5000,36.50,133,3,0.00,30,9.43,12.81,11.37,13.60
99848,-12.50,14.84,3,14.36,13.44,8,14.57,185,0.44,0.43,1747,0.00,1.00,3,0.5000,36.00,133,4,0.00,30,9.43,12.59,11.37,13.90
99952,-12.50,14.84,3,14.36,13.52,8,14.57,185,0.44,0.44,1747,0.00,1.00,3,0.5000,36.00,133,3,0.00,30,9.29,12.70,11.37,14.00
100056,-12.50,14.84,3,14.36,13.52,8,14.57,185,0.44,0.43,1750,0.00,1.00,3,0.5000,36.00,133,4,0.00,30,9.43,12.70,11.37,14.30
100160,-12.50,14.84,3,14.36,13.52,8,14.57,185,0.43,0.43,1748,0.00,1.00,3,0.5000,35.50,133,4,0.00,30,9.29,11.61,7.84,14.50
100264,-11.72,14.84,2,14.36,13.44,8,14.57,185,0.39,0.36,1745,0.00,1.07,3,0.5000,32.50,133,4,0.00,30,8.71,9.37,6.67,14.50
100368,-12.50,14.84,2,14.36,13.44,8,14.57,185,0.35,0.30,1698,0.00,1.09,3,0.5000,28.50,133,4,0.00,30,7.40,8.03,5.88,14.50
100472,-14.84,14.06,2,14.36,13.52,8,14.57,185,0.32,0.29,1638,0.00,1.00,3,0.5000,25.00,133,5,0.00,30,6.53,7.55,5.49,14.20
100576,-17.19,13.28,2,14.36,13.52,8,14.58,185,0.30,0.28,1599,0.00,1.00,3,0.5000,22.50,133,5,0.00,30,6.24,7.43,5.49,13.50
100680,-19.53,12.50,2,14.36,13.52,8,14.58,185,0.29,0.28,1579,0.00,1.00,3,0.5000,20.50,133,5,0.00,30,5.95,7.25,5.49,13.00
100784,0.00,11.72,2,14.36,13.44,10,14.58,185,0.28,0.28,1555,0.00,1.00,3,0.5000,19.00,133,5,0.00,30,5.80,7.14,5.49,12.80
100888,0.00,11.72,2,14.36,12.80,10,14.58,185,0.28,0.28,1488,0.00,1.00,3,0.5000,18.50,133,5,0.00,30,5.80,6.99,5.10,12.60
100992,0.00,10.94,2,14.36,13.28,10,14.59,185,0.28,0.28,1470,0.00,0.99,3,0.5000,18.50,133,5,0.00,30,5.80,6.84,5.10,13.00
101096,0.00,10.16,2,14.36,13.44,10,14.59,185,0.29,0.29,1420,0.00,1.00,3,0.5000,17.50,133,6,0.00,30,5.80,6.77,5.10,13.40
101200,0.00,10.16,2,14.36,13.52,10,14.60,185,0.29,0.31,1342,0.00,1.00,3,0.5000,17.50,133,6,0.00,30,5.80,6.70,5.10,13.80
101304,0.00,9.38,2,14.36,13.44,10,14.60,187,0.30,0.32,1267,0.00,1.00,3,0.5000,17.00,133,6,0.00,30,5.95,6.55,5.10,15.80
101408,0.00,8.59,2,14.36,13.44,10,14.60,187,0.31,0.31,1234,0.00,1.00,3,0.5000,17.00,133,2,0.00,30,5.95,6.33,4.71,16.90
101512,0.00,8.59,2,14.36,13.60,10,14.61,187,0.31,0.31,1208,0.00,1.00,3,0.5000,17.00,133,0,0.00,30,6.09,6.26,4.71,20.00
101616,0.00,8.59,2,14.36,13.52,10,14.61,187,0.31,0.32,1184,0.00,1.00,3,0.5000,17.00,133,0,0.00,30,6.09,6.23,4.71,23.90
101720,0.00,7.81,2,14.36,13.60,10,14.62,187,0.31,0.32,1162,0.00,1.00,3,0.5000,17.00,133,0,0.00,30,6.09,6.13,4.71,28.80
101824,0.00,7.81,2,14.36,13.52,10,14.62,187,0.32,0.32,1140,0.00,1.00,3,0.5000,17.00,133,0,0.00,30,6.09,6.03,4.71,35.00
101928,0.00,7.03,2,14.36,13.52,10,14.62,187,0.32,0.32,1119,0.00,1.00,3,0.5000,17.00,133,0,0.00,30,6.24,5.97,4.71,47.60
102032,0.00,7.03,2,14.36,13.52,10,14.63,187,0.32,0.32,1097,0.00,1.00,3,0.5000,17.00,133,0,0.00,30,6.24,5.90,4.71,58.30
102136,0.00,6.25,2,14.36,13.52,10,14.63,187,0.32,0.33,1076,0.00,1.00,3,0.5000,22.00,133,0,0.00,30,6.24,5.81,4.71,67.10
102240,0.00,6.25,2,14.36,13.52,10,14.63,187,0.32,0.33,1057,0.00,1.00,3,0.5000,22.00,133,0,0.00,30,6.38,5.74,4.71,75.20
102344,0.00,6.25,2,14.36,13.52,10,14.64,187,0.32,0.33,1053,0.00,1.00,3,0.5000,22.00,133,0,0.00,30,6.38,5.61,4.31,84.20
102448,0.00,5.47,2,14.36,13.52,10,14.64,187,0.32,0.33,1034,0.00,1.00,3,0.5000,22.00,133,0,0.00,30,6.53,5.61,4.71,88.30
102552,0.00,5.47,1,14.36,13.44,10,14.65,187,0.32,0.33,1009,0.00,1.00,3,0.5000,22.00,133,0,0.00,30,6.53,5.55,4.71,91.50
102656,0.00,6.25,1,14.36,13.52,10,14.65,187,0.33,0.33,991,0.00,1.00,3,0.5000,22.00,133,0,0.00,30,6.67,5.48,4.71,96.00
102760,0.00,6.25,2,14.36,13.60,10,14.66,187,0.33,0.34,982,0.00,1.00,3,0.5000,22.00,133,0,0.00,30,6.67,5.64,4.71,96.00
102864,0.00,5.47,2,14.36,13.44,10,14.66,187,0.34,0.35,959,0.00,1.00,3,0.5000,22.00,133,0,0.00,30,6.96,5.61,4.71,96.00
102968,0.00,5.47,2,14.36,13.44,10,14.66,187,0.34,0.36,929,0.00,1.00,3,0.5000,22.00,133,0,0.00,30,7.11,5.61,4.71,96.00
103073,0.00,5.47,2,14.36,13.44,10,14.67,187,0.35,0.37,916,0.00,1.00,3,0.5000,22.00,133,0,0.00,30,7.25,5.61,4.71,96.00
103176,0.00,6.25,1,14.36,13.52,10,14.67,187,0.36,0.38,883,0.00,1.00,3,0.5000,22.00,133,0,0.00,30,7.40,5.55,4.71,96.00
103280,0.00,6.25,1,14.36,13.60,10,14.62,187,0.34,0.32,994,0.00,1.09,3,0.5000,17.00,133,0,0.00,30,7.55,5.42,4.71,96.00
103384,0.00,6.25,1,14.36,13.52,10,14.60,187,0.30,0.26,1223,0.00,1.12,3,0.5000,17.50,133,0,0.00,30,7.11,5.35,4.71,96.00
103489,0.00,6.25,1,14.36,13.60,10,14.59,187,0.27,0.24,1352,0.00,1.07,3,0.5000,18.00,133,0,0.00,30,6.38,5.35,4.71,96.00
103592,0.00,6.25,1,14.36,13.52,10,14.59,187,0.26,0.24,1374,0.00,1.00,3,0.5000,17.50,133,0,0.00,30,6.09,5.48,5.10,29.60
103696,0.00,6.25,2,14.36,13.44,10,14.59,187,0.25,0.25,1341,0.00,1.00,3,0.5000,17.50,133,0,0.00,30,5.95,5.61,5.10,24.10
103800,0.00,5.47,2,14.36,13.44,10,14.60,187,0.25,0.25,1316,0.00,1.00,3,0.5000,17.50,133,0,0.00,30,5.80,5.61,5.10,19.70
103904,0.00,6.25,1,14.36,13.44,10,14.60,187,0.25,0.25,1322,0.00,1.00,3,0.5000,17.50,133,0,0.00,30,5.80,5.55,5.10,18.50
104009,0.00,6.25,1,14.36,13.60,10,14.60,187,0.25,0.25,1322,0.00,1.00,3,0.5000,17.50,133,0,0.00,30,5.66,5.48,5.10,16.80
104112,0.00,6.25,1,14.36,13.52,8,14.60,187,0.25,0.25,1299,0.00,1.00,3,0.5000,17.50,133,0,0.00,30,5.66,5.45,5.10,16.00
104216,-1.56,6.25,1,14.36,13.44,8,14.60,187,0.25,0.25,1281,0.00,1.00,3,0.5000,17.50,133,0,0.00,30,5.51,5.42,5.10,16.60
104320,-2.34,6.25,1,14.36,13.52,8,14.60,187,0.25,0.25,1282,0.00,1.00,3,0.5000,17.00,133,0,0.00,30,5.51,5.39,5.10,14.90
104425,-3.91,6.25,1,14.36,13.60,8,14.60,187,0.25,0.25,1263,0.00,1.00,3,0.5000,17.00,133,0,0.00,30,5.51,5.35,4.71,14.10
104529,-5.47,6.25,1,14.36,13.52,8,14.60,187,0.25,0.26,1259,0.00,1.00,3,0.5000,17.00,133,0,0.00,30,5.51,5.29,4.71,14.00
104633,-6.25,6.25,1,14.36,13.52,8,14.60,187,0.25,0.26,1232,0.00,1.00,3,0.5000,17.00,133,0,0.00,30,5.51,5.29,4.71,13.80
104737,-7.81,6.25,1,14.36,13.52,8,14.60,187,0.26,0.26,1218,0.00,1.00,3,0.5000,17.00,133,0,0.00,30,5.66,5.26,4.71,13.70
104841,-8.59,6.25,1,14.36,13.52,8,14.60,187,0.26,0.26,1203,0.00,1.00,3,0.5000,17.00,133,0,0.00,30,5.66,5.23,4.71,13.50
104945,-10.16,6.25,1,14.36,13.52,8,14.61,187,0.26,0.26,1202,0.00,1.00,3,0.5000,17.00,133,0,0.00,30,5.66,5.16,4.71,13.40
105049,-10.94,6.25,1,14.36,13.52,8,14.61,187,0.26,0.26,1208,0.00,1.00,3,0.5000,17.00,133,0,0.00,30,5.66,5.13,4.71,13.40
105153,-11.72,6.25,1,14.36,13.60,8,14.61,187,0.26,0.26,1196,0.00,1.00,3,0.5000,17.00,133,0,0.00,30,5.66,5.16,4.71,13.40
105256,-11.72,6.25,1,14.36,13.52,8,14.61,187,0.26,0.26,1186,0.00,1.00,3,0.5000,17.00,133,0,0.00,30,5.80,5.07,4.71,13.40
105361,-12.50,6.25,1,14.36,13.44,8,14.61,187,0.26,0.26,1183,0.00,1.00,3,0.5000,17.00,133,0,0.00,30,5.80,5.07,4.71,13.50
105465,-13.28,6.25,1,14.36,13.60,8,14.61,187,0.26,0.26,1175,0.00,1.00,3,0.5000,17.00,133,0,0.00,30,5.80,5.04,4.71,13.60
105569,-13.28,6.25,1,14.36,13.60,8,14.61,187,0.26,0.26,1176,0.00,1.00,3,0.5000,17.00,133,0,0.00,30,5.80,5.01,4.71,13.70
105673,-14.06,6.25,1,14.36,13.60,8,14.61,187,0.26,0.26,1167,0.00,1.00,3,0.5000,17.00,133,0,0.00,30,5.80,4.98,4.71,13.70
105777,-14.06,6.25,1,14.36,13.36,8,14.61,187,0.26,0.26,1165,0.00,1.00,3,0.5000,17.00,133,0,0.00,30,5.80,4.98,4.71,13.80
105881,-14.06,6.25,1,14.36,13.52,8,14.62,187,0.26,0.26,1158,0.00,1.00,3,0.5000,17.00,133,0,0.00,30,5.80,4.98,4.71,13.90
105986,-14.84,6.25,1,14.36,13.44,8,14.62,187,0.26,0.26,1143,0.00,1.00,3,0.5000,17.00,133,0,0.00,30,5.80,4.95,4.71,13.90
106089,-14.84,6.25,1,14.36,13.60,8,14.62,187,0.26,0.26,1136,0.00,1.00,3,0.5000,17.00,133,0,0.00,30,5.80,4.92,4.71,14.10
106193,-14.84,6.25,1,14.36,13.60,8,14.62,187,0.26,0.26,1128,0.00,1.00,3,0.5000,17.00,133,0,0.00,30,5.95,4.89,4.71,14.20
106297,-14.84,6.25,1,14.36,13.52,8,14.62,187,0.26,0.26,1122,0.00,1.00,3,0.5000,17.00,133,0,0.00,30,5.95,4.82,4.71,14.20
106401,-14.84,6.25,1,14.36,13.36,8,14.62,187,0.26,0.26,1130,0.00,1.00,3,0.5000,17.00,133,0,0.00,30,5.95,4.79,4.71,14.30
106506,-14.84,6.25,1,14.36,13.52,8,14.63,187,0.26,0.26,1122,0.00,1.00,3,0.5000,17.00,133,0,0.00,30,5.95,4.82,4.71,14.30
106609,-14.84,6.25,1,14.36,13.52,8,14.63,187,0.26,0.26,1106,0.00,1.00,3,0.5000,17.00,133,0,0.00,30,5.95,4.79,4.71,14.40
106712,-14.84,6.25,1,14.36,13.60,8,14.63,187,0.26,0.26,1089,0.00,1.00,3,0.5000,17.00,133,0,0.00,30,5.95,4.79,4.71,14.50
106817,-14.84,6.25,1,14.36,13.60,8,14.63,187,0.26,0.26,1085,0.00,1.00,3,0.5000,17.00,133,0,0.00,30,5.95,4.79,4.71,14.50
106921,-14.84,6.25,1,14.36,13.44,8,14.63,187,0.26,0.26,1086,0.00,1.00,3,0.5000,17.00,133,0,0.00,30,5.95,4.73,4.71,14.50
107025,-14.06,6.25,1,14.36,13.52,8,14.63,187,0.26,0.26,1082,0.00,1.00,3,0.5000,20.00,133,0,0.00,30,5.95,4.73,4.71,14.50
107129,-14.06,6.25,1,14.36,13.52,8,14.63,187,0.26,0.26,1086,0.00,1.00,3,0.5000,19.50,133,0,0.00,30,6.09,4.73,4.71,14.60
107233,-14.06,6.25,1,14.36,13.60,8,14.63,187,0.26,0.26,1083,0.00,1.00,3,0.5000,19.00,133,0,0.00,30,6.09,4.67,4.71,14.50
107337,-14.06,6.25,1,14.36,13.44,8,14.63,187,0.26,0.26,1082,0.00,1.00,3,0.5000,18.50,133,0,0.00,30,6.09,4.64,4.71,14.90
107441,-14.06,6.25,1,14.36,13.52,8,14.64,187,0.26,0.26,1060,0.00,1.00,3,0.5000,18.50,133,0,0.00,30,6.09,4.64,4.71,14.70
107545,-13.28,6.25,1,14.36,13.52,8,14.64,187,0.26,0.26,1062,0.00,1.00,3,0.5000,19.00,133,0,0.00,30,6.09,4.62,4.71,14.80
107649,-13.28,6.25,1,14.36,13.52,8,14.63,187,0.26,0.26,1054,0.00,1.00,3,0.5000,19.00,133,0,0.00,30,6.09,4.62,4.71,14.80
107753,-13.28,6.25,1,14.36,13.60,8,14.64,187,0.26,0.27,1062,0.00,1.00,3,0.5000,19.50,133,0,0.00,30,6.09,4.62,4.71,14.80
107857,-13.28,6.25,1,14.36,13.52,8,14.64,187,0.26,0.26,1056,0.00,1.00,3,0.5000,20.00,133,0,0.00,30,6.09,4.62,4.71,14.70
107961,-13.28,6.25,1,14.36,13.44,8,14.64,187,0.26,0.27,1040,0.00,1.00,3,0.5000,20.00,133,0,0.00,30,6.24,4.62,4.71,14.80
108065,-13.28,6.25,1,14.36,13.52,8,14.65,187,0.27,0.27,1014,0.00,1.00,3,0.5000,20.50,133,0,0.00,30,6.24,4.62,4.71,14.70
108169,-13.28,6.25,1,14.36,13.52,8,14.64,187,0.27,0.27,1009,0.00,1.00,3,0.5000,21.00,133,0,0.00,30,6.38,4.62,4.71,14.80
108273,-13.28,6.25,1,14.36,13.60,8,14.65,187,0.27,0.27,1013,0.00,1.00,3,0.5000,21.00,133,0,0.00,30,6.38,4.56,4.71,14.80
108377,-13.28,6.25,1,14.36,13.44,8,14.65,187,0.27,0.27,1004,0.00,1.00,3,0.5000,20.50,133,0,0.00,30,6.38,4.70,5.10,14.80
108481,-12.50,6.25,1,14.36,13.60,8,14.65,187,0.28,0.29,987,0.00,1.00,3,0.5000,20.50,133,0,0.00,30,6.53,4.92,5.10,14.80
108585,-12.50,6.25,1,14.36,13.52,8,14.65,187,0.28,0.30,986,0.00,1.00,3,0.5000,21.00,133,0,0.00,30,6.82,4.92,5.10,14.80
108689,-12.50,6.25,1,14.36,13.52,8,14.66,189,0.29,0.30,982,0.00,1.00,3,0.5000,21.00,133,0,0.00,30,6.96,4.85,5.10,14.80
108793,-12.50,6.25,1,14.36,13.52,8,14.66,189,0.29,0.30,963,0.00,1.00,3,0.5000,20.00,133,0,0.00,30,6.96,4.85,5.10,14.80
108897,-11.72,6.25,1,14.36,13.44,8,14.66,189,0.29,0.30,961,0.00,1.00,3,0.5000,21.50,133,0,0.00,30,7.11,4.79,5.10,14.80
109001,-11.72,6.25,1,14.36,13.60,8,14.66,189,0.30,0.30,961,0.00,1.00,3,0.5000,21.00,133,0,0.00,30,7.11,4.79,5.10,15.00
109105,-10.94,6.25,1,14.36,13.52,8,14.66,189,0.30,0.30,946,0.00,1.00,3,0.5000,20.50,133,0,0.00,30,7.25,4.79,5.10,15.10
109209,-10.94,6.25,1,14.36,13.52,8,14.66,189,0.30,0.31,932,0.00,1.00,3,0.5000,22.00,133,0,0.00,30,7.25,4.76,4.71,15.10
109313,-10.16,6.25,1,14.36,13.44,8,14.67,189,0.30,0.31,930,0.00,1.00,3,0.5000,21.50,133,0,0.00,30,7.25,4.73,4.71,15.20
109417,-10.16,6.25,1,14.36,13.52,8,14.67,189,0.30,0.31,911,0.00,1.00,3,0.5000,21.50,133,0,0.00,30,7.40,4.76,5.10,15.20
109521,-10.16,6.25,1,14.36,13.60,8,14.66,189,0.30,0.30,933,0.00,1.00,3,0.5000,17.50,133,0,0.00,30,7.40,4.73,4.71,15.20
109625,-9.38,6.25,1,14.36,13.44,8,14.65,189,0.30,0.29,985,0.00,1.00,3,0.5000,16.00,133,0,0.00,30,7.40,4.70,4.71,15.10
109729,-9.38,6.25,1,14.36,13.20,8,14.64,189,0.29,0.28,1018,0.00,1.00,3,0.5000,13.50,133,0,0.00,30,7.25,4.76,5.88,15.20
109833,-9.38,6.25,1,14.36,13.28,8,14.64,189,0.29,0.29,1034,0.00,1.00,3,0.5000,14.50,133,0,0.00,30,7.11,5.13,5.88,15.10
109937,-8.59,6.25,1,14.36,13.60,8,14.63,189,0.29,0.30,1047,0.00,1.00,3,0.5000,13.00,133,0,0.00,30,7.25,5.39,5.88,15.10
110041,-8.59,6.25,1,14.36,13.52,8,14.63,189,0.30,0.30,1076,0.00,1.00,3,0.5000,12.50,133,0,0.00,30,7.40,5.48,5.88,15.20
110145,-7.81,6.25,1,14.36,13.36,8,14.64,189,0.30,0.30,1073,0.00,1.00,3,0.5000,15.50,133,0,0.00,30,7.40,5.35,5.49,15.20
110249,-6.25,6.25,1,14.36,13.52,8,14.64,189,0.30,0.30,1034,0.00,1.00,3,0.5000,16.00,133,0,0.00,30,7.40,5.23,5.10,15.30
110353,-5.47,6.25,1,14.36,13.44,8,14.64,189,0.30,0.30,1036,0.00,1.00,3,0.5000,16.00,133,0,0.00,30,7.25,5.16,5.10,15.50
110457,-4.69,6.25,1,14.36,13.52,8,14.64,189,0.30,0.30,1034,0.00,1.00,2,0.5000,16.50,133,0,0.00,30,7.25,5.16,5.49,15.80
110562,-3.91,6.25,1,14.36,13.52,8,14.64,189,0.30,0.30,1046,0.00,1.00,2,0.5000,16.50,133,0,0.00,30,7.25,2.60,5.49,15.70
110665,-3.91,6.25,1,14.36,13.44,8,14.64,189,0.30,0.30,1044,0.00,1.00,2,0.5000,16.50,133,0,0.00,30,7.25,5.16,5.49,15.80
110769,-3.91,6.25,1,14.36,13.52,8,14.65,189,0.30,0.30,1026,0.00,1.00,2,0.5000,17.00,133,0,0.00,30,7.25,5.16,5.49,15.70
110873,-3.91,6.25,1,14.36,13.44,8,14.65,189,0.30,0.31,1002,0.00,1.00,2,0.5000,17.50,133,0,0.00,30,7.25,5.16,5.49,15.50
110977,-3.91,6.25,1,14.36,13.52,8,14.65,189,0.31,0.31,1002,0.00,1.00,2,0.5000,19.00,133,0,0.00,30,7.40,5.23,5.88,15.40
111081,-3.91,6.25,1,14.36,13.52,8,14.66,189,0.31,0.32,981,0.00,1.00,2,0.5000,19.50,133,0,0.00,30,7.40,5.42,5.88,15.10
111185,-3.91,6.25,1,14.36,13.52,8,14.66,189,0.32,0.34,960,0.00,1.00,2,0.5000,20.50,133,0,0.00,30,7.69,5.45,5.88,15.00
111289,-3.91,6.25,1,14.36,13.52,8,14.66,189,0.33,0.34,965,0.00,1.00,2,0.5000,20.50,133,0,0.00,30,7.98,5.48,5.88,14.80
111393,-3.91,6.25,1,14.36,13.44,8,14.66,189,0.33,0.34,950,0.00,1.00,2,0.5000,20.50,133,0,0.00,30,7.98,5.42,5.88,14.70
111497,-3.91,6.25,1,14.36,13.44,8,14.66,189,0.34,0.35,931,0.00,1.00,2,0.5000,21.00,133,0,0.00,30,8.13,5.42,5.88,14.80
111601,-3.12,6.25,1,14.36,13.52,8,14.67,189,0.34,0.35,929,0.00,1.00,2,0.5000,21.00,133,0,0.00,30,8.27,5.35,5.88,14.80
111705,-3.12,6.25,1,14.36,13.52,8,14.67,189,0.35,0.35,908,0.00,1.00,2,0.5000,21.50,133,0,0.00,30,8.42,5.35,5.88,14.80
111809,-3.12,6.25,1,14.36,13.60,8,14.67,189,0.35,0.36,906,0.00,1.00,2,0.5000,22.00,133,0,0.00,30,8.42,5.35,5.88,14.90
111913,-3.12,6.25,1,14.36,13.44,8,14.68,189,0.35,0.36,882,0.00,1.00,2,0.5000,22.00,133,0,0.00,30,8.56,5.35,5.49,14.90
112018,-3.12,6.25,1,14.36,13.60,8,14.68,189,0.36,0.37,866,0.00,1.00,2,0.5000,22.00,133,0,0.00,30,8.56,5.35,5.49,14.80
112121,-3.12,6.25,1,14.36,13.52,8,14.68,189,0.37,0.37,854,0.00,0.99,2,0.5000,22.00,133,0,0.00,30,8.71,5.35,5.49,14.80
112225,-3.12,6.25,1,14.36,13.52,8,14.68,189,0.37,0.38,849,0.00,0.99,2,0.5000,22.00,133,0,0.00,30,8.85,5.35,5.49,14.80
112329,-3.12,6.25,1,14.36,13.44,8,14.69,189,0.38,0.39,828,0.00,0.99,2,0.5000,22.00,133,0,0.00,30,9.00,5.35,5.49,14.90
112433,-3.12,6.25,1,14.36,13.44,8,14.69,189,0.38,0.39,827,0.00,0.99,2,0.5000,22.00,133,0,0.00,30,9.00,5.35,5.49,14.70
112537,-3.12,6.25,1,14.36,13.44,8,14.69,189,0.38,0.39,814,0.00,0.99,2,0.5000,22.00,133,0,0.00,30,9.14,5.35,5.49,14.80
112641,-3.12,6.25,1,14.36,13.36,8,14.69,189,0.39,0.39,822,0.00,0.99,2,0.5000,22.00,133,0,0.00,30,9.29,5.35,5.49,14.80
112745,-3.12,6.25,1,14.36,13.04,8,14.69,189,0.39,0.39,810,0.00,0.99,2,0.5000,22.00,133,0,0.00,30,9.29,5.29,5.10,14.80
112849,-3.12,6.25,1,14.36,12.88,8,14.69,189,0.39,0.39,806,0.00,0.99,2,0.5000,22.00,133,0,0.00,30,9.29,5.23,5.10,14.70
112953,-2.34,6.25,1,14.36,12.88,8,14.69,189,0.39,0.39,804,0.00,0.99,2,0.5000,22.00,133,0,0.00,30,9.29,5.19,5.10,14.70
113057,-3.12,6.25,1,14.36,12.96,8,14.69,189,0.39,0.40,779,0.00,0.99,2,0.5000,22.00,133,0,0.00,30,9.29,5.16,5.10,14.80
113161,-2.34,6.25,1,14.36,13.12,8,14.69,189,0.40,0.40,771,0.00,0.99,2,0.5000,17.50,133,0,0.00,30,9.29,5.23,5.10,14.80
113265,-2.34,6.25,1,14.36,13.04,8,14.69,189,0.40,0.41,766,0.00,0.99,2,0.5000,19.00,133,0,0.00,30,9.43,5.52,7.45,14.80
113369,-3.12,6.25,2,14.36,13.12,8,14.68,189,0.43,0.47,761,0.00,0.86,2,0.5000,22.50,133,0,0.00,30,9.87,8.55,20.39,14.80
113474,-3.12,5.47,3,14.36,13.28,8,14.63,189,0.52,0.75,829,0.00,0.81,2,0.5000,27.00,133,0,0.00,30,12.62,10.23,23.92,14.80
113577,-3.91,6.25,2,14.36,13.36,8,14.61,189,0.54,0.58,1016,0.00,0.98,2,0.5000,19.50,133,0,0.00,30,14.22,10.14,22.35,14.50
113681,-5.47,6.25,3,14.36,13.36,8,14.60,189,0.52,0.49,1250,0.00,0.98,2,0.5000,27.00,133,0,0.00,30,13.93,11.18,22.35,14.30
113785,0.00,6.25,3,14.36,13.60,8,14.59,189,0.51,0.51,1366,0.00,0.98,2,0.5000,33.50,133,0,0.00,30,13.78,11.95,21.57,13.80
113890,10.16,7.03,3,14.36,13.44,8,14.58,189,0.51,0.51,1444,0.00,0.98,2,0.5000,36.00,133,0,0.00,30,13.64,12.57,20.39,16.60
113993,21.09,7.03,3,14.36,13.44,8,14.58,189,0.50,0.49,1556,0.00,0.99,1,0.5000,37.50,133,0,0.00,30,13.49,13.35,20.39,17.90
114097,22.66,7.81,3,14.36,13.36,8,14.57,189,0.50,0.49,1666,0.00,0.99,1,0.5000,38.00,133,0,0.00,30,13.35,14.23,20.39,16.80
114201,24.22,7.81,3,14.36,13.44,8,14.57,189,0.50,0.50,1739,0.00,0.99,1,0.5000,39.50,133,0,0.00,30,13.20,14.91,20.39,16.10
114305,25.00,8.59,3,14.36,13.36,8,14.58,189,0.50,0.50,1796,0.00,0.99,1,0.5000,40.00,133,0,0.00,30,13.06,15.34,20.39,15.90
114409,25.00,8.59,3,14.36,13.36,8,14.58,189,0.50,0.50,1846,0.00,0.99,1,0.5000,40.50,133,0,0.00,30,13.06,15.41,18.82,15.70
114513,25.00,9.38,3,14.36,13.36,8,14.57,189,0.49,0.49,1890,0.00,0.99,1,0.5000,40.50,133,0,0.00,30,12.77,15.45,18.43,15.50
114617,25.00,9.38,3,14.36,13.36,8,14.57,189,0.49,0.49,1938,0.00,0.99,1,0.5000,41.00,133,0,0.00,30,12.48,15.86,17.65,15.30
114721,25.00,9.38,3,14.36,13.52,8,14.57,189,0.47,0.46,2009,0.00,0.99,1,0.5000,40.50,133,0,0.00,30,12.19,15.34,16.47,15.20
114825,25.00,10.16,3,14.36,13.44,8,14.57,189,0.46,0.45,2041,0.00,0.99,1,0.5000,40.50,133,0,0.00,30,11.75,15.65,16.47,15.10
114929,25.00,10.16,3,14.36,13.44,8,14.58,189,0.45,0.46,2096,0.00,0.99,1,0.5000,40.00,133,0,0.00,30,11.46,15.23,14.90,15.00
115034,25.00,10.16,3,14.36,13.44,8,14.58,189,0.43,0.42,2142,0.00,1.00,1,0.5000,39.50,133,0,0.00,30,10.88,14.75,14.12,14.60
115137,24.22,10.94,3,14.36,13.36,8,14.58,189,0.42,0.41,2155,0.00,1.00,1,0.5000,39.50,133,0,0.00,30,10.16,14.98,14.12,14.30
115241,21.09,10.94,3,14.36,13.44,8,14.58,189,0.41,0.41,2196,0.00,1.00,1,0.5000,39.50,133,0,0.00,30,10.01,15.10,14.12,14.00
115345,19.53,10.94,3,14.36,13.52,8,14.59,189,0.41,0.41,2240,0.00,1.00,1,0.5000,39.50,133,0,0.00,30,9.72,15.16,14.12,14.00
115450,18.75,10.94,3,14.36,13.44,8,14.59,189,0.40,0.41,2264,0.00,1.00,1,0.5000,39.50,133,0,0.00,30,9.58,15.16,14.12,14.10
115554,17.97,11.72,3,14.36,13.44,8,14.59,189,0.40,0.40,2296,0.00,1.00,1,0.5000,39.50,133,0,0.00,30,9.58,15.34,14.12,14.20
115657,17.97,11.72,3,14.36,13.36,8,14.59,189,0.40,0.40,2312,0.00,1.00,1,0.5000,39.50,133,0,0.00,30,9.58,15.33,14.12,14.30
115761,17.97,11.72,3,14.36,13.44,8,14.59,189,0.39,0.39,2317,0.00,1.00,1,0.5000,24.50,133,0,0.00,30,9.43,15.10,13.73,14.40
115865,17.97,11.72,3,14.36,13.52,8,14.59,189,0.40,0.40,2284,0.00,1.00,1,0.5000,24.50,133,0,0.00,30,9.29,15.22,13.73,14.50
115970,17.97,11.72,3,14.36,13.44,8,14.57,189,0.41,0.41,2202,0.00,0.99,1,0.5000,24.50,133,1,0.00,30,9.29,15.28,14.51,14.40
116073,17.19,12.50,3,14.36,13.36,8,14.57,189,0.45,0.47,1972,0.00,0.92,1,0.5000,38.50,133,2,0.00,30,9.72,15.22,14.51,14.40
116178,16.41,12.50,3,14.36,13.44,8,14.57,189,0.48,0.50,1814,0.00,0.93,1,0.5000,39.00,133,3,0.00,30,10.45,15.40,15.69,14.30
116281,14.84,12.50,3,14.36,13.44,8,14.58,189,0.51,0.52,1758,0.00,0.99,1,0.5000,39.50,133,4,0.00,30,11.32,15.11,15.29,14.20
116386,11.72,12.50,3,14.36,13.44,8,14.58,189,0.51,0.51,1740,0.00,0.99,1,0.5000,39.50,133,4,0.00,30,11.61,14.98,15.29,13.90
116490,12.50,12.50,3,14.36,13.44,8,14.58,189,0.52,0.52,1707,0.00,0.99,1,0.5000,39.50,133,5,0.00,30,11.75,14.69,15.29,14.20
116593,11.72,12.50,3,14.36,13.44,8,14.58,189,0.52,0.52,1679,0.00,0.99,1,0.5000,39.50,133,4,0.00,30,11.75,14.63,15.29,14.20
116697,10.94,13.28,3,14.36,13.36,8,14.58,189,0.52,0.52,1670,0.00,0.99,2,0.5000,39.50,133,5,0.00,30,11.90,14.51,15.29,14.20
116802,10.16,14.84,3,14.36,13.44,8,14.58,189,0.52,0.51,1677,0.00,0.99,2,0.5000,39.50,133,5,0.00,30,11.90,14.39,15.29,14.10
116906,9.38,14.84,3,14.36,13.36,8,14.58,189,0.52,0.52,1686,0.00,0.99,2,0.5000,39.50,133,6,0.00,30,11.90,14.69,15.29,14.10
117010,7.81,14.84,3,14.36,13.44,8,14.58,189,0.52,0.53,1694,0.00,0.99,2,0.5000,40.00,133,6,0.00,30,11.90,15.28,16.47,14.10
117113,7.81,14.84,3,14.36,13.36,8,14.58,189,0.53,0.54,1706,0.00,0.99,2,0.5000,40.50,133,6,0.00,30,12.19,15.40,16.47,14.30
117218,8.59,14.84,3,14.36,13.44,8,14.58,189,0.53,0.53,1722,0.00,0.99,2,0.5000,40.50,133,6,0.00,30,12.19,15.34,16.47,14.50
117321,8.59,14.84,3,14.36,13.44,8,14.58,189,0.53,0.53,1739,0.00,0.99,2,0.5000,40.50,133,7,0.00,30,12.19,15.53,16.47,14.50
117426,8.59,14.84,3,14.36,13.36,8,14.58,189,0.53,0.53,1748,0.00,0.99,2,0.5000,40.50,133,7,0.00,30,12.19,15.46,16.47,14.50
117529,8.59,14.84,3,14.36,13.36,8,14.58,189,0.53,0.53,1756,0.00,0.99,2,0.5000,40.50,133,8,0.00,30,12.19,15.65,16.47,14.50
117634,8.59,14.84,3,14.36,13.36,8,14.58,189,0.53,0.53,1759,0.00,0.99,2,0.5000,40.50,133,8,0.00,30,12.19,15.58,16.47,14.60
117737,9.38,14.84,3,14.36,13.36,8,14.58,189,0.53,0.53,1763,0.00,0.99,2,0.5000,40.50,133,9,0.00,30,12.19,15.46,16.47,14.60
117842,9.38,14.84,3,14.36,13.36,8,14.58,189,0.53,0.52,1766,0.00,0.99,2,0.5000,40.50,133,9,0.00,30,12.19,15.72,16.47,14.50
117946,9.38,14.84,3,14.36,13.52,8,14.58,189,0.53,0.53,1772,0.00,0.99,2,0.5000,41.00,133,9,0.00,30,12.19,15.72,16.47,14.50
118050,9.38,14.84,3,14.36,13.44,8,14.58,189,0.53,0.53,1793,0.00,0.99,2,0.5000,41.00,133,9,0.00,30,12.19,15.59,16.47,14.60
118154,9.38,14.84,3,14.36,13.28,8,14.58,189,0.53,0.52,1800,0.00,0.99,2,0.5000,41.00,133,10,0.00,30,12.19,15.93,16.47,14.50
118258,10.16,14.84,3,14.36,13.44,8,14.58,189,0.53,0.53,1806,0.00,0.99,2,0.5000,41.00,133,10,0.00,30,12.04,15.73,16.47,14.50
118362,10.16,14.84,3,14.36,13.44,8,14.58,189,0.53,0.53,1811,0.00,0.99,2,0.5000,40.50,133,10,0.00,30,12.04,15.72,16.47,14.50
118465,10.16,14.84,3,14.36,13.52,8,14.58,189,0.52,0.53,1801,0.00,0.99,2,0.5000,40.50,133,11,0.00,30,12.04,15.72,16.47,14.50
118570,10.16,14.84,3,14.36,13.36,8,14.58,189,0.53,0.53,1806,0.00,0.99,2,0.5000,41.00,133,11,0.00,30,12.04,15.93,16.47,14.50
118674,10.16,14.84,3,14.36,13.36,8,14.58,189,0.53,0.52,1807,0.00,0.99,2,0.5000,41.00,133,12,0.00,30,12.04,16.00,16.47,14.50
118777,10.16,14.84,3,14.36,13.44,8,14.58,189,0.53,0.53,1809,0.00,0.99,2,0.5000,41.00,133,12,0.00,30,12.04,16.07,16.47,14.50
118882,10.16,14.84,3,14.36,13.44,8,14.58,189,0.53,0.53,1828,0.00,0.99,2,0.5000,41.00,133,12,0.00,30,12.04,16.00,16.47,14.50
118985,9.38,14.84,3,14.36,13.44,8,14.58,189,0.53,0.53,1833,0.00,0.99,2,0.5000,41.00,133,12,0.00,30,12.04,16.00,16.47,14.50
119090,9.38,14.84,3,14.36,13.36,8,14.58,189,0.52,0.52,1836,0.00,0.99,2,0.5000,41.00,133,13,0.00,30,12.04,16.00,16.86,14.50
119193,9.38,14.84,3,14.36,13.28,8,14.58,189,0.53,0.53,1827,0.00,0.99,2,0.5000,41.00,133,13,0.00,30,12.19,16.48,17.25,14.50
119298,9.38,14.84,3,14.36,13.36,8,14.58,189,0.53,0.53,1830,0.00,0.99,2,0.5000,41.50,133,14,0.00,30,12.19,16.41,17.25,14.50
119402,10.16,14.84,3,14.36,13.52,8,14.58,189,0.53,0.53,1840,0.00,0.99,2,0.5000,41.50,133,14,0.00,30,12.33,16.48,16.86,14.70
119505,10.94,14.84,3,14.36,13.52,8,14.58,189,0.53,0.53,1860,0.00,0.99,2,0.5000,41.50,133,14,0.00,30,12.33,15.73,14.90,14.60
119610,10.94,14.84,3,14.36,13.44,8,14.58,189,0.51,0.49,1868,0.00,0.99,2,0.5000,40.00,133,15,0.00,30,11.75,14.98,14.12,14.60
119714,10.16,14.84,3,14.36,13.28,8,14.57,189,0.48,0.48,1831,0.00,1.07,2,0.5000,37.00,133,15,0.00,30,11.32,11.80,7.45,14.20
119818,7.81,14.84,2,14.36,13.36,8,14.57,189,0.42,0.35,1773,0.00,1.11,2,0.5000,30.50,133,16,0.00,30,8.85,9.72,6.67,13.70
119922,5.47,14.84,2,14.36,13.36,8,14.57,189,0.37,0.33,1667,0.00,1.07,2,0.5000,26.00,133,16,0.00,30,8.13,8.88,6.27,13.00
120025,0.78,14.06,2,14.36,13.52,8,14.58,189,0.35,0.33,1586,0.00,1.00,2,0.5000,23.00,133,16,0.00,30,7.25,8.42,6.27,12.50
120130,-3.12,13.28,2,14.36,13.44,8,14.58,189,0.34,0.33,1516,0.00,1.00,2,0.5000,23.50,133,16,0.00,30,7.11,8.42,7.45,11.90
120234,-7.81,12.50,3,14.36,13.36,8,14.59,189,0.36,0.39,1433,0.00,0.85,2,0.5000,29.00,133,17,0.00,30,6.96,12.54,14.12,11.60
120338,-15.62,12.50,3,14.36,13.36,8,14.58,189,0.45,0.56,1484,0.00,0.85,2,0.5000,35.00,133,17,0.00,30,9.72,14.34,14.90,11.90
120442,-14.06,12.50,3,14.36,13.44,8,14.57,189,0.48,0.50,1708,0.00,0.99,2,0.5000,38.00,133,17,0.00,30,11.03,14.28,14.90,12.30
120546,-12.50,12.50,3,14.36,13.52,8,14.57,189,0.49,0.49,1742,0.00,0.99,2,0.5000,38.00,133,17,0.00,30,11.17,14.23,14.90,13.10
120650,-12.50,12.50,3,14.36,13.44,8,14.57,189,0.50,0.51,1698,0.00,0.99,2,0.5000,38.50,133,18,0.00,30,11.32,14.26,15.29,13.40
120754,-8.59,13.28,3,14.36,13.44,8,14.58,187,0.52,0.52,1699,0.00,0.92,2,0.5000,40.00,133,18,0.00,30,11.46,16.28,20.00,16.00
120858,3.91,13.28,3,14.36,13.44,8,14.58,187,0.55,0.58,1693,0.00,0.99,2,0.5000,41.00,133,18,0.00,30,12.91,17.06,22.75,16.40
120962,7.81,14.84,3,14.36,13.44,8,14.58,187,0.57,0.57,1798,0.00,0.99,2,0.5000,41.50,133,19,0.00,30,13.49,17.74,26.67,17.40
121066,10.94,14.84,3,14.36,13.44,8,14.58,187,0.58,0.58,1857,0.00,0.99,2,0.5000,41.50,133,19,0.00,31,13.93,18.45,27.06,16.60
121170,15.62,14.84,3,14.36,13.52,8,14.58,187,0.58,0.58,1901,0.00,0.99,2,0.5000,41.50,133,19,0.00,32,14.07,18.76,27.06,16.50
121274,21.09,14.84,3,14.36,13.36,8,14.58,187,0.58,0.57,1925,0.00,0.99,2,0.5000,42.00,133,19,0.00,32,14.07,18.91,27.06,16.50
121378,23.44,14.84,3,14.36,13.36,8,14.58,187,0.58,0.58,1971,0.00,0.99,2,0.5000,42.00,133,19,0.00,32,14.07,19.22,27.06,16.20
121482,24.22,14.84,3,14.36,13.44,8,14.58,187,0.58,0.58,1980,0.00,0.99,2,0.5000,42.00,133,19,0.00,32,14.07,19.45,27.06,15.70
121586,25.00,14.84,3,14.36,13.44,8,14.58,187,0.58,0.58,2012,0.00,0.99,2,0.5000,42.00,133,20,0.00,32,14.07,19.67,27.06,15.40
121690,25.00,14.84,3,14.36,13.36,8,14.58,187,0.58,0.59,2009,0.00,0.99,2,0.5000,42.00,133,20,0.00,32,14.22,19.70,27.06,15.20
121794,25.00,14.84,3,14.36,13.36,8,14.58,187,0.59,0.58,2032,0.00,0.99,2,0.5000,42.00,133,20,0.00,32,14.22,20.12,27.06,15.00
121897,25.00,14.84,3,14.36,13.36,8,14.58,187,0.59,0.59,2029,0.00,0.99,2,0.5000,41.50,133,20,0.00,32,14.22,20.29,26.67,15.10
122002,25.00,14.84,3,14.36,13.44,8,14.58,187,0.59,0.59,2053,0.00,0.99,2,0.5000,41.50,133,21,0.00,33,14.22,20.38,26.67,15.80
122106,25.00,14.84,3,14.36,13.44,8,14.58,187,0.59,0.60,2050,0.00,0.99,2,0.5000,41.50,133,21,0.00,33,14.22,23.02,26.67,14.80
122210,25.00,14.84,3,14.36,13.36,8,14.58,187,0.59,0.59,2069,0.00,0.99,2,0.5000,41.50,133,21,0.00,33,14.22,20.55,26.67,14.30
122314,25.00,14.84,3,14.36,13.44,8,14.58,187,0.60,0.60,2063,0.00,0.99,2,0.5000,41.50,133,21,0.00,33,14.36,20.72,26.67,15.60
122418,25.00,14.84,3,14.36,13.44,8,14.58,187,0.60,0.60,2086,0.00,0.99,2,0.5000,41.50,133,21,0.00,33,14.22,20.80,26.67,15.50
122522,25.00,14.84,3,14.36,13.44,8,14.57,187,0.60,0.61,2096,0.00,0.99,2,0.5000,41.50,133,21,0.00,33,14.22,20.89,26.67,14.00
122626,25.00,14.84,3,14.36,13.36,8,14.57,187,0.60,0.61,2090,0.00,0.99,2,0.5000,41.00,133,20,0.00,33,14.36,21.32,26.67,14.40
122730,25.00,14.84,3,14.36,13.44,8,14.57,187,0.60,0.61,2113,0.00,0.99,2,0.5000,41.00,133,20,0.00,33,14.36,21.14,27.06,14.50
122834,25.00,14.84,3,14.36,13.36,8,14.57,187,0.60,0.61,2104,0.00,0.99,2,0.5000,41.00,133,18,0.00,33,14.36,21.49,26.67,15.90
122938,25.00,14.84,3,14.36,13.44,8,14.57,187,0.60,0.61,2111,0.00,0.99,2,0.5000,41.00,133,16,0.00,33,14.36,21.06,25.10,14.30
123042,25.00,14.84,3,14.36,13.52,8,14.58,187,0.55,0.55,2133,-2.00,1.14,2,0.5000,39.00,133,15,-2.00,34,14.22,14.16,7.84,14.40
123145,24.22,14.84,3,14.36,13.36,8,14.57,187,0.44,0.36,2036,-1.95,1.14,2,0.5000,33.50,133,12,0.00,34,9.72,11.24,7.45,14.20
123250,21.09,14.84,3,14.36,13.44,8,14.57,187,0.39,0.35,1860,-1.90,1.06,2,0.5000,29.00,133,10,0.00,34,8.56,10.22,6.67,12.60
123355,16.41,14.84,2,14.36,13.36,8,14.57,187,0.36,0.34,1760,-1.85,1.00,2,0.5000,25.50,133,8,0.00,34,7.25,9.50,6.67,11.40
123457,11.72,14.06,2,14.36,13.44,8,14.57,187,0.35,0.34,1671,-1.80,1.00,2,0.5000,7.00,133,6,0.00,34,6.67,9.15,6.67,10.60
123562,7.81,13.28,3,14.36,13.36,8,14.58,187,0.38,0.38,1540,-1.76,0.82,2,0.5000,11.00,133,5,-2.00,34,6.67,14.43,19.22,10.20
123666,-0.78,14.84,3,14.36,13.44,8,14.59,187,0.55,0.77,1390,-1.72,0.78,2,0.5000,34.50,133,5,-1.50,34,11.46,17.60,22.35,10.20
123770,-7.81,14.84,3,14.36,13.44,8,14.58,187,0.60,0.65,1576,-1.68,0.99,2,0.5000,37.50,133,3,-1.00,34,13.78,16.49,22.35,10.90
123874,-15.62,14.84,3,14.36,13.44,8,14.58,187,0.59,0.57,1726,-1.63,0.99,2,0.5000,38.50,133,3,-1.50,34,13.93,16.96,22.35,11.80
123978,-10.94,14.84,3,14.36,13.52,8,14.58,187,0.59,0.60,1722,-1.58,0.99,2,0.5000,38.00,133,2,-1.50,34,13.78,16.90,21.96,13.50
124082,-14.06,14.84,3,14.36,13.44,8,14.58,187,0.59,0.59,1689,-1.54,0.99,2,0.5000,38.00,133,2,-1.00,34,13.93,16.76,21.96,14.90
124186,-12.50,14.84,3,14.36,13.28,8,14.58,187,0.60,0.61,1665,-1.49,0.99,3,0.5000,37.50,133,1,-1.00,34,13.93,16.69,21.96,16.60
124290,-8.59,14.84,3,14.36,13.36,8,14.58,187,0.61,0.61,1656,-1.49,0.99,3,0.5000,37.50,133,1,-1.00,34,13.93,17.76,30.20,16.60
124394,4.69,14.84,3,14.36,13.36,8,14.58,187,0.62,0.64,1675,-3.49,0.99,3,0.5000,35.50,133,0,-3.00,0,14.51,17.84,34.51,17.00
124498,8.59,14.84,3,14.36,13.52,8,14.58,187,0.62,0.62,1725,-5.49,0.99,3,0.5000,32.00,133,0,-7.00,0,14.80,17.91,34.90,16.50
124602,9.38,14.84,3,14.36,13.52,8,14.57,187,0.61,0.61,1804,-9.49,0.99,3,0.5000,30.50,133,0,-9.00,2,14.80,18.85,36.08,16.00
124706,11.72,14.84,3,14.36,13.52,8,14.57,187,0.60,0.60,1901,-9.49,0.99,3,0.5000,31.50,133,0,-9.50,2,14.80,19.87,38.04,15.80
124810,14.84,14.84,3,14.36,13.36,8,14.58,187,0.60,0.59,2027,-9.49,0.99,3,0.5000,31.50,133,0,-9.50,2,14.80,20.46,38.82,16.00
124914,20.31,14.84,3,14.36,13.36,8,14.57,187,0.61,0.60,2033,-9.49,0.99,3,0.5000,31.50,133,0,-9.50,2,14.80,20.89,39.61,16.20
125018,24.22,14.84,3,14.36,13.44,8,14.57,187,0.61,0.61,2073,-9.49,0.99,3,0.5000,31.50,133,0,-9.50,2,14.95,21.49,40.00,16.00
125123,25.00,14.84,3,14.36,13.60,8,14.57,187,0.61,0.61,2106,-9.49,0.99,3,0.5000,31.50,133,0,-9.50,2,14.95,21.66,40.39,15.40
125226,25.00,14.84,3,14.36,13.44,8,14.57,187,0.61,0.60,2114,-9.49,0.99,2,0.5000,31.50,133,0,-9.50,2,14.95,21.91,40.39,15.20
125331,25.00,14.84,3,14.36,13.36,8,14.57,187,0.62,0.61,2146,-9.49,0.99,2,0.5000,31.50,131,0,-9.50,2,15.09,22.26,40.78,15.10
125435,25.00,14.84,3,14.36,13.36,8,14.57,187,0.62,0.62,2156,-9.49,0.99,2,0.5000,31.00,131,0,-9.50,2,15.09,22.43,41.57,15.20
125539,25.00,14.84,3,14.36,13.44,8,14.57,187,0.63,0.63,2150,-9.49,0.99,2,0.5000,31.00,131,0,-9.50,2,15.09,22.52,42.75,15.00
125643,25.00,14.84,3,14.36,13.44,8,14.57,187,0.63,0.65,2163,-9.49,0.99,2,0.5000,31.00,131,0,-9.50,2,15.09,23.08,42.75,14.80
125747,25.00,14.84,3,14.36,13.36,8,14.57,187,0.63,0.64,2192,-9.49,0.99,2,0.5000,30.50,131,0,-9.50,2,15.24,23.55,42.75,14.80
125850,25.00,14.84,3,14.36,13.36,8,14.57,187,0.63,0.64,2208,-9.49,0.99,2,0.5000,30.50,131,0,-9.50,2,15.24,23.46,42.75,14.90
125954,25.00,14.84,3,14.36,13.44,8,14.57,187,0.64,0.64,2222,-9.49,0.99,2,0.5000,30.50,131,0,-9.50,2,15.24,23.84,42.75,15.00
126059,25.00,14.84,3,14.36,13.44,8,14.57,187,0.64,0.64,2216,-9.49,0.99,2,0.5000,30.50,131,1,-9.50,2,15.24,23.94,42.75,15.10
126162,25.00,14.84,3,14.36,13.44,8,14.57,187,0.64,0.64,2223,-9.49,0.99,2,0.5000,30.50,131,1,-9.50,2,15.38,24.22,42.75,15.10
126267,25.00,14.84,3,14.36,13.36,8,14.57,187,0.64,0.64,2233,-9.49,0.99,2,0.5000,30.50,131,1,-9.50,2,15.38,24.13,42.75,15.00
126371,25.00,14.84,3,14.36,13.36,8,14.57,187,0.65,0.65,2239,-9.49,0.99,2,0.5000,30.00,131,2,-9.50,2,15.38,24.42,42.75,14.90
126474,25.00,14.84,3,14.36,13.28,8,14.57,187,0.65,0.64,2266,-9.49,0.99,2,0.5000,30.50,131,2,-9.50,2,15.38,24.32,42.75,15.00
126579,25.00,14.84,3,14.36,13.36,8,14.57,187,0.65,0.65,2277,-9.49,0.99,2,0.5000,31.00,131,2,-8.50,2,15.38,24.41,42.75,14.90
126683,25.00,14.84,3,14.36,13.36,8,14.57,187,0.65,0.66,2288,-8.49,0.99,2,0.5000,31.00,131,2,-8.50,2,15.38,25.09,42.75,15.00
126787,25.00,14.84,3,14.36,13.44,8,14.57,187,0.66,0.66,2306,-8.49,0.99,2,0.5000,31.00,131,3,-8.50,2,15.38,24.99,42.35,15.00
126891,25.00,14.84,3,14.36,13.28,8,14.57,187,0.65,0.65,2346,-8.49,0.99,2,0.5000,31.00,131,3,-8.50,2,15.38,23.22,42.35,15.30
126995,25.00,14.84,3,14.36,13.44,8,14.57,187,0.66,0.66,2375,-8.49,0.99,2,0.5000,31.00,131,3,-8.50,2,15.53,25.88,42.35,15.40
127099,25.00,14.84,3,14.36,13.52,8,14.57,187,0.66,0.66,2375,-8.49,0.99,2,0.5000,30.50,131,3,-8.50,2,15.53,26.51,42.35,15.70
127203,25.00,14.84,3,14.36,13.44,8,14.56,187,0.67,0.67,2380,-8.49,0.99,2,0.5000,30.50,131,5,-8.50,2,15.53,26.94,42.35,15.70
127307,25.00,14.84,3,14.36,13.44,8,14.56,187,0.67,0.67,2399,-8.49,0.99,2,0.5000,30.50,131,5,-8.50,2,15.67,27.37,42.35,15.60
127411,25.00,14.84,3,14.36,13.36,8,14.56,187,0.67,0.67,2444,-8.49,0.99,2,0.5000,30.50,131,6,-8.50,2,15.67,27.80,42.35,15.60
127515,25.00,14.84,3,14.36,13.36,8,14.55,187,0.68,0.68,2450,-8.49,0.99,2,0.5000,30.00,131,7,-8.50,2,15.67,28.01,42.35,15.30
127618,25.00,14.84,3,14.36,13.44,8,14.54,187,0.68,0.69,2468,-8.49,0.99,2,0.5000,30.00,131,8,-8.50,2,15.67,28.44,42.35,15.30
127723,25.00,14.84,3,14.36,13.36,8,14.53,187,0.69,0.69,2464,-8.49,0.99,2,0.5000,30.00,131,8,-8.50,2,15.82,28.55,42.35,15.00
127827,25.00,14.84,3,14.36,13.36,8,14.53,187,0.69,0.69,2506,-8.49,0.99,2,0.5000,30.00,131,9,-8.50,2,15.82,29.09,41.96,14.90
127931,25.00,14.84,3,14.36,13.36,8,14.52,187,0.70,0.70,2522,-8.49,0.99,2,0.5000,29.50,131,10,-8.50,2,15.82,29.42,41.57,14.70
128035,25.00,14.84,3,14.36,13.44,8,14.52,187,0.70,0.69,2529,-8.49,0.99,2,0.5000,29.50,131,11,-8.50,2,15.82,29.88,41.18,14.30
128139,25.00,14.84,3,14.36,13.36,8,14.51,187,0.70,0.70,2567,-8.49,0.99,2,0.5000,29.50,131,12,-8.50,2,15.96,30.33,40.39,14.40
128243,25.00,14.84,3,14.36,13.36,8,14.50,187,0.70,0.71,2562,-8.49,0.99,2,0.5000,29.50,131,13,-8.50,2,15.96,30.11,35.69,14.50
128347,24.22,14.84,3,14.36,13.44,8,14.50,187,0.70,0.70,2590,-8.49,0.99,2,0.5000,29.50,131,13,-8.50,2,15.67,30.11,34.51,14.40
128451,23.44,14.84,3,14.36,13.36,8,14.49,187,0.70,0.70,2592,-8.49,0.99,2,0.5000,29.50,131,14,-8.50,2,15.67,30.33,34.51,14.10
128555,22.66,14.84,3,14.36,13.36,8,14.49,187,0.70,0.71,2620,-8.49,0.99,2,0.5000,30.50,131,15,-8.50,2,15.82,30.68,34.51,14.10
128659,21.09,14.84,3,14.36,13.36,8,14.49,187,0.70,0.70,2614,-7.49,0.99,2,0.5000,30.50,131,16,-7.50,2,15.82,30.90,34.51,14.10
128763,21.09,14.84,3,14.36,13.36,8,14.48,187,0.70,0.70,2646,-7.49,0.99,2,0.5000,30.50,131,17,-7.50,2,15.82,33.23,34.51,14.20
128867,20.31,14.84,3,14.36,13.44,8,14.48,187,0.71,0.71,2646,-7.49,0.99,2,0.5000,30.50,131,17,-7.50,2,15.82,31.13,34.51,14.30
128970,19.53,14.84,3,14.36,13.44,8,14.46,187,0.71,0.71,2682,-7.49,0.99,2,0.5000,30.50,131,18,-7.50,2,15.82,31.47,33.33,14.20
129075,19.53,14.84,3,14.36,13.52,8,14.47,187,0.70,0.69,2698,-7.49,0.99,2,0.5000,30.50,129,19,-7.50,2,15.67,31.24,32.16,14.20
129179,18.75,14.84,3,14.36,13.44,8,14.46,187,0.69,0.69,2701,-7.49,0.99,2,0.5000,30.50,129,19,-7.50,2,15.67,31.93,32.16,14.10
129283,17.19,14.84,3,14.36,13.36,8,14.45,187,0.70,0.71,2714,-7.49,0.99,2,0.5000,30.50,129,19,-7.50,2,15.67,31.81,32.16,14.20
129387,17.19,14.84,3,14.36,13.44,8,14.44,187,0.70,0.70,2750,-7.49,0.99,2,0.5000,30.50,129,19,-7.50,2,15.67,32.16,32.16,14.10
129491,16.41,14.84,3,14.36,13.36,8,14.45,187,0.70,0.70,2767,-7.49,0.99,2,0.5000,30.50,129,19,-7.50,2,15.67,32.38,32.16,14.10
129595,16.41,14.84,3,14.36,13.52,8,14.44,187,0.70,0.70,2769,-7.49,0.98,2,0.5000,30.50,129,17,-7.50,2,15.67,32.74,32.16,14.20
129699,16.41,14.84,3,14.36,13.36,8,14.43,187,0.70,0.70,2790,-7.49,0.98,2,0.5000,30.50,129,15,-7.50,2,15.67,32.27,30.59,14.10
129803,15.62,14.84,3,14.36,13.36,8,14.43,187,0.69,0.69,2793,-7.49,0.98,2,0.5000,30.50,129,13,-7.50,2,15.67,32.38,29.80,14.20
129907,14.06,14.84,3,14.36,13.36,8,14.44,187,0.69,0.69,2833,-7.49,0.99,2,0.5000,31.00,129,11,-7.50,2,15.53,32.38,29.80,14.10
130011,13.28,14.84,3,14.36,13.44,8,14.45,187,0.69,0.69,2849,-7.49,0.99,2,0.5000,31.00,129,9,-7.50,2,15.53,32.85,29.80,14.20
130115,13.28,14.84,3,14.36,13.52,8,14.45,187,0.69,0.69,2875,-7.49,0.99,2,0.5000,31.00,129,7,-7.50,2,15.53,33.10,29.41,14.30
130219,13.28,14.84,3,14.36,13.44,8,14.45,187,0.69,0.69,2885,-7.49,0.99,2,0.5000,31.00,129,7,-7.50,2,15.53,35.42,29.80,14.40
130323,13.28,14.84,3,14.36,13.44,8,14.46,187,0.69,0.69,2896,-7.49,0.99,2,0.5000,31.00,129,6,-7.50,2,15.53,35.78,29.80,14.40
130427,13.28,14.84,3,14.36,13.36,8,14.46,185,0.69,0.69,2912,-7.49,0.99,2,0.5000,31.00,129,6,-7.50,2,15.53,32.97,28.63,14.50
130531,14.06,14.84,3,14.36,13.44,8,14.46,185,0.68,0.69,2932,-7.49,0.99,2,0.5000,31.00,129,5,-7.50,2,15.38,33.22,28.24,14.40
130635,14.06,14.84,3,14.36,13.44,8,14.47,185,0.68,0.69,2946,-6.49,0.99,2,0.5000,32.00,129,5,-6.50,2,15.24,33.71,28.63,14.50
130739,14.06,14.84,3,14.36,13.36,8,14.47,185,0.68,0.69,2970,-6.49,0.99,2,0.5000,32.00,129,5,-6.50,2,15.24,33.59,27.84,14.30
130843,14.06,14.84,3,14.36,13.36,8,14.47,185,0.68,0.67,2964,-6.49,0.99,2,0.5000,32.50,129,5,-6.50,2,15.24,33.71,27.84,14.50
130947,13.28,14.84,3,14.36,13.36,8,14.47,185,0.68,0.68,2972,-6.49,0.99,2,0.5000,32.00,129,6,-6.50,2,15.24,34.08,28.24,14.40
131051,14.84,14.84,3,14.36,13.36,8,14.48,185,0.68,0.68,2995,-6.49,0.99,2,0.5000,32.00,129,6,-6.50,2,15.24,34.33,28.24,14.40
131155,15.62,14.84,3,14.36,13.52,8,14.48,185,0.68,0.67,3035,-6.49,0.99,2,0.5000,32.50,129,6,-6.50,2,15.24,33.96,27.45,14.50
131259,15.62,14.84,3,14.36,13.36,8,14.49,185,0.67,0.67,3046,-6.49,0.99,2,0.5000,32.50,127,6,-6.50,2,15.09,32.96,25.88,14.50
131363,15.62,14.84,3,14.36,13.52,8,14.50,185,0.65,0.65,3038,-6.49,0.99,2,0.5000,33.00,127,7,-6.50,2,14.65,32.84,25.49,14.40
131467,14.06,14.84,3,14.36,13.36,8,14.50,185,0.65,0.65,3068,-6.49,0.99,2,0.5000,33.00,127,7,-6.50,2,14.51,33.09,25.49,14.30
131571,14.06,14.84,3,14.36,13.44,8,14.51,185,0.64,0.64,3088,-6.49,0.99,2,0.5000,33.50,127,8,-6.50,2,14.51,33.09,25.49,14.30
131675,14.06,14.84,3,14.36,13.52,8,14.51,185,0.64,0.63,3082,-6.49,0.99,2,0.5000,33.50,127,8,-6.50,2,14.51,32.84,25.49,14.50
131779,14.06,14.84,3,14.36,13.52,8,14.51,185,0.64,0.64,3122,-6.49,0.99,2,0.5000,33.50,127,9,-6.50,2,14.36,33.09,25.49,14.50
131883,14.84,14.84,3,14.36,13.36,8,14.51,185,0.63,0.63,3139,-6.49,0.99,2,0.5000,33.50,127,9,-6.50,2,14.36,33.58,25.49,14.60
131987,14.84,14.84,3,14.36,13.36,8,14.52,185,0.64,0.63,3136,-6.49,0.99,2,0.5000,33.50,127,10,-6.50,2,14.36,33.46,25.88,14.50
132091,15.62,14.84,3,14.36,13.36,8,14.52,185,0.64,0.64,3172,-6.49,0.99,2,0.5000,33.50,127,10,-6.50,2,14.36,33.83,25.88,15.10
132196,16.41,14.84,3,14.36,13.36,8,14.52,185,0.64,0.63,3172,-6.49,0.99,2,0.5000,33.50,127,11,-6.50,2,14.36,34.20,25.88,14.50
132299,16.41,14.84,3,14.36,13.44,8,14.52,185,0.64,0.64,3208,-6.49,0.99,2,0.5000,33.50,127,11,-6.50,2,14.36,33.83,25.88,14.50
132403,17.19,14.84,3,14.36,13.36,8,14.52,185,0.63,0.63,3205,-6.49,0.99,2,0.5000,34.00,127,11,-6.50,2,14.36,33.58,25.88,14.50
132507,17.19,14.84,3,14.36,13.44,8,14.52,185,0.63,0.63,3223,-6.49,0.99,2,0.5000,33.50,127,12,-6.50,2,14.36,34.57,25.88,14.30
132611,17.97,14.84,3,14.36,13.44,8,14.52,185,0.64,0.64,3268,-5.49,0.99,2,0.5000,34.50,127,12,-5.50,2,14.36,34.20,24.31,14.30
132715,17.97,14.84,3,14.36,13.44,8,14.53,185,0.61,0.59,3259,-5.49,0.99,2,0.5000,36.00,127,12,-5.50,2,14.07,31.45,22.35,14.50
132818,14.84,14.84,3,14.36,13.52,8,14.53,185,0.59,0.58,3258,-5.49,0.99,2,0.5000,36.50,127,12,-5.50,2,13.35,31.34,22.35,14.00
132923,12.50,14.84,3,14.36,13.36,8,14.54,185,0.58,0.58,3295,-5.49,0.99,2,0.5000,37.00,126,11,-5.50,2,13.20,31.22,22.35,14.10
133027,11.72,14.84,3,14.36,13.36,8,14.54,185,0.57,0.56,3283,-5.49,0.99,2,0.5000,37.00,126,11,-5.50,2,13.06,31.00,22.35,14.30
133131,11.72,14.84,3,14.36,13.44,8,14.54,185,0.57,0.56,3293,-5.49,0.99,2,0.5000,37.00,126,11,-5.50,2,13.06,31.34,22.35,15.40
133235,12.50,14.84,3,14.36,13.36,8,14.54,185,0.57,0.57,3334,-5.49,0.99,2,0.5000,37.50,126,11,-5.50,2,13.06,30.99,22.35,14.40
133339,14.06,14.84,3,14.36,13.44,8,14.54,185,0.56,0.56,3350,-5.49,0.99,2,0.5000,38.00,126,10,-5.50,2,12.91,29.85,20.78,14.30
133443,14.06,14.84,3,14.36,13.28,8,14.55,185,0.53,0.51,3336,-5.44,0.99,2,0.5000,37.50,126,10,-5.50,2,12.33,27.77,19.61,14.50
133547,10.16,14.84,3,14.36,13.44,8,14.56,185,0.50,0.49,3333,-5.34,1.00,2,0.5000,37.50,126,9,-5.50,2,11.61,27.67,19.61,13.90
133651,8.59,14.84,3,14.36,13.44,8,14.56,185,0.49,0.49,3345,-5.26,1.00,2,0.5000,37.50,126,9,-5.00,2,11.32,27.24,19.61,14.10
133755,8.59,14.84,3,14.36,13.44,8,14.56,185,0.49,0.49,3372,-5.16,0.99,2,0.5000,37.50,126,9,-5.00,2,11.32,27.45,20.00,14.40
133859,10.16,14.84,3,14.36,13.52,8,14.56,185,0.49,0.49,3382,-5.06,0.99,2,0.5000,38.00,126,8,-5.00,2,11.32,27.34,20.00,15.10
133963,12.50,14.84,3,14.36,13.52,8,14.56,185,0.49,0.48,3401,-4.98,0.99,2,0.5000,38.00,126,8,-5.00,2,11.46,27.66,20.39,15.10
134067,14.06,14.84,3,14.36,13.44,8,14.56,185,0.49,0.48,3389,-4.88,0.99,2,0.5000,38.00,126,8,-5.00,2,11.46,27.66,20.39,15.00
134171,15.62,14.84,3,14.36,13.44,8,14.56,185,0.49,0.48,3400,-4.78,0.99,2,0.5000,38.00,126,8,-5.00,2,11.32,27.88,20.39,15.10
134275,16.41,14.84,3,14.36,13.52,8,14.55,185,0.48,0.48,3417,-4.69,0.99,2,0.5000,38.00,126,8,-4.50,2,11.46,27.56,20.39,14.60
134379,17.97,14.84,3,14.36,13.36,8,14.55,185,0.48,0.48,3426,-4.62,0.99,2,0.5000,38.00,126,9,-4.50,2,11.46,27.45,20.39,14.50
134483,18.75,14.84,3,14.36,13.44,8,14.55,185,0.48,0.48,3438,-4.53,0.99,2,0.5000,38.50,126,9,-4.50,2,11.32,27.45,20.39,14.60
134587,18.75,14.84,3,14.36,13.36,8,14.55,185,0.48,0.48,3448,-4.43,0.99,2,0.5000,38.50,124,9,-4.50,2,11.32,27.23,20.39,14.50
134691,18.75,14.84,3,14.36,13.36,8,14.55,185,0.47,0.47,3464,-4.30,0.99,2,0.5000,38.50,124,9,-4.50,2,11.17,27.45,20.39,14.50
134795,19.53,14.84,3,14.36,13.44,8,14.55,185,0.47,0.48,3476,-4.21,0.99,2,0.5000,38.50,124,10,-4.00,2,11.17,27.77,20.39,14.50
134900,19.53,14.84,3,14.36,13.44,8,14.55,185,0.47,0.47,3487,-4.11,0.99,2,0.5000,38.50,124,10,-4.00,2,11.17,27.45,20.39,14.50
135003,19.53,14.84,3,14.36,13.52,8,14.55,185,0.47,0.47,3494,-4.02,0.99,2,0.5000,38.50,124,10,-4.00,2,11.17,27.90,16.86,14.50
135107,20.31,14.84,3,14.36,13.60,8,14.54,185,0.37,0.36,3519,-3.94,1.18,2,0.5000,39.00,124,10,-4.00,2,9.14,14.27,7.84,14.10
135211,16.41,14.84,3,14.36,13.52,8,14.53,185,0.27,0.24,3390,-3.84,1.07,2,0.5000,35.00,124,11,0.00,2,5.95,12.48,7.45,11.60
135315,11.72,14.84,3,14.36,13.52,8,14.54,185,0.23,0.22,3311,-3.74,1.00,2,0.5000,32.00,124,11,0.00,2,4.93,11.63,7.45,10.50
135419,4.69,14.84,3,14.36,13.52,8,14.54,185,0.21,0.21,3277,-3.66,1.00,2,0.5000,14.00,124,11,0.00,2,4.64,11.09,7.45,10.20
135523,-3.12,14.84,3,14.36,13.52,10,14.57,185,0.21,0.20,3169,-3.55,1.00,2,0.5000,10.00,124,12,0.00,2,4.50,10.61,7.45,10.80
135627,0.00,14.84,3,14.36,13.52,10,14.61,185,0.22,0.22,2934,-3.47,0.97,2,0.5000,10.50,124,11,0.00,2,4.35,10.32,7.45,11.30
135732,0.00,14.84,3,14.36,13.52,10,14.61,187,0.23,0.23,2724,-3.39,0.97,2,0.5000,26.50,124,12,-3.50,2,4.35,11.24,9.41,12.10
135835,0.00,14.84,3,14.36,13.44,10,14.60,187,0.27,0.29,2442,-3.32,0.87,2,0.5000,33.00,124,11,-3.50,2,4.79,12.85,12.16,12.50
135939,0.00,14.84,3,14.36,13.44,10,14.58,187,0.33,0.37,2228,-3.26,0.86,2,0.5000,34.50,124,11,-3.50,2,6.09,14.50,13.33,11.50
136043,0.00,14.84,3,14.36,13.52,10,14.59,187,0.37,0.40,2250,-3.20,0.96,2,0.5000,35.50,124,11,-3.00,2,7.84,15.27,14.51,11.40
136148,0.00,14.84,3,14.36,13.36,10,14.60,187,0.40,0.42,2317,-3.14,0.96,3,0.5000,36.50,124,10,-3.00,2,8.85,16.41,15.69,12.30
136251,0.00,14.84,3,14.36,13.60,10,14.60,187,0.42,0.44,2335,-3.07,0.96,3,0.5000,37.50,124,10,-3.00,2,9.58,17.66,16.47,13.50
136355,0.00,14.84,3,14.36,13.52,10,14.59,187,0.44,0.46,2335,-3.01,0.96,3,0.5000,38.00,124,10,-3.00,2,10.30,17.74,16.47,13.40
136459,0.00,14.84,3,14.36,13.52,10,14.59,187,0.45,0.45,2328,-2.94,0.96,3,0.5000,38.00,124,10,-3.00,2,10.59,17.50,16.47,15.70
136563,0.00,14.84,3,14.36,13.44,10,14.59,187,0.45,0.45,2334,-2.89,0.96,3,0.5000,38.00,124,10,-3.00,2,10.59,17.36,16.47,16.20
136667,0.00,14.84,3,14.36,13.52,10,14.59,187,0.45,0.45,2341,-2.82,0.96,3,0.5000,38.00,124,10,-3.00,2,10.45,17.74,16.47,16.30
136771,0.00,14.84,3,14.36,13.52,8,14.59,187,0.45,0.45,2338,-2.76,0.99,3,0.5000,38.50,124,10,-2.50,2,10.45,17.77,16.47,16.30
136875,7.03,14.84,3,14.36,13.60,8,14.59,187,0.45,0.45,2340,-2.70,0.99,3,0.5000,38.50,122,10,-2.50,2,10.45,17.48,16.47,16.40
136979,12.50,14.84,3,14.36,13.44,8,14.60,187,0.45,0.44,2353,-2.62,0.99,3,0.5000,38.50,122,9,-2.50,2,10.45,17.67,16.08,16.60
137083,15.62,14.84,3,14.36,13.52,8,14.59,187,0.45,0.45,2360,-2.55,0.99,3,0.5000,38.50,122,9,-2.50,2,10.45,17.92,16.08,16.10
137187,17.19,14.84,3,14.36,13.52,8,14.60,187,0.45,0.45,2386,-2.50,0.99,3,0.5000,38.50,122,9,-2.50,2,10.45,17.72,16.08,15.80
137291,18.75,14.84,3,14.36,13.52,8,14.60,187,0.45,0.45,2395,-2.43,0.99,3,0.5000,39.00,122,9,-2.50,2,10.45,17.75,16.08,15.10
137395,20.31,14.84,3,14.36,13.44,8,14.60,187,0.45,0.45,2396,-2.37,0.99,3,0.5000,39.00,122,9,-2.50,2,10.30,17.93,16.08,14.80
137499,20.31,14.84,3,14.36,13.44,8,14.60,187,0.45,0.45,2403,-2.29,1.00,3,0.5000,39.00,122,9,-2.50,2,10.30,17.79,16.08,14.40
137603,21.09,14.84,3,14.36,13.44,8,14.60,187,0.44,0.45,2394,-2.23,1.00,3,0.5000,39.00,122,10,-2.00,2,10.30,18.25,17.25,14.20
137708,21.09,14.84,3,14.36,13.44,8,14.60,187,0.47,0.48,2394,-2.17,0.99,3,0.5000,39.50,122,10,-2.00,2,10.59,20.15,19.22,14.60
137811,21.88,14.84,3,14.36,13.52,8,14.59,187,0.49,0.50,2416,-2.09,0.99,3,0.5000,40.00,122,10,-2.00,2,11.46,22.89,19.22,15.40
137915,25.00,14.84,3,14.36,13.44,8,14.59,187,0.50,0.50,2458,-2.02,0.99,3,0.5000,40.50,122,10,-2.00,2,11.75,17.94,19.22,15.40
138019,25.00,14.84,3,14.36,13.44,8,14.59,187,0.50,0.50,2477,-1.95,0.99,3,0.5000,40.50,122,10,-2.00,2,11.61,19.99,18.82,15.30
138123,25.00,14.84,3,14.36,13.36,8,14.59,187,0.49,0.49,2468,-1.89,0.99,3,0.5000,40.50,122,9,-2.00,2,11.46,20.32,18.82,15.70
138227,25.00,14.84,3,14.36,13.44,8,14.59,187,0.49,0.49,2490,-1.82,0.99,3,0.5000,40.50,122,9,-2.00,2,11.46,20.41,18.82,14.60
138332,25.00,14.84,3,14.36,13.52,8,14.59,187,0.49,0.50,2498,-1.74,0.99,3,0.5000,40.50,122,10,-1.50,2,11.46,20.33,18.82,14.50
138435,25.00,14.84,3,14.36,13.52,8,14.59,187,0.49,0.49,2491,-1.68,1.00,3,0.5000,40.50,122,10,-1.50,2,11.46,20.67,18.82,14.40
138539,24.22,14.84,3,14.36,13.44,8,14.59,187,0.49,0.50,2518,-1.61,1.00,3,0.5000,40.50,122,10,-1.50,2,11.46,20.67,18.82,14.40
138644,24.22,14.84,3,14.36,13.44,8,14.60,187,0.50,0.50,2526,-1.54,1.00,3,0.5000,40.50,122,10,-1.50,2,11.46,20.67,18.82,14.30
138748,23.44,14.84,3,14.36,13.44,8,14.59,187,0.50,0.50,2512,-1.47,1.00,3,0.5000,41.00,122,10,-1.50,2,11.46,20.59,18.82,14.30
138851,22.66,14.84,3,14.36,13.60,8,14.59,187,0.50,0.50,2542,-1.40,1.00,3,0.5000,41.00,122,10,-1.50,2,11.46,21.19,18.82,14.30
138955,21.88,14.84,3,14.36,13.52,8,14.60,187,0.50,0.50,2536,-1.33,1.00,3,0.5000,41.00,122,10,-1.50,2,11.32,21.19,18.82,14.40
139060,21.09,14.84,3,14.36,13.52,8,14.60,187,0.50,0.50,2546,-1.26,1.00,3,0.5000,41.00,122,10,-1.00,2,11.46,21.36,19.22,14.30
139163,19.53,14.84,3,14.36,13.44,8,14.59,187,0.50,0.51,2578,-1.18,1.00,3,0.5000,41.50,122,10,-1.00,2,11.46,21.70,19.22,14.30
139268,19.53,14.84,3,14.36,13.60,8,14.59,187,0.50,0.50,2567,-1.11,1.00,3,0.5000,41.50,122,10,-1.00,2,11.61,21.45,18.43,14.30
139371,18.75,14.84,3,14.36,13.60,8,14.60,187,0.49,0.49,2597,-1.04,1.00,3,0.5000,41.00,122,10,-1.00,2,11.32,21.36,18.43,14.40
139476,17.19,14.84,3,14.36,13.52,8,14.60,187,0.49,0.49,2584,-0.97,1.00,3,0.5000,41.00,122,10,-1.00,2,11.17,21.19,18.43,14.20
139580,15.62,14.84,3,14.36,13.52,8,14.60,187,0.49,0.49,2609,-0.90,1.00,3,0.5000,41.50,122,10,-1.00,2,11.17,21.36,18.43,14.10
139684,14.84,14.84,3,14.36,13.44,8,14.60,187,0.49,0.49,2587,-0.82,1.00,3,0.5000,41.50,122,10,-1.00,2,11.17,21.02,18.04,14.40
139787,14.06,14.84,3,14.36,13.52,8,14.60,187,0.49,0.48,2620,-0.75,1.00,3,0.5000,41.50,122,10,-0.50,2,11.03,21.19,18.04,14.40
139892,14.06,14.84,3,14.36,13.52,8,14.60,187,0.49,0.48,2610,-0.68,1.00,3,0.5000,41.50,122,10,-0.50,2,11.03,21.36,18.04,14.40
139995,13.28,14.84,3,14.36,13.52,8,14.60,187,0.49,0.49,2640,-0.61,1.00,3,0.5000,41.50,122,10,-0.50,2,11.03,21.27,18.04,14.40
140100,12.50,14.84,3,14.36,13.52,8,14.60,187,0.48,0.48,2645,-0.54,1.00,3,0.5000,41.50,122,10,-0.50,2,11.03,20.93,18.04,14.40
140204,11.72,14.84,3,14.36,13.44,8,14.60,187,0.48,0.48,2634,-0.46,1.00,3,0.5000,41.50,122,10,-0.50,2,10.88,21.19,18.04,14.50
140308,11.72,14.84,3,14.36,13.44,8,14.60,187,0.48,0.48,2661,-0.39,1.00,3,0.5000,41.50,122,10,-0.50,2,10.88,21.36,18.43,15.00
140412,11.72,14.84,3,14.36,13.60,8,14.60,187,0.47,0.47,2650,-0.31,1.00,3,0.5000,41.50,122,10,-0.50,2,11.03,19.75,16.08,14.70
140516,11.72,14.84,3,14.36,13.52,8,14.61,187,0.44,0.43,2666,-0.24,1.00,3,0.5000,41.00,122,10,0.00,2,10.16,18.65,14.90,14.30
140620,7.81,14.84,3,14.36,13.44,8,14.61,187,0.42,0.40,2653,-0.17,1.00,3,0.5000,40.00,120,10,0.00,2,9.43,17.21,13.33,13.60
140724,3.91,14.84,3,14.36,13.36,8,14.61,187,0.39,0.39,2621,-0.10,1.00,3,0.5000,40.00,120,10,0.00,2,8.71,16.19,12.55,13.40
140828,-1.56,14.84,3,14.36,13.52,8,14.61,187,0.37,0.36,2634,-0.02,1.00,3,0.5000,39.50,120,10,0.00,2,7.98,14.91,11.37,13.30
140932,-5.47,14.84,3,14.36,13.60,8,14.61,187,0.34,0.33,2595,0.00,1.00,3,0.5000,39.00,120,10,0.00,2,7.25,13.67,10.20,13.30
141036,-10.16,14.84,3,14.36,13.52,8,14.61,187,0.32,0.31,2606,0.00,1.00,3,0.5000,38.50,120,10,0.00,2,6.53,13.00,9.41,13.20
141140,-14.84,14.84,3,14.36,13.60,8,14.61,187,0.30,0.30,2574,0.00,1.00,3,0.5000,38.00,120,10,0.00,2,6.09,12.57,9.02,13.10
141243,-18.75,14.84,3,14.36,13.44,8,14.61,187,0.29,0.29,2581,0.00,1.00,3,0.5000,37.50,120,10,0.00,2,5.66,12.03,9.02,13.30
141348,-21.09,14.84,3,14.36,13.52,8,14.61,187,0.29,0.29,2552,0.00,1.00,3,0.5000,37.50,120,10,0.00,2,5.51,12.30,9.80,13.60
141452,-23.44,14.84,3,14.36,13.52,8,14.61,187,0.29,0.29,2570,0.00,1.00,3,0.5000,37.50,120,10,0.00,2,5.66,12.37,9.80,13.80
141556,-23.44,14.84,3,14.36,13.60,8,14.61,187,0.29,0.29,2570,0.00,1.00,3,0.5000,37.50,120,10,0.00,2,5.80,12.22,9.80,14.20
141660,-21.09,14.84,3,14.36,13.52,8,14.61,187,0.29,0.28,2553,0.00,1.00,3,0.5000,37.50,120,10,0.00,2,5.80,11.94,9.80,15.50
141764,-18.75,14.84,3,14.36,13.52,8,14.61,187,0.28,0.28,2572,0.00,1.00,3,0.5000,37.50,120,9,0.00,2,5.80,12.11,10.20,15.40
141868,-15.62,14.84,3,14.36,13.60,8,14.61,187,0.29,0.29,2544,0.00,1.00,3,0.5000,37.50,120,10,0.00,2,5.80,12.40,10.59,15.60
141972,-13.28,14.84,3,14.36,13.52,8,14.61,187,0.29,0.29,2576,0.00,1.00,3,0.5000,37.50,120,9,0.00,2,5.95,12.91,10.59,15.50
142076,-10.16,14.84,3,14.36,13.52,8,14.61,187,0.29,0.30,2568,0.00,1.00,3,0.5000,38.00,120,9,0.00,2,6.09,15.32,10.98,15.50
142179,-7.03,14.84,3,14.36,13.52,8,14.61,187,0.30,0.30,2599,0.00,1.00,3,0.5000,38.00,120,9,0.00,2,6.24,12.69,10.98,15.50
142284,-5.47,14.84,3,14.36,13.52,8,14.61,187,0.30,0.30,2590,0.00,1.00,3,0.5000,38.00,120,9,0.00,2,6.24,13.53,12.94,15.50
142388,-3.91,14.84,3,14.36,13.60,8,14.61,187,0.33,0.34,2616,0.00,1.00,3,0.5000,39.00,120,9,0.00,2,6.67,16.02,14.90,15.30
142492,-1.56,14.84,3,14.36,13.52,8,14.61,187,0.36,0.38,2616,0.00,0.99,3,0.5000,39.50,120,9,0.00,2,7.98,16.48,14.90,15.70
142596,3.91,14.84,3,14.36,13.52,8,14.61,187,0.37,0.38,2658,0.00,0.99,3,0.5000,39.50,120,9,0.00,2,8.42,16.78,14.90,15.70
142700,12.50,14.84,3,14.36,13.44,8,14.61,187,0.37,0.37,2662,0.00,0.99,3,0.5000,39.50,120,9,0.00,2,8.56,16.80,14.90,16.10
142804,14.06,14.84,3,14.36,13.44,8,14.62,187,0.37,0.37,2695,0.00,0.99,3,0.5000,39.50,120,9,0.00,2,8.56,16.70,14.51,15.90
142908,12.50,14.84,3,14.36,13.52,8,14.61,187,0.37,0.37,2694,0.00,0.99,3,0.5000,39.50,120,9,0.00,2,8.56,16.72,14.51,14.40
143012,11.72,14.84,3,14.36,13.52,8,14.61,187,0.37,0.37,2672,0.00,0.99,3,0.5000,39.50,120,9,0.00,2,8.56,16.75,14.90,14.30
143116,10.94,14.84,3,14.36,13.44,8,14.62,187,0.38,0.38,2704,0.00,0.99,3,0.5000,39.50,120,9,0.00,2,8.56,16.95,14.90,14.30
143219,10.16,14.84,3,14.36,13.44,8,14.61,187,0.38,0.38,2708,0.00,0.99,3,0.5000,40.00,120,9,0.00,2,8.56,17.28,15.69,14.40
143324,10.16,14.84,3,14.36,13.52,8,14.62,187,0.41,0.42,2693,0.00,0.91,3,0.5000,40.50,120,9,0.00,2,8.85,20.91,20.00,14.40
143428,7.03,14.84,3,14.36,13.60,8,14.61,187,0.45,0.47,2750,0.00,0.99,3,0.5000,41.50,120,9,0.00,2,10.74,22.12,21.18,14.20
143532,10.16,14.84,3,14.36,13.52,8,14.61,187,0.48,0.49,2771,0.00,0.99,3,0.5000,42.00,120,9,0.00,2,11.46,22.43,21.18,15.80
143636,20.31,14.84,3,14.36,13.36,8,14.61,187,0.48,0.49,2789,0.00,0.99,3,0.5000,42.00,120,9,0.00,2,11.61,22.69,21.18,16.10
143740,21.09,14.84,3,14.36,13.44,8,14.61,187,0.49,0.49,2788,0.00,0.99,3,0.5000,42.00,120,9,0.00,2,11.61,22.86,21.18,15.30
143844,20.31,14.84,3,14.36,13.52,8,14.61,187,0.49,0.49,2794,0.00,0.99,3,0.5000,42.00,120,9,0.00,2,11.75,23.03,21.18,14.40
143948,19.53,14.84,3,14.36,13.52,8,14.60,187,0.50,0.50,2806,0.00,0.99,3,0.5000,42.50,120,9,0.00,2,11.75,23.60,21.18,14.40
144052,18.75,14.84,3,14.36,13.44,8,14.60,187,0.50,0.50,2816,0.00,0.99,3,0.5000,42.50,120,9,0.00,2,11.75,23.69,21.18,14.50
144156,17.97,14.84,3,14.36,13.36,8,14.60,187,0.50,0.51,2845,0.00,0.99,3,0.5000,42.50,120,9,0.00,2,11.90,23.97,21.18,14.30
144260,17.97,14.84,3,14.36,13.44,8,14.59,187,0.51,0.51,2853,0.00,0.99,3,0.5000,42.50,120,9,0.00,2,11.90,24.35,21.18,14.40
144364,17.19,14.84,3,14.36,13.52,8,14.59,187,0.51,0.52,2862,0.00,0.99,3,0.5000,43.00,120,9,0.00,2,11.90,25.10,21.96,14.40
144468,17.19,14.84,3,14.36,13.52,8,14.58,187,0.53,0.53,2872,0.00,0.99,3,0.5000,43.00,120,9,0.00,2,12.19,26.03,23.14,14.50
144572,18.75,14.84,3,14.36,13.44,8,14.57,187,0.54,0.55,2888,0.00,0.99,3,0.5000,43.50,120,9,0.00,2,12.62,26.65,23.53,15.00
144676,19.53,14.84,3,14.36,13.44,8,14.56,187,0.55,0.55,2905,0.00,0.99,3,0.5000,43.50,120,9,0.00,2,12.77,26.75,23.53,14.90
144780,19.53,14.84,3,14.36,13.36,8,14.56,187,0.55,0.55,2920,0.00,0.99,3,0.5000,43.50,120,9,0.00,2,12.77,26.85,23.14,14.60
144884,19.53,14.84,3,14.36,13.52,8,14.56,187,0.55,0.56,2926,0.00,0.99,3,0.5000,43.50,120,9,0.00,2,12.77,27.06,23.14,14.50
144988,18.75,14.84,3,14.36,13.52,8,14.55,187,0.56,0.56,2932,0.00,0.99,3,0.5000,43.50,120,9,0.00,2,12.77,26.85,22.75,14.50
145092,18.75,14.84,3,14.36,13.52,8,14.56,187,0.55,0.55,2938,0.00,0.99,3,0.5000,43.50,120,9,0.00,2,12.77,27.07,23.14,14.40
145196,17.97,14.84,3,14.36,13.36,8,14.55,187,0.56,0.56,2927,0.00,0.99,3,0.5000,43.00,120,9,0.00,2,12.77,27.91,23.14,14.40
145300,17.97,14.84,3,14.36,13.44,8,14.55,187,0.56,0.56,2938,0.00,0.99,3,0.5000,43.00,120,10,0.00,2,12.91,27.48,23.14,14.40
145404,17.97,14.84,3,14.36,13.52,8,14.55,187,0.57,0.57,2945,0.00,0.99,3,0.5000,42.50,120,10,0.00,2,12.91,28.12,23.14,14.50
145508,17.97,14.84,3,14.36,13.44,8,14.55,187,0.57,0.56,2953,0.00,0.99,3,0.5000,43.00,120,10,0.00,2,12.91,28.11,23.14,14.50
145612,18.75,14.84,3,14.36,13.52,8,14.54,187,0.57,0.57,2981,0.00,0.99,3,0.5000,42.50,118,10,0.00,2,12.91,30.67,23.14,14.50
145716,17.97,14.84,3,14.36,13.44,8,14.54,187,0.57,0.58,2993,0.00,0.99,3,0.5000,42.50,118,10,0.00,2,13.06,28.64,23.14,14.40
145820,18.75,14.84,3,14.36,13.36,8,14.54,187,0.57,0.57,3002,0.00,0.99,3,0.5000,42.50,118,10,0.00,2,13.06,28.53,23.14,14.50
145924,17.97,14.84,3,14.36,13.44,8,14.54,187,0.57,0.57,2988,0.00,0.99,3,0.5000,42.50,118,10,0.00,2,13.06,28.73,23.53,14.40
146028,18.75,14.84,3,14.36,13.52,8,14.54,187,0.58,0.57,2996,0.00,0.99,3,0.5000,42.50,118,11,0.00,2,13.20,29.16,23.53,14.40
146132,18.75,14.84,3,14.36,13.52,8,14.54,187,0.58,0.58,3029,0.00,0.99,3,0.5000,42.00,118,10,0.00,2,13.20,29.37,23.92,14.60
146237,19.53,14.84,3,14.36,13.28,8,14.54,187,0.58,0.59,3035,0.00,0.99,3,0.5000,42.00,118,11,0.00,2,13.35,29.70,23.92,14.50
146340,19.53,14.84,3,14.36,13.36,8,14.53,187,0.59,0.59,3019,0.00,0.99,3,0.5000,42.00,118,11,0.00,2,13.35,29.93,23.92,14.50
146444,18.75,14.84,3,14.36,13.36,8,14.53,187,0.59,0.58,3031,0.00,0.99,3,0.5000,42.00,118,11,0.00,2,13.35,29.59,23.53,14.40
146548,18.75,14.84,3,14.36,13.36,8,14.54,187,0.57,0.57,3061,0.00,0.99,3,0.5000,42.50,118,11,0.00,2,13.20,29.03,22.75,14.30
146652,16.41,14.84,3,14.36,13.44,8,14.54,187,0.57,0.57,3058,0.00,0.99,3,0.5000,42.50,118,11,0.00,2,12.91,29.13,22.35,14.20
146757,15.62,14.84,3,14.36,13.28,8,14.55,187,0.56,0.55,3041,0.00,0.99,3,0.5000,43.00,118,11,0.00,2,12.77,27.85,21.18,14.30
146861,14.06,14.84,3,14.36,13.44,8,14.57,187,0.52,0.51,3043,0.00,1.10,3,0.5000,41.50,118,11,0.00,2,12.48,18.74,8.63,14.20
146965,10.94,14.84,3,14.36,13.52,8,14.60,187,0.36,0.31,2982,0.00,1.17,3,0.5000,36.00,118,11,0.00,2,8.13,12.96,7.84,13.80
147069,6.25,14.84,3,14.36,13.60,8,14.60,187,0.28,0.26,2921,0.00,1.00,0,0.5000,32.50,118,12,0.00,2,6.09,12.10,7.45,11.50
147173,-0.78,14.84,3,14.36,13.60,8,14.60,187,0.25,0.24,2901,0.00,1.00,0,0.5000,29.00,118,11,0.00,2,5.08,10.85,6.67,10.30
147276,-8.59,14.84,2,14.36,13.52,8,14.62,187,0.23,0.22,2841,0.00,1.00,0,0.5000,26.00,118,12,0.00,2,4.50,9.85,6.27,10.00
147381,0.00,14.84,2,14.36,13.44,10,14.62,187,0.22,0.21,2767,0.00,1.00,0,0.5000,24.00,118,11,0.00,2,4.06,9.41,5.88,9.90
147485,0.00,14.06,2,14.36,13.52,10,14.61,187,0.21,0.21,2652,0.00,1.00,0,0.5000,24.00,118,11,0.00,2,3.92,8.88,5.49,10.10
147589,0.00,13.28,2,14.36,13.52,10,14.61,187,0.21,0.20,2572,0.00,1.00,0,0.5000,24.00,118,11,0.00,2,3.77,8.31,5.10,10.70
147693,0.00,12.50,2,14.36,13.36,10,14.61,187,0.20,0.20,2454,0.00,1.00,0,0.5000,24.00,118,11,0.00,2,3.63,7.87,5.10,12.40
147797,0.00,11.72,2,14.36,13.20,10,14.60,187,0.20,0.20,2343,0.00,1.00,0,0.5000,24.00,118,11,0.00,2,3.63,7.71,5.10,12.40
147900,0.00,11.72,2,14.36,13.44,10,14.59,187,0.21,0.21,2219,0.00,0.99,0,0.5000,24.00,118,11,0.00,2,3.77,7.75,5.10,13.50
148004,0.00,10.94,2,14.36,13.52,10,14.58,187,0.21,0.22,2127,0.00,0.99,0,0.5000,24.00,118,10,0.00,2,4.06,7.55,5.10,16.40
148109,0.00,10.16,2,14.36,13.60,10,14.57,187,0.22,0.23,1970,0.00,0.99,4,0.5000,24.00,118,10,0.00,2,4.21,7.44,5.10,18.50
148213,0.00,10.16,2,14.36,13.60,10,14.57,187,0.24,0.25,1807,0.00,0.99,4,0.5000,22.00,118,10,0.00,2,4.35,7.40,5.49,23.80
148316,0.00,9.38,2,14.36,13.52,10,14.58,187,0.26,0.27,1643,0.00,0.99,4,0.5000,19.50,118,10,0.00,2,4.50,7.48,5.88,29.30
148420,0.00,8.59,2,14.36,13.60,10,14.58,187,0.28,0.30,1530,0.00,0.99,4,0.5000,19.50,118,10,0.00,2,4.93,7.75,6.27,35.30
148525,0.00,8.59,2,14.36,13.44,10,14.58,187,0.29,0.31,1542,0.00,0.99,4,0.5000,19.50,118,9,0.00,2,5.37,7.95,6.27,50.70
148629,0.00,8.59,2,14.36,13.60,10,14.58,187,0.30,0.31,1550,0.00,0.99,4,0.5000,19.50,118,9,0.00,2,5.66,7.91,6.27,63.60
148733,0.00,7.81,2,14.36,13.52,10,14.58,187,0.30,0.31,1538,0.00,0.99,4,0.5000,19.50,118,9,0.00,2,5.80,7.87,6.27,75.10
148836,0.00,7.81,2,14.36,13.52,10,14.58,187,0.30,0.31,1554,0.00,0.99,4,0.5000,19.50,118,8,0.00,2,5.95,7.87,6.27,85.70
148941,0.00,7.03,2,14.36,13.52,10,14.58,187,0.30,0.30,1554,0.00,0.99,4,0.5000,19.50,118,9,0.00,2,5.95,7.83,6.27,93.70
149045,0.00,7.03,2,14.36,13.52,10,14.58,187,0.30,0.30,1544,0.00,0.99,4,0.5000,19.50,118,8,0.00,2,5.95,7.83,6.27,96.00
149148,0.00,6.25,2,14.36,13.52,10,14.58,187,0.30,0.30,1544,0.00,0.99,4,0.5000,19.50,118,8,0.00,2,5.95,7.75,6.27,96.00
149252,0.00,6.25,2,14.36,13.52,10,14.58,187,0.30,0.30,1554,0.00,0.99,4,0.5000,19.50,118,8,0.00,2,6.09,7.71,6.27,96.00
149357,0.00,6.25,2,14.36,13.44,10,14.58,187,0.30,0.30,1537,0.00,0.99,4,0.5000,19.50,118,7,0.00,2,5.95,7.67,6.27,96.00
149461,0.00,5.47,2,14.36,13.52,10,14.58,187,0.30,0.30,1534,0.00,0.99,4,0.5000,19.50,118,7,0.00,2,5.95,7.67,6.27,96.00
149565,0.00,5.47,2,14.36,13.52,10,14.58,187,0.30,0.30,1543,0.00,0.99,4,0.5000,19.50,118,7,0.00,2,5.95,7.59,6.27,99.90
149668,0.00,5.47,2,14.36,13.52,10,14.58,187,0.30,0.30,1525,0.00,0.99,4,0.5000,19.00,118,6,0.00,2,5.95,7.51,6.27,99.90
149773,0.00,4.69,2,14.36,13.44,10,14.58,187,0.30,0.30,1517,0.00,0.99,4,0.5000,19.50,118,6,0.00,2,5.95,7.55,6.27,99.90
149876,0.00,4.69,2,14.36,13.52,10,14.58,187,0.30,0.30,1526,0.00,0.99,4,0.5000,19.50,118,6,0.00,2,5.95,7.51,6.27,99.90
149981,0.00,4.69,2,14.36,13.52,10,14.58,187,0.30,0.30,1511,0.00,0.99,4,0.5000,19.00,118,5,0.00,2,5.95,7.51,5.88,99.90
150085,0.00,4.69,2,14.36,13.52,10,14.58,187,0.30,0.30,1520,0.00,0.99,4,0.5000,19.00,118,5,0.00,2,5.95,7.44,5.88,99.90
150189,0.00,3.91,2,14.36,13.60,10,14.58,187,0.30,0.29,1518,0.00,0.99,4,0.5000,19.00,118,5,0.00,2,5.95,7.40,5.88,99.90
150293,0.00,3.91,2,14.36,13.44,10,14.58,187,0.29,0.29,1504,0.00,0.99,4,0.5000,19.00,118,4,0.00,2,5.95,7.40,5.88,99.90
150397,0.00,3.91,2,14.36,13.52,10,14.58,187,0.29,0.29,1515,0.00,0.99,4,0.5000,19.00,118,4,0.00,2,5.95,7.36,5.88,99.90
150500,0.00,3.91,2,14.36,13.44,10,14.58,187,0.29,0.29,1500,0.00,0.99,4,0.5000,19.00,118,4,0.00,2,5.95,7.36,5.88,99.90
150605,0.00,3.91,2,14.36,13.52,10,14.58,187,0.29,0.29,1498,0.00,0.99,4,0.5000,19.00,118,4,0.00,2,5.95,7.32,5.88,99.90
150709,0.00,3.12,2,14.36,13.60,10,14.58,187,0.29,0.29,1509,0.00,0.99,4,0.5000,19.00,118,3,0.00,2,5.95,7.29,5.88,99.90
150813,0.00,3.12,2,14.36,13.52,10,14.58,187,0.29,0.29,1495,0.00,0.99,4,0.5000,19.00,118,3,0.00,2,5.95,7.21,5.88,99.90
150917,0.00,3.12,2,14.36,13.52,10,14.58,187,0.29,0.29,1507,0.00,0.99,4,0.5000,19.00,118,3,0.00,2,5.95,7.14,5.88,99.90
151021,0.00,3.12,2,14.36,13.44,10,14.58,187,0.29,0.29,1490,0.00,0.99,4,0.5000,19.00,118,2,0.00,2,5.80,7.14,5.88,99.90
151125,0.00,3.12,2,14.36,13.60,10,14.58,187,0.29,0.29,1486,0.00,0.96,4,0.5000,22.00,118,2,0.00,2,5.80,7.11,5.88,99.90
151229,0.00,3.12,2,14.36,13.60,10,14.57,187,0.28,0.27,1563,0.00,0.96,4,0.5000,28.00,118,2,0.00,2,5.95,7.18,6.27,99.90
151333,0.00,2.34,2,14.36,13.52,10,14.57,187,0.26,0.25,1736,0.00,0.96,4,0.5000,30.00,118,1,0.00,2,5.66,7.29,6.67,96.00
151437,0.00,0.78,2,14.36,13.52,10,14.57,187,0.25,0.25,1806,0.00,0.96,4,0.5000,30.50,118,1,0.00,2,5.51,7.44,6.67,83.70
151541,0.00,0.78,2,14.36,13.44,10,14.57,187,0.25,0.25,1816,0.00,0.96,4,0.5000,30.50,118,1,0.00,2,5.37,7.51,6.67,28.10
151645,0.00,0.78,2,14.36,13.60,10,14.57,187,0.25,0.25,1810,0.00,0.96,4,0.5000,30.00,118,1,0.00,2,5.22,7.55,6.67,19.90
151749,0.00,0.78,2,14.36,13.60,10,14.57,187,0.25,0.25,1801,0.00,0.96,4,0.5000,30.00,118,1,0.00,2,5.22,7.51,6.67,16.80
151853,0.00,0.78,2,14.36,13.44,10,14.57,187,0.25,0.25,1785,0.00,0.96,4,0.5000,30.00,118,1,0.00,2,5.22,7.48,6.67,15.10
151957,0.00,0.78,2,14.36,13.44,8,14.57,187,0.25,0.25,1782,0.00,0.99,4,0.5000,30.00,118,1,0.00,2,5.22,7.44,6.67,16.20
152061,-2.34,0.78,2,14.36,13.44,8,14.57,187,0.25,0.25,1777,0.00,0.99,4,0.5000,30.00,118,1,0.00,2,5.22,7.40,6.67,15.90
152165,-3.12,0.78,2,14.36,13.60,8,14.57,187,0.25,0.25,1775,0.00,0.99,4,0.5000,30.00,118,1,0.00,2,5.22,7.36,6.67,14.20
152269,-3.12,0.78,2,14.36,13.60,8,14.57,187,0.25,0.25,1773,0.00,0.99,4,0.5000,29.50,118,1,0.00,2,5.22,7.36,6.67,14.10
152373,-3.91,0.78,2,14.36,13.52,8,14.57,187,0.25,0.25,1781,0.00,0.99,4,0.5000,30.00,118,2,0.00,2,5.22,7.36,6.67,14.00
152477,-4.69,0.78,2,14.36,13.44,8,14.57,187,0.25,0.25,1781,0.00,0.99,4,0.5000,30.00,118,1,0.00,2,5.22,7.32,6.67,14.10
152581,-5.47,0.78,2,14.36,13.52,8,14.57,187,0.25,0.25,1783,0.00,0.99,4,0.5000,30.00,118,2,0.00,2,5.22,7.52,7.06,14.20
152685,-5.47,0.78,2,14.36,13.60,8,14.57,187,0.25,0.26,1782,0.00,0.99,4,0.5000,30.00,118,2,0.00,2,5.37,7.70,7.06,14.20
152789,-5.47,0.78,2,14.36,13.52,8,14.57,187,0.26,0.26,1774,0.00,0.99,4,0.5000,30.00,118,2,0.00,2,5.51,7.79,7.45,14.30
152893,-5.47,0.78,2,14.36,13.52,8,14.57,187,0.26,0.26,1786,0.00,0.99,4,0.5000,30.00,118,2,0.00,2,5.51,7.88,7.45,14.50
152996,-4.69,0.78,2,14.36,13.44,8,14.57,187,0.26,0.27,1789,0.00,0.99,4,0.5000,30.00,118,2,0.00,2,5.66,7.97,7.45,14.70
153101,-3.12,0.78,2,14.36,13.44,8,14.57,187,0.27,0.27,1773,0.00,0.99,4,0.5000,30.50,118,3,0.00,2,5.66,8.03,7.45,14.90
153205,-2.34,0.78,2,14.36,13.60,8,14.57,187,0.27,0.27,1782,0.00,0.99,4,0.5000,30.50,118,3,0.00,2,5.80,8.04,7.45,15.00
153309,-0.78,0.78,2,14.36,13.52,8,14.56,187,0.27,0.27,1790,0.00,0.99,4,0.5000,31.00,118,3,0.00,2,5.80,8.09,7.45,15.00
153413,0.78,0.78,2,14.36,13.52,8,14.56,187,0.27,0.27,1800,0.00,0.99,4,0.5000,31.00,118,3,0.00,2,5.80,8.07,7.45,15.10
153517,0.78,0.78,2,14.36,13.44,8,14.56,187,0.27,0.27,1814,0.00,0.99,4,0.5000,31.00,118,3,0.00,2,5.80,8.12,7.45,15.00
153621,1.56,0.78,2,14.36,13.52,8,14.56,187,0.27,0.27,1817,0.00,0.99,4,0.5000,31.00,118,3,0.00,2,5.80,8.21,7.45,14.90
153725,1.56,0.78,2,14.36,13.52,8,14.56,187,0.27,0.27,1821,0.00,0.99,4,0.5000,31.00,118,4,0.00,2,5.95,8.23,7.45,15.20
153829,1.56,0.78,2,14.36,13.60,8,14.56,187,0.27,0.28,1813,0.00,0.99,4,0.5000,31.00,118,4,0.00,2,5.95,8.32,7.45,15.20
153932,2.34,0.78,2,14.36,13.52,8,14.56,187,0.27,0.27,1809,0.00,0.99,4,0.5000,31.00,118,4,0.00,2,5.95,8.29,7.45,14.50
154037,2.34,0.78,2,14.36,13.36,8,14.56,187,0.27,0.28,1803,0.00,0.99,4,0.5000,31.00,118,5,0.00,2,5.95,8.34,7.45,14.60
154141,2.34,0.78,2,14.36,13.52,8,14.56,187,0.28,0.28,1804,0.00,0.99,4,0.5000,31.00,118,5,0.00,2,5.95,8.36,7.45,14.60
154245,2.34,0.78,2,14.36,13.28,8,14.56,187,0.28,0.28,1815,0.00,0.99,4,0.5000,31.00,118,5,0.00,2,6.09,8.37,7.45,14.60
154349,2.34,0.78,2,14.36,13.04,8,14.56,187,0.28,0.28,1814,0.00,0.99,4,0.5000,31.00,118,5,0.00,2,6.09,8.42,7.45,14.60
154453,3.12,0.78,2,14.36,13.52,8,14.56,187,0.28,0.28,1798,0.00,0.99,4,0.5000,31.00,118,6,0.00,2,6.09,8.48,7.45,14.60
154557,3.12,0.78,2,14.36,13.28,8,14.56,187,0.28,0.29,1794,0.00,0.99,4,0.5000,31.00,118,6,0.00,2,6.09,8.54,7.84,14.60
154661,3.12,0.78,2,14.36,13.52,8,14.56,187,0.29,0.29,1798,0.00,0.99,4,0.5000,31.00,118,6,0.00,2,6.24,8.59,7.84,14.50
154765,3.12,0.78,2,14.36,13.60,8,14.56,187,0.28,0.29,1802,0.00,0.99,4,0.5000,31.50,118,7,0.00,2,6.24,8.48,7.45,14.50
154869,3.12,0.78,2,14.36,13.52,8,14.56,187,0.28,0.28,1800,0.00,0.99,4,0.5000,31.00,118,7,0.00,2,6.24,8.45,7.45,14.50
154973,3.12,0.78,2,14.36,13.52,8,14.56,187,0.28,0.28,1800,0.00,0.99,4,0.5000,31.50,118,7,0.00,2,6.24,8.55,7.45,14.60
155077,3.12,0.78,2,14.36,13.44,8,14.56,187,0.28,0.28,1802,0.00,0.99,4,0.5000,31.50,118,7,0.00,2,6.24,8.53,7.45,14.60
155180,3.12,0.78,2,14.36,13.52,8,14.56,187,0.28,0.28,1813,0.00,0.99,4,0.5000,31.00,118,8,0.00,2,6.24,8.58,7.84,14.50
155285,3.12,0.78,2,14.36,13.36,8,14.56,187,0.29,0.29,1760,0.00,0.99,4,0.5000,31.00,118,8,0.00,2,6.24,8.88,8.63,14.50
155389,3.12,0.78,2,14.36,13.52,8,14.56,187,0.30,0.31,1793,0.00,0.99,4,0.5000,31.50,118,9,0.00,2,6.53,9.51,8.63,14.50
155493,3.12,0.78,2,14.36,13.44,8,14.56,187,0.32,0.33,1768,0.00,0.99,4,0.5000,32.00,118,9,0.00,2,6.96,9.77,8.63,14.50
155596,4.69,0.78,2,14.36,13.44,8,14.56,187,0.33,0.34,1768,0.00,0.99,4,0.5000,32.50,118,9,0.00,2,7.11,9.88,8.63,14.90
155701,7.03,0.78,2,14.36,13.52,8,14.57,187,0.33,0.34,1781,0.00,0.99,4,0.5000,32.00,118,9,0.00,2,7.25,9.84,8.63,15.20
155805,8.59,0.78,2,14.36,13.52,8,14.57,187,0.33,0.34,1766,0.00,0.99,4,0.5000,32.00,118,9,0.00,2,7.40,9.91,8.63,15.20
155909,8.59,0.78,2,14.36,13.52,8,14.56,187,0.33,0.34,1763,0.00,0.99,4,0.5000,32.50,118,10,0.00,2,7.40,9.88,8.63,15.00
156013,8.59,0.78,2,14.36,13.44,8,14.57,187,0.34,0.34,1764,0.00,0.99,4,0.5000,32.50,118,10,0.00,2,7.40,9.85,8.63,15.40
156118,8.59,0.78,2,14.36,13.44,8,14.57,187,0.34,0.34,1768,0.00,0.99,4,0.5000,32.50,118,11,0.00,2,7.40,9.87,8.63,14.50
156221,7.81,0.78,3,14.36,13.52,8,14.56,187,0.34,0.34,1761,0.00,0.99,4,0.5000,32.50,118,10,0.00,2,7.40,10.05,8.63,14.60
156325,7.81,0.78,3,14.36,13.52,8,14.56,187,0.34,0.33,1764,0.00,0.99,4,0.5000,32.50,118,11,0.00,2,7.55,10.14,8.63,14.50
156429,8.59,0.78,3,14.36,13.52,8,14.56,187,0.34,0.34,1764,0.00,0.99,4,0.5000,32.50,118,11,0.00,2,7.55,10.14,8.63,14.50
156533,8.59,1.56,3,14.36,13.52,8,14.56,187,0.34,0.34,1765,0.00,0.99,4,0.5000,33.00,118,12,0.00,2,7.55,10.05,8.63,14.50
156637,8.59,2.34,3,14.36,13.52,8,14.56,187,0.34,0.34,1775,0.00,0.99,4,0.5000,33.00,118,11,0.00,2,7.55,10.01,8.63,14.60
156741,7.81,3.12,3,14.36,13.60,8,14.56,187,0.34,0.34,1781,0.00,0.99,4,0.5000,33.00,118,12,0.00,2,7.55,10.14,8.63,14.40
156845,7.03,3.91,3,14.36,13.52,8,14.56,187,0.34,0.34,1786,0.00,0.99,4,0.5000,32.50,118,12,0.00,2,7.55,10.10,8.63,14.30
156949,7.03,3.91,3,14.36,13.44,8,14.56,187,0.34,0.34,1784,0.00,0.99,4,0.5000,32.50,118,12,0.00,2,7.55,9.96,8.63,14.30
157053,6.25,4.69,3,14.36,13.36,8,14.57,187,0.34,0.34,1778,0.00,0.99,4,0.5000,32.50,118,12,0.00,2,7.55,10.23,8.63,14.30
157157,6.25,5.47,3,14.36,13.52,8,14.57,187,0.34,0.35,1784,0.00,0.99,4,0.5000,32.50,118,13,0.00,2,7.55,10.19,8.63,14.30
157261,5.47,5.47,3,14.36,13.60,8,14.57,187,0.34,0.35,1782,0.00,0.99,4,0.5000,32.50,118,13,0.00,2,7.55,10.19,8.63,14.30
157365,4.69,6.25,2,14.36,13.52,8,14.57,187,0.34,0.34,1766,0.00,0.99,4,0.5000,32.50,118,13,0.00,2,7.55,10.05,8.63,14.30
157469,3.91,6.25,3,14.36,13.52,8,14.57,187,0.34,0.34,1767,0.00,0.99,4,0.5000,32.50,118,14,0.00,2,7.55,10.14,8.63,14.30
157573,3.12,7.03,3,14.36,13.44,8,14.57,187,0.34,0.35,1766,0.00,0.99,4,0.5000,32.50,118,14,0.00,2,7.55,10.14,8.63,14.30
157677,2.34,7.03,2,14.36,13.44,8,14.56,187,0.34,0.34,1769,0.00,0.99,4,0.5000,32.50,118,14,0.00,2,7.55,9.86,7.84,14.20
157781,2.34,7.03,2,14.36,13.52,8,14.56,187,0.33,0.32,1772,0.00,0.99,4,0.5000,32.50,118,14,0.00,2,7.40,9.31,7.84,14.20
157885,1.56,7.03,2,14.36,13.60,8,14.56,187,0.32,0.31,1772,0.00,0.99,4,0.5000,32.00,118,15,0.00,2,7.11,9.12,7.45,14.30
157989,-0.78,6.25,2,14.36,13.60,8,14.56,187,0.31,0.30,1781,0.00,0.99,4,0.5000,32.00,118,15,0.00,2,6.96,9.04,7.45,14.20
158093,-2.34,6.25,2,14.36,13.44,8,14.56,187,0.31,0.30,1786,0.00,0.99,4,0.5000,31.50,118,15,0.00,2,6.67,8.96,7.45,13.80
158197,-3.91,6.25,2,14.36,13.44,8,14.56,187,0.31,0.30,1786,0.00,0.99,4,0.5000,31.50,118,15,0.00,2,6.67,8.92,7.45,13.80
158301,-4.69,5.47,2,14.36,13.60,8,14.56,187,0.30,0.30,1782,0.00,0.99,4,0.5000,31.50,118,16,0.00,2,6.67,8.87,7.45,14.10
158405,-4.69,5.47,2,14.36,13.52,8,14.56,187,0.30,0.30,1782,0.00,0.99,4,0.5000,31.50,118,16,0.00,2,6.67,8.95,7.45,14.20
158509,-4.69,5.47,2,14.36,13.44,8,14.56,187,0.30,0.30,1787,0.00,0.99,4,0.5000,31.50,118,16,0.00,2,6.53,8.83,7.45,14.30
158613,-4.69,4.69,2,14.36,13.44,8,14.56,187,0.30,0.30,1789,0.00,0.99,4,0.5000,31.00,118,16,0.00,2,6.53,8.70,7.45,14.40
158717,-4.69,4.69,2,14.36,13.52,8,14.56,187,0.30,0.29,1770,0.00,0.99,4,0.5000,31.00,118,17,0.00,2,6.53,8.71,7.45,14.50
158821,-4.69,4.69,2,14.36,13.52,8,14.56,187,0.30,0.30,1765,0.00,0.99,4,0.5000,31.00,118,17,0.00,2,6.53,8.71,7.45,14.50
158926,-4.69,4.69,2,14.36,13.52,8,14.56,185,0.29,0.29,1775,0.00,0.99,4,0.5000,31.00,118,17,0.00,2,6.53,8.74,7.45,14.40
159030,-4.69,3.91,2,14.36,13.36,8,14.56,185,0.29,0.29,1766,0.00,0.99,4,0.5000,31.00,118,17,0.00,2,6.38,8.62,7.45,14.50
159133,-4.69,3.91,2,14.36,13.44,8,14.56,185,0.29,0.29,1773,0.00,0.99,4,0.5000,31.00,118,17,0.00,2,6.53,8.67,7.45,14.50
159237,-4.69,3.91,2,14.36,13.52,8,14.56,185,0.29,0.29,1760,0.00,0.99,4,0.5000,31.50,118,18,0.00,2,6.38,8.66,7.45,14.50
159341,-4.69,3.91,2,14.36,13.52,8,14.56,185,0.29,0.29,1792,0.00,0.99,4,0.5000,31.00,118,18,0.00,2,6.53,8.62,7.45,14.50
159445,-3.91,3.91,2,14.36,13.60,8,14.56,185,0.29,0.29,1785,0.00,0.99,4,0.5000,31.00,118,18,0.00,2,6.38,8.30,7.06,14.60
159549,-3.91,3.12,2,14.36,13.52,8,14.56,185,0.28,0.27,1784,0.00,0.99,4,0.5000,31.00,118,18,0.00,2,6.38,7.90,6.67,14.50
159653,-3.91,3.12,2,14.36,13.44,8,14.57,185,0.27,0.26,1781,0.00,0.99,4,0.5000,30.50,118,19,0.00,2,6.09,7.70,6.67,14.60
159757,-4.69,3.12,2,14.36,13.52,8,14.57,185,0.26,0.26,1779,0.00,0.99,4,0.5000,30.00,118,18,0.00,2,5.95,7.59,6.67,14.50
159861,-4.69,3.12,2,14.36,13.52,8,14.57,185,0.26,0.26,1782,0.00,0.99,4,0.5000,30.00,118,19,0.00,2,5.80,7.63,6.67,14.40
159965,-5.47,3.12,2,14.36,13.68,8,14.57,185,0.26,0.26,1782,0.00,0.99,4,0.5000,30.00,118,19,0.00,2,5.80,7.59,6.67,14.30
160069,-6.25,3.12,2,14.36,13.52,8,14.57,185,0.26,0.26,1772,0.00,0.99,4,0.5000,30.00,118,19,0.00,2,5.80,7.55,6.67,14.20
160173,-6.25,2.34,2,14.36,13.44,8,14.57,185,0.25,0.25,1775,0.00,0.99,4,0.5000,29.50,118,20,0.00,2,5.80,7.51,6.67,14.10
160277,-7.03,0.78,2,14.36,13.60,8,14.57,185,0.25,0.26,1763,0.00,0.99,4,0.5000,30.00,118,20,0.00,2,5.66,7.51,6.67,14.10
160381,-7.81,0.78,2,14.36,13.52,8,14.57,185,0.25,0.25,1772,0.00,0.99,4,0.5000,29.50,118,20,0.00,2,5.66,7.51,7.06,14.10
160485,-7.81,0.78,2,14.36,13.60,8,14.57,185,0.25,0.25,1782,0.00,0.99,4,0.5000,30.00,118,20,0.00,2,5.80,7.51,7.06,14.20
160589,-7.81,0.78,2,14.36,13.60,8,14.57,185,0.25,0.25,1762,0.00,0.99,4,0.5000,30.00,118,20,0.00,2,5.66,7.51,6.67,14.20
160694,-7.81,0.78,2,14.36,13.52,8,14.57,185,0.25,0.25,1788,0.00,0.99,4,0.5000,30.00,118,19,0.00,2,5.80,7.51,7.06,14.30
160797,-7.81,0.78,2,14.36,13.60,8,14.57,185,0.25,0.25,1784,0.00,0.99,4,0.5000,30.00,118,17,0.00,2,5.66,7.53,6.67,14.40
160901,-7.81,0.78,2,14.36,13.52,8,14.57,185,0.25,0.25,1792,0.00,0.99,4,0.5000,30.00,118,11,0.00,2,5.51,7.54,6.67,14.60
161005,-7.03,0.78,2,14.36,13.44,8,14.57,185,0.25,0.25,1790,0.00,0.99,4,0.5000,30.00,118,7,0.00,2,5.51,7.54,7.06,14.80
161109,-5.47,0.78,2,14.36,13.52,8,14.57,185,0.25,0.25,1793,0.00,0.99,4,0.5000,30.00,118,3,0.00,2,5.51,7.63,7.06,15.10
161213,-4.69,0.78,2,14.36,13.52,8,14.57,185,0.26,0.26,1787,0.00,0.99,4,0.5000,30.00,118,2,0.00,2,5.51,7.72,7.06,15.30
161317,-3.91,0.78,2,14.36,13.52,8,14.57,185,0.26,0.26,1779,0.00,0.99,4,0.5000,30.00,118,0,0.00,2,5.51,7.69,7.06,15.30
161421,-3.12,0.78,2,14.36,13.52,8,14.57,185,0.26,0.26,1776,0.00,0.99,4,0.5000,30.00,118,0,0.00,2,5.51,7.71,7.06,15.20
161525,-3.12,0.78,2,14.36,13.60,8,14.57,185,0.26,0.26,1778,0.00,0.99,4,0.5000,30.00,118,0,0.00,2,5.51,7.84,7.45,15.10
161629,-2.34,0.78,2,14.36,13.36,8,14.57,185,0.26,0.27,1780,0.00,0.99,4,0.5000,30.50,118,0,0.00,2,5.66,8.09,7.45,15.00
161733,-1.56,0.78,2,14.36,13.60,8,14.57,185,0.27,0.27,1778,0.00,0.99,4,0.5000,30.50,118,0,0.00,2,5.80,8.19,7.45,14.80
161837,-1.56,0.78,2,14.36,13.52,8,14.56,185,0.27,0.27,1798,0.00,0.99,4,0.5000,30.50,118,0,0.00,2,5.80,8.24,7.45,14.80
161941,0.00,0.78,2,14.36,13.52,8,14.56,185,0.27,0.27,1793,0.00,0.99,4,0.5000,31.00,118,0,0.00,2,5.95,8.21,7.45,14.90
162045,0.78,0.78,2,14.36,13.60,8,14.56,185,0.27,0.27,1791,0.00,0.99,4,0.5000,30.50,118,0,0.00,2,5.95,8.18,7.45,15.00
162149,1.56,0.78,2,14.36,13.44,8,14.57,185,0.28,0.28,1791,0.00,0.99,4,0.5000,30.50,118,0,0.00,2,5.95,8.28,7.45,15.00
162253,1.56,0.78,2,14.36,13.60,8,14.57,185,0.28,0.28,1791,0.00,0.99,4,0.5000,30.50,118,0,0.00,2,5.95,8.25,7.45,14.80
162357,1.56,0.78,2,14.36,13.52,8,14.56,185,0.28,0.28,1794,0.00,0.99,4,0.5000,30.50,118,0,0.00,2,6.09,8.18,7.45,14.80
162461,1.56,0.78,2,14.36,13.60,8,14.57,185,0.28,0.28,1773,0.00,0.99,4,0.5000,30.50,118,0,0.00,2,5.95,8.28,7.45,14.70
162566,2.34,0.78,2,14.36,13.60,8,14.57,185,0.28,0.28,1778,0.00,0.99,4,0.5000,30.50,118,0,0.00,2,6.09,8.25,7.45,14.90
162669,1.56,0.78,2,14.36,13.44,8,14.56,185,0.28,0.28,1773,0.00,0.99,4,0.5000,30.50,118,0,0.00,2,6.09,8.30,7.45,14.50
162773,1.56,0.78,2,14.36,13.52,8,14.56,185,0.28,0.28,1775,0.00,0.99,4,0.5000,31.00,118,0,0.00,2,6.09,8.32,7.45,14.50
162877,1.56,0.78,2,14.36,13.52,8,14.56,185,0.28,0.28,1772,0.00,0.99,4,0.5000,31.00,118,0,0.00,2,6.09,8.41,7.45,14.50
162982,1.56,0.78,2,14.36,13.60,8,14.56,185,0.28,0.28,1785,0.00,0.99,4,0.5000,31.00,118,0,0.00,2,6.09,8.55,7.84,14.60
163086,2.34,0.78,2,14.36,13.52,8,14.56,185,0.29,0.29,1793,0.00,0.99,4,0.5000,31.00,118,0,0.00,2,6.24,8.85,8.63,14.60
163190,2.34,0.78,2,14.36,13.52,8,14.56,185,0.30,0.31,1786,0.00,0.99,4,0.5000,31.50,118,0,0.00,2,6.38,9.49,8.63,14.50
163293,2.34,0.78,2,14.36,13.52,8,14.56,185,0.31,0.32,1788,0.00,0.99,4,0.5000,32.00,118,0,0.00,2,6.96,9.64,8.63,15.00
163398,4.69,0.78,2,14.36,13.52,8,14.56,185,0.32,0.33,1788,0.00,0.99,4,0.5000,32.00,118,0,0.00,2,7.11,9.80,8.63,15.00
163502,7.03,0.78,2,14.36,13.60,8,14.56,185,0.33,0.33,1786,0.00,0.99,4,0.5000,32.00,118,0,0.00,2,7.25,9.68,8.63,15.40
163606,8.59,0.78,2,14.36,13.52,8,14.56,185,0.33,0.33,1771,0.00,0.99,4,0.5000,32.00,118,0,0.00,2,7.25,9.87,8.63,15.40
163709,8.59,0.78,2,14.36,13.44,8,14.56,185,0.33,0.33,1772,0.00,0.99,4,0.5000,32.00,118,0,0.00,2,7.25,9.75,8.63,15.10
163814,9.38,0.78,2,14.36,13.52,8,14.56,185,0.33,0.34,1771,0.00,0.99,4,0.5000,32.50,118,0,0.00,2,7.25,9.87,8.63,14.90
163918,9.38,0.78,3,14.36,13.44,8,14.56,185,0.33,0.33,1774,0.00,0.99,4,0.5000,32.50,118,0,0.00,2,7.25,10.38,10.20,14.70
164022,8.59,0.78,3,14.36,13.60,8,14.56,185,0.35,0.36,1772,0.00,0.99,4,0.5000,33.50,118,0,0.00,2,7.69,11.04,10.20,14.40
164125,9.38,1.56,3,14.36,13.52,8,14.57,185,0.36,0.37,1776,0.00,0.99,4,0.5000,33.50,118,0,0.00,2,7.98,11.11,10.20,14.00
164230,10.94,2.34,3,14.36,13.52,8,14.57,185,0.37,0.37,1791,0.00,0.99,4,0.5000,34.00,118,0,0.00,2,8.27,11.06,10.20,15.00
164334,12.50,3.12,3,14.36,13.52,8,14.57,185,0.37,0.38,1786,0.00,0.99,4,0.5000,34.00,118,0,0.00,2,8.27,11.15,10.20,15.20
164437,12.50,3.91,3,14.36,13.44,8,14.57,185,0.38,0.37,1784,0.00,0.99,4,0.5000,34.00,118,0,0.00,2,8.42,11.59,10.98,15.00
164541,12.50,3.91,3,14.36,13.60,8,14.57,185,0.39,0.40,1790,0.00,0.99,4,0.5000,34.50,118,0,0.00,2,8.56,12.07,11.76,15.50
164646,11.72,4.69,3,14.36,13.44,8,14.57,185,0.40,0.42,1790,0.00,0.99,4,0.5000,35.00,118,0,0.00,2,9.00,12.62,11.76,14.50
164750,13.28,5.47,3,14.36,13.52,8,14.57,185,0.42,0.42,1789,0.00,0.99,4,0.5000,35.50,118,0,0.00,2,9.29,12.62,11.76,14.60
164854,14.06,5.47,3,14.36,13.44,8,14.57,185,0.42,0.43,1776,0.00,0.99,4,0.5000,35.50,118,1,0.00,2,9.43,12.51,11.37,14.80
164958,14.06,6.25,3,14.36,13.52,8,14.57,185,0.42,0.43,1777,0.00,0.99,4,0.5000,36.00,118,1,0.00,2,9.43,12.99,12.55,14.80
165062,13.28,7.03,3,14.36,13.60,8,14.57,185,0.43,0.44,1776,0.00,0.99,4,0.5000,36.50,118,1,0.00,2,9.72,13.34,12.94,14.40
165166,13.28,7.03,3,14.36,13.44,8,14.57,185,0.44,0.45,1776,0.00,0.99,4,0.5000,37.00,118,1,0.00,2,10.01,13.60,12.94,14.40
165270,14.06,7.81,3,14.36,13.44,8,14.57,185,0.45,0.45,1778,0.00,0.99,4,0.5000,37.00,118,1,0.00,2,10.16,13.49,12.94,14.50
165374,14.06,7.81,3,14.36,13.44,8,14.57,185,0.45,0.45,1775,0.00,0.99,4,0.5000,37.50,118,2,0.00,2,10.30,13.64,12.94,14.40
165478,13.28,8.59,3,14.36,13.60,8,14.57,185,0.46,0.46,1788,0.00,0.99,4,0.5000,37.50,118,2,0.00,2,10.30,13.64,12.94,14.50
165582,13.28,8.59,3,14.36,13.52,8,14.57,185,0.46,0.45,1790,0.00,0.99,4,0.5000,37.50,118,2,0.00,2,10.45,13.64,12.94,14.40
165686,12.50,8.59,3,14.36,13.44,8,14.57,185,0.46,0.46,1790,0.00,0.99,4,0.5000,37.50,118,2,0.00,2,10.30,13.74,12.94,14.40
165789,11.72,9.38,3,14.36,13.44,8,14.57,185,0.46,0.46,1792,0.00,0.99,4,0.5000,37.50,118,2,0.00,2,10.45,13.74,12.94,14.30
165894,11.72,9.38,3,14.36,13.44,8,14.57,185,0.46,0.47,1787,0.00,0.99,4,0.5000,37.50,118,2,0.00,2,10.45,13.74,12.94,14.30
165998,10.94,10.16,3,14.36,13.60,8,14.57,185,0.46,0.46,1787,0.00,0.99,4,0.5000,37.50,118,3,0.00,2,10.45,13.74,12.94,14.30
166102,10.94,10.16,3,14.36,13.60,8,14.57,185,0.47,0.47,1777,0.00,0.99,4,0.5000,37.50,118,3,0.00,2,10.45,13.86,12.94,14.30
166206,10.16,10.16,3,14.36,13.44,8,14.57,185,0.47,0.47,1774,0.00,0.99,4,0.5000,37.50,118,3,0.00,2,10.45,13.97,12.94,14.30
166310,10.16,10.16,3,14.36,13.44,8,14.57,185,0.47,0.47,1773,0.00,0.99,4,0.5000,38.00,118,4,0.00,2,10.45,13.86,12.94,14.30
166414,8.59,10.94,3,14.36,13.36,8,14.57,185,0.47,0.47,1774,0.00,0.99,4,0.5000,38.00,118,4,0.00,2,10.45,13.97,12.94,14.30
166518,8.59,10.94,3,14.36,13.60,8,14.57,185,0.47,0.47,1773,0.00,0.99,4,0.5000,38.00,118,4,0.00,2,10.45,13.97,12.94,14.30
166622,7.81,10.94,3,14.36,13.60,8,14.57,185,0.47,0.47,1776,0.00,0.99,4,0.5000,38.00,118,4,0.00,2,10.45,13.96,12.94,14.30
166726,7.03,11.72,3,14.36,13.52,8,14.57,185,0.47,0.47,1786,0.00,0.99,4,0.5000,38.00,118,5,0.00,2,10.45,14.08,12.94,14.30
166830,7.03,11.72,3,14.36,13.44,8,14.57,185,0.47,0.47,1787,0.00,0.99,4,0.5000,38.00,118,5,0.00,2,10.45,13.96,12.94,14.30
166934,6.25,11.72,3,14.36,13.44,8,14.57,185,0.47,0.47,1791,0.00,0.99,4,0.5000,38.00,118,5,0.00,2,10.45,13.96,12.94,14.30
167039,6.25,11.72,3,14.36,13.52,8,14.57,185,0.47,0.47,1784,0.00,0.99,4,0.5000,38.00,118,5,0.00,2,10.45,13.96,12.94,14.30
167142,6.25,11.72,3,14.36,13.52,8,14.57,185,0.47,0.48,1784,0.00,0.99,4,0.5000,38.00,118,6,0.00,2,10.45,13.79,12.55,14.40
167246,6.25,12.50,3,14.36,13.52,8,14.57,185,0.47,0.47,1791,0.00,0.99,4,0.5000,37.50,118,6,0.00,2,10.45,13.45,12.16,14.40
167350,5.47,12.50,3,14.36,13.52,8,14.57,185,0.46,0.46,1763,0.00,0.99,4,0.5000,37.50,118,6,0.00,2,10.16,13.62,12.16,14.30
167454,3.91,12.50,3,14.36,13.44,8,14.57,185,0.46,0.46,1770,0.00,0.99,4,0.5000,37.50,118,7,0.00,2,10.01,13.73,12.16,14.20
167558,3.12,12.50,3,14.36,13.44,8,14.57,185,0.46,0.47,1770,0.00,0.99,4,0.5000,37.50,118,7,0.00,2,10.16,13.79,12.16,14.10
167662,3.12,12.50,3,14.36,13.52,8,14.57,185,0.47,0.47,1762,0.00,0.99,4,0.5000,37.50,118,7,0.00,2,10.01,13.90,12.16,14.30
167766,2.34,12.50,3,14.36,13.44,8,14.57,185,0.47,0.46,1775,0.00,0.99,4,0.5000,38.00,118,7,0.00,2,10.01,13.78,12.55,14.30
167870,2.34,13.28,3,14.36,13.44,8,14.57,185,0.47,0.47,1766,0.00,0.99,4,0.5000,38.00,118,8,0.00,2,10.16,13.84,12.55,14.40
167975,1.56,13.28,3,14.36,13.44,8,14.57,185,0.47,0.46,1765,0.00,0.99,4,0.5000,38.00,118,8,0.00,2,10.16,13.96,12.55,14.30
168078,1.56,14.84,3,14.36,13.60,8,14.57,185,0.47,0.47,1782,0.00,0.99,4,0.5000,38.00,118,9,0.00,2,10.16,13.90,12.55,14.40
168182,1.56,14.84,3,14.36,13.52,8,14.57,185,0.47,0.47,1778,0.00,0.99,4,0.5000,38.00,118,9,0.00,2,10.16,13.73,12.55,14.40
168286,0.78,14.84,3,14.36,13.44,8,14.57,185,0.47,0.46,1779,0.00,0.99,4,0.5000,38.00,118,9,0.00,2,10.16,13.62,12.55,14.40
168390,0.00,14.84,3,14.36,13.44,8,14.57,185,0.47,0.47,1780,0.00,0.99,4,0.5000,38.00,118,9,0.00,2,10.16,13.84,12.55,14.30
168494,0.00,14.84,3,14.36,13.44,8,14.57,185,0.47,0.47,1778,0.00,0.99,4,0.5000,37.50,118,10,0.00,2,10.16,13.84,12.55,14.30
168598,0.00,14.84,3,14.36,13.52,8,14.57,185,0.47,0.47,1777,0.00,0.99,4,0.5000,37.50,118,10,0.00,2,10.16,13.74,12.55,14.30
168702,-0.78,14.84,3,14.36,13.52,8,14.57,185,0.47,0.47,1776,0.00,0.99,4,0.5000,37.50,118,10,0.00,2,10.16,13.75,12.55,14.50
168806,-0.78,14.84,3,14.36,13.52,8,14.57,185,0.47,0.47,1765,0.00,0.99,4,0.5000,37.50,118,11,0.00,2,10.16,13.86,12.55,14.40
168911,-0.78,14.84,3,14.36,13.44,8,14.57,185,0.47,0.47,1762,0.00,0.99,4,0.5000,37.50,118,11,0.00,2,10.16,13.92,12.55,14.50
169015,-0.78,14.84,3,14.36,13.44,8,14.57,185,0.47,0.47,1760,0.00,0.99,4,0.5000,37.50,118,11,0.00,2,10.16,13.81,12.55,14.50
169119,-0.78,14.84,3,14.36,13.52,8,14.57,185,0.47,0.47,1761,0.00,0.99,4,0.5000,37.50,118,11,0.00,2,10.16,13.75,12.55,14.50
169222,-0.78,14.84,3,14.36,13.44,8,14.57,185,0.47,0.47,1760,0.00,0.99,4,0.5000,37.50,118,12,0.00,2,10.16,13.75,12.55,14.50
169327,-0.78,14.84,3,14.36,13.44,8,14.57,185,0.47,0.46,1764,0.00,0.99,4,0.5000,37.50,118,12,0.00,2,10.30,13.81,12.55,14.40
169430,-0.78,14.84,3,14.36,13.44,8,14.57,185,0.47,0.47,1751,0.00,0.99,4,0.5000,38.00,118,12,0.00,2,10.30,13.75,12.55,14.60
169534,-0.78,14.84,3,14.36,13.60,8,14.57,185,0.47,0.47,1762,0.00,0.99,4,0.5000,38.00,118,12,0.00,2,10.30,13.86,12.55,14.50
169639,-0.78,14.84,3,14.36,13.52,8,14.57,185,0.47,0.46,1776,0.00,0.99,4,0.5000,38.00,118,13,0.00,2,10.30,13.75,12.55,14.60
169742,-0.78,14.84,3,14.36,13.52,8,14.57,185,0.47,0.47,1773,0.00,0.99,4,0.5000,37.50,118,13,0.00,2,10.30,13.70,12.55,14.60
169846,-0.78,14.84,3,14.36,13.44,8,14.57,185,0.47,0.47,1771,0.00,0.99,4,0.5000,38.00,118,13,0.00,2,10.30,13.81,12.55,14.50
169950,-0.78,14.84,3,14.36,13.36,8,14.57,185,0.47,0.47,1767,0.00,0.99,4,0.5000,37.50,118,13,0.00,2,10.30,13.75,12.55,14.50
170054,0.00,14.84,3,14.36,13.60,8,14.57,185,0.47,0.47,1770,0.00,0.99,4,0.5000,38.00,118,14,0.00,2,10.30,13.70,12.55,14.50
170158,-0.78,14.84,3,14.36,13.28,8,14.57,185,0.47,0.46,1766,0.00,0.99,4,0.5000,37.50,118,14,0.00,2,10.30,13.75,12.55,14.50
170262,-0.78,14.84,3,14.36,13.44,8,14.57,185,0.47,0.47,1763,0.00,0.99,4,0.5000,37.50,118,14,0.00,2,10.30,13.75,12.55,14.50
170367,-0.78,14.84,3,14.36,13.52,8,14.57,185,0.47,0.47,1768,0.00,0.99,4,0.5000,37.50,118,14,0.00,2,10.30,13.86,12.55,14.50
170471,-0.78,14.84,3,14.36,13.52,8,14.57,185,0.47,0.47,1762,0.00,0.99,4,0.5000,37.50,118,15,0.00,2,10.30,13.92,12.55,14.50
170575,0.00,14.84,3,14.36,13.60,8,14.57,185,0.47,0.48,1762,0.00,0.99,4,0.5000,37.50,118,15,0.00,2,10.30,13.86,12.55,14.50
170679,-0.78,14.84,3,14.36,13.52,8,14.57,185,0.47,0.47,1750,0.00,0.99,4,0.5000,37.50,118,15,0.00,2,10.30,13.81,12.55,14.50
170783,-0.78,14.84,3,14.36,13.52,8,14.57,185,0.47,0.47,1744,0.00,0.99,4,0.5000,37.50,118,16,0.00,2,10.30,13.75,12.55,14.50
170886,-0.78,14.84,3,14.36,13.52,8,14.57,185,0.47,0.47,1747,0.00,0.99,4,0.5000,37.50,118,16,0.00,2,10.30,13.75,12.55,14.40
170991,-0.78,14.84,3,14.36,13.52,8,14.57,185,0.47,0.47,1745,0.00,0.99,4,0.5000,37.50,118,16,0.00,2,10.30,13.81,12.94,14.50
171095,-0.78,14.84,3,14.36,13.52,8,14.57,185,0.48,0.48,1740,0.00,0.99,4,0.5000,38.00,118,16,0.00,2,10.30,14.08,12.94,14.40
171199,-0.78,14.84,3,14.36,13.52,8,14.57,185,0.48,0.48,1744,0.00,0.99,4,0.5000,38.00,118,17,0.00,2,10.45,13.85,12.94,14.50
171303,0.00,14.84,3,14.36,13.52,8,14.57,185,0.48,0.48,1732,0.00,0.99,4,0.5000,38.00,118,17,0.00,2,10.59,13.96,12.94,14.50
171407,0.00,14.84,3,14.36,13.36,8,14.57,185,0.48,0.48,1734,0.00,0.99,4,0.5000,38.00,118,17,0.00,2,10.59,13.85,12.94,14.70
171511,0.00,14.84,3,14.36,13.52,8,14.57,185,0.48,0.49,1735,0.00,0.99,4,0.5000,38.00,118,17,0.00,2,10.59,13.96,12.94,14.60
171615,0.00,14.84,3,14.36,13.52,8,14.57,185,0.48,0.48,1734,0.00,0.99,4,0.5000,38.00,118,18,0.00,2,10.59,13.90,12.94,14.60
171719,0.00,14.84,3,14.36,13.44,8,14.57,185,0.48,0.48,1730,0.00,0.99,4,0.5000,38.00,118,18,0.00,2,10.59,13.96,12.94,14.40
171823,-0.78,14.84,3,14.36,13.44,8,14.57,185,0.48,0.48,1729,0.00,0.99,4,0.5000,38.00,118,18,0.00,2,10.59,13.84,12.94,14.50
171927,-0.78,14.84,3,14.36,13.36,8,14.57,185,0.48,0.48,1726,0.00,0.99,4,0.5000,38.00,118,18,0.00,2,10.59,14.08,12.94,14.40
172030,-0.78,14.84,3,14.36,13.44,8,14.57,185,0.48,0.48,1722,0.00,0.99,4,0.5000,38.00,118,19,0.00,2,10.59,13.90,12.94,14.50
172135,-0.78,14.84,3,14.36,13.52,8,14.57,185,0.48,0.48,1722,0.00,0.99,4,0.5000,38.00,118,19,0.00,2,10.59,13.63,12.16,14.50
172238,-0.78,14.84,3,14.36,13.52,8,14.57,185,0.47,0.46,1720,0.00,0.99,4,0.5000,37.50,118,19,0.00,2,10.45,13.37,11.76,14.50
172343,-1.56,14.84,3,14.36,13.52,8,14.57,185,0.47,0.46,1720,0.00,0.99,4,0.5000,37.00,118,19,0.00,2,10.30,13.38,11.76,14.30
172447,-3.12,14.84,3,14.36,13.36,8,14.57,185,0.46,0.46,1715,0.00,0.99,4,0.5000,37.00,118,20,0.00,2,10.01,13.06,11.37,14.10
172551,-3.91,14.84,3,14.36,13.44,8,14.57,185,0.46,0.46,1715,0.00,0.99,4,0.5000,37.00,118,20,0.00,2,10.01,13.23,11.76,14.10
172654,-4.69,14.84,3,14.36,13.60,8,14.57,185,0.46,0.46,1711,0.00,0.99,4,0.5000,37.00,118,20,0.00,2,10.01,13.33,11.76,14.10
172759,-4.69,14.84,3,14.36,13.52,8,14.57,185,0.46,0.47,1712,0.00,0.99,4,0.5000,37.00,118,20,0.00,2,10.01,13.23,11.76,14.30
172863,-4.69,14.84,3,14.36,13.44,8,14.57,185,0.46,0.46,1708,0.00,0.99,4,0.5000,36.50,118,21,0.00,2,10.16,13.17,11.76,14.30
172966,-4.69,14.84,3,14.36,13.36,8,14.57,185,0.46,0.46,1707,0.00,0.99,4,0.5000,36.50,118,20,0.00,2,10.01,13.12,11.76,14.40
173070,-5.47,14.84,3,14.36,13.52,8,14.57,185,0.46,0.46,1699,0.00,0.99,4,0.5000,36.50,118,21,0.00,2,10.16,13.17,11.76,14.40
173175,-5.47,14.84,3,14.36,13.52,8,14.57,185,0.46,0.47,1702,0.00,0.99,4,0.5000,36.50,118,21,0.00,2,10.16,13.11,11.76,14.50
173278,-4.69,14.84,3,14.36,13.60,8,14.57,185,0.46,0.47,1697,0.00,0.99,4,0.5000,36.50,118,21,0.00,2,10.16,13.22,11.76,14.50
173383,-4.69,14.84,3,14.36,13.52,8,14.57,185,0.47,0.47,1696,0.00,0.99,4,0.5000,37.00,118,21,0.00,2,10.16,13.11,11.76,14.40
173487,-4.69,14.84,3,14.36,13.52,8,14.57,185,0.47,0.46,1708,0.00,0.99,4,0.5000,37.00,118,21,0.00,2,10.30,13.32,12.16,14.70
173590,-4.69,14.84,3,14.36,13.52,8,14.57,185,0.47,0.48,1703,0.00,0.99,4,0.5000,37.00,118,21,0.00,2,10.30,13.42,12.16,14.60
173694,-4.69,14.84,3,14.36,13.44,8,14.57,185,0.47,0.48,1700,0.00,0.99,4,0.5000,37.00,117,17,0.00,2,10.45,13.42,12.55,14.80
173799,-3.91,14.84,3,14.36,13.52,8,14.57,185,0.48,0.48,1697,0.00,0.99,4,0.5000,37.50,117,12,0.00,2,10.45,13.52,12.55,14.80
173903,-2.34,14.84,3,14.36,13.52,8,14.57,185,0.48,0.48,1690,0.00,0.99,4,0.5000,37.50,117,6,0.00,2,10.45,13.57,12.55,15.00
174007,-0.78,14.84,3,14.36,13.44,8,14.57,185,0.48,0.49,1697,0.00,0.99,4,0.5000,37.50,117,4,0.00,2,10.59,13.73,12.55,15.10
174110,-0.78,14.84,3,14.36,13.52,8,14.57,185,0.49,0.49,1694,0.00,0.99,4,0.5000,38.00,117,1,0.00,2,10.59,13.84,12.55,14.90
174214,-0.78,14.84,3,14.36,13.52,8,14.57,185,0.49,0.49,1671,0.00,0.99,4,0.5000,37.50,117,0,0.00,2,10.74,13.56,12.55,14.90
174319,-1.56,14.84,3,14.36,13.52,8,14.57,185,0.49,0.49,1668,0.00,0.99,4,0.5000,37.50,117,0,0.00,2,10.59,13.72,12.55,14.50
174423,-1.56,14.84,3,14.36,13.52,8,14.57,185,0.49,0.49,1666,0.00,0.99,4,0.5000,37.50,117,0,0.00,2,10.74,13.57,12.55,14.50
174527,-1.56,14.84,3,14.36,13.44,8,14.57,185,0.49,0.49,1668,0.00,0.99,4,0.5000,37.50,117,0,0.00,2,10.74,13.62,12.55,14.40
174631,-1.56,14.84,3,14.36,13.52,8,14.57,185,0.49,0.49,1658,0.00,0.99,4,0.5000,37.50,117,0,0.00,2,10.74,13.51,12.55,14.40
174735,-2.34,14.84,3,14.36,13.52,8,14.57,185,0.49,0.49,1671,0.00,0.99,4,0.5000,37.50,117,0,0.00,2,10.74,13.61,12.55,14.40
174839,-2.34,14.84,3,14.36,13.52,8,14.57,185,0.49,0.49,1672,0.00,0.99,4,0.5000,38.00,117,0,0.00,2,10.74,13.72,12.55,14.40
174943,-2.34,14.84,3,14.36,13.44,8,14.57,185,0.49,0.49,1665,0.00,0.99,4,0.5000,37.50,117,0,0.00,2,10.88,13.51,12.55,14.40
175046,-2.34,14.84,3,14.36,13.52,8,14.57,185,0.49,0.49,1662,0.00,0.99,4,0.5000,37.50,117,0,0.00,2,10.74,13.56,12.55,14.40
175151,-3.12,14.84,3,14.36,13.52,8,14.57,185,0.49,0.49,1649,0.00,0.99,4,0.5000,37.50,117,0,0.00,2,10.88,13.61,12.55,14.40
175255,-3.12,14.84,3,14.36,13.44,8,14.57,185,0.49,0.49,1646,0.00,0.99,4,0.5000,37.50,117,0,0.00,2,10.74,13.51,12.55,14.40
175358,-3.12,14.84,3,14.36,13.44,8,14.57,185,0.49,0.50,1642,0.00,0.99,4,0.5000,37.50,117,0,0.00,2,10.88,13.56,12.55,14.50
175463,-3.12,14.84,3,14.36,13.52,8,14.57,185,0.50,0.50,1646,0.00,0.99,4,0.5000,37.50,117,0,0.00,2,10.88,13.61,12.55,14.50
175567,-3.12,14.84,3,14.36,13.44,8,14.57,185,0.50,0.50,1644,0.00,0.99,4,0.5000,38.00,117,0,0.00,2,10.88,13.56,12.55,14.40
175671,-3.12,14.84,3,14.36,13.52,8,14.58,185,0.50,0.50,1636,0.00,0.99,4,0.5000,37.50,117,0,0.00,2,10.88,13.39,12.55,14.40
175775,-3.12,14.84,3,14.36,13.44,8,14.58,185,0.50,0.50,1620,0.00,0.99,4,0.5000,37.50,117,0,0.00,2,10.88,13.61,12.55,14.50
175879,-3.91,14.84,3,14.36,13.52,8,14.58,185,0.50,0.49,1612,0.00,0.99,4,0.5000,37.50,117,0,0.00,2,10.88,13.39,12.55,14.40
175983,-3.91,14.84,3,14.36,13.52,8,14.58,185,0.50,0.50,1617,0.00,0.99,4,0.5000,37.50,117,0,0.00,2,10.88,13.50,12.55,14.50
176087,-3.91,14.84,3,14.36,13.52,8,14.58,185,0.50,0.50,1633,0.00,0.99,4,0.5000,37.50,117,0,0.00,2,10.88,13.39,12.55,14.40
176191,-3.91,14.84,3,14.36,13.52,8,14.58,185,0.50,0.50,1628,0.00,0.99,4,0.5000,37.50,117,0,0.00,2,11.03,13.28,12.55,14.40
176295,-3.91,14.84,3,14.36,13.52,8,14.58,185,0.50,0.50,1623,0.00,0.99,4,0.5000,37.50,117,0,0.00,2,10.88,13.50,12.55,14.50
176399,-3.91,14.84,3,14.36,13.44,8,14.58,185,0.50,0.50,1608,0.00,0.99,4,0.5000,37.50,117,0,0.00,2,11.03,13.50,12.55,14.50
176503,-3.91,14.84,3,14.36,13.52,8,14.58,185,0.50,0.50,1607,0.00,0.99,4,0.5000,37.50,117,0,0.00,2,11.03,13.49,12.55,14.50
176607,-3.91,14.84,3,14.36,13.52,8,14.58,185,0.50,0.50,1613,0.00,0.99,4,0.5000,37.50,117,0,0.00,2,11.03,13.44,12.55,14.40
176711,-4.69,14.84,3,14.36,13.52,8,14.58,185,0.50,0.50,1608,0.00,0.99,4,0.5000,37.50,117,0,0.00,2,11.03,13.44,12.55,14.40
176815,-4.69,14.84,3,14.36,13.52,8,14.58,185,0.50,0.50,1592,0.00,0.99,4,0.5000,37.50,117,0,0.00,2,11.03,13.28,12.16,14.40
176919,-4.69,14.84,3,14.36,13.44,8,14.58,185,0.50,0.50,1590,0.00,0.99,4,0.5000,37.00,117,0,0.00,2,11.03,12.96,12.16,14.50
177023,-4.69,14.84,3,14.36,13.44,8,14.58,185,0.49,0.49,1588,0.00,0.99,4,0.5000,37.00,117,0,0.00,2,10.88,12.97,12.16,14.40
177127,-5.47,14.84,3,14.36,13.52,8,14.58,185,0.49,0.50,1599,0.00,0.99,4,0.5000,37.50,117,0,0.00,2,10.74,13.18,12.16,14.40
177231,-5.47,14.84,3,14.36,13.60,8,14.58,185,0.50,0.50,1600,0.00,0.99,4,0.5000,37.50,117,0,0.00,2,10.88,13.13,12.16,14.30
177335,-5.47,14.84,3,14.36,13.52,8,14.58,185,0.50,0.50,1590,0.00,0.99,4,0.5000,37.00,117,0,0.00,2,10.74,13.29,12.16,14.40
177439,-5.47,14.84,3,14.36,13.52,8,14.58,185,0.50,0.51,1586,0.00,0.99,4,0.5000,37.00,117,0,0.00,2,10.88,13.07,12.16,14.40
177543,-6.25,14.84,3,14.36,13.44,8,14.58,185,0.50,0.50,1593,0.00,0.99,4,0.5000,37.00,117,0,0.00,2,11.03,13.12,12.16,14.40
177647,-5.47,14.84,3,14.36,13.52,8,14.58,185,0.50,0.50,1592,0.00,0.99,4,0.5000,37.00,117,0,0.00,2,10.88,13.01,11.76,14.40
177751,-6.25,14.84,3,14.36,13.52,8,14.58,185,0.49,0.49,1574,0.00,0.99,4,0.5000,36.50,117,0,0.00,2,10.88,12.49,10.20,14.50
177855,-5.47,14.84,3,14.36,13.60,8,14.58,185,0.47,0.44,1574,0.00,1.05,4,0.5000,34.50,117,0,0.00,2,10.45,10.86,8.24,14.50
177960,-7.03,14.84,3,14.36,13.52,8,14.58,185,0.43,0.40,1584,0.00,1.05,4,0.5000,33.50,117,0,0.00,2,9.43,10.28,8.24,14.30
178063,-10.94,14.84,3,14.36,13.44,8,14.58,185,0.41,0.39,1584,0.00,1.00,4,0.5000,32.50,117,0,0.00,2,8.85,10.44,8.24,13.90
178167,-14.84,14.84,3,14.36,13.60,8,14.58,185,0.40,0.39,1572,0.00,1.00,4,0.5000,31.50,117,0,0.00,2,8.42,10.27,8.24,13.50
178272,-15.62,14.84,3,14.36,13.60,8,14.58,185,0.40,0.39,1570,0.00,1.00,4,0.5000,31.50,117,0,0.00,2,8.27,10.23,8.24,13.40
178375,-17.97,14.84,3,14.36,13.60,8,14.58,185,0.39,0.39,1586,0.00,1.01,4,0.5000,31.50,117,0,0.00,2,8.27,7.68,8.24,13.40
178479,-19.53,14.84,3,14.36,13.44,8,14.58,185,0.39,0.39,1567,0.00,1.02,4,0.5000,31.00,117,0,0.00,2,8.13,10.15,8.24,13.60
178583,-19.53,14.84,3,14.36,13.52,8,14.58,185,0.39,0.39,1564,0.00,1.03,4,0.5000,31.00,117,0,0.00,2,8.13,10.07,8.24,13.80
178687,-19.53,14.84,3,14.36,13.60,8,14.58,185,0.39,0.39,1577,0.00,1.03,4,0.5000,31.50,117,1,0.00,2,8.13,10.12,8.24,14.00
178791,-19.53,14.84,3,14.36,13.60,8,14.58,185,0.39,0.38,1580,0.00,1.04,4,0.5000,31.00,117,0,0.00,2,7.98,10.09,8.24,14.20
178895,-18.75,14.84,3,14.36,13.52,8,14.58,185,0.39,0.38,1562,0.00,1.05,4,0.5000,31.00,117,1,0.00,2,8.13,9.92,8.24,14.30
178999,-17.97,14.84,2,14.36,13.52,8,14.57,185,0.38,0.38,1563,0.00,1.06,4,0.5000,31.00,117,0,0.00,2,8.13,9.88,8.24,14.30
179103,-16.41,14.84,2,14.36,13.44,8,14.56,185,0.38,0.38,1576,0.00,1.07,4,0.5000,31.00,117,0,0.00,2,8.13,9.89,7.84,15.00
179207,-14.84,14.06,2,14.36,13.52,8,14.55,185,0.38,0.38,1576,0.00,1.08,4,0.5000,30.50,117,1,0.00,2,7.98,9.71,7.84,15.10
179311,-13.28,13.28,2,14.36,13.52,8,14.55,185,0.38,0.37,1567,0.00,1.09,4,0.5000,30.50,117,1,0.00,2,7.98,10.07,8.63,15.10
179415,-12.50,12.50,3,14.36,13.60,8,14.55,185,0.38,0.38,1576,0.00,1.09,4,0.5000,31.00,117,1,0.00,2,7.98,10.37,8.63,15.20
179519,-11.72,12.50,3,14.36,13.52,8,14.54,185,0.39,0.40,1573,0.00,1.11,4,0.5000,31.50,117,1,0.00,2,8.27,10.51,9.02,15.20
179623,-8.59,12.50,3,14.36,13.44,8,14.54,185,0.40,0.41,1560,0.00,1.12,4,0.5000,31.50,117,1,0.00,2,8.42,10.86,9.80,15.40
179727,-5.47,13.28,3,14.36,13.52,8,14.54,185,0.41,0.42,1569,0.00,1.12,4,0.5000,32.50,117,1,0.00,2,8.71,11.23,10.20,15.80
179831,-1.56,13.28,3,14.36,13.44,8,14.54,185,0.42,0.44,1577,0.00,1.13,4,0.5000,33.00,117,2,0.00,2,9.14,11.41,10.20,15.90
179935,0.78,14.84,3,14.36,13.60,8,14.53,185,0.43,0.43,1576,0.00,1.13,4,0.5000,33.00,117,1,0.00,2,9.29,11.31,10.20,16.00
180039,4.69,14.84,3,14.36,13.44,8,14.53,185,0.43,0.43,1574,0.00,1.13,4,0.5000,33.50,117,2,0.00,2,9.43,11.41,10.20,16.10
180143,6.25,14.84,3,14.36,13.52,8,14.53,185,0.43,0.43,1581,0.00,1.13,4,0.5000,33.50,117,2,0.00,2,9.43,11.74,10.98,15.80
180247,5.47,14.84,3,14.36,13.44,8,14.54,185,0.44,0.46,1584,0.00,1.11,4,0.5000,34.50,117,2,0.00,2,9.72,12.18,11.37,15.40
180351,6.25,14.84,3,14.36,13.60,8,14.54,185,0.45,0.46,1587,0.00,1.11,4,0.5000,34.50,117,2,0.00,2,9.87,12.06,11.37,15.00
180455,7.81,14.84,3,14.36,13.52,8,14.54,185,0.46,0.46,1579,0.00,1.11,4,0.5000,34.50,117,2,0.00,2,10.01,12.21,11.37,15.00
180559,8.59,14.84,3,14.36,13.52,8,14.54,185,0.46,0.46,1580,0.00,1.10,4,0.5000,35.00,117,3,0.00,2,10.16,12.06,11.37,15.10
180663,8.59,14.84,3,14.36,13.44,8,14.54,185,0.46,0.46,1592,0.00,1.10,4,0.5000,35.00,117,3,0.00,2,10.16,12.15,11.37,15.00
180767,8.59,14.84,3,14.36,13.52,8,14.54,185,0.46,0.45,1598,0.00,1.11,4,0.5000,35.00,117,2,0.00,2,10.16,12.15,11.37,15.20
180871,8.59,14.84,3,14.36,13.52,8,14.54,185,0.46,0.45,1590,0.00,1.10,4,0.5000,35.00,117,3,0.00,2,10.16,12.26,11.37,14.50
180975,7.81,14.84,3,14.36,13.60,8,14.54,185,0.46,0.46,1590,0.00,1.11,4,0.5000,35.00,117,3,0.00,2,10.16,12.15,11.37,14.50
181079,7.81,14.84,3,14.36,13.44,8,14.54,185,0.46,0.46,1610,0.00,1.11,4,0.5000,35.50,117,3,0.00,2,10.16,12.37,11.37,14.40
181183,7.81,14.84,3,14.36,13.52,8,14.54,185,0.46,0.45,1610,0.00,1.11,4,0.5000,35.50,117,3,0.00,2,10.16,12.37,11.37,14.40
181287,7.81,14.84,3,14.36,13.44,8,14.54,185,0.46,0.46,1597,0.00,1.11,4,0.5000,35.50,117,3,0.00,2,10.16,12.21,11.37,14.40
181391,7.81,14.84,3,14.36,13.52,8,14.54,185,0.46,0.46,1604,0.00,1.11,4,0.5000,35.50,117,4,0.00,2,10.16,12.37,11.37,14.40
181495,7.03,14.84,3,14.36,13.60,8,14.54,185,0.46,0.47,1603,0.00,1.11,4,0.5000,35.50,117,4,0.00,2,10.16,12.37,10.98,14.30
181599,7.03,14.84,3,14.36,13.44,8,14.54,185,0.46,0.46,1614,0.00,1.11,4,0.5000,35.50,117,4,0.00,2,10.01,12.06,10.20,14.40
181703,7.03,14.84,3,14.36,13.60,8,14.53,185,0.45,0.43,1621,0.00,1.12,4,0.5000,34.50,117,4,0.00,2,9.87,11.32,9.41,14.30
181807,6.25,14.84,3,14.36,13.44,8,14.53,185,0.43,0.42,1601,0.00,1.12,4,0.5000,34.00,117,0,0.00,2,9.43,11.13,9.41,14.20
181911,4.69,14.84,3,14.36,13.52,8,14.53,185,0.42,0.42,1607,0.00,1.12,4,0.5000,33.00,117,0,0.00,2,9.29,10.91,8.63,14.10
182015,3.12,14.84,3,14.36,13.60,8,14.53,185,0.41,0.40,1629,0.00,1.13,4,0.5000,32.50,117,0,0.00,2,9.00,10.34,8.24,14.00
182119,2.34,14.84,2,14.36,13.60,8,14.53,185,0.39,0.38,1627,0.00,1.14,4,0.5000,32.00,117,0,0.00,2,8.42,9.75,7.84,13.90
182223,0.00,14.06,2,14.36,13.60,8,14.53,185,0.37,0.35,1626,0.00,1.15,4,0.5000,31.50,117,0,0.00,2,8.13,9.35,7.45,13.80
182327,-2.34,14.06,2,14.36,13.44,8,14.52,185,0.35,0.34,1618,0.00,1.15,4,0.5000,30.50,117,0,0.00,2,7.69,8.71,6.67,13.60
182431,-3.91,13.28,2,14.36,13.52,8,14.52,185,0.33,0.32,1618,0.00,1.16,4,0.5000,30.00,117,0,0.00,2,7.11,8.35,6.67,13.60
182535,-6.25,12.50,2,14.36,13.52,8,14.52,185,0.32,0.31,1616,0.00,1.16,4,0.5000,29.50,117,0,0.00,2,6.67,8.24,6.67,13.50
182639,-8.59,11.72,2,14.36,13.60,8,14.52,185,0.31,0.31,1626,0.00,1.16,4,0.5000,29.50,117,0,0.00,2,6.38,8.33,7.06,13.60
182743,-9.38,10.94,2,14.36,13.60,8,14.52,185,0.31,0.32,1630,0.00,1.16,4,0.5000,29.50,117,2,0.00,2,6.38,8.74,7.45,13.50
182847,-10.16,10.94,2,14.36,13.52,8,14.52,185,0.32,0.33,1614,0.00,1.16,4,0.5000,30.00,117,16,0.00,2,6.67,9.03,7.84,13.60
182951,-10.16,10.16,2,14.36,13.44,8,14.52,185,0.33,0.34,1598,0.00,1.15,4,0.5000,30.50,117,34,0.00,2,7.25,9.26,7.84,13.90
183055,-10.16,9.38,2,14.36,13.36,8,14.52,185,0.34,0.35,1599,0.00,1.16,4,0.5000,30.50,117,47,0.00,2,8.13,9.40,7.84,14.10
183159,-5.47,9.38,2,14.36,13.52,8,14.52,185,0.34,0.35,1658,0.00,1.16,4,0.5000,30.50,117,49,0.00,2,9.29,9.34,8.24,14.30
183263,7.03,8.59,2,14.36,13.60,8,14.52,185,0.35,0.36,1598,0.00,1.16,4,0.5000,30.50,117,50,0.00,2,9.29,9.35,7.84,15.70
183367,20.31,8.59,2,14.36,13.52,8,14.52,185,0.35,0.34,1636,0.00,1.16,4,0.5000,30.50,117,50,0.00,2,9.87,9.45,8.63,15.70
183471,25.00,7.81,2,14.36,13.60,8,14.52,185,0.35,0.36,1579,0.00,1.15,4,0.5000,31.00,117,50,0.00,2,9.72,10.17,9.41,18.70
183576,25.00,7.81,3,14.36,13.52,8,14.53,185,0.37,0.38,1639,0.00,1.13,4,0.5000,31.50,117,50,0.00,2,10.30,10.41,9.80,18.20
183679,25.00,8.59,3,14.36,13.52,8,14.53,185,0.38,0.39,1645,0.00,1.13,4,0.5000,31.50,117,50,0.00,2,10.16,10.48,9.80,17.00
183783,20.31,8.59,3,14.36,13.52,8,14.53,185,0.38,0.39,1601,0.00,1.12,4,0.5000,32.50,117,50,0.00,2,10.16,10.59,9.80,15.70
183887,21.88,9.38,3,14.36,13.52,8,14.53,185,0.39,0.39,1614,0.00,1.12,4,0.5000,31.50,117,50,0.00,2,10.88,10.47,9.80,14.30
183991,15.62,9.38,3,14.36,13.60,8,14.53,185,0.39,0.39,1589,0.00,1.12,4,0.5000,32.00,117,50,0.00,2,10.16,10.33,9.80,13.70
184095,17.97,9.38,3,14.36,13.52,8,14.54,185,0.39,0.39,1592,0.00,1.11,4,0.5000,32.00,117,50,0.00,2,10.59,10.55,9.80,13.90
184199,14.06,10.16,3,14.36,13.44,8,14.54,185,0.39,0.40,1642,0.00,1.10,4,0.5000,32.00,117,50,0.00,2,10.45,10.34,8.63,13.80
184303,13.28,10.16,2,14.36,13.52,8,14.54,185,0.38,0.38,1603,0.00,1.11,4,0.5000,31.50,117,50,0.00,2,10.01,9.42,7.45,14.60
184407,14.06,10.16,2,14.36,13.52,8,14.54,185,0.36,0.33,1637,0.00,1.19,4,0.5000,30.50,117,50,0.00,2,10.16,8.35,6.27,14.10
184511,21.09,9.38,2,14.36,13.60,8,14.54,185,0.33,0.31,1565,0.00,1.17,4,0.5000,29.50,117,50,0.00,2,8.85,7.77,6.27,15.10
184615,22.66,8.59,2,14.36,13.52,8,14.55,185,0.31,0.28,1641,0.00,1.06,4,0.5000,29.00,117,50,0.00,2,9.00,7.49,5.88,15.40
184719,23.44,8.59,2,14.36,13.52,8,14.56,185,0.29,0.28,1627,0.00,1.03,4,0.5000,29.00,117,50,0.00,2,8.42,7.40,5.88,15.50
184823,24.22,7.81,2,14.36,13.60,8,14.57,185,0.28,0.28,1600,0.00,1.01,4,0.5000,28.50,117,50,0.00,2,7.98,7.21,5.88,15.60
184927,25.00,7.81,2,14.36,13.60,8,14.57,185,0.27,0.26,1632,0.00,1.00,4,0.5000,28.00,115,50,0.00,2,8.56,7.07,5.49,15.50
185031,25.00,7.03,2,14.36,13.60,8,14.57,185,0.27,0.26,1582,0.00,1.00,4,0.5000,27.00,115,50,0.00,2,7.69,6.92,5.49,15.40
185135,24.22,7.03,2,14.36,13.52,8,14.58,185,0.26,0.25,1624,0.00,1.00,4,0.5000,25.50,115,50,0.00,2,7.84,6.89,5.49,15.60
185239,23.44,7.03,2,14.36,13.52,10,14.57,185,0.26,0.26,1625,0.00,1.00,4,0.5000,24.00,115,50,0.00,2,7.69,6.85,5.49,14.00
185343,0.00,6.25,2,14.36,13.60,10,14.57,185,0.26,0.26,1576,0.00,1.00,4,0.5000,22.50,115,50,0.00,2,7.40,6.78,5.49,14.40
185447,0.00,6.25,2,14.36,13.52,10,14.58,185,0.25,0.25,1632,0.00,0.99,4,0.5000,20.50,115,50,0.00,2,7.98,6.78,5.49,14.40
185551,0.00,6.25,2,14.36,13.68,10,14.57,185,0.25,0.26,1576,0.00,0.99,4,0.5000,20.50,115,50,0.00,2,7.55,6.78,5.49,14.40
185656,0.00,5.47,2,14.36,13.44,10,14.58,185,0.25,0.26,1606,0.00,0.99,4,0.5000,20.50,115,50,0.00,2,7.55,6.78,5.49,14.80
185759,0.00,5.47,2,14.36,13.52,10,14.57,185,0.25,0.25,1638,0.00,0.99,4,0.5000,20.00,115,50,0.00,2,7.55,6.78,5.49,16.60
185863,0.00,5.47,2,14.36,13.52,10,14.57,185,0.25,0.25,1585,0.00,0.99,4,0.5000,20.00,115,50,0.00,2,7.25,6.81,5.49,20.80
185967,0.00,4.69,2,14.36,13.60,10,14.58,185,0.25,0.26,1576,0.00,0.99,4,0.5000,20.00,115,50,0.00,2,7.98,6.81,5.49,23.80
186071,0.00,4.69,2,14.36,13.60,10,14.58,185,0.25,0.26,1601,0.00,0.99,4,0.5000,20.00,115,50,0.00,2,7.55,6.78,5.49,29.20
186175,0.00,4.69,2,14.36,13.52,10,14.57,185,0.25,0.25,1616,0.00,0.99,4,0.5000,20.00,115,50,0.00,2,7.55,6.78,5.49,33.50
186279,0.00,4.69,2,14.36,13.52,10,14.57,185,0.25,0.25,1604,0.00,0.99,4,0.5000,20.50,115,50,0.00,2,7.98,6.78,5.49,40.40
186383,0.00,3.91,2,14.36,13.44,10,14.58,185,0.25,0.25,1592,0.00,0.99,4,0.5000,20.00,115,50,0.00,2,7.25,6.78,5.49,51.70
186488,0.00,3.91,2,14.36,13.60,10,14.58,185,0.25,0.26,1595,0.00,0.99,4,0.5000,20.00,115,50,0.00,2,7.69,6.78,5.49,58.50
186592,0.00,3.91,2,14.36,13.44,10,14.58,185,0.25,0.25,1610,0.00,0.99,4,0.5000,20.00,115,50,0.00,2,7.69,6.78,5.49,68.40
186695,0.00,3.91,2,14.36,13.60,10,14.57,185,0.25,0.25,1612,0.00,0.99,4,0.5000,20.00,115,50,0.00,2,7.25,6.78,5.49,74.90
186800,0.00,3.91,2,14.36,13.52,10,14.57,185,0.25,0.25,1593,0.00,0.99,4,0.5000,20.00,115,50,0.00,2,8.13,6.81,5.49,84.80
186904,0.00,3.12,2,14.36,13.52,10,14.58,185,0.25,0.25,1598,0.00,0.99,4,0.5000,20.00,115,50,0.00,2,7.25,6.78,5.49,88.90
187007,0.00,3.12,2,14.36,13.68,10,14.57,185,0.25,0.25,1601,0.00,0.99,4,0.5000,20.00,115,50,0.00,2,7.69,6.78,5.49,91.10
187112,0.00,3.12,2,14.36,13.60,10,14.57,185,0.25,0.25,1610,0.00,0.99,4,0.5000,20.50,115,50,0.00,2,7.55,6.78,5.49,95.00
187216,0.00,3.12,2,14.36,13.60,10,14.57,185,0.25,0.25,1608,0.00,0.99,4,0.5000,20.50,115,50,0.00,2,7.25,6.78,5.49,96.00
187321,0.00,3.12,2,14.36,13.44,10,14.58,185,0.25,0.25,1597,0.00,0.99,4,0.5000,20.00,115,50,0.00,2,7.98,6.74,5.49,96.00
187424,0.00,3.12,2,14.36,13.52,10,14.58,185,0.25,0.25,1599,0.00,0.99,4,0.5000,20.00,115,50,0.00,2,7.55,6.78,5.10,96.00
187528,0.00,0.78,2,14.36,13.60,10,14.58,185,0.25,0.25,1614,0.00,0.99,4,0.5000,20.50,115,50,0.00,2,7.55,6.78,5.10,96.00
187632,0.00,0.78,2,14.36,13.60,10,14.57,185,0.25,0.25,1613,0.00,0.99,4,0.5000,20.50,115,50,0.00,2,7.55,6.74,5.10,96.00
187736,0.00,0.78,2,14.36,13.52,10,14.57,185,0.25,0.25,1616,0.00,0.99,4,0.5000,20.50,115,50,0.00,2,7.25,6.74,5.49,96.00
187840,0.00,0.78,2,14.36,13.60,10,14.57,185,0.25,0.25,1605,0.00,0.99,4,0.5000,20.00,115,50,0.00,2,7.98,6.71,5.10,96.00
187944,0.00,0.78,2,14.36,13.60,10,14.57,185,0.25,0.25,1608,0.00,0.99,4,0.5000,20.00,115,50,0.00,2,7.55,6.71,5.10,96.00
188048,0.00,0.78,2,14.36,13.52,10,14.57,185,0.25,0.25,1617,0.00,0.99,4,0.5000,20.50,115,50,0.00,2,7.55,6.71,5.10,99.90
188152,0.00,0.78,2,14.36,13.60,10,14.57,185,0.25,0.25,1616,0.00,0.99,4,0.5000,20.50,115,50,0.00,2,7.98,6.74,5.10,99.90
188256,0.00,0.78,2,14.36,13.52,10,14.57,185,0.25,0.25,1602,0.00,0.99,4,0.5000,20.50,115,50,0.00,2,7.25,6.71,5.49,99.90
188360,0.00,0.78,2,14.36,13.60,10,14.57,185,0.25,0.25,1602,0.00,0.99,4,0.5000,20.50,115,50,0.00,2,7.98,6.71,5.10,99.90
188464,0.00,0.78,2,14.36,13.60,10,14.57,185,0.25,0.25,1608,0.00,0.99,4,0.5000,20.50,115,50,0.00,2,7.55,6.78,5.10,99.90
188568,0.00,0.78,2,14.36,13.60,10,14.57,185,0.25,0.25,1624,0.00,0.99,4,0.5000,20.50,115,50,0.00,2,7.55,6.71,5.10,99.90
188672,0.00,0.78,2,14.36,13.60,10,14.57,185,0.25,0.25,1621,0.00,0.99,4,0.5000,20.50,115,50,0.00,2,7.84,6.63,5.10,99.90
188776,0.00,0.78,2,14.36,13.60,10,14.57,185,0.25,0.25,1612,0.00,0.99,4,0.5000,20.50,115,50,0.00,2,7.11,6.71,5.10,99.90
188880,0.00,0.78,2,14.36,13.60,10,14.57,185,0.25,0.25,1615,0.00,0.99,4,0.5000,20.50,115,50,0.00,2,7.84,6.67,5.10,99.90
188984,0.00,0.78,2,14.36,13.60,10,14.57,185,0.25,0.25,1617,0.00,0.99,4,0.5000,20.50,115,50,0.00,2,7.40,6.63,5.10,99.90
189088,0.00,0.78,2,14.36,13.52,10,14.57,185,0.25,0.25,1628,0.00,0.99,4,0.5000,20.50,115,50,0.00,2,7.40,6.67,5.10,99.90
189192,0.00,0.78,2,14.36,13.60,10,14.57,185,0.25,0.25,1626,0.00,0.99,4,0.5000,20.50,115,50,0.00,2,7.84,6.63,5.10,99.90
189296,0.00,0.78,2,14.36,13.60,10,14.57,185,0.25,0.24,1628,0.00,0.99,4,0.5000,20.50,115,50,0.00,2,7.11,6.67,5.10,99.90
189400,0.00,0.78,2,14.36,13.52,10,14.57,185,0.25,0.25,1616,0.00,0.99,4,0.5000,20.50,115,50,0.00,2,7.84,6.67,5.10,99.90
189504,0.00,0.78,2,14.36,13.60,10,14.57,185,0.25,0.25,1618,0.00,0.99,4,0.5000,20.50,115,50,0.00,2,7.40,6.71,5.10,99.90
189608,0.00,0.78,2,14.36,13.36,10,14.57,185,0.25,0.25,1634,0.00,0.99,4,0.5000,21.00,115,50,0.00,2,7.40,6.89,6.27,99.90
189712,0.00,0.78,2,14.36,13.52,10,14.57,185,0.26,0.27,1632,0.00,0.99,4,0.5000,21.00,115,50,0.00,2,7.98,7.29,6.27,99.90
189816,0.00,0.78,2,14.36,13.52,10,14.57,185,0.26,0.27,1636,0.00,0.99,4,0.5000,21.00,115,50,0.00,2,7.40,7.29,5.88,99.90
189920,0.00,0.78,2,14.36,13.52,10,14.57,185,0.27,0.27,1627,0.00,0.99,4,0.5000,20.50,115,50,0.00,2,8.27,7.29,5.88,99.90
190024,0.00,0.78,2,14.36,13.68,10,14.57,185,0.27,0.27,1632,0.00,0.99,4,0.5000,20.50,115,50,0.00,2,7.55,7.29,5.88,99.90
190128,0.00,0.78,2,14.36,13.60,10,14.57,185,0.27,0.27,1628,0.00,0.99,4,0.5000,20.50,115,50,0.00,2,7.84,7.29,5.88,99.90
190232,0.00,0.78,2,14.36,13.44,10,14.57,185,0.27,0.27,1637,0.00,0.99,4,0.5000,20.50,115,50,0.00,2,7.84,7.25,5.88,99.90
190336,0.00,0.78,2,14.36,13.60,10,14.57,185,0.27,0.26,1640,0.00,0.99,4,0.5000,21.00,115,50,0.00,2,7.84,7.25,5.88,99.90
190440,0.00,0.78,2,14.36,13.60,10,14.57,185,0.27,0.27,1639,0.00,0.99,4,0.5000,21.00,115,50,0.00,2,8.27,7.29,5.88,99.90
190544,0.00,0.78,2,14.36,13.52,10,14.57,185,0.27,0.27,1628,0.00,0.97,4,0.5000,22.00,115,50,0.00,2,7.55,7.29,5.88,99.90
190648,0.00,0.78,2,14.36,13.60,10,14.57,185,0.27,0.27,1629,0.00,0.97,4,0.5000,25.50,115,50,0.00,2,8.27,7.40,6.27,99.90
190753,0.00,0.78,2,14.36,13.52,10,14.57,185,0.27,0.27,1636,0.00,0.97,4,0.5000,28.50,115,50,0.00,2,8.27,7.48,6.67,99.90
190856,0.00,0.78,2,14.36,13.52,10,14.58,185,0.27,0.27,1678,0.00,0.97,4,0.5000,28.00,115,50,0.00,2,8.13,7.59,7.06,99.90
190960,0.00,0.78,2,14.36,13.52,10,14.57,185,0.28,0.28,1661,0.00,0.97,4,0.5000,29.00,115,50,0.00,2,8.56,7.87,7.06,96.00
191064,0.00,0.78,2,14.36,13.68,10,14.57,185,0.29,0.30,1628,0.00,0.97,4,0.5000,29.00,115,50,0.00,2,7.84,8.19,7.45,60.00
191168,0.00,0.78,2,14.36,13.52,10,14.57,185,0.29,0.30,1668,0.00,0.97,4,0.5000,29.00,115,50,0.00,2,8.85,8.31,7.45,34.90
191272,0.00,0.78,2,14.36,13.44,10,14.57,185,0.30,0.30,1628,0.00,0.97,4,0.5000,29.50,115,50,0.00,2,8.27,8.39,7.45,28.60
191376,0.00,0.78,2,14.36,13.52,10,14.57,185,0.30,0.31,1640,0.00,0.97,4,0.5000,29.50,115,50,0.00,2,8.56,8.46,7.45,25.10
191480,0.00,0.78,2,14.36,13.60,10,14.57,185,0.31,0.31,1622,0.00,0.97,4,0.5000,30.00,115,50,0.00,2,8.71,8.42,7.45,23.20
191584,0.00,0.78,2,14.36,13.60,10,14.57,185,0.31,0.30,1652,0.00,0.97,4,0.5000,29.50,115,50,0.00,2,8.71,8.39,7.45,22.60
191688,3.91,0.78,2,14.36,13.60,8,14.57,185,0.31,0.30,1682,0.00,0.99,4,0.5000,30.00,115,41,0.00,2,8.27,8.55,7.45,21.40
191792,8.59,0.78,2,14.36,13.52,8,14.57,185,0.31,0.31,1674,0.00,0.99,4,0.5000,30.00,115,19,0.00,2,7.84,8.65,7.45,19.60
191896,0.78,0.78,2,14.36,13.52,8,14.57,185,0.31,0.31,1676,0.00,0.99,4,0.5000,30.00,115,2,0.00,2,7.25,8.58,7.45,19.30
192000,-0.78,0.78,2,14.36,13.52,8,14.57,185,0.31,0.31,1644,0.00,0.99,4,0.5000,30.00,115,0,0.00,2,6.96,8.63,7.45,14.60
192105,6.25,0.78,2,14.36,13.60,8,14.57,185,0.31,0.31,1664,0.00,0.99,4,0.5000,30.00,115,0,0.00,2,6.67,8.61,7.45,15.30
192208,7.03,0.78,2,14.36,13.60,8,14.57,185,0.31,0.31,1663,0.00,0.99,4,0.5000,30.00,115,0,0.00,2,6.67,8.71,7.45,15.60
192313,6.25,0.78,2,14.36,13.52,8,14.57,185,0.31,0.31,1661,0.00,0.99,4,0.5000,30.00,115,0,0.00,2,6.53,8.56,7.45,15.00
192417,4.69,0.78,2,14.36,13.52,8,14.57,185,0.31,0.31,1680,0.00,1.00,4,0.5000,30.00,115,0,0.00,2,6.53,8.61,7.45,14.00
192521,3.12,0.78,2,14.36,13.52,8,14.57,185,0.31,0.30,1689,0.00,1.01,4,0.5000,30.00,115,0,0.00,2,6.38,8.26,6.67,14.20
192624,1.56,0.78,2,14.36,12.96,8,14.57,185,0.30,0.28,1683,0.00,1.02,4,0.5000,30.00,115,0,0.00,2,6.09,7.84,6.67,14.10
192729,0.00,0.78,2,14.36,13.36,8,14.57,185,0.29,0.28,1685,0.00,1.02,4,0.5000,29.50,115,0,0.00,2,5.95,7.62,6.67,14.00
192833,-0.78,0.78,2,14.36,13.52,8,14.57,185,0.28,0.27,1686,0.00,1.01,4,0.5000,29.50,115,0,0.00,2,5.80,7.52,6.67,14.10
192936,-1.56,0.78,2,14.36,13.44,8,14.57,185,0.27,0.27,1697,0.00,1.00,4,0.5000,29.00,115,0,0.00,2,5.66,7.36,6.27,14.00
193040,-2.34,0.78,2,14.36,13.52,8,14.57,185,0.26,0.26,1687,0.00,1.00,4,0.5000,29.00,115,0,0.00,2,5.51,7.21,6.27,13.90
193145,-3.12,0.78,2,14.36,13.44,8,14.57,185,0.26,0.25,1685,0.00,0.99,4,0.5000,28.50,115,0,0.00,2,5.37,7.14,6.27,13.90
193248,-3.91,0.78,2,14.36,13.44,8,14.57,185,0.26,0.25,1691,0.00,0.99,4,0.5000,27.00,115,0,0.00,2,5.22,7.03,5.88,13.80
193353,-4.69,0.78,2,14.36,13.52,8,14.57,185,0.25,0.25,1687,0.00,0.99,4,0.5000,25.00,115,0,0.00,2,5.22,7.00,5.88,13.80
193456,0.00,0.78,2,14.36,13.52,10,14.57,185,0.25,0.25,1697,0.00,0.99,4,0.5000,24.00,115,0,0.00,2,5.08,6.96,5.88,14.00
193561,0.00,0.78,2,14.36,13.52,10,14.57,185,0.25,0.25,1686,0.00,0.99,4,0.5000,23.00,115,0,0.00,2,5.08,7.00,5.88,13.80
193664,0.00,0.78,2,14.36,13.60,10,14.57,185,0.25,0.25,1676,0.00,0.97,4,0.5000,26.00,115,0,0.00,2,5.08,7.07,6.67,15.60
193769,0.00,0.78,2,14.36,13.60,10,14.57,185,0.25,0.25,1697,0.00,0.97,4,0.5000,29.00,115,0,0.00,2,5.08,7.59,7.45,17.00
193872,0.00,0.78,2,14.36,13.52,10,14.57,185,0.26,0.27,1708,0.00,0.97,4,0.5000,29.50,115,0,0.00,2,5.51,7.87,7.45,19.20
193976,0.00,0.78,2,14.36,13.44,10,14.57,185,0.27,0.28,1708,0.00,0.97,4,0.5000,29.50,115,0,0.00,2,5.66,7.91,7.45,21.00
194080,0.00,0.78,2,14.36,13.52,10,14.57,185,0.27,0.28,1713,0.00,0.97,4,0.5000,29.50,115,0,0.00,2,5.80,7.91,7.06,19.20
194185,0.00,0.78,2,14.36,13.44,10,14.57,185,0.27,0.27,1712,0.00,0.99,4,0.5000,29.50,115,0,0.00,2,5.80,7.63,6.67,16.80
194289,-0.78,0.78,2,14.36,13.52,8,14.57,185,0.27,0.27,1723,0.00,0.99,4,0.5000,29.50,115,0,0.00,2,5.66,7.53,6.67,15.50
194393,-1.56,0.78,2,14.36,13.52,8,14.57,185,0.27,0.26,1710,0.00,0.99,4,0.5000,29.00,115,0,0.00,2,5.66,7.47,6.67,14.70
194497,-1.56,0.78,2,14.36,13.44,8,14.57,185,0.26,0.26,1727,0.00,0.99,4,0.5000,29.00,115,0,0.00,2,5.66,7.47,6.67,13.70
194600,-3.12,0.78,2,14.36,13.52,8,14.57,185,0.26,0.26,1715,0.00,0.99,4,0.5000,29.50,115,0,0.00,2,5.51,7.53,6.67,14.30
194705,-3.91,0.78,2,14.36,13.52,8,14.57,185,0.26,0.26,1724,0.00,0.99,4,0.5000,29.50,115,0,0.00,2,5.51,7.50,6.67,14.20
194809,-3.91,0.78,2,14.36,13.52,8,14.57,185,0.26,0.26,1722,0.00,0.99,4,0.5000,29.50,115,0,0.00,2,5.51,7.55,6.67,14.30
194913,-4.69,0.78,2,14.36,13.52,8,14.57,185,0.26,0.27,1720,0.00,0.99,4,0.5000,29.50,115,0,0.00,2,5.51,7.60,7.06,14.40
195017,-4.69,0.78,2,14.36,13.52,8,14.57,185,0.26,0.26,1730,0.00,1.00,4,0.5000,29.50,115,0,0.00,2,5.51,7.62,7.06,14.50
195120,-3.91,0.78,2,14.36,13.60,8,14.57,185,0.26,0.26,1734,0.00,1.01,4,0.5000,29.50,115,0,0.00,2,5.66,7.63,6.67,14.50
195225,-3.12,0.78,2,14.36,13.60,8,14.57,185,0.27,0.26,1741,0.00,1.02,4,0.5000,29.50,115,0,0.00,2,5.51,7.64,7.06,14.60
195328,-3.12,0.78,2,14.36,13.60,8,14.57,185,0.27,0.27,1732,0.00,1.02,4,0.5000,29.50,115,0,0.00,2,5.66,7.61,6.67,14.80
195433,-1.56,0.78,2,14.36,13.52,8,14.57,185,0.27,0.27,1731,0.00,1.03,4,0.5000,29.50,115,0,0.00,2,5.51,7.62,7.06,14.80
195537,-0.78,0.78,2,14.36,13.52,8,14.57,185,0.27,0.27,1736,0.00,1.03,4,0.5000,29.50,115,0,0.00,2,5.66,5.12,6.67,14.90
195641,0.00,0.78,2,14.36,13.60,8,14.57,185,0.27,0.26,1737,0.00,1.04,4,0.5000,29.50,115,0,0.00,2,5.51,7.61,7.06,15.00
195745,0.78,0.78,2,14.36,13.52,8,14.57,185,0.26,0.26,1748,0.00,1.04,4,0.5000,30.00,115,0,0.00,2,5.66,7.58,6.67,15.00
195848,1.56,0.78,2,14.36,13.60,8,14.57,185,0.26,0.26,1744,0.00,1.04,4,0.5000,29.50,115,0,0.00,2,5.51,7.56,6.67,15.00
195953,2.34,0.78,2,14.36,13.52,8,14.57,185,0.26,0.26,1740,0.00,1.04,4,0.5000,29.50,115,0,0.00,2,5.66,7.57,6.67,14.70
196056,3.12,0.78,2,14.36,13.60,8,14.56,185,0.26,0.26,1752,0.00,1.05,4,0.5000,29.50,115,0,0.00,2,5.51,7.62,7.06,14.80
196160,3.12,0.78,2,14.36,13.60,8,14.55,185,0.26,0.26,1752,0.00,1.05,4,0.5000,29.50,115,0,0.00,2,5.51,7.59,6.67,14.80
196265,3.12,0.78,2,14.36,13.60,8,14.55,185,0.26,0.26,1747,0.00,1.06,4,0.5000,30.00,115,0,0.00,2,5.51,7.60,7.06,14.80
196369,3.91,0.78,2,14.36,13.52,8,14.55,185,0.26,0.26,1762,0.00,1.06,4,0.5000,30.00,115,0,0.00,2,5.66,7.62,7.06,14.70
196473,3.91,0.78,2,14.36,13.52,8,14.54,185,0.26,0.26,1754,0.00,1.06,4,0.5000,30.00,115,0,0.00,2,5.51,7.79,7.06,14.70
196576,3.91,0.78,2,14.36,13.52,8,14.54,185,0.27,0.27,1760,0.00,1.06,4,0.5000,30.00,115,0,0.00,2,5.66,7.92,7.06,14.70
196681,4.69,0.78,2,14.36,13.60,8,14.54,185,0.27,0.27,1754,0.00,1.07,4,0.5000,30.00,115,0,0.00,2,5.66,7.94,7.06,14.70
196784,5.47,0.78,2,14.36,13.52,8,14.54,185,0.27,0.27,1766,0.00,1.07,4,0.5000,30.50,115,0,0.00,2,5.80,7.95,7.06,14.70
196889,6.25,0.78,2,14.36,13.52,8,14.54,185,0.27,0.27,1774,0.00,1.08,4,0.5000,30.00,115,0,0.00,2,5.80,8.09,7.45,14.80
196993,7.81,0.78,2,14.36,13.44,8,14.54,185,0.28,0.28,1767,0.00,1.08,4,0.5000,30.50,115,0,0.00,2,5.95,8.64,8.24,14.90
197097,8.59,0.78,2,14.36,13.60,8,14.54,185,0.29,0.30,1778,0.00,1.08,4,0.5000,31.00,115,0,0.00,2,6.24,9.02,8.63,15.10
197200,9.38,0.78,2,14.36,13.68,8,14.53,185,0.30,0.31,1775,0.00,1.08,4,0.5000,31.50,115,0,0.00,2,6.53,9.40,8.63,14.80
197305,10.94,0.78,2,14.36,13.60,8,14.53,185,0.31,0.32,1761,0.00,1.08,4,0.5000,31.50,115,0,0.00,2,6.67,9.42,8.63,15.10
197409,13.28,0.78,2,14.36,13.52,8,14.53,185,0.32,0.32,1764,0.00,1.09,4,0.5000,32.00,115,0,0.00,2,6.82,9.35,8.24,15.60
197513,17.19,0.78,2,14.36,13.44,8,14.53,185,0.32,0.32,1766,0.00,1.09,4,0.5000,32.00,115,0,0.00,2,6.96,9.45,8.24,15.60
197616,17.97,0.78,2,14.36,13.44,8,14.53,185,0.32,0.31,1770,0.00,1.10,4,0.5000,32.00,115,0,0.00,2,6.96,9.46,8.24,15.50
197721,19.53,0.78,2,14.36,13.60,8,14.52,185,0.32,0.32,1772,0.00,1.10,4,0.5000,32.00,115,0,0.00,2,6.96,9.48,8.63,15.30
197825,20.31,0.78,2,14.36,13.60,8,14.52,185,0.32,0.32,1781,0.00,1.10,4,0.5000,32.50,115,0,0.00,2,6.96,9.57,8.24,15.10
197929,20.31,0.78,2,14.36,13.52,8,14.52,185,0.32,0.32,1800,0.00,1.11,4,0.5000,32.50,115,0,0.00,2,6.96,9.57,8.24,15.00
198033,20.31,0.78,2,14.36,13.36,8,14.52,185,0.32,0.32,1799,0.00,1.11,4,0.5000,32.50,115,0,0.00,2,6.96,9.57,8.63,14.80
198137,21.09,0.78,2,14.36,13.44,8,14.52,185,0.32,0.32,1804,0.00,1.11,4,0.5000,32.50,115,0,0.00,2,6.96,9.84,9.02,15.10
198240,21.09,0.78,3,14.36,13.60,8,14.53,185,0.33,0.34,1803,0.00,1.10,4,0.5000,32.50,115,0,0.00,2,7.11,10.21,9.41,15.00
198345,21.88,1.56,3,14.36,13.52,8,14.53,185,0.34,0.35,1797,0.00,1.10,4,0.5000,33.00,115,0,0.00,2,7.40,10.69,9.41,14.60
198449,21.88,2.34,3,14.36,13.52,8,14.53,185,0.35,0.36,1798,0.00,1.10,4,0.5000,33.50,115,0,0.00,2,7.55,10.79,9.41,14.80
198553,24.22,3.12,3,14.36,13.36,8,14.52,185,0.35,0.36,1805,0.00,1.10,4,0.5000,34.00,115,0,0.00,2,7.69,10.80,9.41,15.00
198657,25.00,3.12,3,14.36,13.60,8,14.52,185,0.36,0.36,1808,0.00,1.10,4,0.5000,34.00,115,0,0.00,2,7.84,10.79,9.02,15.20
198761,25.00,3.91,3,14.36,13.60,8,14.52,185,0.35,0.34,1825,0.00,1.11,4,0.5000,34.00,115,0,0.00,2,7.69,10.36,9.02,14.80
198865,24.22,4.69,3,14.36,13.52,8,14.52,185,0.34,0.34,1825,0.00,1.11,4,0.5000,33.50,115,0,0.00,2,7.69,10.31,9.02,14.50
198969,23.44,4.69,3,14.36,13.52,8,14.52,185,0.34,0.34,1836,0.00,1.11,4,0.5000,33.50,115,0,0.00,2,7.55,10.49,9.02,14.30
199073,22.66,5.47,3,14.36,13.36,8,14.52,185,0.34,0.34,1832,0.00,1.11,4,0.5000,33.50,115,0,0.00,2,7.55,10.45,9.02,14.20
199177,21.88,6.25,3,14.36,13.44,8,14.52,185,0.34,0.34,1830,0.00,1.11,4,0.5000,34.00,115,0,0.00,2,7.55,10.54,9.02,14.20
199281,21.09,6.25,3,14.36,13.60,8,14.52,185,0.34,0.34,1832,0.00,1.11,4,0.5000,34.00,115,0,0.00,2,7.40,10.58,9.02,14.20
199385,20.31,7.03,3,14.36,13.60,8,14.52,185,0.34,0.34,1851,0.00,1.11,4,0.5000,34.00,115,0,0.00,2,7.55,10.50,9.02,14.20
199489,19.53,7.03,3,14.36,13.52,8,14.52,185,0.34,0.34,1856,0.00,1.11,4,0.5000,33.50,115,0,0.00,2,7.55,10.50,9.02,14.20
199593,18.75,7.81,3,14.36,13.44,8,14.52,185,0.34,0.34,1846,0.00,1.11,4,0.5000,34.00,115,0,0.00,2,7.55,10.50,9.02,14.30
199697,17.97,7.81,2,14.36,13.52,8,14.52,185,0.34,0.33,1848,0.00,1.11,4,0.5000,33.50,115,0,0.00,2,7.40,9.66,7.84,14.30
199801,17.19,7.81,2,14.36,13.60,8,14.52,185,0.32,0.30,1864,0.00,1.12,4,0.5000,33.00,115,0,0.00,2,6.96,9.29,7.45,14.30
199905,16.41,7.81,2,14.36,13.52,8,14.52,185,0.30,0.29,1866,0.00,1.12,4,0.5000,32.50,115,1,0.00,2,6.67,9.02,7.45,14.00
200009,13.28,7.03,2,14.36,13.52,8,14.52,185,0.30,0.29,1868,0.00,1.11,4,0.5000,32.50,115,1,0.00,2,6.38,8.94,7.45,13.70
200113,10.94,7.03,2,14.36,13.44,8,14.52,185,0.29,0.29,1860,0.00,1.11,4,0.5000,32.50,115,1,0.00,2,6.24,8.86,7.45,13.70
200216,9.38,6.25,2,14.36,13.52,8,14.52,185,0.29,0.28,1862,0.00,1.10,4,0.5000,32.50,115,2,0.00,2,6.24,8.86,7.45,13.70
200321,7.81,6.25,2,14.36,13.52,8,14.52,185,0.28,0.28,1878,0.00,1.10,4,0.5000,32.50,115,2,0.00,2,6.09,8.78,7.45,13.80
200425,7.03,6.25,2,14.36,13.60,8,14.53,185,0.28,0.28,1878,0.00,1.09,4,0.5000,32.00,115,2,0.00,2,6.09,8.73,7.45,13.90
200529,6.25,5.47,2,14.36,13.60,8,14.53,185,0.28,0.28,1861,0.00,1.09,4,0.5000,32.00,115,3,0.00,2,6.09,8.73,7.45,13.90
200633,5.47,5.47,2,14.36,13.52,8,14.53,185,0.28,0.28,1870,0.00,1.08,4,0.5000,32.50,115,3,0.00,2,5.95,8.65,7.45,14.10
200737,4.69,5.47,2,14.36,13.52,8,14.53,185,0.28,0.27,1884,0.00,1.08,4,0.5000,32.00,115,4,0.00,2,5.95,8.39,7.06,14.20
200841,3.91,4.69,2,14.36,13.52,8,14.54,185,0.27,0.26,1880,0.00,1.07,4,0.5000,31.50,115,4,0.00,2,5.80,8.16,7.06,14.20
200945,3.91,4.69,2,14.36,13.52,8,14.54,185,0.26,0.26,1876,0.00,1.06,4,0.5000,31.50,115,4,0.00,2,5.66,8.08,7.06,14.20
201049,2.34,4.69,2,14.36,13.52,8,14.54,185,0.26,0.26,1862,0.00,1.06,4,0.5000,32.00,115,5,0.00,2,5.66,8.20,7.45,14.20
201153,1.56,4.69,2,14.36,13.52,8,14.54,185,0.26,0.26,1890,0.00,1.05,4,0.5000,32.00,115,5,0.00,2,5.66,8.28,7.45,14.20
201257,1.56,3.91,2,14.36,13.52,8,14.54,185,0.26,0.26,1893,0.00,1.05,4,0.5000,31.50,115,6,0.00,2,5.66,8.28,7.45,14.10
201361,0.78,3.91,2,14.36,13.60,8,14.54,185,0.26,0.26,1878,0.00,1.06,4,0.5000,32.00,115,7,0.00,2,5.66,8.24,7.45,14.30
201465,1.56,3.91,2,14.36,13.52,8,14.54,185,0.26,0.26,1880,0.00,1.05,4,0.5000,32.00,115,7,0.00,2,5.66,8.24,7.45,14.40
201569,1.56,3.91,2,14.36,13.44,8,14.54,185,0.26,0.26,1893,0.00,1.05,4,0.5000,31.50,115,8,0.00,2,5.66,8.28,7.45,14.40
201673,1.56,3.91,2,14.36,13.60,8,14.54,183,0.26,0.27,1888,0.00,1.05,4,0.5000,32.00,115,8,0.00,2,5.80,8.44,7.45,14.40
201777,2.34,3.12,2,14.36,13.44,8,14.54,183,0.27,0.26,1883,0.00,1.05,4,0.5000,32.00,115,9,0.00,2,5.80,8.37,7.45,14.50
201881,3.12,3.12,2,14.36,13.60,8,14.54,183,0.27,0.27,1899,0.00,1.05,4,0.5000,32.00,115,9,0.00,2,5.80,8.37,7.45,14.30
201985,3.91,3.12,2,14.36,13.52,8,14.54,183,0.26,0.27,1898,0.00,1.05,4,0.5000,32.00,115,10,0.00,2,5.95,8.09,6.67,14.80
202089,4.69,3.12,2,14.36,13.52,8,14.55,183,0.25,0.24,1885,0.00,1.03,4,0.5000,31.50,115,10,0.00,2,5.80,7.48,6.67,14.80
202193,4.69,3.12,2,14.36,13.52,8,14.56,183,0.24,0.23,1871,0.00,1.01,4,0.5000,31.50,115,11,0.00,2,5.51,7.21,6.67,14.90
202297,4.69,3.12,2,14.36,13.52,8,14.56,183,0.23,0.22,1904,0.00,1.00,4,0.5000,30.00,115,11,0.00,2,5.37,7.07,6.27,15.30
202400,3.91,2.34,2,14.36,13.60,8,14.57,183,0.23,0.22,1892,0.00,1.00,4,0.5000,28.50,115,12,0.00,2,5.08,6.96,6.27,14.40
202505,2.34,0.78,2,14.36,13.60,8,14.57,183,0.22,0.22,1882,0.00,1.00,4,0.5000,27.00,115,13,0.00,2,5.08,6.92,6.27,14.00
202609,0.78,0.78,2,14.36,13.52,8,14.57,183,0.22,0.22,1882,0.00,0.99,4,0.5000,25.50,115,13,0.00,2,5.08,6.89,6.27,13.70
202713,-0.78,0.78,2,14.36,13.60,10,14.57,183,0.22,0.22,1898,0.00,0.99,4,0.5000,24.00,115,14,0.00,2,4.93,6.92,6.67,13.50
202817,0.00,0.78,2,14.36,13.60,10,14.57,183,0.22,0.22,1888,0.00,0.97,4,0.5000,27.00,115,14,0.00,2,5.08,6.96,6.67,13.90
202921,0.00,0.78,2,14.36,13.52,10,14.57,183,0.22,0.22,1882,0.00,0.97,4,0.5000,30.00,115,14,0.00,2,5.08,7.25,7.06,13.00
203025,0.00,0.78,2,14.36,13.52,10,14.57,183,0.23,0.23,1889,0.00,0.97,4,0.5000,31.50,115,15,0.00,2,5.22,7.36,7.06,15.20
203129,0.00,0.78,2,14.36,13.44,10,14.57,183,0.23,0.24,1889,0.00,0.97,4,0.5000,31.00,115,15,0.00,2,5.37,7.44,7.06,15.60
203233,0.00,0.78,2,14.36,13.60,10,14.57,183,0.24,0.24,1874,0.00,0.97,4,0.5000,31.50,115,16,0.00,2,5.37,7.52,7.06,15.30
203337,0.00,0.78,2,14.36,13.60,10,14.57,183,0.24,0.24,1882,0.00,0.97,4,0.5000,31.50,115,17,0.00,2,5.51,7.63,7.45,16.40
203441,0.00,0.78,2,14.36,13.60,10,14.57,183,0.24,0.24,1887,0.00,0.97,4,0.5000,31.50,115,17,0.00,2,5.66,7.67,7.45,14.50
203545,0.00,0.78,2,14.36,13.52,10,14.57,183,0.25,0.25,1891,0.00,0.97,4,0.5000,31.00,115,18,0.00,2,5.66,7.87,7.84,14.50
203649,0.00,0.78,2,14.36,13.52,10,14.57,183,0.25,0.26,1874,0.00,0.97,4,0.5000,31.50,115,18,0.00,2,5.80,8.31,8.24,14.40
203753,0.00,0.78,2,14.36,13.60,10,14.56,183,0.26,0.27,1878,0.00,0.97,4,0.5000,32.00,115,18,0.00,2,6.24,8.84,8.63,14.40
203857,0.00,0.78,2,14.36,13.68,8,14.56,183,0.28,0.28,1901,0.00,0.99,4,0.5000,32.50,115,19,0.00,2,6.38,9.03,8.63,14.70
203961,2.34,0.78,2,14.36,13.68,8,14.56,183,0.28,0.29,1890,0.00,0.99,4,0.5000,32.50,115,19,0.00,2,6.67,9.26,9.41,14.80
204065,3.91,0.78,2,14.36,13.52,8,14.56,183,0.29,0.30,1885,0.00,0.99,4,0.5000,33.00,115,20,0.00,2,6.96,9.76,9.41,15.00
204169,7.81,0.78,2,14.36,13.52,8,14.55,183,0.31,0.32,1865,0.00,0.99,4,0.5000,33.50,115,20,0.00,2,7.25,9.94,9.41,15.60
204273,9.38,0.78,2,14.36,13.60,8,14.56,183,0.31,0.32,1880,0.00,0.99,4,0.5000,33.00,115,21,0.00,2,7.40,9.98,9.41,15.60
204377,12.50,0.78,2,14.36,13.60,8,14.56,183,0.32,0.32,1883,0.00,0.99,4,0.5000,33.50,115,21,0.00,2,7.55,9.89,9.41,15.80
204481,13.28,0.78,2,14.36,13.60,8,14.56,183,0.32,0.32,1862,0.00,0.99,4,0.5000,33.50,115,22,0.00,2,7.55,9.85,9.41,15.50
204585,13.28,0.78,3,14.36,13.52,8,14.56,183,0.32,0.33,1878,0.00,0.99,4,0.5000,34.00,115,22,0.00,2,7.69,10.99,11.37,15.40
204689,12.50,1.56,3,14.36,13.44,8,14.56,183,0.34,0.36,1887,0.00,0.99,4,0.5000,34.50,115,23,0.00,2,8.13,11.48,11.37,14.70
204793,9.38,2.34,3,14.36,13.60,8,14.56,183,0.36,0.37,1881,0.00,0.99,4,0.5000,35.00,115,23,0.00,2,8.56,11.57,11.37,14.30
204897,11.72,2.34,3,14.36,13.44,8,14.56,183,0.36,0.37,1879,0.00,0.99,4,0.5000,35.50,115,22,0.00,2,8.71,11.68,11.37,14.30
205001,14.06,3.12,3,14.36,13.60,8,14.56,183,0.37,0.37,1899,0.00,0.99,4,0.5000,35.50,115,20,0.00,2,8.71,11.57,11.37,15.50
205105,16.41,3.91,3,14.36,13.52,8,14.56,183,0.37,0.37,1905,0.00,0.99,4,0.5000,35.00,115,16,0.00,2,8.71,11.63,10.98,15.30
205209,16.41,4.69,3,14.36,13.36,8,14.56,183,0.37,0.37,1886,0.00,0.99,4,0.5000,35.50,115,12,0.00,2,8.56,11.68,10.98,15.10
205313,17.19,4.69,3,14.36,13.52,8,14.56,183,0.37,0.37,1883,0.00,0.99,4,0.5000,35.50,115,9,0.00,2,8.56,11.73,10.98,14.80
205417,17.19,5.47,3,14.36,13.52,8,14.56,183,0.37,0.37,1898,0.00,0.99,4,0.5000,35.50,115,7,0.00,2,8.42,11.68,11.37,14.40
205520,16.41,6.25,3,14.36,13.60,8,14.56,183,0.37,0.38,1903,0.00,0.99,4,0.5000,35.50,115,6,0.00,2,8.42,11.89,10.98,14.40
205625,15.62,6.25,3,14.36,13.44,8,14.56,183,0.37,0.37,1886,0.00,0.99,4,0.5000,35.50,115,5,0.00,2,8.42,11.53,10.59,14.30
205729,14.06,7.03,3,14.36,13.44,8,14.56,183,0.36,0.35,1901,0.00,0.99,4,0.5000,35.00,115,4,0.00,2,8.27,10.60,8.24,14.10
205833,12.50,7.03,2,14.36,13.44,8,14.56,183,0.34,0.31,1905,0.00,0.99,4,0.5000,34.00,115,4,0.00,2,7.40,9.41,7.84,14.10
205937,9.38,7.03,2,14.36,13.52,8,14.56,183,0.31,0.29,1886,0.00,0.99,4,0.5000,33.50,115,3,0.00,2,6.96,9.10,7.84,13.70
206041,2.34,7.03,2,14.36,13.68,8,14.55,183,0.30,0.28,1888,0.00,0.99,4,0.5000,33.00,115,2,0.00,2,6.53,9.15,7.84,13.10
206145,-0.78,6.25,2,14.36,13.44,8,14.55,183,0.29,0.29,1906,0.00,0.99,4,0.5000,32.50,115,2,0.00,2,6.38,8.97,7.84,12.90
206249,-4.69,6.25,2,14.36,13.44,8,14.56,183,0.29,0.29,1904,0.00,0.99,4,0.5000,32.50,115,1,0.00,2,6.24,8.97,7.84,12.90
206353,-5.47,5.47,2,14.36,13.44,8,14.56,183,0.28,0.28,1889,0.00,0.99,4,0.5000,32.50,115,0,0.00,2,6.09,9.06,7.84,13.10
206457,-7.03,5.47,2,14.36,13.60,8,14.56,183,0.29,0.29,1902,0.00,0.99,4,0.5000,33.00,115,0,0.00,2,6.09,9.06,8.24,13.60
206561,-7.03,5.47,2,14.36,13.52,8,14.56,183,0.29,0.29,1902,0.00,0.99,4,0.5000,32.50,115,0,0.00,2,6.24,9.32,8.63,13.90
206665,-7.03,4.69,2,14.36,13.44,8,14.56,183,0.29,0.30,1887,0.00,0.99,4,0.5000,33.00,115,0,0.00,2,6.24,9.50,9.41,14.00
206769,-6.25,4.69,3,14.36,13.52,8,14.55,183,0.31,0.32,1886,0.00,0.99,4,0.5000,33.50,115,0,0.00,2,6.53,10.85,10.59,14.30
206873,-4.69,5.47,3,14.36,13.44,8,14.56,183,0.34,0.35,1896,0.00,0.99,4,0.5000,34.50,115,0,0.00,2,7.25,11.57,11.37,14.30
206977,-1.56,5.47,3,14.36,13.68,8,14.56,183,0.36,0.37,1908,0.00,0.99,4,0.5000,35.00,115,0,0.00,2,7.84,11.94,11.37,15.30
207081,4.69,6.25,3,14.36,13.52,8,14.56,183,0.37,0.38,1892,0.00,0.99,4,0.5000,35.50,115,0,0.00,2,8.13,12.10,11.37,16.20
207185,10.94,7.03,3,14.36,13.44,8,14.56,183,0.38,0.38,1902,0.00,0.99,4,0.5000,35.50,115,0,0.00,2,8.42,12.05,11.37,16.50
207289,13.28,7.03,3,14.36,13.44,8,14.56,183,0.38,0.38,1902,0.00,0.99,4,0.5000,36.00,115,0,0.00,2,8.56,12.00,11.37,16.30
207393,13.28,7.81,3,14.36,13.44,8,14.56,183,0.38,0.39,1890,0.00,0.99,4,0.5000,36.00,115,0,0.00,2,8.56,12.05,10.98,15.70
207497,12.50,7.81,3,14.36,13.52,8,14.56,183,0.38,0.38,1889,0.00,0.99,4,0.5000,36.00,115,0,0.00,2,8.42,11.78,11.37,13.90
207601,11.72,8.59,3,14.36,13.60,8,14.56,183,0.38,0.38,1908,0.00,0.99,4,0.5000,36.00,115,0,0.00,2,8.56,12.53,11.76,14.30
207705,10.16,8.59,3,14.36,13.44,8,14.56,183,0.39,0.40,1910,0.00,0.99,4,0.5000,36.00,115,0,0.00,2,8.71,12.58,11.76,14.20
207809,10.16,8.59,3,14.36,13.44,8,14.56,183,0.39,0.39,1898,0.00,0.99,4,0.5000,36.50,115,0,0.00,2,8.85,12.74,12.16,14.50
207913,10.94,9.38,3,14.36,13.36,8,14.56,183,0.40,0.40,1913,0.00,0.99,4,0.5000,36.50,115,1,0.00,2,9.00,12.74,12.16,14.50
208017,10.94,9.38,3,14.36,13.60,8,14.56,183,0.40,0.41,1917,0.00,0.99,4,0.5000,36.50,115,1,0.00,2,9.00,12.69,12.16,14.50
208122,10.16,9.38,3,14.36,13.52,8,14.56,183,0.40,0.40,1904,0.00,0.99,4,0.5000,37.00,115,1,0.00,2,9.00,10.29,12.16,14.40
208226,10.16,10.16,3,14.36,13.52,8,14.56,183,0.40,0.40,1923,0.00,0.99,4,0.5000,37.00,115,2,0.00,2,9.00,12.85,12.16,14.40
208330,9.38,10.16,3,14.36,13.36,8,14.56,183,0.40,0.40,1926,0.00,0.99,4,0.5000,37.00,115,2,0.00,2,9.00,13.06,12.55,14.30
208434,9.38,10.16,3,14.36,13.52,8,14.56,183,0.41,0.42,1916,0.00,0.99,4,0.5000,37.50,115,2,0.00,2,9.14,13.50,13.33,14.30
208538,8.59,10.94,3,14.36,13.52,8,14.57,183,0.42,0.43,1928,0.00,0.99,4,0.5000,38.00,115,3,0.00,2,9.43,13.79,13.33,14.20
208642,10.16,10.94,3,14.36,13.52,8,14.57,183,0.43,0.43,1932,0.00,0.99,4,0.5000,38.00,115,3,0.00,2,9.72,13.85,13.33,14.50
208746,11.72,10.94,3,14.36,13.44,8,14.57,183,0.43,0.43,1918,0.00,0.99,4,0.5000,38.00,115,4,0.00,2,9.72,13.79,13.33,14.90
208850,12.50,11.72,3,14.36,13.52,8,14.57,183,0.43,0.43,1934,0.00,0.99,4,0.5000,38.50,115,4,0.00,2,9.87,13.97,13.33,14.90
208954,12.50,11.72,3,14.36,13.52,8,14.57,183,0.43,0.43,1940,0.00,0.99,4,0.5000,38.00,115,4,0.00,2,9.87,13.85,13.33,14.80
209058,11.72,11.72,3,14.36,13.52,8,14.57,183,0.43,0.43,1930,0.00,0.99,4,0.5000,38.50,115,5,0.00,2,9.87,13.97,13.33,14.50
209162,11.72,11.72,3,14.36,13.44,8,14.57,183,0.43,0.43,1947,0.00,0.99,4,0.5000,38.00,115,6,0.00,2,9.87,13.97,13.33,14.40
209266,10.94,11.72,3,14.36,13.52,8,14.57,183,0.43,0.43,1944,0.00,0.99,4,0.5000,38.50,115,6,0.00,2,9.87,13.97,13.33,14.30
209370,10.94,12.50,3,14.36,13.52,8,14.57,183,0.43,0.43,1938,0.00,0.99,4,0.5000,38.50,115,7,0.00,2,9.87,14.08,13.33,14.30
209474,10.94,12.50,3,14.36,13.44,8,14.57,183,0.43,0.43,1959,0.00,0.99,4,0.5000,38.50,115,7,0.00,2,9.87,13.97,12.94,14.40
209578,10.16,12.50,3,14.36,13.52,8,14.57,183,0.43,0.42,1943,0.00,0.99,4,0.5000,38.00,115,8,0.00,2,9.87,13.68,12.55,14.30
209682,10.16,12.50,3,14.36,13.44,8,14.56,183,0.42,0.42,1946,0.00,0.99,4,0.5000,38.50,115,8,0.00,2,9.58,13.62,12.55,14.40
209786,8.59,12.50,3,14.36,13.44,8,14.56,183,0.42,0.42,1961,0.00,0.99,4,0.5000,38.00,115,9,0.00,2,9.43,13.56,12.55,14.30
209890,7.81,12.50,3,14.36,13.44,8,14.56,183,0.42,0.42,1948,0.00,0.99,4,0.5000,38.50,115,10,0.00,2,9.43,13.73,12.94,14.10
209994,7.03,13.28,3,14.36,13.60,8,14.56,183,0.42,0.42,1966,0.00,0.99,4,0.5000,38.00,115,10,0.00,2,9.43,13.73,12.94,14.20
210098,6.25,13.28,3,14.36,13.52,8,14.56,183,0.42,0.42,1957,0.00,0.99,4,0.5000,38.00,115,10,0.00,2,9.43,13.85,12.94,14.20
210202,6.25,14.84,3,14.36,13.44,8,14.56,183,0.42,0.42,1957,0.00,0.99,4,0.5000,38.50,115,11,0.00,2,9.43,13.85,12.94,14.30
210306,5.47,14.84,3,14.36,13.52,8,14.56,183,0.42,0.42,1969,0.00,0.99,4,0.5000,38.50,115,11,0.00,2,9.58,13.79,12.94,14.40
210410,5.47,14.84,3,14.36,13.52,8,14.56,183,0.42,0.42,1969,0.00,0.99,4,0.5000,38.50,115,12,0.00,2,9.58,13.68,12.16,14.30
210514,4.69,14.84,3,14.36,13.52,8,14.56,183,0.42,0.41,1986,0.00,0.99,4,0.5000,38.00,115,13,0.00,2,9.43,13.39,12.16,14.30
210617,3.91,14.84,3,14.36,13.60,8,14.56,183,0.41,0.42,1968,0.00,0.99,4,0.5000,38.50,115,13,0.00,2,9.29,13.56,12.55,14.30
210722,3.12,14.84,3,14.36,13.44,8,14.56,183,0.40,0.39,1986,0.00,0.99,4,0.5000,37.50,115,13,0.00,2,9.29,12.16,9.80,14.20
210826,2.34,14.84,3,14.36,13.52,8,14.56,183,0.38,0.35,1986,0.00,0.99,4,0.5000,36.50,115,14,0.00,2,8.42,11.48,9.41,14.20
210930,0.00,14.84,3,14.36,13.52,8,14.56,183,0.36,0.35,1974,0.00,0.99,4,0.5000,36.50,115,15,0.00,2,7.98,11.38,9.41,13.70
211034,-5.47,14.84,3,14.36,13.60,8,14.55,183,0.35,0.34,1988,0.00,0.99,4,0.5000,36.00,115,15,0.00,2,7.69,11.38,9.80,13.20
211138,-8.59,14.84,3,14.36,13.60,8,14.55,183,0.35,0.35,1980,0.00,0.99,4,0.5000,36.50,115,15,0.00,2,7.55,11.57,10.20,13.20
211242,-10.94,14.84,3,14.36,13.44,8,14.55,183,0.35,0.35,1998,0.00,0.99,4,0.5000,36.00,113,16,0.00,2,7.84,11.63,10.20,13.40
211346,-10.94,14.84,3,14.36,13.36,8,14.55,183,0.35,0.35,1981,0.00,0.99,4,0.5000,36.50,113,17,0.00,2,7.84,11.38,9.41,13.80
211450,-9.38,14.84,3,14.36,13.52,8,14.55,183,0.34,0.33,1997,0.00,0.99,4,0.5000,36.00,113,17,0.00,2,7.69,10.99,9.41,14.20
211554,-8.59,14.84,3,14.36,13.52,8,14.55,183,0.34,0.33,1987,0.00,0.99,4,0.5000,36.00,113,18,0.00,2,7.55,10.99,9.41,13.80
211658,-8.59,14.84,3,14.36,13.44,8,14.55,183,0.33,0.33,2006,0.00,0.99,4,0.5000,35.50,113,18,0.00,2,7.55,10.89,9.41,15.00
211762,-9.38,14.84,3,14.36,13.52,8,14.55,183,0.33,0.33,2006,0.00,0.99,4,0.5000,35.50,113,18,0.00,2,7.55,10.99,9.41,14.50
211866,-9.38,14.84,3,14.36,13.44,8,14.55,183,0.33,0.33,1986,0.00,0.99,4,0.5000,35.50,113,19,0.00,2,7.55,11.19,9.41,14.50
211970,-9.38,14.84,2,14.36,13.52,8,14.55,183,0.33,0.33,1994,0.00,0.99,4,0.5000,35.00,113,19,0.00,2,7.55,9.81,7.84,14.50
212074,-8.59,14.84,2,14.36,13.60,8,14.55,183,0.30,0.28,1972,0.00,0.99,4,0.5000,34.50,113,20,0.00,2,6.96,8.97,7.06,14.20
212179,-10.16,14.06,2,14.36,13.60,8,14.55,183,0.28,0.26,2002,0.00,0.99,4,0.5000,33.50,113,20,0.00,2,6.38,8.19,6.67,14.50
212282,-13.28,13.28,2,14.36,13.36,8,14.56,183,0.26,0.24,1991,0.00,1.00,4,0.5000,33.00,113,20,0.00,2,5.95,7.95,6.67,14.20
212386,-17.97,12.50,2,14.36,13.44,8,14.56,183,0.25,0.24,1998,0.00,1.00,4,0.5000,33.00,113,21,0.00,2,5.66,7.83,6.67,13.50
212490,-23.44,11.72,2,14.36,13.44,8,14.56,183,0.24,0.24,1972,0.00,1.00,4,0.5000,33.00,113,21,0.00,2,5.66,7.75,6.67,13.20
212594,-25.00,11.72,2,14.36,13.60,8,14.56,183,0.24,0.23,2004,0.00,1.00,4,0.5000,33.00,113,21,0.00,2,5.51,7.83,6.67,13.10
212698,-25.00,10.94,2,14.36,13.60,8,14.56,183,0.24,0.24,1978,0.00,1.00,4,0.5000,33.00,113,22,0.00,2,5.51,7.79,6.67,13.30
212802,-25.00,10.16,2,14.36,13.52,8,14.56,183,0.23,0.23,1977,0.00,1.00,4,0.5000,33.00,113,21,0.00,2,5.51,7.71,6.67,13.70
212906,-25.00,10.16,2,14.36,13.52,8,14.57,183,0.23,0.23,1989,0.00,1.00,4,0.5000,33.00,113,19,0.00,2,5.51,7.36,5.88,14.00
213010,-25.00,9.38,2,14.36,13.44,8,14.57,183,0.22,0.22,1973,0.00,1.00,4,0.5000,33.00,113,15,0.00,2,5.22,7.07,5.88,14.20
213114,-24.22,9.38,2,14.36,13.60,8,14.57,183,0.22,0.22,1994,0.00,1.00,4,0.5000,33.00,113,12,0.00,2,4.93,7.07,5.88,13.60
213218,-23.44,8.59,2,14.36,13.52,8,14.57,183,0.22,0.21,1981,0.00,1.00,4,0.5000,33.00,113,8,0.00,2,4.79,7.03,6.27,15.10
213322,-21.88,8.59,2,14.36,13.36,8,14.57,183,0.21,0.21,1986,0.00,1.00,4,0.5000,32.50,113,7,0.00,2,4.79,7.07,6.27,15.30
213426,-21.09,7.81,2,14.36,13.44,8,14.57,183,0.21,0.22,1973,0.00,1.00,4,0.5000,33.00,113,5,0.00,2,4.79,7.14,6.67,15.30
213530,-20.31,7.81,2,14.36,13.52,8,14.57,183,0.22,0.22,1986,0.00,1.00,4,0.5000,33.00,113,5,0.00,2,4.79,7.14,6.67,15.40
213634,-19.53,7.03,2,14.36,13.60,8,14.57,183,0.22,0.22,1975,0.00,0.99,4,0.5000,32.50,113,4,0.00,2,4.79,7.22,6.67,15.20
213738,-18.75,7.03,2,14.36,13.60,8,14.57,183,0.22,0.22,1966,0.00,0.99,4,0.5000,32.50,113,3,0.00,2,4.79,7.29,6.67,15.10
213842,-16.41,6.25,2,14.36,13.44,8,14.57,183,0.22,0.22,1982,0.00,0.99,4,0.5000,32.50,113,3,0.00,2,4.93,7.36,7.06,15.20
213946,-14.84,6.25,2,14.36,13.44,8,14.57,183,0.22,0.23,1964,0.00,0.99,4,0.5000,32.50,113,3,0.00,2,4.93,7.52,7.45,15.30
214050,-11.72,6.25,2,14.36,13.44,8,14.57,183,0.23,0.23,1970,0.00,0.99,4,0.5000,32.50,113,2,0.00,2,5.08,7.83,7.84,15.50
214154,-8.59,5.47,2,14.36,13.52,8,14.57,183,0.24,0.25,1959,0.00,0.99,4,0.5000,32.50,113,2,0.00,2,5.37,8.23,8.24,15.90
214258,-5.47,5.47,2,14.36,13.60,8,14.56,183,0.25,0.26,1964,0.00,0.99,4,0.5000,32.50,113,2,0.00,2,5.66,8.97,8.63,15.80
214362,-1.56,5.47,2,14.36,13.52,8,14.56,183,0.27,0.28,1968,0.00,0.99,4,0.5000,33.00,113,1,0.00,2,6.09,9.19,8.63,15.80
214466,2.34,4.69,2,14.36,13.44,8,14.55,183,0.28,0.28,1944,0.00,0.99,4,0.5000,33.50,113,1,0.00,2,6.38,9.32,8.63,15.90
214570,6.25,4.69,2,14.36,13.44,8,14.55,183,0.28,0.29,1961,0.00,0.99,4,0.5000,33.50,113,1,0.00,2,6.53,9.28,8.63,15.90
214674,9.38,4.69,2,14.36,13.52,8,14.55,183,0.28,0.28,1964,0.00,0.99,4,0.5000,33.50,113,1,0.00,2,6.53,9.28,8.63,16.00
214778,8.59,4.69,2,14.36,13.52,8,14.55,183,0.28,0.29,1950,0.00,0.99,4,0.5000,33.50,113,1,0.00,2,6.53,9.32,8.63,15.70
214882,9.38,3.91,2,14.36,13.44,8,14.55,183,0.29,0.29,1961,0.00,0.99,4,0.5000,33.50,113,1,0.00,2,6.67,9.32,8.63,15.20
214986,9.38,3.91,2,14.36,13.52,8,14.55,183,0.29,0.29,1947,0.00,0.99,4,0.5000,33.50,113,1,0.00,2,6.67,9.67,9.41,14.70
215090,9.38,3.91,2,14.36,13.60,8,14.55,183,0.30,0.30,1954,0.00,0.99,4,0.5000,34.00,113,1,0.00,2,6.82,9.81,9.41,14.50
215194,9.38,3.91,2,14.36,13.52,8,14.55,183,0.30,0.30,1957,0.00,0.99,4,0.5000,34.00,113,1,0.00,2,6.96,10.03,9.41,14.60
215298,10.16,3.91,2,14.36,13.44,8,14.55,183,0.30,0.31,1940,0.00,0.99,4,0.5000,34.00,113,2,0.00,2,6.96,9.98,9.41,14.60
215402,10.94,3.91,2,14.36,13.52,8,14.55,183,0.31,0.31,1954,0.00,0.99,4,0.5000,34.00,113,1,0.00,2,7.11,10.07,9.41,15.10
215506,11.72,3.91,3,14.36,13.44,8,14.55,183,0.31,0.31,1934,0.00,0.99,4,0.5000,34.00,113,2,0.00,2,7.11,10.46,10.59,14.70
215610,11.72,4.69,3,14.36,13.52,8,14.55,183,0.32,0.33,1936,0.00,0.99,4,0.5000,35.00,113,2,0.00,2,7.40,10.94,10.59,14.60
215714,10.94,5.47,3,14.36,13.52,8,14.55,183,0.33,0.34,1947,0.00,0.99,4,0.5000,35.00,113,2,0.00,2,7.69,10.99,10.59,14.30
215818,10.94,5.47,3,14.36,13.44,8,14.56,183,0.34,0.35,1922,0.00,0.99,4,0.5000,35.00,113,3,0.00,2,7.84,10.99,10.59,14.00
215922,12.50,6.25,3,14.36,13.52,8,14.55,183,0.34,0.34,1924,0.00,0.99,4,0.5000,35.00,113,4,0.00,2,7.84,11.04,10.59,14.80
216026,13.28,6.25,3,14.36,13.44,8,14.56,183,0.34,0.35,1946,0.00,0.99,4,0.5000,35.00,113,3,0.00,2,7.84,11.28,10.59,14.90
216131,13.28,7.03,3,14.36,13.52,8,14.56,183,0.35,0.35,1931,0.00,0.99,4,0.5000,35.50,113,4,0.00,2,7.98,11.28,10.59,14.90
216234,12.50,7.81,3,14.36,13.60,8,14.56,183,0.35,0.35,1941,0.00,0.99,4,0.5000,35.50,113,5,0.00,2,7.98,11.28,10.59,14.40
216338,11.72,7.81,3,14.36,13.44,8,14.56,183,0.35,0.35,1934,0.00,0.99,4,0.5000,35.00,113,5,0.00,2,7.98,11.23,10.20,14.40
216443,11.72,7.81,3,14.36,13.44,8,14.56,183,0.34,0.34,1921,0.00,0.99,4,0.5000,35.00,113,5,0.00,2,7.98,12.68,8.63,14.30
216546,10.16,8.59,2,14.36,13.44,8,14.55,183,0.32,0.30,1935,0.00,0.99,4,0.5000,34.50,113,6,0.00,2,7.40,9.32,7.84,14.30
216650,7.81,7.81,2,14.36,13.60,8,14.55,183,0.30,0.28,1932,0.00,0.99,4,0.5000,33.50,113,7,0.00,2,6.82,8.97,7.84,14.00
216755,3.12,7.81,2,14.36,13.60,8,14.55,183,0.29,0.28,1915,0.00,0.99,4,0.5000,33.00,113,7,0.00,2,6.53,8.88,7.84,13.60
216858,-1.56,7.03,2,14.36,13.52,8,14.56,183,0.28,0.28,1930,0.00,0.99,4,0.5000,33.00,113,8,0.00,2,6.38,9.10,8.63,13.20
216962,-4.69,7.03,2,14.36,13.52,8,14.56,183,0.29,0.29,1921,0.00,0.99,4,0.5000,33.00,113,8,0.00,2,6.38,9.85,9.41,13.10
217066,-5.47,7.03,3,14.36,13.44,8,14.55,183,0.30,0.32,1906,0.00,0.99,4,0.5000,33.50,113,9,0.00,2,6.82,10.31,9.80,13.30
217170,-5.47,7.03,3,14.36,13.60,8,14.55,183,0.32,0.33,1922,0.00,0.99,4,0.5000,34.00,113,9,0.00,2,7.11,11.18,11.76,13.70
217274,-2.34,7.81,3,14.36,13.52,8,14.56,183,0.35,0.38,1918,0.00,0.91,4,0.5000,35.50,113,10,0.00,2,7.69,12.42,12.16,13.90
217379,1.56,7.81,3,14.36,13.44,8,14.56,183,0.38,0.40,1908,0.00,0.99,4,0.5000,36.00,113,10,0.00,2,8.42,12.58,12.16,15.40
217482,8.59,8.59,3,14.36,13.52,8,14.56,183,0.39,0.40,1892,0.00,0.99,4,0.5000,36.50,113,11,0.00,2,8.85,12.74,12.16,16.00
217586,10.94,8.59,3,14.36,13.44,8,14.56,183,0.40,0.40,1907,0.00,0.99,4,0.5000,36.50,113,11,0.00,2,9.00,12.74,12.16,16.20
217690,13.28,8.59,3,14.36,13.60,8,14.56,183,0.40,0.40,1898,0.00,0.99,4,0.5000,36.50,113,12,0.00,2,9.14,12.69,12.16,15.90
217794,12.50,9.38,3,14.36,13.52,8,14.56,183,0.40,0.40,1903,0.00,0.99,4,0.5000,36.50,113,13,0.00,2,9.14,12.79,12.16,15.50
217898,12.50,9.38,3,14.36,13.44,8,14.56,183,0.40,0.40,1909,0.00,0.99,4,0.5000,36.50,113,13,0.00,2,9.14,12.95,12.55,14.50
218002,11.72,10.16,3,14.36,13.52,8,14.57,183,0.41,0.42,1896,0.00,0.99,4,0.5000,36.50,113,14,0.00,2,9.29,12.95,12.16,14.40
218106,11.72,10.16,3,14.36,13.44,8,14.57,183,0.40,0.40,1884,0.00,0.99,4,0.5000,36.00,113,15,0.00,2,9.43,10.75,7.84,14.40
218210,11.72,10.16,2,14.36,13.60,8,14.56,183,0.35,0.32,1878,0.00,1.08,4,0.5000,34.50,113,15,0.00,2,8.27,9.28,7.45,14.30
218315,7.81,10.16,2,14.36,13.52,8,14.56,183,0.32,0.29,1891,0.00,0.99,4,0.5000,33.50,113,15,0.00,2,7.25,8.71,7.45,13.70
218419,0.78,9.38,2,14.36,13.60,8,14.56,183,0.29,0.28,1892,0.00,0.99,4,0.5000,33.00,113,16,0.00,2,6.67,8.58,7.45,13.00
218523,-3.12,9.38,2,14.36,13.36,8,14.56,183,0.28,0.27,1878,0.00,1.00,4,0.5000,32.00,113,16,0.00,2,6.24,8.71,7.84,12.80
218626,-8.59,8.59,2,14.36,13.52,8,14.56,183,0.28,0.29,1884,0.00,0.99,4,0.5000,32.50,113,17,0.00,2,6.24,9.41,8.63,12.80
218730,-13.28,8.59,2,14.36,13.52,8,14.56,183,0.30,0.32,1880,0.00,0.99,4,0.5000,33.00,113,17,0.00,2,6.67,9.89,9.02,12.80
218835,-14.06,7.81,2,14.36,13.60,8,14.56,183,0.31,0.32,1870,0.00,0.99,4,0.5000,33.50,113,18,0.00,2,6.82,10.03,9.02,13.10
218939,-13.28,7.81,3,14.36,13.44,8,14.56,183,0.32,0.32,1865,0.00,0.99,4,0.5000,33.00,113,18,0.00,2,7.11,9.76,8.63,14.00
219042,-11.72,7.81,2,14.36,13.52,8,14.56,183,0.31,0.31,1866,0.00,0.99,4,0.5000,33.00,113,18,0.00,2,7.11,9.23,7.06,14.70
219147,-8.59,7.81,2,14.36,13.44,8,14.56,183,0.30,0.28,1870,0.00,0.99,4,0.5000,32.00,113,19,0.00,2,6.67,8.15,6.67,15.30
219251,-7.03,7.03,2,14.36,13.68,8,14.56,185,0.27,0.26,1869,0.00,0.99,4,0.5000,31.50,113,19,0.00,2,6.24,7.60,6.27,15.30
219355,-8.59,7.03,2,14.36,13.60,8,14.56,185,0.26,0.24,1847,0.00,1.00,4,0.5000,31.00,113,20,0.00,2,5.80,7.36,5.88,15.20
219459,-10.16,6.25,2,14.36,13.52,8,14.57,185,0.25,0.24,1834,0.00,1.00,4,0.5000,31.00,113,20,0.00,2,5.51,7.11,5.88,14.40
219563,-12.50,6.25,2,14.36,13.52,8,14.57,185,0.24,0.23,1848,0.00,1.00,4,0.5000,30.50,113,20,0.00,2,5.37,6.89,5.88,13.90
219667,-14.06,6.25,2,14.36,13.44,8,14.57,185,0.23,0.23,1827,0.00,1.00,4,0.5000,31.00,113,21,0.00,2,5.08,6.85,5.88,13.50
219770,-15.62,5.47,2,14.36,13.60,8,14.57,185,0.23,0.22,1851,0.00,1.00,4,0.5000,30.50,113,20,0.00,2,5.08,6.92,6.67,13.40
219875,-17.19,5.47,2,14.36,13.60,8,14.57,185,0.23,0.24,1808,0.00,1.00,4,0.5000,30.50,113,19,0.00,2,5.08,7.32,6.67,13.30
219979,-21.88,5.47,2,14.36,13.52,8,14.57,185,0.24,0.24,1818,0.00,0.99,4,0.5000,30.50,113,16,0.00,2,5.22,7.60,7.45,13.40
220083,-21.88,4.69,2,14.36,13.44,8,14.57,185,0.25,0.25,1805,0.00,0.99,4,0.5000,30.50,113,12,0.00,2,5.37,7.87,7.45,13.40
220187,-21.09,4.69,2,14.36,13.52,8,14.57,185,0.25,0.26,1826,0.00,0.99,4,0.5000,30.50,113,9,0.00,2,5.37,7.83,7.45,13.80
220290,-17.97,4.69,2,14.36,13.60,8,14.57,185,0.26,0.26,1822,0.00,0.99,4,0.5000,30.50,113,7,0.00,2,5.51,7.87,7.06,14.10
220395,-10.94,4.69,2,14.36,13.52,8,14.57,185,0.26,0.26,1824,0.00,0.99,4,0.5000,30.50,113,6,0.00,2,5.51,7.83,7.45,15.90
220499,-7.03,3.91,2,14.36,13.60,8,14.57,185,0.26,0.26,1796,0.00,0.99,4,0.5000,30.50,113,5,0.00,2,5.51,7.83,7.06,15.90
220603,-3.91,3.91,2,14.36,13.44,8,14.57,185,0.26,0.26,1800,0.00,0.99,4,0.5000,30.50,113,4,0.00,2,5.51,7.79,7.06,16.10
220707,-2.34,3.91,2,14.36,13.44,8,14.57,185,0.26,0.26,1788,0.00,0.99,4,0.5000,30.50,113,4,0.00,2,5.51,7.83,7.06,15.90
220811,-2.34,3.91,2,14.36,13.60,8,14.57,185,0.26,0.26,1786,0.00,0.99,4,0.5000,30.50,113,3,0.00,2,5.51,7.79,7.06,15.30
220915,-3.12,3.91,2,14.36,13.52,8,14.57,185,0.26,0.26,1785,0.00,0.99,4,0.5000,30.50,113,2,0.00,2,5.66,7.75,7.45,15.00
221019,-3.12,3.12,2,14.36,13.52,8,14.57,185,0.26,0.26,1791,0.00,0.99,4,0.5000,30.50,113,2,0.00,2,5.51,8.11,7.45,15.80
221123,-3.12,3.12,2,14.36,13.52,8,14.57,185,0.27,0.27,1787,0.00,0.99,4,0.5000,30.50,113,2,0.00,2,5.80,8.07,7.45,14.40
221227,-3.91,3.12,2,14.36,13.52,8,14.57,185,0.27,0.27,1792,0.00,0.99,4,0.5000,30.50,113,1,0.00,2,5.80,8.15,7.45,14.40
221330,-3.91,3.12,2,14.36,13.52,8,14.57,185,0.27,0.28,1785,0.00,0.99,4,0.5000,30.50,113,1,0.00,2,5.95,8.15,7.45,14.50
221435,-2.34,3.12,2,14.36,13.52,8,14.57,185,0.28,0.28,1774,0.00,0.99,4,0.5000,30.50,113,0,0.00,2,5.95,8.15,7.45,14.40
221539,-1.56,3.12,2,14.36,13.60,8,14.57,185,0.28,0.28,1774,0.00,0.99,4,0.5000,30.50,113,0,0.00,2,5.95,8.15,7.45,14.90
221643,-0.78,2.34,2,14.36,13.52,8,14.57,185,0.28,0.28,1759,0.00,0.99,4,0.5000,30.50,113,0,0.00,2,5.95,8.23,7.45,14.80
221747,-0.78,0.78,2,14.36,13.60,8,14.57,185,0.28,0.28,1755,0.00,0.99,4,0.5000,30.50,113,0,0.00,2,5.95,8.15,7.45,14.80
221851,0.00,0.78,2,14.36,13.60,8,14.57,185,0.28,0.28,1748,0.00,0.99,4,0.5000,30.50,113,0,0.00,2,5.95,8.19,7.45,14.80
221955,0.00,0.78,2,14.36,13.52,8,14.57,185,0.28,0.28,1750,0.00,0.99,4,0.5000,30.00,113,0,0.00,2,6.09,8.19,7.45,14.80
222059,0.78,0.78,2,14.36,13.52,8,14.57,185,0.28,0.28,1744,0.00,0.99,4,0.5000,30.50,113,0,0.00,2,6.09,8.11,7.45,14.80
222163,1.56,0.78,2,14.36,13.44,8,14.57,185,0.28,0.28,1741,0.00,0.99,4,0.5000,30.00,113,0,0.00,2,6.09,8.15,7.45,14.80
222267,1.56,0.78,2,14.36,13.52,8,14.57,185,0.28,0.28,1736,0.00,0.99,4,0.5000,30.00,113,0,0.00,2,6.09,8.07,7.45,14.80
222371,1.56,0.78,2,14.36,13.52,8,14.57,185,0.28,0.27,1734,0.00,0.99,4,0.5000,30.00,113,0,0.00,2,5.95,7.75,7.06,14.70
222475,2.34,0.78,2,14.36,13.44,8,14.57,185,0.27,0.26,1732,0.00,0.99,4,0.5000,29.50,113,0,0.00,2,5.80,7.36,6.27,14.70
222579,0.78,0.78,2,14.36,13.44,8,14.57,185,0.26,0.25,1728,0.00,0.99,4,0.5000,29.00,113,0,0.00,2,5.51,7.07,6.27,14.70
222683,0.00,0.78,2,14.36,13.36,8,14.57,185,0.25,0.24,1724,0.00,0.99,4,0.5000,29.00,113,0,0.00,2,5.37,6.96,6.27,14.40
222787,-2.34,0.78,2,14.36,13.52,8,14.57,185,0.25,0.24,1721,0.00,0.99,4,0.5000,29.00,113,0,0.00,2,5.22,6.96,6.27,14.30
222890,-3.91,0.78,2,14.36,13.52,8,14.57,185,0.24,0.24,1717,0.00,0.99,4,0.5000,29.00,111,0,0.00,2,5.22,6.93,6.27,14.00
222995,-6.25,0.78,2,14.36,13.44,8,14.57,185,0.24,0.24,1715,0.00,0.99,4,0.5000,29.00,111,0,0.00,2,5.08,6.93,6.27,13.90
223099,-7.03,0.78,2,14.36,13.52,8,14.57,185,0.24,0.24,1708,0.00,0.99,4,0.5000,28.50,111,1,0.00,2,5.08,6.85,6.27,13.90
223202,-7.81,0.78,2,14.36,13.44,8,14.57,185,0.24,0.24,1706,0.00,0.99,4,0.5000,28.50,111,1,0.00,2,5.08,6.81,5.88,13.90
223307,-7.81,0.78,2,14.36,13.60,8,14.57,185,0.24,0.24,1706,0.00,0.99,4,0.5000,28.50,111,1,0.00,2,4.93,6.63,5.88,14.00
223411,-7.81,0.78,2,14.36,13.52,8,14.57,185,0.24,0.24,1692,0.00,0.99,4,0.5000,28.50,111,1,0.00,2,4.93,6.60,5.49,14.30
223515,-8.59,0.78,2,14.36,13.52,8,14.57,185,0.23,0.23,1706,0.00,0.99,4,0.5000,28.50,111,2,0.00,2,4.93,6.45,5.49,14.20
223619,-8.59,0.78,2,14.36,13.52,8,14.57,185,0.23,0.22,1700,0.00,0.99,4,0.5000,27.00,111,2,0.00,2,4.79,6.34,5.49,14.30
223723,-9.38,0.78,2,14.36,13.36,8,14.57,185,0.23,0.22,1687,0.00,0.99,4,0.5000,25.50,111,2,0.00,2,4.79,6.28,5.10,14.30
223826,0.00,0.78,2,14.36,13.60,10,14.57,185,0.22,0.22,1691,0.00,0.99,4,0.5000,24.50,111,3,0.00,2,4.64,6.25,5.49,13.70
223931,0.00,0.78,2,14.36,13.52,10,14.57,185,0.22,0.22,1703,0.00,0.99,4,0.5000,23.00,111,3,0.00,2,4.64,6.25,5.49,15.30
224035,0.00,0.78,2,14.36,13.52,10,14.57,185,0.22,0.22,1696,0.00,1.01,4,0.5000,22.00,111,3,0.00,2,4.79,6.25,5.10,15.70
224138,0.00,0.78,2,14.36,13.52,10,14.57,185,0.22,0.22,1695,0.00,1.01,4,0.5000,21.50,111,3,0.00,2,4.64,6.32,5.49,16.60
224243,0.00,0.78,2,14.36,13.52,10,14.57,185,0.22,0.22,1690,0.00,1.02,4,0.5000,21.50,111,4,0.00,2,4.79,6.32,5.10,17.90
224347,0.00,0.78,2,14.36,13.68,10,14.57,185,0.23,0.23,1685,0.00,1.02,4,0.5000,22.00,111,4,0.00,2,4.79,6.35,5.49,20.60
224451,0.00,0.78,2,14.36,13.60,10,14.57,185,0.23,0.23,1672,0.00,1.02,4,0.5000,22.00,111,5,0.00,2,4.79,6.35,5.10,25.00
224555,0.00,0.78,2,14.36,13.36,10,14.57,185,0.23,0.23,1670,0.00,1.02,4,0.5000,21.50,111,5,0.00,2,4.79,6.39,5.10,33.30
224659,0.00,0.78,2,14.36,13.52,10,14.57,185,0.23,0.23,1664,0.00,1.02,4,0.5000,21.50,111,6,0.00,2,4.93,6.46,5.10,48.10
224763,0.00,0.78,2,14.36,13.52,10,14.57,185,0.23,0.23,1661,0.00,1.02,4,0.5000,21.50,111,6,0.00,2,4.93,6.43,5.49,67.50
224867,0.00,0.78,2,14.36,13.60,10,14.57,185,0.23,0.23,1660,0.00,1.02,4,0.5000,21.50,111,7,0.00,2,4.93,6.47,5.10,80.10
224971,0.00,0.78,2,14.36,13.60,10,14.57,185,0.23,0.23,1675,0.00,1.02,4,0.5000,21.00,111,7,0.00,2,4.93,6.47,5.10,89.60
225075,0.00,0.78,2,14.36,13.52,10,14.57,185,0.23,0.24,1669,0.00,1.02,4,0.5000,21.50,111,7,0.00,2,4.93,6.54,5.10,96.00
225179,0.00,0.78,2,14.36,13.44,10,14.57,185,0.23,0.23,1666,0.00,1.02,4,0.5000,21.50,111,8,0.00,2,4.93,6.51,5.10,96.00
225282,0.00,0.78,2,14.36,13.60,10,14.57,185,0.23,0.23,1664,0.00,1.02,4,0.5000,21.50,111,8,0.00,2,4.93,6.43,5.10,96.00
225387,0.00,0.78,2,14.36,13.60,10,14.57,185,0.23,0.23,1650,0.00,1.02,4,0.5000,21.50,111,9,0.00,2,4.93,6.47,5.10,96.00
225491,0.00,0.78,2,14.36,13.52,10,14.57,185,0.23,0.24,1649,0.00,1.02,4,0.5000,21.00,111,9,0.00,2,4.93,6.51,5.10,96.00
225595,0.00,0.78,2,14.36,13.52,10,14.57,185,0.24,0.24,1646,0.00,1.02,4,0.5000,21.00,111,9,0.00,2,4.93,6.51,5.10,96.00
225699,0.00,0.78,2,14.36,13.44,10,14.57,185,0.24,0.24,1644,0.00,1.02,4,0.5000,21.00,111,9,0.00,2,4.93,6.51,5.10,99.90
225803,0.00,0.78,2,14.36,13.44,10,14.57,185,0.24,0.24,1653,0.00,1.02,4,0.5000,21.00,111,10,0.00,2,4.93,6.48,5.10,99.90
225907,0.00,0.78,2,14.36,13.60,10,14.57,185,0.24,0.24,1652,0.00,1.02,4,0.5000,21.00,111,10,0.00,2,5.08,6.55,5.10,99.90
226011,0.00,0.78,2,14.36,13.60,10,14.57,185,0.24,0.24,1650,0.00,1.02,4,0.5000,21.00,111,11,0.00,2,5.08,6.51,5.10,99.90
226115,0.00,0.78,2,14.36,13.52,10,14.57,185,0.24,0.24,1636,0.00,1.02,4,0.5000,21.00,111,11,0.00,2,5.08,6.44,5.10,99.90
226219,0.00,0.78,2,14.36,13.44,10,14.57,185,0.24,0.23,1634,0.00,1.01,4,0.5000,21.00,111,11,0.00,2,5.08,6.40,5.10,99.90
226323,0.00,0.78,2,14.36,13.52,10,14.57,185,0.23,0.23,1632,0.00,1.01,4,0.5000,20.50,111,12,0.00,2,4.93,6.36,5.10,99.90
226427,0.00,0.78,2,14.36,13.60,10,14.57,185,0.23,0.23,1628,0.00,1.00,4,0.5000,20.50,111,12,0.00,2,4.93,6.34,5.10,99.90
226531,0.00,0.78,2,14.36,13.52,10,14.57,185,0.23,0.23,1644,0.00,1.00,4,0.5000,21.00,111,13,0.00,2,4.93,6.34,5.10,99.90
226635,0.00,0.78,2,14.36,13.60,10,14.57,185,0.23,0.23,1646,0.00,0.99,4,0.5000,21.00,111,13,0.00,2,4.93,6.42,5.10,99.90
226739,0.00,0.78,2,14.36,13.52,10,14.57,185,0.23,0.23,1644,0.00,0.99,4,0.5000,21.00,111,13,0.00,2,4.93,6.42,5.10,99.90
226843,0.00,0.78,2,14.36,13.52,10,14.57,185,0.23,0.23,1628,0.00,0.99,4,0.5000,20.50,111,14,0.00,2,4.93,6.42,5.10,99.90
226947,0.00,0.78,2,14.36,13.60,10,14.57,185,0.23,0.24,1626,0.00,0.99,4,0.5000,20.50,111,14,0.00,2,4.93,6.34,5.10,99.90
227051,0.00,0.78,2,14.36,13.60,10,14.57,185,0.23,0.23,1624,0.00,0.99,4,0.5000,20.50,111,14,0.00,2,4.93,6.31,5.10,99.90
227155,0.00,0.78,2,14.36,13.60,10,14.57,185,0.23,0.23,1638,0.00,0.99,4,0.5000,21.00,111,15,0.00,2,4.93,6.31,5.10,99.90
227259,0.00,0.78,2,14.36,13.52,10,14.57,185,0.23,0.23,1638,0.00,0.99,4,0.5000,21.00,111,15,0.00,2,4.93,6.34,5.10,99.90
227363,0.00,0.78,2,14.36,13.60,10,14.57,185,0.23,0.23,1622,0.00,0.99,4,0.5000,20.50,111,16,0.00,2,4.93,6.31,5.10,99.90
227467,0.00,0.78,2,14.36,13.68,10,14.57,185,0.23,0.23,1620,0.00,0.99,4,0.5000,20.50,111,16,0.00,2,4.93,6.34,5.10,99.90
227572,0.00,0.78,2,14.36,13.52,10,14.57,185,0.23,0.23,1618,0.00,0.99,4,0.5000,20.50,111,17,0.00,2,5.08,6.31,5.10,99.90
227675,0.00,0.78,2,14.36,13.60,10,14.57,185,0.23,0.23,1636,0.00,0.99,4,0.5000,20.50,111,17,0.00,2,5.08,6.34,5.10,99.90
227779,0.00,0.78,2,14.36,13.52,10,14.57,185,0.23,0.23,1634,0.00,0.99,4,0.5000,20.50,111,17,0.00,2,5.08,6.31,5.10,99.90
227883,0.00,0.78,2,14.36,13.60,10,14.57,185,0.23,0.23,1634,0.00,0.99,4,0.5000,20.50,111,18,0.00,2,5.08,6.34,5.10,99.90
227987,0.00,0.78,2,14.36,13.52,10,14.57,185,0.23,0.23,1618,0.00,0.99,4,0.5000,20.50,111,18,0.00,2,5.08,6.34,5.10,99.90
228091,0.00,0.78,2,14.36,13.68,10,14.57,185,0.23,0.24,1615,0.00,0.99,4,0.5000,20.50,111,18,0.00,2,5.08,6.34,5.10,99.90
228195,0.00,0.78,2,14.36,13.60,10,14.57,185,0.23,0.24,1614,0.00,0.99,4,0.5000,20.50,111,18,0.00,2,5.08,6.34,5.10,99.90
228299,0.00,0.78,2,14.36,13.52,10,14.57,185,0.23,0.24,1626,0.00,0.99,4,0.5000,20.50,111,19,0.00,2,5.08,6.34,5.10,99.90
228404,0.00,0.78,2,14.36,13.68,10,14.57,185,0.23,0.23,1625,0.00,0.99,4,0.5000,20.50,111,19,0.00,2,5.08,6.34,5.10,99.90
228507,0.00,0.78,2,14.36,13.60,10,14.57,185,0.23,0.23,1610,0.00,0.99,4,0.5000,20.50,111,19,0.00,2,5.08,6.34,5.10,99.90
228611,0.00,0.78,2,14.36,13.60,10,14.57,185,0.23,0.24,1607,0.00,0.99,4,0.5000,20.50,111,20,0.00,2,5.08,6.27,5.10,99.90
228715,0.00,0.78,2,14.36,13.60,10,14.57,185,0.23,0.23,1606,0.00,0.99,4,0.5000,20.50,111,20,0.00,2,5.08,6.23,5.10,99.90
228820,0.00,0.78,2,14.36,13.60,10,14.57,185,0.23,0.23,1623,0.00,0.99,4,0.5000,20.50,111,20,0.00,2,5.22,6.31,5.10,99.90
228923,0.00,0.78,2,14.36,13.60,10,14.57,185,0.23,0.23,1625,0.00,0.99,4,0.5000,20.50,111,21,0.00,2,5.08,6.27,5.10,99.90
229028,0.00,0.78,2,14.36,13.60,10,14.57,185,0.23,0.23,1610,0.00,0.99,4,0.5000,20.00,111,21,0.00,2,5.22,6.27,5.10,99.90
229132,0.00,0.78,2,14.36,13.60,10,14.57,185,0.23,0.23,1607,0.00,0.99,4,0.5000,20.00,111,21,0.00,2,5.08,6.27,5.10,99.90
229236,0.00,0.78,2,14.36,13.60,10,14.57,185,0.23,0.23,1606,0.00,0.99,4,0.5000,20.00,111,21,0.00,2,5.08,6.27,5.10,99.90
229339,0.00,0.78,2,14.36,13.60,10,14.57,185,0.23,0.23,1617,0.00,0.99,4,0.5000,20.50,111,20,0.00,2,5.22,6.27,5.10,99.90
229443,0.00,0.78,2,14.36,13.68,10,14.57,185,0.23,0.23,1616,0.00,0.99,4,0.5000,20.50,111,17,0.00,2,5.08,6.23,5.10,99.90
229548,0.00,0.78,2,14.36,13.52,10,14.57,185,0.23,0.23,1601,0.00,0.99,4,0.5000,20.00,111,12,0.00,2,5.08,6.23,4.71,99.90
229652,0.00,0.78,2,14.36,13.60,10,14.58,185,0.23,0.23,1599,0.00,0.99,4,0.5000,20.00,111,9,0.00,2,4.93,6.23,5.10,99.90
229755,0.00,0.78,2,14.36,13.60,10,14.58,185,0.23,0.23,1611,0.00,0.99,4,0.5000,20.50,111,7,0.00,2,4.93,6.27,5.10,99.90
229860,0.00,0.78,2,14.36,13.60,10,14.57,185,0.23,0.23,1610,0.00,0.99,4,0.5000,20.50,111,5,0.00,2,4.79,6.23,5.10,99.90
229963,0.00,0.78,2,14.36,13.60,10,14.57,185,0.23,0.23,1610,0.00,0.99,4,0.5000,20.50,111,5,0.00,2,4.79,6.27,5.10,99.90
230068,0.00,0.78,2,14.36,13.60,10,14.58,185,0.23,0.23,1597,0.00,0.99,4,0.5000,20.00,111,3,0.00,2,4.79,6.27,4.71,99.90
230172,0.00,0.78,2,14.36,13.60,10,14.58,185,0.23,0.23,1596,0.00,0.99,4,0.5000,20.00,111,3,0.00,2,4.79,6.20,5.10,99.90
230276,0.00,0.78,2,14.36,13.60,10,14.57,185,0.23,0.23,1608,0.00,0.99,4,0.5000,20.00,111,2,0.00,2,4.79,6.23,4.71,99.90
230380,0.00,0.78,2,14.36,13.60,10,14.57,185,0.23,0.23,1607,0.00,0.99,4,0.5000,20.00,111,1,0.00,2,4.79,6.23,5.10,99.90
230486,0.00,0.78,2,14.36,13.60,10,14.57,185,0.23,0.23,1592,0.00,0.99,4,0.5000,20.00,111,1,0.00,2,4.79,6.20,4.71,99.90
230587,0.00,0.78,2,14.36,13.68,10,14.58,185,0.23,0.23,1592,0.00,0.99,4,0.5000,20.00,111,0,0.00,2,4.79,6.20,5.10,99.90
230692,0.00,0.78,2,14.36,13.52,10,14.58,185,0.23,0.23,1601,0.00,0.99,4,0.5000,20.00,111,0,0.00,2,4.79,6.20,4.71,99.90
230796,0.00,0.78,2,14.36,13.60,10,14.58,185,0.23,0.23,1599,0.00,0.99,4,0.5000,20.00,111,0,0.00,2,4.79,6.23,4.71,99.90
230899,0.00,0.78,2,14.36,13.60,10,14.58,185,0.23,0.23,1586,0.00,0.99,4,0.5000,20.00,111,0,0.00,2,4.79,6.20,4.71,99.90
231004,0.00,0.78,2,14.36,13.68,10,14.58,185,0.23,0.24,1582,0.00,0.99,4,0.5000,20.00,111,0,0.00,2,4.79,6.20,5.10,99.90
231108,0.00,0.78,2,14.36,13.60,10,14.58,185,0.23,0.24,1595,0.00,0.99,4,0.5000,20.00,111,0,0.00,2,4.79,6.20,4.71,99.90
231212,0.00,0.78,2,14.36,13.60,10,14.58,185,0.23,0.23,1594,0.00,0.99,4,0.5000,20.00,111,0,0.00,2,4.79,6.23,4.71,99.90
231315,0.00,0.78,2,14.36,13.52,10,14.58,185,0.23,0.23,1578,0.00,0.99,4,0.5000,20.00,111,0,0.00,2,4.79,6.20,4.71,99.90
231420,0.00,0.78,2,14.36,13.60,10,14.58,185,0.23,0.24,1575,0.00,0.99,4,0.5000,20.00,111,0,0.00,2,4.79,6.20,4.71,99.90
231524,0.00,0.78,2,14.36,13.60,10,14.58,185,0.23,0.24,1585,0.00,0.99,4,0.5000,20.00,111,0,0.00,2,4.79,6.17,4.71,99.90
231628,0.00,0.78,2,14.36,13.68,10,14.58,185,0.23,0.23,1582,0.00,0.99,4,0.5000,20.00,111,0,0.00,2,4.79,6.14,4.71,99.90
231732,0.00,0.78,2,14.36,13.52,10,14.58,185,0.23,0.23,1567,0.00,0.99,4,0.5000,19.50,111,0,0.00,2,4.79,6.17,4.71,99.90
231836,0.00,0.78,2,14.36,13.52,10,14.58,185,0.24,0.24,1564,0.00,0.99,4,0.5000,19.50,111,0,0.00,2,4.79,6.20,4.71,99.90
231940,0.00,0.78,2,14.36,13.60,10,14.58,185,0.24,0.24,1575,0.00,0.99,4,0.5000,20.00,111,0,0.00,2,4.79,6.17,4.71,99.90
232044,0.00,0.78,2,14.36,13.68,10,14.58,185,0.24,0.24,1572,0.00,0.99,4,0.5000,20.00,111,0,0.00,2,4.79,6.14,4.71,99.90
232147,0.00,0.78,2,14.36,13.68,10,14.58,185,0.24,0.23,1558,0.00,0.99,4,0.5000,19.50,111,0,0.00,2,4.79,6.14,4.71,99.90
232252,0.00,0.78,2,14.36,13.60,10,14.58,185,0.24,0.24,1568,0.00,0.99,4,0.5000,19.50,111,0,0.00,2,4.79,6.14,4.71,99.90
232356,0.00,0.78,2,14.36,13.52,10,14.58,185,0.24,0.23,1562,0.00,0.99,4,0.5000,19.50,111,0,0.00,2,4.79,6.14,4.71,99.90
232460,0.00,0.78,2,14.36,13.52,10,14.58,185,0.24,0.24,1546,0.00,0.99,4,0.5000,19.50,111,0,0.00,2,4.79,6.14,4.71,99.90
232564,0.00,0.78,2,14.36,13.60,10,14.58,185,0.24,0.24,1548,0.00,0.99,4,0.5000,19.50,111,0,0.00,2,4.79,6.11,4.71,99.90
232668,0.00,0.78,2,14.36,13.68,10,14.58,185,0.24,0.24,1557,0.00,0.99,4,0.5000,19.50,111,0,0.00,2,4.79,6.07,4.71,99.90
232772,0.00,0.78,2,14.36,13.60,10,14.58,185,0.24,0.24,1541,0.00,0.99,4,0.5000,19.50,111,0,0.00,2,4.79,6.14,4.71,99.90
232876,0.00,0.78,2,14.36,13.52,10,14.58,185,0.24,0.24,1542,0.00,0.99,4,0.5000,19.50,111,0,0.00,2,4.79,6.11,4.71,99.90
232980,0.00,0.78,2,14.36,13.60,10,14.58,185,0.24,0.24,1550,0.00,0.99,4,0.5000,19.50,111,0,0.00,2,4.79,6.11,4.71,99.90
233084,0.00,0.78,2,14.36,13.60,10,14.58,185,0.24,0.24,1534,0.00,0.99,4,0.5000,19.50,111,1,0.00,2,4.79,6.07,4.71,99.90
233188,0.00,0.78,2,14.36,13.68,10,14.58,185,0.24,0.24,1533,0.00,0.99,4,0.5000,19.50,111,1,0.00,2,4.79,6.07,4.71,99.90
233292,0.00,0.78,2,14.36,13.68,10,14.58,185,0.24,0.24,1541,0.00,0.99,4,0.5000,19.50,111,1,0.00,2,4.79,6.07,4.71,99.90
233396,0.00,0.78,2,14.36,13.44,10,14.58,185,0.24,0.24,1529,0.00,0.99,4,0.5000,19.50,111,1,0.00,2,4.79,6.07,4.71,99.90
233500,0.00,0.78,2,14.36,13.60,10,14.58,185,0.24,0.24,1526,0.00,0.99,4,0.5000,19.50,111,1,0.00,2,4.79,6.04,4.71,99.90
233604,0.00,0.78,2,14.36,13.60,10,14.58,185,0.24,0.24,1533,0.00,0.99,4,0.5000,19.50,111,1,0.00,2,4.79,6.04,4.71,99.90
233708,0.00,0.78,2,14.36,13.60,10,14.58,185,0.24,0.24,1520,0.00,0.99,4,0.5000,19.00,111,2,0.00,2,4.79,6.01,4.71,99.90
233812,0.00,0.78,2,14.36,13.68,10,14.58,185,0.24,0.24,1517,0.00,0.99,4,0.5000,19.50,111,2,0.00,2,4.79,6.01,4.71,99.90
233916,0.00,0.78,2,14.36,13.52,10,14.58,185,0.24,0.24,1528,0.00,0.99,4,0.5000,19.50,111,2,0.00,2,4.79,6.01,4.71,99.90
234020,0.00,0.78,2,14.36,13.52,10,14.58,185,0.24,0.24,1510,0.00,0.99,4,0.5000,19.00,111,3,0.00,2,4.79,6.04,4.71,99.90
234124,0.00,0.78,2,14.36,13.60,10,14.58,185,0.24,0.24,1519,0.00,0.99,4,0.5000,19.50,111,3,0.00,2,4.79,6.01,4.71,99.90
234228,0.00,0.78,2,14.36,13.68,10,14.58,185,0.24,0.24,1518,0.00,0.99,4,0.5000,19.00,111,3,0.00,2,4.79,6.01,4.71,99.90
234332,0.00,0.78,2,14.36,13.60,10,14.58,185,0.24,0.24,1505,0.00,0.99,4,0.5000,19.00,111,3,0.00,2,4.79,6.01,4.71,99.90
234436,0.00,0.78,2,14.36,13.52,10,14.58,185,0.24,0.24,1515,0.00,0.99,4,0.5000,19.00,111,4,0.00,2,4.79,6.01,4.71,99.90
234540,0.00,0.78,2,14.36,13.52,10,14.58,185,0.24,0.24,1498,0.00,0.99,4,0.5000,19.00,111,3,0.00,2,4.79,6.01,4.71,99.90
234644,0.00,0.78,2,14.36,13.60,10,14.58,185,0.24,0.24,1495,0.00,0.99,4,0.5000,19.00,111,4,0.00,2,4.79,6.01,4.71,99.90
234748,0.00,0.78,2,14.36,13.68,10,14.58,185,0.24,0.24,1505,0.00,0.99,4,0.5000,19.00,111,4,0.00,2,4.79,5.98,4.71,99.90
234852,0.00,0.78,2,14.36,13.60,10,14.58,185,0.24,0.24,1489,0.00,0.99,4,0.5000,19.00,111,4,0.00,2,4.79,5.98,4.71,99.90
234956,0.00,0.78,2,14.36,13.60,10,14.58,185,0.24,0.24,1500,0.00,0.99,4,0.5000,19.00,111,4,0.00,2,4.79,5.94,4.71,99.90
235060,0.00,0.78,2,14.36,13.60,10,14.58,185,0.24,0.24,1485,0.00,0.99,4,0.5000,19.00,111,5,0.00,2,4.79,5.94,4.71,99.90
235164,0.00,0.78,2,14.36,13.52,10,14.58,185,0.24,0.24,1493,0.00,0.99,4,0.5000,19.00,111,5,0.00,2,4.79,5.94,4.71,99.90
235268,0.00,0.78,2,14.36,13.68,10,14.58,185,0.24,0.24,1489,0.00,0.99,4,0.5000,19.00,111,5,0.00,2,4.79,5.98,4.71,99.90
235372,0.00,0.78,2,14.36,13.60,10,14.58,185,0.24,0.24,1472,0.00,0.99,4,0.5000,19.00,111,6,0.00,2,4.79,5.94,4.71,99.90
235476,0.00,0.78,2,14.36,13.60,10,14.58,185,0.24,0.24,1481,0.00,0.99,4,0.5000,19.00,111,6,0.00,2,4.79,5.94,4.71,99.90
235580,0.00,0.78,2,14.36,13.68,10,14.59,185,0.24,0.24,1468,0.00,0.99,4,0.5000,18.50,111,6,0.00,2,4.79,5.94,4.71,99.90
235684,0.00,0.78,2,14.36,13.60,10,14.58,185,0.24,0.24,1479,0.00,0.99,4,0.5000,18.50,111,6,0.00,2,4.79,5.91,4.71,99.90
235788,0.00,0.78,2,14.36,13.60,10,14.59,185,0.24,0.24,1462,0.00,0.99,4,0.5000,18.50,111,7,0.00,2,4.79,5.85,4.71,99.90
235892,0.00,0.78,2,14.36,13.60,10,14.58,185,0.24,0.24,1471,0.00,0.99,4,0.5000,18.50,111,7,0.00,2,4.79,5.88,4.71,99.90
235996,0.00,0.78,2,14.36,13.52,10,14.59,185,0.24,0.24,1452,0.00,0.99,4,0.5000,18.50,111,7,0.00,2,4.79,5.88,4.71,99.90
236100,0.00,0.78,2,14.36,13.60,10,14.59,185,0.24,0.24,1462,0.00,0.99,4,0.5000,18.50,111,7,0.00,2,4.79,5.88,4.71,99.90
236204,0.00,0.78,2,14.36,13.52,10,14.59,185,0.24,0.24,1448,0.00,0.99,4,0.5000,18.50,111,8,0.00,2,4.79,5.85,4.71,99.90
236308,0.00,0.78,2,14.36,13.52,10,14.59,185,0.24,0.24,1461,0.00,0.99,4,0.5000,18.50,111,8,0.00,2,4.79,5.85,4.71,99.90
236411,0.00,0.78,2,14.36,13.52,10,14.59,185,0.24,0.24,1445,0.00,0.99,4,0.5000,18.50,111,8,0.00,2,4.79,5.88,4.71,99.90
236516,0.00,0.78,2,14.36,13.52,10,14.59,185,0.24,0.24,1448,0.00,0.99,4,0.5000,18.50,111,8,0.00,2,4.79,5.82,4.71,99.90
236620,0.00,0.78,2,14.36,13.60,10,14.59,185,0.24,0.24,1431,0.00,0.99,4,0.5000,18.50,111,9,0.00,2,4.79,5.85,4.71,99.90
236724,0.00,0.78,2,14.36,13.52,10,14.59,185,0.24,0.24,1442,0.00,0.99,4,0.5000,18.50,111,9,0.00,2,4.79,5.78,4.31,99.90
236827,0.00,0.78,2,14.36,13.52,10,14.59,183,0.24,0.24,1427,0.00,0.97,4,0.5000,20.50,111,9,0.00,2,4.79,5.75,4.71,99.90
236932,0.00,0.78,2,14.36,13.52,10,14.59,183,0.24,0.24,1435,0.00,0.97,4,0.5000,23.50,111,9,0.00,2,4.93,5.82,4.71,99.90
237036,0.00,0.78,2,14.36,13.52,10,14.59,183,0.24,0.24,1453,0.00,0.97,4,0.5000,24.50,111,10,0.00,2,4.93,5.98,5.10,99.90
237140,0.00,0.78,2,14.36,13.68,10,14.59,183,0.25,0.26,1406,0.00,0.97,4,0.5000,25.00,111,10,0.00,2,4.93,6.01,5.10,99.90
237244,0.00,0.78,2,14.36,13.60,10,14.59,183,0.25,0.25,1432,0.00,0.97,4,0.5000,24.50,111,10,0.00,2,5.08,5.98,5.10,96.00
237348,0.00,0.78,2,14.36,13.60,10,14.59,183,0.25,0.26,1416,0.00,0.97,4,0.5000,25.00,111,10,0.00,2,5.08,5.94,5.10,64.80
237452,0.00,0.78,2,14.36,13.52,10,14.59,183,0.25,0.25,1418,0.00,0.97,4,0.5000,24.50,111,11,0.00,2,5.08,5.94,5.10,30.00
237556,0.00,0.78,2,14.36,13.60,10,14.59,183,0.25,0.25,1423,0.00,0.97,4,0.5000,24.50,111,11,0.00,2,5.08,5.88,5.10,21.00
237661,0.00,0.78,2,14.36,13.68,10,14.59,183,0.25,0.25,1398,0.00,0.97,4,0.5000,24.50,111,10,0.00,2,5.08,5.88,5.88,19.50
237764,0.00,0.78,2,14.36,13.60,10,14.59,183,0.25,0.26,1428,0.00,1.00,4,0.5000,24.50,111,11,0.00,2,5.08,6.24,6.27,15.30
237868,-1.56,0.78,2,14.36,13.60,8,14.59,183,0.26,0.28,1392,0.00,1.00,4,0.5000,25.00,111,11,0.00,2,5.37,6.65,6.27,14.10
237972,-9.38,0.78,2,14.36,13.52,8,14.59,183,0.27,0.28,1420,0.00,0.99,4,0.5000,25.50,111,11,0.00,3,5.66,6.81,6.27,13.80
238076,-11.72,0.78,2,14.36,13.52,8,14.59,183,0.28,0.29,1412,0.00,0.99,4,0.5000,25.50,111,11,0.00,3,5.80,6.92,6.67,13.60
238180,-10.16,0.78,2,14.36,13.68,8,14.59,183,0.29,0.30,1393,0.00,0.99,4,0.5000,25.50,111,11,0.00,3,5.95,7.30,7.45,13.40
238284,-9.38,0.78,2,14.36,13.68,8,14.59,183,0.30,0.32,1409,0.00,0.99,4,0.5000,26.50,111,12,0.00,3,6.38,7.82,7.84,13.90
238388,-7.03,0.78,2,14.36,13.52,8,14.59,183,0.32,0.35,1394,0.00,0.99,4,0.5000,27.00,111,12,0.00,3,6.67,8.31,9.02,14.40
238492,-3.91,0.78,2,14.36,13.60,8,14.59,183,0.35,0.39,1403,0.00,0.89,4,0.5000,28.00,111,12,0.00,3,7.11,9.65,9.80,15.00
238596,0.78,0.78,3,14.36,13.52,8,14.59,183,0.39,0.43,1382,0.00,0.89,4,0.5000,29.00,111,12,0.00,3,8.13,10.34,10.20,15.40
238700,3.12,0.78,3,14.36,13.52,8,14.59,183,0.42,0.44,1414,0.00,0.93,4,0.5000,29.50,111,12,0.00,3,9.00,10.51,10.59,16.00
238804,4.69,1.56,3,14.36,13.60,8,14.59,183,0.43,0.45,1394,0.00,1.00,4,0.5000,30.50,111,13,0.00,3,9.43,10.53,10.59,15.90
238908,5.47,2.34,3,14.36,13.52,8,14.59,183,0.44,0.45,1374,0.00,1.00,4,0.5000,31.00,111,13,0.00,3,9.72,10.50,10.20,15.80
239012,7.81,3.12,3,14.36,13.36,8,14.58,183,0.44,0.43,1446,0.00,1.01,4,0.5000,33.50,111,13,0.00,3,9.87,10.56,10.20,15.70
239116,10.94,3.91,3,14.36,13.68,8,14.57,183,0.41,0.39,1591,0.00,1.01,4,0.5000,33.00,111,12,0.00,3,9.58,10.63,10.20,15.80
239220,12.50,3.91,3,14.36,13.52,8,14.57,183,0.40,0.39,1632,0.00,1.01,4,0.5000,32.50,111,13,0.00,3,9.29,10.70,10.20,15.60
239324,10.94,4.69,3,14.36,13.68,8,14.57,183,0.40,0.40,1620,0.00,1.02,4,0.5000,32.00,111,13,0.00,3,9.14,10.77,10.20,15.40
239428,10.94,5.47,3,14.36,13.60,8,14.57,183,0.40,0.40,1620,0.00,1.02,4,0.5000,32.50,111,13,0.00,3,9.00,10.83,10.20,14.70
239532,10.94,5.47,3,14.36,13.44,8,14.57,183,0.40,0.41,1617,0.00,1.02,4,0.5000,32.50,111,14,0.00,3,9.00,11.00,10.20,14.40
239636,10.94,6.25,3,14.36,13.60,8,14.57,183,0.41,0.40,1618,0.00,1.02,4,0.5000,32.50,111,14,0.00,3,9.00,10.92,10.20,14.50
239740,10.94,6.25,3,14.36,13.60,8,14.57,183,0.41,0.40,1603,0.00,1.03,4,0.5000,32.50,111,15,0.00,3,9.14,11.13,10.20,14.50
239844,10.94,7.03,3,14.36,13.60,8,14.58,183,0.41,0.41,1603,0.00,1.03,4,0.5000,32.50,111,14,0.00,3,9.14,11.01,10.20,14.40
239948,9.38,7.81,3,14.36,13.60,8,14.57,183,0.41,0.41,1618,0.00,1.03,4,0.5000,33.00,111,14,0.00,3,9.14,11.16,10.20,14.40
240052,9.38,7.81,3,14.36,13.44,8,14.57,183,0.41,0.41,1622,0.00,1.03,4,0.5000,33.00,111,12,0.00,3,9.14,11.14,10.20,14.20
240156,9.38,7.81,3,14.36,13.52,8,14.57,183,0.41,0.42,1624,0.00,1.04,4,0.5000,33.00,111,9,0.00,3,9.14,11.30,10.20,14.30
240260,9.38,8.59,3,14.36,13.52,8,14.57,183,0.42,0.41,1613,0.00,1.04,4,0.5000,33.00,111,8,0.00,3,9.14,11.32,10.20,14.30
240364,9.38,8.59,3,14.36,13.68,8,14.57,183,0.42,0.42,1609,0.00,1.04,4,0.5000,33.00,111,6,0.00,3,9.14,11.24,9.80,14.30
240468,8.59,9.38,3,14.36,13.60,8,14.57,183,0.41,0.41,1625,0.00,1.05,4,0.5000,33.00,111,5,0.00,3,9.00,10.96,9.41,14.30
240572,8.59,9.38,3,14.36,13.44,8,14.56,183,0.41,0.41,1619,0.00,1.05,4,0.5000,33.00,111,5,0.00,3,8.85,11.08,9.80,14.30
240676,7.03,9.38,3,14.36,13.60,8,14.56,183,0.41,0.42,1617,0.00,1.05,4,0.5000,33.00,111,4,0.00,3,8.85,11.38,10.20,14.20
240781,6.25,10.16,3,14.36,13.52,8,14.56,183,0.42,0.43,1603,0.00,1.05,4,0.5000,33.50,111,3,0.00,3,9.00,11.68,11.37,14.00
240885,6.25,10.16,3,14.36,13.60,8,14.56,183,0.44,0.47,1614,0.00,0.95,4,0.5000,35.50,111,2,0.00,3,9.29,13.60,13.33,14.10
240988,7.03,10.16,3,14.36,13.60,8,14.57,183,0.47,0.50,1640,0.00,1.03,4,0.5000,37.00,111,2,0.00,3,10.16,13.68,13.33,14.30
241092,8.59,10.94,3,14.36,13.44,8,14.57,183,0.48,0.48,1692,0.00,1.03,4,0.5000,37.50,111,2,0.00,3,10.74,13.67,13.33,14.90
241196,10.16,10.94,3,14.36,13.60,8,14.57,183,0.48,0.48,1729,0.00,1.03,4,0.5000,38.00,111,1,0.00,3,10.74,13.67,13.33,15.10
241300,11.72,10.94,3,14.36,13.52,8,14.57,183,0.47,0.47,1746,0.00,1.03,4,0.5000,37.50,111,1,0.00,3,10.59,12.75,9.41,15.20
241405,12.50,10.94,3,14.36,13.52,8,14.57,183,0.43,0.39,1754,0.00,1.16,4,0.5000,34.50,111,0,0.00,3,9.58,10.15,7.06,15.00
241509,10.94,10.94,2,14.36,13.52,8,14.56,183,0.37,0.33,1700,0.00,1.18,4,0.5000,30.50,111,0,0.00,3,8.13,7.75,5.10,14.20
241612,9.38,10.94,2,14.36,13.60,8,14.57,183,0.33,0.27,1593,0.00,1.12,4,0.5000,26.00,111,0,0.00,3,6.96,6.93,4.71,13.70
241716,6.25,10.16,2,14.36,13.60,8,14.58,183,0.30,0.27,1501,0.00,1.01,4,0.5000,22.50,111,0,0.00,3,6.09,6.63,4.71,13.10
241821,3.12,9.38,2,14.36,13.60,8,14.59,183,0.29,0.27,1445,0.00,1.00,4,0.5000,20.50,111,0,0.00,3,5.66,6.34,4.31,12.90
241924,0.00,9.38,2,14.36,13.60,8,14.59,183,0.28,0.27,1376,0.00,1.00,4,0.5000,19.00,111,0,0.00,3,5.37,6.17,4.71,12.50
242028,0.00,8.59,2,14.36,13.60,10,14.60,183,0.28,0.27,1344,0.00,1.00,4,0.5000,17.50,111,0,0.00,3,5.22,6.01,4.31,12.20
242132,0.00,8.59,2,14.36,13.60,10,14.60,183,0.28,0.28,1302,0.00,1.00,4,0.5000,17.50,111,0,0.00,3,5.08,5.94,4.31,12.20
242236,0.00,7.81,2,14.36,13.60,10,14.60,183,0.27,0.27,1284,0.00,1.00,4,0.5000,17.50,111,0,0.00,3,5.08,5.82,4.31,12.20
242341,0.00,7.81,2,14.36,13.60,10,14.60,183,0.27,0.27,1267,0.00,1.00,4,0.5000,17.50,111,0,0.00,3,5.08,5.69,4.31,12.30
242445,0.00,7.03,2,14.36,13.60,10,14.61,183,0.28,0.28,1206,0.00,0.98,4,0.5000,19.50,111,0,0.00,3,5.08,5.69,4.31,12.30
242549,0.00,7.03,2,14.36,13.60,10,14.60,183,0.27,0.27,1270,0.00,0.98,4,0.5000,23.50,111,0,0.00,3,5.22,5.59,4.31,12.70
242652,0.00,6.25,2,14.36,13.60,10,14.59,183,0.26,0.25,1349,0.00,0.97,4,0.5000,24.00,111,0,0.00,3,5.08,5.78,4.71,13.50
242756,0.00,5.47,2,14.36,13.68,10,14.59,183,0.26,0.26,1367,0.00,0.97,4,0.5000,24.50,111,0,0.00,3,5.08,6.01,5.49,15.10
242861,0.00,5.47,2,14.36,13.60,8,14.59,183,0.26,0.27,1385,0.00,1.00,4,0.5000,24.50,111,0,0.00,3,5.08,6.28,5.49,15.50
242964,-2.34,5.47,2,14.36,13.52,8,14.59,183,0.27,0.28,1398,0.00,1.00,4,0.5000,25.00,111,0,0.00,3,5.22,6.44,5.88,14.50
243069,-6.25,4.69,2,14.36,13.60,8,14.59,183,0.27,0.27,1399,0.00,0.99,4,0.5000,25.50,111,0,0.00,3,5.37,6.48,5.88,13.40
243173,-9.38,4.69,2,14.36,13.60,8,14.59,183,0.27,0.27,1434,0.00,0.99,4,0.5000,25.50,111,0,0.00,3,5.51,6.53,5.88,12.90
243277,-10.94,4.69,2,14.36,13.60,8,14.59,183,0.27,0.27,1427,0.00,0.99,4,0.5000,25.50,111,0,0.00,3,5.51,6.54,5.88,12.60
243381,-11.72,4.69,2,14.36,13.60,8,14.59,183,0.27,0.27,1436,0.00,0.99,4,0.5000,25.50,111,0,0.00,3,5.51,6.44,5.49,12.60
243485,-12.50,3.91,2,14.36,13.68,8,14.59,183,0.27,0.27,1419,0.00,0.99,4,0.5000,25.50,111,0,0.00,3,5.51,6.21,5.10,12.70
243588,-13.28,3.91,2,14.36,13.60,8,14.59,183,0.26,0.25,1436,0.00,0.99,4,0.5000,25.00,111,0,0.00,3,5.37,6.05,5.10,13.00
243692,-14.06,3.91,2,14.36,13.60,8,14.59,183,0.26,0.26,1413,0.00,1.00,4,0.5000,25.00,111,0,0.00,3,5.37,5.99,5.10,13.20
243797,-14.06,3.91,2,14.36,13.68,8,14.59,183,0.26,0.25,1415,0.00,1.01,4,0.5000,25.00,111,0,0.00,3,5.22,5.97,5.10,13.30
243901,-14.84,3.91,2,14.36,13.68,8,14.59,183,0.25,0.26,1404,0.00,1.01,4,0.5000,24.50,111,0,0.00,3,5.22,5.98,5.10,13.60
244005,-15.62,3.12,2,14.36,13.36,8,14.59,183,0.25,0.25,1412,0.00,1.02,4,0.5000,24.50,111,0,0.00,3,5.22,5.88,5.88,13.70
244109,-16.41,3.12,2,14.36,12.96,8,14.59,183,0.26,0.26,1408,0.00,1.00,4,0.5000,24.50,111,0,0.00,3,5.22,6.28,5.88,13.90
244213,-16.41,3.12,2,14.36,13.60,8,14.59,183,0.26,0.27,1385,0.00,1.00,4,0.5000,24.50,111,0,0.00,3,5.37,6.43,5.88,14.10
244317,-15.62,3.12,2,14.36,13.68,8,14.59,183,0.27,0.28,1380,0.00,1.00,4,0.5000,25.00,111,0,0.00,3,5.51,6.43,5.88,14.20
244420,-15.62,3.12,2,14.36,13.68,8,14.59,183,0.28,0.28,1364,0.00,1.00,4,0.5000,25.00,111,0,0.00,3,5.66,6.44,5.88,14.30
244525,-14.84,3.12,2,14.36,13.52,8,14.59,183,0.28,0.28,1351,0.00,1.00,4,0.5000,24.50,111,0,0.00,3,5.80,6.41,5.88,13.60
244629,-14.06,0.78,2,14.36,13.44,8,14.59,183,0.28,0.28,1351,0.00,1.00,4,0.5000,25.00,111,0,0.00,3,5.80,6.38,5.88,15.10
244733,-13.28,0.78,2,14.36,13.60,8,14.59,183,0.28,0.28,1357,0.00,1.00,4,0.5000,25.00,111,0,0.00,3,5.80,6.31,5.88,15.00
244836,-12.50,0.78,2,14.36,13.60,8,14.59,183,0.28,0.28,1370,0.00,1.00,4,0.5000,24.50,111,0,0.00,3,5.80,6.31,5.88,15.30
244941,-11.72,0.78,2,14.36,13.60,8,14.59,183,0.28,0.28,1362,0.00,1.00,4,0.5000,25.00,111,0,0.00,3,5.80,6.28,5.88,15.30
245045,-10.94,0.78,2,14.36,13.68,8,14.59,183,0.28,0.28,1354,0.00,1.00,4,0.5000,25.00,111,0,0.00,3,5.80,6.28,5.88,15.50
245148,-10.16,0.78,2,14.36,13.52,8,14.59,183,0.28,0.27,1373,0.00,1.01,4,0.5000,24.50,111,0,0.00,3,5.80,6.26,5.88,15.50
245252,-9.38,0.78,2,14.36,13.60,8,14.59,183,0.27,0.28,1358,0.00,1.01,4,0.5000,25.00,111,0,0.00,3,5.80,6.26,5.88,15.40
245357,-8.59,0.78,2,14.36,13.60,8,14.59,183,0.27,0.27,1364,0.00,1.01,4,0.5000,24.50,111,0,0.00,3,5.66,6.27,5.88,15.60
245461,-8.59,0.78,2,14.36,13.60,8,14.59,183,0.27,0.27,1363,0.00,1.01,4,0.5000,24.50,111,0,0.00,3,5.66,6.24,5.88,15.40
245565,-7.81,0.78,2,14.36,13.60,8,14.59,183,0.27,0.27,1356,0.00,1.01,4,0.5000,24.50,111,0,0.00,3,5.80,6.14,5.10,15.40
245669,-7.81,0.78,2,14.36,13.44,8,14.59,183,0.27,0.26,1362,0.00,1.00,4,0.5000,22.50,111,0,0.00,3,5.66,5.78,5.10,15.30
245772,-7.03,0.78,2,14.36,13.52,8,14.59,183,0.26,0.25,1370,0.00,1.00,4,0.5000,21.00,111,0,0.00,3,5.51,5.69,5.10,15.30
245877,-7.03,0.78,2,14.36,13.60,8,14.59,183,0.26,0.25,1345,0.00,1.00,4,0.5000,19.50,111,0,0.00,3,5.37,5.69,5.10,15.20
245981,-6.25,0.78,2,14.36,13.60,8,14.60,183,0.26,0.26,1325,0.00,1.00,4,0.5000,18.00,111,0,0.00,3,5.37,5.69,5.10,15.20
246085,-7.03,0.78,2,14.36,13.60,8,14.60,183,0.26,0.26,1302,0.00,1.00,4,0.5000,17.50,111,0,0.00,3,5.37,5.66,5.10,15.00
246189,-7.03,0.78,2,14.36,13.60,8,14.60,183,0.26,0.26,1289,0.00,1.00,4,0.5000,17.50,111,0,0.00,3,5.37,5.62,5.10,14.90
246293,-7.81,0.78,1,14.36,13.68,8,14.60,183,0.26,0.27,1264,0.00,1.00,4,0.5000,17.50,111,0,0.00,3,5.51,5.56,5.10,14.50
246397,-7.81,0.78,1,14.36,13.60,8,14.60,183,0.26,0.26,1264,0.00,1.00,4,0.5000,17.50,111,0,0.00,3,5.51,5.59,5.10,14.50
246501,-7.81,0.78,1,14.36,13.68,8,14.60,183,0.26,0.26,1280,0.00,1.00,4,0.5000,17.50,111,0,0.00,3,5.51,5.56,5.10,14.40
246605,-7.81,1.56,1,14.36,13.76,8,14.60,183,0.26,0.26,1285,0.00,1.00,4,0.5000,17.50,111,0,0.00,3,5.51,5.49,5.10,14.50
246709,-7.03,1.56,1,14.36,13.60,8,14.60,183,0.26,0.26,1290,0.00,1.00,4,0.5000,17.50,111,0,0.00,3,5.51,5.56,5.10,14.60
246813,-7.03,1.56,1,14.36,13.60,8,14.60,183,0.26,0.26,1286,0.00,1.00,4,0.5000,17.50,111,0,0.00,3,5.51,5.49,5.10,14.50
246917,-7.03,2.34,1,14.36,13.52,8,14.60,183,0.26,0.26,1290,0.00,1.00,4,0.5000,17.50,111,0,0.00,3,5.37,5.56,5.10,14.60
247021,-7.03,2.34,1,14.36,13.68,8,14.60,183,0.26,0.26,1301,0.00,1.00,4,0.5000,17.50,111,0,0.00,3,5.37,5.53,5.10,14.60
247124,-7.03,2.34,1,14.36,12.64,8,14.60,183,0.25,0.26,1289,0.00,1.00,4,0.5000,17.50,111,0,0.00,3,5.51,5.53,5.10,14.60
247229,-7.03,2.34,1,14.36,13.20,8,14.60,183,0.25,0.26,1295,0.00,1.00,4,0.5000,17.50,111,0,0.00,3,5.51,5.56,4.71,14.60
247333,-7.03,2.34,1,14.36,13.52,8,14.60,183,0.26,0.26,1264,0.00,1.00,4,0.5000,17.00,111,0,0.00,3,5.51,5.49,5.10,14.50
247437,-7.03,3.12,1,14.36,13.60,8,14.60,183,0.26,0.26,1256,0.00,1.00,4,0.5000,17.00,111,0,0.00,3,5.51,5.49,5.10,14.60
247541,-7.03,3.12,1,14.36,13.68,8,14.60,183,0.26,0.26,1247,0.00,1.00,4,0.5000,17.00,111,0,0.00,3,5.51,5.49,5.10,14.50
247645,-7.03,3.12,1,14.36,13.60,8,14.60,183,0.26,0.26,1246,0.00,1.00,4,0.5000,17.50,111,0,0.00,3,5.66,5.43,5.10,14.50
247749,-7.03,3.12,1,14.36,13.68,8,14.60,183,0.26,0.26,1253,0.00,1.00,4,0.5000,17.50,111,0,0.00,3,5.66,5.40,4.71,14.50
247853,-7.81,3.12,1,14.36,13.68,8,14.60,183,0.26,0.25,1258,0.00,1.00,4,0.5000,17.50,111,0,0.00,3,5.51,5.37,5.10,14.50
247957,-7.81,3.91,1,14.36,13.44,8,14.60,183,0.25,0.25,1279,0.00,1.00,4,0.5000,17.50,111,0,0.00,3,5.51,5.37,4.71,14.40
248061,-7.81,3.91,1,14.36,13.60,8,14.60,183,0.25,0.25,1277,0.00,1.00,4,0.5000,17.50,111,0,0.00,3,5.51,5.37,5.10,14.40
248164,-7.81,3.91,1,14.36,13.60,8,14.60,183,0.25,0.25,1279,0.00,1.00,4,0.5000,17.50,111,0,0.00,3,5.51,5.37,5.10,14.30
248269,-7.81,3.91,1,14.36,13.68,8,14.60,183,0.25,0.25,1271,0.00,1.00,4,0.5000,17.50,111,0,0.00,3,5.51,5.37,5.10,14.40
248373,-7.81,6.25,1,14.36,13.60,8,14.60,183,0.25,0.25,1275,0.00,1.00,4,0.5000,17.50,111,0,0.00,3,5.51,5.37,5.10,14.40
248477,-7.81,6.25,1,14.36,13.52,8,14.60,183,0.25,0.25,1278,0.00,1.00,4,0.5000,17.50,111,0,0.00,3,5.51,5.37,5.10,14.40
248581,-7.81,6.25,1,14.36,13.68,8,14.60,183,0.25,0.25,1286,0.00,1.00,4,0.5000,17.50,111,0,0.00,3,5.51,5.37,5.10,14.50
248685,-7.81,6.25,1,14.36,13.52,8,14.60,183,0.25,0.25,1276,0.00,1.00,4,0.5000,17.50,111,0,0.00,3,5.51,5.40,5.10,14.60
248789,-7.81,6.25,1,14.36,13.68,8,14.60,183,0.25,0.25,1275,0.00,1.00,4,0.5000,17.50,111,0,0.00,3,5.51,5.37,5.10,14.50
248893,-8.59,6.25,1,14.36,13.60,8,14.60,183,0.25,0.25,1269,0.00,1.00,4,0.5000,17.50,111,0,0.00,3,5.51,5.37,5.10,14.40
248997,-8.59,6.25,1,14.36,13.60,8,14.60,183,0.25,0.25,1276,0.00,1.00,4,0.5000,17.50,111,0,0.00,3,5.51,5.37,5.10,14.30
249101,-8.59,6.25,1,14.36,13.60,8,14.60,183,0.25,0.25,1275,0.00,1.00,4,0.5000,17.50,111,0,0.00,3,5.51,5.37,5.10,14.50
249205,-8.59,6.25,1,14.36,13.52,8,14.60,183,0.25,0.26,1259,0.00,1.00,4,0.5000,17.50,111,0,0.00,3,5.51,5.37,5.10,14.40
249309,-8.59,6.25,1,14.36,13.68,8,14.60,183,0.25,0.25,1266,0.00,1.00,4,0.5000,17.50,111,0,0.00,3,5.51,5.37,5.10,14.40
249413,-8.59,6.25,1,14.36,13.60,8,14.60,183,0.25,0.25,1271,0.00,1.00,4,0.5000,17.50,111,0,0.00,3,5.51,5.33,5.10,14.40
249518,-8.59,6.25,1,14.36,13.52,8,14.60,183,0.25,0.25,1284,0.00,1.00,4,0.5000,17.50,111,0,0.00,3,5.51,5.33,5.10,14.40
249621,-8.59,6.25,1,14.36,13.52,8,14.60,183,0.25,0.25,1281,0.00,1.00,4,0.5000,17.00,111,0,0.00,3,5.51,5.30,5.10,14.40
249725,-8.59,6.25,1,14.36,13.60,8,14.60,183,0.25,0.25,1264,0.00,1.00,4,0.5000,17.50,111,0,0.00,3,5.51,5.30,5.10,14.40
249829,-8.59,6.25,1,14.36,13.68,8,14.60,183,0.25,0.25,1275,0.00,1.00,4,0.5000,17.50,111,0,0.00,3,5.51,5.30,5.10,14.40
249933,-8.59,6.25,1,14.36,13.52,8,14.60,183,0.25,0.25,1273,0.00,1.00,4,0.5000,17.50,111,0,0.00,3,5.51,5.27,5.10,14.40
250038,-8.59,6.25,1,14.36,13.60,8,14.60,183,0.25,0.25,1281,0.00,1.00,4,0.5000,17.50,111,0,0.00,3,5.51,5.30,4.71,14.50
250141,-8.59,6.25,1,14.36,13.60,8,14.60,183,0.25,0.25,1280,0.00,1.00,4,0.5000,17.50,111,0,0.00,3,5.51,5.24,5.10,14.50
250246,-8.59,6.25,1,14.36,13.60,8,14.60,183,0.25,0.25,1274,0.00,1.00,4,0.5000,17.50,111,0,0.00,3,5.37,5.24,5.10,14.50
250350,-8.59,6.25,1,14.36,13.60,8,14.60,183,0.25,0.24,1276,0.00,1.00,4,0.5000,17.50,111,0,0.00,3,5.51,5.24,5.10,14.50
250454,-8.59,6.25,1,14.36,13.60,8,14.60,183,0.24,0.24,1290,0.00,1.00,4,0.5000,17.50,111,0,0.00,3,5.37,5.24,5.10,14.50
250558,-8.59,6.25,1,14.36,13.60,8,14.60,183,0.24,0.24,1292,0.00,1.00,4,0.5000,17.50,111,0,0.00,3,5.37,5.24,5.10,14.50
250661,-8.59,6.25,1,14.36,13.52,8,14.60,183,0.24,0.25,1265,0.00,1.00,4,0.5000,17.50,111,0,0.00,3,5.37,5.20,5.10,14.60
250765,-8.59,6.25,1,14.36,13.60,8,14.60,183,0.25,0.25,1257,0.00,1.00,4,0.5000,17.50,111,0,0.00,3,5.37,5.24,4.71,14.70
250870,-8.59,6.25,1,14.36,13.60,8,14.60,183,0.25,0.25,1262,0.00,1.00,4,0.5000,17.50,111,0,0.00,3,5.51,5.24,5.10,14.60
250974,-8.59,6.25,1,14.36,13.60,8,14.60,183,0.25,0.25,1260,0.00,1.00,4,0.5000,17.00,111,0,0.00,3,5.51,5.27,5.10,14.60
251078,-8.59,6.25,1,14.36,13.60,8,14.60,183,0.25,0.25,1265,0.00,1.00,4,0.5000,17.00,111,0,0.00,3,5.51,5.24,4.71,14.60
251181,-8.59,6.25,1,14.36,13.52,8,14.60,183,0.25,0.25,1261,0.00,1.00,4,0.5000,17.50,111,0,0.00,3,5.51,5.24,5.10,14.50
251285,-8.59,6.25,1,14.36,13.60,8,14.60,183,0.25,0.25,1266,0.00,1.00,4,0.5000,17.50,111,0,0.00,3,5.51,5.24,5.10,14.70
251390,-8.59,6.25,1,14.36,13.68,8,14.60,183,0.25,0.25,1262,0.00,1.00,4,0.5000,17.50,111,0,0.00,3,5.51,5.20,5.10,14.60
251493,-8.59,6.25,1,14.36,13.52,8,14.60,183,0.25,0.25,1272,0.00,1.00,4,0.5000,17.00,111,0,0.00,3,5.51,5.20,5.10,14.50
251597,-8.59,6.25,1,14.36,13.68,8,14.60,183,0.25,0.25,1276,0.00,1.00,4,0.5000,17.50,111,0,0.00,3,5.51,5.24,5.10,14.60
251701,-8.59,6.25,1,14.36,13.60,8,14.60,183,0.25,0.25,1282,0.00,1.00,4,0.5000,17.50,111,0,0.00,3,5.51,5.24,5.10,14.60
251805,-8.59,6.25,1,14.36,13.52,8,14.60,183,0.25,0.25,1269,0.00,1.00,4,0.5000,17.50,111,0,0.00,3,5.51,5.24,5.10,14.50
251910,-8.59,6.25,1,14.36,13.68,8,14.60,183,0.25,0.25,1256,0.00,1.00,4,0.5000,17.00,111,0,0.00,3,5.51,5.27,5.10,14.60
252013,-8.59,6.25,1,14.36,13.60,8,14.60,183,0.25,0.25,1257,0.00,1.00,4,0.5000,18.00,111,0,0.00,3,5.51,5.27,5.10,14.50
252118,-8.59,6.25,1,14.36,13.68,8,14.60,183,0.25,0.25,1252,0.00,1.00,4,0.5000,20.00,111,0,0.00,3,5.51,5.24,5.10,14.60
252221,-7.81,6.25,1,14.36,13.60,8,14.60,183,0.25,0.25,1266,0.00,1.00,4,0.5000,22.00,111,0,0.00,3,5.51,5.27,5.10,14.50
252326,-8.59,6.25,1,14.36,13.60,8,14.60,183,0.25,0.25,1270,0.00,1.00,4,0.5000,23.00,111,0,0.00,3,5.51,5.27,5.10,14.50
252430,-8.59,6.25,1,14.36,13.60,8,14.60,183,0.25,0.25,1283,0.00,1.00,4,0.5000,23.00,111,0,0.00,3,5.51,5.30,5.10,14.60
252534,-8.59,6.25,1,14.36,13.60,8,14.60,183,0.25,0.25,1306,0.00,1.00,4,0.5000,23.00,111,0,0.00,3,5.51,5.49,5.49,14.60
252638,-7.81,6.25,1,14.36,13.68,8,14.60,183,0.25,0.25,1314,0.00,1.00,4,0.5000,23.00,111,0,0.00,3,5.66,5.49,5.49,14.50
252742,-7.81,6.25,1,14.36,13.52,8,14.60,183,0.25,0.25,1308,0.00,1.00,4,0.5000,23.50,111,0,0.00,3,5.66,5.56,5.49,14.40
252845,-7.81,6.25,1,14.36,13.44,8,14.60,183,0.25,0.25,1308,0.00,1.00,4,0.5000,23.50,111,0,0.00,3,5.66,5.63,5.49,14.50
252950,-7.03,5.47,2,14.36,13.52,8,14.59,183,0.25,0.25,1330,0.00,1.00,4,0.5000,23.50,111,0,0.00,3,5.66,5.63,5.49,14.80
253054,-7.03,5.47,2,14.36,13.52,8,14.59,183,0.25,0.26,1338,0.00,1.00,4,0.5000,24.00,111,0,0.00,3,5.66,5.70,5.49,14.80
253158,-6.25,5.47,2,14.36,13.60,8,14.59,183,0.25,0.26,1334,0.00,1.00,4,0.5000,24.00,111,0,0.00,3,5.66,5.71,5.49,14.90
253262,-6.25,4.69,2,14.36,13.60,8,14.59,183,0.25,0.25,1351,0.00,1.00,4,0.5000,23.50,111,0,0.00,3,5.66,5.71,5.49,14.90
253365,-6.25,4.69,2,14.36,13.44,8,14.59,183,0.25,0.26,1348,0.00,1.00,4,0.5000,24.00,111,0,0.00,3,5.66,5.72,5.49,14.80
253470,-6.25,4.69,2,14.36,13.52,8,14.59,183,0.25,0.26,1333,0.00,1.00,4,0.5000,24.00,111,0,0.00,3,5.66,5.72,5.49,14.80
253574,-5.47,4.69,2,14.36,13.60,8,14.59,183,0.26,0.26,1344,0.00,1.00,4,0.5000,24.00,111,0,0.00,3,5.66,5.76,5.49,14.90
253678,-5.47,3.91,2,14.36,13.60,8,14.59,183,0.26,0.26,1344,0.00,1.00,4,0.5000,24.00,111,0,0.00,3,5.66,5.73,5.49,14.80
253782,-5.47,3.91,2,14.36,13.60,8,14.59,183,0.26,0.26,1323,0.00,1.01,4,0.5000,24.00,111,0,0.00,3,5.66,5.73,5.49,14.70
253886,-5.47,3.91,2,14.36,13.44,8,14.60,183,0.26,0.26,1338,0.00,1.01,4,0.5000,24.00,111,0,0.00,3,5.66,5.80,5.49,14.80
253990,-5.47,3.91,2,14.36,13.52,8,14.59,183,0.26,0.26,1346,0.00,1.02,4,0.5000,23.50,111,0,0.00,3,5.66,5.78,5.49,14.80
254094,-5.47,3.91,2,14.36,13.60,8,14.60,183,0.26,0.26,1327,0.00,1.02,4,0.5000,24.00,111,0,0.00,3,5.66,5.78,5.49,14.80
254198,-4.69,3.12,2,14.36,13.60,8,14.60,183,0.26,0.26,1316,0.00,1.01,4,0.5000,23.50,111,0,0.00,3,5.80,5.72,5.49,14.70
254302,-4.69,3.12,2,14.36,13.52,8,14.60,183,0.26,0.26,1313,0.00,1.00,4,0.5000,23.50,111,0,0.00,3,5.66,5.59,5.10,14.70
254406,-3.91,3.12,1,14.36,13.44,8,14.60,183,0.26,0.25,1315,0.00,1.00,4,0.5000,23.50,111,0,0.00,3,5.66,5.46,5.10,15.00
254510,-3.91,3.12,1,14.36,13.60,8,14.60,183,0.25,0.25,1306,0.00,1.00,4,0.5000,23.50,111,0,0.00,3,5.66,5.43,5.10,14.90
254613,-3.91,3.91,1,14.36,13.44,8,14.60,183,0.25,0.25,1303,0.00,1.00,4,0.5000,23.00,111,0,0.00,3,5.66,5.46,5.10,14.90
254718,-3.91,3.91,1,14.36,13.60,8,14.60,183,0.25,0.25,1305,0.00,1.00,4,0.5000,23.00,111,0,0.00,3,5.66,5.56,5.49,14.80
254822,-3.91,3.91,1,14.36,13.44,8,14.60,183,0.25,0.26,1292,0.00,1.00,4,0.5000,23.00,111,0,0.00,3,5.66,5.56,5.10,14.80
254926,-4.69,3.91,1,14.36,13.68,8,14.60,183,0.26,0.26,1276,0.00,1.00,4,0.5000,23.50,111,0,0.00,3,5.66,5.56,5.10,14.40
255030,-4.69,6.25,1,14.36,13.60,8,14.60,183,0.26,0.26,1286,0.00,1.00,4,0.5000,23.00,111,0,0.00,3,5.66,5.59,5.10,14.40
255134,-4.69,6.25,1,14.36,13.60,8,14.60,183,0.26,0.26,1304,0.00,1.00,4,0.5000,23.50,111,0,0.00,3,5.66,5.56,5.10,14.40
255238,-4.69,6.25,1,14.36,13.60,8,14.60,183,0.26,0.26,1308,0.00,1.00,4,0.5000,23.50,111,0,0.00,3,5.66,5.56,5.10,14.50
255342,-4.69,6.25,1,14.36,13.60,8,14.60,183,0.26,0.26,1298,0.00,1.00,4,0.5000,23.50,111,0,0.00,3,5.66,5.60,5.49,14.60
255446,-4.69,5.47,2,14.36,13.60,8,14.60,183,0.26,0.26,1297,0.00,1.00,4,0.5000,23.50,111,0,0.00,3,5.66,5.76,5.49,14.40
255550,-5.47,5.47,2,14.36,13.60,8,14.60,183,0.26,0.27,1310,0.00,1.00,4,0.5000,23.50,111,0,0.00,3,5.80,5.83,5.49,14.30
255654,-5.47,5.47,2,14.36,13.52,8,14.60,183,0.27,0.27,1292,0.00,1.00,4,0.5000,23.50,111,0,0.00,3,5.80,5.84,5.49,14.40
255758,-5.47,4.69,2,14.36,13.60,8,14.60,183,0.27,0.27,1289,0.00,1.00,4,0.5000,24.00,111,0,0.00,3,5.95,5.94,5.88,14.40
255862,-5.47,4.69,2,14.36,13.52,8,14.60,183,0.27,0.28,1291,0.00,1.00,4,0.5000,24.00,111,0,0.00,3,5.95,6.27,6.67,14.30
255966,-5.47,4.69,2,14.36,13.68,8,14.60,183,0.28,0.29,1299,0.00,0.99,4,0.5000,24.00,111,0,0.00,3,6.24,6.45,6.67,14.50
256070,-5.47,4.69,2,14.36,13.60,8,14.60,183,0.29,0.30,1304,0.00,0.99,4,0.5000,24.50,111,0,0.00,3,6.38,6.57,6.67,14.40
256174,-3.91,3.91,2,14.36,13.52,8,14.60,183,0.29,0.30,1308,0.00,1.00,4,0.5000,24.50,111,0,0.00,3,6.53,6.57,6.67,14.50
256278,-2.34,3.91,2,14.36,13.52,8,14.60,183,0.30,0.30,1300,0.00,1.01,4,0.5000,24.50,111,0,0.00,3,6.67,6.73,7.06,15.80
256382,-0.78,3.91,2,14.36,13.52,8,14.59,183,0.30,0.31,1326,0.00,1.01,4,0.5000,25.00,111,0,0.00,3,6.82,7.24,7.45,15.10
256486,0.00,3.91,2,14.36,13.52,8,14.59,183,0.32,0.34,1320,0.00,1.01,4,0.5000,26.50,111,0,0.00,3,7.11,8.11,9.41,15.40
256590,2.34,3.91,2,14.36,13.52,8,14.59,183,0.35,0.37,1360,0.00,0.92,4,0.5000,27.50,111,0,0.00,3,7.84,9.21,10.20,15.40
256694,3.91,3.12,2,14.36,13.52,8,14.59,183,0.37,0.41,1394,0.00,0.94,4,0.5000,29.00,111,0,0.00,3,8.71,9.71,10.59,15.70
256798,8.59,3.12,2,14.36,13.60,8,14.59,183,0.39,0.42,1422,0.00,1.02,4,0.5000,29.50,111,0,0.00,3,9.29,10.13,11.37,15.50
256902,14.06,3.12,3,14.36,13.44,8,14.58,183,0.41,0.43,1460,0.00,1.02,4,0.5000,31.00,111,0,0.00,3,9.72,10.91,11.76,16.20
257006,16.41,3.91,3,14.36,13.52,8,14.58,183,0.43,0.44,1468,0.00,1.02,4,0.5000,32.00,111,0,0.00,3,10.16,11.19,12.16,16.40
257110,20.31,4.69,3,14.36,13.52,8,14.58,183,0.44,0.45,1508,0.00,1.03,4,0.5000,33.00,111,0,0.00,3,10.45,11.31,12.16,16.50
257214,23.44,5.47,3,14.36,13.52,8,14.58,183,0.44,0.44,1534,0.00,1.04,4,0.5000,33.00,111,0,0.00,3,10.59,11.47,12.16,16.20
257318,23.44,5.47,3,14.36,13.44,8,14.57,183,0.44,0.45,1543,0.00,1.04,4,0.5000,34.00,111,0,0.00,3,10.59,11.59,12.16,15.50
257422,21.88,6.25,3,14.36,13.36,8,14.56,183,0.44,0.44,1574,0.00,1.05,4,0.5000,34.00,111,0,0.00,3,10.59,11.75,11.37,15.10
257526,22.66,6.25,3,14.36,13.52,8,14.56,183,0.44,0.43,1581,0.00,1.05,4,0.5000,33.50,111,0,0.00,3,10.45,10.35,8.24,16.10
257630,21.88,7.03,2,14.36,13.52,8,14.56,183,0.41,0.37,1554,0.00,1.14,4,0.5000,31.00,111,0,0.00,3,9.58,9.23,7.84,14.40
257734,19.53,7.03,2,14.36,13.60,8,14.56,185,0.39,0.36,1521,0.00,1.08,4,0.5000,29.50,111,0,0.00,3,8.85,8.91,7.84,14.20
257838,14.84,6.25,2,14.36,13.52,8,14.56,185,0.38,0.36,1454,0.00,1.08,4,0.5000,28.50,111,1,0.00,3,8.42,8.79,7.84,13.70
257942,11.72,6.25,2,14.36,13.44,8,14.56,185,0.37,0.37,1410,0.00,1.08,4,0.5000,28.50,111,0,0.00,3,8.27,8.70,7.45,13.30
258046,8.59,5.47,2,14.36,13.52,8,14.56,185,0.37,0.37,1399,0.00,1.08,4,0.5000,28.00,111,1,0.00,3,7.98,8.70,7.45,13.10
258150,6.25,5.47,2,14.36,13.60,8,14.56,185,0.37,0.37,1402,0.00,1.08,4,0.5000,28.00,111,1,0.00,3,7.98,8.62,7.45,13.00
258254,4.69,5.47,2,14.36,13.60,8,14.56,185,0.37,0.37,1384,0.00,1.08,4,0.5000,28.00,111,1,0.00,3,7.84,8.66,7.84,13.20
258358,3.91,4.69,2,14.36,13.52,8,14.56,185,0.38,0.38,1388,0.00,1.07,4,0.5000,28.00,111,1,0.00,3,7.98,9.04,8.63,13.40
258462,3.91,4.69,2,14.36,13.52,8,14.57,185,0.39,0.41,1376,0.00,1.07,4,0.5000,28.50,111,1,0.00,3,8.13,10.07,10.20,13.60
258566,3.91,4.69,3,14.36,13.68,8,14.57,185,0.42,0.46,1376,0.00,0.98,4,0.5000,30.00,111,1,0.00,3,8.85,10.89,10.59,13.90
258670,5.47,5.47,3,14.36,13.60,8,14.56,185,0.44,0.46,1438,0.00,1.06,4,0.5000,32.00,111,1,0.00,3,9.43,10.90,10.59,14.20
258774,7.81,6.25,3,14.36,13.68,8,14.56,185,0.44,0.44,1488,0.00,1.06,4,0.5000,32.50,111,1,0.00,3,9.72,11.00,10.59,15.20
258878,10.16,6.25,3,14.36,13.60,8,14.56,185,0.43,0.43,1525,0.00,1.06,4,0.5000,33.00,111,1,0.00,3,9.72,11.05,10.59,15.30
258982,10.94,7.03,3,14.36,13.52,8,14.55,185,0.43,0.43,1559,0.00,1.06,4,0.5000,33.00,111,1,0.00,3,9.72,11.10,10.59,15.40
259086,11.72,7.03,3,14.36,13.60,8,14.55,185,0.43,0.43,1570,0.00,1.06,4,0.5000,33.00,111,1,0.00,3,9.72,11.20,10.59,15.30
259190,11.72,7.81,3,14.36,13.60,8,14.56,185,0.43,0.43,1565,0.00,1.06,4,0.5000,33.00,111,1,0.00,3,9.58,11.25,10.59,15.10
259294,11.72,7.81,3,14.36,13.60,8,14.56,185,0.43,0.44,1582,0.00,1.05,4,0.5000,33.50,111,1,0.00,3,9.58,11.25,10.59,14.80
259398,11.72,8.59,3,14.36,13.60,8,14.56,185,0.43,0.42,1582,0.00,1.05,4,0.5000,33.50,111,2,0.00,3,9.58,11.25,10.59,14.50
259502,11.72,8.59,3,14.36,13.44,8,14.56,185,0.43,0.43,1565,0.00,1.05,4,0.5000,33.00,111,2,0.00,3,9.58,11.25,10.59,14.50
259606,10.94,8.59,3,14.36,13.60,8,14.56,185,0.43,0.44,1564,0.00,1.05,4,0.5000,33.50,111,3,0.00,3,9.58,11.45,10.59,14.30
259710,10.16,9.38,3,14.36,13.52,8,14.56,185,0.43,0.43,1579,0.00,1.05,4,0.5000,33.50,111,3,0.00,3,9.58,11.49,10.59,14.30
259814,9.38,9.38,3,14.36,13.68,8,14.57,185,0.44,0.44,1579,0.00,1.04,4,0.5000,33.50,111,3,0.00,3,9.58,11.45,10.59,14.20
259918,8.59,10.16,3,14.36,13.52,8,14.57,185,0.44,0.44,1566,0.00,1.04,4,0.5000,33.50,111,3,0.00,3,9.58,11.30,10.59,14.20
260022,7.81,10.16,3,14.36,13.52,8,14.58,185,0.44,0.44,1566,0.00,1.04,4,0.5000,33.50,111,3,0.00,3,9.58,11.40,10.59,14.10
260126,7.03,10.16,3,14.36,13.52,8,14.58,185,0.44,0.43,1582,0.00,1.04,4,0.5000,33.50,111,3,0.00,3,9.58,11.45,10.59,14.10
260230,7.03,10.16,3,14.36,13.60,8,14.58,185,0.44,0.44,1582,0.00,1.03,4,0.5000,33.50,111,4,0.00,3,9.58,11.50,10.59,14.20
260334,6.25,10.94,3,14.36,13.52,8,14.58,185,0.44,0.44,1568,0.00,1.03,4,0.5000,33.50,111,4,0.00,3,9.58,11.50,10.59,14.20
260438,6.25,10.94,3,14.36,13.60,8,14.58,185,0.44,0.44,1578,0.00,1.03,4,0.5000,34.00,111,4,0.00,3,9.58,11.50,10.59,14.20
260543,5.47,10.94,3,14.36,13.52,8,14.58,185,0.44,0.44,1574,0.00,1.03,4,0.5000,34.00,111,5,0.00,3,9.58,11.65,10.59,14.20
260646,4.69,11.72,3,14.36,13.52,8,14.58,185,0.44,0.44,1561,0.00,1.02,4,0.5000,33.50,111,5,0.00,3,9.58,11.55,10.59,14.20
260750,3.91,11.72,3,14.36,13.60,8,14.58,185,0.44,0.45,1563,0.00,1.02,4,0.5000,33.50,111,5,0.00,3,9.58,11.16,9.80,14.20
260854,3.12,11.72,3,14.36,13.60,8,14.58,185,0.43,0.43,1575,0.00,1.03,4,0.5000,33.00,111,6,0.00,3,9.43,10.95,9.02,14.20
260958,1.56,11.72,3,14.36,13.60,8,14.58,185,0.42,0.40,1562,0.00,1.03,4,0.5000,32.00,111,5,0.00,3,9.14,10.45,9.02,14.10
261062,0.00,11.72,3,14.36,13.52,8,14.58,185,0.42,0.41,1526,0.00,1.02,4,0.5000,31.50,111,6,0.00,3,8.85,10.45,9.02,14.00
261166,-3.12,12.50,3,14.36,13.68,8,14.58,185,0.42,0.43,1518,0.00,1.02,4,0.5000,31.50,111,6,0.00,3,8.85,10.80,9.41,13.80
261270,-4.69,12.50,3,14.36,13.52,8,14.58,185,0.43,0.43,1489,0.00,1.02,4,0.5000,32.00,111,6,0.00,3,9.00,11.00,9.41,13.60
261375,-4.69,12.50,3,14.36,13.68,8,14.58,185,0.43,0.44,1491,0.00,1.02,4,0.5000,32.00,111,7,0.00,3,9.14,11.01,9.80,13.60
261478,-4.69,12.50,3,14.36,13.60,8,14.58,185,0.44,0.44,1509,0.00,1.03,4,0.5000,32.50,111,7,0.00,3,9.14,11.13,9.80,14.00
261582,-4.69,12.50,3,14.36,13.52,8,14.58,185,0.44,0.44,1502,0.00,1.03,4,0.5000,32.50,109,7,0.00,3,9.29,11.15,9.80,14.20
261686,-4.69,12.50,3,14.36,13.60,8,14.58,185,0.44,0.44,1516,0.00,1.03,4,0.5000,32.50,109,7,0.00,3,9.29,11.17,9.80,14.40
261790,-4.69,13.28,3,14.36,13.60,8,14.58,185,0.44,0.43,1508,0.00,1.03,4,0.5000,32.50,109,8,0.00,3,9.29,10.93,9.80,14.50
261894,-3.91,13.28,3,14.36,13.60,8,14.58,185,0.44,0.44,1510,0.00,1.03,4,0.5000,32.50,109,8,0.00,3,9.29,11.06,9.80,14.60
261998,-3.91,14.84,3,14.36,13.60,8,14.58,185,0.44,0.43,1521,0.00,1.03,4,0.5000,32.50,109,8,0.00,3,9.29,11.02,9.80,14.50
262102,-3.91,14.84,3,14.36,13.52,8,14.58,185,0.44,0.43,1511,0.00,1.04,4,0.5000,32.50,109,9,0.00,3,9.29,11.19,9.80,14.50
262206,-3.91,14.84,3,14.36,13.68,8,14.58,185,0.44,0.44,1514,0.00,1.04,4,0.5000,33.00,109,9,0.00,3,9.29,11.25,9.80,14.40
262310,-4.69,14.84,3,14.36,13.60,8,14.58,185,0.44,0.44,1526,0.00,1.04,4,0.5000,33.00,109,9,0.00,3,9.29,10.98,9.80,14.40
262414,-4.69,14.84,3,14.36,13.52,8,14.58,185,0.44,0.44,1512,0.00,1.04,4,0.5000,32.50,109,9,0.00,3,9.43,11.20,9.80,14.50
262518,-4.69,14.84,3,14.36,13.44,8,14.58,185,0.44,0.44,1525,0.00,1.04,4,0.5000,33.00,109,10,0.00,3,9.43,11.26,9.80,14.50
262622,-4.69,14.84,3,14.36,13.60,8,14.58,185,0.44,0.44,1524,0.00,1.05,4,0.5000,33.00,109,10,0.00,3,9.43,11.12,9.80,14.50
262726,-4.69,14.84,3,14.36,13.60,8,14.58,185,0.44,0.44,1516,0.00,1.04,4,0.5000,33.00,109,10,0.00,3,9.43,11.41,9.80,14.60
262830,-4.69,14.84,3,14.36,13.52,8,14.58,185,0.44,0.45,1528,0.00,1.05,4,0.5000,33.00,109,10,0.00,3,9.43,11.21,9.80,14.50
262934,-4.69,14.84,3,14.36,13.52,8,14.58,185,0.44,0.44,1517,0.00,1.05,4,0.5000,33.00,109,10,0.00,3,9.43,11.26,9.80,14.50
263038,-4.69,14.84,3,14.36,13.52,8,14.58,185,0.44,0.45,1514,0.00,1.05,4,0.5000,33.00,109,11,0.00,3,9.43,11.21,9.80,14.50
263142,-4.69,14.84,3,14.36,13.60,8,14.58,185,0.44,0.44,1529,0.00,1.05,4,0.5000,33.00,109,11,0.00,3,9.43,11.21,9.80,14.50
263246,-4.69,14.84,3,14.36,13.60,8,14.58,185,0.44,0.44,1516,0.00,1.05,4,0.5000,33.00,109,11,0.00,3,9.43,11.16,10.20,14.50
263350,-4.69,14.84,3,14.36,13.60,8,14.58,185,0.44,0.45,1529,0.00,1.04,4,0.5000,33.00,109,11,0.00,3,9.58,11.30,10.20,14.40
263454,-4.69,14.84,3,14.36,13.60,8,14.58,185,0.45,0.45,1530,0.00,1.04,4,0.5000,33.50,109,12,0.00,3,9.58,11.45,10.20,14.50
263558,-3.91,14.84,3,14.36,13.52,8,14.58,185,0.45,0.45,1515,0.00,1.04,4,0.5000,33.50,109,12,0.00,3,9.58,11.50,10.59,14.60
263662,-3.91,14.84,3,14.36,13.52,8,14.58,185,0.45,0.46,1534,0.00,1.04,4,0.5000,34.00,109,12,0.00,3,9.72,11.83,10.98,14.70
263766,-3.12,14.84,3,14.36,13.68,8,14.58,185,0.46,0.46,1546,0.00,1.04,4,0.5000,34.50,109,12,0.00,3,9.87,11.82,10.98,14.70
263870,-2.34,14.84,3,14.36,13.60,8,14.58,185,0.46,0.46,1543,0.00,1.04,4,0.5000,34.50,109,12,0.00,3,10.01,11.96,10.98,14.90
263974,-1.56,14.84,3,14.36,13.52,8,14.58,185,0.46,0.47,1564,0.00,1.04,4,0.5000,35.00,109,13,0.00,3,10.01,12.06,10.59,14.80
264079,-1.56,14.84,3,14.36,13.52,8,14.58,185,0.46,0.46,1568,0.00,1.04,4,0.5000,35.00,109,13,0.00,3,10.01,11.96,10.59,14.80
264183,-1.56,14.84,3,14.36,13.52,8,14.58,185,0.46,0.46,1561,0.00,1.04,4,0.5000,34.50,109,13,0.00,3,10.01,11.96,10.59,14.70
264286,-1.56,14.84,3,14.36,13.68,8,14.58,185,0.46,0.46,1560,0.00,1.04,4,0.5000,34.50,109,14,0.00,3,10.01,12.06,10.59,15.30
264390,-1.56,14.84,3,14.36,13.60,8,14.58,185,0.46,0.47,1570,0.00,1.04,4,0.5000,35.00,109,14,0.00,3,10.01,11.96,10.59,14.60
264494,-1.56,14.84,3,14.36,13.60,8,14.58,185,0.46,0.46,1572,0.00,1.04,4,0.5000,34.50,109,14,0.00,3,10.01,12.16,10.59,14.50
264598,-2.34,14.84,3,14.36,13.44,8,14.58,185,0.46,0.46,1557,0.00,1.04,4,0.5000,34.50,109,15,0.00,3,10.01,11.96,10.98,14.40
264702,-2.34,14.84,3,14.36,13.60,8,14.58,185,0.46,0.47,1570,0.00,1.04,4,0.5000,35.00,109,15,0.00,3,10.01,11.96,10.98,14.40
264806,-2.34,14.84,3,14.36,13.68,8,14.58,185,0.46,0.46,1571,0.00,1.04,4,0.5000,35.00,109,15,0.00,3,10.01,12.10,10.98,14.40
264911,-2.34,14.84,3,14.36,13.60,8,14.58,185,0.46,0.46,1556,0.00,1.04,4,0.5000,35.00,109,16,0.00,3,10.16,12.37,10.98,14.50
265015,-1.56,14.84,3,14.36,13.60,8,14.58,185,0.47,0.47,1559,0.00,1.04,4,0.5000,35.00,109,15,0.00,3,10.16,12.05,10.98,14.50
265118,-1.56,14.84,3,14.36,13.36,8,14.58,185,0.47,0.47,1574,0.00,1.04,4,0.5000,35.00,109,16,0.00,3,10.16,12.16,10.98,14.60
265223,-1.56,14.84,3,14.36,13.68,8,14.58,185,0.47,0.46,1578,0.00,1.04,4,0.5000,35.00,109,16,0.00,3,10.16,12.16,10.98,14.60
265326,-1.56,14.84,3,14.36,13.60,8,14.58,185,0.47,0.47,1561,0.00,1.04,4,0.5000,35.00,109,16,0.00,3,10.16,12.21,11.76,14.50
265430,-2.34,14.84,3,14.36,13.68,8,14.58,185,0.47,0.48,1575,0.00,1.04,4,0.5000,36.00,109,16,0.00,3,10.30,12.78,12.16,14.50
265534,-2.34,14.84,3,14.36,13.60,8,14.58,185,0.48,0.49,1582,0.00,1.03,4,0.5000,36.50,109,17,0.00,3,10.45,13.35,13.33,14.50
265638,-1.56,14.84,3,14.36,13.44,8,14.58,185,0.50,0.51,1582,0.00,1.03,4,0.5000,37.50,109,17,0.00,3,10.88,13.65,13.33,15.30
265742,0.00,14.84,3,14.36,13.52,8,14.58,185,0.50,0.51,1609,0.00,1.03,4,0.5000,38.00,109,18,0.00,3,11.17,13.64,13.73,15.00
265847,2.34,14.84,3,14.36,13.68,8,14.58,185,0.50,0.50,1636,0.00,1.03,4,0.5000,38.00,109,18,0.00,3,11.32,13.80,13.33,15.30
265950,3.91,14.84,3,14.36,13.60,8,14.57,185,0.50,0.49,1668,0.00,1.03,4,0.5000,38.00,109,18,0.00,3,11.17,13.75,13.73,15.20
266054,4.69,14.84,3,14.36,13.52,8,14.57,185,0.50,0.50,1678,0.00,1.03,4,0.5000,38.00,109,18,0.00,3,11.17,13.87,13.33,15.10
266159,5.47,14.84,3,14.36,13.44,8,14.58,185,0.50,0.50,1683,0.00,1.03,4,0.5000,38.50,109,18,0.00,3,11.17,14.04,13.33,15.00
266262,5.47,14.84,3,14.36,13.60,8,14.58,185,0.50,0.50,1687,0.00,1.03,4,0.5000,38.50,109,19,0.00,3,11.17,13.98,13.73,15.00
266367,6.25,14.84,3,14.36,13.60,8,14.58,185,0.50,0.50,1688,0.00,1.03,4,0.5000,38.50,109,19,0.00,3,11.17,14.04,13.73,14.90
266471,6.25,14.84,3,14.36,13.68,8,14.58,185,0.50,0.50,1678,0.00,1.03,4,0.5000,38.50,109,20,0.00,3,11.17,13.93,13.33,14.50
266575,6.25,14.84,3,14.36,13.52,8,14.57,185,0.50,0.49,1679,0.00,1.03,4,0.5000,38.00,109,19,0.00,3,11.03,13.81,12.94,15.00
266679,6.25,14.84,3,14.36,13.52,8,14.57,185,0.50,0.49,1674,0.00,1.03,4,0.5000,38.00,109,20,0.00,3,10.88,13.93,12.94,14.60
266783,6.25,14.84,3,14.36,13.60,8,14.57,185,0.50,0.50,1668,0.00,1.03,4,0.5000,38.00,109,20,0.00,3,10.88,13.94,12.94,14.60
266886,5.47,14.84,3,14.36,13.68,8,14.58,185,0.50,0.51,1664,0.00,1.03,4,0.5000,38.00,109,21,0.00,3,11.03,13.99,12.94,14.40
266991,4.69,14.84,3,14.36,13.68,8,14.58,185,0.50,0.50,1676,0.00,1.03,4,0.5000,38.50,109,21,0.00,3,11.03,13.99,13.33,14.30
267095,3.91,14.84,3,14.36,13.52,8,14.58,185,0.50,0.50,1677,0.00,1.03,4,0.5000,38.50,109,21,0.00,3,11.03,13.87,13.33,14.40
267198,3.91,14.84,3,14.36,13.52,8,14.58,185,0.50,0.50,1676,0.00,1.03,4,0.5000,38.50,109,21,0.00,3,11.03,13.99,13.33,14.30
267302,3.12,14.84,3,14.36,13.52,8,14.58,185,0.50,0.51,1678,0.00,1.03,4,0.5000,38.50,109,21,0.00,3,11.17,14.04,13.33,14.30
267407,3.91,14.84,3,14.36,13.68,8,14.58,185,0.50,0.50,1682,0.00,1.03,4,0.5000,38.50,109,21,0.00,3,11.17,14.16,13.33,14.50
267511,3.91,14.84,3,14.36,13.68,8,14.58,185,0.50,0.50,1672,0.00,1.03,4,0.5000,38.50,109,19,0.00,3,11.17,14.04,13.33,14.60
267615,3.91,14.84,3,14.36,13.60,8,14.58,187,0.50,0.50,1676,0.00,1.03,4,0.5000,38.50,109,15,0.00,3,11.17,14.22,13.33,14.50
267719,4.69,14.84,3,14.36,13.44,8,14.58,187,0.51,0.51,1678,0.00,1.03,4,0.5000,38.50,109,11,0.00,3,11.03,14.16,13.33,14.90
267823,5.47,14.84,3,14.36,13.60,8,14.58,187,0.51,0.51,1678,0.00,1.03,4,0.5000,38.50,109,7,0.00,3,11.03,14.16,13.33,14.80
267927,5.47,14.84,3,14.36,13.60,8,14.58,187,0.51,0.51,1682,0.00,1.03,4,0.5000,38.50,109,5,0.00,3,11.03,14.34,13.33,14.70
268031,5.47,14.84,3,14.36,13.60,8,14.58,187,0.51,0.51,1682,0.00,1.03,4,0.5000,39.00,109,4,0.00,3,11.03,14.39,13.33,14.50
268134,5.47,14.84,3,14.36,13.60,8,14.58,187,0.51,0.51,1698,0.00,1.03,4,0.5000,39.00,109,3,0.00,3,11.03,14.28,13.33,14.50
268238,4.69,14.84,3,14.36,13.52,8,14.58,187,0.51,0.51,1699,0.00,1.03,4,0.5000,39.00,109,2,0.00,3,11.03,14.28,13.33,14.40
268342,4.69,14.84,3,14.36,13.60,8,14.58,187,0.51,0.51,1699,0.00,1.03,4,0.5000,39.00,109,1,0.00,3,11.03,14.39,13.33,14.40
268447,4.69,14.84,3,14.36,13.52,8,14.58,187,0.51,0.51,1699,0.00,1.03,4,0.5000,39.00,109,0,0.00,3,11.03,14.28,13.33,14.40
268551,4.69,14.84,3,14.36,13.60,8,14.58,187,0.51,0.51,1699,0.00,1.03,4,0.5000,39.00,109,0,0.00,3,11.03,14.27,13.33,14.40
268655,4.69,14.84,3,14.36,13.60,8,14.58,187,0.51,0.50,1700,0.00,1.03,4,0.5000,39.00,109,0,0.00,3,11.03,14.34,13.33,14.60
268759,4.69,14.84,3,14.36,13.52,8,14.58,187,0.51,0.52,1703,0.00,1.03,4,0.5000,39.50,109,0,0.00,3,11.03,14.90,14.90,14.50
268863,3.91,14.84,3,14.36,13.60,8,14.58,187,0.52,0.52,1710,0.00,1.02,4,0.5000,40.00,109,0,0.00,3,11.32,15.57,16.08,14.40
268967,4.69,14.84,3,14.36,13.60,8,14.58,187,0.54,0.55,1721,0.00,1.02,4,0.5000,41.00,108,0,0.00,4,11.90,15.60,16.47,14.40
269071,7.03,14.84,3,14.36,13.52,8,14.58,187,0.54,0.54,1745,0.00,1.02,4,0.5000,41.00,108,0,0.00,4,12.04,15.73,16.47,15.30
269175,9.38,14.84,3,14.36,13.60,8,14.58,187,0.54,0.53,1768,0.00,1.02,4,0.5000,41.00,108,0,0.00,4,12.19,15.99,16.47,15.30
269279,10.16,14.84,3,14.36,13.52,8,14.58,187,0.54,0.54,1787,0.00,1.02,4,0.5000,41.00,108,0,0.00,4,12.04,15.87,16.08,15.10
269383,10.16,14.84,3,14.36,13.60,8,14.58,187,0.53,0.53,1798,0.00,1.02,4,0.5000,41.00,108,0,0.00,4,12.19,15.87,16.08,15.00
269487,10.94,14.84,3,14.36,13.60,8,14.58,187,0.54,0.54,1803,0.00,1.02,4,0.5000,41.00,108,0,0.00,4,12.04,16.00,16.47,14.90
269591,11.72,14.84,3,14.36,13.60,8,14.58,187,0.54,0.54,1805,0.00,1.02,4,0.5000,41.00,108,0,0.00,4,12.04,16.14,16.08,14.80
269695,11.72,14.84,3,14.36,13.52,8,14.58,187,0.54,0.54,1792,0.00,1.01,4,0.5000,41.00,108,0,0.00,4,12.04,16.14,16.47,14.90
269799,11.72,14.84,3,14.36,13.60,8,14.58,187,0.54,0.54,1798,0.00,1.01,4,0.5000,41.50,108,0,0.00,4,12.04,16.20,16.47,14.70
269903,12.50,14.84,3,14.36,13.68,8,14.58,187,0.54,0.54,1799,0.00,1.01,4,0.5000,41.50,108,0,0.00,4,12.04,16.20,16.47,14.70
270007,11.72,14.84,3,14.36,13.60,8,14.58,187,0.54,0.54,1804,0.00,1.01,4,0.5000,41.50,108,0,0.00,4,12.04,16.40,16.08,14.50
270111,11.72,14.84,3,14.36,13.52,8,14.58,187,0.54,0.54,1818,0.00,1.01,4,0.5000,41.50,108,0,0.00,4,12.04,16.20,16.47,14.50
270215,11.72,14.84,3,14.36,13.44,8,14.58,187,0.54,0.54,1822,0.00,1.01,4,0.5000,41.50,108,0,0.00,4,12.04,16.27,16.47,14.40
270319,11.72,14.84,3,14.36,13.52,8,14.58,187,0.54,0.55,1823,0.00,1.00,4,0.5000,41.50,108,0,0.00,4,12.04,16.40,16.47,14.40
270423,10.94,14.84,3,14.36,13.68,8,14.58,187,0.54,0.54,1808,0.00,1.00,4,0.5000,41.50,108,1,0.00,4,12.04,16.26,16.47,14.40
270527,10.94,14.84,3,14.36,13.60,8,14.58,187,0.54,0.54,1811,0.00,1.00,4,0.5000,41.50,108,0,0.00,4,12.04,16.33,16.47,14.30
270631,10.16,14.84,3,14.36,13.52,8,14.58,187,0.54,0.53,1812,0.00,1.00,4,0.5000,41.50,108,1,0.00,5,12.04,16.40,16.08,14.20
270735,10.16,14.84,3,14.36,13.52,8,14.58,187,0.54,0.54,1814,0.00,1.00,4,0.5000,42.00,108,1,0.00,5,12.04,16.47,16.47,14.40
270839,10.16,14.84,3,14.36,13.44,8,14.58,187,0.54,0.55,1831,0.00,1.00,4,0.5000,42.00,108,2,0.00,5,12.04,16.53,16.08,14.40
270943,10.16,14.84,3,14.36,13.60,8,14.58,187,0.54,0.55,1831,0.00,0.99,4,0.5000,42.00,108,2,0.00,5,12.04,16.54,16.47,14.30
271047,9.38,14.84,3,14.36,13.52,8,14.58,187,0.54,0.55,1834,0.00,0.99,4,0.5000,41.50,108,3,0.00,5,12.04,16.33,16.08,14.40
271151,8.59,14.84,3,14.36,13.52,8,14.58,187,0.54,0.54,1820,0.00,0.99,4,0.5000,41.50,108,3,0.00,5,12.04,16.54,16.08,14.30
271255,8.59,14.84,3,14.36,13.44,8,14.58,187,0.54,0.54,1822,0.00,0.99,4,0.5000,42.00,108,3,0.00,5,12.04,16.67,16.47,14.40
271359,8.59,14.84,3,14.36,13.60,8,14.58,187,0.54,0.54,1822,0.00,0.99,4,0.5000,42.00,108,4,0.00,5,12.04,16.60,16.47,14.40
271463,8.59,14.84,3,14.36,13.60,8,14.58,187,0.55,0.55,1838,0.00,0.99,4,0.5000,42.00,108,4,0.00,5,12.04,16.61,16.08,14.40
271567,8.59,14.84,3,14.36,13.60,8,14.58,187,0.54,0.54,1839,0.00,0.99,4,0.5000,42.00,108,4,0.00,5,12.04,16.54,16.47,14.40
271671,7.81,14.84,3,14.36,13.60,8,14.58,187,0.54,0.54,1828,0.00,0.99,4,0.5000,41.50,108,5,0.00,5,12.04,16.54,16.47,14.40
271776,7.81,14.84,3,14.36,13.52,8,14.58,187,0.54,0.54,1829,0.00,0.99,4,0.5000,41.50,108,5,0.00,5,12.04,16.67,16.08,14.40
271881,7.81,14.84,3,14.36,13.60,8,14.58,187,0.54,0.54,1829,0.00,0.99,4,0.5000,42.00,108,6,0.00,5,12.04,16.61,16.47,14.40
271985,7.81,14.84,3,14.36,13.60,8,14.58,187,0.54,0.54,1846,0.00,0.99,4,0.5000,42.00,108,6,0.00,5,12.04,16.74,16.08,14.50
272089,7.81,14.84,3,14.36,13.52,8,14.58,187,0.54,0.54,1847,0.00,0.99,4,0.5000,42.00,108,7,0.00,6,12.04,16.67,16.47,14.50
272193,7.81,14.84,3,14.36,13.52,8,14.58,187,0.54,0.55,1848,0.00,0.99,4,0.5000,42.00,108,7,0.00,6,12.04,16.61,15.69,14.40
272297,7.81,14.84,3,14.36,13.52,8,14.58,187,0.53,0.52,1832,0.00,0.99,4,0.5000,41.00,108,8,0.00,6,11.90,15.40,12.94,14.50
272401,7.81,14.84,3,14.36,13.60,8,14.58,187,0.51,0.49,1820,0.00,1.05,4,0.5000,39.50,108,9,0.00,6,11.17,13.68,10.98,14.50
272505,4.69,14.84,3,14.36,13.68,8,14.57,187,0.48,0.45,1775,0.00,1.00,4,0.5000,37.50,108,9,0.00,6,10.16,13.23,10.59,13.70
272609,0.00,14.84,3,14.36,13.60,8,14.57,187,0.47,0.45,1716,0.00,1.00,4,0.5000,37.00,108,10,0.00,6,9.72,13.07,10.59,13.20
272713,-3.91,14.84,3,14.36,13.60,8,14.57,187,0.47,0.47,1664,0.00,1.00,4,0.5000,36.50,108,10,0.00,6,9.58,13.02,10.59,13.10
272817,-7.03,14.84,3,14.36,13.52,8,14.57,187,0.47,0.48,1630,0.00,1.00,4,0.5000,36.00,108,11,0.00,6,9.58,12.86,10.59,13.10
272921,-9.38,14.84,3,14.36,13.60,8,14.57,187,0.47,0.47,1614,0.00,1.00,4,0.5000,36.00,108,11,0.00,6,9.58,12.85,10.20,13.10
273025,-11.72,14.84,3,14.36,13.68,8,14.57,187,0.46,0.45,1623,0.00,1.00,4,0.5000,35.00,108,11,0.00,6,9.72,10.91,6.27,13.40
273129,-12.50,14.84,2,14.36,13.52,8,14.58,187,0.42,0.36,1594,0.00,1.11,4,0.5000,30.00,108,12,0.00,6,8.71,8.35,5.10,13.50
273233,-14.06,14.06,2,14.36,13.52,8,14.58,187,0.36,0.31,1512,0.00,1.09,4,0.5000,25.50,108,12,0.00,6,7.40,7.48,4.71,13.30
273338,-17.19,13.28,2,14.36,13.68,8,14.59,187,0.34,0.31,1424,0.00,1.00,4,0.5000,22.00,108,12,0.00,6,6.53,7.04,4.71,13.00
273441,-19.53,13.28,2,14.36,13.60,8,14.60,187,0.33,0.31,1322,0.00,1.00,4,0.5000,20.00,106,13,0.00,6,6.24,6.78,4.31,12.50
273545,-23.44,12.50,2,14.36,13.68,8,14.60,187,0.32,0.31,1273,0.00,1.00,4,0.5000,18.00,106,13,0.00,6,5.80,6.56,4.31,12.30
273648,0.00,11.72,2,14.36,13.60,10,14.60,187,0.32,0.32,1222,0.00,1.00,4,0.5000,17.00,106,6,0.00,6,5.66,6.42,3.92,11.80
273753,0.00,10.94,2,14.36,13.68,10,14.61,187,0.32,0.32,1203,0.00,1.00,4,0.5000,17.00,106,1,0.00,6,5.66,6.24,3.92,11.60
273858,0.00,10.94,2,14.36,13.68,10,14.61,187,0.32,0.31,1174,0.00,1.00,4,0.5000,17.00,106,0,0.00,6,5.51,6.08,3.92,11.60
273962,0.00,10.16,2,14.36,13.68,10,14.62,187,0.32,0.31,1156,0.00,1.00,4,0.5000,17.00,106,0,0.00,6,5.51,6.01,3.92,11.90
274066,0.00,9.38,2,14.36,13.60,10,14.64,187,0.32,0.33,1066,0.00,1.00,4,0.5000,22.00,106,0,0.00,6,5.66,5.88,3.92,12.30
274171,0.00,9.38,2,14.36,13.60,10,14.66,187,0.33,0.35,998,0.00,1.00,4,0.5000,22.00,106,0,0.00,6,5.66,5.69,3.92,12.50
274275,0.00,8.59,2,14.36,13.68,10,14.66,187,0.34,0.37,936,0.00,1.00,4,0.5000,22.00,106,0,0.00,6,5.80,5.88,4.31,12.90
274379,0.00,8.59,2,14.36,13.60,10,14.68,187,0.36,0.39,902,0.00,1.00,4,0.5000,22.00,106,0,0.00,6,6.09,5.88,4.31,13.60
274483,0.00,7.81,2,14.36,13.68,10,14.67,187,0.37,0.41,850,0.00,1.00,4,0.5000,17.00,106,0,0.00,6,6.53,5.85,4.31,12.80
274587,0.00,7.81,2,14.36,13.60,10,14.63,187,0.35,0.34,1018,0.00,1.07,4,0.5000,17.00,106,0,0.00,6,6.82,5.69,3.92,16.40
274691,0.00,7.03,1,14.36,13.68,10,14.61,187,0.33,0.30,1139,0.00,1.08,4,0.5000,17.00,106,0,0.00,6,6.53,5.53,3.92,19.40
274795,0.00,6.25,1,14.36,13.68,10,14.60,187,0.30,0.27,1207,0.00,1.07,4,0.5000,17.00,106,0,0.00,6,6.09,5.37,3.92,21.90
274899,0.00,6.25,1,14.36,13.68,10,14.60,187,0.29,0.26,1234,0.00,1.00,4,0.5000,17.00,106,0,0.00,6,5.80,5.30,3.92,17.80
275003,0.00,6.25,1,14.36,13.68,10,14.60,187,0.27,0.26,1226,0.00,1.00,4,0.5000,17.00,106,0,0.00,6,5.51,5.43,4.31,11.90
275107,-0.78,6.25,1,14.36,13.68,8,14.60,187,0.27,0.27,1221,0.00,1.00,4,0.5000,17.00,106,0,0.00,6,5.37,5.46,4.31,11.90
275211,-3.91,6.25,1,14.36,13.68,8,14.61,187,0.27,0.27,1201,0.00,1.00,4,0.5000,17.00,106,0,0.00,6,5.37,5.43,4.31,11.40
275314,-7.81,6.25,1,14.36,13.76,8,14.61,187,0.27,0.27,1194,0.00,1.00,4,0.5000,17.00,106,0,0.00,6,5.37,5.37,3.92,11.40
275419,-11.72,6.25,1,14.36,13.60,8,14.61,187,0.27,0.27,1185,0.00,1.00,4,0.5000,17.00,106,0,0.00,6,5.37,5.24,3.92,11.40
275523,-14.06,6.25,1,14.36,13.68,8,14.61,187,0.27,0.26,1180,0.00,1.00,4,0.5000,17.00,106,0,0.00,6,5.37,5.18,3.92,11.50
275627,-16.41,6.25,1,14.36,13.60,8,14.61,187,0.26,0.26,1188,0.00,1.00,4,0.5000,17.00,106,0,0.00,6,5.37,5.11,3.92,11.50
275731,-17.97,6.25,1,14.36,13.60,8,14.61,187,0.26,0.26,1189,0.00,1.00,4,0.5000,17.00,106,0,0.00,6,5.37,5.05,3.92,11.60
275834,-20.31,6.25,1,14.36,13.76,8,14.61,187,0.26,0.26,1179,0.00,1.00,4,0.5000,17.00,106,0,0.00,6,5.22,5.02,3.92,11.60
275939,-21.88,6.25,1,14.36,13.68,8,14.61,187,0.26,0.26,1171,0.00,1.00,4,0.5000,17.00,106,0,0.00,6,5.37,4.99,3.92,11.80
276043,-23.44,6.25,1,14.36,13.68,8,14.62,187,0.26,0.26,1165,0.00,1.00,4,0.5000,17.00,106,0,0.00,6,5.37,4.99,3.92,12.10
276147,-24.22,6.25,1,14.36,13.60,8,14.61,187,0.26,0.26,1160,0.00,1.00,4,0.5000,17.00,106,0,0.00,6,5.37,4.93,3.92,12.20
276251,-25.00,6.25,1,14.36,13.68,8,14.62,187,0.26,0.26,1146,0.00,1.00,4,0.5000,17.00,106,0,0.00,6,5.37,4.87,3.92,12.40
276355,-25.00,6.25,1,14.36,13.68,8,14.62,187,0.25,0.26,1136,0.00,1.00,4,0.5000,17.00,106,0,0.00,6,5.37,4.81,3.92,12.60
276459,-25.00,6.25,1,14.36,13.60,8,14.62,187,0.25,0.25,1134,0.00,1.00,4,0.5000,17.00,106,0,0.00,6,5.37,4.81,3.92,12.80
276563,-25.00,6.25,1,14.36,13.60,8,14.62,187,0.25,0.25,1124,0.00,1.00,4,0.5000,17.00,106,0,0.00,6,5.37,4.74,3.92,13.00
276666,-25.00,6.25,1,14.36,13.60,8,14.63,187,0.25,0.25,1114,0.00,1.00,4,0.5000,17.00,106,0,0.00,6,5.37,4.69,3.92,13.10
276770,-25.00,6.25,1,14.36,13.68,8,14.63,187,0.25,0.26,1088,0.00,1.00,4,0.5000,18.50,106,0,0.00,6,5.37,4.72,4.71,13.40
276875,-25.00,6.25,1,14.36,13.68,8,14.63,187,0.26,0.27,1092,0.00,1.00,4,0.5000,20.50,106,0,0.00,6,5.37,2.62,4.71,13.60
276979,-25.00,6.25,1,14.36,13.68,8,14.63,187,0.27,0.29,1088,0.00,1.00,4,0.5000,21.50,106,0,0.00,6,5.66,5.59,5.88,13.70
277083,-25.00,6.25,2,14.36,13.68,8,14.62,187,0.28,0.31,1104,0.00,1.00,4,0.5000,22.00,106,0,0.00,6,5.95,5.95,5.88,13.90
277187,-15.62,5.47,2,14.36,13.28,8,14.62,187,0.30,0.32,1120,0.00,1.00,4,0.5000,22.50,106,0,0.00,6,6.38,6.14,5.88,14.00
277291,-14.84,5.47,2,14.36,13.60,8,14.60,187,0.31,0.31,1177,0.00,1.00,4,0.5000,23.50,106,0,0.00,6,6.67,6.21,6.27,14.10
277395,-13.28,5.47,2,14.36,13.68,8,14.60,187,0.31,0.31,1221,0.00,1.00,4,0.5000,24.00,106,0,0.00,6,6.82,6.25,6.27,14.30
277499,-8.59,4.69,2,14.36,13.68,8,14.60,185,0.30,0.30,1241,0.00,1.00,4,0.5000,24.00,106,0,0.00,6,6.82,6.29,6.27,16.10
277603,-7.03,4.69,2,14.36,13.68,8,14.60,185,0.30,0.30,1249,0.00,1.00,4,0.5000,24.00,106,0,0.00,6,6.82,6.33,6.27,15.30
277707,-6.25,4.69,2,14.36,13.68,8,14.60,185,0.30,0.30,1257,0.00,1.00,4,0.5000,24.00,106,0,0.00,6,6.82,6.55,7.06,15.70
277810,-5.47,4.69,2,14.36,13.60,8,14.60,185,0.31,0.33,1254,0.00,1.00,4,0.5000,24.50,106,0,0.00,6,6.96,7.07,7.45,15.50
277915,-4.69,3.91,2,14.36,13.68,8,14.60,185,0.33,0.35,1255,0.00,0.99,4,0.5000,25.00,106,0,0.00,6,7.25,7.33,7.45,15.40
278019,-3.12,3.91,2,14.36,13.68,8,14.60,185,0.34,0.35,1252,0.00,0.99,4,0.5000,25.50,106,0,0.00,6,7.55,7.44,7.45,15.50
278123,0.00,3.91,2,14.36,13.76,8,14.60,185,0.34,0.35,1264,0.00,0.99,4,0.5000,26.00,106,0,0.00,6,7.69,7.49,7.45,15.50
278227,3.12,3.91,2,14.36,13.68,8,14.60,185,0.35,0.35,1295,0.00,0.99,4,0.5000,26.00,106,0,0.00,6,7.84,7.50,7.45,15.80
278331,5.47,3.91,2,14.36,13.68,8,14.60,185,0.34,0.34,1312,0.00,0.99,4,0.5000,26.00,106,0,0.00,6,7.84,7.50,7.45,15.90
278435,5.47,3.12,2,14.36,13.60,8,14.60,185,0.34,0.34,1314,0.00,0.99,4,0.5000,26.50,106,0,0.00,6,7.84,7.47,7.45,15.80
278538,5.47,3.12,2,14.36,13.60,8,14.60,185,0.34,0.34,1318,0.00,0.99,4,0.5000,26.00,106,0,0.00,6,7.69,7.67,7.84,15.50
278643,5.47,3.12,2,14.36,13.68,8,14.59,185,0.35,0.35,1327,0.00,0.99,4,0.5000,26.50,106,0,0.00,6,7.69,7.92,7.84,15.20
278747,5.47,3.12,2,14.36,13.60,8,14.60,185,0.35,0.36,1328,0.00,0.99,4,0.5000,26.50,106,0,0.00,6,7.84,7.93,7.84,14.90
278851,5.47,3.12,2,14.36,13.60,8,14.60,185,0.36,0.36,1320,0.00,0.99,4,0.5000,27.00,106,0,0.00,6,7.98,8.01,7.84,14.80
278955,6.25,3.12,2,14.36,13.60,8,14.60,185,0.36,0.36,1337,0.00,0.99,4,0.5000,27.00,106,0,0.00,6,8.13,8.10,7.84,14.70
279058,7.03,0.78,2,14.36,13.60,8,14.59,185,0.36,0.37,1338,0.00,0.99,4,0.5000,27.00,106,0,0.00,6,8.13,7.99,7.45,14.90
279163,7.03,0.78,2,14.36,13.68,8,14.60,185,0.36,0.35,1325,0.00,0.99,4,0.5000,26.50,106,0,0.00,6,7.98,7.34,6.27,14.80
279267,7.03,0.78,2,14.36,13.52,8,14.60,185,0.34,0.32,1322,0.00,1.00,4,0.5000,25.50,106,0,0.00,6,7.55,6.91,6.27,14.80
279371,6.25,0.78,2,14.36,13.60,8,14.60,185,0.33,0.31,1311,0.00,1.00,4,0.5000,25.50,106,0,0.00,6,7.25,6.80,6.27,15.00
279474,4.69,0.78,2,14.36,13.52,8,14.60,185,0.32,0.32,1294,0.00,1.00,4,0.5000,25.00,106,0,0.00,6,7.11,6.82,6.27,14.50
279579,1.56,0.78,2,14.36,13.68,8,14.60,185,0.32,0.32,1265,0.00,1.00,4,0.5000,25.00,106,0,0.00,6,6.96,6.79,6.27,14.10
279683,0.00,0.78,2,14.36,13.68,8,14.60,185,0.32,0.33,1249,0.00,1.00,4,0.5000,24.50,106,0,0.00,6,6.96,6.80,6.27,14.00
279787,-0.78,0.78,2,14.36,13.68,8,14.60,185,0.33,0.33,1253,0.00,1.00,4,0.5000,24.50,106,0,0.00,6,6.96,6.77,6.27,13.70
279891,-0.78,0.78,2,14.36,13.68,8,14.60,185,0.33,0.33,1250,0.00,1.00,4,0.5000,24.50,106,0,0.00,6,6.96,6.71,6.27,13.70
279995,-0.78,0.78,2,14.36,13.60,8,14.60,185,0.32,0.32,1260,0.00,1.00,4,0.5000,24.50,106,0,0.00,6,6.96,6.68,6.27,13.90
280099,-0.78,0.78,2,14.36,13.60,8,14.60,185,0.32,0.32,1244,0.00,1.00,4,0.5000,24.50,106,0,0.00,6,6.96,6.70,6.27,14.00
280202,-1.56,0.78,2,14.36,13.68,8,14.60,185,0.32,0.33,1243,0.00,1.00,4,0.5000,24.50,106,0,0.00,6,6.96,6.70,6.27,14.10
280307,-1.56,0.78,2,14.36,13.60,8,14.60,185,0.32,0.32,1244,0.00,1.00,4,0.5000,24.50,106,0,0.00,6,6.96,6.72,6.27,14.20
280411,-1.56,0.78,2,14.36,13.68,8,14.60,185,0.32,0.32,1245,0.00,1.00,4,0.5000,24.50,106,0,0.00,6,6.96,6.73,6.27,14.50
280515,-0.78,0.78,2,14.36,13.60,8,14.60,185,0.32,0.32,1244,0.00,1.00,4,0.5000,24.50,106,0,0.00,6,7.11,6.74,6.27,14.50
280619,-0.78,0.78,2,14.36,13.60,8,14.60,185,0.33,0.33,1242,0.00,1.00,4,0.5000,24.50,106,0,0.00,6,7.11,6.71,6.27,14.50
280723,-0.78,0.78,2,14.36,13.60,8,14.60,185,0.33,0.33,1242,0.00,1.00,4,0.5000,24.50,106,0,0.00,6,7.11,6.73,6.27,14.50
280827,-0.78,0.78,2,14.36,13.60,8,14.60,185,0.33,0.33,1228,0.00,1.00,4,0.5000,24.50,106,0,0.00,6,7.11,6.73,6.27,14.50
280931,-0.78,0.78,2,14.36,13.68,8,14.60,185,0.33,0.33,1232,0.00,1.00,4,0.5000,24.50,106,0,0.00,6,7.11,6.71,6.27,14.50
281035,-0.78,0.78,2,14.36,13.60,8,14.60,185,0.33,0.32,1234,0.00,1.00,4,0.5000,24.50,106,0,0.00,6,7.25,6.68,4.71,14.50
281139,0.00,0.78,1,14.36,13.60,8,14.60,185,0.31,0.29,1245,0.00,1.07,4,0.5000,22.50,106,0,0.00,6,7.11,5.27,3.92,14.60
281243,0.00,0.78,1,14.36,13.68,8,14.60,185,0.28,0.25,1227,0.00,1.07,4,0.5000,20.50,106,0,0.00,6,6.38,4.93,3.92,14.60
281348,-0.78,0.78,1,14.36,13.68,8,14.61,185,0.27,0.25,1190,0.00,1.00,4,0.5000,19.00,106,0,0.00,6,5.95,4.81,3.92,14.80
281452,-0.78,1.56,1,14.36,13.68,8,14.62,185,0.26,0.25,1154,0.00,1.00,4,0.5000,18.00,106,0,0.00,6,5.80,4.78,3.92,14.50
281556,-2.34,1.56,1,14.36,13.68,10,14.62,185,0.26,0.25,1124,0.00,1.00,4,0.5000,22.00,106,0,0.00,6,5.80,4.74,3.92,14.40
281660,0.00,1.56,1,14.36,13.60,10,14.64,185,0.26,0.27,1051,0.00,1.00,4,0.5000,22.00,106,0,0.00,6,5.66,4.69,3.92,14.20
281764,0.00,2.34,1,14.36,13.04,10,14.65,185,0.26,0.27,1018,0.00,1.00,4,0.5000,22.00,106,0,0.00,6,5.66,4.52,3.92,14.00
281868,0.00,2.34,1,14.36,13.04,10,14.65,185,0.27,0.27,992,0.00,1.00,4,0.5000,22.00,106,0,0.00,6,5.80,4.55,4.31,13.90
281972,0.00,2.34,1,14.36,13.68,10,14.67,185,0.28,0.29,969,0.00,1.00,4,0.5000,22.00,106,0,0.00,6,5.80,4.78,4.31,13.90
282076,0.00,2.34,1,14.36,13.60,10,14.69,185,0.29,0.35,835,0.00,0.88,4,0.5000,22.00,106,0,0.00,6,6.09,4.90,4.31,14.10
282180,0.00,2.34,1,14.36,13.60,10,14.68,185,0.31,0.35,840,0.00,1.00,4,0.5000,18.50,106,0,0.00,6,6.67,4.87,3.92,14.20
282284,0.00,3.12,1,14.36,13.60,10,14.66,185,0.31,0.31,917,0.00,1.00,4,0.5000,14.50,106,0,0.00,6,6.96,4.69,3.92,16.70
282388,0.00,3.12,1,14.36,13.60,10,14.65,185,0.30,0.28,984,0.00,1.00,4,0.5000,12.00,106,0,0.00,6,6.82,4.55,3.92,16.40
282492,0.00,3.12,1,14.36,13.68,8,14.64,185,0.28,0.27,1031,0.00,1.00,4,0.5000,12.00,106,0,0.00,6,6.53,4.66,4.31,16.70
282596,-0.78,3.12,1,14.36,13.60,8,14.64,185,0.28,0.27,1048,0.00,1.00,4,0.5000,12.00,106,0,0.00,6,6.38,4.74,4.31,19.00
282700,-4.69,3.12,1,14.36,13.60,8,14.64,185,0.27,0.27,1052,0.00,1.00,4,0.5000,12.00,106,0,0.00,6,6.38,4.60,3.92,13.60
282804,-7.81,3.91,1,14.36,13.52,8,14.64,185,0.27,0.26,1031,0.00,1.00,4,0.5000,14.00,106,0,0.00,6,6.24,4.41,3.92,12.70
282908,-10.16,3.91,1,14.36,13.60,8,14.65,185,0.26,0.26,1018,0.00,1.00,4,0.5000,16.50,106,0,0.00,6,5.95,4.35,3.92,12.30
283012,-10.16,3.91,1,14.36,13.60,8,14.65,185,0.26,0.26,1000,0.00,1.00,4,0.5000,17.00,106,0,0.00,6,5.95,4.49,4.31,12.30
283116,-10.16,3.91,1,14.36,13.68,8,14.65,185,0.27,0.29,969,0.00,1.00,4,0.5000,17.00,106,0,0.00,6,6.09,4.74,4.31,12.50
283220,-10.94,6.25,1,14.36,13.68,8,14.66,185,0.28,0.30,958,0.00,1.00,4,0.5000,17.00,106,0,0.00,6,6.24,4.74,4.31,12.70
283324,-12.50,6.25,1,14.36,13.60,8,14.66,185,0.28,0.29,971,0.00,1.00,4,0.5000,17.00,106,0,0.00,6,6.38,4.69,4.31,12.70
283429,-12.50,6.25,1,14.36,13.60,8,14.66,185,0.28,0.29,968,0.00,1.00,4,0.5000,17.00,106,0,0.00,6,6.38,4.60,4.31,12.90
283532,-13.28,6.25,1,14.36,13.68,8,14.65,185,0.28,0.29,961,0.00,1.00,4,0.5000,17.00,106,0,0.00,6,6.53,4.63,4.31,13.00
283636,-13.28,6.25,1,14.36,13.60,8,14.66,185,0.28,0.28,976,0.00,1.00,4,0.5000,17.00,106,0,0.00,6,6.53,4.58,4.31,13.30
283740,-13.28,6.25,1,14.36,13.76,8,14.66,185,0.28,0.28,968,0.00,1.00,4,0.5000,17.00,106,0,0.00,6,6.53,4.58,4.31,13.40
283844,-14.06,6.25,1,14.36,13.60,8,14.66,185,0.28,0.29,949,0.00,1.00,4,0.5000,17.50,106,0,0.00,6,6.53,4.58,4.31,13.60
283948,-14.06,6.25,1,14.36,13.68,8,14.66,185,0.28,0.29,955,0.00,1.00,4,0.5000,17.00,106,0,0.00,6,6.53,4.58,4.31,13.70
284052,-14.84,6.25,1,14.36,13.60,8,14.66,185,0.28,0.29,946,0.00,1.00,4,0.5000,17.00,106,0,0.00,6,6.53,4.58,4.31,13.80
284156,-14.84,6.25,1,14.36,13.68,8,14.66,185,0.28,0.29,949,0.00,1.00,4,0.5000,18.50,106,0,0.00,6,6.67,4.58,4.31,13.90
284260,-14.84,6.25,1,14.36,13.68,8,14.66,185,0.29,0.29,941,0.00,1.00,4,0.5000,18.00,106,0,0.00,6,6.67,4.52,4.31,14.00
284365,-14.84,6.25,1,14.36,13.60,8,14.66,185,0.29,0.29,926,0.00,1.00,4,0.5000,18.00,106,0,0.00,6,6.67,4.58,4.31,14.10
284468,-14.84,6.25,1,14.36,13.52,8,14.66,185,0.29,0.29,938,0.00,1.00,4,0.5000,17.50,106,0,0.00,6,6.67,4.55,4.31,14.20
284572,-14.84,6.25,1,14.36,13.68,8,14.67,185,0.29,0.29,925,0.00,1.00,4,0.5000,17.50,106,0,0.00,6,6.67,4.52,4.31,14.20
284676,-14.84,6.25,1,14.36,13.60,8,14.66,185,0.29,0.30,919,0.00,1.00,4,0.5000,18.00,106,0,0.00,6,6.82,4.52,4.31,14.30
284780,-14.06,6.25,1,14.36,13.60,8,14.67,185,0.29,0.29,920,0.00,1.00,4,0.5000,17.50,108,0,0.00,6,6.82,4.52,4.31,14.20
284884,-14.06,6.25,1,14.36,13.60,8,14.66,185,0.29,0.30,913,0.00,1.00,4,0.5000,17.00,108,0,0.00,6,6.82,4.52,4.31,14.50
284988,-14.06,6.25,1,14.36,13.60,8,14.67,185,0.29,0.29,936,0.00,1.00,4,0.5000,17.00,108,0,0.00,6,6.82,4.46,4.31,14.50
285092,-14.06,6.25,1,14.36,13.60,8,14.66,185,0.29,0.28,938,0.00,1.00,4,0.5000,16.00,108,0,0.00,6,6.82,4.46,4.31,14.50
285196,-14.06,6.25,1,14.36,13.60,8,14.65,185,0.28,0.27,980,0.00,1.00,4,0.5000,12.50,108,0,0.00,6,6.82,4.46,4.31,14.40
285300,-13.28,6.25,1,14.36,13.68,8,14.64,185,0.27,0.26,1039,0.00,1.00,4,0.5000,12.00,108,0,0.00,6,6.67,4.46,4.31,14.90
285404,-13.28,6.25,1,14.36,13.68,8,14.64,185,0.26,0.25,1059,0.00,1.00,4,0.5000,12.00,108,0,0.00,6,6.38,4.46,4.31,14.80
285508,-13.28,6.25,1,14.36,13.60,8,14.64,185,0.26,0.25,1062,0.00,1.00,4,0.5000,12.00,108,0,0.00,6,6.38,4.41,3.92,14.80
285612,-12.50,6.25,1,14.36,13.60,8,14.64,185,0.25,0.24,1048,0.00,1.00,4,0.5000,12.50,108,0,0.00,6,6.24,4.24,3.92,14.90
285716,-11.72,6.25,1,14.36,13.60,8,14.64,185,0.25,0.24,1040,0.00,1.00,4,0.5000,14.00,108,0,0.00,6,6.09,4.19,3.92,15.20
285820,-11.72,6.25,1,14.36,13.68,8,14.64,185,0.24,0.24,1037,0.00,1.00,3,0.5000,15.00,108,0,0.00,6,6.09,4.19,3.92,15.10
285924,-10.94,6.25,1,14.36,13.60,8,14.64,185,0.24,0.24,1041,0.00,1.00,3,0.5000,16.50,108,0,0.00,6,6.09,4.19,3.92,15.20
286028,-10.16,6.25,1,14.36,13.60,8,14.64,185,0.24,0.24,1028,0.00,1.00,3,0.5000,16.50,108,0,0.00,6,5.95,4.19,3.92,15.30
286132,-10.16,6.25,1,14.36,13.60,8,14.65,185,0.24,0.24,1018,0.00,1.00,3,0.5000,16.50,108,0,0.00,6,5.95,4.19,3.92,15.20
286235,-9.38,6.25,1,14.36,13.52,8,14.65,185,0.24,0.25,1006,0.00,1.00,3,0.5000,17.00,108,0,0.00,6,5.95,4.19,3.92,15.30
286340,-9.38,6.25,1,14.36,13.76,8,14.65,185,0.25,0.26,1002,0.00,1.00,3,0.5000,17.00,108,0,0.00,6,5.95,4.49,4.71,15.50
286444,-9.38,6.25,1,14.36,13.60,8,14.65,185,0.26,0.28,997,0.00,1.00,3,0.5000,17.00,108,0,0.00,6,6.09,4.63,4.31,15.20
286548,-9.38,6.25,1,14.36,13.68,8,14.65,185,0.26,0.28,973,0.00,1.00,3,0.5000,17.00,108,0,0.00,6,6.38,4.49,4.31,15.20
286652,-9.38,6.25,1,14.36,13.68,8,14.65,185,0.27,0.27,994,0.00,1.00,3,0.5000,17.00,108,0,0.00,6,6.38,4.46,4.31,15.20
286757,-9.38,6.25,1,14.36,13.60,8,14.65,185,0.27,0.27,995,0.00,1.00,3,0.5000,17.00,108,0,0.00,6,6.38,4.46,4.31,15.10
286860,-8.59,6.25,1,14.36,13.76,8,14.65,185,0.27,0.27,978,0.00,1.00,3,0.5000,17.00,108,0,0.00,6,6.38,4.49,4.31,15.10
286964,-8.59,6.25,1,14.36,13.52,8,14.65,185,0.27,0.28,977,0.00,1.00,3,0.5000,17.50,108,0,0.00,6,6.53,4.52,4.31,15.10
287068,-8.59,6.25,1,14.36,13.68,8,14.66,185,0.27,0.28,980,0.00,1.00,3,0.5000,18.00,108,0,0.00,6,6.53,4.52,4.31,15.00
287172,-8.59,6.25,1,14.36,13.68,8,14.66,185,0.27,0.28,960,0.00,1.00,3,0.5000,17.00,108,0,0.00,6,6.53,4.52,4.31,14.90
287276,-8.59,6.25,1,14.36,13.60,8,14.65,185,0.27,0.28,961,0.00,1.00,3,0.5000,17.50,108,0,0.00,6,6.67,4.52,4.31,15.10
287380,-8.59,6.25,1,14.36,13.60,8,14.66,185,0.28,0.28,964,0.00,1.00,3,0.5000,18.00,108,0,0.00,6,6.67,4.52,4.31,14.80
287484,-8.59,6.25,1,14.36,13.68,8,14.66,185,0.28,0.28,953,0.00,1.00,3,0.5000,17.50,108,0,0.00,6,6.67,4.52,4.31,14.70
287588,-8.59,6.25,1,14.36,13.60,8,14.66,185,0.28,0.29,943,0.00,1.00,3,0.5000,19.00,108,0,0.00,6,6.82,4.49,4.31,14.70
287693,-8.59,6.25,1,14.36,13.68,8,14.66,185,0.28,0.28,949,0.00,1.00,3,0.5000,18.00,108,0,0.00,6,6.82,4.46,4.31,14.80
287796,-8.59,6.25,1,14.36,13.68,8,14.66,185,0.28,0.28,934,0.00,1.00,3,0.5000,18.50,108,0,0.00,6,6.82,4.46,4.31,14.90
287900,-8.59,6.25,1,14.36,13.60,8,14.67,185,0.28,0.29,922,0.00,1.00,3,0.5000,20.00,108,0,0.00,6,6.82,4.46,4.31,14.70
288004,-8.59,6.25,1,14.36,13.36,8,14.67,185,0.28,0.29,918,0.00,1.00,3,0.5000,20.00,108,0,0.00,6,6.96,4.46,4.31,14.60
288108,-8.59,6.25,1,14.36,13.60,8,14.67,185,0.29,0.30,894,0.00,1.00,3,0.5000,22.00,108,0,0.00,6,6.96,4.44,4.31,14.60
288212,-8.59,6.25,1,14.36,13.68,8,14.67,185,0.29,0.30,886,0.00,1.00,3,0.5000,20.00,108,0,0.00,6,7.11,4.41,4.31,14.50
288316,-8.59,6.25,1,14.36,13.60,8,14.67,185,0.29,0.30,896,0.00,1.00,3,0.5000,17.50,108,0,0.00,6,7.11,4.41,4.31,14.60
288420,-8.59,6.25,1,14.36,13.60,8,14.65,185,0.28,0.28,943,0.00,1.00,3,0.5000,16.00,108,0,0.00,6,7.11,4.41,4.31,14.70
288524,-8.59,6.25,1,14.36,13.60,8,14.65,185,0.28,0.27,989,0.00,1.00,3,0.5000,13.50,108,0,0.00,6,6.96,4.41,4.31,14.70
288628,-8.59,6.25,1,14.36,13.68,8,14.65,185,0.27,0.26,1001,0.00,1.00,3,0.5000,12.00,108,0,0.00,6,6.82,4.46,4.71,14.80
288732,-8.59,6.25,1,14.36,13.68,8,14.64,185,0.27,0.26,1028,0.00,1.00,3,0.5000,12.50,108,0,0.00,6,6.82,4.55,4.71,14.80
288837,-7.81,6.25,1,14.36,13.68,8,14.64,185,0.26,0.27,1046,0.00,1.00,3,0.5000,13.00,108,0,0.00,6,6.67,4.63,4.71,14.80
288940,-7.81,6.25,1,14.36,13.68,8,14.64,185,0.26,0.26,1052,0.00,1.00,3,0.5000,12.50,108,0,0.00,6,6.53,4.63,4.71,14.80
289044,-7.03,6.25,1,14.36,13.52,8,14.64,185,0.26,0.26,1050,0.00,1.00,3,0.5000,13.00,108,0,0.00,6,6.53,4.58,3.92,14.90
289148,-7.03,6.25,1,14.36,13.68,8,14.64,185,0.26,0.25,1044,0.00,1.00,3,0.5000,15.00,108,0,0.00,6,6.38,4.30,3.92,15.00
289252,-6.25,6.25,1,14.36,13.60,8,14.64,185,0.26,0.25,1021,0.00,1.00,3,0.5000,16.00,108,0,0.00,6,6.24,4.24,3.92,15.00
289356,-5.47,6.25,1,14.36,13.68,8,14.64,185,0.25,0.25,1031,0.00,1.00,2,0.5000,17.00,108,0,0.00,6,6.24,4.24,3.92,15.20
289460,-5.47,6.25,1,14.36,13.52,8,14.65,185,0.25,0.25,1012,0.00,1.00,2,0.5000,16.50,108,0,0.00,6,6.09,4.24,3.92,15.30
289564,-6.25,6.25,1,14.36,13.60,8,14.65,185,0.25,0.26,994,0.00,1.00,2,0.5000,17.50,108,0,0.00,6,6.09,4.41,5.10,15.20
289668,-6.25,6.25,1,14.36,13.68,8,14.65,185,0.26,0.28,967,0.00,1.00,2,0.5000,19.00,108,0,0.00,6,6.24,4.71,4.71,15.10
289772,-6.25,6.25,1,14.36,13.68,8,14.66,185,0.27,0.29,961,0.00,1.00,2,0.5000,18.00,108,0,0.00,6,6.53,4.58,4.31,15.00
289876,-6.25,6.25,1,14.36,13.68,8,14.66,185,0.28,0.28,949,0.00,1.00,2,0.5000,18.50,108,0,0.00,6,6.67,4.52,4.31,14.80
289980,-7.03,6.25,1,14.36,13.52,8,14.66,185,0.28,0.28,949,0.00,1.00,2,0.5000,18.50,108,0,0.00,6,6.67,4.46,4.71,14.80
290084,-7.03,6.25,1,14.36,13.60,8,14.66,185,0.28,0.28,954,0.00,1.00,2,0.5000,18.50,108,0,0.00,6,6.82,4.46,4.71,14.20
290189,-6.25,6.25,1,14.36,13.60,8,14.66,185,0.28,0.29,935,0.00,1.00,2,0.5000,20.00,108,0,0.00,6,6.82,4.52,4.71,14.70
290293,-6.25,6.25,1,14.36,13.68,8,14.67,185,0.28,0.30,930,0.00,1.00,2,0.5000,21.00,108,0,0.00,6,6.96,4.52,4.71,14.50
290397,-7.03,6.25,1,14.36,13.68,8,14.67,185,0.29,0.30,912,0.00,1.00,2,0.5000,21.00,108,0,0.00,6,6.96,4.52,4.71,14.60
290501,-7.03,6.25,1,14.36,13.68,8,14.67,185,0.29,0.30,892,0.00,1.00,2,0.5000,21.50,108,0,0.00,6,7.11,4.52,4.71,14.50
290604,-7.03,6.25,1,14.36,13.60,8,14.67,185,0.29,0.30,894,0.00,1.00,2,0.5000,20.50,108,0,0.00,6,7.11,4.52,4.31,14.60
290709,-7.03,6.25,1,14.36,13.52,8,14.67,185,0.30,0.30,884,0.00,1.00,2,0.5000,21.50,108,0,0.00,6,7.25,4.46,4.31,14.50
290813,-7.03,6.25,1,14.36,13.52,8,14.68,185,0.30,0.30,882,0.00,1.00,2,0.5000,21.00,108,0,0.00,6,7.25,4.41,4.31,14.60
290917,-7.03,6.25,1,14.36,13.60,8,14.68,185,0.30,0.31,865,0.00,1.00,2,0.5000,22.00,108,0,0.00,6,7.25,4.41,4.31,14.60
291020,-6.25,6.25,1,14.36,13.52,8,14.68,185,0.30,0.31,858,0.00,1.00,2,0.5000,22.00,108,0,0.00,6,7.40,4.41,4.31,14.60
291125,-6.25,6.25,1,14.36,13.60,8,14.69,185,0.31,0.32,824,0.00,1.00,2,0.5000,22.00,108,0,0.00,6,7.40,4.41,4.31,14.80
291228,-6.25,6.25,1,14.36,13.68,8,14.69,185,0.31,0.32,825,0.00,1.00,2,0.5000,22.00,108,0,0.00,6,7.55,4.41,4.31,14.70
291333,-6.25,6.25,1,14.36,13.68,8,14.69,185,0.31,0.33,815,0.00,1.00,2,0.5000,22.00,108,0,0.00,6,7.55,4.41,4.31,14.80
291437,-6.25,6.25,1,14.36,13.60,8,14.69,187,0.31,0.33,802,0.00,1.00,2,0.5000,22.00,108,0,0.00,6,7.69,4.35,4.31,14.80
291540,-6.25,6.25,1,14.36,13.68,8,14.69,187,0.32,0.32,804,0.00,1.00,2,0.5000,22.00,108,0,0.00,6,7.69,4.35,4.31,14.70
291645,-6.25,6.25,1,14.36,13.60,8,14.69,187,0.32,0.33,793,0.00,1.00,2,0.5000,22.00,108,0,0.00,6,7.84,4.35,4.31,14.80
291748,-6.25,6.25,1,14.36,13.60,8,14.69,187,0.32,0.33,794,0.00,1.00,2,0.5000,22.00,108,0,0.00,6,7.84,4.35,4.31,14.70
291853,-6.25,6.25,1,14.36,13.60,8,14.69,187,0.32,0.33,802,0.00,1.00,2,0.5000,21.00,108,0,0.00,6,7.84,4.35,4.31,14.80
291957,-5.47,6.25,1,14.36,13.68,8,14.69,187,0.32,0.33,793,0.00,1.00,2,0.5000,21.00,108,0,0.00,6,7.84,4.38,4.31,14.80
292061,-5.47,6.25,1,14.36,13.68,8,14.69,187,0.32,0.33,798,0.00,1.00,2,0.5000,19.00,108,0,0.00,6,7.84,4.35,4.31,14.80
292165,-5.47,6.25,1,14.36,13.68,8,14.69,187,0.32,0.32,810,0.00,1.00,2,0.5000,18.00,108,0,0.00,6,7.98,4.38,4.31,14.70
292269,-5.47,6.25,1,14.36,13.68,8,14.69,187,0.32,0.32,818,0.00,1.00,2,0.5000,17.50,108,0,0.00,6,7.84,4.38,4.31,14.80
292373,-5.47,6.25,1,14.36,13.44,8,14.69,187,0.32,0.32,835,0.00,1.00,2,0.5000,17.00,108,0,0.00,6,7.84,4.41,4.31,14.80
292477,-5.47,6.25,1,14.36,13.36,8,14.69,187,0.32,0.32,822,0.00,1.00,2,0.5000,17.50,108,0,0.00,6,7.84,4.41,4.31,14.80
292581,-5.47,6.25,1,14.36,13.60,8,14.69,187,0.32,0.32,820,0.00,1.00,2,0.5000,18.00,108,0,0.00,6,7.84,4.44,4.31,14.80
292685,-5.47,6.25,1,14.36,13.68,8,14.69,187,0.32,0.33,804,0.00,1.00,2,0.5000,19.00,108,0,0.00,6,7.98,4.46,4.31,14.90
292791,-4.69,6.25,1,14.36,13.52,8,14.69,187,0.32,0.33,805,0.00,1.00,2,0.5000,17.50,108,0,0.00,6,8.13,4.46,4.31,14.90
292894,-4.69,6.25,1,14.36,13.60,8,14.69,187,0.33,0.34,808,0.00,1.00,2,0.5000,18.50,108,0,0.00,6,8.13,4.46,4.31,14.80
292998,-4.69,6.25,1,14.36,13.60,8,14.69,187,0.33,0.34,788,0.00,1.00,2,0.5000,18.50,108,0,0.00,6,8.13,4.46,4.31,14.90
293101,-4.69,6.25,1,14.36,13.60,8,14.69,187,0.33,0.34,795,0.00,1.00,2,0.5000,18.50,108,0,0.00,6,8.13,4.46,4.31,14.80
293205,-3.91,6.25,1,14.36,13.68,8,14.69,187,0.33,0.34,784,0.00,1.00,2,0.5000,19.50,108,0,0.00,6,8.13,4.46,4.31,15.00
293309,-3.91,6.25,1,14.36,13.52,8,14.69,187,0.34,0.34,778,0.00,1.00,2,0.5000,19.00,108,0,0.00,6,8.13,4.46,4.31,15.00
293413,-3.91,6.25,1,14.36,13.60,8,14.69,187,0.34,0.34,785,0.00,1.00,2,0.5000,17.50,108,0,0.00,6,8.13,4.49,4.31,15.00
293517,-3.91,6.25,1,14.36,13.60,8,14.69,187,0.34,0.34,794,0.00,1.00,2,0.5000,17.00,108,0,0.00,6,8.13,4.52,4.31,15.10
293621,-3.91,6.25,1,14.36,13.68,8,14.69,187,0.33,0.33,821,0.00,1.00,2,0.5000,16.00,108,0,0.00,6,8.13,4.52,4.31,14.90
293725,-3.91,6.25,1,14.36,13.68,8,14.68,187,0.33,0.32,844,0.00,1.00,2,0.5000,16.00,108,0,0.00,6,8.13,4.52,4.31,14.80
293829,-3.91,6.25,1,14.36,13.60,8,14.68,187,0.32,0.32,850,0.00,1.00,2,0.5000,15.50,108,0,0.00,6,7.98,4.52,4.31,14.80
293933,-3.91,6.25,1,14.36,13.60,8,14.68,187,0.32,0.32,854,0.00,1.00,1,0.5000,16.00,108,0,0.00,6,7.98,4.55,4.31,14.70
294037,-3.91,6.25,1,14.36,13.60,8,14.69,187,0.32,0.33,834,0.00,1.00,1,0.5000,17.00,108,0,0.00,6,7.98,4.60,4.31,14.70
294141,-4.69,6.25,1,14.36,13.60,8,14.69,187,0.33,0.34,815,0.00,1.00,1,0.5000,17.00,108,0,0.00,6,7.98,4.66,4.71,14.70
294245,-3.91,6.25,1,14.36,13.60,8,14.69,187,0.33,0.35,800,0.00,1.00,1,0.5000,17.50,108,0,0.00,6,7.98,4.63,4.31,14.60
294349,-3.91,6.25,1,14.36,13.68,8,14.69,187,0.34,0.35,804,0.00,1.00,1,0.5000,17.00,108,0,0.00,6,7.98,4.63,4.31,14.60
294453,-3.91,6.25,1,14.36,13.68,8,14.69,187,0.34,0.35,801,0.00,1.00,1,0.5000,17.00,108,0,0.00,6,8.13,4.63,4.31,14.70
294557,-3.91,6.25,1,14.36,13.52,8,14.69,187,0.34,0.35,793,0.00,1.00,1,0.5000,18.00,108,0,0.00,6,8.13,4.58,4.31,14.70
294661,-3.91,6.25,1,14.36,13.60,8,14.69,187,0.34,0.35,796,0.00,1.00,1,0.5000,17.50,108,0,0.00,6,8.13,4.58,4.31,14.70
294765,-4.69,6.25,1,14.36,13.76,8,14.69,187,0.34,0.35,777,0.00,1.00,1,0.5000,18.50,108,0,0.00,6,8.13,4.55,4.31,14.70
294869,-4.69,6.25,1,14.36,13.60,8,14.69,187,0.35,0.35,773,0.00,1.00,1,0.5000,19.00,108,0,0.00,6,8.13,4.55,4.31,14.80
294973,-4.69,6.25,1,14.36,13.60,8,14.69,187,0.35,0.35,775,0.00,1.00,1,0.5000,18.50,108,0,0.00,6,8.13,4.55,4.31,14.60
295077,-4.69,5.47,1,14.36,13.60,8,14.69,187,0.35,0.36,765,0.00,1.00,1,0.5000,18.00,108,0,0.00,6,8.13,4.60,4.31,14.50
295181,-4.69,5.47,1,14.36,13.60,8,14.69,187,0.35,0.36,770,0.00,1.00,1,0.5000,18.00,108,0,0.00,6,8.27,4.58,4.31,14.50
295285,-5.47,5.47,1,14.36,13.60,8,14.69,187,0.35,0.35,775,0.00,1.00,1,0.5000,17.50,108,0,0.00,6,8.27,4.58,4.31,14.50
295389,-5.47,5.47,1,14.36,13.68,8,14.69,187,0.35,0.36,767,0.00,1.00,1,0.5000,18.00,108,0,0.00,6,8.27,4.58,4.31,14.30
295493,-5.47,5.47,1,14.36,13.60,8,14.69,187,0.35,0.36,763,0.00,1.00,1,0.5000,19.00,108,0,0.00,6,8.27,4.58,4.31,14.40
295597,-6.25,5.47,1,14.36,13.60,8,14.69,187,0.36,0.36,758,0.00,1.00,1,0.5000,17.50,108,0,0.00,6,8.27,4.58,4.31,14.40
295701,-6.25,5.47,1,14.36,13.60,8,14.69,187,0.36,0.36,760,0.00,1.00,1,0.5000,17.50,108,0,0.00,6,8.27,4.58,4.31,14.30
295805,-6.25,5.47,1,14.36,13.68,8,14.69,187,0.36,0.36,761,0.00,1.00,1,0.5000,17.50,108,0,0.00,6,8.27,4.58,4.31,14.30
295909,-6.25,5.47,1,14.36,13.60,8,14.69,187,0.36,0.36,772,0.00,1.00,1,0.5000,17.00,108,0,0.00,6,8.27,4.58,4.31,14.30
296013,-7.03,5.47,1,14.36,13.68,8,14.69,187,0.35,0.36,771,0.00,1.00,1,0.5000,17.00,108,0,0.00,6,8.27,4.60,4.31,14.30
296117,-7.03,5.47,1,14.36,13.52,8,14.69,187,0.35,0.35,773,0.00,1.00,1,0.5000,17.00,108,0,0.00,6,8.27,4.58,4.31,14.30
296221,-7.03,5.47,1,14.36,13.52,8,14.69,187,0.35,0.35,784,0.00,1.00,1,0.5000,17.00,108,0,0.00,6,8.27,4.55,4.31,14.30
296325,-7.03,5.47,1,14.36,13.68,8,14.69,187,0.35,0.36,768,0.00,1.00,1,0.5000,17.00,108,0,0.00,6,8.27,4.46,3.92,14.40
296429,-7.03,5.47,1,14.36,13.60,8,14.69,187,0.35,0.34,768,0.00,1.00,1,0.5000,17.00,108,0,0.00,6,8.27,4.41,3.92,14.30
296533,-7.81,5.47,1,14.36,13.68,8,14.69,187,0.35,0.34,773,0.00,1.00,1,0.5000,17.00,108,0,0.00,6,8.13,4.38,3.92,14.20
296637,-7.81,5.47,1,14.36,13.68,8,14.69,187,0.34,0.35,756,0.00,1.00,1,0.5000,17.00,108,0,0.00,6,8.13,4.38,3.92,14.30
296742,-7.81,5.47,1,14.36,13.60,8,14.69,187,0.34,0.35,759,0.00,1.00,1,0.5000,17.50,108,0,0.00,6,7.98,4.38,3.92,14.30
296845,-7.81,5.47,1,14.36,13.52,8,14.69,187,0.34,0.35,761,0.00,1.00,1,0.5000,17.00,108,0,0.00,6,8.13,4.38,3.92,14.40
296949,-7.81,5.47,1,14.36,13.68,8,14.69,187,0.35,0.36,740,0.00,1.00,1,0.5000,17.50,108,0,0.00,6,8.13,4.35,3.92,14.30
297053,-8.59,5.47,1,14.36,13.60,8,14.69,187,0.35,0.35,739,0.00,1.00,1,0.5000,19.00,108,0,0.00,6,8.13,4.33,3.92,14.30
297157,-8.59,5.47,1,14.36,13.60,8,14.69,187,0.35,0.35,732,0.00,1.00,1,0.5000,19.50,108,0,0.00,6,8.13,4.24,3.53,14.40
297261,-8.59,5.47,1,14.36,13.52,8,14.69,187,0.35,0.35,732,0.00,1.00,1,0.5000,18.00,108,0,0.00,6,8.13,4.19,3.92,14.30
297365,-8.59,5.47,1,14.36,13.68,8,14.69,187,0.35,0.35,725,0.00,1.00,1,0.5000,18.50,108,0,0.00,6,8.13,4.19,3.92,14.30
297469,-9.38,5.47,1,14.36,13.60,8,14.69,187,0.35,0.35,718,0.00,1.00,1,0.5000,20.00,108,0,0.00,6,7.98,4.16,3.92,14.40
297573,-9.38,5.47,1,14.36,13.68,8,14.69,187,0.35,0.35,709,0.00,1.00,1,0.5000,20.00,108,0,0.00,6,8.13,4.16,3.53,14.30
297678,-9.38,5.47,1,14.36,13.52,8,14.69,187,0.35,0.35,713,0.00,1.00,1,0.5000,19.50,108,0,0.00,6,8.13,4.14,3.92,14.40
297781,-10.16,5.47,1,14.36,13.68,8,14.69,187,0.35,0.35,703,0.00,1.00,1,0.5000,18.50,108,0,0.00,6,8.13,4.11,3.53,14.30
297885,-10.16,5.47,1,14.36,13.52,8,14.69,187,0.35,0.35,706,0.00,1.00,1,0.5000,19.50,108,0,0.00,6,8.13,4.05,3.53,14.30
297990,-10.16,5.47,1,14.36,13.60,8,14.69,187,0.34,0.34,700,0.00,1.00,1,0.5000,19.50,108,0,0.00,6,8.13,4.03,3.53,14.30
298093,-10.16,5.47,1,14.36,13.68,8,14.69,187,0.34,0.35,701,0.00,1.00,1,0.5000,19.00,108,0,0.00,6,8.13,4.03,3.53,14.20
298198,-10.94,5.47,1,14.36,13.52,8,14.69,187,0.34,0.35,699,0.00,1.00,1,0.5000,19.50,108,0,0.00,6,8.13,4.00,3.53,14.30
298302,-10.94,5.47,1,14.36,13.68,8,14.69,187,0.35,0.35,682,0.00,1.00,1,0.5000,19.50,108,0,0.00,6,8.13,4.00,3.53,14.30
298406,-10.94,5.47,1,14.36,13.52,8,14.69,187,0.35,0.36,674,0.00,1.00,1,0.5000,20.50,108,0,0.00,6,8.13,3.95,3.53,14.20
298509,-10.94,5.47,1,14.36,13.52,8,14.69,187,0.35,0.35,673,0.00,1.00,1,0.5000,20.50,108,0,0.00,6,8.13,3.95,3.53,14.30
298614,-10.94,5.47,1,14.36,13.68,8,14.69,187,0.35,0.35,670,0.00,1.00,1,0.5000,20.00,108,0,0.00,6,8.13,3.95,3.53,14.30
298718,-11.72,5.47,1,14.36,13.52,8,14.69,187,0.35,0.35,671,0.00,1.00,1,0.5000,20.00,108,0,0.00,6,8.27,3.92,3.53,14.30
298822,-11.72,5.47,1,14.36,13.52,8,14.69,187,0.35,0.35,667,0.00,1.00,1,0.5000,19.00,108,0,0.00,6,8.27,3.89,3.53,14.30
298926,-11.72,5.47,1,14.36,13.60,8,14.69,187,0.35,0.35,664,0.00,1.00,1,0.5000,19.00,108,0,0.00,6,8.27,3.84,3.53,14.40
299030,-11.72,5.47,1,14.36,13.52,8,14.69,187,0.35,0.34,669,0.00,1.00,1,0.5000,18.00,108,0,0.00,6,8.27,3.84,3.53,14.40
299134,-11.72,5.47,1,14.36,13.52,8,14.69,187,0.34,0.34,676,0.00,1.00,1,0.5000,18.50,108,0,0.00,6,8.27,3.84,3.53,14.50
299238,-11.72,5.47,1,14.36,13.60,8,14.69,187,0.34,0.34,677,0.00,1.00,1,0.5000,18.00,108,0,0.00,6,8.27,3.84,3.53,14.50
299341,-11.72,5.47,1,14.36,13.60,8,14.69,187,0.34,0.34,670,0.00,1.00,1,0.5000,18.50,108,0,0.00,6,8.27,3.81,3.53,14.50
299446,-11.72,5.47,1,14.36,13.44,8,14.69,187,0.34,0.34,663,0.00,1.00,1,0.5000,19.00,108,0,0.00,6,8.27,3.81,3.53,14.50
299550,-11.72,5.47,1,14.36,13.52,8,14.69,187,0.34,0.35,655,0.00,1.00,1,0.5000,18.50,108,0,0.00,6,8.27,3.79,3.53,14.50
299654,-11.72,5.47,1,14.36,13.68,8,14.69,187,0.35,0.35,647,0.00,1.00,1,0.5000,19.00,108,0,0.00,6,8.27,3.81,3.53,14.60
299757,-10.94,5.47,1,14.36,13.52,8,14.69,187,0.35,0.35,646,0.00,1.00,1,0.5000,19.00,108,0,0.00,6,8.27,3.79,3.53,14.70
299862,-10.94,5.47,1,14.36,13.52,8,14.69,187,0.35,0.35,646,0.00,1.00,1,0.5000,19.50,108,0,0.00,6,8.42,3.79,3.53,14.80
299966,-10.94,5.47,1,14.36,13.44,8,14.69,187,0.35,0.35,640,0.00,1.00,1,0.5000,19.00,108,0,0.00,6,8.42,3.79,3.53,14.80
300070,-10.94,5.47,1,14.36,13.60,8,14.69,187,0.35,0.35,646,0.00,1.00,1,0.5000,18.50,108,0,0.00,6,8.42,3.79,3.53,14.80
300174,-10.94,5.47,1,14.36,13.60,8,14.69,187,0.35,0.35,651,0.00,1.00,1,0.5000,17.50,108,0,0.00,6,8.42,3.77,3.53,14.80
300278,-10.94,5.47,1,14.36,13.52,8,14.69,187,0.35,0.35,653,0.00,1.00,1,0.5000,18.00,108,0,0.00,6,8.42,3.79,3.53,14.80
300382,-10.16,5.47,1,14.36,13.52,8,14.69,187,0.35,0.35,647,0.00,1.00,1,0.5000,18.00,108,0,0.00,6,8.42,3.77,3.53,15.10
300486,-10.16,5.47,1,14.36,13.60,8,14.69,187,0.35,0.36,636,0.00,1.00,1,0.5000,17.50,108,0,0.00,6,8.42,3.77,3.53,15.10
300591,-10.16,5.47,1,14.36,13.60,8,14.69,187,0.35,0.35,638,0.00,1.00,1,0.5000,17.00,108,0,0.00,6,8.42,3.74,3.53,15.00
300694,-10.16,5.47,1,14.36,13.52,8,14.69,187,0.35,0.35,646,0.00,1.00,1,0.5000,17.50,108,0,0.00,6,8.42,3.77,3.53,15.20
300798,-10.16,5.47,1,14.36,13.44,8,14.69,187,0.35,0.35,643,0.00,1.00,1,0.5000,17.50,108,0,0.00,6,8.42,3.77,3.53,15.20
300902,-10.16,5.47,1,14.36,13.68,8,14.69,187,0.35,0.35,648,0.00,1.00,1,0.5000,17.50,108,0,0.00,6,8.56,3.77,3.53,15.10
301006,-10.16,5.47,1,14.36,13.60,8,14.69,187,0.35,0.34,651,0.00,1.00,1,0.5000,17.00,108,0,0.00,6,8.42,3.74,3.53,15.10
301110,-9.38,5.47,1,14.36,13.60,8,14.69,187,0.35,0.34,656,0.00,1.00,1,0.5000,17.00,108,0,0.00,6,8.42,3.77,3.53,15.20
301214,-9.38,5.47,1,14.36,13.52,8,14.69,187,0.35,0.35,661,0.00,1.00,1,0.5000,17.00,108,0,0.00,6,8.42,3.77,3.53,15.10
301318,-9.38,5.47,1,14.36,13.68,8,14.69,187,0.34,0.35,651,0.00,1.00,1,0.5000,17.00,108,0,0.00,6,8.42,3.74,3.53,15.20
301422,-9.38,5.47,1,14.36,13.60,8,14.69,187,0.34,0.34,653,0.00,1.00,1,0.5000,17.00,108,0,0.00,6,8.42,3.74,3.53,15.10
301526,-9.38,5.47,1,14.36,13.60,8,14.69,187,0.34,0.34,652,0.00,1.00,1,0.5000,17.00,108,0,0.00,6,8.42,3.74,3.53,15.10
301629,-9.38,5.47,1,14.36,13.52,8,14.69,187,0.34,0.34,656,0.00,1.00,1,0.5000,17.00,108,0,0.00,6,8.42,3.74,3.53,15.10
301734,-9.38,5.47,1,14.36,13.52,8,14.69,187,0.34,0.35,643,0.00,1.00,1,0.5000,17.50,108,0,0.00,6,8.42,3.74,3.53,15.10
301838,-8.59,5.47,1,14.36,13.60,8,14.69,187,0.35,0.35,643,0.00,1.00,1,0.5000,17.50,108,0,0.00,6,8.42,3.72,3.53,15.20
301942,-8.59,5.47,1,14.36,13.52,8,14.69,187,0.35,0.35,639,0.00,1.00,1,0.5000,17.00,108,0,0.00,6,8.42,3.69,3.53,15.10
302045,-8.59,5.47,1,14.36,13.44,8,14.69,187,0.35,0.35,640,0.00,1.00,1,0.5000,17.00,108,0,0.00,6,8.42,3.72,3.53,15.00
302150,-8.59,5.47,1,14.36,13.60,8,14.69,187,0.35,0.35,637,0.00,1.00,1,0.5000,17.00,108,0,0.00,6,8.56,3.72,3.53,15.00
302254,-8.59,5.47,1,14.36,13.52,8,14.69,187,0.35,0.35,642,0.00,1.00,1,0.5000,17.00,108,0,0.00,6,8.56,3.72,3.53,15.00
302357,-8.59,5.47,1,14.36,13.52,8,14.69,189,0.35,0.35,634,0.00,1.00,1,0.5000,17.00,108,0,0.00,6,8.56,3.74,3.53,15.10
302462,-7.81,5.47,1,14.36,13.52,8,14.69,189,0.34,0.34,654,0.00,1.00,1,0.5000,16.50,108,0,0.00,6,8.56,3.74,3.53,15.10
302566,-7.81,5.47,1,14.36,13.76,8,14.69,189,0.34,0.33,683,0.00,1.00,1,0.5000,19.50,108,0,0.00,6,8.56,3.72,3.92,15.20
302670,-7.81,5.47,1,14.36,13.60,8,14.69,189,0.34,0.32,690,0.00,1.00,1,0.5000,19.50,108,0,0.00,6,8.42,4.53,7.45,15.20
302774,-7.81,5.47,2,14.36,13.68,8,14.69,189,0.37,0.43,720,0.00,0.84,1,0.5000,20.00,108,0,0.00,6,8.71,5.70,7.45,15.20
302878,-7.81,5.47,2,14.36,13.60,8,14.69,189,0.39,0.49,767,0.00,0.86,1,0.5000,21.50,108,0,0.00,6,10.01,6.58,9.41,15.20
302982,-6.25,4.69,2,14.36,13.68,8,14.67,189,0.42,0.47,871,0.00,0.91,1,0.5000,23.50,108,0,0.00,6,10.88,7.09,9.02,15.10
303085,-4.69,4.69,2,14.36,13.68,8,14.64,189,0.43,0.44,946,0.00,0.99,1,0.5000,25.00,108,0,0.00,6,11.17,7.17,9.02,15.20
303190,0.00,4.69,2,14.36,13.68,8,14.63,189,0.42,0.41,1052,0.00,0.99,1,0.5000,25.50,108,0,0.00,6,11.17,7.22,8.24,15.50
303294,4.69,4.69,2,14.36,13.68,8,14.62,189,0.40,0.39,1118,0.00,0.99,1,0.5000,25.50,108,0,0.00,6,10.88,7.33,8.24,16.20
303398,10.16,3.91,2,14.36,13.52,8,14.61,189,0.39,0.38,1167,0.00,0.99,1,0.5000,26.00,108,0,0.00,7,10.45,7.23,7.84,16.50
303502,14.06,3.91,2,14.36,13.68,8,14.60,189,0.38,0.36,1205,0.00,1.00,1,0.5000,25.50,108,0,0.00,7,9.72,7.34,7.84,17.00
303606,15.62,3.91,2,14.36,13.76,8,14.60,189,0.37,0.37,1212,0.00,1.00,1,0.5000,25.50,108,0,0.00,7,9.43,7.46,7.84,16.50
303709,15.62,3.91,2,14.36,13.20,8,14.60,189,0.37,0.37,1212,0.00,1.00,1,0.5000,25.50,108,0,0.00,7,9.29,7.59,9.02,16.20
303814,15.62,3.91,2,14.36,13.52,8,14.61,189,0.39,0.40,1210,0.00,1.00,1,0.5000,25.50,108,0,0.00,7,9.14,8.48,9.02,15.70
303918,14.84,3.12,2,14.36,13.52,8,14.61,189,0.40,0.42,1203,0.00,1.00,1,0.5000,26.00,108,0,0.00,7,9.58,8.58,8.63,15.30
304022,15.62,3.12,2,14.36,13.60,8,14.60,189,0.41,0.42,1207,0.00,1.00,1,0.5000,26.50,108,0,0.00,7,9.72,8.48,8.63,15.10
304126,17.19,3.12,2,14.36,13.60,8,14.60,189,0.42,0.42,1225,0.00,1.00,1,0.5000,26.50,108,0,0.00,7,9.87,8.60,8.63,15.20
304230,17.97,3.12,2,14.36,13.68,8,14.60,189,0.42,0.43,1204,0.00,1.00,1,0.5000,26.50,108,0,0.00,7,9.87,8.70,8.63,15.20
304334,17.97,3.12,2,14.36,13.52,8,14.60,189,0.43,0.44,1200,0.00,1.00,1,0.5000,27.00,108,0,0.00,7,10.01,8.67,9.02,15.20
304438,17.97,3.12,2,14.36,13.52,8,14.60,189,0.43,0.43,1203,0.00,1.00,1,0.5000,27.50,108,0,0.00,7,10.01,8.81,9.02,15.00
304542,17.19,0.78,2,14.36,13.68,8,14.60,189,0.43,0.43,1220,0.00,1.00,1,0.5000,27.50,108,0,0.00,7,10.01,8.83,8.63,14.90
304646,17.19,0.78,2,14.36,13.60,8,14.60,189,0.43,0.43,1233,0.00,1.00,1,0.5000,27.50,108,0,0.00,7,9.87,8.67,8.24,14.50
304750,16.41,0.78,2,14.36,13.68,8,14.60,189,0.42,0.41,1240,0.00,1.00,1,0.5000,27.50,108,0,0.00,7,9.72,8.57,8.24,14.30
304854,16.41,0.78,2,14.36,13.68,8,14.60,189,0.42,0.41,1262,0.00,1.00,1,0.5000,27.50,108,0,0.00,7,9.58,8.58,8.24,14.40
304958,15.62,0.78,2,14.36,13.60,8,14.60,189,0.41,0.41,1263,0.00,1.00,1,0.5000,27.50,108,0,0.00,7,9.43,8.74,8.63,14.40
305062,14.84,0.78,2,14.36,13.60,8,14.60,189,0.42,0.42,1267,0.00,1.00,1,0.5000,27.50,108,0,0.00,7,9.43,8.95,8.63,14.30
305166,14.84,0.78,2,14.36,13.60,8,14.60,189,0.42,0.43,1260,0.00,1.00,1,0.5000,28.00,108,0,0.00,7,9.43,9.08,8.63,14.30
305270,15.62,0.78,2,14.36,13.60,8,14.60,189,0.42,0.42,1268,0.00,1.00,1,0.5000,28.00,108,0,0.00,7,9.58,8.99,8.63,14.40
305374,15.62,0.78,2,14.36,13.60,8,14.60,189,0.42,0.42,1293,0.00,1.00,1,0.5000,28.00,108,0,0.00,7,9.43,9.21,9.41,14.50
305478,15.62,0.78,2,14.36,13.52,8,14.60,189,0.43,0.44,1302,0.00,1.00,1,0.5000,28.50,108,0,0.00,7,9.58,9.58,9.41,14.50
305582,15.62,0.78,2,14.36,13.60,8,14.60,189,0.43,0.44,1309,0.00,1.00,1,0.5000,29.00,108,0,0.00,7,9.58,9.58,9.41,14.50
305686,15.62,0.78,2,14.36,13.60,8,14.59,189,0.43,0.43,1323,0.00,1.00,1,0.5000,29.50,108,0,0.00,7,9.72,9.58,9.41,14.50
305790,15.62,0.78,2,14.36,13.68,8,14.59,189,0.43,0.42,1354,0.00,1.00,1,0.5000,29.50,108,0,0.00,7,9.58,9.58,9.41,14.50
305894,15.62,0.78,2,14.36,13.60,8,14.59,189,0.43,0.43,1360,0.00,1.00,1,0.5000,29.50,108,0,0.00,7,9.58,9.40,8.63,14.50
305998,14.84,0.78,2,14.36,13.52,8,14.59,189,0.42,0.41,1368,0.00,1.00,1,0.5000,29.00,108,0,0.00,7,9.43,9.35,8.63,14.40
306102,13.28,0.78,2,14.36,13.52,8,14.59,189,0.41,0.41,1382,0.00,1.00,1,0.5000,29.00,108,0,0.00,7,9.14,9.31,8.63,14.40
306206,10.94,0.78,2,14.36,13.52,8,14.59,189,0.41,0.41,1369,0.00,1.00,1,0.5000,29.00,108,0,0.00,7,9.14,9.35,8.63,14.20
306310,10.16,0.78,2,14.36,13.68,8,14.59,189,0.41,0.40,1390,0.00,1.00,1,0.5000,29.00,108,0,0.00,7,9.00,9.26,8.24,13.90
306414,8.59,0.78,2,14.36,13.60,8,14.59,189,0.40,0.39,1388,0.00,1.00,1,0.5000,29.00,108,0,0.00,7,8.85,8.78,7.84,13.80
306518,7.81,0.78,2,14.36,13.44,8,14.59,189,0.39,0.37,1394,0.00,1.00,1,0.5000,28.50,108,0,0.00,7,8.56,8.54,7.45,13.80
306622,5.47,0.78,2,14.36,13.52,8,14.59,189,0.37,0.36,1406,0.00,1.00,1,0.5000,28.50,108,0,0.00,7,8.27,8.46,7.45,13.80
306726,3.12,0.78,2,14.36,13.52,8,14.59,189,0.37,0.36,1398,0.00,1.00,1,0.5000,28.00,108,0,0.00,7,8.13,7.86,6.27,13.70
306830,1.56,0.78,2,14.36,13.60,8,14.59,189,0.35,0.33,1406,0.00,1.00,1,0.5000,27.00,108,0,0.00,7,7.69,7.49,6.67,13.60
306934,0.78,0.78,2,14.36,13.60,8,14.59,189,0.34,0.33,1384,0.00,1.00,1,0.5000,27.00,108,0,0.00,7,7.55,7.56,6.67,13.60
307038,-0.78,0.78,2,14.36,13.36,8,14.59,189,0.33,0.32,1394,0.00,1.00,1,0.5000,26.50,108,0,0.00,7,7.40,7.53,6.67,13.70
307142,-2.34,0.78,2,14.36,13.60,8,14.59,189,0.33,0.32,1389,0.00,1.00,1,0.5000,26.50,108,0,0.00,7,7.25,7.23,6.27,13.70
307246,-2.34,0.78,2,14.36,13.52,8,14.59,189,0.32,0.31,1369,0.00,1.00,1,0.5000,26.00,108,0,0.00,7,6.96,7.12,6.27,13.80
307350,-2.34,0.78,2,14.36,13.60,8,14.59,189,0.32,0.31,1374,0.00,1.00,1,0.5000,26.00,108,0,0.00,7,6.82,7.52,7.45,14.10
307454,-3.12,0.78,2,14.36,13.60,8,14.59,189,0.33,0.34,1359,0.00,1.00,1,0.5000,26.50,108,0,0.00,7,6.96,8.05,7.84,14.10
307559,-3.12,0.78,2,14.36,13.52,8,14.59,189,0.34,0.36,1360,0.00,1.00,1,0.5000,27.00,108,0,0.00,7,7.25,8.33,7.84,14.30
307662,-2.34,0.78,2,14.36,13.60,8,14.59,189,0.35,0.37,1380,0.00,1.00,1,0.5000,27.50,108,0,0.00,7,7.55,8.65,8.63,14.40
307766,0.00,0.78,2,14.36,13.60,8,14.59,189,0.37,0.38,1388,0.00,0.99,1,0.5000,28.00,109,0,0.00,7,7.84,9.22,8.63,14.70
307870,1.56,0.78,2,14.36,13.68,8,14.59,189,0.38,0.40,1423,0.00,0.99,1,0.5000,29.00,109,0,0.00,7,8.13,9.43,8.63,15.10
307974,3.91,0.78,2,14.36,13.52,8,14.59,189,0.39,0.40,1430,0.00,0.99,1,0.5000,29.50,109,0,0.00,7,8.42,9.44,8.63,15.50
308078,7.03,0.78,2,14.36,13.60,8,14.58,189,0.39,0.39,1469,0.00,0.99,1,0.5000,29.50,109,0,0.00,7,8.42,9.45,8.63,15.40
308182,7.03,0.78,2,14.36,13.68,8,14.58,189,0.39,0.39,1470,0.00,0.99,1,0.5000,30.00,109,0,0.00,7,8.56,9.47,8.63,15.50
308286,7.03,0.78,2,14.36,13.52,8,14.58,189,0.38,0.38,1498,0.00,0.99,1,0.5000,30.00,109,0,0.00,7,8.56,9.47,8.63,15.30
308390,7.03,0.78,2,14.36,13.52,8,14.58,189,0.38,0.38,1492,0.00,0.99,1,0.5000,30.00,109,0,0.00,7,8.56,9.61,8.63,14.90
308494,6.25,0.78,2,14.36,13.52,8,14.58,189,0.38,0.38,1504,0.00,0.99,1,0.5000,30.50,109,0,0.00,7,8.56,9.65,8.63,15.10
308598,7.03,0.78,2,14.36,13.52,8,14.58,189,0.38,0.38,1525,0.00,0.99,1,0.5000,30.50,109,0,0.00,7,8.56,9.75,8.63,14.60
308702,7.03,0.78,2,14.36,13.52,8,14.58,189,0.38,0.38,1529,0.00,0.99,1,0.5000,30.50,109,0,0.00,7,8.42,9.56,8.63,14.50
308806,7.81,0.78,2,14.36,13.60,8,14.58,189,0.37,0.37,1556,0.00,0.99,1,0.5000,30.50,109,0,0.00,7,8.42,9.47,8.63,14.80
308910,7.03,0.78,2,14.36,13.60,8,14.58,189,0.37,0.36,1563,0.00,0.99,1,0.5000,30.50,109,1,0.00,7,8.27,9.43,8.63,14.50
309014,6.25,0.78,2,14.36,13.36,8,14.58,189,0.37,0.36,1556,0.00,0.99,1,0.5000,30.50,109,1,0.00,7,8.13,9.47,8.63,14.30
309118,6.25,0.78,2,14.36,13.60,8,14.58,189,0.37,0.37,1561,0.00,0.99,1,0.5000,30.50,109,1,0.00,7,8.13,9.65,8.63,14.30
309222,5.47,0.78,2,14.36,13.60,8,14.58,189,0.37,0.37,1587,0.00,0.99,1,0.5000,31.00,109,1,0.00,7,8.13,9.70,8.63,14.30
309326,4.69,0.78,2,14.36,13.68,8,14.57,189,0.37,0.37,1599,0.00,0.99,1,0.5000,31.00,109,1,0.00,7,8.13,9.83,8.63,14.40
309430,5.47,0.78,2,14.36,13.60,8,14.58,189,0.37,0.37,1594,0.00,0.99,1,0.5000,31.00,109,2,0.00,7,8.13,9.83,8.63,14.40
309534,5.47,0.78,2,14.36,13.52,8,14.57,189,0.37,0.37,1600,0.00,0.99,1,0.5000,31.00,109,1,0.00,7,8.13,9.66,8.63,14.40
309638,5.47,0.78,2,14.36,13.52,8,14.57,189,0.36,0.36,1617,0.00,0.99,1,0.5000,31.00,109,2,0.00,7,7.98,9.52,9.02,14.50
309742,5.47,0.78,3,14.36,13.60,8,14.57,189,0.38,0.38,1621,0.00,0.91,1,0.5000,32.00,109,2,0.00,7,7.98,11.96,12.94,14.50
309846,4.69,1.56,3,14.36,13.68,8,14.57,189,0.42,0.46,1666,0.00,0.89,1,0.5000,35.50,109,2,0.00,7,9.00,13.58,13.73,14.50
309950,3.91,2.34,3,14.36,13.60,8,14.57,189,0.45,0.47,1706,0.00,0.99,1,0.5000,37.00,109,3,0.00,7,10.16,13.58,13.73,14.30
310054,6.25,2.34,3,14.36,13.52,8,14.57,189,0.46,0.47,1744,0.00,0.99,1,0.5000,37.50,109,3,0.00,7,10.45,13.84,13.73,15.60
310158,12.50,3.12,3,14.36,13.52,8,14.57,189,0.46,0.46,1776,0.00,0.99,1,0.5000,38.00,109,3,0.00,7,10.59,13.79,13.73,16.10
310262,17.97,3.91,3,14.36,13.60,8,14.57,189,0.46,0.46,1816,0.00,0.99,1,0.5000,38.00,109,3,0.00,7,10.59,13.96,13.73,16.30
310366,20.31,4.69,3,14.36,13.60,8,14.57,189,0.46,0.46,1847,0.00,0.99,1,0.5000,38.00,109,4,0.00,7,10.45,13.96,13.73,16.10
310470,20.31,4.69,3,14.36,13.60,8,14.57,189,0.45,0.45,1852,0.00,0.99,1,0.5000,38.00,109,4,0.00,7,10.45,14.08,13.73,15.50
310574,20.31,5.47,3,14.36,13.36,8,14.57,189,0.46,0.46,1849,0.00,0.99,1,0.5000,23.00,109,5,0.00,7,10.45,14.31,14.12,15.10
310678,21.09,6.25,3,14.36,13.60,8,14.57,189,0.47,0.48,1775,0.00,0.99,1,0.5000,26.50,109,5,0.00,7,10.59,14.29,14.12,15.10
310783,21.09,6.25,3,14.36,13.52,8,14.57,189,0.49,0.50,1681,0.00,0.99,1,0.5000,38.00,109,6,0.00,7,10.88,14.05,14.12,14.70
310886,21.09,7.03,3,14.36,13.60,8,14.58,189,0.51,0.52,1648,0.00,0.99,1,0.5000,38.50,109,7,0.00,7,11.17,14.55,15.29,14.60
310990,20.31,7.03,3,14.36,13.60,8,14.58,189,0.52,0.53,1639,0.00,0.99,1,0.5000,39.00,109,7,0.00,7,11.61,14.52,15.29,14.50
311094,19.53,7.81,3,14.36,13.44,8,14.58,189,0.52,0.53,1643,0.00,0.99,1,0.5000,39.50,109,7,0.00,7,11.75,14.39,15.29,14.40
311202,18.75,7.81,3,14.36,13.52,8,14.58,189,0.53,0.53,1642,0.00,0.99,1,0.5000,39.50,109,8,0.00,7,11.90,14.33,15.29,14.30
311303,17.97,8.59,3,14.36,13.68,8,14.58,189,0.52,0.52,1647,0.00,0.99,2,0.5000,39.50,109,8,0.00,7,11.90,14.21,14.51,14.10
311406,16.41,8.59,3,14.36,13.68,8,14.58,189,0.52,0.51,1641,0.00,0.99,2,0.5000,39.00,109,8,0.00,7,11.75,14.10,14.51,14.10
311510,14.84,8.59,3,14.36,13.52,8,14.58,189,0.52,0.51,1641,0.00,0.99,2,0.5000,39.00,109,9,0.00,7,11.61,14.27,14.51,14.00
311614,13.28,9.38,3,14.36,13.44,8,14.58,189,0.52,0.52,1643,0.00,0.99,2,0.5000,39.00,109,9,0.00,7,11.61,14.39,14.51,13.90
311718,12.50,9.38,3,14.36,13.60,8,14.58,189,0.52,0.53,1644,0.00,0.99,2,0.5000,39.00,109,9,0.00,7,11.61,14.28,14.51,14.00
311822,11.72,10.16,3,14.36,13.52,8,14.58,189,0.52,0.52,1662,0.00,0.99,2,0.5000,39.00,109,9,0.00,7,11.61,14.39,14.51,14.00
311926,10.94,10.16,3,14.36,13.60,8,14.58,189,0.52,0.52,1670,0.00,0.99,2,0.5000,39.50,109,10,0.00,7,11.61,14.45,14.51,14.10
312030,10.16,10.16,3,14.36,13.36,8,14.58,189,0.52,0.52,1677,0.00,0.99,2,0.5000,39.50,109,10,0.00,7,11.61,14.33,14.51,14.20
312134,10.16,10.16,3,14.36,13.52,8,14.58,189,0.52,0.51,1683,0.00,0.99,2,0.5000,39.00,109,11,0.00,7,11.61,13.93,12.94,14.20
312238,9.38,10.94,3,14.36,12.64,8,14.58,189,0.50,0.49,1672,0.00,0.99,2,0.5000,38.00,109,11,0.00,7,11.17,13.51,12.55,14.30
312343,8.59,10.94,3,14.36,12.96,8,14.57,189,0.49,0.48,1659,0.00,0.99,2,0.5000,37.50,109,12,0.00,7,10.88,13.51,12.55,14.10
312446,6.25,10.94,3,14.36,13.52,8,14.58,189,0.50,0.50,1620,0.00,0.99,2,0.5000,37.50,109,12,0.00,7,10.88,13.52,12.55,14.10
312551,5.47,11.72,3,14.36,13.52,8,14.58,189,0.50,0.50,1597,0.00,0.99,2,0.5000,37.50,109,12,0.00,7,11.03,13.51,12.55,14.00
312655,4.69,11.72,3,14.36,13.44,8,14.58,189,0.50,0.51,1611,0.00,0.99,2,0.5000,38.00,109,12,0.00,7,11.03,13.41,12.55,14.00
312759,3.91,11.72,3,14.36,13.60,8,14.58,189,0.50,0.50,1617,0.00,0.99,2,0.5000,38.00,109,12,0.00,7,11.03,13.41,12.16,14.00
312863,3.12,11.72,3,14.36,13.44,8,14.58,189,0.49,0.48,1609,0.00,0.99,2,0.5000,37.00,109,13,0.00,7,10.88,12.10,8.63,14.10
312967,2.34,11.72,3,14.36,13.60,8,14.58,189,0.46,0.42,1597,0.00,1.05,2,0.5000,34.00,109,13,0.00,7,10.16,10.79,8.24,14.10
313071,-1.56,12.50,3,14.36,13.44,8,14.58,189,0.44,0.42,1565,0.00,1.00,2,0.5000,32.50,109,14,0.00,7,9.29,10.59,8.63,13.90
313175,-6.25,12.50,3,14.36,13.52,8,14.58,189,0.43,0.41,1510,0.00,1.00,2,0.5000,31.50,109,14,0.00,7,8.85,10.39,8.24,13.30
313279,-9.38,12.50,3,14.36,13.60,8,14.58,189,0.42,0.42,1478,0.00,1.00,2,0.5000,31.50,109,14,0.00,7,8.71,10.39,8.63,13.00
313383,-12.50,12.50,3,14.36,13.60,8,14.58,189,0.42,0.42,1486,0.00,1.00,2,0.5000,31.50,109,14,0.00,7,8.71,10.88,10.59,13.00
313486,-14.84,12.50,3,14.36,13.52,8,14.58,189,0.44,0.47,1477,0.00,1.00,2,0.5000,33.00,109,15,0.00,7,9.00,12.09,11.76,12.90
313591,-14.84,12.50,3,14.36,13.52,8,14.58,189,0.47,0.51,1509,0.00,0.93,2,0.5000,34.50,109,15,0.00,7,9.72,12.82,12.55,13.10
313695,-12.50,13.28,3,14.36,13.52,8,14.58,189,0.49,0.51,1518,0.00,0.99,2,0.5000,36.00,109,15,0.00,7,10.59,13.12,12.94,13.70
313799,-9.38,13.28,3,14.36,13.52,8,14.58,189,0.50,0.50,1565,0.00,0.99,2,0.5000,37.00,109,16,0.00,7,10.88,13.13,12.55,14.00
313903,-5.47,14.84,3,14.36,13.52,8,14.58,189,0.49,0.49,1605,0.00,0.99,2,0.5000,37.00,109,16,0.00,7,10.88,12.99,12.55,15.70
314007,-2.34,14.84,3,14.36,13.52,8,14.57,189,0.49,0.48,1630,0.00,0.99,2,0.5000,37.00,109,16,0.00,7,10.88,12.96,12.16,15.70
314111,-3.12,14.84,3,14.36,13.52,8,14.57,189,0.48,0.47,1644,0.00,0.99,2,0.5000,37.00,109,17,0.00,7,10.74,12.91,11.76,15.20
314215,-3.12,14.84,3,14.36,13.52,8,14.57,189,0.47,0.46,1635,0.00,0.99,2,0.5000,36.50,109,17,0.00,7,10.59,12.56,11.37,14.90
314319,-3.12,14.84,3,14.36,13.52,8,14.57,189,0.46,0.46,1634,0.00,0.99,2,0.5000,36.00,109,17,0.00,7,10.16,12.36,11.37,15.60
314423,-3.91,14.84,3,14.36,13.60,8,14.57,189,0.46,0.46,1627,0.00,0.99,2,0.5000,35.50,109,17,0.00,7,10.16,12.48,11.37,14.40
314527,-4.69,14.84,3,14.36,13.52,8,14.57,189,0.46,0.46,1642,0.00,0.99,2,0.5000,36.00,109,18,0.00,7,10.16,12.42,11.37,14.40
314631,-4.69,14.84,3,14.36,13.52,8,14.57,189,0.46,0.46,1639,0.00,0.99,2,0.5000,36.00,109,18,0.00,7,10.16,12.58,11.37,14.20
314735,-4.69,14.84,3,14.36,13.52,8,14.57,189,0.46,0.46,1646,0.00,0.99,2,0.5000,36.00,109,18,0.00,7,10.16,12.47,11.37,14.40
314839,-5.47,14.84,3,14.36,13.60,8,14.57,189,0.46,0.45,1643,0.00,0.99,2,0.5000,36.00,109,19,0.00,7,10.16,12.21,10.20,14.30
314943,-5.47,14.84,3,14.36,13.44,8,14.57,189,0.44,0.43,1653,0.00,0.99,2,0.5000,35.00,109,19,0.00,7,9.87,11.41,8.63,14.30
315047,-6.25,14.84,3,14.36,13.60,8,14.57,189,0.42,0.39,1647,0.00,1.00,2,0.5000,33.00,109,20,0.00,7,9.29,10.62,8.63,14.30
315151,-7.81,14.84,3,14.36,13.44,8,14.57,189,0.41,0.39,1621,0.00,1.00,2,0.5000,32.00,109,20,0.00,7,8.85,10.49,8.63,14.10
315255,-10.94,14.84,3,14.36,13.52,8,14.57,189,0.40,0.39,1613,0.00,1.00,2,0.5000,32.00,109,20,0.00,7,8.56,10.50,8.63,13.80
315359,-13.28,14.84,3,14.36,13.60,8,14.57,189,0.40,0.40,1607,0.00,1.00,2,0.5000,32.00,109,21,0.00,7,8.56,10.87,9.80,13.50
315463,-15.62,14.84,3,14.36,13.44,8,14.58,189,0.41,0.42,1599,0.00,1.00,2,0.5000,33.00,109,20,0.00,7,8.71,11.48,10.59,13.50
315567,-16.41,14.84,3,14.36,13.60,8,14.57,189,0.43,0.44,1608,0.00,0.99,2,0.5000,34.00,109,21,0.00,7,9.14,12.04,10.98,13.60
315671,-14.84,14.84,3,14.36,13.44,8,14.57,189,0.44,0.45,1624,0.00,0.99,2,0.5000,34.50,109,21,0.00,7,9.58,12.28,10.98,14.00
315775,-11.72,14.84,3,14.36,13.52,8,14.57,189,0.44,0.45,1647,0.00,0.99,2,0.5000,35.00,109,21,0.00,7,9.87,12.38,10.98,16.60
315879,-9.38,14.84,3,14.36,13.52,8,14.57,189,0.44,0.44,1671,0.00,0.99,2,0.5000,35.00,109,22,0.00,7,9.87,12.33,10.98,15.50
315983,-6.25,14.84,3,14.36,13.60,8,14.57,189,0.44,0.43,1686,0.00,0.99,2,0.5000,35.00,109,22,0.00,7,9.87,12.17,10.98,15.60
316087,-5.47,14.84,3,14.36,13.52,8,14.57,189,0.44,0.44,1698,0.00,0.99,2,0.5000,35.50,109,22,0.00,7,9.72,12.33,10.98,15.50
316191,-5.47,14.84,3,14.36,13.52,8,14.57,189,0.44,0.43,1687,0.00,0.99,2,0.5000,35.50,109,22,0.00,7,9.72,12.39,10.98,15.20
316295,-4.69,14.84,3,14.36,13.60,8,14.57,189,0.44,0.44,1691,0.00,0.99,2,0.5000,35.50,109,23,0.00,7,9.72,12.28,10.98,15.00
316399,-4.69,14.84,3,14.36,13.44,8,14.57,189,0.44,0.43,1699,0.00,0.99,2,0.5000,35.50,109,23,0.00,7,9.72,12.39,10.98,14.70
316503,-4.69,14.84,3,14.36,13.60,8,14.57,189,0.43,0.43,1704,0.00,0.99,2,0.5000,35.50,109,23,0.00,7,9.58,12.28,10.98,14.70
316607,-4.69,14.84,3,14.36,13.52,8,14.57,189,0.43,0.43,1710,0.00,0.99,2,0.5000,35.50,109,24,0.00,7,9.72,12.50,10.98,14.70
316711,-3.91,14.84,3,14.36,13.44,8,14.57,189,0.43,0.44,1711,0.00,0.99,2,0.5000,35.50,109,24,0.00,7,9.72,12.28,10.98,14.70
316815,-3.91,14.84,3,14.36,13.52,8,14.57,189,0.43,0.43,1720,0.00,0.99,2,0.5000,35.50,109,24,0.00,7,9.58,12.28,10.98,14.50
316919,-3.91,14.84,3,14.36,13.60,8,14.57,189,0.43,0.44,1722,0.00,0.99,2,0.5000,35.50,109,24,0.00,7,9.58,12.39,10.98,14.60
317023,-3.91,14.84,3,14.36,13.60,8,14.57,189,0.43,0.43,1727,0.00,0.99,2,0.5000,35.50,109,25,0.00,7,9.58,12.56,10.98,14.40
317127,-3.91,14.84,3,14.36,13.52,8,14.57,189,0.43,0.43,1730,0.00,0.99,2,0.5000,35.50,109,25,0.00,7,9.58,12.45,10.98,14.50
317231,-3.91,14.84,3,14.36,13.44,8,14.57,189,0.43,0.43,1742,0.00,0.99,2,0.5000,35.50,109,25,0.00,7,9.58,12.45,11.37,14.50
317335,-4.69,14.84,3,14.36,13.52,8,14.57,189,0.43,0.42,1746,0.00,0.99,2,0.5000,35.50,109,25,0.00,7,9.58,12.61,11.37,14.30
317439,-3.91,14.84,3,14.36,13.52,8,14.57,189,0.43,0.43,1757,0.00,0.99,2,0.5000,36.00,109,25,0.00,7,9.72,12.60,11.37,14.40
317543,-3.91,14.84,3,14.36,13.60,8,14.57,189,0.42,0.42,1783,0.00,0.99,2,0.5000,36.50,109,23,0.00,7,9.58,12.51,10.98,13.90
317647,-3.12,14.84,3,14.36,13.60,8,14.57,189,0.41,0.40,1838,0.00,0.99,2,0.5000,36.00,109,20,0.00,7,9.29,12.46,10.98,14.80
317751,-3.12,14.84,3,14.36,13.44,8,14.57,189,0.41,0.40,1842,0.00,0.99,2,0.5000,36.00,109,17,0.00,7,9.00,12.41,10.59,14.90
317855,-3.12,14.84,3,14.36,13.60,8,14.57,189,0.41,0.41,1849,0.00,0.99,2,0.5000,36.00,109,13,0.00,7,9.00,12.48,10.98,14.70
317959,-2.34,14.84,3,14.36,13.68,8,14.57,189,0.40,0.40,1847,0.00,0.99,2,0.5000,36.00,109,8,0.00,7,8.85,12.48,10.98,14.70
318063,-1.56,14.84,3,14.36,13.68,8,14.57,189,0.40,0.41,1854,0.00,0.99,2,0.5000,36.50,109,6,0.00,7,8.85,12.43,10.98,14.80
318167,-1.56,14.84,3,14.36,13.60,8,14.57,189,0.40,0.40,1874,0.00,0.99,2,0.5000,36.50,109,4,0.00,7,8.71,12.54,10.98,14.80
318271,-1.56,14.84,3,14.36,13.52,8,14.57,189,0.40,0.40,1885,0.00,0.99,2,0.5000,36.00,109,3,0.00,7,8.71,12.59,10.98,15.20
318375,-1.56,14.84,3,14.36,13.60,8,14.56,189,0.40,0.40,1880,0.00,0.99,2,0.5000,36.50,109,2,0.00,7,8.71,12.49,10.59,14.50
318479,-1.56,14.84,3,14.36,13.60,8,14.56,189,0.40,0.39,1886,0.00,0.99,2,0.5000,36.50,109,1,0.00,7,8.56,12.21,10.59,14.50
318583,-1.56,14.84,3,14.36,13.60,8,14.56,189,0.39,0.38,1907,0.00,0.99,2,0.5000,36.00,109,1,0.00,7,8.56,12.23,10.59,14.50
318688,-2.34,14.84,3,14.36,13.68,8,14.56,189,0.39,0.39,1898,0.00,0.99,2,0.5000,36.00,109,0,0.00,7,8.42,12.34,10.59,14.30
318791,-2.34,14.84,3,14.36,13.36,8,14.56,189,0.39,0.38,1901,0.00,0.99,2,0.5000,36.50,109,0,0.00,7,8.42,12.13,10.59,14.30
318895,-2.34,14.84,3,14.36,13.60,8,14.56,189,0.38,0.38,1928,0.00,0.99,2,0.5000,36.00,109,0,0.00,7,8.42,12.23,10.59,14.40
318999,-2.34,14.84,3,14.36,13.52,8,14.56,189,0.38,0.38,1934,0.00,0.99,2,0.5000,36.00,109,0,0.00,7,8.27,12.23,10.59,14.40
319103,-2.34,14.84,3,14.36,13.60,8,14.56,189,0.38,0.38,1928,0.00,0.99,2,0.5000,36.50,109,0,0.00,7,8.27,12.23,10.59,14.50
319207,-2.34,14.84,3,14.36,13.60,8,14.56,187,0.38,0.37,1951,0.00,0.99,2,0.5000,36.50,109,0,0.00,7,8.42,12.29,10.59,14.60
319311,-2.34,14.84,3,14.36,13.52,8,14.56,187,0.38,0.38,1943,0.00,0.99,2,0.5000,36.50,109,0,0.00,7,8.27,12.23,10.59,14.50
319415,-1.56,14.84,3,14.36,13.60,8,14.56,187,0.38,0.37,1948,0.00,0.99,2,0.5000,37.00,109,0,0.00,7,8.27,12.13,10.59,14.60
319519,-1.56,14.84,3,14.36,13.60,8,14.56,187,0.37,0.37,1978,0.00,0.99,2,0.5000,36.50,109,0,0.00,7,8.27,12.24,10.59,14.50
319623,-1.56,14.84,3,14.36,13.60,8,14.56,187,0.37,0.37,1974,0.00,0.99,2,0.5000,37.00,109,0,0.00,7,8.27,12.45,10.98,14.40
319727,-1.56,14.84,3,14.36,13.60,8,14.56,187,0.38,0.38,1992,0.00,0.99,2,0.5000,37.00,109,0,0.00,7,8.27,13.29,12.55,14.50
319831,-1.56,14.84,3,14.36,13.52,8,14.56,187,0.40,0.41,1988,0.00,0.99,2,0.5000,38.00,109,0,0.00,7,8.85,13.91,12.94,14.30
319935,0.78,14.84,3,14.36,13.60,8,14.56,187,0.41,0.41,2022,0.00,0.99,2,0.5000,38.50,109,0,0.00,7,9.29,13.90,12.94,15.20
320040,4.69,14.84,3,14.36,13.52,8,14.57,187,0.41,0.41,2032,0.00,0.99,2,0.5000,38.50,109,0,0.00,7,9.43,13.96,12.55,15.80
320143,7.81,14.84,3,14.36,13.52,8,14.57,187,0.41,0.41,2066,0.00,0.99,2,0.5000,38.50,109,0,0.00,7,9.29,13.91,12.55,15.70
320247,8.59,14.84,3,14.36,13.60,8,14.57,187,0.41,0.40,2058,0.00,0.99,2,0.5000,38.50,109,0,0.00,7,9.29,13.90,12.55,15.20
320351,9.38,14.84,3,14.36,13.60,8,14.56,187,0.41,0.41,2077,0.00,0.99,2,0.5000,23.00,109,0,0.00,7,9.29,13.79,12.94,15.00
320455,9.38,14.84,3,14.36,13.52,8,14.57,187,0.42,0.43,1938,0.00,0.99,2,0.5000,25.50,111,0,0.00,7,9.43,13.84,12.94,15.00
320559,8.59,14.84,3,14.36,13.52,8,14.57,187,0.45,0.46,1816,0.00,0.99,2,0.5000,37.00,111,0,0.00,7,9.58,13.94,12.55,14.40
320663,7.81,14.84,3,14.36,13.52,8,14.57,187,0.46,0.47,1765,0.00,0.99,2,0.5000,37.00,111,2,0.00,7,10.01,13.65,12.55,14.30
320767,7.81,14.84,3,14.36,13.60,8,14.57,187,0.47,0.47,1727,0.00,0.99,2,0.5000,37.00,111,2,0.00,7,10.16,13.64,12.55,14.30
320871,7.03,14.84,3,14.36,13.52,8,14.57,187,0.47,0.47,1704,0.00,0.99,2,0.5000,37.50,111,2,0.00,7,10.30,13.58,12.55,14.30
320975,5.47,14.84,3,14.36,13.60,8,14.57,187,0.48,0.48,1700,0.00,0.99,3,0.5000,37.50,111,2,0.00,7,10.30,13.58,12.55,14.20
321079,3.91,14.84,3,14.36,13.60,8,14.57,187,0.48,0.47,1693,0.00,0.99,3,0.5000,37.50,111,3,0.00,7,10.45,13.53,12.55,14.10
321183,3.12,14.84,3,14.36,13.52,8,14.57,187,0.48,0.48,1700,0.00,0.99,3,0.5000,37.50,111,3,0.00,7,10.45,13.53,12.55,14.00
321287,2.34,14.84,3,14.36,13.60,8,14.57,187,0.48,0.47,1708,0.00,0.99,3,0.5000,37.50,111,4,0.00,7,10.45,13.58,12.55,14.10
321391,1.56,14.84,3,14.36,13.52,8,14.57,187,0.47,0.47,1711,0.00,0.99,3,0.5000,37.50,111,4,0.00,7,10.30,13.63,12.55,14.20
321495,1.56,14.84,3,14.36,13.68,8,14.57,187,0.48,0.48,1714,0.00,0.99,3,0.5000,38.00,111,5,0.00,7,10.45,13.85,13.33,14.20
321599,1.56,14.84,3,14.36,13.52,8,14.57,187,0.48,0.49,1718,0.00,0.99,3,0.5000,38.00,111,5,0.00,7,10.45,14.30,13.73,14.40
321704,1.56,14.84,3,14.36,13.60,8,14.57,187,0.49,0.50,1730,0.00,0.99,3,0.5000,39.00,111,6,0.00,7,10.74,14.58,14.12,14.50
321807,2.34,14.84,3,14.36,13.52,8,14.57,187,0.49,0.49,1743,0.00,0.99,3,0.5000,39.00,111,6,0.00,7,10.88,14.57,14.12,14.50
321912,3.91,14.84,3,14.36,13.60,8,14.57,187,0.49,0.49,1761,0.00,0.99,3,0.5000,39.00,111,6,0.00,7,11.03,14.74,14.51,15.00
322016,4.69,14.84,3,14.36,13.60,8,14.57,187,0.50,0.49,1793,0.00,0.99,3,0.5000,39.50,111,6,0.00,7,11.03,14.86,14.90,15.10
322120,5.47,14.84,3,14.36,13.52,8,14.57,187,0.50,0.50,1805,0.00,0.99,3,0.5000,39.50,111,7,0.00,7,11.17,15.02,14.90,15.00
322223,7.03,14.84,3,14.36,13.52,8,14.58,187,0.50,0.50,1817,0.00,0.99,3,0.5000,39.50,111,7,0.00,7,11.17,15.07,14.90,15.10
322328,7.81,14.84,3,14.36,13.44,8,14.58,187,0.50,0.50,1830,0.00,0.99,3,0.5000,40.00,111,8,0.00,7,11.32,15.25,15.29,15.20
322432,8.59,14.84,3,14.36,13.52,8,14.58,187,0.50,0.51,1831,0.00,0.99,3,0.5000,40.00,111,9,0.00,7,11.32,15.42,15.69,14.90
322536,8.59,14.84,3,14.36,13.60,8,14.58,187,0.50,0.49,1840,0.00,0.99,3,0.5000,40.00,111,9,0.00,7,11.32,15.30,15.29,14.80
322640,10.16,14.84,3,14.36,13.68,8,14.57,187,0.50,0.50,1848,0.00,0.99,3,0.5000,40.00,111,9,0.00,7,11.46,15.36,15.29,14.80
322744,10.16,14.84,3,14.36,13.52,8,14.57,187,0.50,0.50,1872,0.00,0.99,3,0.5000,40.00,109,10,0.00,7,11.32,15.53,15.29,14.80
322848,10.16,14.84,3,14.36,13.52,8,14.57,187,0.50,0.50,1878,0.00,0.99,3,0.5000,40.50,109,10,0.00,7,11.32,15.66,15.29,14.70
322952,10.94,14.84,3,14.36,13.52,8,14.58,187,0.50,0.51,1867,0.00,0.99,3,0.5000,40.50,109,11,0.00,7,11.32,15.79,15.69,14.60
323055,10.94,14.84,3,14.36,13.68,8,14.58,187,0.50,0.50,1872,0.00,0.99,3,0.5000,40.50,109,11,0.00,7,11.32,15.72,15.69,14.70
323160,10.94,14.84,3,14.36,13.60,8,14.58,187,0.50,0.50,1895,0.00,0.99,3,0.5000,40.50,109,12,0.00,7,11.46,15.79,15.29,14.70
323264,10.94,14.84,3,14.36,13.60,8,14.58,187,0.50,0.50,1898,0.00,0.99,3,0.5000,40.50,109,12,0.00,7,11.32,15.72,15.29,14.50
323368,10.94,14.84,3,14.36,13.44,8,14.57,187,0.50,0.49,1889,0.00,0.99,3,0.5000,40.50,109,12,0.00,7,11.32,15.72,15.29,14.40
323472,10.16,14.84,3,14.36,13.52,8,14.57,187,0.50,0.49,1906,0.00,0.99,3,0.5000,40.50,109,13,0.00,7,11.32,15.53,14.51,14.50
323576,10.16,14.84,3,14.36,13.60,8,14.57,187,0.49,0.48,1905,0.00,0.99,3,0.5000,40.00,109,13,0.00,7,11.17,12.84,14.51,14.40
323680,9.38,14.84,3,14.36,13.60,8,14.57,187,0.49,0.48,1888,0.00,0.99,3,0.5000,40.00,109,14,0.00,7,11.03,14.82,13.33,14.30
323783,7.81,14.84,3,14.36,13.60,8,14.57,187,0.48,0.46,1879,0.00,0.99,3,0.5000,39.50,109,15,0.00,7,10.59,14.58,12.94,14.20
323888,6.25,14.84,3,14.36,13.52,8,14.57,187,0.47,0.47,1876,0.00,0.99,3,0.5000,39.00,109,15,0.00,7,10.45,14.63,12.94,14.10
323991,3.91,14.84,3,14.36,13.52,8,14.57,187,0.47,0.48,1863,0.00,0.99,3,0.5000,39.00,109,16,0.00,7,10.30,14.46,12.94,13.90
324096,3.12,14.84,3,14.36,13.60,8,14.57,187,0.47,0.48,1842,0.00,0.99,3,0.5000,39.00,109,16,0.00,7,10.30,14.63,12.94,13.80
324200,1.56,14.84,3,14.36,13.60,8,14.57,187,0.47,0.47,1842,0.00,0.99,3,0.5000,39.00,109,16,0.00,7,10.30,14.46,12.94,13.90
324303,0.78,14.84,3,14.36,13.68,8,14.57,187,0.47,0.47,1859,0.00,0.99,3,0.5000,38.50,109,17,0.00,7,10.30,13.93,11.76,14.10
324408,0.00,14.84,3,14.36,13.44,8,14.57,187,0.45,0.44,1858,0.00,0.99,3,0.5000,38.00,109,17,0.00,7,10.01,13.41,11.37,14.20
324511,-0.78,14.84,3,14.36,13.60,8,14.57,187,0.44,0.44,1848,0.00,0.99,3,0.5000,37.50,109,18,0.00,7,9.58,13.21,11.37,14.00
324616,-3.91,14.84,3,14.36,13.60,8,14.57,187,0.44,0.44,1831,0.00,0.99,3,0.5000,37.00,109,18,0.00,7,9.58,13.33,11.37,13.80
324719,-5.47,14.84,3,14.36,13.60,8,14.57,187,0.44,0.43,1830,0.00,0.99,3,0.5000,37.50,109,18,0.00,7,9.43,13.41,11.37,13.90
324824,-6.25,14.84,3,14.36,13.60,8,14.57,187,0.44,0.44,1833,0.00,0.99,3,0.5000,37.50,109,19,0.00,7,9.43,13.49,11.76,14.00
324928,-6.25,14.84,3,14.36,13.52,8,14.57,187,0.44,0.44,1854,0.00,0.99,3,0.5000,37.50,109,19,0.00,7,9.43,13.45,11.76,14.30
325032,-6.25,14.84,3,14.36,13.60,8,14.57,187,0.44,0.44,1861,0.00,0.99,3,0.5000,37.50,109,20,0.00,7,9.58,13.53,12.16,14.40
325136,-6.25,14.84,3,14.36,13.52,8,14.57,187,0.44,0.45,1852,0.00,0.99,3,0.5000,37.50,109,20,0.00,7,9.58,13.77,12.16,14.50
325239,-5.47,14.84,3,14.36,13.60,8,14.57,187,0.44,0.44,1859,0.00,0.99,3,0.5000,38.00,109,20,0.00,7,9.72,13.78,12.16,14.80
325343,-4.69,14.84,3,14.36,13.60,8,14.57,187,0.44,0.44,1884,0.00,0.99,3,0.5000,38.00,109,21,0.00,7,9.72,13.73,11.76,14.90
325448,-4.69,14.84,3,14.36,13.52,8,14.57,187,0.43,0.43,1892,0.00,0.99,3,0.5000,37.50,109,21,0.00,7,9.72,13.41,11.37,14.80
325552,-4.69,14.84,3,14.36,13.60,8,14.57,187,0.43,0.43,1879,0.00,0.99,3,0.5000,37.50,109,20,0.00,7,9.58,13.41,11.37,15.80
325656,-4.69,14.84,3,14.36,13.60,8,14.57,187,0.43,0.43,1878,0.00,0.99,3,0.5000,37.50,109,20,0.00,7,9.43,13.36,11.76,14.50
325760,-4.69,14.84,3,14.36,13.60,8,14.57,187,0.43,0.42,1903,0.00,0.99,3,0.5000,37.00,109,18,0.00,7,9.43,15.17,9.80,14.70
325864,-3.91,14.84,3,14.36,13.60,8,14.57,187,0.40,0.38,1902,0.00,0.99,3,0.5000,36.00,109,15,0.00,7,8.85,11.56,8.63,14.30
325968,-3.91,14.84,3,14.36,13.44,8,14.56,187,0.38,0.36,1868,0.00,1.00,3,0.5000,35.00,109,10,0.00,7,8.13,11.07,8.63,14.70
326072,-7.03,14.84,3,14.36,13.60,8,14.56,187,0.37,0.36,1850,0.00,1.00,3,0.5000,34.50,109,8,0.00,7,7.69,10.98,8.63,14.20
326176,-10.94,14.84,3,14.36,13.52,8,14.56,187,0.36,0.36,1853,0.00,1.00,3,0.5000,34.50,109,6,0.00,7,7.40,11.00,8.63,13.80
326280,-13.28,14.84,3,14.36,13.60,8,14.56,187,0.36,0.36,1846,0.00,1.00,3,0.5000,34.00,109,5,0.00,7,7.25,10.81,8.63,13.60
326384,-14.84,14.84,3,14.36,13.60,8,14.56,187,0.35,0.35,1834,0.00,0.99,3,0.5000,34.00,109,3,0.00,7,7.25,10.88,8.63,13.60
326488,-15.62,14.84,3,14.36,13.52,8,14.56,187,0.35,0.35,1834,0.00,0.99,3,0.5000,34.50,109,3,0.00,7,7.25,10.85,8.63,13.70
326592,-15.62,14.84,3,14.36,13.60,8,14.56,187,0.35,0.35,1838,0.00,0.99,3,0.5000,34.00,109,2,0.00,7,7.25,10.96,8.63,14.00
326696,-16.41,14.84,3,14.36,13.52,8,14.56,187,0.35,0.35,1854,0.00,0.99,3,0.5000,34.50,109,2,0.00,7,7.25,10.88,8.63,14.20
326800,-15.62,14.84,3,14.36,13.60,8,14.56,187,0.35,0.35,1855,0.00,0.99,3,0.5000,34.00,109,1,0.00,7,7.11,10.75,8.63,14.40
326904,-15.62,14.84,3,14.36,13.60,8,14.56,187,0.35,0.34,1842,0.00,1.00,3,0.5000,34.00,109,0,0.00,7,7.25,10.24,7.84,14.60
327008,-15.62,14.84,2,14.36,13.52,8,14.56,187,0.34,0.33,1839,0.00,1.00,3,0.5000,33.50,109,0,0.00,7,6.96,10.05,7.84,14.60
327112,-14.84,14.84,2,14.36,13.60,8,14.56,187,0.33,0.32,1841,0.00,1.01,3,0.5000,33.50,109,0,0.00,7,6.96,10.00,7.84,14.70
327216,-14.84,14.84,2,14.36,13.52,8,14.56,187,0.33,0.32,1853,0.00,1.01,3,0.5000,33.50,109,0,0.00,7,6.82,9.78,7.84,14.80
327320,-14.84,14.06,2,14.36,13.52,8,14.56,187,0.32,0.32,1851,0.00,1.01,3,0.5000,33.00,109,0,0.00,7,6.82,9.73,7.84,14.40
327424,-14.06,13.28,2,14.36,13.52,8,14.56,185,0.32,0.32,1841,0.00,1.02,3,0.5000,33.00,109,0,0.00,7,6.82,9.27,7.06,14.70
327528,-13.28,13.28,2,14.36,13.52,8,14.56,185,0.30,0.29,1830,0.00,1.02,3,0.5000,31.50,109,0,0.00,7,6.53,7.87,5.88,14.80
327632,-13.28,12.50,2,14.36,13.68,8,14.56,185,0.27,0.25,1824,0.00,1.01,3,0.5000,29.00,109,0,0.00,7,5.95,7.22,5.88,14.80
327736,-13.28,11.72,2,14.36,13.60,8,14.57,185,0.25,0.24,1817,0.00,1.00,3,0.5000,27.00,109,0,0.00,7,5.51,7.07,5.88,15.40
327840,-14.06,10.94,2,14.36,13.60,8,14.57,185,0.24,0.23,1796,0.00,1.00,3,0.5000,25.50,109,0,0.00,7,5.22,7.00,5.88,14.30
327944,-14.84,10.94,2,14.36,13.60,8,14.57,185,0.24,0.23,1773,0.00,1.00,3,0.5000,23.50,109,0,0.00,7,5.08,6.89,5.49,14.20
328048,0.00,10.16,2,14.36,13.52,10,14.57,185,0.24,0.24,1700,0.00,1.00,3,0.5000,21.00,109,0,0.00,7,5.08,6.82,5.49,13.90
328152,0.00,9.38,2,14.36,13.68,10,14.58,185,0.25,0.25,1614,0.00,1.00,3,0.5000,19.50,109,0,0.00,7,5.08,6.67,5.49,13.90
328256,0.00,9.38,2,14.36,13.60,10,14.58,185,0.25,0.26,1532,0.00,0.99,3,0.5000,18.50,109,0,0.00,7,5.08,6.49,5.10,14.40
328360,0.00,8.59,2,14.36,13.60,10,14.59,185,0.26,0.27,1466,0.00,1.00,3,0.5000,17.50,109,0,0.00,7,5.22,6.34,5.10,15.70
328464,0.00,8.59,2,14.36,13.52,10,14.60,185,0.27,0.29,1314,0.00,1.00,3,0.5000,17.00,109,0,0.00,7,5.22,6.20,4.71,15.90
328568,0.00,7.81,2,14.36,13.68,10,14.61,185,0.29,0.30,1208,0.00,1.00,3,0.5000,17.00,109,0,0.00,7,5.51,5.95,4.71,17.10
328671,0.00,7.81,2,14.36,13.68,10,14.64,185,0.30,0.32,1100,0.00,1.00,3,0.5000,22.00,109,0,0.00,7,5.66,5.78,4.31,17.90
328776,0.00,7.03,2,14.36,13.60,10,14.65,185,0.31,0.34,1011,0.00,1.00,4,0.5000,22.00,109,0,0.00,7,5.80,5.62,4.31,19.50
328880,0.00,7.03,1,14.36,13.60,10,14.66,185,0.33,0.34,971,0.00,1.00,4,0.5000,22.00,109,0,0.00,7,6.09,5.59,4.71,21.00
328984,0.00,5.47,2,14.36,13.60,10,14.67,185,0.34,0.37,923,0.00,1.00,4,0.5000,22.00,109,0,0.00,7,6.38,5.82,4.71,22.40
329088,0.00,4.69,2,14.36,13.76,10,14.68,185,0.36,0.40,897,0.00,0.92,4,0.5000,22.00,109,0,0.00,7,6.67,5.75,4.71,24.80
329192,0.00,4.69,2,14.36,13.68,10,14.64,185,0.35,0.35,990,0.00,1.00,4,0.5000,17.00,109,0,0.00,7,7.11,5.69,4.71,30.40
329296,0.00,4.69,2,14.36,13.52,10,14.60,185,0.32,0.28,1218,0.00,1.10,4,0.5000,17.50,109,0,0.00,7,6.96,5.59,4.31,38.80
329400,0.00,5.47,1,14.36,13.68,10,14.59,185,0.29,0.25,1323,0.00,1.08,4,0.5000,17.50,109,0,0.00,7,6.38,5.49,4.71,54.10
329504,0.00,5.47,2,14.36,13.52,10,14.59,185,0.27,0.25,1336,0.00,0.97,4,0.5000,20.00,109,0,0.00,7,5.95,5.69,5.10,37.80
329608,0.00,5.47,2,14.36,13.60,10,14.59,185,0.27,0.26,1328,0.00,0.97,4,0.5000,23.00,109,0,0.00,7,5.66,6.01,5.49,19.30
329713,0.00,4.69,2,14.36,13.68,10,14.59,185,0.27,0.27,1341,0.00,0.97,4,0.5000,24.00,109,0,0.00,7,5.66,6.14,5.49,19.30
329817,0.00,4.69,2,14.36,13.60,10,14.59,185,0.27,0.27,1340,0.00,0.97,4,0.5000,24.50,109,0,0.00,7,5.66,6.14,5.49,18.90
329921,0.00,4.69,2,14.36,13.52,8,14.59,185,0.27,0.27,1341,0.00,1.00,4,0.5000,24.50,109,0,0.00,7,5.80,6.01,5.10,14.00
330025,-3.12,4.69,2,14.36,13.52,8,14.59,185,0.27,0.26,1363,0.00,1.00,4,0.5000,24.50,109,0,0.00,7,5.66,5.91,5.10,14.00
330129,-5.47,3.91,2,14.36,13.68,8,14.59,185,0.26,0.26,1349,0.00,1.00,4,0.5000,24.00,109,0,0.00,7,5.66,5.82,5.10,13.80
330233,-6.25,3.91,2,14.36,13.60,8,14.59,185,0.26,0.26,1348,0.00,1.00,4,0.5000,24.00,109,0,0.00,7,5.51,5.85,5.10,13.50
330337,-7.81,3.91,2,14.36,13.60,8,14.59,185,0.26,0.26,1356,0.00,1.00,4,0.5000,24.00,109,0,0.00,7,5.51,5.85,5.10,13.30
330441,-8.59,3.91,2,14.36,13.60,8,14.59,185,0.26,0.26,1346,0.00,1.00,4,0.5000,24.00,109,0,0.00,7,5.51,5.88,5.10,13.30
330545,-10.16,3.91,2,14.36,13.52,8,14.59,185,0.26,0.26,1336,0.00,1.00,4,0.5000,24.00,109,0,0.00,7,5.51,5.82,5.10,13.30
330650,-10.94,3.12,2,14.36,13.68,8,14.59,185,0.26,0.26,1356,0.00,1.00,4,0.5000,24.00,109,0,0.00,7,5.51,5.82,5.10,13.40
330753,-10.94,3.12,2,14.36,13.68,8,14.59,185,0.26,0.26,1340,0.00,1.00,4,0.5000,24.00,109,0,0.00,7,5.51,5.82,5.10,13.50
330857,-11.72,3.12,2,14.36,13.52,8,14.59,185,0.26,0.26,1345,0.00,1.00,4,0.5000,24.00,109,0,0.00,7,5.51,5.78,5.10,13.60
330962,-11.72,3.12,2,14.36,13.44,8,14.59,185,0.26,0.26,1350,0.00,1.00,4,0.5000,24.00,109,0,0.00,7,5.51,5.75,5.10,13.70
331066,-11.72,3.12,2,14.36,13.60,8,14.59,185,0.26,0.26,1348,0.00,1.00,4,0.5000,24.00,109,0,0.00,7,5.51,5.75,5.10,13.80
331170,-12.50,3.12,2,14.36,13.60,8,14.59,185,0.25,0.25,1349,0.00,1.00,4,0.5000,24.00,109,0,0.00,7,5.51,5.75,5.10,13.90
331274,-12.50,0.78,2,14.36,13.68,8,14.59,185,0.26,0.26,1350,0.00,1.00,4,0.5000,24.00,109,0,0.00,7,5.51,5.75,5.10,14.10
331378,-12.50,0.78,2,14.36,13.60,8,14.60,185,0.26,0.26,1328,0.00,1.00,4,0.5000,24.00,109,0,0.00,7,5.51,5.72,5.10,14.30
331482,-12.50,0.78,2,14.36,13.52,8,14.59,185,0.26,0.26,1328,0.00,1.00,4,0.5000,24.00,109,0,0.00,7,5.51,5.75,5.10,14.30
331586,-11.72,0.78,2,14.36,13.60,8,14.59,185,0.26,0.26,1340,0.00,1.00,4,0.5000,23.50,109,0,0.00,7,5.51,5.69,5.10,14.30
331689,-11.72,0.78,2,14.36,13.60,8,14.59,185,0.25,0.26,1325,0.00,1.00,4,0.5000,24.00,109,1,0.00,7,5.51,5.69,5.10,14.50
331794,-11.72,0.78,2,14.36,13.68,8,14.59,185,0.25,0.25,1332,0.00,1.00,4,0.5000,23.50,109,1,0.00,7,5.51,5.69,5.10,14.50
331897,-10.94,0.78,2,14.36,13.60,8,14.59,185,0.25,0.25,1350,0.00,1.00,4,0.5000,24.00,109,1,0.00,7,5.51,5.66,5.10,14.60
332002,-10.16,0.78,2,14.36,13.60,8,14.59,185,0.25,0.25,1341,0.00,1.00,4,0.5000,24.00,109,1,0.00,7,5.51,5.62,5.10,14.80
332106,-10.16,0.78,2,14.36,13.52,8,14.59,185,0.25,0.25,1338,0.00,1.00,4,0.5000,23.50,109,1,0.00,7,5.37,5.66,5.10,14.90
332210,-9.38,0.78,2,14.36,13.60,8,14.59,185,0.25,0.25,1347,0.00,1.00,4,0.5000,23.50,109,1,0.00,7,5.37,5.66,5.10,14.90
332313,-9.38,0.78,2,14.36,13.52,8,14.59,185,0.25,0.26,1338,0.00,1.00,4,0.5000,23.50,109,1,0.00,7,5.51,5.62,5.10,15.10
332418,-9.38,0.78,2,14.36,13.52,8,14.60,185,0.25,0.26,1326,0.00,1.00,4,0.5000,23.50,109,1,0.00,7,5.51,5.66,5.10,14.80
332521,-8.59,0.78,2,14.36,13.60,8,14.59,185,0.25,0.25,1337,0.00,1.00,4,0.5000,23.50,109,1,0.00,7,5.51,5.66,5.10,14.90
332626,-8.59,0.78,2,14.36,13.52,8,14.59,185,0.25,0.25,1346,0.00,1.00,4,0.5000,24.00,109,1,0.00,7,5.51,5.62,5.10,14.90
332729,-8.59,0.78,2,14.36,13.60,8,14.59,185,0.25,0.25,1343,0.00,1.00,4,0.5000,24.00,109,1,0.00,7,5.51,5.62,5.10,14.90
332834,-8.59,0.78,2,14.36,13.60,8,14.59,185,0.25,0.25,1348,0.00,1.00,4,0.5000,23.50,109,1,0.00,7,5.37,5.62,5.10,14.80
332938,-7.81,0.78,2,14.36,13.52,8,14.59,185,0.25,0.25,1344,0.00,1.00,4,0.5000,23.50,109,1,0.00,7,5.37,5.62,5.10,14.80
333042,-7.81,0.78,2,14.36,13.52,8,14.60,187,0.25,0.25,1321,0.00,1.00,4,0.5000,23.50,109,2,0.00,7,5.51,5.62,5.10,14.80
333145,-7.81,0.78,1,14.36,13.60,8,14.60,187,0.25,0.25,1331,0.00,1.00,4,0.5000,23.50,109,2,0.00,7,5.51,5.59,5.10,14.80
333249,-7.81,0.78,1,14.36,13.68,8,14.59,187,0.25,0.25,1340,0.00,1.00,4,0.5000,23.50,109,2,0.00,7,5.51,5.59,5.10,14.70
333354,-7.81,1.56,1,14.36,13.60,8,14.60,187,0.25,0.25,1324,0.00,1.00,4,0.5000,23.50,109,2,0.00,7,5.51,5.59,5.10,14.80
333458,-7.81,1.56,1,14.36,13.52,8,14.59,187,0.25,0.25,1331,0.00,1.00,4,0.5000,23.50,109,2,0.00,7,5.51,5.59,5.10,14.70
333562,-7.81,0.78,2,14.36,13.60,8,14.59,187,0.25,0.25,1346,0.00,1.00,4,0.5000,23.50,109,2,0.00,7,5.51,5.62,5.10,14.70
333666,-7.81,0.78,1,14.36,13.60,8,14.59,187,0.25,0.25,1339,0.00,1.00,4,0.5000,23.50,109,2,0.00,7,5.51,5.59,5.10,14.90
333770,-7.03,0.78,1,14.36,13.36,8,14.60,187,0.25,0.25,1328,0.00,1.00,4,0.5000,23.50,109,2,0.00,7,5.51,5.56,5.10,14.70
333874,-7.03,1.56,2,14.36,13.68,8,14.59,187,0.25,0.25,1338,0.00,1.00,4,0.5000,23.50,109,2,0.00,7,5.51,5.62,5.10,14.80
333979,-7.03,0.78,1,14.36,13.52,8,14.60,187,0.25,0.26,1314,0.00,1.00,4,0.5000,23.50,109,2,0.00,7,5.51,5.56,5.10,14.70
334082,-7.03,0.78,1,14.36,13.60,8,14.60,187,0.25,0.26,1302,0.00,1.00,4,0.5000,23.50,109,2,0.00,7,5.51,5.56,5.10,14.60
334185,-7.03,0.78,1,14.36,13.60,8,14.60,187,0.25,0.25,1322,0.00,1.00,4,0.5000,23.50,109,2,0.00,7,5.51,5.56,5.10,14.70
334290,-7.03,1.56,1,14.36,13.68,8,14.60,187,0.25,0.25,1326,0.00,1.00,4,0.5000,23.50,109,3,0.00,7,5.51,5.53,5.10,14.60
334394,-7.03,1.56,1,14.36,13.60,8,14.60,187,0.25,0.25,1316,0.00,1.00,4,0.5000,23.00,109,3,0.00,7,5.51,5.49,5.10,14.60
334499,-7.03,1.56,1,14.36,13.36,8,14.60,187,0.25,0.25,1311,0.00,1.00,4,0.5000,21.50,109,3,0.00,7,5.51,5.30,4.71,14.60
334603,-7.03,1.56,1,14.36,13.60,8,14.60,187,0.24,0.24,1313,0.00,1.00,4,0.5000,20.50,109,3,0.00,7,5.37,5.24,4.71,14.60
334708,-7.03,2.34,1,14.36,13.60,8,14.60,187,0.24,0.25,1293,0.00,1.00,4,0.5000,19.00,109,3,0.00,7,5.37,5.21,4.71,14.70
334813,-7.03,2.34,1,14.36,13.68,8,14.60,187,0.24,0.25,1271,0.00,1.00,4,0.5000,18.00,109,1,0.00,7,5.37,5.17,4.71,14.60
334917,0.00,2.34,1,14.36,13.68,10,14.60,187,0.25,0.25,1242,0.00,1.00,4,0.5000,17.00,109,0,0.00,7,5.37,5.17,4.71,14.50
335021,0.00,2.34,1,14.36,13.04,10,14.61,187,0.25,0.26,1201,0.00,1.00,4,0.5000,17.00,109,0,0.00,7,5.51,5.17,4.71,14.20
335125,0.00,2.34,1,14.36,13.60,10,14.61,187,0.26,0.26,1173,0.00,1.00,4,0.5000,17.00,109,0,0.00,7,5.80,5.08,4.71,14.70
335229,0.00,3.12,1,14.36,13.60,10,14.63,187,0.26,0.27,1139,0.00,1.00,4,0.5000,17.00,109,0,0.00,7,5.95,5.05,4.71,15.60
335333,0.00,3.12,1,14.36,13.76,10,14.65,187,0.27,0.29,1048,0.00,1.00,4,0.5000,22.00,109,0,0.00,7,6.09,5.05,4.31,16.30
335437,0.00,3.12,1,14.36,13.60,10,14.66,187,0.29,0.32,952,0.00,1.00,4,0.5000,22.00,109,0,0.00,7,6.24,5.02,4.71,16.70
335541,0.00,3.12,1,14.36,13.52,10,14.68,187,0.30,0.34,895,0.00,0.90,4,0.5000,22.00,109,0,0.00,7,6.53,5.17,4.71,17.20
335645,0.00,3.12,1,14.36,13.52,10,14.66,187,0.32,0.35,880,0.00,1.00,4,0.5000,16.00,109,0,0.00,7,6.96,5.24,4.71,19.40
335749,0.00,5.47,1,14.36,13.60,10,14.62,187,0.30,0.28,1069,0.00,1.00,4,0.5000,17.00,109,0,0.00,7,7.11,5.11,4.71,23.20
335853,0.00,5.47,1,14.36,13.68,10,14.60,187,0.28,0.26,1181,0.00,1.00,4,0.5000,17.00,109,0,0.00,7,6.82,4.99,4.31,27.50
335957,0.00,5.47,1,14.36,13.60,10,14.60,187,0.27,0.25,1198,0.00,1.00,4,0.5000,17.00,109,0,0.00,7,6.38,4.87,4.71,20.50
336061,0.00,5.47,1,14.36,13.60,10,14.61,187,0.26,0.25,1178,0.00,1.00,4,0.5000,17.00,109,0,0.00,7,6.24,4.99,4.71,17.30
336165,0.00,5.47,1,14.36,13.52,10,14.62,187,0.26,0.27,1128,0.00,1.00,4,0.5000,17.00,109,0,0.00,7,6.24,5.05,4.71,13.90
336269,0.00,5.47,1,14.36,13.68,8,14.63,187,0.27,0.28,1094,0.00,1.00,4,0.5000,17.00,109,0,0.00,7,6.24,5.02,4.71,13.40
336373,-3.12,5.47,1,14.36,13.68,8,14.64,187,0.27,0.28,1075,0.00,1.00,4,0.5000,18.00,109,0,0.00,7,6.24,4.87,4.31,13.20
336477,-3.91,5.47,1,14.36,13.60,8,14.64,187,0.27,0.28,1034,0.00,1.00,4,0.5000,18.50,109,0,0.00,7,6.24,4.81,4.31,13.40
336581,-3.91,5.47,1,14.36,13.68,8,14.65,187,0.28,0.28,1012,0.00,1.00,4,0.5000,19.50,109,0,0.00,7,6.24,4.74,4.31,13.40
336686,-4.69,5.47,1,14.36,13.68,8,14.65,187,0.28,0.28,996,0.00,1.00,4,0.5000,21.50,109,0,0.00,7,6.24,4.74,4.71,13.60
336790,-4.69,5.47,1,14.36,13.60,8,14.65,187,0.28,0.30,984,0.00,1.00,4,0.5000,22.00,109,0,0.00,7,6.38,4.99,4.71,13.70
336894,-5.47,5.47,1,14.36,13.52,8,14.66,187,0.29,0.32,956,0.00,1.00,4,0.5000,22.00,109,0,0.00,7,6.53,5.05,4.71,13.70
336998,-7.03,5.47,1,14.36,13.60,8,14.66,187,0.30,0.33,933,0.00,1.00,4,0.5000,22.00,109,0,0.00,7,6.82,5.05,4.71,13.70
337102,-7.81,5.47,1,14.36,13.60,8,14.67,187,0.31,0.32,936,0.00,1.00,4,0.5000,22.00,109,0,0.00,7,6.96,5.05,4.71,13.60
337206,-8.59,5.47,1,14.36,13.68,8,14.67,187,0.32,0.33,911,0.00,1.00,4,0.5000,22.00,109,0,0.00,7,7.11,4.99,4.71,13.50
337310,-8.59,5.47,1,14.36,13.60,8,14.66,187,0.32,0.32,924,0.00,1.00,4,0.5000,19.00,109,0,0.00,7,7.25,4.93,4.71,13.50
337414,-9.38,5.47,1,14.36,13.68,8,14.65,187,0.30,0.30,990,0.00,1.00,4,0.5000,15.50,109,0,0.00,7,7.25,4.81,4.71,13.60
337518,-9.38,5.47,1,14.36,13.68,8,14.64,187,0.29,0.27,1032,0.00,1.00,4,0.5000,13.50,109,0,0.00,7,7.11,4.81,4.71,13.70
337622,-9.38,5.47,1,14.36,13.68,8,14.64,187,0.29,0.28,1052,0.00,1.00,4,0.5000,16.00,109,0,0.00,7,6.82,4.87,4.71,13.80
337726,-10.16,5.47,1,14.36,13.52,8,14.65,187,0.29,0.29,1012,0.00,1.00,4,0.5000,17.00,109,0,0.00,7,6.67,4.77,4.31,13.80
337830,-10.16,5.47,1,14.36,13.52,8,14.66,187,0.29,0.28,992,0.00,1.00,4,0.5000,19.00,109,0,0.00,7,6.67,4.69,4.71,14.00
337934,-10.16,5.47,1,14.36,13.68,8,14.67,187,0.29,0.31,936,0.00,1.00,3,0.5000,21.50,109,0,0.00,7,6.67,4.93,4.71,14.10
338038,-10.16,5.47,1,14.36,13.60,8,14.67,187,0.30,0.32,916,0.00,1.00,3,0.5000,22.00,109,0,0.00,7,6.96,4.99,4.71,14.20
338142,-10.16,5.47,1,14.36,13.44,8,14.67,187,0.31,0.33,914,0.00,1.00,3,0.5000,22.00,109,0,0.00,7,7.11,4.96,4.71,14.30
338246,-10.16,5.47,1,14.36,13.60,8,14.67,187,0.31,0.33,890,0.00,1.00,3,0.5000,22.00,109,0,0.00,7,7.25,4.93,4.71,14.30
338350,-10.16,5.47,1,14.36,13.52,8,14.67,187,0.32,0.33,898,0.00,1.00,3,0.5000,20.00,109,0,0.00,7,7.25,4.87,4.71,14.40
338454,-10.16,5.47,1,14.36,13.60,8,14.66,187,0.31,0.31,923,0.00,1.00,3,0.5000,16.00,109,0,0.00,7,7.40,4.81,4.71,14.40
338557,-10.16,5.47,1,14.36,13.68,8,14.64,187,0.30,0.29,1003,0.00,1.00,3,0.5000,12.50,109,0,0.00,7,7.40,4.74,4.71,14.40
338662,-10.16,5.47,1,14.36,13.68,8,14.63,187,0.29,0.27,1066,0.00,1.00,3,0.5000,12.00,109,0,0.00,7,7.25,4.74,4.71,14.40
338766,-10.16,5.47,1,14.36,13.68,8,14.63,187,0.28,0.26,1084,0.00,1.00,3,0.5000,17.00,109,0,0.00,7,6.96,4.69,4.31,14.60
338870,-9.38,5.47,1,14.36,13.52,8,14.62,187,0.26,0.25,1132,0.00,1.00,3,0.5000,17.00,109,0,0.00,7,6.82,4.55,4.31,14.50
338974,-9.38,5.47,1,14.36,13.68,8,14.62,187,0.25,0.24,1134,0.00,1.00,3,0.5000,17.00,109,0,0.00,7,6.53,4.69,5.10,14.90
339078,-8.59,5.47,1,14.36,13.52,8,14.62,187,0.26,0.27,1122,0.00,1.00,3,0.5000,17.00,109,0,0.00,7,6.53,5.08,5.10,14.90
339182,-7.03,5.47,1,14.36,13.68,8,14.63,187,0.27,0.28,1104,0.00,1.00,3,0.5000,18.00,109,0,0.00,7,6.53,5.24,5.49,15.10
339286,-6.25,5.47,1,14.36,13.52,8,14.62,187,0.27,0.28,1100,0.00,1.00,2,0.5000,20.00,109,0,0.00,7,6.67,5.37,5.49,15.20
339390,-5.47,5.47,1,14.36,13.60,8,14.62,187,0.28,0.29,1126,0.00,1.00,2,0.5000,22.00,109,0,0.00,7,6.67,5.43,5.49,15.50
339494,-3.91,5.47,1,14.36,13.60,8,14.61,187,0.28,0.28,1144,0.00,1.00,2,0.5000,22.00,109,0,0.00,7,6.67,5.43,5.88,15.70
339598,-3.12,5.47,2,14.36,13.44,8,14.61,187,0.28,0.29,1172,0.00,1.00,2,0.5000,22.50,109,0,0.00,7,6.67,6.32,7.45,15.80
339702,-2.34,5.47,2,14.36,13.68,8,14.61,187,0.31,0.34,1183,0.00,0.89,2,0.5000,23.50,109,0,0.00,7,7.25,7.19,8.63,15.50
339806,-2.34,4.69,2,14.36,13.68,8,14.60,187,0.34,0.37,1199,0.00,0.91,2,0.5000,25.00,109,0,0.00,7,7.98,7.77,8.63,15.80
339910,-1.56,4.69,2,14.36,13.60,8,14.60,187,0.35,0.38,1247,0.00,0.99,2,0.5000,25.50,109,0,0.00,7,8.56,7.94,8.63,15.20
340014,0.78,4.69,2,14.36,13.60,8,14.60,187,0.36,0.38,1268,0.00,0.99,2,0.5000,26.00,109,0,0.00,7,9.00,8.02,8.63,15.50
340118,5.47,3.91,2,14.36,13.60,8,14.60,187,0.37,0.38,1272,0.00,0.99,2,0.5000,26.50,109,0,0.00,7,9.14,8.03,8.24,16.00
340222,11.72,3.91,2,14.36,13.60,8,14.60,187,0.37,0.37,1288,0.00,0.99,2,0.5000,27.00,109,0,0.00,7,9.00,8.00,8.24,16.40
340326,15.62,3.91,2,14.36,13.68,8,14.59,187,0.37,0.36,1342,0.00,0.99,2,0.5000,27.00,109,0,0.00,7,9.00,8.10,8.24,16.70
340430,17.19,3.91,2,14.36,13.52,8,14.59,187,0.36,0.36,1362,0.00,0.99,2,0.5000,27.50,109,0,0.00,7,8.71,8.19,8.63,16.40
340534,15.62,3.91,2,14.36,13.52,8,14.59,187,0.36,0.36,1367,0.00,1.00,2,0.5000,27.50,109,0,0.00,7,8.71,8.32,8.24,15.60
340638,14.06,3.12,2,14.36,13.52,8,14.59,187,0.36,0.35,1383,0.00,1.00,2,0.5000,27.50,109,0,0.00,7,8.56,8.10,7.45,15.10
340743,13.28,3.12,2,14.36,13.60,8,14.59,187,0.35,0.35,1366,0.00,1.00,2,0.5000,27.00,109,0,0.00,7,8.27,7.59,6.67,14.40
340846,12.50,3.12,2,14.36,13.60,8,14.59,187,0.33,0.32,1357,0.00,1.00,2,0.5000,25.50,109,0,0.00,7,7.84,6.67,5.88,14.40
340950,11.72,3.12,2,14.36,13.60,8,14.59,187,0.32,0.29,1348,0.00,1.00,2,0.5000,23.50,109,0,0.00,7,7.25,6.27,5.88,14.20
341054,10.16,3.12,2,14.36,13.60,8,14.60,187,0.30,0.29,1297,0.00,1.00,2,0.5000,21.00,109,0,0.00,7,6.82,6.11,5.88,13.90
341158,7.81,3.12,2,14.36,13.60,8,14.60,187,0.30,0.29,1272,0.00,1.00,2,0.5000,19.50,109,0,0.00,7,6.53,6.11,5.88,13.50
341262,5.47,3.12,2,14.36,13.60,8,14.60,187,0.29,0.29,1254,0.00,1.00,2,0.5000,18.00,109,0,0.00,7,6.53,6.04,5.49,13.20
341366,0.00,0.78,2,14.36,13.68,10,14.60,187,0.29,0.30,1226,0.00,1.00,2,0.5000,17.00,109,0,0.00,7,6.38,5.98,5.49,13.00
341470,0.00,0.78,2,14.36,13.28,10,14.61,187,0.30,0.30,1182,0.00,1.00,2,0.5000,17.00,109,0,0.00,7,6.53,5.88,5.49,12.90
341574,0.00,0.78,2,14.36,13.68,10,14.62,187,0.30,0.31,1139,0.00,1.00,2,0.5000,17.00,109,0,0.00,7,6.67,5.88,5.49,13.10
341678,0.00,0.78,2,14.36,13.36,10,14.63,187,0.31,0.32,1108,0.00,1.00,2,0.5000,22.00,109,0,0.00,7,6.96,5.82,5.10,13.50
341782,0.00,0.78,2,14.36,13.68,10,14.64,187,0.32,0.35,987,0.00,1.00,2,0.5000,17.00,109,0,0.00,7,7.11,5.82,5.10,14.00
341886,0.00,0.78,2,14.36,13.60,10,14.62,187,0.32,0.32,1102,0.00,1.00,2,0.5000,17.00,109,0,0.00,7,7.25,5.82,5.49,14.10
341991,0.00,0.78,2,14.36,13.60,10,14.60,187,0.30,0.29,1209,0.00,1.00,2,0.5000,17.00,109,0,0.00,7,7.25,5.82,5.49,17.50
342094,0.00,0.78,2,14.36,13.68,10,14.60,187,0.29,0.28,1246,0.00,1.00,2,0.5000,17.00,109,0,0.00,7,6.96,5.85,5.49,17.30
342198,0.00,0.78,2,14.36,13.52,8,14.60,187,0.29,0.28,1232,0.00,1.00,2,0.5000,17.00,109,0,0.00,7,6.82,5.59,4.71,13.80
342302,-3.12,0.78,1,14.36,13.60,8,14.61,187,0.28,0.28,1188,0.00,1.00,2,0.5000,17.00,109,0,0.00,7,6.67,5.24,4.31,13.30
342406,-3.12,0.78,1,14.36,13.52,8,14.62,187,0.28,0.27,1156,0.00,1.00,2,0.5000,17.00,109,0,0.00,7,6.53,5.08,4.31,13.60
342510,-2.34,1.56,1,14.36,13.60,8,14.63,187,0.28,0.27,1120,0.00,1.00,2,0.5000,17.00,109,0,0.00,7,6.38,5.05,4.31,13.60
342614,-1.56,1.56,1,14.36,13.68,8,14.63,187,0.28,0.28,1084,0.00,1.00,2,0.5000,17.00,109,0,0.00,7,6.24,4.99,4.31,14.20
342718,-2.34,1.56,1,14.36,13.60,8,14.63,187,0.28,0.28,1070,0.00,1.00,2,0.5000,20.50,109,0,0.00,7,6.24,4.99,4.71,14.30
342822,-3.12,1.56,1,14.36,13.60,8,14.63,187,0.28,0.28,1056,0.00,1.00,2,0.5000,21.00,109,0,0.00,7,6.24,4.99,4.31,14.30
342926,-3.12,1.56,1,14.36,13.60,8,14.64,187,0.28,0.29,1044,0.00,1.00,2,0.5000,22.00,109,0,0.00,7,6.24,4.93,4.31,14.20
343030,-3.91,2.34,1,14.36,13.68,8,14.64,187,0.28,0.28,1036,0.00,1.00,2,0.5000,22.00,109,0,0.00,7,6.24,4.84,4.31,14.20
343134,-4.69,2.34,1,14.36,13.60,8,14.65,187,0.28,0.28,1019,0.00,1.00,2,0.5000,22.00,109,0,0.00,7,6.38,4.81,4.31,14.10
343238,-5.47,2.34,1,14.36,13.60,8,14.65,187,0.28,0.29,997,0.00,1.00,2,0.5000,22.00,109,0,0.00,7,6.38,4.84,4.71,14.00
343342,-6.25,2.34,1,14.36,13.52,8,14.65,187,0.29,0.30,986,0.00,1.00,2,0.5000,22.00,109,0,0.00,7,6.38,5.05,4.71,13.90
343446,-7.03,2.34,1,14.36,13.60,8,14.65,187,0.29,0.31,993,0.00,1.00,2,0.5000,21.50,109,0,0.00,7,6.67,5.11,4.71,13.90
343550,-7.81,3.12,1,14.36,13.60,8,14.65,187,0.30,0.31,988,0.00,1.00,2,0.5000,20.50,109,0,0.00,7,6.67,5.17,4.71,13.70
343654,-7.81,3.12,1,14.36,13.60,8,14.64,187,0.30,0.31,1004,0.00,1.00,2,0.5000,20.00,109,0,0.00,7,6.82,5.17,5.49,13.70
343758,-8.59,3.12,2,14.36,13.60,8,14.64,187,0.31,0.33,1015,0.00,1.00,2,0.5000,19.50,109,0,0.00,7,6.82,5.62,5.49,13.70
343862,-8.59,3.12,2,14.36,13.60,8,14.65,187,0.32,0.33,1013,0.00,1.00,2,0.5000,17.50,109,0,0.00,7,7.11,5.62,5.49,13.80
343966,-8.59,3.12,2,14.36,13.60,8,14.65,187,0.32,0.33,1010,0.00,1.00,2,0.5000,18.00,109,0,0.00,7,7.25,5.69,5.88,14.00
344071,-8.59,3.12,2,14.36,13.68,8,14.64,187,0.33,0.34,1011,0.00,1.00,2,0.5000,17.00,109,0,0.00,7,7.40,5.69,5.88,14.20
344174,-7.81,3.12,2,14.36,13.60,8,14.64,187,0.33,0.33,1037,0.00,1.00,2,0.5000,17.00,109,0,0.00,7,7.55,5.69,5.88,14.20
344278,-7.81,0.78,2,14.36,13.68,8,14.64,187,0.33,0.33,1050,0.00,1.00,2,0.5000,17.00,109,0,0.00,7,7.55,5.72,5.88,14.50
344382,-7.03,0.78,2,14.36,13.60,8,14.64,187,0.33,0.33,1047,0.00,1.00,2,0.5000,17.00,109,0,0.00,7,7.55,5.69,5.10,13.90
344487,-6.25,0.78,1,14.36,13.60,8,14.64,187,0.33,0.32,1018,0.00,1.00,2,0.5000,17.00,109,0,0.00,7,7.55,5.37,5.10,15.00
344591,-5.47,0.78,1,14.36,13.60,8,14.64,187,0.32,0.31,1025,0.00,1.00,2,0.5000,17.00,109,0,0.00,7,7.40,5.30,5.10,15.10
344694,-5.47,1.56,1,14.36,13.60,8,14.64,187,0.31,0.31,1037,0.00,1.00,2,0.5000,17.00,109,0,0.00,7,7.25,5.30,5.10,15.20
344798,-4.69,1.56,1,14.36,13.68,8,14.64,187,0.31,0.31,1038,0.00,1.00,2,0.5000,17.00,109,0,0.00,7,7.11,5.33,5.10,15.40
344903,-4.69,1.56,1,14.36,13.60,8,14.64,187,0.31,0.31,1035,0.00,1.00,2,0.5000,16.50,109,0,0.00,7,7.11,5.37,5.10,15.50
345006,-4.69,1.56,1,14.36,13.68,8,14.64,187,0.31,0.31,1038,0.00,1.00,2,0.5000,17.00,109,0,0.00,7,7.11,5.37,5.10,15.20
345110,-4.69,1.56,1,14.36,13.60,8,14.64,187,0.31,0.31,1033,0.00,1.00,2,0.5000,17.00,109,0,0.00,7,7.11,5.37,5.10,15.10
345215,-4.69,2.34,1,14.36,13.60,8,14.63,187,0.31,0.31,1050,0.00,1.00,2,0.5000,16.50,109,0,0.00,7,7.11,5.37,5.10,15.00
345318,-4.69,2.34,1,14.36,13.68,8,14.63,187,0.30,0.30,1074,0.00,1.00,2,0.5000,18.50,109,0,0.00,7,6.96,5.40,5.88,14.90
345422,-4.69,2.34,2,14.36,13.68,8,14.63,187,0.31,0.32,1077,0.00,1.00,2,0.5000,21.00,109,0,0.00,7,6.96,6.11,6.67,14.80
345527,-4.69,0.78,2,14.36,13.60,8,14.63,187,0.32,0.34,1097,0.00,1.00,2,0.5000,22.50,109,0,0.00,7,7.25,6.43,7.06,14.90
345630,-3.91,0.78,2,14.36,13.52,8,14.62,187,0.33,0.35,1124,0.00,0.99,2,0.5000,23.00,109,0,0.00,7,7.69,6.58,7.06,14.90
345735,-3.91,0.78,2,14.36,13.60,8,14.62,187,0.34,0.34,1130,0.00,0.99,2,0.5000,23.50,109,0,0.00,7,7.84,6.67,7.06,14.90
345839,-2.34,0.78,2,14.36,13.60,8,14.61,187,0.34,0.34,1157,0.00,0.99,2,0.5000,24.00,109,0,0.00,7,7.98,6.72,7.45,15.10
345943,0.00,0.78,2,14.36,13.60,8,14.61,187,0.35,0.35,1184,0.00,0.99,2,0.5000,24.50,109,0,0.00,7,7.98,7.13,8.24,15.50
346047,2.34,0.78,2,14.36,13.68,8,14.61,187,0.36,0.37,1197,0.00,0.99,2,0.5000,25.00,109,0,0.00,7,8.27,7.59,7.84,16.00
346151,6.25,0.78,2,14.36,13.68,8,14.60,187,0.37,0.38,1221,0.00,0.99,2,0.5000,25.50,109,0,0.00,7,8.56,7.80,8.24,16.20
346255,9.38,0.78,2,14.36,13.60,8,14.60,187,0.37,0.38,1254,0.00,0.99,2,0.5000,26.00,109,0,0.00,7,8.71,8.09,8.63,16.10
346359,11.72,0.78,2,14.36,13.60,8,14.60,187,0.38,0.39,1263,0.00,1.00,2,0.5000,27.00,109,0,0.00,7,8.85,8.27,8.24,16.20
346462,14.06,0.78,2,14.36,13.76,8,14.60,187,0.38,0.38,1282,0.00,1.00,2,0.5000,27.00,109,0,0.00,7,8.85,8.05,7.84,16.20
346566,15.62,0.78,2,14.36,13.60,8,14.60,187,0.37,0.36,1330,0.00,1.00,2,0.5000,27.00,109,0,0.00,7,8.71,8.05,7.84,16.10
346670,17.19,0.78,2,14.36,13.52,8,14.59,187,0.37,0.36,1352,0.00,1.00,2,0.5000,27.50,109,0,0.00,7,8.56,8.15,8.63,15.90
346775,16.41,0.78,2,14.36,13.52,8,14.59,187,0.37,0.38,1350,0.00,1.00,2,0.5000,28.00,109,0,0.00,7,8.42,8.72,9.02,15.60
346879,14.06,0.78,2,14.36,13.68,8,14.59,187,0.38,0.38,1384,0.00,1.00,2,0.5000,28.00,109,0,0.00,7,8.71,8.99,8.63,15.30
346983,14.06,0.78,2,14.36,13.68,8,14.59,187,0.38,0.39,1396,0.00,1.00,2,0.5000,28.50,109,0,0.00,7,8.71,9.01,8.63,14.20
347088,14.84,0.78,2,14.36,13.52,8,14.59,187,0.38,0.38,1394,0.00,1.00,2,0.5000,28.50,109,0,0.00,7,8.71,8.93,8.63,14.40
347191,14.84,0.78,2,14.36,13.60,8,14.59,187,0.38,0.38,1420,0.00,1.01,2,0.5000,29.00,109,0,0.00,7,8.71,8.95,8.63,14.50
347296,13.28,0.78,2,14.36,13.44,8,14.59,187,0.38,0.38,1416,0.00,1.01,2,0.5000,28.50,109,0,0.00,7,8.71,9.06,8.63,14.60
347400,12.50,0.78,2,14.36,13.60,8,14.59,187,0.38,0.38,1431,0.00,1.01,2,0.5000,29.00,109,0,0.00,7,8.71,9.20,9.02,14.30
347503,11.72,0.78,3,14.36,13.68,8,14.59,187,0.39,0.40,1422,0.00,1.01,2,0.5000,29.50,109,0,0.00,7,8.71,7.69,10.59,14.20
347607,10.94,0.78,3,14.36,13.60,8,14.59,187,0.41,0.44,1447,0.00,1.00,2,0.5000,31.00,109,0,0.00,7,9.29,10.89,10.98,14.30
347712,11.72,1.56,3,14.36,13.52,8,14.58,187,0.43,0.46,1455,0.00,1.00,2,0.5000,32.00,109,0,0.00,7,9.72,10.94,10.98,14.30
347816,14.06,2.34,3,14.36,13.44,8,14.58,187,0.43,0.44,1508,0.00,1.00,2,0.5000,33.00,109,0,0.00,7,10.01,11.04,10.59,15.40
347920,16.41,3.12,3,14.36,13.60,8,14.58,187,0.43,0.42,1530,0.00,1.01,2,0.5000,33.00,109,0,0.00,7,10.01,11.04,10.59,15.40
348024,15.62,3.91,3,14.36,13.60,8,14.58,187,0.42,0.42,1567,0.00,1.01,2,0.5000,33.00,109,0,0.00,7,9.87,11.09,10.59,15.00
348128,14.84,3.91,3,14.36,13.60,8,14.58,187,0.42,0.42,1597,0.00,1.01,2,0.5000,33.00,109,0,0.00,7,9.72,11.14,10.59,14.20
348231,14.06,4.69,3,14.36,13.52,8,14.57,187,0.42,0.42,1606,0.00,1.01,2,0.5000,33.50,109,0,0.00,7,9.58,11.29,10.59,14.30
348336,13.28,5.47,3,14.36,13.52,8,14.57,187,0.42,0.42,1615,0.00,1.01,2,0.5000,33.50,109,0,0.00,7,9.58,11.19,10.59,14.20
348439,12.50,5.47,3,14.36,13.52,8,14.57,187,0.42,0.42,1604,0.00,1.01,2,0.5000,33.50,108,0,0.00,7,9.58,11.49,10.59,14.40
348544,12.50,6.25,3,14.36,13.68,8,14.57,187,0.42,0.42,1608,0.00,1.01,2,0.5000,33.50,108,0,0.00,7,9.58,11.44,10.59,14.40
348648,11.72,6.25,3,14.36,13.60,8,14.57,187,0.42,0.42,1628,0.00,1.01,2,0.5000,33.50,108,0,0.00,7,9.58,11.34,10.20,14.20
348751,10.94,7.03,3,14.36,13.60,8,14.57,187,0.41,0.40,1632,0.00,1.01,2,0.5000,33.50,108,0,0.00,7,9.43,11.04,10.20,14.20
348856,10.16,7.81,3,14.36,13.52,8,14.57,187,0.41,0.40,1634,0.00,1.01,2,0.5000,33.00,108,1,0.00,7,9.29,11.09,10.20,14.20
348960,8.59,7.81,3,14.36,13.52,8,14.57,187,0.41,0.41,1616,0.00,1.00,2,0.5000,33.00,108,1,0.00,7,9.14,11.14,10.20,14.00
349063,7.03,7.81,3,14.36,13.52,8,14.57,187,0.41,0.42,1621,0.00,1.00,2,0.5000,33.00,108,1,0.00,7,9.14,11.14,10.20,14.00
349168,6.25,8.59,3,14.36,13.60,8,14.57,187,0.41,0.41,1639,0.00,1.00,2,0.5000,33.00,108,1,0.00,7,9.00,11.34,10.20,14.00
349271,5.47,8.59,3,14.36,13.60,8,14.57,187,0.41,0.41,1652,0.00,1.00,2,0.5000,33.50,108,1,0.00,7,9.00,11.20,10.20,14.00
349375,3.91,9.38,3,14.36,13.44,8,14.57,187,0.41,0.40,1661,0.00,0.99,2,0.5000,33.50,108,2,0.00,7,9.00,11.19,9.80,14.10
349480,3.12,9.38,3,14.36,13.60,8,14.57,187,0.40,0.40,1671,0.00,0.99,2,0.5000,33.50,108,2,0.00,7,8.85,11.09,9.80,14.00
349584,1.56,9.38,3,14.36,13.68,8,14.57,187,0.40,0.39,1662,0.00,0.99,2,0.5000,33.50,108,2,0.00,7,8.71,11.19,9.80,14.10
349687,0.78,10.16,3,14.36,13.68,8,14.57,187,0.40,0.40,1671,0.00,0.99,2,0.5000,33.00,108,2,0.00,7,8.56,11.29,10.20,14.00
349792,0.00,10.16,3,14.36,13.52,8,14.57,187,0.40,0.39,1681,0.00,0.99,2,0.5000,33.50,108,3,0.00,7,8.71,11.14,10.20,14.10
349896,-0.78,10.16,3,14.36,13.44,8,14.57,187,0.40,0.40,1688,0.00,0.99,2,0.5000,33.50,108,3,0.00,7,8.56,10.75,8.24,14.20
350000,-0.78,10.94,2,14.36,13.60,8,14.57,187,0.37,0.36,1696,0.00,0.99,2,0.5000,32.50,108,3,0.00,7,8.27,9.50,7.45,14.20
350104,-1.56,10.16,2,14.36,13.60,8,14.57,187,0.35,0.32,1680,0.00,1.00,2,0.5000,31.00,108,3,0.00,7,7.55,8.90,7.06,14.20
350208,-4.69,10.16,2,14.36,13.68,8,14.57,187,0.33,0.32,1656,0.00,1.00,2,0.5000,30.00,108,4,0.00,7,6.96,8.33,6.67,14.10
350312,-9.38,9.38,2,14.36,13.60,8,14.57,187,0.32,0.30,1655,0.00,1.00,2,0.5000,30.00,108,4,0.00,7,6.67,8.26,6.67,13.30
350415,-13.28,9.38,2,14.36,13.52,8,14.57,187,0.31,0.30,1646,0.00,1.00,2,0.5000,29.50,108,4,0.00,7,6.53,8.11,6.67,13.10
350520,-15.62,8.59,2,14.36,13.60,8,14.57,187,0.30,0.29,1652,0.00,1.00,2,0.5000,29.50,108,5,0.00,7,6.38,8.12,6.67,13.00
350624,-17.19,7.81,2,14.36,13.60,8,14.57,187,0.29,0.29,1638,0.00,1.00,2,0.5000,28.00,108,5,0.00,7,6.38,7.40,5.49,13.40
350728,-17.19,7.81,2,14.36,13.60,8,14.57,187,0.28,0.26,1627,0.00,1.00,2,0.5000,25.50,108,6,0.00,7,5.95,6.93,5.49,13.70
350832,-17.19,7.81,2,14.36,13.60,8,14.58,187,0.27,0.25,1602,0.00,1.00,2,0.5000,23.50,108,6,0.00,7,5.66,6.64,5.49,14.00
350936,-17.97,7.03,2,14.36,13.52,8,14.58,187,0.26,0.25,1604,0.00,1.00,2,0.5000,22.00,108,6,0.00,7,5.51,6.56,5.49,14.00
351040,-17.97,7.03,2,14.36,13.68,10,14.58,187,0.25,0.25,1585,0.00,1.00,2,0.5000,20.00,108,7,0.00,7,5.37,6.49,5.49,14.20
351144,0.00,6.25,2,14.36,13.60,10,14.58,187,0.26,0.26,1508,0.00,1.00,2,0.5000,19.00,108,6,0.00,7,5.37,6.45,5.10,14.00
351248,0.00,6.25,2,14.36,13.60,10,14.58,187,0.26,0.26,1482,0.00,1.00,2,0.5000,19.00,108,7,0.00,7,5.37,6.35,5.10,14.10
351352,0.00,6.25,2,14.36,13.52,10,14.59,187,0.26,0.26,1465,0.00,0.99,2,0.5000,18.50,108,7,0.00,7,5.37,6.24,5.10,13.80
351456,0.00,5.47,2,14.36,13.60,10,14.59,187,0.26,0.27,1437,0.00,1.00,2,0.5000,18.00,108,8,0.00,7,5.37,6.20,5.10,16.10
351560,0.00,5.47,2,14.36,13.68,10,14.60,187,0.27,0.28,1348,0.00,1.00,2,0.5000,17.50,108,8,0.00,7,5.37,6.20,5.10,16.90
351664,0.00,5.47,2,14.36,13.60,10,14.60,187,0.27,0.28,1307,0.00,1.00,2,0.5000,17.50,108,8,0.00,7,5.37,6.08,4.71,18.00
351768,0.00,4.69,2,14.36,13.60,10,14.60,187,0.28,0.28,1277,0.00,1.00,2,0.5000,17.00,108,8,0.00,7,5.51,5.98,4.71,20.60
351872,0.00,4.69,2,14.36,13.68,10,14.60,187,0.28,0.29,1258,0.00,1.00,2,0.5000,17.00,108,3,0.00,7,5.51,5.95,4.71,21.00
351977,0.00,4.69,2,14.36,13.68,10,14.60,187,0.28,0.29,1223,0.00,1.00,2,0.5000,17.00,108,0,0.00,7,5.66,5.91,4.71,27.90
352080,0.00,4.69,2,14.36,13.68,10,14.60,187,0.29,0.29,1207,0.00,1.00,2,0.5000,17.00,108,0,0.00,7,5.66,5.82,4.71,32.90
352184,0.00,3.91,2,14.36,13.68,10,14.61,187,0.29,0.29,1192,0.00,1.00,2,0.5000,17.00,108,0,0.00,7,5.80,5.75,4.71,42.10
352288,0.00,3.91,2,14.36,13.68,10,14.61,187,0.29,0.29,1177,0.00,1.00,2,0.5000,17.00,108,0,0.00,7,5.80,5.69,4.71,55.40
352392,0.00,3.91,2,14.36,13.68,10,14.61,187,0.29,0.29,1163,0.00,1.00,2,0.5000,17.00,108,0,0.00,7,5.80,5.66,4.71,67.10
352497,0.00,3.91,2,14.36,13.68,10,14.62,187,0.29,0.29,1151,0.00,1.00,2,0.5000,17.00,108,0,0.00,7,5.95,5.62,4.71,76.40
352600,0.00,3.12,2,14.36,13.76,10,14.62,187,0.29,0.29,1136,0.00,1.00,2,0.5000,17.00,108,0,0.00,7,5.95,5.62,4.71,81.70
352704,0.00,3.12,1,14.36,13.60,10,14.62,187,0.29,0.30,1122,0.00,1.00,2,0.5000,17.00,108,0,0.00,7,5.95,5.62,4.71,90.70
352808,0.00,5.47,1,14.36,13.60,10,14.63,187,0.30,0.30,1106,0.00,1.00,2,0.5000,17.00,108,0,0.00,7,6.09,5.50,4.31,95.00
352912,0.00,5.47,1,14.36,13.60,10,14.63,187,0.30,0.30,1091,0.00,1.00,2,0.5000,17.00,108,0,0.00,7,6.09,5.43,4.31,96.00
353016,0.00,5.47,1,14.36,13.60,10,14.63,187,0.30,0.30,1073,0.00,1.00,2,0.5000,22.00,108,0,0.00,7,6.09,5.40,4.31,96.00
353120,0.00,5.47,1,14.36,13.76,10,14.64,187,0.30,0.31,1068,0.00,1.00,2,0.5000,22.00,108,0,0.00,7,6.09,5.37,4.31,96.00
353224,0.00,5.47,1,14.36,13.60,10,14.64,187,0.30,0.30,1046,0.00,1.00,2,0.5000,22.00,108,0,0.00,7,6.09,5.30,4.31,96.00
353328,0.00,5.47,1,14.36,13.68,10,14.65,187,0.30,0.31,1018,0.00,1.00,2,0.5000,22.00,108,0,0.00,7,6.24,5.24,4.31,96.00
353432,0.00,5.47,1,14.36,13.60,10,14.65,187,0.31,0.32,996,0.00,1.00,2,0.5000,22.00,108,0,0.00,7,6.24,5.17,4.71,96.00
353536,0.00,5.47,1,14.36,13.68,10,14.65,187,0.31,0.33,988,0.00,1.00,2,0.5000,22.00,108,0,0.00,7,6.38,5.40,4.71,99.90
353640,0.00,5.47,1,14.36,13.60,10,14.66,187,0.32,0.34,966,0.00,1.00,2,0.5000,22.00,108,0,0.00,7,6.53,5.50,4.71,99.90
353744,0.00,5.47,1,14.36,13.60,10,14.66,187,0.33,0.35,942,0.00,1.00,2,0.5000,22.00,108,0,0.00,7,6.82,5.50,4.71,99.90
353849,0.00,5.47,1,14.36,13.68,10,14.67,187,0.34,0.35,934,0.00,1.00,2,0.5000,22.00,108,0,0.00,7,6.96,5.46,4.71,99.90
353952,0.00,5.47,1,14.36,13.60,10,14.67,187,0.34,0.36,907,0.00,1.00,2,0.5000,22.00,108,0,0.00,7,7.11,5.37,4.71,99.90
354057,0.00,5.47,1,14.36,13.68,10,14.67,187,0.35,0.36,898,0.00,1.00,2,0.5000,22.00,108,0,0.00,7,7.25,5.24,4.71,99.90
354161,0.00,5.47,1,14.36,13.68,10,14.64,187,0.34,0.32,991,0.00,1.07,2,0.5000,17.00,108,0,0.00,7,7.25,5.17,4.71,99.90
354265,0.00,5.47,1,14.36,13.68,10,14.60,187,0.30,0.26,1203,0.00,1.11,2,0.5000,17.50,108,0,0.00,7,7.11,5.11,4.71,99.90
354372,0.00,5.47,1,14.36,13.60,10,14.59,187,0.27,0.23,1333,0.00,1.07,2,0.5000,17.50,108,0,0.00,7,6.38,5.17,4.71,96.00
354473,0.00,5.47,1,14.36,13.44,10,14.59,187,0.25,0.23,1345,0.00,1.00,2,0.5000,17.50,108,0,0.00,7,5.95,5.30,4.71,81.00
354576,0.00,5.47,1,14.36,13.60,10,14.59,187,0.25,0.24,1334,0.00,1.00,2,0.5000,17.50,108,0,0.00,7,5.66,5.40,4.71,33.50
354681,0.00,5.47,1,14.36,13.76,10,14.59,187,0.24,0.24,1336,0.00,1.00,2,0.5000,17.50,108,0,0.00,7,5.37,5.40,4.71,25.00
354784,0.00,5.47,1,14.36,13.60,10,14.60,187,0.25,0.25,1303,0.00,1.00,2,0.5000,17.50,108,0,0.00,7,5.37,5.43,4.71,21.20
354889,0.00,5.47,1,14.36,13.60,10,14.60,187,0.25,0.25,1301,0.00,1.00,2,0.5000,17.50,108,0,0.00,7,5.37,5.40,4.71,19.30
354992,0.00,5.47,1,14.36,13.52,8,14.60,187,0.25,0.25,1315,0.00,1.00,2,0.5000,17.50,108,0,0.00,7,5.37,5.37,4.71,17.80
355096,-0.78,5.47,1,14.36,13.60,8,14.60,187,0.25,0.25,1310,0.00,1.00,2,0.5000,17.50,108,0,0.00,7,5.22,5.30,4.71,17.00
355200,-2.34,5.47,1,14.36,13.60,8,14.60,187,0.24,0.25,1288,0.00,1.00,2,0.5000,17.50,108,0,0.00,7,5.22,5.30,4.71,16.20
355305,-3.12,5.47,1,14.36,13.60,8,14.60,187,0.24,0.24,1287,0.00,1.00,2,0.5000,17.50,108,0,0.00,7,5.22,5.27,4.71,14.30
355409,-3.91,5.47,1,14.36,13.60,8,14.60,187,0.24,0.24,1295,0.00,1.00,2,0.5000,17.50,108,0,0.00,7,5.22,5.24,4.71,14.30
355512,-4.69,5.47,1,14.36,13.52,8,14.60,187,0.24,0.24,1293,0.00,1.00,2,0.5000,17.50,108,0,0.00,7,5.22,5.24,4.71,14.00
355617,-5.47,5.47,1,14.36,13.60,8,14.60,187,0.24,0.25,1280,0.00,1.00,2,0.5000,17.50,108,0,0.00,7,5.22,5.21,4.71,14.00
355721,-6.25,5.47,1,14.36,13.20,8,14.60,187,0.24,0.25,1272,0.00,1.00,2,0.5000,17.50,108,0,0.00,7,5.37,5.24,4.71,13.90
355824,-7.03,5.47,1,14.36,13.60,8,14.60,187,0.24,0.25,1262,0.00,1.00,2,0.5000,17.00,108,0,0.00,7,5.37,5.21,4.71,13.80
355929,-7.03,5.47,1,14.36,13.68,8,14.60,187,0.25,0.25,1256,0.00,1.00,2,0.5000,17.00,108,0,0.00,7,5.51,5.21,4.71,13.90
356032,-7.81,5.47,1,14.36,13.52,8,14.60,187,0.25,0.25,1248,0.00,1.00,2,0.5000,17.00,108,0,0.00,7,5.51,5.21,4.71,14.00
356137,-7.81,5.47,1,14.36,13.60,8,14.60,187,0.25,0.25,1258,0.00,1.00,2,0.5000,17.00,108,0,0.00,7,5.51,5.21,4.71,14.00
356241,-7.81,5.47,1,14.36,13.60,8,14.60,187,0.25,0.25,1242,0.00,1.00,2,0.5000,17.00,108,0,0.00,7,5.51,5.21,4.71,14.20
356344,-7.81,5.47,1,14.36,13.68,8,14.60,187,0.25,0.25,1242,0.00,1.00,2,0.5000,17.00,108,0,0.00,7,5.51,5.21,4.71,14.20
356448,-7.81,5.47,1,14.36,13.68,8,14.60,187,0.25,0.25,1230,0.00,1.00,2,0.5000,17.00,108,0,0.00,7,5.51,5.18,4.71,14.20
356553,-7.81,5.47,1,14.36,13.52,8,14.60,187,0.25,0.26,1218,0.00,1.00,2,0.5000,17.00,108,0,0.00,7,5.51,5.18,4.71,14.30
356657,-7.81,5.47,1,14.36,13.68,8,14.60,187,0.25,0.25,1216,0.00,1.00,2,0.5000,17.00,108,0,0.00,7,5.51,5.11,4.71,14.30
356761,-8.59,5.47,1,14.36,13.60,8,14.60,187,0.25,0.25,1211,0.00,1.00,2,0.5000,17.00,108,0,0.00,7,5.51,5.05,4.71,14.30
356865,-8.59,5.47,1,14.36,13.60,8,14.60,187,0.25,0.25,1208,0.00,1.00,2,0.5000,17.00,108,0,0.00,7,5.51,5.02,4.71,14.30
356969,-9.38,5.47,1,14.36,13.52,8,14.60,187,0.25,0.25,1209,0.00,1.00,2,0.5000,17.00,108,0,0.00,7,5.51,4.99,4.71,14.20
357073,-10.16,5.47,1,14.36,13.60,8,14.61,187,0.25,0.25,1202,0.00,1.00,2,0.5000,17.00,108,0,0.00,7,5.51,5.02,4.71,14.20
357177,-10.16,5.47,1,14.36,13.52,8,14.61,187,0.25,0.26,1168,0.00,1.00,2,0.5000,17.00,108,0,0.00,7,5.66,4.99,4.71,14.20
357281,-10.16,5.47,1,14.36,13.52,8,14.61,187,0.25,0.26,1162,0.00,1.00,2,0.5000,17.00,108,0,0.00,7,5.66,4.96,4.71,14.10
357385,-10.94,5.47,1,14.36,13.68,8,14.61,187,0.25,0.26,1162,0.00,1.00,2,0.5000,17.00,108,0,0.00,7,5.66,4.96,4.71,14.10
357489,-10.94,5.47,1,14.36,13.60,8,14.61,187,0.25,0.26,1153,0.00,1.00,2,0.5000,17.00,108,0,0.00,7,5.80,4.96,4.71,14.10
357593,-10.94,5.47,1,14.36,13.60,8,14.61,187,0.26,0.26,1142,0.00,1.00,2,0.5000,17.00,108,0,0.00,7,5.80,4.93,4.71,14.20
357697,-10.94,5.47,1,14.36,13.60,8,14.62,187,0.26,0.26,1136,0.00,1.00,2,0.5000,17.00,108,0,0.00,7,5.80,4.93,4.71,14.30
357801,-10.94,5.47,1,14.36,13.52,8,14.62,187,0.26,0.26,1121,0.00,1.00,2,0.5000,17.00,108,0,0.00,7,5.80,4.90,4.71,14.30
357905,-10.94,5.47,1,14.36,13.68,8,14.62,187,0.26,0.26,1122,0.00,1.00,2,0.5000,17.00,108,0,0.00,7,5.80,4.87,4.31,14.30
358009,-10.94,5.47,1,14.36,13.60,8,14.62,187,0.26,0.26,1114,0.00,1.00,2,0.5000,17.00,108,0,0.00,7,5.80,4.81,4.31,14.40
358113,-10.94,5.47,1,14.36,13.68,8,14.63,187,0.26,0.25,1116,0.00,1.00,2,0.5000,17.00,108,0,0.00,7,5.80,4.81,4.31,14.40
358216,-10.94,5.47,1,14.36,13.60,8,14.63,187,0.26,0.26,1092,0.00,1.00,2,0.5000,17.00,108,0,0.00,7,5.80,4.74,4.31,14.40
358321,-10.94,5.47,1,14.36,13.52,8,14.63,187,0.26,0.26,1086,0.00,1.00,2,0.5000,17.00,108,0,0.00,7,5.80,4.74,4.31,14.50
358425,-10.94,5.47,1,14.36,13.60,8,14.63,187,0.26,0.27,1066,0.00,1.00,2,0.5000,17.00,108,0,0.00,7,5.95,4.74,4.31,14.40
358529,-10.94,5.47,1,14.36,13.68,8,14.63,187,0.26,0.27,1072,0.00,1.00,2,0.5000,21.00,108,0,0.00,7,5.95,4.71,4.31,14.40
358633,-10.94,5.47,1,14.36,13.68,8,14.64,187,0.26,0.27,1057,0.00,1.00,2,0.5000,21.50,108,0,0.00,7,5.95,4.69,4.31,14.50
358737,-11.72,5.47,1,14.36,13.60,8,14.64,187,0.26,0.27,1061,0.00,1.00,2,0.5000,22.00,108,0,0.00,7,6.09,4.69,4.31,14.50
358841,-11.72,5.47,1,14.36,13.52,8,14.65,187,0.27,0.27,1024,0.00,1.00,2,0.5000,22.00,108,0,0.00,7,6.09,4.63,4.31,14.40
358945,-11.72,5.47,1,14.36,13.60,8,14.65,187,0.27,0.27,1011,0.00,1.00,2,0.5000,22.00,108,0,0.00,7,6.09,4.57,4.31,14.50
359049,-10.94,5.47,1,14.36,13.60,8,14.65,187,0.27,0.28,978,0.00,1.00,2,0.5000,22.00,108,0,0.00,7,6.24,4.72,4.71,14.50
359153,-10.94,5.47,1,14.36,13.68,8,14.66,187,0.28,0.31,965,0.00,1.00,2,0.5000,22.00,108,0,0.00,7,6.38,4.93,4.71,14.50
359256,-10.94,5.47,1,14.36,13.68,8,14.67,187,0.29,0.32,926,0.00,1.00,2,0.5000,22.00,108,0,0.00,7,6.67,4.93,4.71,14.50
359361,-10.94,5.47,1,14.36,13.60,8,14.67,187,0.30,0.33,901,0.00,1.00,2,0.5000,22.00,108,0,0.00,7,6.82,4.93,4.71,14.50
359465,-10.94,5.47,1,14.36,13.52,8,14.67,187,0.31,0.33,898,0.00,1.00,2,0.5000,22.00,108,0,0.00,7,7.11,4.87,4.71,14.50
359569,-10.94,5.47,1,14.36,13.52,8,14.67,187,0.31,0.33,878,0.00,1.00,2,0.5000,22.00,108,0,0.00,7,7.25,4.81,4.71,14.60
359673,-10.94,5.47,1,14.36,13.68,8,14.68,187,0.32,0.33,876,0.00,1.00,2,0.5000,22.00,108,0,0.00,7,7.25,4.74,4.71,14.40
359777,-10.16,5.47,1,14.36,13.60,8,14.68,187,0.32,0.34,849,0.00,1.00,2,0.5000,22.00,108,0,0.00,7,7.40,4.74,4.71,14.80
359881,-10.16,5.47,1,14.36,13.52,8,14.68,187,0.33,0.33,852,0.00,1.00,2,0.5000,22.00,108,0,0.00,7,7.55,4.74,4.71,15.00
359985,-10.16,5.47,1,14.36,13.60,8,14.68,187,0.33,0.34,831,0.00,1.00,2,0.5000,22.00,108,0,0.00,7,7.55,4.74,4.71,14.90
360089,-9.38,5.47,1,14.36,13.60,8,14.69,187,0.33,0.35,820,0.00,1.00,2,0.5000,22.00,108,0,0.00,7,7.69,4.72,4.71,14.90
360193,-9.38,5.47,1,14.36,13.68,8,14.69,187,0.34,0.35,820,0.00,1.00,2,0.5000,22.00,108,0,0.00,7,7.84,4.69,4.71,15.10
360297,-9.38,5.47,1,14.36,13.60,8,14.69,187,0.34,0.35,814,0.00,1.00,2,0.5000,22.00,108,0,0.00,7,7.84,4.69,4.31,15.00
360401,-8.59,5.47,1,14.36,13.68,8,14.69,187,0.34,0.34,820,0.00,1.00,2,0.5000,22.00,108,0,0.00,7,7.98,4.63,4.71,15.00
360505,-8.59,5.47,1,14.36,13.68,8,14.68,187,0.33,0.33,831,0.00,1.00,2,0.5000,21.00,108,0,0.00,7,7.98,4.66,4.71,15.10
360609,-8.59,5.47,1,14.36,13.52,8,14.68,187,0.33,0.33,852,0.00,1.00,2,0.5000,18.50,108,0,0.00,7,7.84,4.63,4.71,15.20
360713,-7.81,5.47,1,14.36,13.68,8,14.68,187,0.33,0.33,855,0.00,1.00,2,0.5000,19.00,108,0,0.00,7,7.84,4.66,4.71,15.20
360817,-7.81,5.47,1,14.36,13.60,8,14.68,187,0.33,0.33,858,0.00,1.00,2,0.5000,18.50,108,0,0.00,7,7.84,4.69,4.71,15.20
360921,-7.81,5.47,1,14.36,13.68,8,14.68,187,0.33,0.33,846,0.00,1.00,2,0.5000,18.00,108,0,0.00,7,7.84,4.90,6.27,15.20
361025,-7.81,5.47,2,14.36,13.60,8,14.69,187,0.34,0.37,843,0.00,0.89,2,0.5000,19.50,108,0,0.00,7,7.84,5.98,7.45,15.10
361128,-7.03,5.47,2,14.36,13.60,8,14.68,187,0.38,0.45,834,0.00,0.84,2,0.5000,21.50,108,0,0.00,7,8.71,6.61,7.45,15.10
361233,-6.25,4.69,2,14.36,13.68,8,14.67,187,0.41,0.46,878,0.00,0.88,2,0.5000,22.50,108,0,0.00,7,9.29,6.83,7.45,15.10
361337,-4.69,4.69,2,14.36,13.68,8,14.65,187,0.41,0.43,948,0.00,0.99,2,0.5000,24.00,108,0,0.00,7,9.87,7.06,9.02,15.30
361441,-0.78,4.69,2,14.36,13.76,8,14.63,187,0.42,0.43,1042,0.00,0.99,2,0.5000,25.50,108,0,0.00,7,10.16,7.87,9.02,15.80
361545,2.34,4.69,2,14.36,13.68,8,14.61,187,0.42,0.41,1142,0.00,0.99,2,0.5000,26.00,108,0,0.00,7,10.59,7.87,9.02,15.90
361649,3.12,3.91,2,14.36,13.44,8,14.60,187,0.41,0.40,1196,0.00,0.99,2,0.5000,26.50,108,0,0.00,7,10.30,8.04,8.63,15.80
361753,5.47,3.91,2,14.36,13.60,8,14.60,187,0.40,0.40,1227,0.00,0.99,2,0.5000,26.50,108,0,0.00,7,10.16,8.28,8.63,16.10
361857,10.16,3.91,2,14.36,13.60,8,14.60,187,0.40,0.40,1238,0.00,0.99,2,0.5000,27.00,108,0,0.00,7,9.87,8.37,9.02,16.20
361961,14.06,3.91,2,14.36,13.68,8,14.60,187,0.40,0.41,1252,0.00,0.99,2,0.5000,27.50,108,0,0.00,7,9.72,8.50,8.63,16.40
362065,15.62,3.91,2,14.36,13.68,8,14.60,187,0.40,0.40,1268,0.00,0.99,2,0.5000,27.50,108,0,0.00,7,9.72,8.56,8.63,16.40
362169,16.41,3.12,2,14.36,13.68,8,14.60,187,0.40,0.40,1300,0.00,0.99,2,0.5000,27.50,108,0,0.00,7,9.58,8.61,8.63,15.90
362273,17.19,3.12,2,14.36,13.60,8,14.60,187,0.40,0.40,1311,0.00,0.99,2,0.5000,28.00,108,0,0.00,7,9.43,8.83,9.41,15.80
362377,16.41,3.12,2,14.36,13.68,8,14.60,187,0.41,0.42,1310,0.00,0.99,2,0.5000,28.50,108,0,0.00,7,9.43,9.68,10.59,15.40
362481,16.41,3.12,3,14.36,13.68,8,14.60,187,0.43,0.45,1333,0.00,0.99,2,0.5000,29.50,108,0,0.00,7,9.72,10.38,10.98,15.10
362585,16.41,3.91,3,14.36,13.60,8,14.59,187,0.44,0.47,1351,0.00,0.99,2,0.5000,31.00,108,0,0.00,7,10.16,10.70,11.37,14.90
362689,18.75,3.91,3,14.36,13.52,8,14.59,187,0.45,0.47,1372,0.00,0.99,2,0.5000,31.50,108,0,0.00,7,10.45,10.57,11.37,15.10
362793,20.31,4.69,3,14.36,13.60,8,14.59,187,0.45,0.45,1428,0.00,0.99,2,0.5000,32.00,108,0,0.00,7,10.45,10.78,11.37,15.10
362897,18.75,4.69,3,14.36,13.68,8,14.59,187,0.45,0.45,1444,0.00,0.99,2,0.5000,32.50,108,0,0.00,7,10.45,10.85,11.37,15.10
363001,16.41,5.47,3,14.36,13.60,8,14.58,187,0.45,0.45,1473,0.00,1.00,2,0.5000,32.50,108,0,0.00,7,10.45,11.07,11.37,14.30
363105,14.84,6.25,3,14.36,13.60,8,14.58,187,0.45,0.46,1471,0.00,1.00,2,0.5000,33.00,108,0,0.00,7,10.30,11.43,11.76,14.10
363209,14.06,6.25,3,14.36,13.44,8,14.58,187,0.46,0.47,1492,0.00,1.00,2,0.5000,33.50,108,0,0.00,7,10.45,11.78,11.76,14.00
363313,13.28,7.03,3,14.36,13.60,8,14.58,187,0.46,0.47,1491,0.00,1.00,2,0.5000,33.50,108,0,0.00,7,10.59,11.68,11.76,14.00
363417,12.50,7.03,3,14.36,13.60,8,14.58,187,0.46,0.46,1509,0.00,1.00,2,0.5000,34.00,108,0,0.00,7,10.59,11.78,11.37,14.20
363522,12.50,7.81,3,14.36,13.52,8,14.58,187,0.46,0.46,1534,0.00,1.00,2,0.5000,34.00,108,0,0.00,7,10.59,11.44,11.37,14.10
363625,10.94,7.81,3,14.36,13.52,8,14.58,189,0.46,0.44,1524,0.00,1.00,2,0.5000,33.50,108,0,0.00,7,10.45,11.54,11.37,14.10
363729,9.38,8.59,3,14.36,13.60,8,14.58,189,0.46,0.45,1538,0.00,1.00,2,0.5000,34.00,108,0,0.00,7,10.30,11.78,11.37,14.00
363833,7.81,8.59,3,14.36,13.60,8,14.58,189,0.46,0.46,1540,0.00,1.00,2,0.5000,34.00,108,0,0.00,7,10.30,11.78,11.37,13.90
363937,7.81,9.38,3,14.36,13.52,8,14.58,189,0.46,0.47,1528,0.00,1.00,2,0.5000,34.00,108,0,0.00,7,10.30,11.88,11.37,14.00
364041,6.25,9.38,3,14.36,13.52,8,14.58,189,0.46,0.46,1544,0.00,1.00,2,0.5000,34.50,108,0,0.00,7,10.30,11.78,11.37,14.20
364145,5.47,9.38,3,14.36,13.20,8,14.58,189,0.46,0.47,1553,0.00,1.00,2,0.5000,35.00,108,0,0.00,7,10.30,12.32,12.55,14.10
364249,5.47,10.16,3,14.36,13.44,8,14.58,189,0.47,0.48,1539,0.00,1.00,2,0.5000,35.50,108,0,0.00,7,10.59,12.75,12.16,14.20
364353,5.47,10.16,3,14.36,13.52,8,14.58,189,0.48,0.48,1560,0.00,0.99,2,0.5000,36.00,108,0,0.00,7,10.74,12.53,11.76,14.50
364457,6.25,10.16,3,14.36,13.52,8,14.58,189,0.48,0.47,1588,0.00,0.99,2,0.5000,35.50,108,0,0.00,7,10.59,12.32,11.76,14.50
364561,5.47,10.94,3,14.36,13.52,8,14.58,189,0.48,0.48,1539,0.00,0.99,2,0.5000,35.00,108,1,0.00,7,10.59,12.43,11.76,14.40
364665,4.69,10.94,3,14.36,13.52,8,14.58,189,0.48,0.48,1518,0.00,0.99,2,0.5000,34.50,108,0,0.00,7,10.59,10.85,8.63,14.30
364769,3.12,10.94,3,14.36,13.44,8,14.58,189,0.45,0.41,1514,0.00,1.05,2,0.5000,32.00,108,1,0.00,7,9.87,9.85,8.24,14.20
364873,0.78,10.94,2,14.36,13.60,8,14.59,189,0.43,0.41,1459,0.00,1.00,2,0.5000,30.50,108,1,0.00,7,9.29,9.84,8.24,13.90
364977,-3.91,10.16,2,14.36,13.52,8,14.59,189,0.42,0.41,1425,0.00,1.00,2,0.5000,30.00,108,1,0.00,7,8.85,9.62,7.84,13.50
365081,-6.25,10.16,2,14.36,13.52,8,14.59,189,0.41,0.39,1375,0.00,1.00,2,0.5000,27.00,108,1,0.00,7,8.56,8.39,5.88,13.20
365184,-7.03,9.38,2,14.36,13.52,8,14.60,189,0.38,0.35,1338,0.00,1.06,2,0.5000,23.00,108,1,0.00,7,7.98,7.44,5.88,13.10
365289,-8.59,9.38,2,14.36,13.60,8,14.60,189,0.37,0.34,1284,0.00,1.00,2,0.5000,21.00,108,1,0.00,7,7.25,7.14,5.49,13.00
365393,-10.94,8.59,2,14.36,13.60,8,14.60,189,0.36,0.34,1250,0.00,1.00,2,0.5000,19.00,108,0,0.00,7,6.96,7.00,5.49,12.90
365497,-12.50,8.59,2,14.36,13.60,8,14.60,189,0.35,0.35,1201,0.00,1.00,2,0.5000,17.00,108,0,0.00,7,6.82,6.85,5.49,12.80
365601,-14.06,7.81,2,14.36,13.68,8,14.61,189,0.35,0.35,1174,0.00,1.00,2,0.5000,17.00,108,0,0.00,7,6.82,6.78,5.49,12.70
365705,-15.62,7.81,2,14.36,13.60,8,14.61,189,0.35,0.35,1170,0.00,1.00,2,0.5000,17.00,108,0,0.00,7,6.82,6.64,5.49,12.60
365809,-17.19,7.03,2,14.36,13.68,8,14.61,189,0.34,0.34,1170,0.00,1.00,2,0.5000,17.00,108,0,0.00,7,6.82,6.56,5.49,12.60
365913,-18.75,7.03,2,14.36,13.60,8,14.61,189,0.34,0.34,1166,0.00,1.00,2,0.5000,17.00,108,0,0.00,7,6.67,6.49,5.49,12.80
366018,-19.53,6.25,2,14.36,13.60,8,14.61,189,0.34,0.33,1160,0.00,1.00,2,0.5000,17.00,108,0,0.00,7,6.67,6.42,5.49,12.90
366122,-20.31,6.25,2,14.36,13.60,8,14.62,189,0.33,0.33,1152,0.00,1.00,2,0.5000,22.00,108,0,0.00,7,6.67,6.38,5.49,13.00
366225,-21.09,6.25,2,14.36,13.60,8,14.62,189,0.33,0.33,1142,0.00,1.00,2,0.5000,21.50,108,0,0.00,7,6.67,6.35,5.49,13.10
366329,-21.09,5.47,2,14.36,13.68,8,14.62,189,0.33,0.33,1138,0.00,1.00,2,0.5000,21.00,108,0,0.00,7,6.67,6.27,5.10,13.40
366434,-21.09,5.47,2,14.36,13.60,8,14.62,189,0.33,0.33,1133,0.00,1.00,2,0.5000,21.00,108,0,0.00,7,6.67,6.20,5.10,13.50
366537,-21.09,5.47,2,14.36,13.60,8,14.62,189,0.33,0.33,1129,0.00,1.00,2,0.5000,21.00,108,0,0.00,7,6.67,6.14,5.10,13.70
366641,-21.09,4.69,2,14.36,13.52,8,14.62,189,0.33,0.33,1120,0.00,1.00,2,0.5000,20.50,108,0,0.00,7,6.67,6.11,5.10,14.00
366745,-21.09,4.69,2,14.36,13.60,8,14.62,189,0.33,0.33,1116,0.00,1.00,2,0.5000,21.00,108,0,0.00,7,6.67,6.08,5.10,14.20
366849,-21.09,4.69,2,14.36,13.60,8,14.62,189,0.33,0.33,1106,0.00,1.00,2,0.5000,21.00,108,0,0.00,7,6.67,6.01,5.10,14.30
366953,-21.09,4.69,2,14.36,13.60,8,14.62,189,0.32,0.33,1115,0.00,1.00,2,0.5000,21.50,108,0,0.00,7,6.67,5.95,5.10,14.30
367057,-20.31,3.91,2,14.36,13.68,8,14.63,189,0.32,0.33,1098,0.00,1.00,2,0.5000,21.50,108,0,0.00,7,6.67,5.91,5.10,14.60
367161,-20.31,3.91,2,14.36,12.72,8,14.63,189,0.32,0.32,1090,0.00,1.00,2,0.5000,22.00,108,0,0.00,7,6.67,5.88,5.10,14.10
367264,-19.53,3.91,2,14.36,13.12,8,14.64,189,0.33,0.33,1069,0.00,1.00,2,0.5000,21.50,108,0,0.00,7,6.67,5.82,5.10,15.00
367369,-19.53,3.91,2,14.36,13.20,8,14.64,189,0.33,0.33,1048,0.00,1.00,2,0.5000,22.00,108,0,0.00,7,6.67,5.72,5.10,15.00
367473,-18.75,3.91,2,14.36,13.36,8,14.65,189,0.33,0.35,994,0.00,1.00,2,0.5000,22.00,108,0,0.00,7,6.96,5.69,5.10,15.00
367578,-18.75,3.12,2,14.36,13.44,8,14.66,189,0.34,0.36,974,0.00,1.00,2,0.5000,22.00,108,0,0.00,7,7.25,5.95,5.49,15.00
367681,-17.97,3.12,2,14.36,13.44,8,14.66,189,0.35,0.37,956,0.00,1.00,2,0.5000,22.00,108,0,0.00,7,7.55,5.95,5.49,15.00
367785,-17.97,3.12,2,14.36,13.52,8,14.66,189,0.36,0.38,936,0.00,1.00,2,0.5000,22.00,108,0,0.00,7,7.69,5.95,5.49,15.30
367889,-15.62,3.12,2,14.36,13.52,8,14.66,189,0.37,0.37,951,0.00,1.00,2,0.5000,22.00,108,0,0.00,7,7.84,5.88,5.10,15.00
367993,-14.06,3.12,2,14.36,13.60,8,14.66,189,0.36,0.36,953,0.00,1.00,2,0.5000,20.00,108,0,0.00,7,7.98,5.79,5.10,15.30
368097,-13.28,3.12,2,14.36,13.60,8,14.65,189,0.36,0.36,974,0.00,1.00,2,0.5000,20.00,108,0,0.00,7,7.98,5.75,5.10,15.50
368201,-12.50,2.34,2,14.36,13.52,8,14.65,189,0.36,0.35,988,0.00,1.00,2,0.5000,20.00,108,0,0.00,7,7.84,5.75,5.10,15.70
368305,-11.72,0.78,2,14.36,13.52,8,14.65,189,0.35,0.35,987,0.00,1.00,2,0.5000,18.50,108,0,0.00,7,7.84,5.72,5.10,15.70
368409,-11.72,0.78,2,14.36,13.52,8,14.65,189,0.35,0.35,971,0.00,1.00,2,0.5000,20.00,108,0,0.00,7,7.84,5.72,5.10,15.60
368513,-10.94,0.78,2,14.36,13.60,8,14.66,189,0.35,0.36,972,0.00,1.00,2,0.5000,21.00,108,0,0.00,7,7.84,5.75,5.10,15.60
368617,-10.94,0.78,2,14.36,13.52,8,14.66,189,0.36,0.36,951,0.00,1.00,2,0.5000,20.50,108,0,0.00,7,7.84,5.69,5.10,15.40
368721,-10.16,0.78,2,14.36,13.52,8,14.66,189,0.36,0.37,932,0.00,1.00,2,0.5000,21.50,108,0,0.00,7,7.98,5.69,5.10,15.50
368825,-10.16,0.78,2,14.36,13.52,8,14.66,189,0.36,0.36,936,0.00,1.00,2,0.5000,21.00,108,0,0.00,7,7.98,5.69,5.10,15.50
368929,-9.38,0.78,2,14.36,13.52,8,14.67,189,0.36,0.37,911,0.00,1.00,2,0.5000,21.00,108,0,0.00,7,7.98,5.69,5.10,15.50
369034,-8.59,0.78,2,14.36,13.60,8,14.67,189,0.37,0.38,916,0.00,1.00,2,0.5000,21.50,108,0,0.00,7,8.13,5.66,5.10,15.50
369137,-8.59,0.78,1,14.36,13.60,8,14.67,189,0.37,0.37,914,0.00,1.00,2,0.5000,20.50,108,0,0.00,7,8.13,5.59,5.10,15.50
369241,-7.81,0.78,1,14.36,13.52,8,14.67,189,0.37,0.37,906,0.00,1.00,2,0.5000,21.50,108,0,0.00,7,8.13,5.56,5.10,15.50
369346,-7.81,0.78,1,14.36,13.52,8,14.67,189,0.37,0.37,905,0.00,1.00,2,0.5000,20.00,108,0,0.00,7,8.13,5.53,5.10,15.50
369450,-7.03,1.56,1,14.36,13.52,8,14.67,189,0.37,0.37,891,0.00,1.00,2,0.5000,21.00,108,0,0.00,7,8.27,5.50,5.10,15.50
369554,-7.03,1.56,1,14.36,13.52,8,14.67,189,0.37,0.37,895,0.00,1.00,2,0.5000,20.00,108,0,0.00,7,8.27,5.56,5.10,15.60
369658,-7.03,1.56,1,14.36,13.52,8,14.67,189,0.37,0.37,890,0.00,1.00,2,0.5000,20.00,108,0,0.00,7,8.27,5.53,5.10,15.40
369762,-6.25,1.56,1,14.36,13.60,8,14.67,189,0.37,0.37,901,0.00,1.00,2,0.5000,19.50,108,0,0.00,7,8.27,5.56,5.10,15.40
369865,-6.25,2.34,1,14.36,13.52,8,14.67,189,0.37,0.37,890,0.00,1.00,2,0.5000,20.00,108,0,0.00,7,8.42,5.50,5.10,15.30
369970,-6.25,2.34,1,14.36,13.60,8,14.67,189,0.37,0.38,884,0.00,1.00,2,0.5000,20.50,108,0,0.00,7,8.42,5.56,5.10,15.20
370073,-6.25,2.34,1,14.36,13.52,8,14.68,189,0.37,0.38,873,0.00,1.00,2,0.5000,20.50,108,0,0.00,7,8.42,5.53,5.10,15.10
370178,-5.47,2.34,1,14.36,13.68,8,14.68,189,0.38,0.39,864,0.00,1.00,2,0.5000,21.00,108,0,0.00,7,8.56,5.50,5.10,15.10
370281,-5.47,2.34,1,14.36,13.52,8,14.68,189,0.38,0.38,852,0.00,1.00,2,0.5000,20.50,108,0,0.00,7,8.56,5.50,5.10,15.00
370385,-5.47,2.34,1,14.36,13.60,8,14.68,189,0.38,0.39,852,0.00,1.00,2,0.5000,20.50,108,0,0.00,7,8.56,5.50,5.10,15.20
370490,-4.69,3.12,1,14.36,13.52,8,14.68,189,0.39,0.39,841,0.00,1.00,2,0.5000,21.00,108,0,0.00,7,8.56,5.50,5.10,15.10
370593,-4.69,3.12,1,14.36,13.52,8,14.69,189,0.39,0.39,842,0.00,1.00,2,0.5000,21.00,108,0,0.00,7,8.71,5.43,5.49,15.00
370698,-4.69,3.12,1,14.36,13.52,8,14.69,189,0.39,0.40,824,0.00,1.00,2,0.5000,21.50,108,0,0.00,7,8.71,5.62,6.27,15.20
370802,-4.69,3.12,2,14.36,13.52,8,14.69,189,0.40,0.43,822,0.00,1.00,2,0.5000,20.50,108,0,0.00,7,9.00,6.11,5.88,15.20
370906,-4.69,3.12,2,14.36,13.52,8,14.68,189,0.42,0.45,810,0.00,0.93,2,0.5000,21.00,108,0,0.00,7,9.29,6.14,5.88,15.00
371010,-4.69,3.12,2,14.36,13.52,8,14.67,189,0.43,0.44,824,0.00,0.99,2,0.5000,18.00,108,0,0.00,7,9.43,6.04,5.88,15.00
371113,-3.91,3.12,2,14.36,13.60,8,14.67,189,0.43,0.44,838,0.00,1.00,2,0.5000,17.50,108,0,0.00,7,9.58,6.01,5.88,15.00
371218,-3.12,2.34,2,14.36,13.60,8,14.67,189,0.43,0.43,841,0.00,1.00,2,0.5000,17.00,108,0,0.00,7,9.58,6.08,5.88,15.10
371322,-3.12,0.78,2,14.36,13.60,8,14.67,189,0.43,0.43,854,0.00,1.00,2,0.5000,17.00,108,0,0.00,7,9.58,6.08,5.88,15.30
371426,-3.12,0.78,2,14.36,13.52,8,14.67,189,0.43,0.44,838,0.00,1.00,2,0.5000,17.50,108,0,0.00,7,9.72,6.08,5.88,15.00
371529,-2.34,0.78,2,14.36,13.44,8,14.67,189,0.43,0.44,839,0.00,1.00,2,0.5000,17.50,108,0,0.00,7,9.72,6.14,5.88,15.30
371634,-2.34,0.78,2,14.36,13.44,8,14.67,189,0.44,0.45,822,0.00,1.00,2,0.5000,17.50,108,0,0.00,7,9.72,6.14,5.88,15.30
371738,-1.56,0.78,2,14.36,13.44,8,14.67,189,0.44,0.44,837,0.00,1.00,2,0.5000,17.00,108,0,0.00,7,9.72,6.14,5.88,15.20
371842,-1.56,0.78,2,14.36,13.44,8,14.66,189,0.44,0.44,828,0.00,1.00,2,0.5000,17.00,108,0,0.00,7,9.87,6.11,5.88,15.40
371946,-1.56,0.78,2,14.36,13.52,8,14.66,189,0.44,0.44,832,0.00,1.00,2,0.5000,16.50,108,0,0.00,7,9.87,6.14,5.88,15.30
372050,-0.78,0.78,2,14.36,13.52,8,14.66,189,0.44,0.44,833,0.00,1.00,2,0.5000,16.50,108,0,0.00,7,9.87,6.04,5.49,15.10
372154,-0.78,0.78,2,14.36,13.52,8,14.66,189,0.43,0.42,836,0.00,1.00,2,0.5000,16.50,108,0,0.00,7,9.72,5.79,5.10,15.20
372258,-0.78,0.78,2,14.36,13.52,8,14.67,189,0.43,0.41,847,0.00,1.00,2,0.5000,16.50,108,0,0.00,7,9.58,5.62,5.10,15.30
372362,-0.78,0.78,2,14.36,13.52,8,14.67,189,0.42,0.40,837,0.00,1.00,2,0.5000,17.00,108,0,0.00,7,9.29,5.62,5.10,15.20
372466,-0.78,0.78,2,14.36,13.52,8,14.68,189,0.41,0.40,838,0.00,1.00,2,0.5000,17.50,108,0,0.00,7,9.29,5.62,5.10,15.10
372570,-1.56,0.78,2,14.36,13.44,8,14.68,189,0.41,0.42,810,0.00,1.00,2,0.5000,19.50,108,0,0.00,7,9.14,5.62,5.10,15.10
372674,-1.56,0.78,2,14.36,13.36,8,14.68,189,0.42,0.43,790,0.00,1.00,2,0.5000,21.00,108,0,0.00,7,9.14,5.79,5.88,15.20
372778,-1.56,0.78,2,14.36,13.36,8,14.68,189,0.44,0.48,770,0.00,0.91,2,0.5000,21.50,108,0,0.00,7,9.14,6.04,5.88,14.50
372882,-2.34,0.78,2,14.36,13.20,8,14.67,189,0.45,0.49,738,0.00,0.91,2,0.5000,21.50,108,0,0.00,7,9.58,6.08,5.88,14.50
372987,-2.34,0.78,2,14.36,13.12,8,14.66,189,0.47,0.50,732,0.00,0.99,2,0.5000,21.00,108,0,0.00,7,9.87,6.04,5.88,14.30
373090,-2.34,0.78,2,14.36,13.04,8,14.65,189,0.47,0.49,738,0.00,0.99,2,0.5000,20.50,108,0,0.00,7,10.16,5.98,5.88,14.30
373194,-2.34,0.78,2,14.36,13.12,8,14.65,189,0.47,0.48,744,0.00,0.99,2,0.5000,18.50,108,0,0.00,7,10.30,5.95,5.88,14.40
373298,-2.34,0.78,2,14.36,13.04,8,14.65,189,0.47,0.46,762,0.00,0.99,2,0.5000,16.50,108,0,0.00,7,10.30,5.98,5.88,14.40
373402,-2.34,0.78,2,14.36,13.04,8,14.65,189,0.47,0.45,798,0.00,1.00,2,0.5000,16.00,108,0,0.00,7,10.30,6.01,5.88,14.40
373506,-2.34,0.78,2,14.36,13.28,8,14.65,189,0.46,0.44,818,0.00,1.00,2,0.5000,15.50,108,0,0.00,7,10.16,6.08,5.88,14.40
373610,-2.34,0.78,2,14.36,13.52,8,14.66,189,0.45,0.44,840,0.00,1.00,2,0.5000,13.00,108,0,0.00,7,10.01,6.11,5.88,14.40
373714,-2.34,0.78,2,14.36,13.60,8,14.66,189,0.44,0.43,859,0.00,1.00,1,0.5000,13.50,108,0,0.00,7,9.87,5.91,5.10,14.50
373818,-2.34,0.78,2,14.36,13.36,8,14.66,189,0.43,0.40,878,0.00,1.05,1,0.5000,13.00,108,0,0.00,7,9.58,5.62,5.10,14.60
373922,-2.34,0.78,1,14.36,13.44,8,14.67,189,0.41,0.39,870,0.00,1.00,1,0.5000,15.50,108,0,0.00,7,9.29,5.59,5.10,14.60
374026,-2.34,0.78,1,14.36,13.52,8,14.68,189,0.41,0.39,856,0.00,1.00,1,0.5000,16.00,108,0,0.00,7,9.14,5.56,5.10,14.80
374131,-2.34,0.78,2,14.36,13.60,8,14.68,189,0.40,0.40,832,0.00,1.00,1,0.5000,17.00,108,0,0.00,7,9.14,5.62,5.10,14.70
374234,-3.12,0.78,1,14.36,13.68,8,14.69,189,0.41,0.40,830,0.00,1.00,1,0.5000,17.00,108,0,0.00,7,9.14,5.56,5.10,14.50
374339,-3.12,0.78,1,14.36,13.60,8,14.69,189,0.41,0.42,814,0.00,1.00,1,0.5000,17.50,108,0,0.00,7,9.00,5.59,5.10,14.50
374442,-3.12,1.56,2,14.36,13.44,8,14.69,189,0.41,0.43,788,0.00,1.00,1,0.5000,18.50,108,0,0.00,7,9.00,5.62,5.10,14.50
374546,-3.12,0.78,1,14.36,13.52,8,14.68,189,0.42,0.43,788,0.00,1.00,1,0.5000,19.00,108,0,0.00,7,9.14,5.56,5.10,14.40
374650,-3.12,0.78,1,14.36,13.60,8,14.68,189,0.42,0.44,766,0.00,1.00,1,0.5000,19.00,108,0,0.00,7,9.14,5.56,5.10,14.40
374754,-3.91,1.56,1,14.36,13.52,8,14.68,189,0.42,0.43,768,0.00,1.00,1,0.5000,19.50,108,0,0.00,7,9.29,5.50,5.10,14.40
374858,-3.91,1.56,1,14.36,13.52,8,14.68,189,0.43,0.43,774,0.00,1.00,1,0.5000,18.00,108,0,0.00,7,9.29,5.46,5.10,14.40
374962,-3.91,1.56,1,14.36,13.68,8,14.68,189,0.43,0.43,766,0.00,1.00,1,0.5000,18.00,108,0,0.00,7,9.29,5.46,5.10,14.40
375066,-3.91,1.56,1,14.36,13.52,8,14.68,189,0.43,0.43,765,0.00,1.00,1,0.5000,18.50,108,0,0.00,7,9.29,5.43,5.10,14.30
375170,-3.91,1.56,1,14.36,13.44,8,14.68,189,0.43,0.42,774,0.00,1.00,1,0.5000,17.50,108,0,0.00,7,9.29,5.46,5.10,14.40
375274,-4.69,2.34,1,14.36,13.68,8,14.68,189,0.43,0.43,767,0.00,1.00,1,0.5000,17.00,108,0,0.00,7,9.29,5.43,5.10,14.40
375379,-4.69,2.34,1,14.36,13.52,8,14.68,189,0.42,0.43,766,0.00,1.00,1,0.5000,17.50,108,0,0.00,7,9.29,5.43,5.10,14.30
375482,-4.69,2.34,1,14.36,13.52,8,14.68,189,0.42,0.42,776,0.00,1.00,1,0.5000,17.00,108,0,0.00,7,9.29,5.37,4.71,14.30
375586,-5.47,2.34,1,14.36,13.60,8,14.68,189,0.42,0.42,768,0.00,1.00,1,0.5000,17.00,108,0,0.00,7,9.29,5.30,4.71,14.30
375690,-5.47,2.34,1,14.36,13.44,8,14.68,189,0.42,0.41,764,0.00,1.00,1,0.5000,17.50,108,0,0.00,7,9.14,5.27,4.71,14.30
375794,-5.47,3.12,1,14.36,13.52,8,14.68,189,0.42,0.41,768,0.00,1.00,1,0.5000,17.50,108,0,0.00,7,9.14,5.24,4.71,14.30
375898,-5.47,3.12,1,14.36,13.60,8,14.68,189,0.42,0.42,760,0.00,1.00,1,0.5000,17.50,108,0,0.00,7,9.14,5.24,4.71,14.30
376003,-5.47,3.12,1,14.36,13.52,8,14.68,189,0.42,0.41,751,0.00,1.00,1,0.5000,18.50,108,0,0.00,7,9.14,5.21,4.71,14.20
376106,-5.47,3.12,1,14.36,13.52,8,14.68,189,0.42,0.42,751,0.00,1.00,1,0.5000,18.00,108,0,0.00,7,9.14,5.18,4.71,14.30
376210,-6.25,3.12,1,14.36,13.52,8,14.68,189,0.42,0.42,744,0.00,1.00,1,0.5000,18.50,108,0,0.00,7,9.14,5.18,4.71,14.20
376314,-6.25,5.47,1,14.36,13.52,8,14.68,189,0.42,0.42,734,0.00,1.00,1,0.5000,18.50,108,0,0.00,7,9.14,5.21,4.71,14.30
376418,-6.25,5.47,1,14.36,13.60,8,14.68,189,0.42,0.42,734,0.00,1.00,1,0.5000,18.50,108,0,0.00,7,9.29,5.18,4.71,14.30
376522,-6.25,5.47,1,14.36,13.52,8,14.68,189,0.42,0.42,738,0.00,1.00,1,0.5000,17.50,108,0,0.00,7,9.29,5.18,4.71,14.20
376626,-7.03,5.47,1,14.36,13.60,8,14.68,189,0.42,0.43,743,0.00,1.00,1,0.5000,17.50,108,0,0.00,7,9.29,5.18,4.71,14.20
376731,-7.03,5.47,1,14.36,13.44,8,14.68,189,0.42,0.43,728,0.00,1.00,1,0.5000,20.00,108,0,0.00,7,9.29,5.43,5.88,14.30
376834,-7.03,5.47,2,14.36,13.52,8,14.68,189,0.44,0.48,712,0.00,0.90,1,0.5000,20.50,108,0,0.00,7,9.43,5.85,5.88,14.20
376939,-7.81,5.47,2,14.36,13.44,8,14.66,189,0.46,0.50,703,0.00,0.92,1,0.5000,19.50,108,0,0.00,7,9.87,5.72,5.49,14.20
377042,-7.81,4.69,2,14.36,13.52,8,14.66,189,0.46,0.48,699,0.00,1.00,1,0.5000,17.50,108,0,0.00,7,10.16,5.62,5.49,14.30
377147,-7.81,5.47,1,14.36,13.52,8,14.65,189,0.46,0.47,719,0.00,1.00,1,0.5000,16.00,108,0,0.00,7,10.30,5.59,5.49,14.20
377251,-7.81,5.47,1,14.36,13.52,8,14.66,189,0.46,0.45,733,0.00,1.00,1,0.5000,16.50,108,0,0.00,7,10.30,5.59,5.49,14.30
377354,-7.81,5.47,1,14.36,13.52,8,14.66,189,0.46,0.45,750,0.00,1.00,1,0.5000,16.00,108,0,0.00,7,10.16,5.56,5.49,14.30
377459,-7.03,5.47,1,14.36,13.60,8,14.66,189,0.45,0.44,756,0.00,1.00,1,0.5000,15.50,108,0,0.00,7,10.16,5.53,5.49,14.40
377563,-7.03,5.47,1,14.36,13.52,8,14.66,189,0.44,0.43,763,0.00,1.00,1,0.5000,16.00,108,0,0.00,7,10.01,5.56,5.49,14.50
377667,-7.03,5.47,1,14.36,13.44,8,14.67,189,0.44,0.43,775,0.00,1.00,1,0.5000,15.50,108,0,0.00,7,10.01,5.62,5.49,14.60
377771,-7.03,5.47,2,14.36,13.68,8,14.67,189,0.44,0.44,771,0.00,1.00,1,0.5000,16.00,108,0,0.00,7,9.87,5.66,5.49,14.40
377874,-7.03,4.69,2,14.36,13.44,8,14.67,189,0.44,0.43,775,0.00,1.00,1,0.5000,16.00,108,0,0.00,7,9.87,5.69,5.49,14.50
377979,-7.03,4.69,2,14.36,13.52,8,14.67,189,0.44,0.43,788,0.00,1.00,1,0.5000,16.00,108,0,0.00,7,9.87,5.69,5.49,14.70
378082,-7.03,4.69,2,14.36,13.60,8,14.67,189,0.44,0.44,768,0.00,1.00,1,0.5000,16.50,108,0,0.00,7,9.87,5.69,5.49,14.70
378187,-6.25,4.69,2,14.36,13.60,8,14.67,189,0.44,0.44,760,0.00,1.00,1,0.5000,16.50,108,0,0.00,7,9.87,5.66,4.71,14.70
378290,-6.25,3.91,1,14.36,13.52,8,14.67,189,0.44,0.43,776,0.00,1.00,1,0.5000,15.50,108,0,0.00,7,9.72,5.21,4.71,14.70
378394,-6.25,5.47,1,14.36,13.52,8,14.68,189,0.42,0.39,789,0.00,1.00,1,0.5000,16.00,108,0,0.00,7,9.58,5.18,5.10,14.80
378498,-6.25,5.47,1,14.36,13.60,8,14.68,189,0.42,0.40,790,0.00,1.00,1,0.5000,16.50,108,0,0.00,7,9.43,5.53,5.88,14.80
378603,-6.25,5.47,2,14.36,13.60,8,14.68,189,0.43,0.46,770,0.00,0.93,1,0.5000,16.50,108,0,0.00,7,9.58,5.91,5.88,14.80
378709,-6.25,4.69,2,14.36,13.52,8,14.67,189,0.44,0.48,739,0.00,0.93,1,0.5000,17.50,108,0,0.00,7,9.72,5.91,5.49,14.80
378811,-7.03,4.69,2,14.36,13.52,8,14.66,189,0.45,0.47,732,0.00,1.00,1,0.5000,17.00,108,0,0.00,7,10.01,5.75,5.49,14.70
378915,-6.25,4.69,2,14.36,13.44,8,14.66,189,0.45,0.46,744,0.00,1.00,1,0.5000,16.50,108,0,0.00,7,10.01,5.62,5.49,14.60
379019,-6.25,4.69,1,14.36,13.60,8,14.66,189,0.45,0.45,756,0.00,1.00,1,0.5000,16.00,108,0,0.00,7,10.01,5.59,4.31,14.50
379123,-6.25,5.47,1,14.36,13.52,8,14.66,189,0.44,0.40,770,0.00,1.07,1,0.5000,15.50,108,0,0.00,7,9.87,5.02,4.71,14.60
379227,-6.25,5.47,1,14.36,13.52,8,14.68,189,0.42,0.37,796,0.00,1.07,1,0.5000,14.50,108,0,0.00,7,9.43,5.14,4.71,16.00
379330,-6.25,5.47,1,14.36,13.44,8,14.69,189,0.41,0.39,794,0.00,1.00,0,0.5000,16.50,108,0,0.00,7,9.43,7.67,3.92,14.50
379435,-7.03,5.47,1,14.36,13.60,8,14.69,189,0.40,0.38,786,0.00,1.00,1,0.5000,17.00,108,0,0.00,7,9.29,4.84,4.71,14.50
379539,-7.81,5.47,1,14.36,13.60,8,14.69,189,0.40,0.37,771,0.00,1.00,0,0.5000,16.50,108,0,0.00,7,9.00,5.11,5.10,14.40
379643,-7.81,5.47,1,14.36,13.60,8,14.69,189,0.40,0.40,780,0.00,1.00,0,0.5000,16.00,108,0,0.00,7,9.00,5.24,4.71,14.30
379747,-7.81,5.47,1,14.36,13.68,8,14.69,189,0.39,0.39,816,0.00,1.00,0,0.5000,10.00,108,0,0.00,7,9.00,5.18,4.71,14.40
379851,-7.81,5.47,1,14.36,13.68,8,14.67,189,0.38,0.36,848,0.00,1.00,0,0.5000,10.00,108,0,0.00,7,8.85,4.78,3.53,14.50
379957,-7.81,5.47,1,14.36,13.60,8,14.66,189,0.35,0.30,917,0.00,1.11,0,0.5000,10.00,108,0,0.00,7,8.56,4.63,4.31,14.40
380059,-7.81,5.47,1,14.36,13.52,8,14.65,189,0.33,0.29,962,0.00,1.07,0,0.5000,10.00,108,0,0.00,7,8.13,4.74,3.92,14.40
380163,-7.81,5.47,1,14.36,13.68,8,14.65,189,0.31,0.28,997,0.00,1.00,0,0.5000,12.00,108,0,0.00,7,7.84,4.63,3.92,14.50
380267,-7.81,5.47,1,14.36,13.60,8,14.64,189,0.29,0.27,1021,0.00,1.00,0,0.5000,12.00,108,0,0.00,7,7.55,4.52,3.92,14.40
380371,-7.81,5.47,1,14.36,13.60,8,14.64,189,0.28,0.25,1036,0.00,1.00,0,0.5000,12.00,108,0,0.00,7,7.25,4.46,3.14,14.50
380475,-7.03,5.47,1,14.36,13.60,8,14.64,189,0.27,0.24,1036,0.00,1.00,0,0.5000,12.00,108,0,0.00,7,6.82,4.05,3.14,14.30
380579,-6.25,5.47,1,14.36,13.68,8,14.64,189,0.25,0.23,1042,0.00,1.00,0,0.5000,12.00,108,0,0.00,7,6.53,3.95,3.14,14.80
380683,-6.25,5.47,1,14.36,13.68,8,14.64,189,0.24,0.23,1032,0.00,1.00,0,0.5000,12.00,108,0,0.00,7,6.24,3.87,3.14,14.80
380786,-6.25,5.47,1,14.36,13.60,8,14.65,189,0.24,0.23,1015,0.00,1.00,0,0.5000,12.00,108,0,0.00,7,6.24,3.92,3.14,15.10
380891,-6.25,5.47,1,14.36,13.68,8,14.66,189,0.24,0.24,984,0.00,1.00,0,0.5000,16.00,108,0,0.00,7,6.09,3.95,3.92,15.10
380995,-6.25,5.47,1,14.36,13.60,8,14.66,189,0.24,0.25,955,0.00,1.00,0,0.5000,16.50,108,0,0.00,7,6.09,4.22,3.92,14.90
381099,-5.47,5.47,1,14.36,13.60,8,14.66,189,0.25,0.26,967,0.00,1.00,0,0.5000,16.00,108,0,0.00,7,6.09,4.30,3.92,15.00
381202,-5.47,5.47,1,14.36,13.68,8,14.66,189,0.25,0.27,952,0.00,1.00,0,0.5000,16.00,108,0,0.00,7,6.09,4.19,3.53,14.90
381307,-5.47,5.47,1,14.36,13.68,8,14.66,189,0.25,0.26,958,0.00,1.00,0,0.5000,16.50,108,0,0.00,7,6.09,4.08,3.53,14.80
381411,-5.47,5.47,1,14.36,13.68,8,14.66,189,0.25,0.25,970,0.00,1.00,0,0.5000,16.00,108,0,0.00,7,6.09,4.03,3.53,14.80
381515,-5.47,5.47,1,14.36,13.68,8,14.66,189,0.25,0.25,958,0.00,1.00,0,0.5000,16.50,108,0,0.00,7,5.95,3.92,3.14,14.80
381619,-6.25,5.47,1,14.36,13.52,8,14.66,189,0.25,0.24,957,0.00,1.00,0,0.5000,17.00,108,0,0.00,7,5.95,3.81,3.14,14.70
381723,-7.03,5.47,1,14.36,13.68,8,14.66,189,0.24,0.24,957,0.00,1.00,0,0.5000,17.00,108,0,0.00,7,5.80,3.79,3.14,15.20
381827,-7.03,5.47,1,14.36,13.68,8,14.66,189,0.24,0.24,936,0.00,1.00,0,0.5000,17.00,108,0,0.00,7,5.80,3.77,3.14,14.50
381931,-7.81,5.47,1,14.36,13.68,8,14.67,189,0.24,0.24,940,0.00,1.00,0,0.5000,18.50,108,0,0.00,7,5.80,3.67,3.14,14.40
382035,-8.59,5.47,1,14.36,13.68,8,14.67,189,0.24,0.24,916,0.00,1.00,0,0.5000,19.00,108,0,0.00,7,5.66,3.62,3.14,14.20
382139,-9.38,5.47,1,14.36,13.68,8,14.67,189,0.24,0.24,894,0.00,1.00,0,0.5000,19.50,108,0,0.00,7,5.66,3.57,3.14,14.10
382242,-10.94,5.47,1,14.36,13.60,8,14.68,189,0.24,0.24,893,0.00,1.00,0,0.5000,21.00,108,0,0.00,7,5.66,3.52,3.14,14.00
382347,-11.72,5.47,1,14.36,13.60,8,14.68,189,0.24,0.25,856,0.00,1.00,0,0.5000,21.50,108,0,0.00,7,5.66,3.52,2.75,13.90
382450,-12.50,5.47,1,14.36,13.68,8,14.68,189,0.24,0.24,853,0.00,1.00,0,0.5000,21.50,108,0,0.00,7,5.66,3.47,3.14,13.60
382555,-13.28,5.47,1,14.36,13.68,8,14.68,189,0.24,0.25,835,0.00,1.00,0,0.5000,22.00,108,0,0.00,7,5.66,3.47,2.75,13.60
382659,-14.06,5.47,1,14.36,13.60,8,14.69,189,0.24,0.25,829,0.00,1.00,0,0.5000,22.00,108,0,0.00,7,5.66,3.43,2.75,13.60
382763,-14.06,5.47,1,14.36,13.60,8,14.69,189,0.24,0.26,810,0.00,1.00,0,0.5000,22.00,108,0,0.00,7,5.80,3.43,2.75,13.50
382867,-14.84,5.47,1,14.36,13.68,8,14.69,189,0.24,0.26,783,0.00,1.00,0,0.5000,22.00,108,0,0.00,7,5.80,3.38,2.75,13.40
382971,-15.62,5.47,1,14.36,13.68,8,14.69,189,0.24,0.26,778,0.00,1.00,0,0.5000,22.00,108,0,0.00,7,5.80,3.31,2.75,13.50
383075,-15.62,5.47,1,14.36,13.68,8,14.69,189,0.25,0.26,772,0.00,1.00,0,0.5000,22.00,108,0,0.00,7,5.80,3.29,2.75,13.50
383179,-16.41,5.47,1,14.36,13.60,8,14.69,189,0.25,0.26,749,0.00,1.00,0,0.5000,22.00,108,0,0.00,7,5.95,3.29,2.75,13.40
383282,-16.41,5.47,1,14.36,13.60,8,14.69,189,0.25,0.27,738,0.00,1.00,0,0.5000,22.00,108,0,0.00,7,5.95,3.25,2.75,13.50
383387,-17.19,5.47,1,14.36,13.68,8,14.69,189,0.25,0.27,727,0.00,1.00,0,0.5000,22.00,108,0,0.00,7,6.09,3.20,2.75,13.50
383490,-17.19,5.47,1,14.36,13.68,8,14.69,189,0.25,0.27,704,0.00,1.00,0,0.5000,22.00,108,0,0.00,7,6.09,3.20,2.75,13.50
383595,-17.97,5.47,1,14.36,13.52,8,14.69,189,0.26,0.28,682,0.00,1.00,0,0.5000,22.00,108,0,0.00,7,6.24,3.18,2.75,13.50
383699,-17.97,5.47,1,14.36,13.60,8,14.69,189,0.26,0.28,676,0.00,1.00,0,0.5000,22.00,108,0,0.00,7,6.38,3.20,3.14,13.60
383802,-17.97,5.47,1,14.36,13.52,8,14.69,189,0.27,0.29,664,0.00,1.00,0,0.5000,22.00,108,0,0.00,7,6.38,3.27,3.14,13.70
383908,-17.97,5.47,1,14.36,13.60,8,14.69,189,0.27,0.30,660,0.00,1.00,0,0.5000,22.00,108,0,0.00,7,6.67,3.36,3.14,13.70
384011,-15.62,5.47,1,14.36,13.60,8,14.69,189,0.28,0.30,665,0.00,1.00,0,0.5000,22.00,108,0,0.00,7,6.82,3.43,3.14,13.80
384114,-15.62,5.47,1,14.36,13.68,8,14.69,189,0.29,0.31,660,0.00,1.00,0,0.5000,22.00,108,0,0.00,7,6.96,3.47,3.14,14.00
384218,-14.84,5.47,1,14.36,13.68,8,14.69,189,0.29,0.32,658,0.00,1.00,0,0.5000,22.00,108,0,0.00,7,7.11,3.50,3.53,14.10
384322,-14.84,5.47,1,14.36,13.52,8,14.69,189,0.29,0.31,680,0.00,1.00,0,0.5000,19.00,108,0,0.00,7,7.25,3.55,3.53,14.00
384427,-14.84,5.47,1,14.36,13.68,8,14.69,189,0.29,0.30,710,0.00,1.00,0,0.5000,18.50,108,0,0.00,7,7.25,3.55,3.14,14.30
384530,-14.84,5.47,1,14.36,13.60,8,14.69,189,0.29,0.29,723,0.00,1.00,0,0.5000,17.00,108,0,0.00,7,7.40,3.47,3.14,14.40
384635,-14.06,5.47,1,14.36,13.68,8,14.69,189,0.29,0.29,728,0.00,1.00,0,0.5000,17.00,108,0,0.00,7,7.25,3.42,3.14,14.50
384739,-14.06,5.47,1,14.36,13.68,8,14.69,189,0.28,0.28,736,0.00,1.00,0,0.5000,16.50,108,0,0.00,7,7.25,3.42,3.14,14.30
384843,-13.28,5.47,1,14.36,13.68,8,14.69,189,0.28,0.27,772,0.00,1.00,0,0.5000,15.00,108,0,0.00,7,7.11,3.42,3.14,15.10
384946,-12.50,5.47,1,14.36,13.68,8,14.69,189,0.27,0.27,780,0.00,1.00,0,0.5000,14.50,108,0,0.00,7,6.96,3.45,3.14,15.00
385051,-11.72,4.69,1,14.36,13.60,8,14.69,189,0.27,0.27,782,0.00,1.00,0,0.5000,16.00,108,0,0.00,7,6.96,3.50,3.53,15.30
385155,-10.94,4.69,1,14.36,13.60,8,14.69,189,0.27,0.27,777,0.00,1.00,0,0.5000,17.00,108,0,0.00,7,6.82,3.55,3.53,15.60
385259,-10.94,4.69,1,14.36,13.68,8,14.69,189,0.27,0.28,756,0.00,1.00,0,0.5000,16.50,108,0,0.00,7,6.82,3.57,3.53,15.50
385362,-10.16,4.69,1,14.36,13.36,8,14.69,189,0.27,0.28,763,0.00,1.00,0,0.5000,16.00,108,0,0.00,7,6.82,3.57,3.53,15.80
385467,-9.38,4.69,1,14.36,13.68,8,14.69,189,0.27,0.28,783,0.00,1.00,0,0.5000,16.50,108,0,0.00,7,6.82,3.59,3.53,15.60
385571,-9.38,4.69,1,14.36,13.68,8,14.69,189,0.27,0.28,771,0.00,1.00,0,0.5000,16.00,109,0,0.00,7,6.82,3.57,3.53,15.70
385675,-8.59,4.69,1,14.36,13.68,8,14.69,189,0.27,0.28,780,0.00,1.00,0,0.5000,15.50,109,0,0.00,7,6.82,3.57,3.53,15.80
385779,-7.81,4.69,1,14.36,13.68,8,14.69,189,0.27,0.27,803,0.00,1.00,0,0.5000,15.00,109,0,0.00,7,6.82,3.59,3.53,15.60
385883,-7.81,4.69,1,14.36,13.68,8,14.69,189,0.26,0.27,792,0.00,1.00,0,0.5000,15.50,109,0,0.00,7,6.82,3.57,3.53,15.90
385987,-7.03,4.69,1,14.36,13.68,8,14.69,189,0.26,0.27,800,0.00,1.00,0,0.5000,15.00,109,0,0.00,7,6.67,3.59,3.53,15.70
386091,-7.03,4.69,1,14.36,13.60,8,14.69,189,0.26,0.27,812,0.00,1.00,0,0.5000,15.50,109,0,0.00,7,6.67,3.57,3.53,15.70
386195,-7.03,4.69,1,14.36,13.68,8,14.69,189,0.26,0.27,787,0.00,1.00,0,0.5000,16.50,109,0,0.00,7,6.67,3.59,3.53,15.80
386299,-6.25,4.69,1,14.36,13.60,8,14.69,189,0.26,0.27,816,0.00,1.00,0,0.5000,14.50,109,0,0.00,7,6.67,3.59,3.53,15.70
386403,-6.25,4.69,1,14.36,13.60,8,14.69,189,0.26,0.27,809,0.00,1.00,0,0.5000,16.50,109,0,0.00,7,6.67,3.59,3.14,15.60
386508,-6.25,4.69,1,14.36,13.68,8,14.69,189,0.26,0.26,805,0.00,1.00,0,0.5000,16.00,109,0,0.00,7,6.67,3.62,3.14,15.50
386610,-6.25,4.69,1,14.36,13.60,8,14.69,189,0.26,0.26,821,0.00,1.00,0,0.5000,15.00,109,0,0.00,7,6.53,3.57,3.14,15.30
386715,-6.25,4.69,1,14.36,13.60,8,14.69,189,0.26,0.26,814,0.00,1.00,0,0.5000,17.00,109,0,0.00,7,6.53,3.57,3.14,15.30
386819,-6.25,4.69,1,14.36,13.68,8,14.69,189,0.26,0.27,806,0.00,1.00,0,0.5000,16.00,109,0,0.00,7,6.53,3.57,3.14,15.20
386923,-6.25,4.69,1,14.36,13.60,8,14.69,189,0.26,0.27,808,0.00,1.00,0,0.5000,16.50,109,0,0.00,7,6.53,3.57,3.14,15.10
387026,-5.47,4.69,1,14.36,13.68,8,14.69,189,0.26,0.26,824,0.00,1.00,0,0.5000,15.50,109,0,0.00,7,6.53,3.57,3.14,15.10
387131,-6.25,4.69,1,14.36,13.60,8,14.69,189,0.25,0.26,826,0.00,1.00,0,0.5000,16.00,109,0,0.00,7,6.53,3.57,3.14,15.00
387236,-6.25,4.69,1,14.36,13.60,8,14.69,189,0.25,0.26,814,0.00,1.00,0,0.5000,16.50,109,0,0.00,7,6.38,3.57,3.14,14.90
387339,-6.25,4.69,1,14.36,13.68,8,14.69,189,0.25,0.26,826,0.00,1.00,0,0.5000,16.00,109,0,0.00,7,6.38,3.52,3.14,14.80
387443,-6.25,4.69,1,14.36,13.60,8,14.69,189,0.25,0.26,815,0.00,1.00,0,0.5000,17.00,109,0,0.00,7,6.38,3.52,3.14,14.80
387547,-6.25,4.69,1,14.36,13.68,8,14.69,189,0.25,0.26,819,0.00,1.00,0,0.5000,17.00,109,0,0.00,7,6.38,3.50,3.14,14.70
387651,-6.25,4.69,1,14.36,13.52,8,14.69,189,0.25,0.26,806,0.00,1.00,0,0.5000,17.00,109,0,0.00,7,6.38,3.47,3.14,14.70
387756,-6.25,4.69,1,14.36,13.60,8,14.69,189,0.25,0.27,782,0.00,1.00,0,0.5000,17.50,109,0,0.00,7,6.38,3.47,3.14,15.30
387859,-6.25,4.69,1,14.36,13.60,8,14.69,189,0.25,0.26,790,0.00,1.00,0,0.5000,17.50,109,0,0.00,7,6.38,3.47,3.14,14.50
387963,-6.25,4.69,1,14.36,13.68,8,14.69,189,0.26,0.27,771,0.00,1.00,0,0.5000,17.50,109,0,0.00,7,6.38,3.47,3.14,14.50
388067,-7.03,4.69,1,14.36,13.68,8,14.69,189,0.26,0.27,777,0.00,1.00,0,0.5000,18.00,109,0,0.00,7,6.38,3.50,3.14,14.50
388171,-7.03,4.69,1,14.36,13.60,8,14.69,189,0.26,0.27,764,0.00,1.00,0,0.5000,17.50,109,0,0.00,7,6.53,3.47,3.14,14.50
388275,-7.03,4.69,1,14.36,13.60,8,14.69,189,0.26,0.27,771,0.00,1.00,0,0.5000,18.00,109,0,0.00,7,6.53,3.42,3.14,14.50
388379,-7.03,4.69,1,14.36,13.60,8,14.69,189,0.26,0.27,764,0.00,1.00,0,0.5000,18.00,109,0,0.00,7,6.53,3.42,3.14,14.50
388482,-7.03,4.69,1,14.36,13.60,8,14.69,189,0.26,0.26,776,0.00,1.00,0,0.5000,17.00,109,0,0.00,7,6.53,3.42,3.14,14.50
388587,-7.03,4.69,1,14.36,13.68,8,14.69,189,0.26,0.27,770,0.00,1.00,0,0.5000,17.00,109,0,0.00,7,6.53,3.42,3.14,14.50
388691,-7.03,4.69,1,14.36,13.60,8,14.69,189,0.26,0.26,777,0.00,1.00,0,0.5000,17.00,109,0,0.00,7,6.53,3.40,3.14,14.40
388795,-7.03,4.69,1,14.36,13.68,8,14.69,189,0.26,0.26,782,0.00,1.00,0,0.5000,17.00,109,0,0.00,7,6.53,3.40,3.14,14.50
388899,-7.03,4.69,1,14.36,13.52,8,14.69,189,0.26,0.27,761,0.00,1.00,0,0.5000,17.00,109,0,0.00,7,6.53,3.42,3.14,14.50
389004,-7.81,4.69,1,14.36,13.68,8,14.69,189,0.26,0.26,772,0.00,1.00,0,0.5000,17.00,109,0,0.00,7,6.53,3.42,3.14,14.50
389107,-7.81,4.69,1,14.36,13.68,8,14.69,189,0.26,0.27,774,0.00,1.00,0,0.5000,17.00,109,0,0.00,7,6.53,3.38,3.14,14.50
389211,-7.81,4.69,1,14.36,13.68,8,14.69,189,0.26,0.27,759,0.00,1.00,0,0.5000,18.50,109,0,0.00,7,6.53,3.40,3.14,14.50
389315,-7.81,4.69,1,14.36,13.68,8,14.69,189,0.26,0.27,746,0.00,1.00,0,0.5000,18.00,109,0,0.00,7,6.53,3.40,3.14,14.50
389428,-7.81,4.69,1,14.36,13.52,8,14.69,189,0.26,0.27,762,0.00,1.00,0,0.5000,17.00,109,0,0.00,7,6.53,3.38,3.14,14.50
