Time (msec),A/F Correction #1 (%),A/F Learning #1 (%),Atmospheric Pressure (psi),CL/OL Fueling* (status),Closed Loop Fueling Target (4-byte)* (estimated AFR),Coolant Temperature (F),Engine Load (4-Byte)* (g/rev),Engine Speed (rpm),Feedback Knock Correction (4-byte)* (degrees),Ignition Total Timing (degrees),Intake Air Temperature (F),Intake VVT Advance Angle Right (degrees),Knock Correction Advance (degrees),Knock Sum* (count),Manifold Absolute Pressure (psi),Mass Airflow (g/s),Throttle Opening Angle (%),AEM UEGO Wideband [9600 baud] (AFR Gasoline),Fine Learning Knock Correction (4-byte)* (degrees),Fine Learning Table Offset* (index position),Ignition Base Timing* (degrees),Throttle Plate Opening Angle (4-byte)* (%),IAM (1-byte)** (multiplier)
0,4.69,3.91,14.51,8,14.69,189,0.30,786,0.00,16.50,129,0,0.00,0,7.55,3.97,4.31,14.80,0.00,1,16.91,4.03,0.5000
102,4.69,3.91,14.51,8,14.69,189,0.30,788,0.00,16.50,129,0,0.00,0,7.55,3.92,4.31,14.80,0.00,1,16.91,3.88,0.5000
204,4.69,3.91,14.51,8,14.69,189,0.30,788,0.00,16.50,129,0,0.00,0,7.55,3.95,4.31,14.80,0.00,1,16.91,4.03,0.5000
306,4.69,3.91,14.51,8,14.69,189,0.30,798,0.00,16.00,129,0,0.00,0,7.55,3.88,4.31,14.80,0.00,1,16.91,4.03,0.5000
408,4.69,3.91,14.51,8,14.69,189,0.29,798,0.00,16.00,129,0,0.00,0,7.40,3.88,4.31,14.90,0.00,1,16.91,4.03,0.5000
510,3.91,3.91,14.51,8,14.69,189,0.29,798,0.00,16.50,129,0,0.00,0,7.40,3.83,4.31,14.70,0.00,1,16.91,4.03,0.5000
612,3.91,3.91,14.51,8,14.69,189,0.29,802,0.00,16.50,129,0,0.00,0,7.40,3.88,3.92,14.80,0.00,1,16.91,3.88,0.5000
714,3.91,3.91,14.51,8,14.69,189,0.29,792,0.00,16.50,129,0,0.00,0,7.40,3.90,4.31,14.50,0.00,1,16.91,4.03,0.5000
815,3.91,3.91,14.51,8,14.69,189,0.29,801,0.00,16.50,129,0,0.00,0,7.40,3.92,4.31,14.60,0.00,1,16.91,3.88,0.5000
918,3.91,3.91,14.51,8,14.69,189,0.29,793,0.00,16.50,129,0,0.00,0,7.40,3.88,3.92,14.60,0.00,1,16.91,4.03,0.5000
1020,3.91,3.91,14.51,8,14.69,189,0.29,792,0.00,17.00,129,0,0.00,0,7.40,3.88,4.31,14.40,0.00,1,16.91,4.03,0.5000
1122,3.91,3.91,14.51,8,14.69,189,0.29,786,0.00,17.00,129,0,0.00,0,7.40,3.95,4.31,14.50,0.00,1,16.91,3.88,0.5000
1224,3.91,3.91,14.51,8,14.69,189,0.29,785,0.00,17.00,129,0,0.00,0,7.40,3.97,3.92,14.50,0.00,1,16.91,3.88,0.5000
1326,3.91,3.91,14.51,8,14.69,189,0.29,782,0.00,17.00,129,0,0.00,0,7.40,3.95,3.92,14.50,0.00,1,16.91,3.88,0.5000
1428,3.91,3.91,14.51,8,14.69,189,0.29,785,0.00,17.00,129,0,0.00,0,7.40,3.92,3.92,14.60,0.00,1,16.91,3.88,0.5000
1530,3.91,3.91,14.51,8,14.69,189,0.29,778,0.00,17.00,129,0,0.00,0,7.40,3.85,3.92,14.60,0.00,1,16.91,3.88,0.5000
1632,3.91,3.91,14.51,8,14.69,189,0.29,766,0.00,17.00,129,0,0.00,0,7.40,3.83,3.92,14.50,0.00,1,16.91,3.88,0.5000
1734,3.91,3.91,14.51,8,14.69,189,0.29,766,0.00,17.00,129,0,0.00,0,7.40,3.85,3.92,14.60,0.00,1,16.91,3.88,0.5000
1836,3.12,3.91,14.51,8,14.69,189,0.29,762,0.00,17.00,129,0,0.00,0,7.40,3.85,3.92,14.60,0.00,1,16.91,3.88,0.5000
1938,3.12,3.91,14.51,8,14.69,189,0.29,752,0.00,17.50,129,0,0.00,0,7.40,3.80,3.92,14.50,0.00,1,16.91,3.88,0.5000
2040,3.12,3.91,14.51,8,14.69,189,0.29,760,0.00,17.00,129,0,0.00,0,7.40,3.75,3.92,14.60,0.00,1,16.91,3.88,0.5000
2143,3.12,3.91,14.51,8,14.69,189,0.29,769,0.00,17.00,129,0,0.00,0,7.55,3.78,3.92,14.60,0.00,1,16.91,3.88,0.5000
2245,3.12,3.91,14.51,8,14.69,189,0.29,750,0.00,17.00,129,0,0.00,0,7.40,3.78,3.92,14.50,0.00,1,16.91,3.73,0.5000
2346,3.12,3.91,14.51,8,14.69,189,0.29,751,0.00,17.50,129,0,0.00,0,7.55,3.75,3.92,14.50,0.00,1,16.91,3.88,0.5000
2448,3.12,3.91,14.51,8,14.69,189,0.29,760,0.00,17.00,129,0,0.00,0,7.55,3.73,3.92,14.50,0.00,1,16.91,3.74,0.5000
2550,3.12,3.91,14.51,8,14.69,189,0.29,760,0.00,17.00,129,0,0.00,0,7.55,3.73,3.92,14.60,0.00,1,16.91,3.74,0.5000
2652,3.12,3.91,14.51,8,14.69,189,0.29,753,0.00,17.00,129,0,0.00,0,7.55,3.83,3.92,14.40,0.00,1,16.91,3.88,0.5000
2754,3.12,3.91,14.51,8,14.69,189,0.30,756,0.00,17.50,129,0,0.00,0,7.55,3.78,3.92,14.50,0.00,1,16.91,3.74,0.5000
2856,3.12,3.91,14.51,8,14.69,189,0.30,754,0.00,17.00,129,0,0.00,0,7.55,3.73,3.92,14.50,0.00,1,16.91,3.73,0.5000
2958,3.12,3.91,14.51,8,14.69,189,0.29,760,0.00,17.00,129,0,0.00,0,7.55,3.68,3.92,14.50,0.00,1,16.91,3.74,0.5000
3060,3.12,3.91,14.51,8,14.69,189,0.29,754,0.00,17.00,129,0,0.00,0,7.55,3.78,3.92,14.60,0.00,1,16.91,3.73,0.5000
3162,3.12,3.91,14.51,8,14.69,189,0.29,768,0.00,17.00,129,0,0.00,0,7.55,3.83,3.92,14.50,0.00,1,16.91,3.88,0.5000
3264,3.12,3.91,14.51,8,14.69,189,0.29,771,0.00,17.00,129,0,0.00,0,7.40,3.83,3.92,14.60,0.00,1,16.91,3.88,0.5000
3366,3.12,3.91,14.51,8,14.69,189,0.29,751,0.00,17.00,129,0,0.00,0,7.40,3.83,3.92,14.60,0.00,1,16.91,3.73,0.5000
3468,3.12,3.91,14.51,8,14.69,189,0.29,763,0.00,17.00,129,0,0.00,0,7.55,3.83,3.92,14.70,0.00,1,16.91,3.74,0.5000
3570,3.12,3.91,14.51,8,14.69,189,0.30,751,0.00,17.00,129,0,0.00,0,7.55,3.80,3.92,14.70,0.00,1,16.91,3.88,0.5000
3672,3.12,3.91,14.51,8,14.69,189,0.30,752,0.00,17.00,129,0,0.00,0,7.55,3.83,3.92,14.60,0.00,1,16.91,3.74,0.5000
3774,3.12,3.91,14.51,8,14.69,189,0.30,764,0.00,17.00,129,0,0.00,0,7.55,3.85,3.92,14.70,0.00,1,16.91,3.88,0.5000
3876,2.34,3.91,14.51,8,14.69,189,0.30,752,0.00,17.00,129,0,0.00,0,7.55,3.83,3.92,14.70,0.00,1,16.91,3.88,0.5000
3978,2.34,3.91,14.51,8,14.69,189,0.30,748,0.00,17.00,129,0,0.00,0,7.55,3.68,3.92,14.70,0.00,1,16.91,3.88,0.5000
4080,2.34,3.91,14.51,8,14.69,189,0.30,748,0.00,17.00,129,0,0.00,0,7.55,3.78,3.92,14.70,0.00,1,16.91,3.88,0.5000
4182,2.34,3.91,14.51,8,14.69,189,0.30,746,0.00,17.00,129,0,0.00,0,7.55,3.70,3.92,14.60,0.00,1,16.91,3.73,0.5000
4284,2.34,3.91,14.51,8,14.69,189,0.29,759,0.00,17.00,129,0,0.00,0,7.55,3.68,3.92,14.60,0.00,1,16.91,3.88,0.5000
4386,2.34,3.91,14.51,8,14.69,189,0.29,749,0.00,17.00,129,0,0.00,0,7.55,3.70,3.92,14.70,0.00,1,16.91,3.74,0.5000
4489,2.34,3.91,14.51,8,14.69,189,0.29,750,0.00,17.00,129,0,0.00,0,7.55,3.68,3.92,14.60,0.00,1,16.91,3.74,0.5000
4590,2.34,3.91,14.51,8,14.69,189,0.29,747,0.00,17.00,129,0,0.00,0,7.55,3.78,3.92,14.60,0.00,1,16.91,3.74,0.5000
4692,2.34,3.91,14.51,8,14.69,189,0.29,747,0.00,17.00,129,0,0.00,0,7.55,3.75,3.92,14.50,0.00,1,16.91,3.74,0.5000
4794,2.34,3.91,14.51,8,14.69,189,0.29,735,0.00,17.50,129,0,0.00,0,7.55,3.75,3.92,14.50,0.00,1,16.91,3.74,0.5000
4896,2.34,3.91,14.51,8,14.69,189,0.29,743,0.00,17.00,129,0,0.00,0,7.55,3.73,3.92,14.50,0.00,1,16.91,3.88,0.5000
4998,2.34,3.91,14.51,8,14.69,189,0.30,755,0.00,17.00,129,0,0.00,0,7.55,3.75,3.92,14.50,0.00,1,16.91,3.73,0.5000
5100,2.34,3.91,14.51,8,14.69,189,0.29,754,0.00,17.00,129,0,0.00,0,7.55,3.75,3.92,14.60,0.00,1,16.91,3.88,0.5000
5202,2.34,3.91,14.51,8,14.69,189,0.29,752,0.00,17.00,129,0,0.00,0,7.55,3.80,3.92,14.50,0.00,1,16.91,3.88,0.5000
5304,2.34,3.91,14.51,8,14.69,189,0.30,736,0.00,17.00,129,0,0.00,0,7.55,3.75,3.92,14.70,0.00,1,16.91,3.88,0.5000
5406,2.34,3.91,14.51,8,14.69,189,0.30,754,0.00,17.00,129,0,0.00,0,7.55,3.75,3.92,14.70,0.00,1,16.91,3.88,0.5000
5508,2.34,3.91,14.51,8,14.69,189,0.29,758,0.00,16.50,129,0,0.00,0,7.55,3.78,3.92,14.60,0.00,1,16.91,3.88,0.5000
5610,2.34,3.91,14.51,8,14.69,189,0.29,741,0.00,17.00,129,0,0.00,0,7.55,3.80,3.92,14.70,0.00,1,16.91,3.88,0.5000
5712,2.34,3.91,14.51,8,14.69,189,0.30,753,0.00,17.00,129,0,0.00,0,7.55,3.80,3.92,14.70,0.00,1,16.91,3.88,0.5000
5814,2.34,3.91,14.51,8,14.69,189,0.30,758,0.00,17.00,129,0,0.00,0,7.55,3.78,3.92,14.70,0.00,1,16.91,3.88,0.5000
5917,2.34,3.91,14.51,8,14.69,189,0.30,750,0.00,17.00,129,0,0.00,0,7.55,3.73,3.92,14.70,0.00,1,16.91,3.88,0.5000
6018,2.34,3.91,14.51,8,14.69,189,0.29,752,0.00,17.00,129,0,0.00,0,7.55,3.80,3.92,14.70,0.00,1,16.91,3.88,0.5000
6120,2.34,3.91,14.51,8,14.69,189,0.30,754,0.00,17.00,129,0,0.00,0,7.55,3.66,3.92,14.50,0.00,1,16.91,3.88,0.5000
6222,2.34,3.91,14.51,8,14.69,189,0.29,752,0.00,17.00,129,0,0.00,0,7.55,3.75,3.92,14.60,0.00,1,16.91,3.88,0.5000
6324,2.34,3.91,14.51,8,14.69,189,0.29,752,0.00,17.00,129,0,0.00,0,7.55,3.80,3.92,14.60,0.00,1,16.91,3.88,0.5000
6427,2.34,3.91,14.51,8,14.69,189,0.30,755,0.00,17.00,129,0,0.00,0,7.55,3.83,3.92,14.70,0.00,1,16.91,3.73,0.5000
6528,2.34,3.91,14.51,8,14.69,189,0.30,759,0.00,17.00,129,0,0.00,0,7.55,3.80,3.92,14.70,0.00,1,16.91,3.88,0.5000
6630,2.34,3.91,14.51,8,14.69,189,0.30,759,0.00,16.50,129,0,0.00,0,7.55,3.80,3.92,14.80,0.00,1,16.91,3.73,0.5000
6732,2.34,3.91,14.51,8,14.69,189,0.30,744,0.00,17.00,129,0,0.00,0,7.55,3.83,3.92,14.70,0.00,1,16.91,3.88,0.5000
6835,2.34,3.91,14.51,8,14.69,189,0.30,756,0.00,17.00,129,0,0.00,0,7.55,3.83,3.92,14.70,0.00,1,16.91,3.88,0.5000
6936,2.34,3.91,14.51,8,14.69,189,0.30,767,0.00,16.50,129,0,0.00,0,7.55,3.85,3.92,14.80,0.00,1,16.91,3.88,0.5000
7039,2.34,3.91,14.51,8,14.69,189,0.30,748,0.00,17.00,129,0,0.00,0,7.55,3.90,3.92,14.70,0.00,1,16.91,3.88,0.5000
7140,2.34,3.91,14.51,8,14.69,189,0.30,756,0.00,17.00,129,0,0.00,0,7.55,3.80,3.92,14.70,0.00,1,16.91,3.88,0.5000
7243,2.34,3.91,14.51,8,14.69,189,0.30,765,0.00,16.50,129,0,0.00,0,7.55,3.73,3.92,14.80,0.00,1,16.91,3.88,0.5000
7345,2.34,3.91,14.51,8,14.69,189,0.30,760,0.00,16.50,129,0,0.00,0,7.55,3.80,3.92,14.90,0.00,1,16.91,3.88,0.5000
7447,2.34,3.91,14.51,8,14.69,189,0.29,762,0.00,17.00,129,0,0.00,0,7.55,3.85,3.92,14.70,0.00,1,16.91,3.88,0.5000
7549,2.34,3.91,14.51,8,14.69,189,0.30,770,0.00,16.50,129,0,0.00,0,7.55,3.85,3.92,14.80,0.00,1,16.91,3.88,0.5000
7651,2.34,3.91,14.51,8,14.69,189,0.29,772,0.00,16.50,129,0,0.00,0,7.40,3.75,3.92,14.70,0.00,1,16.91,3.73,0.5000
7753,1.56,3.91,14.51,8,14.69,189,0.29,762,0.00,17.00,129,0,0.00,0,7.40,3.78,3.92,14.70,0.00,1,16.91,3.88,0.5000
7854,1.56,3.91,14.51,8,14.69,189,0.29,765,0.00,17.00,129,0,0.00,0,7.40,3.80,3.92,14.80,0.00,1,16.91,3.88,0.5000
7956,1.56,3.91,14.51,8,14.69,189,0.29,765,0.00,17.00,129,0,0.00,0,7.40,3.80,3.92,14.50,0.00,1,16.91,3.88,0.5000
8059,1.56,3.91,14.51,8,14.69,189,0.29,766,0.00,17.00,129,0,0.00,0,7.40,3.85,3.92,14.60,0.00,1,16.91,3.88,0.5000
8160,1.56,3.91,14.51,8,14.69,189,0.29,769,0.00,17.00,129,0,0.00,0,7.40,3.83,3.92,14.60,0.00,1,16.91,3.88,0.5000
8263,1.56,4.69,14.51,8,14.69,189,0.29,759,0.00,17.00,129,0,0.00,0,7.40,3.80,3.92,14.50,0.00,1,16.91,3.88,0.5000
8365,1.56,4.69,14.51,8,14.69,189,0.29,756,0.00,17.00,129,0,0.00,0,7.40,3.83,3.92,14.60,0.00,1,16.91,3.88,0.5000
8467,1.56,4.69,14.51,8,14.69,189,0.30,758,0.00,17.00,129,0,0.00,0,7.40,3.85,3.92,14.50,0.00,1,16.91,3.88,0.5000
8569,1.56,4.69,14.51,8,14.69,189,0.30,764,0.00,17.00,129,0,0.00,0,7.40,3.78,3.92,14.60,0.00,1,16.91,3.88,0.5000
8671,1.56,4.69,14.51,8,14.69,189,0.29,758,0.00,17.00,129,0,0.00,0,7.55,3.80,3.92,14.60,0.00,1,16.91,3.88,0.5000
8773,1.56,4.69,14.51,8,14.69,189,0.29,752,0.00,17.00,129,0,0.00,0,7.55,3.80,3.92,14.60,0.00,1,16.91,3.88,0.5000
8875,1.56,4.69,14.51,8,14.69,189,0.29,760,0.00,17.00,129,0,0.00,0,7.55,3.83,3.92,14.60,0.00,1,16.91,3.88,0.5000
8977,1.56,4.69,14.51,8,14.69,189,0.29,766,0.00,17.00,129,0,0.00,0,7.55,3.88,3.92,14.70,0.00,1,16.91,3.88,0.5000
9079,1.56,4.69,14.51,8,14.69,189,0.30,754,0.00,17.00,129,0,0.00,0,7.55,3.80,3.92,14.70,0.00,1,16.91,3.88,0.5000
9181,1.56,4.69,14.51,8,14.69,189,0.30,756,0.00,17.00,129,0,0.00,0,7.55,3.78,3.92,14.70,0.00,1,16.91,3.88,0.5000
9282,1.56,4.69,14.51,8,14.69,189,0.30,759,0.00,17.00,129,0,0.00,0,7.55,4.01,3.92,14.70,0.00,1,16.91,5.48,0.5000
9385,1.56,4.69,14.51,8,14.69,189,0.30,750,0.00,17.00,129,0,0.00,0,7.98,4.53,5.88,14.70,0.00,1,16.91,5.33,0.5000
9487,1.56,4.69,14.51,8,14.69,189,0.32,745,0.00,17.00,129,0,0.00,0,8.27,4.71,5.49,14.60,0.00,1,16.91,5.19,0.5000
9589,1.56,4.69,14.51,8,14.69,189,0.33,779,0.00,17.00,129,0,0.00,0,8.56,4.65,5.49,14.70,0.00,1,16.91,5.04,0.5000
9690,1.56,4.69,14.51,8,14.69,189,0.34,810,0.00,14.00,129,0,0.00,0,8.71,4.59,5.49,14.50,0.00,1,16.91,5.19,0.5000
9793,2.34,4.69,14.51,8,14.69,189,0.34,784,0.00,16.50,129,0,0.00,0,8.71,4.70,5.49,14.60,0.00,1,16.91,5.19,0.5000
9895,3.12,4.69,14.51,8,14.69,189,0.35,790,0.00,16.50,129,0,0.00,0,8.71,4.76,5.49,14.80,0.00,1,16.91,5.04,0.5000
9997,3.12,4.69,14.51,8,14.69,189,0.35,782,0.00,16.50,129,0,0.00,0,8.85,4.82,5.49,15.00,0.00,1,16.91,5.19,0.5000
10099,3.91,4.69,14.51,8,14.69,189,0.36,776,0.00,16.50,129,0,0.00,0,8.85,4.87,5.49,15.30,0.00,1,16.91,5.19,0.5000
10201,4.69,4.69,14.51,8,14.69,189,0.36,798,0.00,16.50,129,0,0.00,0,8.85,4.87,5.49,15.30,0.00,1,16.91,5.19,0.5000
10303,5.47,4.69,14.51,8,14.69,189,0.36,792,0.00,16.50,129,0,0.00,0,9.00,4.93,5.49,15.60,0.00,1,16.91,5.34,0.5000
10405,5.47,4.69,14.51,8,14.69,189,0.37,794,0.00,16.50,129,0,0.00,0,9.00,4.93,5.49,15.50,0.00,1,16.91,5.33,0.5000
10507,5.47,4.69,14.51,8,14.69,189,0.37,807,0.00,16.00,129,0,0.00,0,9.00,5.01,5.49,15.70,0.00,1,16.91,5.33,0.5000
10609,6.25,4.69,14.51,8,14.69,189,0.37,796,0.00,16.00,129,0,0.00,0,9.00,5.01,5.49,15.60,0.00,1,16.91,5.33,0.5000
10711,5.47,4.69,14.51,8,14.69,189,0.37,802,0.00,16.00,129,0,0.00,0,9.00,5.01,5.49,15.50,0.00,1,16.91,5.33,0.5000
10813,5.47,4.69,14.51,8,14.69,189,0.37,815,0.00,15.50,129,0,0.00,0,9.00,5.03,5.49,15.40,0.00,1,16.91,5.33,0.5000
10915,6.25,4.69,14.51,8,14.69,189,0.37,812,0.00,15.00,129,0,0.00,0,9.00,5.03,5.49,15.40,0.00,1,16.91,5.33,0.5000
11017,5.47,4.69,14.51,8,14.69,189,0.37,821,0.00,16.00,129,0,0.00,0,9.00,5.03,5.49,15.20,0.00,1,16.91,5.33,0.5000
11119,5.47,4.69,14.51,8,14.69,189,0.37,826,0.00,15.50,129,0,0.00,0,9.00,5.09,5.49,15.10,0.00,1,16.91,5.33,0.5000
11221,5.47,4.69,14.51,8,14.69,189,0.37,816,0.00,16.00,129,0,0.00,0,9.00,5.16,5.49,15.00,0.00,1,16.91,5.33,0.5000
11324,5.47,4.69,14.51,8,14.69,189,0.37,828,0.00,15.50,129,0,0.00,0,9.00,5.18,5.49,14.80,0.00,1,16.91,5.33,0.5000
11425,5.47,4.69,14.51,8,14.69,189,0.37,830,0.00,15.50,129,0,0.00,0,9.00,5.14,5.88,14.80,0.00,1,16.91,5.33,0.5000
11527,5.47,4.69,14.51,8,14.69,189,0.37,836,0.00,16.00,129,0,0.00,0,9.00,5.18,5.49,14.70,0.00,1,16.91,5.33,0.5000
11629,5.47,4.69,14.51,8,14.69,189,0.37,824,0.00,16.00,129,0,0.00,0,9.00,5.18,5.49,14.60,0.00,1,16.91,5.33,0.5000
11731,4.69,4.69,14.51,8,14.69,189,0.37,834,0.00,16.00,129,0,0.00,0,9.00,2.58,5.49,14.40,0.00,1,16.91,5.33,0.5000
11833,4.69,4.69,14.51,8,14.68,189,0.37,851,0.00,14.50,129,0,0.00,0,8.85,5.14,5.49,14.50,0.00,1,16.91,5.33,0.5000
11935,4.69,4.69,14.51,8,14.68,189,0.37,845,0.00,15.50,129,0,0.00,0,8.85,5.14,5.49,14.50,0.00,1,16.91,5.48,0.5000
12037,4.69,4.69,14.51,8,14.68,189,0.37,856,0.00,15.00,129,0,0.00,0,8.85,5.16,5.49,14.40,0.00,1,16.91,5.33,0.5000
12139,4.69,4.69,14.51,8,14.68,189,0.36,859,0.00,14.50,129,0,0.00,0,8.85,5.23,5.49,14.40,0.00,1,16.91,5.33,0.5000
12241,4.69,4.69,14.51,8,14.68,189,0.36,863,0.00,16.00,129,0,0.00,0,8.85,5.18,5.49,14.50,0.00,1,16.91,5.33,0.5000
12343,3.91,4.69,14.51,8,14.68,189,0.36,855,0.00,15.00,129,0,0.00,0,8.71,5.30,5.49,14.40,0.00,1,16.91,5.33,0.5000
12445,3.91,4.69,14.51,8,14.68,189,0.37,853,0.00,16.00,129,0,0.00,0,8.71,5.23,5.88,14.60,0.00,1,16.91,5.33,0.5000
12547,3.91,4.69,14.51,8,14.68,189,0.37,853,0.00,16.00,129,0,0.00,0,8.71,5.25,5.88,14.50,0.00,1,16.91,5.33,0.5000
12649,3.91,4.69,14.51,8,14.68,189,0.37,871,0.00,16.00,129,0,0.00,0,8.71,5.25,5.49,14.50,0.00,1,16.91,5.33,0.5000
12752,3.91,4.69,14.51,8,14.68,189,0.36,872,0.00,15.50,129,0,0.00,0,8.71,5.23,5.49,14.50,0.00,1,16.91,5.48,0.5000
12853,3.91,4.69,14.51,8,14.68,189,0.36,876,0.00,15.00,129,0,0.00,0,8.71,5.18,5.49,14.40,0.00,1,16.91,5.33,0.5000
12956,3.91,4.69,14.51,8,14.67,189,0.36,892,0.00,14.00,129,0,0.00,0,8.56,5.25,5.49,14.40,0.00,1,16.91,5.33,0.5000
13057,3.91,4.69,14.51,8,14.68,189,0.36,874,0.00,16.00,129,0,0.00,0,8.56,5.25,5.49,14.50,0.00,1,16.91,5.33,0.5000
13159,3.12,4.69,14.51,8,14.67,189,0.36,883,0.00,15.50,129,0,0.00,0,8.56,5.21,5.49,14.50,0.00,1,16.91,5.33,0.5000
13262,3.12,4.69,14.51,8,14.68,189,0.36,876,0.00,16.00,129,0,0.00,0,8.56,5.21,5.49,14.40,0.00,1,16.91,5.33,0.5000
13363,3.12,4.69,14.51,8,14.67,189,0.36,890,0.00,15.50,129,0,0.00,0,8.42,5.25,5.49,14.40,0.00,1,16.91,5.33,0.5000
13465,3.12,4.69,14.51,8,14.68,189,0.35,876,0.00,16.50,129,0,0.00,0,8.56,5.25,5.49,14.50,0.00,1,16.91,5.33,0.5000
13568,3.12,4.69,14.51,8,14.67,189,0.35,888,0.00,16.00,129,0,0.00,0,8.42,5.21,5.49,14.40,0.00,1,16.91,5.33,0.5000
13669,3.12,4.69,14.51,8,14.67,189,0.35,884,0.00,16.50,129,0,0.00,0,8.42,5.23,5.49,14.40,0.00,1,16.91,5.33,0.5000
13772,2.34,4.69,14.51,8,14.67,189,0.35,892,0.00,16.00,129,0,0.00,0,8.42,5.21,5.49,14.40,0.00,1,16.91,5.33,0.5000
13873,2.34,4.69,14.51,8,14.67,189,0.35,884,0.00,16.50,129,0,0.00,0,8.42,5.25,5.49,14.40,0.00,1,16.91,5.33,0.5000
13975,2.34,4.69,14.51,8,14.68,189,0.35,876,0.00,16.50,129,0,0.00,0,8.42,5.16,5.49,14.40,0.00,1,16.91,5.33,0.5000
14078,2.34,4.69,14.51,8,14.68,189,0.35,877,0.00,16.50,129,0,0.00,0,8.42,5.11,5.49,14.40,0.00,1,16.91,5.33,0.5000
14179,2.34,4.69,14.51,8,14.67,189,0.35,889,0.00,16.50,129,0,0.00,0,8.42,5.06,5.49,14.40,0.00,1,16.91,5.19,0.5000
14282,2.34,4.69,14.51,8,14.68,189,0.35,865,0.00,17.00,129,0,0.00,0,8.42,5.09,5.49,14.30,0.00,1,16.91,5.19,0.5000
14384,1.56,4.69,14.51,8,14.67,189,0.35,884,0.00,16.50,129,0,0.00,0,8.42,5.14,5.49,14.40,0.00,1,16.91,5.34,0.5000
14485,1.56,4.69,14.51,8,14.68,189,0.35,865,0.00,17.00,129,0,0.00,0,8.42,5.14,5.49,14.40,0.00,1,16.91,5.19,0.5000
14588,1.56,4.69,14.51,8,14.68,189,0.35,872,0.00,17.00,129,0,0.00,0,8.42,5.16,5.49,14.40,0.00,1,16.91,5.19,0.5000
14689,1.56,4.69,14.51,8,14.68,189,0.35,858,0.00,17.00,129,0,0.00,0,8.42,5.14,5.49,14.40,0.00,1,16.91,5.19,0.5000
14791,1.56,4.69,14.51,8,14.68,189,0.35,860,0.00,17.00,129,0,0.00,0,8.42,5.16,5.49,14.40,0.00,1,16.91,5.19,0.5000
14894,1.56,4.69,14.51,8,14.68,189,0.36,856,0.00,17.00,129,0,0.00,0,8.42,5.09,5.49,14.50,0.00,1,16.91,5.19,0.5000
14995,1.56,4.69,14.51,8,14.68,189,0.35,863,0.00,17.00,129,0,0.00,0,8.42,4.98,5.49,14.50,0.00,1,16.91,5.19,0.5000
15098,1.56,4.69,14.51,8,14.68,189,0.35,846,0.00,17.00,129,0,0.00,0,8.42,5.09,5.49,14.50,0.00,1,16.91,5.19,0.5000
15200,1.56,4.69,14.51,8,14.68,189,0.35,858,0.00,17.00,129,0,0.00,0,8.42,5.06,5.49,14.40,0.00,1,16.91,5.19,0.5000
15301,1.56,4.69,14.51,8,14.68,189,0.35,852,0.00,17.00,129,0,0.00,0,8.42,5.06,5.49,14.50,0.00,1,16.91,5.04,0.5000
15404,1.56,4.69,14.51,8,14.68,189,0.35,850,0.00,17.50,129,0,0.00,0,8.42,5.09,5.49,14.50,0.00,1,16.91,5.19,0.5000
15505,1.56,4.69,14.51,8,14.68,189,0.36,846,0.00,17.00,129,0,0.00,0,8.42,5.03,5.49,14.40,0.00,1,16.91,5.19,0.5000
15608,0.78,4.69,14.51,8,14.68,189,0.36,844,0.00,17.00,129,0,0.00,0,8.42,5.06,5.49,14.60,0.00,1,16.91,5.19,0.5000
15710,0.78,4.69,14.51,8,14.68,189,0.36,852,0.00,17.00,129,0,0.00,0,8.42,5.09,5.49,14.50,0.00,1,16.91,5.19,0.5000
15811,0.78,4.69,14.51,8,14.69,189,0.36,828,0.00,18.00,129,0,0.00,0,8.56,5.06,5.49,14.50,0.00,1,16.91,5.04,0.5000
15914,0.78,4.69,14.51,8,14.69,189,0.36,832,0.00,17.50,129,0,0.00,0,8.56,5.01,5.49,14.60,0.00,1,16.91,5.04,0.5000
16015,0.78,4.69,14.51,8,14.69,189,0.36,831,0.00,17.50,129,0,0.00,0,8.56,4.98,5.49,14.60,0.00,1,16.91,5.04,0.5000
16117,0.78,4.69,14.51,8,14.69,189,0.36,839,0.00,17.50,129,0,0.00,0,8.56,4.98,5.49,14.50,0.00,1,16.91,5.04,0.5000
16220,0.78,4.69,14.51,8,14.68,189,0.36,838,0.00,17.00,129,0,0.00,0,8.56,4.93,5.49,14.50,0.00,1,16.91,5.04,0.5000
16321,0.78,4.69,14.51,8,14.69,189,0.36,833,0.00,17.00,129,0,0.00,0,8.56,4.95,5.49,14.50,0.00,1,16.91,5.04,0.5000
16424,0.78,4.69,14.51,8,14.69,189,0.36,834,0.00,17.00,129,0,0.00,0,8.56,4.98,5.49,14.50,0.00,1,16.91,5.04,0.5000
16526,0.78,4.69,14.51,8,14.69,189,0.36,828,0.00,17.00,129,0,0.00,0,8.56,5.01,5.49,14.50,0.00,1,16.91,5.04,0.5000
16627,0.78,4.69,14.51,8,14.69,189,0.36,832,0.00,17.00,129,0,0.00,0,8.56,5.08,5.49,14.60,0.00,1,16.91,5.04,0.5000
16730,0.78,4.69,14.51,8,14.68,189,0.36,827,0.00,17.00,129,0,0.00,0,8.56,4.95,5.49,14.50,0.00,1,16.91,5.04,0.5000
16832,0.78,4.69,14.51,8,14.69,189,0.36,824,0.00,17.00,129,0,0.00,0,8.56,4.98,5.49,14.50,0.00,1,16.91,5.04,0.5000
16934,0.78,4.69,14.51,8,14.69,189,0.36,830,0.00,17.00,129,0,0.00,0,8.56,5.01,5.49,14.60,0.00,1,16.91,5.04,0.5000
17036,0.78,4.69,14.51,8,14.69,189,0.36,828,0.00,17.00,129,0,0.00,0,8.56,4.98,5.49,14.60,0.00,1,16.91,5.04,0.5000
17137,0.78,4.69,14.51,8,14.69,189,0.36,822,0.00,17.50,129,0,0.00,0,8.56,4.93,5.49,14.60,0.00,1,16.91,5.04,0.5000
17241,0.78,4.69,14.51,8,14.69,189,0.36,820,0.00,17.00,129,0,0.00,0,8.56,4.90,5.49,14.60,0.00,1,16.91,5.04,0.5000
17342,0.78,4.69,14.51,8,14.69,189,0.36,822,0.00,17.00,129,0,0.00,0,8.56,4.98,5.49,14.70,0.00,1,16.91,5.04,0.5000
17444,0.78,4.69,14.51,8,14.69,189,0.36,823,0.00,17.00,129,0,0.00,0,8.56,4.98,5.49,14.60,0.00,1,16.91,5.04,0.5000
17546,0.78,4.69,14.51,8,14.69,189,0.36,814,0.00,17.00,129,0,0.00,0,8.71,4.90,5.49,14.60,0.00,1,16.91,5.19,0.5000
17648,0.78,4.69,14.51,8,14.69,189,0.36,826,0.00,17.00,129,0,0.00,0,8.71,4.84,5.49,14.50,0.00,1,16.91,5.04,0.5000
17750,0.78,4.69,14.51,8,14.69,189,0.36,822,0.00,17.00,129,0,0.00,0,8.71,4.93,5.49,14.60,0.00,1,16.91,5.04,0.5000
17852,0.78,4.69,14.51,8,14.69,189,0.36,818,0.00,17.00,129,0,0.00,0,8.71,5.01,5.49,14.70,0.00,1,16.91,5.04,0.5000
17955,0.78,4.69,14.51,8,14.69,189,0.36,822,0.00,17.00,129,0,0.00,0,8.71,5.01,5.49,14.90,0.00,1,16.91,5.04,0.5000
18056,0.78,4.69,14.51,8,14.69,189,0.36,815,0.00,17.00,129,0,0.00,0,8.71,4.98,5.49,14.70,0.00,1,16.91,5.19,0.5000
18159,0.78,4.69,14.51,8,14.69,189,0.36,819,0.00,17.00,129,0,0.00,0,8.71,4.87,5.49,14.70,0.00,1,16.91,5.04,0.5000
18260,0.78,4.69,14.51,8,14.69,189,0.36,818,0.00,17.00,129,0,0.00,0,8.71,4.95,5.49,15.00,0.00,1,16.91,5.04,0.5000
18362,0.78,4.69,14.51,8,14.69,189,0.36,810,0.00,17.00,129,0,0.00,0,8.71,4.98,5.49,14.80,0.00,1,16.91,5.04,0.5000
18464,0.78,4.69,14.51,8,14.69,189,0.36,824,0.00,17.00,129,0,0.00,0,8.71,4.90,5.49,14.80,0.00,1,16.91,5.04,0.5000
18566,0.78,4.69,14.51,8,14.69,189,0.36,815,0.00,17.00,129,0,0.00,0,8.71,4.87,5.49,14.90,0.00,1,16.91,5.04,0.5000
18668,0.78,4.69,14.51,8,14.69,189,0.36,817,0.00,17.00,129,0,0.00,0,8.71,4.98,5.49,14.80,0.00,1,16.91,5.19,0.5000
18770,0.78,4.69,14.51,8,14.69,189,0.36,826,0.00,17.00,129,0,0.00,0,8.71,4.95,5.49,14.80,0.00,1,16.91,5.19,0.5000
18872,0.78,4.69,14.51,8,14.69,189,0.36,812,0.00,17.00,129,0,0.00,0,8.71,4.98,5.49,14.70,0.00,1,16.91,5.19,0.5000
18974,0.78,4.69,14.51,8,14.69,189,0.36,821,0.00,17.00,129,0,0.00,0,8.71,5.03,5.49,14.70,0.00,1,16.91,5.19,0.5000
19076,0.78,4.69,14.51,8,14.69,189,0.36,824,0.00,17.00,129,0,0.00,0,8.71,5.06,5.49,14.70,0.00,1,16.91,5.19,0.5000
19178,1.56,4.69,14.51,8,14.69,189,0.36,819,0.00,17.00,129,0,0.00,0,8.71,4.95,5.49,14.80,0.00,1,16.91,5.19,0.5000
19281,1.56,4.69,14.51,8,14.69,189,0.36,828,0.00,17.00,129,0,0.00,0,8.71,5.03,5.49,14.80,0.00,1,16.91,5.19,0.5000
19382,1.56,4.69,14.51,8,14.69,189,0.36,823,0.00,17.00,129,0,0.00,0,8.71,4.98,5.49,14.80,0.00,1,16.91,5.19,0.5000
19484,1.56,4.69,14.51,8,14.69,189,0.36,833,0.00,17.00,129,0,0.00,0,8.71,5.08,5.49,14.80,0.00,1,16.91,5.19,0.5000
19586,1.56,4.69,14.51,8,14.69,189,0.36,832,0.00,16.50,129,0,0.00,0,8.71,5.08,5.49,14.80,0.00,1,16.91,5.19,0.5000
19688,1.56,4.69,14.51,8,14.68,189,0.36,842,0.00,16.50,129,0,0.00,0,8.71,5.08,5.49,14.80,0.00,1,16.91,5.19,0.5000
19790,1.56,5.47,14.51,8,14.68,189,0.36,848,0.00,16.00,129,0,0.00,0,8.71,5.01,5.49,14.70,0.00,1,16.91,5.19,0.5000
19892,1.56,5.47,14.51,8,14.68,189,0.36,844,0.00,16.50,129,0,0.00,0,8.56,5.03,5.49,14.70,0.00,1,16.91,5.19,0.5000
19995,1.56,5.47,14.51,8,14.68,189,0.36,858,0.00,16.00,129,0,0.00,0,8.56,5.03,5.49,14.80,0.00,1,16.91,5.19,0.5000
20096,1.56,5.47,14.51,8,14.68,189,0.36,861,0.00,16.00,129,0,0.00,0,8.56,4.98,5.49,14.70,0.00,1,16.91,5.19,0.5000
20198,1.56,5.47,14.51,8,14.68,189,0.35,860,0.00,16.00,129,0,0.00,0,8.56,5.03,5.49,14.70,0.00,1,16.91,5.19,0.5000
20300,0.78,5.47,14.51,8,14.68,189,0.35,858,0.00,16.50,129,0,0.00,0,8.56,5.11,5.49,14.70,0.00,1,16.91,5.19,0.5000
20402,0.78,5.47,14.51,8,14.68,189,0.35,864,0.00,16.50,129,0,0.00,0,8.42,5.06,5.49,14.60,0.00,1,16.91,5.19,0.5000
20505,0.78,5.47,14.51,8,14.68,189,0.35,860,0.00,16.00,129,0,0.00,0,8.42,5.14,5.49,14.50,0.00,1,16.91,5.19,0.5000
20606,0.78,5.47,14.51,8,14.68,189,0.35,863,0.00,16.50,129,0,0.00,0,8.42,5.14,5.49,14.60,0.00,1,16.91,5.19,0.5000
20708,0.78,5.47,14.51,8,14.68,189,0.35,854,0.00,16.50,129,0,0.00,0,8.42,5.14,5.49,14.50,0.00,1,16.91,5.19,0.5000
20810,0.78,5.47,14.51,8,14.68,189,0.36,855,0.00,17.00,129,0,0.00,0,8.42,5.01,5.49,14.50,0.00,1,16.91,5.19,0.5000
20912,0.78,5.47,14.51,8,14.68,189,0.35,850,0.00,16.50,129,0,0.00,0,8.42,5.03,5.49,14.60,0.00,1,16.91,5.19,0.5000
21014,0.78,5.47,14.51,8,14.68,189,0.35,852,0.00,17.00,129,0,0.00,0,8.42,4.98,5.49,14.60,0.00,1,16.91,5.19,0.5000
21116,0.78,5.47,14.51,8,14.68,189,0.35,853,0.00,17.00,129,0,0.00,0,8.42,5.01,5.49,14.50,0.00,1,16.91,5.19,0.5000
21218,0.78,5.47,14.51,8,14.68,189,0.35,853,0.00,17.00,129,0,0.00,0,8.42,5.03,5.49,14.50,0.00,1,16.91,5.19,0.5000
21320,0.78,5.47,14.51,8,14.68,189,0.35,857,0.00,16.50,129,0,0.00,0,8.42,5.06,5.49,14.50,0.00,1,16.91,5.19,0.5000
21422,0.78,5.47,14.51,8,14.68,189,0.35,837,0.00,17.00,129,0,0.00,0,8.42,5.01,5.49,14.50,0.00,1,16.91,5.04,0.5000
21524,0.78,5.47,14.51,8,14.68,189,0.35,846,0.00,17.00,129,0,0.00,0,8.42,4.98,5.49,14.50,0.00,1,16.91,5.04,0.5000
21626,0.78,5.47,14.51,8,14.68,189,0.35,836,0.00,17.00,129,0,0.00,0,8.42,4.98,5.49,14.50,0.00,1,16.91,5.04,0.5000
21728,0.78,5.47,14.51,8,14.68,189,0.35,844,0.00,17.00,129,0,0.00,0,8.56,5.03,5.49,14.60,0.00,1,16.91,5.04,0.5000
21830,0.78,5.47,14.51,8,14.68,189,0.36,840,0.00,17.00,129,0,0.00,0,8.56,5.01,5.49,14.60,0.00,1,16.91,5.04,0.5000
21932,0.78,5.47,14.51,8,14.69,189,0.36,834,0.00,17.00,129,0,0.00,0,8.56,4.95,5.49,14.60,0.00,1,16.91,5.04,0.5000
22034,0.78,5.47,14.51,8,14.68,189,0.36,842,0.00,17.00,129,0,0.00,0,8.56,5.06,5.49,14.60,0.00,1,16.91,5.04,0.5000
22136,0.00,5.47,14.51,8,14.69,189,0.36,831,0.00,17.00,129,0,0.00,0,8.56,5.06,5.49,14.60,0.00,1,16.91,5.04,0.5000
22239,0.00,5.47,14.51,8,14.69,189,0.36,836,0.00,17.00,129,0,0.00,0,8.56,5.01,5.49,14.60,0.00,1,16.91,5.04,0.5000
22340,0.78,5.47,14.51,8,14.68,189,0.36,833,0.00,17.00,129,0,0.00,0,8.56,4.93,5.49,14.50,0.00,1,16.91,5.04,0.5000
22442,0.78,5.47,14.51,8,14.69,189,0.36,830,0.00,17.00,129,0,0.00,0,8.56,4.87,5.49,14.60,0.00,1,16.91,5.04,0.5000
22544,0.78,5.47,14.51,8,14.68,189,0.36,838,0.00,17.00,129,0,0.00,0,8.56,4.82,5.49,14.60,0.00,1,16.91,5.04,0.5000
22646,0.78,5.47,14.51,8,14.69,189,0.35,831,0.00,17.00,129,0,0.00,0,8.56,4.87,5.49,14.70,0.00,1,16.91,5.04,0.5000
22749,0.78,5.47,14.51,8,14.69,189,0.35,834,0.00,17.00,129,0,0.00,0,8.56,4.90,5.49,14.60,0.00,1,16.91,5.04,0.5000
22850,0.00,5.47,14.51,8,14.69,189,0.35,825,0.00,17.00,129,0,0.00,0,8.56,4.93,5.49,14.70,0.00,1,16.91,5.04,0.5000
22953,0.00,5.47,14.51,8,14.69,189,0.35,821,0.00,17.00,129,0,0.00,0,8.56,4.93,5.49,14.50,0.00,1,16.91,5.04,0.5000
23054,0.00,5.47,14.51,8,14.69,189,0.35,819,0.00,17.00,129,0,0.00,0,8.56,5.01,5.49,14.60,0.00,1,16.91,5.04,0.5000
23156,0.78,5.47,14.51,8,14.69,189,0.36,812,0.00,17.50,129,0,0.00,0,8.56,4.90,5.49,14.60,0.00,1,16.91,5.04,0.5000
23259,0.78,5.47,14.51,8,14.69,189,0.36,821,0.00,17.00,129,0,0.00,0,8.56,5.01,5.49,14.80,0.00,1,16.91,5.04,0.5000
23361,0.78,5.47,14.51,8,14.69,189,0.36,826,0.00,17.00,129,0,0.00,0,8.56,4.95,5.49,14.60,0.00,1,16.91,5.04,0.5000
23462,0.78,5.47,14.51,8,14.69,189,0.36,831,0.00,17.00,129,0,0.00,0,8.56,4.95,5.49,14.70,0.00,1,16.91,5.04,0.5000
23565,0.78,5.47,14.51,8,14.69,189,0.36,826,0.00,17.00,129,0,0.00,0,8.56,5.01,5.49,14.80,0.00,1,16.91,5.04,0.5000
23667,0.78,5.47,14.51,8,14.69,189,0.36,823,0.00,17.00,129,0,0.00,0,8.56,5.01,5.49,14.80,0.00,1,16.91,5.04,0.5000
23769,0.78,5.47,14.51,8,14.69,189,0.36,832,0.00,17.00,129,0,0.00,0,8.56,5.03,5.49,14.80,0.00,1,16.91,5.04,0.5000
23871,0.78,5.47,14.51,8,14.69,189,0.36,824,0.00,17.00,129,0,0.00,0,8.56,4.95,5.49,14.80,0.00,1,16.91,5.04,0.5000
23973,0.78,5.47,14.51,8,14.69,189,0.36,831,0.00,17.00,129,0,0.00,0,8.56,5.03,5.49,14.70,0.00,1,16.91,5.04,0.5000
24075,0.78,5.47,14.51,8,14.68,189,0.36,840,0.00,16.50,129,0,0.00,0,8.56,4.90,5.49,14.80,0.00,1,16.91,5.04,0.5000
24177,0.78,5.47,14.51,8,14.68,189,0.36,838,0.00,17.00,129,0,0.00,0,8.56,4.98,5.49,14.70,0.00,1,16.91,5.04,0.5000
24279,0.78,5.47,14.51,8,14.68,189,0.36,851,0.00,16.50,129,0,0.00,0,8.56,4.98,5.49,14.70,0.00,1,16.91,5.04,0.5000
24381,0.78,5.47,14.51,8,14.68,189,0.35,848,0.00,16.50,129,0,0.00,0,8.42,5.01,5.49,14.60,0.00,1,16.91,5.04,0.5000
24483,0.00,5.47,14.51,8,14.68,189,0.35,851,0.00,16.50,129,0,0.00,0,8.42,4.93,5.49,14.50,0.00,1,16.91,5.04,0.5000
24585,0.00,5.47,14.51,8,14.68,189,0.35,836,0.00,17.00,129,0,0.00,0,8.42,4.90,5.49,14.50,0.00,1,16.91,5.04,0.5000
24687,0.00,5.47,14.51,8,14.68,189,0.35,841,0.00,17.00,129,0,0.00,0,8.42,4.82,5.49,14.60,0.00,1,16.91,5.04,0.5000
24788,0.00,5.47,14.51,8,14.68,189,0.35,834,0.00,16.50,129,0,0.00,0,8.42,4.90,5.49,14.60,0.00,1,16.91,5.04,0.5000
24891,0.00,5.47,14.51,8,14.68,189,0.35,836,0.00,17.00,129,0,0.00,0,8.42,4.93,5.49,14.60,0.00,1,16.91,5.04,0.5000
24993,0.00,5.47,14.51,8,14.69,189,0.35,832,0.00,17.00,129,0,0.00,0,8.42,4.93,5.49,14.50,0.00,1,16.91,5.04,0.5000
25094,0.00,5.47,14.51,8,14.69,189,0.35,816,0.00,17.00,129,0,0.00,0,8.42,4.90,5.49,14.60,0.00,1,16.91,5.04,0.5000
25197,0.00,5.47,14.51,8,14.69,189,0.35,812,0.00,17.50,129,0,0.00,0,8.56,4.93,5.10,14.50,0.00,1,16.91,5.04,0.5000
25299,0.00,5.47,14.51,8,14.69,189,0.36,812,0.00,17.00,129,0,0.00,0,8.56,4.93,5.49,14.60,0.00,1,16.91,5.05,0.5000
25401,0.00,5.47,14.51,8,14.69,189,0.36,810,0.00,17.50,129,0,0.00,0,8.56,4.93,5.49,14.60,0.00,1,16.91,5.04,0.5000
25503,0.00,5.47,14.51,8,14.69,189,0.36,812,0.00,17.00,129,0,0.00,0,8.56,4.79,5.49,14.70,0.00,1,16.91,5.04,0.5000
25605,0.00,5.47,14.51,8,14.69,189,0.36,805,0.00,17.00,129,0,0.00,0,8.56,4.93,5.49,14.50,0.00,1,16.91,5.04,0.5000
25707,0.00,5.47,14.51,8,14.69,189,0.36,817,0.00,17.00,129,0,0.00,0,8.56,4.87,5.49,14.70,0.00,1,16.91,5.04,0.5000
25809,0.00,5.47,14.51,8,14.69,189,0.36,824,0.00,17.00,129,0,0.00,0,8.56,5.01,5.49,14.70,0.00,1,16.91,5.04,0.5000
25911,0.00,5.47,14.51,8,14.69,189,0.36,815,0.00,17.00,129,0,0.00,0,8.56,4.95,5.49,14.80,0.00,1,16.91,5.04,0.5000
26013,0.00,5.47,14.51,8,14.69,189,0.36,815,0.00,17.00,129,0,0.00,0,8.56,4.84,5.49,14.70,0.00,1,16.91,5.04,0.5000
26115,0.00,5.47,14.51,8,14.69,189,0.36,815,0.00,17.00,129,0,0.00,0,8.56,4.93,5.49,14.70,0.00,1,16.91,5.04,0.5000
26217,0.00,5.47,14.51,8,14.69,189,0.36,808,0.00,17.00,129,0,0.00,0,8.71,4.93,5.49,14.70,0.00,1,16.91,5.04,0.5000
26319,0.00,5.47,14.51,8,14.69,189,0.36,819,0.00,17.00,129,0,0.00,0,8.71,4.90,5.49,14.70,0.00,1,16.91,5.04,0.5000
26421,0.00,5.47,14.51,8,14.69,189,0.36,820,0.00,17.00,129,0,0.00,0,8.56,4.95,5.49,14.70,0.00,1,16.91,5.04,0.5000
26523,0.00,5.47,14.51,8,14.69,189,0.36,840,0.00,17.00,129,0,0.00,0,8.56,4.98,5.49,14.70,0.00,1,16.91,5.04,0.5000
26625,0.00,5.47,14.51,8,14.68,189,0.36,829,0.00,16.50,129,0,0.00,0,8.56,4.93,5.49,14.70,0.00,1,16.91,5.04,0.5000
26726,0.00,5.47,14.51,8,14.69,189,0.36,839,0.00,16.50,129,0,0.00,0,8.56,4.93,5.49,14.90,0.00,1,16.91,5.04,0.5000
26828,0.78,5.47,14.51,8,14.68,189,0.35,849,0.00,16.00,129,0,0.00,0,8.56,4.90,5.49,14.70,0.00,1,16.91,5.04,0.5000
26931,0.78,5.47,14.51,8,14.68,189,0.35,840,0.00,16.50,129,0,0.00,0,8.56,4.95,5.49,14.80,0.00,1,16.91,5.04,0.5000
27033,0.78,5.47,14.51,8,14.68,189,0.35,849,0.00,16.50,129,0,0.00,0,8.56,4.87,5.49,14.80,0.00,1,16.91,5.04,0.5000
27135,0.78,5.47,14.51,8,14.68,189,0.35,844,0.00,16.50,129,0,0.00,0,8.42,4.93,5.49,14.80,0.00,1,16.91,5.04,0.5000
27237,0.78,5.47,14.51,8,14.68,189,0.35,846,0.00,17.00,129,0,0.00,0,8.56,4.95,5.49,14.70,0.00,1,16.91,5.04,0.5000
27339,0.78,5.47,14.51,8,14.68,189,0.35,832,0.00,16.50,129,0,0.00,0,8.56,4.95,5.49,14.70,0.00,1,16.91,5.04,0.5000
27441,0.78,5.47,14.51,8,14.68,189,0.35,845,0.00,17.00,129,0,0.00,0,8.56,4.93,5.49,14.80,0.00,1,16.91,5.04,0.5000
27542,0.78,5.47,14.51,8,14.68,189,0.35,837,0.00,16.50,129,0,0.00,0,8.56,4.93,5.49,14.70,0.00,1,16.91,5.04,0.5000
27645,0.78,5.47,14.51,8,14.69,189,0.35,834,0.00,17.00,129,0,0.00,0,8.56,4.93,5.49,14.80,0.00,1,16.91,5.04,0.5000
27747,0.78,5.47,14.51,8,14.68,189,0.35,840,0.00,17.00,129,0,0.00,0,8.56,4.93,5.49,14.80,0.00,1,16.91,5.04,0.5000
27849,0.78,5.47,14.51,8,14.69,189,0.35,832,0.00,17.00,129,0,0.00,0,8.56,5.03,5.49,14.80,0.00,1,16.91,5.04,0.5000
27951,0.78,5.47,14.51,8,14.69,189,0.35,838,0.00,17.00,129,0,0.00,0,8.56,5.03,5.49,14.90,0.00,1,16.91,5.04,0.5000
28053,0.78,5.47,14.51,8,14.69,189,0.36,830,0.00,17.00,129,0,0.00,0,8.56,4.98,5.49,14.80,0.00,1,16.91,5.04,0.5000
28155,0.78,5.47,14.51,8,14.69,189,0.36,826,0.00,17.00,129,0,0.00,0,8.56,4.95,5.49,15.00,0.00,1,16.91,5.04,0.5000
28257,0.78,5.47,14.51,8,14.69,189,0.36,832,0.00,17.00,129,0,0.00,0,8.56,4.90,5.49,14.90,0.00,1,16.91,5.04,0.5000
28359,0.78,5.47,14.51,8,14.69,189,0.36,825,0.00,17.00,129,0,0.00,0,8.56,4.93,5.49,14.80,0.00,1,16.91,5.04,0.5000
28461,0.78,5.47,14.51,8,14.69,189,0.35,824,0.00,17.00,129,0,0.00,0,8.56,4.93,5.49,14.80,0.00,1,16.91,5.04,0.5000
28562,0.78,5.47,14.51,8,14.69,189,0.36,823,0.00,17.00,129,0,0.00,0,8.56,5.03,5.49,14.80,0.00,1,16.91,5.04,0.5000
28665,0.78,5.47,14.51,8,14.69,189,0.36,823,0.00,17.50,129,0,0.00,0,8.56,4.90,5.49,14.70,0.00,1,16.91,5.04,0.5000
28767,0.78,5.47,14.51,8,14.69,189,0.36,827,0.00,17.00,129,0,0.00,0,8.56,4.93,5.49,14.70,0.00,1,16.91,5.04,0.5000
28869,0.78,5.47,14.51,8,14.69,189,0.36,823,0.00,17.00,129,0,0.00,0,8.56,4.95,5.49,14.70,0.00,1,16.91,5.04,0.5000
28971,0.78,5.47,14.51,8,14.69,189,0.36,828,0.00,17.00,131,0,0.00,0,8.56,4.92,5.49,14.70,0.00,1,16.91,5.19,0.5000
29073,0.78,5.47,14.51,8,14.68,189,0.36,834,0.00,17.00,131,0,0.00,0,8.56,4.90,5.49,14.70,0.00,1,16.91,5.04,0.5000
29176,0.78,5.47,14.51,8,14.68,189,0.35,846,0.00,16.50,131,0,0.00,0,8.56,4.79,5.49,14.70,0.00,1,16.91,5.04,0.5000
29277,0.78,5.47,14.51,8,14.68,189,0.35,841,0.00,16.50,131,0,0.00,0,8.56,4.95,5.49,14.80,0.00,1,16.91,5.04,0.5000
29379,0.78,5.47,14.51,8,14.68,189,0.35,839,0.00,17.00,131,0,0.00,0,8.56,4.87,5.49,14.80,0.00,1,16.91,5.04,0.5000
29481,0.78,5.47,14.51,8,14.68,189,0.35,844,0.00,16.50,131,0,0.00,0,8.56,4.90,5.49,14.70,0.00,1,16.91,5.04,0.5000
29583,0.78,5.47,14.51,8,14.69,189,0.35,831,0.00,17.00,131,0,0.00,0,8.56,4.84,5.49,14.70,0.00,1,16.91,5.04,0.5000
29685,0.78,5.47,14.51,8,14.69,189,0.35,835,0.00,17.00,131,0,0.00,0,8.56,4.79,5.49,14.70,0.00,1,16.91,5.04,0.5000
29787,0.78,5.47,14.51,8,14.69,189,0.35,826,0.00,17.00,131,0,0.00,0,8.56,4.90,5.49,14.70,0.00,1,16.91,5.04,0.5000
29889,0.78,5.47,14.51,8,14.69,189,0.35,828,0.00,17.00,131,0,0.00,0,8.56,4.92,5.49,14.70,0.00,1,16.91,5.04,0.5000
29991,0.78,5.47,14.51,8,14.68,189,0.35,836,0.00,17.00,131,0,0.00,0,8.56,4.92,5.49,14.90,0.00,1,16.91,5.04,0.5000
30093,0.78,5.47,14.51,8,14.69,189,0.35,821,0.00,17.00,131,0,0.00,0,8.56,4.90,5.49,14.70,0.00,1,16.91,5.04,0.5000
30195,1.56,5.47,14.51,8,14.69,189,0.35,818,0.00,17.00,131,0,0.00,0,8.56,4.84,5.49,14.80,0.00,1,16.91,5.04,0.5000
30297,1.56,5.47,14.51,8,14.69,189,0.35,820,0.00,17.00,131,0,0.00,0,8.56,4.84,5.49,14.80,0.00,1,16.91,5.04,0.5000
30399,1.56,5.47,14.51,8,14.69,189,0.35,831,0.00,17.00,131,0,0.00,0,8.56,4.98,5.49,14.80,0.00,1,16.91,5.04,0.5000
30501,1.56,5.47,14.51,8,14.69,189,0.35,815,0.00,17.00,131,0,0.00,0,8.56,4.90,5.49,14.80,0.00,1,16.91,5.04,0.5000
30603,1.56,5.47,14.51,8,14.69,189,0.36,818,0.00,17.00,131,0,0.00,0,8.56,4.90,5.49,14.80,0.00,1,16.91,5.04,0.5000
30705,1.56,5.47,14.51,8,14.69,189,0.36,822,0.00,17.00,131,0,0.00,0,8.71,4.87,5.49,14.90,0.00,1,16.91,5.04,0.5000
30807,1.56,5.47,14.51,8,14.69,189,0.36,820,0.00,17.00,131,0,0.00,0,8.71,4.95,5.49,14.80,0.00,1,16.91,5.04,0.5000
30909,1.56,5.47,14.51,8,14.69,189,0.36,827,0.00,17.00,131,0,0.00,0,8.71,4.92,5.49,14.80,0.00,1,16.91,5.04,0.5000
31011,1.56,5.47,14.51,8,14.68,189,0.36,836,0.00,16.50,131,0,0.00,0,8.56,4.92,5.49,14.90,0.00,1,16.91,5.04,0.5000
31113,1.56,5.47,14.51,8,14.68,189,0.36,835,0.00,16.50,131,0,0.00,0,8.56,4.90,5.49,14.80,0.00,1,16.91,5.04,0.5000
31215,1.56,5.47,14.51,8,14.68,189,0.35,842,0.00,16.50,131,0,0.00,0,8.56,4.92,5.49,14.80,0.00,1,16.91,5.04,0.5000
31317,1.56,5.47,14.51,8,14.68,189,0.35,844,0.00,16.50,131,0,0.00,0,8.56,4.90,5.49,14.90,0.00,1,16.91,5.04,0.5000
31419,1.56,5.47,14.51,8,14.68,189,0.35,854,0.00,16.50,131,0,0.00,0,8.56,4.92,5.49,14.80,0.00,1,16.91,5.04,0.5000
31521,1.56,5.47,14.51,8,14.68,189,0.35,842,0.00,16.50,131,0,0.00,0,8.56,4.82,5.49,14.80,0.00,1,16.91,5.04,0.5000
31624,1.56,5.47,14.51,8,14.69,189,0.35,842,0.00,17.00,131,0,0.00,0,8.42,4.92,5.49,14.80,0.00,1,16.91,5.04,0.5000
31726,1.56,5.47,14.51,8,14.68,189,0.35,848,0.00,16.50,131,0,0.00,0,8.42,4.92,5.49,14.80,0.00,1,16.91,5.04,0.5000
31827,1.56,5.47,14.51,8,14.68,189,0.35,835,0.00,17.00,131,0,0.00,0,8.56,4.95,5.49,14.70,0.00,1,16.91,5.04,0.5000
31929,1.56,5.47,14.51,8,14.68,189,0.35,839,0.00,17.00,131,0,0.00,0,8.56,5.01,5.49,14.80,0.00,1,16.91,5.04,0.5000
32031,1.56,5.47,14.51,8,14.68,189,0.35,832,0.00,17.00,131,0,0.00,0,8.56,4.98,5.49,14.60,0.00,1,16.91,5.04,0.5000
32133,1.56,5.47,14.51,8,14.69,189,0.36,830,0.00,17.00,131,0,0.00,0,8.56,4.92,5.49,14.60,0.00,1,16.91,5.04,0.5000
32235,1.56,5.47,14.51,8,14.69,189,0.36,817,0.00,17.00,131,0,0.00,0,8.56,4.90,5.49,14.60,0.00,1,16.91,5.04,0.5000
32337,1.56,5.47,14.51,8,14.69,189,0.36,820,0.00,17.00,131,0,0.00,0,8.56,4.95,5.49,14.60,0.00,1,16.91,5.04,0.5000
32440,1.56,5.47,14.51,8,14.69,189,0.36,826,0.00,17.00,131,0,0.00,0,8.56,4.95,5.49,14.50,0.00,1,16.91,5.04,0.5000
32541,1.56,5.47,14.51,8,14.69,189,0.36,820,0.00,17.00,131,0,0.00,0,8.56,4.98,5.49,14.60,0.00,1,16.91,5.04,0.5000
32643,0.78,5.47,14.51,8,14.69,189,0.36,828,0.00,17.00,131,0,0.00,0,8.56,4.95,5.49,14.50,0.00,1,16.91,5.04,0.5000
32746,0.78,5.47,14.51,8,14.68,189,0.36,829,0.00,17.00,131,0,0.00,0,8.56,5.01,5.49,14.60,0.00,1,16.91,5.04,0.5000
32848,1.56,5.47,14.51,8,14.69,189,0.36,829,0.00,17.00,131,0,0.00,0,8.56,4.98,5.49,14.50,0.00,1,16.91,5.04,0.5000
32949,0.78,5.47,14.51,8,14.69,189,0.36,828,0.00,17.00,131,0,0.00,0,8.56,4.92,5.49,14.50,0.00,1,16.91,5.04,0.5000
33051,0.78,5.47,14.51,8,14.69,189,0.36,827,0.00,17.00,131,0,0.00,0,8.56,4.82,5.49,14.60,0.00,1,16.91,5.04,0.5000
33154,0.78,5.47,14.51,8,14.69,189,0.35,834,0.00,17.00,131,0,0.00,0,8.56,4.92,5.49,14.70,0.00,1,16.91,5.04,0.5000
33256,0.78,5.47,14.51,8,14.68,189,0.35,832,0.00,17.00,131,0,0.00,0,8.56,5.01,5.49,14.50,0.00,1,16.91,5.04,0.5000
33357,0.78,5.47,14.51,8,14.69,189,0.35,838,0.00,17.00,131,0,0.00,0,8.56,4.98,5.49,14.50,0.00,1,16.91,5.04,0.5000
33459,0.78,5.47,14.51,8,14.68,189,0.35,843,0.00,16.50,131,0,0.00,0,8.56,4.98,5.49,14.50,0.00,1,16.91,5.04,0.5000
33561,0.78,5.47,14.51,8,14.69,189,0.35,833,0.00,17.00,131,0,0.00,0,8.56,4.92,5.49,14.50,0.00,1,16.91,5.04,0.5000
33663,0.78,5.47,14.51,8,14.68,189,0.35,838,0.00,17.00,131,0,0.00,0,8.56,4.98,5.49,14.50,0.00,1,16.91,5.04,0.5000
33765,0.78,5.47,14.51,8,14.68,189,0.35,836,0.00,16.50,131,0,0.00,0,8.56,4.95,5.49,14.50,0.00,1,16.91,5.04,0.5000
33867,0.78,5.47,14.51,8,14.68,189,0.35,847,0.00,17.00,131,0,0.00,0,8.56,4.95,5.49,14.60,0.00,1,16.91,5.04,0.5000
33970,0.78,5.47,14.51,8,14.68,189,0.35,833,0.00,17.00,131,0,0.00,0,8.56,4.98,5.49,14.50,0.00,1,16.91,5.04,0.5000
34071,0.78,5.47,14.51,8,14.69,189,0.35,833,0.00,17.00,131,0,0.00,0,8.56,4.90,5.49,14.60,0.00,1,16.91,5.04,0.5000
34174,0.78,5.47,14.51,8,14.68,189,0.35,845,0.00,16.50,131,0,0.00,0,8.56,4.92,5.49,14.60,0.00,1,16.91,5.04,0.5000
34276,0.78,5.47,14.51,8,14.68,189,0.35,838,0.00,17.00,131,0,0.00,0,8.56,4.95,5.49,14.60,0.00,1,16.91,5.04,0.5000
34377,0.78,5.47,14.51,8,14.69,189,0.35,829,0.00,17.00,131,0,0.00,0,8.56,4.98,5.49,14.60,0.00,1,16.91,5.04,0.5000
34480,0.78,5.47,14.51,8,14.68,189,0.35,832,0.00,17.00,131,0,0.00,0,8.56,4.95,5.49,14.60,0.00,1,16.91,5.04,0.5000
34582,0.78,5.47,14.51,8,14.69,189,0.36,844,0.00,17.00,131,0,0.00,0,8.56,4.98,5.49,14.60,0.00,1,16.91,5.04,0.5000
34684,0.00,5.47,14.51,8,14.68,189,0.35,833,0.00,17.00,131,0,0.00,0,8.56,4.92,5.49,14.50,0.00,1,16.91,5.04,0.5000
34786,0.78,5.47,14.51,8,14.69,189,0.35,834,0.00,17.00,131,0,0.00,0,8.56,4.87,5.49,14.60,0.00,1,16.91,5.04,0.5000
34888,0.78,5.47,14.51,8,14.68,189,0.35,842,0.00,17.00,131,0,0.00,0,8.56,4.95,5.49,14.60,0.00,1,16.91,5.04,0.5000
34990,0.00,5.47,14.51,8,14.68,189,0.35,838,0.00,17.00,131,0,0.00,0,8.56,5.01,5.49,14.60,0.00,1,16.91,5.04,0.5000
35092,0.00,5.47,14.51,8,14.68,189,0.35,837,0.00,17.00,131,0,0.00,0,8.56,4.95,5.49,14.50,0.00,1,16.91,5.04,0.5000
35194,0.00,5.47,14.51,8,14.68,189,0.35,834,0.00,17.00,131,0,0.00,0,8.56,4.95,5.49,14.60,0.00,1,16.91,5.04,0.5000
35296,0.78,5.47,14.51,8,14.69,189,0.36,836,0.00,17.00,131,0,0.00,0,8.56,4.95,5.49,14.60,0.00,1,16.91,5.04,0.5000
35398,0.78,5.47,14.51,8,14.68,189,0.36,835,0.00,17.00,131,0,0.00,0,8.56,5.01,5.49,14.50,0.00,1,16.91,5.04,0.5000
35500,0.78,5.47,14.51,8,14.69,189,0.36,830,0.00,17.00,131,0,0.00,0,8.56,4.98,5.49,14.70,0.00,1,16.91,5.04,0.5000
35603,0.00,5.47,14.51,8,14.68,189,0.36,837,0.00,17.00,131,0,0.00,0,8.56,4.92,5.49,14.70,0.00,1,16.91,5.04,0.5000
35704,0.00,5.47,14.51,8,14.69,189,0.36,824,0.00,17.00,131,0,0.00,0,8.56,4.95,5.49,14.70,0.00,1,16.91,5.04,0.5000
35806,0.00,5.47,14.51,8,14.69,189,0.36,840,0.00,17.00,131,0,0.00,0,8.56,4.95,5.49,14.70,0.00,1,16.91,5.04,0.5000
35908,0.00,5.47,14.51,8,14.68,189,0.36,837,0.00,16.50,131,0,0.00,0,8.56,4.90,5.49,14.60,0.00,1,16.91,5.04,0.5000
36010,0.00,5.47,14.51,8,14.69,189,0.35,834,0.00,17.00,131,0,0.00,0,8.56,5.01,5.49,14.60,0.00,1,16.91,5.04,0.5000
36112,0.00,5.47,14.51,8,14.68,189,0.35,849,0.00,16.50,131,0,0.00,0,8.56,4.98,5.49,14.60,0.00,1,16.91,5.04,0.5000
36214,0.00,5.47,14.51,8,14.68,189,0.35,836,0.00,17.00,131,0,0.00,0,8.56,4.98,5.49,14.60,0.00,1,16.91,5.04,0.5000
36316,0.00,5.47,14.51,8,14.68,189,0.35,843,0.00,17.00,131,0,0.00,0,8.56,5.03,5.49,14.60,0.00,1,16.91,5.04,0.5000
36418,0.00,5.47,14.51,8,14.68,189,0.36,832,0.00,17.00,131,0,0.00,0,8.56,4.98,5.49,14.50,0.00,1,16.91,5.04,0.5000
36520,0.00,5.47,14.51,8,14.68,189,0.35,832,0.00,17.00,131,0,0.00,0,8.56,4.92,5.49,14.60,0.00,1,16.91,5.04,0.5000
36622,0.00,5.47,14.51,8,14.68,189,0.36,830,0.00,17.00,131,0,0.00,0,8.56,4.90,5.49,14.60,0.00,1,16.91,5.04,0.5000
36724,0.00,5.47,14.51,8,14.69,189,0.35,819,0.00,17.00,131,0,0.00,0,8.56,4.92,5.49,14.60,0.00,1,16.91,5.04,0.5000
36827,0.00,5.47,14.51,8,14.69,189,0.36,826,0.00,17.00,131,0,0.00,0,8.56,4.98,5.49,14.70,0.00,1,16.91,5.04,0.5000
36928,0.00,5.47,14.51,8,14.69,189,0.36,824,0.00,17.00,131,0,0.00,0,8.56,5.01,5.49,14.60,0.00,1,16.91,5.04,0.5000
37030,0.00,5.47,14.51,8,14.69,189,0.36,826,0.00,17.00,131,0,0.00,0,8.56,4.95,5.49,14.60,0.00,1,16.91,5.04,0.5000
37132,0.00,5.47,14.51,8,14.69,189,0.36,822,0.00,17.00,131,0,0.00,0,8.56,5.01,5.49,14.50,0.00,1,16.91,5.04,0.5000
37234,0.00,5.47,14.51,8,14.69,189,0.36,827,0.00,17.00,131,0,0.00,0,8.56,4.95,5.49,14.60,0.00,1,16.91,5.04,0.5000
37336,0.00,5.47,14.51,8,14.69,189,0.36,832,0.00,17.00,131,0,0.00,0,8.56,4.92,5.49,14.50,0.00,1,16.91,5.04,0.5000
37438,0.00,5.47,14.51,8,14.69,189,0.36,827,0.00,17.00,131,0,0.00,0,8.56,4.98,5.49,14.60,0.00,1,16.91,5.04,0.5000
37540,0.00,5.47,14.51,8,14.69,189,0.36,838,0.00,17.00,131,0,0.00,0,8.56,4.92,5.49,14.60,0.00,1,16.91,5.04,0.5000
37643,0.00,5.47,14.51,8,14.68,189,0.36,838,0.00,16.50,131,0,0.00,0,8.56,4.98,5.49,14.70,0.00,1,16.91,5.04,0.5000
37744,0.00,5.47,14.51,8,14.68,189,0.35,841,0.00,17.00,131,0,0.00,0,8.56,4.92,5.49,14.60,0.00,1,16.91,5.04,0.5000
37846,0.00,5.47,14.51,8,14.68,189,0.35,842,0.00,16.50,131,0,0.00,0,8.56,4.90,5.49,14.70,0.00,1,16.91,5.04,0.5000
37948,0.00,5.47,14.51,8,14.68,189,0.35,840,0.00,17.00,131,0,0.00,0,8.56,4.95,5.49,14.70,0.00,1,16.91,5.04,0.5000
38050,0.00,5.47,14.51,8,14.68,189,0.35,845,0.00,16.50,131,0,0.00,0,8.56,4.95,5.49,14.70,0.00,1,16.91,5.04,0.5000
38152,0.00,5.47,14.51,8,14.69,189,0.35,831,0.00,17.00,131,0,0.00,0,8.56,4.98,5.49,14.70,0.00,1,16.91,5.04,0.5000
38254,0.00,5.47,14.51,8,14.69,189,0.35,834,0.00,17.00,131,0,0.00,0,8.56,4.90,5.49,14.70,0.00,1,16.91,5.19,0.5000
38356,0.00,5.47,14.51,8,14.68,189,0.35,827,0.00,17.00,131,0,0.00,0,8.56,4.92,5.49,14.70,0.00,1,16.91,5.04,0.5000
38459,0.00,5.47,14.51,8,14.69,189,0.35,812,0.00,17.50,131,0,0.00,0,8.56,4.92,5.49,14.80,0.00,1,16.91,5.04,0.5000
38560,0.00,5.47,14.51,8,14.69,189,0.36,820,0.00,17.00,131,0,0.00,0,8.56,4.92,5.49,14.70,0.00,1,16.91,5.04,0.5000
38662,0.00,5.47,14.51,8,14.69,189,0.36,818,0.00,17.00,131,0,0.00,0,8.56,4.84,5.49,14.70,0.00,1,16.91,5.04,0.5000
38764,0.00,5.47,14.51,8,14.69,189,0.36,829,0.00,17.00,131,0,0.00,0,8.56,4.82,5.49,14.80,0.00,1,16.91,5.04,0.5000
38866,0.00,5.47,14.51,8,14.69,189,0.35,824,0.00,17.00,131,0,0.00,0,8.56,4.92,5.49,14.70,0.00,1,16.91,5.04,0.5000
38968,0.00,5.47,14.51,8,14.69,189,0.35,816,0.00,17.00,131,0,0.00,0,8.56,4.95,5.49,14.80,0.00,1,16.91,5.04,0.5000
39070,0.00,5.47,14.51,8,14.69,189,0.36,825,0.00,17.00,131,0,0.00,0,8.71,4.98,5.49,14.80,0.00,1,16.91,5.04,0.5000
39172,0.00,5.47,14.51,8,14.69,189,0.36,812,0.00,17.00,131,0,0.00,0,8.71,4.98,5.49,14.70,0.00,1,16.91,5.04,0.5000
39275,0.78,5.47,14.51,8,14.69,189,0.36,822,0.00,17.00,131,0,0.00,0,8.71,4.90,5.49,14.80,0.00,1,16.91,5.04,0.5000
39376,0.78,5.47,14.51,8,14.69,189,0.36,819,0.00,17.00,131,0,0.00,0,8.71,4.90,5.49,14.80,0.00,1,16.91,5.04,0.5000
39478,0.78,5.47,14.51,8,14.69,189,0.36,812,0.00,17.00,131,0,0.00,0,8.71,4.92,5.49,14.80,0.00,1,16.91,5.04,0.5000
39580,0.78,5.47,14.51,8,14.69,189,0.36,820,0.00,17.00,131,0,0.00,0,8.71,4.82,5.49,14.80,0.00,1,16.91,5.04,0.5000
39682,0.78,5.47,14.51,8,14.69,189,0.36,810,0.00,17.00,131,0,0.00,0,8.71,4.87,5.49,14.80,0.00,1,16.91,5.04,0.5000
39785,0.78,5.47,14.51,8,14.69,189,0.36,823,0.00,17.00,131,0,0.00,0,8.71,4.98,5.49,15.00,0.00,1,16.91,5.04,0.5000
39887,0.78,5.47,14.51,8,14.69,189,0.36,816,0.00,17.00,131,0,0.00,0,8.71,4.95,5.49,14.80,0.00,1,16.91,5.04,0.5000
39988,0.78,5.47,14.51,8,14.69,189,0.36,816,0.00,17.00,131,0,0.00,0,8.71,4.92,5.49,15.00,0.00,1,16.91,5.04,0.5000
40091,0.78,5.47,14.51,8,14.69,189,0.36,823,0.00,17.00,131,0,0.00,0,8.71,5.01,5.49,14.70,0.00,1,16.91,5.04,0.5000
40193,0.78,5.47,14.51,8,14.69,189,0.36,816,0.00,17.00,131,0,0.00,0,8.71,4.95,5.49,14.80,0.00,1,16.91,5.04,0.5000
40295,0.78,5.47,14.51,8,14.69,189,0.36,828,0.00,17.00,131,0,0.00,0,8.71,4.98,5.49,14.70,0.00,1,16.91,5.04,0.5000
40397,0.78,5.47,14.51,8,14.69,189,0.36,834,0.00,16.50,131,0,0.00,0,8.56,4.98,5.49,14.70,0.00,1,16.91,5.04,0.5000
40498,0.78,5.47,14.51,8,14.69,189,0.36,827,0.00,17.00,131,0,0.00,0,8.71,5.03,5.49,14.80,0.00,1,16.91,5.04,0.5000
40601,0.78,5.47,14.51,8,14.68,189,0.36,838,0.00,16.50,131,0,0.00,0,8.56,4.98,5.49,14.80,0.00,1,16.91,5.04,0.5000
40702,0.78,5.47,14.51,8,14.68,189,0.36,836,0.00,16.50,131,0,0.00,0,8.56,4.98,5.49,14.70,0.00,1,16.91,5.04,0.5000
40804,0.78,5.47,14.51,8,14.68,189,0.36,844,0.00,16.50,131,0,0.00,0,8.56,4.95,5.49,14.70,0.00,1,16.91,5.04,0.5000
40907,0.78,5.47,14.51,8,14.68,189,0.36,843,0.00,16.50,131,0,0.00,0,8.56,5.06,5.49,14.80,0.00,1,16.91,5.04,0.5000
41009,0.78,5.47,14.51,8,14.68,189,0.36,841,0.00,16.50,131,0,0.00,0,8.56,4.92,5.49,14.80,0.00,1,16.91,5.04,0.5000
41111,0.00,5.47,14.51,8,14.68,189,0.35,843,0.00,16.50,131,0,0.00,0,8.56,4.90,5.49,14.60,0.00,1,16.91,5.04,0.5000
41213,0.00,5.47,14.51,8,14.69,189,0.35,830,0.00,17.00,131,0,0.00,0,8.56,5.03,5.49,14.60,0.00,1,16.91,5.04,0.5000
41314,0.00,5.47,14.51,8,14.68,189,0.36,836,0.00,17.00,131,0,0.00,0,8.56,4.98,5.49,14.60,0.00,1,16.91,5.04,0.5000
41417,0.00,5.47,14.51,8,14.68,189,0.36,825,0.00,17.00,131,0,0.00,0,8.56,4.92,5.49,14.50,0.00,1,16.91,5.04,0.5000
41519,0.00,5.47,14.51,8,14.69,189,0.36,828,0.00,17.00,131,0,0.00,0,8.56,5.01,5.49,14.60,0.00,1,16.91,5.04,0.5000
41621,0.00,5.47,14.51,8,14.69,189,0.36,823,0.00,17.00,131,0,0.00,0,8.56,4.98,5.49,14.50,0.00,1,16.91,5.04,0.5000
41723,0.00,5.47,14.51,8,14.69,189,0.36,827,0.00,17.00,131,0,0.00,0,8.56,4.98,5.49,14.60,0.00,1,16.91,5.04,0.5000
41825,0.00,5.47,14.51,8,14.68,189,0.36,838,0.00,16.50,131,0,0.00,0,8.56,4.95,5.49,14.50,0.00,1,16.91,5.04,0.5000
41927,0.00,5.47,14.51,8,14.69,189,0.36,825,0.00,17.00,131,0,0.00,0,8.56,4.90,5.49,14.50,0.00,1,16.91,5.04,0.5000
42029,0.00,5.47,14.51,8,14.69,189,0.36,824,0.00,17.00,131,0,0.00,0,8.56,4.71,5.49,14.60,0.00,1,16.91,5.04,0.5000
42130,0.00,5.47,14.51,8,14.68,189,0.35,830,0.00,17.00,131,0,0.00,0,8.56,4.87,5.49,14.60,0.00,1,16.91,5.04,0.5000
42233,0.00,5.47,14.51,8,14.69,189,0.35,830,0.00,17.00,131,0,0.00,0,8.56,4.92,5.49,14.50,0.00,1,16.91,5.04,0.5000
42335,0.00,5.47,14.51,8,14.69,189,0.35,830,0.00,17.00,131,0,0.00,0,8.56,4.92,5.49,14.50,0.00,1,16.91,5.04,0.5000
42437,0.00,5.47,14.51,8,14.69,189,0.35,828,0.00,17.00,131,0,0.00,0,8.56,4.98,5.49,14.60,0.00,1,16.91,5.19,0.5000
42539,0.00,5.47,14.51,8,14.69,189,0.35,831,0.00,17.00,131,0,0.00,0,8.56,4.90,5.49,14.60,0.00,1,16.91,5.04,0.5000
42641,0.00,5.47,14.51,8,14.69,189,0.36,821,0.00,17.00,131,0,0.00,0,8.56,4.87,5.49,14.50,0.00,1,16.91,5.04,0.5000
42743,0.00,5.47,14.51,8,14.69,189,0.36,819,0.00,17.00,131,0,0.00,0,8.56,4.76,5.49,14.40,0.00,1,16.91,5.04,0.5000
42844,0.00,5.47,14.51,8,14.69,189,0.35,826,0.00,17.00,131,0,0.00,0,8.56,4.76,5.49,14.80,0.00,1,16.91,5.04,0.5000
42946,0.78,5.47,14.51,8,14.69,189,0.35,820,0.00,17.00,131,0,0.00,0,8.71,4.92,5.49,14.70,0.00,1,16.91,5.04,0.5000
43049,0.78,5.47,14.51,8,14.69,189,0.35,813,0.00,17.00,131,0,0.00,0,8.56,4.98,5.49,14.80,0.00,1,16.91,5.04,0.5000
43151,0.78,5.47,14.51,8,14.69,189,0.36,814,0.00,17.00,131,0,0.00,0,8.71,4.87,5.49,14.90,0.00,1,16.91,5.04,0.5000
43253,0.78,5.47,14.51,8,14.69,189,0.36,812,0.00,17.00,131,0,0.00,0,8.71,4.81,5.49,14.80,0.00,1,16.91,5.04,0.5000
43354,0.78,5.47,14.51,8,14.69,189,0.36,822,0.00,17.00,131,0,0.00,0,8.71,4.87,5.49,14.90,0.00,1,16.91,5.04,0.5000
43457,0.78,5.47,14.51,8,14.69,189,0.36,820,0.00,17.00,131,0,0.00,0,8.71,4.92,5.49,14.80,0.00,1,16.91,5.04,0.5000
43559,0.78,5.47,14.51,8,14.69,189,0.36,830,0.00,17.00,131,0,0.00,0,8.71,4.95,5.49,14.80,0.00,1,16.91,5.04,0.5000
43661,0.78,5.47,14.51,8,14.69,187,0.36,824,0.00,17.00,131,0,0.00,0,8.71,4.95,5.49,14.80,0.00,1,16.91,5.04,0.5000
43763,0.78,5.47,14.51,8,14.69,187,0.36,822,0.00,17.00,131,0,0.00,0,8.71,4.95,5.49,14.90,0.00,1,16.91,5.04,0.5000
43865,0.78,5.47,14.51,8,14.68,187,0.36,835,0.00,16.50,131,0,0.00,0,8.71,4.98,5.49,14.80,0.00,1,16.91,5.04,0.5000
43967,1.56,5.47,14.51,8,14.69,187,0.36,824,0.00,17.00,131,0,0.00,0,8.71,4.90,5.49,14.90,0.00,1,16.91,5.04,0.5000
44069,0.78,5.47,14.51,8,14.69,187,0.36,836,0.00,17.00,131,0,0.00,0,8.56,4.92,5.49,14.80,0.00,1,16.91,5.04,0.5000
44171,0.78,5.47,14.51,8,14.68,187,0.35,828,0.00,16.50,131,0,0.00,0,8.56,4.92,5.49,14.80,0.00,1,16.91,5.04,0.5000
44273,0.78,5.47,14.51,8,14.69,187,0.35,827,0.00,17.00,131,0,0.00,0,8.56,4.92,5.49,14.80,0.00,1,16.91,5.04,0.5000
44375,0.78,5.47,14.51,8,14.69,187,0.35,832,0.00,17.00,131,0,0.00,0,8.56,5.01,5.49,15.00,0.00,1,16.91,5.04,0.5000
44477,0.78,5.47,14.51,8,14.69,187,0.36,825,0.00,17.00,131,0,0.00,0,8.56,4.92,5.49,14.80,0.00,1,16.91,5.04,0.5000
44579,0.78,5.47,14.51,8,14.69,187,0.36,833,0.00,17.00,131,0,0.00,0,8.56,4.90,5.49,14.70,0.00,1,16.91,5.04,0.5000
44681,0.78,5.47,14.51,8,14.69,187,0.36,826,0.00,17.00,131,0,0.00,0,8.56,4.92,5.49,14.70,0.00,1,16.91,5.04,0.5000
44783,0.78,5.47,14.51,8,14.69,187,0.36,830,0.00,17.00,131,0,0.00,0,8.56,5.01,5.49,14.60,0.00,1,16.91,5.04,0.5000
44885,0.78,5.47,14.51,8,14.68,187,0.36,835,0.00,16.50,131,0,0.00,0,8.56,4.95,5.49,14.50,0.00,1,16.91,5.04,0.5000
44987,0.78,5.47,14.51,8,14.69,187,0.36,832,0.00,17.00,131,0,0.00,0,8.56,4.84,5.49,14.60,0.00,1,16.91,5.04,0.5000
45089,0.78,5.47,14.51,8,14.68,187,0.35,844,0.00,16.50,131,0,0.00,0,8.56,4.90,5.49,14.60,0.00,1,16.91,5.04,0.5000
45191,0.78,5.47,14.51,8,14.68,187,0.35,840,0.00,16.50,131,0,0.00,0,8.56,4.92,5.49,14.60,0.00,1,16.91,5.04,0.5000
45293,0.78,5.47,14.51,8,14.68,187,0.35,849,0.00,16.50,131,0,0.00,0,8.56,4.95,5.49,14.60,0.00,1,16.91,5.04,0.5000
45394,0.78,5.47,14.51,8,14.68,187,0.35,833,0.00,17.00,131,0,0.00,0,8.56,4.92,5.49,14.60,0.00,1,16.91,5.04,0.5000
45497,0.78,5.47,14.51,8,14.69,187,0.35,833,0.00,17.00,131,0,0.00,0,8.56,5.03,5.49,14.60,0.00,1,16.91,5.04,0.5000
45599,0.78,5.47,14.51,8,14.68,187,0.35,842,0.00,16.50,131,0,0.00,0,8.56,4.98,5.49,14.60,0.00,1,16.91,5.04,0.5000
45701,0.78,5.47,14.51,8,14.69,187,0.35,824,0.00,17.00,131,0,0.00,0,8.56,4.95,5.49,14.80,0.00,1,16.91,5.04,0.5000
45803,0.78,5.47,14.51,8,14.69,187,0.35,829,0.00,17.00,131,0,0.00,0,8.56,4.90,5.49,14.70,0.00,1,16.91,5.19,0.5000
45905,0.78,5.47,14.51,8,14.69,187,0.35,828,0.00,17.00,131,0,0.00,0,8.56,4.84,5.49,14.80,0.00,1,16.91,5.04,0.5000
46006,0.78,5.47,14.51,8,14.69,187,0.35,831,0.00,17.00,131,0,0.00,0,8.56,4.95,5.49,14.70,0.00,1,16.91,5.04,0.5000
46109,0.78,5.47,14.51,8,14.69,187,0.35,820,0.00,17.00,131,0,0.00,0,8.56,4.95,5.49,14.70,0.00,1,16.91,5.04,0.5000
46210,0.78,5.47,14.51,8,14.69,187,0.36,811,0.00,17.00,131,0,0.00,0,8.56,4.90,5.49,14.80,0.00,1,16.91,5.04,0.5000
46313,0.78,5.47,14.51,8,14.69,187,0.36,823,0.00,17.00,133,0,0.00,0,8.71,4.95,5.49,14.60,0.00,1,16.91,5.04,0.5000
46415,0.78,5.47,14.51,8,14.69,187,0.36,821,0.00,17.00,133,0,0.00,0,8.71,4.92,5.49,14.40,0.00,1,16.91,5.04,0.5000
46517,0.78,5.47,14.51,8,14.69,187,0.36,828,0.00,17.00,133,0,0.00,0,8.56,4.95,5.49,14.70,0.00,1,16.91,5.04,0.5000
46619,0.78,5.47,14.51,8,14.68,187,0.36,840,0.00,16.50,133,0,0.00,0,8.56,4.95,5.49,14.80,0.00,1,16.91,5.04,0.5000
46721,0.78,5.47,14.51,8,14.68,187,0.36,834,0.00,17.00,133,0,0.00,0,8.56,5.03,5.49,14.50,0.00,1,16.91,5.04,0.5000
46823,0.78,5.47,14.51,8,14.68,187,0.36,844,0.00,16.50,133,0,0.00,0,8.56,4.92,5.49,14.70,0.00,1,16.91,5.04,0.5000
46925,0.78,5.47,14.51,8,14.68,187,0.35,837,0.00,16.50,133,0,0.00,0,8.56,4.95,5.49,14.70,0.00,1,16.91,5.04,0.5000
47027,0.78,5.47,14.51,8,14.69,187,0.35,838,0.00,17.00,133,0,0.00,0,8.56,4.98,5.49,14.70,0.00,1,16.91,5.04,0.5000
47129,0.78,5.47,14.51,8,14.68,187,0.36,827,0.00,17.00,133,0,0.00,0,8.56,4.98,5.49,14.70,0.00,1,16.91,5.04,0.5000
47232,0.78,5.47,14.51,8,14.69,187,0.36,822,0.00,17.00,133,0,0.00,0,8.56,4.84,5.49,14.80,0.00,1,16.91,5.04,0.5000
47332,0.78,5.47,14.51,8,14.69,187,0.36,832,0.00,17.00,133,0,0.00,0,8.56,4.92,5.49,14.60,0.00,1,16.91,5.04,0.5000
47435,0.78,5.47,14.51,8,14.69,187,0.35,824,0.00,17.00,133,0,0.00,0,8.56,4.84,5.49,14.70,0.00,1,16.91,5.04,0.5000
47537,0.00,5.47,14.51,8,14.69,187,0.35,824,0.00,17.00,133,0,0.00,0,8.56,4.95,5.49,14.70,0.00,1,16.91,5.04,0.5000
47639,0.00,5.47,14.51,8,14.69,187,0.36,817,0.00,17.00,133,0,0.00,0,8.56,5.03,5.49,14.60,0.00,1,16.91,5.04,0.5000
47741,0.00,5.47,14.51,8,14.69,187,0.36,813,0.00,17.00,133,0,0.00,0,8.71,4.92,5.49,14.60,0.00,1,16.91,5.04,0.5000
47843,0.00,5.47,14.51,8,14.69,187,0.36,816,0.00,17.00,133,0,0.00,0,8.71,4.92,5.49,14.60,0.00,1,16.91,5.04,0.5000
47945,0.00,5.47,14.51,8,14.69,187,0.36,814,0.00,17.00,133,0,0.00,0,8.71,4.92,5.49,14.50,0.00,1,16.91,5.04,0.5000
48047,0.78,5.47,14.51,8,14.69,187,0.36,830,0.00,17.00,133,0,0.00,0,8.71,4.92,5.49,14.50,0.00,1,16.91,5.04,0.5000
48149,0.78,5.47,14.51,8,14.69,187,0.36,822,0.00,17.00,133,0,0.00,0,8.71,4.90,5.49,14.70,0.00,1,16.91,5.04,0.5000
48251,0.78,5.47,14.51,8,14.69,187,0.36,825,0.00,17.00,133,0,0.00,0,8.71,4.98,5.49,14.70,0.00,1,16.91,5.04,0.5000
48353,0.78,5.47,14.51,8,14.69,187,0.36,833,0.00,16.50,133,0,0.00,0,8.71,5.01,5.49,14.70,0.00,1,16.91,5.04,0.5000
48455,0.78,5.47,14.51,8,14.69,187,0.36,814,0.00,17.00,133,0,0.00,0,8.71,5.01,5.49,14.70,0.00,1,16.91,5.04,0.5000
48557,0.00,5.47,14.51,8,14.69,187,0.36,825,0.00,17.00,133,0,0.00,0,8.56,4.84,5.49,14.80,0.00,1,16.91,5.04,0.5000
48659,0.00,5.47,14.51,8,14.69,187,0.36,829,0.00,16.50,133,0,0.00,0,8.71,4.84,5.49,14.70,0.00,1,16.91,5.04,0.5000
48761,0.00,5.47,14.51,8,14.69,187,0.35,832,0.00,17.00,133,0,0.00,0,8.56,4.95,5.49,14.80,0.00,1,16.91,5.04,0.5000
48863,0.00,5.47,14.51,8,14.69,187,0.35,833,0.00,17.00,133,0,0.00,0,8.56,4.98,5.49,14.80,0.00,1,16.91,5.04,0.5000
48965,0.00,5.47,14.51,8,14.69,187,0.35,833,0.00,17.00,133,0,0.00,0,8.56,4.98,5.49,14.70,0.00,1,16.91,5.04,0.5000
49067,0.00,5.47,14.51,8,14.69,187,0.36,841,0.00,17.00,133,0,0.00,0,8.56,5.01,5.49,14.70,0.00,1,16.91,5.04,0.5000
49169,0.00,5.47,14.51,8,14.69,187,0.36,822,0.00,17.00,133,0,0.00,0,8.56,4.98,5.49,14.80,0.00,1,16.91,5.04,0.5000
49272,0.00,5.47,14.51,8,14.69,187,0.36,826,0.00,17.00,133,0,0.00,0,8.56,4.87,5.49,14.70,0.00,1,16.91,5.04,0.5000
49373,0.78,5.47,14.51,8,14.69,187,0.36,828,0.00,17.00,133,0,0.00,0,8.56,4.87,5.49,14.60,0.00,1,16.91,5.04,0.5000
49475,0.00,5.47,14.51,8,14.69,187,0.36,814,0.00,17.00,133,0,0.00,0,8.71,4.92,5.49,14.60,0.00,1,16.91,5.04,0.5000
49577,0.00,5.47,14.51,8,14.69,187,0.36,825,0.00,17.00,133,0,0.00,0,8.56,4.98,5.49,14.70,0.00,1,16.91,5.04,0.5000
49679,0.00,5.47,14.51,8,14.69,187,0.36,828,0.00,17.00,133,0,0.00,0,8.56,4.92,5.49,14.70,0.00,1,16.91,5.04,0.5000
49781,0.00,5.47,14.51,8,14.69,187,0.36,818,0.00,17.00,133,0,0.00,0,8.71,4.87,5.49,14.60,0.00,1,16.91,5.04,0.5000
49883,0.00,5.47,14.51,8,14.69,187,0.36,832,0.00,17.00,133,0,0.00,0,8.71,4.92,5.49,14.60,0.00,1,16.91,5.04,0.5000
49985,0.00,5.47,14.51,8,14.69,187,0.36,829,0.00,17.00,133,0,0.00,0,8.56,5.00,5.49,14.70,0.00,1,16.91,5.04,0.5000
50087,0.00,5.47,14.51,8,14.68,187,0.36,847,0.00,16.50,133,0,0.00,0,8.56,5.00,5.49,14.70,0.00,1,16.91,5.04,0.5000
50189,0.00,5.47,14.51,8,14.68,187,0.36,836,0.00,16.50,133,0,0.00,0,8.56,5.00,5.49,14.70,0.00,1,16.91,5.04,0.5000
50291,0.00,5.47,14.51,8,14.68,187,0.36,846,0.00,16.50,133,0,0.00,0,8.56,4.92,5.49,14.70,0.00,1,16.91,5.04,0.5000
50393,0.00,5.47,14.51,8,14.68,187,0.35,842,0.00,16.50,133,0,0.00,0,8.56,4.95,5.49,14.70,0.00,1,16.91,5.04,0.5000
50496,0.00,5.47,14.51,8,14.68,187,0.35,839,0.00,17.00,133,0,0.00,0,8.56,5.00,5.49,14.70,0.00,1,16.91,5.04,0.5000
50597,0.00,5.47,14.51,8,14.68,187,0.35,838,0.00,17.00,133,0,0.00,0,8.56,5.00,5.49,14.70,0.00,1,16.91,5.04,0.5000
50699,0.00,5.47,14.51,8,14.69,187,0.36,834,0.00,17.00,133,0,0.00,0,8.56,5.00,5.49,14.80,0.00,1,16.91,5.04,0.5000
50802,0.00,5.47,14.51,8,14.68,187,0.36,844,0.00,16.50,133,0,0.00,0,8.56,5.03,5.49,14.70,0.00,1,16.91,5.04,0.5000
50903,0.00,5.47,14.51,8,14.68,187,0.36,839,0.00,16.50,133,0,0.00,0,8.56,4.95,5.49,14.70,0.00,1,16.91,5.04,0.5000
51006,0.00,5.47,14.51,8,14.68,187,0.35,849,0.00,16.50,133,0,0.00,0,8.56,4.90,5.49,14.70,0.00,1,16.91,5.04,0.5000
51108,0.00,5.47,14.51,8,14.68,187,0.35,842,0.00,16.50,133,0,0.00,0,8.56,4.98,5.49,14.70,0.00,1,16.91,5.04,0.5000
51210,0.00,5.47,14.51,8,14.68,187,0.35,836,0.00,17.00,133,0,0.00,0,8.56,4.95,5.49,14.70,0.00,1,16.91,5.04,0.5000
51312,0.00,5.47,14.51,8,14.68,187,0.35,843,0.00,17.00,133,0,0.00,0,8.56,4.98,5.49,14.50,0.00,1,16.91,5.04,0.5000
51414,0.00,5.47,14.51,8,14.68,187,0.35,837,0.00,17.00,133,0,0.00,0,8.56,4.92,5.49,14.60,0.00,1,16.91,5.04,0.5000
51515,0.00,5.47,14.51,8,14.68,187,0.35,839,0.00,17.00,133,0,0.00,0,8.56,4.87,5.49,14.60,0.00,1,16.91,5.04,0.5000
51618,0.00,5.47,14.51,8,14.69,187,0.35,822,0.00,17.00,133,0,0.00,0,8.56,4.84,5.49,14.60,0.00,1,16.91,5.04,0.5000
51719,0.00,5.47,14.51,8,14.69,187,0.35,832,0.00,17.00,133,0,0.00,0,8.56,4.84,5.49,14.60,0.00,1,16.91,5.04,0.5000
51822,0.00,5.47,14.51,8,14.69,187,0.35,828,0.00,17.00,133,0,0.00,0,8.56,4.87,5.49,14.60,0.00,1,16.91,5.04,0.5000
51923,0.00,5.47,14.51,8,14.69,187,0.35,815,0.00,17.00,133,0,0.00,0,8.56,4.90,5.49,14.60,0.00,1,16.91,5.04,0.5000
52026,0.00,5.47,14.51,8,14.69,187,0.35,819,0.00,17.00,133,0,0.00,0,8.56,4.87,5.49,14.60,0.00,1,16.91,5.04,0.5000
52127,0.00,5.47,14.51,8,14.69,187,0.35,821,0.00,17.00,133,0,0.00,0,8.56,4.92,5.49,14.70,0.00,1,16.91,5.04,0.5000
52229,0.00,5.47,14.51,8,14.69,187,0.36,828,0.00,17.00,133,0,0.00,0,8.71,4.95,5.49,14.80,0.00,1,16.91,5.04,0.5000
52332,0.78,5.47,14.51,8,14.69,187,0.36,824,0.00,17.00,133,0,0.00,0,8.71,5.03,5.49,14.70,0.00,1,16.91,5.04,0.5000
52433,0.78,5.47,14.51,8,14.69,187,0.36,823,0.00,17.00,133,0,0.00,0,8.71,5.03,5.49,14.80,0.00,1,16.91,5.04,0.5000
52535,0.78,5.47,14.51,8,14.69,187,0.36,830,0.00,17.00,133,0,0.00,0,8.71,5.03,5.49,14.80,0.00,1,16.91,5.04,0.5000
52638,0.78,5.47,14.51,8,14.69,187,0.36,823,0.00,17.00,133,0,0.00,0,8.71,4.92,5.49,14.90,0.00,1,16.91,5.04,0.5000
52740,0.78,5.47,14.51,8,14.69,187,0.36,838,0.00,17.00,133,0,0.00,0,8.56,4.84,5.49,14.80,0.00,1,16.91,5.04,0.5000
52842,0.78,5.47,14.51,8,14.68,187,0.36,842,0.00,16.50,133,0,0.00,0,8.56,4.92,5.49,14.80,0.00,1,16.91,5.04,0.5000
52944,0.78,5.47,14.51,8,14.69,187,0.35,828,0.00,17.00,133,0,0.00,0,8.56,5.00,5.49,14.80,0.00,1,16.91,5.04,0.5000
53046,0.78,5.47,14.51,8,14.68,187,0.36,840,0.00,16.50,133,0,0.00,0,8.56,5.06,5.49,14.80,0.00,1,16.91,5.04,0.5000
53148,0.00,5.47,14.51,8,14.68,187,0.36,838,0.00,17.00,133,0,0.00,0,8.56,4.98,5.49,14.70,0.00,1,16.91,5.04,0.5000
53250,0.00,5.47,14.51,8,14.69,187,0.36,842,0.00,17.00,133,0,0.00,0,8.56,4.98,5.49,14.70,0.00,1,16.91,5.19,0.5000
53352,0.78,5.47,14.51,8,14.68,187,0.36,838,0.00,16.50,133,0,0.00,0,8.56,4.95,5.49,14.70,0.00,1,16.91,5.04,0.5000
53454,0.00,5.47,14.51,8,14.69,187,0.35,838,0.00,17.00,133,0,0.00,0,8.56,4.95,5.49,14.50,0.00,1,16.91,5.04,0.5000
53557,0.00,5.47,14.51,8,14.68,187,0.35,841,0.00,16.50,133,0,0.00,0,8.56,4.98,5.49,14.60,0.00,1,16.91,5.04,0.5000
53658,0.00,5.47,14.51,8,14.69,187,0.35,832,0.00,17.00,133,0,0.00,0,8.56,5.03,5.49,14.50,0.00,1,16.91,5.04,0.5000
53761,0.00,5.47,14.51,8,14.68,187,0.36,836,0.00,17.00,133,0,0.00,0,8.56,4.98,5.49,14.60,0.00,1,16.91,5.04,0.5000
53863,0.00,5.47,14.51,8,14.68,187,0.36,856,0.00,10.00,133,0,0.00,0,8.42,4.61,4.31,14.70,0.00,1,16.91,3.74,0.5000
53965,0.00,5.47,14.51,8,14.68,187,0.34,878,0.00,10.00,133,0,0.00,0,7.98,4.21,3.92,14.50,0.00,1,16.91,3.88,0.5000
54067,0.00,5.47,14.51,8,14.68,187,0.33,865,0.00,10.00,133,0,0.00,0,7.69,4.33,4.31,14.60,0.00,1,16.91,4.18,0.5000
54169,0.00,5.47,14.51,8,14.68,187,0.32,861,0.00,16.50,133,0,0.00,0,7.55,4.33,4.31,14.60,0.00,1,16.91,4.18,0.5000
54270,-0.78,5.47,14.51,8,14.68,187,0.31,861,0.00,16.00,133,0,0.00,0,7.40,4.27,4.31,14.50,0.00,1,16.91,4.02,0.5000
54373,-1.56,5.47,14.51,8,14.68,187,0.30,871,0.00,16.50,133,0,0.00,0,7.25,4.12,4.31,14.60,0.00,1,16.91,4.03,0.5000
54475,-1.56,5.47,14.51,8,14.68,187,0.30,865,0.00,16.00,133,0,0.00,0,7.25,4.12,4.31,14.30,0.00,1,16.91,4.03,0.5000
54577,-2.34,5.47,14.51,8,14.68,187,0.29,857,0.00,16.50,133,0,0.00,0,7.11,4.12,4.31,14.30,0.00,1,16.91,4.03,0.5000
54679,-3.12,5.47,14.51,8,14.68,187,0.29,842,0.00,17.00,133,0,0.00,0,7.11,4.02,4.31,14.30,0.00,1,16.91,4.03,0.5000
54781,-3.12,5.47,14.51,8,14.68,187,0.29,843,0.00,17.00,133,0,0.00,0,7.11,4.00,4.31,14.00,0.00,1,16.91,4.03,0.5000
54883,-3.91,5.47,14.51,8,14.69,187,0.28,834,0.00,17.00,133,0,0.00,0,7.11,4.07,4.31,14.00,0.00,1,16.91,4.03,0.5000
54985,-3.91,5.47,14.51,8,14.69,187,0.29,816,0.00,18.00,133,0,0.00,0,7.11,4.02,4.31,13.90,0.00,1,16.91,3.88,0.5000
55087,-4.69,5.47,14.51,8,14.69,187,0.29,809,0.00,19.00,133,0,0.00,0,7.25,3.97,3.92,13.90,0.00,1,16.91,3.88,0.5000
55189,-4.69,5.47,14.51,8,14.69,187,0.29,794,0.00,19.50,133,0,0.00,0,7.25,4.09,3.92,13.80,0.00,1,16.91,3.88,0.5000
55291,-4.69,5.47,14.51,8,14.69,187,0.29,786,0.00,20.00,133,0,0.00,0,7.25,3.92,3.92,13.90,0.00,1,16.91,3.88,0.5000
55393,-4.69,5.47,14.51,8,14.69,187,0.29,787,0.00,20.50,133,0,0.00,0,7.25,3.92,3.92,14.00,0.00,1,16.91,3.88,0.5000
55495,-4.69,5.47,14.51,8,14.69,187,0.29,774,0.00,20.50,133,0,0.00,0,7.25,3.85,3.92,14.00,0.00,1,16.91,3.88,0.5000
55597,-4.69,5.47,14.51,8,14.69,187,0.29,764,0.00,20.50,133,0,0.00,0,7.40,3.75,3.92,14.10,0.00,1,16.91,3.73,0.5000
55699,-4.69,5.47,14.51,8,14.69,187,0.29,767,0.00,21.00,133,0,0.00,0,7.40,3.75,3.92,14.20,0.00,1,16.91,3.88,0.5000
55801,-4.69,5.47,14.51,8,14.69,187,0.29,767,0.00,19.50,133,0,0.00,0,7.40,3.73,3.92,14.30,0.00,1,16.91,3.74,0.5000
55903,-4.69,5.47,14.51,8,14.69,187,0.29,760,0.00,19.00,133,0,0.00,0,7.40,3.58,3.92,14.40,0.00,1,16.91,3.74,0.5000
56005,-4.69,5.47,14.51,8,14.69,187,0.29,762,0.00,19.50,133,0,0.00,0,7.40,3.55,3.92,14.40,0.00,1,16.91,3.74,0.5000
56107,-4.69,5.47,14.51,8,14.69,187,0.28,754,0.00,20.00,133,0,0.00,0,7.40,3.60,3.92,14.60,0.00,1,16.91,3.74,0.5000
56209,-3.91,5.47,14.51,8,14.69,187,0.28,761,0.00,18.50,133,0,0.00,0,7.40,3.63,3.92,14.60,0.00,1,16.91,3.74,0.5000
56311,-3.91,5.47,14.51,8,14.69,187,0.28,742,0.00,20.00,133,0,0.00,0,7.40,3.68,3.92,14.50,0.00,1,16.91,3.74,0.5000
56413,-3.91,5.47,14.51,8,14.69,187,0.29,740,0.00,20.00,133,0,0.00,0,7.55,3.80,3.92,15.30,0.00,1,16.91,3.74,0.5000
56516,-3.12,5.47,14.51,8,14.69,187,0.29,744,0.00,19.00,133,0,0.00,0,7.55,3.80,3.92,14.80,0.00,1,16.91,3.74,0.5000
56618,-3.12,5.47,14.51,8,14.69,187,0.29,730,0.00,20.00,133,0,0.00,0,7.55,3.82,3.92,14.90,0.00,1,16.91,3.73,0.5000
56719,-3.12,5.47,14.51,8,14.69,187,0.30,738,0.00,19.00,133,0,0.00,0,7.55,3.80,3.92,14.90,0.00,1,16.91,3.74,0.5000
56822,-2.34,5.47,14.51,8,14.69,187,0.30,756,0.00,18.00,133,0,0.00,0,7.55,3.63,3.92,15.20,0.00,1,16.91,3.74,0.5000
56923,-2.34,5.47,14.51,8,14.69,187,0.30,754,0.00,17.50,133,0,0.00,0,7.55,3.68,3.92,15.10,0.00,1,16.91,3.74,0.5000
57026,-1.56,5.47,14.51,8,14.69,187,0.29,749,0.00,17.50,133,0,0.00,0,7.55,3.70,3.92,15.30,0.00,1,16.91,3.74,0.5000
57128,-1.56,5.47,14.51,8,14.69,187,0.29,748,0.00,17.50,133,0,0.00,0,7.55,3.73,3.92,15.30,0.00,1,16.91,3.74,0.5000
57229,-1.56,5.47,14.51,8,14.69,187,0.29,750,0.00,17.50,133,0,0.00,0,7.55,3.85,3.92,15.40,0.00,1,16.91,3.74,0.5000
57332,-1.56,5.47,14.51,8,14.69,187,0.30,742,0.00,17.50,133,0,0.00,0,7.55,3.90,3.92,15.40,0.00,1,16.91,3.74,0.5000
57434,-1.56,5.47,14.51,8,14.69,187,0.30,736,0.00,18.00,133,0,0.00,0,7.55,3.78,3.92,15.40,0.00,1,16.91,3.74,0.5000
57536,-1.56,5.47,14.51,8,14.69,187,0.30,740,0.00,17.50,133,0,0.00,0,7.55,3.63,3.92,15.30,0.00,1,16.91,3.74,0.5000
57638,-1.56,5.47,14.51,8,14.69,187,0.30,740,0.00,17.50,133,0,0.00,0,7.69,3.70,3.92,15.20,0.00,1,16.91,3.88,0.5000
57740,-1.56,5.47,14.51,8,14.69,187,0.30,740,0.00,17.00,133,0,0.00,0,7.69,3.75,3.92,15.10,0.00,1,16.91,3.74,0.5000
57842,-0.78,5.47,14.51,8,14.69,187,0.30,747,0.00,17.00,133,0,0.00,0,7.55,3.70,3.92,15.10,0.00,1,16.91,3.74,0.5000
57944,-0.78,5.47,14.51,8,14.69,187,0.30,742,0.00,17.00,133,0,0.00,0,7.55,3.58,3.92,15.10,0.00,1,16.91,3.74,0.5000
58045,-0.78,5.47,14.51,8,14.69,187,0.29,759,0.00,17.00,133,0,0.00,0,7.55,3.70,3.92,15.10,0.00,1,16.91,3.73,0.5000
58148,-1.56,5.47,14.51,8,14.69,187,0.29,751,0.00,17.00,133,0,0.00,0,7.55,3.78,3.92,15.00,0.00,1,16.91,3.88,0.5000
58250,-1.56,5.47,14.51,8,14.69,187,0.29,744,0.00,17.00,133,0,0.00,0,7.55,3.78,3.92,14.90,0.00,1,16.91,3.74,0.5000
58352,-0.78,5.47,14.51,8,14.69,187,0.29,749,0.00,17.00,133,0,0.00,0,7.55,3.73,3.92,14.80,0.00,1,16.91,3.73,0.5000
58454,-0.78,5.47,14.51,8,14.69,187,0.29,753,0.00,17.00,133,0,0.00,0,7.55,3.75,3.92,14.80,0.00,1,16.91,3.88,0.5000
58556,-0.78,5.47,14.51,8,14.69,187,0.29,750,0.00,17.00,133,0,0.00,0,7.55,3.85,3.92,14.80,0.00,1,16.91,3.73,0.5000
58658,-0.78,5.47,14.51,8,14.69,187,0.30,758,0.00,17.00,133,0,0.00,0,7.55,3.82,3.92,14.60,0.00,1,16.91,3.74,0.5000
58760,-0.78,5.47,14.51,8,14.69,187,0.30,761,0.00,17.00,133,0,0.00,0,7.55,3.87,3.92,14.70,0.00,1,16.91,3.88,0.5000
58861,-0.78,5.47,14.51,8,14.69,187,0.30,749,0.00,17.00,133,0,0.00,0,7.55,3.95,3.92,14.90,0.00,1,16.91,3.74,0.5000
58964,0.00,5.47,14.51,8,14.69,187,0.30,757,0.00,17.00,133,0,0.00,0,7.55,3.87,3.92,14.80,0.00,1,16.91,3.74,0.5000
59066,0.00,5.47,14.51,8,14.69,187,0.30,763,0.00,17.00,133,0,0.00,0,7.55,3.80,3.92,14.90,0.00,1,16.91,3.74,0.5000
59168,-0.78,5.47,14.51,8,14.69,187,0.30,759,0.00,17.00,133,0,0.00,0,7.55,3.70,3.92,15.00,0.00,1,16.91,3.74,0.5000
59270,-0.78,5.47,14.51,8,14.69,187,0.29,758,0.00,16.50,133,0,0.00,0,7.55,3.75,3.92,14.90,0.00,1,16.91,3.74,0.5000
59372,-0.78,5.47,14.51,8,14.69,187,0.29,752,0.00,17.00,133,0,0.00,0,7.55,3.78,3.92,14.90,0.00,1,16.91,3.74,0.5000
59474,-0.78,5.47,14.51,8,14.69,187,0.29,752,0.00,17.00,133,0,0.00,0,7.55,3.82,3.92,14.80,0.00,1,16.91,3.74,0.5000
59576,-0.78,5.47,14.51,8,14.69,187,0.30,738,0.00,17.00,133,0,0.00,0,7.55,3.78,3.92,14.90,0.00,1,16.91,3.74,0.5000
59678,-0.78,5.47,14.51,8,14.69,187,0.30,741,0.00,17.00,133,0,0.00,0,7.55,3.80,3.92,14.80,0.00,1,16.91,3.74,0.5000
59780,-0.78,5.47,14.51,8,14.69,187,0.30,740,0.00,17.00,133,0,0.00,0,7.55,3.80,3.92,14.80,0.00,1,16.91,3.74,0.5000
59882,-0.78,5.47,14.51,8,14.69,187,0.30,744,0.00,17.00,133,0,0.00,0,7.55,3.85,3.92,14.50,0.00,1,16.91,3.74,0.5000
59983,-0.78,5.47,14.51,8,14.69,187,0.30,730,0.00,17.00,133,0,0.00,0,7.55,4.22,3.92,14.50,0.00,1,16.91,5.48,0.5000
60086,-1.56,5.47,14.51,8,14.69,187,0.31,737,0.00,17.00,133,0,0.00,0,7.98,4.67,5.49,14.50,0.00,1,16.91,5.19,0.5000
60187,-1.56,5.47,14.51,8,14.69,187,0.33,754,0.00,17.00,133,0,0.00,0,8.42,4.76,5.49,14.60,0.00,1,16.91,5.04,0.5000
60290,-1.56,4.69,14.51,8,14.69,187,0.34,779,0.00,16.00,133,0,0.00,0,8.56,4.79,5.49,14.60,0.00,1,16.91,5.04,0.5000
60392,-0.78,4.69,14.51,8,14.69,187,0.35,793,0.00,15.00,133,0,0.00,0,8.71,4.79,5.49,14.50,0.00,1,16.91,5.19,0.5000
60494,0.00,4.69,14.51,8,14.69,187,0.35,784,0.00,16.00,133,0,0.00,0,8.71,4.68,5.49,14.50,0.00,1,16.91,5.04,0.5000
60596,0.00,4.69,14.51,8,14.69,187,0.35,765,0.00,17.00,133,0,0.00,0,8.85,4.76,5.49,14.90,0.00,1,16.91,5.04,0.5000
60698,0.78,4.69,14.51,8,14.69,187,0.36,764,0.00,16.50,133,0,0.00,0,8.85,4.81,5.49,14.90,0.00,1,16.91,5.04,0.5000
60800,0.78,4.69,14.51,8,14.69,187,0.37,770,0.00,16.50,133,0,0.00,0,9.00,4.90,5.49,15.30,0.00,1,16.91,5.19,0.5000
60902,0.78,4.69,14.51,8,14.69,187,0.37,778,0.00,16.50,133,0,0.00,0,9.00,4.98,5.49,15.20,0.00,1,16.91,5.19,0.5000
61004,1.56,4.69,14.51,8,14.69,187,0.37,780,0.00,16.50,133,0,0.00,0,9.14,5.03,5.49,15.30,0.00,1,16.91,5.19,0.5000
61106,1.56,4.69,14.51,8,14.69,187,0.38,796,0.00,16.00,133,0,0.00,0,9.14,5.00,5.49,15.40,0.00,1,16.91,5.33,0.5000
61208,2.34,4.69,14.51,8,14.69,187,0.38,814,0.00,14.50,133,0,0.00,0,9.14,5.00,5.49,15.40,0.00,1,16.91,5.33,0.5000
61310,2.34,4.69,14.51,8,14.69,187,0.37,822,0.00,14.00,133,0,0.00,0,9.00,5.06,5.49,15.40,0.00,1,16.91,5.33,0.5000
61412,2.34,4.69,14.51,8,14.69,187,0.37,838,0.00,13.50,133,0,0.00,0,9.00,5.08,5.49,15.40,0.00,1,16.91,5.33,0.5000
61514,2.34,4.69,14.51,8,14.68,187,0.37,834,0.00,13.00,133,0,0.00,0,9.00,5.08,5.49,15.30,0.00,1,16.91,5.33,0.5000
61616,2.34,4.69,14.51,8,14.69,187,0.37,830,0.00,14.50,133,0,0.00,0,9.00,4.95,5.49,15.30,0.00,1,16.91,5.33,0.5000
61718,2.34,4.69,14.51,8,14.68,187,0.36,836,0.00,14.50,133,0,0.00,0,8.85,5.11,5.49,15.20,0.00,1,16.91,5.33,0.5000
61820,2.34,4.69,14.51,8,14.69,187,0.36,834,0.00,15.00,133,0,0.00,0,8.85,5.13,5.49,15.10,0.00,1,16.91,5.33,0.5000
61922,2.34,4.69,14.51,8,14.68,187,0.37,836,0.00,15.00,133,0,0.00,0,8.85,5.18,5.49,14.90,0.00,1,16.91,5.33,0.5000
62024,3.12,4.69,14.51,8,14.68,187,0.37,839,0.00,14.50,133,0,0.00,0,8.85,5.18,5.49,15.00,0.00,1,16.91,5.33,0.5000
62126,3.12,4.69,14.51,8,14.68,187,0.37,848,0.00,15.50,133,0,0.00,0,8.85,5.20,5.49,14.90,0.00,1,16.91,5.33,0.5000
62228,3.12,4.69,14.51,8,14.68,187,0.37,844,0.00,14.50,133,0,0.00,0,8.85,5.20,5.49,14.80,0.00,1,16.91,5.33,0.5000
62330,2.34,4.69,14.51,8,14.68,187,0.37,849,0.00,15.00,133,0,0.00,0,8.85,5.25,5.49,14.80,0.00,1,16.91,5.33,0.5000
62432,3.12,4.69,14.51,8,14.68,187,0.37,859,0.00,14.50,133,0,0.00,0,8.85,5.23,5.49,14.80,0.00,1,16.91,5.33,0.5000
62534,3.12,4.69,14.51,8,14.68,187,0.37,853,0.00,15.50,133,0,0.00,0,8.85,5.18,5.49,14.80,0.00,1,16.91,5.33,0.5000
62636,2.34,4.69,14.51,8,14.68,187,0.37,864,0.00,15.00,133,0,0.00,0,8.71,7.67,5.49,14.80,0.00,1,16.91,5.33,0.5000
62738,2.34,4.69,14.51,8,14.68,187,0.36,863,0.00,15.00,133,0,0.00,0,8.71,5.06,5.49,14.80,0.00,1,16.91,5.33,0.5000
62840,2.34,4.69,14.51,8,14.68,187,0.36,874,0.00,14.50,133,0,0.00,0,8.71,5.16,5.49,14.80,0.00,1,16.91,5.33,0.5000
62942,2.34,4.69,14.51,8,14.68,187,0.36,864,0.00,16.00,133,0,0.00,0,8.71,5.13,5.49,14.60,0.00,1,16.91,5.33,0.5000
63044,2.34,4.69,14.51,8,14.68,187,0.36,868,0.00,16.00,133,0,0.00,0,8.71,5.13,5.49,14.50,0.00,1,16.91,5.33,0.5000
63146,2.34,4.69,14.51,8,14.68,187,0.36,870,0.00,16.00,133,0,0.00,0,8.56,5.18,5.49,14.50,0.00,1,16.91,5.33,0.5000
63248,1.56,4.69,14.51,8,14.67,187,0.36,880,0.00,15.00,133,0,0.00,0,8.56,5.08,5.49,14.50,0.00,1,16.91,5.33,0.5000
63350,1.56,4.69,14.51,8,14.68,187,0.35,876,0.00,16.00,133,0,0.00,0,8.56,5.13,5.49,14.50,0.00,1,16.91,5.34,0.5000
63452,1.56,4.69,14.51,8,14.67,187,0.35,883,0.00,15.50,133,0,0.00,0,8.56,5.16,5.49,14.40,0.00,1,16.91,5.19,0.5000
63554,1.56,4.69,14.51,8,14.68,187,0.35,870,0.00,16.00,133,0,0.00,0,8.42,5.13,5.49,14.50,0.00,1,16.91,5.34,0.5000
63656,1.56,4.69,14.51,8,14.68,187,0.35,874,0.00,16.50,133,0,0.00,0,8.56,5.18,5.49,14.40,0.00,1,16.91,5.33,0.5000
63758,1.56,4.69,14.51,8,14.68,187,0.35,868,0.00,16.50,133,0,0.00,0,8.56,5.18,5.49,14.50,0.00,1,16.91,5.33,0.5000
63860,1.56,4.69,14.51,8,14.68,187,0.35,874,0.00,16.50,133,0,0.00,0,8.42,5.16,5.49,14.40,0.00,1,16.91,5.19,0.5000
63962,1.56,4.69,14.51,8,14.68,187,0.35,871,0.00,16.00,133,0,0.00,0,8.42,5.18,5.49,14.40,0.00,1,16.91,5.33,0.5000
64064,1.56,4.69,14.51,8,14.68,187,0.35,877,0.00,16.50,133,0,0.00,0,8.42,5.08,5.49,14.50,0.00,1,16.91,5.19,0.5000
64166,0.78,4.69,14.51,8,14.68,187,0.35,868,0.00,16.50,133,0,0.00,0,8.42,5.11,5.49,14.50,0.00,1,16.91,5.19,0.5000
64268,0.78,4.69,14.51,8,14.68,187,0.35,874,0.00,17.00,133,0,0.00,0,8.42,5.11,5.49,14.50,0.00,1,16.91,5.19,0.5000
64370,0.78,4.69,14.51,8,14.67,187,0.35,870,0.00,16.50,133,0,0.00,0,8.42,5.00,5.49,14.40,0.00,1,16.91,5.19,0.5000
64472,0.78,4.69,14.51,8,14.68,187,0.35,879,0.00,16.50,133,0,0.00,0,8.42,5.06,5.49,14.50,0.00,1,16.91,5.19,0.5000
64574,0.78,4.69,14.51,8,14.68,187,0.35,866,0.00,16.50,133,0,0.00,0,8.42,5.11,5.49,14.40,0.00,1,16.91,5.19,0.5000
64676,0.78,4.69,14.51,8,14.68,187,0.35,875,0.00,17.00,133,0,0.00,0,8.42,5.06,5.49,14.40,0.00,1,16.91,5.19,0.5000
64778,0.00,4.69,14.51,8,14.68,187,0.35,866,0.00,16.50,133,0,0.00,0,8.42,5.11,5.49,14.30,0.00,1,16.91,5.19,0.5000
64880,0.00,4.69,14.51,8,14.68,187,0.35,867,0.00,17.00,133,0,0.00,0,8.42,5.06,5.49,14.50,0.00,1,16.91,5.19,0.5000
64985,0.00,4.69,14.51,8,14.68,187,0.35,857,0.00,17.00,133,0,0.00,0,8.42,5.03,5.49,14.50,0.00,1,16.91,5.19,0.5000
65084,0.00,4.69,14.51,8,14.68,187,0.35,850,0.00,17.00,133,0,0.00,0,8.42,5.03,5.49,14.50,0.00,1,16.91,5.19,0.5000
65186,0.00,4.69,14.51,8,14.68,187,0.35,854,0.00,17.00,133,0,0.00,0,8.42,4.98,5.49,14.40,0.00,1,16.91,5.04,0.5000
65288,0.00,4.69,14.51,8,14.68,187,0.35,852,0.00,17.00,133,0,0.00,0,8.42,4.98,5.49,14.50,0.00,1,16.91,5.19,0.5000
65390,0.00,4.69,14.51,8,14.68,187,0.35,848,0.00,17.00,133,0,0.00,0,8.42,4.95,5.49,14.50,0.00,1,16.91,5.04,0.5000
65492,0.00,5.47,14.51,8,14.68,187,0.35,840,0.00,17.00,133,0,0.00,0,8.42,4.92,5.49,14.50,0.00,1,16.91,5.04,0.5000
65595,0.00,5.47,14.51,8,14.68,187,0.35,851,0.00,17.00,133,0,0.00,0,8.42,4.98,5.49,14.50,0.00,1,16.91,5.04,0.5000
65696,0.00,5.47,14.51,8,14.68,187,0.35,842,0.00,17.00,133,0,0.00,0,8.42,4.98,5.49,14.50,0.00,1,16.91,5.04,0.5000
65798,0.00,5.47,14.51,8,14.68,187,0.35,843,0.00,17.00,135,0,0.00,0,8.42,4.98,5.49,14.50,0.00,1,16.91,5.04,0.5000
65901,0.00,5.47,14.51,8,14.68,187,0.35,840,0.00,17.00,135,0,0.00,0,8.42,4.98,5.49,14.60,0.00,1,16.91,5.04,0.5000
66002,0.00,5.47,14.51,8,14.69,187,0.35,830,0.00,17.50,135,0,0.00,0,8.56,4.98,5.49,14.60,0.00,1,16.91,5.04,0.5000
66104,0.00,5.47,14.51,8,14.68,187,0.35,843,0.00,17.00,135,0,0.00,0,8.56,5.03,5.49,14.60,0.00,1,16.91,5.04,0.5000
66206,0.00,5.47,14.51,8,14.68,187,0.36,839,0.00,17.00,135,0,0.00,0,8.56,5.00,5.49,14.50,0.00,1,16.91,5.04,0.5000
66308,0.00,5.47,14.51,8,14.68,187,0.36,841,0.00,17.00,135,0,0.00,0,8.56,4.95,5.49,14.50,0.00,1,16.91,5.04,0.5000
66410,0.00,5.47,14.51,8,14.68,187,0.35,827,0.00,17.00,135,0,0.00,0,8.56,4.92,5.49,14.60,0.00,1,16.91,5.04,0.5000
66512,0.00,5.47,14.51,8,14.69,187,0.35,831,0.00,17.00,135,0,0.00,0,8.56,4.98,5.49,14.70,0.00,1,16.91,5.04,0.5000
66614,0.00,5.47,14.51,8,14.68,187,0.36,836,0.00,17.00,135,0,0.00,0,8.56,4.95,5.49,14.70,0.00,1,16.91,5.04,0.5000
66716,0.00,5.47,14.51,8,14.69,187,0.36,827,0.00,17.00,135,0,0.00,0,8.56,4.92,5.49,14.70,0.00,1,16.91,5.04,0.5000
66818,0.00,5.47,14.51,8,14.69,187,0.36,827,0.00,17.00,135,0,0.00,0,8.56,4.98,5.49,14.70,0.00,1,16.91,5.04,0.5000
66920,0.00,5.47,14.51,8,14.69,187,0.36,825,0.00,17.00,135,0,0.00,0,8.56,4.90,5.49,14.60,0.00,1,16.91,5.04,0.5000
67022,0.00,5.47,14.51,8,14.69,187,0.36,824,0.00,17.00,135,0,0.00,0,8.56,4.84,5.49,14.60,0.00,1,16.91,5.04,0.5000
67125,0.00,5.47,14.51,8,14.69,187,0.35,824,0.00,17.00,135,0,0.00,0,8.56,4.84,5.49,14.70,0.00,1,16.91,5.04,0.5000
67227,0.00,5.47,14.51,8,14.69,187,0.35,828,0.00,17.00,135,0,0.00,0,8.56,4.90,5.49,14.60,0.00,1,16.91,4.90,0.5000
67328,0.00,5.47,14.51,8,14.69,187,0.35,835,0.00,17.00,135,0,0.00,0,8.56,4.90,5.10,14.70,0.00,1,16.91,4.90,0.5000
67431,0.00,5.47,14.51,8,14.69,187,0.35,824,0.00,17.00,135,0,0.00,0,8.56,4.84,5.10,14.60,0.00,1,16.91,5.05,0.5000
67533,0.00,5.47,14.51,8,14.69,187,0.35,828,0.00,17.00,135,0,0.00,0,8.56,4.87,5.49,14.70,0.00,1,16.91,5.04,0.5000
67635,0.00,5.47,14.51,8,14.69,187,0.35,833,0.00,17.00,135,0,0.00,0,8.56,4.92,5.49,14.70,0.00,1,16.91,5.04,0.5000
67737,0.00,5.47,14.51,8,14.69,187,0.35,818,0.00,17.00,135,0,0.00,0,8.56,4.92,5.49,14.70,0.00,1,16.91,5.04,0.5000
67839,0.00,5.47,14.51,8,14.69,187,0.35,824,0.00,17.00,135,0,0.00,0,8.56,4.92,5.49,14.80,0.00,1,16.91,5.04,0.5000
67940,0.00,5.47,14.51,8,14.69,187,0.36,810,0.00,17.00,135,0,0.00,0,8.56,4.95,5.49,14.70,0.00,1,16.91,5.04,0.5000
68043,0.00,5.47,14.51,8,14.69,187,0.36,810,0.00,18.00,135,0,0.00,0,8.71,4.95,5.49,14.80,0.00,1,16.91,5.04,0.5000
68145,0.00,5.47,14.51,8,14.69,187,0.36,811,0.00,17.00,135,0,0.00,0,8.71,4.98,5.49,14.70,0.00,1,16.91,5.04,0.5000
68247,0.00,5.47,14.51,8,14.69,187,0.36,812,0.00,17.00,135,0,0.00,0,8.71,4.92,5.49,14.80,0.00,1,16.91,5.04,0.5000
68349,0.00,5.47,14.51,8,14.69,187,0.36,816,0.00,17.50,135,0,0.00,0,8.71,4.92,5.49,14.70,0.00,1,16.91,5.04,0.5000
68451,0.00,5.47,14.51,8,14.69,187,0.36,809,0.00,17.00,135,0,0.00,0,8.71,4.95,5.49,14.70,0.00,1,16.91,5.04,0.5000
68552,0.00,5.47,14.51,8,14.69,187,0.36,813,0.00,17.00,135,0,0.00,0,8.71,4.95,5.49,14.80,0.00,1,16.91,5.04,0.5000
68655,0.00,5.47,14.51,8,14.69,187,0.36,823,0.00,17.00,135,0,0.00,0,8.71,4.92,5.49,14.70,0.00,1,16.91,5.04,0.5000
68757,0.00,5.47,14.51,8,14.69,187,0.36,820,0.00,17.00,135,0,0.00,0,8.71,4.92,5.49,14.80,0.00,1,16.91,5.19,0.5000
68858,0.00,5.47,14.51,8,14.69,187,0.36,828,0.00,17.00,135,0,0.00,0,8.71,4.98,5.49,14.70,0.00,1,16.91,5.04,0.5000
68961,0.00,5.47,14.51,8,14.69,187,0.36,825,0.00,17.00,135,0,0.00,0,8.71,4.92,5.49,14.70,0.00,1,16.91,5.04,0.5000
69063,0.00,5.47,14.51,8,14.69,187,0.36,825,0.00,17.00,135,0,0.00,0,8.71,4.98,5.49,14.80,0.00,1,16.91,5.04,0.5000
69165,0.00,5.47,14.51,8,14.69,187,0.36,830,0.00,17.00,135,0,0.00,0,8.71,4.92,5.49,14.70,0.00,1,16.91,5.04,0.5000
69267,0.00,5.47,14.51,8,14.69,187,0.36,820,0.00,17.00,135,0,0.00,0,8.71,5.00,5.49,14.60,0.00,1,16.91,5.04,0.5000
69369,0.00,5.47,14.51,8,14.69,187,0.36,828,0.00,17.00,135,0,0.00,0,8.71,5.00,5.49,14.70,0.00,1,16.91,5.04,0.5000
69471,0.00,5.47,14.51,8,14.69,187,0.36,822,0.00,17.00,135,0,0.00,0,8.71,4.98,5.49,14.70,0.00,1,16.91,5.04,0.5000
69573,0.00,5.47,14.51,8,14.69,187,0.36,822,0.00,17.00,135,0,0.00,0,8.71,4.98,5.49,14.60,0.00,1,16.91,5.04,0.5000
69675,0.00,5.47,14.51,8,14.69,187,0.36,831,0.00,16.50,135,0,0.00,0,8.71,5.03,5.49,14.70,0.00,1,16.91,5.04,0.5000
69776,0.00,5.47,14.51,8,14.69,187,0.36,820,0.00,17.00,135,0,0.00,0,8.71,5.03,5.49,14.70,0.00,1,16.91,5.04,0.5000
69879,0.00,5.47,14.51,8,14.69,187,0.36,833,0.00,17.00,135,0,0.00,0,8.71,4.98,5.49,14.70,0.00,1,16.91,5.04,0.5000
69981,0.00,5.47,14.51,8,14.68,187,0.36,828,0.00,16.50,135,0,0.00,0,8.71,5.03,5.49,14.70,0.00,1,16.91,5.04,0.5000
70083,0.00,5.47,14.51,8,14.68,187,0.36,835,0.00,16.50,135,0,0.00,0,8.56,5.03,5.49,14.80,0.00,1,16.91,5.04,0.5000
70185,0.00,5.47,14.51,8,14.68,187,0.36,846,0.00,16.50,135,0,0.00,0,8.56,5.03,5.49,14.80,0.00,1,16.91,5.04,0.5000
70287,0.00,5.47,14.51,8,14.68,187,0.36,838,0.00,16.50,135,0,0.00,0,8.56,5.03,5.49,14.50,0.00,1,16.91,5.04,0.5000
70389,0.00,5.47,14.51,8,14.68,187,0.36,847,0.00,16.50,135,0,0.00,0,8.56,4.95,5.49,14.60,0.00,1,16.91,5.04,0.5000
70491,0.00,5.47,14.51,8,14.68,187,0.36,844,0.00,16.50,135,0,0.00,0,8.56,4.92,5.49,14.50,0.00,1,16.91,5.04,0.5000
70593,0.00,5.47,14.51,8,14.68,187,0.35,851,0.00,16.50,135,0,0.00,0,8.56,5.06,5.49,14.50,0.00,1,16.91,5.04,0.5000
70694,0.00,5.47,14.51,8,14.68,187,0.35,848,0.00,16.50,135,0,0.00,0,8.56,4.92,5.49,14.50,0.00,1,16.91,5.19,0.5000
70797,0.00,5.47,14.51,8,14.68,187,0.35,854,0.00,17.00,135,0,0.00,0,8.71,5.03,5.49,14.60,0.00,1,16.91,5.19,0.5000
70899,0.00,5.47,14.51,8,14.68,187,0.35,850,0.00,16.50,135,0,0.00,0,8.71,5.06,5.49,14.60,0.00,1,16.91,5.34,0.5000
71001,0.00,5.47,14.51,8,14.68,187,0.35,842,0.00,17.00,135,0,0.00,0,8.71,5.11,5.49,14.60,0.00,1,16.91,5.19,0.5000
71103,0.00,5.47,14.51,8,14.68,187,0.36,853,0.00,16.50,135,0,0.00,0,8.71,5.03,5.49,14.60,0.00,1,16.91,5.19,0.5000
71205,0.78,5.47,14.51,8,14.68,187,0.36,842,0.00,17.00,135,0,0.00,0,8.71,5.03,5.49,14.80,0.00,1,16.91,5.04,0.5000
71307,0.78,5.47,14.51,8,14.68,187,0.36,851,0.00,17.00,135,0,0.00,0,8.56,5.00,5.49,15.00,0.00,1,16.91,5.04,0.5000
71409,0.78,5.47,14.51,8,14.68,187,0.35,849,0.00,16.50,135,0,0.00,0,8.56,4.92,5.49,15.00,0.00,1,16.91,5.04,0.5000
71511,1.56,5.47,14.51,8,14.68,187,0.35,860,0.00,16.50,135,0,0.00,0,8.56,5.00,5.49,15.00,0.00,1,16.91,5.04,0.5000
71613,1.56,5.47,14.51,8,14.68,187,0.35,843,0.00,16.50,135,0,0.00,0,8.56,4.92,5.49,15.00,0.00,1,16.91,5.04,0.5000
71715,1.56,5.47,14.51,8,14.68,187,0.35,854,0.00,17.00,135,0,0.00,0,8.56,5.00,5.49,15.00,0.00,1,16.91,5.04,0.5000
71817,1.56,5.47,14.51,8,14.68,187,0.35,857,0.00,16.50,135,0,0.00,0,8.56,4.95,5.49,15.00,0.00,1,16.91,5.19,0.5000
71919,1.56,5.47,14.51,8,14.68,187,0.35,845,0.00,17.00,135,0,0.00,0,8.56,5.00,5.49,15.00,0.00,1,16.91,5.19,0.5000
72022,1.56,5.47,14.51,8,14.68,187,0.35,857,0.00,16.50,135,0,0.00,0,8.56,4.98,5.49,14.90,0.00,1,16.91,5.19,0.5000
72123,1.56,5.47,14.51,8,14.68,187,0.35,854,0.00,16.50,135,0,0.00,0,8.56,5.06,5.49,14.80,0.00,1,16.91,5.19,0.5000
72225,1.56,5.47,14.51,8,14.68,187,0.35,856,0.00,16.50,135,0,0.00,0,8.56,5.08,5.49,14.80,0.00,1,16.91,5.19,0.5000
72327,1.56,5.47,14.51,8,14.69,187,0.35,793,0.00,17.50,135,1,0.00,0,8.56,5.08,5.49,14.90,0.00,1,16.91,5.19,0.5000
72429,1.56,5.47,14.51,8,14.69,187,0.37,751,0.00,22.00,135,1,0.00,0,8.85,5.03,5.49,14.80,0.00,1,16.91,5.04,0.5000
72532,1.56,5.47,14.51,8,14.69,187,0.38,707,0.00,22.00,135,1,0.00,0,9.14,4.95,5.49,14.70,0.00,1,16.91,5.04,0.5000
72633,1.56,5.47,14.51,8,14.69,187,0.39,684,0.00,22.00,135,1,0.00,0,9.43,4.92,5.49,14.80,0.00,1,16.91,5.04,0.5000
72735,1.56,5.47,14.51,8,14.69,187,0.40,692,0.00,22.00,135,1,0.00,0,9.58,4.84,5.49,14.80,0.00,1,16.91,5.04,0.5000
72837,1.56,5.47,14.51,8,14.69,187,0.41,692,0.00,22.00,135,0,0.00,0,9.72,4.87,5.49,14.80,0.00,1,16.91,5.19,0.5000
72939,1.56,5.47,14.51,8,14.69,187,0.41,698,0.00,21.50,135,0,0.00,0,9.72,4.95,5.49,14.80,0.00,1,16.91,5.04,0.5000
73041,0.78,5.47,14.51,8,14.69,187,0.41,716,0.00,21.50,135,0,0.00,0,9.72,2.59,5.49,14.80,0.00,1,21.81,5.47,0.5000
73143,0.78,5.47,14.51,8,14.68,187,0.42,717,0.00,22.00,135,0,0.00,0,10.59,6.96,8.63,14.70,0.00,1,22.32,10.48,0.5000
73245,0.78,4.69,14.51,8,14.67,187,0.47,773,0.00,24.00,135,0,0.00,0,12.48,8.45,12.94,14.50,0.00,1,25.43,12.16,0.5000
73347,0.00,4.69,14.51,8,14.63,187,0.52,916,0.00,26.00,135,0,0.00,0,12.91,8.27,12.94,14.50,0.00,1,27.92,12.16,0.5000
73449,-2.34,4.69,14.51,8,14.62,187,0.52,1015,0.00,27.50,135,0,0.00,0,12.77,8.14,12.16,14.40,0.00,1,28.75,11.44,0.5000
73551,-1.56,3.91,14.51,8,14.61,187,0.50,1084,0.00,27.50,135,0,0.00,0,12.04,7.83,10.20,14.20,0.00,1,28.31,9.24,0.5000
73653,3.12,3.91,14.51,8,14.62,187,0.47,1088,0.00,26.50,135,0,0.00,0,11.03,7.13,8.24,14.10,0.00,1,26.92,7.37,0.5000
73756,6.25,3.91,14.51,8,14.63,187,0.44,1051,0.00,25.50,135,0,0.00,0,10.59,7.03,7.45,13.80,0.00,1,25.90,7.37,0.5000
73857,9.38,3.91,14.51,8,14.64,187,0.43,1001,0.00,24.50,135,0,0.00,0,10.30,7.46,8.24,15.20,0.00,1,25.00,7.95,0.5000
73959,9.38,3.12,14.51,8,14.64,187,0.44,958,0.00,24.50,135,0,0.00,0,10.59,7.92,8.63,15.70,0.00,1,25.08,8.39,0.5000
74061,8.59,3.12,14.51,8,14.64,187,0.46,956,0.00,25.00,135,0,0.00,0,10.74,7.78,8.63,16.00,0.00,1,25.81,8.24,0.5000
74163,7.81,3.12,14.51,8,14.63,187,0.47,949,0.00,25.50,135,0,0.00,0,10.88,7.74,8.63,15.70,0.00,1,26.35,8.24,0.5000
74266,7.81,3.12,14.51,8,14.63,187,0.47,976,0.00,25.50,135,0,0.00,0,10.88,7.19,8.63,15.80,0.00,1,26.43,7.22,0.5000
74367,7.03,3.12,14.51,8,14.63,187,0.46,1006,0.00,25.50,135,0,0.00,0,10.59,7.18,7.84,15.20,0.00,1,26.19,7.37,0.5000
74469,6.25,2.34,14.51,8,14.63,187,0.45,1007,0.00,25.50,135,0,0.00,0,10.30,7.48,8.24,15.00,0.00,1,25.85,7.81,0.5000
74572,5.47,2.34,14.51,8,14.63,187,0.45,1015,0.00,25.50,135,0,0.00,0,10.30,7.66,8.24,15.00,0.00,1,25.82,7.66,0.5000
74673,4.69,2.34,14.51,8,14.63,187,0.45,1022,0.00,25.50,135,0,0.00,0,10.30,10.22,8.24,14.40,0.00,1,25.88,7.81,0.5000
74775,4.69,2.34,14.51,8,14.63,187,0.45,1020,0.00,25.50,135,0,0.00,0,10.30,7.61,8.24,14.50,0.00,1,25.99,7.81,0.5000
74876,4.69,2.34,14.51,8,14.63,187,0.45,1010,0.00,25.50,135,0,0.00,0,10.30,7.57,8.24,14.30,0.00,1,25.93,7.66,0.5000
74979,4.69,2.34,14.51,8,14.63,187,0.45,1015,0.00,25.50,135,0,0.00,0,10.59,8.16,9.41,14.30,0.00,1,26.15,8.68,0.5000
75082,4.69,2.34,14.51,8,14.63,187,0.46,1025,0.00,26.00,135,0,0.00,0,10.74,8.16,9.02,14.40,0.00,1,26.76,8.53,0.5000
75183,5.47,0.00,14.51,8,14.63,187,0.47,1026,0.00,26.50,135,0,0.00,0,10.74,8.29,9.02,14.50,0.00,1,27.13,8.53,0.5000
75285,5.47,0.00,14.51,8,14.62,187,0.48,1030,0.00,26.50,135,0,0.00,0,10.74,8.25,9.02,14.50,0.00,1,27.31,8.53,0.5000
75388,7.03,0.00,14.51,8,14.62,187,0.48,1042,0.00,26.50,135,0,0.00,0,10.88,8.11,9.02,14.70,0.00,1,27.24,8.53,0.5000
75489,7.81,0.00,14.51,8,14.62,187,0.47,1054,0.00,26.50,135,0,0.00,0,10.74,8.07,9.02,14.80,0.00,1,27.23,8.53,0.5000
75592,8.59,0.00,14.51,8,14.62,187,0.47,1066,0.00,26.50,135,0,0.00,0,10.59,7.89,8.63,15.00,0.00,1,27.08,8.10,0.5000
75694,8.59,0.00,14.51,8,14.62,187,0.46,1069,0.00,26.00,135,0,0.00,0,10.45,8.16,8.63,15.00,0.00,1,26.94,8.10,0.5000
75796,7.81,0.00,14.51,8,14.62,187,0.45,1085,0.00,26.50,135,0,0.00,0,10.30,7.40,7.45,15.00,0.00,1,26.62,7.22,0.5000
75898,7.81,0.00,14.51,8,14.62,187,0.43,1088,0.00,26.00,135,0,0.00,0,9.87,7.30,7.45,15.10,0.00,1,25.94,7.22,0.5000
76001,7.81,0.00,14.51,8,14.62,187,0.42,1090,0.00,25.50,135,0,0.00,0,9.58,7.49,7.84,15.10,0.00,1,25.44,7.22,0.5000
76102,7.03,0.00,14.51,8,14.63,187,0.42,1080,0.00,25.00,135,0,0.00,0,9.58,7.40,7.84,14.40,0.00,1,25.14,7.37,0.5000
76205,6.25,0.00,14.51,8,14.63,187,0.42,1072,0.00,25.00,135,0,0.00,0,9.43,7.39,7.84,14.40,0.00,1,25.15,7.37,0.5000
76306,5.47,0.00,14.51,8,14.63,187,0.42,1053,0.00,25.00,135,0,0.00,0,9.43,7.54,7.84,14.40,0.00,1,25.12,7.37,0.5000
76408,5.47,0.00,14.51,8,14.63,187,0.42,1054,0.00,25.00,135,0,0.00,0,9.58,7.44,7.84,14.40,0.00,1,25.25,7.37,0.5000
76511,5.47,0.00,14.51,8,14.63,187,0.42,1064,0.00,25.00,135,0,0.00,0,9.58,7.44,7.84,14.30,0.00,1,25.20,7.37,0.5000
76612,5.47,0.00,14.51,8,14.63,187,0.42,1090,0.00,25.00,135,0,0.00,0,9.43,7.44,7.84,14.30,0.00,1,25.29,7.37,0.5000
76715,5.47,0.00,14.51,8,14.63,187,0.42,1098,0.00,25.00,135,0,0.00,0,9.43,7.49,7.84,14.30,0.00,1,25.35,7.37,0.5000
76817,5.47,0.00,14.51,8,14.63,187,0.41,1108,0.00,25.00,135,0,0.00,0,9.43,7.54,7.84,14.30,0.00,1,25.45,7.37,0.5000
76919,5.47,0.00,14.51,8,14.62,187,0.41,1102,0.00,25.00,135,0,0.00,0,9.29,7.49,7.84,14.50,0.00,1,25.42,7.37,0.5000
77021,5.47,0.00,14.51,8,14.62,187,0.41,1100,0.00,25.00,135,0,0.00,0,9.29,7.58,7.45,14.50,0.00,1,25.39,7.22,0.5000
77122,6.25,0.00,14.51,8,14.62,187,0.41,1104,0.00,25.50,135,0,0.00,0,9.29,7.49,7.45,14.50,0.00,1,25.40,7.23,0.5000
77224,6.25,0.00,14.51,8,14.62,187,0.41,1111,0.00,25.50,135,0,0.00,0,9.14,7.05,7.45,14.30,0.00,1,25.25,6.18,0.5000
77327,6.25,0.00,14.51,8,14.62,187,0.40,1110,0.00,22.00,135,0,0.00,0,8.56,5.75,5.88,14.80,0.00,1,22.98,5.33,0.5000
77428,5.47,0.00,14.51,8,14.62,187,0.36,1109,0.00,20.50,135,0,0.00,0,8.13,5.49,5.49,14.60,0.00,1,20.71,5.33,0.5000
77531,5.47,0.00,14.51,8,14.63,187,0.34,1080,0.00,20.00,135,0,0.00,0,7.98,5.42,5.49,14.60,0.00,1,19.06,5.33,0.5000
77633,4.69,0.00,14.51,8,14.64,187,0.33,1046,0.00,20.00,135,0,0.00,0,7.84,5.54,5.49,14.50,0.00,1,18.05,5.33,0.5000
77734,4.69,0.78,14.51,8,14.64,187,0.32,1028,0.00,19.50,135,0,0.00,0,7.84,5.58,5.49,14.40,0.00,1,16.91,5.33,0.5000
77837,4.69,0.78,14.51,8,14.64,187,0.32,1026,0.00,19.00,135,0,0.00,0,7.98,5.56,5.49,14.30,0.00,1,16.91,5.34,0.5000
77938,4.69,0.78,14.51,8,14.64,187,0.32,1023,0.00,20.00,135,0,0.00,0,7.98,5.39,5.49,14.30,0.00,1,16.91,5.19,0.5000
78041,4.69,1.56,14.51,8,14.65,187,0.32,1016,0.00,20.50,135,0,0.00,0,8.13,5.42,5.49,14.30,0.00,1,16.91,5.19,0.5000
78143,5.47,1.56,14.51,8,14.65,187,0.32,993,0.00,20.00,135,0,0.00,0,8.13,5.44,5.49,14.40,0.00,1,16.91,5.19,0.5000
78244,5.47,1.56,14.51,8,14.65,187,0.32,989,0.00,21.00,135,0,0.00,0,8.13,5.54,5.88,14.50,0.00,1,16.91,5.63,0.5000
78347,5.47,1.56,14.51,8,14.65,187,0.33,984,0.00,21.00,135,0,0.00,0,8.13,5.54,5.88,14.50,0.00,1,16.91,5.63,0.5000
78449,6.25,0.00,14.51,8,14.65,187,0.33,963,0.00,21.00,135,0,0.00,0,8.13,5.58,5.88,14.60,0.00,1,16.91,5.63,0.5000
78552,6.25,0.00,14.51,8,14.66,187,0.34,952,0.00,22.00,135,0,0.00,0,8.13,5.56,5.88,14.80,0.00,1,16.91,5.63,0.5000
78653,6.25,0.00,14.51,8,14.67,187,0.34,924,0.00,22.00,135,0,0.00,0,8.27,5.56,5.88,14.80,0.00,1,16.91,5.48,0.5000
78755,6.25,0.00,14.51,8,14.67,187,0.35,912,0.00,22.00,135,0,0.00,0,8.27,5.51,5.88,14.80,0.00,1,16.91,5.48,0.5000
78857,6.25,0.78,14.51,8,14.67,187,0.35,890,0.00,22.00,135,0,0.00,0,8.27,5.44,5.88,14.90,0.00,1,16.91,5.48,0.5000
78959,5.47,0.78,14.51,8,14.67,187,0.36,884,0.00,22.00,135,0,0.00,0,8.56,5.73,6.67,14.90,0.00,1,16.91,6.35,0.5000
79061,5.47,0.00,14.51,8,14.68,187,0.37,860,0.00,22.00,135,0,0.00,0,8.85,5.73,6.67,14.80,0.00,1,16.91,6.21,0.5000
79163,5.47,0.00,14.51,8,14.68,187,0.38,871,0.00,22.00,135,0,0.00,0,9.00,5.61,6.27,15.00,0.00,1,16.91,5.63,0.5000
79265,5.47,0.00,14.51,8,14.68,187,0.38,868,0.00,22.00,135,0,0.00,0,9.00,5.56,5.88,14.60,0.00,1,16.91,5.48,0.5000
79367,5.47,0.00,14.51,8,14.68,187,0.38,880,0.00,21.50,135,0,0.00,0,9.00,5.42,5.88,14.50,0.00,1,16.91,5.48,0.5000
79469,5.47,0.00,14.51,8,14.68,187,0.38,871,0.00,21.50,135,0,0.00,0,8.85,5.20,5.49,14.40,0.00,1,16.91,5.33,0.5000
79571,5.47,0.78,14.51,8,14.68,187,0.37,868,0.00,21.50,135,0,0.00,0,8.85,5.32,5.49,14.50,0.00,1,16.91,6.21,0.5000
79673,5.47,0.78,14.51,8,14.68,187,0.37,853,0.00,22.00,135,0,0.00,0,9.00,5.61,6.67,14.20,0.00,1,16.91,6.21,0.5000
79775,5.47,0.00,14.51,8,14.68,187,0.38,849,0.00,22.00,135,0,0.00,0,9.29,5.68,6.67,14.60,0.00,1,16.91,6.21,0.5000
79876,5.47,0.00,14.51,8,14.68,187,0.39,834,0.00,22.00,135,0,0.00,0,9.43,5.63,6.27,14.80,0.00,1,16.91,6.06,0.5000
79979,5.47,0.00,14.51,8,14.69,187,0.39,830,0.00,22.00,135,0,0.00,0,9.58,5.70,6.27,14.50,0.00,1,16.91,6.06,0.5000
80081,6.25,0.00,14.51,8,14.69,187,0.40,832,0.00,21.50,135,0,0.00,0,9.72,5.58,6.27,14.50,0.00,1,16.91,6.06,0.5000
80183,6.25,0.00,14.51,8,14.69,187,0.40,825,0.00,21.50,135,0,0.00,0,9.72,5.63,6.27,14.50,0.00,1,16.91,6.06,0.5000
80285,7.03,0.00,14.51,8,14.68,187,0.40,837,0.00,20.50,135,0,0.00,0,9.72,5.63,6.27,15.00,0.00,1,16.91,5.95,0.5000
80387,7.81,0.00,14.51,8,14.68,187,0.40,833,0.00,19.50,135,0,0.00,0,9.72,5.58,6.27,15.20,0.00,1,16.91,5.77,0.5000
80489,7.81,0.00,14.51,8,14.68,187,0.40,843,0.00,17.50,135,0,0.00,0,9.58,5.47,5.49,15.20,0.00,1,18.13,5.65,0.5000
80591,7.81,0.00,14.51,8,14.68,187,0.40,834,0.00,19.50,135,0,0.00,0,9.72,6.58,7.45,15.40,0.00,1,20.17,7.24,0.5000
80693,8.59,0.00,14.51,8,14.68,187,0.43,852,0.00,23.00,135,0,0.00,0,12.19,10.07,13.73,15.40,0.00,1,24.17,14.33,0.5000
80796,8.59,0.00,14.51,8,14.63,187,0.13,957,0.00,26.00,135,0,0.00,0,13.20,10.13,16.08,15.40,0.00,1,28.25,15.36,0.5000
80897,7.03,0.00,14.51,8,14.61,187,0.54,1094,0.00,28.50,135,0,0.00,0,13.35,9.84,16.08,15.10,0.00,1,30.46,15.36,0.5000
81000,7.81,0.00,14.51,8,14.60,187,0.53,1198,0.00,29.50,135,0,0.00,0,13.06,10.19,15.29,14.80,0.00,1,30.93,14.78,0.5000
81101,10.94,0.00,14.51,8,14.60,187,0.52,1228,0.00,30.00,135,0,0.00,0,12.91,11.06,15.69,15.00,0.00,1,31.52,14.49,0.5000
81203,16.41,0.00,14.51,8,14.60,187,0.53,1212,0.00,30.00,135,0,0.00,0,12.77,10.97,14.90,15.70,0.00,1,31.71,13.91,0.5000
81305,21.88,0.00,14.51,8,14.60,187,0.53,1235,0.00,30.50,135,0,0.00,0,12.62,11.23,14.51,16.60,0.00,1,32.54,13.91,0.5000
81407,23.44,0.00,14.51,8,14.60,187,0.54,1269,0.00,31.50,135,0,0.00,0,12.48,11.93,14.51,16.80,0.00,1,33.67,13.69,0.5000
81509,22.66,0.00,14.51,8,14.60,187,0.55,1304,0.00,33.00,135,0,0.00,0,12.19,11.76,13.73,16.40,0.00,1,34.99,12.89,0.5000
81611,20.31,0.00,14.51,8,14.60,187,0.55,1344,0.00,33.50,135,0,0.00,0,12.04,12.29,13.73,15.50,0.00,1,35.20,12.75,0.5000
81713,18.75,0.00,14.51,8,14.59,187,0.55,1342,0.00,34.00,135,0,0.00,0,11.90,12.81,13.33,16.70,0.00,1,35.43,12.75,0.5000
81815,16.41,0.00,14.51,8,14.59,187,0.55,1345,0.00,34.00,135,0,0.00,0,11.75,12.72,13.33,14.20,0.00,1,35.71,12.75,0.5000
81917,14.84,0.00,14.51,8,14.59,187,0.56,1356,0.00,34.00,135,0,0.00,0,11.75,12.81,13.33,13.90,0.00,1,35.63,12.75,0.5000
82020,12.50,0.00,14.51,8,14.59,187,0.56,1352,0.00,34.00,135,0,0.00,0,11.75,12.99,13.73,13.90,0.00,1,35.19,12.75,0.5000
82123,10.94,0.00,14.51,8,14.59,187,0.57,1343,0.00,34.00,135,0,0.00,0,11.75,12.99,13.33,13.70,0.00,1,35.39,12.75,0.5000
82224,10.16,0.00,14.51,8,14.59,187,0.57,1364,0.00,33.50,135,0,0.00,0,11.61,11.93,12.55,13.70,0.00,1,35.67,11.74,0.5000
82326,8.59,0.00,14.51,8,14.59,187,0.54,1359,0.00,33.50,135,0,0.00,0,9.72,8.68,7.84,13.70,0.00,1,33.35,7.22,0.5000
82429,7.03,0.00,14.51,8,14.60,187,0.48,1260,0.00,30.00,135,0,0.00,0,9.29,8.14,7.06,13.70,0.00,1,29.52,7.08,0.5000
82530,4.69,0.00,14.51,8,14.60,187,0.44,1162,0.00,27.00,135,0,0.00,0,8.85,7.87,7.06,13.40,0.00,1,27.03,6.65,0.5000
82632,3.91,0.00,14.51,8,14.62,187,0.43,1094,0.00,25.50,135,0,0.00,0,8.71,7.22,6.67,13.00,0.00,1,25.47,6.35,0.5000
82734,3.12,0.00,14.51,8,14.64,187,0.42,1000,0.00,24.50,135,0,0.00,0,8.71,7.02,6.67,13.00,0.00,1,24.64,6.20,0.5000
82836,1.56,0.00,14.51,8,14.65,187,0.43,932,0.00,24.00,135,0,0.00,0,8.85,7.07,6.67,12.90,0.00,1,24.28,6.78,0.5000
82938,0.78,0.00,14.51,8,14.65,187,0.44,900,0.00,24.00,135,0,0.00,0,9.14,7.55,7.45,12.90,0.00,1,24.85,7.08,0.5000
83040,-0.78,0.00,14.51,8,14.64,187,0.46,897,0.00,24.50,135,0,0.00,0,9.72,7.82,7.84,12.90,0.00,1,25.65,7.66,0.5000
83142,-3.12,0.00,14.51,8,14.63,187,0.48,921,0.00,25.50,135,0,0.00,0,10.45,8.50,9.02,12.80,0.00,1,26.83,8.68,0.5000
83244,-4.69,0.00,14.51,8,14.62,187,0.50,962,0.00,26.50,135,0,0.00,0,10.88,8.68,9.41,12.80,0.00,1,27.80,8.82,0.5000
83346,-4.69,0.00,14.51,8,14.62,187,0.51,996,0.00,27.00,135,0,0.00,0,11.17,8.63,9.41,12.80,0.00,1,28.52,8.82,0.5000
83448,-2.34,0.00,14.51,8,14.62,187,0.51,1044,0.00,27.50,135,0,0.00,0,11.03,8.82,9.41,13.10,0.00,1,28.83,8.82,0.5000
83550,-0.78,0.00,14.51,8,14.61,187,0.51,1083,0.00,27.50,135,0,0.00,0,10.88,8.09,8.24,13.50,0.00,1,28.61,7.66,0.5000
83653,-0.78,0.00,14.51,8,14.61,187,0.48,1103,0.00,27.50,135,0,0.00,0,10.30,8.05,8.24,13.90,0.00,1,27.97,7.66,0.5000
83755,0.00,0.00,14.51,8,14.62,187,0.47,1079,0.00,26.50,135,0,0.00,0,10.01,7.96,7.84,14.30,0.00,1,27.17,7.66,0.5000
83857,0.00,0.00,14.51,8,14.62,187,0.46,1060,0.00,26.00,135,0,0.00,0,10.01,8.94,8.24,14.30,0.00,1,26.89,8.70,0.5000
83958,0.00,0.00,14.51,8,14.62,187,0.47,1053,0.00,27.00,135,0,0.00,0,11.03,10.57,11.37,15.50,0.00,1,27.92,11.58,0.5000
84060,-1.56,0.00,14.51,8,14.61,187,0.51,1092,0.00,29.00,135,0,0.00,0,11.75,11.32,12.55,14.70,0.00,1,30.51,12.16,0.5000
84162,-1.56,0.00,14.51,8,14.61,187,0.55,1149,0.00,30.00,135,0,0.00,0,12.19,11.16,12.94,14.50,0.00,1,31.40,12.31,0.5000
84265,0.78,0.00,14.51,8,14.60,187,0.56,1194,0.00,30.00,135,0,0.00,0,12.19,11.24,12.94,14.40,0.00,1,31.74,12.46,0.5000
84366,3.12,0.00,14.51,8,14.60,187,0.56,1214,0.00,30.50,135,0,0.00,0,12.19,11.77,12.94,13.90,0.00,1,32.03,12.46,0.5000
84469,7.03,0.00,14.51,8,14.60,187,0.57,1225,0.00,31.00,135,0,0.00,0,12.19,11.60,12.94,15.30,0.00,1,32.38,12.46,0.5000
84571,9.38,0.00,14.51,8,14.60,187,0.57,1246,0.00,31.50,135,0,0.00,0,12.04,11.77,12.94,15.90,0.00,1,32.93,12.31,0.5000
84673,10.94,0.00,14.51,8,14.60,187,0.56,1269,0.00,32.00,135,0,0.00,0,11.90,11.86,12.94,16.00,0.00,1,33.98,12.31,0.5000
84774,10.94,0.00,14.51,8,14.60,187,0.56,1294,0.00,32.50,135,0,0.00,0,11.90,12.47,13.33,16.00,0.00,1,34.55,12.89,0.5000
84877,9.38,0.00,14.51,8,14.60,187,0.57,1333,0.00,33.00,135,0,0.00,0,11.90,13.35,14.12,15.20,0.00,1,34.64,13.76,0.5000
84978,10.16,0.00,14.51,8,14.59,187,0.58,1351,0.00,33.50,135,0,0.50,0,12.19,13.89,14.51,15.20,0.00,1,34.97,14.20,0.5000
85080,10.94,0.00,14.51,8,14.59,187,0.59,1378,0.00,34.00,135,0,0.50,0,12.33,14.33,15.29,15.00,0.00,1,35.80,14.78,0.5000
85183,10.16,0.00,14.51,8,14.59,187,0.60,1427,0.00,34.50,135,0,0.50,0,12.33,14.48,15.69,14.50,0.00,1,36.02,14.78,0.5000
85284,8.59,0.00,14.51,8,14.59,187,0.61,1440,0.00,35.00,135,0,0.50,0,12.33,14.62,15.69,14.40,0.00,1,36.91,14.64,0.5000
85387,7.03,0.00,14.51,8,14.59,187,0.61,1472,0.00,35.50,135,0,0.50,0,12.19,14.70,15.29,14.20,0.00,1,37.03,14.64,0.5000
85489,6.25,0.00,14.51,8,14.58,187,0.60,1467,0.00,36.00,135,0,0.50,0,12.19,14.84,15.29,14.00,0.00,1,37.40,14.64,0.5000
85590,5.47,0.00,14.51,8,14.58,187,0.61,1486,0.00,35.50,135,0,0.50,0,12.19,15.28,15.29,14.00,0.00,1,37.24,14.64,0.5000
85693,4.69,0.00,14.51,8,14.58,187,0.61,1478,0.00,36.00,136,0,0.50,0,12.19,15.43,15.29,14.00,0.00,1,37.52,14.64,0.5000
85794,3.91,0.00,14.51,8,14.59,187,0.61,1498,0.00,36.00,136,0,0.50,0,12.19,15.43,15.29,14.10,0.00,1,37.32,14.64,0.5000
85897,3.12,0.00,14.51,8,14.58,187,0.62,1494,0.00,36.00,136,0,0.50,0,12.19,15.43,15.29,14.20,0.00,1,37.72,14.64,0.5000
85999,2.34,0.00,14.51,8,14.58,187,0.62,1517,0.00,36.00,136,0,0.50,0,12.19,15.36,15.69,14.20,0.00,1,37.77,14.78,0.5000
86101,1.56,0.00,14.51,8,14.58,187,0.61,1553,0.00,37.50,136,0,0.50,0,11.90,15.21,14.51,14.20,0.00,1,39.66,14.06,0.5000
86203,0.00,0.00,14.51,8,14.58,187,0.59,1586,0.00,39.00,136,0,0.50,0,11.75,15.36,14.90,14.20,0.00,1,40.60,14.05,0.5000
86305,-0.78,0.00,14.51,8,14.58,187,0.58,1609,0.00,39.00,136,0,0.50,0,11.75,15.65,14.90,14.10,0.00,1,40.75,14.05,0.5000
86407,0.00,0.00,14.51,8,14.58,187,0.58,1612,0.00,39.00,136,0,0.50,0,11.75,16.36,14.90,14.30,0.00,1,40.66,14.49,0.5000
86509,0.78,0.00,14.51,8,14.58,187,0.59,1608,0.00,39.00,136,1,0.50,0,11.90,16.28,15.69,14.50,0.00,1,40.48,15.36,0.5000
86610,1.56,0.00,14.51,8,14.58,187,0.60,1626,0.00,39.00,136,1,0.50,0,12.19,17.46,16.47,14.10,0.00,1,40.27,15.94,0.5000
86713,3.91,0.00,14.51,8,14.58,187,0.62,1663,0.00,38.50,136,1,0.50,0,12.48,17.75,17.25,14.70,0.00,1,39.88,16.38,0.5000
86815,4.69,0.00,14.51,8,14.58,187,0.63,1696,0.00,38.50,136,1,0.50,0,12.48,17.75,17.25,15.30,0.00,1,39.91,16.38,0.5000
86917,4.69,0.00,14.51,8,14.58,187,0.63,1731,0.00,38.50,136,2,0.50,0,12.33,18.05,16.86,15.10,0.00,1,40.37,16.23,0.5000
87019,4.69,0.00,14.51,8,14.58,187,0.63,1752,0.00,39.00,136,2,0.50,0,12.19,18.54,16.86,15.00,0.00,1,40.45,16.23,0.5000
87121,4.69,0.00,14.51,8,14.58,187,0.63,1766,0.00,39.00,136,3,0.50,0,12.19,18.84,16.86,14.60,0.00,1,40.44,16.23,0.5000
87223,5.47,0.00,14.51,8,14.58,187,0.63,1781,0.00,39.00,136,3,0.50,0,12.19,18.74,16.86,14.80,0.00,1,40.54,16.38,0.5000
87325,5.47,0.00,14.51,8,14.58,187,0.63,1797,0.00,39.00,136,4,0.50,0,12.04,18.85,16.86,14.50,0.00,1,40.67,16.23,0.5000
87426,4.69,0.00,14.51,8,14.58,187,0.63,1811,0.00,39.00,136,4,0.50,0,12.04,19.07,16.86,14.50,0.00,1,40.78,16.23,0.5000
87529,5.47,0.00,14.51,8,14.57,187,0.63,1824,0.00,39.00,136,5,0.50,0,12.04,18.95,16.86,14.50,0.00,1,40.93,16.23,0.5000
87631,4.69,0.00,14.51,8,14.57,187,0.63,1837,0.00,39.50,136,5,0.50,0,12.04,19.07,16.86,14.60,0.00,1,41.08,16.38,0.5000
87733,5.47,0.00,14.51,8,14.57,187,0.63,1835,0.00,39.50,136,6,0.50,0,11.90,19.28,16.86,14.50,0.00,1,41.30,16.23,0.5000
87835,5.47,0.00,14.51,8,14.57,187,0.63,1846,0.00,39.50,136,6,0.50,0,11.90,19.63,16.86,14.50,0.00,1,41.40,16.23,0.5000
87937,5.47,0.00,14.51,8,14.57,187,0.63,1856,0.00,39.50,136,7,0.50,0,11.90,19.86,16.86,14.50,0.00,1,41.41,16.23,0.5000
88039,5.47,0.00,14.51,8,14.57,187,0.63,1886,0.00,39.50,136,8,0.50,0,11.90,19.87,16.86,14.50,0.00,1,41.35,16.23,0.5000
88141,4.69,0.00,14.51,8,14.57,187,0.63,1895,0.00,39.50,136,8,0.50,0,11.75,19.88,16.86,14.50,0.00,1,41.39,16.23,0.5000
88243,4.69,0.00,14.51,8,14.57,187,0.63,1906,0.00,39.50,136,9,0.00,0,11.75,19.88,16.86,14.40,0.00,1,41.53,16.23,0.5000
88345,4.69,0.00,14.51,8,14.57,187,0.63,1903,0.00,40.00,136,9,0.00,0,11.75,19.53,16.86,14.40,0.00,1,41.82,16.23,0.5000
88447,4.69,0.00,14.51,8,14.57,187,0.63,1913,0.00,40.00,136,10,0.00,0,11.75,20.22,16.86,14.60,0.00,1,41.94,16.23,0.5000
88549,4.69,0.00,14.51,8,14.57,187,0.63,1936,0.00,40.00,136,10,0.00,0,11.75,20.11,16.86,14.50,0.00,1,41.88,16.23,0.5000
88651,4.69,0.00,14.51,8,14.57,187,0.63,1931,0.00,40.00,136,10,0.00,0,11.61,19.76,16.86,14.40,0.00,1,42.24,16.23,0.5000
88753,4.69,0.00,14.51,8,14.57,187,0.62,1939,0.00,40.50,136,11,0.00,0,11.46,19.42,16.86,14.50,0.00,1,42.50,15.65,0.5000
88855,4.69,0.00,14.51,8,14.57,187,0.61,1956,0.00,40.50,136,12,0.00,0,11.46,19.90,16.47,14.50,0.00,1,42.63,15.79,0.5000
88957,4.69,0.00,14.51,8,14.57,187,0.61,1964,0.00,40.50,136,12,0.00,0,11.46,20.01,16.86,14.40,0.00,1,42.88,15.94,0.5000
89059,4.69,0.00,14.51,8,14.57,187,0.61,1964,0.00,41.00,136,12,0.00,0,11.46,20.01,16.47,14.50,0.00,1,42.93,15.79,0.5000
89161,4.69,0.00,14.51,8,14.57,187,0.61,1990,0.00,41.00,136,13,0.00,0,11.46,19.90,16.86,14.50,0.00,1,43.02,15.95,0.5000
89263,4.69,0.00,14.51,8,14.57,187,0.60,1986,0.00,41.00,136,13,0.00,0,11.32,20.12,16.86,14.50,0.00,1,43.30,15.95,0.5000
89365,4.69,0.00,14.51,8,14.57,187,0.60,1996,0.00,41.50,136,14,0.00,0,11.32,19.90,16.86,14.50,0.00,1,43.46,15.95,0.5000
89467,5.47,0.00,14.51,8,14.58,187,0.60,2026,0.00,41.50,136,14,0.00,0,11.32,20.24,16.86,14.60,0.00,1,43.47,15.95,0.5000
89569,5.47,0.00,14.51,8,14.58,187,0.60,2021,0.00,41.50,136,15,0.00,0,11.32,20.15,16.86,14.50,0.00,1,43.48,15.94,0.5000
89671,5.47,0.00,14.51,8,14.58,187,0.60,2044,0.00,41.50,136,15,0.00,0,11.32,20.37,16.86,14.60,0.00,1,43.54,15.94,0.5000
89773,5.47,0.00,14.51,8,14.58,187,0.60,2033,0.00,41.50,136,15,0.00,0,11.32,19.92,16.47,14.70,0.00,1,43.63,15.80,0.5000
89875,5.47,0.00,14.51,8,14.58,187,0.59,2060,0.00,42.00,136,16,0.00,0,11.32,19.34,16.47,14.50,0.00,1,43.85,15.51,0.5000
89977,4.69,0.00,14.51,8,14.58,187,0.58,2049,0.00,42.00,136,16,0.00,0,11.17,19.80,16.47,14.50,0.00,1,44.21,15.51,0.5000
90079,5.47,0.00,14.51,8,14.58,187,0.58,2068,0.00,42.50,136,16,0.00,0,11.03,19.68,16.08,14.50,0.00,1,44.23,15.22,0.5000
90181,4.69,0.00,14.51,8,14.58,187,0.57,2056,0.00,42.50,136,17,0.00,0,10.88,18.71,15.69,14.50,0.00,1,44.51,14.78,0.5000
90283,3.91,0.00,14.51,8,14.58,187,0.56,2068,0.00,43.00,136,17,0.00,0,10.59,17.92,14.90,14.50,0.00,1,45.01,13.91,0.5000
90385,2.34,0.00,14.51,8,14.58,187,0.54,2043,0.00,43.00,136,17,0.00,0,10.30,20.40,14.51,14.20,0.00,1,44.33,13.76,0.5000
90487,0.78,0.00,14.51,8,14.58,187,0.53,2050,0.00,42.50,136,17,0.00,0,10.30,18.33,14.51,14.00,0.00,1,44.19,14.34,0.5000
90589,1.56,0.00,14.51,8,14.58,187,0.54,2031,0.00,43.00,136,16,0.00,0,10.45,19.14,15.29,14.20,0.00,1,44.62,14.78,0.5000
90691,3.12,0.00,14.51,8,14.58,187,0.55,2045,0.00,43.00,136,12,0.00,0,10.88,20.96,16.47,14.10,0.00,1,44.54,16.09,0.5000
90793,6.25,0.00,14.51,8,14.58,187,0.58,2046,0.00,41.50,136,10,0.00,0,11.90,22.91,19.22,15.10,0.00,1,43.04,18.56,0.5000
90895,8.59,0.00,14.51,8,14.57,187,0.63,2086,0.00,40.00,136,8,0.00,0,12.48,23.41,20.78,15.50,0.00,1,41.79,20.16,0.5000
90997,10.94,0.00,14.51,8,14.57,187,0.66,2027,0.00,24.00,136,8,0.00,0,12.77,23.41,21.57,15.50,0.00,1,40.97,20.45,0.5000
91099,12.50,0.00,14.51,8,14.56,187,0.68,1971,0.00,23.50,136,7,0.00,0,13.06,22.91,21.18,15.50,0.00,1,40.02,20.30,0.5000
91200,10.94,0.00,14.51,8,14.57,187,0.70,1936,0.00,37.50,136,7,0.50,0,13.06,22.91,21.18,15.00,0.00,1,39.46,20.30,0.5000
91303,10.16,0.00,14.51,8,14.57,187,0.71,1910,0.00,37.50,136,7,0.50,0,13.06,22.67,21.18,14.40,0.00,1,39.19,20.30,0.5000
91405,8.59,0.00,14.51,8,14.57,187,0.71,1884,0.00,37.50,136,6,0.50,0,13.20,22.56,21.18,14.30,0.00,1,38.95,20.30,0.5000
91507,7.03,0.00,14.51,8,14.57,187,0.72,1856,0.00,37.50,136,5,1.00,0,13.35,22.45,21.18,14.10,0.00,1,38.53,20.30,0.5000
91609,6.25,0.00,14.51,8,14.57,187,0.72,1851,0.00,37.00,135,5,1.00,0,13.35,22.22,21.18,14.00,0.00,1,38.26,20.30,0.5000
91711,4.69,0.00,14.51,8,14.57,187,0.72,1848,0.00,37.00,135,4,1.00,0,13.35,22.33,21.18,14.10,0.00,1,38.21,20.30,0.5000
91813,4.69,0.00,14.51,8,14.57,187,0.72,1848,0.00,37.00,135,4,1.00,0,13.35,22.22,21.18,14.00,0.00,1,38.20,20.30,0.5000
91915,3.91,0.00,14.51,8,14.57,187,0.72,1836,-2.00,37.00,135,4,1.00,1,13.49,22.22,21.18,14.10,0.00,1,38.33,20.30,0.5000
92017,3.12,0.00,14.51,8,14.57,187,0.73,1838,-2.00,35.00,135,4,-1.00,1,13.35,22.22,21.18,14.20,0.00,1,38.29,20.30,0.5000
92119,3.12,0.00,14.51,8,14.57,187,0.73,1841,-2.00,35.00,135,4,-1.00,1,13.49,22.33,21.18,14.20,0.00,1,38.38,20.30,0.5000
92221,2.34,0.00,14.51,8,14.57,187,0.72,1844,-2.00,35.00,135,3,-1.00,1,13.49,22.44,21.18,14.30,0.00,1,38.38,20.30,0.5000
92323,3.12,0.00,14.51,8,14.57,187,0.73,1862,-2.00,35.00,135,3,-1.00,1,13.49,22.67,21.18,14.40,0.00,1,38.27,20.30,0.5000
92425,2.34,0.00,14.51,8,14.57,187,0.73,1864,-2.00,35.00,135,3,-1.00,1,13.49,22.67,21.18,14.40,0.00,1,38.18,20.30,0.5000
92527,2.34,0.00,14.51,8,14.57,187,0.73,1868,-2.00,35.00,135,3,-1.00,1,13.35,22.67,21.18,14.40,0.00,1,38.27,20.30,0.5000
92629,2.34,0.00,14.51,8,14.57,187,0.73,1859,-2.00,35.00,135,3,-1.00,1,13.49,22.82,21.18,14.40,0.00,1,38.39,20.30,0.5000
92731,2.34,0.00,14.51,8,14.57,187,0.73,1864,-2.00,35.00,135,3,-1.00,1,13.49,22.69,21.18,14.40,0.00,1,38.36,20.30,0.5000
92833,2.34,0.00,14.51,8,14.57,187,0.73,1865,-2.00,35.00,135,3,-1.00,1,13.49,22.69,21.18,14.50,0.00,1,38.40,20.30,0.5000
92935,1.56,0.00,14.51,8,14.57,187,0.73,1883,-2.00,35.00,135,3,-1.00,1,13.49,22.82,21.18,14.50,0.00,1,38.30,20.30,0.5000
93038,2.34,0.00,14.51,8,14.57,187,0.73,1888,-2.00,35.00,135,3,-1.00,1,13.35,22.93,21.18,14.40,0.00,1,38.30,20.30,0.5000
93139,2.34,0.00,14.51,8,14.57,187,0.73,1876,-2.00,35.00,135,3,-1.00,1,13.49,23.18,21.18,14.50,0.00,1,38.43,20.30,0.5000
93241,2.34,0.00,14.51,8,14.57,187,0.74,1881,-2.00,35.00,135,4,-1.00,1,13.35,20.49,21.18,14.40,0.00,1,38.37,20.30,0.5000
93343,2.34,0.00,14.51,8,14.57,187,0.73,1881,-2.00,35.00,135,4,-1.00,1,13.35,25.49,21.18,14.40,0.00,1,38.35,20.30,0.5000
93446,2.34,0.00,14.51,8,14.57,187,0.73,1900,-2.00,35.00,135,4,-1.00,1,13.35,22.84,21.18,14.50,0.00,1,38.37,20.30,0.5000
93547,2.34,0.00,14.51,8,14.57,187,0.73,1907,-2.00,35.00,135,5,-1.00,1,13.35,23.32,21.57,14.50,0.00,1,38.40,20.45,0.5000
93649,2.34,0.00,14.51,8,14.57,187,0.74,1896,-2.00,35.00,135,4,-1.00,1,13.49,23.20,21.18,14.40,0.00,1,38.55,20.30,0.5000
93751,2.34,0.00,14.51,8,14.57,187,0.73,1899,-2.00,35.00,135,5,-1.00,1,13.49,24.31,21.96,14.60,0.00,1,38.39,21.17,0.5000
93853,3.12,0.00,14.51,8,14.57,187,0.75,1919,-2.00,35.00,135,5,-1.00,1,13.64,24.05,22.35,14.50,0.00,1,38.12,21.17,0.5000
93955,3.12,0.00,14.51,8,14.57,187,0.75,1926,-1.00,35.00,135,6,0.00,1,13.64,24.18,22.35,14.60,0.00,1,38.09,21.18,0.5000
94057,3.12,0.00,14.51,8,14.57,187,0.75,1907,-1.00,36.00,135,6,0.00,1,13.49,23.69,21.96,14.60,0.00,1,38.13,20.45,0.5000
94159,2.34,0.00,14.51,8,14.57,187,0.75,1859,-1.00,36.00,135,7,0.00,1,13.49,23.58,21.18,14.50,0.00,1,37.75,20.30,0.5000
94262,1.56,0.00,14.51,8,14.57,187,0.76,1843,-1.00,36.00,133,7,0.50,1,13.49,23.45,21.18,14.30,0.00,1,37.60,20.30,0.5000
94363,1.56,0.00,14.51,8,14.58,187,0.76,1854,-1.00,35.50,133,7,0.50,1,13.49,23.69,21.18,14.20,0.00,1,37.46,20.30,0.5000
94465,0.78,0.00,14.51,8,14.58,185,0.76,1855,-1.00,35.50,133,7,0.50,1,13.49,23.21,21.18,14.30,0.00,1,37.43,20.01,0.5000
94568,0.00,0.00,14.51,8,14.58,185,0.76,1856,-1.00,35.50,133,8,0.00,1,13.49,23.21,21.18,14.30,0.00,1,37.48,20.31,0.5000
94670,0.00,0.00,14.51,8,14.57,185,0.75,1843,-3.00,35.50,133,8,-2.00,2,13.49,23.21,21.18,14.40,0.00,1,37.60,20.16,0.5000
94773,0.00,0.00,14.51,8,14.57,185,0.76,1846,-3.00,34.00,133,9,-2.00,2,13.49,23.20,21.18,14.30,0.00,1,37.66,20.16,0.5000
94875,0.00,0.00,14.51,8,14.57,185,0.76,1848,-3.00,34.00,133,9,-2.00,2,13.49,23.45,21.18,14.50,0.00,1,37.67,20.16,0.5000
94976,0.00,0.00,14.51,8,14.57,185,0.76,1862,-3.00,34.00,133,9,-1.50,2,13.49,23.57,21.18,14.50,0.00,1,37.47,20.16,0.5000
95078,0.00,0.00,14.51,8,14.57,185,0.76,1867,-3.00,33.50,133,10,-2.00,2,13.49,23.69,21.18,14.50,0.00,1,37.53,20.16,0.5000
95181,0.00,0.00,14.51,8,14.57,185,0.76,1868,-3.00,33.50,133,10,-2.00,2,13.49,23.69,21.18,14.40,0.00,1,37.52,20.01,0.5000
95282,0.00,0.00,14.51,8,14.57,185,0.76,1853,-3.00,33.50,133,10,-2.00,2,13.49,23.57,21.18,14.40,0.00,1,37.56,20.01,0.5000
95385,0.00,0.00,14.51,8,14.57,185,0.76,1855,-3.00,33.50,133,11,-2.00,2,13.49,23.45,21.18,14.50,0.00,1,37.59,20.01,0.5000
95486,-0.78,0.00,14.51,8,14.57,185,0.76,1859,-3.00,34.00,133,11,-2.00,2,13.49,23.82,21.18,14.40,0.00,1,37.68,20.01,0.5000
95589,-0.78,0.00,14.51,8,14.57,185,0.76,1878,-7.00,32.00,133,11,-6.00,3,13.49,23.57,21.18,14.40,0.00,1,37.66,20.01,0.5000
95691,0.00,0.00,14.51,8,14.57,185,0.76,1876,-7.00,29.50,133,11,-5.50,3,13.49,23.95,21.18,14.40,0.00,1,37.44,20.01,0.5000
95792,-0.78,0.00,14.51,8,14.57,185,0.77,1876,-7.00,29.50,131,12,-5.50,3,13.49,23.70,21.18,14.40,0.00,1,37.34,20.01,0.5000
95894,-0.78,0.00,14.51,8,14.57,185,0.76,1869,-7.00,29.50,131,12,-6.00,3,13.49,23.70,21.18,14.40,0.00,1,37.58,20.01,0.5000
95997,-0.78,0.00,14.51,8,14.57,185,0.76,1872,-7.00,30.00,131,13,-6.00,3,13.49,23.70,21.18,14.40,0.00,1,37.73,20.01,0.5000
96099,0.00,0.00,14.51,8,14.57,185,0.76,1878,-7.00,30.00,131,13,-6.00,3,13.49,23.70,21.18,14.40,0.00,1,37.84,20.01,0.5000
96201,0.00,0.00,14.51,8,14.57,185,0.75,1896,-7.00,30.00,131,13,-6.00,3,13.35,23.70,20.78,14.60,0.00,1,37.79,19.58,0.5000
96302,0.00,0.00,14.51,8,14.57,185,0.75,1897,-7.00,30.00,131,13,-6.00,3,13.35,24.06,20.39,14.40,0.00,1,37.81,19.58,0.5000
96405,0.00,0.00,14.51,8,14.57,185,0.76,1885,-7.00,30.00,131,13,-6.00,3,13.35,23.94,20.78,14.50,0.00,1,37.85,19.58,0.5000
96507,-0.78,0.00,14.51,8,14.57,185,0.76,1885,-7.00,30.00,131,10,-6.00,3,13.35,23.83,20.39,14.40,0.00,1,37.75,19.58,0.5000
96609,0.00,0.00,14.51,8,14.57,185,0.76,1904,-7.00,30.00,131,8,-6.00,3,13.35,23.71,20.39,14.40,0.00,1,37.74,19.58,0.5000
96711,-0.78,0.00,14.51,8,14.57,185,0.76,1906,-7.00,30.00,131,7,-6.00,3,13.35,23.95,20.39,14.50,0.00,1,37.86,19.58,0.5000
96813,-0.78,0.00,14.51,8,14.57,185,0.75,1906,-7.00,30.00,131,6,-6.00,3,13.35,23.58,20.39,14.40,0.00,1,37.87,19.58,0.5000
96914,-0.78,0.00,14.51,8,14.57,185,0.75,1886,-7.00,30.00,131,5,-6.00,3,13.35,23.71,20.39,14.40,0.00,1,37.94,19.58,0.5000
97017,-0.78,0.00,14.51,8,14.57,185,0.75,1882,-7.00,30.00,131,4,-6.00,3,13.35,23.83,20.39,14.50,0.00,1,37.94,19.58,0.5000
97118,-1.56,0.00,14.51,8,14.57,185,0.76,1895,-7.00,29.50,131,4,-6.00,3,13.35,23.95,20.39,14.40,0.00,1,37.70,19.58,0.5000
97221,-1.56,0.00,14.51,8,14.57,185,0.76,1898,-7.00,29.50,131,3,-6.00,3,13.35,23.95,20.39,14.40,0.00,1,37.77,19.58,0.5000
97323,-1.56,0.00,14.51,8,14.57,185,0.76,1883,-7.00,30.00,131,3,-6.00,3,13.35,23.82,20.39,14.50,0.00,1,37.86,19.58,0.5000
97424,-1.56,0.00,14.51,8,14.57,185,0.76,1886,-7.00,30.00,131,2,-6.00,3,13.35,23.82,20.39,14.50,0.00,1,37.98,19.58,0.5000
97527,-1.56,0.00,14.51,8,14.57,185,0.75,1893,-7.00,30.00,129,2,-6.00,3,13.35,23.70,20.39,14.50,0.00,1,37.93,19.58,0.5000
97629,-1.56,0.00,14.51,8,14.57,185,0.75,1910,-6.00,31.00,129,2,-5.00,3,13.35,23.70,20.39,14.40,0.00,1,38.00,19.58,0.5000
97730,-1.56,0.00,14.51,8,14.57,185,0.75,1915,-6.00,31.00,129,2,-5.00,3,13.35,23.70,20.39,14.40,0.00,1,38.03,19.58,0.5000
97834,-1.56,0.00,14.51,8,14.57,185,0.75,1906,-6.00,31.00,129,2,-5.00,3,13.35,23.58,20.39,14.50,0.00,1,38.21,19.58,0.5000
97935,-1.56,0.00,14.51,8,14.57,185,0.75,1909,-6.00,31.00,129,2,-5.00,3,13.35,23.70,20.39,14.50,0.00,1,38.30,19.43,0.5000
98037,-1.56,0.00,14.51,8,14.57,185,0.74,1926,-6.00,31.00,129,2,-5.50,3,12.91,21.72,18.43,14.50,0.00,1,38.70,16.75,0.5000
98139,-3.12,0.00,14.51,8,14.57,185,0.71,1914,-6.00,31.50,129,2,-5.50,3,12.04,20.34,15.69,14.40,0.00,1,39.60,14.93,0.5000
98241,-5.47,0.00,14.51,8,14.57,185,0.67,1860,-6.00,32.50,129,2,-5.50,3,11.75,19.99,15.29,14.10,0.00,1,40.31,14.49,0.5000
98343,-7.03,0.00,14.51,8,14.57,185,0.66,1832,-6.00,33.00,129,2,-5.50,3,11.46,19.53,14.90,13.90,0.00,1,40.40,14.34,0.5000
98445,-7.81,0.00,14.51,8,14.57,185,0.65,1819,-6.00,33.00,129,3,-5.50,3,11.46,19.53,14.90,13.80,0.00,1,40.44,14.34,0.5000
98547,-8.59,0.00,14.51,8,14.57,185,0.65,1840,-6.00,32.50,129,3,-5.50,3,11.46,19.53,14.90,13.90,0.00,1,40.55,14.34,0.5000
98650,-7.81,0.00,14.51,8,14.57,185,0.64,1843,-6.00,33.00,129,3,-5.50,3,11.46,19.64,14.90,14.20,0.00,1,40.65,14.34,0.5000
98751,-7.81,0.00,14.51,8,14.57,185,0.64,1849,-6.00,33.00,129,4,-5.50,3,11.46,19.55,14.90,14.30,0.00,1,40.80,14.34,0.5000
98855,-7.03,0.00,14.51,8,14.57,185,0.64,1857,-6.00,33.00,129,4,-5.50,3,11.32,19.66,14.90,14.50,0.00,1,40.92,14.34,0.5000
98956,-7.03,0.00,14.51,8,14.57,185,0.64,1853,-6.00,33.50,129,4,-5.50,3,11.46,20.01,15.29,14.80,0.00,1,41.18,14.64,0.5000
99058,-6.25,0.00,14.51,8,14.57,185,0.64,1862,-6.00,33.50,129,5,-5.50,3,11.46,20.12,15.69,14.70,0.00,1,41.15,14.78,0.5000
99160,-4.69,0.00,14.51,8,14.57,185,0.64,1869,-6.00,33.50,129,5,-5.50,3,11.46,20.01,15.69,14.80,0.00,1,41.22,14.78,0.5000
99263,-4.69,0.00,14.51,8,14.57,185,0.64,1898,-6.00,33.50,129,5,-5.50,3,11.32,19.44,15.29,14.80,0.00,1,41.31,14.64,0.5000
99364,-3.91,0.00,14.51,8,14.57,185,0.63,1909,-6.00,33.50,129,6,-6.00,3,11.32,19.55,15.29,14.80,0.00,1,41.63,14.64,0.5000
99467,-3.91,0.00,14.51,8,14.57,185,0.62,1902,-6.00,34.00,129,6,-6.00,3,11.32,19.78,15.29,14.80,0.00,1,42.00,14.64,0.5000
99568,-3.12,0.00,14.51,8,14.57,185,0.62,1908,-6.00,34.00,129,7,-6.00,3,11.32,19.80,15.29,14.60,0.00,1,42.11,14.64,0.5000
99671,-2.34,0.00,14.51,8,14.57,185,0.62,1933,-5.00,35.00,129,7,-5.00,3,11.17,19.56,15.29,14.80,0.00,1,42.25,14.49,0.5000
99772,-2.34,0.00,14.51,8,14.57,185,0.61,1942,-5.00,35.50,129,7,-5.00,3,11.17,19.36,15.29,14.80,0.00,1,42.43,14.49,0.5000
99874,-1.56,0.00,14.51,8,14.57,185,0.61,1938,-5.00,36.00,129,8,-5.00,3,11.03,19.56,15.29,14.80,0.00,1,42.89,14.49,0.5000
99976,-0.78,0.00,14.51,8,14.57,185,0.60,1966,-5.00,36.00,129,9,-5.00,3,11.03,19.56,15.29,14.90,0.00,1,42.96,14.64,0.5000
100078,0.00,0.00,14.51,8,14.57,185,0.60,1978,-5.00,36.00,129,8,-5.00,3,11.03,19.57,15.69,14.60,0.00,1,43.13,14.64,0.5000
100180,0.78,0.00,14.51,8,14.58,185,0.60,1973,-5.00,36.50,129,9,-5.00,3,11.03,19.68,15.29,14.70,0.00,1,43.39,14.64,0.5000
100282,0.78,0.00,14.51,8,14.58,185,0.60,2002,-5.00,36.50,129,10,-5.00,3,11.03,19.82,15.29,14.90,0.00,1,43.39,14.64,0.5000
100386,0.78,0.00,14.51,8,14.58,185,0.60,2000,-5.00,36.50,129,10,-5.00,3,11.03,19.59,15.29,14.80,0.00,1,43.60,14.64,0.5000
100487,1.56,0.00,14.51,8,14.58,185,0.59,2026,-5.00,36.50,129,10,-5.00,3,11.03,19.35,15.29,14.80,0.00,1,43.86,14.64,0.5000
100590,1.56,0.00,14.51,8,14.58,185,0.58,2037,-5.00,37.00,129,11,-5.00,3,10.88,19.35,15.29,14.60,0.00,1,44.05,14.64,0.5000
100692,2.34,0.00,14.51,8,14.58,185,0.58,2036,-5.00,37.50,127,11,-5.00,3,10.88,18.75,15.29,14.70,0.00,1,44.16,14.20,0.5000
100794,2.34,0.00,14.51,8,14.58,185,0.56,2059,-5.00,38.00,127,11,-5.00,3,9.87,15.47,12.16,14.60,0.00,1,44.54,10.57,0.5000
100896,-1.56,0.00,14.51,8,14.58,185,0.50,2014,-4.92,36.50,127,12,-5.00,3,8.71,13.16,9.80,14.30,0.00,1,41.64,8.54,0.5000
100998,-7.03,0.00,14.51,8,14.57,185,0.44,1991,-4.86,33.50,127,12,-5.00,3,7.84,10.79,8.24,13.70,0.00,1,37.84,7.66,0.5000
101100,-11.72,0.00,14.51,8,14.56,185,0.37,1945,-4.84,31.50,127,12,-5.00,3,7.11,9.98,7.84,13.10,0.00,1,35.88,7.22,0.5000
101202,-13.28,0.00,14.51,8,14.55,185,0.34,1934,-4.76,30.50,127,13,-5.00,3,6.82,9.75,7.45,13.00,0.00,1,34.84,7.22,0.5000
101304,-14.06,0.00,14.51,8,14.55,185,0.32,1943,-4.70,29.50,127,14,-4.50,3,6.53,9.26,7.45,13.10,0.00,1,33.38,7.23,0.5000
101405,-14.06,0.00,14.51,8,14.55,185,0.30,1936,-4.65,32.00,127,14,0.00,3,6.38,8.91,7.45,13.50,0.00,1,30.77,6.94,0.5000
101508,-14.84,0.00,14.51,8,14.56,185,0.29,1738,-4.60,13.50,127,15,0.00,3,6.24,8.63,7.06,14.00,0.00,1,26.27,6.64,0.5000
101609,-14.06,0.00,14.51,8,14.58,185,0.30,1495,-4.59,23.00,127,15,0.00,3,6.24,8.32,6.67,14.10,0.00,1,21.25,6.35,0.5000
101712,0.00,0.00,14.51,10,14.60,185,0.32,1224,-4.53,19.00,127,16,0.00,3,6.53,7.73,6.27,14.20,0.00,1,18.23,5.77,0.5000
101814,0.00,0.00,14.51,10,14.61,185,0.35,1164,-4.53,17.00,127,14,0.00,3,6.82,7.27,5.88,14.30,0.00,1,16.91,5.63,0.5000
101916,0.00,0.00,14.51,10,14.63,185,0.37,1064,-4.47,22.00,127,4,0.00,3,6.96,6.88,5.49,14.50,0.00,1,16.91,5.33,0.5000
102018,0.00,0.00,14.51,10,14.65,185,0.38,975,-4.44,22.00,127,1,0.00,3,7.25,6.78,5.49,14.60,0.00,1,16.91,5.19,0.5000
102120,0.00,0.00,14.51,10,14.64,185,0.39,1041,-4.42,21.50,127,0,0.00,3,7.55,6.59,5.49,15.30,0.00,1,16.91,5.48,0.5000
102221,0.00,0.00,14.51,10,14.62,187,0.38,1124,-4.38,16.00,127,0,0.00,3,7.55,6.83,5.88,14.60,0.00,1,16.91,5.63,0.5000
102324,0.00,0.00,14.51,10,14.61,187,0.37,1182,-4.35,17.00,127,0,0.00,3,7.40,6.54,5.88,13.40,0.00,1,16.91,5.33,0.5000
102425,0.00,0.00,14.51,10,14.60,187,0.36,1229,-4.32,17.00,127,0,0.00,3,7.11,6.39,5.49,12.20,0.00,1,17.17,5.33,0.5000
102528,0.00,0.00,14.51,10,14.60,187,0.33,1262,-4.31,17.50,127,0,0.00,3,6.96,6.39,5.88,11.60,0.00,1,17.31,5.48,0.5000
102630,0.00,0.00,14.51,10,14.60,187,0.32,1280,-4.25,17.50,127,0,0.00,4,6.67,6.39,5.88,11.60,0.00,1,17.36,5.77,0.5000
102732,0.00,0.00,14.51,10,14.60,187,0.31,1301,-4.22,17.50,127,0,0.00,4,6.82,6.49,5.88,11.80,0.00,1,17.37,5.77,0.5000
102834,0.00,0.00,14.51,10,14.60,187,0.31,1309,-4.18,17.50,127,0,0.00,4,6.82,6.49,5.88,12.10,0.00,1,17.45,5.77,0.5000
102936,0.00,0.00,14.51,10,14.60,187,0.30,1306,-4.14,17.50,127,0,0.00,4,6.82,6.49,5.88,12.10,0.00,1,17.47,5.77,0.5000
103038,0.00,0.00,14.51,10,14.60,187,0.30,1304,-4.10,17.50,127,0,0.00,4,6.82,6.49,5.88,12.70,0.00,1,17.55,5.77,0.5000
103140,0.00,0.00,14.51,10,14.60,187,0.30,1321,-4.07,17.50,127,0,0.00,4,6.67,6.39,5.88,13.00,0.00,1,17.55,5.77,0.5000
103242,0.00,0.00,14.51,10,14.60,187,0.29,1330,-4.03,17.50,127,0,0.00,4,6.67,6.34,5.88,13.40,0.00,1,17.55,5.63,0.5000
103343,0.00,0.00,14.51,10,14.59,187,0.29,1324,-4.00,17.50,127,0,0.00,4,6.53,6.24,5.88,13.60,0.00,1,17.56,5.62,0.5000
103446,0.00,0.00,14.51,10,14.59,187,0.29,1324,-3.96,17.50,127,0,0.00,4,6.53,6.19,5.88,13.70,0.00,1,17.59,5.77,0.5000
103548,0.00,0.00,14.51,10,14.60,187,0.28,1317,-3.93,17.50,127,0,0.00,4,6.38,6.19,5.88,14.10,0.00,1,17.53,5.77,0.5000
103650,0.00,0.00,14.51,10,14.60,187,0.28,1303,-3.90,17.50,127,0,0.00,4,6.38,6.19,5.88,14.20,0.00,1,17.38,5.62,0.5000
103752,0.00,0.00,14.51,10,14.60,187,0.29,1300,-3.86,17.50,127,0,0.00,4,6.38,6.14,5.88,14.20,0.00,1,17.41,5.77,0.5000
103854,0.00,0.00,14.51,10,14.60,187,0.28,1288,-3.82,17.50,127,0,0.00,4,6.38,6.10,5.88,14.20,0.00,1,17.44,5.63,0.5000
103956,0.00,0.00,14.51,10,14.60,187,0.28,1269,-3.78,17.50,127,0,0.00,4,6.38,6.00,5.88,14.30,0.00,1,17.33,5.63,0.5000
104058,0.00,0.00,14.51,10,14.60,187,0.28,1276,-3.75,17.50,127,0,0.00,4,6.38,5.90,5.88,14.20,0.00,1,17.32,5.63,0.5000
104159,0.00,0.00,14.51,10,14.60,187,0.28,1278,-3.72,17.00,129,0,0.00,4,6.38,6.00,5.88,14.30,0.00,1,17.28,5.63,0.5000
104262,0.00,0.00,14.51,10,14.60,187,0.28,1276,-3.70,17.00,129,0,0.00,4,6.38,5.83,5.88,14.30,0.00,1,17.26,5.63,0.5000
104364,0.00,0.00,14.51,10,14.60,187,0.28,1256,-3.65,17.50,129,0,0.00,4,6.38,6.00,5.88,14.30,0.00,1,17.21,5.63,0.5000
104466,0.00,0.00,14.51,10,14.60,187,0.28,1259,-3.62,17.50,129,0,0.00,4,6.38,5.85,5.88,14.30,0.00,1,17.22,5.62,0.5000
104568,0.00,0.00,14.51,10,14.60,187,0.28,1258,-3.58,17.50,129,0,0.00,4,6.38,5.83,5.88,14.30,0.00,1,17.27,5.63,0.5000
104670,0.00,0.00,14.51,10,14.60,187,0.28,1260,-3.56,17.00,129,0,0.00,4,6.38,5.80,5.88,14.30,0.00,1,17.29,5.63,0.5000
104772,0.00,0.00,14.51,10,14.60,187,0.28,1273,-3.51,17.00,129,0,0.00,4,6.38,5.83,5.88,14.40,0.00,1,17.30,5.63,0.5000
104874,0.00,0.00,14.51,10,14.60,187,0.28,1270,-3.48,17.00,129,0,0.00,4,6.38,5.80,5.88,14.40,0.00,1,17.20,5.63,0.5000
104976,0.00,0.00,14.51,10,14.60,187,0.27,1256,-3.44,17.00,129,0,0.00,4,6.53,5.73,5.88,14.50,0.00,1,17.13,5.63,0.5000
105078,0.00,0.00,14.51,10,14.60,187,0.28,1239,-3.41,17.00,129,0,0.00,4,6.53,5.73,5.88,14.30,0.00,1,17.12,5.63,0.5000
105180,0.00,0.00,14.51,10,14.60,187,0.28,1233,-3.38,17.00,129,0,0.00,4,6.53,5.73,5.88,14.40,0.00,1,17.09,5.63,0.5000
105282,0.00,0.00,14.51,10,14.60,187,0.28,1224,-3.34,17.00,129,0,0.00,4,6.53,5.73,5.88,14.50,0.00,1,17.11,5.63,0.5000
105384,0.00,0.00,14.51,8,14.60,187,0.28,1217,-3.31,17.00,129,0,0.00,4,6.53,5.71,5.88,14.50,0.00,1,17.06,5.63,0.5000
105486,0.00,0.00,14.51,8,14.60,187,0.28,1213,-3.27,17.00,129,0,0.00,4,6.67,5.64,5.88,14.50,0.00,1,17.06,5.48,0.5000
105588,0.78,0.00,14.51,8,14.60,187,0.28,1214,-3.24,17.00,129,0,0.00,4,6.67,5.68,5.88,14.80,0.00,1,17.04,5.48,0.5000
105690,0.78,0.00,14.51,8,14.60,187,0.28,1220,-3.21,17.00,129,0,0.00,4,6.67,5.64,5.88,14.80,0.00,1,17.02,5.63,0.5000
105793,0.78,0.00,14.51,8,14.60,187,0.28,1215,-3.18,17.00,129,0,0.00,4,6.67,5.71,5.88,14.80,0.00,1,16.99,5.63,0.5000
105895,0.78,0.00,14.51,8,14.60,187,0.28,1213,-3.14,17.00,129,0,0.00,4,6.67,5.68,5.88,14.70,0.00,1,16.98,5.48,0.5000
105997,1.56,0.00,14.51,8,14.60,187,0.28,1212,-3.11,17.00,129,0,0.00,4,6.67,5.56,5.88,14.80,0.00,1,16.92,5.63,0.5000
106099,1.56,0.00,14.51,8,14.60,187,0.28,1210,-3.08,17.00,129,0,0.00,4,6.67,5.54,5.88,14.90,0.00,1,16.92,5.48,0.5000
106201,1.56,0.00,14.51,8,14.61,187,0.28,1209,-3.05,17.00,129,0,0.00,4,6.67,5.54,5.88,14.80,0.00,1,16.91,5.63,0.5000
106303,1.56,0.00,14.51,8,14.61,187,0.28,1200,-3.02,17.00,129,0,0.00,4,6.82,5.66,5.88,14.90,0.00,1,16.91,5.48,0.5000
106405,1.56,0.00,14.51,8,14.61,187,0.28,1181,-2.98,17.00,129,0,0.00,4,6.82,5.59,5.88,14.70,0.00,1,16.91,5.48,0.5000
106507,1.56,0.00,14.51,8,14.61,187,0.28,1170,-2.95,17.00,129,0,0.00,4,6.82,5.59,5.88,14.70,0.00,1,16.91,5.48,0.5000
106609,2.34,0.00,14.51,8,14.61,187,0.28,1167,-2.92,17.00,129,0,0.00,4,6.82,5.54,5.88,14.80,0.00,1,16.91,5.48,0.5000
106711,2.34,0.78,14.51,8,14.61,187,0.29,1164,-2.89,17.00,129,0,0.00,4,6.82,5.52,5.88,14.80,0.00,1,16.91,5.48,0.5000
106812,2.34,0.78,14.51,8,14.62,187,0.29,1156,-2.86,20.00,129,0,0.00,4,6.82,5.54,5.88,14.80,0.00,1,16.91,5.48,0.5000
106915,2.34,0.78,14.51,8,14.62,187,0.29,1154,-2.82,19.50,129,0,0.00,4,6.96,5.59,5.88,14.80,0.00,1,16.91,5.48,0.5000
107017,2.34,0.00,14.51,8,14.62,187,0.29,1150,-2.79,20.00,129,0,0.00,4,6.96,5.45,5.88,14.80,0.00,1,16.91,5.48,0.5000
107119,2.34,0.00,14.51,8,14.62,187,0.29,1142,-2.76,19.50,129,0,0.00,4,6.96,5.47,5.88,14.70,0.00,1,16.91,5.48,0.5000
107221,2.34,0.78,14.51,8,14.62,187,0.29,1130,-2.74,19.50,129,0,0.00,4,6.96,5.49,5.88,14.90,0.00,1,16.91,5.48,0.5000
107323,2.34,0.78,14.51,8,14.62,187,0.29,1126,-2.71,19.50,129,0,0.00,4,6.96,5.49,5.88,14.70,0.00,1,16.91,5.48,0.5000
107425,2.34,0.78,14.51,8,14.62,187,0.29,1120,-2.67,18.50,129,0,0.00,4,6.96,5.49,5.49,14.50,0.00,1,16.91,5.33,0.5000
107527,2.34,1.56,14.51,8,14.62,187,0.29,1101,-2.64,19.50,129,0,0.00,4,6.96,5.47,5.49,14.50,0.00,1,16.91,5.33,0.5000
107628,2.34,1.56,14.51,8,14.62,187,0.29,1094,-2.61,19.50,129,0,0.00,4,6.96,5.45,5.49,14.60,0.00,1,16.91,5.33,0.5000
107731,2.34,1.56,14.51,8,14.63,187,0.29,1087,-2.59,21.00,129,0,0.00,4,7.11,5.45,5.49,14.60,0.00,1,16.91,5.33,0.5000
107833,2.34,1.56,14.51,8,14.63,187,0.30,1080,-2.55,21.50,129,0,0.00,4,7.11,5.45,5.49,14.60,0.00,1,16.91,5.33,0.5000
107935,2.34,1.56,14.51,8,14.63,187,0.30,1071,-2.52,21.50,129,0,0.00,4,7.11,5.54,5.49,14.50,0.00,1,16.91,5.33,0.5000
108037,2.34,2.34,14.51,8,14.64,187,0.30,1056,-2.50,21.50,129,0,0.00,4,7.25,5.49,5.49,14.70,0.00,1,16.91,5.19,0.5000
108139,2.34,2.34,14.51,8,14.64,187,0.31,1039,-2.46,21.50,129,0,0.00,4,7.25,5.35,5.49,14.50,0.00,1,16.91,5.19,0.5000
108241,1.56,2.34,14.51,8,14.64,187,0.31,1034,-2.44,21.50,129,0,0.00,4,7.25,5.42,5.49,14.60,0.00,1,16.91,5.19,0.5000
108343,1.56,2.34,14.51,8,14.65,187,0.31,1019,-2.41,22.00,129,0,0.00,4,7.40,5.45,5.49,14.50,0.00,1,16.91,5.19,0.5000
108446,0.78,2.34,14.51,8,14.65,187,0.31,998,-2.38,22.00,129,0,0.00,4,7.55,5.40,5.49,14.40,0.00,1,16.91,5.19,0.5000
108547,0.78,3.12,14.51,8,14.65,187,0.32,986,-2.37,22.00,129,0,0.00,4,7.55,5.42,5.49,14.30,0.00,1,16.91,5.48,0.5000
108649,0.00,3.12,14.51,8,14.65,187,0.32,977,-2.33,22.00,129,0,0.00,4,7.69,5.52,5.88,14.30,0.00,1,16.91,5.63,0.5000
108751,0.00,3.12,14.51,8,14.66,187,0.33,961,-2.30,22.00,129,0,0.00,4,7.98,5.54,5.88,14.30,0.00,1,16.91,5.63,0.5000
108853,0.00,3.12,14.51,8,14.66,187,0.33,961,-2.28,22.00,129,0,0.00,4,8.13,5.54,5.88,14.30,0.00,1,16.91,5.63,0.5000
108955,0.00,5.47,14.51,8,14.66,187,0.34,944,-2.26,22.00,129,0,0.00,4,8.27,5.56,5.88,14.20,0.00,1,16.91,5.48,0.5000
109057,-0.78,5.47,14.51,8,14.66,187,0.34,919,-2.22,22.00,129,0,0.00,4,8.27,5.49,5.88,14.20,0.00,1,16.91,5.48,0.5000
109159,0.00,5.47,14.51,8,14.67,187,0.35,915,-2.20,22.00,129,0,0.00,4,8.42,5.42,5.88,14.30,0.00,1,16.91,5.48,0.5000
109261,0.00,5.47,14.51,8,14.67,187,0.35,890,-2.18,22.00,129,0,0.00,4,8.56,5.49,5.88,14.20,0.00,1,16.91,6.06,0.5000
109363,-0.78,5.47,14.51,8,14.68,187,0.36,884,-2.15,22.00,129,0,0.00,4,8.85,5.73,6.67,14.30,0.00,1,16.91,6.21,0.5000
109465,-0.78,4.69,14.51,8,14.68,187,0.37,870,-2.13,22.00,129,0,0.00,4,9.14,5.68,6.27,14.40,0.00,1,16.91,5.92,0.5000
109567,-0.78,4.69,14.51,8,14.67,187,0.38,902,-2.10,22.00,129,0,0.00,4,9.29,5.54,6.27,14.40,0.00,1,16.91,5.92,0.5000
109670,-0.78,5.47,14.51,8,14.66,187,0.37,943,-2.08,18.00,129,0,0.00,4,9.29,5.71,6.67,14.40,0.00,1,16.91,6.21,0.5000
109771,0.00,4.69,14.51,8,14.65,187,0.37,992,-2.05,16.50,129,0,0.00,4,9.29,5.85,6.67,14.50,0.00,1,16.91,6.35,0.5000
109873,0.78,4.69,14.51,8,14.64,187,0.36,1053,-2.02,13.00,129,0,0.00,4,9.14,5.75,6.67,14.20,0.00,1,16.91,6.35,0.5000
109975,0.78,4.69,14.51,8,14.64,187,0.35,1060,-2.00,12.50,129,0,0.00,4,8.85,5.90,6.67,14.90,0.00,1,16.91,6.35,0.5000
110077,1.56,3.91,14.51,8,14.64,187,0.34,1041,-1.97,14.00,129,0,0.00,4,8.85,5.71,6.67,15.00,0.00,1,16.91,6.06,0.5000
110179,2.34,3.91,14.51,8,14.64,187,0.34,1030,-1.94,14.50,129,0,0.00,4,8.71,5.61,6.27,15.10,0.00,1,16.91,6.06,0.5000
110281,3.12,3.91,14.51,8,14.64,187,0.33,1030,-1.91,16.00,129,0,0.00,4,8.56,5.64,6.27,15.20,0.00,1,16.91,6.06,0.5000
110383,3.12,4.69,14.51,8,14.64,187,0.33,1028,-1.88,16.50,129,0,0.00,4,8.56,5.75,6.27,15.20,0.00,1,16.91,5.95,0.5000
110485,3.91,4.69,14.51,8,14.64,187,0.33,1018,-1.86,16.50,129,0,0.00,4,8.56,5.80,6.27,15.50,0.00,1,16.91,6.06,0.5000
110587,3.91,4.69,14.51,8,14.64,187,0.34,1032,-1.82,16.00,129,0,0.00,4,8.42,5.78,6.27,15.40,0.00,1,16.91,6.03,0.5000
110689,4.69,4.69,14.51,8,14.64,187,0.34,1029,-1.80,16.50,129,0,0.00,4,8.42,5.71,6.27,15.40,0.00,1,16.91,6.06,0.5000
110792,4.69,3.91,14.51,8,14.65,187,0.34,1029,-1.78,17.00,129,0,0.00,4,8.42,5.71,6.27,15.30,0.00,1,16.91,6.06,0.5000
110893,4.69,3.91,14.51,8,14.64,187,0.34,1029,-1.74,16.50,129,0,0.00,4,8.42,5.71,6.27,15.20,0.00,1,16.91,6.03,0.5000
110995,4.69,3.91,14.51,8,14.64,187,0.33,1027,-1.71,16.00,129,0,0.00,4,8.42,5.75,6.27,15.10,0.00,1,16.91,6.06,0.5000
111097,4.69,3.91,14.51,8,14.64,187,0.33,1042,-1.69,16.00,129,0,0.00,4,8.42,5.83,6.27,15.10,0.00,1,16.91,6.06,0.5000
111199,4.69,3.12,14.51,8,14.64,187,0.33,1050,-1.66,16.50,129,0,0.00,4,8.42,5.78,6.27,14.70,0.00,1,17.61,6.06,0.5000
111301,4.69,3.12,14.51,8,14.64,187,0.33,1060,-1.63,19.50,129,0,-1.50,4,8.56,7.02,7.45,14.80,0.00,1,20.13,7.08,0.5000
111403,5.47,3.12,14.51,8,14.63,187,0.35,1086,-1.60,20.50,129,0,-1.50,4,10.01,9.95,11.37,14.80,0.00,1,24.26,11.87,0.5000
111506,6.25,3.12,14.51,8,14.61,187,0.42,1179,-1.57,24.00,129,0,-1.50,4,11.17,9.78,12.55,14.80,0.00,1,27.44,11.01,0.5000
111607,7.03,3.12,14.51,8,14.60,187,0.45,1259,-1.54,26.50,129,0,-1.50,4,11.32,9.84,11.37,15.00,0.00,1,29.16,11.15,0.5000
111709,9.38,2.34,14.51,8,14.60,187,0.45,1287,-1.50,28.00,129,0,-1.50,4,11.32,10.18,11.76,15.00,0.00,1,29.89,11.15,0.5000
111811,14.06,2.34,14.51,8,14.60,187,0.46,1290,-1.46,28.00,129,0,-1.50,4,11.17,10.60,11.76,15.60,0.00,1,30.51,11.14,0.5000
111913,17.19,2.34,14.51,8,14.60,187,0.47,1301,-1.43,28.50,129,0,-1.50,4,11.46,10.98,12.16,16.30,0.00,1,31.33,11.73,0.5000
112016,19.53,2.34,14.51,8,14.59,187,0.49,1332,-1.39,29.50,129,0,-1.50,4,11.46,11.33,12.55,16.40,0.00,1,32.43,11.73,0.5000
112118,19.53,2.34,14.51,8,14.59,187,0.49,1374,-1.35,31.00,129,0,-1.50,4,11.32,11.33,12.16,16.10,0.00,1,33.68,11.73,0.5000
112219,16.41,2.34,14.51,8,14.59,187,0.49,1427,-1.32,31.50,129,0,-1.50,4,10.74,10.80,10.98,15.40,0.00,1,33.54,10.71,0.5000
112322,13.28,0.00,14.51,8,14.59,187,0.47,1418,-1.28,31.50,129,0,-1.50,4,10.59,11.33,11.37,14.40,0.00,1,33.64,10.86,0.5000
112424,10.94,0.00,14.51,8,14.59,187,0.48,1420,-1.24,31.50,129,0,-1.00,4,10.59,11.59,11.37,14.00,0.00,1,33.54,10.71,0.5000
112526,10.16,0.00,14.51,8,14.59,187,0.48,1407,-1.20,32.00,129,0,-1.00,4,10.59,11.77,11.37,13.70,0.00,1,33.99,10.71,0.5000
112627,8.59,0.00,14.51,8,14.59,187,0.49,1424,-1.16,32.00,129,0,-1.00,4,10.45,11.94,10.98,13.70,0.00,1,34.22,10.57,0.5000
112730,7.81,0.00,14.51,8,14.59,187,0.49,1429,-1.12,32.50,129,0,-1.00,4,10.45,11.85,10.98,13.70,0.00,1,34.47,10.64,0.5000
112832,6.25,0.00,14.51,8,14.59,187,0.50,1423,-1.09,32.50,129,0,-1.00,4,10.45,11.85,10.98,13.80,0.00,1,34.88,10.57,0.5000
112934,3.91,0.00,14.51,8,14.59,187,0.50,1434,-1.05,32.50,129,0,-1.00,4,10.30,11.68,10.98,13.80,0.00,1,34.71,10.57,0.5000
113036,3.12,0.00,14.51,8,14.59,187,0.50,1422,-1.02,33.00,129,0,-1.00,4,10.30,11.85,10.98,13.80,0.00,1,35.08,10.57,0.5000
113138,2.34,0.00,14.51,8,14.59,187,0.50,1442,-0.97,33.00,129,1,-1.00,4,10.30,12.03,10.98,13.80,0.00,1,34.99,10.42,0.5000
113240,1.56,0.00,14.51,8,14.59,187,0.50,1442,-0.93,33.50,129,1,-1.00,4,10.30,11.94,10.98,13.90,0.00,1,35.18,10.42,0.5000
113341,0.78,0.00,14.51,8,14.59,187,0.49,1464,-0.89,33.00,129,0,-1.00,4,10.16,12.03,10.98,14.00,0.00,1,35.34,10.42,0.5000
113444,0.78,0.00,14.51,8,14.58,187,0.49,1461,-0.85,33.50,129,0,-1.00,4,10.16,11.77,10.98,14.00,0.00,1,35.14,10.42,0.5000
113546,0.00,0.00,14.51,8,14.59,187,0.49,1478,-0.81,33.50,129,1,-1.00,4,10.16,12.03,10.98,14.30,0.00,1,35.55,10.42,0.5000
113648,0.00,0.00,14.51,8,14.58,187,0.49,1468,-0.77,34.00,129,1,-1.00,4,10.16,12.64,10.98,14.20,0.00,1,35.35,10.42,0.5000
113750,0.00,0.00,14.51,8,14.58,187,0.50,1489,-0.73,34.00,129,1,-0.50,4,10.01,11.94,10.98,14.30,0.00,1,36.11,10.42,0.5000
113852,-0.78,0.00,14.51,8,14.58,187,0.50,1487,-0.69,34.50,129,1,-0.50,4,10.01,12.64,10.98,14.40,0.00,1,36.52,10.42,0.5000
113953,-0.78,0.00,14.51,8,14.58,187,0.50,1511,-0.65,34.50,129,2,-0.50,4,10.01,12.47,10.98,14.40,0.00,1,36.36,10.42,0.5000
114056,-1.56,0.00,14.51,8,14.58,187,0.50,1508,-0.61,35.00,129,2,-0.50,4,10.01,12.56,10.98,14.40,0.00,1,36.89,10.42,0.5000
114158,-2.34,0.00,14.51,8,14.58,187,0.50,1527,-0.57,35.00,129,2,-0.50,4,10.01,12.83,10.98,14.40,0.00,1,36.76,10.42,0.5000
114260,-3.12,0.00,14.51,8,14.58,187,0.50,1524,-0.52,35.50,129,3,-0.50,4,10.01,12.66,10.98,14.30,0.00,1,37.04,10.42,0.5000
114362,-3.12,0.00,14.51,8,14.58,187,0.49,1535,-0.48,35.50,129,3,-0.50,4,9.87,12.74,10.98,14.20,0.00,1,36.80,10.42,0.5000
114464,-3.12,0.00,14.51,8,14.58,187,0.49,1551,-0.44,35.50,129,4,-0.50,4,9.87,12.22,10.98,14.30,0.00,1,36.75,10.42,0.5000
114566,-3.12,0.00,14.51,8,14.58,187,0.49,1548,-0.40,35.50,129,4,-0.50,4,9.87,12.74,10.98,14.30,0.00,1,36.93,10.42,0.5000
114668,-3.12,0.00,14.51,8,14.58,187,0.49,1574,-0.35,36.00,129,5,-0.50,4,9.87,12.13,10.98,14.40,0.00,1,36.94,10.42,0.5000
114770,-3.12,0.00,14.51,8,14.57,187,0.47,1630,-0.31,35.50,129,5,-0.50,4,9.29,11.86,9.80,14.40,0.00,1,36.24,9.55,0.5000
114872,-3.91,0.00,14.51,8,14.57,187,0.45,1624,-0.26,35.00,129,5,-0.50,4,9.14,12.04,10.20,14.40,0.00,1,35.70,9.69,0.5000
114974,-4.69,0.00,14.51,8,14.57,187,0.45,1621,-0.22,34.50,129,6,0.00,4,9.00,11.70,9.80,14.50,0.00,1,35.33,9.40,0.5000
115076,-4.69,0.00,14.51,8,14.57,187,0.44,1619,-0.18,34.00,129,6,0.00,4,8.85,11.44,9.80,14.30,0.00,1,34.49,9.40,0.5000
115178,-4.69,0.00,14.51,8,14.57,187,0.43,1618,-0.14,34.00,129,7,0.00,4,8.85,11.61,9.80,14.40,0.00,1,34.32,9.40,0.5000
115280,-4.69,0.00,14.51,8,14.57,187,0.43,1613,-0.09,34.00,129,7,0.00,4,8.85,11.53,9.80,14.40,0.00,1,34.63,9.40,0.5000
115382,-3.91,0.00,14.51,8,14.57,187,0.43,1624,-0.05,34.00,129,7,0.00,4,8.85,11.79,9.80,14.50,0.00,1,34.70,9.39,0.5000
115484,-3.91,0.00,14.51,8,14.57,187,0.43,1627,0.00,34.50,129,8,0.00,4,8.71,11.52,9.80,14.50,0.00,1,34.43,9.40,0.5000
115586,-3.91,0.00,14.51,8,14.57,187,0.43,1652,0.00,34.00,129,8,0.00,4,8.71,11.88,9.80,14.60,0.00,1,34.40,9.26,0.5000
115688,-3.91,0.00,14.51,8,14.57,187,0.43,1650,0.00,34.00,129,9,0.00,4,8.71,11.54,9.80,14.60,0.00,1,34.23,9.26,0.5000
115790,-3.12,0.00,14.51,8,14.57,187,0.42,1641,0.00,34.00,129,9,0.00,4,8.56,11.27,9.80,14.60,0.00,1,34.27,9.26,0.5000
115892,-3.12,0.00,14.51,8,14.57,187,0.42,1641,0.00,34.00,129,9,0.00,4,8.56,11.19,9.41,14.50,0.00,1,33.80,9.26,0.5000
115994,-3.12,0.00,14.51,8,14.57,187,0.41,1649,0.00,33.50,129,10,0.00,4,8.56,11.10,9.80,14.60,0.00,1,33.57,9.26,0.5000
116096,-3.12,0.00,14.51,8,14.57,187,0.41,1668,0.00,33.50,129,10,0.00,4,8.42,11.01,9.41,14.50,0.00,1,33.22,9.11,0.5000
116198,-2.34,0.00,14.51,8,14.57,187,0.40,1670,0.00,33.00,129,11,0.00,4,8.42,11.10,9.41,14.40,0.00,1,33.10,8.97,0.5000
116300,-2.34,0.00,14.51,8,14.57,187,0.40,1660,0.00,33.00,129,11,0.00,4,8.42,10.92,9.41,14.50,0.00,1,33.12,8.97,0.5000
116402,-1.56,0.00,14.51,8,14.57,187,0.40,1671,0.00,33.00,129,12,0.00,4,8.27,11.19,9.41,14.70,0.00,1,33.21,9.00,0.5000
116504,-0.78,0.00,14.51,8,14.57,187,0.40,1679,0.00,33.50,129,12,0.00,4,8.27,11.37,9.41,14.70,0.00,1,33.40,9.11,0.5000
116607,-0.78,0.00,14.51,8,14.57,187,0.40,1686,0.00,33.50,129,12,0.00,4,8.27,11.37,9.41,14.80,0.00,1,33.38,9.11,0.5000
116708,0.00,0.00,14.51,8,14.57,187,0.40,1704,0.00,33.00,129,13,0.00,4,8.27,10.84,9.41,14.70,0.00,1,33.12,8.68,0.5000
116810,0.00,0.00,14.51,8,14.57,187,0.39,1701,0.00,33.00,129,13,0.00,4,8.13,10.47,9.02,14.80,0.00,1,32.85,8.68,0.5000
116912,0.00,0.00,14.51,8,14.57,187,0.38,1706,0.00,32.50,129,14,0.00,4,7.98,10.58,9.02,14.80,0.00,1,32.69,8.53,0.5000
117014,0.00,0.00,14.51,8,14.57,187,0.38,1700,0.00,32.50,129,14,0.00,4,7.98,10.58,9.02,14.80,0.00,1,32.52,8.53,0.5000
117116,0.00,0.00,14.51,8,14.57,187,0.37,1691,0.00,32.50,129,15,0.00,4,7.98,12.74,9.02,14.60,0.00,1,32.71,8.68,0.5000
117218,0.78,0.00,14.51,8,14.57,187,0.37,1700,0.00,32.50,129,15,0.00,4,7.84,10.48,9.02,14.60,0.00,1,32.62,8.68,0.5000
117320,0.78,0.00,14.51,8,14.57,187,0.37,1698,0.00,32.50,129,15,0.00,4,7.98,10.59,9.02,14.60,0.00,1,32.71,8.68,0.5000
117422,0.78,0.00,14.51,8,14.57,187,0.37,1703,0.00,32.50,129,16,0.00,4,7.98,10.42,9.02,14.70,0.00,1,32.75,8.68,0.5000
117524,1.56,0.00,14.51,8,14.57,187,0.37,1708,0.00,32.50,129,16,0.00,4,7.84,10.42,9.02,14.60,0.00,1,32.73,8.68,0.5000
117626,1.56,0.00,14.51,8,14.57,187,0.37,1712,0.00,33.00,129,17,0.00,4,7.84,10.59,9.02,15.00,0.00,1,32.55,8.68,0.5000
117728,1.56,0.00,14.51,8,14.57,187,0.37,1725,0.00,32.50,129,17,0.00,4,7.84,10.53,9.02,14.50,0.00,1,32.54,8.68,0.5000
117830,1.56,0.00,14.51,8,14.57,187,0.37,1723,0.00,32.50,129,17,0.00,4,7.98,11.38,9.80,14.70,0.00,1,32.83,9.39,0.5000
117932,2.34,0.00,14.51,8,14.57,187,0.38,1732,0.00,33.00,129,17,0.00,4,8.27,11.73,10.20,14.70,0.00,1,33.50,9.98,0.5000
118034,3.12,0.00,14.51,8,14.57,187,0.40,1745,0.00,34.00,129,18,0.00,4,8.56,13.33,11.37,15.00,0.00,1,34.80,11.29,0.5000
118137,4.69,0.00,14.51,8,14.57,187,0.43,1770,0.00,36.00,129,18,0.00,4,9.29,14.77,12.55,15.10,0.00,1,37.37,12.16,0.5000
118238,5.47,0.00,14.51,8,14.57,187,0.47,1828,0.00,38.50,129,19,0.00,4,9.87,15.14,13.33,15.20,0.00,1,39.47,12.60,0.5000
118340,5.47,0.00,14.51,8,14.57,187,0.48,1851,0.00,39.50,129,19,0.00,4,9.87,15.29,13.33,15.10,0.00,1,40.34,12.60,0.5000
118442,6.25,0.00,14.51,8,14.57,187,0.49,1852,0.00,40.00,129,19,0.00,4,10.01,15.36,13.33,15.00,0.00,1,40.82,12.60,0.5000
118544,7.03,0.00,14.51,8,14.57,187,0.49,1862,0.00,40.00,129,19,0.00,4,10.01,17.85,12.94,15.00,0.00,1,41.02,12.45,0.5000
118647,6.25,0.00,14.51,8,14.57,187,0.49,1872,0.00,40.00,129,20,0.00,4,10.01,15.07,12.94,14.90,0.00,1,40.94,12.45,0.5000
118749,6.25,0.00,14.51,8,14.57,187,0.49,1894,0.00,40.00,129,20,0.00,4,9.87,15.38,13.33,15.10,0.00,1,40.76,12.60,0.5000
118850,6.25,0.00,14.51,8,14.57,187,0.49,1903,0.00,40.00,129,20,0.00,4,9.87,15.45,12.94,14.50,0.00,1,40.89,12.46,0.5000
118953,5.47,0.00,14.51,8,14.57,187,0.49,1899,0.00,40.00,129,21,0.00,4,9.87,15.60,12.94,14.40,0.00,1,41.24,12.45,0.5000
119054,5.47,0.00,14.51,8,14.57,187,0.49,1905,0.00,40.50,129,21,0.00,4,9.87,15.45,12.94,14.50,0.00,1,41.26,12.60,0.5000
119157,4.69,0.00,14.51,8,14.57,187,0.49,1933,0.00,40.00,129,21,0.00,4,9.87,15.67,13.33,14.40,0.00,1,41.09,12.60,0.5000
119259,4.69,0.00,14.51,8,14.57,187,0.49,1939,0.00,40.50,129,20,0.00,4,9.87,15.67,13.33,14.50,0.00,1,41.27,12.60,0.5000
119360,5.47,0.00,14.51,8,14.57,187,0.49,1936,0.00,40.50,129,17,0.00,4,9.87,15.52,13.33,14.30,0.00,1,41.55,12.60,0.5000
119463,6.25,0.00,14.51,8,14.57,187,0.48,1944,0.00,40.50,129,12,0.00,4,9.72,15.74,12.94,14.60,0.00,1,41.37,12.60,0.5000
119565,7.03,0.00,14.51,8,14.57,187,0.48,1968,0.00,40.50,129,9,0.00,4,9.58,15.93,13.33,14.70,0.00,1,41.55,12.60,0.5000
119666,7.03,0.00,14.51,8,14.57,187,0.48,1962,0.00,41.00,129,6,0.00,4,9.58,15.84,13.33,14.70,0.00,1,41.74,12.60,0.5000
119769,7.03,0.00,14.51,8,14.57,187,0.48,1987,0.00,41.00,129,5,0.00,4,9.58,15.76,13.33,14.80,0.00,1,41.53,12.60,0.5000
119870,7.03,0.00,14.51,8,14.57,187,0.48,1996,0.00,40.50,129,4,0.00,4,9.58,15.90,13.33,14.80,0.00,1,41.54,12.60,0.5000
119972,7.03,0.00,14.51,8,14.57,187,0.48,1984,0.00,41.00,129,3,0.00,4,9.58,16.08,13.33,14.60,0.00,1,41.62,12.60,0.5000
120075,7.03,0.00,14.51,8,14.57,187,0.48,2006,0.00,41.00,129,3,0.00,4,9.58,16.08,13.33,14.50,0.00,1,41.69,12.60,0.5000
120178,7.81,0.00,14.51,8,14.57,187,0.48,2001,0.00,41.00,129,3,0.00,4,9.43,15.91,13.33,14.50,0.00,1,41.68,12.60,0.5000
120280,7.03,0.00,14.51,8,14.57,187,0.48,2026,0.00,41.00,129,2,0.00,4,9.58,15.92,13.33,14.60,0.00,1,41.55,12.60,0.5000
120382,7.81,0.00,14.51,8,14.57,187,0.48,2026,0.00,41.00,129,1,0.00,4,9.58,15.85,13.33,14.50,0.00,1,41.65,12.60,0.5000
120484,7.81,0.00,14.51,8,14.57,187,0.48,2018,0.00,41.00,129,1,0.00,4,9.58,16.00,13.33,14.60,0.00,1,41.67,12.60,0.5000
120586,7.81,0.00,14.51,8,14.57,187,0.48,2040,0.00,41.00,129,1,0.00,4,9.58,15.92,13.33,14.60,0.00,1,41.55,12.60,0.5000
120688,7.81,0.00,14.51,8,14.57,187,0.47,2031,0.00,41.00,129,0,0.00,4,9.58,16.19,13.33,14.60,0.00,1,41.59,12.60,0.5000
120790,7.81,0.00,14.51,8,14.57,187,0.47,2055,0.00,41.00,129,0,0.00,4,9.58,15.92,13.33,14.50,0.00,1,41.52,12.60,0.5000
120891,7.03,0.00,14.51,8,14.57,185,0.47,2046,0.00,41.00,129,0,0.00,4,9.43,16.49,13.33,14.50,0.00,1,41.57,12.60,0.5000
120994,7.81,0.00,14.51,8,14.57,185,0.47,2069,0.00,41.00,129,0,0.00,4,9.43,16.02,13.33,14.50,0.00,1,41.51,12.60,0.5000
121096,7.03,0.00,14.51,8,14.57,185,0.47,2055,0.00,41.00,129,0,0.00,4,9.43,16.49,13.33,14.50,0.00,1,41.49,12.60,0.5000
121198,7.81,0.00,14.51,8,14.57,185,0.47,2078,0.00,41.00,129,0,0.00,4,9.43,16.19,13.33,14.40,0.00,1,41.60,12.60,0.5000
121299,7.03,0.00,14.51,8,14.58,185,0.47,2062,0.00,41.00,129,0,0.00,4,9.43,16.48,13.33,14.40,0.00,1,41.52,12.60,0.5000
121402,7.03,0.00,14.51,8,14.57,185,0.47,2085,0.00,40.50,129,0,0.00,4,9.43,16.00,13.33,14.40,0.00,1,41.32,12.60,0.5000
121504,7.03,0.00,14.51,8,14.58,185,0.47,2074,0.00,40.50,129,0,0.00,4,9.29,15.34,12.94,14.50,0.00,1,41.21,11.73,0.5000
121606,7.03,0.00,14.51,8,14.57,185,0.45,2076,0.00,40.00,129,0,0.00,4,8.13,10.59,9.41,14.40,0.00,1,39.37,7.66,0.5000
121708,4.69,0.00,14.51,8,14.56,185,0.38,1890,0.00,19.50,129,0,0.00,4,6.96,8.82,7.06,14.30,0.00,1,32.20,6.79,0.5000
121810,1.56,0.00,14.51,8,14.57,185,0.33,1627,0.00,23.50,129,1,0.00,4,6.53,7.91,6.27,13.80,0.00,1,25.71,5.77,0.5000
121911,-0.78,0.00,14.51,8,14.58,185,0.32,1442,0.00,23.00,129,2,0.00,4,6.38,7.41,5.88,13.20,0.00,1,21.24,5.48,0.5000
122014,-2.34,0.00,14.51,8,14.60,185,0.32,1291,0.00,19.50,129,2,0.00,4,6.38,7.03,5.49,13.00,0.00,1,19.10,5.19,0.5000
122116,0.00,0.00,14.51,10,14.60,185,0.33,1214,0.00,17.50,127,2,0.00,4,6.53,6.58,5.49,12.70,0.00,1,17.12,4.90,0.5000
122218,0.00,0.00,14.51,10,14.61,185,0.33,1149,0.00,17.00,127,0,0.00,4,6.67,6.19,5.10,12.50,0.00,1,16.91,4.75,0.5000
122320,0.00,0.00,14.51,10,14.62,185,0.33,1124,0.00,17.00,127,0,0.00,4,6.82,5.95,5.10,12.60,0.00,1,16.91,4.75,0.5000
122422,0.00,0.00,14.51,10,14.63,185,0.33,1092,0.00,17.00,127,0,0.00,4,6.96,5.90,5.10,12.80,0.00,1,16.91,4.75,0.5000
122524,0.00,0.00,14.51,10,14.66,185,0.33,964,0.00,22.00,127,0,0.00,4,7.11,5.73,4.71,13.00,0.00,1,16.91,4.61,0.5000
122626,0.00,0.00,14.51,10,14.68,185,0.35,864,0.00,22.00,127,0,0.00,4,7.55,5.71,5.10,13.20,0.00,1,16.91,4.90,0.5000
122728,0.00,0.00,14.51,10,14.67,185,0.36,978,0.00,18.00,127,0,0.00,4,7.84,5.73,5.49,13.80,0.00,1,16.91,5.05,0.5000
122830,0.00,0.00,14.51,10,14.63,185,0.35,1080,0.00,12.00,127,0,0.00,4,7.69,5.66,5.10,15.60,0.00,1,16.91,4.90,0.5000
122932,0.00,0.00,14.51,10,14.61,185,0.33,1172,0.00,17.00,127,0,0.00,4,7.40,5.64,4.71,18.00,0.00,1,16.91,4.61,0.5000
123034,-0.78,0.00,14.51,10,14.60,185,0.31,1191,0.00,17.00,127,0,0.00,4,7.11,5.59,4.71,16.10,0.00,1,16.92,4.76,0.5000
123136,-4.69,0.00,14.51,8,14.61,185,0.30,1183,0.00,17.00,127,0,0.00,4,6.82,5.59,5.10,13.50,0.00,1,16.91,4.76,0.5000
123238,-5.47,0.00,14.51,8,14.61,185,0.29,1150,0.00,17.00,127,0,0.00,4,6.82,5.47,5.10,13.00,0.00,1,16.91,4.90,0.5000
123340,-5.47,0.00,14.51,8,14.62,185,0.29,1119,0.00,17.00,127,0,0.00,4,6.67,5.59,5.10,12.90,0.00,1,16.91,4.90,0.5000
123442,-5.47,0.78,14.51,8,14.63,185,0.29,1084,0.00,17.00,127,0,0.00,4,6.67,5.57,5.10,13.00,0.00,1,16.91,4.75,0.5000
123544,-5.47,0.78,14.51,8,14.63,185,0.30,1075,0.00,16.50,127,0,0.00,4,6.67,5.52,4.71,13.30,0.00,1,16.91,4.61,0.5000
123646,-5.47,0.78,14.51,8,14.64,185,0.30,1050,0.00,17.00,127,0,0.00,4,6.82,5.49,4.71,13.60,0.00,1,16.91,4.61,0.5000
123748,-5.47,1.56,14.51,8,14.64,185,0.31,1023,0.00,18.50,127,0,0.00,4,6.82,5.45,4.71,13.80,0.00,1,16.91,4.61,0.5000
123850,-6.25,1.56,14.51,8,14.64,185,0.31,1007,0.00,18.50,127,0,0.00,4,6.82,5.49,4.71,13.90,0.00,1,16.91,4.61,0.5000
123952,-7.03,1.56,14.51,8,14.65,185,0.32,1000,0.00,20.00,127,0,0.00,4,6.82,5.45,4.71,14.10,0.00,1,16.91,4.46,0.5000
124054,-7.03,1.56,14.51,8,14.65,185,0.32,979,0.00,20.50,127,0,0.00,4,6.96,5.45,4.71,14.10,0.00,1,16.91,4.90,0.5000
124156,-7.81,1.56,14.51,8,14.65,185,0.32,966,0.00,21.00,127,0,0.00,4,7.11,5.52,5.49,14.10,0.00,1,16.91,5.04,0.5000
124258,-8.59,2.34,14.51,8,14.65,185,0.33,974,0.00,20.50,127,0,0.00,4,7.40,5.49,5.49,14.00,0.00,1,16.91,4.90,0.5000
124361,-9.38,2.34,14.51,8,14.66,185,0.33,966,0.00,20.50,127,0,0.00,4,7.55,5.42,5.10,14.00,0.00,1,16.91,4.90,0.5000
124463,-10.16,2.34,14.51,8,14.65,185,0.33,973,0.00,19.50,127,0,0.00,4,7.55,5.40,5.10,13.80,0.00,1,16.91,4.76,0.5000
124565,-10.16,2.34,14.51,8,14.65,185,0.33,972,0.00,19.00,127,0,0.00,4,7.55,5.35,5.10,13.80,0.00,1,16.91,4.75,0.5000
124666,-10.16,2.34,14.51,8,14.66,185,0.33,959,0.00,20.00,127,0,0.00,4,7.55,5.28,5.10,13.70,0.00,1,16.91,4.89,0.5000
124768,-10.16,3.12,14.51,8,14.66,185,0.33,952,0.00,19.50,127,0,0.00,4,7.55,5.37,5.10,13.80,0.00,1,17.05,4.90,0.5000
124870,-10.16,3.12,14.51,8,14.66,185,0.33,946,0.00,18.00,127,0,0.00,4,7.69,5.64,5.49,14.00,0.00,1,18.62,6.06,0.5000
124972,-10.16,3.12,14.51,8,14.66,185,0.34,939,0.00,20.50,127,0,0.00,4,8.27,6.79,7.45,14.00,0.00,1,21.72,7.08,0.5000
125074,-10.16,2.34,14.51,8,14.66,185,0.37,956,0.00,22.50,127,0,0.00,4,9.14,7.28,7.45,14.20,0.00,1,22.72,7.37,0.5000
125176,-8.59,2.34,14.51,8,14.65,185,0.40,1021,0.00,23.50,127,0,0.00,4,9.43,7.23,7.84,14.20,0.00,1,23.71,7.37,0.5000
125278,-6.25,2.34,14.51,8,14.64,185,0.41,1045,0.00,24.50,127,0,0.00,4,9.72,8.41,8.24,14.40,0.00,1,24.83,8.70,0.5000
125381,-3.91,2.34,14.51,8,14.63,185,0.43,1067,0.00,25.50,127,0,0.00,4,11.03,9.85,11.76,13.90,0.00,1,26.26,11.44,0.5000
125482,-0.78,2.34,14.51,8,14.61,185,0.47,1157,0.00,27.50,127,0,0.00,4,11.61,9.96,12.16,15.20,0.00,1,28.59,11.44,0.5000
125584,0.78,2.34,14.51,8,14.60,185,0.49,1236,0.00,28.50,127,0,0.00,4,11.61,7.69,11.76,15.70,0.00,1,30.12,11.29,0.5000
125686,4.69,2.34,14.51,8,14.59,185,0.48,1354,0.00,31.00,127,0,0.00,4,11.32,10.49,11.76,16.10,0.00,1,31.96,11.29,0.5000
125788,10.94,0.00,14.51,8,14.58,185,0.46,1548,0.00,34.00,127,0,0.00,4,10.88,11.16,11.76,16.70,0.00,1,34.76,11.29,0.5000
125890,14.06,0.00,14.51,8,14.57,185,0.44,1724,0.00,35.00,127,0,0.00,4,10.16,12.12,11.76,16.70,0.00,1,35.67,11.14,0.5000
125992,14.84,0.00,14.51,8,14.57,185,0.42,1868,0.00,36.00,127,0,0.00,4,9.72,13.09,11.76,16.10,0.00,1,36.77,11.58,0.5000
126094,15.62,0.00,14.51,8,14.56,185,0.41,1960,0.00,38.00,127,0,0.00,4,9.29,14.04,12.55,15.50,0.00,1,38.20,12.02,0.5000
126196,17.97,0.00,14.51,8,14.56,185,0.41,1972,0.00,38.50,127,0,0.00,4,9.29,14.19,12.55,15.30,0.00,1,38.17,12.02,0.5000
126298,18.75,0.00,14.51,8,14.57,185,0.43,1832,0.00,37.50,127,1,0.00,4,9.29,14.33,12.55,15.40,0.00,1,37.61,12.02,0.5000
126401,16.41,0.00,14.51,8,14.57,185,0.46,1723,0.00,37.00,127,2,0.00,4,9.58,14.19,12.55,16.10,0.00,1,38.06,11.87,0.5000
126502,14.06,0.00,14.51,8,14.57,185,0.49,1652,0.00,37.50,127,2,0.00,4,9.87,14.27,12.55,14.10,0.00,1,38.77,11.87,0.5000
126604,11.72,0.00,14.51,8,14.58,185,0.50,1612,0.00,38.00,127,3,0.00,4,10.30,14.06,12.55,13.70,0.00,1,39.42,11.87,0.5000
126706,8.59,0.00,14.51,8,14.58,185,0.51,1608,0.00,38.50,127,3,0.00,4,10.45,13.98,12.55,13.40,0.00,1,39.57,11.87,0.5000
126808,6.25,0.00,14.51,8,14.58,185,0.52,1627,0.00,38.50,127,3,0.00,4,10.45,14.13,12.16,13.30,0.00,1,39.97,11.88,0.5000
126910,4.69,0.00,14.51,8,14.58,185,0.52,1636,0.00,38.50,127,4,0.00,4,10.45,14.13,12.16,13.40,0.00,1,39.76,11.87,0.5000
127012,3.91,0.00,14.51,8,14.58,185,0.52,1633,0.00,39.00,127,4,0.00,4,11.03,15.91,14.51,13.50,0.00,1,41.27,14.49,0.5000
127114,3.91,0.00,14.51,8,14.58,185,0.55,1672,0.00,41.00,127,4,0.00,4,11.61,16.47,15.69,13.90,0.00,1,42.20,14.78,0.5000
127216,6.25,0.00,14.51,8,14.58,185,0.57,1712,0.00,40.50,127,5,0.00,4,11.61,16.68,15.69,14.40,0.00,1,42.31,14.78,0.5000
127318,7.03,0.00,14.51,8,14.58,185,0.57,1742,0.00,40.50,127,5,0.00,4,11.61,16.88,15.69,15.50,0.00,1,42.35,14.78,0.5000
127420,7.81,0.00,14.51,8,14.58,185,0.58,1764,0.00,40.50,127,6,0.00,4,11.75,17.96,16.47,14.90,0.00,1,42.14,15.94,0.5000
127523,8.59,0.00,14.51,8,14.58,185,0.59,1786,0.00,40.00,127,6,0.00,4,11.90,18.06,16.86,15.00,0.00,1,41.99,15.94,0.5000
127624,9.38,0.00,14.51,8,14.58,185,0.60,1810,0.00,40.00,127,7,0.50,4,11.90,18.36,16.86,14.90,0.00,1,41.86,15.94,0.5000
127726,9.38,0.00,14.51,8,14.57,185,0.61,1827,0.00,40.00,127,7,0.00,4,11.90,18.95,16.86,14.80,0.00,1,41.95,15.94,0.5000
127829,8.59,0.00,14.51,8,14.57,185,0.61,1839,0.00,40.00,126,8,0.50,4,11.90,18.95,16.86,14.50,0.00,1,41.95,15.94,0.5000
127930,7.81,0.00,14.51,8,14.57,185,0.61,1865,0.00,40.00,126,8,0.00,4,11.90,19.16,16.86,14.40,0.00,1,41.80,15.95,0.5000
128032,7.03,0.00,14.51,8,14.57,185,0.61,1868,0.00,40.00,126,8,0.00,4,11.75,18.97,16.86,14.30,0.00,1,41.78,15.94,0.5000
128134,7.03,0.00,14.51,8,14.57,185,0.61,1876,0.00,40.00,126,9,0.00,4,11.75,19.64,16.86,14.30,0.00,1,41.70,15.94,0.5000
128236,6.25,0.00,14.51,8,14.57,185,0.62,1871,0.00,40.00,126,9,0.00,4,11.90,20.21,17.25,14.40,0.00,1,41.59,16.38,0.5000
128339,6.25,0.00,14.51,8,14.57,185,0.63,1882,0.00,39.50,126,10,0.00,4,12.04,23.00,17.65,14.40,0.00,1,41.27,16.82,0.5000
128441,7.03,0.00,14.51,8,14.57,185,0.64,1896,0.00,39.50,126,10,0.50,4,12.19,21.12,18.04,14.50,0.00,1,41.10,17.40,0.5000
128542,7.03,0.00,14.51,8,14.57,185,0.65,1930,0.00,39.00,126,10,0.00,4,12.33,21.57,18.43,14.50,0.00,1,40.76,17.83,0.5000
128645,7.03,0.00,14.51,8,14.57,185,0.66,1936,0.00,39.00,126,11,0.00,4,12.48,21.91,18.82,14.50,0.00,1,40.87,17.68,0.5000
128747,7.03,0.00,14.51,8,14.57,185,0.67,1948,0.00,39.00,126,11,0.00,4,12.48,21.46,18.43,14.50,0.00,1,40.92,17.69,0.5000
128848,6.25,0.00,14.51,8,14.57,185,0.66,1973,0.00,39.00,126,11,0.00,4,12.33,21.91,18.43,14.50,0.00,1,40.95,17.69,0.5000
128951,6.25,0.00,14.51,8,14.57,185,0.67,1964,0.00,39.00,126,12,0.00,4,12.33,22.03,18.43,14.40,0.00,1,41.08,17.84,0.5000
129053,6.25,0.00,14.51,8,14.57,185,0.67,1971,0.00,39.00,126,13,0.00,4,12.33,22.03,18.43,14.30,0.00,1,41.10,17.69,0.5000
129155,5.47,0.00,14.51,8,14.57,185,0.67,1994,0.00,39.00,126,13,0.00,4,12.33,22.37,18.43,14.40,0.00,1,41.08,17.69,0.5000
129257,5.47,0.00,14.51,8,14.56,185,0.67,1985,0.00,39.00,126,13,0.00,4,12.33,22.14,18.43,14.40,0.00,1,41.24,17.69,0.5000
129358,5.47,0.00,14.51,8,14.57,185,0.67,2007,0.00,39.00,126,14,0.00,4,12.33,22.14,18.43,14.40,0.00,1,41.13,17.69,0.5000
129461,5.47,0.00,14.51,8,14.57,185,0.66,2010,0.00,39.50,124,14,0.00,4,12.19,21.46,17.65,14.40,0.00,1,41.46,16.67,0.5000
129563,3.91,0.00,14.51,8,14.57,185,0.65,1992,0.00,39.50,124,14,0.00,4,11.90,21.00,16.86,14.40,0.00,1,41.92,16.09,0.5000
129665,3.12,0.00,14.51,8,14.57,185,0.64,2002,0.00,40.00,124,15,0.00,4,11.75,20.78,16.47,14.20,0.00,1,42.21,15.65,0.5000
129767,1.56,0.00,14.51,8,14.57,185,0.63,1979,0.00,40.50,124,15,0.00,4,11.61,20.44,16.47,14.20,0.00,1,42.43,15.51,0.5000
129869,0.78,0.00,14.51,8,14.57,185,0.62,1976,0.00,40.50,124,15,0.00,4,11.17,18.96,15.29,14.10,0.00,1,42.96,14.20,0.5000
129971,-0.78,0.00,14.51,8,14.58,185,0.60,1984,0.00,41.50,124,16,0.00,4,10.88,18.76,14.51,14.10,0.00,1,43.54,13.76,0.5000
130073,-2.34,0.00,14.51,8,14.58,185,0.58,1966,0.00,42.00,124,16,0.00,4,10.74,18.76,14.51,14.00,0.00,1,44.10,13.91,0.5000
130174,-3.12,0.00,14.51,8,14.58,185,0.57,1987,0.00,42.50,124,16,0.00,4,10.74,18.76,14.90,14.00,0.00,1,44.07,13.91,0.5000
130277,-2.34,0.00,14.51,8,14.58,185,0.57,1986,0.00,42.50,124,17,0.00,4,10.74,18.98,14.51,14.10,0.00,1,44.12,13.91,0.5000
130379,-2.34,0.00,14.51,8,14.58,185,0.57,1982,0.00,42.50,124,17,0.00,4,10.88,20.11,15.29,14.40,0.00,1,43.98,14.92,0.5000
130481,0.00,0.00,14.51,8,14.58,185,0.59,2010,0.00,41.50,124,17,0.00,4,11.61,22.15,17.25,14.50,0.00,1,42.97,17.10,0.5000
130583,3.91,0.00,14.51,8,14.57,185,0.63,2029,0.00,40.00,124,17,0.00,4,12.19,22.61,18.82,15.50,0.00,1,41.89,18.12,0.5000
130685,6.25,0.00,14.51,8,14.57,185,0.65,2078,0.00,39.50,124,17,0.00,4,12.48,23.46,19.61,15.50,0.00,1,41.39,18.85,0.5000
130786,8.59,0.00,14.51,8,14.57,185,0.67,2086,0.00,39.00,122,15,0.00,4,12.62,23.59,20.00,15.70,0.00,1,41.09,19.14,0.5000
130889,8.59,0.00,14.51,8,14.56,185,0.67,2122,0.00,39.00,122,10,0.00,4,12.62,23.58,20.00,15.10,0.00,1,41.11,19.14,0.5000
130990,8.59,0.00,14.51,8,14.56,185,0.67,2115,0.00,39.00,122,7,0.00,4,12.62,24.07,20.00,14.60,0.00,1,41.05,18.99,0.5000
131093,8.59,0.00,14.51,8,14.56,185,0.67,2146,0.00,39.00,122,6,0.00,4,12.62,24.47,20.00,14.50,0.00,1,40.86,19.09,0.5000
131195,8.59,0.00,14.51,8,14.56,185,0.68,2160,0.00,38.50,122,5,0.00,4,12.62,25.33,20.00,14.20,0.00,1,40.68,19.12,0.5000
131297,7.81,0.00,14.51,8,14.56,185,0.69,2158,0.00,38.50,122,4,0.00,4,12.77,25.21,21.18,14.30,0.00,1,40.33,19.87,0.5000
131399,7.81,0.00,14.51,8,14.56,185,0.69,2171,0.00,38.00,122,3,0.00,4,12.91,23.14,20.78,14.40,0.00,1,40.26,19.87,0.5000
131501,7.03,0.00,14.51,8,14.56,185,0.70,2200,0.00,38.00,122,2,0.00,4,12.91,25.82,20.78,14.30,0.00,1,40.10,19.87,0.5000
131603,6.25,0.00,14.51,8,14.56,185,0.70,2168,0.00,38.00,122,2,0.00,4,12.91,25.70,20.78,14.40,0.00,1,40.01,19.87,0.5000
131705,5.47,0.00,14.51,8,14.56,185,0.71,2172,0.00,38.00,122,2,0.00,4,12.77,26.07,20.78,14.30,0.00,1,39.97,19.87,0.5000
131806,5.47,0.00,14.51,8,14.56,185,0.71,2202,0.00,38.00,122,1,0.00,4,12.77,25.33,20.78,14.20,0.00,1,39.96,19.58,0.5000
131909,3.91,0.00,14.51,8,14.56,185,0.70,2208,0.00,38.00,122,1,0.00,4,12.77,25.82,20.39,14.30,0.00,1,40.05,19.29,0.5000
132011,3.91,0.00,14.51,8,14.56,185,0.70,2199,0.00,38.00,122,1,0.00,4,12.62,25.82,20.00,14.20,0.00,1,40.08,19.09,0.5000
132113,3.12,0.00,14.51,8,14.56,185,0.70,2210,0.00,38.00,120,1,0.00,4,12.62,26.56,20.00,14.40,0.00,1,40.08,19.14,0.5000
132215,3.12,0.00,14.51,8,14.56,185,0.71,2233,0.00,38.00,120,0,0.00,4,12.62,26.06,20.00,14.50,0.00,1,40.07,19.14,0.5000
132316,3.12,0.00,14.51,8,14.56,185,0.71,2239,0.00,38.00,120,0,0.00,4,12.62,25.95,20.00,14.40,0.00,1,40.02,19.14,0.5000
132419,3.12,0.00,14.51,8,14.56,185,0.70,2229,0.00,38.00,120,0,0.00,4,12.62,26.06,20.00,14.30,0.00,1,40.07,19.14,0.5000
132521,3.12,0.00,14.51,8,14.56,185,0.70,2233,0.00,38.00,120,0,0.00,4,12.62,26.31,20.00,14.30,0.00,1,40.07,19.14,0.5000
132624,3.12,0.00,14.51,8,14.56,185,0.70,2240,0.00,38.00,120,1,0.00,4,12.62,26.34,20.00,14.60,0.00,1,40.07,19.14,0.5000
132725,3.12,0.00,14.51,8,14.56,185,0.70,2266,0.00,38.00,120,1,0.00,4,12.62,26.34,20.00,14.50,0.00,1,40.05,19.14,0.5000
132827,3.91,0.00,14.51,8,14.56,185,0.71,2276,0.00,38.00,120,1,0.00,4,12.62,26.70,20.00,14.50,0.00,1,40.07,19.14,0.5000
132929,3.12,0.00,14.51,8,14.56,185,0.71,2287,0.00,38.00,120,1,0.00,4,12.62,26.95,20.00,14.50,0.00,1,40.05,19.14,0.5000
133031,3.91,0.00,14.51,8,14.56,185,0.71,2298,0.00,38.00,120,1,0.00,4,12.62,26.95,20.00,14.40,0.00,1,40.03,19.14,0.5000
133133,3.91,0.00,14.51,8,14.56,185,0.71,2290,0.00,38.00,120,1,0.00,4,12.62,27.07,20.00,14.40,0.00,1,40.07,19.14,0.5000
133235,3.91,0.00,14.51,8,14.56,185,0.71,2296,0.00,38.00,120,2,0.00,4,12.62,26.95,20.00,14.50,0.00,1,40.08,19.14,0.5000
133337,4.69,0.00,14.51,8,14.56,185,0.71,2308,0.00,38.00,118,2,0.00,4,12.62,27.47,20.00,14.50,0.00,1,40.07,19.29,0.5000
133440,4.69,0.00,14.51,8,14.56,185,0.71,2318,0.00,38.00,118,2,0.00,4,12.62,27.84,20.39,14.50,0.00,1,40.07,19.43,0.5000
133541,5.47,0.00,14.51,8,14.56,185,0.71,2325,0.00,38.00,118,3,0.00,4,12.62,27.59,20.39,14.50,0.00,1,40.06,19.29,0.5000
133643,5.47,0.00,14.51,8,14.56,185,0.71,2330,0.00,38.00,118,3,0.00,4,12.62,27.84,20.39,14.40,0.00,1,40.07,19.43,0.5000
133744,5.47,0.00,14.51,8,14.56,185,0.71,2299,0.00,38.00,118,4,0.00,4,12.62,25.65,20.39,14.50,0.00,1,39.96,19.28,0.5000
133847,5.47,0.00,14.51,8,14.56,185,0.73,2167,0.00,22.50,118,5,0.50,4,12.91,27.22,20.39,14.60,0.00,1,39.31,19.29,0.5000
133949,3.12,0.00,14.51,8,14.56,185,0.76,2052,0.00,37.00,118,6,0.50,4,13.20,26.48,20.39,14.30,0.00,1,38.34,19.29,0.5000
134051,1.56,0.00,14.51,8,14.56,185,0.77,2014,0.00,37.00,118,7,1.00,4,13.20,25.74,20.00,14.20,0.00,1,37.96,19.14,0.5000
134153,0.00,0.00,14.51,8,14.56,185,0.78,1948,0.00,37.00,118,7,1.00,4,13.35,25.38,20.00,13.90,0.00,1,37.70,19.14,0.5000
134255,-1.56,0.00,14.51,8,14.57,185,0.78,1932,0.00,36.50,118,9,1.50,4,13.35,25.01,20.00,13.80,0.00,1,37.31,19.14,0.5000
134357,-3.12,0.00,14.51,8,14.57,185,0.78,1922,0.00,36.50,118,9,1.50,4,13.35,24.76,20.00,13.80,0.00,1,37.26,19.14,0.5000
134459,-3.12,0.00,14.51,8,14.57,185,0.78,1896,0.00,36.50,118,10,1.50,4,13.35,24.76,20.00,13.90,0.00,1,37.37,19.14,0.5000
134561,-3.91,0.00,14.51,8,14.57,185,0.78,1891,0.00,36.50,118,11,1.50,4,13.49,24.63,20.00,14.10,0.00,1,37.34,19.14,0.5000
134663,-3.91,0.00,14.51,8,14.57,185,0.78,1892,0.00,36.50,118,11,1.50,4,13.49,24.51,20.00,14.20,0.00,1,37.28,19.14,0.5000
134765,-3.91,0.00,14.51,8,14.57,185,0.78,1906,0.00,36.50,117,11,1.50,4,13.49,24.63,20.00,14.30,0.00,1,37.37,19.14,0.5000
134867,-3.12,0.00,14.51,8,14.57,185,0.77,1907,0.00,36.50,117,12,1.50,4,13.49,24.63,20.00,14.30,0.00,1,37.32,19.14,0.5000
134969,-3.91,0.00,14.51,8,14.57,185,0.77,1893,0.00,36.50,117,13,1.50,4,13.35,23.65,20.00,14.50,0.00,1,37.56,17.98,0.5000
135071,-4.69,0.00,14.51,8,14.57,185,0.76,1884,0.00,37.00,117,13,1.00,4,12.62,21.99,17.25,14.40,0.00,1,38.15,15.95,0.5000
135173,-7.03,0.00,14.51,8,14.57,185,0.73,1873,0.00,37.00,117,14,1.00,4,12.33,21.98,16.47,14.20,0.00,1,38.51,15.65,0.5000
135275,-7.81,0.00,14.51,8,14.57,185,0.71,1849,0.00,37.00,117,14,1.00,4,12.33,21.87,16.47,14.00,0.00,1,38.50,15.65,0.5000
135378,-7.81,0.00,14.51,8,14.57,185,0.71,1836,0.00,37.00,117,15,1.00,4,12.33,21.98,16.47,13.90,0.00,1,38.28,15.80,0.5000
135479,-7.81,0.00,14.51,8,14.58,185,0.72,1826,0.00,37.00,117,15,1.00,4,12.33,21.75,16.47,14.20,0.00,1,38.18,15.65,0.5000
135581,-7.81,0.00,14.51,8,14.57,185,0.72,1808,0.00,37.00,117,16,1.00,4,12.33,21.86,16.47,14.30,0.00,1,38.30,15.65,0.5000
135683,-7.81,0.00,14.51,8,14.57,185,0.72,1805,0.00,37.00,117,16,1.00,4,12.33,21.55,16.47,14.40,0.00,1,38.31,15.65,0.5000
135786,-7.81,0.00,14.51,8,14.57,185,0.72,1804,0.00,37.00,117,17,1.00,4,12.33,21.55,16.47,14.50,0.00,1,38.31,15.65,0.5000
135888,-7.81,0.00,14.51,8,14.57,185,0.71,1804,0.00,37.00,117,17,1.00,4,12.33,20.87,16.47,14.50,0.00,1,38.49,15.65,0.5000
135989,-7.81,0.00,14.51,8,14.57,185,0.70,1802,0.00,37.50,117,18,1.00,4,12.33,20.87,16.47,14.60,0.00,1,38.60,15.65,0.5000
136091,-7.81,0.00,14.51,8,14.57,185,0.70,1800,0.00,37.50,117,18,1.00,4,12.19,18.47,16.47,14.50,0.00,1,38.68,13.99,0.5000
136194,-7.81,0.00,14.51,8,14.57,185,0.67,1780,0.00,38.50,117,18,0.50,4,10.01,14.01,10.20,14.60,0.00,1,40.87,8.25,0.5000
136295,-9.38,0.00,14.51,8,14.58,185,0.58,1688,0.00,39.50,117,17,0.00,4,8.85,11.13,7.45,14.50,0.00,1,38.67,7.23,0.5000
136398,-12.50,0.00,14.51,8,14.58,185,0.49,1580,0.00,31.50,117,14,0.00,4,8.13,9.72,7.06,13.60,0.00,1,29.97,6.50,0.5000
136500,-14.84,0.00,14.51,8,14.58,185,0.44,1518,0.00,26.00,115,9,0.00,4,7.55,9.03,6.27,13.10,0.00,1,24.73,6.06,0.5000
136602,-16.41,0.00,14.51,8,14.58,185,0.40,1464,0.00,22.50,115,6,0.00,4,7.11,8.77,6.27,12.90,0.00,1,21.64,6.06,0.5000
136704,0.00,0.00,14.51,10,14.59,185,0.38,1408,0.00,19.50,115,5,0.00,4,6.96,8.91,6.27,12.70,0.00,1,18.64,6.06,0.5000
136807,0.00,0.00,14.51,10,14.59,185,0.38,1320,0.00,17.50,115,4,0.00,4,6.96,8.45,6.27,12.70,0.00,1,17.55,5.77,0.5000
136908,0.00,0.00,14.51,10,14.60,185,0.39,1274,0.00,17.50,115,2,0.00,4,7.11,8.27,5.88,12.90,0.00,1,17.26,5.77,0.5000
137011,0.00,0.00,14.51,10,14.60,185,0.39,1243,0.00,17.00,115,0,0.00,4,7.25,8.18,5.88,13.60,0.00,1,17.11,5.63,0.5000
137112,0.00,0.00,14.51,10,14.61,185,0.40,1113,0.00,17.00,115,0,0.00,4,7.40,7.91,5.88,14.00,0.00,1,16.91,5.63,0.5000
137214,0.00,0.00,14.51,10,14.64,185,0.41,1034,0.00,21.50,115,0,0.00,4,7.84,7.56,5.88,18.70,0.00,1,16.91,5.33,0.5000
137317,0.00,0.00,14.51,10,14.61,185,0.42,1205,0.00,16.50,115,0,0.00,4,7.69,7.18,5.49,18.00,0.00,1,16.94,5.19,0.5000
137418,0.00,0.00,14.51,10,14.60,185,0.39,1267,0.00,17.50,115,0,0.00,4,7.55,7.47,5.49,18.20,0.00,1,17.27,5.63,0.5000
137520,0.00,0.00,14.51,10,14.60,185,0.37,1318,0.00,17.50,115,0,0.00,4,7.25,7.42,5.88,13.80,0.00,1,17.60,5.77,0.5000
137623,-3.91,0.00,14.51,8,14.59,185,0.35,1344,0.00,17.50,115,0,0.00,4,7.11,7.51,5.88,12.50,0.00,1,17.64,5.77,0.5000
137724,-7.03,0.00,14.51,8,14.59,185,0.34,1346,0.00,17.50,115,0,0.00,4,6.96,7.47,5.88,12.30,0.00,1,17.62,5.77,0.5000
137827,-8.59,0.00,14.51,8,14.60,185,0.34,1307,0.00,17.50,115,0,0.00,4,6.82,7.37,5.88,12.30,0.00,1,17.51,5.77,0.5000
137928,-9.38,0.00,14.51,8,14.60,185,0.34,1290,0.00,17.50,115,0,0.00,4,6.82,6.93,5.88,12.50,0.00,1,17.44,5.77,0.5000
138031,-10.16,0.00,14.51,8,14.60,185,0.33,1280,0.00,17.50,115,0,0.00,4,6.82,7.18,5.88,12.70,0.00,1,17.34,5.77,0.5000
138133,-10.16,0.00,14.51,8,14.60,185,0.34,1251,0.00,17.00,115,0,0.00,4,6.96,7.08,5.88,12.90,0.00,1,17.13,5.63,0.5000
138234,-10.94,0.00,14.51,8,14.60,185,0.34,1244,0.00,17.00,115,0,0.00,4,6.96,6.79,5.88,13.10,0.00,1,17.08,5.63,0.5000
138337,-10.94,0.00,14.51,8,14.60,185,0.34,1222,0.00,17.00,115,0,0.00,4,6.96,6.74,5.88,13.40,0.00,1,16.97,5.63,0.5000
138438,-10.94,0.00,14.51,8,14.60,185,0.34,1216,0.00,17.00,115,0,0.00,4,6.96,6.79,5.88,13.60,0.00,1,16.92,5.63,0.5000
138540,-10.94,0.00,14.51,8,14.60,185,0.34,1201,0.00,17.00,115,0,0.00,4,6.96,6.74,5.88,13.80,0.00,1,16.91,5.63,0.5000
138643,-11.72,0.00,14.51,8,14.61,185,0.34,1187,0.00,17.00,115,0,0.00,4,7.11,6.49,5.88,14.00,0.00,1,16.91,5.48,0.5000
138745,-11.72,0.00,14.51,8,14.61,185,0.34,1177,0.00,17.00,115,0,0.00,4,7.11,6.49,5.88,14.10,0.00,1,16.91,5.48,0.5000
138847,-11.72,0.00,14.51,8,14.61,185,0.33,1174,0.00,17.00,117,0,0.00,4,7.11,6.49,5.88,14.20,0.00,1,16.91,5.48,0.5000
138950,-11.72,0.00,14.51,8,14.61,185,0.33,1174,0.00,17.00,117,0,0.00,4,7.11,6.20,5.88,14.30,0.00,1,16.91,5.48,0.5000
139052,-11.72,0.00,14.51,8,14.61,185,0.33,1161,0.00,17.00,117,0,0.00,4,7.11,6.30,5.88,14.30,0.00,1,16.91,5.48,0.5000
139154,-11.72,0.00,14.51,8,14.61,185,0.33,1157,0.00,17.00,117,0,0.00,4,7.25,6.30,5.88,14.40,0.00,1,16.91,5.48,0.5000
139256,-10.94,0.00,14.51,8,14.62,185,0.33,1150,0.00,19.50,117,0,0.00,4,7.25,6.30,5.49,14.40,0.00,1,16.91,5.48,0.5000
139358,-10.94,0.00,14.51,8,14.62,185,0.33,1141,0.00,20.50,117,0,0.00,4,7.25,6.05,5.49,14.40,0.00,1,16.91,5.33,0.5000
139460,-10.16,0.00,14.51,8,14.62,185,0.33,1122,0.00,21.00,117,0,0.00,4,7.25,5.91,5.49,14.30,0.00,1,16.91,5.33,0.5000
139562,-9.38,0.00,14.51,8,14.63,185,0.32,1106,0.00,21.50,117,0,0.00,4,7.25,5.93,5.49,15.00,0.00,1,16.91,5.33,0.5000
139664,-9.38,0.00,14.51,8,14.63,185,0.32,1087,0.00,22.00,117,0,0.00,4,7.25,5.83,5.49,14.80,0.00,1,16.91,5.34,0.5000
139766,-8.59,0.00,14.51,8,14.63,185,0.32,1070,0.00,21.50,117,0,0.00,4,7.25,5.81,5.49,15.00,0.00,1,16.91,5.19,0.5000
139868,-8.59,0.00,14.51,8,14.63,185,0.32,1049,0.00,22.00,117,0,0.00,4,7.40,5.81,5.49,15.10,0.00,1,16.91,5.34,0.5000
139970,-7.81,0.00,14.51,8,14.64,185,0.33,1044,0.00,22.00,117,0,0.00,4,7.40,5.79,5.49,15.10,0.00,1,16.91,5.19,0.5000
140072,-7.81,0.00,14.51,8,14.64,185,0.33,1019,0.00,22.00,117,0,0.00,4,7.55,5.74,5.49,15.20,0.00,1,16.91,5.04,0.5000
140173,-7.03,0.00,14.51,8,14.65,185,0.33,996,0.00,22.00,117,0,0.00,4,7.55,5.64,5.49,15.30,0.00,1,16.91,5.04,0.5000
140276,-7.03,0.00,14.51,8,14.65,185,0.34,994,0.00,22.00,117,0,0.00,4,7.69,5.76,5.49,15.40,0.00,1,16.91,5.48,0.5000
140378,-7.03,0.00,14.51,8,14.66,185,0.34,973,0.00,22.00,117,0,0.00,4,7.84,5.83,5.88,15.30,0.00,1,16.91,5.48,0.5000
140480,-7.03,0.00,14.51,8,14.66,185,0.35,960,0.00,22.00,117,0,0.00,4,8.13,5.76,5.88,15.40,0.00,1,16.91,5.63,0.5000
140582,-6.25,0.00,14.51,8,14.66,185,0.35,960,0.00,22.00,117,0,0.00,4,8.27,5.81,5.88,15.10,0.00,1,16.91,5.48,0.5000
140684,-6.25,0.00,14.51,8,14.66,185,0.36,950,0.00,22.00,117,0,0.00,4,8.42,5.71,5.88,15.10,0.00,1,16.91,5.48,0.5000
140786,-5.47,0.00,14.51,8,14.66,185,0.36,942,0.00,22.00,117,0,0.00,4,8.42,5.62,5.88,15.00,0.00,1,16.91,5.33,0.5000
140888,-5.47,0.00,14.51,8,14.66,185,0.36,935,0.00,22.00,117,0,0.00,4,8.56,5.67,5.49,15.10,0.00,1,16.91,5.33,0.5000
140991,-4.69,0.00,14.51,8,14.67,185,0.36,898,0.00,22.00,117,0,0.00,4,8.56,5.79,5.49,15.20,0.00,1,16.91,5.48,0.5000
141093,-3.91,0.00,14.51,8,14.67,185,0.37,885,0.00,22.00,117,0,0.00,4,8.71,5.71,5.49,15.30,0.00,1,16.91,5.33,0.5000
141195,-3.91,0.00,14.51,8,14.67,185,0.38,868,0.00,22.00,117,0,0.00,4,8.85,5.62,5.49,15.20,0.00,1,16.91,5.33,0.5000
141297,-3.12,0.00,14.51,8,14.68,185,0.38,887,0.00,22.00,117,0,0.00,4,8.85,5.62,5.49,15.50,0.00,1,16.91,5.19,0.5000
141399,-3.12,0.00,14.51,8,14.67,185,0.38,910,0.00,21.00,117,0,0.00,4,8.85,5.52,5.49,15.50,0.00,1,16.91,5.19,0.5000
141501,-2.34,0.00,14.51,8,14.66,185,0.37,961,0.00,17.00,117,0,0.00,4,8.71,5.59,5.49,15.50,0.00,1,16.91,5.33,0.5000
141602,-2.34,0.00,14.51,8,14.65,185,0.36,1006,0.00,16.50,117,0,0.00,4,8.56,5.59,5.49,15.40,0.00,1,16.91,5.33,0.5000
141705,-2.34,0.78,14.51,8,14.64,187,0.35,1019,0.00,14.50,117,0,0.00,4,8.42,5.71,5.88,15.40,0.00,1,16.91,5.63,0.5000
141807,-1.56,0.00,14.51,8,14.64,187,0.35,1012,0.00,14.50,117,0,0.00,4,8.42,5.71,5.88,15.20,0.00,1,16.91,5.63,0.5000
141909,-1.56,0.00,14.51,8,14.65,187,0.34,1001,0.00,16.50,118,0,0.00,4,8.42,5.71,5.88,15.20,0.00,1,16.91,5.63,0.5000
142011,-1.56,0.00,14.51,8,14.66,187,0.34,955,0.00,18.00,118,0,0.00,4,8.42,5.71,5.88,15.20,0.00,1,16.91,5.63,0.5000
142113,-0.78,0.00,14.51,8,14.66,187,0.35,936,0.00,19.50,118,0,0.00,4,8.56,5.67,5.88,15.10,0.00,1,16.91,5.48,0.5000
142215,0.00,0.00,14.51,8,14.67,187,0.36,908,0.00,21.00,118,0,0.00,4,8.71,5.57,5.88,15.10,0.00,1,16.91,5.48,0.5000
142317,0.00,0.00,14.51,8,14.67,187,0.36,890,0.00,21.00,118,0,0.00,4,8.71,5.48,5.49,15.40,0.00,1,16.91,5.33,0.5000
142419,0.78,0.00,14.51,8,14.68,187,0.36,886,0.00,22.00,118,0,0.00,4,8.85,5.45,5.49,15.30,0.00,1,16.91,5.33,0.5000
142521,0.78,0.78,14.51,8,14.68,187,0.37,867,0.00,22.00,118,0,0.00,4,8.85,5.52,5.49,15.50,0.00,1,16.91,5.33,0.5000
142623,0.78,0.78,14.51,8,14.68,187,0.37,863,0.00,22.00,118,0,0.00,4,9.00,5.52,5.49,15.40,0.00,1,16.91,5.33,0.5000
142725,0.78,0.78,14.51,8,14.68,187,0.37,854,0.00,22.00,118,0,0.00,4,9.00,5.57,5.49,15.30,0.00,1,16.91,5.33,0.5000
142827,0.78,1.56,14.51,8,14.69,187,0.38,822,0.00,22.00,118,0,0.00,4,9.14,5.52,5.49,15.30,0.00,1,16.91,5.34,0.5000
142929,1.56,1.56,14.51,8,14.69,187,0.39,816,0.00,22.00,118,0,0.00,4,9.29,5.55,5.49,15.20,0.00,1,16.91,5.34,0.5000
143031,1.56,1.56,14.51,8,14.69,187,0.40,804,0.00,22.00,118,0,0.00,4,9.43,5.48,5.49,15.10,0.00,1,16.91,5.19,0.5000
143133,1.56,1.56,14.51,8,14.69,187,0.40,800,0.00,22.00,118,0,0.00,4,9.43,5.31,5.49,15.10,0.00,1,16.91,5.19,0.5000
143235,1.56,1.56,14.51,8,14.69,187,0.40,803,0.00,22.00,118,0,0.00,4,9.43,5.24,5.49,15.00,0.00,1,16.91,5.19,0.5000
143337,1.56,2.34,14.51,8,14.69,187,0.40,799,0.00,22.00,118,0,0.00,4,9.58,5.26,5.49,15.10,0.00,1,16.91,5.19,0.5000
143439,1.56,2.34,14.51,8,14.69,187,0.40,800,0.00,22.00,118,0,0.00,4,9.58,5.38,5.49,15.00,0.00,1,16.91,5.19,0.5000
143542,1.56,2.34,14.51,8,14.69,187,0.40,796,0.00,22.00,118,0,0.00,4,9.58,5.43,5.49,15.00,0.00,1,16.91,5.19,0.5000
143643,1.56,2.34,14.51,8,14.69,187,0.40,790,0.00,21.50,118,0,0.00,4,9.58,5.43,5.49,14.90,0.00,1,16.91,5.19,0.5000
143745,1.56,2.34,14.51,8,14.69,187,0.40,808,0.00,21.00,118,0,0.00,4,9.58,5.43,5.49,14.80,0.00,1,16.91,5.19,0.5000
143848,1.56,3.12,14.51,8,14.69,187,0.40,814,0.00,19.00,118,0,0.00,4,9.58,5.45,5.49,14.80,0.00,1,16.91,5.19,0.5000
143949,1.56,3.12,14.51,8,14.69,187,0.40,826,0.00,17.50,118,0,0.00,4,9.58,5.43,5.49,14.80,0.00,1,16.91,5.19,0.5000
144051,1.56,3.12,14.51,8,14.69,187,0.40,832,0.00,17.00,118,0,0.00,4,9.58,5.43,5.49,14.80,0.00,1,16.91,5.33,0.5000
144153,1.56,3.12,14.51,8,14.69,187,0.40,815,0.00,17.50,118,0,0.00,4,9.58,5.50,5.49,14.80,0.00,1,16.91,5.33,0.5000
144255,1.56,5.47,14.51,8,14.69,187,0.40,814,0.00,18.00,118,0,0.00,4,9.58,5.43,5.49,14.70,0.00,1,16.91,5.33,0.5000
144357,1.56,5.47,14.51,8,14.69,187,0.40,814,0.00,18.00,118,0,0.00,4,9.58,5.45,5.49,15.00,0.00,1,16.91,5.19,0.5000
144459,1.56,5.47,14.51,8,14.69,187,0.40,799,0.00,19.00,118,0,0.00,4,9.58,5.43,5.49,14.70,0.00,1,16.91,5.19,0.5000
144561,0.78,5.47,14.51,8,14.69,187,0.40,798,0.00,18.50,118,0,0.00,4,9.58,5.45,5.49,14.40,0.00,1,16.91,5.19,0.5000
144663,0.78,5.47,14.51,8,14.69,187,0.41,792,0.00,17.50,118,0,0.00,4,9.72,5.74,5.49,14.50,0.00,1,18.38,6.35,0.5000
144766,0.78,4.69,14.51,8,14.69,187,0.41,789,0.00,20.00,118,0,0.00,4,10.59,8.09,11.37,14.60,0.00,1,21.82,12.15,0.5000
144867,0.00,4.69,14.51,8,14.64,187,0.48,852,0.00,25.50,118,0,0.00,4,12.91,10.25,15.69,14.40,0.00,1,27.60,15.65,0.5000
144970,-2.34,4.69,14.51,8,14.62,187,0.54,984,0.00,28.00,118,0,0.00,4,13.64,9.96,16.86,14.40,0.00,1,29.68,16.09,0.5000
145072,-5.47,3.91,14.51,8,14.61,187,0.55,1151,0.00,29.50,118,0,0.00,4,13.35,10.30,16.86,14.10,0.00,1,31.41,15.65,0.5000
145173,-2.34,3.91,14.51,8,14.60,187,0.54,1222,0.00,30.50,118,0,0.00,4,13.20,11.49,16.47,13.70,0.00,1,32.21,15.65,0.5000
145276,3.91,3.91,14.51,8,14.60,187,0.54,1244,0.00,31.50,118,0,0.00,4,13.20,12.46,16.47,14.10,0.00,1,32.91,15.65,0.5000
145378,13.28,3.91,14.51,8,14.60,187,0.56,1258,0.00,31.50,120,0,0.00,4,13.06,10.25,16.47,15.50,0.00,1,32.97,15.51,0.5000
145480,15.62,3.91,14.51,8,14.60,187,0.58,1313,0.00,32.00,120,0,0.50,4,13.06,12.72,16.47,16.50,0.00,1,34.12,15.51,0.5000
145581,14.06,3.12,14.51,8,14.59,187,0.58,1375,0.00,33.50,120,0,0.50,4,12.91,13.73,16.47,17.10,0.00,1,36.25,15.51,0.5000
145684,10.94,3.12,14.51,8,14.59,187,0.58,1446,0.00,35.00,120,0,0.50,4,12.77,14.61,16.47,15.30,0.00,1,37.13,15.51,0.5000
145785,10.16,3.12,14.51,8,14.58,187,0.59,1476,0.00,36.50,120,0,0.50,4,12.77,14.69,16.86,13.80,0.00,1,38.14,15.37,0.5000
145888,9.38,3.12,14.51,8,14.58,187,0.59,1515,0.00,36.50,120,0,0.50,4,12.48,14.83,15.69,13.80,0.00,1,38.35,15.07,0.5000
145989,7.81,3.12,14.51,8,14.58,187,0.59,1524,0.00,37.50,120,0,0.50,4,12.48,15.20,15.69,14.10,0.00,1,39.14,15.07,0.5000
146091,6.25,2.34,14.51,8,14.58,187,0.59,1556,0.00,37.50,120,0,0.50,4,12.33,15.71,16.08,13.90,0.00,1,39.19,15.22,0.5000
146193,5.47,2.34,14.51,8,14.58,187,0.60,1579,0.00,38.00,120,0,0.50,4,12.33,15.88,16.08,14.00,0.00,1,39.77,15.22,0.5000
146296,4.69,2.34,14.51,8,14.58,187,0.60,1583,0.00,38.50,120,0,0.50,4,12.33,15.71,15.69,14.10,0.00,1,40.36,14.93,0.5000
146398,3.91,2.34,14.51,8,14.58,187,0.59,1612,0.00,39.00,120,0,0.50,4,12.19,15.97,15.69,14.10,0.00,1,40.51,15.07,0.5000
146500,3.91,2.34,14.51,8,14.58,187,0.59,1634,0.00,39.00,120,0,0.50,4,12.19,16.75,15.69,14.20,0.00,1,40.51,15.22,0.5000
146602,3.91,2.34,14.51,8,14.58,187,0.60,1654,0.00,39.00,120,0,0.50,4,12.19,16.75,16.08,14.30,0.00,1,40.59,15.07,0.5000
146704,3.91,0.00,14.51,8,14.58,187,0.60,1659,0.00,39.00,120,0,0.50,4,12.04,16.85,15.69,14.30,0.00,1,40.72,14.93,0.5000
146806,3.12,0.00,14.51,8,14.58,187,0.60,1676,0.00,39.00,120,0,0.50,4,12.04,17.34,15.69,14.40,0.00,1,40.79,14.92,0.5000
146908,3.12,0.00,14.51,8,14.58,187,0.61,1698,0.00,39.00,120,0,0.50,4,12.04,17.24,15.69,14.40,0.00,1,40.82,15.07,0.5000
147010,3.12,0.00,14.51,8,14.58,187,0.61,1727,0.00,39.50,120,0,0.50,4,12.04,17.63,16.08,14.40,0.00,1,40.81,15.22,0.5000
147112,3.12,0.00,14.51,8,14.58,187,0.61,1740,0.00,39.00,120,0,0.50,4,11.90,15.47,16.08,14.50,0.00,1,40.79,15.22,0.5000
147214,3.12,0.00,14.51,8,14.58,187,0.62,1758,0.00,39.00,120,0,0.50,4,12.04,15.48,16.08,14.50,0.00,1,40.90,15.22,0.5000
147316,3.91,0.00,14.51,8,14.58,187,0.61,1786,0.00,39.50,118,0,0.50,4,12.04,21.30,16.86,14.60,0.00,1,40.81,17.53,0.5000
147418,3.91,0.00,14.51,8,14.57,187,0.65,1827,0.00,38.50,118,0,0.50,4,13.06,21.31,20.00,14.50,0.00,1,39.55,19.43,0.5000
147520,5.47,0.00,14.51,8,14.57,187,0.69,1870,0.00,38.00,118,0,0.50,4,13.06,21.69,20.39,14.80,0.00,1,39.69,19.58,0.5000
147622,5.47,0.00,14.51,8,14.57,187,0.69,1924,0.00,38.50,118,0,0.50,4,12.91,21.50,19.61,14.80,0.00,1,40.44,18.41,0.5000
147724,6.25,0.00,14.51,8,14.57,187,0.67,1996,0.00,39.00,118,0,0.00,4,12.91,22.09,19.61,14.80,0.00,1,41.04,18.70,0.5000
147826,7.03,0.00,14.51,8,14.57,187,0.67,2009,0.00,39.00,118,0,0.00,4,12.77,22.59,19.61,14.90,0.00,1,41.13,18.71,0.5000
147928,7.81,0.00,14.51,8,14.56,187,0.67,2048,0.00,39.00,118,0,0.00,4,12.77,22.73,19.61,14.80,0.00,1,41.06,18.56,0.5000
148030,7.03,0.00,14.51,8,14.56,187,0.67,2073,0.00,39.00,118,0,0.00,4,12.77,23.73,19.61,14.80,0.00,1,41.16,18.56,0.5000
148132,7.03,0.00,14.51,8,14.56,187,0.67,2137,0.00,39.00,118,0,0.00,4,12.62,23.99,19.61,14.50,0.00,1,41.14,18.71,0.5000
148234,7.03,0.00,14.51,8,14.56,187,0.67,2155,0.00,39.00,118,0,0.00,4,12.48,24.24,19.61,14.50,0.00,1,41.23,18.56,0.5000
148336,7.03,0.00,14.51,8,14.56,187,0.67,2180,0.00,39.00,118,0,0.00,4,12.48,24.49,19.61,14.50,0.00,1,41.19,18.71,0.5000
148438,7.03,0.00,14.51,8,14.57,187,0.67,2238,0.00,39.00,118,0,0.00,4,12.33,24.74,19.61,14.40,0.00,1,41.28,18.56,0.5000
148540,7.03,0.00,14.51,8,14.57,187,0.66,2274,0.00,39.00,118,0,0.00,4,12.33,25.49,19.61,14.40,0.00,1,41.22,18.56,0.5000
148642,7.03,0.00,14.51,8,14.57,187,0.67,2308,0.00,39.00,118,0,0.00,4,12.33,25.49,19.61,14.40,0.00,1,41.22,18.56,0.5000
148744,7.81,0.00,14.51,8,14.57,187,0.66,2322,0.00,39.00,118,0,0.00,4,12.19,25.86,19.61,14.50,0.00,1,41.30,18.56,0.5000
148846,7.81,0.00,14.51,8,14.57,187,0.66,2363,0.00,39.00,118,1,0.00,4,12.04,26.60,19.61,14.60,0.00,1,41.34,18.56,0.5000
148948,8.59,0.00,14.51,8,14.56,187,0.66,2412,0.00,39.00,118,2,0.00,4,12.04,27.22,19.61,14.50,0.00,6,41.18,18.56,0.5000
149050,9.38,0.00,14.51,8,14.56,187,0.67,2432,0.00,39.00,118,2,0.00,4,12.04,27.10,19.61,14.70,0.00,6,41.09,18.56,0.5000
149152,9.38,0.00,14.51,8,14.56,187,0.67,2453,0.00,39.00,118,3,0.00,4,11.90,27.47,19.61,14.50,0.00,6,41.12,18.56,0.5000
149254,8.59,0.00,14.51,8,14.55,187,0.67,2468,0.00,39.00,118,4,0.00,4,11.90,27.84,19.61,14.40,0.00,6,41.08,18.56,0.5000
149356,7.81,0.00,14.51,8,14.55,187,0.67,2435,0.00,24.00,118,5,0.00,4,11.90,28.09,19.61,14.30,0.00,6,40.79,18.85,0.5000
149457,8.59,0.00,14.51,8,14.56,187,0.69,2306,0.00,23.50,118,6,0.00,4,12.19,27.34,19.61,14.40,0.00,1,40.16,18.85,0.5000
149560,7.81,0.00,14.51,8,14.56,187,0.72,2160,0.00,23.00,118,6,0.00,4,12.62,26.57,19.61,14.40,0.00,1,39.55,18.70,0.5000
149662,5.47,0.00,14.51,8,14.56,187,0.74,2076,0.00,37.50,118,8,0.50,4,12.77,25.68,19.61,14.30,0.00,1,39.08,18.71,0.5000
149764,3.12,0.00,14.51,8,14.56,187,0.74,2040,0.00,37.50,118,8,0.50,4,12.91,25.18,19.61,14.10,0.00,1,38.98,18.70,0.5000
149866,2.34,0.00,14.51,8,14.56,187,0.75,1986,0.00,37.50,118,9,0.50,4,13.06,24.68,19.61,13.80,0.00,1,38.76,18.70,0.5000
149968,0.78,0.00,14.51,8,14.56,187,0.75,1974,0.00,37.00,118,10,0.50,4,13.06,24.43,19.61,13.90,0.00,1,38.51,18.70,0.5000
150070,0.00,0.00,14.51,8,14.56,187,0.75,1953,0.00,37.00,118,10,0.50,4,13.06,24.55,19.61,14.00,0.00,1,38.60,18.70,0.5000
150172,-0.78,0.00,14.51,8,14.56,187,0.75,1960,0.00,37.50,118,11,0.50,4,13.06,24.18,19.61,14.10,0.00,1,38.73,18.70,0.5000
150274,0.00,0.00,14.51,8,14.56,187,0.74,1983,0.00,37.00,118,12,0.50,4,13.06,24.42,19.61,14.10,0.00,1,38.77,18.85,0.5000
150376,0.00,0.00,14.51,8,14.56,187,0.74,1973,0.00,37.50,118,12,0.50,4,13.20,25.14,20.39,14.30,0.00,1,38.75,19.72,0.5000
150478,0.78,0.00,14.51,8,14.56,187,0.75,1999,-2.00,37.50,118,13,-1.00,5,13.49,25.49,21.57,14.50,0.00,1,38.45,20.74,0.5000
150580,2.34,0.00,14.51,8,14.56,187,0.76,2015,-2.00,35.00,118,13,-1.00,5,13.64,25.82,22.35,14.70,0.00,1,38.40,21.32,0.5000
150682,3.91,0.00,14.51,8,14.56,187,0.76,2017,-2.00,35.00,118,14,-1.00,5,13.78,26.30,22.75,14.90,0.00,1,38.42,21.61,0.5000
150784,3.91,0.00,14.51,8,14.56,187,0.77,2053,-2.00,35.00,118,14,-1.00,5,13.93,26.62,23.92,14.90,0.00,1,38.32,22.77,0.5000
150886,4.69,0.00,14.51,8,14.56,187,0.77,2058,-2.00,35.00,118,15,-1.00,5,13.93,26.75,23.92,15.20,0.00,1,38.47,22.63,0.5000
150988,5.47,0.00,14.51,8,14.56,187,0.77,2089,-4.00,33.00,118,15,-3.00,6,13.93,26.87,23.92,14.80,0.00,1,38.40,22.48,0.5000
151090,5.47,0.00,14.51,8,14.56,187,0.77,2083,-4.00,33.00,120,16,-3.00,6,13.78,26.76,23.53,14.80,0.00,1,38.54,22.49,0.5000
151192,4.69,0.00,14.51,8,14.56,187,0.77,2107,-4.00,33.00,120,16,-3.50,6,13.78,27.12,23.53,14.40,0.00,1,38.63,22.34,0.5000
151294,4.69,0.00,14.51,8,14.56,187,0.78,2118,-4.00,33.00,120,17,-3.50,6,13.93,27.37,23.92,14.40,0.00,1,38.55,22.63,0.5000
151396,4.69,0.00,14.51,8,14.56,187,0.77,2112,-4.00,33.50,120,17,-3.50,6,13.93,27.50,23.92,14.50,0.00,1,38.70,22.48,0.5000
151498,4.69,0.00,14.51,8,14.56,187,0.77,2137,-4.00,33.00,120,18,-3.50,6,13.93,27.61,23.53,14.40,0.00,1,38.64,22.78,0.5000
151601,5.47,0.00,14.51,8,14.56,187,0.78,2129,-4.00,33.50,120,19,-3.50,6,13.78,27.27,23.53,14.50,0.00,1,38.82,21.76,0.5000
151702,5.47,0.00,14.51,8,14.56,187,0.77,2138,-4.00,33.50,120,19,-3.50,6,13.64,27.40,22.75,14.40,0.00,1,38.91,21.90,0.5000
151804,3.91,0.00,14.51,8,14.56,187,0.77,2162,-4.00,33.50,120,19,-3.50,6,13.64,27.78,22.75,14.40,0.00,1,38.91,21.76,0.5000
151906,4.69,0.00,14.51,8,14.56,187,0.77,2148,-4.00,33.50,120,19,-3.50,6,13.64,27.90,22.75,14.50,0.00,1,38.99,21.76,0.5000
152008,4.69,0.00,14.51,8,14.56,187,0.77,2158,-4.00,33.50,120,18,-3.50,6,13.64,28.15,22.75,14.50,0.00,1,39.01,21.76,0.5000
152110,4.69,0.00,14.51,8,14.56,187,0.77,2183,-4.00,33.50,120,14,-3.50,6,13.64,28.03,22.75,14.40,0.00,1,38.93,21.76,0.5000
152213,4.69,0.00,14.51,8,14.56,187,0.77,2174,-4.00,33.50,120,9,-3.50,6,13.64,28.03,22.75,14.50,0.00,1,38.91,21.76,0.5000
152314,4.69,0.00,14.51,8,14.56,187,0.77,2182,-4.00,33.50,120,6,-3.50,6,13.78,27.78,22.75,14.40,0.00,1,39.12,21.76,0.5000
152416,3.91,0.00,14.51,8,14.56,187,0.77,2205,-4.00,33.50,120,4,-3.50,6,13.78,28.01,22.75,14.50,0.00,1,39.11,21.76,0.5000
152518,3.91,0.00,14.51,8,14.56,187,0.77,2212,-4.00,33.50,118,3,-3.50,6,13.64,28.52,22.75,14.40,0.00,1,39.15,21.76,0.5000
152620,3.91,0.00,14.51,8,14.56,187,0.77,2200,-4.00,33.50,118,3,-3.50,6,13.64,28.26,22.75,14.40,0.00,1,39.22,21.76,0.5000
152722,3.12,0.00,14.51,8,14.56,187,0.77,2209,-4.00,33.50,118,2,-3.50,6,13.64,28.27,22.75,14.40,0.00,1,39.26,21.76,0.5000
152824,3.91,0.00,14.51,8,14.56,187,0.77,2234,-4.00,33.50,118,1,-3.50,6,13.64,28.89,22.75,14.40,0.00,1,39.31,21.76,0.5000
152926,3.91,0.00,14.51,8,14.56,187,0.77,2240,-4.00,33.50,118,1,-3.50,6,13.64,28.52,22.75,14.50,0.00,1,39.23,21.76,0.5000
153028,3.91,0.00,14.51,8,14.56,187,0.77,2232,-3.00,34.50,118,0,-2.50,6,13.64,28.63,22.75,14.50,0.00,1,39.30,21.76,0.5000
153130,3.91,0.00,14.51,8,14.56,187,0.77,2240,-3.00,34.50,118,0,-2.50,6,13.64,29.01,22.75,14.50,0.00,1,39.41,21.76,0.5000
153232,3.91,0.00,14.51,8,14.56,187,0.77,2251,-3.00,34.50,118,0,-2.50,6,13.64,29.25,22.75,14.40,0.00,1,39.46,21.76,0.5000
153334,3.91,0.00,14.51,8,14.56,187,0.77,2262,-3.00,34.50,118,0,-2.50,6,13.64,29.50,22.75,14.50,0.00,1,39.53,21.76,0.5000
153436,3.91,0.00,14.51,8,14.56,187,0.77,2291,-3.00,34.50,118,0,-3.00,6,13.64,29.13,22.75,14.50,0.00,1,39.50,21.76,0.5000
153538,4.69,0.00,14.51,8,14.56,187,0.77,2300,-3.00,34.50,118,0,-3.00,6,13.64,29.38,22.75,14.60,0.00,1,39.53,21.76,0.5000
153640,4.69,0.00,14.51,8,14.56,187,0.77,2314,-3.00,34.50,118,0,-3.00,6,13.64,29.75,22.75,15.40,0.00,1,39.62,21.76,0.5000
153742,4.69,0.00,14.51,8,14.56,187,0.77,2329,-3.00,35.00,118,0,-3.00,6,13.64,30.00,22.75,14.70,0.00,1,39.69,21.76,0.5000
153844,5.47,0.00,14.51,8,14.56,187,0.77,2338,-3.00,35.00,118,0,-3.00,6,13.64,29.87,22.75,15.70,0.00,1,39.72,21.76,0.5000
153946,5.47,0.00,14.51,8,14.56,187,0.77,2352,-3.00,35.00,118,0,-3.00,6,13.64,30.01,22.75,15.40,0.00,1,39.80,21.61,0.5000
154048,5.47,0.00,14.51,8,14.56,187,0.77,2360,-3.00,35.00,118,0,-3.00,6,13.49,30.27,22.35,14.80,0.00,1,39.85,21.47,0.5000
154150,5.47,0.00,14.51,8,14.56,187,0.77,2367,-3.00,35.00,118,0,-3.00,6,13.49,30.15,22.35,14.70,0.00,1,39.88,21.47,0.5000
154252,5.47,0.00,14.51,8,14.56,187,0.76,2384,-3.00,35.00,118,0,-3.00,6,13.49,30.27,22.35,14.60,0.00,1,39.96,21.47,0.5000
154354,6.25,0.00,14.51,8,14.56,187,0.77,2396,-3.00,35.00,118,0,-3.00,6,13.49,28.20,22.35,14.90,0.00,1,40.02,21.47,0.5000
154456,6.25,0.00,14.51,8,14.56,187,0.77,2412,-3.00,35.00,118,0,-3.00,6,13.49,30.89,22.35,14.80,0.00,6,40.09,21.47,0.5000
154558,6.25,0.00,14.51,8,14.56,187,0.77,2419,-3.00,35.00,118,1,-3.00,6,13.49,30.89,22.35,14.80,0.00,6,40.12,21.47,0.5000
154660,7.03,0.00,14.51,8,14.56,187,0.77,2433,-3.00,35.00,118,2,-3.00,6,13.49,31.03,22.35,14.50,0.00,6,40.12,21.32,0.5000
154762,6.25,0.00,14.51,8,14.55,187,0.77,2429,-3.00,35.00,118,2,-3.00,6,13.35,30.78,22.35,14.60,0.00,6,40.12,20.88,0.5000
154865,6.25,0.00,14.51,8,14.55,187,0.76,2435,-3.00,35.00,118,3,-3.00,6,13.20,30.79,21.57,14.50,0.00,6,40.12,20.45,0.5000
154966,5.47,0.00,14.51,8,14.54,185,0.76,2444,-2.00,35.00,118,4,-2.00,6,13.06,30.79,21.57,14.40,0.00,6,40.12,20.59,0.5000
155068,5.47,0.00,14.51,8,14.54,185,0.75,2474,-2.00,36.00,118,5,-2.00,6,13.06,30.79,21.57,14.40,0.00,6,40.12,20.59,0.5000
155170,5.47,0.00,14.51,8,14.54,185,0.75,2483,-2.00,36.00,118,6,-2.00,6,13.06,31.29,21.57,14.50,0.00,6,40.12,20.74,0.5000
155272,4.69,0.00,14.51,8,14.54,185,0.76,2494,-2.00,36.00,118,7,-2.00,6,13.06,31.29,21.57,14.50,0.00,6,40.12,20.74,0.5000
155375,4.69,0.00,14.51,8,14.53,185,0.76,2484,-2.00,36.00,117,7,-2.00,6,13.06,31.30,21.96,14.40,0.00,6,40.12,20.74,0.5000
155476,4.69,0.00,14.51,8,14.53,185,0.76,2495,-2.00,36.00,117,8,-2.00,6,13.06,31.67,21.96,14.40,0.00,6,40.12,20.74,0.5000
155579,3.91,0.00,14.51,8,14.52,185,0.76,2530,-2.00,36.00,117,9,-2.00,6,12.91,31.80,21.96,14.40,0.00,6,40.12,20.74,0.5000
155681,3.12,0.00,14.51,8,14.52,185,0.76,2541,-2.00,36.00,117,10,-2.00,6,12.91,31.93,21.96,14.30,0.00,6,40.12,20.74,0.5000
155783,3.12,0.00,14.51,8,14.51,185,0.76,2528,-2.00,36.00,117,10,-2.00,6,12.91,32.07,21.96,14.40,0.00,6,40.12,20.74,0.5000
155885,3.12,0.00,14.51,8,14.51,185,0.76,2563,-2.00,36.00,117,11,-2.00,6,12.91,32.57,21.96,14.40,0.00,6,40.12,20.88,0.5000
155988,2.34,0.00,14.51,8,14.51,185,0.76,2558,-2.00,36.00,117,12,-2.00,6,13.06,33.07,21.96,14.40,0.00,6,40.12,21.17,0.5000
156089,2.34,0.00,14.51,8,14.50,185,0.77,2568,-2.00,36.00,117,13,-2.00,6,13.06,33.06,22.35,14.40,0.00,6,40.12,21.47,0.5000
156191,1.56,0.00,14.51,8,14.50,185,0.77,2600,-2.00,36.00,117,14,-2.00,6,13.06,32.93,22.35,14.40,0.00,6,40.12,21.32,0.5000
156294,1.56,0.00,14.51,8,14.50,185,0.76,2598,-2.00,36.00,117,15,-2.00,6,13.06,33.44,22.35,14.30,0.00,6,40.12,21.32,0.5000
156396,0.78,0.00,14.51,8,14.49,185,0.77,2631,-2.00,36.00,117,16,-2.00,6,13.06,33.56,22.35,14.30,0.00,6,40.12,21.32,0.5000
156498,0.78,0.00,14.51,8,14.49,185,0.77,2619,-2.00,36.00,117,16,-2.00,6,13.06,33.31,22.35,14.40,0.00,6,40.12,21.17,0.5000
156600,0.00,0.00,14.51,8,14.48,185,0.76,2647,-2.00,36.00,117,17,-2.00,6,12.91,33.20,21.96,14.40,0.00,6,40.12,20.74,0.5000
156701,-1.56,0.00,14.51,8,14.49,185,0.76,2642,-2.00,36.00,117,17,-2.00,6,12.62,32.33,21.57,14.20,0.00,6,40.12,19.87,0.5000
156804,-2.34,0.00,14.51,8,14.48,185,0.74,2660,-2.00,36.00,117,17,-2.00,6,12.33,32.12,20.39,14.00,0.00,6,40.12,19.29,0.5000
156906,-3.12,0.00,14.51,8,14.48,185,0.73,2637,-2.00,36.00,115,17,-2.00,6,12.19,31.64,19.61,14.20,0.00,6,40.12,18.85,0.5000
157007,-3.91,0.00,14.51,8,14.48,185,0.72,2652,-1.00,37.00,115,14,-1.00,6,12.04,31.64,19.61,14.20,0.00,6,40.12,18.70,0.5000
157110,-3.91,0.00,14.51,8,14.51,185,0.72,2493,-1.00,22.00,115,12,-1.00,6,12.19,31.00,19.61,14.30,0.00,6,40.12,18.70,0.5000
157212,-3.12,0.00,14.51,8,14.56,185,0.75,2274,-1.00,22.00,115,10,-1.00,6,12.62,29.97,19.61,14.00,0.00,1,39.47,18.70,0.5000
157313,-1.56,0.00,14.51,8,14.56,185,0.78,2202,-1.00,36.50,115,7,-0.50,6,13.06,28.46,19.61,15.00,0.00,1,38.77,18.70,0.5000
157416,-2.34,0.00,14.51,8,14.56,185,0.79,2140,-1.00,36.50,115,6,-0.50,6,13.20,27.83,19.61,14.70,0.00,1,38.45,18.70,0.5000
157518,-3.12,0.00,14.51,8,14.56,185,0.79,2089,-1.00,36.00,115,5,0.00,6,13.20,27.08,19.61,14.30,0.00,1,38.37,18.70,0.5000
157620,-3.12,0.00,14.51,8,14.56,185,0.78,2084,-1.00,36.00,115,4,0.00,6,13.35,26.59,19.61,14.30,0.00,1,38.29,18.70,0.5000
157722,-3.12,0.00,14.51,8,14.56,185,0.77,2056,-1.00,36.00,115,3,0.00,6,13.35,26.34,19.61,14.40,0.00,1,38.44,18.70,0.5000
157824,-3.12,0.00,14.51,8,14.56,185,0.77,2070,-1.00,36.00,115,2,0.00,6,13.35,26.22,19.61,14.40,0.00,1,38.49,18.70,0.5000
157926,-3.12,0.00,14.51,8,14.56,185,0.76,2054,-1.00,36.00,115,2,-0.50,6,13.35,26.10,19.61,14.50,0.00,1,38.64,18.70,0.5000
158028,-3.12,0.00,14.51,8,14.56,185,0.76,2072,-1.00,36.00,115,2,-0.50,6,13.20,25.98,19.61,14.70,0.00,1,38.65,18.70,0.5000
158130,-3.12,0.00,14.51,8,14.56,185,0.76,2056,-1.00,36.50,115,1,-0.50,6,13.20,26.11,19.61,14.50,0.00,1,38.78,18.70,0.5000
158232,-3.12,0.00,14.51,8,14.56,185,0.76,2073,-1.00,36.00,115,1,-0.50,6,13.20,25.86,19.61,14.50,0.00,1,38.78,18.70,0.5000
158334,-3.12,0.00,14.51,8,14.56,185,0.76,2057,-1.00,36.50,115,1,-0.50,6,13.20,28.06,19.61,14.50,0.00,1,38.85,18.70,0.5000
158437,-2.34,0.00,14.51,8,14.56,185,0.75,2074,-1.00,36.50,113,1,-0.50,6,13.20,25.62,19.61,14.50,0.00,1,38.93,18.70,0.5000
158538,-2.34,0.00,14.51,8,14.56,185,0.75,2060,-1.00,36.50,113,1,-0.50,6,13.20,25.74,19.61,14.60,0.00,1,39.09,18.70,0.5000
158641,-2.34,0.00,14.51,8,14.56,185,0.75,2078,-1.00,36.50,113,1,-0.50,6,13.20,23.68,19.61,14.50,0.00,1,39.00,18.57,0.5000
158743,-2.34,0.00,14.51,8,14.56,185,0.71,2040,-0.98,37.50,113,1,-1.00,6,10.16,14.36,10.20,15.20,0.00,1,41.42,7.78,0.5000
158845,-6.25,0.00,14.51,8,14.58,185,0.55,1925,-0.94,38.50,113,2,0.00,6,8.56,11.74,7.06,14.10,0.00,1,37.23,6.64,0.5000
158947,-10.16,0.00,14.51,8,14.57,185,0.45,1827,-0.89,32.00,113,1,0.00,6,7.25,9.95,6.27,13.10,0.00,1,30.91,5.92,0.5000
159049,-14.84,0.00,14.51,8,14.57,185,0.39,1784,-0.83,28.00,113,2,0.00,6,6.67,9.60,5.88,12.20,0.00,1,27.09,5.77,0.5000
159150,0.00,0.00,14.51,8,14.57,185,0.36,1729,-0.79,25.00,113,2,0.00,6,6.38,9.20,5.88,11.90,0.00,1,23.78,5.77,0.5000
159253,0.00,0.00,14.51,10,14.57,185,0.34,1676,-0.74,22.00,113,2,0.00,6,6.09,8.87,5.88,11.70,0.00,1,21.06,5.63,0.5000
159355,0.00,0.00,14.51,10,14.57,185,0.33,1614,-0.70,20.50,113,2,0.00,6,6.24,8.72,5.88,12.00,0.00,1,20.41,5.48,0.5000
159456,0.00,0.00,14.51,10,14.57,185,0.33,1601,-0.66,20.00,113,2,0.00,6,6.24,8.50,5.88,12.70,0.00,1,20.28,5.48,0.5000
159559,0.00,0.00,14.51,10,14.58,185,0.32,1557,-0.62,19.50,113,3,0.00,6,6.24,8.23,5.88,13.60,0.00,1,19.29,5.48,0.5000
159661,0.00,0.00,14.51,10,14.58,185,0.32,1458,-0.58,19.00,113,3,0.00,6,6.24,8.05,5.88,13.40,0.00,1,18.55,5.48,0.5000
159763,0.00,0.00,14.51,10,14.59,185,0.33,1407,-0.54,18.00,113,3,0.00,6,6.24,7.83,5.49,15.10,0.00,1,17.89,5.19,0.5000
159865,0.00,0.00,14.51,10,14.59,185,0.33,1351,-0.50,18.00,113,3,0.00,6,6.24,7.47,5.49,17.60,0.00,1,17.71,5.04,0.5000
159966,0.00,0.00,14.51,10,14.60,185,0.34,1321,-0.46,17.50,113,4,0.00,6,6.24,7.32,5.49,20.50,0.00,1,17.58,5.04,0.5000
160069,0.00,0.00,14.51,10,14.60,185,0.33,1301,-0.42,17.50,113,4,0.00,6,6.24,7.23,5.49,26.00,0.00,1,17.45,4.90,0.5000
160171,0.00,0.00,14.51,10,14.60,185,0.34,1276,-0.39,17.50,113,4,0.00,6,6.24,7.13,5.10,31.90,0.00,1,17.23,4.90,0.5000
160273,0.00,0.00,14.51,10,14.60,185,0.34,1256,-0.36,17.00,113,1,0.00,6,6.38,7.08,5.10,42.70,0.00,1,17.12,4.90,0.5000
160375,0.00,0.00,14.51,10,14.60,185,0.34,1235,-0.32,17.00,113,0,0.00,6,6.38,6.93,5.10,55.80,0.00,1,17.01,4.76,0.5000
160477,0.00,0.00,14.51,10,14.60,185,0.34,1198,-0.29,17.00,113,0,0.00,6,6.38,6.59,5.10,68.40,0.00,1,16.91,4.75,0.5000
160580,0.00,0.00,14.51,10,14.61,185,0.34,1177,-0.26,17.00,113,0,0.00,6,6.53,6.59,5.10,78.40,0.00,1,16.91,4.75,0.5000
160681,0.00,0.00,14.51,10,14.61,185,0.34,1156,-0.22,17.00,113,0,0.00,6,6.53,6.30,5.10,87.60,0.00,1,16.91,4.61,0.5000
160783,0.00,0.00,14.51,10,14.62,185,0.33,1134,-0.20,17.00,113,0,0.00,6,6.53,6.40,5.10,91.80,0.00,1,16.91,4.61,0.5000
160885,0.00,0.00,14.51,10,14.62,185,0.33,1127,-0.17,17.00,113,0,0.00,6,6.67,6.20,4.71,96.00,0.00,1,16.91,4.61,0.5000
160988,0.00,0.00,14.51,10,14.63,185,0.33,1103,-0.14,17.00,113,0,0.00,6,6.67,6.15,4.71,96.00,0.00,1,16.91,4.61,0.5000
161090,0.00,0.00,14.51,10,14.63,185,0.34,1081,-0.10,17.00,113,0,0.00,6,6.82,6.10,4.71,96.00,0.00,1,16.91,4.61,0.5000
161191,0.00,0.00,14.51,10,14.64,185,0.34,1053,-0.08,22.00,113,0,0.00,6,6.82,5.91,4.71,96.00,0.00,1,16.91,4.46,0.5000
161293,0.00,0.00,14.51,10,14.64,185,0.34,1027,-0.05,22.00,113,0,0.00,6,6.96,5.76,4.71,96.00,0.00,1,16.91,4.46,0.5000
161396,0.00,0.00,14.51,10,14.64,185,0.34,1018,-0.02,22.00,113,0,0.00,6,6.96,5.79,4.71,96.00,0.00,1,16.91,4.46,0.5000
161498,0.00,0.00,14.51,10,14.65,185,0.34,992,0.00,22.00,113,0,0.00,6,7.11,5.74,4.71,96.00,0.00,1,16.91,4.33,0.5000
161599,0.00,0.00,14.51,10,14.66,185,0.34,964,0.00,22.00,113,0,0.00,6,7.25,5.76,4.71,96.00,0.00,1,16.91,4.76,0.5000
161701,0.00,0.00,14.51,10,14.66,185,0.35,952,0.00,22.00,113,0,0.00,6,7.40,5.76,5.10,99.90,0.00,1,16.91,4.75,0.5000
161803,0.00,0.00,14.51,10,14.67,185,0.35,925,0.00,22.00,113,0,0.00,6,7.69,5.69,5.10,99.90,0.00,1,16.91,4.75,0.5000
161905,0.00,0.00,14.51,10,14.67,185,0.36,901,0.00,22.00,113,0,0.00,6,7.84,5.60,5.10,99.90,0.00,1,16.91,4.61,0.5000
162008,0.00,0.00,14.51,10,14.67,185,0.36,892,0.00,22.00,113,0,0.00,6,7.98,5.64,4.71,99.90,0.00,1,16.91,4.61,0.5000
162110,0.00,0.00,14.51,10,14.67,185,0.37,919,0.00,22.00,113,0,0.00,6,8.13,5.64,4.71,99.90,0.00,1,16.91,4.61,0.5000
162212,0.00,0.00,14.51,10,14.63,185,0.36,1090,0.00,17.00,113,0,0.00,6,7.84,5.62,4.71,99.90,0.00,1,16.91,4.61,0.5000
162314,0.00,0.00,14.51,10,14.60,185,0.33,1294,0.00,17.50,113,0,0.00,6,7.25,5.45,4.71,96.00,0.00,1,17.54,4.61,0.5000
162416,0.00,0.00,14.51,10,14.59,185,0.29,1407,0.00,18.00,113,0,0.00,6,6.53,5.48,4.71,91.60,0.00,1,18.23,4.90,0.5000
162518,0.00,0.78,14.51,10,14.59,185,0.26,1439,0.00,18.50,113,0,0.00,6,6.24,5.72,5.49,32.10,0.00,1,18.19,5.19,0.5000
162620,0.00,0.00,14.51,10,14.59,185,0.25,1439,0.00,18.50,113,0,0.00,6,6.09,5.81,5.49,24.60,0.00,1,18.54,5.19,0.5000
162722,0.00,0.00,14.51,10,14.59,185,0.25,1458,0.00,18.50,113,0,0.00,6,5.95,5.74,5.49,21.30,0.00,1,18.47,5.19,0.5000
162823,0.00,0.00,14.51,10,14.59,185,0.24,1441,0.00,18.50,113,1,0.00,6,5.80,5.69,5.49,19.40,0.00,1,18.52,5.04,0.5000
162926,0.00,0.00,14.51,10,14.59,185,0.24,1429,0.00,18.50,113,1,0.00,6,5.80,5.74,5.49,18.60,0.00,1,18.28,5.19,0.5000
163028,0.00,0.00,14.51,10,14.59,185,0.24,1418,0.00,18.00,113,1,0.00,6,5.80,5.79,5.49,17.80,0.00,1,18.15,5.04,0.5000
163130,0.00,0.00,14.51,10,14.59,185,0.24,1418,0.00,18.00,113,2,0.00,6,5.66,5.79,5.49,17.20,0.00,1,18.22,5.04,0.5000
163232,0.00,0.00,14.51,10,14.59,185,0.24,1406,0.00,18.00,113,2,0.00,6,5.66,5.69,5.49,16.90,0.00,1,17.94,5.04,0.5000
163334,0.00,0.00,14.51,8,14.59,185,0.24,1390,0.00,18.00,113,2,0.00,6,5.66,5.74,5.49,16.40,0.00,1,17.96,5.04,0.5000
163436,0.00,0.00,14.51,8,14.59,185,0.25,1379,0.00,18.00,113,2,0.00,6,5.66,5.72,5.49,15.90,0.00,1,17.86,5.04,0.5000
163538,0.00,0.00,14.51,8,14.59,185,0.25,1375,0.00,18.00,113,2,0.00,6,5.66,5.62,5.49,16.00,0.00,1,17.77,5.04,0.5000
163640,-0.78,0.00,14.51,8,14.59,185,0.25,1347,0.00,18.00,113,3,0.00,6,5.66,5.64,5.49,15.30,0.00,1,17.74,5.04,0.5000
163742,-0.78,0.00,14.51,8,14.59,185,0.25,1337,0.00,17.50,113,3,0.00,6,5.66,5.64,5.10,14.60,0.00,1,17.71,4.90,0.5000
163843,-1.56,0.00,14.51,8,14.59,185,0.25,1338,0.00,17.50,113,3,0.00,6,5.66,5.50,5.10,15.20,0.00,1,17.54,4.90,0.5000
163946,-1.56,0.00,14.51,8,14.59,185,0.25,1332,0.00,17.50,113,4,0.00,6,5.66,5.57,5.10,14.40,0.00,1,17.52,4.90,0.5000
164048,-2.34,0.00,14.51,8,14.60,185,0.25,1288,0.00,17.50,113,4,0.00,6,5.66,5.52,5.10,14.40,0.00,1,17.40,4.90,0.5000
164150,-2.34,0.78,14.51,8,14.60,185,0.25,1280,0.00,17.50,113,4,0.00,6,5.66,5.48,5.10,14.30,0.00,1,17.35,4.90,0.5000
164252,-3.12,0.78,14.51,8,14.60,185,0.25,1269,0.00,17.00,113,3,0.00,6,5.80,5.43,5.10,14.30,0.00,1,17.28,4.90,0.5000
164354,-3.12,0.78,14.51,8,14.60,185,0.25,1278,0.00,17.50,113,0,0.00,6,5.80,5.26,5.10,14.20,0.00,1,17.26,4.75,0.5000
164455,-3.12,1.56,14.51,8,14.60,185,0.25,1262,0.00,17.00,113,0,0.00,6,5.80,5.33,5.10,14.20,0.00,1,17.17,4.75,0.5000
164558,-3.12,1.56,14.51,8,14.60,185,0.25,1245,0.00,17.00,113,0,0.00,6,5.80,5.41,5.10,14.30,0.00,1,17.05,4.75,0.5000
164660,-3.12,1.56,14.51,8,14.60,185,0.26,1216,0.00,17.00,113,0,0.00,6,5.95,5.36,5.10,14.20,0.00,1,17.00,4.75,0.5000
164762,-3.12,1.56,14.51,8,14.60,185,0.26,1207,0.00,17.00,113,0,0.00,6,5.95,5.45,5.10,14.40,0.00,1,16.95,4.75,0.5000
164864,-3.12,1.56,14.51,8,14.60,185,0.26,1205,0.00,17.00,113,0,0.00,6,5.95,5.31,5.10,14.40,0.00,1,17.00,4.75,0.5000
164966,-3.91,2.34,14.51,8,14.60,185,0.26,1199,0.00,17.00,115,0,0.00,6,6.09,5.31,5.10,14.40,0.00,1,16.97,4.75,0.5000
165068,-3.91,2.34,14.51,8,14.60,185,0.26,1190,0.00,17.00,115,0,0.00,6,6.09,5.29,5.10,14.30,0.00,1,16.91,4.75,0.5000
165170,-3.91,2.34,14.51,8,14.61,185,0.26,1177,0.00,17.00,115,0,0.00,6,6.09,5.36,5.10,14.40,0.00,1,16.91,4.75,0.5000
165272,-4.69,2.34,14.51,8,14.61,185,0.27,1174,0.00,17.00,115,0,0.00,6,6.24,5.22,5.10,14.30,0.00,1,16.91,4.75,0.5000
165374,-4.69,2.34,14.51,8,14.61,185,0.27,1151,0.00,17.00,115,0,0.00,6,6.24,5.22,4.71,14.30,0.00,1,16.91,4.61,0.5000
165475,-4.69,3.12,14.51,8,14.61,185,0.27,1150,0.00,17.00,115,0,0.00,6,6.24,5.31,4.71,14.30,0.00,1,16.91,4.61,0.5000
165578,-4.69,3.12,14.51,8,14.62,185,0.27,1139,0.00,17.00,115,0,0.00,6,6.38,5.36,4.71,14.30,0.00,1,16.91,4.61,0.5000
165680,-5.47,3.12,14.51,8,14.62,185,0.27,1119,0.00,17.00,115,0,0.00,6,6.38,5.29,4.71,14.30,0.00,1,16.91,4.61,0.5000
165782,-5.47,3.12,14.51,8,14.62,185,0.28,1109,0.00,17.00,115,0,0.00,6,6.38,5.26,4.71,14.30,0.00,1,16.91,4.61,0.5000
165884,-5.47,5.47,14.51,8,14.63,185,0.28,1102,0.00,17.00,115,0,0.00,6,6.38,5.17,4.71,14.20,0.00,1,16.91,4.61,0.5000
165986,-5.47,5.47,14.51,8,14.63,185,0.28,1090,0.00,17.00,115,0,0.00,6,6.53,5.12,4.71,14.20,0.00,1,16.91,4.61,0.5000
166088,-6.25,5.47,14.51,8,14.63,185,0.28,1070,0.00,22.00,115,0,0.00,6,6.53,5.17,4.71,14.30,0.00,1,16.91,4.46,0.5000
166190,-6.25,5.47,14.51,8,14.63,185,0.28,1076,0.00,17.00,115,0,0.00,6,6.53,2.56,4.71,14.30,0.00,1,16.91,4.46,0.5000
166292,-7.03,5.47,14.51,8,14.63,185,0.28,1068,0.00,17.00,115,0,0.00,6,6.53,5.17,4.71,14.30,0.00,1,16.91,4.46,0.5000
166394,-7.03,5.47,14.51,8,14.64,185,0.29,1051,0.00,22.00,115,0,0.00,6,6.67,5.02,4.71,14.20,0.00,1,16.91,4.46,0.5000
166496,-7.81,5.47,14.51,8,14.64,185,0.29,1052,0.00,22.00,115,0,0.00,6,6.67,4.96,4.71,14.10,0.00,1,16.91,4.46,0.5000
166598,-8.59,5.47,14.51,8,14.64,185,0.29,1045,0.00,22.00,115,0,0.00,6,6.67,5.02,4.71,14.10,0.00,1,16.91,4.46,0.5000
166700,-8.59,5.47,14.51,8,14.64,185,0.29,1030,0.00,21.50,115,0,0.00,6,6.82,4.99,4.71,14.10,0.00,1,16.91,4.46,0.5000
166802,-8.59,5.47,14.51,8,14.64,185,0.29,1011,0.00,22.00,115,0,0.00,6,6.82,5.02,4.71,14.10,0.00,1,16.91,4.46,0.5000
166904,-9.38,5.47,14.51,8,14.65,185,0.29,1006,0.00,22.00,115,0,0.00,6,6.82,4.96,4.71,14.00,0.00,1,16.91,4.46,0.5000
167006,-9.38,5.47,14.51,8,14.65,185,0.29,994,0.00,22.00,115,0,0.00,6,6.96,5.07,4.71,14.00,0.00,1,16.91,4.61,0.5000
167109,-9.38,5.47,14.51,8,14.65,185,0.30,980,0.00,22.00,115,0,0.00,6,7.11,5.14,5.10,14.20,0.00,1,16.91,4.75,0.5000
167210,-9.38,5.47,14.51,8,14.65,185,0.30,992,0.00,21.50,115,0,0.00,6,7.25,5.19,5.10,14.20,0.00,1,16.91,4.90,0.5000
167312,-9.38,5.47,14.51,8,14.65,185,0.31,982,0.00,22.00,115,0,0.00,6,7.40,5.14,5.10,14.20,0.00,1,16.91,4.90,0.5000
167414,-9.38,5.47,14.51,8,14.65,185,0.31,971,0.00,21.50,115,0,0.00,6,7.40,5.19,5.10,14.30,0.00,1,16.91,4.75,0.5000
167516,-9.38,5.47,14.51,8,14.65,185,0.31,974,0.00,21.50,115,0,0.00,6,7.55,5.19,5.10,14.30,0.00,1,16.91,4.89,0.5000
167618,-8.59,5.47,14.51,8,14.66,185,0.31,968,0.00,21.50,115,0,0.00,6,7.55,5.17,5.10,14.40,0.00,1,16.91,4.75,0.5000
167720,-8.59,5.47,14.51,8,14.65,185,0.32,960,0.00,20.50,115,0,0.00,6,7.69,5.14,5.10,14.60,0.00,1,16.91,4.76,0.5000
167822,-8.59,5.47,14.51,8,14.66,185,0.32,954,0.00,21.50,115,0,0.00,6,7.69,5.17,5.10,14.50,0.00,1,16.91,4.75,0.5000
167924,-8.59,5.47,14.51,8,14.66,185,0.32,938,0.00,22.00,115,0,0.00,6,7.69,5.14,5.10,14.40,0.00,1,16.91,4.75,0.5000
168026,-7.81,5.47,14.51,8,14.66,187,0.32,928,0.00,22.00,115,0,0.00,6,7.84,5.12,5.10,15.00,0.00,1,16.91,4.75,0.5000
168128,-7.81,5.47,14.51,8,14.67,187,0.33,917,0.00,22.00,115,0,0.00,6,7.84,5.17,5.10,14.90,0.00,1,16.91,4.75,0.5000
168230,-7.81,5.47,14.51,8,14.67,187,0.33,910,0.00,22.00,115,0,0.00,6,7.98,5.17,5.10,14.80,0.00,1,16.91,4.61,0.5000
168332,-7.03,5.47,14.51,8,14.67,187,0.33,902,0.00,22.00,115,0,0.00,6,7.98,5.01,4.71,14.90,0.00,1,16.91,4.61,0.5000
168434,-7.03,5.47,14.51,8,14.67,187,0.33,926,0.00,20.50,115,0,0.00,6,7.98,4.99,4.71,14.90,0.00,1,16.91,4.61,0.5000
168536,-7.03,5.47,14.51,8,14.66,187,0.33,965,0.00,17.00,115,0,0.00,6,7.98,5.01,4.71,14.90,0.00,1,16.91,4.61,0.5000
168638,-7.03,5.47,14.51,8,14.65,187,0.32,991,0.00,16.50,115,0,0.00,6,7.84,5.07,4.71,15.00,0.00,1,16.91,4.61,0.5000
168740,-7.03,5.47,14.51,8,14.64,187,0.31,1026,0.00,14.00,115,0,0.00,6,7.69,5.09,5.10,14.90,0.00,1,16.91,4.75,0.5000
168842,-7.03,5.47,14.51,8,14.64,187,0.31,1059,0.00,12.00,115,0,0.00,6,7.55,2.56,5.10,14.90,0.00,1,16.91,4.90,0.5000
168944,-6.25,5.47,14.51,8,14.64,187,0.30,1045,0.00,14.00,115,0,0.00,6,7.55,5.01,5.10,14.80,0.00,1,16.91,4.89,0.5000
169046,-6.25,5.47,14.51,8,14.64,187,0.30,1032,0.00,15.00,115,0,0.00,6,7.40,5.14,5.10,14.80,0.00,1,16.91,4.90,0.5000
169148,-5.47,5.47,14.51,8,14.64,187,0.30,1018,0.00,15.50,115,0,0.00,6,7.40,5.29,5.49,14.90,0.00,1,16.91,5.19,0.5000
169250,-5.47,5.47,14.51,8,14.65,187,0.30,1011,0.00,16.50,115,0,0.00,6,7.55,5.43,5.49,15.00,0.00,1,16.91,5.33,0.5000
169352,-4.69,5.47,14.51,8,14.65,187,0.31,973,0.00,17.50,115,0,0.00,6,7.69,5.55,5.88,15.10,0.00,1,16.91,5.62,0.5000
169454,-3.91,5.47,14.51,8,14.66,187,0.32,941,0.00,19.50,115,0,0.00,6,7.98,5.60,5.88,15.10,0.00,1,16.91,5.63,0.5000
169556,-3.91,5.47,14.51,8,14.67,187,0.34,918,0.00,22.00,115,0,0.00,6,8.27,5.57,5.88,15.20,0.00,1,16.91,5.63,0.5000
169658,-3.12,5.47,14.51,8,14.67,187,0.34,914,0.00,21.00,115,0,0.00,6,8.56,5.57,5.88,15.40,0.00,1,16.91,5.48,0.5000
169760,-2.34,5.47,14.51,8,14.67,187,0.35,925,0.00,20.00,115,0,0.00,6,8.56,5.45,5.88,15.30,0.00,1,16.91,5.48,0.5000
169862,-1.56,5.47,14.51,8,14.67,187,0.35,909,0.00,21.00,115,0,0.00,6,8.71,5.43,5.88,15.50,0.00,1,16.91,5.48,0.5000
169964,-0.78,5.47,14.51,8,14.67,187,0.36,902,0.00,21.00,115,0,0.00,6,8.85,5.40,5.88,15.50,0.00,1,16.91,5.48,0.5000
170066,-0.78,5.47,14.51,8,14.68,187,0.36,876,0.00,22.00,115,0,0.00,6,9.00,5.45,5.88,15.60,0.00,1,16.91,5.48,0.5000
170168,-0.78,5.47,14.51,8,14.68,187,0.36,872,0.00,22.00,115,0,0.00,6,9.00,5.40,5.88,15.70,0.00,1,16.91,5.48,0.5000
170270,-0.78,5.47,14.51,8,14.68,187,0.37,846,0.00,22.00,115,0,0.00,6,9.14,5.38,5.88,15.60,0.00,1,16.91,5.48,0.5000
170372,-0.78,5.47,14.51,8,14.68,187,0.37,835,0.00,22.00,115,0,0.00,6,9.29,5.38,5.49,15.40,0.00,1,16.91,5.33,0.5000
170474,0.00,5.47,14.51,8,14.69,187,0.38,807,0.00,22.00,115,0,0.00,6,9.43,5.38,5.49,15.30,0.00,1,16.91,5.33,0.5000
170576,0.00,5.47,14.51,8,14.69,187,0.39,796,0.00,22.00,115,0,0.00,6,9.58,5.36,5.49,15.20,0.00,1,16.91,5.33,0.5000
170678,0.00,5.47,14.51,8,14.69,187,0.39,799,0.00,22.00,117,0,0.00,6,9.58,5.43,5.49,15.20,0.00,1,16.91,5.33,0.5000
170780,0.78,5.47,14.51,8,14.69,187,0.40,782,0.00,22.00,117,0,0.00,6,9.72,5.45,5.49,15.10,0.00,1,16.91,5.19,0.5000
170882,0.78,5.47,14.51,8,14.69,187,0.40,790,0.00,22.00,117,0,0.00,6,9.72,5.40,5.49,15.20,0.00,1,16.91,5.19,0.5000
170984,1.56,5.47,14.51,8,14.69,187,0.41,792,0.00,22.00,117,0,0.00,6,9.87,5.33,5.49,15.20,0.00,1,16.91,5.19,0.5000
171086,1.56,5.47,14.51,8,14.69,187,0.41,784,0.00,22.00,117,0,0.00,6,9.87,5.38,5.49,15.30,0.00,1,16.91,5.34,0.5000
171189,1.56,5.47,14.51,8,14.69,187,0.41,798,0.00,21.50,117,0,0.00,6,9.87,5.38,5.49,15.40,0.00,1,16.91,5.19,0.5000
171291,1.56,5.47,14.51,8,14.69,187,0.41,818,0.00,19.00,117,0,0.00,6,9.87,5.43,5.49,15.10,0.00,1,16.91,5.19,0.5000
171392,1.56,5.47,14.51,8,14.69,187,0.40,815,0.00,19.00,117,0,0.00,6,9.72,5.40,5.49,15.10,0.00,1,16.91,5.33,0.5000
171495,0.78,5.47,14.51,8,14.69,187,0.40,814,0.00,19.00,117,0,0.00,6,9.72,5.48,5.49,15.00,0.00,1,16.91,5.33,0.5000
171596,0.78,5.47,14.51,8,14.69,187,0.40,808,0.00,18.00,117,0,0.00,6,9.72,5.40,5.49,14.80,0.00,1,16.91,5.33,0.5000
171698,0.78,5.47,14.51,8,14.69,187,0.40,804,0.00,19.00,117,0,0.00,6,9.72,5.48,5.49,14.80,0.00,1,16.91,5.33,0.5000
171800,0.78,5.47,14.51,8,14.69,187,0.40,798,0.00,19.50,117,0,0.00,6,9.72,5.43,5.49,14.80,0.00,1,16.91,5.33,0.5000
171902,0.78,5.47,14.51,8,14.69,187,0.41,792,0.00,19.00,117,0,0.00,6,9.87,5.48,5.49,14.70,0.00,1,16.91,5.33,0.5000
172005,0.78,5.47,14.51,8,14.69,187,0.41,792,0.00,20.00,117,0,0.00,6,9.87,5.45,5.49,15.00,0.00,1,16.91,5.33,0.5000
172106,0.78,5.47,14.51,8,14.69,187,0.41,783,0.00,19.50,117,0,0.00,6,9.87,5.48,5.49,14.60,0.00,1,16.91,5.33,0.5000
172208,0.78,5.47,14.51,8,14.69,187,0.41,782,0.00,18.50,117,0,0.00,6,9.87,5.48,5.49,14.70,0.00,1,16.91,5.33,0.5000
172310,0.78,5.47,14.51,8,14.68,187,0.42,792,0.00,19.00,117,0,0.00,6,9.87,5.45,5.49,15.20,0.00,1,16.91,5.19,0.5000
172412,0.78,5.47,14.51,8,14.68,187,0.41,786,0.00,18.00,117,0,0.00,6,9.87,5.45,5.49,14.70,0.00,1,16.91,5.19,0.5000
172515,0.78,5.47,14.51,8,14.68,187,0.42,786,0.00,17.50,117,0,0.00,6,9.87,5.48,5.49,14.60,0.00,1,16.91,5.19,0.5000
172617,0.78,5.47,14.51,8,14.68,187,0.42,793,0.00,18.00,117,0,0.00,6,9.87,5.48,5.49,14.60,0.00,1,16.91,5.19,0.5000
172719,0.78,5.47,14.51,8,14.68,187,0.42,792,0.00,17.00,117,0,0.00,6,9.87,5.48,5.49,14.60,0.00,1,16.91,5.19,0.5000
172821,0.78,5.47,14.51,8,14.68,187,0.41,800,0.00,17.00,117,0,0.00,6,9.87,5.48,5.49,14.50,0.00,1,16.91,5.19,0.5000
172922,0.00,5.47,14.51,8,14.68,187,0.41,809,0.00,17.00,117,0,0.00,6,9.87,5.38,5.49,14.40,0.00,1,16.91,5.19,0.5000
173025,0.00,5.47,14.51,8,14.69,187,0.41,805,0.00,17.00,117,0,0.00,6,9.72,5.43,5.49,14.50,0.00,1,16.91,5.19,0.5000
173127,0.00,5.47,14.51,8,14.69,187,0.41,805,0.00,17.00,117,0,0.00,6,9.72,5.43,5.49,14.50,0.00,1,16.91,5.19,0.5000
173229,0.00,5.47,14.51,8,14.69,187,0.41,804,0.00,17.00,117,0,0.00,6,9.72,5.55,5.49,14.40,0.00,1,16.91,5.33,0.5000
173331,0.00,5.47,14.51,8,14.69,187,0.41,798,0.00,17.00,117,0,0.00,6,9.72,5.64,5.49,14.40,0.00,1,16.91,5.33,0.5000
173432,0.00,4.69,14.51,8,14.68,187,0.41,802,0.00,17.00,117,0,0.00,6,9.87,5.57,5.49,14.30,0.00,1,16.91,5.33,0.5000
173534,0.00,5.47,14.51,8,14.68,187,0.41,808,0.00,16.50,117,0,0.00,6,9.87,5.62,5.49,14.40,0.00,1,16.91,5.33,0.5000
173637,0.00,4.69,14.51,8,14.68,187,0.42,790,0.00,17.00,117,0,0.00,6,9.87,5.52,5.49,14.50,0.00,1,16.91,5.33,0.5000
173738,0.00,5.47,14.51,8,14.68,187,0.42,796,0.00,16.50,117,0,0.00,6,9.87,5.60,5.49,14.40,0.00,1,16.91,5.19,0.5000
173841,0.00,5.47,14.51,8,14.68,187,0.42,810,0.00,16.50,117,0,0.00,6,9.72,5.57,5.49,14.50,0.00,1,16.91,5.19,0.5000
173943,0.00,5.47,14.51,8,14.68,187,0.42,799,0.00,16.50,117,0,0.00,6,9.72,5.52,5.49,14.50,0.00,1,16.91,5.19,0.5000
174044,-0.78,5.47,14.51,8,14.68,187,0.41,800,0.00,17.00,117,0,0.00,6,9.72,5.52,5.49,14.50,0.00,1,16.91,5.19,0.5000
174147,-0.78,5.47,14.51,8,14.68,187,0.41,809,0.00,16.50,117,0,0.00,6,9.72,5.50,5.49,14.50,0.00,1,16.91,5.19,0.5000
174249,-0.78,5.47,14.51,8,14.68,187,0.41,792,0.00,17.00,117,0,0.00,6,9.72,5.48,5.49,14.50,0.00,1,16.91,5.19,0.5000
174351,-0.78,5.47,14.51,8,14.68,187,0.41,796,0.00,17.00,117,0,0.00,6,9.72,5.48,5.49,14.40,0.00,1,16.91,5.34,0.5000
174453,-1.56,5.47,14.51,8,14.68,187,0.41,790,0.00,17.00,117,0,0.00,6,9.72,5.52,5.49,14.30,0.00,1,16.91,5.19,0.5000
174554,-0.78,5.47,14.51,8,14.68,187,0.41,784,0.00,17.00,117,0,0.00,6,9.72,5.52,5.49,14.40,0.00,1,16.91,5.19,0.5000
174657,-1.56,5.47,14.51,8,14.68,187,0.42,784,0.00,17.00,117,0,0.00,6,9.72,5.50,5.49,14.40,0.00,1,16.91,5.04,0.5000
174759,-1.56,5.47,14.51,8,14.68,187,0.42,777,0.00,16.50,117,0,0.00,6,9.72,5.50,5.49,14.30,0.00,1,16.91,5.04,0.5000
174861,-0.78,5.47,14.51,8,14.68,187,0.42,768,0.00,17.50,117,0,0.00,6,9.72,5.48,5.49,14.40,0.00,1,16.91,5.04,0.5000
174963,-1.56,5.47,14.51,8,14.68,187,0.42,776,0.00,17.50,117,0,0.00,6,9.72,5.43,5.49,14.40,0.00,1,16.91,5.04,0.5000
175065,-1.56,5.47,14.51,8,14.68,187,0.42,776,0.00,17.00,117,0,0.00,6,9.72,5.43,5.49,14.50,0.00,1,16.91,5.04,0.5000
175166,-1.56,5.47,14.51,8,14.68,187,0.42,766,0.00,17.50,117,0,0.00,6,9.72,5.40,5.10,14.40,0.00,1,16.91,4.90,0.5000
175269,-2.34,5.47,14.51,8,14.68,187,0.42,774,0.00,17.00,117,0,0.00,6,9.72,5.40,5.10,14.40,0.00,1,16.91,4.90,0.5000
175371,-2.34,5.47,14.51,8,14.68,187,0.42,775,0.00,16.50,117,0,0.00,6,9.72,5.33,5.10,14.30,0.00,1,16.91,4.90,0.5000
175473,-2.34,5.47,14.51,8,14.68,187,0.42,764,0.00,17.00,117,0,0.00,6,9.72,5.36,5.10,14.40,0.00,1,16.91,4.90,0.5000
175575,-3.12,5.47,14.51,8,14.68,187,0.42,760,0.00,17.50,117,0,0.00,6,9.72,5.36,5.10,14.30,0.00,1,16.91,4.90,0.5000
175677,-3.12,5.47,14.51,8,14.68,187,0.42,770,0.00,16.50,117,0,0.00,6,9.72,5.38,5.10,14.30,0.00,1,16.91,4.90,0.5000
175779,-3.12,5.47,14.51,8,14.68,187,0.42,756,0.00,17.00,117,0,0.00,6,9.72,5.33,5.10,14.30,0.00,1,16.91,4.89,0.5000
175881,-3.12,5.47,14.51,8,14.68,187,0.42,758,0.00,17.00,117,0,0.00,6,9.72,5.33,5.10,14.30,0.00,1,16.91,4.76,0.5000
175983,-3.91,5.47,14.51,8,14.68,187,0.42,764,0.00,17.50,117,0,0.00,6,9.72,5.43,5.10,14.20,0.00,1,16.91,4.90,0.5000
176085,-3.91,5.47,14.51,8,14.68,187,0.42,758,0.00,17.00,117,0,0.00,6,9.72,5.31,5.10,14.30,0.00,1,16.91,4.90,0.5000
176186,-3.91,5.47,14.51,8,14.68,187,0.42,756,0.00,17.00,117,0,0.00,6,9.72,5.29,5.10,14.30,0.00,1,16.91,4.76,0.5000
176289,-3.91,4.69,14.51,8,14.68,187,0.42,758,0.00,17.50,117,0,0.00,6,9.72,5.26,5.10,14.20,0.00,1,16.91,4.89,0.5000
176391,-4.69,4.69,14.51,8,14.68,187,0.42,746,0.00,17.50,117,0,0.00,6,9.72,5.33,5.10,14.30,0.00,1,16.91,4.90,0.5000
176493,-4.69,4.69,14.51,8,14.68,187,0.42,746,0.00,17.00,117,0,0.00,6,9.72,5.36,5.10,14.20,0.00,1,16.91,4.75,0.5000
176595,-4.69,4.69,14.51,8,14.68,187,0.43,746,0.00,17.00,117,0,0.00,6,9.72,5.33,5.10,14.20,0.00,1,16.91,4.75,0.5000
176697,-4.69,4.69,14.51,8,14.68,187,0.43,740,0.00,17.00,117,0,0.00,6,9.72,5.26,5.10,14.20,0.00,1,16.91,4.75,0.5000
176799,-5.47,4.69,14.51,8,14.68,187,0.43,746,0.00,17.00,117,0,0.00,6,9.72,5.26,5.10,14.20,0.00,1,16.91,4.75,0.5000
176901,-5.47,4.69,14.51,8,14.68,187,0.43,746,0.00,16.50,117,0,0.00,6,9.72,5.26,5.10,14.20,0.00,1,16.91,4.75,0.5000
177003,-5.47,4.69,14.51,8,14.68,187,0.42,745,0.00,17.00,117,0,0.00,6,9.72,5.29,5.10,14.20,0.00,1,16.91,4.75,0.5000
177105,-5.47,4.69,14.51,8,14.68,187,0.42,752,0.00,17.00,117,0,0.00,6,9.72,5.24,5.10,14.30,0.00,1,16.91,4.75,0.5000
177207,-5.47,4.69,14.51,8,14.68,187,0.42,743,0.00,17.00,117,0,0.00,6,9.72,5.21,5.10,14.20,0.00,1,16.91,4.75,0.5000
177310,-6.25,4.69,14.51,8,14.68,187,0.42,739,0.00,16.50,117,0,0.00,6,9.72,5.21,5.10,14.30,0.00,1,16.91,4.75,0.5000
177411,-6.25,4.69,14.51,8,14.68,187,0.42,724,0.00,18.00,117,0,0.00,6,9.72,5.14,5.10,14.20,0.00,1,16.91,4.75,0.5000
177513,-6.25,4.69,14.51,8,14.68,187,0.42,724,0.00,17.50,117,0,0.00,6,9.72,5.24,5.10,14.20,0.00,1,16.91,4.75,0.5000
177615,-6.25,4.69,14.51,8,14.68,187,0.43,728,0.00,17.50,117,0,0.00,6,9.87,5.19,5.10,14.30,0.00,1,16.91,4.76,0.5000
177717,-6.25,4.69,14.51,8,14.68,187,0.43,719,0.00,17.50,117,0,0.00,6,9.87,5.17,4.71,14.30,0.00,1,16.91,4.61,0.5000
177819,-6.25,4.69,14.51,8,14.68,187,0.43,726,0.00,17.00,117,0,0.00,6,9.87,5.14,4.71,14.20,0.00,1,16.91,4.61,0.5000
177921,-6.25,4.69,14.51,8,14.68,187,0.43,740,0.00,17.00,117,0,0.00,6,9.87,5.17,4.71,14.40,0.00,1,16.91,4.61,0.5000
178023,-6.25,4.69,14.51,8,14.68,187,0.43,730,0.00,16.50,117,0,0.00,6,9.72,5.19,4.71,14.50,0.00,1,16.91,4.61,0.5000
178125,-7.03,4.69,14.51,8,14.68,187,0.43,734,0.00,16.50,117,0,0.00,6,9.72,5.14,4.71,14.30,0.00,1,16.91,4.61,0.5000
178227,-7.03,4.69,14.51,8,14.68,187,0.42,730,0.00,16.50,117,0,0.00,6,9.72,5.21,4.71,14.50,0.00,1,16.91,4.61,0.5000
178330,-7.03,4.69,14.51,8,14.68,187,0.42,737,0.00,16.50,117,0,0.00,6,9.72,5.14,4.71,14.50,0.00,1,16.91,4.60,0.5000
178431,-7.03,4.69,14.51,8,14.68,189,0.42,738,0.00,16.50,117,0,0.00,6,9.72,5.19,5.10,14.50,0.00,1,16.91,4.75,0.5000
178534,-7.03,4.69,14.51,8,14.68,189,0.42,720,0.00,17.00,117,0,0.00,6,9.72,5.14,5.10,14.50,0.00,1,16.91,4.76,0.5000
178636,-7.03,4.69,14.51,8,14.68,189,0.42,722,0.00,17.00,117,0,0.00,6,9.72,5.21,5.10,14.50,0.00,1,16.91,4.75,0.5000
178737,-7.03,4.69,14.51,8,14.68,189,0.43,734,0.00,16.50,117,0,0.00,6,9.87,5.24,5.10,14.50,0.00,1,16.91,4.75,0.5000
178840,-7.03,4.69,14.51,8,14.68,189,0.43,734,0.00,16.50,117,0,0.00,6,9.87,5.19,5.10,14.40,0.00,1,16.91,4.75,0.5000
178942,-7.03,4.69,14.51,8,14.68,189,0.43,742,0.00,16.50,117,0,0.00,6,9.72,5.17,4.71,14.40,0.00,1,16.91,4.75,0.5000
179042,-7.03,4.69,14.51,8,14.68,189,0.42,742,0.00,16.50,117,0,0.00,6,9.72,5.14,5.10,14.50,0.00,1,16.91,4.75,0.5000
179146,-7.03,4.69,14.51,8,14.68,189,0.42,743,0.00,16.50,117,0,0.00,6,9.72,5.31,5.10,14.50,0.00,1,16.91,4.75,0.5000
179248,-7.03,4.69,14.51,8,14.68,189,0.42,750,0.00,16.50,117,0,0.00,6,9.72,5.14,5.10,14.50,0.00,1,16.91,4.75,0.5000
179349,-7.03,4.69,14.51,8,14.68,189,0.42,736,0.00,16.50,117,0,0.00,6,9.72,5.14,4.71,14.60,0.00,1,16.91,4.76,0.5000
179452,-7.03,4.69,14.51,8,14.68,189,0.42,736,0.00,16.50,117,0,0.00,6,9.72,5.17,4.71,14.50,0.00,1,16.91,4.61,0.5000
179553,-7.03,4.69,14.51,8,14.68,189,0.42,742,0.00,16.50,117,0,0.00,6,9.72,5.19,4.71,14.50,0.00,1,16.91,4.61,0.5000
179656,-7.03,4.69,14.51,8,14.68,189,0.42,731,0.00,16.50,118,0,0.00,6,9.72,5.12,4.71,14.50,0.00,1,16.91,4.61,0.5000
179758,-7.03,4.69,14.51,8,14.68,189,0.42,733,0.00,16.50,118,0,0.00,6,9.72,2.56,4.71,14.50,0.00,1,16.91,4.61,0.5000
179859,-7.03,4.69,14.51,8,14.68,189,0.42,730,0.00,16.50,118,0,0.00,6,9.72,5.12,4.71,14.60,0.00,1,16.91,4.61,0.5000
179962,-7.03,4.69,14.51,8,14.68,189,0.42,726,0.00,16.50,118,0,0.00,6,9.72,5.14,4.71,14.50,0.00,1,16.91,4.60,0.5000
180064,-7.03,4.69,14.51,8,14.68,189,0.42,726,0.00,16.50,118,0,0.00,6,9.72,5.17,4.71,14.60,0.00,1,16.91,4.61,0.5000
180165,-7.03,4.69,14.51,8,14.68,189,0.42,714,0.00,17.00,118,0,0.00,6,9.72,5.12,4.71,14.60,0.00,1,16.91,4.61,0.5000
180268,-7.03,4.69,14.51,8,14.68,189,0.43,716,0.00,17.00,118,0,0.00,6,9.87,5.12,4.71,14.60,0.00,1,16.91,4.60,0.5000
180369,-7.03,4.69,14.51,8,14.68,189,0.43,711,0.00,17.00,118,0,0.00,6,9.87,5.19,4.71,14.60,0.00,1,16.91,4.61,0.5000
180472,-7.03,4.69,14.51,8,14.68,189,0.43,726,0.00,16.50,118,0,0.00,6,9.87,5.12,4.71,14.60,0.00,1,16.91,4.61,0.5000
180574,-7.03,4.69,14.51,8,14.68,189,0.43,732,0.00,16.50,118,0,0.00,6,9.87,5.14,4.71,14.70,0.00,1,16.91,4.61,0.5000
180675,-7.03,4.69,14.51,8,14.68,189,0.43,726,0.00,16.50,118,0,0.00,6,9.87,5.14,4.71,14.60,0.00,1,16.91,4.61,0.5000
180778,-7.03,4.69,14.51,8,14.68,189,0.42,727,0.00,16.50,118,0,0.00,6,9.87,5.06,4.71,14.60,0.00,1,16.91,4.61,0.5000
180880,-7.03,4.69,14.51,8,14.68,189,0.42,738,0.00,16.50,118,0,0.00,6,9.72,5.09,5.10,14.60,0.00,1,16.91,4.76,0.5000
180982,-7.03,4.69,14.51,8,14.68,189,0.42,738,0.00,16.50,118,0,0.00,6,9.72,5.14,5.10,14.50,0.00,1,16.91,4.75,0.5000
181084,-7.03,4.69,14.51,8,14.68,189,0.42,732,0.00,16.50,118,0,0.00,6,9.72,5.14,4.71,14.60,0.00,1,16.91,4.60,0.5000
181185,-7.03,4.69,14.51,8,14.68,189,0.42,730,0.00,16.50,118,0,0.00,6,9.72,5.01,5.10,14.50,0.00,1,16.91,4.76,0.5000
181288,-7.03,4.69,14.51,8,14.68,189,0.42,732,0.00,16.50,118,0,0.00,6,9.72,5.07,5.10,14.60,0.00,1,16.91,4.75,0.5000
181390,-7.03,4.69,14.51,8,14.68,189,0.42,734,0.00,16.50,118,0,0.00,6,9.72,5.09,4.71,14.60,0.00,1,16.91,4.75,0.5000
181492,-6.25,4.69,14.51,8,14.68,189,0.42,721,0.00,16.50,118,0,0.00,6,9.72,5.17,5.10,14.70,0.00,1,16.91,4.60,0.5000
181594,-7.03,4.69,14.51,8,14.68,189,0.42,724,0.00,16.50,118,0,0.00,6,9.72,5.21,4.71,14.70,0.00,1,16.91,4.61,0.5000
181696,-6.25,4.69,14.51,8,14.68,189,0.42,730,0.00,16.50,118,0,0.00,6,9.72,5.14,4.71,14.70,0.00,1,16.91,4.61,0.5000
181797,-6.25,4.69,14.51,8,14.68,189,0.42,720,0.00,16.50,118,0,0.00,6,9.72,5.09,4.71,14.70,0.00,1,16.91,4.61,0.5000
181900,-6.25,4.69,14.51,8,14.68,189,0.42,721,0.00,16.50,118,0,0.00,6,9.72,5.12,4.71,14.80,0.00,1,16.91,4.61,0.5000
182001,-6.25,4.69,14.51,8,14.68,189,0.42,724,0.00,16.50,118,0,0.00,6,9.72,5.14,4.71,14.70,0.00,1,16.91,4.61,0.5000
182104,-6.25,4.69,14.51,8,14.68,189,0.42,722,0.00,16.50,118,0,0.00,6,9.72,5.04,4.71,14.90,0.00,1,16.91,4.61,0.5000
182206,-6.25,4.69,14.51,8,14.68,189,0.42,729,0.00,16.50,118,0,0.00,6,9.72,5.14,4.71,14.90,0.00,1,16.91,4.61,0.5000
182308,-6.25,4.69,14.51,8,14.68,189,0.42,720,0.00,16.50,118,0,0.00,6,9.72,5.09,4.71,14.80,0.00,1,16.91,4.61,0.5000
182410,-6.25,4.69,14.51,8,14.68,189,0.42,719,0.00,16.50,118,0,0.00,6,9.72,5.09,4.71,14.70,0.00,1,16.91,4.61,0.5000
182512,-6.25,4.69,14.51,8,14.68,189,0.42,722,0.00,16.50,118,0,0.00,6,9.72,5.06,4.71,14.90,0.00,1,16.91,4.61,0.5000
182614,-6.25,4.69,14.51,8,14.68,189,0.42,720,0.00,16.50,118,0,0.00,6,9.72,5.09,4.71,14.60,0.00,1,16.91,4.61,0.5000
182716,-6.25,4.69,14.51,8,14.68,189,0.42,726,0.00,16.50,118,0,0.00,6,9.87,5.09,4.71,14.60,0.00,1,16.91,4.61,0.5000
182818,-6.25,4.69,14.51,8,14.68,189,0.42,724,0.00,16.50,118,0,0.00,6,9.72,5.01,4.71,14.60,0.00,1,16.91,4.61,0.5000
182920,-6.25,4.69,14.51,8,14.68,189,0.42,723,0.00,16.50,118,0,0.00,6,9.72,4.99,4.71,14.50,0.00,1,16.91,4.61,0.5000
183022,-6.25,4.69,14.51,8,14.68,189,0.42,734,0.00,16.50,118,0,0.00,6,9.72,5.04,4.71,14.70,0.00,1,16.91,4.61,0.5000
183125,-6.25,4.69,14.51,8,14.68,189,0.42,714,0.00,16.50,118,0,0.00,6,9.72,5.06,4.71,14.60,0.00,1,16.91,4.76,0.5000
183226,-6.25,4.69,14.51,8,14.68,189,0.42,718,0.00,16.50,118,0,0.00,6,9.87,5.06,4.71,14.70,0.00,1,16.91,4.61,0.5000
183328,-6.25,4.69,14.51,8,14.68,189,0.42,704,0.00,16.50,118,0,0.00,6,9.87,5.12,5.10,14.70,0.00,1,16.91,4.61,0.5000
183430,-6.25,4.69,14.51,8,14.68,189,0.42,706,0.00,17.00,118,0,0.00,6,9.87,5.14,4.71,14.80,0.00,1,16.91,4.61,0.5000
183532,-6.25,4.69,14.51,8,14.68,189,0.43,717,0.00,16.50,118,0,0.00,6,9.87,5.04,4.71,14.80,0.00,1,16.91,4.60,0.5000
183634,-6.25,4.69,14.51,8,14.68,189,0.43,712,0.00,16.50,118,0,0.00,6,9.87,5.06,4.71,14.70,0.00,1,16.91,4.61,0.5000
183736,-6.25,4.69,14.51,8,14.68,189,0.43,715,0.00,16.50,118,0,0.00,6,9.87,5.04,4.71,14.70,0.00,1,16.91,4.61,0.5000
183838,-5.47,4.69,14.51,8,14.68,189,0.43,718,0.00,16.50,118,0,0.00,6,9.87,5.06,4.71,14.70,0.00,1,16.91,4.61,0.5000
183940,-6.25,4.69,14.51,8,14.68,189,0.42,720,0.00,16.50,118,0,0.00,6,9.87,5.14,4.71,14.70,0.00,1,16.91,4.61,0.5000
184042,-5.47,4.69,14.51,8,14.68,189,0.43,727,0.00,16.50,118,0,0.00,6,9.87,5.04,4.71,14.90,0.00,1,16.91,4.61,0.5000
184144,-5.47,4.69,14.51,8,14.68,189,0.42,716,0.00,16.50,118,0,0.00,6,9.87,5.04,4.71,14.80,0.00,1,16.91,4.61,0.5000
184246,-6.25,4.69,14.51,8,14.68,189,0.42,722,0.00,16.50,118,0,0.00,6,9.72,4.99,4.71,14.70,0.00,1,16.91,4.61,0.5000
184348,-5.47,4.69,14.51,8,14.68,189,0.42,722,0.00,16.50,118,0,0.00,6,9.72,5.12,4.71,15.00,0.00,1,16.91,4.61,0.5000
184450,-6.25,4.69,14.51,8,14.68,189,0.42,719,0.00,16.50,118,0,0.00,6,9.72,5.04,4.71,14.70,0.00,1,16.91,4.61,0.5000
184552,-5.47,4.69,14.51,8,14.68,189,0.42,726,0.00,16.50,118,0,0.00,6,9.72,5.04,4.71,14.70,0.00,1,16.91,4.61,0.5000
184654,-5.47,4.69,14.51,8,14.68,189,0.42,706,0.00,16.50,118,0,0.00,6,9.72,5.07,4.71,14.60,0.00,1,16.91,4.61,0.5000
184756,-6.25,4.69,14.51,8,14.68,189,0.42,708,0.00,16.50,118,0,0.00,6,9.87,5.14,4.71,14.70,0.00,1,16.91,4.61,0.5000
184858,-5.47,4.69,14.51,8,14.68,189,0.43,709,0.00,16.50,118,0,0.00,6,9.87,5.12,4.71,14.70,0.00,1,16.91,4.61,0.5000
184960,-5.47,4.69,14.51,8,14.68,189,0.43,715,0.00,16.50,118,0,0.00,6,9.87,5.09,5.10,14.70,0.00,1,16.91,4.61,0.5000
185063,-5.47,4.69,14.51,8,14.68,189,0.43,726,0.00,16.50,118,0,0.00,6,9.87,5.07,4.71,14.70,0.00,1,16.91,4.61,0.5000
185164,-5.47,4.69,14.51,8,14.68,189,0.42,726,0.00,16.50,118,0,0.00,6,9.87,5.01,4.71,14.20,0.00,1,16.91,4.61,0.5000
185266,-5.47,4.69,14.51,8,14.68,189,0.42,725,0.00,16.50,118,0,0.00,6,9.72,5.09,4.71,14.70,0.00,1,16.91,4.61,0.5000
185368,-6.25,4.69,14.51,8,14.68,189,0.42,730,0.00,16.50,118,0,0.00,6,9.72,5.04,4.71,14.70,0.00,1,16.91,4.61,0.5000
185471,-6.25,4.69,14.51,8,14.68,189,0.42,726,0.00,16.50,118,0,0.00,6,9.72,5.14,4.71,14.60,0.00,1,16.91,4.61,0.5000
185573,-5.47,4.69,14.51,8,14.68,189,0.42,722,0.00,16.50,118,0,0.00,6,9.72,2.56,5.10,14.50,0.00,1,16.91,4.61,0.5000
185674,-5.47,4.69,14.51,8,14.68,189,0.42,721,0.00,16.50,118,0,0.00,6,9.72,5.12,4.71,14.50,0.00,1,16.91,4.61,0.5000
185777,-5.47,4.69,14.51,8,14.68,189,0.42,724,0.00,16.50,118,0,0.00,6,9.72,5.06,4.71,14.60,0.00,1,16.91,4.61,0.5000
185878,-5.47,4.69,14.51,8,14.68,189,0.42,726,0.00,16.50,118,0,0.00,6,9.72,5.09,4.71,14.50,0.00,1,16.91,4.61,0.5000
185980,-5.47,4.69,14.51,8,14.68,189,0.42,717,0.00,16.50,118,0,0.00,6,9.72,5.04,4.71,14.60,0.00,1,16.91,4.61,0.5000
186082,-5.47,4.69,14.51,8,14.68,189,0.42,711,0.00,16.50,118,0,0.00,6,9.72,5.06,4.71,14.70,0.00,1,16.91,4.61,0.5000
186184,-5.47,4.69,14.51,8,14.68,189,0.42,711,0.00,16.50,118,0,0.00,6,9.87,5.04,4.71,14.50,0.00,1,16.91,4.61,0.5000
186286,-5.47,4.69,14.51,8,14.68,189,0.42,716,0.00,16.50,118,0,0.00,6,9.87,5.01,4.71,14.60,0.00,1,16.91,4.61,0.5000
186389,-5.47,4.69,14.51,8,14.68,189,0.42,721,0.00,10.00,118,0,0.00,6,9.87,4.96,4.71,14.60,0.00,1,16.91,3.72,0.5000
186490,-5.47,4.69,14.51,8,14.68,189,0.42,744,0.00,10.00,118,0,0.00,6,9.43,4.34,3.53,14.60,0.00,1,16.91,3.59,0.5000
186592,-6.25,4.69,14.51,8,14.69,189,0.40,754,0.00,10.00,118,0,0.00,6,9.29,4.44,3.92,14.60,0.00,1,16.91,3.88,0.5000
186694,-6.25,4.69,14.51,8,14.69,189,0.39,747,0.00,10.00,118,0,0.00,6,9.14,4.56,3.92,14.60,0.00,1,16.91,3.88,0.5000
186797,-6.25,3.91,14.51,8,14.69,189,0.38,729,0.00,17.00,118,0,0.00,6,9.00,4.60,3.92,14.60,0.00,1,16.91,3.74,0.5000
186898,-6.25,3.91,14.51,8,14.69,189,0.38,746,0.00,16.50,118,0,0.00,6,9.00,4.47,3.92,14.60,0.00,1,16.91,3.74,0.5000
187000,-6.25,3.91,14.51,8,14.69,189,0.37,743,0.00,16.50,118,0,0.00,6,8.85,4.47,3.92,14.50,0.00,1,16.91,3.74,0.5000
187102,-6.25,3.91,14.51,8,14.69,189,0.37,747,0.00,16.50,118,0,0.00,6,8.71,4.44,3.92,14.40,0.00,1,16.91,3.74,0.5000
187205,-6.25,3.91,14.51,8,14.69,189,0.36,756,0.00,16.00,118,0,0.00,6,8.71,4.37,3.92,14.40,0.00,1,16.91,3.74,0.5000
187306,-6.25,3.91,14.51,8,14.69,189,0.36,738,0.00,17.00,118,0,0.00,6,8.71,4.40,3.92,14.50,0.00,1,16.91,3.74,0.5000
187408,-7.03,3.91,14.51,8,14.69,189,0.36,738,0.00,17.00,118,0,0.00,6,8.56,4.34,3.92,14.50,0.00,1,16.91,3.74,0.5000
187510,-7.03,3.91,14.51,8,14.69,189,0.36,731,0.00,17.00,118,0,0.00,6,8.56,4.40,3.92,14.40,0.00,1,16.91,3.74,0.5000
187612,-7.03,3.91,14.51,8,14.69,189,0.36,725,0.00,17.00,118,0,0.00,6,8.56,4.37,3.92,14.40,0.00,1,16.91,3.74,0.5000
187714,-7.03,3.91,14.51,8,14.69,189,0.36,713,0.00,17.00,120,0,0.00,6,8.56,4.34,3.92,14.50,0.00,1,16.91,3.72,0.5000
187817,-7.03,3.91,14.51,8,14.69,189,0.36,704,0.00,17.50,120,0,0.00,6,8.56,4.34,3.92,14.40,0.00,1,16.91,3.59,0.5000
187918,-7.03,3.91,14.51,8,14.69,189,0.36,691,0.00,18.50,120,0,0.00,6,8.56,4.25,3.92,14.40,0.00,1,16.91,3.59,0.5000
188021,-7.03,3.91,14.51,8,14.69,189,0.37,692,0.00,18.00,120,0,0.00,6,8.56,4.21,3.92,14.50,0.00,1,16.91,3.59,0.5000
188122,-7.81,3.91,14.51,8,14.69,189,0.37,689,0.00,18.50,120,0,0.00,6,8.56,4.18,3.92,14.50,0.00,1,16.91,3.59,0.5000
188224,-7.81,3.91,14.51,8,14.69,189,0.37,694,0.00,17.50,120,0,0.00,6,8.56,4.16,3.92,14.40,0.00,1,16.91,3.59,0.5000
188326,-7.81,3.91,14.51,8,14.69,189,0.36,688,0.00,18.00,120,0,0.00,6,8.56,4.08,3.92,14.40,0.00,1,16.91,3.59,0.5000
188428,-7.81,3.91,14.51,8,14.69,189,0.36,689,0.00,18.00,120,0,0.00,6,8.56,4.10,3.53,14.40,0.00,1,16.91,3.59,0.5000
188530,-8.59,3.91,14.51,8,14.69,189,0.36,692,0.00,18.00,120,0,0.00,6,8.56,4.05,3.92,14.30,0.00,1,16.91,3.59,0.5000
188632,-8.59,3.91,14.51,8,14.69,189,0.36,680,0.00,18.00,120,0,0.00,6,8.56,4.10,3.92,14.30,0.00,1,16.91,3.59,0.5000
188734,-8.59,3.91,14.51,8,14.69,189,0.36,679,0.00,18.00,120,0,0.00,6,8.56,4.08,3.92,14.30,0.00,1,16.91,3.59,0.5000
188837,-8.59,3.91,14.51,8,14.69,189,0.36,672,0.00,18.50,120,0,0.00,6,8.56,4.10,3.92,14.30,0.00,1,16.91,3.59,0.5000
188939,-8.59,3.91,14.51,8,14.69,189,0.36,664,0.00,18.50,120,0,0.00,6,8.56,4.00,3.92,14.30,0.00,1,16.91,3.59,0.5000
189040,-8.59,3.91,14.51,8,14.69,189,0.36,667,0.00,18.50,120,0,0.00,6,8.71,4.03,3.92,14.30,0.00,1,16.91,3.59,0.5000
189142,-8.59,3.91,14.51,8,14.69,189,0.36,671,0.00,18.00,120,0,0.00,6,8.71,3.98,3.92,14.30,0.00,1,16.91,3.45,0.5000
189245,-8.59,3.91,14.51,8,14.69,189,0.36,674,0.00,17.50,120,0,0.00,6,8.56,4.00,3.53,14.50,0.00,1,16.91,3.45,0.5000
189347,-9.38,3.91,14.51,8,14.69,189,0.36,672,0.00,17.50,120,0,0.00,6,8.71,3.98,3.53,14.30,0.00,1,16.91,3.45,0.5000
189449,-9.38,3.91,14.51,8,14.69,189,0.36,670,0.00,17.50,120,0,0.00,6,8.71,4.00,3.53,14.30,0.00,1,16.91,3.45,0.5000
189551,-9.38,3.91,14.51,8,14.69,189,0.36,671,0.00,17.50,120,0,0.00,6,8.71,3.98,3.53,14.50,0.00,1,16.91,3.45,0.5000
189653,-9.38,3.91,14.51,8,14.69,189,0.36,663,0.00,17.00,120,0,0.00,6,8.71,3.96,3.53,14.40,0.00,1,16.91,3.45,0.5000
189755,-9.38,3.91,14.51,8,14.69,189,0.36,672,0.00,17.00,120,0,0.00,6,8.71,3.96,3.53,14.40,0.00,1,16.91,3.45,0.5000
189857,-8.59,3.91,14.51,8,14.69,189,0.35,672,0.00,17.00,120,0,0.00,6,8.56,3.91,3.53,14.50,0.00,1,16.91,3.45,0.5000
189959,-8.59,3.91,14.51,8,14.69,189,0.35,676,0.00,17.00,120,0,0.00,6,8.56,3.93,3.53,14.50,0.00,1,16.91,3.45,0.5000
190061,-8.59,3.91,14.51,8,14.69,189,0.35,669,0.00,17.00,120,0,0.00,6,8.56,3.96,3.53,14.50,0.00,1,16.91,3.45,0.5000
190163,-8.59,3.91,14.51,8,14.69,189,0.35,668,0.00,17.00,120,0,0.00,6,8.56,3.91,3.53,14.80,0.00,1,16.91,3.45,0.5000
190265,-8.59,3.91,14.51,8,14.69,189,0.35,662,0.00,17.50,120,0,0.00,6,8.71,3.91,3.53,14.80,0.00,1,16.91,3.45,0.5000
190367,-8.59,3.91,14.51,8,14.69,189,0.35,652,0.00,17.00,120,0,0.00,6,8.71,3.91,3.53,14.80,0.00,1,16.91,3.45,0.5000
190469,-8.59,3.91,14.51,8,14.69,189,0.35,646,0.00,18.50,120,0,0.00,6,8.71,3.88,3.53,14.80,0.00,1,16.91,3.45,0.5000
190570,-8.59,3.91,14.51,8,14.69,189,0.36,654,0.00,17.50,120,0,0.00,6,8.71,3.91,3.53,14.70,0.00,1,16.91,3.45,0.5000
190673,-7.81,3.91,14.51,8,14.69,189,0.36,653,0.00,17.50,120,0,0.00,6,8.71,3.91,3.53,14.90,0.00,1,16.91,3.45,0.5000
190775,-7.81,3.91,14.51,8,14.69,189,0.36,662,0.00,17.50,120,0,0.00,6,8.71,3.88,3.53,15.00,0.00,1,16.91,3.45,0.5000
190877,-7.81,3.91,14.51,8,14.69,189,0.36,672,0.00,17.00,120,0,0.00,6,8.71,3.91,3.53,14.90,0.00,1,16.91,3.45,0.5000
190979,-7.03,3.91,14.51,8,14.69,189,0.35,665,0.00,17.00,120,0,0.00,6,8.71,3.86,3.53,15.00,0.00,1,16.91,3.45,0.5000
191081,-7.03,3.91,14.51,8,14.69,189,0.35,672,0.00,17.00,120,0,0.00,6,8.71,3.81,3.53,15.00,0.00,1,16.91,3.45,0.5000
191183,-7.03,3.91,14.51,8,14.69,189,0.35,670,0.00,17.00,120,0,0.00,6,8.71,3.78,3.53,15.10,0.00,1,16.91,3.45,0.5000
191285,-7.03,3.91,14.51,8,14.69,189,0.35,667,0.00,17.00,120,0,0.00,6,8.71,3.81,3.53,15.20,0.00,1,16.91,3.45,0.5000
191387,-7.03,3.91,14.51,8,14.69,189,0.34,662,0.00,17.00,120,0,0.00,6,8.56,3.81,3.53,15.10,0.00,1,16.91,3.45,0.5000
191488,-7.03,3.91,14.51,8,14.69,189,0.35,651,0.00,17.50,120,0,0.00,6,8.71,3.76,3.53,15.10,0.00,1,16.91,3.45,0.5000
191590,-6.25,3.91,14.51,8,14.69,189,0.35,656,0.00,17.00,120,0,0.00,6,8.71,3.81,3.53,15.00,0.00,1,16.91,3.45,0.5000
191693,-6.25,3.91,14.51,8,14.69,189,0.35,649,0.00,17.00,120,0,0.00,6,8.71,3.81,3.53,15.20,0.00,1,16.91,3.45,0.5000
191795,-6.25,3.91,14.51,8,14.69,189,0.35,656,0.00,17.00,120,0,0.00,6,8.71,3.83,3.53,15.20,0.00,1,16.91,3.30,0.5000
191897,-6.25,3.91,14.51,8,14.69,189,0.35,653,0.00,17.00,120,0,0.00,6,8.71,3.76,3.53,15.10,0.00,1,16.91,3.30,0.5000
191998,-6.25,3.91,14.51,8,14.69,189,0.35,659,0.00,17.00,120,0,0.00,6,8.71,3.71,3.53,15.10,0.00,1,16.91,3.45,0.5000
192101,-5.47,3.91,14.51,8,14.69,189,0.34,655,0.00,17.00,120,0,0.00,6,8.71,3.74,3.53,15.10,0.00,1,16.91,3.45,0.5000
192203,-5.47,3.91,14.51,8,14.69,189,0.34,654,0.00,17.00,120,0,0.00,6,8.71,3.76,3.53,15.20,0.00,1,16.91,3.45,0.5000
192305,-5.47,3.91,14.51,8,14.69,189,0.34,652,0.00,17.00,120,0,0.00,6,8.71,3.76,3.53,15.10,0.00,1,16.91,3.45,0.5000
192407,-5.47,3.91,14.51,8,14.69,189,0.34,656,0.00,17.00,120,0,0.00,6,8.71,3.71,3.53,15.20,0.00,1,16.91,3.45,0.5000
192509,-4.69,3.91,14.51,8,14.69,189,0.34,653,0.00,17.00,120,0,0.00,6,8.71,3.66,3.53,15.10,0.00,1,16.91,3.45,0.5000
192611,-4.69,3.91,14.51,8,14.69,189,0.34,640,0.00,17.00,120,0,0.00,6,8.71,3.69,3.53,15.20,0.00,1,16.91,3.45,0.5000
192713,-4.69,3.91,14.51,8,14.69,189,0.34,648,0.00,17.00,120,0,0.00,6,8.71,3.69,3.53,15.50,0.00,1,16.91,3.45,0.5000
192815,-4.69,3.91,14.51,8,14.69,189,0.34,643,0.00,17.00,120,0,0.00,6,8.71,3.76,3.53,15.20,0.00,1,16.91,3.45,0.5000
192917,-4.69,3.91,14.51,8,14.69,189,0.34,654,0.00,17.00,120,0,0.00,6,8.71,3.66,3.53,15.20,0.00,1,16.91,3.45,0.5000
193019,-4.69,3.91,14.51,8,14.69,189,0.34,640,0.00,17.00,120,0,0.00,6,8.71,3.71,3.53,15.20,0.00,1,16.91,3.45,0.5000
193121,-3.91,3.91,14.51,8,14.69,189,0.34,641,0.00,17.00,120,0,0.00,6,8.71,3.76,3.53,15.20,0.00,1,16.91,3.45,0.5000
193222,-3.91,3.91,14.51,8,14.69,189,0.34,643,0.00,17.00,120,0,0.00,6,8.71,3.69,3.53,15.10,0.00,1,16.91,3.45,0.5000
193325,-3.91,3.91,14.51,8,14.69,189,0.34,644,0.00,17.00,120,0,0.00,6,8.71,3.61,3.53,15.10,0.00,1,16.91,3.45,0.5000
193427,-3.91,3.91,14.51,8,14.69,189,0.34,643,0.00,17.00,120,0,0.00,6,8.71,3.66,3.53,15.10,0.00,1,16.91,3.45,0.5000
193529,-3.91,3.91,14.51,8,14.69,189,0.34,647,0.00,17.00,120,0,0.00,6,8.71,3.71,3.53,15.20,0.00,1,16.91,3.45,0.5000
193631,-3.12,3.91,14.51,8,14.69,189,0.34,646,0.00,17.00,120,0,0.00,6,8.71,3.69,3.53,15.30,0.00,1,16.91,3.45,0.5000
193733,-3.12,3.91,14.51,8,14.69,189,0.34,640,0.00,17.00,120,0,0.00,6,8.71,3.71,3.53,15.20,0.00,1,16.91,3.45,0.5000
193835,-3.12,3.91,14.51,8,14.69,189,0.34,648,0.00,17.00,120,0,0.00,6,8.71,3.66,3.53,15.20,0.00,1,16.91,3.45,0.5000
193937,-3.12,3.91,14.51,8,14.69,189,0.34,647,0.00,17.00,120,0,0.00,6,8.71,3.71,3.53,15.20,0.00,1,16.91,3.45,0.5000
194039,-3.12,3.91,14.51,8,14.69,189,0.34,652,0.00,17.00,122,0,0.00,6,8.71,3.73,3.53,15.10,0.00,1,16.91,3.30,0.5000
194141,-3.12,3.91,14.51,8,14.69,189,0.34,644,0.00,17.00,122,0,0.00,6,8.71,3.71,3.53,15.20,0.00,1,16.91,3.30,0.5000
194243,-3.12,3.91,14.51,8,14.69,189,0.34,651,0.00,17.00,122,0,0.00,6,8.71,3.66,3.53,15.20,0.00,1,16.91,3.45,0.5000
194345,-2.34,3.91,14.51,8,14.69,189,0.34,661,0.00,16.50,122,0,0.00,6,8.71,3.69,3.53,15.10,0.00,1,16.91,3.30,0.5000
194447,-2.34,3.91,14.51,8,14.69,189,0.34,656,0.00,17.00,122,0,0.00,6,8.56,3.69,3.53,15.20,0.00,1,16.91,3.30,0.5000
194549,-2.34,3.91,14.51,8,14.69,189,0.34,670,0.00,16.50,122,0,0.00,6,8.56,3.71,3.53,15.10,0.00,1,16.91,3.45,0.5000
194651,-2.34,3.91,14.51,8,14.69,189,0.34,664,0.00,16.50,122,0,0.00,6,8.56,3.69,3.53,15.10,0.00,1,16.91,3.45,0.5000
194753,-2.34,3.91,14.51,8,14.69,189,0.34,658,0.00,17.00,122,0,0.00,6,8.56,3.66,3.53,15.20,0.00,1,16.91,3.45,0.5000
194856,-2.34,3.91,14.51,8,14.69,189,0.34,644,0.00,17.00,122,0,0.00,6,8.56,3.69,3.53,15.10,0.00,1,16.91,3.45,0.5000
194957,-2.34,3.91,14.51,8,14.69,189,0.34,640,0.00,17.00,122,0,0.00,6,8.56,3.66,3.53,15.00,0.00,1,16.91,3.45,0.5000
195059,-2.34,3.91,14.51,8,14.69,189,0.34,640,0.00,17.00,122,0,0.00,6,8.71,3.66,3.53,14.90,0.00,1,16.91,3.45,0.5000
195161,-2.34,3.91,14.51,8,14.69,189,0.34,642,0.00,17.00,122,0,0.00,6,8.71,3.66,3.53,15.00,0.00,1,16.91,3.45,0.5000
195263,-2.34,3.91,14.51,8,14.69,189,0.34,648,0.00,17.00,122,0,0.00,6,8.71,3.66,3.53,14.90,0.00,1,16.91,3.45,0.5000
195365,-2.34,3.91,14.51,8,14.69,189,0.34,642,0.00,17.00,122,0,0.00,6,8.71,3.61,3.53,14.90,0.00,1,16.91,3.45,0.5000
195467,-2.34,3.91,14.51,8,14.69,189,0.34,662,0.00,17.00,122,0,0.00,6,8.71,3.66,3.53,14.90,0.00,1,16.91,3.30,0.5000
195569,-2.34,3.91,14.51,8,14.69,189,0.34,650,0.00,16.50,122,0,0.00,6,8.56,3.71,3.53,15.00,0.00,1,16.91,3.45,0.5000
195672,-2.34,3.91,14.51,8,14.69,189,0.34,657,0.00,17.00,122,0,0.00,6,8.56,3.64,3.53,14.90,0.00,1,16.91,3.45,0.5000
195773,-2.34,3.91,14.51,8,14.69,189,0.34,653,0.00,17.00,122,0,0.00,6,8.56,3.64,3.53,14.90,0.00,1,16.91,3.45,0.5000
195875,-1.56,3.91,14.51,8,14.69,189,0.34,654,0.00,16.50,122,0,0.00,6,8.71,3.95,5.10,15.10,0.00,1,16.91,4.90,0.5000
195977,-1.56,3.12,14.51,8,14.69,189,0.34,662,0.00,16.50,122,0,0.00,6,9.14,4.50,5.10,14.90,0.00,1,16.91,5.05,0.5000
196080,-1.56,3.12,14.51,8,14.69,189,0.36,661,0.00,16.50,122,0,0.00,6,9.43,4.59,5.10,15.00,0.00,1,16.91,4.90,0.5000
196181,-1.56,3.12,14.51,8,14.69,189,0.38,680,0.00,16.00,122,0,0.00,6,9.72,4.62,5.10,14.90,0.00,1,16.91,4.90,0.5000
196283,-0.78,3.12,14.51,8,14.69,189,0.38,674,0.00,16.50,122,0,0.00,6,9.87,4.65,5.10,14.80,0.00,1,16.91,4.90,0.5000
196386,0.00,3.12,14.51,8,14.69,189,0.39,671,0.00,16.50,122,0,0.00,6,10.01,4.65,5.10,14.90,0.00,1,16.91,4.90,0.5000
196488,0.78,3.12,14.51,8,14.69,189,0.40,662,0.00,17.00,122,0,0.00,6,10.16,4.56,5.10,15.40,0.00,1,16.91,4.89,0.5000
196589,1.56,3.12,14.51,8,14.69,189,0.40,675,0.00,16.50,122,0,0.00,6,10.16,4.59,5.10,15.40,0.00,1,16.91,4.75,0.5000
196691,2.34,3.12,14.51,8,14.69,189,0.40,681,0.00,16.00,122,0,0.00,6,10.16,4.62,5.10,15.40,0.00,1,16.91,4.90,0.5000
196793,3.12,3.12,14.51,8,14.69,189,0.40,688,0.00,16.00,122,0,0.00,6,10.16,4.77,5.10,15.90,0.00,1,16.91,4.90,0.5000
196896,3.91,3.12,14.51,8,14.69,189,0.41,702,0.00,15.00,122,0,0.00,6,10.16,4.77,5.49,15.90,0.00,1,16.91,5.04,0.5000
196997,3.91,3.12,14.51,8,14.69,189,0.41,715,0.00,14.50,122,0,0.00,6,10.16,4.82,5.49,15.90,0.00,1,16.91,5.04,0.5000
197099,3.91,3.12,14.51,8,14.69,189,0.40,723,0.00,13.50,122,0,0.00,6,10.16,4.77,5.49,15.90,0.00,1,16.91,5.04,0.5000
197201,4.69,3.12,14.51,8,14.69,189,0.40,715,0.00,15.00,122,0,0.00,6,10.16,4.79,5.49,15.80,0.00,1,16.91,5.04,0.5000
197303,4.69,3.12,14.51,8,14.69,189,0.40,725,0.00,14.00,122,0,0.00,6,10.16,4.93,5.49,15.80,0.00,1,16.91,5.04,0.5000
197405,4.69,3.12,14.51,8,14.69,189,0.40,736,0.00,14.00,122,0,0.00,6,10.01,4.99,5.49,15.70,0.00,1,16.91,5.04,0.5000
197507,4.69,3.12,14.51,8,14.69,189,0.41,724,0.00,15.00,122,0,0.00,6,10.01,4.99,5.49,15.70,0.00,1,16.91,5.19,0.5000
197610,4.69,3.12,14.51,8,14.69,189,0.41,729,0.00,14.00,122,0,0.00,6,10.01,5.04,5.49,15.50,0.00,1,16.91,5.04,0.5000
197712,4.69,3.12,14.51,8,14.69,189,0.41,730,0.00,15.00,122,0,0.00,6,10.01,5.09,5.49,15.50,0.00,1,16.91,5.04,0.5000
197813,4.69,3.12,14.51,8,14.69,189,0.41,741,0.00,14.50,122,0,0.00,6,10.01,5.12,5.49,15.10,0.00,1,16.91,5.19,0.5000
197915,5.47,3.12,14.51,8,14.69,189,0.41,754,0.00,13.50,122,0,0.00,6,10.01,5.12,5.49,15.20,0.00,1,16.91,5.04,0.5000
198018,5.47,3.12,14.51,8,14.69,189,0.41,746,0.00,13.50,122,0,0.00,6,10.01,5.14,5.49,15.10,0.00,1,16.91,5.19,0.5000
198120,4.69,3.12,14.51,8,14.69,189,0.41,746,0.00,15.00,122,0,0.00,6,9.87,5.14,5.49,15.20,0.00,1,16.91,5.19,0.5000
198222,4.69,3.12,14.51,8,14.69,189,0.41,757,0.00,15.00,122,0,0.00,6,9.87,5.14,5.49,14.80,0.00,1,16.91,5.19,0.5000
198323,3.91,3.12,14.51,8,14.69,189,0.41,754,0.00,14.50,122,0,0.00,6,9.87,5.14,5.49,14.80,0.00,1,16.91,5.19,0.5000
198425,3.91,3.12,14.51,8,14.69,189,0.41,748,0.00,15.50,122,0,0.00,6,9.87,5.21,5.49,14.90,0.00,1,16.91,5.19,0.5000
198528,3.91,3.12,14.51,8,14.69,189,0.41,750,0.00,16.00,122,0,0.00,6,9.87,5.12,5.49,14.50,0.00,1,16.91,5.04,0.5000
198630,3.91,3.12,14.51,8,14.69,189,0.41,742,0.00,16.00,122,0,0.00,6,9.87,5.19,5.49,14.50,0.00,1,16.91,5.19,0.5000
198731,3.91,3.12,14.51,8,14.68,189,0.41,750,0.00,15.50,122,0,0.00,6,9.87,5.24,5.49,14.40,0.00,1,16.91,5.04,0.5000
198834,3.91,3.12,14.51,8,14.68,189,0.42,750,0.00,16.00,122,0,0.00,6,9.87,5.19,5.49,14.40,0.00,1,16.91,4.90,0.5000
198935,3.12,3.12,14.51,8,14.68,189,0.41,753,0.00,16.00,122,0,0.00,6,9.72,5.09,5.10,14.40,0.00,1,16.91,4.75,0.5000
199038,3.12,3.12,14.51,8,14.68,189,0.41,756,0.00,16.00,122,0,0.00,6,9.72,5.09,5.10,14.40,0.00,1,16.91,4.75,0.5000
199139,3.12,3.12,14.51,8,14.69,189,0.41,737,0.00,16.50,122,0,0.00,6,9.72,5.09,5.10,14.30,0.00,1,16.91,4.75,0.5000
199241,2.34,3.12,14.51,8,14.69,189,0.41,737,0.00,16.50,122,0,0.00,6,9.58,5.09,5.10,14.40,0.00,1,16.91,4.90,0.5000
199344,2.34,3.12,14.51,8,14.69,189,0.41,743,0.00,16.50,122,0,0.00,6,9.72,5.14,5.10,14.30,0.00,1,16.91,4.90,0.5000
199445,1.56,3.12,14.51,8,14.68,190,0.41,734,0.00,16.50,122,0,0.00,6,9.72,5.11,5.10,14.30,0.00,1,16.91,4.90,0.5000
199548,1.56,3.12,14.51,8,14.68,190,0.42,733,0.00,16.50,122,0,0.00,6,9.72,5.19,5.10,14.20,0.00,1,16.91,4.90,0.5000
199650,0.78,3.12,14.51,8,14.68,190,0.42,726,0.00,16.50,122,0,0.00,6,9.72,5.14,5.10,14.10,0.00,1,16.91,4.90,0.5000
199752,0.78,3.12,14.51,8,14.68,190,0.42,730,0.00,16.50,122,0,0.00,6,9.72,5.14,5.10,14.20,0.00,1,16.91,4.75,0.5000
199854,0.78,3.12,14.51,8,14.68,190,0.42,735,0.00,16.50,122,0,0.00,6,9.72,5.09,5.10,14.00,0.00,1,16.91,4.90,0.5000
199955,0.00,3.12,14.51,8,14.68,190,0.42,727,0.00,16.50,122,0,0.00,6,9.72,5.16,5.10,14.10,0.00,1,16.91,4.90,0.5000
200057,0.00,3.12,14.51,8,14.68,190,0.42,737,0.00,16.50,122,0,0.00,6,9.72,5.14,5.10,14.00,0.00,1,16.91,4.90,0.5000
200160,0.00,3.91,14.51,8,14.68,190,0.42,736,0.00,16.50,122,0,0.00,6,9.72,5.14,5.10,14.00,0.00,1,16.91,4.90,0.5000
200261,0.00,3.91,14.51,8,14.68,190,0.42,728,0.00,16.50,122,0,0.00,6,9.72,5.12,5.10,14.10,0.00,1,16.91,4.90,0.5000
200364,-0.78,3.91,14.51,8,14.68,190,0.42,729,0.00,16.50,122,0,0.00,6,9.72,5.14,5.10,14.20,0.00,1,16.91,4.76,0.5000
200467,-0.78,3.91,14.51,8,14.68,190,0.42,722,0.00,16.50,122,0,0.00,6,9.72,5.14,5.10,14.10,0.00,1,16.91,4.90,0.5000
200568,-0.78,3.91,14.51,8,14.68,190,0.42,722,0.00,16.50,122,0,0.00,6,9.72,5.19,5.10,14.10,0.00,1,16.91,4.90,0.5000
200670,-0.78,3.91,14.51,8,14.68,190,0.42,731,0.00,16.50,122,0,0.00,6,9.72,5.14,5.10,14.20,0.00,1,16.91,4.90,0.5000
200772,-0.78,3.91,14.51,8,14.68,190,0.42,723,0.00,16.50,122,0,0.00,6,9.72,5.14,5.10,14.10,0.00,1,16.91,4.89,0.5000
200874,-1.56,3.91,14.51,8,14.68,190,0.42,725,0.00,16.50,122,0,0.00,6,9.72,5.09,5.10,14.20,0.00,1,16.91,4.90,0.5000
200976,-1.56,3.91,14.51,8,14.68,190,0.42,736,0.00,16.50,122,0,0.00,6,9.72,2.60,5.10,14.20,0.00,1,16.91,4.76,0.5000
201078,-1.56,3.91,14.51,8,14.68,190,0.42,738,0.00,16.50,122,0,0.00,6,9.72,5.19,5.10,14.20,0.00,1,16.91,4.90,0.5000
201180,-1.56,3.91,14.51,8,14.68,190,0.42,728,0.00,16.50,122,0,0.00,6,9.72,5.16,5.10,14.30,0.00,1,16.91,4.75,0.5000
201283,-1.56,3.91,14.51,8,14.68,190,0.42,724,0.00,16.50,122,0,0.00,6,9.72,5.19,5.10,14.10,0.00,1,16.91,4.90,0.5000
201384,-2.34,3.91,14.51,8,14.68,190,0.42,727,0.00,16.50,122,0,0.00,6,9.72,5.12,5.10,14.20,0.00,1,16.91,4.89,0.5000
201486,-2.34,3.91,14.51,8,14.68,190,0.42,741,0.00,16.50,122,0,0.00,6,9.72,5.14,5.10,14.20,0.00,1,16.91,4.90,0.5000
201588,-2.34,3.91,14.51,8,14.68,190,0.42,722,0.00,16.50,122,0,0.00,6,9.72,5.14,5.10,14.30,0.00,1,16.91,4.90,0.5000
201690,-2.34,3.91,14.51,8,14.68,190,0.42,724,0.00,16.50,122,0,0.00,6,9.72,5.16,5.10,14.30,0.00,1,16.91,4.76,0.5000
201792,-2.34,3.91,14.51,8,14.68,190,0.43,724,0.00,16.50,122,0,0.00,6,9.72,5.14,5.10,14.30,0.00,1,16.91,4.90,0.5000
201894,-2.34,3.91,14.51,8,14.68,190,0.42,724,0.00,16.50,122,0,0.00,6,9.72,5.21,5.10,14.30,0.00,1,16.91,4.90,0.5000
201997,-2.34,3.91,14.51,8,14.68,190,0.43,731,0.00,16.50,124,0,0.00,6,9.72,5.16,5.10,14.40,0.00,1,16.91,4.90,0.5000
202098,-2.34,3.91,14.51,8,14.68,190,0.43,720,0.00,16.50,124,0,0.00,6,9.72,5.12,5.10,14.40,0.00,1,16.91,4.90,0.5000
202200,-2.34,3.91,14.51,8,14.68,190,0.43,727,0.00,16.50,124,0,0.00,6,9.87,5.14,5.10,14.30,0.00,1,16.91,4.90,0.5000
202302,-2.34,3.91,14.51,8,14.68,190,0.43,735,0.00,16.50,124,0,0.00,6,9.87,5.19,5.10,14.30,0.00,1,16.91,4.90,0.5000
202405,-3.12,3.91,14.51,8,14.68,190,0.42,733,0.00,16.50,124,0,0.00,6,9.87,5.19,5.10,14.40,0.00,1,16.91,4.90,0.5000
202506,-3.12,3.91,14.51,8,14.68,190,0.42,734,0.00,16.50,124,0,0.00,6,9.72,5.14,5.10,14.50,0.00,1,16.91,4.90,0.5000
202608,-2.34,3.91,14.51,8,14.68,190,0.42,727,0.00,16.50,124,0,0.00,6,9.72,5.24,5.10,14.40,0.00,1,16.91,4.90,0.5000
202710,-3.12,3.91,14.51,8,14.68,190,0.42,736,0.00,16.50,124,0,0.00,6,9.72,5.14,5.10,14.50,0.00,1,16.91,4.90,0.5000
202812,-3.12,3.91,14.51,8,14.68,190,0.42,738,0.00,16.50,124,0,0.00,6,9.72,5.16,5.10,14.50,0.00,1,16.91,4.90,0.5000
202914,-2.34,3.91,14.51,8,14.68,190,0.42,728,0.00,16.50,124,0,0.00,6,9.72,5.14,5.10,14.50,0.00,1,16.91,4.90,0.5000
203016,-3.12,3.91,14.51,8,14.68,190,0.42,732,0.00,16.50,124,0,0.00,6,9.72,5.16,5.10,14.50,0.00,1,16.91,4.90,0.5000
203118,-2.34,3.91,14.51,8,14.68,190,0.42,737,0.00,16.50,124,0,0.00,6,9.72,5.24,5.10,14.50,0.00,1,16.91,4.90,0.5000
203221,-3.12,3.91,14.51,8,14.68,190,0.42,728,0.00,16.50,124,0,0.00,6,9.72,5.24,5.10,14.50,0.00,1,16.91,4.90,0.5000
203322,-3.12,3.91,14.51,8,14.68,190,0.43,732,0.00,16.50,124,0,0.00,6,9.72,5.28,5.10,14.50,0.00,1,16.91,4.90,0.5000
203424,-3.12,3.91,14.51,8,14.68,190,0.43,734,0.00,16.50,124,0,0.00,6,9.72,5.19,5.10,14.60,0.00,1,16.91,4.90,0.5000
203526,-3.12,3.91,14.51,8,14.68,190,0.43,739,0.00,16.50,124,0,0.00,6,9.72,5.21,5.10,14.50,0.00,1,16.91,4.90,0.5000
203628,-3.12,3.91,14.51,8,14.68,190,0.42,744,0.00,16.50,124,0,0.00,6,9.72,5.19,5.10,14.50,0.00,1,16.91,4.90,0.5000
203730,-3.12,3.91,14.51,8,14.68,190,0.42,734,0.00,16.50,124,0,0.00,6,9.72,5.19,5.10,14.60,0.00,1,16.91,4.90,0.5000
203832,-3.12,3.91,14.51,8,14.68,190,0.42,738,0.00,16.50,124,0,0.00,6,9.72,5.21,5.10,14.50,0.00,1,16.91,4.90,0.5000
203934,-3.12,3.91,14.51,8,14.68,190,0.43,734,0.00,16.50,124,0,0.00,6,9.72,5.23,5.10,14.60,0.00,1,16.91,4.90,0.5000
204037,-3.12,3.12,14.51,8,14.68,190,0.43,725,0.00,16.50,124,0,0.00,6,9.72,5.23,5.10,14.50,0.00,1,16.91,4.90,0.5000
204138,-3.12,3.12,14.51,8,14.68,190,0.43,726,0.00,16.50,124,0,0.00,6,9.72,5.16,5.10,14.50,0.00,1,16.91,4.90,0.5000
204240,-3.12,3.12,14.51,8,14.68,190,0.43,727,0.00,16.50,124,0,0.00,6,9.87,5.16,5.10,14.50,0.00,1,16.91,4.90,0.5000
204342,-3.12,3.12,14.51,8,14.68,190,0.43,738,0.00,16.50,124,0,0.00,6,9.72,5.21,5.10,14.50,0.00,1,16.91,4.90,0.5000
204444,-3.12,3.12,14.51,8,14.68,190,0.43,740,0.00,16.50,124,0,0.00,6,9.87,5.21,5.10,14.50,0.00,1,16.91,4.90,0.5000
204546,-3.12,3.12,14.51,8,14.68,190,0.43,728,0.00,16.50,124,0,0.00,6,9.87,5.21,5.49,14.50,0.00,1,16.91,5.05,0.5000
204648,-3.12,3.12,14.51,8,14.68,190,0.43,734,0.00,16.50,124,0,0.00,6,9.87,5.16,5.10,14.50,0.00,1,16.91,4.90,0.5000
204750,-3.12,3.12,14.51,8,14.68,190,0.43,737,0.00,16.50,124,0,0.00,6,9.87,5.16,5.10,14.50,0.00,1,16.91,4.90,0.5000
204853,-3.12,3.12,14.51,8,14.68,190,0.43,733,0.00,16.50,124,0,0.00,6,9.87,5.19,5.10,14.50,0.00,1,16.91,4.90,0.5000
204955,-3.12,3.12,14.51,8,14.68,190,0.43,736,0.00,16.50,124,0,0.00,6,9.87,5.23,5.10,14.50,0.00,1,16.91,4.90,0.5000
205056,-3.12,3.12,14.51,8,14.68,190,0.43,734,0.00,16.50,124,0,0.00,6,9.87,5.14,5.10,14.50,0.00,1,16.91,4.90,0.5000
205158,-3.12,3.12,14.51,8,14.68,190,0.42,725,0.00,16.50,124,0,0.00,6,9.87,5.26,5.10,14.60,0.00,1,16.91,4.90,0.5000
205260,-3.12,3.12,14.51,8,14.68,190,0.43,732,0.00,16.50,124,0,0.00,6,9.87,5.23,5.10,14.70,0.00,1,16.91,4.90,0.5000
205363,-3.12,3.12,14.51,8,14.68,190,0.43,732,0.00,16.50,124,0,0.00,6,9.87,5.23,5.10,14.40,0.00,1,16.91,4.90,0.5000
205464,-3.12,3.12,14.51,8,14.68,190,0.43,728,0.00,16.50,124,0,0.00,6,9.87,5.21,5.10,14.80,0.00,1,16.91,4.90,0.5000
205566,-3.12,3.12,14.51,8,14.68,190,0.43,732,0.00,16.50,124,0,0.00,6,9.87,5.23,5.10,14.70,0.00,1,16.91,4.90,0.5000
205669,-3.12,3.12,14.51,8,14.68,190,0.43,740,0.00,16.50,124,0,0.00,6,9.87,5.19,5.10,14.50,0.00,1,16.91,4.90,0.5000
205770,-3.12,3.12,14.51,8,14.68,190,0.43,739,0.00,16.50,124,0,0.00,6,9.72,5.21,5.10,14.70,0.00,1,16.91,4.90,0.5000
205873,-3.12,3.12,14.51,8,14.68,190,0.42,731,0.00,16.50,124,0,0.00,6,9.72,5.21,5.10,14.40,0.00,1,16.91,4.90,0.5000
205974,-3.12,3.12,14.51,8,14.68,190,0.43,730,0.00,16.50,124,0,0.00,6,9.72,5.28,5.10,14.60,0.00,1,16.91,4.90,0.5000
206076,-3.12,3.12,14.51,8,14.68,190,0.43,742,0.00,16.50,124,0,0.00,6,9.87,5.23,5.10,14.80,0.00,1,16.91,4.90,0.5000
206178,-3.12,3.12,14.51,8,14.68,190,0.43,735,0.00,16.50,124,0,0.00,6,9.72,5.28,5.10,14.70,0.00,1,16.91,5.04,0.5000
206281,-3.12,3.12,14.51,8,14.68,190,0.43,732,0.00,16.50,124,0,0.00,6,9.72,5.23,5.49,14.70,0.00,1,16.91,5.04,0.5000
206382,-3.12,3.12,14.51,8,14.68,190,0.43,723,0.00,16.50,124,0,0.00,6,9.87,5.21,5.49,14.60,0.00,1,16.91,5.04,0.5000
206485,-3.12,3.12,14.51,8,14.68,190,0.43,731,0.00,16.50,124,0,0.00,6,9.87,5.28,5.49,14.50,0.00,1,16.91,5.04,0.5000
206586,-3.12,3.12,14.51,8,14.67,190,0.43,738,0.00,16.50,124,0,0.00,6,9.87,5.26,5.10,14.60,0.00,1,16.91,4.90,0.5000
206689,-3.12,3.12,14.51,8,14.68,190,0.43,737,0.00,16.50,124,0,0.00,6,9.87,5.23,5.49,14.50,0.00,1,16.91,5.04,0.5000
206791,-3.12,3.12,14.51,8,14.68,190,0.43,740,0.00,16.50,124,0,0.00,6,9.87,5.23,5.49,14.70,0.00,1,16.91,4.90,0.5000
206893,-3.12,3.12,14.51,8,14.68,190,0.43,741,0.00,16.50,124,0,0.00,6,9.87,5.23,5.49,14.70,0.00,1,16.91,5.04,0.5000
206994,-3.12,3.12,14.51,8,14.68,190,0.43,737,0.00,16.50,124,0,0.00,6,9.87,5.26,5.49,14.50,0.00,1,16.91,5.05,0.5000
207097,-3.12,3.12,14.51,8,14.68,190,0.43,729,0.00,16.50,124,0,0.00,6,9.87,5.23,5.49,14.50,0.00,1,16.91,5.04,0.5000
207198,-3.12,3.12,14.51,8,14.68,190,0.43,728,0.00,16.50,124,0,0.00,6,9.87,5.28,5.49,14.50,0.00,1,16.91,4.90,0.5000
207301,-3.12,3.12,14.51,8,14.67,190,0.43,730,0.00,16.50,124,0,0.00,6,9.87,5.23,5.49,14.60,0.00,1,16.91,5.04,0.5000
207402,-3.12,3.12,14.51,8,14.67,190,0.43,734,0.00,16.50,124,0,0.00,6,9.87,5.28,5.10,14.60,0.00,1,16.91,4.90,0.5000
207505,-3.12,3.12,14.51,8,14.67,190,0.43,731,0.00,16.50,124,0,0.00,6,9.87,5.23,5.49,14.60,0.00,1,16.91,4.90,0.5000
207607,-3.12,3.12,14.51,8,14.68,190,0.43,733,0.00,16.50,124,0,0.00,6,9.87,5.23,5.10,14.60,0.00,1,16.91,4.90,0.5000
207709,-3.12,3.12,14.51,8,14.68,190,0.43,744,0.00,16.50,124,0,0.00,6,9.87,5.28,5.49,14.60,0.00,1,16.91,5.04,0.5000
207811,-3.12,3.12,14.51,8,14.68,190,0.43,738,0.00,16.50,124,0,0.00,6,9.87,5.26,5.49,14.70,0.00,1,16.91,5.05,0.5000
207913,-3.12,3.12,14.51,8,14.68,190,0.43,738,0.00,16.50,124,0,0.00,6,9.87,5.28,5.49,14.60,0.00,1,16.91,5.04,0.5000
208015,-3.12,3.12,14.51,8,14.68,190,0.43,731,0.00,16.50,124,0,0.00,6,9.87,5.23,5.10,14.70,0.00,1,16.91,5.04,0.5000
208117,-3.12,3.12,14.51,8,14.68,190,0.43,737,0.00,16.50,124,0,0.00,6,9.87,5.21,5.49,14.60,0.00,1,16.91,5.04,0.5000
208219,-3.12,3.12,14.51,8,14.68,190,0.43,746,0.00,16.50,124,0,0.00,6,9.87,5.28,5.49,14.50,0.00,1,16.91,5.04,0.5000
208320,-3.12,3.12,14.51,8,14.68,190,0.43,742,0.00,16.50,124,0,0.00,6,9.87,5.26,5.49,14.60,0.00,1,16.91,5.04,0.5000
208423,-3.12,3.12,14.51,8,14.68,190,0.43,750,0.00,16.50,124,0,0.00,6,9.72,5.33,5.49,14.60,0.00,1,16.91,5.04,0.5000
208525,-3.12,3.12,14.51,8,14.68,190,0.43,753,0.00,16.50,126,0,0.00,6,9.72,5.33,5.49,14.60,0.00,1,16.91,5.04,0.5000
208626,-2.34,3.12,14.51,8,14.68,190,0.43,727,0.00,16.50,126,0,0.00,6,9.87,5.28,5.49,14.60,0.00,1,16.91,5.04,0.5000
208729,-3.12,3.12,14.51,8,14.68,190,0.43,733,0.00,16.50,126,0,0.00,6,9.87,5.28,5.49,14.60,0.00,1,16.91,5.04,0.5000
208831,-2.34,3.12,14.51,8,14.67,190,0.43,746,0.00,16.50,126,0,0.00,6,9.87,5.35,5.49,14.60,0.00,1,16.91,5.04,0.5000
208933,-2.34,3.12,14.51,8,14.67,190,0.43,743,0.00,16.50,126,0,0.00,6,9.87,5.31,5.49,14.90,0.00,1,16.91,5.04,0.5000
209035,-3.12,3.12,14.51,8,14.67,190,0.43,740,0.00,16.50,126,0,0.00,6,9.87,5.31,5.49,14.70,0.00,1,16.91,5.04,0.5000
209137,-2.34,3.12,14.51,8,14.68,190,0.43,737,0.00,16.50,126,0,0.00,6,9.87,5.35,5.49,14.70,0.00,1,16.91,5.04,0.5000
209239,-2.34,3.12,14.51,8,14.68,190,0.43,741,0.00,16.50,126,0,0.00,6,9.87,5.28,5.49,14.70,0.00,1,16.91,5.04,0.5000
209341,-3.12,3.12,14.51,8,14.68,190,0.43,750,0.00,16.50,126,0,0.00,6,9.87,5.23,5.49,14.70,0.00,1,16.91,5.04,0.5000
209443,-2.34,3.12,14.51,8,14.68,190,0.43,737,0.00,16.50,126,0,0.00,6,9.87,5.31,5.49,14.70,0.00,1,16.91,5.04,0.5000
209545,-3.12,3.12,14.51,8,14.68,190,0.43,742,0.00,16.50,126,0,0.00,6,9.87,5.28,5.49,14.50,0.00,1,16.91,5.04,0.5000
209647,-3.12,3.12,14.51,8,14.68,190,0.43,740,0.00,16.50,126,0,0.00,6,9.87,5.26,5.49,14.80,0.00,1,16.91,5.04,0.5000
209749,-3.12,3.12,14.51,8,14.68,190,0.43,742,0.00,16.50,126,0,0.00,6,9.87,5.23,5.49,14.50,0.00,1,16.91,5.04,0.5000
209851,-2.34,3.12,14.51,8,14.68,190,0.43,739,0.00,16.50,126,0,0.00,6,9.87,5.26,5.49,14.60,0.00,1,16.91,5.04,0.5000
209953,-2.34,3.12,14.51,8,14.68,190,0.43,741,0.00,16.50,126,0,0.00,6,9.87,5.26,5.49,14.60,0.00,1,16.91,5.04,0.5000
210055,-2.34,3.12,14.51,8,14.68,190,0.43,740,0.00,16.50,126,0,0.00,6,9.87,5.31,5.49,14.60,0.00,1,16.91,5.04,0.5000
210157,-2.34,3.12,14.51,8,14.68,190,0.43,746,0.00,16.50,126,0,0.00,6,9.87,5.31,5.49,14.80,0.00,1,16.91,5.04,0.5000
210258,-2.34,3.12,14.51,8,14.68,190,0.43,738,0.00,16.50,126,0,0.00,6,9.87,5.31,5.49,14.70,0.00,1,16.91,5.19,0.5000
210361,-2.34,3.12,14.51,8,14.68,190,0.43,742,0.00,16.50,126,0,0.00,6,9.87,5.28,5.49,14.60,0.00,1,16.91,5.19,0.5000
210463,-2.34,3.12,14.51,8,14.68,190,0.43,749,0.00,16.50,126,0,0.00,6,9.87,5.26,5.49,14.70,0.00,1,16.91,5.04,0.5000
210565,-2.34,3.12,14.51,8,14.68,190,0.43,738,0.00,16.50,126,0,0.00,6,9.87,5.31,5.49,14.70,0.00,1,16.91,5.04,0.5000
210668,-2.34,3.12,14.51,8,14.68,190,0.43,735,0.00,16.50,126,0,0.00,6,9.87,5.31,5.49,14.70,0.00,1,16.91,5.04,0.5000
210769,-2.34,3.12,14.51,8,14.67,190,0.43,739,0.00,16.50,126,0,0.00,6,9.87,5.26,5.49,14.70,0.00,1,16.91,5.04,0.5000
210871,-2.34,3.12,14.51,8,14.68,190,0.43,763,0.00,10.00,126,0,0.00,6,9.72,4.98,3.92,14.70,0.00,1,16.91,3.88,0.5000
210973,-2.34,3.12,14.51,8,14.68,190,0.41,784,0.00,10.00,126,0,0.00,6,9.29,4.71,3.92,14.70,0.00,1,16.91,3.88,0.5000
211076,-1.56,3.12,14.51,8,14.69,190,0.40,787,0.00,10.00,126,0,0.00,6,8.85,4.65,3.92,14.70,0.00,1,16.91,3.88,0.5000
211177,-2.34,3.12,14.51,8,14.69,190,0.39,762,0.00,10.00,126,0,0.00,6,8.71,4.65,3.92,14.70,0.00,1,16.91,4.03,0.5000
211279,-3.12,3.12,14.51,8,14.69,190,0.38,749,0.00,17.00,126,0,0.00,6,8.56,4.65,3.92,15.00,0.00,1,16.91,3.88,0.5000
211381,-3.12,3.12,14.51,8,14.69,190,0.38,740,0.00,17.00,126,0,0.00,6,8.56,4.62,3.92,14.80,0.00,1,16.91,3.88,0.5000
211483,-3.91,3.12,14.51,8,14.69,190,0.38,740,0.00,17.00,126,0,0.00,6,8.56,4.59,4.31,14.40,0.00,1,16.91,3.88,0.5000
211585,-3.91,3.12,14.51,8,14.69,190,0.38,740,0.00,17.00,126,0,0.00,6,8.56,4.59,3.92,14.40,0.00,1,16.91,3.88,0.5000
211687,-4.69,3.12,14.51,8,14.69,190,0.38,729,0.00,17.00,126,0,0.00,6,8.56,4.62,3.92,14.40,0.00,1,16.91,3.88,0.5000
211789,-5.47,3.12,14.51,8,14.69,190,0.38,728,0.00,17.00,126,0,0.00,6,8.56,4.53,3.92,14.20,0.00,1,16.91,3.88,0.5000
211892,-5.47,3.12,14.51,8,14.69,190,0.38,715,0.00,18.00,126,0,0.00,6,8.56,4.43,3.92,14.20,0.00,1,16.91,3.88,0.5000
211993,-6.25,3.12,14.51,8,14.69,190,0.37,719,0.00,17.50,126,0,0.00,6,8.56,4.34,3.92,14.00,0.00,1,16.91,3.88,0.5000
212095,-6.25,3.12,14.51,8,14.69,190,0.37,724,0.00,17.00,126,0,0.00,6,8.42,4.37,3.92,14.00,0.00,1,16.91,3.74,0.5000
212197,-7.03,3.12,14.51,8,14.69,190,0.37,712,0.00,17.50,126,0,0.00,6,8.42,4.37,3.92,13.90,0.00,1,16.91,3.74,0.5000
212299,-7.03,3.12,14.51,8,14.69,190,0.37,715,0.00,17.50,126,0,0.00,6,8.42,4.27,3.92,13.90,0.00,1,16.91,3.74,0.5000
212401,-7.81,3.12,14.51,8,14.69,190,0.37,714,0.00,18.00,126,0,0.00,6,8.42,4.21,3.92,13.90,0.00,1,16.91,3.74,0.5000
212503,-7.81,3.12,14.51,8,14.69,190,0.36,706,0.00,18.00,126,0,0.00,6,8.42,4.27,3.92,13.80,0.00,1,16.91,3.74,0.5000
212605,-7.81,3.12,14.51,8,14.69,190,0.36,702,0.00,18.00,126,0,0.00,6,8.42,4.27,3.92,13.90,0.00,1,16.91,3.74,0.5000
212708,-7.81,3.12,14.51,8,14.69,190,0.36,688,0.00,19.00,126,0,0.00,6,8.42,4.15,3.92,14.00,0.00,1,16.91,3.74,0.5000
212809,-7.81,3.12,14.51,8,14.69,190,0.36,690,0.00,18.50,126,0,0.00,6,8.56,4.24,3.92,13.90,0.00,1,16.91,3.74,0.5000
212911,-7.81,3.12,14.51,8,14.69,190,0.37,689,0.00,18.50,126,0,0.00,6,8.56,4.24,3.92,14.00,0.00,1,16.91,3.72,0.5000
213013,-8.59,3.12,14.51,8,14.69,190,0.36,683,0.00,18.00,126,0,0.00,6,8.56,4.21,3.92,14.10,0.00,1,16.91,3.72,0.5000
213115,-8.59,3.12,14.51,8,14.69,190,0.37,688,0.00,18.00,126,0,0.00,6,8.56,4.18,3.92,14.10,0.00,1,16.91,3.59,0.5000
213217,-8.59,3.12,14.51,8,14.69,190,0.36,688,0.00,18.00,126,0,0.00,6,8.56,4.10,3.92,14.20,0.00,1,16.91,3.59,0.5000
213319,-8.59,3.12,14.51,8,14.69,190,0.36,682,0.00,17.50,126,0,0.00,6,8.56,4.07,3.92,14.20,0.00,1,16.91,3.59,0.5000
213421,-8.59,3.12,14.51,8,14.69,190,0.36,681,0.00,18.00,126,0,0.00,6,8.56,4.00,3.92,14.30,0.00,1,16.91,3.59,0.5000
213524,-8.59,3.12,14.51,8,14.69,190,0.36,681,0.00,18.00,126,0,0.00,6,8.56,4.05,3.92,14.30,0.00,1,16.91,3.59,0.5000
213625,-8.59,3.12,14.51,8,14.69,190,0.36,686,0.00,17.50,126,0,0.00,6,8.56,4.07,3.92,14.40,0.00,1,16.91,3.59,0.5000
213727,-8.59,3.12,14.51,8,14.69,190,0.36,671,0.00,18.50,126,0,0.00,6,8.56,4.05,3.92,14.30,0.00,1,16.91,3.59,0.5000
213829,-8.59,3.12,14.51,8,14.69,190,0.36,678,0.00,17.50,126,0,0.00,6,8.56,4.02,3.92,14.50,0.00,1,16.91,3.59,0.5000
213931,-7.81,3.12,14.51,8,14.69,190,0.36,647,0.00,20.00,126,0,0.00,6,8.56,4.00,3.92,14.50,0.00,1,16.91,3.59,0.5000
214033,-7.81,3.12,14.51,8,14.69,190,0.36,657,0.00,19.00,126,0,0.00,6,8.56,3.95,3.92,14.50,0.00,1,16.91,3.59,0.5000
214135,-7.81,3.12,14.51,8,14.69,190,0.36,669,0.00,17.50,126,0,0.00,6,8.56,4.00,3.92,14.30,0.00,1,16.91,3.59,0.5000
214237,-7.81,3.12,14.51,8,14.69,190,0.36,670,0.00,17.50,126,0,0.00,6,8.56,3.95,3.53,14.80,0.00,1,16.91,3.44,0.5000
214339,-7.03,3.12,14.51,8,14.69,190,0.36,672,0.00,17.50,126,0,0.00,6,8.56,3.95,3.92,14.90,0.00,1,16.91,3.44,0.5000
214441,-7.03,3.12,14.51,8,14.69,190,0.36,664,0.00,17.50,126,0,0.00,6,8.56,4.00,3.53,14.90,0.00,1,16.91,3.59,0.5000
214543,-7.03,3.12,14.51,8,14.69,190,0.36,665,0.00,17.50,126,0,0.00,6,8.56,3.90,3.92,15.00,0.00,1,16.91,3.59,0.5000
214645,-7.03,3.12,14.51,8,14.69,190,0.36,667,0.00,17.00,126,0,0.00,6,8.56,3.90,3.92,15.10,0.00,1,16.91,3.59,0.5000
214747,-7.03,3.12,14.51,8,14.69,190,0.35,656,0.00,17.50,126,0,0.00,6,8.56,3.90,3.92,15.00,0.00,1,16.91,3.44,0.5000
214849,-7.03,3.12,14.51,8,14.69,190,0.35,665,0.00,17.00,126,0,0.00,6,8.56,3.95,3.92,15.10,0.00,1,16.91,3.59,0.5000
214951,-7.03,3.12,14.51,8,14.69,190,0.35,660,0.00,17.50,126,0,0.00,6,8.56,3.95,3.92,15.00,0.00,1,16.91,3.59,0.5000
215053,-7.03,3.12,14.51,8,14.69,190,0.36,659,0.00,17.50,126,0,0.00,6,8.56,3.90,3.53,15.00,0.00,1,16.91,3.59,0.5000
215156,-7.03,2.34,14.51,8,14.69,190,0.35,656,0.00,17.50,126,0,0.00,6,8.56,3.98,3.92,15.00,0.00,1,16.91,3.45,0.5000
215257,-6.25,2.34,14.51,8,14.69,190,0.35,665,0.00,17.00,126,0,0.00,6,8.56,3.95,3.92,15.00,0.00,1,16.91,3.59,0.5000
215359,-6.25,2.34,14.51,8,14.69,190,0.36,663,0.00,17.00,127,0,0.00,6,8.56,3.90,3.53,15.10,0.00,1,16.91,3.44,0.5000
215461,-6.25,2.34,14.51,8,14.69,190,0.35,668,0.00,17.00,127,0,0.00,6,8.56,3.90,3.53,15.00,0.00,1,16.91,3.59,0.5000
215563,-6.25,2.34,14.51,8,14.69,190,0.35,666,0.00,17.00,127,0,0.00,6,8.56,3.88,3.53,15.10,0.00,1,16.91,3.44,0.5000
215666,-5.47,2.34,14.51,8,14.69,190,0.35,668,0.00,17.00,127,0,0.00,6,8.56,3.85,3.53,15.10,0.00,1,16.91,3.59,0.5000
215768,-5.47,2.34,14.51,8,14.69,190,0.35,666,0.00,17.00,127,0,0.00,6,8.56,3.85,3.92,15.10,0.00,1,16.91,3.59,0.5000
215870,-5.47,2.34,14.51,8,14.69,190,0.35,665,0.00,17.00,127,0,0.00,6,8.56,3.80,3.53,15.10,0.00,1,16.91,3.45,0.5000
215971,-5.47,2.34,14.51,8,14.69,190,0.35,666,0.00,17.00,127,0,0.00,6,8.56,3.80,3.53,15.10,0.00,1,16.91,3.45,0.5000
216073,-5.47,2.34,14.51,8,14.69,190,0.35,660,0.00,17.00,127,0,0.00,6,8.56,3.80,3.92,15.10,0.00,1,16.91,3.45,0.5000
216175,-5.47,2.34,14.51,8,14.69,190,0.35,662,0.00,17.00,127,0,0.00,6,8.56,3.80,3.53,15.00,0.00,1,16.91,3.44,0.5000
216278,-4.69,2.34,14.51,8,14.69,190,0.35,648,0.00,17.50,127,0,0.00,6,8.56,3.80,3.53,15.40,0.00,1,16.91,3.45,0.5000
216379,-4.69,2.34,14.51,8,14.69,190,0.35,652,0.00,17.00,127,0,0.00,6,8.56,3.78,3.53,15.20,0.00,1,16.91,3.45,0.5000
216482,-4.69,2.34,14.51,8,14.69,190,0.35,649,0.00,17.00,127,0,0.00,6,8.56,3.80,3.53,15.20,0.00,1,16.91,3.45,0.5000
216583,-4.69,2.34,14.51,8,14.69,190,0.35,652,0.00,17.00,127,0,0.00,6,8.56,3.78,3.53,15.10,0.00,1,16.91,3.45,0.5000
216686,-4.69,2.34,14.51,8,14.69,190,0.35,653,0.00,17.00,127,0,0.00,6,8.56,3.76,3.53,15.10,0.00,1,16.91,3.45,0.5000
216788,-3.91,2.34,14.51,8,14.69,190,0.35,660,0.00,17.00,127,0,0.00,6,8.56,3.68,3.53,15.10,0.00,1,16.91,3.45,0.5000
216889,-3.91,2.34,14.51,8,14.69,190,0.34,660,0.00,17.00,127,0,0.00,6,8.56,3.76,3.53,15.10,0.00,1,16.91,3.45,0.5000
216992,-3.91,2.34,14.51,8,14.69,190,0.34,653,0.00,17.00,127,0,0.00,6,8.56,3.76,3.53,15.20,0.00,1,16.91,3.45,0.5000
217093,-3.12,2.34,14.51,8,14.69,190,0.34,660,0.00,17.00,127,0,0.00,6,8.56,3.68,3.53,15.20,0.00,1,16.91,3.45,0.5000
217196,-3.12,2.34,14.51,8,14.69,190,0.34,655,0.00,17.00,127,0,0.00,6,8.56,3.71,3.53,15.10,0.00,1,16.91,3.45,0.5000
217298,-3.12,2.34,14.51,8,14.69,190,0.34,653,0.00,17.00,127,0,0.00,6,8.56,3.68,3.53,15.10,0.00,1,16.91,3.45,0.5000
217400,-3.12,2.34,14.51,8,14.69,190,0.34,650,0.00,17.00,127,0,0.00,6,8.56,3.71,3.53,15.30,0.00,1,16.91,3.45,0.5000
217502,-3.12,2.34,14.51,8,14.69,190,0.34,645,0.00,17.00,127,0,0.00,6,8.56,3.71,3.53,15.30,0.00,1,16.91,3.45,0.5000
217604,-2.34,2.34,14.51,8,14.69,190,0.34,652,0.00,17.00,127,0,0.00,6,8.56,3.61,3.53,15.30,0.00,1,16.91,3.45,0.5000
217706,-2.34,2.34,14.51,8,14.69,190,0.34,657,0.00,17.00,127,0,0.00,6,8.56,3.66,3.53,15.30,0.00,1,16.91,3.45,0.5000
217808,-2.34,2.34,14.51,8,14.69,190,0.34,659,0.00,17.00,127,0,0.00,6,8.56,3.71,3.53,15.20,0.00,1,16.91,3.45,0.5000
217910,-2.34,2.34,14.51,8,14.69,190,0.34,658,0.00,17.00,127,0,0.00,6,8.56,3.71,3.53,15.20,0.00,1,16.91,3.45,0.5000
218011,-2.34,2.34,14.51,8,14.69,190,0.34,665,0.00,17.00,127,0,0.00,6,8.56,3.53,3.53,15.20,0.00,1,16.91,3.45,0.5000
218114,-2.34,2.34,14.51,8,14.69,190,0.33,655,0.00,17.00,127,0,0.00,6,8.56,3.61,3.53,15.30,0.00,1,16.91,3.45,0.5000
218216,-1.56,2.34,14.51,8,14.69,190,0.33,663,0.00,17.00,127,0,0.00,6,8.42,3.71,3.53,15.20,0.00,1,16.91,3.45,0.5000
218318,-1.56,2.34,14.51,8,14.69,190,0.33,661,0.00,17.00,127,0,0.00,6,8.42,3.68,3.53,15.20,0.00,1,16.91,3.45,0.5000
218421,-1.56,2.34,14.51,8,14.69,190,0.33,660,0.00,17.00,127,0,0.00,6,8.42,3.68,3.53,15.20,0.00,1,16.91,3.45,0.5000
218522,-1.56,2.34,14.51,8,14.69,190,0.33,655,0.00,17.00,127,0,0.00,6,8.42,3.66,3.53,15.10,0.00,1,16.91,3.45,0.5000
218624,-1.56,2.34,14.51,8,14.69,190,0.33,651,0.00,17.00,127,0,0.00,6,8.42,3.63,3.53,15.10,0.00,1,16.91,3.45,0.5000
218726,-0.78,2.34,14.51,8,14.69,190,0.33,656,0.00,17.00,127,0,0.00,6,8.42,3.61,3.53,15.00,0.00,1,16.91,3.45,0.5000
218828,-0.78,2.34,14.51,8,14.69,190,0.33,650,0.00,17.00,127,0,0.00,6,8.56,3.61,3.53,15.10,0.00,1,16.91,3.45,0.5000
218930,-0.78,2.34,14.51,8,14.69,190,0.33,650,0.00,17.00,127,0,0.00,6,8.56,3.63,3.53,15.10,0.00,1,16.91,3.45,0.5000
219032,-0.78,2.34,14.51,8,14.69,190,0.33,641,0.00,17.00,127,0,0.00,6,8.56,3.66,3.53,15.30,0.00,1,16.91,3.30,0.5000
219134,-0.78,2.34,14.51,8,14.69,190,0.33,646,0.00,17.00,127,0,0.00,6,8.56,3.58,3.53,15.10,0.00,1,16.91,3.30,0.5000
219236,0.00,2.34,14.51,8,14.69,190,0.33,644,0.00,17.00,127,0,0.00,6,8.56,3.61,3.53,15.30,0.00,1,16.91,3.45,0.5000
219338,0.00,2.34,14.51,8,14.69,190,0.33,647,0.00,17.00,127,0,0.00,6,8.56,3.58,3.53,15.20,0.00,1,16.91,3.30,0.5000
219440,0.00,2.34,14.51,8,14.69,190,0.33,651,0.00,17.00,127,0,0.00,6,8.42,3.61,3.53,15.20,0.00,1,16.91,3.30,0.5000
219543,0.00,2.34,14.51,8,14.69,190,0.33,652,0.00,17.00,127,0,0.00,6,8.42,3.61,3.53,15.20,0.00,1,16.91,3.30,0.5000
219643,0.00,2.34,14.51,8,14.69,190,0.33,658,0.00,17.00,127,0,0.00,6,8.42,3.51,3.53,15.20,0.00,1,16.91,3.45,0.5000
219746,0.00,2.34,14.51,8,14.69,190,0.33,651,0.00,17.00,127,0,0.00,6,8.42,3.51,3.53,15.20,0.00,1,16.91,3.30,0.5000
219847,0.00,2.34,14.51,8,14.69,190,0.33,657,0.00,17.00,127,0,0.00,6,8.42,3.61,3.53,15.20,0.00,1,16.91,3.45,0.5000
219950,0.00,2.34,14.51,8,14.69,190,0.33,650,0.00,17.00,127,0,0.00,6,8.42,3.66,3.53,15.20,0.00,1,16.91,3.45,0.5000
220052,0.78,2.34,14.51,8,14.69,190,0.33,641,0.00,17.00,127,0,0.00,6,8.42,3.66,3.53,15.00,0.00,1,16.91,3.45,0.5000
220154,0.78,2.34,14.51,8,14.69,190,0.33,647,0.00,17.00,127,0,0.00,6,8.56,4.11,5.10,15.10,0.00,1,16.91,5.04,0.5000
220256,0.78,2.34,14.51,8,14.69,190,0.34,652,0.00,17.00,127,0,0.00,6,8.85,4.46,5.10,15.10,0.00,1,16.91,4.75,0.5000
220358,0.78,2.34,14.51,8,14.69,190,0.36,653,0.00,17.00,127,0,0.00,6,9.29,4.46,4.71,15.10,0.00,1,16.91,4.76,0.5000
220460,0.78,2.34,14.51,8,14.69,190,0.37,690,0.00,16.00,127,0,0.00,6,9.43,4.46,5.10,15.20,0.00,1,16.91,4.75,0.5000
220562,1.56,2.34,14.51,8,14.69,190,0.37,680,0.00,16.00,127,0,0.00,6,9.58,4.53,5.10,15.00,0.00,1,16.91,4.75,0.5000
220664,2.34,2.34,14.51,8,14.69,190,0.38,655,0.00,17.00,127,0,0.00,6,9.72,4.59,5.10,14.90,0.00,1,16.91,4.75,0.5000
220766,3.12,2.34,14.51,8,14.69,190,0.39,660,0.00,17.00,127,0,0.00,6,9.87,4.59,5.10,15.10,0.00,1,16.91,4.90,0.5000
220868,3.12,2.34,14.51,8,14.69,190,0.40,654,0.00,17.00,127,0,0.00,6,10.01,4.65,5.10,15.40,0.00,1,16.91,4.90,0.5000
220970,3.91,2.34,14.51,8,14.69,190,0.40,653,0.00,16.50,127,0,0.00,6,10.16,4.59,5.10,15.40,0.00,1,16.91,4.90,0.5000
221072,4.69,2.34,14.51,8,14.69,190,0.41,671,0.00,16.50,127,0,0.00,6,10.16,4.59,5.10,15.40,0.00,1,16.91,4.90,0.5000
221174,5.47,2.34,14.51,8,14.69,190,0.41,675,0.00,16.50,127,0,0.00,6,10.16,4.65,5.10,15.70,0.00,1,16.91,4.90,0.5000
221276,6.25,2.34,14.51,8,14.69,190,0.41,708,0.00,15.50,127,0,0.00,6,10.16,4.74,5.10,16.00,0.00,1,16.91,5.05,0.5000
221378,6.25,2.34,14.51,8,14.69,190,0.41,704,0.00,14.50,127,0,0.00,6,10.16,4.74,5.10,15.90,0.00,1,16.91,4.90,0.5000
221480,7.03,2.34,14.51,8,14.69,190,0.40,719,0.00,13.50,127,0,0.00,6,10.01,4.82,5.10,15.90,0.00,1,16.91,4.90,0.5000
221582,7.03,2.34,14.51,8,14.69,190,0.40,726,0.00,13.50,127,0,0.00,6,10.01,4.76,5.10,16.10,0.00,1,16.91,5.04,0.5000
221684,6.25,2.34,14.51,8,14.69,190,0.40,718,0.00,14.00,127,0,0.00,6,10.01,4.87,5.49,15.60,0.00,1,16.91,5.04,0.5000
221785,6.25,2.34,14.51,8,14.69,190,0.40,729,0.00,14.00,127,0,0.00,6,10.01,4.84,5.49,15.60,0.00,1,16.91,5.04,0.5000
221888,6.25,2.34,14.51,8,14.69,190,0.40,725,0.00,14.50,127,0,0.00,6,9.87,4.90,5.49,15.60,0.00,1,16.91,5.04,0.5000
221991,6.25,2.34,14.51,8,14.69,190,0.40,726,0.00,15.00,127,0,0.00,6,9.87,4.93,5.49,15.20,0.00,1,16.91,5.04,0.5000
222093,6.25,2.34,14.51,8,14.69,190,0.40,729,0.00,15.00,127,0,0.00,6,9.87,4.95,5.49,15.20,0.00,1,16.91,5.04,0.5000
222194,6.25,2.34,14.51,8,14.69,190,0.40,722,0.00,15.00,127,0,0.00,6,9.87,4.98,5.49,15.10,0.00,1,16.91,5.04,0.5000
222296,6.25,2.34,14.51,8,14.69,190,0.41,730,0.00,15.50,127,0,0.00,6,9.87,4.98,5.49,14.80,0.00,1,16.91,5.04,0.5000
222398,6.25,2.34,14.51,8,14.69,190,0.41,732,0.00,15.50,127,0,0.00,6,9.87,5.06,5.49,14.80,0.00,1,16.91,5.04,0.5000
222500,6.25,2.34,14.51,8,14.69,190,0.41,741,0.00,14.50,127,0,0.00,6,9.87,5.06,5.49,14.80,0.00,1,16.91,5.04,0.5000
222603,6.25,2.34,14.51,8,14.69,190,0.41,748,0.00,15.00,127,0,0.00,6,9.87,5.06,5.49,14.70,0.00,1,16.91,5.04,0.5000
222704,6.25,2.34,14.51,8,14.69,190,0.41,739,0.00,15.50,127,0,0.00,6,9.87,5.09,5.49,14.80,0.00,1,16.91,5.04,0.5000
222806,5.47,2.34,14.51,8,14.69,190,0.41,742,0.00,15.50,127,0,0.00,6,9.87,5.14,5.49,14.50,0.00,1,16.91,5.04,0.5000
222908,5.47,2.34,14.51,8,14.69,190,0.41,740,0.00,16.00,127,0,0.00,6,9.72,5.09,5.49,14.50,0.00,1,16.91,5.04,0.5000
223011,5.47,2.34,14.51,8,14.69,190,0.41,750,0.00,15.00,127,0,0.00,6,9.72,5.09,5.49,14.50,0.00,1,16.91,5.04,0.5000
223112,5.47,2.34,14.51,8,14.69,190,0.41,751,0.00,15.00,127,0,0.00,6,9.72,2.58,5.49,14.40,0.00,1,16.91,5.04,0.5000
223214,5.47,2.34,14.51,8,14.69,190,0.41,744,0.00,16.00,127,0,0.00,6,9.72,5.16,5.49,14.40,0.00,1,16.91,5.04,0.5000
223317,5.47,2.34,14.51,8,14.69,190,0.41,748,0.00,16.00,127,0,0.00,6,9.72,5.23,5.49,14.40,0.00,1,16.91,5.19,0.5000
223418,4.69,2.34,14.51,8,14.68,190,0.41,756,0.00,15.50,127,0,0.00,6,9.72,5.26,5.49,14.30,0.00,1,16.91,5.19,0.5000
223520,4.69,2.34,14.51,8,14.68,190,0.42,740,0.00,16.00,127,0,0.00,6,9.72,5.23,5.49,14.30,0.00,1,16.91,5.04,0.5000
223622,4.69,2.34,14.51,8,14.68,190,0.42,748,0.00,16.00,127,0,0.00,6,9.72,5.18,5.49,14.30,0.00,1,16.91,5.04,0.5000
223725,4.69,2.34,14.51,8,14.68,190,0.42,760,0.00,16.00,127,0,0.00,6,9.72,5.21,5.49,14.30,0.00,1,16.91,5.04,0.5000
223826,3.91,2.34,14.51,8,14.68,190,0.42,749,0.00,16.50,127,0,0.00,6,9.72,5.23,5.49,14.30,0.00,1,16.91,5.04,0.5000
223928,3.91,2.34,14.51,8,14.68,190,0.42,747,0.00,16.50,127,0,0.00,6,9.72,5.16,5.49,14.20,0.00,1,16.91,5.04,0.5000
224030,3.12,2.34,14.51,8,14.68,190,0.42,757,0.00,16.50,127,0,0.00,6,9.72,5.18,5.49,14.20,0.00,1,16.91,5.04,0.5000
224133,3.12,2.34,14.51,8,14.68,190,0.41,750,0.00,16.50,127,0,0.00,6,9.72,5.23,5.49,14.30,0.00,1,16.91,5.04,0.5000
224234,3.12,2.34,14.51,8,14.68,190,0.42,750,0.00,16.00,127,0,0.00,6,9.72,5.18,5.49,14.20,0.00,1,16.91,5.04,0.5000
224337,3.12,2.34,14.51,8,14.68,190,0.42,752,0.00,16.50,127,0,0.00,6,9.72,5.18,5.49,14.20,0.00,1,16.91,5.04,0.5000
224438,3.12,2.34,14.51,8,14.68,190,0.41,752,0.00,16.50,127,0,0.00,6,9.72,5.21,5.49,14.20,0.00,1,16.91,5.04,0.5000
224541,3.12,2.34,14.51,8,14.68,190,0.42,750,0.00,16.50,127,0,0.00,6,9.72,5.28,5.49,14.30,0.00,1,16.91,5.04,0.5000
224643,2.34,2.34,14.51,8,14.68,190,0.42,742,0.00,16.50,127,0,0.00,6,9.72,5.26,5.49,14.20,0.00,1,16.91,5.04,0.5000
224744,2.34,2.34,14.51,8,14.68,190,0.42,744,0.00,16.50,127,0,0.00,6,9.72,5.30,5.49,14.20,0.00,1,16.91,5.04,0.5000
224846,2.34,2.34,14.51,8,14.68,190,0.42,749,0.00,16.50,129,0,0.00,6,9.72,5.26,5.49,14.30,0.00,1,16.91,5.19,0.5000
224949,2.34,2.34,14.51,8,14.68,190,0.42,748,0.00,16.50,129,0,0.00,6,9.72,5.30,5.49,14.40,0.00,1,16.91,5.04,0.5000
225051,2.34,2.34,14.51,8,14.68,190,0.42,745,0.00,16.50,129,0,0.00,6,9.72,5.28,5.49,14.30,0.00,1,16.91,5.19,0.5000
225157,1.56,2.34,14.51,8,14.68,190,0.42,744,0.00,16.50,129,0,0.00,6,9.72,5.33,5.49,14.40,0.00,1,16.91,5.04,0.5000
225255,1.56,2.34,14.51,8,14.68,190,0.42,750,0.00,16.50,129,0,0.00,6,9.72,5.26,5.49,14.30,0.00,1,16.91,5.04,0.5000
225357,1.56,2.34,14.51,8,14.68,190,0.42,750,0.00,16.50,129,0,0.00,6,9.72,5.35,5.49,14.30,0.00,1,16.91,5.04,0.5000
225459,1.56,2.34,14.51,8,14.68,190,0.42,746,0.00,16.50,129,0,0.00,6,9.72,5.35,5.49,14.30,0.00,1,16.91,5.04,0.5000
225560,0.78,2.34,14.51,8,14.68,190,0.43,750,0.00,16.50,129,0,0.00,6,9.72,5.33,5.49,14.30,0.00,1,16.91,5.04,0.5000
225663,0.78,2.34,14.51,8,14.68,190,0.43,753,0.00,16.50,129,0,0.00,6,9.72,5.26,5.49,14.30,0.00,1,16.91,5.04,0.5000
225765,0.78,2.34,14.51,8,14.68,190,0.42,745,0.00,16.50,129,0,0.00,6,9.72,5.21,5.49,14.30,0.00,1,16.91,5.04,0.5000
225867,0.78,2.34,14.51,8,14.68,190,0.42,745,0.00,16.50,129,0,0.00,6,9.72,5.09,5.49,14.40,0.00,1,16.91,5.04,0.5000
225969,0.78,2.34,14.51,8,14.68,190,0.42,742,0.00,16.50,129,0,0.00,6,9.72,5.18,5.49,14.30,0.00,1,22.02,5.04,0.5000
226071,0.78,2.34,14.51,8,14.68,190,0.42,740,0.00,22.00,129,0,0.00,6,11.03,6.93,7.45,14.30,0.00,1,23.03,10.84,0.5000
226172,0.00,2.34,14.51,8,14.65,190,0.47,783,0.00,24.00,129,0,0.00,6,13.06,10.66,16.08,14.30,0.00,1,26.41,15.65,0.5000
226275,-0.78,2.34,14.51,8,14.62,190,0.56,944,0.00,27.50,129,0,0.50,7,13.64,9.83,16.47,14.30,0.00,1,29.24,15.65,0.5000
226377,-1.56,2.34,14.51,8,14.61,190,0.57,1124,0.00,29.00,129,0,0.00,7,13.49,10.25,16.47,14.30,0.00,1,31.00,15.65,0.5000
226479,-0.78,2.34,14.51,8,14.61,190,0.56,1213,0.00,30.00,129,0,0.00,7,13.20,11.22,16.08,14.10,0.00,1,32.33,15.22,0.5000
226581,5.47,2.34,14.51,8,14.60,190,0.55,1230,0.00,31.00,129,0,0.00,7,13.06,12.13,16.08,14.30,0.00,1,32.26,15.22,0.5000
226683,13.28,0.00,14.51,8,14.60,190,0.57,1234,0.00,31.00,129,0,0.50,7,13.06,12.60,16.08,15.30,0.00,1,32.22,15.22,0.5000
226786,17.19,0.00,14.51,8,14.60,190,0.59,1265,0.00,31.50,129,0,0.50,7,13.06,13.23,16.08,16.40,0.00,1,32.84,15.22,0.5000
226887,17.97,0.00,14.51,8,14.60,190,0.60,1313,0.00,32.00,129,0,0.50,7,12.91,13.85,16.08,17.00,0.00,1,33.76,15.36,0.5000
226989,16.41,0.00,14.51,8,14.59,190,0.61,1362,0.00,33.50,129,0,0.50,7,12.77,14.23,16.08,16.70,0.00,1,35.21,15.22,0.5000
227091,13.28,0.00,14.51,8,14.59,190,0.61,1416,0.00,34.00,129,0,0.50,7,12.77,14.63,16.08,16.50,0.00,1,35.73,15.22,0.5000
227193,11.72,0.00,14.51,8,14.59,190,0.61,1426,0.00,34.50,129,1,0.50,7,12.62,15.23,16.08,16.50,0.00,1,36.22,15.22,0.5000
227296,10.16,0.00,14.51,8,14.59,190,0.62,1448,0.00,34.50,129,2,1.00,7,12.62,17.87,16.08,14.20,0.00,1,35.96,15.07,0.5000
227397,8.59,0.00,14.51,8,14.59,190,0.63,1442,0.00,35.00,129,2,1.00,7,12.62,15.38,16.08,13.80,0.00,1,36.17,15.22,0.5000
227499,7.03,0.00,14.51,8,14.59,190,0.63,1458,0.00,34.50,129,2,1.00,7,12.62,15.67,16.08,13.80,0.00,1,36.12,15.22,0.5000
227601,5.47,0.00,14.51,8,14.59,190,0.64,1452,0.00,35.00,129,2,1.00,7,12.62,15.67,16.08,13.80,0.00,1,35.88,15.22,0.5000
227703,4.69,0.00,14.51,8,14.59,190,0.64,1475,0.00,35.00,129,3,1.00,7,12.62,15.89,16.08,13.90,0.00,1,36.33,15.22,0.5000
227805,3.12,0.00,14.51,8,14.59,190,0.64,1473,0.00,35.50,129,3,1.00,7,12.62,15.75,16.08,13.80,0.00,1,36.22,15.07,0.5000
227907,3.12,0.00,14.51,8,14.59,190,0.64,1494,0.00,35.50,129,3,1.00,7,12.48,16.04,15.69,13.90,0.00,1,36.73,14.93,0.5000
228009,2.34,0.00,14.51,8,14.59,190,0.64,1490,0.00,35.50,129,4,1.00,7,12.48,16.15,15.69,14.10,0.00,1,36.95,14.93,0.5000
228112,1.56,0.00,14.51,8,14.59,190,0.64,1513,0.00,35.50,129,4,1.00,7,12.48,16.31,15.69,14.10,0.00,1,36.88,14.93,0.5000
228213,1.56,0.00,14.51,8,14.59,190,0.64,1514,0.00,36.00,129,4,1.00,7,12.48,16.62,15.69,14.10,0.00,1,37.26,15.07,0.5000
228315,0.78,0.00,14.51,8,14.59,190,0.65,1535,0.00,36.00,129,5,1.00,7,12.48,16.54,15.69,14.20,0.00,1,37.16,15.07,0.5000
228417,0.78,0.00,14.51,8,14.59,190,0.65,1534,0.00,36.00,129,6,1.00,7,12.48,16.86,15.69,14.30,0.00,1,37.58,15.07,0.5000
228519,0.78,0.00,14.51,8,14.59,190,0.65,1543,0.00,36.50,129,6,1.00,7,12.33,16.76,15.69,14.40,0.00,1,37.75,15.07,0.5000
228621,0.00,0.00,14.51,8,14.58,190,0.65,1565,0.00,36.50,129,6,1.00,7,12.33,16.86,15.69,14.30,0.00,1,37.72,14.93,0.5000
228723,0.00,0.00,14.51,8,14.58,190,0.65,1561,0.00,37.00,129,7,1.00,7,12.33,16.86,15.69,14.30,0.00,1,38.18,14.92,0.5000
228825,0.00,0.00,14.51,8,14.58,190,0.65,1572,0.00,37.50,129,7,1.00,7,12.33,17.16,15.69,14.40,0.00,1,38.44,15.07,0.5000
228928,0.00,0.00,14.51,8,14.58,190,0.65,1591,0.00,37.00,129,7,1.00,7,12.33,17.06,15.69,14.50,0.00,1,38.23,14.93,0.5000
229029,0.00,0.00,14.51,8,14.58,190,0.65,1583,0.00,37.50,129,8,1.00,7,12.33,17.25,15.69,14.50,0.00,1,38.72,14.78,0.5000
229131,0.00,0.00,14.51,8,14.58,190,0.64,1592,0.00,37.50,129,9,1.00,7,12.19,17.46,15.69,14.50,0.00,1,38.73,14.78,0.5000
229233,0.00,0.00,14.51,8,14.58,190,0.65,1610,0.00,37.50,129,9,1.00,7,12.19,17.36,15.69,14.40,0.00,1,38.61,14.78,0.5000
229335,0.00,0.00,14.51,8,14.58,190,0.65,1616,0.00,37.50,129,9,1.00,7,12.19,17.36,15.69,14.40,0.00,1,38.66,14.93,0.5000
229437,0.00,0.00,14.51,8,14.58,190,0.65,1610,0.00,37.50,129,10,1.00,7,12.19,17.36,15.69,14.40,0.00,1,38.88,14.78,0.5000
229539,0.00,0.00,14.51,8,14.58,190,0.65,1621,0.00,38.00,129,10,1.00,7,12.19,17.46,15.69,14.60,0.00,1,39.03,14.78,0.5000
229641,0.00,0.00,14.51,8,14.58,190,0.65,1638,0.00,37.50,129,11,1.00,7,12.19,17.56,15.69,14.40,0.00,1,38.91,14.93,0.5000
229743,0.00,0.00,14.51,8,14.58,190,0.65,1640,0.00,38.00,129,11,1.00,7,12.19,17.66,15.69,14.50,0.00,1,38.95,14.78,0.5000
229845,0.00,0.00,14.51,8,14.58,190,0.65,1625,0.00,38.00,129,12,1.00,7,12.19,17.66,15.69,14.50,0.00,1,39.03,14.78,0.5000
229947,0.00,0.00,14.51,8,14.58,190,0.65,1626,0.00,38.00,129,12,1.00,7,12.19,17.66,15.69,14.50,0.00,1,39.00,14.78,0.5000
230049,0.00,0.00,14.51,8,14.58,190,0.65,1632,0.00,38.00,129,12,1.00,7,12.19,17.76,15.69,14.40,0.00,1,38.87,14.78,0.5000
230151,0.00,0.00,14.51,8,14.58,190,0.65,1650,0.00,37.50,129,13,1.00,7,12.19,17.86,15.69,14.40,0.00,1,38.91,14.78,0.5000
230254,0.00,0.00,14.51,8,14.58,190,0.65,1654,0.00,37.50,129,13,1.00,7,12.19,18.06,15.69,14.50,0.00,1,38.91,14.78,0.5000
230355,0.00,0.00,14.51,8,14.58,190,0.65,1642,0.00,38.00,129,14,1.00,7,12.19,18.25,15.69,14.40,0.00,1,38.90,14.78,0.5000
230458,0.00,0.00,14.51,8,14.58,190,0.66,1636,0.00,37.50,129,14,1.00,7,12.19,18.05,15.69,14.50,0.00,1,38.74,14.93,0.5000
230560,-0.78,0.00,14.51,8,14.58,190,0.66,1636,0.00,37.50,129,14,1.00,7,12.19,18.05,15.69,14.50,0.00,1,38.68,14.93,0.5000
230661,-0.78,0.00,14.51,8,14.58,190,0.66,1654,0.00,37.50,131,15,1.00,7,12.19,18.05,15.69,14.40,0.00,1,38.65,14.93,0.5000
230763,-0.78,0.00,14.51,8,14.58,190,0.66,1659,0.00,37.50,131,15,1.00,7,12.19,18.25,15.69,14.50,0.00,1,38.68,14.93,0.5000
230865,-0.78,0.00,14.51,8,14.58,190,0.66,1651,0.00,38.00,131,16,1.00,7,12.19,15.39,15.69,14.40,0.00,1,39.00,14.78,0.5000
230967,-1.56,0.00,14.51,8,14.58,190,0.65,1650,0.00,38.00,131,16,1.00,7,12.19,18.05,15.69,14.40,0.00,1,39.02,14.93,0.5000
231069,-1.56,0.00,14.51,8,14.58,190,0.65,1652,0.00,38.00,131,16,1.00,7,12.19,18.25,15.69,14.50,0.00,1,39.03,14.93,0.5000
231171,-0.78,0.00,14.51,8,14.58,190,0.65,1668,0.00,37.50,131,17,1.00,7,12.19,18.05,15.69,14.50,0.00,1,39.00,14.78,0.5000
231273,-0.78,0.00,14.51,8,14.58,190,0.65,1673,0.00,38.00,131,17,1.00,7,12.19,18.54,15.69,14.40,0.00,1,38.92,15.22,0.5000
231375,-0.78,0.00,14.51,8,14.58,190,0.66,1681,0.00,37.50,131,18,1.00,7,12.33,18.44,16.08,14.50,0.00,1,38.79,15.36,0.5000
231477,-0.78,0.00,14.51,8,14.58,190,0.66,1676,0.00,38.00,131,18,1.00,7,12.33,18.73,16.47,14.50,0.00,1,38.96,15.36,0.5000
231579,-0.78,0.00,14.51,8,14.58,190,0.66,1690,0.00,38.00,131,19,1.00,7,12.33,18.44,16.08,14.70,0.00,1,39.11,15.36,0.5000
231681,0.00,0.00,14.51,8,14.58,190,0.66,1700,0.00,38.00,131,19,1.00,7,12.33,18.64,16.08,14.40,0.00,1,39.30,15.22,0.5000
231783,0.00,0.00,14.51,8,14.58,190,0.66,1707,0.00,38.00,131,19,1.00,7,12.33,19.44,16.47,14.70,0.00,1,39.20,16.38,0.5000
231885,1.56,0.00,14.51,8,14.58,190,0.67,1717,0.00,37.50,131,20,1.00,7,12.77,21.10,18.04,14.70,0.00,1,38.50,17.83,0.5000
231988,3.12,0.00,14.51,8,14.58,190,0.70,1753,0.00,37.00,131,20,1.00,7,13.20,21.84,19.61,15.00,0.00,1,37.83,19.28,0.5000
232089,3.91,0.00,14.51,8,14.58,190,0.72,1791,0.00,37.00,131,20,1.00,7,13.35,22.17,20.78,15.10,0.00,1,38.02,19.72,0.5000
232191,4.69,0.00,14.51,8,14.57,189,0.73,1822,0.00,37.00,131,19,1.00,7,13.35,22.28,20.78,15.10,0.00,1,38.21,19.87,0.5000
232293,5.47,0.00,14.51,8,14.57,189,0.73,1843,0.00,37.00,131,17,1.00,7,13.35,22.63,20.78,15.40,0.00,1,38.35,19.87,0.5000
232396,5.47,0.00,14.51,8,14.57,189,0.73,1858,0.00,37.00,131,14,1.00,7,13.35,22.86,20.78,15.40,0.00,1,38.37,19.87,0.5000
232497,5.47,0.00,14.51,8,14.57,189,0.73,1882,0.00,37.00,131,9,1.00,7,13.35,23.46,21.18,14.80,0.00,1,38.17,20.30,0.5000
232600,5.47,0.00,14.51,8,14.57,189,0.74,1892,0.00,37.00,131,6,1.00,7,13.49,23.80,21.96,14.50,0.00,1,38.05,21.03,0.5000
232701,6.25,0.00,14.51,8,14.57,189,0.75,1891,0.00,37.00,131,4,1.00,7,13.64,24.03,22.35,14.50,0.00,1,38.12,21.17,0.5000
232804,5.47,0.00,14.51,8,14.57,189,0.75,1904,0.00,37.00,131,3,1.00,7,13.64,23.78,22.35,14.50,0.00,1,38.20,21.32,0.5000
232905,5.47,0.00,14.51,8,14.57,189,0.75,1930,0.00,37.00,131,2,1.00,7,13.64,24.26,22.35,14.30,0.00,1,38.22,21.47,0.5000
233007,4.69,0.00,14.51,8,14.57,189,0.75,1938,0.00,37.00,131,1,1.00,7,13.78,24.61,22.75,14.40,0.00,1,38.18,21.75,0.5000
233110,5.47,0.00,14.51,8,14.57,189,0.75,1934,0.00,37.00,131,0,1.00,7,13.78,24.35,23.14,14.40,0.00,1,38.27,22.19,0.5000
233211,5.47,0.00,14.51,8,14.56,189,0.75,1940,0.00,37.00,131,0,1.00,7,13.93,24.72,23.14,14.50,0.00,1,38.35,22.05,0.5000
233313,5.47,0.00,14.51,8,14.56,189,0.76,1966,0.00,37.00,131,0,1.00,7,13.93,24.84,23.14,14.60,0.00,1,38.18,22.05,0.5000
233416,4.69,0.00,14.51,8,14.56,189,0.76,1962,0.00,37.00,131,0,1.00,7,13.93,24.97,23.14,14.50,0.00,1,38.32,22.05,0.5000
233519,4.69,0.00,14.51,8,14.56,189,0.76,1968,0.00,37.00,131,0,1.00,7,13.93,25.21,23.14,14.40,0.00,1,38.28,22.05,0.5000
233621,4.69,0.00,14.51,8,14.56,189,0.76,1993,0.00,37.00,131,0,1.00,7,13.93,25.33,23.14,14.40,0.00,1,38.18,22.05,0.5000
233722,3.91,0.00,14.51,8,14.56,189,0.76,1984,-2.00,35.00,131,0,-1.00,8,13.93,25.33,23.14,14.40,0.00,1,38.37,22.05,0.5000
233825,4.69,0.00,14.51,8,14.56,189,0.76,2004,-2.00,35.00,131,0,-1.00,8,13.93,25.32,23.14,14.50,0.00,1,38.32,22.05,0.5000
233926,4.69,0.00,14.51,8,14.56,189,0.76,2010,-2.00,35.00,131,0,-1.00,8,13.93,25.56,23.14,14.50,0.00,1,38.41,22.05,0.5000
234029,4.69,0.00,14.51,8,14.56,189,0.76,2004,-2.00,35.00,131,0,-1.00,8,13.93,25.94,23.14,14.50,0.00,1,38.43,22.05,0.5000
234131,4.69,0.00,14.51,8,14.56,189,0.77,2024,-2.00,35.00,131,0,-1.00,8,13.93,28.13,23.14,14.50,0.00,1,38.23,22.05,0.5000
234233,4.69,0.00,14.51,8,14.56,189,0.77,2016,-2.00,35.00,131,0,-1.00,8,13.93,23.38,23.14,14.40,0.00,1,38.37,22.05,0.5000
234334,4.69,0.00,14.51,8,14.56,189,0.77,2040,-2.00,35.00,131,0,-1.00,8,13.93,26.18,23.14,14.50,0.00,1,38.35,22.05,0.5000
234437,3.91,0.00,14.51,8,14.56,189,0.77,2030,-2.00,35.00,131,0,-1.00,8,13.93,26.43,23.14,14.40,0.00,1,38.41,22.19,0.5000
234538,3.91,0.00,14.51,8,14.56,189,0.77,2053,-2.00,35.00,131,0,-1.00,8,13.93,26.29,23.53,14.50,0.00,1,38.27,22.49,0.5000
234640,4.69,0.00,14.51,8,14.56,189,0.77,2046,-2.00,35.00,131,0,-1.00,8,13.93,26.66,23.53,14.50,0.00,1,38.41,22.34,0.5000
234743,3.91,0.00,14.51,8,14.56,189,0.77,2068,-2.00,35.00,131,0,-1.00,8,13.93,26.54,23.53,14.60,0.00,1,38.38,22.34,0.5000
234844,3.91,0.00,14.51,8,14.56,189,0.77,2061,-2.00,35.00,131,0,-1.00,8,13.93,26.42,23.53,14.50,0.00,1,38.50,22.34,0.5000
234947,3.91,0.00,14.51,8,14.56,189,0.77,2079,-2.00,35.00,131,0,-1.00,8,13.93,26.55,23.53,14.60,0.00,1,38.46,22.34,0.5000
235049,4.69,0.00,14.51,8,14.56,189,0.77,2070,-2.00,35.00,131,0,-1.50,8,13.93,26.91,23.53,14.50,0.00,1,38.54,22.48,0.5000
235151,4.69,0.00,14.51,8,14.56,189,0.77,2096,-2.00,35.00,131,0,-1.00,8,14.36,28.52,25.10,14.60,0.00,1,38.23,25.83,0.5000
235253,6.25,0.00,14.51,8,14.56,189,0.80,2096,-2.00,35.00,131,0,-1.00,8,14.51,28.02,27.84,15.00,0.00,1,38.10,26.41,0.5000
235355,6.25,0.00,14.51,8,14.56,189,0.80,2132,-2.00,35.00,131,1,-1.00,8,14.51,28.64,27.45,14.80,0.00,1,38.13,26.26,0.5000
235457,6.25,0.00,14.51,8,14.56,189,0.80,2150,-2.00,35.00,131,1,-1.00,8,14.51,28.76,27.45,14.80,0.00,1,38.21,26.26,0.5000
235559,7.03,0.00,14.51,8,14.56,189,0.80,2144,-2.00,35.00,131,2,-1.00,8,14.51,29.13,27.45,14.50,0.00,1,38.41,26.26,0.5000
235661,7.03,0.00,14.51,8,14.56,189,0.80,2173,-1.00,35.00,131,2,-1.00,8,14.51,29.26,27.45,15.20,0.00,1,38.33,26.11,0.5000
235763,7.03,0.00,14.51,8,14.56,189,0.81,2184,-1.00,36.00,131,3,0.00,8,14.51,29.26,27.45,14.80,0.00,1,38.39,26.12,0.5000
235865,6.25,0.00,14.51,8,14.56,189,0.81,2176,-1.00,36.00,131,4,0.00,8,14.36,29.38,26.27,14.50,0.00,1,38.57,25.24,0.5000
235967,6.25,0.00,14.51,8,14.56,189,0.81,2193,-1.00,36.00,131,4,-0.50,8,14.36,29.26,26.67,14.40,0.00,1,38.59,25.24,0.5000
236069,7.03,0.00,14.51,8,14.56,189,0.81,2202,-1.00,36.00,131,5,-0.50,8,14.36,29.63,26.67,14.40,0.00,1,38.51,25.24,0.5000
236170,6.25,0.00,14.51,8,14.56,189,0.81,2193,-1.00,36.50,131,6,-0.50,8,14.36,30.00,26.67,14.40,0.00,1,38.54,25.24,0.5000
236273,7.03,0.00,14.51,8,14.56,189,0.81,2206,-1.00,36.50,131,6,-0.50,8,14.36,29.63,26.67,14.50,0.00,1,38.76,25.24,0.5000
236375,6.25,0.00,14.51,8,14.56,189,0.80,2261,-1.00,36.50,131,6,-0.50,8,14.22,29.63,25.10,14.40,0.00,1,39.23,23.51,0.5000
236477,6.25,0.00,14.51,8,14.56,189,0.79,2278,-1.00,36.50,131,7,-0.50,8,13.93,29.53,24.31,14.60,0.00,1,39.30,22.19,0.5000
236579,5.47,0.00,14.51,8,14.56,189,0.78,2280,-1.00,36.50,131,7,-0.50,8,13.78,29.41,23.53,14.40,0.00,1,39.34,22.34,0.5000
236681,4.69,0.00,14.51,8,14.56,189,0.78,2276,-1.00,36.50,131,8,-0.50,8,13.64,29.16,22.35,14.30,0.00,1,39.37,21.47,0.5000
236783,4.69,0.00,14.51,8,14.56,189,0.77,2257,-1.00,36.50,131,9,-0.50,8,13.49,29.29,22.35,14.30,0.00,1,39.37,21.17,0.5000
236885,4.69,0.00,14.51,8,14.56,189,0.77,2258,-1.00,36.50,131,9,-0.50,8,13.49,29.28,22.35,14.20,0.00,1,39.48,21.32,0.5000
236986,3.91,0.00,14.51,8,14.56,189,0.77,2263,-1.00,36.50,131,10,-0.50,8,13.49,29.44,22.35,14.30,0.00,1,39.51,21.32,0.5000
237089,4.69,0.00,14.51,8,14.56,189,0.77,2287,-1.00,36.50,131,10,-0.50,8,13.49,29.22,22.35,14.60,0.00,1,39.54,21.32,0.5000
237191,4.69,0.00,14.51,8,14.56,189,0.77,2294,-1.00,36.50,131,11,-1.00,8,13.49,29.28,22.35,14.60,0.00,1,39.53,21.32,0.5000
237293,5.47,0.00,14.51,8,14.56,189,0.77,2303,-1.00,36.50,131,11,-1.00,8,13.49,29.55,22.35,14.60,0.00,1,39.55,21.32,0.5000
237395,5.47,0.00,14.51,8,14.56,189,0.77,2310,-1.00,36.50,131,12,-1.00,8,13.49,29.60,22.35,14.30,0.00,1,39.60,21.32,0.5000
237497,6.25,0.00,14.51,8,14.56,189,0.77,2323,-1.00,37.00,131,12,-1.00,8,13.49,29.85,22.35,14.30,0.00,1,39.66,21.32,0.5000
237599,6.25,0.00,14.51,8,14.56,189,0.77,2332,-1.00,37.00,131,13,-1.00,8,13.49,30.09,22.35,14.30,0.00,1,39.71,21.32,0.5000
237701,6.25,0.00,14.51,8,14.56,189,0.77,2346,0.00,37.00,131,13,0.00,8,13.49,29.97,22.35,14.40,0.00,1,39.75,21.32,0.5000
237804,7.03,0.00,14.51,8,14.56,189,0.77,2336,0.00,38.00,131,14,0.00,8,13.49,30.22,22.35,14.30,0.00,1,39.81,21.32,0.5000
237905,7.03,0.00,14.51,8,14.56,189,0.77,2348,0.00,38.00,131,14,0.00,8,13.49,30.47,22.35,14.40,0.00,1,39.86,21.32,0.5000
238007,7.03,0.00,14.51,8,14.56,189,0.77,2375,0.00,38.00,131,15,0.00,8,13.35,30.34,22.35,14.20,0.00,1,39.90,21.32,0.5000
238109,7.81,0.00,14.51,8,14.56,189,0.77,2385,0.00,38.00,131,16,0.00,8,13.35,30.34,22.35,14.40,0.00,1,39.95,21.32,0.5000
238211,7.81,0.00,14.51,8,14.56,189,0.77,2397,0.00,38.00,131,16,0.00,8,13.35,28.28,22.35,14.40,0.00,1,40.01,21.32,0.5000
238313,7.81,0.00,14.51,8,14.56,189,0.77,2408,0.00,38.00,131,17,0.00,8,13.35,30.84,22.35,14.50,0.00,6,40.07,21.32,0.5000
238415,7.81,0.00,14.51,8,14.56,189,0.77,2420,0.00,38.00,131,17,0.00,8,13.35,30.84,22.35,14.50,0.00,6,40.12,21.32,0.5000
238517,8.59,0.00,14.51,8,14.56,189,0.77,2426,0.00,38.00,131,16,0.00,8,13.35,31.09,22.35,14.30,0.00,6,40.12,21.32,0.5000
238620,8.59,0.00,14.51,8,14.56,189,0.77,2434,0.00,38.00,131,15,0.00,8,13.35,31.35,22.35,14.30,0.00,6,40.12,21.47,0.5000
238722,8.59,0.00,14.51,8,14.55,189,0.77,2421,0.00,38.00,131,13,0.00,8,13.35,31.35,22.35,14.40,0.00,6,40.12,21.47,0.5000
238824,7.81,0.00,14.51,8,14.54,189,0.77,2434,0.00,38.00,131,11,0.00,8,13.35,31.60,22.35,14.40,0.00,6,40.12,21.47,0.5000
238927,7.81,0.00,14.51,8,14.54,189,0.77,2448,0.00,38.00,131,7,0.00,8,13.35,31.73,22.35,14.40,0.00,6,40.12,21.47,0.5000
239028,7.81,0.00,14.51,8,14.54,189,0.77,2484,0.00,38.00,131,6,0.00,8,13.35,31.47,22.35,14.40,0.00,6,40.12,21.47,0.5000
239130,7.03,0.00,14.51,8,14.54,189,0.77,2490,0.00,38.00,131,5,0.00,8,13.35,31.73,22.35,14.30,0.00,6,40.12,21.47,0.5000
239233,7.03,0.00,14.51,8,14.54,189,0.77,2479,0.00,38.00,131,4,0.00,8,13.35,31.86,22.35,14.40,0.00,6,40.12,21.47,0.5000
239334,6.25,0.00,14.51,8,14.53,189,0.77,2492,0.00,38.00,131,3,0.00,8,13.35,31.85,22.75,14.30,0.00,6,40.12,21.47,0.5000
239436,6.25,0.00,14.51,8,14.52,189,0.76,2522,0.00,38.00,131,3,0.00,8,13.35,32.11,22.75,14.40,0.00,6,40.12,21.61,0.5000
239538,5.47,0.00,14.51,8,14.53,189,0.76,2532,0.00,38.00,131,3,0.00,8,13.35,32.11,22.75,14.40,0.00,6,40.12,21.61,0.5000
239641,4.69,0.00,14.51,8,14.52,189,0.76,2526,-2.00,36.00,131,2,-2.00,9,13.35,31.98,22.35,14.40,0.00,6,40.12,21.61,0.5000
239742,4.69,0.00,14.51,8,14.51,189,0.76,2535,-2.00,36.00,131,2,-2.00,9,13.35,32.36,22.75,14.40,0.00,6,40.12,21.61,0.5000
239844,4.69,0.00,14.51,8,14.52,189,0.76,2562,-2.00,36.00,131,2,-2.00,9,13.35,32.73,22.75,14.30,0.00,6,40.12,21.61,0.5000
239946,4.69,0.00,14.51,8,14.51,189,0.76,2552,-2.00,36.00,131,2,-2.00,9,13.35,32.61,22.35,14.40,0.00,6,40.12,21.61,0.5000
240049,3.12,0.00,14.51,8,14.50,189,0.76,2583,-2.00,36.00,131,2,-2.00,9,13.35,32.61,22.75,14.30,0.00,6,40.12,21.61,0.5000
240150,3.12,0.00,14.51,8,14.51,189,0.76,2596,-2.00,36.00,131,3,-2.00,9,13.20,32.86,22.75,14.40,0.00,6,40.12,21.61,0.5000
240252,2.34,0.00,14.51,8,14.50,189,0.76,2582,-2.00,36.00,131,3,-2.00,9,13.35,33.24,22.75,14.50,0.00,6,40.12,21.61,0.5000
240355,2.34,0.00,14.51,8,14.50,189,0.76,2614,-2.00,36.00,131,3,-2.00,9,13.35,32.99,22.75,14.30,0.00,6,40.12,21.76,0.5000
240457,2.34,0.00,14.51,8,14.50,189,0.76,2603,-2.00,36.00,131,3,-2.00,9,13.35,33.37,22.75,14.40,0.00,6,40.12,21.76,0.5000
240558,1.56,0.00,14.51,8,14.49,189,0.77,2636,-2.00,36.00,131,4,-2.00,9,13.35,33.62,22.75,14.40,0.00,6,40.12,21.76,0.5000
240660,1.56,0.00,14.51,8,14.49,189,0.77,2628,-2.00,36.00,131,4,-2.00,9,13.20,33.62,22.75,14.40,0.00,6,40.12,21.61,0.5000
240763,1.56,0.00,14.51,8,14.48,189,0.76,2661,-2.00,36.00,129,4,-2.00,9,13.35,33.75,23.14,14.40,0.00,6,40.12,21.76,0.5000
240865,1.56,0.00,14.51,8,14.48,189,0.76,2648,-2.00,36.00,129,5,-2.00,9,13.35,33.87,22.75,14.40,0.00,6,40.12,21.76,0.5000
240966,1.56,0.00,14.51,8,14.48,189,0.76,2680,-2.00,36.00,129,5,-2.00,9,13.20,34.00,22.75,14.30,0.00,6,40.12,21.76,0.5000
241069,0.78,0.00,14.51,8,14.48,187,0.77,2670,-2.00,36.00,129,6,-2.00,9,13.35,34.13,22.75,14.40,0.00,6,40.12,21.76,0.5000
241171,0.78,0.00,14.51,8,14.47,187,0.77,2702,-2.00,36.00,129,6,-2.00,9,13.35,34.63,23.14,14.40,0.00,6,40.12,21.90,0.5000
241273,0.78,0.00,14.51,8,14.47,187,0.77,2692,-2.00,36.00,129,7,-2.00,9,13.35,34.63,22.75,14.50,0.00,6,40.12,21.76,0.5000
241375,0.78,0.00,14.51,8,14.47,187,0.77,2720,-2.00,36.00,129,7,-2.00,9,13.35,34.77,23.14,14.30,0.00,6,40.12,21.90,0.5000
241476,0.78,0.00,14.51,8,14.46,187,0.77,2734,-2.00,36.00,129,8,-2.00,9,13.35,34.90,22.75,14.40,0.00,6,40.12,21.75,0.5000
241579,0.00,0.00,14.51,8,14.46,187,0.77,2719,-2.00,36.00,129,8,-2.00,9,13.35,34.62,23.14,14.40,0.00,6,40.12,21.90,0.5000
241681,0.00,0.00,14.51,8,14.46,187,0.77,2754,-1.00,37.00,129,9,-1.00,9,13.20,35.36,23.14,14.30,0.00,6,40.12,21.90,0.5000
241782,0.00,0.00,14.51,8,14.45,187,0.77,2768,-1.00,37.00,129,9,-1.00,9,13.20,35.82,23.14,14.30,0.00,6,40.12,21.90,0.5000
241885,-0.78,0.00,14.51,8,14.45,187,0.77,2762,-1.00,37.00,127,10,-1.00,9,13.20,35.97,23.14,14.30,0.00,6,40.12,21.90,0.5000
241987,-0.78,0.00,14.51,8,14.45,187,0.77,2790,-1.00,37.00,127,10,-1.00,9,13.20,35.66,23.14,14.30,0.00,6,40.12,21.90,0.5000
242089,-0.78,0.00,14.51,8,14.44,187,0.77,2799,-1.00,37.00,127,11,-1.00,9,13.20,35.51,23.14,14.30,0.00,6,40.12,21.90,0.5000
242191,-0.78,0.00,14.51,8,14.44,187,0.77,2794,-1.00,37.00,127,11,-1.00,9,13.20,35.81,23.14,14.40,0.00,6,40.12,22.05,0.5000
242292,0.00,0.00,14.51,8,14.44,187,0.76,2807,-1.00,37.00,127,11,-1.00,9,13.35,36.72,23.14,14.40,0.00,6,40.12,22.19,0.5000
242395,0.00,0.00,14.51,8,14.44,187,0.78,2813,-1.00,37.00,127,12,-1.00,9,13.20,36.41,23.14,14.30,0.00,6,40.12,21.90,0.5000
242497,-0.78,0.00,14.51,8,14.44,187,0.78,2847,-1.00,37.00,127,12,-1.00,9,13.20,36.72,23.14,14.30,0.00,6,40.12,22.05,0.5000
242598,-0.78,0.00,14.51,8,14.45,187,0.78,2861,-1.00,37.00,127,12,-1.00,9,13.20,37.02,23.14,14.30,0.00,6,40.12,22.19,0.5000
242701,-0.78,0.00,14.51,8,14.45,187,0.78,2877,-1.00,37.00,127,11,-1.00,9,13.20,37.02,23.53,14.30,0.00,6,40.12,22.34,0.5000
242803,-0.78,0.00,14.51,8,14.46,187,0.77,2870,-1.00,37.00,126,10,-1.00,9,13.20,37.02,23.14,14.30,0.00,6,40.12,22.04,0.5000
242904,0.00,0.00,14.51,8,14.46,187,0.77,2877,-1.00,37.00,126,10,-1.00,9,13.20,37.63,23.14,14.40,0.00,6,40.12,22.19,0.5000
243007,0.00,0.00,14.51,8,14.46,187,0.78,2892,-1.00,37.00,126,9,-1.00,9,13.20,37.92,23.14,14.50,0.00,6,40.12,22.48,0.5000
243109,0.00,0.00,14.51,8,14.46,187,0.78,2898,-1.00,37.00,126,8,-1.00,9,13.35,38.07,23.53,14.40,0.00,6,40.12,22.33,0.5000
243211,0.00,0.00,14.51,8,14.46,187,0.78,2918,-1.00,37.00,126,7,-1.00,9,13.35,38.22,23.53,14.40,0.00,6,40.12,22.34,0.5000
243313,0.00,0.00,14.51,8,14.46,187,0.78,2930,-1.00,37.00,126,6,-1.00,9,13.20,38.83,23.53,14.30,0.00,6,40.12,22.33,0.5000
243416,0.00,0.00,14.51,8,14.47,187,0.79,2945,-1.00,37.00,126,6,-1.00,9,13.35,38.22,23.53,14.50,0.00,6,40.12,22.48,0.5000
243517,0.00,0.00,14.51,8,14.47,187,0.78,2962,-1.00,37.00,126,5,-1.00,9,13.35,38.82,23.53,14.30,0.00,6,40.12,22.48,0.5000
243619,0.00,0.00,14.51,8,14.47,187,0.78,2973,0.00,37.00,126,5,0.00,9,13.35,39.12,23.53,14.50,0.00,6,40.12,22.48,0.5000
243721,0.78,0.00,14.51,8,14.48,187,0.78,2986,0.00,38.00,124,4,0.00,9,13.35,39.43,23.53,14.40,0.00,6,40.12,22.48,0.5000
243823,0.00,0.00,14.51,8,14.48,187,0.79,2994,0.00,38.00,124,4,0.00,9,13.35,39.27,23.53,14.40,0.00,6,40.12,22.33,0.5000
243925,-0.78,0.00,14.51,8,14.48,187,0.79,3030,0.00,38.00,124,4,0.00,9,13.20,40.92,23.53,14.30,0.00,6,40.12,22.05,0.5000
244027,-1.56,0.00,14.51,8,14.48,187,0.78,3038,0.00,38.00,124,4,0.00,9,13.06,38.99,22.75,14.20,0.00,6,40.12,21.61,0.5000
244129,-2.34,0.00,14.51,8,14.48,187,0.77,3057,0.00,38.00,124,5,0.00,9,12.91,39.15,22.75,14.20,0.00,6,40.12,21.76,0.5000
244230,-2.34,0.00,14.51,8,14.48,187,0.77,3048,0.00,38.00,124,5,0.00,9,13.06,38.84,22.75,14.50,0.00,6,40.12,21.76,0.5000
244333,-1.56,0.00,14.51,8,14.48,187,0.77,3058,0.00,38.00,124,5,0.00,9,13.06,39.14,23.14,14.50,0.00,6,40.12,21.76,0.5000
244435,-1.56,0.00,14.51,8,14.49,187,0.76,3098,0.00,38.00,122,5,0.00,9,13.06,39.29,22.75,14.50,0.00,6,40.12,21.75,0.5000
244537,-1.56,0.00,14.51,8,14.49,187,0.76,3105,0.00,38.00,122,5,0.00,9,13.06,39.83,23.14,14.50,0.00,6,40.12,21.90,0.5000
244639,-1.56,0.00,14.51,8,14.49,187,0.77,3099,0.00,38.00,122,6,0.00,9,13.06,39.71,23.14,14.50,0.00,6,40.12,21.90,0.5000
244741,-1.56,0.00,14.51,8,14.50,187,0.76,3116,0.00,38.00,122,6,0.00,9,13.06,39.68,23.14,14.40,0.00,6,40.12,21.90,0.5000
244843,-0.78,0.00,14.51,8,14.50,187,0.76,3150,0.00,38.00,122,6,0.00,9,13.06,39.94,23.14,14.50,0.00,6,40.12,22.05,0.5000
244945,-0.78,0.00,14.51,8,14.50,187,0.76,3151,0.00,38.00,122,7,0.00,9,13.06,40.18,23.14,14.60,0.00,6,40.12,22.05,0.5000
245048,0.00,0.00,14.51,8,14.51,187,0.76,3160,0.00,38.00,122,7,0.00,9,13.06,39.82,23.14,14.30,0.00,6,40.12,22.05,0.5000
245149,0.00,0.00,14.51,8,14.51,187,0.75,3198,0.00,38.00,122,8,0.00,9,13.06,40.18,23.14,14.50,0.00,6,40.12,22.05,0.5000
245252,0.00,0.00,14.51,8,14.51,187,0.75,3190,0.00,38.00,120,8,0.00,9,13.06,40.17,23.14,14.60,0.00,11,40.12,22.19,0.5000
245353,0.00,0.00,14.51,8,14.51,187,0.75,3226,0.00,38.00,120,9,0.00,9,13.06,40.65,23.14,14.50,0.00,11,40.12,22.34,0.5000
245455,0.78,0.00,14.51,8,14.51,187,0.75,3220,0.00,38.00,120,9,0.00,9,13.06,40.77,23.14,14.60,0.00,11,40.12,22.19,0.5000
245557,1.56,0.00,14.51,8,14.51,187,0.75,3261,0.00,38.00,120,9,0.00,9,13.06,40.77,23.14,14.60,0.00,11,40.12,22.05,0.5000
245659,1.56,0.00,14.51,8,14.51,187,0.75,3250,0.00,38.00,120,10,0.00,9,13.06,40.41,23.14,14.50,0.00,11,40.12,22.05,0.5000
245761,0.78,0.00,14.51,8,14.51,187,0.75,3290,0.00,38.00,120,10,0.00,9,12.91,40.66,23.14,14.40,0.00,11,40.12,22.05,0.5000
245864,1.56,0.00,14.51,8,14.51,187,0.75,3278,0.00,38.00,120,10,0.00,9,12.91,43.46,22.75,14.50,0.00,11,40.12,21.61,0.5000
245965,0.78,0.00,14.51,8,14.51,187,0.74,3314,0.00,38.00,118,10,0.00,9,12.77,40.43,22.75,14.40,0.00,11,40.12,21.76,0.5000
246067,0.78,0.00,14.51,8,14.51,187,0.74,3336,0.00,38.00,118,10,0.00,9,12.91,41.63,22.75,14.30,0.00,11,40.12,21.76,0.5000
246169,1.56,0.00,14.51,8,14.51,187,0.74,3326,0.00,38.00,118,10,0.00,9,12.77,41.03,22.75,14.50,0.00,11,40.12,21.76,0.5000
246271,1.56,0.00,14.51,8,14.51,187,0.74,3367,0.00,38.00,118,9,0.00,9,12.77,41.27,22.75,14.50,0.00,11,40.12,21.76,0.5000
246373,2.34,0.00,14.51,8,14.51,187,0.74,3384,0.00,38.00,118,9,0.00,9,12.77,41.39,22.75,14.50,0.00,11,40.12,21.76,0.5000
246475,2.34,0.00,14.51,8,14.51,187,0.74,3370,0.00,38.00,118,8,0.00,9,12.77,41.87,22.75,14.50,0.00,11,40.12,21.75,0.5000
246577,2.34,0.00,14.51,8,14.51,187,0.74,3393,0.00,38.00,118,8,0.00,9,12.77,41.63,22.75,14.50,0.00,11,40.12,21.61,0.5000
246679,2.34,0.00,14.51,8,14.51,187,0.73,3411,0.00,38.00,118,7,0.00,9,12.62,41.75,22.75,14.40,0.00,11,40.12,21.61,0.5000
246781,2.34,0.00,14.51,8,14.51,187,0.73,3449,0.00,38.00,117,7,0.00,9,12.77,41.99,22.75,14.50,0.00,11,40.12,21.61,0.5000
246883,3.12,0.00,14.51,8,14.51,187,0.73,3466,0.00,38.00,117,7,0.00,9,12.62,42.23,22.75,14.60,0.00,11,40.12,21.61,0.5000
246985,3.12,0.00,14.51,8,14.51,187,0.73,3478,0.00,38.00,117,6,0.00,9,12.62,41.87,22.75,14.50,0.00,11,40.12,21.47,0.5000
247087,3.12,0.00,14.51,8,14.51,187,0.72,3503,0.00,38.00,117,7,0.00,9,12.77,43.42,23.14,14.50,0.00,11,40.12,22.33,0.5000
247189,4.69,0.00,14.51,8,14.51,187,0.73,3493,0.00,38.00,117,6,0.00,9,12.91,40.96,23.53,14.50,0.00,11,40.12,22.48,0.5000
247291,5.47,0.00,14.51,8,14.51,187,0.74,3511,0.00,38.00,117,6,0.00,9,12.91,43.27,23.53,14.80,0.00,11,40.12,22.48,0.5000
247393,6.25,0.00,14.51,8,14.51,187,0.74,3528,0.00,38.00,117,6,0.00,9,12.91,41.07,23.53,14.40,0.00,11,40.12,22.48,0.5000
247495,6.25,0.00,14.51,8,14.51,187,0.74,3509,0.00,38.00,117,6,0.00,9,12.91,45.94,23.53,14.50,0.00,11,40.12,22.49,0.5000
247597,6.25,0.00,14.51,8,14.51,187,0.74,3543,0.00,38.00,117,6,0.00,9,13.06,43.99,23.53,14.30,0.00,11,40.12,22.48,0.5000
247699,5.47,0.00,14.51,8,14.52,187,0.74,3587,0.00,38.00,115,6,0.00,9,12.91,43.75,23.53,14.40,0.00,11,40.12,22.34,0.5000
247801,6.25,0.00,14.51,8,14.52,187,0.74,3603,0.00,38.00,115,6,0.00,9,12.91,43.99,23.53,14.40,0.00,11,40.12,22.34,0.5000
247903,5.47,0.00,14.51,8,14.52,187,0.74,3618,0.00,38.00,115,6,0.00,9,12.91,43.99,23.53,14.30,0.00,11,40.12,22.34,0.5000
248005,5.47,0.00,14.51,8,14.52,187,0.74,3637,0.00,38.00,115,7,0.00,9,12.91,44.60,23.53,14.40,0.00,11,40.12,22.34,0.5000
248107,5.47,0.00,14.51,8,14.52,187,0.74,3626,0.00,38.00,115,7,0.00,9,12.91,44.71,23.53,14.30,0.00,11,40.12,22.34,0.5000
248209,6.25,0.00,14.51,8,14.52,187,0.74,3639,0.00,38.00,115,7,0.00,9,12.91,44.59,23.53,14.30,0.00,11,40.12,22.34,0.5000
248311,6.25,0.00,14.51,8,14.52,187,0.74,3654,0.00,38.00,115,8,0.00,9,12.91,44.71,23.53,14.50,0.00,11,40.12,22.34,0.5000
248413,6.25,0.00,14.51,8,14.52,187,0.73,3695,0.00,38.00,115,8,0.00,9,12.91,45.31,23.53,14.40,0.00,11,40.12,22.34,0.5000
248515,7.03,0.00,14.51,8,14.52,187,0.73,3684,0.00,38.00,113,9,0.00,9,12.91,45.32,23.53,14.40,0.00,11,40.12,22.34,0.5000
248617,7.03,0.00,14.51,8,14.52,187,0.73,3697,0.00,38.00,113,9,0.00,9,12.91,45.44,23.53,14.40,0.00,11,40.12,22.34,0.5000
248720,7.03,0.00,14.51,8,14.52,187,0.73,3748,0.00,38.00,113,9,0.00,9,12.91,45.44,23.53,14.40,0.00,11,40.12,22.34,0.5000
248821,6.25,0.00,14.51,8,14.52,187,0.73,3763,0.00,38.00,113,9,0.00,9,12.77,45.68,23.53,14.50,0.00,11,40.12,22.34,0.5000
248923,6.25,0.00,14.51,8,14.52,187,0.73,3752,0.00,38.00,113,9,0.00,9,12.77,46.17,23.53,14.40,0.00,11,40.12,22.34,0.5000
249025,6.25,0.00,14.51,8,14.52,187,0.73,3796,0.00,38.00,113,9,0.00,9,12.77,45.92,23.53,14.40,0.00,11,40.12,22.34,0.5000
249128,6.25,0.00,14.51,8,14.52,187,0.73,3786,0.00,38.00,113,9,0.00,9,12.77,48.48,23.53,14.40,0.00,11,40.12,22.34,0.5000
249230,6.25,0.00,14.51,8,14.52,187,0.73,3828,0.00,38.00,113,8,0.00,9,12.77,46.65,23.53,14.40,0.00,11,40.12,22.34,0.5000
249332,6.25,0.00,14.51,8,14.52,187,0.73,3816,0.00,38.00,113,8,0.00,9,12.77,46.41,23.53,14.40,0.00,11,40.12,22.34,0.5000
249433,6.25,0.00,14.51,8,14.52,187,0.73,3860,0.00,38.00,111,8,0.00,9,12.77,46.77,23.53,14.40,0.00,11,40.12,22.34,0.5000
249535,6.25,0.00,14.51,8,14.52,187,0.73,3846,0.00,38.00,111,8,0.00,9,12.48,46.19,23.14,14.50,0.00,11,40.12,21.61,0.5000
249637,3.91,0.00,14.51,8,14.52,187,0.71,3894,0.00,38.00,111,8,0.00,9,12.04,45.73,21.96,14.20,0.00,11,40.12,20.31,0.5000
249740,-1.56,0.00,14.51,8,14.52,187,0.68,3862,0.00,39.00,111,8,0.00,9,10.59,37.78,19.61,13.80,0.00,11,41.92,17.11,0.5000
249841,-10.16,0.00,14.51,8,14.52,187,0.61,3831,0.00,41.50,111,8,0.00,9,8.71,28.27,16.08,13.10,0.00,11,45.00,13.70,0.5000
249944,-18.75,0.00,14.51,8,14.53,187,0.48,3800,0.00,42.50,111,8,0.00,9,6.38,22.66,10.20,12.70,0.00,11,42.01,9.08,0.5000
250046,-25.00,0.00,14.51,8,14.52,187,0.35,3743,0.00,39.50,111,8,0.00,9,5.22,16.20,8.63,12.10,0.00,11,37.94,8.10,0.5000
250147,-25.00,0.00,14.51,8,14.52,187,0.28,3632,0.00,35.50,111,9,0.00,9,4.64,15.01,8.24,12.00,0.00,11,34.20,7.95,0.5000
250249,-25.00,0.00,14.51,8,14.52,187,0.26,3503,0.00,18.00,111,9,0.00,9,4.50,14.43,8.24,12.20,0.00,11,35.47,7.66,0.5000
250352,-25.00,0.00,14.51,8,14.54,187,0.26,3314,0.00,24.50,111,9,0.00,9,4.64,14.29,8.63,12.50,0.00,11,40.18,8.38,0.5000
250453,-25.00,0.00,14.51,8,14.57,187,0.26,3022,0.00,24.50,109,10,0.00,9,5.22,15.16,9.41,12.60,0.00,6,39.18,8.97,0.5000
250556,-14.84,0.00,14.51,8,14.62,187,0.29,2706,0.00,38.50,109,10,0.00,9,5.37,14.29,9.41,12.70,0.00,6,38.43,8.97,0.5000
250657,-14.84,0.00,14.51,8,14.61,187,0.32,2502,0.00,38.50,109,10,0.00,9,5.51,14.30,9.41,13.50,0.00,6,38.28,8.97,0.5000
250760,-15.62,0.00,14.51,8,14.60,187,0.34,2432,0.00,38.50,109,10,0.00,9,5.80,14.04,9.41,14.10,0.00,6,38.52,8.83,0.5000
250862,-16.41,0.00,14.51,8,14.61,187,0.34,2438,0.00,38.50,109,10,0.00,9,5.95,14.42,9.41,14.20,0.00,6,38.71,9.69,0.5000
250964,-16.41,0.00,14.51,8,14.61,187,0.35,2454,0.00,39.00,109,11,0.00,9,6.53,16.86,10.98,14.20,0.00,6,39.22,11.43,0.5000
251066,-13.28,0.00,14.51,8,14.61,187,0.39,2450,0.00,40.00,109,11,0.00,9,7.25,18.35,12.94,14.30,0.00,6,40.37,12.60,0.5000
251167,-4.69,0.00,14.51,8,14.60,187,0.42,2477,0.00,41.00,109,11,0.00,9,7.84,19.05,13.33,15.50,0.00,6,41.39,12.75,0.5000
251270,1.56,0.00,14.51,8,14.60,187,0.45,2535,0.00,41.00,109,11,0.00,9,7.98,18.58,13.73,16.30,0.00,6,41.63,12.74,0.5000
251371,3.91,0.00,14.51,8,14.60,187,0.44,2554,0.00,41.00,109,12,0.00,9,7.98,18.98,13.73,16.60,0.00,6,41.65,12.74,0.5000
251474,2.34,0.00,14.51,8,14.60,187,0.45,2545,0.00,41.00,109,12,0.00,9,7.98,19.44,13.73,15.80,0.00,6,41.69,13.03,0.5000
251576,2.34,0.00,14.51,8,14.60,187,0.45,2567,0.00,41.50,109,12,0.00,9,8.27,19.93,14.12,15.20,0.00,6,42.06,13.33,0.5000
251679,3.12,0.00,14.51,8,14.60,187,0.46,2556,0.00,41.50,109,13,0.00,9,8.27,20.06,14.12,14.50,0.00,6,42.26,13.33,0.5000
251781,2.34,0.00,14.51,8,14.60,187,0.47,2570,0.00,41.50,109,13,0.00,9,8.27,19.87,13.73,15.00,0.00,6,42.40,13.18,0.5000
251882,0.78,0.00,14.51,8,14.60,187,0.47,2586,0.00,41.50,109,13,0.00,9,8.13,19.91,13.73,14.50,0.00,6,42.19,13.04,0.5000
251985,0.00,0.00,14.51,8,14.60,187,0.46,2568,0.00,41.50,109,13,0.00,9,8.13,19.93,13.73,14.30,0.00,6,42.25,13.04,0.5000
252087,0.00,0.00,14.51,8,14.60,187,0.46,2596,0.00,41.50,109,14,0.00,9,8.13,19.85,13.73,14.20,0.00,6,42.15,13.04,0.5000
252189,0.00,0.00,14.51,8,14.60,187,0.46,2604,0.00,41.50,109,14,0.00,9,8.13,19.64,13.73,14.30,0.00,6,42.04,13.04,0.5000
252290,0.78,0.00,14.51,8,14.60,187,0.46,2588,0.00,42.00,109,14,0.00,9,8.85,23.88,15.69,14.40,0.00,6,43.08,15.80,0.5000
252393,2.34,0.00,14.51,8,14.59,187,0.51,2643,0.00,43.00,109,13,0.00,9,9.72,25.85,16.86,14.60,0.00,6,44.77,16.38,0.5000
252495,3.91,0.00,14.51,8,14.56,187,0.56,2642,0.00,43.00,109,12,0.00,9,10.01,25.21,17.25,14.80,0.00,6,44.32,16.23,0.5000
252597,3.91,0.00,14.51,8,14.56,187,0.57,2677,0.00,42.50,109,10,0.00,9,10.01,25.34,16.86,14.80,0.00,6,44.30,16.09,0.5000
252699,3.12,0.00,14.51,8,14.55,187,0.57,2663,0.00,42.50,108,9,0.00,9,10.01,25.35,16.86,14.80,0.00,6,44.38,16.09,0.5000
252801,2.34,0.00,14.51,8,14.56,187,0.57,2691,0.00,42.50,108,7,0.00,9,10.01,25.59,16.86,14.40,0.00,6,44.35,16.09,0.5000
252903,1.56,0.00,14.51,8,14.55,187,0.57,2697,0.00,42.50,108,6,0.00,9,10.01,25.34,16.86,14.30,0.00,6,44.38,16.09,0.5000
253005,0.78,0.00,14.51,8,14.55,187,0.57,2686,0.00,42.50,108,5,0.00,9,10.01,26.32,16.86,14.30,0.00,6,44.34,16.23,0.5000
253107,1.56,0.00,14.51,8,14.54,187,0.58,2714,0.00,42.00,108,5,0.00,9,10.30,26.68,17.65,14.60,0.00,6,43.92,16.67,0.5000
253208,1.56,0.00,14.51,8,14.54,187,0.59,2703,0.00,42.00,108,4,0.00,9,10.30,26.92,17.65,14.50,0.00,6,43.70,16.67,0.5000
253311,0.78,0.00,14.51,8,14.54,187,0.59,2731,0.00,41.50,108,4,0.00,9,10.30,27.04,17.65,14.30,0.00,6,43.58,16.67,0.5000
253413,0.00,0.00,14.51,8,14.53,187,0.60,2742,0.00,41.50,108,3,0.00,9,10.45,27.16,17.65,14.30,0.00,6,43.50,16.67,0.5000
253515,-0.78,0.00,14.51,8,14.53,187,0.60,2730,0.00,41.50,108,3,0.00,9,10.30,27.16,17.65,14.20,0.00,6,43.60,16.67,0.5000
253617,-1.56,0.00,14.51,8,14.53,187,0.59,2755,0.00,41.50,108,3,0.00,9,10.30,27.53,17.65,14.20,0.00,6,43.64,16.67,0.5000
253719,-1.56,0.00,14.51,8,14.52,187,0.60,2768,0.00,41.50,108,3,0.00,9,10.30,27.53,17.65,14.30,0.00,6,43.38,16.67,0.5000
253821,-2.34,0.00,14.51,8,14.52,187,0.60,2751,0.00,41.50,108,3,0.00,9,10.45,27.77,17.65,14.30,0.00,6,43.38,16.67,0.5000
253922,-2.34,0.00,14.51,8,14.52,187,0.60,2780,0.00,41.00,108,3,0.00,9,10.59,29.71,18.04,14.30,0.00,6,42.95,17.68,0.5000
254025,-0.78,0.00,14.51,8,14.49,187,0.63,2798,0.00,40.50,108,3,0.00,9,11.17,30.05,19.22,14.00,0.00,6,42.21,18.41,0.5000
254127,-0.78,0.00,14.51,8,14.48,187,0.64,2791,0.00,40.00,108,3,0.00,9,11.17,30.42,19.22,14.90,0.00,6,41.77,18.41,0.5000
254229,-1.56,0.00,14.51,8,14.47,187,0.65,2802,0.00,39.50,108,3,0.00,9,11.17,30.41,19.22,14.40,0.00,6,41.77,18.41,0.5000
254331,-1.56,0.00,14.51,8,14.47,187,0.65,2825,0.00,39.50,108,4,0.00,9,11.32,30.66,19.22,14.30,0.00,6,41.78,18.27,0.5000
254433,-1.56,0.00,14.51,8,14.47,187,0.65,2836,0.00,39.50,108,4,0.00,9,11.32,31.65,19.61,14.40,0.00,6,41.56,18.70,0.5000
254535,-1.56,0.00,14.51,8,14.47,187,0.66,2851,0.00,39.00,108,4,0.00,9,11.46,32.77,19.61,14.40,0.00,6,41.13,19.28,0.5000
254637,-1.56,0.00,14.51,8,14.46,187,0.68,2842,0.00,38.50,108,5,0.00,9,11.75,32.38,20.39,14.40,0.00,6,40.81,19.58,0.5000
254740,-1.56,0.00,14.51,8,14.45,187,0.68,2849,0.00,38.50,108,5,0.00,9,11.75,32.63,20.39,14.50,0.00,6,40.67,19.58,0.5000
254841,-0.78,0.00,14.51,8,14.45,187,0.68,2860,0.00,38.50,108,5,0.00,9,11.75,32.88,20.39,14.40,0.00,6,40.74,19.58,0.5000
254943,-0.78,0.00,14.51,8,14.45,187,0.68,2864,0.00,38.50,108,6,0.00,9,11.75,32.87,20.39,14.40,0.00,6,40.64,19.58,0.5000
255045,-0.78,0.00,14.51,8,14.45,187,0.69,2897,0.00,38.50,108,6,0.00,9,11.75,33.25,20.39,14.30,0.00,6,40.57,19.58,0.5000
255147,-0.78,0.00,14.51,8,14.45,187,0.69,2906,0.00,38.50,108,7,0.00,9,11.75,34.00,20.39,14.40,0.00,6,40.46,19.72,0.5000
255249,-0.78,0.00,14.51,8,14.45,187,0.69,2908,0.00,38.00,108,7,0.00,9,11.90,33.36,20.78,14.40,0.00,6,40.29,19.72,0.5000
255352,-0.78,0.00,14.51,8,14.45,187,0.69,2924,0.00,38.00,108,8,0.00,9,11.90,33.62,20.78,14.40,0.00,6,40.37,19.57,0.5000
255453,-0.78,0.00,14.51,8,14.46,187,0.69,2926,0.00,38.00,108,8,0.00,9,11.90,33.87,20.78,14.30,0.00,6,40.29,19.72,0.5000
255555,-0.78,0.00,14.51,8,14.46,187,0.70,2941,0.00,38.00,108,9,0.00,9,11.90,34.12,20.78,14.40,0.00,6,40.20,19.72,0.5000
255657,-0.78,0.00,14.51,8,14.46,187,0.70,2948,0.00,38.00,108,9,0.00,9,11.90,34.12,20.78,14.40,0.00,6,40.17,19.72,0.5000
255759,-0.78,0.00,14.51,8,14.46,187,0.70,2944,0.00,38.00,108,10,0.00,9,11.90,34.24,20.78,14.30,0.00,6,40.21,19.72,0.5000
255862,-0.78,0.00,14.51,8,14.46,187,0.70,2953,0.00,38.00,108,10,0.00,9,11.90,34.49,20.78,14.60,0.00,6,40.12,19.72,0.5000
255964,-0.78,0.00,14.51,8,14.46,187,0.70,2961,0.00,38.00,108,11,0.00,9,11.90,34.36,20.78,14.30,0.00,6,40.12,19.72,0.5000
256065,-1.56,0.00,14.51,8,14.46,187,0.70,2972,0.00,38.00,108,11,0.00,9,11.90,34.74,20.78,14.30,0.00,6,40.12,19.87,0.5000
256167,-0.78,0.00,14.51,8,14.46,187,0.70,2979,0.00,38.00,108,12,0.00,9,11.90,34.89,20.78,14.40,0.00,6,40.12,19.87,0.5000
256269,0.00,0.00,14.51,8,14.46,187,0.70,2976,0.00,38.00,108,12,0.00,9,12.04,34.73,20.78,14.50,0.00,6,40.12,19.87,0.5000
256371,-0.78,0.00,14.51,8,14.46,187,0.71,2988,0.00,38.00,108,13,0.00,9,11.90,34.89,20.78,14.40,0.00,6,40.12,19.87,0.5000
256473,-0.78,0.00,14.51,8,14.46,187,0.70,2997,0.00,38.00,106,13,0.00,9,11.90,34.91,20.78,14.50,0.00,6,40.12,19.87,0.5000
256575,-0.78,0.00,14.51,8,14.46,187,0.70,3003,0.00,38.00,106,13,0.00,9,11.90,35.04,20.78,14.50,0.00,6,40.12,19.87,0.5000
256677,0.00,0.00,14.51,8,14.46,187,0.71,2980,0.00,38.00,106,13,0.00,9,12.04,35.49,20.78,14.40,0.00,6,40.12,19.87,0.5000
256779,0.00,0.00,14.51,8,14.46,187,0.71,2995,0.00,38.00,106,12,0.00,9,12.04,35.34,20.78,14.50,0.00,6,40.12,19.87,0.5000
256882,0.00,0.00,14.51,8,14.47,187,0.71,3004,0.00,38.00,106,11,0.00,9,11.90,35.34,20.78,14.40,0.00,6,40.12,19.87,0.5000
256983,0.00,0.00,14.51,8,14.47,187,0.70,3007,0.00,38.00,106,11,0.00,9,12.04,35.64,20.78,14.40,0.00,6,40.12,19.87,0.5000
257085,0.00,0.00,14.51,8,14.47,187,0.70,3035,0.00,38.00,106,9,0.00,9,12.04,35.94,20.78,14.50,0.00,6,40.12,19.87,0.5000
257188,-0.78,0.00,14.51,8,14.47,187,0.71,3041,0.00,38.00,106,8,0.00,9,12.04,35.48,20.78,14.50,0.00,6,40.12,19.87,0.5000
257291,-0.78,0.00,14.51,8,14.47,187,0.70,3045,0.00,38.00,106,7,0.00,9,12.04,35.49,20.78,14.40,0.00,6,40.12,19.87,0.5000
257393,-0.78,0.00,14.51,8,14.47,187,0.70,3024,0.00,38.00,106,6,0.00,9,11.90,34.89,20.39,14.40,0.00,6,40.12,19.29,0.5000
257495,-1.56,0.00,14.51,8,14.47,187,0.69,3030,0.00,38.00,106,6,0.00,9,11.75,34.90,20.00,14.40,0.00,6,40.37,19.14,0.5000
257597,-2.34,0.00,14.51,8,14.48,187,0.69,3028,0.00,38.50,106,5,0.00,9,11.61,34.91,20.00,14.30,0.00,6,40.58,18.99,0.5000
257699,-2.34,0.00,14.51,8,14.48,187,0.69,3057,0.00,38.50,106,5,0.00,9,11.61,34.90,20.00,14.40,0.00,6,40.50,18.99,0.5000
257801,-3.12,0.00,14.51,8,14.48,187,0.69,3061,0.00,38.50,106,5,0.00,9,11.61,34.64,20.00,14.40,0.00,6,40.63,18.99,0.5000
257904,-2.34,0.00,14.51,8,14.48,187,0.68,3068,0.00,38.50,106,5,0.00,9,11.61,34.63,20.00,14.40,0.00,6,40.78,18.99,0.5000
258005,-2.34,0.00,14.51,8,14.48,187,0.68,3050,0.00,38.50,106,5,0.00,9,11.61,34.38,20.00,14.50,0.00,6,40.92,18.85,0.5000
258107,-2.34,0.00,14.51,8,14.49,187,0.67,3055,0.00,39.00,106,5,0.00,9,11.61,34.51,20.00,14.50,0.00,6,40.94,18.99,0.5000
258210,-1.56,0.00,14.51,8,14.49,187,0.68,3080,0.00,39.00,106,5,0.00,9,11.61,34.76,20.00,14.70,0.00,6,40.90,18.85,0.5000
258312,-1.56,0.00,14.51,8,14.49,187,0.68,3081,0.00,38.50,106,5,0.00,9,11.61,34.39,19.61,14.60,0.00,6,40.86,19.00,0.5000
258414,-1.56,0.00,14.51,8,14.49,187,0.68,3068,0.00,39.00,106,5,0.00,9,11.61,34.51,20.00,14.40,0.00,6,40.89,19.00,0.5000
258515,-1.56,0.00,14.51,8,14.49,187,0.67,3076,0.00,39.00,106,6,0.00,9,11.61,34.63,20.00,14.40,0.00,6,40.94,19.14,0.5000
258617,-0.78,0.00,14.51,8,14.49,187,0.68,3100,0.00,38.50,106,6,0.00,9,11.75,35.50,20.39,14.50,0.00,6,40.81,19.29,0.5000
258720,-0.78,0.00,14.51,8,14.49,187,0.68,3102,0.00,38.50,106,6,0.00,9,11.75,35.65,20.39,14.60,0.00,6,40.63,19.29,0.5000
258821,-0.78,0.00,14.51,8,14.49,187,0.69,3086,0.00,38.50,106,7,0.00,9,11.75,35.35,20.39,14.40,0.00,6,40.48,19.29,0.5000
258923,-1.56,0.00,14.51,8,14.49,187,0.69,3094,0.00,38.50,106,7,0.00,9,11.75,35.80,20.39,14.50,0.00,6,40.51,19.29,0.5000
259026,-1.56,0.00,14.51,8,14.49,187,0.69,3122,0.00,38.50,106,8,0.00,9,11.75,35.35,20.39,14.40,0.00,6,40.54,19.43,0.5000
259127,-1.56,0.00,14.51,8,14.49,187,0.69,3123,0.00,38.50,106,8,0.00,9,11.75,35.50,20.39,14.40,0.00,6,40.64,19.29,0.5000
259230,-1.56,0.00,14.51,8,14.49,187,0.69,3105,0.00,38.50,104,8,0.00,9,11.75,35.35,20.39,14.40,0.00,6,40.56,19.43,0.5000
259331,-1.56,0.00,14.51,8,14.50,187,0.68,3110,0.00,38.50,104,9,0.00,9,11.75,35.95,20.39,14.40,0.00,6,40.61,19.43,0.5000
259433,-1.56,0.00,14.51,8,14.50,187,0.69,3140,0.00,38.50,104,9,0.00,9,11.75,35.80,20.39,14.50,0.00,6,40.60,19.58,0.5000
259536,-0.78,0.00,14.51,8,14.49,187,0.69,3118,0.00,38.50,104,9,0.00,9,11.75,35.49,20.39,14.50,0.00,6,40.60,19.58,0.5000
259637,-0.78,0.00,14.51,8,14.50,187,0.68,3126,0.00,38.50,104,10,0.00,9,11.75,35.95,20.39,14.50,0.00,6,40.59,19.43,0.5000
259740,-1.56,0.00,14.51,8,14.50,187,0.69,3152,0.00,38.50,104,10,0.00,9,11.75,35.94,20.39,14.60,0.00,6,40.53,19.43,0.5000
259842,-1.56,0.00,14.51,8,14.49,187,0.69,3135,0.00,38.50,104,11,0.00,9,11.75,38.35,20.39,14.40,0.00,6,40.54,19.43,0.5000
259943,-1.56,0.00,14.51,8,14.50,187,0.68,3136,0.00,38.50,104,11,0.00,9,11.75,35.94,20.39,14.40,0.00,6,40.64,19.43,0.5000
260046,-1.56,0.00,14.51,8,14.50,187,0.68,3164,0.00,38.50,104,11,0.00,9,11.75,36.09,20.39,14.50,0.00,6,40.62,19.43,0.5000
260147,-1.56,0.00,14.51,8,14.50,187,0.69,3147,0.00,38.50,104,11,0.00,9,11.75,36.09,20.39,14.40,0.00,6,40.63,19.43,0.5000
260250,-1.56,0.00,14.51,8,14.50,187,0.68,3181,0.00,38.50,104,11,0.00,9,11.75,36.24,20.39,14.50,0.00,6,40.65,19.43,0.5000
260352,-1.56,0.00,14.51,8,14.50,187,0.68,3179,0.00,38.50,104,12,0.00,9,11.75,35.94,20.39,14.40,0.00,6,40.62,19.43,0.5000
260453,-1.56,0.00,14.51,8,14.50,187,0.68,3154,0.00,38.50,104,11,0.00,9,11.75,35.79,20.39,14.40,0.00,6,40.74,19.43,0.5000
260556,-0.78,0.00,14.51,8,14.50,187,0.68,3180,0.00,38.50,104,10,0.00,9,11.75,36.09,20.39,14.50,0.00,6,40.74,19.43,0.5000
260658,-0.78,0.00,14.51,8,14.50,187,0.68,3166,0.00,38.50,104,10,0.00,9,11.75,36.39,20.39,14.40,0.00,6,40.72,19.43,0.5000
260760,-1.56,0.00,14.51,8,14.51,187,0.68,3199,0.00,38.50,104,9,0.00,9,11.75,36.39,20.39,14.40,0.00,6,40.67,19.43,0.5000
260862,-1.56,0.00,14.51,8,14.50,187,0.68,3203,0.00,38.50,104,8,0.00,9,11.75,36.70,20.39,14.40,0.00,11,40.76,19.43,0.5000
260964,-1.56,0.00,14.51,8,14.50,187,0.68,3179,0.00,38.50,104,8,0.00,9,11.75,36.39,20.39,14.40,0.00,11,40.81,19.43,0.5000
261065,-1.56,0.00,14.51,8,14.51,187,0.68,3204,0.00,38.50,104,7,0.00,9,11.75,36.54,20.39,14.40,0.00,11,40.73,19.43,0.5000
261169,-1.56,0.00,14.51,8,14.50,187,0.68,3183,0.00,38.50,104,7,0.00,9,11.75,36.54,20.39,14.60,0.00,11,40.72,19.43,0.5000
261270,-1.56,0.00,14.51,8,14.51,187,0.68,3213,0.00,38.50,104,6,0.00,9,11.75,36.69,20.39,14.40,0.00,11,40.74,19.43,0.5000
261372,-1.56,0.00,14.51,8,14.51,187,0.68,3196,0.00,38.50,102,6,0.00,9,11.75,36.39,20.39,14.50,0.00,11,40.71,19.43,0.5000
261474,-1.56,0.00,14.51,8,14.51,187,0.68,3225,0.00,39.00,102,6,0.00,9,11.75,36.69,20.39,14.60,0.00,11,40.71,19.28,0.5000
261576,-1.56,0.00,14.51,8,14.51,187,0.68,3202,0.00,39.00,102,5,0.00,9,11.75,36.69,20.39,14.50,0.00,11,40.67,19.29,0.5000
261678,-1.56,0.00,14.51,8,14.51,187,0.68,3231,0.00,38.50,102,5,0.00,9,11.75,36.39,20.39,14.50,0.00,11,40.71,19.43,0.5000
261779,-1.56,0.00,14.51,8,14.51,187,0.68,3228,0.00,39.00,102,6,0.00,9,11.75,36.69,20.39,14.50,0.00,11,40.75,19.28,0.5000
261882,-1.56,0.00,14.51,8,14.51,187,0.68,3219,0.00,39.00,102,6,0.00,9,11.75,36.69,20.39,14.50,0.00,11,40.82,19.43,0.5000
261984,-1.56,0.00,14.51,8,14.51,187,0.68,3252,0.00,39.00,102,6,0.00,9,11.75,35.94,20.39,14.50,0.00,11,40.82,19.29,0.5000
262086,-1.56,0.00,14.51,8,14.51,187,0.67,3235,0.00,39.00,102,6,0.00,9,11.61,37.00,20.39,14.50,0.00,11,40.98,19.28,0.5000
262188,-1.56,0.00,14.51,8,14.51,187,0.68,3236,0.00,39.00,102,6,0.00,9,11.61,36.54,20.39,14.40,0.00,11,40.93,19.29,0.5000
262290,-0.78,0.00,14.51,8,14.51,187,0.68,3264,0.00,39.00,102,6,0.00,9,11.61,37.00,20.39,14.50,0.00,11,40.95,19.29,0.5000
262392,-0.78,0.00,14.51,8,14.51,187,0.68,3248,0.00,39.00,102,6,0.00,9,11.61,37.00,20.39,14.50,0.00,11,41.02,19.29,0.5000
262494,-0.78,0.00,14.51,8,14.51,187,0.67,3278,0.00,39.00,102,7,0.00,9,11.61,37.30,20.39,14.50,0.00,11,41.00,19.29,0.5000
262596,-0.78,0.00,14.51,8,14.51,187,0.68,3262,0.00,39.00,102,7,0.00,9,11.61,36.55,20.39,14.40,0.00,11,40.97,19.29,0.5000
262699,-0.78,0.00,14.51,8,14.51,187,0.67,3291,0.00,39.00,102,8,0.00,9,11.61,36.99,20.39,14.40,0.00,11,41.03,19.58,0.5000
262800,0.00,0.00,14.51,8,14.51,187,0.68,3268,0.00,39.00,102,8,0.00,9,11.75,37.14,20.39,14.50,0.00,11,40.92,19.58,0.5000
262902,0.00,0.00,14.51,8,14.51,187,0.68,3291,0.00,39.00,102,8,0.00,9,11.75,37.44,20.39,14.50,0.00,11,40.68,19.58,0.5000
263005,0.78,0.00,14.51,8,14.51,187,0.68,3283,0.00,39.00,102,8,0.00,9,11.75,36.99,20.39,14.50,0.00,11,40.72,19.72,0.5000
263106,0.00,0.00,14.51,8,14.51,187,0.68,3295,0.00,39.00,102,9,0.00,9,11.61,37.29,20.39,14.40,0.00,11,40.78,19.43,0.5000
263208,0.00,0.00,14.51,8,14.51,187,0.68,3324,0.00,39.00,102,9,0.00,9,11.75,40.75,20.78,14.40,0.00,11,40.59,20.01,0.5000
263310,0.78,0.00,14.51,8,14.51,187,0.69,3296,0.00,38.50,102,9,0.00,9,11.90,38.48,21.18,14.50,0.00,11,40.41,20.01,0.5000
263412,1.56,0.00,14.51,8,14.51,187,0.69,3326,0.00,38.50,102,9,0.00,9,11.90,38.48,21.18,14.40,0.00,11,40.33,20.01,0.5000
263514,1.56,0.00,14.51,8,14.51,187,0.70,3338,0.00,38.50,102,10,0.00,9,11.90,38.63,21.18,14.40,0.00,11,40.24,20.01,0.5000
263616,0.78,0.00,14.51,8,14.51,187,0.70,3323,0.00,38.50,102,10,0.00,9,11.90,40.89,21.18,14.40,0.00,11,40.29,20.01,0.5000
263719,0.00,0.00,14.51,8,14.51,187,0.69,3327,0.00,38.50,102,11,0.00,9,11.75,38.48,21.18,14.30,0.00,11,40.45,20.01,0.5000
263821,0.78,0.00,14.51,8,14.51,187,0.69,3361,0.00,38.50,100,11,0.00,9,11.75,38.48,21.18,14.40,0.00,11,40.38,20.02,0.5000
263923,0.00,0.00,14.51,8,14.51,187,0.69,3330,0.00,38.50,100,10,0.00,9,11.75,38.78,20.78,14.40,0.00,11,40.30,19.86,0.5000
264025,0.00,0.00,14.51,8,14.51,187,0.69,3339,0.00,38.50,100,11,0.00,9,11.75,38.03,20.78,14.50,0.00,11,40.50,19.43,0.5000
264127,-0.78,0.00,14.51,8,14.51,187,0.68,3373,0.00,39.00,100,10,0.00,9,11.61,37.90,20.39,14.30,0.00,11,40.82,19.43,0.5000
264229,-0.78,0.00,14.51,8,14.51,187,0.68,3358,0.00,39.00,100,10,0.00,9,11.46,37.90,20.39,14.30,0.00,11,40.99,19.43,0.5000
264332,-0.78,0.00,14.51,8,14.51,187,0.67,3358,0.00,39.00,100,10,0.00,9,11.61,37.75,20.39,14.50,0.00,11,40.93,19.43,0.5000
264434,0.00,0.00,14.51,8,14.51,187,0.68,3378,0.00,39.00,100,10,0.00,9,11.61,38.20,20.39,14.50,0.00,11,40.89,19.43,0.5000
264535,0.00,0.00,14.51,8,14.51,187,0.68,3383,0.00,39.00,100,9,0.00,9,11.61,38.20,20.39,14.50,0.00,11,40.91,19.43,0.5000
264637,0.00,0.00,14.51,8,14.51,187,0.68,3368,0.00,39.00,100,9,0.00,9,11.61,40.91,20.39,14.50,0.00,11,40.94,19.43,0.5000
264739,0.00,0.00,14.51,8,14.51,187,0.68,3381,0.00,39.00,100,8,0.00,9,11.61,38.20,20.39,14.30,0.00,11,40.96,19.43,0.5000
264841,0.00,0.00,14.51,8,14.51,187,0.67,3407,0.00,39.50,100,8,0.00,9,11.46,37.90,20.39,14.30,0.00,11,40.92,19.43,0.5000
264943,0.00,0.00,14.51,8,14.51,187,0.67,3408,0.00,39.50,100,8,0.00,9,11.46,38.20,20.39,14.40,0.00,11,41.07,19.43,0.5000
265045,0.00,0.00,14.51,8,14.51,187,0.67,3390,0.00,39.50,100,7,0.00,9,11.46,37.90,20.39,14.60,0.00,11,41.06,19.43,0.5000
265147,0.00,0.00,14.51,8,14.51,187,0.67,3396,0.00,39.50,100,8,0.00,9,11.46,37.90,20.39,14.50,0.00,11,41.19,19.43,0.5000
265249,0.00,0.00,14.51,8,14.51,187,0.67,3400,0.00,39.50,100,7,0.00,9,11.46,37.60,20.39,14.40,0.00,11,41.17,19.43,0.5000
265351,-1.56,0.00,14.51,8,14.52,185,0.64,3409,0.00,40.50,100,7,0.00,9,8.42,22.82,14.90,14.40,0.00,11,43.25,9.74,0.5000
265453,-5.47,0.00,14.51,8,14.56,187,0.45,3308,0.00,38.50,100,7,0.00,9,5.95,16.38,8.24,12.90,0.00,11,37.24,7.66,0.5000
265556,-11.72,0.00,14.51,8,14.55,187,0.33,3225,0.00,34.50,100,7,0.00,9,5.22,14.57,7.84,11.10,0.00,11,33.17,7.51,0.5000
265657,-18.75,0.00,14.51,8,14.54,187,0.29,3232,0.00,30.50,100,7,0.00,9,4.79,13.70,7.84,10.40,0.00,11,29.62,7.51,0.5000
265759,0.00,0.00,14.51,10,14.55,185,0.26,3186,0.00,27.50,100,7,0.00,9,4.64,13.05,7.84,10.50,0.00,11,26.25,7.66,0.5000
265862,0.00,0.00,14.51,10,14.55,185,0.25,3155,0.00,24.00,100,7,0.00,9,4.64,13.56,7.84,10.80,0.00,11,23.95,7.66,0.5000
265964,0.00,0.00,14.51,10,14.55,185,0.25,3182,0.00,24.00,100,7,0.00,9,4.64,13.05,8.24,11.90,0.00,11,23.95,7.66,0.5000
266066,0.00,0.00,14.51,10,14.55,185,0.25,3150,0.00,24.00,100,7,0.00,9,4.64,12.18,7.84,13.40,0.00,11,23.95,7.66,0.5000
266167,0.00,0.00,14.51,10,14.56,185,0.24,3129,0.00,24.00,100,8,0.00,9,4.50,12.00,7.84,16.10,0.00,6,23.95,7.66,0.5000
266269,0.00,0.00,14.51,10,14.56,185,0.23,3120,0.00,24.00,100,8,0.00,9,4.50,12.09,8.24,16.90,0.00,6,23.95,7.51,0.5000
266371,0.00,0.00,14.51,10,14.57,185,0.23,3084,0.00,24.00,100,9,0.00,9,4.50,11.48,7.84,21.40,0.00,6,23.95,7.51,0.5000
266474,0.00,0.00,14.51,10,14.57,185,0.23,3074,0.00,24.00,100,9,0.00,9,4.50,12.09,7.84,32.90,0.00,6,23.95,7.51,0.5000
266575,0.00,0.00,14.51,10,14.57,185,0.23,3085,0.00,24.00,100,9,0.00,9,4.50,12.00,8.24,58.20,0.00,6,23.95,7.51,0.5000
266678,0.00,0.00,14.51,10,14.57,185,0.23,3086,0.00,24.00,100,10,0.00,9,4.50,11.48,7.84,81.50,0.00,6,23.95,7.51,0.5000
266779,0.00,0.00,14.51,10,14.57,185,0.23,3059,0.00,24.00,100,9,0.00,9,4.50,11.65,7.84,95.00,0.00,6,23.95,7.51,0.5000
266882,0.00,0.00,14.51,10,14.57,185,0.22,3050,0.00,24.00,100,10,0.00,9,4.50,11.22,7.84,96.00,0.00,6,23.95,7.51,0.5000
266984,0.00,0.00,14.51,10,14.57,185,0.22,3036,0.00,24.00,100,10,0.00,9,4.35,11.30,7.84,96.00,0.00,6,23.95,7.66,0.5000
267086,0.00,0.00,14.51,10,14.57,185,0.22,3046,0.00,24.00,100,11,0.00,9,4.35,11.13,7.84,99.90,0.00,6,23.95,7.51,0.5000
267188,0.00,0.00,14.51,10,14.57,185,0.22,3041,0.00,24.00,100,11,0.00,9,4.50,10.96,7.84,99.90,0.00,6,23.95,7.51,0.5000
267290,0.00,0.00,14.51,10,14.58,185,0.22,3040,0.00,24.00,100,11,0.00,9,4.35,11.13,7.84,99.90,0.00,6,23.95,7.51,0.5000
267391,0.00,0.00,14.51,10,14.58,185,0.22,3008,0.00,24.00,100,12,0.00,9,4.35,10.78,8.24,99.90,0.00,6,23.95,7.51,0.5000
267494,0.00,0.00,14.51,10,14.58,185,0.22,2998,0.00,24.00,100,12,0.00,9,4.35,10.64,7.84,99.90,0.00,6,23.95,7.51,0.5000
267596,0.00,0.00,14.51,10,14.58,185,0.22,2988,0.00,24.00,100,12,0.00,9,4.50,10.64,7.84,99.90,0.00,6,23.95,7.66,0.5000
267698,0.00,0.00,14.51,10,14.58,185,0.22,2980,0.00,24.00,100,12,0.00,9,4.35,10.58,7.84,99.90,0.00,6,23.95,7.51,0.5000
267800,0.00,0.00,14.51,10,14.58,185,0.21,2974,0.00,24.00,100,13,0.00,9,4.35,10.70,7.84,99.90,0.00,6,23.95,7.66,0.5000
267901,0.00,0.00,14.51,10,14.58,185,0.21,2966,0.00,24.00,100,13,0.00,9,4.35,10.52,8.24,99.90,0.00,6,23.95,7.51,0.5000
268004,0.00,0.00,14.51,10,14.59,185,0.21,2981,0.00,24.00,100,13,0.00,9,4.35,10.78,7.84,99.90,0.00,6,23.95,7.51,0.5000
268105,0.00,0.00,14.51,10,14.59,185,0.21,2972,0.00,24.00,100,14,0.00,9,4.35,10.29,7.84,99.90,0.00,6,23.95,7.51,0.5000
268208,0.00,0.00,14.51,10,14.59,185,0.21,2966,0.00,24.00,100,13,0.00,9,4.35,10.58,7.84,99.90,0.00,6,23.95,7.51,0.5000
268310,0.00,0.00,14.51,10,14.59,185,0.21,2958,0.00,24.00,100,14,0.00,9,4.35,10.01,7.84,99.90,0.00,6,23.95,7.51,0.5000
268412,0.00,0.00,14.51,10,14.59,185,0.21,2950,0.00,24.00,100,13,0.00,9,4.35,10.64,7.84,99.90,0.00,6,23.95,7.51,0.5000
268514,0.00,0.00,14.51,10,14.59,185,0.21,2939,0.00,24.00,100,13,0.00,9,4.35,12.74,7.84,99.90,0.00,6,23.95,7.66,0.5000
268615,0.00,0.00,14.51,10,14.59,185,0.21,2930,0.00,24.00,100,13,0.00,9,4.35,10.29,7.84,99.90,0.00,6,23.95,7.51,0.5000
268718,0.00,0.00,14.51,10,14.60,185,0.21,2924,0.00,24.00,100,12,0.00,9,4.35,10.41,7.84,99.90,0.00,6,23.95,7.51,0.5000
268819,0.00,0.00,14.51,10,14.60,185,0.21,2896,0.00,24.00,100,11,0.00,9,4.35,10.35,7.84,99.90,0.00,6,23.95,7.51,0.5000
268922,0.00,0.00,14.51,10,14.60,185,0.21,2890,0.00,24.00,100,11,0.00,9,4.35,10.18,7.84,99.90,0.00,6,23.95,7.51,0.5000
269024,0.00,0.00,14.51,10,14.60,185,0.21,2884,0.00,24.00,100,10,0.00,9,4.35,10.41,7.84,99.90,0.00,6,23.95,7.51,0.5000
269126,0.00,0.00,14.51,10,14.60,185,0.21,2876,0.00,24.00,102,9,0.00,9,4.35,10.01,7.84,99.90,0.00,6,23.95,7.51,0.5000
269228,0.00,0.00,14.51,10,14.61,185,0.21,2868,0.00,24.00,102,8,0.00,9,4.35,9.83,7.84,99.90,0.00,6,23.95,7.51,0.5000
269330,0.00,0.00,14.51,10,14.61,185,0.21,2862,0.00,24.00,102,7,0.00,9,4.35,10.06,7.84,99.90,0.00,6,23.95,7.51,0.5000
269432,0.00,0.00,14.51,10,14.61,185,0.21,2879,0.00,24.00,102,7,0.00,9,4.35,10.06,7.84,99.90,0.00,6,23.95,7.51,0.5000
269533,0.00,0.00,14.51,10,14.61,185,0.21,2874,0.00,24.00,102,6,0.00,9,4.35,9.95,8.24,99.90,0.00,6,23.95,7.66,0.5000
269637,0.00,0.00,14.51,10,14.61,185,0.21,2866,0.00,24.00,102,6,0.00,9,4.35,10.18,7.84,99.90,0.00,6,23.95,7.51,0.5000
269739,0.00,0.00,14.51,10,14.61,185,0.21,2858,0.00,24.00,102,5,0.00,9,4.35,12.74,7.84,99.90,0.00,6,23.95,7.51,0.5000
269841,0.00,0.00,14.51,10,14.61,185,0.21,2831,0.00,24.00,102,4,0.00,9,4.35,10.06,7.84,99.90,0.00,6,23.95,7.51,0.5000
269942,0.00,0.00,14.51,10,14.61,185,0.21,2825,0.00,24.00,102,4,0.00,9,4.35,10.06,7.84,99.90,0.00,6,23.95,7.51,0.5000
270045,0.00,0.00,14.51,10,14.62,185,0.21,2818,0.00,24.00,102,4,0.00,9,4.35,9.83,7.84,99.90,0.00,6,23.95,7.51,0.5000
270147,0.00,0.00,14.51,10,14.62,185,0.21,2836,0.00,24.00,102,4,0.00,9,4.35,10.18,7.84,99.90,0.00,6,23.95,7.51,0.5000
270249,0.00,0.00,14.51,10,14.61,185,0.22,2847,0.00,24.00,102,4,0.00,9,4.35,9.95,7.84,99.90,0.00,6,23.95,7.51,0.5000
270351,0.00,0.00,14.51,10,14.61,185,0.21,2838,0.00,24.00,102,4,0.00,9,4.21,9.83,7.84,99.90,0.00,6,23.95,7.22,0.5000
270453,0.00,0.00,14.51,10,14.61,185,0.21,2841,0.00,24.00,102,4,0.00,9,4.21,9.26,7.45,99.90,0.00,6,23.95,7.08,0.5000
270555,0.00,0.00,14.51,10,14.61,185,0.20,2838,0.00,24.00,102,4,0.00,9,4.06,9.03,7.45,99.90,0.00,6,23.95,6.93,0.5000
270657,0.00,0.00,14.51,10,14.61,185,0.19,2856,0.00,24.00,102,4,0.00,9,4.06,8.91,7.06,99.90,0.00,6,23.95,6.79,0.5000
270759,0.00,0.00,14.51,10,14.61,185,0.19,2850,0.00,24.00,102,4,0.00,9,4.06,8.81,7.06,99.90,0.00,6,23.95,6.79,0.5000
270861,0.00,0.00,14.51,10,14.61,185,0.19,2849,0.00,24.00,102,4,0.00,9,3.92,8.63,7.06,99.90,0.00,6,23.95,6.79,0.5000
270963,0.00,0.00,14.51,10,14.61,185,0.18,2823,0.00,24.00,102,4,0.00,9,3.92,8.59,7.06,99.90,0.00,6,23.95,6.79,0.5000
271065,0.00,0.00,14.51,10,14.61,185,0.18,2820,0.00,24.00,102,5,0.00,9,3.92,8.54,7.06,99.90,0.00,6,23.95,6.79,0.5000
271167,0.00,0.00,14.51,10,14.62,185,0.18,2817,0.00,24.00,102,5,0.00,9,3.92,8.63,7.06,99.90,0.00,6,23.95,6.79,0.5000
271269,0.00,0.00,14.51,10,14.62,185,0.18,2836,0.00,24.00,102,5,0.00,9,3.92,8.45,7.06,99.90,0.00,6,23.95,6.79,0.5000
271371,0.00,0.00,14.51,10,14.61,185,0.18,2832,0.00,24.00,102,6,0.00,9,3.92,8.63,7.06,99.90,0.00,6,23.95,6.79,0.5000
271473,0.00,0.00,14.51,10,14.61,185,0.18,2828,0.00,24.00,102,6,0.00,9,3.92,8.63,7.06,99.90,0.00,6,23.95,6.79,0.5000
271574,0.00,0.00,14.51,10,14.61,185,0.18,2800,0.00,24.00,102,7,0.00,9,3.92,8.91,7.06,99.90,0.00,6,23.95,6.79,0.5000
271677,0.00,0.00,14.51,10,14.62,185,0.19,2795,0.00,24.00,102,7,0.00,9,3.92,8.63,7.06,99.90,0.00,6,23.95,6.79,0.5000
271779,0.00,0.00,14.51,10,14.62,185,0.18,2812,0.00,24.00,102,8,0.00,9,3.92,8.77,7.06,99.90,0.00,6,23.95,6.79,0.5000
271881,0.00,0.00,14.51,10,14.62,185,0.19,2807,0.00,24.00,102,8,0.00,9,3.92,8.54,7.06,99.90,0.00,6,23.95,6.79,0.5000
271983,0.00,0.00,14.51,10,14.62,185,0.18,2780,0.00,24.00,104,9,0.00,9,3.92,8.41,7.06,99.90,0.00,6,23.95,6.79,0.5000
272085,0.00,0.00,14.51,10,14.62,185,0.18,2772,0.00,24.00,104,9,0.00,9,3.92,8.36,7.06,99.90,0.00,6,23.95,6.79,0.5000
272187,0.00,0.00,14.51,10,14.62,185,0.18,2789,0.00,24.00,104,10,0.00,9,3.92,8.27,7.06,99.90,0.00,6,23.95,6.79,0.5000
272289,0.00,0.00,14.51,10,14.62,185,0.18,2762,0.00,24.00,104,10,0.00,9,4.06,8.50,7.06,99.90,0.00,6,23.95,6.79,0.5000
272391,0.00,0.00,14.51,10,14.62,185,0.18,2755,0.00,24.00,104,11,0.00,9,3.92,8.41,7.06,99.90,0.00,6,23.95,6.79,0.5000
272493,0.00,0.00,14.51,10,14.62,185,0.18,2772,0.00,24.00,104,12,0.00,9,3.92,8.45,7.06,99.90,0.00,6,23.95,6.79,0.5000
272595,0.00,0.00,14.51,10,14.62,185,0.18,2766,0.00,24.00,104,12,0.00,9,4.06,8.45,7.06,99.90,0.00,6,23.95,6.79,0.5000
272697,0.00,0.00,14.51,10,14.62,185,0.18,2736,0.00,24.00,104,12,0.00,9,3.92,8.54,7.06,99.90,0.00,6,23.95,6.79,0.5000
272799,0.00,0.00,14.51,10,14.62,185,0.19,2752,0.00,24.00,104,13,0.00,9,4.06,8.45,7.06,99.90,0.00,6,23.95,6.79,0.5000
272901,0.00,0.00,14.51,10,14.62,185,0.19,2745,0.00,24.00,104,13,0.00,9,4.06,8.36,7.06,99.90,0.00,6,23.95,6.79,0.5000
273003,0.00,0.00,14.51,10,14.62,185,0.19,2718,0.00,24.00,104,14,0.00,9,4.06,8.59,7.06,99.90,0.00,6,23.95,6.79,0.5000
273105,0.00,0.00,14.51,10,14.62,185,0.19,2734,0.00,24.00,104,14,0.00,9,4.06,8.27,7.06,99.90,0.00,6,23.95,6.79,0.5000
273208,0.00,0.00,14.51,10,14.62,185,0.19,2706,0.00,24.00,104,15,0.00,9,4.06,8.59,7.06,99.90,0.00,6,23.95,6.79,0.5000
273309,0.00,0.00,14.51,10,14.62,185,0.19,2696,0.00,24.00,104,15,0.00,9,4.06,8.50,7.06,99.90,0.00,6,23.95,6.79,0.5000
273412,0.00,0.00,14.51,10,14.62,185,0.19,2711,0.00,24.00,104,16,0.00,9,4.06,8.36,7.06,99.90,0.00,6,23.95,6.79,0.5000
273514,0.00,0.00,14.51,10,14.62,185,0.19,2684,0.00,24.00,104,16,0.00,9,4.06,8.36,7.06,99.90,0.00,6,23.95,6.79,0.5000
273616,0.00,0.00,14.51,10,14.61,185,0.19,2698,0.00,24.00,104,16,0.00,9,4.06,8.45,7.06,99.90,0.00,6,23.95,6.79,0.5000
273718,0.00,0.00,14.51,10,14.62,185,0.19,2668,0.00,24.00,104,17,0.00,9,4.06,8.36,7.06,99.90,0.00,6,23.95,6.79,0.5000
273820,0.00,0.00,14.51,10,14.61,185,0.19,2682,0.00,24.00,104,18,0.00,9,4.06,8.45,7.06,99.90,0.00,6,23.95,6.79,0.5000
273922,0.00,0.00,14.51,10,14.61,185,0.19,2674,0.00,24.00,104,18,0.00,9,4.06,8.45,7.06,99.90,0.00,6,23.95,6.79,0.5000
274024,0.00,0.00,14.51,10,14.61,185,0.19,2648,0.00,24.00,104,18,0.00,9,4.06,8.54,7.06,99.90,0.00,6,23.95,6.79,0.5000
274126,0.00,0.00,14.51,10,14.61,185,0.19,2658,0.00,24.00,104,18,0.00,9,4.06,8.36,7.06,99.90,0.00,6,23.95,6.79,0.5000
274228,0.00,0.00,14.51,10,14.61,185,0.19,2630,0.00,24.00,104,18,0.00,9,4.21,8.50,7.06,99.90,0.00,6,23.95,6.79,0.5000
274330,0.00,0.00,14.51,10,14.61,185,0.19,2644,0.00,24.00,104,17,0.00,9,4.21,8.45,7.06,99.90,0.00,6,23.95,6.79,0.5000
274432,0.00,0.00,14.51,10,14.61,185,0.19,2639,0.00,24.00,104,15,0.00,9,4.06,8.27,7.06,99.90,0.00,6,23.95,6.79,0.5000
274534,0.00,0.00,14.51,10,14.61,185,0.19,2609,0.00,24.00,104,13,0.00,9,4.06,8.54,7.06,99.90,0.00,6,23.95,6.79,0.5000
274636,0.00,0.00,14.51,10,14.61,185,0.19,2618,0.00,24.00,104,10,0.00,9,4.06,8.45,7.06,99.90,0.00,6,23.95,6.79,0.5000
274738,0.00,0.00,14.51,10,14.61,185,0.19,2585,0.00,24.00,104,8,0.00,9,4.21,8.54,7.06,99.90,0.00,6,23.95,6.79,0.5000
274840,0.00,0.00,14.51,10,14.61,185,0.20,2594,0.00,24.00,104,5,0.00,9,4.21,8.72,7.06,99.90,0.00,6,23.95,6.79,0.5000
274943,0.00,0.00,14.51,10,14.61,185,0.20,2562,0.00,24.00,104,4,0.00,9,4.21,8.50,7.06,99.90,0.00,6,23.95,6.79,0.5000
275044,0.00,0.00,14.51,10,14.61,185,0.20,2552,0.00,24.00,104,3,0.00,9,4.21,8.45,7.06,99.90,0.00,6,23.95,6.79,0.5000
275147,0.00,0.00,14.51,10,14.61,185,0.20,2560,0.00,24.00,104,3,0.00,9,4.21,8.45,7.06,99.90,0.00,6,23.95,6.79,0.5000
275248,0.00,0.00,14.51,10,14.61,185,0.20,2527,0.00,24.00,104,2,0.00,9,4.21,8.45,7.45,99.90,0.00,6,23.95,6.79,0.5000
275350,0.00,0.00,14.51,10,14.61,183,0.20,2512,0.00,24.00,104,1,0.00,9,4.21,8.45,7.06,99.90,0.00,6,23.95,6.79,0.5000
275452,0.00,0.00,14.51,10,14.61,183,0.20,2515,0.00,24.00,104,1,0.00,9,4.21,8.36,7.06,99.90,0.00,6,23.95,6.79,0.5000
275554,0.00,0.00,14.51,10,14.61,183,0.20,2498,0.00,24.00,104,0,0.00,9,4.21,8.45,7.06,99.90,0.00,6,23.95,6.79,0.5000
275656,0.00,0.00,14.51,10,14.61,183,0.20,2457,0.00,24.00,104,0,0.00,9,4.35,8.36,7.06,99.90,0.00,6,23.95,6.79,0.5000
275758,0.00,0.00,14.51,10,14.61,183,0.20,2439,0.00,24.00,104,0,0.00,9,4.35,8.36,7.06,99.90,0.00,6,23.95,6.79,0.5000
275860,0.00,0.00,14.51,10,14.61,183,0.21,2419,0.00,24.00,104,0,0.00,9,4.35,8.45,7.06,99.90,0.00,6,23.95,6.79,0.5000
275962,0.00,0.00,14.51,10,14.61,183,0.21,2414,0.00,24.00,104,0,0.00,9,4.35,8.45,7.06,99.90,0.00,6,23.95,6.79,0.5000
276065,0.00,0.00,14.51,10,14.60,183,0.21,2390,0.00,24.00,104,0,0.00,9,4.50,8.36,7.06,99.90,0.00,6,23.95,6.79,0.5000
276166,0.00,0.00,14.51,10,14.60,183,0.21,2367,0.00,24.00,106,0,0.00,9,4.50,8.45,7.06,99.90,0.00,6,23.95,6.79,0.5000
276268,0.00,0.00,14.51,10,14.60,183,0.21,2343,0.00,24.00,106,0,0.00,9,4.50,8.81,7.06,99.90,0.00,1,23.95,6.79,0.5000
276370,0.00,0.00,14.51,10,14.60,183,0.22,2320,0.00,24.00,106,0,0.00,9,4.64,8.36,7.06,99.90,0.00,1,23.95,6.64,0.5000
276473,0.00,0.00,14.51,10,14.60,183,0.22,2280,0.00,24.00,106,0,0.00,9,4.64,8.18,7.06,99.90,0.00,1,23.95,6.50,0.5000
276574,0.00,0.00,14.51,10,14.59,183,0.22,2256,0.00,24.00,106,0,0.00,9,4.64,7.92,6.67,99.90,0.00,1,23.95,6.50,0.5000
276677,0.00,0.00,14.51,10,14.59,183,0.21,2229,0.00,24.00,106,0,0.00,9,4.64,8.10,6.67,99.90,0.00,1,23.95,6.35,0.5000
276778,0.00,0.00,14.51,10,14.59,183,0.21,2222,0.00,24.00,106,0,0.00,9,4.64,7.92,6.67,99.90,0.00,1,23.95,6.35,0.5000
276881,0.00,0.00,14.51,10,14.59,183,0.22,2195,0.00,24.00,106,0,0.00,9,4.64,7.83,6.67,99.90,0.00,1,23.95,6.35,0.5000
276982,0.00,0.00,14.51,10,14.59,183,0.22,2153,0.00,24.00,106,0,0.00,9,4.64,7.83,6.67,99.90,0.00,1,23.95,6.21,0.5000
277084,0.00,0.00,14.51,10,14.58,183,0.22,2124,0.00,24.00,106,0,0.00,9,4.79,7.60,6.67,99.90,0.00,1,23.95,6.21,0.5000
277186,0.00,0.00,14.51,10,14.58,183,0.22,2117,0.00,24.00,106,0,0.00,9,4.79,7.47,6.67,99.90,0.00,1,23.95,6.21,0.5000
277289,0.00,0.00,14.51,10,14.58,183,0.21,2075,0.00,24.00,106,0,0.00,9,4.79,10.21,6.27,99.90,0.00,1,23.95,6.21,0.5000
277390,0.00,0.00,14.51,10,14.57,183,0.22,2068,0.00,24.00,106,0,0.00,9,4.79,7.65,6.27,99.90,0.00,1,23.95,6.06,0.5000
277492,0.00,0.00,14.51,10,14.57,183,0.22,2028,0.00,24.00,106,0,0.00,9,4.79,7.33,6.27,99.90,0.00,1,23.95,5.92,0.5000
277595,0.00,0.00,14.51,10,14.57,183,0.22,2019,0.00,24.00,106,0,0.00,9,4.79,7.08,6.27,99.90,0.00,1,23.95,5.92,0.5000
277697,0.00,0.00,14.51,10,14.57,183,0.22,1996,0.00,24.00,106,0,0.00,9,4.79,7.18,6.27,99.90,0.00,1,23.95,5.92,0.5000
277798,0.00,0.00,14.51,10,14.57,183,0.22,1952,0.00,24.00,106,1,0.00,9,4.79,7.08,6.27,99.90,0.00,1,23.95,5.92,0.5000
277900,0.00,0.00,14.51,10,14.57,183,0.22,1944,0.00,24.00,106,1,0.00,9,4.79,7.08,5.88,99.90,0.00,1,23.95,5.77,0.5000
278002,0.00,0.00,14.51,10,14.57,183,0.22,1920,0.00,24.00,106,1,0.00,9,4.79,6.98,5.88,99.90,0.00,1,23.95,5.77,0.5000
278105,0.00,0.00,14.51,10,14.57,183,0.22,1878,0.00,24.00,106,2,0.00,9,4.79,6.98,5.88,99.90,0.00,1,23.95,5.77,0.5000
278207,0.00,0.00,14.51,10,14.57,183,0.22,1853,0.00,24.00,106,2,0.00,9,4.79,6.98,5.88,99.90,0.00,1,23.95,5.63,0.5000
278309,0.00,0.00,14.51,10,14.57,183,0.23,1831,0.00,24.00,106,2,0.00,9,4.79,6.94,5.88,99.90,0.00,1,23.95,5.63,0.5000
278411,0.00,0.00,14.51,10,14.57,183,0.23,1818,0.00,24.00,106,3,0.00,9,4.93,6.79,5.88,99.90,0.00,1,23.95,5.63,0.5000
278513,0.00,0.00,14.51,10,14.57,183,0.23,1795,0.00,23.50,106,3,0.00,9,4.93,6.74,5.88,99.90,0.00,1,23.46,5.63,0.5000
278615,0.00,0.00,14.51,10,14.57,183,0.23,1768,0.00,23.00,106,4,0.00,9,4.93,6.79,5.88,99.90,0.00,1,22.98,5.48,0.5000
278717,0.00,0.00,14.51,10,14.57,183,0.23,1742,0.00,22.50,106,4,0.00,9,4.93,6.69,5.88,99.90,0.00,1,22.45,5.48,0.5000
278818,0.00,0.00,14.51,10,14.57,183,0.23,1706,0.00,22.50,106,5,0.00,9,4.93,6.54,5.88,99.90,0.00,1,22.31,5.48,0.5000
278921,0.00,0.00,14.51,10,14.57,183,0.23,1678,0.00,22.00,106,5,0.00,9,5.08,6.84,5.88,99.90,0.00,1,21.74,5.33,0.5000
279023,0.00,0.00,14.51,10,14.57,183,0.24,1648,0.00,21.50,106,5,0.00,9,5.08,6.79,5.49,99.90,0.00,1,21.18,5.33,0.5000
279125,0.00,0.00,14.51,10,14.57,183,0.24,1636,0.00,21.00,106,6,0.00,9,5.08,6.64,5.49,99.90,0.00,1,20.44,5.33,0.5000
279227,0.00,0.00,14.51,10,14.58,183,0.24,1598,0.00,20.00,106,6,0.00,9,5.22,6.69,5.49,99.90,0.00,1,19.81,5.19,0.5000
279330,0.00,0.00,14.51,10,14.58,183,0.25,1536,0.00,19.50,106,6,0.00,9,5.37,6.64,5.49,99.90,0.00,1,19.45,5.19,0.5000
279431,0.00,0.00,14.51,10,14.58,183,0.25,1520,0.00,19.00,106,7,0.00,9,5.37,6.54,5.49,99.90,0.00,1,19.07,5.04,0.5000
279533,0.00,0.00,14.51,10,14.58,183,0.26,1540,0.00,19.00,106,6,0.00,9,5.37,6.20,5.49,99.90,0.00,1,19.44,5.04,0.5000
279635,0.00,0.00,14.51,10,14.57,183,0.25,1652,0.00,20.50,106,6,0.00,9,5.37,6.35,5.49,99.90,0.00,1,22.07,5.04,0.5000
279736,0.00,0.00,14.51,10,14.57,183,0.23,1876,0.00,24.00,106,6,0.00,9,4.93,6.54,5.49,99.90,0.00,1,23.95,5.33,0.5000
279839,0.00,0.00,14.51,10,14.58,183,0.21,2118,0.00,24.00,106,7,0.00,9,4.79,7.03,6.27,99.90,0.00,1,23.95,5.92,0.5000
279941,0.00,0.00,14.51,10,14.59,183,0.20,2304,0.00,24.00,106,7,0.00,9,4.64,7.28,6.27,99.90,0.00,1,23.95,6.35,0.5000
280043,0.00,0.00,14.51,10,14.60,183,0.19,2380,0.00,24.00,106,7,0.00,9,4.50,7.92,6.67,99.90,0.00,1,23.95,6.64,0.5000
280146,0.00,0.00,14.51,10,14.60,183,0.20,2383,0.00,24.00,106,8,0.00,9,4.50,8.18,7.06,99.90,0.00,1,23.95,6.79,0.5000
280247,0.00,0.00,14.51,10,14.60,183,0.20,2365,0.00,24.00,106,9,0.00,9,4.64,8.27,7.06,99.90,0.00,1,23.95,6.79,0.5000
280349,0.00,0.00,14.51,10,14.60,183,0.21,2350,0.00,24.00,106,9,0.00,9,4.64,8.10,7.06,99.90,0.00,1,23.95,6.79,0.5000
280451,0.00,0.00,14.51,10,14.60,183,0.21,2329,0.00,24.00,106,9,0.00,9,4.64,8.27,7.06,99.90,0.00,1,23.95,6.64,0.5000
280553,0.00,0.00,14.51,10,14.60,183,0.21,2286,0.00,24.00,106,10,0.00,9,4.64,8.10,6.67,99.90,0.00,1,23.95,6.50,0.5000
280655,0.00,0.00,14.51,10,14.59,183,0.21,2258,0.00,24.00,106,10,0.00,9,4.64,8.18,7.06,99.90,0.00,1,23.95,6.50,0.5000
280757,0.00,0.00,14.51,10,14.59,183,0.22,2227,0.00,24.00,106,11,0.00,9,4.64,7.74,6.67,99.90,0.00,1,23.95,6.50,0.5000
280860,0.00,0.00,14.51,10,14.59,183,0.21,2218,0.00,24.00,106,11,0.00,9,4.64,7.83,6.67,99.90,0.00,1,23.95,6.35,0.5000
280962,0.00,0.00,14.51,10,14.59,183,0.21,2188,0.00,24.00,106,11,0.00,9,4.79,7.74,6.67,99.90,0.00,1,23.95,6.50,0.5000
281063,0.00,0.00,14.51,10,14.59,183,0.21,2149,0.00,24.00,106,12,0.00,9,4.79,7.47,6.67,99.90,0.00,1,23.95,6.21,0.5000
281165,0.00,0.00,14.51,10,14.58,183,0.21,2147,0.00,24.00,106,12,0.00,9,4.79,7.47,6.67,99.90,0.00,1,23.95,6.21,0.5000
281268,0.00,0.00,14.51,10,14.58,183,0.21,2123,0.00,24.00,106,13,0.00,9,4.79,7.47,6.67,99.90,0.00,1,23.95,6.21,0.5000
281369,0.00,0.00,14.51,10,14.58,183,0.21,2084,0.00,26.50,106,13,0.00,9,4.79,8.23,6.67,99.90,0.00,1,27.70,6.34,0.5000
281471,0.00,0.00,14.51,10,14.58,183,0.23,2155,0.00,30.50,106,13,0.00,9,5.80,11.92,9.41,99.90,0.00,1,31.80,10.57,0.5000
281573,0.00,0.00,14.51,10,14.59,183,0.28,2268,0.00,36.00,106,13,0.00,9,6.96,14.28,12.16,99.90,0.00,1,36.82,11.73,0.5000
281675,0.00,0.00,14.51,10,14.59,183,0.34,2298,0.00,38.00,106,14,0.00,9,7.55,14.86,12.16,77.70,0.00,1,38.41,11.73,0.5000
281778,0.00,0.00,14.51,10,14.59,183,0.37,2296,0.00,38.50,106,15,0.00,9,7.25,12.61,10.98,24.20,0.00,1,38.56,9.84,0.5000
281879,0.00,0.00,14.51,10,14.59,183,0.34,2294,0.00,38.00,106,15,0.00,9,6.24,9.89,8.24,21.10,0.00,1,36.51,7.22,0.5000
281981,0.00,0.00,14.51,10,14.59,183,0.29,2238,0.00,33.50,106,16,0.00,9,5.66,8.81,7.45,19.70,0.00,1,32.48,6.93,0.5000
282083,0.00,0.00,14.51,10,14.58,183,0.26,2210,0.00,30.50,106,16,0.00,9,5.22,8.27,6.67,17.50,0.00,1,29.40,6.35,0.5000
282186,0.00,0.00,14.51,10,14.58,183,0.24,2174,0.00,28.00,106,17,0.00,9,4.93,7.96,6.67,16.70,0.00,1,27.30,6.35,0.5000
282287,0.00,0.00,14.51,8,14.58,183,0.23,2109,0.00,26.00,106,17,0.00,9,4.93,7.74,6.67,16.20,0.00,1,25.37,6.21,0.5000
282389,0.00,0.00,14.51,10,14.57,183,0.22,2080,0.00,24.00,106,17,0.00,9,4.93,7.56,6.67,16.30,0.00,1,23.95,6.06,0.5000
282491,0.00,0.00,14.51,10,14.58,183,0.22,2052,0.00,24.00,106,17,0.00,9,5.08,7.42,6.27,15.30,0.00,1,23.95,5.95,0.5000
282594,0.00,0.00,14.51,10,14.57,183,0.22,2039,0.00,24.00,106,18,0.00,9,5.08,6.79,6.27,15.60,0.00,1,23.95,6.03,0.5000
282695,0.00,0.00,14.51,10,14.57,183,0.21,1967,0.00,24.00,106,18,0.00,9,5.08,7.18,6.27,16.70,0.00,1,23.95,5.92,0.5000
282797,0.00,0.00,14.51,10,14.57,183,0.22,1919,0.00,24.00,106,19,0.00,9,5.22,6.98,6.27,18.90,0.00,1,23.95,5.77,0.5000
282900,0.00,0.00,14.51,10,14.57,183,0.22,1888,0.00,24.00,106,19,0.00,9,5.08,7.08,5.88,20.90,0.00,1,23.95,5.62,0.5000
283002,0.00,0.00,14.51,10,14.57,181,0.22,1854,0.00,24.00,106,19,0.00,9,5.08,6.69,5.88,25.10,0.00,1,23.95,5.63,0.5000
283104,0.00,0.00,14.51,10,14.57,181,0.22,1822,0.00,24.00,106,20,0.00,9,5.22,6.69,5.88,33.20,0.00,1,23.95,5.63,0.5000
283205,0.00,0.00,14.51,10,14.57,181,0.22,1770,0.00,23.50,106,20,0.00,9,5.22,6.89,5.88,72.20,0.00,1,23.37,5.63,0.5000
283308,0.00,0.00,14.51,10,14.57,181,0.23,1758,0.00,23.00,106,21,0.00,9,5.22,6.84,5.88,72.20,0.00,1,22.73,5.48,0.5000
283410,0.00,0.00,14.51,10,14.57,181,0.23,1724,0.00,22.50,106,21,0.00,9,5.22,6.69,5.88,95.50,0.00,1,22.11,5.48,0.5000
283512,0.00,0.00,14.51,10,14.57,181,0.23,1692,0.00,21.50,106,21,0.00,9,5.37,6.79,5.49,96.00,0.00,1,21.48,5.33,0.5000
283615,0.00,0.00,14.51,10,14.57,181,0.24,1658,0.00,21.00,106,21,0.00,9,5.37,6.74,5.49,96.00,0.00,1,20.85,5.33,0.5000
283717,0.00,0.00,14.51,10,14.57,181,0.24,1618,0.00,21.00,106,22,0.00,9,5.51,6.54,5.49,96.00,0.00,1,20.59,5.19,0.5000
283818,0.00,0.00,14.51,10,14.57,181,0.24,1585,0.00,20.00,106,22,0.00,9,5.51,6.54,5.49,96.00,0.00,1,20.01,5.19,0.5000
283920,0.00,0.00,14.51,10,14.58,181,0.25,1578,0.00,20.00,106,22,0.00,9,5.66,6.64,5.49,99.90,0.00,1,19.68,5.19,0.5000
284023,0.00,0.00,14.51,10,14.58,181,0.25,1547,0.00,19.50,106,23,0.00,9,5.66,6.54,5.49,99.90,0.00,1,19.62,5.19,0.5000
284125,0.00,0.00,14.51,10,14.58,181,0.25,1522,0.00,19.50,106,23,0.00,9,5.80,6.59,5.49,99.90,0.00,1,19.34,5.19,0.5000
284227,0.00,0.00,14.51,10,14.58,181,0.25,1512,0.00,19.00,106,22,0.00,9,5.80,6.50,5.49,99.90,0.00,1,18.98,5.04,0.5000
284329,0.00,0.00,14.51,10,14.58,181,0.26,1478,0.00,19.00,106,23,0.00,9,5.80,6.50,5.49,99.90,0.00,1,18.88,5.04,0.5000
284431,0.00,0.00,14.51,10,14.59,181,0.26,1468,0.00,18.50,106,23,0.00,9,5.80,6.35,5.49,99.90,0.00,1,18.49,5.04,0.5000
284533,0.00,0.00,14.51,10,14.59,181,0.26,1432,0.00,20.00,106,23,0.00,9,5.95,6.74,5.49,99.90,0.00,1,21.30,5.04,0.5000
284635,0.00,0.00,14.51,10,14.59,181,0.27,1515,0.00,23.00,106,22,0.00,9,7.25,12.44,8.63,99.90,0.00,1,25.84,11.71,0.5000
284737,0.00,0.00,14.51,10,14.57,181,0.37,1798,0.00,33.00,106,19,0.00,9,9.72,16.20,14.90,99.90,0.00,1,35.68,14.34,0.5000
284839,0.00,0.00,14.51,10,14.57,181,0.46,1912,0.00,39.50,106,13,0.00,9,10.59,18.43,15.69,19.60,0.00,1,41.44,15.22,0.5000
284941,0.00,0.00,14.51,10,14.58,181,0.52,1927,0.00,42.00,106,8,0.00,9,11.03,18.43,16.08,18.20,0.00,1,44.17,15.22,0.5000
285043,0.00,0.00,14.51,10,14.58,181,0.56,1928,0.00,42.50,106,3,0.00,9,11.03,18.63,15.69,18.10,0.00,1,44.09,14.93,0.5000
285145,0.00,0.00,14.51,10,14.58,181,0.57,1948,0.00,42.50,106,1,0.00,9,11.17,20.73,16.08,17.90,0.00,1,43.67,16.81,0.5000
285247,0.00,0.00,14.51,10,14.57,181,0.60,1962,0.00,40.50,106,0,0.00,9,12.33,22.78,19.61,17.30,0.00,1,42.08,19.14,0.5000
285349,1.56,0.00,14.51,10,14.57,181,0.66,1993,0.00,39.00,106,0,0.00,9,12.91,23.87,21.18,17.10,0.00,1,41.12,20.88,0.5000
285451,10.16,0.00,14.51,8,14.56,181,0.69,2033,0.00,38.00,106,0,0.00,9,13.49,26.12,23.53,16.90,0.00,1,39.90,25.24,0.5000
285552,14.84,0.00,14.51,8,14.56,181,0.73,2078,0.00,37.50,106,0,0.50,9,14.07,26.98,29.02,17.10,0.00,1,39.23,28.72,0.5000
285655,15.62,0.00,14.51,8,14.56,181,0.75,2157,0.00,37.50,106,0,0.50,9,14.36,28.15,32.55,16.20,0.00,1,39.07,31.34,0.5000
285756,16.41,0.00,14.51,8,14.56,181,0.77,2189,0.00,37.50,106,0,0.50,9,14.36,29.25,33.33,15.50,0.00,1,39.06,31.64,0.5000
285859,16.41,0.00,14.51,8,14.56,181,0.78,2226,0.00,37.50,106,0,0.50,9,14.51,29.49,33.33,15.20,0.00,1,39.20,31.63,0.5000
285961,15.62,0.00,14.51,8,14.56,181,0.79,2252,0.00,37.50,106,0,0.50,9,14.51,30.23,33.33,14.10,0.00,1,39.33,31.64,0.5000
286063,16.41,0.00,14.51,8,14.56,181,0.79,2290,0.00,37.50,106,0,0.50,9,14.65,31.10,32.94,14.50,0.00,1,39.39,31.49,0.5000
286165,15.62,0.00,14.51,8,14.56,181,0.80,2308,0.00,37.50,106,0,0.50,9,14.65,31.73,32.94,14.40,0.00,1,39.31,31.49,0.5000
286267,15.62,0.00,14.51,8,14.56,181,0.81,2326,0.00,37.50,106,0,0.50,9,14.65,31.98,32.94,14.50,0.00,1,39.37,31.49,0.5000
286369,15.62,0.00,14.51,8,14.56,181,0.82,2345,0.00,37.50,106,0,0.00,9,14.80,33.10,32.55,14.40,0.00,1,39.47,31.06,0.5000
286471,14.84,0.00,14.51,8,14.56,181,0.84,2366,0.00,37.50,106,0,0.00,9,14.80,33.60,32.16,14.40,0.00,1,39.61,30.76,0.5000
286573,14.06,0.00,14.51,8,14.56,181,0.84,2384,0.00,37.50,106,0,0.00,9,14.80,34.38,32.16,14.40,0.00,2,39.73,30.62,0.5000
286674,14.06,0.00,14.51,8,14.56,181,0.86,2398,0.00,37.50,104,0,0.00,9,14.95,34.81,32.16,14.50,0.00,2,39.55,30.48,0.5000
286777,13.28,0.00,14.51,8,14.56,181,0.86,2416,0.00,37.50,104,0,0.50,9,14.95,35.71,32.16,14.40,0.00,7,39.39,30.48,0.5000
286879,13.28,0.00,14.51,8,14.56,181,0.87,2432,0.00,37.50,104,0,0.50,9,15.09,33.45,32.16,14.40,0.00,7,39.11,30.33,0.5000
286981,11.72,0.00,14.51,8,14.55,181,0.88,2434,0.00,37.50,104,0,0.50,9,15.09,36.16,31.37,14.50,0.00,7,39.11,29.89,0.5000
287083,10.94,0.00,14.51,8,14.54,181,0.88,2449,0.00,37.50,104,0,0.50,9,14.95,36.92,30.59,14.30,0.00,7,38.98,29.17,0.5000
287185,10.16,0.00,14.51,8,14.54,181,0.89,2483,0.00,37.50,104,0,1.00,9,15.09,36.92,30.59,14.30,0.00,7,38.50,29.17,0.5000
287287,8.59,0.00,14.51,8,14.54,181,0.90,2498,0.00,37.00,104,0,0.50,9,15.09,37.82,30.59,14.30,0.00,7,38.60,29.17,0.5000
287389,7.81,0.00,14.51,8,14.53,181,0.90,2513,0.00,37.00,104,0,1.00,9,15.09,40.83,30.59,14.20,0.00,7,38.41,29.17,0.5000
287491,6.25,0.00,14.51,8,14.53,181,0.91,2513,0.00,37.00,104,0,1.00,9,15.09,37.82,30.20,14.20,0.00,7,38.54,27.87,0.5000
287593,3.91,0.00,14.51,8,14.52,181,0.90,2536,0.00,37.50,104,0,1.00,9,14.80,37.67,27.84,14.10,0.00,7,38.57,26.26,0.5000
287695,3.12,0.00,14.51,8,14.53,181,0.90,2547,0.00,37.50,104,0,0.50,9,14.80,38.12,27.45,14.10,0.00,7,38.95,26.26,0.5000
287797,2.34,0.00,14.51,8,14.52,181,0.89,2542,0.00,37.50,104,0,0.50,9,14.80,38.57,27.45,14.10,0.00,7,38.96,26.26,0.5000
287899,1.56,0.00,14.51,8,14.51,181,0.90,2583,0.00,37.50,104,0,0.50,9,14.80,38.42,27.45,14.30,0.00,7,38.94,26.26,0.5000
288001,0.78,0.00,14.51,8,14.51,181,0.90,2600,0.00,37.50,104,1,0.50,9,14.80,39.02,27.45,14.20,0.00,7,38.94,26.26,0.5000
288103,0.00,0.00,14.51,8,14.50,181,0.91,2605,0.00,37.50,102,1,0.50,9,14.80,39.29,27.45,14.20,0.00,7,39.00,26.11,0.5000
288205,-0.78,0.00,14.51,8,14.50,181,0.90,2643,0.00,37.50,102,2,0.50,9,14.95,39.77,27.45,14.20,0.00,7,39.15,26.12,0.5000
288307,-1.56,0.00,14.51,8,14.49,181,0.91,2636,0.00,38.00,102,2,0.50,9,14.80,38.40,27.45,14.40,0.00,7,39.24,26.12,0.5000
288409,-1.56,0.00,14.51,8,14.49,181,0.91,2676,0.00,37.50,102,3,0.50,9,14.80,40.48,27.45,14.40,0.00,7,39.20,26.12,0.5000
288511,-2.34,0.00,14.51,8,14.48,181,0.91,2678,0.00,38.00,102,4,0.50,9,14.80,40.36,27.45,14.40,0.00,7,39.26,26.12,0.5000
288613,-2.34,0.00,14.51,8,14.48,181,0.91,2716,0.00,38.00,102,5,0.50,9,14.95,40.72,27.45,14.30,0.00,7,39.60,26.12,0.5000
288715,-1.56,0.00,14.51,8,14.47,181,0.91,2732,0.00,38.00,102,6,0.50,9,14.95,40.84,27.45,14.50,0.00,7,39.61,26.12,0.5000
288818,-1.56,0.00,14.51,8,14.47,181,0.90,2732,0.00,38.00,102,6,0.00,9,14.95,41.19,27.45,14.40,0.00,7,39.89,26.12,0.5000
288919,-0.78,0.00,14.51,8,14.46,181,0.90,2771,0.00,38.00,102,7,0.00,9,14.95,41.43,27.45,14.40,0.00,7,39.98,25.97,0.5000
289021,-1.56,0.00,14.51,8,14.45,181,0.90,2789,0.00,38.50,102,8,0.00,9,14.95,41.91,27.45,14.40,0.00,7,39.94,25.97,0.5000
289123,-1.56,0.00,14.51,8,14.45,181,0.90,2789,0.00,38.50,102,9,0.00,9,14.95,41.55,27.45,14.40,0.00,7,40.09,25.97,0.5000
289225,-0.78,0.00,14.51,8,14.45,181,0.90,2808,0.00,38.50,102,9,0.00,9,14.95,42.39,27.45,14.30,0.00,7,40.12,25.97,0.5000
289328,-0.78,0.00,14.51,8,14.45,181,0.90,2842,0.00,38.50,102,10,0.00,9,14.80,42.74,27.06,14.40,0.00,7,40.11,25.83,0.5000
289429,-0.78,0.00,14.51,8,14.46,181,0.90,2861,0.00,38.50,102,11,0.00,9,14.95,42.74,27.06,14.40,0.00,7,40.08,25.68,0.5000
289531,-0.78,0.00,14.51,8,14.46,181,0.90,2881,0.00,38.50,100,12,0.00,9,14.80,43.46,27.06,14.40,0.00,7,40.12,25.53,0.5000
289633,0.00,0.00,14.51,8,14.47,181,0.90,2898,0.00,38.50,100,13,0.00,9,14.80,43.83,26.67,14.40,0.00,7,40.01,25.54,0.5000
289735,0.00,0.00,14.51,8,14.47,181,0.91,2893,0.00,38.50,100,14,0.00,9,14.80,43.58,26.67,14.50,0.00,7,40.04,25.53,0.5000
289837,0.00,0.00,14.51,8,14.47,181,0.90,2908,0.00,38.50,100,14,0.00,9,14.80,43.82,26.67,14.50,0.00,7,40.10,25.24,0.5000
289939,0.78,0.00,14.51,8,14.47,181,0.90,2926,0.00,38.50,100,15,0.00,9,14.65,43.82,26.27,14.40,0.00,7,40.12,25.24,0.5000
290041,0.78,0.00,14.51,8,14.48,181,0.89,2941,0.00,38.50,100,15,0.00,9,14.80,44.42,26.67,14.30,0.00,7,40.12,25.10,0.5000
290144,1.56,0.00,14.51,8,14.48,181,0.89,2962,0.00,38.50,100,16,0.00,9,14.65,43.94,25.88,14.50,0.00,7,40.12,24.81,0.5000
290245,1.56,0.00,14.51,8,14.48,181,0.89,2993,0.00,38.50,100,16,0.00,9,14.65,44.42,26.27,14.40,0.00,7,40.12,24.95,0.5000
290347,1.56,0.00,14.51,8,14.48,181,0.89,3011,0.00,38.50,100,16,0.00,9,14.65,44.54,26.27,14.40,0.00,7,40.12,24.81,0.5000
290449,1.56,0.00,14.51,8,14.49,181,0.89,3021,0.00,38.50,100,15,0.00,9,14.51,44.78,25.88,14.40,0.00,7,40.12,24.52,0.5000
290551,2.34,0.00,14.51,8,14.49,181,0.88,3039,0.00,38.50,100,14,0.00,9,14.65,44.30,25.88,14.40,0.00,7,40.12,24.81,0.5000
290653,2.34,0.00,14.51,8,14.49,181,0.88,3038,0.00,38.50,100,12,0.00,9,14.65,44.90,25.88,14.30,0.00,7,40.12,24.66,0.5000
290755,2.34,0.00,14.51,8,14.49,181,0.88,3057,0.00,38.50,100,10,0.00,9,14.65,44.78,25.88,14.40,0.00,7,40.12,24.81,0.5000
290857,2.34,0.00,14.51,8,14.50,181,0.87,3069,0.00,38.50,100,7,0.00,9,14.65,45.02,25.88,14.40,0.00,7,40.12,24.81,0.5000
290960,2.34,0.00,14.51,8,14.50,181,0.88,3108,0.00,38.50,99,5,0.00,9,14.65,45.26,25.88,14.40,0.00,7,40.12,24.81,0.5000
291061,2.34,0.00,14.51,8,14.50,181,0.87,3120,0.00,38.50,99,4,0.00,9,14.65,45.02,25.88,14.50,0.00,7,40.12,24.81,0.5000
291163,2.34,0.00,14.51,8,14.50,181,0.87,3118,0.00,38.50,99,4,0.00,9,14.80,45.26,26.27,14.50,0.00,7,40.12,25.10,0.5000
291265,3.12,0.00,14.51,8,14.51,181,0.87,3159,0.00,38.50,99,3,0.00,9,14.80,45.38,26.27,14.50,0.00,7,40.12,25.10,0.5000
291367,3.12,0.00,14.51,8,14.51,181,0.87,3170,0.00,38.50,99,3,0.00,9,14.80,46.22,26.27,14.50,0.00,7,40.12,25.09,0.5000
291469,3.91,0.00,14.51,8,14.51,181,0.87,3169,0.00,38.50,99,3,0.00,9,14.80,48.54,26.67,14.70,0.00,7,40.12,25.24,0.5000
291572,3.91,0.00,14.51,8,14.52,181,0.87,3214,0.00,38.50,99,3,0.00,9,14.95,43.66,26.67,14.50,0.00,12,40.12,25.39,0.5000
291673,4.69,0.00,14.51,8,14.52,181,0.87,3204,0.00,38.50,99,3,0.00,9,14.95,45.98,26.67,14.40,0.00,12,40.12,25.39,0.5000
291775,4.69,0.00,14.51,8,14.52,181,0.86,3246,0.00,38.50,99,3,0.00,9,14.95,46.70,26.67,14.60,0.00,12,40.12,25.39,0.5000
291877,4.69,0.00,14.51,8,14.52,181,0.86,3244,0.00,38.50,99,3,0.00,9,14.95,47.18,26.67,14.60,0.00,12,40.12,25.39,0.5000
291979,5.47,0.00,14.51,8,14.52,181,0.86,3283,0.00,38.50,99,4,0.00,9,14.95,47.30,26.67,14.40,0.00,12,40.12,25.39,0.5000
292081,5.47,0.00,14.51,8,14.52,181,0.86,3281,0.00,38.50,99,4,0.00,9,14.95,47.30,26.67,14.60,0.00,12,40.12,25.54,0.5000
292183,6.25,0.00,14.51,8,14.52,181,0.86,3298,0.00,38.50,99,5,0.00,9,14.95,47.66,26.67,14.50,0.00,12,40.12,25.39,0.5000
292285,6.25,0.00,14.51,8,14.52,181,0.86,3343,0.00,38.50,99,5,0.00,9,14.95,47.66,26.67,14.50,0.00,12,40.12,25.39,0.5000
292387,7.03,0.00,14.51,8,14.52,181,0.86,3337,0.00,38.50,99,5,0.00,9,14.95,48.02,26.67,14.60,0.00,12,40.12,25.39,0.5000
292489,7.03,0.00,14.51,8,14.52,181,0.86,3356,0.00,38.50,99,6,0.00,9,14.95,48.72,26.67,14.40,0.00,12,40.12,25.39,0.5000
292592,7.81,0.00,14.51,8,14.52,181,0.86,3398,0.00,38.50,99,7,0.00,9,14.95,48.96,26.67,14.40,0.00,12,40.12,25.39,0.5000
292693,7.81,0.00,14.51,8,14.52,181,0.86,3426,0.00,38.50,97,7,0.00,9,14.95,48.96,26.67,14.50,0.00,12,40.12,25.39,0.5000
292795,7.81,0.00,14.51,8,14.52,181,0.86,3419,0.00,39.00,97,8,0.00,9,14.95,49.82,26.67,14.50,0.00,12,40.12,25.39,0.5000
292897,7.03,0.00,14.51,8,14.52,181,0.87,3443,0.00,39.00,97,8,0.00,9,14.95,50.90,26.67,14.40,0.00,12,40.12,25.53,0.5000
292999,7.03,0.00,14.51,8,14.52,181,0.88,3462,0.00,39.00,97,9,0.00,9,15.09,51.33,26.67,14.50,0.00,12,40.12,25.53,0.5000
293101,7.03,0.00,14.51,8,14.52,181,0.89,3490,0.00,39.00,97,9,0.00,9,15.09,52.63,27.06,14.50,0.00,12,40.12,25.53,0.5000
293204,5.47,0.00,14.51,8,14.52,181,0.89,3516,0.00,39.00,97,10,0.00,9,15.09,52.63,26.67,14.20,0.00,12,40.12,25.53,0.5000
293305,4.69,0.00,14.51,8,14.52,181,0.90,3537,0.00,39.00,97,10,0.00,9,15.09,53.71,26.67,14.20,0.00,12,40.00,25.53,0.5000
293407,3.12,0.00,14.51,8,14.52,181,0.91,3564,0.00,39.00,97,10,0.00,9,15.09,58.43,26.67,14.20,0.00,12,40.08,25.53,0.5000
293509,2.34,0.00,14.51,8,14.52,181,0.92,3588,0.00,38.50,97,9,0.00,9,15.09,54.57,26.67,14.20,0.00,12,39.94,25.53,0.5000
293611,2.34,0.00,14.51,8,14.52,181,0.91,3608,0.00,38.50,97,9,0.00,9,15.24,56.30,26.67,14.30,0.00,12,39.94,25.53,0.5000
293713,2.34,0.00,14.51,8,14.52,181,0.91,3668,0.00,38.50,97,8,0.00,9,15.24,53.92,26.67,14.40,0.00,12,40.00,25.68,0.5000
293816,1.56,0.00,14.51,8,14.52,181,0.89,3685,0.00,39.00,97,7,0.00,9,13.49,41.19,25.88,14.50,0.00,12,40.12,19.57,0.5000
293918,-3.91,0.00,14.51,8,14.52,181,0.70,3548,0.00,40.50,97,7,0.00,9,7.69,25.55,10.20,12.00,0.00,11,43.82,8.25,0.5000
294020,-9.38,0.00,14.51,8,14.55,181,0.46,3438,0.00,40.00,97,7,0.00,9,5.66,16.86,7.84,10.10,0.00,11,37.88,7.22,0.5000
294122,-17.19,0.00,14.51,8,14.54,181,0.34,3404,0.00,35.00,97,6,0.00,9,4.79,14.64,7.45,10.30,0.00,11,33.68,7.08,0.5000
294224,-25.00,0.00,14.51,8,14.53,181,0.28,3436,0.00,31.00,97,7,0.00,9,4.35,13.77,7.45,10.20,0.00,11,30.34,6.93,0.5000
294326,0.00,0.00,14.51,8,14.53,181,0.25,3397,0.00,28.00,97,7,0.00,9,4.06,12.35,7.06,10.00,0.00,11,27.00,6.79,0.5000
294428,0.00,0.00,14.51,10,14.53,181,0.23,3363,0.00,24.50,97,7,0.00,9,4.06,12.26,7.06,10.30,0.00,11,23.95,6.93,0.5000
294530,0.00,0.00,14.51,10,14.53,181,0.22,3376,0.00,24.00,97,7,0.00,9,4.06,12.09,7.45,11.40,0.00,11,23.95,7.22,0.5000
294632,0.00,0.00,14.51,10,14.53,181,0.22,3368,0.00,24.00,97,8,0.00,9,4.21,12.00,7.45,12.70,0.00,11,23.95,7.37,0.5000
294734,0.00,0.00,14.51,10,14.54,181,0.22,3287,0.00,24.00,97,8,0.00,9,4.06,11.91,7.84,13.60,0.00,11,23.95,7.37,0.5000
294836,0.00,0.00,14.51,10,14.54,181,0.22,3280,0.00,24.00,97,8,0.00,9,4.21,12.09,7.84,15.30,0.00,11,23.95,7.51,0.5000
294938,0.00,0.00,14.51,10,14.54,181,0.22,3254,0.00,24.00,97,9,0.00,9,4.21,11.74,7.84,20.80,0.00,11,23.95,7.51,0.5000
295040,0.00,0.00,14.51,10,14.54,181,0.22,3263,0.00,24.00,97,10,0.00,9,4.21,11.48,7.84,33.00,0.00,11,23.95,7.51,0.5000
295142,0.00,0.00,14.51,10,14.54,181,0.21,3223,0.00,24.00,97,10,0.00,9,4.21,11.39,7.84,60.50,0.00,11,23.95,7.51,0.5000
295244,0.00,0.00,14.51,10,14.54,181,0.21,3235,0.00,24.00,97,10,0.00,9,4.21,11.39,7.84,83.20,0.00,11,23.95,7.37,0.5000
295347,0.00,0.00,14.51,10,14.55,181,0.21,3194,0.00,24.00,97,11,0.00,9,4.21,10.96,7.84,96.00,0.00,11,23.95,7.37,0.5000
295449,0.00,0.00,14.51,10,14.55,181,0.21,3200,0.00,24.00,97,12,0.00,9,4.21,10.78,7.84,96.00,0.00,11,23.95,7.37,0.5000
295551,0.00,0.00,14.51,10,14.55,181,0.20,3158,0.00,24.00,97,12,0.00,9,4.21,11.30,7.84,96.00,0.00,11,23.95,7.48,0.5000
295653,0.00,0.00,14.51,10,14.55,181,0.21,3164,0.00,24.00,97,12,0.00,9,4.21,11.48,7.84,96.00,0.00,6,23.95,7.37,0.5000
295755,0.00,0.00,14.51,10,14.56,181,0.21,3151,0.00,24.00,97,13,0.00,9,4.21,11.30,7.84,99.90,0.00,6,23.95,7.37,0.5000
295857,0.00,0.00,14.51,10,14.56,181,0.21,3108,0.00,24.00,97,13,0.00,9,4.21,10.96,7.84,99.90,0.00,6,23.95,7.37,0.5000
295959,0.00,0.00,14.51,10,14.56,181,0.21,3114,0.00,24.00,97,13,0.00,9,4.35,10.58,7.84,99.90,0.00,6,23.95,7.51,0.5000
296061,0.00,0.00,14.51,10,14.56,181,0.21,3103,0.00,28.00,97,14,0.00,9,4.35,10.96,7.84,99.90,0.00,6,29.99,7.66,0.5000
296163,0.00,0.00,14.51,10,14.55,181,0.21,3152,0.00,34.50,97,14,0.00,9,4.35,11.48,8.24,99.90,0.00,6,36.28,7.81,0.5000
296265,0.00,0.00,14.51,10,14.55,181,0.21,3146,0.00,40.00,97,14,0.00,9,4.35,11.13,8.24,81.30,0.00,6,39.82,7.81,0.5000
296367,0.00,0.00,14.51,10,14.55,181,0.21,3150,0.00,38.50,97,14,0.00,9,4.35,10.29,7.84,22.20,0.00,6,37.11,7.48,0.5000
296469,0.00,0.00,14.51,10,14.56,181,0.20,3119,0.00,35.00,97,14,0.00,9,4.21,10.18,7.84,16.70,0.00,6,33.78,7.37,0.5000
296571,0.00,0.00,14.51,10,14.56,181,0.20,3116,0.00,32.00,97,13,0.00,9,4.21,9.95,7.84,17.10,0.00,6,33.82,7.37,0.5000
296673,0.00,0.00,14.51,10,14.56,183,0.20,3129,0.00,38.00,97,13,0.00,9,4.21,10.52,8.24,13.30,0.00,6,39.74,7.81,0.5000
296774,0.00,0.00,14.51,10,14.56,183,0.20,3102,0.00,39.50,97,11,0.00,9,4.35,11.05,8.24,14.30,0.00,6,39.73,8.24,0.5000
296877,-4.69,0.00,14.51,8,14.56,183,0.21,3100,0.00,39.50,97,11,0.00,9,4.50,11.67,9.02,14.10,0.00,6,39.59,8.53,0.5000
296979,-3.91,0.00,14.51,8,14.56,183,0.22,3121,0.00,39.50,97,9,0.00,9,4.64,11.61,9.02,14.10,0.00,6,39.58,8.68,0.5000
297081,-2.34,0.00,14.51,8,14.57,183,0.22,3113,0.00,39.50,97,8,0.00,9,4.79,11.72,9.02,14.30,0.00,6,39.68,8.67,0.5000
297183,-0.78,0.00,14.51,8,14.57,183,0.23,3094,0.00,39.50,97,8,0.00,9,4.79,11.91,9.02,15.70,0.00,6,39.54,8.83,0.5000
297285,0.78,0.00,14.51,8,14.56,183,0.23,3090,0.00,39.50,97,6,0.00,9,4.79,12.11,9.02,14.90,0.00,6,39.53,8.68,0.5000
297387,0.00,0.00,14.51,8,14.56,183,0.23,3108,0.00,39.50,97,6,0.00,9,4.79,11.94,9.02,15.10,0.00,6,39.63,8.68,0.5000
297489,-0.78,0.00,14.51,8,14.57,183,0.23,3077,0.00,39.50,97,6,0.00,9,4.79,11.24,9.02,15.50,0.00,6,39.58,8.68,0.5000
297591,-0.78,0.00,14.51,8,14.57,183,0.22,3070,0.00,39.50,97,5,0.00,9,4.50,10.52,8.24,14.20,0.00,6,39.42,7.81,0.5000
297693,-2.34,0.00,14.51,8,14.57,183,0.21,3048,0.00,39.50,97,5,0.00,9,4.35,10.24,8.24,14.40,0.00,6,39.31,7.81,0.5000
297795,-3.12,0.00,14.51,8,14.57,183,0.20,3071,0.00,39.50,97,5,0.00,9,4.35,9.95,8.24,14.30,0.00,6,39.43,7.81,0.5000
297897,-3.12,0.00,14.51,8,14.57,183,0.20,3065,0.00,39.50,97,5,0.00,9,4.35,10.12,8.24,14.20,0.00,6,39.40,7.81,0.5000
297999,-3.12,0.00,14.51,8,14.58,183,0.20,3032,0.00,39.00,97,5,0.00,9,4.35,10.06,8.24,14.20,0.00,6,39.35,7.81,0.5000
298101,-3.12,0.00,14.51,8,14.58,183,0.20,3017,0.00,39.00,97,5,0.00,9,4.21,9.83,8.24,14.30,0.00,6,39.17,7.81,0.5000
298203,-3.12,0.00,14.51,8,14.57,183,0.20,3022,0.00,39.50,97,5,0.00,9,4.35,10.01,8.24,14.40,0.00,6,39.14,7.81,0.5000
298305,-3.12,0.00,14.51,8,14.58,183,0.20,3033,0.00,39.00,97,6,0.00,9,4.35,9.95,8.24,14.40,0.00,6,39.11,7.81,0.5000
298407,-3.12,0.00,14.51,8,14.58,183,0.20,3024,0.00,39.00,97,6,0.00,9,4.35,9.72,8.24,14.60,0.00,6,39.05,7.81,0.5000
298509,-2.34,0.00,14.51,8,14.58,183,0.19,3018,0.00,39.00,97,6,0.00,9,4.35,10.06,8.63,14.60,0.00,6,39.12,8.10,0.5000
298611,-2.34,0.00,14.51,8,14.59,183,0.20,3006,0.00,39.00,97,6,0.00,9,4.35,10.18,8.63,14.60,0.00,6,39.11,8.10,0.5000
298713,-0.78,0.00,14.51,8,14.59,183,0.20,3004,0.00,39.00,97,7,0.00,9,4.50,10.12,8.63,14.80,0.00,6,39.06,8.10,0.5000
298815,0.00,0.00,14.51,8,14.59,183,0.20,2968,0.00,39.00,97,7,0.00,9,4.50,12.74,8.63,14.80,0.00,6,39.02,8.10,0.5000
298917,0.78,0.00,14.51,8,14.59,183,0.20,2969,0.00,39.00,97,8,0.00,9,4.50,9.89,8.63,14.80,0.00,6,39.01,8.24,0.5000
299020,1.56,0.00,14.51,8,14.59,183,0.20,2964,0.00,39.00,97,8,0.00,9,4.50,9.95,8.63,15.00,0.00,6,39.00,8.10,0.5000
299121,1.56,0.00,14.51,8,14.59,183,0.20,2956,0.00,39.00,97,9,0.00,9,4.50,10.12,8.63,14.70,0.00,6,38.94,8.10,0.5000
299223,1.56,0.00,14.51,8,14.59,183,0.21,2947,0.00,39.00,97,9,0.00,9,4.50,9.37,8.63,15.10,0.00,6,37.62,7.81,0.5000
299325,1.56,0.00,14.51,8,14.59,183,0.20,2937,0.00,35.50,97,9,0.00,9,4.35,9.43,7.84,14.80,0.00,6,34.58,7.66,0.5000
299428,1.56,0.00,14.51,8,14.60,183,0.19,2920,0.00,33.00,97,10,0.00,9,4.21,8.97,7.84,14.40,0.00,6,31.76,7.51,0.5000
299529,0.78,0.00,14.51,8,14.60,183,0.19,2908,0.00,30.00,97,10,0.00,9,4.21,8.91,7.84,14.40,0.00,6,28.75,7.51,0.5000
299631,0.00,0.00,14.51,8,14.60,183,0.19,2879,0.00,27.00,97,10,0.00,9,4.21,9.14,7.84,14.30,0.00,6,26.02,7.51,0.5000
299733,0.00,0.00,14.51,10,14.61,183,0.19,2858,0.00,24.00,97,11,0.00,9,4.21,9.03,7.84,15.50,0.00,6,23.95,7.51,0.5000
299836,0.00,0.00,14.51,10,14.61,183,0.19,2860,0.00,24.00,97,11,0.00,9,4.21,9.32,8.24,16.30,0.00,6,23.95,7.51,0.5000
299937,0.00,0.00,14.51,10,14.61,183,0.20,2848,0.00,24.00,97,12,0.00,9,4.35,8.91,7.84,19.20,0.00,6,23.95,7.51,0.5000
300040,0.00,0.00,14.51,10,14.62,183,0.19,2814,0.00,24.00,97,12,0.00,9,4.35,8.63,7.84,21.60,0.00,6,23.95,7.51,0.5000
300142,0.00,0.00,14.51,10,14.62,183,0.19,2767,0.00,24.00,97,13,0.00,9,4.35,8.97,7.84,24.60,0.00,6,23.95,7.51,0.5000
300243,0.00,0.00,14.51,10,14.62,183,0.19,2768,0.00,24.00,97,13,0.00,9,4.35,9.03,7.84,32.90,0.00,6,23.95,7.51,0.5000
300346,0.00,0.00,14.51,10,14.62,183,0.19,2748,0.00,24.00,97,13,0.00,9,4.35,8.91,7.84,57.90,0.00,6,23.95,7.51,0.5000
300447,0.00,0.00,14.51,10,14.62,183,0.20,2710,0.00,24.00,97,14,0.00,9,4.35,9.37,7.84,83.50,0.00,6,23.95,7.51,0.5000
300549,0.00,0.00,14.51,10,14.62,183,0.20,2716,0.00,24.00,97,14,0.00,9,4.50,8.81,7.84,94.10,0.00,6,23.95,7.51,0.5000
300651,0.00,0.00,14.51,10,14.62,183,0.20,2680,0.00,24.00,97,15,0.00,9,4.50,8.97,7.84,96.00,0.00,6,23.95,7.51,0.5000
300753,0.00,0.00,14.51,10,14.61,183,0.20,2662,0.00,24.00,99,15,0.00,9,4.50,9.03,7.84,96.00,0.00,6,23.95,7.51,0.5000
300856,0.00,0.00,14.51,10,14.61,183,0.20,2667,0.00,24.00,99,16,0.00,9,4.50,8.81,7.84,96.00,0.00,6,23.95,7.51,0.5000
300958,0.00,0.00,14.51,10,14.61,183,0.20,2630,0.00,24.00,99,16,0.00,9,4.50,8.91,7.84,99.90,0.00,6,23.95,7.66,0.5000
301059,0.00,0.00,14.51,10,14.61,183,0.20,2634,0.00,24.00,99,16,0.00,9,4.64,9.20,7.84,99.90,0.00,6,23.95,7.66,0.5000
301162,0.00,0.00,14.51,10,14.61,183,0.21,2618,0.00,24.00,99,16,0.00,9,4.50,9.26,7.84,99.90,0.00,6,23.95,7.51,0.5000
301264,0.00,0.00,14.51,10,14.61,183,0.21,2582,0.00,24.00,99,16,0.00,9,4.64,9.37,7.84,99.90,0.00,6,23.95,7.51,0.5000
301365,0.00,0.00,14.51,10,14.61,183,0.21,2586,0.00,24.00,99,16,0.00,9,4.64,9.26,7.84,99.90,0.00,6,23.95,7.51,0.5000
301468,0.00,0.00,14.51,10,14.61,183,0.22,2550,0.00,24.00,99,15,0.00,9,4.64,8.97,7.84,99.90,0.00,6,23.95,7.51,0.5000
301569,0.00,0.00,14.51,10,14.61,183,0.21,2535,0.00,24.00,99,13,0.00,9,4.64,9.03,7.84,99.90,0.00,6,23.95,7.51,0.5000
301672,0.00,0.00,14.51,10,14.61,183,0.21,2540,0.00,24.00,99,10,0.00,9,4.64,9.26,7.84,99.90,0.00,6,23.95,7.51,0.5000
301774,0.00,0.00,14.51,10,14.61,183,0.22,2508,0.00,24.00,99,8,0.00,9,4.64,9.49,7.84,99.90,0.00,6,23.95,7.66,0.5000
301875,0.00,0.00,14.51,10,14.61,183,0.22,2499,0.00,24.00,99,6,0.00,9,4.64,9.14,7.84,99.90,0.00,6,23.95,7.66,0.5000
301978,0.00,0.00,14.51,10,14.61,183,0.22,2508,0.00,24.00,99,5,0.00,9,4.64,8.81,7.84,99.90,0.00,6,23.95,7.51,0.5000
302080,0.00,0.00,14.51,10,14.61,183,0.22,2495,0.00,24.00,99,3,0.00,9,4.64,8.91,7.84,99.90,0.00,6,23.95,7.51,0.5000
302182,0.00,0.00,14.51,10,14.61,183,0.22,2463,0.00,24.00,99,3,0.00,9,4.64,9.32,7.84,99.90,0.00,6,23.95,7.51,0.5000
302284,0.00,0.00,14.51,10,14.61,183,0.22,2454,0.00,24.00,99,2,0.00,9,4.79,9.49,7.84,99.90,0.00,6,23.95,7.51,0.5000
302385,0.00,0.00,14.51,10,14.61,183,0.23,2445,0.00,24.00,99,1,0.00,9,4.79,9.09,7.84,99.90,0.00,6,23.95,7.51,0.5000
302488,0.00,0.00,14.51,10,14.61,183,0.22,2454,0.00,24.00,99,0,0.00,9,4.79,9.43,7.84,99.90,0.00,6,23.95,7.51,0.5000
302590,0.00,0.00,14.51,10,14.61,183,0.23,2443,0.00,24.00,99,0,0.00,9,4.79,9.26,7.84,99.90,0.00,6,23.95,7.51,0.5000
302691,0.00,0.00,14.51,10,14.60,183,0.23,2433,0.00,24.00,99,0,0.00,9,4.93,9.32,7.84,99.90,0.00,6,23.95,7.51,0.5000
302794,0.00,0.00,14.51,10,14.60,183,0.23,2424,0.00,24.00,99,0,0.00,9,4.93,9.49,8.24,99.90,0.00,6,23.95,7.51,0.5000
302896,0.00,0.00,14.51,10,14.60,183,0.23,2396,0.00,24.00,99,0,0.00,9,4.93,9.32,7.84,99.90,0.00,6,23.95,7.51,0.5000
302998,0.00,0.00,14.51,10,14.60,183,0.23,2386,0.00,24.00,99,0,0.00,9,4.93,9.49,7.84,99.90,0.00,6,23.95,7.51,0.5000
303100,0.00,0.00,14.51,10,14.60,183,0.23,2379,0.00,24.00,100,0,0.00,9,4.93,9.37,7.84,99.90,0.00,6,23.95,7.51,0.5000
303201,0.00,0.00,14.51,10,14.60,183,0.23,2370,0.00,24.00,100,0,0.00,9,4.93,9.60,7.84,99.90,0.00,6,23.95,7.51,0.5000
303304,0.00,0.00,14.51,10,14.60,183,0.24,2355,0.00,24.00,100,0,0.00,9,5.08,9.37,7.84,99.90,0.00,6,23.95,7.51,0.5000
303406,0.00,0.00,14.51,10,14.60,183,0.24,2343,0.00,24.00,100,0,0.00,9,5.08,9.37,7.84,99.90,0.00,1,23.95,7.51,0.5000
303508,0.00,0.00,14.51,10,14.60,183,0.24,2336,0.00,24.00,100,0,0.00,9,5.08,9.26,7.84,99.90,0.00,1,23.95,7.48,0.5000
303610,0.00,0.00,14.51,10,14.60,183,0.24,2330,0.00,24.00,100,0,0.00,9,5.08,9.20,7.84,99.90,0.00,1,23.95,7.37,0.5000
303712,0.00,0.00,14.51,10,14.60,183,0.24,2316,0.00,24.00,100,0,0.00,9,5.08,9.37,7.84,99.90,0.00,1,23.95,7.37,0.5000
303814,0.00,0.00,14.51,10,14.59,183,0.24,2297,0.00,24.00,100,0,0.00,9,5.22,9.09,7.84,99.90,0.00,1,23.95,7.37,0.5000
303916,0.00,0.00,14.51,10,14.59,183,0.24,2278,0.00,24.00,100,0,0.00,9,5.22,9.03,7.84,99.90,0.00,1,23.95,7.37,0.5000
304017,0.00,0.00,14.51,10,14.59,183,0.24,2282,0.00,24.00,100,0,0.00,9,5.22,9.14,7.84,99.90,0.00,1,23.95,7.37,0.5000
304120,0.00,0.00,14.51,10,14.59,183,0.24,2267,0.00,24.00,100,0,0.00,9,5.22,9.03,7.45,99.90,0.00,1,23.95,7.22,0.5000
304222,0.00,0.00,14.51,10,14.59,183,0.24,2250,0.00,24.00,100,0,0.00,9,5.22,8.91,7.45,99.90,0.00,1,23.95,7.22,0.5000
304324,0.00,0.00,14.51,10,14.59,183,0.24,2215,0.00,24.00,100,0,0.00,9,5.22,8.63,7.84,99.90,0.00,1,23.95,7.22,0.5000
304426,0.00,0.00,14.51,10,14.59,183,0.24,2193,0.00,24.00,100,0,0.00,9,5.22,8.87,7.45,99.90,0.00,1,23.95,7.22,0.5000
304528,0.00,0.00,14.51,10,14.58,183,0.24,2194,0.00,24.00,100,0,0.00,9,5.22,8.81,7.45,99.90,0.00,1,23.95,7.23,0.5000
304630,0.00,0.00,14.51,10,14.58,183,0.24,2177,0.00,24.00,100,0,0.00,9,5.37,8.45,7.45,99.90,0.00,1,23.95,7.22,0.5000
304732,0.00,0.00,14.51,10,14.58,183,0.24,2144,0.00,24.00,100,0,0.00,9,5.37,8.41,7.45,99.90,0.00,1,23.95,7.08,0.5000
304834,0.00,0.00,14.51,10,14.58,183,0.24,2145,0.00,24.00,100,0,0.00,9,5.37,8.50,7.45,99.90,0.00,1,23.95,7.08,0.5000
304936,0.00,0.00,14.51,10,14.58,183,0.24,2112,0.00,24.00,100,1,0.00,9,5.37,8.50,7.45,99.90,0.00,1,23.95,6.93,0.5000
305038,0.00,0.00,14.51,10,14.57,183,0.24,2090,0.00,24.00,100,1,0.00,9,5.37,8.28,7.45,99.90,0.00,1,23.95,6.93,0.5000
305140,0.00,0.00,14.51,10,14.57,183,0.24,2085,0.00,24.00,100,2,0.00,9,5.37,8.50,7.45,99.90,0.00,1,23.95,6.93,0.5000
305242,0.00,0.00,14.51,10,14.57,183,0.24,2049,0.00,24.00,100,2,0.00,9,5.37,8.28,7.06,99.90,0.00,1,23.95,6.78,0.5000
305344,0.00,0.00,14.51,10,14.57,183,0.24,2048,0.00,24.00,102,2,0.00,9,5.37,8.32,7.06,99.90,0.00,1,23.95,6.79,0.5000
305446,0.00,0.00,14.51,10,14.56,183,0.24,2009,0.00,24.00,102,3,0.00,9,5.37,8.32,7.06,99.90,0.00,1,23.95,6.79,0.5000
305548,0.00,0.00,14.51,10,14.56,183,0.25,1990,0.00,24.00,102,3,0.00,9,5.37,8.19,7.06,99.90,0.00,1,23.95,6.64,0.5000
305650,0.00,0.00,14.51,10,14.56,183,0.25,1982,0.00,24.00,102,3,0.00,9,5.37,8.19,7.06,99.90,0.00,1,23.95,6.64,0.5000
305752,0.00,0.00,14.51,10,14.56,183,0.25,1941,0.00,24.00,102,4,0.00,9,5.37,7.96,7.06,99.90,0.00,1,23.95,6.49,0.5000
305854,0.00,0.00,14.51,10,14.56,183,0.25,1915,0.00,24.00,102,4,0.00,9,5.37,8.14,7.06,99.90,0.00,1,23.95,6.65,0.5000
305956,0.00,0.00,14.51,10,14.56,183,0.25,1896,0.00,24.00,102,5,0.00,9,5.37,8.01,7.06,99.90,0.00,1,23.95,6.65,0.5000
306058,0.00,0.00,14.51,10,14.57,183,0.25,1863,0.00,24.00,102,5,0.00,9,5.51,7.92,6.67,99.90,0.00,1,23.95,6.50,0.5000
306160,0.00,0.00,14.51,10,14.57,183,0.26,1826,0.00,24.00,102,6,0.00,9,5.51,8.01,6.67,99.90,0.00,1,23.95,6.50,0.5000
306262,0.00,0.00,14.51,10,14.57,183,0.26,1788,0.00,23.50,102,6,0.00,9,5.51,7.60,6.67,99.90,0.00,1,23.26,6.35,0.5000
306364,0.00,0.00,14.51,10,14.57,183,0.26,1745,0.00,23.00,102,6,0.00,9,5.51,7.83,6.67,99.90,0.00,1,22.43,6.20,0.5000
306466,0.00,0.00,14.51,10,14.57,183,0.27,1700,0.00,22.00,102,7,0.00,9,5.66,7.65,6.67,99.90,0.00,1,21.57,6.21,0.5000
306568,0.00,0.00,14.51,10,14.57,183,0.27,1650,0.00,21.00,102,7,0.00,9,5.66,7.60,6.27,99.90,0.00,1,20.59,6.06,0.5000
306670,0.00,0.00,14.51,10,14.57,183,0.28,1592,0.00,20.50,102,8,0.00,9,5.80,7.51,6.27,99.90,0.00,1,20.04,6.06,0.5000
306772,0.00,0.00,14.51,10,14.58,183,0.28,1536,0.00,19.50,102,8,0.00,9,5.95,7.56,6.27,99.90,0.00,1,19.40,6.06,0.5000
306874,0.00,0.00,14.51,10,14.58,183,0.29,1497,0.00,19.00,102,8,0.00,9,6.09,7.56,6.27,99.90,0.00,1,18.74,5.92,0.5000
306976,0.00,0.00,14.51,10,14.59,183,0.30,1430,0.00,18.50,102,9,0.00,9,6.09,7.38,5.88,99.90,0.00,1,18.28,5.77,0.5000
307078,0.00,0.00,14.51,10,14.59,183,0.30,1381,0.00,18.00,102,9,0.00,9,6.24,7.51,5.88,99.90,0.00,1,17.86,5.62,0.5000
307180,0.00,0.00,14.51,10,14.60,183,0.31,1324,0.00,17.50,102,9,0.00,9,6.38,7.03,5.88,99.90,0.00,1,17.43,5.63,0.5000
307282,0.00,0.00,14.51,10,14.60,183,0.32,1263,0.00,17.00,102,10,0.00,9,6.53,6.74,5.88,99.90,0.00,1,17.10,5.63,0.5000
307384,0.00,0.00,14.51,10,14.60,183,0.32,1198,0.00,17.00,102,4,0.00,9,6.67,6.89,5.88,99.90,0.00,1,16.91,5.48,0.5000
307486,0.00,0.00,14.51,10,14.62,183,0.34,1124,0.00,22.00,102,1,0.00,9,6.96,6.59,5.49,99.90,0.00,1,16.91,5.33,0.5000
307589,0.00,0.00,14.51,10,14.64,183,0.35,1067,0.00,22.00,104,0,0.00,9,7.25,6.30,5.49,99.90,0.00,1,16.91,5.19,0.5000
307690,0.00,0.00,14.51,10,14.60,183,0.34,1298,0.00,17.00,104,0,0.00,9,7.11,6.11,5.49,99.90,0.00,1,17.51,5.04,0.5000
307792,0.00,0.00,14.51,10,14.59,183,0.31,1385,0.00,18.00,104,0,0.00,9,6.67,6.55,5.49,99.90,0.00,1,17.89,5.63,0.5000
307894,0.00,0.00,14.51,10,14.59,183,0.30,1359,0.00,18.00,104,0,0.00,9,6.53,6.98,5.88,75.40,0.00,1,17.76,5.77,0.5000
307996,0.00,0.00,14.51,10,14.59,183,0.30,1339,0.00,17.50,104,0,0.00,9,6.53,6.98,5.88,23.70,0.00,1,17.55,5.77,0.5000
308098,0.00,0.00,14.51,10,14.60,183,0.31,1313,0.00,17.50,104,0,0.00,9,6.53,6.98,5.88,18.60,0.00,1,17.43,5.77,0.5000
308200,0.00,0.00,14.51,10,14.60,183,0.31,1259,0.00,17.50,104,0,0.00,9,6.53,6.74,5.88,17.60,0.00,1,17.22,5.63,0.5000
308302,0.00,0.00,14.51,10,14.60,183,0.32,1218,0.00,17.00,104,0,0.00,9,6.53,6.59,5.88,17.70,0.00,1,17.01,5.48,0.5000
308404,0.00,0.00,14.51,10,14.61,183,0.32,1170,0.00,17.00,104,0,0.00,9,6.67,6.45,5.88,17.00,0.00,1,16.91,5.33,0.5000
308506,0.00,0.00,14.51,10,14.62,183,0.33,1114,0.00,22.00,104,0,0.00,9,6.82,6.40,5.49,17.00,0.00,1,16.91,5.33,0.5000
308608,0.00,0.00,14.51,8,14.63,183,0.33,1092,0.00,22.00,104,0,0.00,9,6.96,6.20,5.49,16.60,0.00,1,16.91,5.19,0.5000
308710,0.00,0.00,14.51,8,14.63,183,0.34,1065,0.00,22.00,104,0,0.00,9,7.11,6.06,5.49,16.00,0.00,1,16.91,5.19,0.5000
308812,0.00,0.00,14.51,8,14.64,183,0.34,1018,0.00,22.00,104,0,0.00,9,7.25,5.89,5.49,15.80,0.00,1,16.91,5.19,0.5000
308914,-0.78,0.00,14.51,8,14.65,183,0.34,975,0.00,22.00,104,0,0.00,9,7.40,5.84,5.49,15.80,0.00,1,16.91,5.34,0.5000
309016,-0.78,0.00,14.51,8,14.66,183,0.35,936,0.00,22.00,104,0,0.00,9,7.84,6.25,5.88,15.80,0.00,1,16.91,5.48,0.5000
309118,-0.78,0.00,14.51,8,14.67,183,0.37,897,0.00,22.00,104,0,0.00,9,8.13,6.15,5.88,14.80,0.00,1,16.91,5.63,0.5000
309221,-1.56,0.00,14.51,8,14.68,183,0.38,876,0.00,22.00,104,0,0.00,9,8.42,6.20,5.88,14.40,0.00,1,16.91,5.63,0.5000
309322,-0.78,0.00,14.51,8,14.68,183,0.40,856,0.00,22.00,104,0,0.00,9,8.71,6.06,5.88,14.50,0.00,1,16.91,5.48,0.5000
309424,-0.78,0.00,14.51,8,14.68,183,0.41,858,0.00,22.00,104,0,0.00,9,8.85,5.89,5.49,14.50,0.00,1,16.91,5.19,0.5000
309526,-1.56,0.00,14.51,8,14.67,183,0.41,868,0.00,21.50,104,0,0.00,9,9.00,5.67,5.49,14.50,0.00,1,16.91,4.75,0.5000
309628,-1.56,0.00,14.51,8,14.67,183,0.40,882,0.00,21.00,104,0,0.00,9,8.85,5.60,4.71,14.40,0.00,1,16.91,4.61,0.5000
309731,-1.56,0.00,14.51,8,14.68,183,0.40,877,0.00,21.00,104,0,0.00,9,8.71,5.53,4.71,14.40,0.00,1,16.91,4.46,0.5000
309832,-1.56,0.00,14.51,8,14.68,183,0.39,868,0.00,21.50,104,0,0.00,9,8.56,5.48,4.71,14.50,0.00,1,16.91,4.46,0.5000
309934,-1.56,0.00,14.51,8,14.68,183,0.39,840,0.00,22.00,104,0,0.00,9,8.56,5.46,4.71,14.50,0.00,1,16.91,4.46,0.5000
310037,-1.56,0.00,14.51,8,14.69,183,0.39,831,0.00,22.00,104,0,0.00,9,8.42,5.43,4.71,14.50,0.00,1,16.91,4.46,0.5000
310138,-2.34,0.78,14.51,8,14.69,183,0.39,806,0.00,22.00,104,0,0.00,9,8.56,5.38,4.71,14.40,0.00,1,16.91,4.46,0.5000
310240,-2.34,0.78,14.51,8,14.69,183,0.39,800,0.00,22.00,106,0,0.00,9,8.56,5.22,4.71,14.40,0.00,1,16.91,4.32,0.5000
310343,-2.34,2.34,14.51,8,14.69,183,0.39,800,0.00,22.00,106,0,0.00,9,8.56,5.19,4.71,14.30,0.00,1,16.91,4.17,0.5000
310444,-3.12,2.34,14.51,8,14.69,183,0.39,789,0.00,22.00,106,0,0.00,9,8.56,5.22,4.31,14.30,0.00,1,16.91,4.17,0.5000
310546,-3.12,2.34,14.51,8,14.69,183,0.39,782,0.00,22.00,106,0,0.00,9,8.56,5.15,4.31,14.30,0.00,1,16.91,4.17,0.5000
310648,-3.12,2.34,14.51,8,14.69,183,0.39,782,0.00,22.00,106,0,0.00,9,8.56,5.22,4.31,14.30,0.00,1,16.91,4.17,0.5000
310750,-3.91,2.34,14.51,8,14.69,183,0.40,778,0.00,22.00,106,0,0.00,9,8.71,5.15,4.71,14.20,0.00,1,16.91,4.17,0.5000
310853,-3.91,2.34,14.51,8,14.69,183,0.40,772,0.00,22.00,106,0,0.00,9,8.71,5.10,4.31,14.30,0.00,1,16.91,4.32,0.5000
310955,-4.69,2.34,14.51,8,14.69,183,0.39,783,0.00,21.50,106,0,0.00,9,8.71,5.07,4.31,14.10,0.00,1,16.91,4.17,0.5000
311057,-4.69,2.34,14.51,8,14.69,183,0.39,782,0.00,20.50,106,0,0.00,9,8.71,7.66,4.31,14.10,0.00,1,16.91,4.32,0.5000
311158,-4.69,2.34,14.51,8,14.69,183,0.39,778,0.00,21.00,106,0,0.00,9,8.71,5.02,4.31,14.10,0.00,1,16.91,4.17,0.5000
311261,-5.47,2.34,14.51,8,14.69,183,0.39,782,0.00,20.50,106,0,0.00,9,8.71,4.99,4.31,14.10,0.00,1,16.91,4.17,0.5000
311363,-5.47,2.34,14.51,8,14.69,183,0.39,782,0.00,19.50,106,0,0.00,9,8.71,2.56,4.31,14.00,0.00,1,16.91,4.32,0.5000
311465,-5.47,2.34,14.51,8,14.69,183,0.39,776,0.00,20.00,106,0,0.00,9,8.71,5.02,4.31,14.10,0.00,1,16.91,4.17,0.5000
311566,-5.47,2.34,14.51,8,14.69,183,0.39,786,0.00,19.50,106,0,0.00,9,8.71,5.10,4.71,14.10,0.00,1,16.91,4.17,0.5000
311669,-5.47,2.34,14.51,8,14.69,183,0.39,778,0.00,18.50,106,0,0.00,9,8.56,4.94,3.92,14.20,0.00,1,16.91,3.88,0.5000
311770,-5.47,2.34,14.51,8,14.69,183,0.39,768,0.00,20.00,106,0,0.00,9,8.56,4.83,3.92,14.20,0.00,1,16.91,3.88,0.5000
311873,-5.47,2.34,14.51,8,14.69,183,0.38,763,0.00,19.50,106,0,0.00,9,8.42,4.83,3.92,14.30,0.00,1,16.91,3.88,0.5000
311976,-5.47,2.34,14.51,8,14.69,183,0.38,762,0.00,19.50,106,0,0.00,9,8.42,4.83,3.92,14.40,0.00,1,16.91,3.88,0.5000
312078,-5.47,2.34,14.51,8,14.69,183,0.38,751,0.00,17.00,106,0,0.00,9,8.42,4.77,3.92,14.40,0.00,1,17.03,3.88,0.5000
312179,-5.47,2.34,14.51,8,14.69,183,0.39,740,0.00,18.50,106,0,0.00,9,9.58,5.95,7.06,14.40,0.00,1,19.16,9.38,0.5000
312282,-6.25,2.34,14.51,8,14.68,183,0.43,766,0.00,22.50,106,0,0.00,9,12.04,10.58,14.12,14.30,0.00,1,26.14,14.05,0.5000
312383,-8.59,2.34,14.51,8,14.62,183,0.54,922,0.00,27.50,106,0,0.00,9,13.06,10.11,14.90,14.30,0.00,1,28.84,14.20,0.5000
312485,-10.16,2.34,14.51,8,14.61,183,0.56,1147,0.00,28.50,106,0,0.00,9,13.20,10.30,14.90,14.20,0.00,1,30.80,14.20,0.5000
312587,-7.03,2.34,14.51,8,14.60,183,0.54,1261,0.00,30.50,106,0,0.00,9,12.77,11.13,14.12,13.80,0.00,1,32.68,13.69,0.5000
312690,1.56,2.34,14.51,8,14.60,183,0.53,1264,0.00,32.00,106,0,0.00,9,12.62,12.11,14.51,14.00,0.00,1,33.25,13.91,0.5000
312792,13.28,0.00,14.51,8,14.60,183,0.55,1298,0.00,32.50,106,0,0.00,9,12.48,13.19,14.51,16.30,0.00,1,33.80,13.91,0.5000
312894,17.19,0.00,14.51,8,14.59,183,0.57,1360,0.00,33.00,106,0,0.00,9,12.33,13.29,14.51,18.00,0.00,1,35.34,13.76,0.5000
312996,16.41,0.00,14.51,8,14.59,183,0.57,1445,0.00,35.00,106,0,0.00,9,12.19,13.82,14.51,18.00,0.00,1,37.46,13.76,0.5000
313098,11.72,0.00,14.51,8,14.58,183,0.57,1520,0.00,37.50,106,0,0.00,9,12.04,14.51,14.12,16.80,0.00,1,39.27,13.62,0.5000
313200,9.38,0.00,14.51,8,14.58,183,0.57,1534,0.00,38.00,106,0,0.00,9,11.90,14.96,14.12,15.50,0.00,1,40.02,13.62,0.5000
313302,10.16,0.00,14.51,8,14.58,183,0.57,1542,0.00,38.50,106,0,0.50,9,11.75,17.85,14.51,14.10,0.00,1,39.83,13.62,0.5000
313404,10.16,0.00,14.51,8,14.58,183,0.58,1553,0.00,38.00,106,0,0.50,9,11.75,15.16,14.51,14.20,0.00,1,39.41,13.69,0.5000
313506,9.38,0.00,14.51,8,14.58,183,0.59,1538,0.00,38.00,106,1,0.50,9,11.90,15.78,14.51,14.30,0.00,1,39.49,13.76,0.5000
313608,7.81,0.00,14.51,8,14.58,183,0.60,1544,0.00,37.50,106,1,0.50,9,11.90,15.81,14.51,14.20,0.00,1,38.95,13.76,0.5000
313710,7.03,0.00,14.51,8,14.58,183,0.60,1562,0.00,37.50,106,1,0.50,9,11.90,15.89,14.51,14.20,0.00,1,39.02,13.76,0.5000
313812,6.25,0.00,14.51,8,14.58,183,0.61,1555,0.00,38.00,106,1,0.50,9,11.90,16.11,14.51,14.10,0.00,1,39.36,13.76,0.5000
313915,5.47,0.00,14.51,8,14.58,183,0.61,1576,0.00,38.00,106,1,0.50,9,11.90,16.11,14.51,14.10,0.00,1,39.06,13.76,0.5000
314017,4.69,0.00,14.51,8,14.58,183,0.61,1585,0.00,38.00,106,1,0.50,9,11.90,16.11,14.51,14.10,0.00,1,39.31,13.69,0.5000
314119,3.91,0.00,14.51,8,14.58,183,0.61,1582,0.00,38.00,106,2,0.50,9,11.75,16.21,14.12,14.20,0.00,1,39.79,13.62,0.5000
314221,3.91,0.00,14.51,8,14.58,183,0.61,1590,0.00,38.50,106,2,0.50,9,11.75,16.48,14.12,14.20,0.00,1,39.83,13.69,0.5000
314323,3.12,0.00,14.51,8,14.58,183,0.61,1609,0.00,38.00,106,2,0.50,9,11.75,16.68,14.12,14.20,0.00,1,39.67,13.62,0.5000
314425,3.12,0.00,14.51,8,14.58,183,0.62,1620,0.00,38.00,106,2,0.50,9,11.75,16.88,14.12,14.20,0.00,1,39.75,13.62,0.5000
314527,3.12,0.00,14.51,8,14.58,183,0.62,1618,0.00,38.50,106,2,1.00,9,11.75,17.17,14.12,14.30,0.00,1,39.65,13.69,0.5000
314629,2.34,0.00,14.51,8,14.58,183,0.63,1628,0.00,38.50,106,2,0.50,9,11.61,16.50,13.73,14.30,0.00,1,39.93,13.04,0.5000
314731,0.78,0.00,14.51,8,14.58,183,0.62,1646,0.00,38.50,106,3,0.50,9,11.17,16.41,12.94,14.20,0.00,1,40.21,12.02,0.5000
314833,-0.78,0.00,14.51,8,14.58,183,0.61,1639,0.00,38.50,106,3,0.50,9,11.03,16.10,12.55,14.00,0.00,1,40.35,12.02,0.5000
314935,-1.56,0.00,14.51,8,14.58,183,0.60,1621,0.00,39.00,106,4,0.50,9,10.88,16.35,12.55,14.00,0.00,1,40.55,12.02,0.5000
315037,-1.56,0.00,14.51,8,14.58,183,0.60,1618,0.00,39.00,106,4,0.50,9,10.88,16.18,12.55,14.10,0.00,1,40.53,12.02,0.5000
315139,-1.56,0.00,14.51,8,14.58,183,0.60,1632,0.00,39.00,106,4,0.50,9,11.03,16.27,12.55,14.10,0.00,1,40.47,12.02,0.5000
315241,-1.56,0.00,14.51,8,14.58,183,0.60,1637,0.00,39.00,106,4,0.50,9,11.03,16.17,12.55,14.40,0.00,1,40.42,12.02,0.5000
315343,-1.56,0.00,14.51,8,14.58,183,0.60,1630,0.00,39.00,106,4,0.50,9,10.88,16.35,12.55,14.40,0.00,1,40.63,12.02,0.5000
315445,-1.56,0.00,14.51,8,14.58,183,0.60,1641,0.00,39.00,106,5,0.50,9,10.88,16.35,12.55,14.40,0.00,1,40.76,12.02,0.5000
315547,-1.56,0.00,14.51,8,14.58,183,0.60,1648,0.00,39.00,106,5,0.50,9,10.74,16.45,12.55,14.50,0.00,1,40.81,12.02,0.5000
315649,-1.56,0.00,14.51,8,14.58,183,0.60,1670,0.00,39.00,106,5,0.50,9,10.88,16.26,12.55,14.50,0.00,1,40.79,12.02,0.5000
315751,-1.56,0.00,14.51,8,14.58,183,0.59,1682,0.00,39.50,106,6,0.50,9,10.74,16.35,12.55,14.50,0.00,1,41.08,12.02,0.5000
315853,-1.56,0.00,14.51,8,14.58,183,0.59,1690,0.00,39.50,106,6,0.50,9,10.74,16.19,12.55,14.50,0.00,1,41.32,12.02,0.5000
315955,-1.56,0.00,14.51,8,14.58,183,0.58,1685,0.00,40.00,106,6,0.50,9,10.59,16.56,12.55,14.50,0.00,1,41.51,12.02,0.5000
316057,-0.78,0.00,14.51,8,14.58,183,0.58,1696,0.00,40.00,106,6,0.50,9,10.59,16.65,12.55,14.60,0.00,1,41.67,12.17,0.5000
316159,-0.78,0.00,14.51,8,14.58,183,0.58,1706,0.00,40.00,106,7,0.50,9,10.59,16.66,12.55,14.60,0.00,1,41.72,12.02,0.5000
316261,-0.78,0.00,14.51,8,14.58,183,0.58,1716,0.00,40.00,106,7,0.00,9,10.45,16.56,12.55,14.60,0.00,1,41.90,12.02,0.5000
316363,0.00,0.00,14.51,8,14.58,183,0.58,1724,0.00,40.50,106,7,0.00,9,10.45,16.30,12.55,14.60,0.00,1,42.21,11.87,0.5000
316465,0.00,0.00,14.51,8,14.58,183,0.57,1731,0.00,40.50,106,8,0.00,9,10.45,16.76,12.55,14.60,0.00,1,42.36,11.87,0.5000
316567,0.00,0.00,14.51,8,14.58,183,0.57,1738,0.00,40.50,106,8,0.00,9,10.45,16.76,12.55,14.50,0.00,1,42.16,11.87,0.5000
316669,0.78,0.00,14.51,8,14.58,183,0.58,1746,0.00,40.50,106,9,0.00,9,10.30,16.77,12.55,14.70,0.00,1,42.18,12.02,0.5000
316770,0.00,0.00,14.51,8,14.58,183,0.58,1764,0.00,40.50,106,9,0.00,9,10.30,16.96,12.55,14.60,0.00,1,42.24,12.02,0.5000
316873,0.00,0.00,14.51,8,14.58,183,0.57,1776,0.00,40.50,106,9,0.00,9,10.30,16.96,12.55,14.50,0.00,1,42.36,12.02,0.5000
316975,0.00,0.00,14.51,8,14.58,183,0.57,1773,0.00,41.00,106,9,0.00,9,10.30,17.25,12.94,14.40,0.00,1,42.48,12.31,0.5000
317077,0.00,0.00,14.51,8,14.58,183,0.58,1785,0.00,41.00,106,10,0.00,9,10.45,17.54,12.94,14.60,0.00,1,42.63,12.46,0.5000
317179,0.78,0.00,14.51,8,14.58,183,0.58,1796,0.00,41.00,106,10,0.00,9,10.45,17.34,12.94,14.50,0.00,1,42.56,12.46,0.5000
317281,0.78,0.00,14.51,8,14.58,183,0.58,1802,0.00,41.00,106,10,0.00,9,10.45,17.93,13.33,14.50,0.00,1,42.50,12.89,0.5000
317383,1.56,0.00,14.51,8,14.58,183,0.59,1808,0.00,40.50,106,11,0.00,9,10.74,18.50,13.73,14.80,0.00,1,42.25,13.47,0.5000
317485,2.34,0.00,14.51,8,14.58,183,0.60,1822,0.00,40.00,106,11,0.00,9,10.88,18.49,14.12,14.70,0.00,1,42.06,13.47,0.5000
317587,2.34,0.00,14.51,8,14.57,183,0.60,1836,0.00,40.00,106,11,0.00,9,10.88,18.68,14.12,14.80,0.00,1,42.16,13.62,0.5000
317690,2.34,0.00,14.51,8,14.57,183,0.60,1860,0.00,40.00,106,11,0.00,9,10.88,18.49,14.12,14.80,0.00,1,42.11,13.62,0.5000
317791,2.34,0.00,14.51,8,14.57,183,0.60,1863,0.00,40.00,106,12,0.00,9,10.88,18.58,14.12,14.60,0.00,1,42.09,13.62,0.5000
317893,2.34,0.00,14.51,8,14.57,183,0.60,1863,-2.00,38.00,106,12,-2.00,10,10.88,18.49,14.12,14.60,0.00,1,42.09,13.62,0.5000
317996,2.34,0.00,14.51,8,14.57,183,0.60,1851,-2.00,38.50,106,12,-2.00,10,10.88,18.58,14.12,14.50,0.00,1,42.26,13.62,0.5000
318097,2.34,0.00,14.51,8,14.57,183,0.60,1854,-2.00,38.50,106,13,-2.00,10,10.88,18.78,14.12,14.50,0.00,1,42.29,13.47,0.5000
318199,2.34,0.00,14.51,8,14.57,183,0.60,1855,-2.00,38.50,106,13,-2.00,10,10.88,18.88,14.12,14.50,0.00,1,42.26,13.62,0.5000
318301,2.34,0.00,14.51,8,14.57,183,0.60,1873,-2.00,38.00,106,13,-2.00,10,10.88,18.87,14.12,14.50,0.00,1,42.14,13.62,0.5000
318404,1.56,0.00,14.51,8,14.57,183,0.60,1872,-2.00,38.00,106,14,-2.00,10,10.88,18.88,14.12,14.50,0.00,1,42.15,13.62,0.5000
318506,1.56,0.00,14.51,8,14.57,183,0.61,1873,-2.00,38.00,106,14,-2.00,10,10.88,18.97,14.12,14.40,0.00,1,42.03,13.62,0.5000
318607,1.56,0.00,14.51,8,14.57,183,0.61,1858,-2.00,38.00,106,14,-2.00,10,10.88,19.07,14.12,14.40,0.00,1,42.10,13.62,0.5000
318709,1.56,0.00,14.51,8,14.57,183,0.61,1857,-2.00,38.00,106,15,-2.00,10,10.88,18.87,14.12,14.40,0.00,1,42.04,13.62,0.5000
318811,0.78,0.00,14.51,8,14.57,183,0.61,1860,-2.00,38.50,104,15,-2.00,10,10.88,18.87,14.12,14.40,0.00,1,42.19,13.47,0.5000
318913,0.78,0.00,14.51,8,14.57,183,0.61,1876,-2.00,38.00,104,15,-2.00,10,10.88,19.07,14.12,14.40,0.00,1,41.98,13.62,0.5000
319015,0.78,0.00,14.51,8,14.57,183,0.61,1880,-2.00,38.00,104,16,-2.00,10,10.88,18.97,14.12,14.50,0.00,1,41.97,13.62,0.5000
319117,0.78,0.00,14.51,8,14.57,183,0.61,1882,-2.00,38.00,104,15,-2.00,10,11.03,19.81,14.51,14.50,0.00,1,41.93,14.05,0.5000
319219,0.78,0.00,14.51,8,14.57,183,0.63,1879,-2.00,37.50,104,16,-1.50,10,11.61,21.92,16.47,14.50,0.00,1,41.09,16.23,0.5000
319322,3.12,0.00,14.51,8,14.57,183,0.67,1908,-2.00,36.50,104,16,-1.50,10,12.33,22.98,18.04,15.20,0.00,1,40.14,17.54,0.5000
319423,3.91,0.00,14.51,8,14.56,183,0.70,1972,-2.00,36.00,104,16,-2.00,10,12.48,23.21,18.82,15.00,0.00,1,39.77,17.83,0.5000
319526,5.47,0.00,14.51,8,14.56,183,0.70,1985,-2.00,36.00,104,16,-2.00,10,12.62,23.32,18.82,15.10,0.00,1,40.02,17.98,0.5000
319627,6.25,0.00,14.51,8,14.56,183,0.70,2025,-2.00,36.00,104,17,-2.00,10,12.62,23.69,18.82,14.90,0.00,1,40.03,17.98,0.5000
319729,5.47,0.00,14.51,8,14.56,183,0.70,2038,-2.00,36.00,104,16,-2.00,10,12.62,24.06,18.82,15.80,0.00,1,40.04,17.98,0.5000
319832,5.47,0.00,14.51,8,14.56,183,0.70,2035,-2.00,36.00,104,17,-2.00,10,12.62,23.94,18.82,14.60,0.00,1,40.11,17.83,0.5000
319933,5.47,0.00,14.51,8,14.56,183,0.70,2063,-1.00,37.00,104,17,-1.00,10,12.62,24.43,18.82,14.40,0.00,1,40.06,17.83,0.5000
320035,5.47,0.00,14.51,8,14.56,183,0.71,2054,-1.00,37.00,104,17,-1.00,10,12.62,24.18,18.82,14.50,0.00,1,39.97,17.83,0.5000
320138,4.69,0.00,14.51,8,14.56,183,0.71,2074,-1.00,37.00,104,17,-1.00,10,12.48,23.70,18.82,14.50,0.00,1,39.94,17.40,0.5000
320239,3.91,0.00,14.51,8,14.56,183,0.70,2064,-1.00,37.00,104,17,-1.00,10,12.33,24.09,17.65,14.30,0.00,1,40.25,16.96,0.5000
320342,3.12,0.00,14.51,8,14.56,183,0.69,2078,-1.00,37.00,104,18,-1.00,10,12.19,23.97,17.65,14.20,0.00,1,40.36,16.82,0.5000
320444,2.34,0.00,14.51,8,14.56,183,0.69,2061,-1.00,37.00,104,18,-1.00,10,12.19,23.36,17.65,14.20,0.00,1,40.34,16.38,0.5000
320546,1.56,0.00,14.51,8,14.56,183,0.69,2058,-1.00,37.50,104,18,-1.00,10,11.90,22.44,16.47,14.30,0.00,1,40.78,15.51,0.5000
320648,0.00,0.00,14.51,8,14.56,183,0.67,2047,-1.00,38.00,104,18,-1.00,10,11.46,20.88,14.90,14.10,0.00,1,41.73,14.06,0.5000
320749,-3.12,0.00,14.51,8,14.57,183,0.64,2045,-1.00,39.00,104,19,-1.00,10,11.03,20.55,14.12,14.00,0.00,1,42.63,13.47,0.5000
320852,-4.69,0.00,14.51,8,14.57,183,0.62,2024,-1.00,40.00,104,19,-1.00,10,10.74,20.13,14.12,13.70,0.00,1,43.06,13.33,0.5000
320954,-5.47,0.00,14.51,8,14.57,183,0.61,2039,-1.00,40.00,104,19,-1.00,10,10.74,20.50,14.12,13.70,0.00,1,43.16,13.47,0.5000
321055,-4.69,0.00,14.51,8,14.57,183,0.61,2030,-1.00,40.00,104,19,-1.00,10,10.74,22.95,14.12,14.30,0.00,1,43.21,13.62,0.5000
321158,-3.91,0.00,14.51,8,14.57,183,0.60,2053,-1.00,40.00,104,20,-1.00,10,10.74,20.39,14.12,14.50,0.00,1,43.25,13.47,0.5000
321260,-3.91,0.00,14.51,8,14.58,183,0.60,2047,-1.00,40.50,104,19,-1.00,10,10.59,20.51,14.12,14.60,0.00,1,43.41,13.47,0.5000
321362,-3.12,0.00,14.51,8,14.58,183,0.60,2070,-1.00,40.50,104,20,-1.00,10,10.74,22.95,14.51,14.90,0.00,1,43.44,13.76,0.5000
321464,-2.34,0.00,14.51,8,14.58,183,0.60,2064,-1.00,40.50,104,20,-1.00,10,10.74,21.06,14.51,14.80,0.00,1,43.52,14.05,0.5000
321565,-0.78,0.00,14.51,8,14.58,183,0.60,2094,-1.00,40.50,104,20,-1.00,10,10.88,21.06,14.90,14.90,0.00,1,43.31,14.05,0.5000
321668,0.78,0.00,14.51,8,14.57,183,0.60,2092,-1.00,40.50,104,21,-1.00,10,10.74,20.84,14.90,15.00,0.00,1,43.40,14.05,0.5000
321770,0.78,0.00,14.51,8,14.58,183,0.60,2110,-1.00,40.50,104,21,-1.00,10,10.74,20.61,14.51,15.40,0.00,1,43.56,13.91,0.5000
321871,0.78,0.00,14.51,8,14.58,183,0.59,2136,0.00,40.50,104,20,-1.00,10,10.74,21.07,14.51,14.50,0.00,1,43.67,13.91,0.5000
321974,0.78,0.00,14.51,8,14.58,183,0.59,2129,0.00,42.00,104,20,0.00,10,10.59,21.18,14.90,14.40,0.00,1,43.73,13.91,0.5000
322076,0.78,0.00,14.51,8,14.58,183,0.59,2153,0.00,41.50,104,17,0.00,10,10.59,21.19,14.90,14.50,0.00,1,43.71,13.91,0.5000
322178,1.56,0.00,14.51,8,14.58,183,0.59,2168,0.00,42.00,104,14,0.00,10,10.45,21.19,14.51,14.60,0.00,1,43.74,14.05,0.5000
322280,1.56,0.00,14.51,8,14.58,183,0.59,2162,0.00,42.00,104,10,0.00,10,10.45,21.41,14.90,15.20,0.00,1,43.74,14.05,0.5000
322381,1.56,0.00,14.51,8,14.58,183,0.59,2195,0.00,42.00,104,7,0.00,10,10.45,21.08,14.90,14.50,0.00,1,43.92,14.05,0.5000
322484,1.56,0.00,14.51,8,14.58,183,0.58,2204,0.00,42.00,104,5,0.00,10,10.30,21.09,14.90,14.50,0.00,1,43.96,14.05,0.5000
322586,1.56,0.00,14.51,8,14.58,183,0.58,2194,0.00,42.00,104,3,0.00,10,10.30,21.09,14.90,14.40,0.00,1,44.01,14.05,0.5000
322688,1.56,0.00,14.51,8,14.58,185,0.58,2205,0.00,42.00,102,3,0.00,10,10.30,21.20,14.90,14.40,0.00,1,44.04,14.05,0.5000
322790,1.56,0.00,14.51,8,14.58,185,0.58,2241,0.00,42.50,102,2,0.00,10,10.16,21.19,14.90,14.50,0.00,1,44.22,14.05,0.5000
322892,2.34,0.00,14.51,8,14.58,185,0.57,2256,0.00,42.50,102,1,0.00,10,10.16,21.32,14.90,14.40,0.00,1,44.34,13.91,0.5000
322994,2.34,0.00,14.51,8,14.58,185,0.57,2272,0.00,43.00,102,0,0.00,10,10.01,20.98,14.12,14.60,0.00,1,44.60,13.62,0.5000
323096,1.56,0.00,14.51,8,14.58,185,0.56,2263,0.00,43.00,102,0,0.00,10,9.87,21.56,14.12,14.40,0.00,1,44.80,13.62,0.5000
323198,1.56,0.00,14.51,8,14.58,185,0.56,2276,0.00,43.00,102,0,0.00,10,9.87,21.33,14.12,14.40,0.00,1,44.76,13.69,0.5000
323300,1.56,0.00,14.51,8,14.58,185,0.56,2293,0.00,43.50,102,0,0.00,10,9.72,21.10,14.12,14.40,0.00,1,44.93,13.62,0.5000
323402,1.56,0.00,14.51,8,14.58,185,0.55,2308,0.00,43.50,102,0,0.00,10,9.72,21.11,14.12,14.50,0.00,1,45.00,13.76,0.5000
323504,2.34,0.00,14.51,8,14.58,185,0.55,2319,0.00,43.50,102,0,0.00,10,9.72,21.11,14.51,14.40,0.00,1,44.93,13.76,0.5000
323606,2.34,0.00,14.51,8,14.58,185,0.54,2331,0.00,43.50,102,0,0.00,10,9.72,21.34,14.51,14.50,0.00,1,44.80,13.76,0.5000
323708,3.12,0.00,14.51,8,14.58,185,0.55,2346,0.00,43.50,102,0,0.00,10,9.72,21.12,14.51,14.70,0.00,1,44.93,13.69,0.5000
323810,3.91,0.00,14.51,8,14.58,185,0.54,2360,0.00,43.50,102,0,0.00,10,9.43,20.78,14.12,14.80,0.00,1,44.65,13.33,0.5000
323912,3.12,0.00,14.51,8,14.58,185,0.53,2370,0.00,43.00,102,0,0.00,10,9.29,20.90,14.12,14.50,0.00,1,44.42,13.33,0.5000
324014,3.12,0.00,14.51,8,14.59,185,0.53,2381,0.00,43.00,102,0,0.00,10,9.29,20.68,14.12,14.50,0.00,6,44.13,13.33,0.5000
324116,3.91,0.00,14.51,8,14.59,185,0.52,2392,0.00,43.00,102,0,0.00,10,9.14,20.46,14.12,14.80,0.00,6,44.06,13.33,0.5000
324218,4.69,0.00,14.51,8,14.59,185,0.52,2406,0.00,43.00,102,0,0.00,10,9.00,18.02,13.73,14.80,0.00,6,43.79,13.04,0.5000
324320,4.69,0.00,14.51,8,14.59,185,0.51,2421,0.00,42.50,102,0,0.00,10,9.00,20.01,13.73,15.10,0.00,6,43.61,13.04,0.5000
324422,4.69,0.00,14.51,8,14.59,185,0.50,2450,0.00,42.50,102,0,0.00,10,8.71,20.03,13.33,14.50,0.00,6,43.25,12.75,0.5000
324524,4.69,0.00,14.51,8,14.59,185,0.49,2463,0.00,42.50,102,0,0.00,10,8.56,20.02,13.33,14.50,0.00,6,43.10,12.75,0.5000
324626,4.69,0.00,14.51,8,14.59,185,0.49,2473,0.00,42.00,102,0,0.00,10,8.42,20.03,13.33,14.40,0.00,6,42.98,12.75,0.5000
324728,4.69,0.00,14.51,8,14.59,185,0.49,2469,0.00,42.00,102,0,0.00,10,8.42,20.26,13.33,14.40,0.00,6,42.97,12.75,0.5000
324830,4.69,0.00,14.51,8,14.60,185,0.49,2480,0.00,42.00,102,0,0.00,10,8.42,20.15,13.33,14.40,0.00,6,42.97,12.75,0.5000
324932,3.91,0.00,14.51,8,14.60,185,0.49,2511,0.00,42.00,102,1,0.00,10,8.42,20.04,13.33,14.40,0.00,6,42.82,12.75,0.5000
325034,3.91,0.00,14.51,8,14.60,185,0.48,2524,0.00,42.00,102,1,0.00,10,8.42,19.81,13.33,14.40,0.00,6,42.61,12.75,0.5000
325136,3.91,0.00,14.51,8,14.60,185,0.47,2514,0.00,42.00,102,2,0.00,10,8.27,20.04,13.33,14.40,0.00,6,42.43,12.75,0.5000
325238,3.91,0.00,14.51,8,14.60,185,0.47,2547,0.00,42.00,102,3,0.00,10,8.27,19.82,13.33,14.50,0.00,6,42.44,12.75,0.5000
325340,3.91,0.00,14.51,8,14.60,185,0.47,2560,0.00,42.00,102,4,0.00,10,8.13,19.48,13.33,14.50,0.00,6,42.29,12.75,0.5000
325442,3.91,0.00,14.51,8,14.60,185,0.46,2542,0.00,41.50,102,4,0.00,10,8.13,19.82,13.33,14.40,0.00,6,42.17,12.75,0.5000
325545,3.91,0.00,14.51,8,14.60,185,0.46,2576,0.00,41.50,102,5,0.00,10,8.13,19.71,13.33,14.50,0.00,6,42.21,12.75,0.5000
325646,3.12,0.00,14.51,8,14.60,185,0.46,2592,0.00,41.50,102,6,0.00,10,8.13,19.60,13.33,14.40,0.00,6,42.10,12.75,0.5000
325748,3.12,0.00,14.51,8,14.60,185,0.46,2584,0.00,41.50,100,6,0.00,10,7.98,19.60,13.33,14.30,0.00,6,41.87,12.75,0.5000
325850,3.12,0.00,14.51,8,14.60,185,0.45,2610,0.00,41.50,100,8,0.00,10,7.98,19.83,13.33,14.40,0.00,6,41.84,12.75,0.5000
325953,3.12,0.00,14.51,8,14.60,185,0.45,2600,0.00,41.50,100,8,0.00,10,7.98,19.83,13.33,14.40,0.00,6,41.80,12.75,0.5000
326054,2.34,0.00,14.51,8,14.61,185,0.45,2626,0.00,41.50,100,9,0.00,10,7.98,19.59,13.33,14.50,0.00,6,41.78,12.60,0.5000
326156,2.34,0.00,14.51,8,14.60,185,0.45,2619,0.00,41.50,100,10,0.00,10,7.98,19.83,13.33,14.40,0.00,6,41.78,12.60,0.5000
326258,2.34,0.00,14.51,8,14.61,185,0.45,2649,0.00,41.50,100,11,0.00,10,7.84,19.60,13.33,14.50,0.00,6,41.70,12.60,0.5000
326360,1.56,0.00,14.51,8,14.61,185,0.45,2637,0.00,41.00,100,12,0.00,10,7.84,19.10,13.33,14.40,0.00,6,41.53,12.61,0.5000
326462,0.78,0.00,14.51,8,14.61,185,0.44,2661,0.00,41.00,100,12,0.00,10,7.69,18.72,12.94,14.40,0.00,6,41.29,12.16,0.5000
326565,0.00,0.00,14.51,8,14.61,185,0.43,2650,0.00,41.00,100,13,0.00,10,7.55,18.81,12.94,14.40,0.00,6,41.09,12.16,0.5000
326666,0.00,0.00,14.51,8,14.61,185,0.43,2676,0.00,41.00,100,14,0.00,10,7.55,18.72,12.94,14.30,0.00,6,41.06,12.16,0.5000
326768,0.00,0.00,14.51,8,14.61,185,0.43,2663,0.00,40.50,100,14,0.00,10,7.55,18.62,12.94,14.50,0.00,6,40.90,12.31,0.5000
326870,0.00,0.00,14.51,8,14.61,185,0.42,2693,0.00,40.50,100,15,0.00,10,7.55,19.21,12.94,14.50,0.00,6,40.86,12.31,0.5000
326972,0.00,0.00,14.51,8,14.61,185,0.43,2672,0.00,41.00,100,16,0.00,10,7.55,18.82,12.94,14.50,0.00,6,40.96,12.31,0.5000
327075,0.00,0.00,14.51,8,14.61,185,0.42,2708,0.00,40.50,100,17,0.00,10,7.55,18.82,12.94,14.60,0.00,6,40.84,12.31,0.5000
327176,0.00,0.00,14.51,8,14.61,185,0.42,2694,0.00,40.50,100,18,0.00,10,7.55,18.82,12.94,14.50,0.00,6,40.68,12.16,0.5000
327279,0.00,0.00,14.51,8,14.61,185,0.42,2718,0.00,40.50,100,18,0.00,10,7.55,18.72,12.94,14.40,0.00,6,40.63,12.16,0.5000
327381,0.00,0.00,14.51,8,14.61,185,0.42,2726,0.00,40.50,100,19,0.00,10,7.55,18.92,12.94,14.50,0.00,6,40.73,12.16,0.5000
327482,-0.78,0.00,14.51,8,14.61,185,0.42,2707,0.00,40.50,100,20,0.00,10,7.55,18.62,12.94,14.50,0.00,6,40.60,12.16,0.5000
327585,-0.78,0.00,14.51,8,14.61,185,0.41,2737,0.00,40.50,100,20,0.00,10,7.55,18.62,12.94,14.50,0.00,6,40.48,12.16,0.5000
327690,-0.78,0.00,14.51,8,14.62,185,0.41,2725,0.00,40.50,100,21,0.00,10,7.55,18.53,12.94,14.40,0.00,6,40.43,12.31,0.5000
327788,-0.78,0.00,14.51,8,14.62,185,0.41,2728,0.00,40.50,100,22,0.00,10,7.55,18.61,12.94,14.50,0.00,6,40.40,12.16,0.5000
327890,-0.78,0.00,14.51,8,14.62,185,0.41,2761,0.00,40.50,100,21,0.00,10,7.55,18.63,12.94,14.50,0.00,6,40.37,12.16,0.5000
327993,-0.78,0.00,14.51,8,14.62,185,0.41,2750,0.00,40.50,100,19,0.00,10,7.40,18.82,12.94,14.60,0.00,6,40.32,12.16,0.5000
328094,-0.78,0.00,14.51,8,14.62,185,0.41,2754,0.00,40.50,100,15,0.00,10,7.40,18.52,12.94,14.50,0.00,6,40.34,12.16,0.5000
328197,0.00,0.00,14.51,8,14.62,185,0.41,2783,0.00,40.00,100,11,0.00,10,7.25,18.63,12.94,14.50,0.00,6,40.24,12.16,0.5000
328298,-0.78,0.00,14.51,8,14.62,185,0.40,2790,0.00,40.00,100,9,0.00,10,7.25,18.53,12.94,14.60,0.00,6,40.27,12.16,0.5000
328401,-0.78,0.00,14.51,8,14.62,185,0.40,2773,0.00,40.00,100,8,0.00,10,7.25,18.44,12.94,14.50,0.00,6,40.14,12.16,0.5000
328503,-0.78,0.00,14.51,8,14.62,185,0.40,2780,0.00,40.00,100,6,0.00,10,7.25,18.92,12.94,14.40,0.00,6,40.12,12.16,0.5000
328605,-0.78,0.00,14.51,8,14.62,185,0.40,2804,0.00,40.00,100,6,0.00,10,7.25,18.63,12.94,14.50,0.00,6,40.17,12.16,0.5000
328707,-0.78,0.00,14.51,8,14.62,185,0.40,2813,0.00,40.00,100,5,0.00,10,7.25,18.83,12.94,14.60,0.00,6,40.13,12.16,0.5000
328808,-0.78,0.00,14.51,8,14.62,185,0.40,2800,0.00,40.00,99,5,0.00,10,7.25,18.34,12.94,14.40,0.00,6,40.05,12.16,0.5000
328910,-1.56,0.00,14.51,8,14.62,185,0.39,2799,0.00,40.00,99,5,0.00,10,6.96,17.37,11.76,14.40,0.00,6,39.97,11.29,0.5000
329013,-3.12,0.00,14.51,8,14.62,185,0.38,2826,0.00,40.00,99,5,0.00,10,6.82,17.28,11.76,14.30,0.00,6,39.83,11.15,0.5000
329114,-3.12,0.00,14.51,8,14.62,185,0.37,2817,0.00,39.50,99,5,0.00,10,6.67,16.70,11.76,14.30,0.00,6,39.61,11.15,0.5000
329217,-3.12,0.00,14.51,8,14.62,185,0.36,2792,0.00,39.50,99,5,0.00,10,6.67,16.51,11.76,14.30,0.00,6,39.53,11.15,0.5000
329319,-2.34,0.00,14.51,8,14.62,185,0.36,2787,0.00,39.50,99,5,0.00,10,6.67,16.61,11.76,14.20,0.00,6,39.55,11.15,0.5000
329421,-0.78,0.00,14.51,8,14.62,185,0.36,2815,0.00,39.50,99,5,0.00,10,6.53,16.61,11.76,14.70,0.00,6,39.58,11.14,0.5000
329523,0.00,0.00,14.51,8,14.62,185,0.36,2828,0.00,39.50,99,5,0.00,10,6.53,16.90,11.76,14.80,0.00,6,39.65,11.14,0.5000
329625,0.00,0.00,14.51,8,14.61,185,0.36,2836,0.00,39.50,99,6,0.00,10,6.53,16.90,11.76,14.90,0.00,6,39.55,11.30,0.5000
329727,0.00,0.00,14.51,8,14.61,185,0.36,2811,0.00,39.50,99,6,0.00,10,6.53,16.80,11.76,14.90,0.00,6,39.59,11.30,0.5000
329830,0.00,0.00,14.51,8,14.62,185,0.36,2820,0.00,39.50,99,6,0.00,10,6.53,16.71,11.76,14.50,0.00,6,39.71,11.15,0.5000
329932,-0.78,0.00,14.51,8,14.62,185,0.35,2822,0.00,39.50,99,7,0.00,10,6.53,16.27,11.76,14.40,0.00,6,39.65,11.14,0.5000
330034,-0.78,0.00,14.51,8,14.62,185,0.35,2830,0.00,39.50,99,7,0.00,10,6.53,16.70,11.76,14.50,0.00,6,39.64,11.30,0.5000
330136,0.00,0.00,14.51,8,14.61,185,0.35,2836,0.00,39.50,99,7,0.00,10,6.53,16.80,11.76,14.50,0.00,6,39.52,11.14,0.5000
330238,0.00,0.00,14.51,8,14.61,185,0.35,2816,0.00,39.50,99,8,0.00,10,6.53,16.51,11.76,14.50,0.00,6,39.49,11.14,0.5000
330340,0.00,0.00,14.51,8,14.62,185,0.35,2820,0.00,39.50,99,8,0.00,10,6.53,16.37,11.76,14.50,0.00,6,39.62,11.30,0.5000
330442,0.00,0.00,14.51,8,14.62,185,0.35,2814,0.00,39.50,99,9,0.00,10,6.53,16.34,11.76,14.50,0.00,6,39.55,11.15,0.5000
330544,0.78,0.00,14.51,8,14.62,185,0.35,2833,0.00,39.50,99,9,0.00,10,6.53,16.26,11.76,14.70,0.00,6,39.56,11.15,0.5000
330646,1.56,0.00,14.51,8,14.61,185,0.35,2843,0.00,39.50,99,10,0.00,10,6.53,16.51,11.76,14.40,0.00,6,39.48,11.14,0.5000
330748,1.56,0.00,14.51,8,14.61,185,0.35,2828,0.00,39.50,99,10,0.00,10,6.53,16.27,11.76,15.00,0.00,6,39.50,11.30,0.5000
330850,1.56,0.00,14.51,8,14.61,185,0.35,2830,0.00,39.50,99,10,0.00,10,6.53,16.20,11.76,14.60,0.00,6,39.48,11.15,0.5000
330951,1.56,0.00,14.51,8,14.62,185,0.35,2818,0.00,39.50,99,11,0.00,10,6.53,16.51,11.76,14.60,0.00,6,39.58,11.14,0.5000
331054,1.56,0.00,14.51,8,14.61,185,0.35,2847,0.00,39.50,99,11,0.00,10,6.53,16.51,11.76,14.80,0.00,6,39.60,11.14,0.5000
331156,1.56,0.00,14.51,8,14.61,185,0.35,2848,0.00,39.50,99,12,0.00,10,6.53,16.51,11.76,14.50,0.00,6,39.62,11.15,0.5000
331258,1.56,0.00,14.51,8,14.61,185,0.35,2854,0.00,39.50,99,13,0.00,10,6.53,16.71,11.76,14.50,0.00,6,39.54,11.30,0.5000
331360,0.78,0.00,14.51,8,14.61,185,0.35,2832,0.00,39.50,99,13,0.00,10,6.53,16.70,11.76,14.40,0.00,6,39.55,11.15,0.5000
331462,0.78,0.00,14.51,8,14.61,185,0.35,2840,0.00,39.50,99,14,0.00,10,6.53,16.41,11.76,14.50,0.00,6,39.63,11.15,0.5000
331564,0.00,0.00,14.51,8,14.61,185,0.35,2842,0.00,39.50,99,14,0.00,10,6.53,16.33,11.76,14.40,0.00,6,39.68,11.15,0.5000
331666,0.00,0.00,14.51,8,14.61,185,0.35,2862,0.00,39.50,99,15,0.00,10,6.53,16.80,11.76,14.40,0.00,6,39.66,11.15,0.5000
331768,0.78,0.00,14.51,8,14.61,185,0.35,2866,0.00,39.50,99,15,0.00,10,6.53,16.34,11.76,14.50,0.00,6,39.69,11.14,0.5000
331870,0.78,0.00,14.51,8,14.61,185,0.35,2872,0.00,39.50,99,16,0.00,10,6.53,16.33,11.76,14.50,0.00,6,39.63,11.14,0.5000
331971,0.78,0.00,14.51,8,14.61,185,0.35,2880,0.00,39.50,99,16,0.00,10,6.53,16.34,11.76,14.60,0.00,6,39.58,11.15,0.5000
332074,0.78,0.00,14.51,8,14.61,185,0.34,2852,0.00,39.50,99,16,0.00,10,6.53,16.41,11.76,14.60,0.00,6,39.56,11.14,0.5000
332176,1.56,0.00,14.51,8,14.61,185,0.34,2858,0.00,39.50,99,17,0.00,10,6.53,16.70,11.76,14.40,0.00,6,39.61,11.15,0.5000
332278,1.56,0.00,14.51,8,14.61,185,0.34,2856,0.00,39.50,99,16,0.00,10,6.53,16.41,11.76,14.70,0.00,6,39.70,11.15,0.5000
332380,1.56,0.00,14.51,8,14.61,185,0.34,2864,0.00,39.50,99,16,0.00,10,6.53,16.04,11.76,14.90,0.00,6,39.71,11.15,0.5000
332482,1.56,0.00,14.51,8,14.61,185,0.34,2893,0.00,39.50,99,14,0.00,10,6.53,16.20,11.76,14.50,0.00,6,39.72,11.14,0.5000
332584,2.34,0.00,14.51,8,14.60,185,0.34,2913,0.00,39.50,99,13,0.00,10,6.38,16.41,11.76,14.50,0.00,6,39.79,11.14,0.5000
332686,3.12,0.00,14.51,8,14.60,185,0.34,2920,0.00,40.00,99,11,0.00,10,6.38,16.61,11.76,14.30,0.00,6,39.83,11.30,0.5000
332789,3.12,0.00,14.51,8,14.60,185,0.34,2928,0.00,40.00,97,9,0.00,10,6.38,16.80,11.76,14.70,0.00,6,39.87,11.30,0.5000
332890,3.12,0.00,14.51,8,14.60,185,0.34,2932,0.00,40.00,97,7,0.00,10,6.38,16.19,11.76,14.90,0.00,6,39.91,11.29,0.5000
332992,2.34,0.00,14.51,8,14.60,185,0.34,2945,0.00,40.00,97,7,0.00,10,6.38,16.34,11.76,14.50,0.00,6,39.80,11.29,0.5000
333094,2.34,0.00,14.51,8,14.59,185,0.33,2954,0.00,40.00,97,6,0.00,10,6.38,16.42,11.76,14.50,0.00,6,39.82,11.29,0.5000
333196,3.12,0.00,14.51,8,14.59,185,0.34,2954,0.00,40.00,97,5,0.00,10,6.38,16.13,11.76,14.50,0.00,6,39.84,11.29,0.5000
333298,3.12,0.00,14.51,8,14.59,185,0.33,2974,0.00,40.00,97,4,0.00,10,6.38,16.20,11.76,14.50,0.00,6,39.98,11.29,0.5000
333400,3.12,0.00,14.51,8,14.59,185,0.33,2965,0.00,40.00,97,5,0.00,10,6.38,16.34,11.76,14.60,0.00,6,40.00,11.29,0.5000
333502,3.12,0.00,14.51,8,14.59,185,0.33,2986,0.00,40.00,97,4,0.00,10,6.38,16.51,11.76,14.50,0.00,6,40.10,11.29,0.5000
333603,3.12,0.00,14.51,8,14.59,185,0.33,2995,0.00,40.00,97,4,0.00,10,6.38,16.41,11.76,14.50,0.00,6,40.09,11.29,0.5000
333706,2.34,0.00,14.51,8,14.59,185,0.33,3000,0.00,40.00,97,4,0.00,10,6.38,16.44,11.76,14.50,0.00,6,40.14,11.29,0.5000
333808,3.12,0.00,14.51,8,14.59,185,0.33,2981,0.00,40.00,97,4,0.00,10,6.38,16.61,11.76,14.40,0.00,6,40.16,11.29,0.5000
333910,3.12,0.00,14.51,8,14.59,185,0.33,2992,0.00,40.00,97,4,0.00,10,6.38,16.71,11.76,14.60,0.00,6,40.22,11.29,0.5000
334012,2.34,0.00,14.51,8,14.58,185,0.33,3006,0.00,40.00,97,4,0.00,10,6.38,16.54,11.76,14.60,0.00,6,40.12,11.29,0.5000
334114,2.34,0.00,14.51,8,14.58,185,0.33,3004,0.00,40.00,97,4,0.00,10,6.38,16.44,11.76,14.50,0.00,6,40.11,11.29,0.5000
334216,2.34,0.00,14.51,8,14.58,185,0.33,3014,0.00,40.00,97,5,0.00,10,6.38,16.34,11.76,14.50,0.00,6,40.09,11.29,0.5000
334318,3.12,0.00,14.51,8,14.58,185,0.32,3045,0.00,40.00,97,5,0.00,10,6.38,16.34,11.76,14.50,0.00,6,40.16,11.29,0.5000
334420,3.12,0.00,14.51,8,14.58,185,0.33,3057,0.00,40.50,97,5,0.00,10,6.38,16.44,11.76,14.50,0.00,6,40.34,11.29,0.5000
334522,3.91,0.00,14.51,8,14.58,185,0.33,3064,0.00,40.00,97,6,0.00,10,6.38,16.20,11.76,14.60,0.00,6,40.36,11.29,0.5000
334624,3.91,0.00,14.51,8,14.58,185,0.32,3046,0.00,40.00,97,6,0.00,10,6.38,16.20,11.76,14.50,0.00,6,40.33,11.29,0.5000
334727,3.91,0.00,14.51,8,14.57,185,0.32,3054,0.00,40.50,97,7,0.00,10,6.38,16.05,11.76,14.40,0.00,6,40.23,11.29,0.5000
334828,4.69,0.00,14.51,8,14.57,185,0.32,3088,0.00,40.50,97,7,0.00,10,6.38,16.41,11.76,14.40,0.00,6,40.28,11.29,0.5000
334931,4.69,0.00,14.51,8,14.57,185,0.32,3095,0.00,40.50,97,8,0.00,10,6.38,16.13,11.76,14.60,0.00,6,40.44,11.29,0.5000
335032,3.91,0.00,14.51,8,14.57,185,0.32,3077,0.00,40.50,97,8,0.00,10,6.38,16.34,11.76,14.50,0.00,6,40.45,11.29,0.5000
335134,4.69,0.00,14.51,8,14.56,185,0.32,3084,0.00,40.50,97,9,0.00,10,6.38,16.27,11.76,14.40,0.00,6,40.33,11.44,0.5000
335237,5.47,0.00,14.51,8,14.56,185,0.32,3114,0.00,40.50,97,9,0.00,10,6.38,16.51,11.76,14.50,0.00,6,40.37,11.29,0.5000
335338,5.47,0.00,14.51,8,14.57,185,0.32,3109,0.00,40.50,97,10,0.00,10,6.38,16.50,11.76,14.60,0.00,6,40.52,11.29,0.5000
335441,4.69,0.00,14.51,8,14.57,185,0.32,3096,0.00,40.50,97,11,0.00,10,6.38,16.51,11.76,14.50,0.00,6,40.42,11.29,0.5000
335542,4.69,0.00,14.51,8,14.56,185,0.32,3106,0.00,40.50,97,11,0.00,10,6.38,16.80,11.76,14.40,0.00,6,40.49,11.29,0.5000
335644,4.69,0.00,14.51,8,14.56,185,0.32,3138,0.00,40.50,97,12,0.00,10,6.38,16.32,11.76,14.50,0.00,6,40.63,11.29,0.5000
335746,3.91,0.00,14.51,8,14.56,185,0.32,3114,0.00,40.50,97,13,0.00,10,6.38,16.71,11.76,14.40,0.00,6,40.60,11.29,0.5000
335848,3.91,0.00,14.51,8,14.56,185,0.32,3117,0.00,40.50,97,13,0.00,10,6.38,16.60,11.76,14.30,0.00,6,40.51,11.29,0.5000
335951,3.91,0.00,14.51,8,14.56,185,0.32,3152,0.00,40.50,97,14,0.00,10,6.38,16.51,11.76,14.50,0.00,6,40.61,11.29,0.5000
336052,4.69,0.00,14.51,8,14.56,185,0.31,3126,0.00,40.50,97,14,0.00,10,6.38,16.50,11.76,14.50,0.00,6,40.62,11.29,0.5000
336154,4.69,0.00,14.51,8,14.56,185,0.31,3129,0.00,40.50,97,15,0.00,10,6.38,16.44,11.76,14.50,0.00,6,40.55,11.29,0.5000
336256,4.69,0.00,14.51,8,14.56,185,0.32,3160,0.00,40.50,97,16,0.00,10,6.38,16.27,11.76,14.50,0.00,6,40.68,11.29,0.5000
336359,4.69,0.00,14.51,8,14.56,185,0.31,3138,0.00,40.50,97,16,0.00,10,6.38,16.34,11.76,14.50,0.00,6,40.68,11.29,0.5000
336461,4.69,0.00,14.51,8,14.55,185,0.31,3176,0.00,40.50,97,15,0.00,10,6.38,16.44,11.76,14.40,0.00,6,40.61,11.29,0.5000
336563,5.47,0.00,14.51,8,14.55,185,0.31,3184,0.00,40.50,97,16,0.00,10,6.38,16.20,12.16,14.50,0.00,6,40.75,11.29,0.5000
336665,5.47,0.00,14.51,8,14.55,185,0.31,3156,0.00,40.50,97,15,0.00,10,6.38,16.34,11.76,14.40,0.00,6,40.60,11.29,0.5000
336767,6.25,0.00,14.51,8,14.55,185,0.31,3182,0.00,40.50,97,13,0.00,10,6.38,17.00,11.76,14.50,0.00,6,40.77,11.29,0.5000
336870,6.25,0.00,14.51,8,14.55,185,0.32,3166,0.00,40.50,97,12,0.00,10,6.38,16.50,11.76,14.60,0.00,6,40.79,11.29,0.5000
336972,5.47,0.00,14.51,8,14.55,185,0.31,3167,0.00,41.00,97,11,0.00,10,6.38,16.51,11.76,14.40,0.00,6,40.66,11.29,0.5000
337073,5.47,0.00,14.51,8,14.55,185,0.31,3198,0.00,41.00,97,9,0.00,10,6.38,16.42,11.76,14.40,0.00,6,40.81,11.29,0.5000
337175,5.47,0.00,14.51,8,14.55,185,0.31,3180,0.00,40.50,97,8,0.00,10,6.38,16.51,11.76,14.30,0.00,11,40.72,11.29,0.5000
337277,5.47,0.00,14.51,8,14.55,185,0.31,3209,0.00,41.00,97,7,0.00,10,6.38,16.71,11.76,14.50,0.00,11,40.83,11.29,0.5000
337379,5.47,0.00,14.51,8,14.55,185,0.31,3187,0.00,40.50,97,7,0.00,10,6.38,16.51,11.76,14.50,0.00,11,40.77,11.29,0.5000
337481,5.47,0.00,14.51,8,14.55,185,0.31,3219,0.00,41.00,97,6,0.00,10,6.38,16.27,11.76,14.50,0.00,11,40.77,11.29,0.5000
337584,5.47,0.00,14.51,8,14.55,185,0.31,3198,0.00,41.00,97,6,0.00,10,6.24,16.44,11.76,14.40,0.00,11,40.79,11.29,0.5000
337686,6.25,0.00,14.51,8,14.54,185,0.31,3224,0.00,41.00,97,6,0.00,10,6.24,16.34,12.16,14.50,0.00,11,40.80,11.29,0.5000
337787,6.25,0.00,14.51,8,14.55,185,0.31,3198,0.00,41.00,97,6,0.00,10,6.24,16.51,11.76,14.50,0.00,11,40.82,11.29,0.5000
337890,6.25,0.00,14.51,8,14.54,185,0.31,3210,0.00,41.00,97,6,0.00,10,6.24,16.34,11.76,14.50,0.00,11,40.78,11.29,0.5000
337992,5.47,0.00,14.51,8,14.55,185,0.31,3240,0.00,41.00,97,6,0.00,10,6.24,16.71,11.76,14.50,0.00,11,40.80,11.29,0.5000
338094,6.25,0.00,14.51,8,14.54,185,0.31,3217,0.00,41.00,97,6,0.00,10,6.24,16.70,11.76,14.40,0.00,11,40.80,11.29,0.5000
338196,5.47,0.00,14.51,8,14.55,185,0.31,3242,0.00,41.00,97,6,0.00,10,6.24,16.71,12.16,14.50,0.00,11,40.80,11.29,0.5000
338298,5.47,0.00,14.51,8,14.54,185,0.31,3217,0.00,41.00,97,7,0.00,10,6.24,16.51,11.76,14.40,0.00,11,40.78,11.29,0.5000
338400,5.47,0.00,14.51,8,14.55,185,0.31,3248,0.00,41.00,97,7,0.00,10,6.24,16.35,11.76,14.40,0.00,11,40.77,11.44,0.5000
338502,5.47,0.00,14.51,8,14.54,185,0.31,3232,0.00,41.00,97,7,0.00,10,6.24,16.51,11.76,14.40,0.00,11,40.78,11.29,0.5000
338604,5.47,0.00,14.51,8,14.54,185,0.31,3263,0.00,41.00,97,8,0.00,10,6.24,16.61,12.16,14.40,0.00,11,40.78,11.29,0.5000
338706,5.47,0.00,14.51,8,14.54,185,0.31,3237,0.00,41.00,97,9,0.00,10,6.24,16.42,11.76,14.60,0.00,11,40.78,11.29,0.5000
338807,5.47,0.00,14.51,8,14.54,185,0.31,3242,0.00,41.00,97,9,0.00,10,6.38,20.43,12.16,14.50,0.00,11,40.84,12.60,0.5000
338910,5.47,0.00,14.51,8,14.54,185,0.32,3284,0.00,41.00,97,9,0.00,10,6.67,15.59,12.94,14.40,0.00,11,41.00,12.16,0.5000
339012,7.03,0.00,14.51,8,14.55,185,0.33,3264,0.00,41.00,97,10,0.00,10,6.67,18.15,12.94,14.40,0.00,11,41.07,12.02,0.5000
339114,7.03,0.00,14.51,8,14.54,185,0.33,3301,0.00,41.00,97,10,0.00,10,6.67,18.05,12.94,14.70,0.00,11,41.03,12.16,0.5000
339216,7.03,0.00,14.51,8,14.55,185,0.33,3244,0.00,41.00,97,11,0.00,10,6.67,18.04,12.94,14.70,0.00,11,41.08,12.16,0.5000
339318,6.25,0.00,14.51,8,14.54,185,0.33,3284,0.00,41.00,97,12,0.00,10,6.67,18.24,12.94,14.40,0.00,11,41.07,12.16,0.5000
339420,5.47,0.00,14.51,8,14.55,185,0.33,3266,0.00,41.00,97,12,0.00,10,6.67,18.25,12.94,14.40,0.00,11,41.10,12.16,0.5000
339522,5.47,0.00,14.51,8,14.54,185,0.33,3279,0.00,41.00,97,12,0.00,10,6.67,18.15,12.94,14.30,0.00,11,41.11,12.16,0.5000
339625,5.47,0.00,14.51,8,14.54,185,0.33,3306,0.00,41.00,95,13,0.00,10,6.67,18.34,12.94,14.30,0.00,11,41.10,12.16,0.5000
339727,3.91,0.00,14.51,8,14.54,185,0.34,3287,0.00,41.00,95,13,0.00,10,6.67,18.44,12.94,14.40,0.00,11,41.12,12.16,0.5000
339829,3.91,0.00,14.51,8,14.54,185,0.33,3308,0.00,41.00,95,14,0.00,10,6.67,18.34,12.94,14.30,0.00,11,41.08,12.31,0.5000
339931,3.12,0.00,14.51,8,14.54,185,0.33,3280,0.00,41.00,95,14,0.00,10,6.67,18.33,12.94,14.30,0.00,11,41.14,12.16,0.5000
340033,3.12,0.00,14.51,8,14.54,185,0.34,3283,0.00,41.00,95,14,0.00,10,6.67,18.03,12.94,14.40,0.00,11,41.10,12.16,0.5000
340136,2.34,0.00,14.51,8,14.54,185,0.33,3308,0.00,41.00,95,14,0.00,10,6.67,18.05,12.94,14.30,0.00,11,41.07,12.16,0.5000
340237,3.12,0.00,14.51,8,14.54,185,0.33,3289,0.00,41.00,95,14,0.00,10,6.67,18.06,12.94,14.40,0.00,11,41.08,12.16,0.5000
340338,3.12,0.00,14.51,8,14.54,185,0.33,3316,0.00,41.00,95,13,0.00,10,6.67,18.54,12.94,14.50,0.00,11,41.07,12.16,0.5000
340441,3.12,0.00,14.51,8,14.54,185,0.34,3294,0.00,41.00,95,12,0.00,10,6.67,18.05,12.94,14.50,0.00,11,41.10,12.16,0.5000
340543,3.12,0.00,14.51,8,14.54,185,0.33,3296,0.00,41.00,95,11,0.00,10,6.53,18.35,12.94,14.50,0.00,11,41.08,12.16,0.5000
340645,3.12,0.00,14.51,8,14.54,185,0.33,3322,0.00,41.00,95,10,0.00,10,6.67,18.34,12.94,14.40,0.00,11,41.09,12.16,0.5000
340747,3.12,0.00,14.51,8,14.54,185,0.33,3304,0.00,41.00,95,9,0.00,10,6.53,17.67,12.94,14.40,0.00,11,41.06,12.16,0.5000
340849,3.12,0.00,14.51,8,14.54,185,0.33,3307,0.00,41.00,95,8,0.00,10,6.53,18.44,12.94,14.40,0.00,11,41.03,12.16,0.5000
340952,3.91,0.00,14.51,8,14.54,185,0.33,3325,0.00,41.00,95,7,0.00,10,6.53,18.54,12.94,14.50,0.00,11,41.08,12.16,0.5000
341053,3.12,0.00,14.51,8,14.54,185,0.33,3310,0.00,41.00,95,7,0.00,10,6.53,18.45,12.94,14.50,0.00,11,41.10,12.16,0.5000
341155,3.12,0.00,14.51,8,14.54,185,0.33,3338,0.00,41.00,95,6,0.00,10,6.53,18.44,12.94,14.50,0.00,11,41.12,12.16,0.5000
341257,2.34,0.00,14.51,8,14.54,185,0.33,3340,0.00,41.00,95,6,0.00,10,6.53,18.35,12.94,14.40,0.00,11,41.10,12.16,0.5000
341359,2.34,0.00,14.51,8,14.54,185,0.33,3314,0.00,41.00,95,6,0.00,10,6.53,18.45,12.55,14.30,0.00,11,41.08,12.02,0.5000
341461,1.56,0.00,14.51,8,14.54,185,0.33,3345,0.00,41.00,95,6,0.00,10,6.53,15.50,12.55,14.40,0.00,11,41.05,12.02,0.5000
341563,1.56,0.00,14.51,8,14.54,185,0.33,3346,0.00,41.00,95,6,0.00,10,6.53,17.96,12.55,14.40,0.00,11,41.02,12.02,0.5000
341665,1.56,0.00,14.51,8,14.54,185,0.33,3322,0.00,41.00,95,6,0.00,10,6.53,18.35,12.55,14.40,0.00,11,41.01,12.02,0.5000
341767,2.34,0.00,14.51,8,14.54,185,0.33,3355,0.00,41.00,95,6,0.00,10,6.53,18.45,12.55,14.40,0.00,11,41.04,12.17,0.5000
341869,2.34,0.00,14.51,8,14.54,185,0.33,3350,0.00,41.00,95,6,0.00,10,6.53,18.73,12.94,14.40,0.00,11,41.03,12.16,0.5000
341971,3.12,0.00,14.51,8,14.54,185,0.33,3326,0.00,41.00,95,7,0.00,10,6.53,18.93,12.94,14.60,0.00,11,41.11,12.16,0.5000
342074,3.12,0.00,14.51,8,14.54,185,0.34,3356,0.00,41.00,95,8,0.00,10,6.53,18.83,12.94,14.60,0.00,11,41.12,12.16,0.5000
342175,2.34,0.00,14.51,8,14.54,185,0.34,3360,0.00,41.00,95,8,0.00,10,6.67,18.54,12.94,14.60,0.00,11,41.09,12.16,0.5000
342277,2.34,0.00,14.51,8,14.54,185,0.33,3335,0.00,41.00,95,8,0.00,10,6.53,18.45,12.94,14.50,0.00,11,41.08,12.16,0.5000
342379,2.34,0.00,14.51,8,14.54,185,0.33,3339,0.00,41.00,95,8,0.00,10,6.53,18.64,12.94,14.40,0.00,11,41.09,12.16,0.5000
342481,2.34,0.00,14.51,8,14.54,185,0.33,3366,0.00,41.00,95,9,0.00,10,6.53,18.74,12.94,14.50,0.00,11,41.09,12.16,0.5000
342583,2.34,0.00,14.51,8,14.54,185,0.33,3343,0.00,41.00,95,9,0.00,10,6.53,18.93,12.94,14.50,0.00,11,41.08,12.16,0.5000
342685,2.34,0.00,14.51,8,14.54,185,0.33,3340,0.00,41.00,95,10,0.00,10,6.53,18.73,12.94,14.40,0.00,11,41.12,12.16,0.5000
342787,2.34,0.00,14.51,8,14.54,185,0.33,3373,0.00,41.00,95,11,0.00,10,6.53,18.64,12.94,14.40,0.00,11,41.10,12.16,0.5000
342889,1.56,0.00,14.51,8,14.54,185,0.33,3378,0.00,41.00,95,11,0.00,10,6.53,18.64,12.94,14.60,0.00,11,41.07,12.16,0.5000
342991,2.34,0.00,14.51,8,14.54,185,0.33,3358,0.00,41.00,95,11,0.00,10,6.53,18.83,12.94,14.40,0.00,11,41.09,12.16,0.5000
343093,2.34,0.00,14.51,8,14.54,185,0.33,3365,0.00,41.00,95,11,0.00,10,6.53,18.92,12.94,14.50,0.00,11,41.08,12.16,0.5000
343195,2.34,0.00,14.51,8,14.54,185,0.33,3395,0.00,41.00,95,12,0.00,10,6.53,18.93,12.94,14.50,0.00,11,41.10,12.16,0.5000
343298,1.56,0.00,14.51,8,14.54,185,0.33,3398,0.00,41.00,95,12,0.00,10,6.53,19.03,12.94,14.50,0.00,11,41.10,12.16,0.5000
343400,1.56,0.00,14.51,8,14.54,185,0.34,3380,0.00,41.00,95,13,0.00,10,6.53,19.03,12.94,14.40,0.00,11,41.14,12.16,0.5000
343501,0.78,0.00,14.51,8,14.54,185,0.34,3385,0.00,41.00,95,13,0.00,10,6.53,18.93,12.94,14.40,0.00,11,41.12,12.16,0.5000
343603,0.00,0.00,14.51,8,14.53,185,0.33,3417,0.00,41.00,95,14,0.00,10,6.53,18.74,12.94,14.40,0.00,11,41.09,12.16,0.5000
343706,0.78,0.00,14.51,8,14.53,185,0.33,3422,0.00,41.00,95,14,0.00,10,6.53,18.83,12.94,14.30,0.00,11,41.05,12.16,0.5000
343807,0.78,0.00,14.51,8,14.54,185,0.33,3402,0.00,41.00,95,13,0.00,10,6.53,18.74,12.94,14.40,0.00,11,41.10,12.16,0.5000
343910,1.56,0.00,14.51,8,14.53,185,0.33,3408,0.00,41.00,95,13,0.00,10,6.53,19.03,12.94,14.60,0.00,11,41.10,12.16,0.5000
344012,1.56,0.00,14.51,8,14.53,185,0.33,3414,0.00,41.00,95,12,0.00,10,6.38,18.64,12.94,14.60,0.00,11,41.06,12.16,0.5000
344113,0.78,0.00,14.51,8,14.53,185,0.33,3442,0.00,41.00,95,11,0.00,10,6.53,18.64,12.94,14.60,0.00,11,41.04,12.16,0.5000
344216,0.78,0.00,14.51,8,14.53,185,0.33,3445,0.00,41.00,95,11,0.00,10,6.38,18.83,12.94,14.40,0.00,11,41.05,12.16,0.5000
344318,1.56,0.00,14.51,8,14.53,185,0.33,3461,0.00,41.00,95,10,0.00,10,6.38,18.55,12.94,14.50,0.00,11,41.03,12.16,0.5000
344420,1.56,0.00,14.51,8,14.53,185,0.33,3438,0.00,41.00,95,9,0.00,10,6.38,18.64,12.94,14.50,0.00,11,41.02,12.16,0.5000
344522,1.56,0.00,14.51,8,14.53,185,0.33,3436,0.00,41.00,95,9,0.00,10,6.38,19.42,12.94,14.50,0.00,11,41.04,12.16,0.5000
344623,1.56,0.00,14.51,8,14.53,185,0.33,3440,0.00,41.00,95,8,0.00,10,6.38,19.03,12.94,14.50,0.00,11,41.08,12.16,0.5000
344725,1.56,0.00,14.51,8,14.53,185,0.33,3446,0.00,41.00,95,8,0.00,10,6.38,19.23,12.94,14.40,0.00,11,41.09,12.16,0.5000
344828,0.78,0.00,14.51,8,14.53,185,0.33,3478,0.00,41.00,95,8,0.00,10,6.38,18.84,12.94,14.30,0.00,11,41.05,12.16,0.5000
344929,0.00,0.00,14.51,8,14.53,185,0.33,3480,0.00,41.00,95,7,0.00,10,6.38,18.64,12.94,14.40,0.00,11,41.02,12.16,0.5000
345032,0.78,0.00,14.51,8,14.53,185,0.33,3482,0.00,41.00,95,7,0.00,10,6.38,18.94,12.94,14.50,0.00,11,40.99,12.16,0.5000
345134,0.78,0.00,14.51,8,14.53,185,0.32,3482,0.00,41.00,95,7,0.00,10,6.38,18.84,12.94,14.50,0.00,11,40.99,12.16,0.5000
345236,1.56,0.00,14.51,8,14.53,185,0.32,3480,0.00,41.00,95,7,0.00,10,6.38,18.64,12.94,14.60,0.00,11,40.98,12.16,0.5000
345337,1.56,0.00,14.51,8,14.53,185,0.32,3456,0.00,41.00,95,7,0.00,10,6.38,19.23,12.94,14.70,0.00,11,41.03,12.16,0.5000
345440,1.56,0.00,14.51,8,14.53,185,0.33,3464,0.00,41.00,95,7,0.00,10,6.38,18.84,12.94,14.50,0.00,11,41.01,12.16,0.5000
345542,1.56,0.00,14.51,8,14.53,185,0.33,3462,0.00,41.00,95,8,0.00,10,6.38,19.03,12.94,14.50,0.00,11,40.99,12.16,0.5000
345644,1.56,0.00,14.51,8,14.53,185,0.32,3464,0.00,41.00,95,8,0.00,10,6.38,18.84,12.94,14.40,0.00,11,41.01,12.16,0.5000
345746,1.56,0.00,14.51,8,14.53,185,0.33,3470,0.00,41.00,95,8,0.00,10,6.24,19.03,12.94,14.40,0.00,11,40.99,12.16,0.5000
345848,1.56,0.00,14.51,8,14.53,185,0.33,3494,0.00,41.00,95,9,0.00,10,6.38,18.93,12.94,14.50,0.00,11,40.99,12.16,0.5000
345951,1.56,0.00,14.51,8,14.53,185,0.32,3498,0.00,41.00,95,9,0.00,10,6.24,18.94,12.94,14.50,0.00,11,40.99,12.16,0.5000
346053,1.56,0.00,14.51,8,14.53,185,0.33,3502,0.00,41.00,95,9,0.00,10,6.24,19.63,12.94,14.50,0.00,11,41.02,12.16,0.5000
346155,1.56,0.00,14.51,8,14.53,185,0.33,3497,0.00,41.00,95,10,0.00,10,6.38,19.03,12.94,14.50,0.00,11,41.04,12.16,0.5000
346257,0.78,0.00,14.51,8,14.53,185,0.33,3503,0.00,41.00,95,10,0.00,10,6.38,18.94,12.94,14.40,0.00,11,41.00,12.16,0.5000
346359,0.78,0.00,14.51,8,14.53,185,0.33,3500,0.00,41.00,95,10,0.00,10,6.38,19.03,12.94,14.40,0.00,11,41.02,12.16,0.5000
346460,0.78,0.00,14.51,8,14.53,185,0.33,3502,0.00,41.00,95,11,0.00,10,6.24,18.84,12.94,14.50,0.00,11,40.99,12.16,0.5000
346563,0.78,0.00,14.51,8,14.53,185,0.32,3508,0.00,41.00,95,12,0.00,10,6.24,18.55,12.94,14.50,0.00,11,40.96,12.16,0.5000
346665,1.56,0.00,14.51,8,14.53,185,0.32,3478,0.00,41.00,95,12,0.00,10,6.24,18.74,12.94,14.50,0.00,11,40.99,12.16,0.5000
346767,2.34,0.00,14.51,8,14.53,185,0.32,3477,0.00,41.00,95,12,0.00,10,6.38,18.84,12.94,14.60,0.00,11,40.98,12.16,0.5000
346869,2.34,0.00,14.51,8,14.53,185,0.32,3482,0.00,41.00,95,12,0.00,10,6.38,18.83,12.94,14.60,0.00,11,41.00,12.16,0.5000
346971,2.34,0.00,14.51,8,14.53,183,0.32,3476,0.00,41.00,95,13,0.00,10,6.24,19.13,12.94,14.50,0.00,11,41.01,12.16,0.5000
347073,1.56,0.00,14.51,8,14.53,183,0.33,3475,0.00,41.00,95,13,0.00,10,6.24,18.94,12.94,14.40,0.00,11,41.01,12.16,0.5000
347175,1.56,0.00,14.51,8,14.53,185,0.33,3477,0.00,41.00,95,12,0.00,10,6.38,19.13,12.94,14.40,0.00,11,41.05,12.16,0.5000
347277,0.78,0.00,14.51,8,14.53,185,0.33,3478,0.00,41.00,95,12,0.00,10,6.38,19.13,12.94,14.40,0.00,11,41.03,12.16,0.5000
347379,0.78,0.00,14.51,8,14.53,185,0.33,3476,0.00,41.00,95,12,0.00,10,6.24,18.84,12.94,14.40,0.00,11,41.01,12.16,0.5000
347481,0.78,0.00,14.51,8,14.53,183,0.32,3504,0.00,41.00,95,11,0.00,10,6.24,19.03,12.94,14.40,0.00,11,40.99,12.16,0.5000
347583,1.56,0.00,14.51,8,14.53,183,0.33,3502,0.00,41.00,95,11,0.00,10,6.24,18.84,12.94,14.40,0.00,11,41.00,12.16,0.5000
347685,1.56,0.00,14.51,8,14.53,183,0.33,3502,0.00,41.00,95,10,0.00,10,6.24,19.03,12.94,14.50,0.00,11,41.00,12.16,0.5000
347787,1.56,0.00,14.51,8,14.53,183,0.33,3497,0.00,41.00,95,10,0.00,10,6.38,18.94,12.94,14.50,0.00,11,41.02,12.16,0.5000
347889,1.56,0.00,14.51,8,14.53,183,0.33,3500,0.00,41.00,95,9,0.00,10,6.24,19.03,12.94,14.50,0.00,11,41.01,12.16,0.5000
347992,0.78,0.00,14.51,8,14.53,183,0.33,3494,0.00,41.00,95,9,0.00,10,6.38,18.84,12.94,14.40,0.00,11,41.02,12.16,0.5000
348093,1.56,0.00,14.51,8,14.53,183,0.32,3472,0.00,41.00,95,8,0.00,10,6.38,18.65,12.94,14.50,0.00,11,40.97,12.16,0.5000
348195,1.56,0.00,14.51,8,14.53,183,0.32,3471,0.00,41.00,95,8,0.00,10,6.24,18.84,12.94,14.40,0.00,11,40.97,12.16,0.5000
348297,2.34,0.00,14.51,8,14.53,183,0.33,3458,0.00,41.00,95,8,0.00,10,6.38,19.23,12.94,14.50,0.00,11,41.06,12.31,0.5000
348399,2.34,0.00,14.51,8,14.53,183,0.33,3464,0.00,41.00,95,8,0.00,10,6.38,19.42,12.94,14.50,0.00,11,41.09,12.31,0.5000
348501,2.34,0.00,14.51,8,14.53,183,0.33,3466,0.00,41.00,95,8,0.00,10,6.38,19.03,12.94,14.50,0.00,11,41.07,12.31,0.5000
348603,1.56,0.00,14.51,8,14.53,183,0.33,3468,0.00,41.00,95,8,0.00,10,6.38,19.03,12.94,14.40,0.00,11,41.00,12.31,0.5000
348705,2.34,0.00,14.51,8,14.53,183,0.33,3485,0.00,41.00,95,8,0.00,10,6.38,18.82,12.94,14.40,0.00,11,41.07,12.31,0.5000
348807,2.34,0.00,14.51,8,14.53,183,0.33,3485,0.00,41.00,95,8,0.00,10,6.38,19.23,12.94,14.50,0.00,11,41.06,12.31,0.5000
348909,2.34,0.00,14.51,8,14.53,183,0.33,3484,0.00,41.00,95,8,0.00,10,6.53,20.31,13.33,14.50,0.00,11,41.15,12.74,0.5000
349010,3.12,0.00,14.51,8,14.53,183,0.35,3481,0.00,41.50,95,9,0.00,10,6.82,20.97,14.12,14.50,0.00,11,41.30,13.33,0.5000
349113,4.69,0.00,14.51,8,14.53,183,0.36,3500,0.00,41.50,95,9,0.00,10,7.11,21.98,14.51,14.90,0.00,11,41.47,13.91,0.5000
349215,7.03,0.00,14.51,8,14.53,183,0.37,3510,0.00,41.50,95,9,0.00,10,7.25,22.19,14.51,14.90,0.00,11,41.62,14.05,0.5000
349317,6.25,0.00,14.51,8,14.54,183,0.38,3481,0.00,41.50,95,10,0.00,10,7.40,22.53,14.90,14.80,0.00,11,41.69,14.20,0.5000
349419,6.25,0.00,14.51,8,14.54,183,0.39,3489,0.00,41.50,95,10,0.00,10,7.40,23.09,14.90,14.50,0.00,11,41.75,14.05,0.5000
349521,4.69,0.00,14.51,8,14.54,183,0.39,3501,0.00,42.00,95,10,0.00,10,7.40,23.09,14.90,14.30,0.00,11,41.79,14.05,0.5000
349623,3.91,0.00,14.51,8,14.54,183,0.39,3504,0.00,42.00,95,11,0.00,10,7.40,25.31,14.90,14.30,0.00,11,41.84,14.05,0.5000
349725,2.34,0.00,14.51,8,14.54,183,0.39,3504,0.00,42.00,97,11,0.00,10,7.40,22.64,14.90,14.20,0.00,11,41.79,14.05,0.5000
349826,2.34,0.00,14.51,8,14.54,183,0.39,3504,0.00,42.00,97,11,0.00,10,7.40,20.66,14.90,14.30,0.00,11,41.78,14.05,0.5000
349929,2.34,0.00,14.51,8,14.54,183,0.39,3502,0.00,42.00,97,11,0.00,10,7.40,23.70,14.90,14.40,0.00,11,41.80,14.05,0.5000
350031,2.34,0.00,14.51,8,14.54,183,0.40,3508,0.00,42.00,97,12,0.00,10,7.40,23.34,14.90,14.40,0.00,11,41.84,14.05,0.5000
350133,2.34,0.00,14.51,8,14.54,183,0.40,3517,0.00,42.00,97,12,0.00,10,7.40,23.82,14.90,14.40,0.00,11,41.86,14.05,0.5000
350235,1.56,0.00,14.51,8,14.54,183,0.40,3519,0.00,42.00,97,12,0.00,10,7.40,23.32,14.90,14.40,0.00,11,41.98,14.05,0.5000
350337,1.56,0.00,14.51,8,14.54,183,0.40,3516,0.00,42.00,97,12,0.00,10,7.40,23.70,14.90,14.40,0.00,11,41.89,14.34,0.5000
350440,1.56,0.00,14.51,8,14.54,183,0.40,3523,0.00,42.00,97,12,0.00,10,7.55,24.06,14.90,14.30,0.00,11,41.93,14.49,0.5000
350542,2.34,0.00,14.51,8,14.54,183,0.41,3529,0.00,42.00,97,11,0.00,10,7.69,25.15,15.69,14.40,0.00,11,42.17,15.07,0.5000
350644,4.69,0.00,14.51,8,14.54,183,0.42,3543,0.00,42.50,97,11,0.00,10,7.98,26.12,16.08,15.00,0.00,11,42.52,15.51,0.5000
350746,6.25,0.00,14.51,8,14.54,183,0.44,3556,0.00,42.50,97,10,0.00,10,7.98,26.85,16.47,15.00,0.00,11,42.73,15.36,0.5000
350849,6.25,0.00,14.51,8,14.54,183,0.45,3590,0.00,42.50,97,10,0.00,10,8.13,26.85,16.08,14.40,0.00,11,42.86,15.51,0.5000
350950,3.91,0.00,14.51,8,14.54,183,0.45,3596,0.00,42.50,97,10,0.00,10,7.98,26.60,16.08,14.20,0.00,11,42.91,15.36,0.5000
351052,3.12,0.00,14.51,8,14.54,183,0.45,3598,0.00,42.50,97,9,0.00,10,8.13,26.85,16.08,14.20,0.00,11,42.89,15.36,0.5000
351154,2.34,0.00,14.51,8,14.54,183,0.45,3604,0.00,42.50,97,9,0.00,10,7.98,26.97,16.08,14.30,0.00,11,42.94,15.36,0.5000
351256,2.34,0.00,14.51,8,14.54,183,0.45,3614,0.00,42.50,97,9,0.00,10,7.98,27.21,16.47,14.30,0.00,11,43.01,15.36,0.5000
351359,1.56,0.00,14.51,8,14.54,183,0.45,3598,0.00,42.50,97,9,0.00,10,7.98,27.09,16.08,14.40,0.00,11,42.96,15.36,0.5000
351461,2.34,0.00,14.51,8,14.54,183,0.45,3599,0.00,42.50,97,9,0.00,10,8.13,27.70,16.47,14.40,0.00,11,43.01,15.50,0.5000
351563,3.12,0.00,14.51,8,14.54,183,0.46,3601,0.00,43.00,97,8,0.00,10,8.13,28.31,16.47,14.50,0.00,11,43.20,15.65,0.5000
351665,2.34,0.00,14.51,8,14.54,183,0.47,3641,0.00,43.00,97,8,0.00,10,8.13,25.75,16.47,14.50,0.00,11,43.26,15.51,0.5000
351767,1.56,0.00,14.51,8,14.54,183,0.47,3648,0.00,43.00,97,9,0.00,10,8.13,27.94,16.47,14.30,0.00,11,43.28,15.51,0.5000
351869,0.78,0.00,14.51,8,14.54,183,0.46,3653,0.00,43.00,97,9,0.00,10,8.13,28.31,16.47,14.30,0.00,11,43.19,15.50,0.5000
351971,0.78,0.00,14.51,8,14.54,183,0.46,3624,0.00,43.00,97,9,0.00,10,8.13,27.81,16.47,14.30,0.00,11,43.21,15.51,0.5000
352073,0.78,0.00,14.51,8,14.54,183,0.46,3626,0.00,43.00,97,9,0.00,10,8.13,25.63,16.47,14.40,0.00,11,43.15,15.51,0.5000
352176,1.56,0.00,14.51,8,14.54,183,0.46,3634,0.00,43.00,97,9,0.00,10,8.13,28.43,16.47,14.50,0.00,11,43.26,15.50,0.5000
352277,0.78,0.00,14.51,8,14.54,183,0.47,3664,0.00,43.00,97,9,0.00,10,8.13,29.04,16.47,14.50,0.00,11,43.32,15.65,0.5000
352379,1.56,0.00,14.51,8,14.54,183,0.47,3665,0.00,43.00,97,10,0.00,10,8.27,29.52,16.47,14.50,0.00,11,43.44,16.08,0.5000
352481,2.34,0.00,14.51,8,14.54,183,0.48,3641,0.00,43.00,97,10,0.00,10,8.56,28.17,17.25,14.50,0.00,11,43.72,16.67,0.5000
352583,3.91,0.00,14.51,8,14.54,183,0.50,3658,0.00,43.50,97,10,0.00,10,8.85,31.22,17.65,14.50,0.00,11,43.99,17.11,0.5000
352685,6.25,0.00,14.51,8,14.54,183,0.51,3699,0.00,43.50,97,11,0.00,10,9.00,31.71,18.04,14.80,0.00,11,44.21,17.25,0.5000
352788,6.25,0.00,14.51,8,14.54,183,0.52,3695,0.00,43.50,97,11,0.00,10,9.00,32.34,18.04,14.80,0.00,11,44.39,17.25,0.5000
352889,5.47,0.00,14.51,8,14.54,183,0.52,3672,0.00,43.50,97,11,0.00,10,9.00,32.33,18.04,14.60,0.00,11,44.45,17.25,0.5000
352992,4.69,0.00,14.51,8,14.53,183,0.53,3674,0.00,44.00,97,11,0.00,10,9.43,34.32,18.82,14.30,0.00,11,44.74,18.26,0.5000
353093,7.03,0.00,14.51,8,14.53,183,0.55,3712,0.00,44.00,97,11,0.00,10,9.87,35.70,19.61,14.40,0.00,11,44.52,18.99,0.5000
353195,9.38,0.00,14.51,8,14.52,183,0.57,3726,0.00,43.00,97,10,0.00,10,10.01,35.85,20.00,14.90,0.00,11,43.97,18.99,0.5000
353297,7.81,0.00,14.51,8,14.52,183,0.58,3704,0.00,42.50,97,10,0.00,10,10.16,35.99,20.00,15.40,0.00,11,43.94,18.85,0.5000
353399,7.03,0.00,14.51,8,14.52,183,0.58,3736,0.00,43.00,97,11,0.00,10,10.01,37.05,19.61,14.20,0.00,11,43.94,18.85,0.5000
353502,6.25,0.00,14.51,8,14.52,183,0.59,3739,0.00,42.50,97,10,0.00,10,10.01,36.90,19.61,14.10,0.00,11,43.78,18.85,0.5000
353603,5.47,0.00,14.51,8,14.52,183,0.59,3716,0.00,42.50,97,10,0.00,10,10.16,37.35,20.00,14.20,0.00,11,43.52,19.09,0.5000
353705,5.47,0.00,14.51,8,14.52,183,0.60,3754,0.00,42.00,97,9,0.00,10,10.45,39.44,20.39,14.30,0.00,11,43.07,19.72,0.5000
353808,7.03,0.00,14.51,8,14.52,183,0.62,3766,0.00,41.00,97,9,0.00,10,11.03,41.95,21.57,14.40,0.00,11,42.14,21.17,0.5000
353909,10.16,0.00,14.51,8,14.52,183,0.66,3756,0.00,40.00,97,9,0.00,10,11.75,43.34,23.53,15.20,0.00,11,40.94,22.49,0.5000
354011,12.50,0.00,14.51,8,14.52,183,0.68,3800,0.00,39.50,97,9,0.00,10,11.90,43.80,23.14,15.20,0.00,11,40.42,22.19,0.5000
354113,10.16,0.00,14.51,8,14.52,183,0.69,3780,0.00,39.00,97,9,0.00,10,12.04,44.27,23.53,15.30,0.00,11,40.18,22.48,0.5000
354215,8.59,0.00,14.51,8,14.52,183,0.70,3816,0.00,39.00,97,8,0.00,10,12.19,44.99,23.53,14.10,0.00,11,40.12,22.34,0.5000
354318,7.81,0.00,14.51,8,14.52,183,0.71,3794,0.00,39.00,97,8,0.00,10,12.19,45.59,23.14,14.20,0.00,11,40.12,22.19,0.5000
354419,6.25,0.00,14.51,8,14.52,183,0.72,3836,0.00,39.00,97,8,0.00,10,12.19,45.95,23.14,14.20,0.00,11,40.12,22.05,0.5000
354522,5.47,0.00,14.51,8,14.52,183,0.72,3826,0.00,39.00,97,8,0.00,10,12.33,45.82,23.14,14.20,0.00,11,40.12,22.34,0.5000
354623,5.47,0.00,14.51,8,14.52,183,0.72,3865,0.00,39.00,97,7,0.00,10,12.33,46.30,23.53,14.30,0.00,11,40.12,22.34,0.5000
354725,5.47,0.00,14.51,8,14.52,183,0.72,3842,0.00,39.00,97,7,0.00,10,12.48,46.65,23.53,14.30,0.00,11,40.12,22.34,0.5000
354828,6.25,0.00,14.51,8,14.52,183,0.72,3888,0.00,39.00,97,7,0.00,10,12.48,46.53,23.53,14.50,0.00,11,40.12,22.20,0.5000
354930,6.25,0.00,14.51,8,14.52,183,0.72,3886,0.00,39.00,97,8,0.00,10,12.33,47.38,23.14,14.40,0.00,11,40.12,22.19,0.5000
355032,6.25,0.00,14.51,8,14.52,183,0.73,3909,0.00,39.00,97,7,0.00,10,12.48,47.14,23.53,14.50,0.00,11,40.12,22.20,0.5000
355134,6.25,0.00,14.51,8,14.52,183,0.72,3955,0.00,39.00,97,7,0.00,10,12.33,47.86,23.14,14.40,0.00,11,40.12,22.05,0.5000
355236,5.47,0.00,14.51,8,14.52,183,0.73,3932,0.00,39.00,97,7,0.00,10,12.48,48.35,23.14,14.40,0.00,11,40.12,22.05,0.5000
355338,6.25,0.00,14.51,8,14.52,183,0.73,3953,0.00,39.00,97,7,0.00,10,12.48,50.90,23.53,14.40,0.00,11,40.12,22.34,0.5000
355440,6.25,0.00,14.51,8,14.52,183,0.73,4004,0.00,39.00,97,8,0.00,10,12.48,51.02,23.53,14.50,0.00,16,40.12,22.05,0.5000
355542,5.47,0.00,14.51,8,14.52,183,0.73,4020,0.00,39.00,99,7,0.00,10,12.48,48.95,23.14,14.40,0.00,16,40.12,22.19,0.5000
355644,6.25,0.00,14.51,8,14.52,183,0.73,4041,0.00,38.50,99,8,0.00,10,12.48,48.70,23.14,14.50,0.00,16,40.12,22.05,0.5000
355746,5.47,0.00,14.51,8,14.52,183,0.73,4025,0.00,38.50,99,7,0.00,10,12.48,50.15,23.14,14.30,0.00,16,40.12,22.19,0.5000
355847,6.25,0.00,14.51,8,14.52,183,0.73,4046,0.00,38.50,99,7,0.00,10,12.48,50.58,23.14,14.50,0.00,16,40.12,22.19,0.5000
355949,6.25,0.00,14.51,8,14.52,183,0.74,4060,0.00,38.50,99,7,0.00,10,12.48,50.36,23.53,14.50,0.00,16,40.12,22.19,0.5000
356052,5.47,0.00,14.51,8,14.52,183,0.74,4075,0.00,38.50,99,7,0.00,10,12.48,50.37,23.14,14.30,0.00,16,40.12,22.05,0.5000
356154,3.91,0.00,14.51,8,14.52,183,0.74,4094,0.00,38.50,99,7,0.00,10,12.33,51.02,23.14,14.30,0.00,16,40.12,22.04,0.5000
356256,4.69,0.00,14.51,8,14.52,183,0.74,4116,0.00,38.50,99,7,0.00,10,12.48,51.45,23.53,14.40,0.00,16,40.12,22.34,0.5000
356358,4.69,0.00,14.51,8,14.52,183,0.75,4130,0.00,38.50,99,7,0.00,10,12.33,51.66,23.53,14.50,0.00,16,40.12,22.20,0.5000
356460,4.69,0.00,14.51,8,14.52,183,0.74,4150,0.00,38.50,99,6,0.00,10,12.33,48.88,23.14,14.40,0.00,16,40.12,22.05,0.5000
356561,4.69,0.00,14.51,8,14.52,183,0.74,4166,0.00,38.50,99,6,0.00,10,12.33,51.89,23.14,14.40,0.00,16,40.12,22.19,0.5000
356664,5.47,0.00,14.51,8,14.52,183,0.75,4226,0.00,38.50,99,6,0.00,10,12.33,53.61,23.53,14.50,0.00,16,40.12,22.19,0.5000
356767,4.69,0.00,14.51,8,14.49,183,0.75,4245,0.00,38.50,99,5,0.00,10,12.33,52.31,23.14,14.40,0.00,16,40.12,22.05,0.5000
356868,3.91,0.00,14.51,8,14.47,183,0.74,4264,0.00,38.50,99,5,0.00,10,11.75,50.14,21.96,14.20,0.00,16,40.12,20.88,0.5000
356970,3.12,0.00,14.51,8,14.47,183,0.71,4244,-2.00,38.50,99,5,0.00,11,11.75,49.92,21.96,14.00,0.00,16,40.12,21.17,0.5000
357072,3.12,0.00,14.51,8,14.47,183,0.70,4264,-2.00,36.50,99,5,-2.00,11,11.61,49.05,22.35,14.10,0.00,16,40.24,21.03,0.5000
357174,3.12,0.00,14.51,8,14.44,183,0.69,4311,-2.00,37.00,99,5,-2.00,11,11.46,49.27,21.96,14.40,0.00,16,40.59,21.03,0.5000
357276,3.12,0.00,14.51,8,14.43,183,0.69,4294,-2.00,37.00,99,4,-2.00,11,11.32,48.98,21.96,14.40,0.00,16,40.43,20.88,0.5000
357378,3.12,0.00,14.51,8,14.44,183,0.69,4304,-2.00,37.00,99,4,-2.00,11,11.32,48.39,21.96,14.50,0.00,16,40.80,21.03,0.5000
357479,3.91,0.00,14.51,8,14.41,183,0.67,4350,-2.00,37.50,99,4,-2.00,11,11.17,48.51,21.96,14.40,0.00,16,41.09,21.03,0.5000
357582,3.91,0.00,14.51,8,14.40,183,0.67,4333,-2.00,37.50,99,4,-2.00,11,11.03,47.91,21.96,14.40,0.00,16,41.16,21.03,0.5000
357684,3.91,0.00,14.51,8,14.41,183,0.67,4384,-2.00,38.00,99,4,-2.00,11,11.03,48.15,21.96,14.40,0.00,16,41.26,21.03,0.5000
357786,4.69,0.00,14.51,8,14.37,183,0.66,4396,-2.00,38.00,99,4,-2.00,11,11.03,48.27,21.96,14.50,0.00,16,41.29,21.03,0.5000
357888,4.69,0.00,14.51,8,14.39,183,0.66,4373,-2.00,38.00,99,3,-2.00,11,10.88,48.63,21.96,14.30,0.00,16,41.53,21.03,0.5000
357990,5.47,0.00,14.51,8,14.36,183,0.66,4420,-2.00,38.00,99,3,-2.00,11,11.03,48.27,21.96,14.30,0.00,16,41.50,21.03,0.5000
358092,5.47,0.00,14.51,8,14.37,183,0.66,4400,-2.00,38.00,99,3,-2.00,11,11.03,49.40,22.35,14.40,0.00,16,41.46,21.32,0.5000
358194,5.47,0.00,14.51,8,14.33,183,0.66,4453,-2.00,38.00,99,3,-2.00,11,10.59,43.56,21.96,14.40,0.00,16,41.83,20.02,0.5000
358296,3.91,0.00,14.51,8,14.38,183,0.60,4376,-1.96,41.00,99,3,-2.00,11,6.82,27.38,15.29,14.00,0.00,16,44.03,11.24,0.5000
358398,-9.38,0.00,14.51,8,14.45,183,0.42,4281,-1.84,24.00,99,3,0.00,11,4.64,19.02,9.41,12.00,0.00,16,23.95,8.68,0.5000
358500,-25.00,0.00,14.51,8,14.51,183,0.30,4216,-1.73,24.00,99,3,0.00,11,4.06,17.16,8.63,10.30,0.00,16,23.95,8.39,0.5000
358602,-25.00,0.00,14.51,8,14.51,183,0.25,4155,-1.62,9.00,99,3,0.00,11,3.77,15.80,8.63,10.00,0.00,16,23.95,8.24,0.5000
358704,-25.00,0.00,14.51,8,14.52,183,0.24,3954,-1.50,9.00,99,5,0.00,11,3.77,14.64,8.63,10.30,0.00,11,24.46,8.24,0.5000
358806,-25.00,0.00,14.51,8,14.52,183,0.24,3595,-1.41,12.00,99,5,-1.50,11,4.06,15.00,8.63,10.80,0.00,11,30.67,8.82,0.5000
358908,-14.84,0.00,14.51,8,14.53,183,0.25,3312,-1.31,21.00,99,6,-1.50,11,5.08,17.06,10.98,12.10,0.00,11,38.17,11.15,0.5000
359010,-13.28,0.00,14.51,8,14.56,183,0.30,3047,-1.23,39.00,99,6,-1.00,11,5.80,15.57,11.76,12.40,0.00,6,40.26,11.15,0.5000
359112,-13.28,0.00,14.51,8,14.61,183,0.34,2821,-1.15,38.50,99,6,-1.00,11,6.24,18.22,11.76,12.40,0.00,6,39.69,11.29,0.5000
359214,-13.28,0.00,14.51,8,14.62,183,0.37,2807,-1.08,38.50,99,7,-1.00,11,6.96,20.26,12.94,13.50,0.00,6,40.11,12.88,0.5000
359316,-10.16,0.00,14.51,8,14.61,183,0.41,2835,-1.00,40.00,99,8,-1.00,11,7.69,22.87,14.51,14.30,0.00,6,41.26,14.05,0.5000
359418,-4.69,0.00,14.51,8,14.60,183,0.46,2886,-0.92,41.00,99,8,-1.00,11,8.56,24.21,15.69,15.60,0.00,6,42.83,15.07,0.5000
359520,-3.12,0.00,14.51,8,14.60,183,0.49,2922,-0.84,42.00,99,9,-1.00,11,8.71,24.82,15.69,15.60,0.00,6,43.58,15.07,0.5000
359622,-3.91,0.00,14.51,8,14.59,183,0.50,2929,-0.76,42.00,99,9,-1.00,11,8.85,24.58,15.69,15.80,0.00,6,43.81,15.07,0.5000
359724,-4.69,0.00,14.51,8,14.59,183,0.51,2927,-0.68,42.50,99,10,-0.50,11,8.85,24.82,16.08,14.40,0.00,6,43.81,15.22,0.5000
359826,-4.69,0.00,14.51,8,14.59,181,0.51,2928,-0.61,42.50,99,10,-0.50,11,9.00,25.67,16.08,14.40,0.00,6,44.09,15.22,0.5000
359928,-4.69,0.00,14.51,8,14.58,181,0.52,2934,-0.53,42.50,99,11,-0.50,11,9.00,25.31,16.08,14.40,0.00,6,44.17,15.22,0.5000
360030,-5.47,0.00,14.51,8,14.58,181,0.52,2927,-0.45,43.00,99,11,-0.50,11,9.00,25.06,16.08,14.40,0.00,6,44.25,15.22,0.5000
360132,-6.25,0.00,14.51,8,14.58,181,0.52,2939,-0.37,43.00,99,12,-0.50,11,9.29,27.87,16.86,14.40,0.00,6,44.51,16.74,0.5000
360235,-3.12,0.00,14.51,8,14.56,181,0.55,2950,-0.29,43.50,99,12,-0.50,11,9.72,30.67,17.65,15.70,0.00,6,44.66,16.74,0.5000
360336,-2.34,0.00,14.51,8,14.54,181,0.57,2962,-0.21,43.00,99,13,0.00,11,9.87,28.36,17.65,15.00,0.00,6,44.35,16.67,0.5000
360438,-2.34,0.00,14.51,8,14.54,181,0.57,2966,-0.13,43.00,99,13,0.00,11,9.87,27.87,17.65,14.70,0.00,6,44.39,16.67,0.5000
360540,-3.91,0.00,14.51,8,14.54,181,0.57,2963,-0.05,43.00,99,14,0.00,11,9.87,27.87,17.25,14.40,0.00,6,44.37,16.52,0.5000
360642,-3.12,0.00,14.51,8,14.54,181,0.57,2964,0.00,43.00,99,14,0.00,11,9.87,25.67,17.25,14.40,0.00,6,44.36,16.52,0.5000
360744,-3.91,0.00,14.51,8,14.54,181,0.57,2972,0.00,43.00,99,14,0.00,11,9.87,28.23,17.25,14.60,0.00,6,44.28,16.52,0.5000
360846,-3.91,0.00,14.51,8,14.54,181,0.57,2971,0.00,43.00,99,12,0.00,11,9.87,28.48,17.25,14.30,0.00,6,44.31,16.52,0.5000
360949,-4.69,0.00,14.51,8,14.54,181,0.57,2969,0.00,43.00,97,10,0.00,11,9.72,28.23,17.25,14.40,0.00,6,44.20,16.52,0.5000
361051,-4.69,0.00,14.51,8,14.54,181,0.58,2980,0.00,43.00,97,8,0.00,11,10.01,30.19,17.65,14.40,0.00,6,43.84,17.40,0.5000
361152,-3.12,0.00,14.51,8,14.52,181,0.60,2983,0.00,42.00,97,7,0.00,11,10.30,29.94,18.43,14.80,0.00,6,43.35,17.54,0.5000
361255,-2.34,0.00,14.51,8,14.52,181,0.60,2988,0.00,42.00,97,6,0.00,11,10.45,30.68,18.43,14.70,0.00,6,43.12,17.54,0.5000
361356,-2.34,0.00,14.51,8,14.51,181,0.61,2978,0.00,41.50,97,6,0.00,11,10.30,28.96,18.43,14.60,0.00,6,42.91,17.11,0.5000
361459,-6.25,0.00,14.51,8,14.52,181,0.60,2950,0.00,42.50,97,5,0.00,11,9.29,20.93,16.08,14.30,0.00,6,44.50,13.06,0.5000
361561,-13.28,0.00,14.51,8,14.60,181,1.99,2889,0.00,42.00,97,5,0.00,11,6.82,14.78,9.02,13.60,0.00,6,41.30,7.95,0.5000
361662,-17.97,0.00,14.51,8,14.61,181,0.37,2865,0.00,39.00,97,4,0.00,11,5.37,13.13,7.84,12.50,0.00,6,37.62,7.22,0.5000
361765,-23.44,0.00,14.51,8,14.61,181,0.30,2828,0.00,35.50,97,4,0.00,11,4.79,11.83,7.45,12.10,0.00,6,34.18,7.08,0.5000
361867,-25.00,0.00,14.51,8,14.62,181,0.27,2777,0.00,32.00,97,4,0.00,11,4.50,11.04,7.45,12.00,0.00,6,30.93,6.93,0.5000
361969,-25.00,0.00,14.51,8,14.62,181,0.25,2740,0.00,29.00,97,4,0.00,11,4.21,10.47,7.06,12.20,0.00,6,28.29,6.79,0.5000
362071,0.00,0.00,14.51,10,14.62,181,0.23,2742,0.00,26.00,97,4,0.00,11,4.21,10.41,7.06,12.60,0.00,6,25.25,6.79,0.5000
362173,0.00,0.00,14.51,10,14.62,181,0.23,2702,0.00,24.00,97,4,0.00,11,4.21,9.95,7.06,12.90,0.00,6,23.95,6.79,0.5000
362275,0.00,0.00,14.51,10,14.62,181,0.22,2689,0.00,24.00,97,4,0.00,11,4.21,9.95,7.06,14.00,0.00,6,23.95,6.79,0.5000
362377,0.00,0.00,14.51,10,14.62,181,0.22,2696,0.00,24.00,97,4,0.00,11,4.21,9.72,7.06,16.00,0.00,6,23.95,6.79,0.5000
362478,0.00,0.00,14.51,10,14.61,181,0.22,2630,0.00,24.00,97,5,0.00,11,4.21,9.66,7.06,17.00,0.00,6,25.22,6.79,0.5000
362581,0.00,0.00,14.51,10,14.61,181,0.22,2690,0.00,29.00,97,5,0.00,11,4.21,10.41,7.45,18.50,0.00,6,30.81,7.22,0.5000
362683,0.00,0.00,14.51,10,14.61,181,0.23,2696,0.00,34.50,97,5,0.00,11,4.50,10.78,8.24,24.00,0.00,6,36.08,7.80,0.5000
362785,0.00,0.00,14.51,10,14.62,181,0.23,2727,0.00,37.50,97,6,0.00,11,4.64,11.30,8.63,22.80,0.00,6,37.56,8.09,0.5000
362887,0.00,0.00,14.51,10,14.62,181,0.24,2700,0.00,37.50,97,6,0.00,11,4.79,10.58,8.63,21.10,0.00,6,37.47,8.10,0.5000
362989,0.00,0.00,14.51,10,14.62,181,0.24,2691,0.00,35.50,97,6,0.00,11,4.50,9.95,7.45,14.10,0.00,6,34.79,7.23,0.5000
363091,-3.12,0.00,14.51,8,14.62,181,0.23,2686,0.00,33.00,97,7,0.00,11,4.35,9.72,7.45,14.10,0.00,6,31.87,7.08,0.5000
363193,-5.47,0.00,14.51,8,14.61,181,0.22,2650,0.00,30.00,97,7,0.00,11,4.21,9.26,7.45,13.80,0.00,6,29.40,6.79,0.5000
363294,-7.81,0.00,14.51,8,14.61,183,0.21,2646,0.00,27.50,97,8,0.00,11,4.06,9.20,7.06,13.40,0.00,6,26.62,6.79,0.5000
363397,0.00,0.00,14.51,10,14.61,183,0.21,2594,0.00,25.00,97,8,0.00,11,4.21,8.91,7.06,13.40,0.00,6,23.97,6.79,0.5000
363499,0.00,0.00,14.51,10,14.61,183,0.21,2596,0.00,24.00,97,9,0.00,11,4.21,9.03,7.06,13.70,0.00,6,23.95,6.79,0.5000
363601,0.00,0.00,14.51,10,14.61,183,0.21,2585,0.00,24.00,97,9,0.00,11,4.21,9.03,7.06,13.90,0.00,6,23.95,6.79,0.5000
363703,0.00,0.00,14.51,10,14.61,183,0.21,2524,0.00,24.00,97,10,0.00,11,4.21,8.81,7.06,17.10,0.00,6,23.95,6.79,0.5000
363805,0.00,0.00,14.51,10,14.61,183,0.21,2517,0.00,24.00,97,10,0.00,11,4.35,8.68,7.06,19.10,0.00,6,23.95,6.79,0.5000
363907,0.00,0.00,14.51,10,14.61,183,0.21,2499,0.00,24.00,97,10,0.00,11,4.35,8.63,7.06,21.80,0.00,6,23.95,6.94,0.5000
364009,0.00,0.00,14.51,10,14.61,183,0.21,2484,0.00,24.00,97,11,0.00,11,4.35,8.63,7.06,29.40,0.00,6,23.95,6.79,0.5000
364111,0.00,0.00,14.51,10,14.61,183,0.21,2447,0.00,24.00,97,11,0.00,11,4.35,8.72,7.06,47.60,0.00,6,23.95,6.79,0.5000
364213,0.00,0.00,14.51,10,14.61,183,0.21,2427,0.00,24.00,97,12,0.00,11,4.50,8.68,7.06,72.40,0.00,6,23.95,6.79,0.5000
364315,0.00,0.00,14.51,10,14.61,183,0.22,2408,0.00,24.00,97,12,0.00,11,4.50,8.86,7.06,84.00,0.00,6,23.95,6.79,0.5000
364417,0.00,0.00,14.51,10,14.60,183,0.22,2412,0.00,24.00,97,12,0.00,11,4.50,8.87,7.06,96.00,0.00,6,23.95,6.79,0.5000
364519,0.00,0.00,14.51,10,14.60,183,0.22,2397,0.00,24.00,97,13,0.00,11,4.64,8.72,7.06,96.00,0.00,6,23.95,6.79,0.5000
364621,0.00,0.00,14.51,10,14.60,183,0.22,2382,0.00,24.00,97,13,0.00,11,4.64,8.72,7.06,96.00,0.00,6,23.95,6.79,0.5000
364723,0.00,0.00,14.51,10,14.60,183,0.22,2362,0.00,24.00,97,14,0.00,11,4.64,8.77,7.06,99.90,0.00,1,23.95,6.79,0.5000
364825,0.00,0.00,14.51,10,14.60,183,0.22,2343,0.00,24.00,97,14,0.00,11,4.79,8.77,7.06,99.90,0.00,1,23.95,6.79,0.5000
364927,0.00,0.00,14.51,10,14.60,183,0.23,2323,0.00,24.00,97,14,0.00,11,4.79,8.77,7.06,99.90,0.00,1,23.95,6.64,0.5000
365029,0.00,0.00,14.51,10,14.60,183,0.23,2306,0.00,24.00,97,15,0.00,11,4.79,8.54,6.67,99.90,0.00,1,23.95,6.50,0.5000
365131,0.00,0.00,14.51,10,14.59,183,0.23,2270,0.00,24.00,97,15,0.00,11,4.79,8.50,6.67,99.90,0.00,1,23.95,6.50,0.5000
365233,0.00,0.00,14.51,10,14.59,183,0.23,2251,0.00,24.00,97,15,0.00,11,4.79,8.45,6.67,99.90,0.00,1,23.95,6.50,0.5000
365335,0.00,0.00,14.51,10,14.59,183,0.22,2229,0.00,24.00,97,16,0.00,11,4.79,8.19,6.67,99.90,0.00,1,23.95,6.50,0.5000
365437,0.00,0.00,14.51,10,14.59,183,0.22,2228,0.00,24.00,97,16,0.00,11,4.93,8.19,6.67,99.90,0.00,1,23.95,6.35,0.5000
365539,0.00,0.00,14.51,10,14.59,183,0.22,2206,0.00,24.00,97,16,0.00,11,4.93,8.28,6.67,99.90,0.00,1,23.95,6.35,0.5000
365641,0.00,0.00,14.51,10,14.59,183,0.22,2168,0.00,24.00,97,16,0.00,11,4.93,8.10,6.67,99.90,0.00,1,23.95,6.35,0.5000
365744,0.00,0.00,14.51,10,14.58,183,0.22,2146,0.00,24.00,97,16,0.00,11,5.08,8.05,6.67,99.90,0.00,1,23.95,6.21,0.5000
365846,0.00,0.00,14.51,10,14.58,183,0.23,2142,0.00,24.00,97,14,0.00,11,4.93,7.92,6.67,99.90,0.00,1,23.95,6.21,0.5000
365948,0.00,0.00,14.51,10,14.58,183,0.22,2103,0.00,24.00,97,11,0.00,11,4.93,7.83,6.67,99.90,0.00,1,23.95,6.21,0.5000
366050,0.00,0.00,14.51,10,14.58,183,0.22,2098,0.00,24.00,97,8,0.00,11,4.93,7.74,6.27,99.90,0.00,1,23.95,6.06,0.5000
366152,0.00,0.00,14.51,10,14.58,183,0.22,2058,0.00,24.00,97,6,0.00,11,4.93,10.21,6.27,99.90,0.00,1,23.95,6.06,0.5000
366254,0.00,0.00,14.51,10,14.57,183,0.22,2053,0.00,24.00,97,5,0.00,11,4.93,7.56,6.27,99.90,0.00,1,23.95,5.92,0.5000
366356,0.00,0.00,14.51,10,14.57,183,0.22,2013,0.00,24.00,97,4,0.00,11,4.93,7.28,6.27,99.90,0.00,1,23.95,5.92,0.5000
366458,0.00,0.00,14.51,10,14.57,183,0.22,2008,0.00,24.00,97,3,0.00,11,4.93,7.47,6.27,99.90,0.00,1,23.95,5.92,0.5000
366560,0.00,0.00,14.51,10,14.57,183,0.22,1968,0.00,24.00,97,3,0.00,11,4.93,7.47,6.27,99.90,0.00,1,23.95,5.92,0.5000
366662,0.00,0.00,14.51,10,14.57,183,0.23,1944,0.00,24.00,97,2,0.00,11,4.93,7.52,5.88,99.90,0.00,1,23.95,5.92,0.5000
366764,0.00,0.00,14.51,10,14.57,183,0.23,1930,0.00,24.00,97,1,0.00,11,4.93,7.47,5.88,99.90,0.00,1,23.95,5.62,0.5000
366866,0.00,0.00,14.51,10,14.57,183,0.23,1907,0.00,24.00,97,1,0.00,11,4.93,7.38,5.88,99.90,0.00,1,23.95,5.62,0.5000
366968,0.00,0.00,14.51,10,14.57,183,0.23,1863,0.00,24.00,97,1,0.00,11,5.08,7.28,5.88,99.90,0.00,1,23.95,5.77,0.5000
367070,0.00,0.00,14.51,10,14.57,183,0.24,1836,0.00,24.00,97,0,0.00,11,4.93,7.08,5.88,99.90,0.00,1,23.95,5.63,0.5000
367172,0.00,0.00,14.51,10,14.57,183,0.24,1808,0.00,24.00,97,1,0.00,11,5.08,7.04,5.88,99.90,0.00,1,23.95,5.63,0.5000
367274,0.00,0.00,14.51,10,14.57,183,0.23,1782,0.00,24.00,97,0,0.00,11,4.93,7.13,5.88,99.90,0.00,1,23.79,5.48,0.5000
367376,0.00,0.00,14.51,10,14.57,183,0.24,1755,0.00,23.50,97,0,0.00,11,5.08,7.23,5.88,99.90,0.00,1,23.25,5.48,0.5000
367478,0.00,0.00,14.51,10,14.57,183,0.24,1727,0.00,23.00,97,0,0.00,11,5.08,7.18,5.88,99.90,0.00,1,22.71,5.48,0.5000
367580,0.00,0.00,14.51,10,14.57,183,0.25,1698,0.00,22.50,97,0,0.00,11,5.08,7.18,5.88,99.90,0.00,1,22.16,5.48,0.5000
367682,0.00,0.00,14.51,10,14.57,183,0.25,1672,0.00,22.00,97,0,0.00,11,5.08,7.04,5.49,99.90,0.00,1,21.64,5.33,0.5000
367784,0.00,0.00,14.51,10,14.57,183,0.25,1644,0.00,21.50,97,0,0.00,11,5.22,6.99,5.49,99.90,0.00,1,20.94,5.33,0.5000
367885,0.00,0.00,14.51,10,14.57,183,0.25,1637,0.00,20.50,97,0,0.00,11,5.22,7.18,5.49,99.90,0.00,1,20.45,5.33,0.5000
367988,0.00,0.00,14.51,10,14.58,183,0.26,1608,0.00,20.00,99,0,0.00,11,5.37,6.99,5.49,99.90,0.00,1,20.23,5.34,0.5000
368090,0.00,0.00,14.51,10,14.58,183,0.26,1572,0.00,20.00,99,0,0.00,11,5.37,6.94,5.49,99.90,0.00,1,19.89,5.19,0.5000
368192,0.00,0.00,14.51,10,14.58,183,0.26,1565,0.00,19.50,99,0,0.00,11,5.37,6.74,5.49,99.90,0.00,1,19.52,5.19,0.5000
368294,0.00,0.00,14.51,10,14.58,183,0.26,1536,0.00,19.50,99,0,0.00,11,5.51,6.64,5.49,99.90,0.00,1,19.40,5.19,0.5000
368396,0.00,0.00,14.51,10,14.58,183,0.26,1498,0.00,19.00,99,0,0.00,11,5.51,6.79,5.49,99.90,0.00,1,19.00,5.04,0.5000
368498,0.00,0.00,14.51,10,14.58,183,0.27,1486,0.00,19.00,99,0,0.00,11,5.66,6.79,5.49,99.90,0.00,1,18.70,4.90,0.5000
368600,0.00,0.00,14.51,10,14.58,183,0.27,1450,0.00,18.50,99,0,0.00,11,5.66,6.60,5.10,99.90,0.00,1,18.57,4.90,0.5000
368702,0.00,0.00,14.51,10,14.59,183,0.27,1439,0.00,18.50,99,0,0.00,11,5.66,6.55,5.10,99.90,0.00,1,18.38,4.90,0.5000
368804,0.00,0.00,14.51,10,14.59,183,0.27,1420,0.00,18.00,99,0,0.00,11,5.66,6.64,5.10,99.90,0.00,1,18.00,4.90,0.5000
368907,0.00,0.00,14.51,10,14.59,183,0.28,1384,0.00,18.00,99,0,0.00,11,5.80,6.40,5.10,99.90,0.00,1,17.93,4.90,0.5000
369008,0.00,0.00,14.51,10,14.59,183,0.28,1379,0.00,18.00,99,0,0.00,11,5.80,6.30,5.10,99.90,0.00,1,17.78,4.76,0.5000
369110,0.00,0.00,14.51,10,14.59,183,0.28,1352,0.00,18.00,99,0,0.00,11,5.80,6.16,5.10,99.90,0.00,1,17.72,4.75,0.5000
369212,0.00,0.00,14.51,10,14.59,183,0.27,1340,0.00,17.50,99,0,0.00,11,5.80,6.06,5.10,99.90,0.00,1,17.70,4.75,0.5000
369314,0.00,0.00,14.51,10,14.60,183,0.27,1336,0.00,17.50,99,0,0.00,11,5.80,6.16,5.10,99.90,0.00,1,17.63,4.75,0.5000
369417,0.00,0.00,14.51,10,14.60,183,0.28,1324,0.00,17.50,99,0,0.00,11,5.80,6.40,5.10,99.90,0.00,1,17.49,4.75,0.5000
369518,0.00,0.00,14.51,10,14.60,183,0.28,1296,0.00,17.50,99,0,0.00,11,5.80,5.91,5.10,99.90,0.00,1,17.42,4.75,0.5000
369620,0.00,0.00,14.51,10,14.60,183,0.28,1282,0.00,17.50,99,0,0.00,11,5.95,5.96,4.71,99.90,0.00,1,17.38,4.76,0.5000
369722,0.00,0.00,14.51,10,14.60,183,0.28,1268,0.00,17.50,99,0,0.00,11,5.95,5.91,4.71,99.90,0.00,1,17.31,4.61,0.5000
369824,0.00,0.00,14.51,10,14.60,183,0.28,1266,0.00,17.00,99,0,0.00,11,5.95,5.86,4.71,99.90,0.00,1,17.26,4.61,0.5000
369926,0.00,0.00,14.51,10,14.60,183,0.28,1255,0.00,17.00,99,0,0.00,11,6.09,5.84,4.71,99.90,0.00,1,17.13,4.61,0.5000
370028,0.00,0.00,14.51,10,14.60,183,0.28,1244,0.00,17.00,99,0,0.00,11,6.09,5.79,4.71,99.90,0.00,1,17.07,4.61,0.5000
370130,0.00,0.00,14.51,10,14.60,183,0.28,1232,0.00,17.00,99,0,0.00,11,6.09,5.74,4.71,99.90,0.00,1,17.01,4.61,0.5000
370232,0.00,0.00,14.51,10,14.60,183,0.28,1224,0.00,17.00,99,0,0.00,11,6.09,5.70,4.71,99.90,0.00,1,16.97,4.61,0.5000
370334,0.00,0.00,14.51,10,14.60,183,0.28,1200,0.00,17.00,99,0,0.00,11,6.24,5.63,4.71,99.90,0.00,1,16.92,4.46,0.5000
370437,0.00,0.00,14.51,10,14.60,183,0.28,1188,0.00,17.00,99,0,0.00,11,6.24,5.72,4.71,99.90,0.00,1,16.91,4.46,0.5000
370538,0.00,0.00,14.51,10,14.61,183,0.28,1176,0.00,17.00,99,0,0.00,11,6.24,5.79,4.71,99.90,0.00,1,16.91,4.46,0.5000
370640,0.00,0.00,14.51,10,14.61,183,0.29,1164,0.00,17.00,99,0,0.00,11,6.38,5.51,4.71,99.90,0.00,1,16.91,4.46,0.5000
370743,0.00,0.00,14.51,10,14.61,183,0.29,1152,0.00,17.00,99,0,0.00,11,6.38,5.55,4.71,99.90,0.00,1,16.91,4.46,0.5000
370844,0.00,0.00,14.51,10,14.62,183,0.29,1152,0.00,17.00,99,0,0.00,11,6.38,5.58,4.71,99.90,0.00,1,16.91,4.46,0.5000
370947,0.00,0.00,14.51,10,14.62,183,0.29,1138,0.00,17.00,99,0,0.00,11,6.53,5.60,4.71,99.90,0.00,1,16.91,4.32,0.5000
371049,0.00,0.00,14.51,10,14.62,183,0.29,1124,0.00,17.00,99,0,0.00,11,6.53,5.46,4.71,99.90,0.00,1,16.91,4.32,0.5000
371151,0.00,0.00,14.51,10,14.63,183,0.29,1112,0.00,17.00,99,0,0.00,11,6.53,5.55,4.71,99.90,0.00,1,16.91,4.32,0.5000
371253,0.00,0.00,14.51,10,14.63,183,0.29,1097,0.00,17.00,99,0,0.00,11,6.53,5.60,4.71,99.90,0.00,1,16.91,4.32,0.5000
371354,0.00,0.00,14.51,10,14.63,183,0.30,1072,0.00,22.00,99,0,0.00,11,6.67,5.53,4.71,99.90,0.00,1,16.91,4.32,0.5000
371456,0.00,0.00,14.51,10,14.64,183,0.30,1040,0.00,22.00,99,0,0.00,11,6.67,5.48,4.71,99.90,0.00,1,16.91,4.32,0.5000
371559,0.00,0.00,14.51,10,14.64,183,0.31,1029,0.00,22.00,99,0,0.00,11,6.82,5.32,4.71,99.90,0.00,1,16.91,4.32,0.5000
371661,0.00,0.00,14.51,10,14.65,183,0.31,997,0.00,22.00,99,0,0.00,11,6.82,5.36,4.31,99.90,0.00,1,16.91,4.17,0.5000
371763,0.00,0.78,14.51,10,14.66,183,0.31,963,0.00,22.00,99,0,0.00,11,6.96,5.36,4.71,99.90,0.00,1,16.91,4.61,0.5000
371866,0.00,0.78,14.51,10,14.66,185,0.32,944,0.00,22.00,99,0,0.00,11,7.25,5.55,4.71,99.90,0.00,1,16.91,4.61,0.5000
371968,0.00,2.34,14.51,10,14.67,185,0.33,906,0.00,22.00,99,0,0.00,11,7.55,5.53,4.71,99.90,0.00,1,16.91,4.61,0.5000
372070,0.00,2.34,14.51,10,14.67,185,0.34,881,0.00,22.00,99,0,0.00,11,7.84,5.48,4.71,99.90,0.00,1,16.91,4.61,0.5000
372172,0.00,2.34,14.51,10,14.68,185,0.35,867,0.00,22.00,99,0,0.00,11,7.98,5.53,4.71,99.90,0.00,1,16.91,4.61,0.5000
372274,0.00,2.34,14.51,10,14.65,185,0.35,1030,0.00,16.50,99,0,0.00,11,7.98,5.41,4.71,99.90,0.00,1,16.91,4.61,0.5000
372376,0.00,2.34,14.51,10,14.60,185,0.33,1247,0.00,17.00,99,0,0.00,11,7.55,5.27,4.71,99.90,0.00,1,17.16,4.61,0.5000
372477,0.00,2.34,14.51,10,14.59,185,0.29,1333,0.00,17.50,99,0,0.00,11,6.82,5.22,4.71,96.00,0.00,1,17.73,4.46,0.5000
372580,0.00,2.34,14.51,10,14.59,185,0.27,1353,0.00,17.50,99,0,0.00,11,6.38,5.27,4.71,52.20,0.00,1,17.64,4.61,0.5000
372681,0.00,2.34,14.51,10,14.59,185,0.25,1338,0.00,17.50,99,0,0.00,11,6.24,5.43,5.10,27.50,0.00,1,17.56,4.75,0.5000
372784,0.00,2.34,14.51,10,14.60,185,0.25,1302,0.00,17.50,99,0,0.00,11,6.09,5.43,5.10,22.80,0.00,1,17.51,4.75,0.5000
372885,0.00,2.34,14.51,10,14.60,185,0.25,1286,0.00,17.50,99,0,0.00,11,6.09,5.48,5.10,21.00,0.00,1,17.42,4.75,0.5000
372988,0.00,2.34,14.51,10,14.60,185,0.25,1280,0.00,17.50,99,0,0.00,11,5.95,5.46,5.10,19.70,0.00,1,17.33,4.75,0.5000
373090,0.00,2.34,14.51,10,14.60,185,0.25,1264,0.00,17.00,99,0,0.00,11,5.95,5.36,4.71,19.30,0.00,1,17.16,4.61,0.5000
373192,0.00,2.34,14.51,10,14.60,185,0.25,1248,0.00,17.00,99,0,0.00,11,5.95,5.39,4.71,18.70,0.00,1,17.06,4.61,0.5000
373293,0.00,2.34,14.51,10,14.60,185,0.26,1221,0.00,17.00,99,0,0.00,11,5.95,5.36,4.71,18.00,0.00,1,16.93,4.61,0.5000
373396,0.00,2.34,14.51,10,14.61,185,0.26,1182,0.00,17.00,99,0,0.00,11,6.09,5.36,4.71,17.40,0.00,1,16.91,4.61,0.5000
373498,0.00,2.34,14.51,10,14.61,185,0.27,1178,0.00,17.00,99,0,0.00,11,6.09,5.36,4.71,17.00,0.00,1,16.91,4.46,0.5000
373600,0.00,2.34,14.51,8,14.61,185,0.27,1162,0.00,17.00,99,0,0.00,11,6.09,5.20,4.71,16.60,0.00,1,16.91,4.46,0.5000
373702,0.00,2.34,14.51,8,14.62,185,0.27,1149,0.00,17.00,99,0,0.00,11,6.24,5.27,4.71,16.20,0.00,1,16.91,4.46,0.5000
373804,-0.78,2.34,14.51,8,14.62,185,0.27,1137,0.00,17.00,99,0,0.00,11,6.24,5.22,4.71,15.90,0.00,1,16.91,4.46,0.5000
373906,-1.56,2.34,14.51,8,14.62,185,0.28,1120,0.00,17.00,99,0,0.00,11,6.24,5.17,4.71,15.60,0.00,1,16.91,4.46,0.5000
374008,-2.34,2.34,14.51,8,14.63,185,0.28,1110,0.00,17.00,99,0,0.00,11,6.38,5.22,4.71,17.80,0.00,1,16.91,4.45,0.5000
374110,-3.12,2.34,14.51,8,14.63,185,0.28,1084,0.00,17.00,99,0,0.00,11,6.38,5.20,4.71,14.20,0.00,1,16.91,4.32,0.5000
374212,-3.12,2.34,14.51,8,14.63,185,0.28,1068,0.00,17.00,99,0,0.00,11,6.38,5.24,4.71,14.30,0.00,1,16.91,4.32,0.5000
374314,-3.91,2.34,14.51,8,14.63,185,0.29,1064,0.00,21.50,99,0,0.00,11,6.53,5.27,4.71,14.30,0.00,1,16.91,4.32,0.5000
374416,-3.91,2.34,14.51,8,14.63,185,0.29,1068,0.00,21.00,99,0,0.00,11,6.53,5.13,4.71,14.20,0.00,1,16.91,4.32,0.5000
374518,-3.91,2.34,14.51,8,14.64,185,0.29,1053,0.00,22.00,99,0,0.00,11,6.53,5.13,4.31,14.10,0.00,1,16.91,4.17,0.5000
374620,-4.69,2.34,14.51,8,14.64,185,0.29,1032,0.00,22.00,99,0,0.00,11,6.53,5.10,4.31,14.10,0.00,1,16.91,4.17,0.5000
374722,-5.47,2.34,14.51,8,14.64,185,0.29,1021,0.00,22.00,99,0,0.00,11,6.53,5.05,4.31,14.10,0.00,1,16.91,4.17,0.5000
374824,-5.47,2.34,14.51,8,14.64,185,0.29,1021,0.00,22.00,99,0,0.00,11,6.67,4.99,4.31,14.10,0.00,1,16.91,4.17,0.5000
374926,-6.25,2.34,14.51,8,14.65,185,0.29,1007,0.00,22.00,99,0,0.00,11,6.67,5.10,4.31,14.10,0.00,1,16.91,4.17,0.5000
375028,-6.25,2.34,14.51,8,14.65,185,0.30,991,0.00,22.00,99,0,0.00,11,6.82,5.20,4.71,14.10,0.00,1,16.91,4.61,0.5000
375130,-7.03,2.34,14.51,8,14.65,185,0.30,998,0.00,21.50,99,0,0.00,11,6.96,5.24,4.71,14.00,0.00,1,16.91,4.61,0.5000
375232,-7.03,2.34,14.51,8,14.65,185,0.31,1007,0.00,21.50,99,0,0.00,11,7.11,5.27,4.71,14.00,0.00,1,17.18,4.61,0.5000
375334,-7.03,2.34,14.51,8,14.65,185,0.31,998,0.00,18.50,99,0,0.00,11,8.71,6.91,7.45,14.00,0.00,1,19.40,11.86,0.5000
375436,-7.03,2.34,14.51,8,14.64,185,0.40,1084,0.00,22.00,99,0,0.00,11,12.62,15.39,18.43,14.00,0.00,1,24.95,18.99,0.5000
375538,-8.59,2.34,14.51,8,14.60,185,0.55,1295,0.00,31.00,99,0,0.00,11,13.64,13.90,20.00,14.30,0.00,1,33.54,18.70,0.5000
375640,-3.12,2.34,14.51,8,14.59,185,0.58,1475,0.00,35.50,99,0,0.50,11,13.49,14.36,19.61,13.90,0.00,1,37.95,18.70,0.5000
375742,7.03,2.34,14.51,8,14.58,185,0.58,1528,0.00,37.50,99,0,0.50,11,13.35,14.89,19.61,16.10,0.00,1,39.22,18.71,0.5000
375845,14.06,2.34,14.51,8,14.58,185,0.58,1607,0.00,39.50,99,0,0.50,11,13.20,16.13,19.61,17.40,0.00,1,40.84,18.56,0.5000
375947,14.84,0.00,14.51,8,14.58,185,0.58,1686,0.00,40.00,99,0,0.50,11,13.20,17.34,19.61,17.00,0.00,1,41.22,18.56,0.5000
376049,15.62,0.00,14.51,8,14.58,185,0.60,1741,0.00,40.00,99,0,0.50,11,13.06,18.05,19.22,16.20,0.00,1,41.13,18.56,0.5000
376151,16.41,0.00,14.51,8,14.58,185,0.61,1773,0.00,40.00,99,0,0.50,11,12.91,18.87,19.22,15.60,0.00,1,40.95,18.41,0.5000
376253,16.41,0.00,14.51,8,14.58,185,0.62,1798,0.00,39.50,99,0,0.50,11,12.91,19.41,19.22,15.20,0.00,1,40.59,18.41,0.5000
376354,15.62,0.00,14.51,8,14.58,185,0.64,1812,0.00,39.50,99,0,0.50,11,12.91,20.20,19.22,14.80,0.00,1,40.21,18.41,0.5000
376457,14.06,0.00,14.51,8,14.57,185,0.65,1828,0.00,39.00,99,1,0.50,11,12.91,21.10,19.22,14.30,0.00,1,39.88,18.56,0.5000
376559,13.28,0.00,14.51,8,14.57,185,0.67,1828,0.00,38.50,99,1,0.50,11,13.20,22.08,20.78,14.30,0.00,1,39.36,20.15,0.5000
376661,12.50,0.00,14.51,8,14.57,185,0.70,1850,0.00,38.00,99,1,0.50,11,13.64,23.80,22.35,14.10,0.00,1,38.69,22.76,0.5000
376763,12.50,0.00,14.51,8,14.57,185,0.74,1886,0.00,37.50,99,2,1.00,11,14.22,24.88,27.45,14.30,0.00,1,38.06,27.13,0.5000
376865,10.94,0.00,14.51,8,14.57,185,0.76,1943,0.00,37.50,99,2,1.00,11,14.51,25.68,30.98,14.20,0.00,1,37.72,30.62,0.5000
376968,10.94,0.00,14.51,8,14.57,185,0.78,1971,0.00,37.00,99,2,1.00,11,14.65,26.28,35.29,14.10,0.00,1,37.48,34.11,0.5000
377071,10.94,0.00,14.51,8,14.56,185,0.79,1982,0.00,37.50,99,2,1.50,11,14.80,27.26,35.69,14.30,0.00,1,37.41,34.11,0.5000
377172,9.38,0.00,14.51,8,14.56,185,0.81,2014,0.00,37.00,99,2,1.50,11,14.80,27.14,35.69,14.30,0.00,1,37.15,34.11,0.5000
377274,8.59,0.00,14.51,8,14.56,185,0.81,2018,0.00,37.00,99,3,1.50,11,14.80,27.99,35.69,14.20,0.00,1,37.27,34.11,0.5000
377376,8.59,0.00,14.51,8,14.56,185,0.82,2046,0.00,37.00,99,3,1.50,11,14.95,28.24,35.69,14.40,0.00,1,36.98,34.11,0.5000
377478,8.59,0.00,14.51,8,14.56,185,0.82,2046,0.00,37.00,99,3,1.50,11,14.95,29.34,35.69,14.20,0.00,1,37.06,34.10,0.5000
377580,7.81,0.00,14.51,8,14.56,185,0.84,2075,0.00,37.00,99,3,1.50,11,14.95,29.46,35.69,14.20,0.00,1,36.73,34.26,0.5000
377685,7.03,0.00,14.51,8,14.56,185,0.85,2072,0.00,37.00,99,4,1.50,11,15.09,29.82,36.08,14.30,0.00,1,36.84,34.11,0.5000
377784,7.03,0.00,14.51,8,14.56,185,0.85,2102,0.00,37.00,99,4,1.50,11,15.09,30.31,35.69,14.30,0.00,2,36.65,34.10,0.5000
377886,7.03,0.00,14.51,8,14.56,185,0.86,2100,0.00,37.00,99,4,1.50,11,15.09,28.75,35.69,14.20,0.00,2,36.76,34.11,0.5000
377988,7.03,0.00,14.51,8,14.56,185,0.87,2130,0.00,36.50,99,5,1.50,11,15.24,31.56,35.69,14.40,0.00,2,36.40,34.10,0.5000
378090,6.25,0.00,14.51,8,14.56,185,0.88,2124,0.00,37.00,99,5,2.00,11,15.24,32.06,35.69,14.40,0.00,2,36.24,34.11,0.5000
378192,5.47,0.00,14.51,8,14.56,185,0.89,2141,0.00,37.00,97,6,2.00,11,15.24,31.68,36.08,14.50,0.00,2,36.37,34.11,0.5000
378294,5.47,0.00,14.51,8,14.56,185,0.89,2170,0.00,36.50,97,6,1.50,11,15.24,32.43,35.69,14.30,0.00,2,36.31,34.11,0.5000
378397,6.25,0.00,14.51,8,14.56,185,0.90,2167,0.00,37.00,97,7,2.00,11,15.38,33.06,35.69,14.30,0.00,2,36.15,34.11,0.5000
378498,6.25,0.00,14.51,8,14.56,185,0.90,2183,0.00,37.00,97,7,2.00,11,15.38,33.68,35.69,14.60,0.00,2,36.31,34.11,0.5000
378600,5.47,0.00,14.51,8,14.56,185,0.91,2210,0.00,36.50,97,8,2.00,11,15.38,33.43,35.69,14.60,0.00,2,36.35,33.82,0.5000
378703,4.69,0.00,14.51,8,14.56,185,0.91,2224,0.00,37.00,97,8,2.00,11,15.38,34.05,35.69,14.50,0.00,2,36.32,33.38,0.5000
378804,3.91,0.00,14.51,8,14.56,185,0.92,2217,0.00,37.00,97,8,2.00,11,15.38,34.05,34.90,14.30,0.00,2,36.35,33.38,0.5000
378906,3.91,0.00,14.51,8,14.56,185,0.92,2227,0.00,37.00,97,9,2.00,11,15.53,34.33,34.90,14.20,0.00,2,36.42,33.24,0.5000
379009,3.91,0.00,14.51,8,14.56,185,0.93,2235,0.00,37.00,97,9,2.00,11,15.53,34.90,34.51,14.30,0.00,2,36.43,32.80,0.5000
379110,3.91,0.00,14.51,8,14.56,185,0.93,2263,0.00,37.00,97,9,2.00,11,15.53,35.51,34.51,14.30,0.00,2,36.41,32.80,0.5000
379213,3.91,0.00,14.51,8,14.56,185,0.94,2272,-2.00,35.00,97,10,0.00,12,15.38,35.05,32.94,14.30,0.00,2,36.31,31.35,0.5000
379314,3.91,0.00,14.51,8,14.56,185,0.93,2278,-2.00,35.00,97,10,0.00,12,15.53,35.35,32.94,14.50,0.00,2,36.40,31.20,0.5000
379416,3.91,0.00,14.51,8,14.56,185,0.93,2271,-2.00,35.00,97,10,0.00,12,15.38,35.65,32.55,14.50,0.00,2,36.42,30.77,0.5000
379519,4.69,0.00,14.51,8,14.56,185,0.94,2281,-2.00,35.00,97,10,0.00,12,15.53,35.95,32.16,15.20,0.00,2,36.53,30.62,0.5000
379620,4.69,0.00,14.51,8,14.56,185,0.94,2289,-2.00,35.00,97,11,0.00,12,15.38,33.84,30.98,14.50,0.00,2,36.54,29.17,0.5000
379723,3.91,0.00,14.51,8,14.56,185,0.94,2299,-2.00,35.00,95,11,-0.50,12,15.38,36.55,30.59,14.40,0.00,2,36.56,29.17,0.5000
379824,3.91,0.00,14.51,8,14.56,185,0.94,2308,-2.00,35.00,95,11,-0.50,12,15.38,37.01,30.59,14.30,0.00,2,36.51,29.17,0.5000
379926,3.91,0.00,14.51,8,14.56,185,0.95,2321,-2.00,35.00,95,11,-0.50,12,15.38,36.85,30.59,14.30,0.00,2,36.61,29.17,0.5000
380029,4.69,0.00,14.51,8,14.56,185,0.95,2344,-2.00,35.00,95,11,-0.50,12,15.38,37.91,30.59,14.40,0.00,2,36.52,29.03,0.5000
380130,4.69,0.00,14.51,8,14.56,185,0.96,2354,-2.00,35.00,95,12,-0.50,12,15.24,37.00,29.41,14.40,0.00,2,36.59,27.42,0.5000
380232,4.69,0.00,14.51,8,14.56,185,0.95,2363,-2.00,35.00,95,12,-0.50,12,15.24,36.85,28.63,14.40,0.00,2,36.81,27.28,0.5000
380335,4.69,0.00,14.51,8,14.56,185,0.94,2371,-2.00,35.00,95,12,-0.50,12,15.24,37.60,28.63,14.50,0.00,2,36.91,27.28,0.5000
380436,5.47,0.00,14.51,8,14.56,185,0.95,2361,-2.00,35.00,95,13,-0.50,12,15.24,38.05,28.63,14.40,0.00,2,36.84,27.28,0.5000
380539,5.47,0.00,14.51,8,14.56,185,0.95,2374,-2.00,35.00,95,13,-0.50,12,15.24,38.05,28.63,14.50,0.00,2,36.79,27.28,0.5000
380641,6.25,0.00,14.51,8,14.56,185,0.96,2385,-2.00,35.00,95,14,-0.50,12,15.24,38.35,28.63,14.60,0.00,2,36.72,27.28,0.5000
380742,5.47,0.00,14.51,8,14.56,185,0.96,2394,-2.00,35.00,95,14,-0.50,12,15.24,38.50,28.63,14.50,0.00,7,36.88,27.28,0.5000
380845,6.25,0.00,14.51,8,14.56,185,0.96,2404,-2.00,35.50,95,15,-0.50,12,15.24,38.05,28.63,14.50,0.00,7,36.90,27.28,0.5000
380946,6.25,0.00,14.51,8,14.55,185,0.96,2413,-2.00,35.50,95,16,-0.50,12,15.24,39.22,28.63,14.50,0.00,7,36.86,27.28,0.5000
381049,6.25,0.78,14.51,8,14.55,185,0.96,2447,-2.00,35.50,95,16,-0.50,12,15.24,39.46,28.63,14.40,0.00,7,36.86,27.28,0.5000
381151,6.25,0.78,14.51,8,14.55,185,0.96,2458,-1.00,35.50,95,16,0.50,12,15.24,39.46,28.63,14.40,0.00,7,36.77,27.28,0.5000
381252,5.47,0.78,14.51,8,14.55,185,0.97,2468,-1.00,36.50,95,17,0.50,12,15.24,39.58,28.63,14.30,0.00,7,36.95,27.13,0.5000
381355,4.69,0.78,14.51,8,14.54,185,0.96,2460,-1.00,36.50,95,16,0.50,12,15.24,39.58,28.63,14.10,0.00,7,37.08,27.13,0.5000
381457,4.69,0.78,14.51,8,14.54,185,0.96,2464,-1.00,36.50,93,15,0.50,12,15.38,40.17,28.63,14.20,0.00,7,37.07,27.13,0.5000
381558,3.91,0.00,14.51,8,14.54,185,0.97,2471,-1.00,36.50,93,13,0.50,12,15.38,39.58,28.63,14.30,0.00,7,36.94,27.13,0.5000
381661,3.12,0.78,14.51,8,14.53,185,0.96,2496,-1.00,36.50,93,10,0.50,12,15.38,39.81,28.63,14.30,0.00,7,37.10,27.13,0.5000
381762,3.12,0.78,14.51,8,14.54,185,0.96,2499,-1.00,36.50,93,7,0.50,12,15.38,39.69,28.63,14.30,0.00,7,37.26,27.13,0.5000
381865,3.12,0.00,14.51,8,14.54,185,0.96,2484,-1.00,36.50,93,5,0.50,12,15.53,39.81,28.63,14.40,0.00,7,37.27,27.13,0.5000
381967,1.56,0.78,14.51,8,14.53,185,0.96,2486,-1.00,37.00,93,4,0.50,12,15.38,39.18,28.63,14.60,0.00,7,37.34,27.13,0.5000
382069,1.56,0.78,14.51,8,14.53,185,0.95,2508,-1.00,37.00,93,3,0.00,12,15.38,39.33,28.63,14.40,0.00,7,37.47,27.13,0.5000
382171,1.56,0.78,14.51,8,14.54,185,0.95,2506,-1.00,37.00,93,2,0.00,12,15.53,39.81,28.63,14.50,0.00,7,37.51,27.41,0.5000
382273,2.34,0.00,14.51,8,14.54,185,0.95,2494,-1.00,37.00,93,1,0.50,12,15.53,39.45,29.41,14.50,0.00,7,37.47,28.00,0.5000
382375,1.56,0.78,14.51,8,14.53,185,0.95,2502,-1.00,37.00,93,1,0.00,12,15.53,40.17,29.41,14.60,0.00,7,37.49,28.00,0.5000
382477,1.56,0.00,14.51,8,14.53,185,0.95,2526,-1.00,37.00,93,1,0.00,12,15.67,39.69,29.41,14.30,0.00,7,37.43,28.00,0.5000
382578,1.56,0.00,14.51,8,14.54,185,0.95,2504,-1.00,37.00,93,1,0.50,12,15.67,39.69,29.41,14.40,0.00,7,37.35,28.00,0.5000
382681,2.34,0.78,14.51,8,14.54,185,0.96,2465,-3.00,34.50,93,0,-1.50,13,15.67,39.57,29.41,14.50,0.00,7,37.21,28.00,0.5000
382783,1.56,0.78,14.51,8,14.54,185,0.96,2464,-3.00,35.00,93,0,-1.50,13,15.67,40.04,29.41,14.50,0.00,7,37.01,28.00,0.5000
382885,1.56,0.00,14.51,8,14.54,185,0.97,2497,-3.00,35.00,93,1,-1.50,13,15.67,39.92,29.41,14.40,0.00,7,37.06,28.00,0.5000
382987,1.56,0.00,14.51,8,14.54,185,0.96,2502,-3.00,34.50,93,1,-1.50,13,15.67,39.69,29.41,14.40,0.00,7,37.06,28.00,0.5000
383089,1.56,0.00,14.51,8,14.54,185,0.96,2488,-3.00,34.50,93,1,-1.50,13,15.67,39.57,29.41,14.40,0.00,7,37.19,28.15,0.5000
383191,1.56,0.78,14.51,8,14.53,185,0.96,2484,-3.00,35.00,93,1,-1.50,13,15.67,39.45,29.41,14.50,0.00,7,37.32,28.00,0.5000
383293,1.56,0.78,14.51,8,14.53,185,0.96,2508,-5.00,33.00,93,1,-3.50,14,15.67,39.80,29.41,14.50,0.00,7,37.30,28.00,0.5000
383395,1.56,0.78,14.51,8,14.54,185,0.96,2511,-5.00,33.00,93,2,-3.50,14,15.67,40.16,29.41,14.50,0.00,7,37.36,28.00,0.5000
383497,2.34,0.78,14.51,8,14.54,185,0.96,2494,-5.00,33.00,91,2,-3.50,14,15.67,40.04,29.41,14.50,0.00,7,37.40,28.00,0.5000
383599,2.34,0.78,14.51,8,14.53,185,0.96,2494,-5.00,33.00,91,2,-3.50,14,15.67,40.04,29.41,15.20,0.00,7,37.44,28.00,0.5000
383701,2.34,0.00,14.51,8,14.53,185,0.96,2518,-5.00,33.00,91,3,-3.50,14,15.67,40.16,29.41,14.60,0.00,7,37.31,28.00,0.5000
383803,2.34,0.00,14.51,8,14.53,185,0.96,2522,-5.00,33.00,91,4,-3.50,14,15.67,40.63,29.41,14.50,0.00,7,37.38,28.00,0.5000
383905,2.34,0.00,14.51,8,14.53,185,0.96,2512,-5.00,33.00,91,4,-3.50,14,15.67,40.75,29.41,14.40,0.00,7,37.32,28.00,0.5000
384007,2.34,0.00,14.51,8,14.52,185,0.97,2517,-5.00,33.00,91,5,-3.50,14,15.67,41.11,29.41,14.50,0.00,7,37.22,28.00,0.5000
384109,2.34,0.00,14.51,8,14.53,185,0.97,2539,-5.00,33.00,91,5,-3.50,14,15.67,40.75,29.41,14.40,0.00,7,37.19,28.00,0.5000
384211,2.34,0.00,14.51,8,14.53,185,0.97,2528,-5.00,33.00,91,5,-3.50,14,15.67,38.67,29.41,14.40,0.00,7,37.36,28.00,0.5000
384313,1.56,0.00,14.51,8,14.52,185,0.97,2533,-5.00,33.00,91,6,-3.50,14,15.67,40.99,29.41,14.50,0.00,7,37.24,28.00,0.5000
384415,0.78,0.00,14.51,8,14.52,185,0.97,2562,-5.00,33.00,91,7,-3.50,14,15.67,40.99,29.41,14.40,0.00,7,37.35,28.00,0.5000
384517,0.78,0.00,14.51,8,14.52,185,0.97,2549,-5.00,33.00,91,7,-3.50,14,15.67,41.46,29.41,14.40,0.00,7,37.52,28.00,0.5000
384619,0.78,0.00,14.51,8,14.51,185,0.97,2554,-5.00,33.00,91,8,-3.50,14,15.67,41.22,29.41,14.40,0.00,7,37.44,28.00,0.5000
384721,0.78,0.00,14.51,8,14.52,185,0.97,2582,-5.00,33.00,91,8,-4.00,14,15.82,42.30,29.80,14.40,0.00,7,37.44,28.30,0.5000
384823,0.78,0.00,14.51,8,14.52,185,0.97,2574,-5.00,33.00,91,9,-4.00,14,15.82,42.06,29.80,14.50,0.00,7,37.56,28.30,0.5000
384925,0.00,0.00,14.51,8,14.51,185,0.97,2596,-5.00,33.00,91,9,-3.50,14,15.82,41.82,29.41,14.40,0.00,7,37.39,28.15,0.5000
385027,0.00,0.00,14.51,8,14.51,185,0.97,2600,-5.00,33.00,91,10,-4.00,14,15.67,41.94,29.41,14.40,0.00,7,37.52,28.15,0.5000
385129,0.00,0.00,14.51,8,14.51,185,0.97,2590,-5.00,33.00,91,11,-3.50,14,15.67,42.18,29.41,14.30,0.00,7,37.46,28.15,0.5000
385232,0.00,0.00,14.51,8,14.51,185,0.97,2619,-5.00,33.50,91,11,-4.00,14,15.82,42.53,29.41,14.30,0.00,7,37.54,28.30,0.5000
385333,0.00,0.00,14.51,8,14.51,185,0.97,2596,-4.00,34.00,91,12,-3.00,14,15.82,42.29,29.80,14.30,0.00,7,37.62,28.30,0.5000
385435,0.00,0.00,14.51,8,14.50,185,0.97,2627,-4.00,34.50,91,12,-3.00,14,15.82,42.77,29.80,14.30,0.00,7,37.49,28.30,0.5000
385538,0.00,0.00,14.51,8,14.50,185,0.98,2612,-4.00,34.00,91,13,-3.00,14,15.82,42.77,29.80,14.50,0.00,7,37.59,28.44,0.5000
385639,-0.78,0.00,14.51,8,14.50,185,0.98,2642,-4.00,34.50,91,13,-2.50,14,15.82,43.01,29.80,14.50,0.00,7,37.53,28.30,0.5000
385741,-0.78,0.00,14.51,8,14.50,185,0.98,2631,-4.00,34.00,91,13,-3.00,14,15.82,43.13,29.80,14.20,0.00,7,37.60,28.30,0.5000
385843,-0.78,0.00,14.51,8,14.49,185,0.98,2658,-4.00,34.50,91,13,-3.00,14,15.82,43.37,29.80,14.30,0.00,7,37.55,28.30,0.5000
385945,-1.56,0.00,14.51,8,14.50,185,0.98,2640,-4.00,34.00,91,13,-3.00,14,15.82,43.25,29.80,14.40,0.00,7,37.71,28.30,0.5000
386047,-0.78,0.00,14.51,8,14.49,185,0.98,2670,-4.00,34.50,91,12,-3.00,14,15.82,43.37,29.80,14.50,0.00,7,37.79,28.30,0.5000
386150,-0.78,0.00,14.51,8,14.49,185,0.98,2652,-4.00,34.50,91,11,-3.00,14,15.96,43.37,29.80,14.40,0.00,7,37.85,28.30,0.5000
386251,-1.56,0.00,14.51,8,14.49,185,0.98,2683,-4.00,34.50,91,9,-3.00,14,15.96,43.49,29.80,14.30,0.00,7,37.77,28.30,0.5000
386353,-1.56,0.00,14.51,8,14.49,185,0.98,2665,-4.00,34.50,91,7,-3.00,14,15.96,43.49,29.80,14.30,0.00,7,37.86,28.30,0.5000
386455,-2.34,0.00,14.51,8,14.48,185,0.98,2690,-4.00,34.50,91,6,-3.00,14,15.96,43.37,29.80,14.40,0.00,7,37.84,28.29,0.5000
386557,-2.34,0.00,14.51,8,14.48,185,0.97,2675,-4.00,34.50,91,4,-3.00,14,15.96,43.37,29.80,14.40,0.00,7,38.01,28.44,0.5000
386660,-2.34,0.00,14.51,8,14.49,185,0.97,2695,-4.00,34.50,90,3,-3.00,14,15.96,45.92,29.80,14.40,0.00,7,38.07,28.29,0.5000
386761,-2.34,0.00,14.51,8,14.48,185,0.97,2683,-6.00,34.50,90,3,-3.00,15,15.96,41.04,29.80,14.30,0.00,7,37.99,28.29,0.5000
386864,-2.34,0.00,14.51,8,14.48,185,0.97,2687,-6.00,32.50,90,2,-5.00,15,15.96,43.97,29.80,14.40,0.00,7,38.18,28.30,0.5000
386966,-2.34,0.00,14.51,8,14.48,185,0.97,2711,-6.00,32.50,90,2,-5.00,15,15.96,43.72,29.80,14.60,0.00,7,37.97,28.30,0.5000
387069,-3.12,0.00,14.51,8,14.48,185,0.97,2699,-6.00,32.50,90,2,-5.00,15,15.96,43.97,29.80,14.40,0.00,7,38.15,28.30,0.5000
387170,-2.34,0.00,14.51,8,14.48,185,0.97,2727,-6.00,32.50,90,2,-5.00,15,15.96,43.84,29.41,14.30,0.00,7,38.24,28.15,0.5000
387273,-3.12,0.00,14.51,8,14.47,185,0.97,2710,-6.00,32.50,90,2,-5.00,15,15.96,43.96,29.41,14.30,0.00,7,38.15,28.15,0.5000
387374,-3.12,0.00,14.51,8,14.48,185,0.97,2715,-6.00,32.50,90,2,-5.00,15,15.96,43.84,29.41,14.40,0.00,7,38.36,27.57,0.5000
387476,-3.12,0.00,14.51,8,14.47,185,0.97,2739,-6.00,33.00,90,2,-5.00,15,15.96,43.96,29.02,14.30,0.00,7,38.31,27.57,0.5000
387578,-3.12,0.00,14.51,8,14.47,185,0.96,2730,-6.00,33.00,90,3,-5.00,15,15.96,43.84,29.02,14.40,0.00,7,38.43,27.57,0.5000
387680,-3.12,0.00,14.51,8,14.47,185,0.96,2739,-6.00,32.50,90,3,-5.00,15,15.96,43.72,29.02,14.40,0.00,7,38.54,27.57,0.5000
387783,-4.69,0.00,14.51,8,14.46,185,0.96,2759,-6.00,33.00,90,3,-5.50,15,15.09,41.57,25.49,14.40,0.00,7,38.99,23.07,0.5000
387885,-7.03,0.00,14.51,8,14.47,185,0.92,2724,-6.00,33.50,90,3,-5.50,15,14.65,40.86,23.53,13.90,0.00,7,39.44,22.49,0.5000
387987,-7.81,0.00,14.51,8,14.47,185,0.90,2722,-6.00,33.50,90,4,-6.00,15,14.65,41.57,23.53,13.90,0.00,7,39.75,22.48,0.5000
388089,-8.59,0.00,14.51,8,14.47,185,0.90,2746,-6.00,33.50,90,4,-6.00,15,14.36,40.26,23.14,14.10,0.00,7,39.76,22.05,0.5000
388191,-9.38,0.00,14.51,8,14.47,185,0.89,2724,-6.00,33.50,90,4,-6.00,15,14.07,39.43,22.35,14.20,0.00,7,39.88,21.18,0.5000
388292,-10.16,0.78,14.51,8,14.47,185,0.87,2742,-6.00,33.50,90,5,-6.00,15,13.78,38.70,21.96,14.20,0.00,7,40.02,20.74,0.5000
388394,-10.94,0.78,14.51,8,14.46,185,0.86,2737,-6.00,33.50,90,5,-6.00,15,13.64,37.53,21.57,14.20,0.00,7,40.12,19.87,0.5000
388496,-13.28,0.78,14.51,8,14.47,185,0.83,2699,-6.00,33.50,90,6,-6.00,15,12.77,35.78,19.22,14.20,0.00,6,40.12,18.12,0.5000
388598,-14.84,0.78,14.51,8,14.47,185,0.80,2710,-6.00,33.50,90,6,-6.00,15,12.48,35.07,18.82,13.90,0.00,6,40.12,17.98,0.5000
388701,-13.28,0.78,14.51,8,14.47,185,0.78,2690,-6.00,33.50,91,7,-6.00,15,12.33,34.41,18.82,14.00,0.00,6,40.12,17.97,0.5000
388802,-13.28,0.78,14.51,8,14.47,185,0.77,2690,-5.00,33.50,91,7,-5.00,15,12.48,35.19,18.82,14.40,0.00,6,40.12,18.56,0.5000
388905,-10.94,0.78,14.51,8,14.47,185,0.78,2707,-5.00,34.50,91,8,-5.00,15,12.48,34.73,19.61,14.50,0.00,6,40.12,18.71,0.5000
389007,-9.38,0.78,14.51,8,14.47,185,0.77,2695,-5.00,34.50,91,8,-5.00,15,12.48,34.89,19.61,14.80,0.00,6,40.12,18.70,0.5000
389109,-8.59,0.78,14.51,8,14.47,185,0.77,2721,-5.00,34.50,91,9,-5.00,15,12.48,34.46,19.61,14.70,0.00,6,40.12,18.70,0.5000
389211,-8.59,0.78,14.51,8,14.46,185,0.77,2710,-5.00,34.50,91,9,-5.00,15,12.33,34.47,19.61,14.60,0.00,6,40.12,18.70,0.5000
389312,-7.81,0.78,14.51,8,14.46,185,0.76,2713,-5.00,34.50,91,10,-5.00,15,12.33,34.22,19.61,14.60,0.00,6,40.12,18.70,0.5000
389415,-7.81,0.78,14.51,8,14.46,185,0.76,2734,-5.00,34.50,91,10,-5.00,15,12.33,34.48,19.61,14.50,0.00,6,40.12,18.70,0.5000
389517,-7.03,0.78,14.51,8,14.46,185,0.76,2711,-5.00,34.50,91,10,-5.00,15,12.33,34.10,19.61,14.50,0.00,6,40.12,18.71,0.5000
389618,-7.03,0.78,14.51,8,14.46,185,0.76,2740,-5.00,34.50,91,11,-5.00,15,12.33,34.48,19.61,14.60,0.00,6,40.12,18.70,0.5000
389721,-7.03,0.78,14.51,8,14.45,185,0.75,2740,-5.00,34.50,91,11,-5.00,15,12.33,34.23,19.61,14.40,0.00,6,40.12,18.85,0.5000
389823,-6.25,0.78,14.51,8,14.46,185,0.75,2725,-5.00,34.50,91,12,-5.00,15,12.33,34.36,19.61,14.40,0.00,6,40.12,18.70,0.5000
389924,-7.03,0.78,14.51,8,14.46,185,0.75,2755,-5.00,34.50,91,12,-5.00,15,12.19,34.24,19.61,14.40,0.00,6,40.12,18.70,0.5000
390027,-7.03,0.78,14.51,8,14.45,185,0.75,2756,-5.00,34.50,91,12,-5.00,15,12.19,34.64,19.61,14.30,0.00,6,40.12,18.70,0.5000
390129,-7.03,0.78,14.51,8,14.45,185,0.75,2740,-5.00,34.50,91,13,-5.00,15,12.19,34.77,19.61,14.40,0.00,6,40.12,18.70,0.5000
390231,-7.03,0.78,14.51,8,14.45,185,0.75,2770,-5.00,34.50,91,13,-5.00,15,12.19,34.25,19.61,14.40,0.00,6,40.12,18.70,0.5000
390333,-7.03,0.78,14.51,8,14.44,185,0.74,2768,-5.00,34.50,91,13,-5.00,15,12.19,34.25,19.61,14.40,0.00,6,40.12,18.70,0.5000
390435,-6.25,0.78,14.51,8,14.44,185,0.74,2753,-5.00,34.50,91,12,-5.00,15,12.19,35.81,19.61,14.30,0.00,6,40.12,18.71,0.5000
390537,-8.59,0.78,14.51,8,14.45,185,0.73,2768,-5.00,34.50,91,11,-5.00,15,11.03,28.28,16.47,14.20,0.00,6,40.30,14.35,0.5000
390639,-14.84,0.78,14.51,8,14.49,185,0.65,2726,-5.00,36.00,91,10,-5.00,15,9.72,26.57,14.12,13.50,0.00,6,42.55,13.62,0.5000
390741,-16.41,0.78,14.51,8,14.53,185,0.61,2691,-5.00,37.50,91,8,-5.00,15,9.29,24.39,14.12,13.50,0.00,6,43.64,13.48,0.5000
390843,-19.53,0.78,14.51,8,14.56,185,0.57,2697,-3.98,40.50,91,7,-4.00,15,7.84,18.58,10.98,13.50,0.00,6,44.08,9.55,0.5000
390945,-25.00,0.78,14.51,8,14.60,185,0.48,2635,-3.90,38.00,91,6,-4.00,15,6.82,16.71,9.41,13.40,0.00,6,41.32,8.82,0.5000
391047,-25.00,0.78,14.51,8,14.61,185,0.41,2618,-3.84,36.50,91,5,-4.00,15,6.24,14.92,9.02,13.20,0.00,6,40.05,8.10,0.5000
391149,-25.00,0.78,14.51,8,14.61,185,0.37,2578,-3.75,37.00,91,5,0.00,15,5.51,13.55,8.24,13.70,0.00,6,35.98,7.66,0.5000
391251,-25.00,0.78,14.51,8,14.61,185,0.33,2560,-3.69,33.50,91,4,0.00,15,5.37,12.61,7.84,13.90,0.00,6,32.44,7.51,0.5000
391353,-25.00,0.78,14.51,8,14.61,185,0.31,2548,-3.62,30.50,91,4,0.00,15,5.08,12.17,8.24,13.90,0.00,6,29.16,7.51,0.5000
391455,-25.00,0.78,14.51,8,14.61,185,0.30,2485,-3.56,27.50,91,4,0.00,15,5.08,11.56,7.84,14.10,0.00,6,26.49,7.51,0.5000
391557,0.00,0.78,14.51,10,14.61,185,0.29,2444,-3.50,24.50,93,4,0.00,15,5.08,11.65,7.84,13.70,0.00,6,23.95,7.51,0.5000
391659,0.00,0.78,14.51,10,14.61,185,0.29,2456,-3.42,24.00,93,3,0.00,15,5.08,11.56,7.84,16.10,0.00,6,23.95,7.51,0.5000
391761,0.00,0.78,14.51,10,14.61,185,0.29,2442,-3.35,24.00,93,3,0.00,15,5.08,11.48,7.84,18.40,0.00,6,23.95,7.51,0.5000
391863,0.00,0.78,14.51,10,14.60,185,0.28,2399,-3.30,24.00,93,3,0.00,15,5.08,11.04,8.24,19.90,0.00,6,23.95,7.66,0.5000
391965,0.00,0.78,14.51,10,14.60,185,0.28,2347,-3.23,24.00,93,3,0.00,15,5.22,10.72,8.24,20.50,0.00,1,23.95,7.66,0.5000
392067,0.00,0.78,14.51,10,14.59,185,0.28,2312,-3.16,24.00,93,3,0.00,15,5.22,10.78,7.84,25.00,0.00,1,23.95,7.37,0.5000
392169,0.00,0.78,14.51,10,14.59,185,0.28,2285,-3.10,24.00,93,3,0.00,15,5.22,10.47,7.84,34.50,0.00,1,23.95,7.37,0.5000
392271,0.00,0.78,14.51,10,14.59,185,0.28,2248,-3.03,24.00,93,4,0.00,15,5.22,10.18,7.84,59.20,0.00,1,23.95,7.37,0.5000
392373,0.00,0.78,14.51,10,14.59,185,0.27,2236,-2.98,24.00,93,4,0.00,15,5.37,10.52,7.45,77.80,0.00,1,23.95,7.22,0.5000
392475,0.00,0.78,14.51,10,14.58,185,0.28,2223,-2.91,24.00,93,4,0.00,15,5.37,10.06,7.45,88.80,0.00,1,23.95,7.37,0.5000
392577,0.00,0.78,14.51,10,14.58,185,0.27,2226,-2.85,24.00,93,4,0.00,15,5.37,9.89,7.45,96.00,0.00,1,23.95,7.22,0.5000
392680,0.00,0.00,14.51,10,14.58,185,0.27,2210,-2.79,24.00,93,5,0.00,15,5.51,9.95,7.45,96.00,0.00,1,23.95,7.22,0.5000
392782,0.00,0.00,14.51,10,14.58,185,0.27,2178,-2.74,24.00,93,5,0.00,15,5.51,9.72,7.45,96.00,0.00,1,23.95,7.08,0.5000
392884,0.00,0.00,14.51,10,14.58,185,0.27,2165,-2.67,24.00,93,5,0.00,15,5.51,9.60,7.45,96.00,0.00,1,23.95,7.08,0.5000
392986,0.00,0.00,14.51,10,14.57,185,0.27,2168,-2.62,24.00,93,5,0.00,15,5.51,9.55,7.45,96.00,0.00,1,23.95,7.08,0.5000
393088,0.00,0.00,14.51,10,14.57,185,0.27,2140,-2.55,24.00,93,5,0.00,15,5.51,9.37,7.45,99.90,0.00,1,23.95,7.08,0.5000
393190,0.00,0.00,14.51,10,14.57,185,0.27,2122,-2.51,24.00,93,6,0.00,15,5.51,9.26,7.45,99.90,0.00,1,23.95,6.93,0.5000
393292,0.00,0.00,14.51,10,14.57,185,0.26,2115,-2.44,24.00,93,6,0.00,15,5.51,9.26,7.45,99.90,0.00,1,23.95,6.93,0.5000
393394,0.00,0.00,14.51,10,14.57,185,0.26,2075,-2.38,24.00,93,6,0.00,15,5.51,9.14,7.45,99.90,0.00,1,23.95,6.93,0.5000
393496,0.00,0.00,14.51,10,14.56,185,0.27,2074,-2.33,24.00,93,7,0.00,15,5.51,9.14,7.06,99.90,0.00,1,23.95,6.79,0.5000
393598,0.00,0.00,14.51,10,14.56,185,0.27,2042,-2.27,24.00,93,7,0.00,15,5.51,9.03,7.06,99.90,0.00,1,23.95,6.79,0.5000
393700,0.00,0.00,14.51,10,14.56,185,0.26,2040,-2.22,24.00,93,8,0.00,15,5.51,8.92,7.06,99.90,0.00,1,23.95,6.79,0.5000
393802,0.00,0.00,14.51,10,14.56,185,0.26,2004,-2.16,24.00,93,8,0.00,15,5.51,8.93,7.06,99.90,0.00,1,23.95,6.79,0.5000
393904,0.00,0.00,14.51,10,14.56,185,0.27,1999,-2.12,24.00,93,8,0.00,15,5.51,8.19,7.06,99.90,0.00,1,23.95,6.64,0.5000
394006,0.00,0.00,14.51,10,14.56,185,0.26,1981,-2.06,24.00,93,9,0.00,15,5.51,8.59,7.06,99.90,0.00,1,23.95,6.64,0.5000
394108,0.00,0.00,14.51,10,14.56,185,0.26,1944,-2.00,24.00,93,9,0.00,15,5.51,8.68,7.06,99.90,0.00,1,23.95,6.64,0.5000
394210,0.00,0.00,14.51,10,14.56,185,0.26,1942,-1.95,24.00,95,9,0.00,15,5.66,8.59,7.06,99.90,0.00,1,23.95,6.64,0.5000
394312,0.00,0.00,14.51,10,14.56,185,0.27,1926,-1.90,24.00,95,10,0.00,15,5.66,8.68,6.67,99.90,0.00,1,23.95,6.50,0.5000
394414,0.00,0.00,14.51,10,14.56,185,0.27,1893,-1.85,24.00,95,10,0.00,15,5.66,8.46,6.67,99.90,0.00,1,23.95,6.50,0.5000
394516,0.00,0.00,14.51,10,14.56,185,0.27,1883,-1.79,24.00,95,10,0.00,15,5.66,8.19,6.67,99.90,0.00,1,23.95,6.50,0.5000
394618,0.00,0.00,14.51,10,14.56,185,0.27,1870,-1.74,24.00,95,11,0.00,15,5.66,8.32,6.67,99.90,0.00,1,23.95,6.50,0.5000
394720,0.00,0.00,14.51,10,14.56,185,0.27,1868,-1.70,24.00,95,11,0.00,15,5.66,7.83,6.67,99.90,0.00,1,23.95,6.50,0.5000
394822,0.00,0.00,14.51,10,14.56,185,0.26,1856,-1.64,24.00,95,11,0.00,15,5.66,8.32,6.67,99.90,0.00,1,23.95,6.35,0.5000
394924,0.00,0.00,14.51,10,14.56,185,0.26,1842,-1.59,24.00,95,11,0.00,15,5.66,8.32,6.67,99.90,0.00,1,23.95,6.35,0.5000
395026,0.00,0.00,14.51,10,14.56,185,0.27,1831,-1.54,24.00,95,12,0.00,15,5.66,8.46,6.67,99.90,0.00,1,23.95,6.35,0.5000
395128,0.00,0.00,14.51,10,14.56,185,0.27,1801,-1.50,24.00,95,12,0.00,15,5.66,8.10,6.67,99.90,0.00,1,23.95,6.35,0.5000
395230,0.00,0.00,14.51,10,14.56,185,0.27,1782,-1.45,24.00,95,12,0.00,15,5.66,8.14,6.67,99.90,0.00,1,23.80,6.35,0.5000
395332,0.00,0.00,14.51,10,14.57,185,0.27,1760,-1.40,23.50,95,12,0.00,15,5.80,8.19,6.67,99.90,0.00,1,23.41,6.35,0.5000
395434,0.00,0.00,14.51,10,14.57,185,0.28,1743,-1.35,23.00,95,13,0.00,15,5.95,8.28,6.67,99.90,0.00,1,23.07,6.35,0.5000
395536,0.00,0.00,14.51,10,14.57,185,0.28,1723,-1.30,23.00,95,13,0.00,15,5.95,8.37,6.67,99.90,0.00,1,22.66,6.36,0.5000
395638,0.00,0.00,14.51,10,14.57,185,0.29,1695,-1.26,22.50,95,13,0.00,15,5.95,7.87,6.67,99.90,0.00,1,21.92,6.36,0.5000
395740,0.00,0.00,14.51,10,14.57,185,0.28,1680,-1.21,21.50,95,13,0.00,15,5.95,8.10,6.67,99.90,0.00,1,21.25,6.21,0.5000
395843,0.00,0.00,14.51,10,14.57,185,0.29,1643,-1.17,21.00,95,14,0.00,15,5.95,8.19,6.67,99.90,0.00,1,20.51,6.21,0.5000
395944,0.00,0.00,14.51,10,14.57,185,0.30,1594,-1.12,20.50,95,13,0.00,15,6.09,8.10,6.27,99.90,0.00,1,20.07,6.06,0.5000
396046,0.00,0.00,14.51,10,14.58,185,0.30,1548,-1.08,19.50,95,14,0.00,15,6.09,8.05,6.27,99.90,0.00,1,19.53,6.03,0.5000
396148,0.00,0.00,14.51,10,14.58,185,0.31,1521,-1.04,19.00,95,14,0.00,15,6.24,7.92,6.27,99.90,0.00,1,19.02,5.92,0.5000
396251,0.00,0.00,14.51,10,14.58,185,0.31,1470,-1.00,19.00,95,14,0.00,15,6.38,7.87,6.27,99.90,0.00,1,18.76,5.92,0.5000
396352,0.00,0.00,14.51,10,14.59,185,0.32,1456,-0.96,18.50,95,14,0.00,15,6.53,8.01,5.88,99.90,0.00,1,18.37,5.77,0.5000
396454,0.00,0.00,14.51,10,14.59,185,0.32,1420,-0.92,18.50,95,14,0.00,15,6.53,7.52,5.88,99.90,0.00,1,18.17,5.77,0.5000
396556,0.00,0.00,14.51,10,14.59,185,0.32,1408,-0.88,18.00,95,15,0.00,15,6.53,7.65,5.88,99.90,0.00,1,18.89,5.77,0.5000
396658,0.00,0.00,14.51,10,14.59,185,0.32,1434,-0.84,21.00,95,14,-1.00,15,6.67,8.41,6.27,99.90,0.00,1,22.82,7.08,0.5000
396761,0.00,0.00,14.51,10,14.57,185,0.33,1667,-0.80,27.00,95,14,-1.00,15,7.55,11.22,9.41,99.90,0.00,1,31.07,9.26,0.5000
396862,0.00,0.78,14.51,10,14.57,185,0.36,1815,-0.75,32.50,95,14,-1.00,15,7.98,13.22,10.20,92.30,0.00,1,34.39,10.28,0.5000
396964,0.00,0.78,14.51,10,14.56,185,0.40,1891,-0.70,35.50,95,14,-0.50,15,8.42,12.80,11.37,22.30,0.00,1,36.98,11.86,0.5000
397067,0.00,0.78,14.51,10,14.57,185,0.44,1923,-0.65,38.00,95,14,-0.50,15,9.58,17.44,14.12,19.20,0.00,1,40.49,13.62,0.5000
397169,0.00,0.78,14.51,10,14.57,185,0.50,1932,-0.59,41.00,95,14,-0.50,15,10.16,17.64,14.12,17.00,0.00,1,42.66,13.62,0.5000
397270,0.00,0.78,14.51,10,14.58,185,0.53,1958,-0.54,42.50,95,15,-0.50,15,10.45,17.34,14.51,16.50,0.00,1,43.61,13.62,0.5000
397372,0.00,0.78,14.51,10,14.58,185,0.53,1959,-0.49,42.50,95,15,-0.50,15,10.45,17.44,14.12,16.10,0.00,1,43.85,13.62,0.5000
397474,0.78,0.78,14.51,8,14.58,185,0.54,1946,-0.43,42.50,95,15,-0.50,15,10.45,20.41,14.12,16.20,0.00,1,44.09,13.47,0.5000
397577,3.12,0.78,14.51,8,14.58,185,0.54,1963,-0.38,43.00,95,15,-0.50,15,10.45,17.78,14.12,15.90,0.00,1,44.24,13.47,0.5000
397678,3.91,0.78,14.51,8,14.58,185,0.54,1965,-0.33,43.00,95,14,-0.50,15,10.45,17.80,14.12,15.70,0.00,1,44.35,13.47,0.5000
397780,4.69,0.78,14.51,8,14.58,185,0.55,1977,-0.27,43.50,95,11,-0.50,15,10.16,16.47,12.55,15.30,0.00,1,44.19,12.16,0.5000
397883,3.91,0.78,14.51,8,14.58,185,0.52,1982,-0.22,42.50,95,7,0.00,15,10.01,16.97,12.94,15.10,0.00,1,43.23,12.60,0.5000
397984,3.12,0.78,14.51,8,14.58,185,0.52,1974,-0.17,42.50,95,6,0.00,15,10.01,17.98,13.33,14.40,0.00,1,43.33,12.60,0.5000
398086,3.12,0.78,14.51,8,14.58,185,0.53,1965,-0.11,43.00,95,4,0.00,15,10.16,17.73,13.73,14.30,0.00,1,44.11,13.04,0.5000
398188,3.91,0.78,14.51,8,14.58,185,0.54,1995,-0.06,43.50,95,2,0.00,15,10.16,17.84,13.73,14.50,0.00,1,44.33,13.04,0.5000
398291,3.12,0.78,14.51,8,14.58,185,0.54,1982,-0.01,43.50,95,2,0.00,15,10.16,17.68,13.73,14.50,0.00,1,44.40,12.89,0.5000
398393,3.12,0.78,14.51,8,14.58,185,0.54,1974,0.00,43.50,95,1,0.00,15,10.16,17.70,13.73,14.50,0.00,1,44.31,12.89,0.5000
398495,3.91,0.78,14.51,8,14.58,185,0.54,1986,0.00,43.50,95,0,0.00,15,10.16,18.13,13.33,14.50,0.00,1,44.35,12.89,0.5000
398597,3.91,0.78,14.51,8,14.58,185,0.55,1975,0.00,44.00,95,0,0.00,15,10.16,18.56,13.73,14.50,0.00,1,44.74,13.04,0.5000
398699,3.91,0.78,14.51,8,14.58,185,0.55,1991,0.00,44.00,95,0,0.00,15,10.30,18.18,13.73,14.50,0.00,1,44.77,13.04,0.5000
398801,3.91,0.78,14.51,8,14.58,185,0.55,1993,0.00,44.00,95,0,0.00,15,10.30,18.52,13.73,14.60,0.00,1,44.65,13.04,0.5000
398903,4.69,0.78,14.51,8,14.58,185,0.56,1982,0.00,44.00,95,0,0.00,15,10.30,18.14,13.73,14.50,0.00,1,44.79,12.89,0.5000
399005,3.91,0.78,14.51,8,14.58,185,0.56,1996,0.00,43.50,95,0,0.00,15,10.30,18.48,13.73,14.50,0.00,1,44.52,12.89,0.5000
399106,3.91,0.78,14.51,8,14.58,185,0.56,1978,0.00,43.50,95,0,0.00,15,10.45,18.39,13.73,14.50,0.00,1,44.70,12.89,0.5000
399209,3.91,0.78,14.51,8,14.58,185,0.56,1978,0.00,44.00,95,0,0.00,15,10.30,15.64,13.73,14.40,0.00,1,44.80,12.89,0.5000
399311,3.91,0.78,14.51,8,14.58,185,0.56,1994,0.00,44.00,95,0,0.00,15,10.30,18.50,13.73,14.40,0.00,1,44.78,12.89,0.5000
399413,4.69,0.78,14.51,8,14.58,185,0.56,1978,0.00,44.00,95,0,0.00,15,10.45,18.39,13.73,14.50,0.00,1,44.79,12.89,0.5000
399515,5.47,0.78,14.51,8,14.58,185,0.56,1996,0.00,44.00,95,0,0.00,15,10.45,18.49,13.73,14.50,0.00,1,44.74,12.89,0.5000
399617,5.47,0.78,14.51,8,14.58,185,0.55,1996,0.00,44.00,95,0,0.00,15,10.45,18.49,13.73,14.80,0.00,1,44.77,13.04,0.5000
399719,5.47,0.78,14.51,8,14.58,185,0.55,1978,0.00,44.00,95,0,0.00,15,10.45,18.39,13.73,14.50,0.00,1,44.84,12.89,0.5000
399821,5.47,0.78,14.51,8,14.58,185,0.56,1996,0.00,44.00,95,0,0.00,15,10.45,18.39,13.73,14.50,0.00,1,44.70,12.89,0.5000
399923,5.47,0.78,14.51,8,14.58,185,0.56,1980,0.00,44.00,95,0,0.00,15,10.45,19.08,13.73,14.60,0.00,1,44.70,13.04,0.5000
400025,5.47,0.78,14.51,8,14.58,185,0.56,1979,0.00,43.50,95,0,0.00,15,10.59,18.88,13.73,14.40,0.00,1,44.58,13.18,0.5000
400127,5.47,0.78,14.51,8,14.58,185,0.56,1999,0.00,43.50,95,0,0.00,15,10.59,18.78,13.73,14.40,0.00,1,44.44,13.18,0.5000
400229,5.47,0.78,14.51,8,14.58,185,0.57,1980,0.00,43.50,95,0,0.00,15,10.45,18.68,13.73,14.50,0.00,1,44.46,13.18,0.5000
400331,5.47,0.78,14.51,8,14.58,185,0.57,1994,0.00,43.50,95,0,0.00,15,10.59,18.97,13.73,14.50,0.00,1,44.26,13.19,0.5000
400433,5.47,0.78,14.51,8,14.58,185,0.57,1998,0.00,43.50,95,0,0.00,15,10.59,18.68,13.73,14.40,0.00,1,44.43,13.04,0.5000
400535,4.69,0.78,14.51,8,14.58,185,0.56,1985,0.00,43.50,95,0,0.00,15,10.45,18.68,13.73,14.40,0.00,1,44.56,13.03,0.5000
400637,5.47,0.78,14.51,8,14.58,185,0.56,2000,0.00,43.50,95,0,0.00,15,10.59,18.88,13.73,14.50,0.00,1,44.39,13.19,0.5000
400739,4.69,0.78,14.51,8,14.58,185,0.57,1982,0.00,43.50,95,0,0.00,15,10.45,19.07,13.73,14.40,0.00,1,44.42,13.19,0.5000
400841,4.69,0.78,14.51,8,14.58,185,0.57,1982,0.00,43.50,95,1,0.00,15,10.45,19.26,13.73,14.50,0.00,1,44.17,13.19,0.5000
400943,4.69,0.78,14.51,8,14.58,185,0.57,2000,0.00,43.50,95,1,0.00,15,10.45,18.68,13.73,14.40,0.00,1,44.19,13.18,0.5000
401045,4.69,0.78,14.51,8,14.58,185,0.57,1988,0.00,43.50,95,1,0.00,15,10.59,19.07,13.73,14.50,0.00,1,44.47,13.18,0.5000
401147,4.69,0.78,14.51,8,14.58,185,0.57,2003,0.00,43.50,95,2,0.00,15,10.59,18.78,13.73,14.50,0.00,1,44.35,13.18,0.5000
401249,4.69,0.78,14.51,8,14.58,185,0.57,1988,0.00,43.50,95,3,0.00,15,10.45,18.40,13.73,14.50,0.00,1,44.60,12.46,0.5000
401351,3.91,0.78,14.51,8,14.58,185,0.56,1987,0.00,44.00,95,3,0.00,15,10.16,18.02,12.94,14.50,0.00,1,44.93,12.31,0.5000
401453,3.12,0.78,14.51,8,14.58,185,0.55,1994,0.00,44.00,95,3,0.00,15,10.16,18.31,12.94,14.30,0.00,1,44.81,12.31,0.5000
401555,3.12,0.78,14.51,8,14.58,185,0.55,1976,0.00,44.00,95,4,0.00,15,10.01,17.64,12.55,14.20,0.00,1,44.66,11.87,0.5000
401657,2.34,0.78,14.51,8,14.58,185,0.54,1988,0.00,43.50,95,4,0.00,15,9.87,17.25,12.16,14.40,0.00,1,44.18,11.73,0.5000
401759,1.56,0.78,14.51,8,14.58,185,0.53,1987,0.00,43.50,95,5,0.00,15,9.87,17.45,12.55,14.30,0.00,1,43.91,11.87,0.5000
401861,1.56,0.78,14.51,8,14.58,185,0.53,1970,0.00,43.50,95,5,0.00,15,9.72,16.86,12.16,14.30,0.00,1,43.83,11.15,0.5000
401964,2.34,0.78,14.51,8,14.57,185,0.52,1984,0.00,42.50,95,6,0.00,15,9.43,16.32,11.76,14.50,0.00,1,43.10,11.15,0.5000
402065,1.56,0.78,14.51,8,14.56,185,0.51,1980,0.00,42.00,95,6,0.00,15,9.43,16.60,11.76,14.50,0.00,1,42.79,11.15,0.5000
402167,0.78,0.78,14.51,8,14.56,185,0.50,1958,0.00,42.00,95,7,0.00,15,9.00,15.13,10.20,14.40,0.00,1,42.09,9.69,0.5000
402269,0.00,0.78,14.51,8,14.55,185,0.48,1958,0.00,40.50,95,8,0.00,15,8.71,14.77,10.20,14.40,0.00,1,40.71,9.40,0.5000
402371,-2.34,0.78,14.51,8,14.55,185,0.47,1945,0.00,40.00,95,8,0.00,15,8.56,14.43,10.20,14.20,0.00,1,40.17,9.55,0.5000
402473,-3.91,0.78,14.51,8,14.55,185,0.46,1925,0.00,39.50,95,9,0.00,15,8.42,14.59,10.20,14.00,0.00,1,39.80,9.55,0.5000
402575,-3.91,0.78,14.51,8,14.55,185,0.45,1938,0.00,39.50,95,9,0.00,15,8.42,14.47,10.20,14.00,0.00,1,39.57,9.70,0.5000
402677,-3.12,0.78,14.51,8,14.55,185,0.45,1935,0.00,39.50,95,9,0.00,15,8.42,14.76,10.20,14.30,0.00,1,39.65,9.55,0.5000
402779,-2.34,0.78,14.51,8,14.55,185,0.46,1924,0.00,39.50,95,10,0.00,15,8.42,13.85,9.80,14.50,0.00,1,39.56,9.11,0.5000
402881,-1.56,0.78,14.51,8,14.54,185,0.44,1922,0.00,39.00,95,11,0.00,15,8.13,15.09,9.41,14.40,0.00,1,38.77,8.24,0.5000
402983,-2.34,0.78,14.51,8,14.54,185,0.42,1927,0.00,37.50,95,11,0.00,15,7.69,11.71,8.24,14.80,0.00,1,36.73,7.81,0.5000
403085,-3.12,0.78,14.51,8,14.54,185,0.39,1910,0.00,36.00,95,12,0.00,15,7.40,11.55,8.24,14.50,0.00,1,35.77,7.66,0.5000
403187,-4.69,0.78,14.51,8,14.53,185,0.37,1885,0.00,35.50,95,12,0.00,15,7.25,11.28,8.24,14.50,0.00,1,35.38,7.66,0.5000
403289,-4.69,0.78,14.51,8,14.53,185,0.36,1879,0.00,35.00,95,12,0.00,15,6.96,10.65,8.24,14.20,0.00,1,35.13,7.22,0.5000
403391,-3.91,0.78,14.51,8,14.53,185,0.35,1891,0.00,34.50,95,13,0.00,15,6.67,8.88,6.67,14.40,0.00,1,32.66,6.18,0.5000
403493,-3.91,0.00,14.51,8,14.54,185,0.32,1858,0.00,30.50,95,13,0.00,15,5.95,8.19,5.88,14.40,0.00,1,29.72,5.63,0.5000
403595,-4.69,0.00,14.51,8,14.55,185,0.29,1840,0.00,28.00,95,14,0.00,15,5.66,8.01,5.88,14.40,0.00,1,27.60,5.63,0.5000
403698,-5.47,0.00,14.51,8,14.56,185,0.28,1812,0.00,26.50,95,14,0.00,15,5.51,8.01,5.88,14.40,0.00,1,25.95,5.63,0.5000
403799,0.00,0.00,14.51,8,14.56,185,0.27,1785,0.00,24.50,95,15,0.00,15,5.51,7.87,5.88,14.10,0.00,1,24.01,5.63,0.5000
403901,0.00,0.00,14.51,10,14.57,185,0.27,1732,0.00,22.50,95,15,0.00,15,5.37,7.83,5.88,13.90,0.00,1,22.25,5.63,0.5000
404003,0.00,0.00,14.51,10,14.57,185,0.27,1710,0.00,22.00,95,16,0.00,15,5.37,7.61,5.88,14.00,0.00,1,21.92,5.33,0.5000
404105,0.00,0.00,14.51,10,14.57,185,0.27,1702,0.00,22.00,95,16,0.00,15,5.37,7.47,5.49,14.30,0.00,1,21.43,5.33,0.5000
404208,0.00,0.00,14.51,10,14.57,185,0.27,1612,0.00,20.50,95,17,0.00,15,5.37,7.43,5.49,15.90,0.00,1,20.34,5.33,0.5000
404310,0.00,0.00,14.51,10,14.58,185,0.27,1550,0.00,20.00,95,17,0.00,15,5.51,7.23,5.49,17.20,0.00,1,19.60,5.19,0.5000
404412,0.00,0.00,14.51,10,14.58,185,0.28,1530,0.00,19.50,95,17,0.00,15,5.66,7.23,5.49,19.60,0.00,1,19.15,5.04,0.5000
404514,0.00,0.00,14.51,10,14.58,185,0.28,1497,0.00,19.00,95,18,0.00,15,5.66,7.13,5.49,23.20,0.00,1,19.84,5.04,0.5000
404616,0.00,0.00,14.51,10,14.58,185,0.28,1558,0.00,21.50,95,18,0.00,15,5.95,5.18,5.49,29.60,0.00,1,23.49,5.95,0.5000
404718,0.00,0.00,14.51,10,14.57,185,0.28,1726,0.00,27.50,95,18,0.00,15,6.24,8.54,7.45,36.70,0.00,1,29.13,7.22,0.5000
404820,0.00,0.00,14.51,10,14.56,185,0.29,1790,0.00,31.00,95,18,0.00,15,6.38,9.20,7.84,34.40,0.00,1,31.33,7.51,0.5000
404922,0.00,0.00,14.51,10,14.56,185,0.30,1816,0.00,32.00,95,19,0.00,15,6.53,9.55,8.24,34.40,0.00,1,32.05,7.66,0.5000
405024,0.00,0.00,14.51,10,14.56,185,0.31,1828,0.00,32.50,95,19,0.00,15,6.67,9.89,8.24,20.50,0.00,1,32.51,7.81,0.5000
405126,0.00,0.00,14.51,10,14.56,185,0.32,1824,0.00,32.50,95,19,0.00,15,6.82,10.01,8.24,16.20,0.00,1,32.78,7.81,0.5000
405227,0.00,0.00,14.51,10,14.56,185,0.33,1815,0.00,32.50,95,20,0.00,15,6.82,9.89,8.24,15.10,0.00,1,32.86,7.66,0.5000
405330,0.00,0.00,14.51,10,14.56,185,0.33,1814,0.00,33.00,95,20,0.00,15,6.82,9.73,7.84,17.10,0.00,1,32.80,7.51,0.5000
405432,-1.56,0.00,14.51,8,14.56,185,0.32,1809,0.00,33.00,95,21,0.00,15,6.82,9.62,7.84,14.20,0.00,1,32.64,7.51,0.5000
405534,-3.12,0.00,14.51,8,14.56,185,0.32,1803,0.00,32.50,95,21,0.00,15,6.82,9.76,7.84,14.20,0.00,1,32.62,7.66,0.5000
405635,-2.34,0.00,14.51,8,14.56,185,0.32,1809,0.00,32.50,95,22,0.00,15,6.82,9.55,7.84,14.20,0.00,1,32.68,7.66,0.5000
405738,-2.34,0.00,14.51,8,14.56,185,0.32,1813,0.00,32.50,95,22,0.00,15,6.82,9.55,7.84,14.20,0.00,1,32.61,7.51,0.5000
405840,-2.34,0.00,14.51,8,14.56,185,0.32,1803,0.00,32.50,95,22,0.00,15,6.82,9.46,7.84,14.40,0.00,1,32.10,7.37,0.5000
405942,-2.34,0.00,14.51,8,14.56,185,0.32,1810,0.00,32.00,95,23,0.00,15,6.82,9.64,7.84,14.40,0.00,1,32.22,7.37,0.5000
406044,-3.12,0.00,14.51,8,14.56,185,0.32,1795,0.00,32.00,95,23,0.00,15,6.82,9.43,7.84,14.30,0.00,1,31.90,7.37,0.5000
406145,-3.12,0.00,14.51,8,14.56,185,0.32,1796,0.00,32.00,95,24,0.00,15,6.82,9.49,7.84,14.30,0.00,1,32.13,7.66,0.5000
406248,-3.12,0.00,14.51,8,14.56,185,0.32,1792,0.00,32.00,95,24,0.00,15,6.96,9.75,8.24,14.30,0.00,1,32.19,7.66,0.5000
406349,-2.34,0.00,14.51,8,14.56,185,0.32,1796,0.00,32.00,95,24,0.00,15,7.11,10.17,8.24,14.50,0.00,1,32.41,8.10,0.5000
406452,-0.78,0.78,14.51,8,14.56,185,0.33,1802,0.00,32.50,95,22,0.00,15,7.40,10.53,8.63,14.40,0.00,1,32.66,8.53,0.5000
406553,2.34,0.78,14.51,8,14.56,185,0.34,1821,0.00,33.00,95,15,0.00,15,7.55,11.52,9.41,14.70,0.00,1,33.50,8.97,0.5000
406656,7.81,0.78,14.51,8,14.56,185,0.36,1832,0.00,34.50,95,7,0.00,15,7.69,11.89,9.41,15.30,0.00,1,34.80,9.11,0.5000
406758,11.72,0.78,14.51,8,14.56,185,0.37,1850,0.00,35.00,95,2,0.00,15,7.69,12.09,9.41,15.90,0.00,1,35.29,9.11,0.5000
406860,10.94,0.78,14.51,8,14.56,185,0.38,1857,0.00,35.50,95,0,0.00,15,7.69,12.21,9.41,16.00,0.00,1,35.61,8.97,0.5000
406962,8.59,0.78,14.51,8,14.56,185,0.39,1870,0.00,35.50,95,0,0.00,15,7.69,12.12,9.41,15.40,0.00,1,35.34,9.11,0.5000
407064,7.81,0.78,14.51,8,14.56,185,0.39,1874,0.00,35.50,95,0,0.00,15,7.84,13.04,10.20,14.40,0.00,1,35.68,9.69,0.5000
407166,7.03,0.78,14.51,8,14.57,185,0.40,1882,0.00,36.00,95,0,0.00,15,8.13,13.77,10.59,14.20,0.00,1,36.62,9.98,0.5000
407268,7.81,0.78,14.51,8,14.57,185,0.42,1880,0.00,37.50,95,0,0.00,15,8.27,13.62,10.59,14.40,0.00,1,37.64,9.98,0.5000
407370,8.59,0.78,14.51,8,14.57,185,0.43,1887,0.00,37.50,95,0,0.00,15,8.42,13.75,10.59,14.50,0.00,1,38.02,10.13,0.5000
407472,7.81,0.78,14.51,8,14.56,185,0.43,1905,0.00,38.00,95,0,0.00,15,8.56,14.16,10.98,14.60,0.00,1,38.24,10.71,0.5000
407574,7.81,0.78,14.51,8,14.56,185,0.44,1917,0.00,38.50,95,0,0.00,15,8.85,14.80,11.76,14.50,0.00,1,39.14,11.15,0.5000
407676,9.38,0.78,14.51,8,14.55,185,0.45,1912,0.00,39.00,95,0,0.00,15,9.00,14.88,11.76,14.40,0.00,1,39.92,11.15,0.5000
407778,10.16,0.78,14.51,8,14.55,185,0.46,1918,0.00,40.00,95,0,0.00,15,9.14,14.94,11.76,15.10,0.00,1,40.37,11.15,0.5000
407880,10.16,0.78,14.51,8,14.55,185,0.47,1940,0.00,40.00,95,0,0.00,15,9.14,15.38,11.76,14.80,0.00,1,40.36,11.15,0.5000
407982,10.16,0.78,14.51,8,14.55,185,0.47,1944,0.00,40.00,95,0,0.00,15,9.14,15.09,11.37,15.00,0.00,1,40.42,11.00,0.5000
408084,9.38,0.78,14.51,8,14.55,185,0.47,1931,0.00,40.50,95,0,0.00,15,9.14,15.31,11.37,14.50,0.00,1,40.69,11.00,0.5000
408186,8.59,0.78,14.51,8,14.55,185,0.47,1930,0.00,40.00,95,0,0.00,15,9.00,14.43,10.98,14.50,0.00,1,40.38,10.28,0.5000
408288,7.81,0.78,14.51,8,14.55,185,0.46,1941,0.00,39.50,95,0,0.00,15,8.71,13.20,10.20,14.40,0.00,1,39.22,9.58,0.5000
408389,6.25,0.78,14.51,8,14.54,185,0.43,1909,0.00,38.00,95,0,0.00,15,8.13,10.97,8.63,14.20,0.00,1,37.17,7.51,0.5000
408492,3.91,0.78,14.51,8,14.53,185,0.39,1879,0.00,36.00,95,0,0.00,15,7.40,9.52,7.45,14.00,0.00,1,35.19,6.79,0.5000
408594,3.12,0.00,14.51,8,14.53,185,0.34,1853,0.00,34.00,95,0,0.00,15,6.53,8.50,6.67,14.00,0.00,1,33.55,6.06,0.5000
408696,3.12,0.00,14.51,8,14.54,185,0.31,1840,0.00,32.00,95,0,0.00,15,5.95,8.37,6.27,14.00,0.00,1,31.96,6.06,0.5000
408798,2.34,0.00,14.51,8,14.55,185,0.29,1822,0.00,31.50,95,0,0.00,15,5.66,8.07,6.27,14.00,0.00,1,31.25,6.21,0.5000
408901,1.56,0.00,14.51,8,14.56,185,0.28,1819,0.00,31.00,95,0,0.00,15,5.51,8.21,6.67,14.10,0.00,1,30.91,6.20,0.5000
409002,-0.78,0.00,14.51,8,14.56,185,0.27,1808,0.00,31.00,95,0,0.00,15,5.51,8.23,6.67,13.90,0.00,1,30.83,6.35,0.5000
409104,-2.34,0.00,14.51,8,14.56,185,0.27,1806,0.00,30.50,95,0,0.00,15,5.51,8.29,6.67,13.50,0.00,1,30.75,6.35,0.5000
409206,-3.91,0.00,14.51,8,14.56,185,0.27,1810,0.00,31.00,95,0,0.00,15,5.51,7.98,6.67,13.20,0.00,1,30.77,6.35,0.5000
409308,-4.69,0.00,14.51,8,14.57,185,0.27,1804,0.00,30.50,95,0,0.00,15,5.51,8.09,6.67,13.20,0.00,1,30.59,6.35,0.5000
409410,-5.47,0.00,14.51,8,14.57,185,0.27,1774,0.00,30.50,95,0,0.00,15,5.51,8.14,6.67,13.30,0.00,1,30.40,6.35,0.5000
409512,-7.03,0.00,14.51,8,14.56,185,0.27,1772,0.00,30.50,95,0,0.00,15,5.51,8.38,6.67,13.50,0.00,1,30.70,6.79,0.5000
409614,-7.03,0.00,14.51,8,14.56,185,0.28,1774,0.00,31.00,95,0,0.00,15,5.66,8.62,7.06,13.70,0.00,1,30.97,6.79,0.5000
409716,-7.03,0.00,14.51,8,14.56,185,0.28,1772,0.00,31.00,95,0,0.00,15,5.80,9.17,7.45,14.00,0.00,1,31.23,7.22,0.5000
409818,-5.47,0.00,14.51,8,14.56,185,0.30,1785,0.00,31.50,95,0,0.00,15,6.09,9.83,8.24,14.10,0.00,1,31.88,7.80,0.5000
409920,-4.69,0.00,14.51,8,14.56,185,0.32,1799,0.00,32.50,95,0,0.00,15,6.53,10.78,9.02,14.20,0.00,1,32.89,8.68,0.5000
410022,-0.78,0.78,14.51,8,14.56,185,0.34,1814,0.00,33.50,95,0,0.00,15,7.11,11.36,9.41,15.20,0.00,1,33.74,8.82,0.5000
410124,3.91,0.78,14.51,8,14.56,185,0.35,1837,0.00,34.50,95,0,0.00,15,7.25,11.38,9.41,15.20,0.00,1,34.52,8.97,0.5000
410226,6.25,0.78,14.51,8,14.56,185,0.36,1866,0.00,35.00,95,0,0.00,15,7.40,11.22,9.41,15.90,0.00,1,34.74,8.82,0.5000
410328,7.03,0.78,14.51,8,14.56,185,0.37,1870,0.00,34.50,95,0,0.00,15,7.40,11.51,9.02,15.70,0.00,1,34.79,8.68,0.5000
410430,6.25,0.78,14.51,8,14.56,185,0.37,1873,0.00,35.00,95,0,0.00,15,7.40,11.34,9.02,15.20,0.00,1,34.79,8.68,0.5000
410532,6.25,0.78,14.51,8,14.56,185,0.37,1857,0.00,35.00,95,0,0.00,15,7.55,11.46,9.02,14.90,0.00,1,35.07,8.68,0.5000
410634,6.25,0.78,14.51,8,14.56,185,0.37,1858,0.00,35.00,95,0,0.00,15,7.40,11.65,9.02,15.00,0.00,1,35.03,8.68,0.5000
410736,7.03,0.78,14.51,8,14.56,185,0.37,1853,0.00,35.00,95,1,0.00,15,7.55,11.49,9.02,14.60,0.00,1,35.12,8.68,0.5000
410838,7.03,0.78,14.51,8,14.56,185,0.37,1864,0.00,35.00,95,1,0.00,15,7.55,11.34,9.02,14.50,0.00,1,34.83,8.67,0.5000
410940,7.03,0.78,14.51,8,14.55,185,0.37,1884,0.00,35.00,95,1,0.00,15,7.55,11.62,9.02,14.60,0.00,1,35.04,8.83,0.5000
411042,7.03,0.78,14.51,8,14.54,185,0.37,1888,0.00,35.00,95,1,0.00,15,7.55,11.63,9.02,14.40,0.00,1,35.10,8.67,0.5000
411144,7.81,0.78,14.51,8,14.54,185,0.37,1875,0.00,35.50,95,2,0.00,15,7.55,11.57,9.02,14.80,0.00,1,35.33,8.82,0.5000
411246,8.59,0.78,14.51,8,14.54,185,0.37,1870,0.00,35.00,95,2,0.00,15,7.55,12.03,9.41,14.70,0.00,1,35.22,8.82,0.5000
411348,8.59,0.78,14.51,8,14.54,185,0.37,1869,0.00,35.50,95,2,0.00,15,7.55,12.14,9.41,14.80,0.00,1,35.41,8.82,0.5000
411450,8.59,0.78,14.51,8,14.54,185,0.38,1887,0.00,35.50,95,3,0.00,15,7.55,11.71,9.41,14.80,0.00,1,35.39,8.83,0.5000
411552,8.59,0.78,14.51,8,14.54,185,0.38,1892,0.00,35.50,95,3,0.00,15,7.55,11.72,9.02,14.70,0.00,1,35.34,8.68,0.5000
411654,8.59,0.78,14.51,8,14.54,185,0.37,1879,0.00,35.50,95,3,0.00,15,7.55,11.75,9.41,14.60,0.00,1,35.61,8.68,0.5000
411756,9.38,0.78,14.51,8,14.53,185,0.37,1878,0.00,35.50,95,4,0.00,15,7.55,11.76,9.02,14.50,0.00,1,35.61,8.68,0.5000
411858,9.38,0.78,14.51,8,14.53,185,0.38,1893,0.00,35.50,95,4,0.00,15,7.55,11.61,9.02,14.80,0.00,1,35.36,8.68,0.5000
411960,10.16,0.78,14.51,8,14.53,185,0.37,1892,0.00,35.50,95,4,0.00,15,7.69,12.07,9.02,14.50,0.00,1,35.46,8.68,0.5000
412062,10.16,0.78,14.51,8,14.53,185,0.38,1896,0.00,35.50,95,5,0.00,15,7.69,11.79,9.02,14.70,0.00,1,35.56,8.68,0.5000
412164,10.94,0.78,14.51,8,14.53,185,0.38,1888,0.00,36.00,95,5,0.00,15,7.69,11.88,9.02,14.70,0.00,1,35.75,8.68,0.5000
412266,10.94,0.78,14.51,8,14.53,185,0.37,1890,0.00,35.50,95,6,0.00,15,7.69,11.70,9.41,14.80,0.00,1,35.78,8.83,0.5000
412368,10.94,0.78,14.51,8,14.53,185,0.37,1904,0.00,35.50,95,6,0.00,15,7.69,11.97,9.41,14.60,0.00,1,35.46,8.68,0.5000
412470,10.94,0.78,14.51,8,14.54,185,0.38,1904,0.00,35.50,95,6,0.00,15,7.69,11.98,9.02,14.50,0.00,1,35.58,8.68,0.5000
412572,10.94,0.78,14.51,8,14.54,185,0.38,1885,0.00,35.50,95,6,0.00,15,7.69,11.80,9.41,14.50,0.00,1,35.89,8.83,0.5000
412674,10.16,0.78,14.51,8,14.54,185,0.38,1896,0.00,36.00,95,7,0.00,15,7.69,12.76,9.41,14.50,0.00,1,36.07,9.25,0.5000
412776,10.16,0.78,14.51,8,14.54,185,0.39,1900,0.00,36.50,95,7,0.00,15,7.98,13.25,10.20,14.30,0.00,1,36.67,9.69,0.5000
412878,10.16,0.78,14.51,8,14.56,185,0.41,1926,0.00,37.00,95,8,0.00,15,8.13,13.79,10.20,14.50,0.00,1,37.36,9.98,0.5000
412980,10.16,0.78,14.51,8,14.56,185,0.42,1921,0.00,37.50,95,8,0.00,15,8.42,13.94,10.59,14.40,0.00,1,38.36,10.28,0.5000
413082,9.38,0.78,14.51,8,14.57,185,0.43,1930,0.00,38.50,95,8,0.00,15,8.56,14.32,10.98,14.40,0.00,1,38.84,10.28,0.5000
413184,8.59,0.78,14.51,8,14.57,185,0.43,1954,0.00,38.50,95,8,0.00,15,8.56,14.32,10.98,14.40,0.00,1,38.92,10.28,0.5000
413286,7.03,0.78,14.51,8,14.57,185,0.44,1957,0.00,39.00,95,9,0.00,15,8.56,14.17,10.98,14.20,0.00,1,39.00,10.28,0.5000
413388,6.25,0.78,14.51,8,14.57,185,0.44,1942,0.00,39.00,95,9,0.00,15,8.71,14.53,10.98,14.20,0.00,1,39.34,10.28,0.5000
413490,4.69,0.78,14.51,8,14.57,185,0.44,1961,0.00,39.00,95,9,0.00,15,8.71,14.23,10.98,14.10,0.00,1,39.16,10.28,0.5000
413592,3.91,0.78,14.51,8,14.57,185,0.44,1962,0.00,39.00,95,10,0.00,15,8.71,14.46,10.98,14.10,0.00,1,39.29,10.28,0.5000
413694,3.12,0.78,14.51,8,14.57,185,0.44,1951,0.00,39.00,95,10,0.00,15,8.71,14.68,10.98,14.20,0.00,1,39.48,10.27,0.5000
413797,3.12,0.78,14.51,8,14.57,185,0.44,1970,0.00,39.50,95,10,0.00,15,8.71,14.45,10.98,14.20,0.00,1,39.37,10.28,0.5000
413898,2.34,0.78,14.51,8,14.57,185,0.44,1973,0.00,39.00,95,11,0.00,15,8.71,14.15,10.98,14.20,0.00,1,39.30,10.28,0.5000
414000,1.56,0.78,14.51,8,14.57,185,0.44,1954,0.00,39.00,95,11,0.00,15,8.56,14.45,10.98,14.30,0.00,1,39.40,10.28,0.5000
414102,1.56,0.78,14.51,8,14.57,185,0.44,1972,0.00,39.00,95,11,0.00,15,8.56,14.16,10.98,14.30,0.00,1,39.19,10.28,0.5000
414204,1.56,0.78,14.51,8,14.57,185,0.44,1972,0.00,39.00,95,12,0.00,15,8.71,14.38,10.98,14.40,0.00,1,39.32,10.28,0.5000
414306,2.34,0.78,14.51,8,14.57,185,0.44,1962,0.00,39.50,95,12,0.00,15,8.71,14.61,10.98,14.50,0.00,1,39.51,10.28,0.5000
414408,2.34,0.78,14.51,8,14.57,185,0.44,1983,0.00,39.00,95,12,0.00,15,8.56,13.31,10.98,14.50,0.00,1,39.21,9.41,0.5000
414511,1.56,0.78,14.51,8,14.56,185,0.42,1976,0.00,38.00,95,13,0.00,15,7.69,9.49,7.84,14.60,0.00,1,37.06,7.23,0.5000
414612,0.00,0.00,14.51,8,14.56,185,0.35,1915,0.00,33.00,95,13,0.00,15,6.67,8.37,6.67,14.50,0.00,1,31.94,5.92,0.5000
414715,-0.78,0.00,14.51,8,14.55,185,0.30,1872,0.00,30.00,95,14,0.00,15,6.09,8.05,5.88,14.20,0.00,1,28.92,5.77,0.5000
414816,-2.34,0.00,14.51,8,14.56,185,0.28,1866,0.00,27.00,95,14,0.00,15,5.66,7.83,5.88,13.80,0.00,1,26.65,5.63,0.5000
414918,0.00,0.00,14.51,8,14.56,185,0.26,1833,0.00,25.50,95,14,0.00,15,5.37,7.65,5.88,13.70,0.00,1,25.09,5.63,0.5000
415020,0.00,0.00,14.51,10,14.57,185,0.26,1788,0.00,24.00,95,15,0.00,15,5.22,7.52,5.88,13.60,0.00,1,23.29,5.63,0.5000
415123,0.00,0.00,14.51,10,14.57,185,0.26,1753,0.00,23.00,95,15,0.00,15,5.22,7.47,5.88,13.70,0.00,1,22.71,5.63,0.5000
415224,0.00,0.00,14.51,10,14.57,185,0.26,1739,0.00,22.50,95,15,0.00,15,5.22,7.28,5.88,12.80,0.00,1,22.50,5.48,0.5000
415326,0.00,0.00,14.51,10,14.57,185,0.26,1679,0.00,21.50,95,16,0.00,15,5.22,7.18,5.88,12.80,0.00,1,21.12,5.48,0.5000
415429,0.00,0.00,14.51,10,14.57,185,0.26,1611,0.00,20.50,95,16,0.00,15,5.37,7.13,5.49,16.80,0.00,1,20.39,5.33,0.5000
415531,0.00,0.00,14.51,10,14.58,185,0.26,1567,0.00,20.00,95,17,0.00,15,5.51,6.99,5.49,20.30,0.00,1,19.80,5.19,0.5000
415633,0.00,0.00,14.51,10,14.58,185,0.27,1555,0.00,19.50,95,17,0.00,15,5.51,6.89,5.49,26.00,0.00,1,19.42,5.19,0.5000
415734,0.00,0.00,14.51,10,14.58,185,0.27,1525,0.00,19.50,95,17,0.00,15,5.66,6.89,5.49,32.60,0.00,1,19.41,5.04,0.5000
415836,0.00,0.00,14.51,10,14.58,185,0.27,1528,0.00,19.50,95,17,0.00,15,5.66,6.69,5.49,46.00,0.00,1,19.15,5.04,0.5000
415939,0.00,0.00,14.51,10,14.58,185,0.27,1516,0.00,19.00,95,17,0.00,15,5.66,6.60,5.49,64.50,0.00,1,19.19,5.04,0.5000
416041,0.00,0.00,14.51,10,14.58,185,0.26,1495,0.00,19.00,95,17,0.00,15,5.66,6.25,5.49,78.30,0.00,1,18.97,5.04,0.5000
416142,0.00,0.00,14.51,10,14.58,185,0.26,1497,0.00,19.00,95,18,0.00,15,5.80,6.55,5.49,89.20,0.00,1,18.84,5.04,0.5000
416245,0.00,0.00,14.51,10,14.58,185,0.26,1475,0.00,19.00,95,18,0.00,15,5.80,6.65,5.49,96.00,0.00,1,18.87,5.04,0.5000
416347,0.00,0.00,14.51,10,14.58,185,0.27,1476,0.00,18.50,95,18,0.00,15,5.80,6.55,5.49,96.00,0.00,1,18.63,5.05,0.5000
416449,0.00,0.00,14.51,10,14.58,185,0.27,1454,0.00,18.50,95,18,0.00,15,5.80,6.30,5.10,96.00,0.00,1,18.65,4.90,0.5000
416551,0.00,0.00,14.51,10,14.59,185,0.27,1456,0.00,18.50,95,18,0.00,15,5.80,6.50,5.10,96.00,0.00,1,18.41,4.90,0.5000
416653,0.00,0.00,14.51,10,14.59,185,0.27,1434,0.00,18.50,95,19,0.00,15,5.95,6.25,5.10,99.90,0.00,1,18.33,5.05,0.5000
416755,0.00,0.00,14.51,10,14.59,185,0.27,1436,0.00,18.00,95,19,0.00,15,5.95,6.50,5.10,96.00,0.00,1,18.35,4.90,0.5000
416857,0.00,0.00,14.51,10,14.59,185,0.27,1426,0.00,18.00,95,19,0.00,15,5.95,6.40,5.10,99.90,0.00,1,18.11,5.05,0.5000
416959,0.00,0.00,14.51,10,14.59,185,0.27,1404,0.00,18.00,95,19,0.00,15,5.95,6.45,5.10,99.90,0.00,1,18.12,4.90,0.5000
417061,0.00,0.00,14.51,10,14.59,185,0.27,1405,0.00,18.00,95,19,0.00,15,5.95,6.35,5.10,99.90,0.00,1,17.92,4.90,0.5000
417163,0.00,0.00,14.51,10,14.59,185,0.27,1382,0.00,18.00,95,19,0.00,15,6.09,6.30,5.10,99.90,0.00,1,17.87,4.90,0.5000
417265,0.00,0.00,14.51,10,14.59,185,0.27,1374,0.00,18.00,95,19,0.00,15,6.09,6.01,5.10,99.90,0.00,1,17.88,4.90,0.5000
417367,0.00,0.00,14.51,10,14.59,185,0.27,1376,0.00,18.00,95,19,0.00,15,6.09,6.21,5.10,99.90,0.00,1,17.78,4.76,0.5000
417469,0.00,0.00,14.51,10,14.59,185,0.27,1354,0.00,18.00,95,19,0.00,15,6.09,6.16,5.10,99.90,0.00,1,17.73,4.75,0.5000
417571,0.00,0.00,14.51,10,14.59,185,0.27,1345,0.00,17.50,95,20,0.00,15,6.09,6.25,5.10,99.90,0.00,1,17.72,4.75,0.5000
417672,0.00,0.00,14.51,10,14.59,185,0.27,1343,0.00,17.50,95,20,0.00,15,6.09,6.11,5.10,99.90,0.00,1,17.59,4.75,0.5000
417775,0.00,0.00,14.51,10,14.59,185,0.27,1331,0.00,17.50,95,20,0.00,15,6.24,6.01,5.10,99.90,0.00,1,17.53,4.75,0.5000
417877,0.00,0.00,14.51,10,14.60,185,0.27,1306,0.00,17.50,95,20,0.00,15,6.24,6.11,5.10,99.90,0.00,1,18.35,4.75,0.5000
417979,0.00,0.00,14.51,10,14.60,185,0.28,1302,0.00,19.50,95,20,0.00,15,6.24,6.21,5.10,99.90,0.00,1,20.74,4.90,0.5000
418081,0.00,0.00,14.51,10,14.59,185,0.28,1427,0.00,23.00,95,19,0.00,15,7.40,11.10,8.63,99.90,0.00,1,25.91,10.49,0.5000
418183,0.00,0.78,14.51,10,14.57,185,0.36,1669,0.00,30.00,95,19,0.00,15,9.00,14.13,12.16,99.90,0.00,1,32.30,11.88,0.5000
418286,0.00,0.78,14.51,10,14.57,185,0.42,1805,0.00,36.00,95,18,0.00,15,9.58,15.00,12.55,61.00,0.00,1,37.20,12.02,0.5000
418387,0.00,0.78,14.51,10,14.57,185,0.46,1844,0.00,38.50,95,16,0.00,15,9.72,15.07,12.94,17.20,0.00,1,39.36,12.16,0.5000
418489,0.00,0.78,14.51,10,14.57,185,0.48,1837,0.00,39.50,95,13,0.00,15,9.87,15.58,12.94,17.00,0.00,1,40.22,12.31,0.5000
418591,0.00,0.78,14.51,10,14.57,185,0.49,1846,0.00,40.00,95,10,0.00,15,9.87,16.08,12.94,16.90,0.00,1,40.86,12.60,0.5000
418693,0.00,0.78,14.51,10,14.58,185,0.51,1855,0.00,41.00,95,6,0.00,15,10.16,16.57,13.73,17.10,0.00,1,42.07,13.04,0.5000
418795,0.00,0.78,14.51,10,14.58,185,0.52,1856,0.00,42.00,95,5,0.00,15,10.16,16.57,13.73,16.70,0.00,1,42.61,13.04,0.5000
418897,3.91,0.78,14.51,8,14.58,185,0.53,1865,0.00,42.00,95,3,0.00,15,10.30,17.28,13.73,16.40,0.00,1,43.05,13.47,0.5000
418999,5.47,0.78,14.51,8,14.58,187,0.54,1871,0.00,43.00,95,2,0.00,15,10.59,18.17,14.51,15.90,0.00,1,44.00,13.91,0.5000
419101,7.81,0.78,14.51,8,14.58,187,0.56,1901,0.00,43.00,95,1,0.00,15,10.74,18.01,14.90,15.80,0.00,1,43.57,14.34,0.5000
419203,7.03,0.78,14.51,8,14.58,187,0.57,1912,0.00,42.50,95,0,0.00,15,11.03,18.33,14.90,15.60,0.00,1,43.46,14.34,0.5000
419305,7.03,0.78,14.51,8,14.58,187,0.58,1906,0.00,42.50,95,0,0.00,15,11.03,18.55,14.90,15.10,0.00,1,43.55,14.34,0.5000
419408,6.25,0.78,14.51,8,14.58,187,0.58,1909,0.00,42.50,95,0,0.00,15,11.03,18.59,14.90,15.60,0.00,1,43.46,14.20,0.5000
419509,5.47,0.78,14.51,8,14.58,187,0.58,1932,0.00,42.50,95,0,0.00,15,11.03,18.41,14.90,14.40,0.00,1,43.39,14.20,0.5000
419611,4.69,0.78,14.51,8,14.58,187,0.58,1936,0.00,42.50,95,0,0.00,15,11.03,18.74,14.90,14.30,0.00,1,43.57,14.20,0.5000
419713,4.69,0.78,14.51,8,14.58,187,0.58,1924,0.00,42.50,95,0,0.00,15,11.03,19.07,14.90,14.30,0.00,1,43.57,14.20,0.5000
419815,4.69,0.78,14.51,8,14.58,187,0.58,1938,0.00,42.50,95,0,0.00,15,11.03,19.09,14.90,14.20,0.00,1,43.19,14.20,0.5000
419917,4.69,0.78,14.51,8,14.58,187,0.59,1939,0.00,42.00,95,0,0.00,15,11.03,18.94,14.90,14.40,0.00,1,43.14,14.20,0.5000
420019,3.91,0.78,14.51,8,14.58,187,0.59,1931,0.00,42.50,95,0,0.00,15,11.17,19.26,14.90,14.40,0.00,1,43.30,14.20,0.5000
420121,3.91,0.78,14.51,8,14.58,187,0.59,1935,0.00,42.50,95,0,0.00,15,11.03,19.30,14.90,14.40,0.00,1,43.36,14.20,0.5000
420223,3.91,0.78,14.51,8,14.58,187,0.59,1952,0.00,42.00,95,0,0.00,15,11.03,19.34,14.90,14.40,0.00,1,43.07,14.20,0.5000
420325,3.12,0.78,14.51,8,14.58,187,0.60,1941,0.00,42.00,95,0,0.00,15,11.17,19.44,14.90,14.40,0.00,1,43.16,14.20,0.5000
420427,3.12,0.78,14.51,8,14.58,187,0.60,1946,0.00,42.00,95,0,0.00,15,11.17,19.77,14.90,14.40,0.00,1,43.14,14.34,0.5000
420529,3.12,0.78,14.51,8,14.57,187,0.60,1966,0.00,42.00,95,0,0.00,15,11.17,19.88,14.90,14.40,0.00,1,42.91,14.20,0.5000
420631,3.12,0.78,14.51,8,14.57,187,0.60,1955,0.00,42.00,95,0,0.00,15,11.17,19.89,14.90,14.50,0.00,1,43.02,14.20,0.5000
420733,2.34,0.78,14.51,8,14.57,187,0.61,1960,0.00,42.00,95,0,0.00,15,11.17,19.55,14.90,14.40,0.00,1,42.95,14.20,0.5000
420835,2.34,0.78,14.51,8,14.57,187,0.60,1978,0.00,42.00,95,0,0.00,15,11.17,19.89,14.90,14.40,0.00,1,43.08,14.20,0.5000
420938,1.56,0.78,14.51,8,14.57,187,0.60,1966,0.00,42.00,95,0,0.00,15,11.17,20.00,14.90,14.40,0.00,1,43.07,14.34,0.5000
421039,2.34,0.78,14.51,8,14.57,187,0.60,1972,0.00,42.00,95,0,0.00,15,11.17,19.77,14.90,14.40,0.00,1,43.25,14.20,0.5000
421141,2.34,0.78,14.51,8,14.57,187,0.60,1993,0.00,42.00,95,0,0.00,15,11.17,19.89,14.90,14.50,0.00,1,43.15,14.20,0.5000
421244,2.34,0.78,14.51,8,14.57,187,0.60,1982,0.00,42.50,95,0,0.00,15,11.17,20.11,14.90,14.50,0.00,1,43.30,14.34,0.5000
421346,2.34,0.78,14.51,8,14.57,187,0.60,2001,0.00,42.50,95,0,0.00,15,11.17,19.89,14.90,14.60,0.00,1,43.27,14.35,0.5000
421447,2.34,0.78,14.51,8,14.57,187,0.60,2005,0.00,42.50,95,0,0.00,15,11.03,20.11,14.90,14.50,0.00,1,43.29,14.20,0.5000
421550,2.34,0.78,14.51,8,14.57,187,0.60,1996,0.00,42.50,95,0,0.00,15,11.17,20.33,14.90,14.50,0.00,1,43.22,14.34,0.5000
421651,2.34,0.78,14.51,8,14.57,187,0.61,2018,0.00,42.00,95,0,0.00,15,11.17,20.90,14.90,14.50,0.00,1,43.13,14.20,0.5000
421754,2.34,0.78,14.51,8,14.57,187,0.61,2012,0.00,42.00,95,0,0.00,15,11.03,23.02,14.90,14.50,0.00,1,42.99,14.20,0.5000
421856,1.56,0.78,14.51,8,14.57,187,0.61,2032,0.00,42.00,93,0,0.00,15,11.03,18.12,14.90,14.50,0.00,1,43.19,14.20,0.5000
421957,0.78,0.78,14.51,8,14.57,187,0.61,2016,0.00,42.00,93,0,0.00,15,11.03,20.12,14.90,14.30,0.00,1,43.15,14.20,0.5000
422060,0.78,0.78,14.51,8,14.57,187,0.61,2032,0.00,42.00,93,0,0.00,15,11.03,20.33,14.90,14.40,0.00,1,43.09,14.20,0.5000
422162,1.56,0.78,14.51,8,14.57,187,0.61,2042,0.00,42.50,93,1,0.00,15,11.03,20.68,14.90,14.50,0.00,1,43.25,14.20,0.5000
422264,0.78,0.78,14.51,8,14.57,187,0.61,2029,0.00,42.50,93,1,0.00,15,11.03,20.45,14.90,14.40,0.00,1,43.30,14.20,0.5000
422366,1.56,0.78,14.51,8,14.57,187,0.60,2051,0.00,42.50,93,1,0.00,15,10.88,20.35,14.90,14.50,0.00,1,43.36,13.91,0.5000
422468,0.78,0.78,14.51,8,14.58,187,0.60,2036,0.00,42.50,93,2,0.00,15,10.88,20.35,14.51,14.50,0.00,1,43.47,13.91,0.5000
422570,0.78,0.78,14.51,8,14.58,187,0.60,2059,0.00,42.50,93,3,0.00,15,10.74,20.36,14.51,14.40,0.00,1,43.53,13.91,0.5000
422672,0.78,0.78,14.51,8,14.58,187,0.59,2044,0.00,42.50,93,3,0.00,15,10.74,20.37,14.12,14.40,0.00,1,43.63,13.47,0.5000
422773,0.78,0.78,14.51,8,14.58,187,0.59,2062,0.00,43.00,93,3,0.00,15,10.59,19.91,14.12,14.40,0.00,1,43.67,13.47,0.5000
422876,0.00,0.78,14.51,8,14.58,187,0.59,2050,0.00,43.00,93,4,0.00,15,10.59,19.58,14.12,14.40,0.00,1,43.97,13.62,0.5000
422977,0.00,0.78,14.51,8,14.58,187,0.58,2071,0.00,43.50,93,4,0.00,15,10.59,19.81,14.12,14.40,0.00,1,44.20,13.62,0.5000
423080,0.00,0.78,14.51,8,14.58,187,0.58,2058,0.00,43.50,93,5,0.00,15,10.59,20.14,14.12,14.40,0.00,1,44.01,13.62,0.5000
423182,0.78,0.78,14.51,8,14.58,187,0.58,2083,0.00,43.00,93,5,0.00,15,10.59,20.03,14.12,14.70,0.00,1,43.95,13.62,0.5000
423284,0.78,0.78,14.51,8,14.58,187,0.58,2074,0.00,43.50,93,5,0.00,15,10.45,20.03,14.12,14.70,0.00,1,44.16,13.62,0.5000
423386,0.78,0.78,14.51,8,14.58,187,0.58,2094,0.00,43.50,93,6,0.00,15,10.45,19.07,14.12,14.50,0.00,1,44.21,13.04,0.5000
423488,0.00,0.78,14.51,8,14.58,187,0.56,2078,0.00,44.00,93,6,0.00,15,10.01,19.08,12.94,14.50,0.00,1,44.80,12.46,0.5000
423590,-1.56,0.78,14.51,8,14.58,187,0.55,2078,0.00,44.50,93,6,0.00,15,9.87,18.61,12.94,14.40,0.00,1,44.87,12.60,0.5000
423692,-1.56,0.78,14.51,8,14.58,187,0.54,2090,0.00,44.00,93,7,0.00,15,9.87,18.80,13.33,14.20,0.00,1,44.86,12.60,0.5000
423794,-1.56,0.78,14.51,8,14.58,187,0.54,2074,0.00,44.00,93,7,0.00,15,9.87,18.51,13.33,14.30,0.00,1,44.73,12.60,0.5000
423896,-0.78,0.78,14.51,8,14.58,187,0.54,2092,0.00,44.00,93,8,0.00,15,9.58,17.24,12.16,14.40,0.00,1,44.05,11.29,0.5000
423998,-2.34,0.78,14.51,8,14.58,187,0.52,2068,0.00,43.00,93,8,0.00,15,9.14,16.27,11.37,14.50,0.00,1,43.06,11.00,0.5000
424100,-4.69,0.78,14.51,8,14.58,187,0.49,2077,0.00,42.00,93,8,0.00,15,9.00,16.22,11.37,14.30,0.00,1,42.13,10.86,0.5000
424202,-5.47,0.78,14.51,8,14.58,187,0.48,2060,0.00,41.50,93,9,0.00,15,8.85,16.35,11.37,14.10,0.00,1,41.79,10.86,0.5000
424305,-4.69,0.78,14.51,8,14.57,187,0.48,2069,0.00,41.50,93,10,0.00,15,8.85,16.04,11.37,14.10,0.00,1,41.58,11.00,0.5000
424407,-3.91,0.78,14.51,8,14.57,187,0.47,2054,0.00,41.00,93,10,0.00,15,8.85,15.61,11.37,14.30,0.00,1,41.48,10.43,0.5000
424509,-3.12,0.78,14.51,8,14.57,187,0.46,2072,0.00,40.50,93,10,0.00,15,8.56,17.81,10.59,14.20,0.00,1,40.87,9.98,0.5000
424611,-3.91,0.78,14.51,8,14.57,187,0.45,2057,0.00,40.50,93,11,0.00,15,8.42,15.11,10.59,14.70,0.00,1,40.52,9.84,0.5000
424713,-4.69,0.78,14.51,8,14.57,187,0.44,2066,0.00,40.00,93,11,0.00,15,8.27,14.61,10.20,14.60,0.00,1,40.06,9.69,0.5000
424815,-4.69,0.78,14.51,8,14.57,187,0.44,2049,0.00,40.00,93,11,0.00,15,8.13,14.69,10.20,14.40,0.00,1,39.83,9.69,0.5000
424917,-4.69,0.78,14.51,8,14.57,187,0.43,2062,0.00,39.50,93,12,0.00,15,8.13,14.48,10.20,14.40,0.00,1,39.58,9.69,0.5000
425018,-3.91,0.78,14.51,8,14.57,187,0.43,2055,0.00,39.50,93,12,0.00,15,8.13,14.70,10.20,14.40,0.00,1,39.46,9.69,0.5000
425121,-3.91,0.78,14.51,8,14.57,187,0.42,2081,0.00,39.50,91,13,0.00,15,8.13,14.62,10.20,14.50,0.00,1,39.34,9.69,0.5000
425223,-3.12,0.78,14.51,8,14.57,187,0.42,2070,0.00,39.50,91,13,0.00,15,8.13,14.48,10.20,14.60,0.00,1,39.42,9.69,0.5000
425325,-2.34,0.78,14.51,8,14.57,187,0.42,2094,0.00,39.50,91,13,0.00,15,8.13,14.41,10.20,14.70,0.00,1,39.28,9.84,0.5000
425427,-1.56,0.78,14.51,8,14.57,187,0.42,2082,0.00,39.00,91,14,0.00,15,7.98,14.48,10.20,14.90,0.00,1,39.30,9.84,0.5000
425529,-0.78,0.78,14.51,8,14.57,187,0.42,2104,0.00,39.00,91,14,0.00,15,7.98,14.41,10.20,14.80,0.00,1,39.14,9.84,0.5000
425631,-0.78,0.78,14.51,8,14.57,187,0.41,2111,0.00,39.00,91,15,0.00,15,7.98,14.48,10.20,14.80,0.00,1,39.24,9.84,0.5000
425733,0.00,0.78,14.51,8,14.57,187,0.42,2105,0.00,39.00,91,15,0.00,15,7.98,14.56,10.20,14.80,0.00,1,39.24,9.84,0.5000
425835,0.00,0.78,14.51,8,14.57,187,0.41,2126,0.00,39.00,91,15,0.00,15,7.98,13.52,10.20,15.30,0.00,1,39.05,9.08,0.5000
425937,-0.78,0.78,14.51,8,14.57,187,0.40,2108,0.00,38.50,91,16,0.00,15,7.55,12.00,9.02,14.50,0.00,1,38.32,8.10,0.5000
426039,-2.34,0.78,14.51,8,14.57,187,0.37,2114,0.00,37.50,91,17,0.00,15,6.96,10.89,8.24,14.30,0.00,1,36.94,7.51,0.5000
426141,-4.69,0.78,14.51,8,14.57,187,0.33,2111,0.00,36.50,91,17,0.00,15,6.67,10.55,7.84,14.10,0.00,1,36.06,7.37,0.5000
426243,-5.47,0.78,14.51,8,14.56,187,0.32,2088,0.00,35.50,91,17,0.00,15,6.38,10.45,7.84,14.10,0.00,1,35.70,7.40,0.5000
426345,-7.03,0.78,14.51,8,14.56,187,0.31,2093,0.00,35.50,91,17,0.00,15,6.38,10.39,7.84,14.00,0.00,1,35.32,7.51,0.5000
426447,-7.03,0.78,14.51,8,14.56,187,0.30,2079,0.00,35.50,91,18,0.00,15,6.38,10.47,7.84,14.10,0.00,1,35.37,7.51,0.5000
426549,-6.25,0.78,14.51,8,14.56,187,0.30,2088,0.00,35.00,91,18,0.00,15,6.38,10.60,8.24,14.30,0.00,1,35.22,7.66,0.5000
426652,-5.47,0.78,14.51,8,14.56,187,0.30,2076,0.00,35.50,91,18,0.00,15,6.53,10.51,8.24,13.80,0.00,1,35.45,7.66,0.5000
426753,-3.91,0.78,14.51,8,14.56,187,0.30,2096,0.00,35.50,91,19,0.00,15,6.53,10.62,8.24,14.90,0.00,1,35.26,7.66,0.5000
426855,-3.12,0.78,14.51,8,14.56,187,0.30,2083,0.00,35.50,91,19,0.00,15,6.53,10.46,8.24,15.00,0.00,1,35.40,7.66,0.5000
426957,-1.56,0.78,14.51,8,14.56,187,0.30,2101,0.00,35.50,91,20,0.00,15,6.67,10.64,8.24,15.10,0.00,1,35.33,7.95,0.5000
427059,-0.78,0.78,14.51,8,14.56,187,0.30,2096,0.00,35.50,91,20,0.00,15,6.67,10.65,8.24,15.00,0.00,1,35.49,7.95,0.5000
427161,0.78,0.78,14.51,8,14.56,187,0.30,2105,0.00,35.50,91,20,0.00,15,6.67,10.77,8.24,15.10,0.00,1,35.65,8.10,0.5000
427263,2.34,0.78,14.51,8,14.56,187,0.31,2115,0.00,35.50,91,21,0.00,15,6.82,11.82,8.63,15.10,0.00,1,35.72,8.53,0.5000
427365,3.91,0.78,14.51,8,14.57,187,0.32,2110,0.00,36.50,91,21,0.00,15,7.11,11.90,9.02,15.20,0.00,1,36.35,8.82,0.5000
427467,6.25,0.78,14.51,8,14.57,187,0.33,2142,0.00,36.50,91,22,0.00,15,7.25,12.07,9.41,15.30,0.00,1,36.54,8.97,0.5000
427569,7.03,0.78,14.51,8,14.57,187,0.34,2138,0.00,36.50,91,22,0.00,15,7.40,12.42,9.41,15.30,0.00,1,36.73,9.11,0.5000
427671,7.81,0.78,14.51,8,14.57,187,0.34,2135,0.00,37.00,93,22,0.00,15,7.55,12.76,9.80,15.20,0.00,1,37.13,9.40,0.5000
427773,8.59,0.78,14.51,8,14.57,187,0.35,2154,0.00,37.50,93,22,0.00,15,7.69,13.02,10.20,14.90,0.00,1,37.43,9.55,0.5000
427875,8.59,0.78,14.51,8,14.57,187,0.36,2146,0.00,37.50,93,23,0.00,15,7.84,13.28,10.20,15.00,0.00,1,37.67,9.69,0.5000
427977,7.81,0.78,14.51,8,14.57,187,0.37,2143,0.00,37.50,93,23,0.00,15,7.84,13.45,10.20,15.30,0.00,1,37.84,9.69,0.5000
428080,7.03,0.78,14.51,8,14.57,187,0.37,2158,0.00,38.00,93,22,0.00,15,7.84,13.36,10.20,14.40,0.00,1,37.84,9.69,0.5000
428181,7.03,0.78,14.51,8,14.58,187,0.37,2151,0.00,38.00,93,19,0.00,15,7.69,13.45,10.20,14.40,0.00,1,37.94,9.69,0.5000
428283,7.03,0.78,14.51,8,14.57,187,0.37,2154,0.00,38.00,93,14,0.00,15,7.69,13.28,10.20,14.30,0.00,1,37.97,9.69,0.5000
428385,7.81,0.78,14.51,8,14.57,187,0.37,2166,0.00,38.00,93,8,0.00,15,7.55,13.46,10.20,14.40,0.00,1,37.90,9.55,0.5000
428487,7.81,0.78,14.51,8,14.58,187,0.37,2147,0.00,38.00,93,4,0.00,15,7.55,13.45,10.20,14.60,0.00,1,37.93,9.55,0.5000
428589,7.81,0.78,14.51,8,14.57,187,0.37,2143,0.00,38.00,93,3,0.00,15,7.55,13.37,10.20,14.90,0.00,1,38.08,9.55,0.5000
428691,7.81,0.78,14.51,8,14.57,187,0.37,2160,0.00,38.00,93,1,0.00,15,7.40,13.28,10.20,15.40,0.00,1,37.86,9.55,0.5000
428793,6.25,0.78,14.51,8,14.57,187,0.37,2134,0.00,38.00,93,0,0.00,15,7.55,13.29,10.20,14.50,0.00,1,38.01,9.55,0.5000
428895,6.25,0.78,14.51,8,14.57,187,0.37,2130,0.00,38.00,93,0,0.00,15,7.55,13.63,10.20,14.30,0.00,1,37.95,9.70,0.5000
428997,6.25,0.78,14.51,8,14.57,187,0.38,2139,0.00,38.00,93,0,0.00,15,7.55,13.55,10.20,14.40,0.00,1,37.94,9.55,0.5000
429099,5.47,0.78,14.51,8,14.57,187,0.38,2119,0.00,38.00,93,0,0.00,15,7.84,14.42,10.98,14.40,0.00,1,38.30,10.57,0.5000
429201,5.47,0.78,14.51,8,14.57,187,0.39,2134,0.00,38.50,93,0,0.00,15,7.98,14.56,10.98,14.40,0.00,1,38.61,10.57,0.5000
429303,6.25,0.78,14.51,8,14.57,187,0.40,2112,0.00,39.00,93,0,0.00,15,8.13,14.48,10.98,14.40,0.00,1,38.84,10.57,0.5000
429404,7.03,0.78,14.51,8,14.57,187,0.41,2084,0.00,39.00,93,0,0.00,15,8.13,14.41,10.98,14.00,0.00,1,38.93,10.57,0.5000
429507,7.03,0.78,14.51,8,14.57,187,0.41,2086,0.00,39.00,93,0,0.00,15,8.27,14.62,10.98,14.80,0.00,1,39.10,10.42,0.5000
429609,7.03,0.78,14.51,8,14.57,187,0.42,2074,0.00,39.00,93,0,0.00,15,8.27,14.33,10.98,15.20,0.00,1,39.31,10.42,0.5000
429711,6.25,0.78,14.51,8,14.57,187,0.42,2092,0.00,39.00,93,0,0.00,15,8.27,14.55,10.98,14.50,0.00,1,39.21,10.42,0.5000
429813,5.47,0.78,14.51,8,14.57,187,0.42,2073,0.00,39.50,93,0,0.00,15,8.27,14.62,10.98,14.50,0.00,1,39.38,10.42,0.5000
429915,5.47,0.78,14.51,8,14.57,187,0.42,2084,0.00,39.50,93,0,0.00,15,8.42,14.76,10.98,14.40,0.00,1,39.38,10.42,0.5000
430017,5.47,0.78,14.51,8,14.57,187,0.42,2065,0.00,39.50,93,0,0.00,15,8.27,14.39,10.98,14.40,0.00,1,39.44,10.42,0.5000
430119,4.69,0.78,14.51,8,14.57,187,0.42,2070,0.00,39.00,93,0,0.00,15,8.27,14.11,10.59,14.40,0.00,1,39.12,9.98,0.5000
430221,3.91,0.78,14.51,8,14.57,187,0.42,2045,0.00,39.00,93,0,0.00,15,8.27,14.26,10.59,14.40,0.00,1,38.96,9.84,0.5000
430323,3.12,0.78,14.51,8,14.57,187,0.41,2054,0.00,39.00,93,0,0.00,15,8.13,14.03,10.20,14.30,0.00,1,38.80,9.84,0.5000
430425,3.12,0.78,14.51,8,14.57,187,0.41,2031,0.00,38.50,93,0,0.00,15,8.13,14.12,10.20,14.30,0.00,1,38.77,9.84,0.5000
430527,3.12,0.78,14.51,8,14.56,187,0.41,2041,0.00,38.50,93,0,0.00,15,8.13,13.87,10.20,14.30,0.00,1,38.83,9.84,0.5000
430629,3.12,0.78,14.51,8,14.57,187,0.41,2023,0.00,38.50,93,0,0.00,15,8.13,14.26,10.20,14.40,0.00,1,38.73,9.84,0.5000
430731,3.12,0.78,14.51,8,14.56,187,0.41,2038,0.00,39.00,93,0,0.00,15,8.13,13.96,10.20,14.40,0.00,1,38.85,9.84,0.5000
430834,3.12,0.78,14.51,8,14.57,187,0.42,2021,0.00,39.00,93,0,0.00,15,8.13,13.95,10.20,14.40,0.00,1,38.85,9.99,0.5000
430935,3.12,0.78,14.51,8,14.57,187,0.41,2030,0.00,38.50,93,0,0.00,15,8.13,14.05,10.20,14.60,0.00,1,38.80,9.84,0.5000
431038,3.12,0.78,14.51,8,14.56,187,0.42,2022,0.00,39.00,93,0,0.00,15,8.27,14.02,10.20,14.50,0.00,1,38.77,9.98,0.5000
431139,3.12,0.78,14.51,8,14.57,187,0.42,2015,0.00,39.00,93,0,0.00,15,8.27,14.33,10.98,14.50,0.00,1,39.05,10.28,0.5000
431241,3.91,0.78,14.51,8,14.57,187,0.42,2034,0.00,39.00,93,0,0.00,15,8.42,14.25,10.98,14.70,0.00,1,39.16,10.28,0.5000
431343,4.69,0.78,14.51,8,14.57,187,0.42,2014,0.00,39.00,93,0,0.00,15,8.42,14.61,10.98,14.50,0.00,1,39.32,10.28,0.5000
431445,4.69,0.78,14.51,8,14.57,187,0.43,2023,0.00,39.50,93,0,0.00,15,8.42,14.68,10.98,14.70,0.00,1,39.48,10.28,0.5000
431547,4.69,0.78,14.51,8,14.57,187,0.43,2014,0.00,39.50,93,0,0.00,15,8.42,14.38,10.98,14.60,0.00,1,39.56,10.28,0.5000
431650,3.91,0.78,14.51,8,14.57,187,0.43,2025,0.00,39.50,93,0,0.00,15,8.42,14.39,10.98,14.50,0.00,1,39.42,10.28,0.5000
431751,3.91,0.78,14.51,8,14.57,187,0.43,2028,0.00,39.50,93,0,0.00,15,8.42,14.54,10.98,14.40,0.00,1,39.49,10.28,0.5000
431853,3.12,0.78,14.51,8,14.57,187,0.43,2014,0.00,39.50,93,0,0.00,15,8.42,14.54,10.98,14.40,0.00,1,39.58,10.42,0.5000
431955,3.91,0.78,14.51,8,14.57,187,0.43,2030,0.00,39.50,93,1,0.00,15,8.56,15.61,11.37,14.50,0.00,1,39.86,11.43,0.5000
432057,4.69,0.78,14.51,8,14.57,187,0.45,2016,0.00,40.50,93,1,0.00,15,9.43,17.57,13.33,14.40,0.00,1,41.13,12.89,0.5000
432159,7.81,0.78,14.51,8,14.57,187,0.49,2038,0.00,42.00,93,1,0.00,15,9.87,17.74,13.73,15.10,0.00,1,42.63,13.04,0.5000
432261,9.38,0.78,14.51,8,14.58,187,0.51,2040,0.00,43.00,93,1,0.00,15,10.01,17.73,13.73,15.40,0.00,1,43.33,13.03,0.5000
432364,9.38,0.78,14.51,8,14.58,187,0.51,2067,0.00,43.00,93,2,0.00,15,10.16,17.82,13.73,15.20,0.00,1,43.52,13.04,0.5000
432464,9.38,0.78,14.51,8,14.58,187,0.52,2051,0.00,43.00,93,2,0.00,15,10.16,15.36,13.73,14.80,0.00,1,43.62,13.04,0.5000
432567,8.59,0.78,14.51,8,14.58,187,0.52,2070,0.00,43.50,93,2,0.00,15,10.16,18.02,13.73,14.40,0.00,1,43.76,13.04,0.5000
432669,8.59,0.78,14.51,8,14.58,187,0.52,2055,0.00,43.50,93,3,0.00,15,10.16,18.41,13.73,14.40,0.00,1,43.84,13.04,0.5000
432771,7.81,0.78,14.51,8,14.58,187,0.53,2070,0.00,43.50,91,3,0.00,15,10.16,20.38,13.73,14.40,0.00,1,44.11,13.04,0.5000
432873,7.03,0.78,14.51,8,14.58,187,0.53,2057,0.00,43.50,91,3,0.00,15,10.16,18.11,13.73,14.30,0.00,1,44.10,13.04,0.5000
432975,6.25,0.78,14.51,8,14.58,187,0.53,2075,0.00,43.50,91,4,0.00,15,10.16,18.21,13.73,14.20,0.00,1,44.12,13.04,0.5000
433077,5.47,0.78,14.51,8,14.58,187,0.53,2060,0.00,43.50,91,4,0.00,15,10.16,18.01,13.73,14.20,0.00,1,44.10,13.04,0.5000
433180,5.47,0.78,14.51,8,14.58,187,0.53,2074,0.00,43.50,91,5,0.00,15,10.16,18.98,13.73,14.30,0.00,1,44.19,13.04,0.5000
433281,4.69,0.78,14.51,8,14.58,187,0.54,2061,0.00,44.00,91,5,0.00,15,10.16,18.21,13.73,14.30,0.00,1,44.51,13.04,0.5000
433383,3.91,0.78,14.51,8,14.58,187,0.54,2080,0.00,44.00,91,5,0.00,15,10.16,18.50,13.73,14.30,0.00,1,44.48,13.04,0.5000
433485,3.12,0.78,14.51,8,14.58,187,0.54,2064,0.00,44.00,91,6,0.00,15,10.16,18.88,13.73,14.30,0.00,1,44.61,13.18,0.5000
433588,3.12,0.78,14.51,8,14.58,187,0.54,2087,0.00,44.50,91,7,0.00,15,10.16,19.06,14.12,14.30,0.00,1,44.82,13.33,0.5000
433690,3.12,0.78,14.51,8,14.58,187,0.55,2072,0.00,44.50,91,7,0.00,15,10.30,19.07,14.12,14.40,0.00,1,44.95,13.18,0.5000
433792,3.12,0.78,14.51,8,14.58,187,0.55,2092,0.00,44.50,91,7,0.00,15,10.30,19.27,14.12,14.40,0.00,1,45.00,13.33,0.5000
433894,2.34,0.78,14.51,8,14.58,187,0.55,2074,0.00,44.50,91,8,0.00,15,10.30,19.70,14.12,14.40,0.00,1,44.92,13.47,0.5000
433996,2.34,0.78,14.51,8,14.58,187,0.56,2084,0.00,44.50,91,8,0.00,15,10.30,19.27,14.12,14.40,0.00,1,44.82,13.48,0.5000
434098,2.34,0.78,14.51,8,14.58,187,0.55,2106,0.00,44.50,91,9,0.00,15,10.30,19.27,14.12,14.40,0.00,1,44.95,13.48,0.5000
434200,2.34,0.78,14.51,8,14.58,187,0.55,2096,0.00,44.50,91,9,0.00,15,10.30,19.27,14.12,14.40,0.00,1,44.92,13.33,0.5000
434302,2.34,0.78,14.51,8,14.58,187,0.55,2110,0.00,44.50,91,9,0.00,15,10.30,19.38,14.12,14.40,0.00,1,44.97,13.33,0.5000
434404,1.56,0.78,14.51,8,14.58,187,0.55,2095,0.00,44.50,91,10,0.00,15,10.16,19.37,14.12,14.40,0.00,1,44.94,13.33,0.5000
434506,2.34,0.78,14.51,8,14.58,187,0.55,2115,0.00,44.50,91,10,0.00,15,10.16,19.48,14.12,14.40,0.00,1,44.91,13.33,0.5000
434608,1.56,0.78,14.51,8,14.58,187,0.56,2107,0.00,44.50,91,11,0.00,15,10.30,19.59,14.12,14.40,0.00,1,44.82,13.48,0.5000
434710,1.56,0.78,14.51,8,14.58,187,0.56,2111,0.00,44.00,91,11,0.00,15,10.30,19.48,14.12,14.50,0.00,1,44.75,13.33,0.5000
434812,0.78,0.78,14.51,8,14.58,187,0.56,2125,0.00,44.50,91,11,0.00,15,10.16,19.59,14.12,14.40,0.00,1,44.87,13.33,0.5000
434914,0.78,0.78,14.51,8,14.58,187,0.56,2114,0.00,44.50,91,12,0.00,15,10.16,19.82,14.12,14.40,0.00,1,44.71,13.33,0.5000
435016,0.78,0.78,14.51,8,14.58,187,0.56,2133,0.00,44.00,91,12,0.00,15,10.16,19.26,14.12,14.50,0.00,1,44.76,13.18,0.5000
435118,0.00,0.78,14.51,8,14.58,187,0.55,2132,0.00,44.50,91,13,0.00,15,10.01,18.50,13.33,14.40,0.00,1,44.81,12.46,0.5000
435220,-2.34,0.78,14.51,8,14.58,187,0.53,2102,0.00,43.50,91,13,0.00,15,9.29,15.66,10.98,14.30,0.00,1,43.10,9.69,0.5000
435322,-4.69,0.78,14.51,8,14.58,187,0.48,2093,0.00,41.50,91,13,0.00,15,8.56,15.00,10.20,14.20,0.00,1,41.39,9.55,0.5000
435424,-7.03,0.78,14.51,8,14.57,187,0.45,2064,0.00,40.50,91,14,0.00,15,8.27,14.95,10.20,13.90,0.00,1,40.54,9.55,0.5000
435526,-9.38,0.78,14.51,8,14.57,187,0.44,2072,0.00,40.00,91,14,0.00,15,8.13,14.32,10.20,13.70,0.00,1,40.14,9.23,0.5000
435628,-10.16,0.78,14.51,8,14.57,187,0.43,2048,0.00,38.50,91,14,0.00,15,7.25,10.96,8.24,13.70,0.00,1,36.76,7.22,0.5000
435730,-10.94,0.78,14.51,8,14.56,187,0.37,2023,0.00,33.50,91,15,0.00,15,6.67,10.41,7.45,13.90,0.00,1,32.48,7.08,0.5000
435832,-12.50,0.78,14.51,8,14.55,187,0.34,1977,0.00,30.50,91,15,0.00,15,6.38,9.72,7.45,13.60,0.00,1,29.47,6.79,0.5000
435934,-14.06,0.00,14.51,8,14.55,187,0.31,1958,0.00,28.00,91,16,0.00,15,6.09,9.49,7.06,13.60,0.00,1,27.24,6.64,0.5000
436036,0.00,0.00,14.51,10,14.55,187,0.30,1912,0.00,25.50,91,16,0.00,15,5.95,9.37,7.06,13.40,0.00,1,24.81,6.64,0.5000
436138,0.00,0.00,14.51,10,14.56,187,0.30,1859,0.00,24.00,91,17,0.00,15,5.95,9.09,6.67,13.70,0.00,1,23.95,6.50,0.5000
436240,0.00,0.00,14.51,10,14.56,187,0.30,1837,0.00,24.00,91,17,0.00,15,5.80,8.72,6.67,13.10,0.00,1,23.95,6.35,0.5000
436342,0.00,0.00,14.51,10,14.56,187,0.29,1794,0.00,24.00,91,17,0.00,15,5.80,8.72,6.67,16.90,0.00,1,23.95,6.35,0.5000
436444,0.00,0.00,14.51,10,14.57,187,0.29,1703,0.00,22.50,91,18,0.00,15,5.80,8.81,6.67,18.00,0.00,1,22.07,6.35,0.5000
436545,0.00,0.00,14.51,10,14.57,187,0.30,1660,0.00,21.00,91,19,0.00,15,5.95,8.59,6.67,19.80,0.00,1,20.77,6.21,0.5000
436648,0.00,0.00,14.51,10,14.57,187,0.31,1608,0.00,20.00,91,19,0.00,15,6.09,8.19,6.27,23.90,0.00,1,19.95,6.03,0.5000
436750,0.00,0.00,14.51,10,14.58,187,0.31,1561,0.00,20.00,91,19,0.00,15,6.24,8.19,6.27,30.70,0.00,1,19.76,6.06,0.5000
436852,0.00,0.00,14.51,10,14.58,187,0.32,1547,0.00,19.50,91,19,0.00,15,6.38,8.14,6.27,40.90,0.00,1,19.32,6.06,0.5000
436954,0.00,0.00,14.51,10,14.58,187,0.32,1517,0.00,19.00,91,19,0.00,15,6.53,8.14,6.27,60.20,0.00,1,19.20,5.92,0.5000
437056,0.00,0.00,14.51,10,14.58,187,0.32,1481,0.00,19.00,91,20,0.00,15,6.53,8.05,5.88,76.70,0.00,1,18.83,5.77,0.5000
437158,0.00,0.00,14.51,10,14.59,187,0.32,1471,0.00,18.50,91,20,0.00,15,6.53,7.83,5.88,88.30,0.00,1,18.72,5.77,0.5000
437260,0.00,0.00,14.51,10,14.59,187,0.32,1438,0.00,18.50,91,20,0.00,15,6.67,7.96,5.88,95.60,0.00,1,18.36,5.77,0.5000
437362,0.00,0.00,14.51,10,14.59,187,0.33,1421,0.00,18.00,91,20,0.00,15,6.67,7.83,5.88,96.00,0.00,1,18.27,5.77,0.5000
437465,0.00,0.00,14.51,10,14.59,187,0.33,1410,0.00,18.00,91,20,0.00,15,6.67,7.83,5.88,96.00,0.00,1,17.94,5.77,0.5000
437566,0.00,0.00,14.51,10,14.59,187,0.33,1376,0.00,18.00,91,21,0.00,15,6.82,7.52,5.88,96.00,0.00,1,17.88,5.63,0.5000
437668,0.00,0.00,14.51,10,14.59,187,0.33,1366,0.00,18.00,91,21,0.00,15,6.82,7.56,5.88,96.00,0.00,1,17.79,5.63,0.5000
437770,0.00,0.00,14.51,10,14.59,187,0.33,1348,0.00,17.50,91,21,0.00,15,6.96,7.56,5.88,99.90,0.00,1,17.61,5.63,0.5000
437872,0.00,0.00,14.51,10,14.59,187,0.33,1314,0.00,17.50,93,21,0.00,15,6.96,7.47,5.88,99.90,0.00,1,17.52,5.63,0.5000
437974,0.00,0.00,14.51,10,14.60,187,0.34,1298,0.00,17.50,93,21,0.00,15,7.11,7.28,5.88,99.90,0.00,1,17.46,5.63,0.5000
438076,0.00,0.00,14.51,10,14.60,187,0.34,1288,0.00,17.50,93,21,0.00,15,7.11,7.38,5.88,99.90,0.00,1,17.38,5.63,0.5000
438178,0.00,0.00,14.51,10,14.60,187,0.34,1272,0.00,17.50,93,20,0.00,15,7.25,7.33,5.88,99.90,0.00,1,17.23,5.63,0.5000
438281,0.00,0.00,14.51,10,14.60,187,0.35,1260,0.00,17.00,93,8,0.00,15,7.11,7.13,5.88,99.90,0.00,1,17.16,5.48,0.5000
438382,0.00,0.00,14.51,10,14.60,187,0.35,1247,0.00,17.00,93,1,0.00,15,7.11,6.99,5.88,99.90,0.00,1,17.09,5.48,0.5000
438485,0.00,0.00,14.51,10,14.60,187,0.34,1229,0.00,17.00,93,0,0.00,15,7.11,6.79,5.88,99.90,0.00,1,17.07,5.48,0.5000
438586,0.00,0.00,14.51,10,14.60,187,0.34,1226,0.00,17.00,93,0,0.00,15,7.11,6.94,5.88,99.90,0.00,1,17.05,5.48,0.5000
438688,0.00,0.00,14.51,10,14.60,187,0.34,1220,0.00,17.00,93,0,0.00,15,6.96,6.84,5.88,99.90,0.00,1,17.07,5.48,0.5000
438791,0.00,0.00,14.51,10,14.60,187,0.34,1214,0.00,17.00,93,0,0.00,15,6.96,6.79,5.88,99.90,0.00,1,17.04,5.48,0.5000
438892,0.00,0.00,14.51,10,14.60,187,0.34,1207,0.00,18.50,93,0,0.00,15,7.11,7.23,5.88,99.90,0.00,1,19.65,6.05,0.5000
438994,0.00,0.00,14.51,10,14.60,187,0.34,1359,0.00,22.50,93,0,0.00,15,8.42,12.17,10.20,99.90,0.00,1,23.70,10.99,0.5000
439097,0.00,0.78,14.51,10,14.57,187,0.40,1688,0.00,32.00,93,0,0.00,15,9.72,14.63,13.33,99.90,0.00,1,34.88,12.74,0.5000
439198,0.00,0.78,14.51,10,14.57,187,0.45,1943,0.00,38.50,93,0,0.00,15,10.01,15.21,13.73,65.70,0.00,1,39.50,12.89,0.5000
439301,0.00,0.78,14.51,10,14.57,187,0.46,1976,0.00,40.50,93,0,0.00,15,9.87,15.43,13.33,16.80,0.00,1,40.57,12.60,0.5000
439402,0.00,0.78,14.51,10,14.57,187,0.46,1958,0.00,40.00,93,0,0.00,15,9.58,13.22,12.55,18.30,0.00,1,40.20,10.03,0.5000
439504,0.00,0.78,14.51,10,14.57,187,0.43,1948,0.00,38.00,93,0,0.00,15,7.98,9.72,7.45,18.40,0.00,1,36.18,7.22,0.5000
439607,0.00,0.00,14.51,10,14.56,187,0.36,1920,0.00,35.50,93,0,0.00,15,7.11,11.13,7.45,17.40,0.00,1,34.68,8.23,0.5000
439708,-1.56,0.78,14.51,10,14.56,187,0.34,1929,0.00,35.00,93,0,0.00,15,7.84,13.32,10.98,16.50,0.00,1,35.61,10.86,0.5000
439809,-3.91,0.78,14.51,8,14.56,187,0.38,1947,0.00,36.00,93,0,0.00,15,7.25,9.60,7.84,16.70,0.00,1,35.88,7.22,0.5000
439913,-3.12,0.00,14.51,8,14.55,187,0.34,1930,0.00,33.00,93,0,0.00,15,6.67,9.32,7.45,14.00,0.00,1,33.54,6.93,0.5000
440014,-3.12,0.00,14.51,8,14.55,187,0.31,1916,0.00,34.00,93,0,0.00,15,6.24,8.59,7.06,14.30,0.00,1,33.46,6.64,0.5000
440117,-3.12,0.00,14.51,8,14.56,187,0.29,1889,0.00,32.50,93,0,0.00,15,5.95,8.32,7.06,14.40,0.00,1,32.46,6.64,0.5000
440218,-3.91,0.00,14.51,8,14.56,187,0.28,1891,0.00,32.00,93,0,0.00,15,5.80,8.50,7.06,14.50,0.00,1,32.17,6.64,0.5000
440321,-3.12,0.00,14.51,8,14.56,187,0.27,1880,0.00,32.00,93,0,0.00,15,5.66,8.37,7.06,14.50,0.00,1,32.19,6.64,0.5000
440423,-3.12,0.00,14.51,8,14.56,187,0.27,1899,0.00,32.00,93,0,0.00,15,5.66,8.46,7.06,14.50,0.00,1,32.22,6.64,0.5000
440524,-2.34,0.00,14.51,8,14.56,187,0.27,1894,0.00,32.00,93,0,0.00,15,5.66,8.41,7.06,14.50,0.00,1,32.15,6.79,0.5000
440627,-2.34,0.00,14.51,8,14.56,187,0.27,1885,0.00,32.00,93,0,0.00,15,5.66,8.14,7.06,14.90,0.00,1,31.54,6.79,0.5000
440729,-1.56,0.00,14.51,8,14.56,187,0.26,1894,0.00,30.50,93,0,0.00,15,5.51,8.01,7.06,14.80,0.00,1,29.97,6.49,0.5000
440831,-1.56,0.00,14.51,8,14.56,187,0.26,1904,0.00,28.50,93,0,0.00,15,5.51,7.87,6.67,14.80,0.00,1,27.94,6.35,0.5000
440933,-1.56,0.00,14.51,8,14.56,187,0.26,1893,0.00,27.00,95,0,0.00,15,5.37,8.01,6.67,14.80,0.00,1,26.53,6.35,0.5000
441035,0.00,0.00,14.51,8,14.57,187,0.26,1865,0.00,25.50,95,0,0.00,15,5.37,7.83,6.67,15.10,0.00,1,25.07,6.35,0.5000
441136,0.00,0.00,14.51,10,14.57,187,0.26,1806,0.00,24.00,95,0,0.00,15,5.37,7.92,6.67,14.80,0.00,1,23.95,6.50,0.5000
441239,0.00,0.00,14.51,10,14.57,187,0.26,1777,0.00,24.00,95,0,0.00,15,5.37,7.78,6.67,15.90,0.00,1,23.63,6.35,0.5000
441340,0.00,0.00,14.51,10,14.57,187,0.26,1756,0.00,23.50,95,0,0.00,15,5.51,7.92,6.67,17.30,0.00,1,23.30,6.35,0.5000
441443,0.00,0.00,14.51,10,14.57,187,0.27,1675,0.00,22.00,95,0,0.00,15,5.51,10.21,6.67,19.80,0.00,1,21.57,6.36,0.5000
441545,0.00,0.00,14.51,10,14.57,187,0.27,1638,0.00,20.50,95,0,0.00,15,5.66,7.65,6.27,22.10,0.00,1,20.39,6.06,0.5000
441647,0.00,0.00,14.51,10,14.58,187,0.28,1601,0.00,20.00,95,0,0.00,15,5.80,7.70,6.27,26.60,0.00,1,19.90,6.06,0.5000
441750,0.00,0.00,14.51,10,14.58,187,0.29,1566,0.00,20.00,95,0,0.00,15,5.80,7.65,6.27,33.10,0.00,1,19.81,5.95,0.5000
441852,0.00,0.00,14.51,10,14.58,187,0.29,1558,0.00,19.50,95,0,0.00,15,5.95,7.56,6.27,53.60,0.00,1,19.48,5.92,0.5000
441953,0.00,0.00,14.51,10,14.58,187,0.29,1540,0.00,19.50,95,0,0.00,15,5.95,7.33,6.27,69.90,0.00,1,19.45,5.92,0.5000
442055,0.00,0.00,14.51,10,14.58,187,0.29,1514,0.00,19.50,95,0,0.00,15,6.09,7.52,6.27,83.30,0.00,1,20.05,5.95,0.5000
442158,0.00,0.00,14.51,10,14.58,187,0.29,1529,0.00,22.00,95,0,0.00,15,6.09,7.65,6.27,94.10,0.00,1,23.25,5.92,0.5000
442260,0.00,0.00,14.51,10,14.57,187,0.29,1670,0.00,27.00,95,0,0.00,15,6.09,7.87,6.67,96.00,0.00,1,28.55,6.35,0.5000
442362,0.00,0.00,14.51,10,14.56,185,0.28,1843,0.00,31.00,95,0,0.00,15,5.80,8.01,7.06,85.30,0.00,1,30.41,6.64,0.5000
442463,0.00,0.00,14.51,10,14.56,185,0.27,1876,0.00,29.50,95,0,0.00,15,5.66,8.01,6.67,34.70,0.00,1,29.18,6.50,0.5000
442566,0.00,0.00,14.51,10,14.56,185,0.26,1870,0.00,28.00,95,0,0.00,15,5.51,7.74,6.67,22.10,0.00,1,27.55,6.35,0.5000
442668,0.00,0.00,14.51,10,14.57,187,0.26,1840,0.00,26.50,95,0,0.00,15,5.37,7.83,6.67,18.80,0.00,1,25.88,6.35,0.5000
442769,0.00,0.00,14.51,10,14.57,185,0.26,1786,0.00,25.00,95,0,0.00,15,5.51,7.83,6.67,17.20,0.00,1,24.18,6.35,0.5000
442872,0.00,0.00,14.51,10,14.57,187,0.26,1725,0.00,23.00,95,1,0.00,15,5.66,7.83,6.67,16.80,0.00,1,22.57,6.35,0.5000
442974,0.00,0.00,14.51,10,14.57,187,0.27,1695,0.00,22.00,95,1,0.00,15,5.80,7.96,6.67,17.00,0.00,1,21.64,6.35,0.5000
443076,0.00,0.00,14.51,10,14.57,187,0.27,1662,0.00,21.00,95,1,0.00,15,5.80,7.56,6.67,19.90,0.00,1,20.61,6.21,0.5000
443178,0.00,0.00,14.51,10,14.58,185,0.28,1556,0.00,19.50,95,1,0.00,15,5.80,5.27,6.27,22.10,0.00,1,19.59,6.06,0.5000
443280,0.00,0.00,14.51,10,14.58,185,0.29,1475,0.00,19.00,95,2,0.00,15,5.95,7.47,6.27,24.60,0.00,1,18.76,5.92,0.5000
443382,0.00,0.00,14.51,10,14.59,185,0.30,1434,0.00,18.50,95,2,0.00,15,6.09,7.42,5.88,28.50,0.00,1,18.32,5.77,0.5000
443484,0.00,0.00,14.51,10,14.59,185,0.31,1394,0.00,18.00,95,2,0.00,15,6.24,7.23,5.88,35.00,0.00,1,17.82,5.62,0.5000
443586,0.00,0.00,14.51,10,14.59,185,0.31,1330,0.00,17.50,95,2,0.00,15,6.38,6.94,5.88,54.30,0.00,1,17.60,5.77,0.5000
443688,0.00,0.00,14.51,10,14.60,185,0.31,1286,0.00,17.50,95,2,0.00,15,6.53,6.69,5.88,68.00,0.00,1,17.36,5.63,0.5000
443790,0.00,0.00,14.51,10,14.60,185,0.32,1240,0.00,17.00,95,1,0.00,15,6.67,6.89,5.88,80.00,0.00,1,17.12,5.48,0.5000
443892,0.00,0.00,14.51,10,14.61,185,0.32,1190,0.00,17.00,95,0,0.00,15,6.82,6.89,5.88,88.90,0.00,1,16.91,5.48,0.5000
443994,0.00,0.00,14.51,10,14.62,185,0.34,1134,0.00,22.00,95,0,0.00,15,6.96,6.60,5.49,94.70,0.00,1,16.91,5.33,0.5000
444096,0.00,0.00,14.51,10,14.63,185,0.34,1080,0.00,22.00,95,0,0.00,15,7.11,6.50,5.49,96.00,0.00,1,16.91,5.19,0.5000
444198,0.00,0.00,14.51,10,14.63,185,0.35,1152,0.00,22.00,95,0,0.00,15,7.40,6.16,5.49,96.00,0.00,1,17.08,5.04,0.5000
444300,0.00,0.00,14.51,10,14.59,185,0.33,1409,0.00,18.00,97,0,0.00,15,6.96,6.50,5.49,96.00,0.00,1,18.06,5.19,0.5000
444402,0.00,0.00,14.51,10,14.58,185,0.30,1478,0.00,19.00,97,0,0.00,15,6.53,6.79,5.88,96.00,0.00,1,18.79,5.92,0.5000
444504,0.00,0.00,14.51,10,14.58,185,0.29,1495,0.00,19.00,97,0,0.00,15,6.38,6.79,6.27,23.40,0.00,1,18.97,5.92,0.5000
444606,0.00,0.00,14.51,10,14.58,185,0.28,1469,0.00,19.00,97,0,0.00,15,6.38,6.50,6.27,17.30,0.00,1,18.69,5.92,0.5000
444708,0.00,0.00,14.51,10,14.59,185,0.27,1465,0.00,18.50,97,0,0.00,15,6.24,6.69,6.27,16.50,0.00,1,18.65,5.92,0.5000
444810,0.00,0.00,14.51,10,14.59,185,0.28,1415,0.00,18.50,97,0,0.00,15,6.24,6.35,6.27,16.60,0.00,1,18.12,5.92,0.5000
444912,0.00,0.00,14.51,10,14.59,185,0.27,1396,0.00,18.00,97,0,0.00,15,6.24,6.50,5.88,16.40,0.00,1,18.06,5.77,0.5000
445015,0.00,0.00,14.51,10,14.59,185,0.27,1387,0.00,18.00,97,0,0.00,15,6.24,6.60,5.88,16.30,0.00,1,17.82,5.62,0.5000
445116,0.78,0.00,14.51,8,14.59,185,0.28,1356,0.00,18.00,97,0,0.00,15,6.24,6.74,5.88,16.20,0.00,1,17.74,5.63,0.5000
445218,1.56,0.00,14.51,8,14.59,185,0.28,1336,0.00,17.50,97,0,0.00,15,6.24,6.60,5.88,16.10,0.00,1,17.64,5.63,0.5000
445320,2.34,0.00,14.51,8,14.60,185,0.29,1328,0.00,17.50,97,0,0.00,15,6.24,6.40,5.88,15.90,0.00,1,17.59,5.63,0.5000
445422,2.34,0.00,14.51,8,14.60,185,0.29,1312,0.00,17.50,97,0,0.00,15,6.38,6.30,5.88,15.80,0.00,1,17.41,5.63,0.5000
445524,2.34,0.00,14.51,8,14.60,185,0.29,1275,0.00,17.50,97,0,0.00,15,6.38,6.30,5.88,15.60,0.00,1,17.31,5.63,0.5000
445626,2.34,0.00,14.51,8,14.60,185,0.29,1262,0.00,17.50,97,0,0.00,15,6.53,6.25,5.88,15.60,0.00,1,17.28,5.63,0.5000
445728,2.34,0.00,14.51,8,14.60,185,0.29,1246,0.00,17.00,97,0,0.00,15,6.53,6.25,5.88,15.40,0.00,1,17.27,5.48,0.5000
445830,2.34,0.00,14.51,8,14.60,185,0.30,1288,0.00,17.50,97,0,0.00,15,6.53,6.01,5.49,14.90,0.00,1,17.38,5.04,0.5000
445932,3.12,0.00,14.51,8,14.60,185,0.29,1294,0.00,17.50,97,0,0.00,15,6.24,5.79,5.10,14.90,0.00,1,17.32,4.61,0.5000
446034,3.12,0.00,14.51,8,14.60,185,0.28,1271,0.00,17.00,97,0,0.00,15,6.09,5.74,4.71,15.00,0.00,1,17.20,4.61,0.5000
446137,2.34,0.00,14.51,8,14.60,185,0.28,1252,0.00,17.00,97,0,0.00,15,6.09,5.58,4.71,15.30,0.00,1,17.10,4.61,0.5000
446238,1.56,0.00,14.51,8,14.60,185,0.27,1222,0.00,17.00,97,0,0.00,15,6.09,5.46,4.71,13.90,0.00,1,17.03,4.61,0.5000
446340,0.78,0.00,14.51,8,14.60,185,0.27,1198,0.00,17.00,97,0,0.00,15,6.09,5.46,4.71,14.40,0.00,1,16.91,4.61,0.5000
446442,0.78,0.00,14.51,8,14.61,185,0.27,1174,0.00,17.00,97,0,0.00,15,6.09,5.51,4.71,14.30,0.00,1,16.91,4.46,0.5000
446545,0.00,0.78,14.51,8,14.61,185,0.28,1155,0.00,17.00,97,0,0.00,15,6.09,5.46,4.71,14.10,0.00,1,16.91,4.46,0.5000
446646,-0.78,0.78,14.51,8,14.61,185,0.28,1145,0.00,17.00,97,0,0.00,15,6.24,5.41,4.71,14.10,0.00,1,16.91,4.46,0.5000
446748,-0.78,2.34,14.51,8,14.62,185,0.28,1134,0.00,17.00,97,0,0.00,15,6.24,5.36,4.71,14.00,0.00,1,16.91,4.46,0.5000
446851,-1.56,2.34,14.51,8,14.62,185,0.28,1134,0.00,17.00,97,0,0.00,15,6.24,5.39,4.71,14.00,0.00,1,16.91,4.46,0.5000
446952,-2.34,2.34,14.51,8,14.62,185,0.28,1128,0.00,17.00,97,0,0.00,15,6.24,5.32,4.71,13.90,0.00,1,16.91,4.46,0.5000
447054,-3.12,2.34,14.51,8,14.63,185,0.28,1098,0.00,17.00,97,0,0.00,15,6.24,5.36,4.71,13.90,0.00,1,16.91,4.46,0.5000
447157,-3.91,2.34,14.51,8,14.63,185,0.29,1087,0.00,17.00,97,0,0.00,15,6.38,5.36,4.71,13.90,0.00,1,16.91,4.32,0.5000
447258,-4.69,2.34,14.51,8,14.63,185,0.29,1068,0.00,22.00,97,0,0.00,15,6.38,5.24,4.71,13.80,0.00,1,16.91,4.32,0.5000
447361,-5.47,2.34,14.51,8,14.63,185,0.29,1061,0.00,22.00,97,0,0.00,15,6.38,5.15,4.71,13.70,0.00,1,16.91,4.32,0.5000
447462,-5.47,2.34,14.51,8,14.63,185,0.29,1058,0.00,22.00,99,0,0.00,15,6.38,5.24,4.71,13.70,0.00,1,16.91,4.32,0.5000
447564,-6.25,2.34,14.51,8,14.63,185,0.29,1064,0.00,22.00,99,0,0.00,15,6.38,5.15,4.71,13.70,0.00,1,16.91,4.32,0.5000
447666,-7.03,2.34,14.51,8,14.64,185,0.29,1051,0.00,22.00,99,0,0.00,15,6.53,5.13,4.71,13.70,0.00,1,16.91,4.32,0.5000
447769,-7.81,2.34,14.51,8,14.64,185,0.29,1037,0.00,22.00,99,0,0.00,15,6.53,5.08,4.71,13.70,0.00,1,16.91,4.32,0.5000
447870,-7.81,2.34,14.51,8,14.64,185,0.29,1030,0.00,22.00,99,0,0.00,15,6.53,5.10,4.71,13.70,0.00,1,16.91,4.17,0.5000
447972,-8.59,2.34,14.51,8,14.64,185,0.29,1026,0.00,22.00,99,0,0.00,15,6.53,5.13,4.31,13.70,0.00,1,16.91,4.17,0.5000
448074,-8.59,2.34,14.51,8,14.65,185,0.30,1008,0.00,22.00,99,0,0.00,15,6.67,5.05,4.31,13.80,0.00,1,16.91,4.17,0.5000
448177,-8.59,2.34,14.51,8,14.65,185,0.30,982,0.00,22.00,99,0,0.00,15,6.67,5.13,4.71,13.90,0.00,1,16.91,4.32,0.5000
448278,-8.59,2.34,14.51,8,14.66,185,0.30,968,0.00,22.00,99,0,0.00,15,6.82,5.20,4.71,13.80,0.00,1,16.91,4.61,0.5000
448380,-9.38,2.34,14.51,8,14.66,185,0.31,959,0.00,22.00,99,0,0.00,15,7.11,5.20,4.71,14.00,0.00,1,16.91,4.61,0.5000
448483,-9.38,2.34,14.51,8,14.66,185,0.31,936,0.00,22.00,99,0,0.00,15,7.25,5.20,4.71,14.00,0.00,1,16.91,4.61,0.5000
448585,-9.38,2.34,14.51,8,14.66,185,0.32,946,0.00,22.00,99,0,0.00,15,7.40,5.20,4.71,14.10,0.00,1,16.91,4.61,0.5000
448687,-9.38,2.34,14.51,8,14.66,185,0.32,932,0.00,22.00,99,0,0.00,15,7.40,5.17,4.71,14.20,0.00,1,16.91,4.46,0.5000
448788,-8.59,2.34,14.51,8,14.66,185,0.32,932,0.00,22.00,99,0,0.00,15,7.55,5.13,4.71,14.20,0.00,1,16.91,4.46,0.5000
448890,-8.59,2.34,14.51,8,14.67,185,0.33,912,0.00,22.00,99,0,0.00,15,7.55,7.61,4.71,14.30,0.00,1,16.91,4.46,0.5000
448993,-8.59,2.34,14.51,8,14.67,185,0.33,902,0.00,22.00,99,0,0.00,15,7.69,5.07,4.71,14.40,0.00,1,16.91,4.46,0.5000
449095,-7.81,2.34,14.51,8,14.67,185,0.33,893,0.00,22.00,99,0,0.00,15,7.69,5.13,4.71,14.50,0.00,1,16.91,4.46,0.5000
449197,-7.03,2.34,14.51,8,14.67,185,0.33,887,0.00,22.00,99,0,0.00,15,7.84,5.15,4.71,15.50,0.00,1,16.91,4.46,0.5000
449297,-7.03,2.34,14.51,8,14.67,185,0.34,926,0.00,21.50,99,0,0.00,15,7.84,5.13,4.71,15.00,0.00,1,16.91,4.45,0.5000
449401,-7.03,2.34,14.51,8,14.66,185,0.33,967,0.00,17.00,99,0,0.00,15,7.69,4.97,4.71,15.10,0.00,1,16.91,4.46,0.5000
449502,-6.25,2.34,14.51,8,14.65,185,0.32,1007,0.00,15.50,99,0,0.00,15,7.55,5.07,4.71,15.20,0.00,1,16.91,4.46,0.5000
449605,-6.25,2.34,14.51,8,14.64,185,0.31,1056,0.00,13.50,99,0,0.00,15,7.40,5.13,4.71,15.20,0.00,1,16.91,4.61,0.5000
449707,-6.25,2.34,14.51,8,14.64,185,0.30,1059,0.00,12.50,99,0,0.00,15,7.11,5.22,4.71,15.20,0.00,1,16.91,4.61,0.5000
449809,-5.47,2.34,14.51,8,14.63,185,0.30,1049,0.00,12.50,99,0,0.00,15,7.11,7.61,4.71,15.10,0.00,1,16.91,4.32,0.5000
449911,-4.69,2.34,14.51,8,14.64,185,0.30,1030,0.00,14.50,99,0,0.00,15,6.82,4.91,4.31,15.10,0.00,1,16.91,4.17,0.5000
450012,-4.69,2.34,14.51,8,14.64,185,0.29,1032,0.00,16.00,99,0,0.00,15,6.82,4.80,4.31,15.10,0.00,1,16.91,4.17,0.5000
450115,-4.69,2.34,14.51,8,14.65,185,0.29,1012,0.00,17.00,99,0,0.00,15,6.67,4.80,4.31,15.20,0.00,1,16.91,4.17,0.5000
450217,-4.69,2.34,14.51,8,14.65,185,0.29,980,0.00,17.00,99,0,0.00,15,6.82,4.83,4.31,15.20,0.00,1,16.91,4.46,0.5000
450319,-4.69,2.34,14.51,8,14.66,185,0.29,962,0.00,19.00,99,0,0.00,15,6.96,5.05,4.71,15.20,0.00,1,16.91,4.61,0.5000
450421,-4.69,2.34,14.51,8,14.66,185,0.30,940,0.00,20.50,99,0,0.00,15,7.11,5.10,4.71,15.10,0.00,1,16.91,4.61,0.5000
450523,-4.69,2.34,14.51,8,14.66,185,0.31,917,0.00,20.50,99,0,0.00,15,7.25,5.07,4.71,15.00,0.00,1,16.91,4.61,0.5000
450625,-4.69,2.34,14.51,8,14.67,185,0.31,902,0.00,22.00,99,0,0.00,15,7.40,5.05,4.71,15.00,0.00,1,16.91,4.61,0.5000
450727,-4.69,2.34,14.51,8,14.67,185,0.32,890,0.00,22.00,99,0,0.00,15,7.55,4.94,4.71,14.70,0.00,1,16.91,4.46,0.5000
450829,-4.69,2.34,14.51,8,14.68,185,0.33,871,0.00,22.00,99,0,0.00,15,7.69,4.89,4.71,14.70,0.00,1,16.91,4.46,0.5000
450931,-3.91,2.34,14.51,8,14.68,185,0.33,838,0.00,22.00,99,0,0.00,15,7.84,5.32,5.49,14.80,0.00,1,16.91,5.19,0.5000
451033,-3.91,2.34,14.51,8,14.69,185,0.34,826,0.00,22.00,99,0,0.00,15,8.27,5.34,5.49,14.90,0.00,1,16.91,5.19,0.5000
451135,-3.91,2.34,14.51,8,14.69,185,0.36,809,0.00,22.00,99,0,0.00,15,8.56,5.41,5.49,14.90,0.00,1,16.91,5.19,0.5000
451237,-3.12,2.34,14.51,8,14.69,185,0.37,805,0.00,22.00,99,0,0.00,15,8.85,5.34,5.49,15.00,0.00,1,16.91,5.19,0.5000
451339,-2.34,2.34,14.51,8,14.69,185,0.38,814,0.00,22.00,99,0,0.00,15,9.14,5.32,5.49,15.10,0.00,1,16.91,5.04,0.5000
451441,-1.56,2.34,14.51,8,14.69,185,0.38,820,0.00,22.00,99,0,0.00,15,9.14,5.39,5.49,15.20,0.00,1,16.91,5.04,0.5000
451543,-1.56,2.34,14.51,8,14.69,185,0.39,815,0.00,22.00,99,0,0.00,15,9.29,5.43,5.49,15.30,0.00,1,16.91,5.04,0.5000
451645,-0.78,2.34,14.51,8,14.68,185,0.39,835,0.00,21.50,99,0,0.00,15,9.29,5.41,5.49,15.40,0.00,1,16.91,5.19,0.5000
451747,0.00,2.34,14.51,8,14.68,185,0.39,848,0.00,18.50,99,0,0.00,15,9.29,5.53,5.49,15.40,0.00,1,16.91,5.04,0.5000
451849,0.78,2.34,14.51,8,14.68,185,0.39,863,0.00,18.50,99,0,0.00,15,9.29,5.51,5.49,15.60,0.00,1,16.91,5.04,0.5000
451951,1.56,2.34,14.51,8,14.68,185,0.39,865,0.00,17.00,99,0,0.00,15,9.14,5.43,5.49,15.70,0.00,1,16.91,5.19,0.5000
452053,1.56,2.34,14.51,8,14.68,185,0.38,878,0.00,17.00,99,0,0.00,15,9.14,5.55,5.49,15.80,0.00,1,16.91,5.19,0.5000
452155,1.56,2.34,14.51,8,14.67,185,0.38,876,0.00,17.00,99,0,0.00,15,9.00,5.55,5.49,15.60,0.00,1,16.91,5.19,0.5000
452257,1.56,2.34,14.51,8,14.68,185,0.38,887,0.00,17.00,100,0,0.00,15,9.00,5.55,5.49,15.50,0.00,1,16.91,5.19,0.5000
452359,1.56,2.34,14.51,8,14.67,185,0.38,883,0.00,16.50,100,0,0.00,15,9.00,5.51,5.49,15.30,0.00,1,16.91,5.19,0.5000
452461,1.56,2.34,14.51,8,14.67,185,0.38,884,0.00,17.00,100,0,0.00,15,9.00,5.58,5.49,15.20,0.00,1,16.91,5.19,0.5000
452563,0.78,2.34,14.51,8,14.67,185,0.38,886,0.00,16.50,100,0,0.00,15,9.00,5.58,5.49,15.00,0.00,1,16.91,5.33,0.5000
452665,1.56,2.34,14.51,8,14.67,185,0.38,896,0.00,17.00,100,0,0.00,15,9.00,5.55,5.49,14.90,0.00,1,16.91,5.33,0.5000
452767,1.56,2.34,14.51,8,14.67,185,0.38,894,0.00,16.50,100,0,0.00,15,9.00,5.58,5.49,14.80,0.00,1,16.91,5.33,0.5000
452869,0.78,2.34,14.51,8,14.67,185,0.38,896,0.00,16.50,100,0,0.00,15,8.85,5.53,5.49,14.80,0.00,1,16.91,5.33,0.5000
452971,0.78,2.34,14.51,8,14.67,185,0.37,897,0.00,16.50,100,0,0.00,15,8.85,5.58,5.49,14.80,0.00,1,16.91,5.33,0.5000
453073,1.56,2.34,14.51,8,14.67,185,0.37,897,0.00,17.00,100,0,0.00,15,8.85,5.65,5.88,14.70,0.00,1,16.91,5.33,0.5000
453175,1.56,2.34,14.51,8,14.67,185,0.38,902,0.00,16.50,100,0,0.00,15,9.00,5.72,5.49,14.80,0.00,1,16.91,5.04,0.5000
453277,0.78,2.34,14.51,8,14.67,185,0.38,914,0.00,16.00,100,0,0.00,15,8.85,5.39,5.10,14.70,0.00,1,16.91,4.61,0.5000
453379,0.78,2.34,14.51,8,14.67,185,0.37,906,0.00,16.50,100,0,0.00,15,8.56,5.12,4.71,14.90,0.00,1,16.91,4.61,0.5000
453482,0.78,2.34,14.51,8,14.67,185,0.36,900,0.00,16.50,100,0,0.00,15,8.42,5.05,4.71,14.70,0.00,1,16.91,4.46,0.5000
453583,0.78,2.34,14.51,8,14.67,185,0.35,881,0.00,17.00,100,0,0.00,15,8.27,5.04,4.71,14.60,0.00,1,16.91,5.19,0.5000
453685,0.00,2.34,14.51,8,14.68,185,0.35,871,0.00,17.00,100,0,0.00,15,8.42,5.39,5.49,14.50,0.00,1,16.91,5.33,0.5000
453786,-0.78,2.34,14.51,8,14.68,185,0.36,849,0.00,19.00,100,0,0.00,15,8.71,5.62,5.49,14.40,0.00,1,16.91,5.33,0.5000
453889,-0.78,2.34,14.51,8,14.68,185,0.37,848,0.00,20.00,100,0,0.00,15,8.85,5.53,5.49,14.30,0.00,1,16.91,4.89,0.5000
453991,-0.78,2.34,14.51,8,14.68,185,0.38,838,0.00,19.00,100,0,0.00,15,8.85,5.36,4.71,14.20,0.00,1,16.91,4.61,0.5000
454093,0.00,2.34,14.51,8,14.68,185,0.38,851,0.00,18.00,100,0,0.00,15,8.71,5.27,4.71,14.20,0.00,1,16.91,4.46,0.5000
454195,0.78,2.34,14.51,8,14.68,185,0.38,854,0.00,17.00,100,0,0.00,15,8.56,5.15,4.71,14.30,0.00,1,16.91,4.46,0.5000
454297,0.78,2.34,14.51,8,14.68,185,0.37,848,0.00,17.50,100,0,0.00,15,8.56,5.15,4.71,14.50,0.00,1,16.91,4.46,0.5000
454399,0.00,2.34,14.51,8,14.68,185,0.37,840,0.00,18.00,100,0,0.00,15,8.56,4.99,4.71,14.30,0.00,1,16.91,4.46,0.5000
454501,0.00,2.34,14.51,8,14.69,185,0.37,830,0.00,18.50,100,0,0.00,15,8.42,5.10,4.71,15.00,0.00,1,16.91,4.46,0.5000
454603,-0.78,2.34,14.51,8,14.69,185,0.37,834,0.00,18.50,100,0,0.00,15,8.42,5.12,4.71,14.80,0.00,1,16.91,4.46,0.5000
454705,-0.78,2.34,14.51,8,14.69,185,0.37,834,0.00,18.00,100,0,0.00,15,8.42,5.10,4.71,14.60,0.00,1,16.91,4.32,0.5000
454807,-1.56,2.34,14.51,8,14.68,185,0.37,860,0.00,17.00,100,0,0.00,15,8.42,5.10,4.71,14.50,0.00,1,16.91,4.32,0.5000
454909,-1.56,2.34,14.51,8,14.68,185,0.36,864,0.00,16.50,100,0,0.00,15,8.56,5.12,4.71,14.40,0.00,1,16.91,4.32,0.5000
455011,-1.56,2.34,14.51,8,14.67,185,0.36,899,0.00,16.00,100,0,0.00,15,8.42,5.15,4.71,14.30,0.00,1,16.91,4.45,0.5000
455113,-1.56,2.34,14.51,8,14.67,185,0.35,906,0.00,14.50,100,0,0.00,15,8.42,5.22,4.71,14.20,0.00,1,16.91,4.46,0.5000
455215,-1.56,2.34,14.51,8,14.67,185,0.35,912,0.00,15.00,100,0,0.00,15,8.27,5.22,4.71,14.20,0.00,1,16.91,4.46,0.5000
455317,-1.56,2.34,14.51,8,14.67,185,0.35,903,0.00,14.50,100,0,0.00,15,8.13,5.07,4.71,14.30,0.00,1,16.91,4.46,0.5000
455419,-1.56,2.34,14.51,8,14.67,185,0.34,904,0.00,16.00,100,0,0.00,15,8.13,5.07,4.71,14.40,0.00,1,16.91,4.46,0.5000
455521,-1.56,2.34,14.51,8,14.67,185,0.34,876,0.00,16.50,100,0,0.00,15,8.13,5.05,4.71,14.50,0.00,1,16.91,4.46,0.5000
455623,-1.56,2.34,14.51,8,14.68,185,0.34,850,0.00,17.50,100,0,0.00,15,8.27,5.29,4.71,14.50,0.00,1,16.91,4.46,0.5000
455725,-1.56,2.34,14.51,8,14.69,185,0.35,819,0.00,19.00,100,0,0.00,15,8.27,5.22,4.71,14.50,0.00,1,16.91,4.46,0.5000
455827,-1.56,2.34,14.51,8,14.69,185,0.36,812,0.00,20.50,100,0,0.00,15,8.42,5.20,4.71,14.50,0.00,1,16.91,4.46,0.5000
455929,-1.56,2.34,14.51,8,14.69,185,0.37,798,0.00,21.00,100,0,0.00,15,8.56,5.17,4.71,14.50,0.00,1,16.91,4.32,0.5000
456031,-1.56,2.34,14.51,8,14.69,185,0.37,792,0.00,20.50,100,0,0.00,15,8.56,5.12,4.71,14.50,0.00,1,16.91,4.32,0.5000
456133,-1.56,2.34,14.51,8,14.69,185,0.38,785,0.00,21.50,100,0,0.00,15,8.71,5.17,4.71,14.60,0.00,1,16.91,4.32,0.5000
456235,-1.56,2.34,14.51,8,14.69,185,0.38,778,0.00,21.50,100,0,0.00,15,8.71,5.05,4.71,14.50,0.00,1,16.91,4.32,0.5000
456337,-1.56,2.34,14.51,8,14.69,185,0.39,775,0.00,21.00,100,0,0.00,15,8.71,5.10,4.71,14.60,0.00,1,16.91,4.32,0.5000
456440,-2.34,2.34,14.51,8,14.69,185,0.39,774,0.00,21.00,100,0,0.00,15,8.85,5.17,4.71,14.70,0.00,1,16.91,4.32,0.5000
456542,-2.34,2.34,14.51,8,14.69,185,0.39,784,0.00,19.50,100,0,0.00,15,8.85,5.10,4.71,14.60,0.00,1,16.91,4.32,0.5000
456643,-3.12,2.34,14.51,8,14.69,185,0.39,780,0.00,19.00,100,0,0.00,15,8.85,5.10,4.71,14.50,0.00,1,16.91,4.32,0.5000
456745,-3.12,2.34,14.51,8,14.69,185,0.39,798,0.00,18.50,100,0,0.00,15,8.85,4.99,4.71,14.40,0.00,1,16.91,4.32,0.5000
456847,-3.12,2.34,14.51,8,14.69,185,0.39,794,0.00,18.00,100,0,0.00,15,8.85,4.97,4.71,14.40,0.00,1,16.91,4.32,0.5000
456949,-3.12,2.34,14.51,8,14.69,185,0.38,819,0.00,17.00,100,0,0.00,15,8.85,5.27,5.10,14.40,0.00,1,16.91,5.19,0.5000
457051,-3.12,2.34,14.51,8,14.68,185,0.38,862,0.00,16.50,100,0,0.00,15,9.14,5.53,5.49,14.30,0.00,1,16.91,5.04,0.5000
457154,-3.12,2.34,14.51,8,14.68,185,0.38,875,0.00,13.50,100,0,0.00,15,9.14,5.55,5.49,14.20,0.00,1,16.91,5.19,0.5000
457255,-3.12,2.34,14.51,8,14.67,185,0.38,897,0.00,13.50,100,0,0.00,15,9.14,5.62,5.49,14.30,0.00,1,16.91,5.33,0.5000
457358,-2.34,2.34,14.51,8,14.67,185,0.38,924,0.00,18.00,100,0,0.00,15,9.00,5.72,5.49,14.30,0.00,1,18.68,6.20,0.5000
457459,-0.78,2.34,14.51,8,14.65,185,0.38,980,0.00,20.50,100,0,0.00,15,9.58,5.77,7.45,15.70,0.00,1,21.42,8.67,0.5000
457561,1.56,2.34,14.51,8,14.64,185,0.42,1084,0.00,24.50,100,0,0.00,15,11.17,10.64,12.94,15.20,0.00,1,25.50,12.31,0.5000
457664,3.91,0.78,14.51,8,14.60,185,0.48,1250,0.00,28.00,100,0,0.00,15,11.90,10.72,12.94,15.50,0.00,1,30.22,12.17,0.5000
457765,4.69,0.78,14.51,8,14.59,185,0.49,1340,0.00,31.00,100,0,0.00,15,11.75,11.47,12.55,15.60,0.00,1,32.77,11.87,0.5000
457867,10.94,0.78,14.51,8,14.59,185,0.13,1352,0.00,32.50,100,0,0.00,15,11.61,11.49,12.55,15.90,0.00,1,33.72,11.87,0.5000
457970,16.41,0.78,14.51,8,14.59,185,0.50,1368,0.00,33.00,100,0,0.00,15,11.46,12.21,12.55,16.60,0.00,1,34.11,11.87,0.5000
458072,16.41,0.78,14.51,8,14.59,185,0.52,1393,0.00,34.50,100,0,0.00,15,11.46,12.85,12.55,16.60,0.00,1,35.44,11.87,0.5000
458174,14.06,0.78,14.51,8,14.59,185,0.53,1419,0.00,35.50,100,0,0.00,15,11.32,12.42,12.55,16.00,0.00,1,36.96,11.87,0.5000
458275,10.94,0.78,14.51,8,14.59,185,0.53,1452,0.00,35.50,100,0,0.00,15,11.17,12.36,11.76,15.30,0.00,1,36.75,11.30,0.5000
458378,8.59,0.78,14.51,8,14.59,185,0.52,1432,0.00,35.00,100,0,0.00,15,10.30,9.13,7.45,14.20,0.00,1,34.24,7.22,0.5000
458480,4.69,0.00,14.51,8,14.59,185,0.46,1374,0.00,31.00,100,0,0.00,15,9.29,8.61,7.45,13.90,0.00,1,30.93,6.93,0.5000
458582,3.91,0.00,14.51,8,14.60,185,0.42,1306,0.00,28.50,100,0,0.00,15,8.42,6.74,5.88,13.50,0.00,1,26.56,4.89,0.5000
458684,3.12,0.00,14.51,8,14.60,185,0.38,1216,0.00,23.50,100,0,0.00,15,7.69,5.74,4.31,13.30,0.00,1,22.57,4.03,0.5000
458786,2.34,0.00,14.51,8,14.63,185,0.35,1095,0.00,20.50,100,0,0.00,15,7.55,5.55,4.31,13.30,0.00,1,19.88,4.46,0.5000
458887,1.56,0.00,14.51,8,14.65,185,0.34,998,0.00,24.00,100,0,0.00,15,7.55,5.67,4.71,13.20,0.00,1,18.60,4.61,0.5000
458990,0.78,0.00,14.51,8,14.66,185,0.34,932,0.00,23.00,100,0,0.00,15,7.55,5.67,4.71,13.20,0.00,1,17.58,4.46,0.5000
459092,0.00,0.00,14.51,8,14.67,185,0.35,888,0.00,22.00,100,0,0.00,15,7.69,5.41,4.31,13.20,0.00,1,16.91,4.03,0.5000
459193,0.00,0.00,14.51,8,14.68,185,0.36,840,0.00,22.00,100,0,0.00,15,7.69,5.34,4.31,13.20,0.00,1,16.91,4.03,0.5000
459296,-0.78,0.00,14.51,8,14.69,185,0.36,817,0.00,22.00,100,0,0.00,15,7.98,5.41,4.71,13.30,0.00,1,16.91,4.32,0.5000
459398,-1.56,0.00,14.51,8,14.69,185,0.37,807,0.00,22.00,100,0,0.00,15,8.27,5.29,4.71,13.40,0.00,1,16.91,4.32,0.5000
459500,-2.34,0.78,14.51,8,14.69,185,0.38,795,0.00,22.00,100,0,0.00,15,8.56,5.41,4.71,13.40,0.00,1,16.91,4.32,0.5000
459602,-3.12,2.34,14.51,8,14.69,185,0.39,801,0.00,22.00,100,0,0.00,15,8.71,5.31,4.31,13.30,0.00,1,16.91,4.03,0.5000
459704,-3.12,2.34,14.51,8,14.69,185,0.39,813,0.00,22.00,100,0,0.00,15,8.71,5.27,4.31,13.40,0.00,1,16.91,4.03,0.5000
459806,-3.12,2.34,14.51,8,14.69,185,0.39,803,0.00,22.00,100,0,0.00,15,8.71,5.24,4.31,13.50,0.00,1,16.91,4.03,0.5000
459908,-3.12,2.34,14.51,8,14.69,185,0.39,804,0.00,22.00,100,0,0.00,15,8.71,5.20,4.71,13.50,0.00,1,16.91,4.32,0.5000
460010,-3.12,2.34,14.51,8,14.69,185,0.39,792,0.00,21.50,100,0,0.00,15,8.71,5.36,4.71,13.80,0.00,1,16.91,4.33,0.5000
460112,-3.12,2.34,14.51,8,14.69,185,0.39,791,0.00,22.00,100,0,0.00,15,8.71,5.34,4.71,13.90,0.00,1,16.91,4.32,0.5000
460214,-3.91,2.34,14.51,8,14.69,185,0.40,787,0.00,22.00,100,0,0.00,15,8.71,5.29,4.71,14.00,0.00,1,16.91,4.32,0.5000
460316,-3.91,2.34,14.51,8,14.69,185,0.40,788,0.00,21.00,100,0,0.00,15,8.71,5.24,4.71,14.10,0.00,1,16.91,4.32,0.5000
460418,-4.69,2.34,14.51,8,14.69,185,0.40,783,0.00,21.50,100,0,0.00,15,8.71,5.29,4.71,14.00,0.00,1,16.91,4.32,0.5000
460520,-4.69,2.34,14.51,8,14.69,185,0.40,796,0.00,20.00,100,0,0.00,15,8.71,5.22,4.71,14.00,0.00,1,16.91,4.32,0.5000
460622,-5.47,2.34,14.51,8,14.69,185,0.40,793,0.00,19.50,100,0,0.00,15,8.71,5.22,4.71,14.10,0.00,1,16.91,4.32,0.5000
460724,-5.47,2.34,14.51,8,14.69,185,0.40,797,0.00,20.00,100,0,0.00,15,8.85,5.12,4.71,14.00,0.00,1,16.91,4.32,0.5000
460826,-5.47,2.34,14.51,8,14.69,185,0.39,784,0.00,20.00,100,0,0.00,15,8.85,5.24,4.71,14.00,0.00,1,16.91,4.32,0.5000
460928,-5.47,2.34,14.51,8,14.69,185,0.40,785,0.00,18.50,100,0,0.00,15,8.85,5.27,4.71,14.10,0.00,1,16.91,5.04,0.5000
461030,-6.25,2.34,14.51,8,14.69,185,0.40,810,0.00,18.50,100,0,0.00,15,9.14,5.46,5.49,14.10,0.00,1,16.91,5.04,0.5000
461133,-6.25,2.34,14.51,8,14.69,185,0.40,814,0.00,17.00,100,0,0.00,15,9.29,5.60,5.49,14.10,0.00,1,17.20,5.04,0.5000
461234,-5.47,2.34,14.51,8,14.69,185,0.40,802,0.00,18.50,100,0,0.00,15,9.43,7.17,7.45,14.20,0.00,1,19.71,8.82,0.5000
461335,-3.91,2.34,14.51,8,14.68,185,0.45,815,0.00,21.00,100,0,0.00,15,12.19,11.16,13.73,14.40,0.00,1,23.68,13.76,0.5000
461438,-1.56,0.78,14.51,8,14.63,185,0.55,948,0.00,27.50,100,0,0.50,15,13.06,10.56,14.51,14.00,0.00,1,28.30,13.76,0.5000
461540,-5.47,0.78,14.51,8,14.61,185,0.58,1154,0.00,28.50,100,0,0.50,15,13.06,10.41,14.51,14.90,0.00,1,30.63,12.89,0.5000
461643,-5.47,0.78,14.51,8,14.60,185,0.55,1264,0.00,11.50,100,0,0.00,15,12.48,11.30,13.73,14.30,0.00,1,33.31,13.03,0.5000
461744,1.56,0.78,14.51,8,14.60,185,0.55,1225,0.00,21.50,100,0,0.00,15,12.48,12.54,13.73,15.10,0.00,1,32.65,13.18,0.5000
461845,10.16,0.78,14.51,8,14.60,185,0.57,1228,0.00,31.50,100,0,0.50,15,12.48,12.83,13.73,16.40,0.00,1,32.34,13.19,0.5000
461948,14.84,0.78,14.51,8,14.60,185,0.58,1337,0.00,32.50,100,0,0.50,15,12.33,12.94,13.73,17.20,0.00,1,34.21,13.04,0.5000
462051,12.50,0.78,14.51,8,14.59,185,0.58,1410,0.00,35.00,100,0,0.50,15,12.04,13.23,13.73,16.80,0.00,1,36.63,12.89,0.5000
462152,7.81,0.78,14.51,8,14.59,187,0.57,1458,0.00,36.50,100,0,0.00,15,11.90,14.12,13.73,15.50,0.00,1,38.27,13.04,0.5000
462254,6.25,0.78,14.51,8,14.58,187,0.57,1492,0.00,37.50,100,0,0.50,15,11.75,14.74,13.73,13.60,0.00,1,38.33,13.04,0.5000
462356,6.25,0.78,14.51,8,14.58,187,0.58,1511,0.00,37.00,102,0,0.50,15,11.75,14.99,13.73,14.20,0.00,1,38.76,13.04,0.5000
462458,5.47,0.78,14.51,8,14.58,187,0.59,1509,0.00,37.50,102,0,0.50,15,11.61,15.08,13.73,14.20,0.00,1,38.95,12.89,0.5000
462560,3.91,0.78,14.51,8,14.58,187,0.59,1538,0.00,37.50,102,0,0.50,15,11.61,14.89,13.73,14.10,0.00,1,38.96,12.75,0.5000
462662,2.34,0.78,14.51,8,14.58,187,0.59,1540,0.00,38.50,102,0,0.50,15,11.17,14.75,12.16,13.90,0.00,1,39.87,11.87,0.5000
462764,0.00,0.78,14.51,8,14.58,187,0.58,1564,0.00,39.00,102,0,0.50,15,11.17,14.93,12.55,13.90,0.00,1,39.88,12.02,0.5000
462866,-0.78,0.78,14.51,8,14.58,187,0.58,1577,0.00,39.00,102,0,0.50,15,11.17,15.04,12.55,13.70,0.00,1,40.18,11.87,0.5000
462968,-1.56,0.78,14.51,8,14.58,187,0.58,1579,0.00,39.50,102,0,0.50,15,11.03,15.27,12.55,13.90,0.00,1,40.95,11.87,0.5000
463070,-2.34,0.78,14.51,8,14.58,187,0.58,1601,0.00,40.00,102,0,0.50,15,11.03,16.17,12.55,14.00,0.00,1,40.97,12.60,0.5000
463172,-3.12,0.78,14.51,8,14.58,187,0.59,1640,0.00,39.50,102,0,0.50,15,11.46,17.38,14.51,14.10,0.00,1,40.58,13.76,0.5000
463274,-0.78,0.78,14.51,8,14.58,187,0.61,1683,0.00,39.00,102,1,0.50,15,11.46,17.37,14.51,14.30,0.00,1,40.46,13.76,0.5000
463376,0.00,0.78,14.51,8,14.58,187,0.61,1730,0.00,39.50,102,1,0.50,15,11.46,17.47,14.51,14.20,0.00,1,40.88,13.76,0.5000
463478,-0.78,0.78,14.51,8,14.58,187,0.61,1748,0.00,40.00,102,1,0.50,15,11.32,17.87,14.51,14.70,0.00,1,41.36,13.91,0.5000
463580,0.00,0.78,14.51,8,14.58,187,0.61,1778,0.00,40.00,102,1,0.50,15,11.32,18.75,14.90,14.60,0.00,1,41.57,14.34,0.5000
463683,0.78,0.78,14.51,8,14.57,187,0.62,1830,0.00,40.00,102,2,0.50,15,11.61,19.65,16.08,14.30,0.00,1,41.16,15.22,0.5000
463784,2.34,0.78,14.51,8,14.57,187,0.63,1867,0.00,39.50,102,2,0.50,15,11.61,19.98,16.08,14.80,0.00,1,41.12,15.22,0.5000
463886,3.12,0.78,14.51,8,14.57,187,0.64,1908,0.00,40.00,102,2,0.00,15,11.61,20.22,15.69,15.10,0.00,1,41.45,15.07,0.5000
463988,2.34,0.78,14.51,8,14.57,187,0.63,1930,0.00,40.00,102,2,0.00,15,11.61,21.45,16.08,15.00,0.00,1,41.86,15.94,0.5000
464090,3.12,0.78,14.51,8,14.57,187,0.64,1990,0.00,40.00,102,2,0.00,15,11.90,21.98,17.65,14.50,0.00,1,41.60,16.74,0.5000
464192,4.69,0.78,14.51,8,14.57,187,0.66,2039,0.00,39.50,102,2,0.00,15,12.19,22.75,18.43,14.30,0.00,1,41.34,17.69,0.5000
464295,6.25,0.78,14.51,8,14.57,187,0.67,2076,0.00,39.50,102,3,0.00,15,12.33,23.59,18.43,15.00,0.00,1,41.18,17.69,0.5000
464396,7.03,0.78,14.51,8,14.57,187,0.67,2136,0.00,39.50,102,3,0.00,15,12.33,24.21,18.43,15.10,0.00,1,41.20,17.69,0.5000
464499,6.25,0.78,14.51,8,14.56,187,0.67,2204,0.00,39.50,102,3,0.00,15,12.19,24.46,18.43,15.00,0.00,1,41.18,17.54,0.5000
464600,6.25,0.78,14.51,8,14.57,187,0.66,2258,0.00,39.50,102,4,0.00,15,12.04,25.08,18.43,14.50,0.00,1,41.32,17.54,0.5000
464702,5.47,0.78,14.51,8,14.57,187,0.66,2284,0.00,39.50,102,4,0.00,15,11.90,25.21,18.43,14.40,0.00,1,41.41,17.54,0.5000
464804,6.25,0.78,14.51,8,14.57,187,0.66,2332,0.00,39.50,102,4,0.00,15,11.75,26.20,18.43,14.40,0.00,1,41.29,17.54,0.5000
464906,6.25,0.78,14.51,8,14.57,187,0.66,2372,0.00,39.50,102,4,0.00,15,11.61,26.58,18.43,14.40,0.00,1,41.36,17.54,0.5000
465009,7.03,0.78,14.51,8,14.56,187,0.66,2406,0.00,39.50,102,5,0.00,15,11.46,27.07,18.43,14.50,0.00,6,41.30,17.69,0.5000
465110,7.03,0.78,14.51,8,14.55,187,0.66,2464,0.00,39.50,102,6,0.00,15,11.46,27.56,18.43,14.30,0.00,6,41.23,17.69,0.5000
465213,7.03,0.78,14.51,8,14.55,187,0.67,2463,0.00,24.50,102,6,0.00,15,11.46,27.69,18.43,14.50,0.00,6,41.05,17.69,0.5000
465315,7.03,0.78,14.51,8,14.56,187,0.69,2276,0.00,23.50,102,7,0.00,15,11.75,26.93,18.43,14.40,0.00,1,40.11,17.69,0.5000
465417,5.47,0.78,14.51,8,14.56,187,0.72,2124,0.00,29.00,102,8,0.00,15,12.19,26.41,18.43,14.40,0.00,1,39.50,17.69,0.5000
465519,2.34,0.78,14.51,8,14.56,187,0.74,2063,0.00,38.00,102,9,0.50,15,12.48,25.90,18.43,14.30,0.00,1,39.14,17.69,0.5000
465621,1.56,0.78,14.51,8,14.56,187,0.75,2027,0.00,37.50,102,9,0.50,15,12.62,25.51,18.82,13.90,0.00,1,38.76,17.83,0.5000
465723,-0.78,0.78,14.51,8,14.56,187,0.75,1996,0.00,37.50,102,9,1.00,15,12.91,25.85,19.22,13.90,0.00,1,38.27,18.27,0.5000
465825,-1.56,0.78,14.51,8,14.56,187,0.77,1977,0.00,37.00,102,10,1.00,15,13.20,26.43,19.61,13.90,0.00,1,38.00,19.02,0.5000
465927,-0.78,0.78,14.51,8,14.56,187,0.78,2015,0.00,37.00,102,11,1.00,15,13.49,26.76,21.18,14.00,0.00,1,37.63,20.15,0.5000
466028,0.00,0.78,14.51,8,14.56,187,0.79,2026,0.00,37.00,102,11,1.00,15,13.64,27.45,21.96,14.30,0.00,1,37.75,21.17,0.5000
466130,0.78,0.78,14.51,8,14.56,187,0.80,2069,0.00,37.00,102,11,1.00,15,13.78,28.04,22.35,14.50,0.00,1,37.66,21.61,0.5000
466233,0.78,0.78,14.51,8,14.56,187,0.81,2078,0.00,37.00,102,12,1.00,15,13.78,28.40,22.75,14.90,0.00,1,37.81,21.90,0.5000
466334,1.56,0.78,14.51,8,14.56,187,0.81,2119,0.00,37.00,102,12,1.00,15,13.78,28.28,23.14,14.90,0.00,1,37.95,21.76,0.5000
466436,1.56,0.78,14.51,8,14.56,187,0.80,2121,0.00,37.50,102,13,1.00,15,13.78,29.01,22.75,14.40,0.00,1,38.19,21.76,0.5000
466539,1.56,0.78,14.51,8,14.56,187,0.81,2152,0.00,37.00,102,13,1.00,15,13.78,29.03,22.75,14.60,0.00,1,38.31,21.76,0.5000
466640,1.56,0.78,14.51,8,14.56,187,0.81,2170,0.00,37.50,102,14,1.00,15,13.78,29.15,22.75,15.20,0.00,1,38.28,21.76,0.5000
466743,1.56,0.78,14.51,8,14.56,187,0.81,2166,0.00,37.50,102,14,1.00,15,13.78,29.64,22.75,14.60,0.00,1,38.48,21.76,0.5000
466845,2.34,0.78,14.51,8,14.56,187,0.81,2188,0.00,37.50,102,15,1.00,15,14.07,32.26,23.92,14.50,0.00,1,38.37,25.38,0.5000
466947,4.69,0.78,14.51,8,14.56,187,0.85,2241,0.00,37.00,102,15,1.00,15,14.80,33.21,29.80,14.70,0.00,2,37.73,29.02,0.5000
467049,6.25,0.78,14.51,8,14.56,187,0.87,2289,0.00,37.50,102,15,1.00,15,14.80,33.96,31.37,14.90,0.00,2,37.91,30.18,0.5000
467151,7.81,0.78,14.51,8,14.56,187,0.88,2326,0.00,37.50,102,15,1.00,15,14.95,35.39,32.55,14.70,0.00,2,37.84,31.06,0.5000
467252,8.59,0.78,14.51,8,14.56,187,0.90,2358,0.00,37.00,102,15,1.50,15,15.09,35.69,32.94,14.90,0.00,2,37.58,31.34,0.5000
467355,9.38,0.78,14.51,8,14.56,187,0.90,2394,0.00,37.00,102,15,1.00,15,15.09,36.29,34.12,14.50,0.00,2,37.76,32.51,0.5000
467456,10.94,0.78,14.51,8,14.56,187,0.91,2428,0.00,37.00,102,16,1.00,15,15.24,37.50,34.12,14.70,0.00,7,37.78,32.51,0.5000
467559,10.94,0.78,14.51,8,14.55,187,0.92,2455,0.00,37.00,102,16,1.00,15,15.24,38.10,34.12,14.60,0.00,7,37.73,32.51,0.5000
467660,10.94,0.78,14.51,8,14.54,187,0.93,2481,0.00,37.00,102,17,1.00,15,15.38,39.28,34.12,14.30,0.00,7,37.69,32.36,0.5000
467763,10.94,0.78,14.51,8,14.53,187,0.94,2490,0.00,37.00,102,18,1.00,15,15.38,39.99,34.12,14.40,0.00,7,37.63,32.51,0.5000
467866,9.38,0.00,14.51,8,14.52,187,0.95,2542,0.00,37.00,102,18,1.50,15,15.53,40.71,34.12,14.20,0.00,7,37.51,32.51,0.5000
467968,8.59,0.00,14.51,8,14.52,187,0.96,2566,0.00,37.00,100,19,1.00,15,15.53,41.07,34.12,14.20,0.00,7,37.64,32.51,0.5000
468069,7.03,0.00,14.51,8,14.51,187,0.96,2577,0.00,37.00,100,19,1.00,15,15.67,41.55,34.12,14.30,0.00,7,37.79,32.51,0.5000
468172,5.47,0.00,14.51,8,14.51,187,0.96,2613,0.00,37.00,100,20,1.00,15,15.67,42.02,34.12,14.10,0.00,7,37.66,32.51,0.5000
468273,3.91,0.00,14.51,8,14.50,187,0.96,2612,0.00,37.00,100,19,1.00,15,15.67,42.38,34.12,13.90,0.00,7,37.83,32.51,0.5000
468375,3.91,0.00,14.51,8,14.49,187,0.97,2657,-2.00,37.50,100,19,-1.00,16,15.82,43.10,34.12,14.10,0.00,7,37.80,32.51,0.5000
468477,3.91,0.00,14.51,8,14.49,187,0.97,2662,-2.00,35.00,100,19,-1.00,16,15.96,43.46,34.12,14.30,0.00,7,37.97,32.51,0.5000
468579,3.12,0.00,14.51,8,14.48,187,0.98,2701,-2.00,35.50,100,18,-1.00,16,15.96,44.19,34.12,14.50,0.00,7,37.81,32.37,0.5000
468681,2.34,0.00,14.51,8,14.48,187,0.98,2698,-2.00,35.00,100,17,-1.00,16,15.96,43.94,33.73,14.20,0.00,7,38.06,32.22,0.5000
468784,2.34,0.00,14.51,8,14.48,187,0.98,2749,-2.00,35.50,100,15,-1.00,16,15.96,44.55,33.33,14.20,0.00,7,38.33,31.49,0.5000
468885,2.34,0.00,14.51,8,14.46,187,0.97,2777,-2.00,35.50,100,14,-1.00,16,16.11,44.54,32.94,14.30,0.00,7,38.39,31.64,0.5000
468988,2.34,0.00,14.51,8,14.46,187,0.97,2786,-2.00,36.00,100,12,-1.50,16,16.11,45.39,33.33,14.40,0.00,7,38.64,31.63,0.5000
469089,2.34,0.00,14.51,8,14.46,187,0.97,2823,-2.00,35.50,100,10,-1.50,16,16.25,45.63,33.33,14.30,0.00,7,38.69,31.93,0.5000
469192,2.34,0.00,14.51,8,14.46,187,0.96,2869,-2.00,36.00,100,8,-1.50,16,16.25,45.99,33.33,14.40,0.00,7,38.80,31.78,0.5000
469294,3.12,0.00,14.51,8,14.47,187,0.97,2898,-2.00,36.00,100,6,-1.50,16,16.25,46.35,33.33,14.40,0.00,7,38.75,31.49,0.5000
469395,3.91,0.00,14.51,8,14.47,187,0.97,2921,-2.00,36.00,100,6,-1.50,16,16.40,47.20,33.33,14.50,0.00,7,38.74,31.49,0.5000
469498,3.91,0.00,14.51,8,14.48,187,0.97,2947,-2.00,36.00,100,5,-1.50,16,16.40,47.56,32.94,14.60,0.00,7,38.70,31.49,0.5000
469599,4.69,0.00,14.51,8,14.48,187,0.97,2974,-2.00,36.00,100,5,-1.50,16,16.40,47.80,32.94,14.50,0.00,7,38.70,31.35,0.5000
469701,5.47,0.00,14.51,8,14.48,187,0.97,2988,-2.00,36.00,100,4,-1.50,16,16.54,48.28,32.94,14.80,0.00,7,38.62,31.50,0.5000
469804,6.25,0.00,14.51,8,14.48,187,0.97,3007,-2.00,36.00,99,4,-1.00,16,16.54,48.86,32.94,14.60,0.00,7,38.61,31.20,0.5000
469906,7.03,0.00,14.51,8,14.49,187,0.97,3017,-2.00,36.00,99,4,-1.00,16,16.69,50.06,32.94,14.50,0.00,7,38.42,31.20,0.5000
470008,7.03,0.00,14.51,8,14.47,187,0.99,2890,-2.00,20.50,99,5,-1.00,16,16.69,48.52,32.94,14.60,0.00,8,37.41,31.20,0.5000
470110,4.69,0.00,14.51,8,14.48,187,1.03,2695,-2.00,23.50,99,5,-0.50,16,17.12,47.55,32.94,14.50,0.00,8,35.69,31.20,0.5000
470212,3.91,0.00,14.51,8,14.50,187,1.04,2622,-1.94,33.50,99,5,0.00,17,16.98,45.01,32.55,14.00,0.00,8,35.63,31.06,0.5000
470313,1.56,0.00,14.51,8,14.51,187,1.03,2587,-1.86,34.00,99,5,0.00,17,16.98,44.29,32.55,14.00,0.00,8,35.40,31.06,0.5000
470416,1.56,0.00,14.51,8,14.52,187,1.04,2550,-1.80,33.50,99,5,0.00,17,16.98,43.44,32.55,14.00,0.00,8,35.26,31.06,0.5000
470518,1.56,0.00,14.51,8,14.52,187,1.04,2518,-1.73,34.00,99,5,0.00,17,16.98,43.20,32.94,14.20,0.00,8,35.22,31.49,0.5000
470620,2.34,0.00,14.51,8,14.52,187,1.03,2536,-1.66,34.00,99,5,0.00,17,16.83,41.00,32.94,14.40,0.00,8,35.42,31.35,0.5000
470722,2.34,0.00,14.51,8,14.53,187,1.03,2536,-1.59,34.00,99,5,0.00,17,16.83,42.83,32.94,14.50,0.00,8,35.59,31.35,0.5000
470824,2.34,0.00,14.51,8,14.53,187,1.02,2522,-1.52,34.50,99,6,0.00,17,16.69,43.07,32.94,14.50,0.00,8,35.85,31.35,0.5000
470926,2.34,0.00,14.51,8,14.52,187,1.02,2526,-1.46,34.50,99,6,0.50,17,16.69,43.19,32.94,14.50,0.00,8,35.76,31.35,0.5000
471028,2.34,0.00,14.51,8,14.52,187,1.02,2547,-1.38,35.00,97,6,0.50,19,16.54,42.83,32.94,14.50,0.00,8,35.85,31.35,0.5000
471130,2.34,0.00,14.51,8,14.52,187,1.02,2534,-1.31,35.00,97,7,0.50,19,16.54,42.71,32.94,14.50,0.00,8,36.20,31.35,0.5000
471231,2.34,0.00,14.51,8,14.52,187,1.01,2539,-1.25,35.50,97,7,0.50,19,16.54,42.95,32.94,14.40,0.00,8,36.29,31.35,0.5000
471334,3.12,0.00,14.51,8,14.52,187,1.01,2565,-1.18,35.50,97,7,0.50,19,16.54,43.31,32.94,14.40,0.00,8,36.38,31.35,0.5000
471436,3.12,0.00,14.51,8,14.52,187,1.01,2551,-1.10,35.50,97,7,0.50,19,16.54,43.19,32.94,14.30,0.00,8,36.56,31.35,0.5000
471538,2.34,0.00,14.51,8,14.51,187,1.01,2558,-1.03,36.00,97,8,0.50,19,16.40,42.82,32.94,14.40,0.00,8,36.54,31.35,0.5000
471640,2.34,0.00,14.51,8,14.52,187,1.00,2582,-0.97,36.00,97,8,0.50,19,16.40,43.30,32.94,14.50,0.00,8,36.56,31.35,0.5000
471742,1.56,0.00,14.51,8,14.52,187,1.01,2569,-0.90,36.00,97,8,0.50,19,16.40,43.30,32.94,14.40,0.00,8,36.61,31.35,0.5000
471844,1.56,0.00,14.51,8,14.51,187,1.01,2596,-0.82,36.00,97,9,0.50,19,16.40,43.06,32.94,14.30,0.00,8,36.70,31.35,0.5000
471946,1.56,0.00,14.51,8,14.51,187,1.00,2600,-0.75,36.00,97,9,0.50,19,16.40,43.42,32.94,14.20,0.00,8,36.88,31.35,0.5000
472048,0.78,0.00,14.51,8,14.51,187,1.00,2586,-0.69,36.50,97,9,1.00,20,16.40,45.86,32.94,14.20,0.00,8,36.68,31.35,0.5000
472150,0.78,0.00,14.51,8,14.51,187,1.00,2610,-0.62,36.50,97,9,1.00,21,16.40,43.54,32.94,14.30,0.00,8,36.78,31.35,0.5000
472252,0.78,0.00,14.51,8,14.50,187,1.00,2592,-0.54,36.50,97,10,1.00,21,16.40,44.14,32.94,14.50,0.00,8,36.76,31.35,0.5000
472355,0.78,0.00,14.51,8,14.50,187,1.01,2622,-0.47,36.50,95,10,1.00,21,16.40,43.54,32.94,14.50,0.00,8,36.62,31.35,0.5000
472457,0.00,0.00,14.51,8,14.51,187,1.00,2610,-0.40,36.50,95,10,1.00,21,16.40,44.14,32.94,14.30,0.00,8,36.97,31.35,0.5000
472559,0.00,0.00,14.51,8,14.50,187,1.00,2630,-0.33,37.00,95,10,1.00,21,16.40,43.89,32.94,14.30,0.00,8,36.88,31.35,0.5000
472661,0.00,0.00,14.51,8,14.50,187,1.00,2613,-0.26,37.00,95,10,1.00,21,16.40,43.53,32.94,14.40,0.00,8,37.16,31.35,0.5000
472763,0.00,0.00,14.51,8,14.50,187,1.00,2639,-0.18,37.50,95,10,1.00,21,16.40,43.89,32.94,14.40,0.00,8,37.07,31.35,0.5000
472865,0.00,0.00,14.51,8,14.50,187,1.00,2623,-0.11,37.00,95,9,1.50,21,16.54,44.49,34.12,14.50,0.00,8,36.94,32.51,0.5000
472967,0.00,0.00,14.51,8,14.50,187,1.01,2651,-0.04,37.50,95,9,1.50,21,16.54,44.49,34.12,14.50,0.00,8,36.74,32.51,0.5000
473069,0.00,0.00,14.51,8,14.50,187,1.01,2653,0.00,37.00,95,8,1.50,21,16.54,44.37,34.12,14.40,0.00,8,36.96,32.51,0.5000
473171,0.00,0.00,14.51,8,14.49,187,1.01,2630,0.00,37.50,95,7,1.50,21,16.54,43.89,34.12,14.30,0.00,8,36.65,32.51,0.5000
473273,0.00,0.00,14.51,8,14.51,187,1.01,2615,0.00,37.00,95,7,1.50,21,16.54,44.12,34.12,14.40,0.00,8,36.69,32.51,0.5000
473375,0.00,0.00,14.51,8,14.51,187,1.01,2592,0.00,37.00,95,6,1.50,21,16.54,43.64,34.12,14.50,0.00,8,36.39,32.51,0.5000
473477,0.00,0.00,14.51,8,14.51,187,1.02,2612,0.00,37.00,95,5,1.50,21,16.54,44.36,34.12,14.50,0.00,8,36.35,32.51,0.5000
473579,-0.78,0.00,14.51,8,14.51,187,1.02,2598,0.00,37.00,93,5,1.50,21,16.69,44.48,34.12,14.30,0.00,8,36.32,32.51,0.5000
473681,-1.56,0.00,14.51,8,14.50,187,1.02,2618,0.00,37.00,93,4,1.50,21,16.54,44.00,34.12,14.30,0.00,8,36.53,32.51,0.5000
473783,-0.78,0.00,14.51,8,14.51,187,1.01,2598,0.00,37.00,93,4,1.50,21,16.54,41.08,34.12,14.30,0.00,8,36.86,32.51,0.5000
473885,-0.78,0.00,14.51,8,14.50,187,1.00,2619,0.00,37.50,93,3,1.50,21,16.54,43.64,34.12,14.50,0.00,8,36.84,32.51,0.5000
473987,-0.78,0.00,14.51,8,14.51,187,1.00,2617,0.00,37.50,93,3,1.50,21,16.54,43.27,34.12,14.60,0.00,8,36.90,32.51,0.5000
474089,-0.78,0.00,14.51,8,14.51,187,1.00,2594,0.00,37.50,93,3,1.50,21,16.54,43.27,34.12,14.40,0.00,8,36.92,32.51,0.5000
474191,-0.78,0.00,14.51,8,14.51,187,1.00,2612,0.00,37.50,93,3,1.50,21,16.69,45.83,34.12,14.40,0.00,8,36.91,32.51,0.5000
474294,0.00,0.00,14.51,8,14.51,187,1.00,2590,0.00,37.50,93,3,1.50,21,16.54,43.63,34.12,14.40,0.00,8,36.68,32.51,0.5000
474395,-0.78,0.00,14.51,8,14.51,187,1.01,2610,0.00,37.50,93,3,1.50,21,16.54,43.27,34.12,14.50,0.00,8,36.66,32.51,0.5000
474497,-1.56,0.00,14.51,8,14.51,187,1.00,2590,0.00,37.50,93,3,1.50,21,16.54,43.15,34.12,14.40,0.00,8,36.95,32.51,0.5000
474599,-0.78,0.00,14.51,8,14.50,187,1.00,2595,0.00,37.50,93,3,1.50,21,16.54,43.75,34.12,14.50,0.00,8,36.96,32.51,0.5000
474701,-0.78,0.00,14.51,8,14.51,187,1.00,2620,0.00,37.50,93,4,1.50,21,16.54,41.19,34.12,14.50,0.00,8,37.06,32.51,0.5000
474803,-0.78,0.00,14.51,8,14.50,187,1.00,2606,0.00,38.00,93,4,1.50,21,16.54,46.07,34.12,14.40,0.00,8,36.96,32.51,0.5000
474905,-0.78,0.00,14.51,8,14.51,187,1.00,2632,0.00,37.50,93,4,1.50,21,16.54,43.51,34.12,14.50,0.00,8,37.17,32.51,0.5000
475008,-0.78,0.00,14.51,8,14.50,187,1.00,2616,0.00,38.00,93,5,1.50,21,16.54,43.87,34.12,14.50,0.00,8,37.18,32.66,0.5000
475109,0.00,0.00,14.51,8,14.50,187,1.00,2643,0.00,38.00,93,5,1.50,21,16.54,43.62,34.12,14.40,0.00,8,37.16,32.51,0.5000
475211,0.00,0.00,14.51,8,14.50,187,0.99,2630,0.00,38.00,93,5,1.50,21,16.54,43.86,34.12,14.50,0.00,8,37.28,32.51,0.5000
475313,-0.78,0.00,14.51,8,14.49,187,1.00,2655,0.00,38.00,93,6,1.50,22,16.54,43.86,34.12,14.50,0.00,8,37.24,32.51,0.5000
475416,0.00,0.00,14.51,8,14.50,187,1.00,2642,0.00,38.00,91,6,1.50,22,16.54,44.59,34.12,14.40,0.00,8,37.31,32.51,0.5000
475516,0.00,0.00,14.51,8,14.50,187,1.00,2666,0.00,38.00,91,6,1.50,24,16.54,44.10,34.12,14.50,0.00,8,37.23,32.51,0.5000
475619,0.78,0.00,14.51,8,14.49,187,1.00,2650,0.00,38.00,91,7,1.50,25,16.54,44.34,34.12,14.50,0.00,8,37.38,32.51,0.5000
475721,0.00,0.00,14.51,8,14.49,187,1.00,2676,0.00,38.00,91,7,1.50,25,16.54,44.34,34.12,14.60,0.00,8,37.38,32.51,0.5000
475824,0.00,0.00,14.51,8,14.49,187,1.00,2656,0.00,38.00,91,8,1.50,26,16.54,44.46,34.12,14.40,0.00,8,37.21,32.66,0.5000
475925,0.78,0.00,14.51,8,14.49,187,1.00,2682,0.00,38.00,91,8,1.50,27,16.69,44.70,34.12,14.30,0.00,8,37.36,32.66,0.5000
476028,0.00,0.00,14.51,8,14.49,187,1.00,2662,0.00,38.00,91,9,1.50,27,16.69,44.82,34.12,14.50,0.00,8,37.17,32.65,0.5000
476130,0.78,0.00,14.51,8,14.49,187,1.00,2689,0.00,38.00,91,9,1.50,28,16.69,44.70,34.51,14.50,0.00,8,37.18,32.80,0.5000
476232,0.78,0.00,14.51,8,14.48,187,1.01,2696,0.00,38.00,91,9,1.50,28,16.69,44.82,34.51,14.30,0.00,8,37.18,32.80,0.5000
476334,0.78,0.00,14.51,8,14.49,187,1.00,2689,0.00,38.00,91,9,1.50,28,16.69,45.54,34.12,14.30,0.00,8,37.31,32.65,0.5000
476436,0.78,0.00,14.51,8,14.48,187,1.00,2716,0.00,38.00,91,10,1.50,28,16.69,45.42,34.51,14.40,0.00,8,37.24,32.66,0.5000
476538,0.78,0.00,14.51,8,14.48,187,1.01,2702,0.00,38.00,91,10,1.50,29,16.69,45.42,34.12,14.40,0.00,8,37.19,32.66,0.5000
476640,1.56,0.00,14.51,8,14.48,187,1.01,2734,0.00,38.00,91,10,1.50,29,16.69,45.78,34.12,14.30,0.00,8,37.39,32.65,0.5000
476742,0.78,0.00,14.51,8,14.47,187,1.01,2748,0.00,38.00,91,10,1.50,29,16.69,46.62,34.12,14.40,0.00,8,37.33,32.66,0.5000
476844,0.78,0.00,14.51,8,14.47,187,1.01,2737,0.00,38.00,91,10,1.50,29,16.69,48.58,34.12,14.40,0.00,8,37.43,32.66,0.5000
476946,0.78,0.00,14.51,8,14.47,187,1.01,2769,0.00,38.00,91,10,1.00,29,16.69,46.38,34.12,14.20,0.00,8,37.47,32.66,0.5000
477048,0.00,0.00,14.51,8,14.46,187,1.01,2781,0.00,38.00,91,9,1.00,29,16.83,46.50,34.12,14.40,0.00,8,37.48,32.66,0.5000
477150,0.00,0.00,14.51,8,14.46,187,1.01,2769,0.00,38.50,91,9,1.00,30,16.83,46.86,34.12,14.40,0.00,8,37.55,32.66,0.5000
477251,0.78,0.00,14.51,8,14.46,187,1.01,2780,0.00,38.00,91,8,1.00,30,16.83,46.62,34.12,14.30,0.00,8,37.67,32.66,0.5000
477354,0.78,0.00,14.51,8,14.46,187,1.01,2812,0.00,38.50,91,7,1.00,30,16.83,47.22,34.12,14.40,0.00,8,37.68,32.66,0.5000
477456,0.78,0.00,14.51,8,14.46,187,1.01,2822,0.00,38.00,91,6,1.00,32,16.83,47.46,34.12,14.50,0.00,8,37.48,32.66,0.5000
477558,0.78,0.00,14.51,8,14.46,187,1.01,2811,0.00,38.00,91,6,1.00,32,16.83,47.70,34.12,14.30,0.00,8,37.53,32.66,0.5000
477660,0.78,0.00,14.51,8,14.46,187,1.01,2818,0.00,38.00,91,6,1.00,33,16.98,47.34,34.12,14.50,0.00,8,37.77,32.80,0.5000
477762,0.78,0.00,14.51,8,14.46,187,1.01,2832,0.00,38.00,91,5,1.00,0,16.98,47.82,34.51,14.40,0.00,8,37.63,32.80,0.5000
477864,1.56,0.00,14.51,8,14.46,187,1.01,2857,0.00,38.00,91,5,1.00,0,16.98,48.30,34.51,14.40,0.00,8,37.58,32.80,0.5000
477966,1.56,0.00,14.51,8,14.47,187,1.01,2854,0.00,38.00,91,4,1.00,1,17.12,47.82,34.51,14.50,0.00,8,37.53,32.80,0.5000
478068,1.56,0.00,14.51,8,14.47,187,1.02,2692,0.00,22.50,91,4,1.50,1,17.12,46.74,34.51,14.50,0.00,8,35.62,32.80,0.5000
478170,0.78,0.00,14.51,8,14.52,187,1.05,2553,0.00,30.00,91,4,2.00,1,17.27,45.05,34.12,14.30,0.00,8,34.22,32.66,0.5000
478272,1.56,0.00,14.51,8,14.52,187,1.07,2498,0.00,35.50,91,4,2.00,1,17.27,43.97,34.12,14.40,0.00,8,34.21,32.51,0.5000
478374,1.56,0.00,14.51,8,14.53,187,1.06,2462,0.00,35.50,91,3,2.00,2,17.12,43.37,34.12,14.30,0.00,8,34.04,32.51,0.5000
478477,1.56,0.00,14.51,8,14.53,187,1.06,2461,0.00,35.50,91,3,2.00,2,17.12,42.89,34.12,14.40,0.00,8,34.27,32.51,0.5000
478579,1.56,0.00,14.51,8,14.54,187,1.05,2450,0.00,36.00,90,3,2.00,3,16.98,42.29,34.12,14.40,0.00,8,34.45,32.51,0.5000
478681,1.56,0.00,14.51,8,14.54,187,1.04,2448,0.00,36.00,91,2,2.00,3,16.98,42.41,34.12,14.50,0.00,8,34.60,32.51,0.5000
478783,2.34,0.00,14.51,8,14.54,187,1.04,2448,0.00,36.00,91,2,2.00,3,16.83,42.53,34.12,14.40,0.00,8,34.83,32.51,0.5000
478885,2.34,0.00,14.51,8,14.55,187,1.04,2424,0.00,36.00,91,2,2.00,3,16.83,41.81,34.12,14.50,0.00,8,34.93,32.51,0.5000
478987,2.34,0.00,14.51,8,14.54,189,1.03,2423,0.00,36.50,91,3,2.00,4,16.69,41.93,34.12,14.50,0.00,8,35.03,32.51,0.5000
479089,2.34,0.00,14.51,8,14.54,189,1.03,2419,0.00,36.50,91,3,2.00,5,16.69,41.22,34.12,14.50,0.00,8,35.12,32.51,0.5000
479191,3.12,0.00,14.51,8,14.55,189,1.02,2436,0.00,36.50,91,3,2.00,5,16.54,41.46,34.12,14.40,0.00,8,35.24,32.51,0.5000
479294,3.12,0.00,14.51,8,14.55,189,1.02,2438,0.00,36.50,91,3,2.00,5,16.54,43.30,34.12,14.30,0.00,8,35.39,32.51,0.5000
479395,3.12,0.00,14.51,8,14.55,189,1.01,2437,0.00,37.00,91,4,2.00,6,16.54,40.74,34.12,14.40,0.00,8,35.61,32.51,0.5000
479497,3.91,0.00,14.51,8,14.55,189,1.01,2438,0.00,37.00,91,4,2.00,6,16.40,43.42,34.12,14.50,0.00,8,35.85,32.66,0.5000
479599,3.91,0.00,14.51,8,14.55,189,1.01,2421,0.00,37.00,91,4,2.00,7,16.40,38.42,34.12,14.50,0.00,8,35.79,32.51,0.5000
479701,3.91,0.00,14.51,8,14.55,189,1.01,2423,0.00,37.00,91,5,2.00,7,16.40,41.10,34.12,14.50,0.00,8,35.82,32.51,0.5000
479803,4.69,0.00,14.51,8,14.55,189,1.01,2425,0.00,37.00,91,5,2.00,7,16.40,40.98,34.12,14.50,0.00,8,35.82,32.51,0.5000
479905,4.69,0.00,14.51,8,14.55,189,1.00,2430,0.00,37.50,91,5,2.00,9,16.40,40.74,34.12,14.50,0.00,8,35.99,32.51,0.5000
480008,5.47,0.00,14.51,8,14.55,189,1.00,2450,0.00,37.50,91,6,2.00,10,16.40,40.98,34.12,14.50,0.00,8,35.88,32.51,0.5000
480110,4.69,0.00,14.51,8,14.55,189,1.01,2456,0.00,37.00,91,6,2.00,10,16.40,40.86,34.12,14.80,0.00,8,35.94,32.51,0.5000
480211,5.47,0.00,14.51,8,14.55,189,1.00,2462,0.00,37.00,91,7,2.00,10,16.40,40.98,34.12,14.50,0.00,8,36.18,32.51,0.5000
480313,5.47,0.00,14.51,8,14.55,189,1.00,2446,0.00,37.00,91,7,2.00,12,16.40,40.74,34.12,14.60,0.00,8,36.13,32.51,0.5000
480415,4.69,0.00,14.51,8,14.54,189,1.00,2450,0.00,37.50,91,7,2.00,12,16.25,40.86,34.12,14.40,0.00,8,36.36,32.51,0.5000
480517,5.47,0.00,14.51,8,14.54,189,1.00,2452,0.00,37.50,91,8,2.00,12,16.40,43.42,34.12,14.50,0.00,8,36.19,32.51,0.5000
480620,5.47,0.00,14.51,8,14.54,189,1.00,2473,0.00,37.50,91,9,2.00,12,16.25,40.86,34.12,14.80,0.00,8,36.20,32.51,0.5000
480721,5.47,0.00,14.51,8,14.55,189,1.00,2477,0.00,37.50,91,9,2.00,13,16.25,41.22,34.12,14.50,0.00,8,36.29,32.51,0.5000
480823,5.47,0.00,14.51,8,14.54,189,1.00,2463,0.00,37.50,91,9,2.00,13,16.25,41.58,34.12,14.50,0.00,8,36.22,32.51,0.5000
480926,5.47,0.00,14.51,8,14.54,189,1.01,2468,0.00,37.50,91,10,2.00,13,16.25,41.22,34.12,14.40,0.00,8,36.17,32.51,0.5000
481027,5.47,0.00,14.51,8,14.54,189,1.00,2476,0.00,37.50,91,10,2.00,14,16.25,40.98,34.12,14.30,0.00,8,36.28,32.51,0.5000
481129,4.69,0.00,14.51,8,14.54,189,1.00,2498,0.00,37.50,91,10,1.50,14,16.40,41.58,34.12,14.30,0.00,8,36.35,32.51,0.5000
481231,5.47,0.00,14.51,8,14.54,189,1.00,2504,0.00,37.50,91,11,1.50,15,16.40,41.82,34.12,14.40,0.00,8,36.51,32.51,0.5000
481333,5.47,0.00,14.51,8,14.54,189,1.00,2492,0.00,37.50,91,11,1.50,17,16.40,41.70,34.12,14.40,0.00,8,36.46,32.51,0.5000
481435,5.47,0.00,14.51,8,14.53,189,1.00,2496,0.00,37.50,91,11,1.50,18,16.40,42.06,34.12,14.50,0.00,8,36.30,32.51,0.5000
481538,4.69,0.00,14.51,8,14.53,189,1.00,2520,0.00,37.50,91,12,1.50,18,16.40,41.82,34.12,14.50,0.00,8,36.32,32.51,0.5000
481639,3.91,0.00,14.51,8,14.53,189,1.00,2524,0.00,37.50,91,11,1.50,19,16.40,41.94,34.12,14.50,0.00,8,36.54,32.51,0.5000
481742,3.91,0.00,14.51,8,14.53,189,1.00,2508,0.00,37.50,91,11,1.50,19,16.40,42.18,34.12,14.50,0.00,8,36.37,32.51,0.5000
481843,3.91,0.00,14.51,8,14.53,189,1.00,2532,0.00,37.50,91,10,1.50,20,16.40,42.30,34.12,14.30,0.00,8,36.41,32.66,0.5000
481946,3.91,0.00,14.51,8,14.53,189,1.00,2535,0.00,37.50,91,9,1.50,21,16.40,42.65,34.12,14.40,0.00,8,36.48,32.36,0.5000
482048,3.12,0.00,14.51,8,14.53,189,1.01,2522,0.00,37.50,91,9,1.50,22,16.40,42.41,34.12,14.20,0.00,8,36.44,32.51,0.5000
482150,3.12,0.00,14.51,8,14.52,189,1.01,2526,0.00,37.50,91,7,1.50,22,16.40,42.65,34.12,14.40,0.00,8,36.39,32.66,0.5000
482252,2.34,0.00,14.51,8,14.53,189,1.00,2550,0.00,37.50,91,7,1.50,23,16.40,41.94,33.73,14.40,0.00,8,36.44,31.64,0.5000
482354,0.78,0.00,14.51,8,14.53,189,1.00,2530,0.00,37.50,91,6,1.50,23,15.96,43.42,30.20,14.30,0.00,8,36.93,27.28,0.5000
482455,-0.78,0.00,14.51,8,14.52,189,0.98,2518,0.00,38.00,91,5,1.50,23,15.82,40.75,28.24,14.10,0.00,7,37.05,26.84,0.5000
482557,-0.78,0.00,14.51,8,14.53,189,0.97,2529,0.00,38.00,91,4,1.50,24,15.82,40.63,28.24,14.30,0.00,7,37.04,26.84,0.5000
482660,-0.78,0.00,14.51,8,14.53,189,0.97,2522,0.00,38.00,91,3,1.50,24,15.82,40.39,27.84,14.40,0.00,7,37.19,26.84,0.5000
482762,-0.78,0.00,14.51,8,14.53,189,0.97,2498,0.00,38.00,91,3,1.50,24,15.82,40.63,28.24,14.50,0.00,7,37.20,26.99,0.5000
482864,-2.34,0.00,14.51,8,14.53,189,0.96,2490,0.00,38.50,91,3,1.00,24,13.64,30.03,23.53,14.60,0.00,7,38.43,17.36,0.5000
482965,-5.47,0.78,14.51,8,14.56,189,0.79,2364,0.00,38.00,91,3,0.00,24,9.43,19.03,8.63,13.60,0.00,6,37.95,7.95,0.5000
483068,-9.38,0.78,14.51,8,14.58,189,0.59,2225,0.00,37.50,91,2,0.00,24,7.98,15.64,8.24,11.80,0.00,1,36.45,7.37,0.5000
483170,-14.84,0.78,14.51,8,14.58,189,0.50,2156,0.00,32.50,91,2,0.00,24,7.40,14.63,7.45,11.20,0.00,1,31.36,7.22,0.5000
483272,-21.09,0.78,14.51,8,14.58,189,0.44,2134,0.00,28.50,91,2,0.00,24,6.96,13.62,7.45,10.80,0.00,1,27.65,7.22,0.5000
483374,0.00,0.78,14.51,10,14.57,189,0.41,2066,0.00,25.50,91,2,0.00,24,6.82,13.39,7.45,11.30,0.00,1,24.42,7.08,0.5000
483476,0.00,0.78,14.51,10,14.56,189,0.40,2026,0.00,24.00,91,2,0.00,24,6.82,12.35,7.45,11.90,0.00,1,23.95,6.93,0.5000
483578,0.00,0.78,14.51,10,14.56,189,0.38,1988,0.00,24.00,91,2,0.00,24,6.67,11.82,7.06,13.80,0.00,1,23.95,6.79,0.5000
483680,0.00,0.78,14.51,10,14.56,189,0.37,1938,0.00,24.00,91,2,0.00,24,6.53,10.87,7.06,14.70,0.00,1,23.95,6.64,0.5000
483781,0.00,0.78,14.51,10,14.56,189,0.36,1834,0.00,24.00,91,3,0.00,24,6.38,11.22,7.06,15.50,0.00,1,23.95,6.65,0.5000
483884,0.00,0.78,14.51,10,14.57,189,0.36,1753,0.00,23.00,91,3,0.00,24,6.38,10.58,6.67,16.70,0.00,1,22.52,6.20,0.5000
483985,0.00,0.78,14.51,10,14.57,189,0.36,1687,0.00,21.50,91,3,0.00,24,6.38,10.35,6.67,22.10,0.00,1,21.31,6.36,0.5000
484088,0.00,0.78,14.51,10,14.57,189,0.37,1626,0.00,21.00,91,3,0.00,24,6.38,9.95,6.67,32.70,0.00,1,20.68,6.21,0.5000
484190,0.00,0.00,14.51,10,14.58,189,0.37,1575,0.00,20.00,91,3,0.00,24,6.38,9.60,6.27,52.70,0.00,1,19.88,6.06,0.5000
484292,0.00,0.00,14.51,10,14.58,189,0.37,1547,0.00,19.50,91,4,0.00,24,6.53,9.43,6.27,70.20,0.00,1,19.30,6.06,0.5000
484394,0.00,0.00,14.51,10,14.58,189,0.37,1492,0.00,19.00,91,4,0.00,24,6.53,9.43,6.27,82.80,0.00,1,18.98,5.92,0.5000
484496,0.00,0.00,14.51,10,14.59,189,0.37,1461,0.00,18.50,91,4,0.00,24,6.53,8.72,6.27,90.70,0.00,1,18.38,5.77,0.5000
484598,0.00,0.00,14.51,10,14.59,189,0.37,1402,0.00,18.00,91,4,0.00,24,6.67,8.86,5.88,95.90,0.00,1,18.02,5.77,0.5000
484700,0.00,0.00,14.51,10,14.59,189,0.37,1366,0.00,18.00,91,4,0.00,24,6.67,8.63,5.88,96.00,0.00,1,17.79,5.77,0.5000
484802,0.00,0.00,14.51,10,14.60,189,0.38,1326,0.00,17.50,91,4,0.00,24,6.82,8.59,5.88,96.00,0.00,1,17.46,5.63,0.5000
484904,0.00,0.00,14.51,10,14.60,189,0.39,1262,0.00,17.50,91,4,0.00,24,6.82,8.50,5.88,96.00,0.00,1,17.24,5.63,0.5000
485007,0.00,0.00,14.51,10,14.60,189,0.39,1217,0.00,17.00,91,3,0.00,24,6.96,8.41,5.88,96.00,0.00,1,17.00,5.48,0.5000
485108,0.00,0.00,14.51,10,14.61,189,0.40,1170,0.00,17.00,91,0,0.00,24,7.11,8.23,5.88,96.00,0.00,1,16.91,5.48,0.5000
485210,0.00,0.00,14.51,10,14.62,189,0.41,1119,0.00,22.00,91,0,0.00,24,7.25,8.01,5.49,99.90,0.00,1,16.91,5.33,0.5000
485312,0.00,0.00,14.51,10,14.63,189,0.42,1088,0.00,22.00,91,0,0.00,24,7.55,7.65,5.49,99.90,0.00,1,16.91,5.19,0.5000
485414,0.00,0.00,14.51,10,14.60,189,0.42,1243,0.00,17.00,91,0,0.00,24,7.55,7.52,5.49,99.90,0.00,1,17.41,5.19,0.5000
485516,0.00,0.00,14.51,10,14.59,189,0.38,1434,0.00,18.00,91,0,0.00,24,6.96,7.70,5.49,96.00,0.00,1,18.68,5.48,0.5000
485618,0.00,0.00,14.51,10,14.58,189,0.34,1529,0.00,19.50,91,0,0.00,24,6.67,7.83,6.27,73.30,0.00,1,19.25,5.92,0.5000
485720,0.00,0.00,14.51,10,14.58,189,0.33,1553,0.00,19.50,91,0,0.00,24,6.67,7.88,6.27,24.40,0.00,1,19.58,6.03,0.5000
485822,0.00,0.00,14.51,10,14.58,189,0.32,1544,0.00,19.50,91,0,0.00,24,6.53,7.92,6.27,13.70,0.00,1,19.52,5.95,0.5000
485924,0.00,0.00,14.51,10,14.58,189,0.31,1531,0.00,19.50,91,0,0.00,24,6.53,7.92,6.27,13.50,0.00,1,19.18,6.03,0.5000
486026,0.00,0.00,14.51,10,14.58,189,0.31,1501,0.00,19.00,91,0,0.00,24,6.53,8.05,6.27,13.50,0.00,1,19.15,5.92,0.5000
486128,-1.56,0.00,14.51,8,14.58,189,0.32,1498,0.00,19.00,91,0,0.00,24,6.53,7.74,6.27,13.70,0.00,1,18.84,5.92,0.5000
486230,-4.69,0.00,14.51,8,14.58,189,0.31,1471,0.00,18.50,91,0,0.00,24,6.53,7.79,6.27,13.50,0.00,1,18.81,5.92,0.5000
486332,-5.47,0.00,14.51,8,14.58,189,0.31,1470,0.00,18.50,91,0,0.00,24,6.53,7.70,5.88,13.50,0.00,1,18.58,5.77,0.5000
486434,-6.25,0.00,14.51,8,14.58,189,0.31,1447,0.00,18.50,91,1,0.00,24,6.53,7.47,5.88,13.40,0.00,1,18.58,5.77,0.5000
486536,-7.03,0.00,14.51,8,14.59,189,0.31,1444,0.00,18.50,91,1,0.00,24,6.53,7.47,5.88,13.40,0.00,1,18.29,5.77,0.5000
486638,-7.81,0.00,14.51,8,14.59,189,0.31,1432,0.00,18.50,91,1,0.00,24,6.53,7.43,5.88,13.50,0.00,1,18.37,5.77,0.5000
486740,-8.59,0.00,14.51,8,14.59,189,0.31,1422,0.00,18.00,91,1,0.00,24,6.53,7.38,5.88,13.70,0.00,1,18.11,5.77,0.5000
486842,-9.38,0.00,14.51,8,14.59,189,0.31,1407,0.00,18.00,91,1,0.00,24,6.53,7.28,5.88,13.80,0.00,1,18.04,5.77,0.5000
486944,-9.38,0.00,14.51,8,14.59,189,0.31,1408,0.00,18.00,91,2,0.00,24,6.53,7.18,5.88,13.80,0.00,1,18.05,5.77,0.5000
487046,-9.38,0.00,14.51,8,14.59,189,0.31,1401,0.00,18.00,91,2,0.00,24,6.38,7.18,5.88,14.00,0.00,1,17.92,5.77,0.5000
487148,-10.16,0.00,14.51,8,14.59,189,0.31,1390,0.00,18.00,91,1,0.00,24,6.38,7.28,5.88,13.90,0.00,1,17.95,5.62,0.5000
487250,-10.94,0.00,14.51,8,14.59,189,0.31,1394,0.00,18.00,91,2,0.00,24,6.38,7.14,5.88,14.00,0.00,1,17.94,5.77,0.5000
487352,-10.94,0.00,14.51,8,14.59,189,0.31,1384,0.00,18.00,91,2,0.00,24,6.38,7.18,5.88,14.10,0.00,1,17.83,5.77,0.5000
487454,-10.94,0.00,14.51,8,14.59,189,0.31,1369,0.00,18.00,91,2,0.00,24,6.38,7.28,5.88,14.10,0.00,1,17.88,5.77,0.5000
487556,-10.94,0.00,14.51,8,14.59,189,0.31,1376,0.00,18.00,91,2,0.00,24,6.38,7.04,5.88,14.30,0.00,1,17.80,5.77,0.5000
487658,-10.94,0.00,14.51,8,14.59,189,0.31,1383,0.00,18.00,91,2,0.00,24,6.38,7.14,5.88,14.20,0.00,1,17.81,5.62,0.5000
487760,-10.94,0.00,14.51,8,14.59,189,0.31,1370,0.00,18.00,91,2,0.00,24,6.38,6.99,5.88,14.40,0.00,1,17.82,5.63,0.5000
487862,-10.94,0.00,14.51,8,14.59,189,0.31,1370,0.00,18.00,91,2,0.00,24,6.38,6.79,5.88,14.30,0.00,1,17.76,5.63,0.5000
487964,-11.72,0.00,14.51,8,14.59,189,0.30,1366,0.00,18.00,91,3,0.00,24,6.38,6.70,5.88,14.30,0.00,1,17.73,5.63,0.5000
488066,-10.94,0.00,14.51,8,14.59,189,0.30,1345,0.00,18.00,91,3,0.00,24,6.38,6.99,5.88,14.40,0.00,1,17.74,5.77,0.5000
488168,-10.94,0.00,14.51,8,14.59,189,0.30,1348,0.00,17.50,91,3,0.00,24,6.38,6.89,5.88,14.50,0.00,1,17.69,5.63,0.5000
488270,-10.94,0.00,14.51,8,14.60,189,0.31,1344,0.00,17.50,91,3,0.00,24,6.38,6.70,5.88,14.50,0.00,1,17.62,5.63,0.5000
488372,-10.16,0.00,14.51,8,14.59,189,0.30,1332,0.00,17.50,91,3,0.00,24,6.38,6.70,5.88,14.40,0.00,1,17.61,5.63,0.5000
488474,-10.16,0.00,14.51,8,14.59,189,0.30,1330,0.00,17.50,91,3,0.00,24,6.38,6.70,5.88,15.50,0.00,1,17.64,5.63,0.5000
488576,-9.38,0.00,14.51,8,14.60,189,0.30,1337,0.00,17.50,93,3,0.00,24,6.38,6.60,5.88,14.80,0.00,1,17.64,5.63,0.5000
488678,-9.38,0.00,14.51,8,14.59,189,0.30,1332,0.00,17.50,93,3,0.00,24,6.38,6.70,5.88,14.80,0.00,1,17.54,5.63,0.5000
488780,-8.59,0.00,14.51,8,14.59,189,0.30,1325,0.00,17.50,93,3,0.00,24,6.38,6.70,5.88,14.90,0.00,1,17.63,5.63,0.5000
488882,-8.59,0.00,14.51,8,14.60,189,0.30,1318,0.00,17.50,93,4,0.00,24,6.38,6.55,5.88,14.90,0.00,1,17.62,5.63,0.5000
488984,-7.81,0.00,14.51,8,14.60,189,0.30,1342,0.00,17.50,93,4,0.00,24,6.38,6.60,5.88,15.00,0.00,1,17.60,5.63,0.5000
489086,-7.81,0.00,14.51,8,14.60,189,0.30,1321,0.00,17.50,93,4,0.00,24,6.67,6.65,5.88,15.10,0.00,1,17.50,5.63,0.5000
489188,-7.03,0.00,14.51,8,14.60,189,0.30,1298,0.00,17.50,93,4,0.00,24,6.82,6.70,5.88,15.00,0.00,1,17.43,5.63,0.5000
489290,-6.25,0.00,14.51,8,14.60,189,0.30,1301,0.00,17.50,93,4,0.00,24,6.82,6.70,5.88,15.00,0.00,1,17.50,5.63,0.5000
489392,-4.69,0.00,14.51,8,14.60,189,0.31,1321,0.00,17.50,93,4,0.00,24,6.82,6.65,5.88,15.10,0.00,1,17.55,5.63,0.5000
489494,-3.12,0.00,14.51,8,14.59,189,0.30,1348,0.00,17.50,93,4,0.00,24,6.82,6.26,5.88,15.50,0.00,1,17.64,5.49,0.5000
489596,-2.34,0.00,14.51,8,14.59,189,0.29,1331,0.00,17.50,93,4,0.00,24,6.53,5.79,5.49,15.50,0.00,1,17.61,4.90,0.5000
489698,-1.56,0.00,14.51,8,14.60,189,0.28,1298,0.00,17.50,93,4,0.00,24,6.38,5.65,4.71,15.70,0.00,1,17.48,4.61,0.5000
489800,-2.34,0.00,14.51,8,14.60,189,0.27,1285,0.00,17.50,93,4,0.00,24,6.24,5.51,5.10,15.70,0.00,1,17.36,4.61,0.5000
489902,-2.34,0.00,14.51,8,14.60,189,0.27,1267,0.00,17.00,93,1,0.00,24,6.24,5.58,4.71,15.70,0.00,1,17.17,4.60,0.5000
490004,-2.34,0.00,14.51,8,14.60,189,0.27,1226,0.00,17.00,93,0,0.00,24,6.24,5.51,5.10,15.20,0.00,1,16.98,4.76,0.5000
490106,-2.34,0.00,14.51,8,14.61,189,0.27,1195,0.00,17.00,93,0,0.00,24,6.24,5.58,4.71,15.10,0.00,1,16.91,4.61,0.5000
490208,-1.56,0.00,14.51,8,14.61,189,0.27,1182,0.00,17.00,93,0,0.00,24,6.24,5.51,4.71,14.90,0.00,1,16.91,4.46,0.5000
490310,-1.56,0.00,14.51,8,14.61,189,0.28,1171,0.00,17.00,93,0,0.00,24,6.38,5.39,4.71,14.90,0.00,1,16.91,4.46,0.5000
490412,-2.34,0.00,14.51,8,14.61,189,0.28,1160,0.00,17.00,93,0,0.00,24,6.38,5.32,4.71,14.80,0.00,1,16.91,4.46,0.5000
490515,-2.34,2.34,14.51,8,14.62,189,0.28,1131,0.00,17.00,93,0,0.00,24,6.38,5.34,4.71,14.90,0.00,1,16.91,4.46,0.5000
490616,-3.12,2.34,14.51,8,14.63,189,0.28,1107,0.00,17.00,93,0,0.00,24,6.38,5.27,4.71,15.60,0.00,1,16.91,4.45,0.5000
490718,-3.91,2.34,14.51,8,14.63,189,0.28,1091,0.00,17.00,93,0,0.00,24,6.53,5.37,4.71,14.30,0.00,1,16.91,4.32,0.5000
490820,-4.69,2.34,14.51,8,14.63,189,0.29,1090,0.00,17.00,93,0,0.00,24,6.67,5.22,4.71,14.30,0.00,1,16.91,4.45,0.5000
490922,-4.69,2.34,14.51,8,14.63,189,0.28,1098,0.00,17.00,93,0,0.00,24,6.67,5.18,4.71,14.20,0.00,1,16.91,4.32,0.5000
491024,-5.47,2.34,14.51,8,14.63,189,0.28,1095,0.00,17.00,93,0,0.00,24,6.67,5.22,4.71,14.20,0.00,1,16.91,4.32,0.5000
491126,-5.47,2.34,14.51,8,14.62,189,0.28,1108,0.00,17.00,93,0,0.00,24,6.67,5.27,4.71,14.10,0.00,1,16.91,4.32,0.5000
491228,-5.47,2.34,14.51,8,14.63,189,0.28,1104,0.00,17.00,93,0,0.00,24,6.53,5.18,4.71,14.00,0.00,1,16.91,4.32,0.5000
491330,-5.47,2.34,14.51,8,14.63,189,0.28,1099,0.00,17.00,93,0,0.00,24,6.53,5.13,4.71,14.00,0.00,1,16.91,4.32,0.5000
491432,-5.47,2.34,14.51,8,14.63,189,0.28,1092,0.00,17.00,93,0,0.00,24,6.53,5.18,4.71,14.10,0.00,1,16.91,4.32,0.5000
491534,-6.25,2.34,14.51,8,14.63,189,0.28,1085,0.00,18.50,93,0,0.00,24,6.67,5.58,5.49,14.10,0.00,1,18.92,5.48,0.5000
491636,-6.25,2.34,14.51,8,14.63,189,0.29,1085,0.00,20.00,93,0,0.00,24,7.11,6.31,6.67,14.30,0.00,1,21.39,6.36,0.5000
491738,-6.25,2.34,14.51,8,14.63,189,0.31,1101,0.00,22.50,93,0,0.00,24,7.55,7.10,6.67,14.20,0.00,1,22.56,7.22,0.5000
491840,-4.69,2.34,14.51,8,14.61,189,0.34,1164,0.00,23.50,93,0,0.00,24,8.27,8.07,7.84,14.20,0.00,1,24.11,7.66,0.5000
491942,-2.34,2.34,14.51,8,14.60,189,0.37,1211,0.00,25.00,93,0,0.00,24,8.85,8.57,8.24,13.90,0.00,1,25.54,7.95,0.5000
492044,-0.78,0.00,14.51,8,14.60,189,0.39,1244,0.00,26.50,93,0,0.00,24,9.72,11.18,10.98,15.10,0.00,1,27.43,11.00,0.5000
492147,-0.78,0.78,14.51,8,14.60,189,0.44,1310,0.00,30.00,93,0,0.00,24,10.88,12.33,12.55,15.10,0.00,1,30.82,12.16,0.5000
492248,3.91,0.78,14.51,8,14.59,189,0.49,1404,0.00,32.50,93,0,0.00,24,11.32,13.05,13.33,15.50,0.00,1,34.48,12.74,0.5000
492350,8.59,0.78,14.51,8,14.58,189,0.51,1476,0.00,35.50,93,0,0.00,24,11.75,14.18,14.12,15.80,0.00,1,37.76,13.91,0.5000
492452,9.38,0.78,14.51,8,14.58,189,0.54,1559,0.00,39.00,93,0,0.00,24,11.90,14.64,14.51,16.00,0.00,1,40.39,13.91,0.5000
492555,10.16,0.78,14.51,8,14.58,189,0.55,1621,0.00,41.00,93,0,0.00,24,11.75,14.89,14.51,15.80,0.00,1,41.72,13.69,0.5000
492656,8.59,0.78,14.51,8,14.58,189,0.55,1638,0.00,41.50,93,0,0.00,24,11.61,15.49,14.12,15.20,0.00,1,42.31,13.69,0.5000
492759,7.81,0.78,14.51,8,14.58,189,0.55,1655,0.00,41.50,93,0,0.00,24,11.46,15.60,14.51,14.10,0.00,1,42.16,13.91,0.5000
492861,8.59,0.78,14.51,8,14.58,189,0.56,1679,0.00,41.50,93,0,0.00,24,11.61,16.03,14.51,14.60,0.00,1,41.93,13.91,0.5000
492963,8.59,0.78,14.51,8,14.58,189,0.57,1686,0.00,41.50,93,1,0.00,24,11.46,16.58,14.51,14.50,0.00,1,41.71,13.91,0.5000
493064,7.81,0.78,14.51,8,14.58,189,0.58,1692,0.00,41.00,93,1,0.50,24,11.46,16.31,14.51,14.40,0.00,1,41.36,13.91,0.5000
493167,7.03,0.78,14.51,8,14.58,189,0.59,1697,0.00,41.00,93,1,0.50,24,11.46,17.22,14.51,14.30,0.00,1,41.21,14.20,0.5000
493269,6.25,0.78,14.51,8,14.58,189,0.59,1689,0.00,40.50,93,1,0.50,24,11.61,17.64,14.90,14.10,0.00,1,41.08,14.34,0.5000
493371,6.25,0.78,14.51,8,14.58,189,0.61,1698,0.00,40.50,93,2,0.50,24,11.61,17.44,14.90,14.20,0.00,1,40.85,14.20,0.5000
493473,5.47,0.78,14.51,8,14.58,189,0.61,1706,0.00,40.50,93,2,0.50,24,11.61,17.93,14.90,14.20,0.00,1,40.81,14.34,0.5000
493575,3.91,0.78,14.51,8,14.58,189,0.62,1711,0.00,40.50,93,2,0.50,24,11.90,18.78,15.69,14.20,0.00,1,40.49,15.07,0.5000
493677,4.69,0.78,14.51,8,14.58,189,0.63,1724,0.00,40.00,93,2,0.50,24,11.90,18.39,15.69,14.30,0.00,1,40.08,15.07,0.5000
493779,4.69,0.78,14.51,8,14.58,189,0.64,1735,0.00,40.00,93,2,0.50,24,12.04,18.49,15.69,14.40,0.00,1,40.09,14.93,0.5000
493881,3.12,0.78,14.51,8,14.58,189,0.64,1743,0.00,40.00,93,3,0.50,24,11.90,18.68,15.69,14.30,0.00,1,40.11,14.93,0.5000
493983,2.34,0.78,14.51,8,14.58,189,0.64,1760,0.00,40.00,93,3,0.50,24,11.90,18.68,15.69,14.20,0.00,1,40.10,14.93,0.5000
494085,2.34,0.78,14.51,8,14.58,189,0.64,1761,0.00,40.00,93,4,0.50,24,11.90,18.98,15.69,14.30,0.00,1,40.00,14.93,0.5000
494187,2.34,0.78,14.51,8,14.58,189,0.65,1760,0.00,39.50,93,4,0.50,24,11.90,19.16,15.69,14.20,0.00,1,39.80,14.93,0.5000
494289,1.56,0.78,14.51,8,14.58,189,0.65,1765,0.00,39.50,93,4,0.50,24,11.90,18.68,15.69,14.40,0.00,1,39.82,14.93,0.5000
494391,1.56,0.78,14.51,8,14.58,189,0.65,1768,0.00,39.50,93,4,0.50,24,11.90,19.07,15.69,14.40,0.00,1,39.87,14.93,0.5000
494492,1.56,0.78,14.51,8,14.58,189,0.65,1771,0.00,39.50,93,5,0.50,24,11.90,19.17,15.69,14.40,0.00,1,39.89,14.93,0.5000
494595,1.56,0.78,14.51,8,14.58,189,0.65,1773,0.00,39.50,93,5,0.50,24,12.04,19.39,15.69,14.40,0.00,1,39.95,14.93,0.5000
494697,0.78,0.78,14.51,8,14.58,189,0.65,1774,0.00,39.50,93,6,0.50,24,11.90,19.28,15.69,14.50,0.00,1,39.78,14.93,0.5000
494799,0.78,0.78,14.51,8,14.58,189,0.65,1775,-2.00,37.50,93,6,-1.50,25,11.90,19.60,15.69,14.40,0.00,1,39.71,14.93,0.5000
494901,0.78,0.78,14.51,8,14.58,189,0.66,1780,-2.00,37.50,93,7,-1.50,25,11.90,19.39,15.69,14.40,0.00,1,39.57,14.93,0.5000
495003,0.00,0.78,14.51,8,14.58,189,0.66,1780,-2.00,37.50,93,7,-1.50,25,12.04,19.16,15.69,14.40,0.00,1,39.58,14.93,0.5000
495105,0.00,0.78,14.51,8,14.58,189,0.66,1784,-2.00,37.50,93,7,-1.50,25,11.90,19.37,15.69,14.30,0.00,1,39.78,14.93,0.5000
495207,0.00,0.78,14.51,8,14.58,189,0.66,1771,-2.00,37.50,93,7,-1.50,25,11.90,19.60,15.69,14.30,0.00,1,39.61,14.93,0.5000
495309,0.00,0.78,14.51,8,14.58,189,0.66,1772,-2.00,37.50,93,8,-1.50,25,11.90,19.17,15.69,14.50,0.00,1,39.72,14.93,0.5000
495411,0.00,0.78,14.51,8,14.58,189,0.66,1776,-2.00,37.50,93,8,-1.50,25,11.90,19.83,15.69,14.60,0.00,1,39.80,14.93,0.5000
495512,0.00,0.78,14.51,8,14.58,189,0.66,1774,-2.00,37.50,93,9,-1.50,25,11.90,19.82,15.69,14.40,0.00,1,39.60,14.93,0.5000
495615,0.00,0.78,14.51,8,14.58,189,0.67,1778,-2.00,37.50,93,9,-1.50,25,12.04,19.60,15.69,14.50,0.00,1,39.65,14.93,0.5000
495717,-0.78,0.78,14.51,8,14.58,189,0.66,1781,-2.00,37.50,93,10,-1.50,25,11.90,19.83,15.69,14.50,0.00,1,39.68,14.93,0.5000
495819,-0.78,0.78,14.51,8,14.58,189,0.67,1783,-2.00,37.50,93,10,-1.50,25,11.90,19.60,15.69,14.40,0.00,1,39.61,14.93,0.5000
495921,-0.78,0.78,14.51,8,14.58,189,0.67,1781,-2.00,37.50,93,10,-1.50,25,11.90,20.05,15.69,14.40,0.00,1,39.59,14.93,0.5000
496023,-0.78,0.78,14.51,8,14.58,189,0.67,1782,-2.00,37.50,93,11,-1.50,25,11.90,20.39,15.69,14.40,0.00,1,39.51,14.93,0.5000
496125,-0.78,0.78,14.51,8,14.58,189,0.67,1783,-2.00,37.50,93,11,-1.50,25,11.90,20.04,15.69,14.40,0.00,1,39.37,14.93,0.5000
496227,-1.56,0.78,14.51,8,14.58,189,0.67,1786,-2.00,37.50,93,11,-1.50,25,11.90,20.27,15.69,14.40,0.00,1,39.40,14.93,0.5000
496329,-2.34,0.78,14.51,8,14.57,189,0.67,1788,-2.00,37.50,93,11,-1.50,25,11.90,19.94,15.69,14.40,0.00,1,39.47,14.93,0.5000
496431,-1.56,0.78,14.51,8,14.57,189,0.67,1788,-2.00,37.50,93,12,-1.50,25,11.90,19.72,15.29,14.40,0.00,1,39.58,14.49,0.5000
496534,-2.34,0.78,14.51,8,14.58,189,0.66,1798,-2.00,37.50,93,12,-1.50,25,11.75,19.73,15.29,14.40,0.00,1,39.69,14.49,0.5000
496635,-3.12,0.78,14.51,8,14.58,189,0.66,1794,-2.00,37.50,93,13,-1.50,25,11.75,20.06,15.29,14.40,0.00,1,39.52,14.49,0.5000
496737,-2.34,0.78,14.51,8,14.58,189,0.67,1792,-2.00,37.50,91,13,-1.50,25,11.75,19.72,15.29,14.40,0.00,1,39.37,14.64,0.5000
496840,-2.34,0.78,14.51,8,14.58,189,0.67,1795,-1.00,38.50,91,13,-0.50,25,11.75,20.29,15.29,14.50,0.00,1,39.30,14.64,0.5000
496941,-3.12,0.78,14.51,8,14.58,189,0.67,1795,-1.00,38.00,91,13,-0.50,25,11.75,19.72,15.29,14.60,0.00,1,39.36,14.49,0.5000
497043,-3.12,0.78,14.51,8,14.58,189,0.67,1797,-1.00,38.50,91,14,-0.50,25,11.75,19.94,15.29,14.40,0.00,1,39.56,14.49,0.5000
497145,-3.12,0.78,14.51,8,14.58,189,0.66,1798,-1.00,38.50,91,14,-0.50,25,11.75,19.72,15.29,14.40,0.00,1,39.59,14.49,0.5000
497246,-3.12,0.78,14.51,8,14.58,189,0.66,1797,-1.00,38.50,91,15,-0.50,25,11.75,19.72,15.29,14.50,0.00,1,39.60,14.49,0.5000
497350,-3.12,0.78,14.51,8,14.58,189,0.66,1798,-1.00,38.50,91,15,-0.50,25,11.75,19.61,15.29,14.60,0.00,1,39.69,14.49,0.5000
497451,-3.12,0.78,14.51,8,14.58,189,0.66,1797,-1.00,38.50,91,15,-0.50,25,11.75,19.83,15.29,14.50,0.00,1,39.64,14.49,0.5000
497553,-2.34,0.78,14.51,8,14.58,189,0.66,1797,-1.00,38.50,91,15,-0.50,25,11.75,19.61,15.29,14.50,0.00,1,39.57,14.20,0.5000
497656,-3.12,0.78,14.51,8,14.58,189,0.66,1798,-1.00,38.50,91,16,-0.50,25,11.61,19.39,14.90,14.50,0.00,1,39.70,14.05,0.5000
497757,-3.91,0.78,14.51,8,14.58,189,0.65,1776,-1.00,39.00,91,16,-0.50,25,10.45,17.40,12.55,14.40,0.00,1,40.55,9.38,0.5000
497859,-5.47,0.78,14.51,8,14.58,189,0.57,1737,-0.97,40.00,91,17,0.00,25,9.14,10.29,7.45,14.20,0.00,1,39.42,6.21,0.5000
497961,-7.81,0.78,14.51,8,14.57,189,0.48,1615,-0.93,32.00,91,17,0.00,25,7.84,8.87,5.88,13.50,0.00,1,29.52,5.33,0.5000
498063,-10.16,0.00,14.51,8,14.58,189,0.40,1471,-0.89,26.00,91,18,0.00,25,7.11,8.37,5.49,13.10,0.00,1,23.96,5.19,0.5000
498165,-11.72,0.00,14.51,8,14.59,189,0.38,1336,-0.85,21.00,91,18,0.00,25,6.82,7.83,5.49,13.00,0.00,1,20.07,4.90,0.5000
498267,0.00,0.00,14.51,8,14.60,189,0.38,1239,-0.82,18.50,91,18,0.00,25,6.67,7.47,4.71,12.90,0.00,1,19.85,4.61,0.5000
498370,0.00,0.00,14.51,10,14.62,189,0.37,1144,-0.78,21.00,91,11,-1.00,25,6.82,8.11,5.49,12.70,0.00,1,22.78,6.06,0.5000
498472,0.00,0.00,14.51,10,14.62,189,0.40,1155,-0.75,23.50,91,2,-1.00,25,7.40,8.87,6.67,12.70,0.00,1,25.73,6.79,0.5000
498573,0.00,0.00,14.51,10,14.60,189,0.41,1289,-0.72,26.00,91,0,-0.50,25,7.98,9.37,7.45,12.80,0.00,1,27.97,7.22,0.5000
498675,0.00,0.00,14.51,10,14.59,189,0.42,1380,-0.68,28.50,91,0,-0.50,25,8.13,10.01,8.24,12.20,0.00,1,29.67,7.66,0.5000
498776,0.00,0.78,14.51,10,14.59,189,0.42,1415,-0.64,29.50,91,0,-0.50,25,8.27,10.52,8.63,11.60,0.00,1,30.46,8.10,0.5000
498880,0.00,0.78,14.51,10,14.59,189,0.43,1420,-0.60,30.50,91,0,-0.50,25,8.71,12.00,9.02,11.80,0.00,1,31.79,9.25,0.5000
498982,0.00,0.78,14.51,10,14.59,189,0.47,1429,-0.57,32.50,91,0,-0.50,25,9.43,13.39,10.59,12.40,0.00,1,34.15,10.13,0.5000
499083,0.00,0.78,14.51,10,14.59,189,0.51,1478,-0.53,35.00,91,0,-0.50,25,9.87,13.39,10.98,12.70,0.00,1,36.98,10.28,0.5000
499185,0.00,0.78,14.51,10,14.58,189,0.53,1502,-0.48,37.00,91,0,-0.50,25,10.01,13.55,10.98,13.00,0.00,1,38.18,10.42,0.5000
499288,0.00,0.78,14.51,10,14.58,189,0.53,1534,-0.44,38.50,91,0,-0.50,25,10.16,13.56,10.98,12.90,0.00,1,39.08,10.42,0.5000
499390,-4.69,0.78,14.51,8,14.58,189,0.53,1567,-0.40,38.50,91,0,-0.50,25,10.01,13.24,10.98,12.90,0.00,1,39.24,10.28,0.5000
499492,-7.03,0.78,14.51,8,14.58,189,0.52,1564,-0.36,38.50,91,0,-0.50,25,10.01,13.60,10.98,13.00,0.00,1,39.31,10.28,0.5000
499593,-6.25,0.78,14.51,8,14.58,189,0.52,1567,-0.31,38.50,91,0,-0.50,25,9.87,13.29,10.98,13.10,0.00,1,38.95,10.28,0.5000
499695,-6.25,0.78,14.51,8,14.58,189,0.51,1576,-0.27,38.00,91,0,-0.50,25,9.87,13.64,10.98,13.60,0.00,1,38.87,10.13,0.5000
499798,-7.03,0.78,14.51,8,14.58,189,0.52,1560,-0.23,38.50,91,0,0.00,25,9.72,13.58,10.59,14.00,0.00,1,38.99,10.13,0.5000
499900,-7.03,0.78,14.51,8,14.58,189,0.52,1556,-0.18,38.50,91,0,0.00,25,9.87,13.35,10.59,14.20,0.00,1,38.69,9.98,0.5000
500002,-7.03,0.78,14.51,8,14.58,189,0.51,1567,-0.14,38.00,91,0,0.00,25,9.72,13.11,10.20,14.20,0.00,1,38.34,9.40,0.5000
500104,-7.81,0.78,14.51,8,14.58,189,0.51,1545,-0.10,37.50,91,0,0.00,25,9.43,12.24,9.41,14.30,0.00,1,37.52,8.82,0.5000
500205,-9.38,0.78,14.51,8,14.58,189,0.49,1541,-0.06,36.00,91,0,0.00,25,9.29,11.82,9.02,14.30,0.00,1,35.93,8.68,0.5000
500308,-10.16,0.78,14.51,8,14.58,189,0.47,1521,-0.02,34.50,91,1,0.00,25,9.14,11.66,9.02,14.10,0.00,1,35.02,8.68,0.5000
500410,-10.94,0.78,14.51,8,14.58,189,0.47,1492,0.00,34.50,91,1,0.00,25,9.14,11.68,9.02,14.10,0.00,1,34.28,8.68,0.5000
500512,-9.38,0.78,14.51,8,14.58,189,0.47,1488,0.00,34.00,91,1,0.00,25,9.14,11.44,9.02,14.10,0.00,1,34.18,8.68,0.5000
500613,-8.59,0.78,14.51,8,14.58,189,0.47,1468,0.00,34.00,91,1,0.00,25,9.14,11.10,9.02,14.40,0.00,1,34.05,8.53,0.5000
500715,-7.81,0.78,14.51,8,14.59,189,0.46,1474,0.00,33.00,91,1,0.00,25,9.14,11.29,9.02,14.80,0.00,1,33.66,8.53,0.5000
500818,-7.03,0.78,14.51,8,14.58,189,0.46,1463,0.00,33.50,91,1,0.00,25,9.29,11.41,9.41,15.90,0.00,1,33.62,8.82,0.5000
500920,-6.25,0.78,14.51,8,14.58,189,0.46,1478,0.00,33.50,91,1,0.00,25,9.29,11.86,9.41,14.80,0.00,1,34.22,8.82,0.5000
501021,-5.47,0.78,14.51,8,14.58,189,0.47,1475,0.00,34.00,91,1,0.00,25,9.43,11.80,9.41,14.90,0.00,1,34.58,8.82,0.5000
501124,-4.69,0.78,14.51,8,14.58,189,0.47,1497,0.00,34.00,91,2,0.00,25,9.43,11.28,9.41,15.00,0.00,1,34.50,8.82,0.5000
501225,-5.47,0.78,14.51,8,14.58,189,0.47,1493,0.00,34.50,91,2,0.00,25,9.29,11.66,9.41,14.90,0.00,1,34.69,8.82,0.5000
501328,-4.69,0.78,14.51,8,14.58,189,0.47,1508,0.00,34.50,91,2,0.00,25,9.29,11.84,9.41,14.90,0.00,1,34.55,8.97,0.5000
501430,-3.91,0.78,14.51,8,14.58,189,0.47,1499,0.00,34.50,91,3,0.00,25,9.43,12.04,9.41,14.70,0.00,1,35.09,9.26,0.5000
501531,-3.91,0.78,14.51,8,14.58,189,0.48,1513,0.00,35.00,91,3,0.00,25,9.43,12.07,9.41,14.70,0.00,1,35.21,9.11,0.5000
501634,-3.91,0.78,14.51,8,14.58,189,0.48,1506,0.00,35.50,91,3,0.00,25,9.43,12.17,9.41,14.80,0.00,1,35.74,9.11,0.5000
501736,-3.91,0.78,14.51,8,14.58,189,0.48,1522,0.00,35.50,91,3,0.00,25,9.43,12.10,9.41,14.80,0.00,1,35.58,9.11,0.5000
501838,-3.91,0.78,14.51,8,14.58,189,0.48,1528,0.00,35.50,91,3,0.00,25,9.43,11.96,9.41,14.80,0.00,1,35.79,8.97,0.5000
501940,-3.91,0.78,14.51,8,14.58,189,0.48,1518,0.00,35.50,91,4,0.00,25,9.43,12.15,9.41,14.40,0.00,1,35.73,8.97,0.5000
502042,-3.91,0.78,14.51,8,14.58,189,0.48,1532,0.00,35.00,91,3,0.00,25,9.43,12.51,9.41,14.40,0.00,1,35.60,9.26,0.5000
502148,-3.91,0.78,14.51,8,14.58,189,0.48,1518,0.00,36.00,91,4,0.00,25,9.58,12.51,9.80,14.50,0.00,1,36.30,9.40,0.5000
502246,-3.12,0.78,14.51,8,14.58,189,0.49,1538,0.00,36.00,91,4,0.00,25,9.58,12.51,9.80,14.60,0.00,1,36.19,9.40,0.5000
502347,-3.12,0.78,14.51,8,14.58,189,0.49,1542,0.00,36.00,91,4,0.00,25,9.58,11.98,9.80,14.60,0.00,1,36.39,9.26,0.5000
502450,-3.12,0.78,14.51,8,14.58,189,0.48,1534,0.00,36.00,91,5,0.00,25,9.58,12.42,9.41,14.50,0.00,1,36.20,9.26,0.5000
502552,-3.12,0.78,14.51,8,14.58,189,0.48,1548,0.00,35.50,91,5,0.00,25,9.58,12.34,9.80,14.60,0.00,1,35.88,9.26,0.5000
502654,-2.34,0.78,14.51,8,14.58,189,0.48,1534,0.00,36.00,91,5,0.00,25,9.58,12.25,9.80,14.60,0.00,1,36.08,9.26,0.5000
502756,-3.12,0.78,14.51,8,14.58,189,0.48,1533,0.00,36.00,91,5,0.00,25,9.58,12.16,9.80,14.60,0.00,1,35.96,9.26,0.5000
502858,-3.12,0.78,14.51,8,14.58,189,0.48,1549,0.00,35.50,91,6,0.00,25,9.58,12.51,9.80,14.60,0.00,1,35.98,9.26,0.5000
502960,-3.12,0.78,14.51,8,14.58,189,0.48,1535,0.00,36.00,91,6,0.00,25,9.58,12.42,9.80,14.40,0.00,1,36.39,9.26,0.5000
503062,-3.12,0.78,14.51,8,14.58,189,0.48,1546,0.00,36.00,91,6,0.00,25,9.58,12.51,9.80,14.50,0.00,1,36.21,9.26,0.5000
503163,-3.12,0.78,14.51,8,14.58,189,0.48,1550,0.00,36.00,91,7,0.00,25,9.58,12.16,9.80,14.50,0.00,1,36.42,9.26,0.5000
503265,-3.12,0.78,14.51,8,14.58,189,0.48,1536,0.00,36.00,91,7,0.00,25,9.58,12.34,9.80,14.50,0.00,1,36.28,9.26,0.5000
503368,-3.12,0.78,14.51,8,14.58,189,0.48,1546,0.00,36.00,91,7,0.00,25,9.58,12.16,9.80,14.50,0.00,1,36.07,9.26,0.5000
503470,-3.12,0.78,14.51,8,14.58,189,0.48,1532,0.00,36.00,91,7,0.00,25,9.58,12.51,9.80,14.60,0.00,1,36.49,9.26,0.5000
503572,-3.12,0.78,14.51,8,14.58,189,0.48,1545,0.00,36.00,91,8,0.00,25,9.58,12.60,9.80,14.50,0.00,1,36.21,9.26,0.5000
503674,-3.91,0.78,14.51,8,14.58,189,0.49,1546,0.00,36.00,91,8,0.00,25,9.58,11.63,9.80,14.40,0.00,1,36.12,9.08,0.5000
503776,-3.91,0.78,14.51,8,14.58,189,0.47,1525,0.00,35.00,91,8,0.00,25,9.00,8.59,7.45,14.40,0.00,1,33.14,6.21,0.5000
503878,-4.69,0.00,14.51,8,14.58,189,0.42,1492,0.00,29.00,91,9,0.00,25,7.84,7.52,5.49,14.30,0.00,1,27.05,5.19,0.5000
503980,-6.25,0.00,14.51,8,14.59,189,0.37,1398,0.00,24.50,91,9,0.00,25,7.11,6.79,5.49,14.20,0.00,1,23.20,4.90,0.5000
504082,-7.03,0.00,14.51,8,14.59,189,0.33,1335,0.00,21.00,91,9,0.00,25,6.67,6.74,5.10,13.90,0.00,1,20.80,4.90,0.5000
504184,0.00,0.00,14.51,8,14.60,189,0.32,1264,0.00,19.50,91,9,0.00,25,6.38,6.40,5.10,13.70,0.00,1,18.23,4.75,0.5000
504286,0.00,0.00,14.51,10,14.60,189,0.32,1229,0.00,17.50,91,4,0.00,25,6.38,6.21,4.71,13.60,0.00,1,16.96,4.61,0.5000
504388,0.00,0.00,14.51,10,14.61,189,0.31,1181,0.00,17.00,91,0,0.00,25,6.38,6.01,4.71,13.70,0.00,1,16.91,4.61,0.5000
504490,0.00,0.00,14.51,10,14.61,189,0.31,1156,0.00,17.00,91,0,0.00,25,6.53,5.82,4.71,13.90,0.00,1,16.91,4.46,0.5000
504591,0.00,0.00,14.51,10,14.62,189,0.31,1138,0.00,17.00,93,0,0.00,25,6.67,5.79,4.71,14.40,0.00,1,16.91,4.33,0.5000
504694,0.00,0.00,14.51,10,14.64,189,0.31,1020,0.00,22.00,93,0,0.00,25,6.82,5.63,4.71,16.70,0.00,1,16.91,4.46,0.5000
504796,0.00,0.00,14.51,10,14.66,189,0.32,890,0.00,22.00,93,0,0.00,25,7.11,5.63,4.71,15.60,0.00,1,16.91,4.33,0.5000
504898,0.00,0.00,14.51,10,14.69,189,0.34,826,0.00,22.00,93,0,0.00,25,7.55,5.60,4.71,16.60,0.00,1,16.91,4.61,0.5000
505000,0.00,0.00,14.51,10,14.65,189,0.35,1040,0.00,14.50,93,0,0.00,25,7.69,5.75,4.71,19.60,0.00,1,16.91,4.61,0.5000
505102,0.00,0.00,14.51,10,14.61,189,0.34,1182,0.00,17.00,93,0,0.00,25,7.40,5.53,4.71,22.90,0.00,1,16.91,4.46,0.5000
505204,0.00,0.00,14.51,10,14.60,189,0.31,1248,0.00,17.00,93,0,0.00,25,6.96,5.56,4.71,21.80,0.00,1,17.27,4.46,0.5000
505306,0.00,0.00,14.51,10,14.60,189,0.29,1241,0.00,17.00,93,0,0.00,25,6.67,5.56,4.71,23.20,0.00,1,17.15,4.46,0.5000
505408,0.00,0.00,14.51,10,14.60,189,0.28,1210,0.00,17.00,93,0,0.00,25,6.53,5.63,4.71,13.50,0.00,1,17.01,4.61,0.5000
505511,-2.34,0.00,14.51,8,14.61,189,0.28,1187,0.00,17.00,93,0,0.00,25,6.53,5.48,4.71,13.20,0.00,1,16.91,4.61,0.5000
505612,-1.56,0.00,14.51,8,14.61,189,0.28,1166,0.00,17.00,93,0,0.00,25,6.53,5.53,4.71,13.40,0.00,1,16.91,4.61,0.5000
505714,-1.56,0.00,14.51,8,14.62,189,0.28,1150,0.00,17.00,93,0,0.00,25,6.53,5.51,4.71,13.80,0.00,1,16.91,4.61,0.5000
505816,-1.56,0.00,14.51,8,14.62,189,0.28,1145,0.00,17.00,93,0,0.00,25,6.53,5.51,4.71,14.20,0.00,1,16.91,4.46,0.5000
505918,-1.56,2.34,14.51,8,14.62,189,0.28,1134,0.00,17.00,93,0,0.00,25,6.53,5.39,4.71,14.20,0.00,1,16.91,4.46,0.5000
506021,-2.34,2.34,14.51,8,14.62,189,0.28,1131,0.00,17.00,93,0,0.00,25,6.53,5.32,4.71,14.30,0.00,1,16.91,4.46,0.5000
506122,-2.34,2.34,14.51,8,14.62,189,0.28,1115,0.00,17.00,93,0,0.00,25,6.53,5.41,4.71,14.40,0.00,1,16.91,4.46,0.5000
506228,-3.12,2.34,14.51,8,14.62,189,0.28,1107,0.00,17.00,93,0,0.00,25,6.53,5.25,4.71,14.40,0.00,1,16.91,4.46,0.5000
506326,-3.91,2.34,14.51,8,14.63,189,0.28,1103,0.00,17.00,93,0,0.00,25,6.53,5.18,4.71,14.30,0.00,1,16.91,4.46,0.5000
506428,-4.69,2.34,14.51,8,14.63,189,0.28,1083,0.00,17.00,93,0,0.00,25,6.53,5.32,4.71,14.30,0.00,1,16.91,4.32,0.5000
506530,-4.69,2.34,14.51,8,14.63,189,0.29,1074,0.00,19.00,93,0,0.00,25,6.53,5.37,4.71,14.00,0.00,1,16.91,4.32,0.5000
506632,-5.47,2.34,14.51,8,14.63,189,0.29,1074,0.00,18.00,93,0,0.00,25,6.53,5.22,4.71,14.00,0.00,1,16.91,4.32,0.5000
506734,-5.47,2.34,14.51,8,14.63,189,0.29,1074,0.00,17.00,93,0,0.00,25,6.53,5.15,4.71,14.00,0.00,1,16.91,4.32,0.5000
506836,-6.25,2.34,14.51,8,14.63,189,0.29,1072,0.00,17.00,93,0,0.00,25,6.53,5.22,4.71,14.00,0.00,1,16.91,4.32,0.5000
506938,-6.25,2.34,14.51,8,14.63,189,0.29,1077,0.00,17.00,93,0,0.00,25,6.53,5.18,4.71,14.00,0.00,1,16.91,4.32,0.5000
507040,-7.03,2.34,14.51,8,14.64,189,0.29,1068,0.00,18.00,93,0,0.00,25,6.53,5.15,4.71,14.00,0.00,1,16.91,4.32,0.5000
507142,-7.81,2.34,14.51,8,14.64,189,0.29,1053,0.00,19.00,93,0,0.00,25,6.53,5.18,4.71,13.90,0.00,1,16.91,4.32,0.5000
507244,-7.81,2.34,14.51,8,14.64,189,0.29,1039,0.00,18.50,93,0,0.00,25,6.67,5.18,4.71,13.90,0.00,1,16.91,4.32,0.5000
507347,-8.59,2.34,14.51,8,14.64,189,0.29,1042,0.00,18.00,93,0,0.00,25,6.67,5.10,4.71,14.00,0.00,1,16.91,4.32,0.5000
507448,-8.59,2.34,14.51,8,14.64,189,0.29,1050,0.00,17.50,93,0,0.00,25,6.67,4.94,4.71,13.90,0.00,1,16.91,4.32,0.5000
507550,-8.59,2.34,14.51,8,14.64,189,0.29,1039,0.00,18.50,93,0,0.00,25,6.67,4.94,4.71,13.90,0.00,1,16.91,4.32,0.5000
507653,-9.38,2.34,14.51,8,14.64,189,0.29,1023,0.00,19.50,93,0,0.00,25,6.67,5.08,4.71,13.90,0.00,1,16.91,4.32,0.5000
507754,-9.38,2.34,14.51,8,14.64,189,0.29,1027,0.00,18.00,93,0,0.00,25,6.82,5.05,4.71,14.00,0.00,1,16.91,4.32,0.5000
507856,-9.38,2.34,14.51,8,14.64,189,0.29,1034,0.00,17.50,93,0,0.00,25,6.82,5.00,4.31,14.10,0.00,1,16.91,4.17,0.5000
507959,-8.59,2.34,14.51,8,14.65,189,0.29,1020,0.00,20.00,93,0,0.00,25,6.82,4.94,4.31,14.30,0.00,1,16.91,4.17,0.5000
508060,-8.59,2.34,14.51,8,14.64,189,0.29,1019,0.00,18.00,93,0,0.00,25,6.82,4.94,4.31,14.40,0.00,1,16.91,4.17,0.5000
508162,-8.59,2.34,14.51,8,14.63,189,0.29,1112,0.00,17.00,93,0,0.00,25,6.67,4.94,4.31,14.50,0.00,1,16.91,4.17,0.5000
508264,-8.59,2.34,14.51,8,14.60,189,0.27,1211,0.00,17.00,93,0,0.00,25,6.53,4.91,4.31,14.60,0.00,1,17.15,4.32,0.5000
508366,-8.59,2.34,14.51,8,14.60,189,0.26,1278,0.00,17.50,93,0,0.00,25,6.38,5.05,4.71,14.40,0.00,1,17.46,4.61,0.5000
508468,-7.81,2.34,14.51,8,14.60,189,0.25,1303,0.00,17.50,93,0,0.00,25,6.24,5.08,4.71,14.70,0.00,1,17.46,4.75,0.5000
508570,-6.25,2.34,14.51,8,14.60,189,0.24,1306,0.00,17.50,93,0,0.00,25,6.09,5.25,5.10,15.00,0.00,1,17.42,4.75,0.5000
508673,-4.69,2.34,14.51,8,14.60,189,0.24,1298,0.00,17.50,93,0,0.00,25,5.95,5.27,5.10,15.00,0.00,1,17.43,4.75,0.5000
508775,-2.34,2.34,14.51,8,14.60,189,0.24,1316,0.00,17.50,93,0,0.00,25,5.95,5.22,5.10,15.60,0.00,1,17.61,4.75,0.5000
508876,-0.78,2.34,14.51,8,14.59,189,0.24,1352,0.00,17.50,93,0,0.00,25,5.80,5.10,5.10,15.80,0.00,1,17.71,4.75,0.5000
508979,0.78,2.34,14.51,8,14.59,189,0.23,1367,0.00,17.50,93,0,0.00,25,5.80,5.27,5.10,16.10,0.00,1,17.74,4.75,0.5000
509080,1.56,2.34,14.51,8,14.59,189,0.23,1360,0.00,18.00,93,0,0.00,25,5.66,5.34,5.10,16.20,0.00,1,17.84,4.75,0.5000
509182,1.56,2.34,14.51,8,14.59,189,0.23,1364,0.00,18.00,93,0,0.00,25,5.66,5.27,5.10,16.10,0.00,1,17.86,4.75,0.5000
509285,2.34,2.34,14.51,8,14.59,189,0.23,1371,0.00,19.00,93,0,0.00,25,5.66,5.63,5.10,15.90,0.00,1,19.98,5.77,0.5000
509387,1.56,2.34,14.51,8,14.59,189,0.24,1380,0.00,21.50,93,0,0.00,25,5.95,6.85,7.06,15.60,0.00,1,22.76,6.79,0.5000
509488,1.56,2.34,14.51,8,14.59,189,0.26,1420,0.00,25.00,93,0,0.00,25,6.38,6.92,7.06,15.40,0.00,1,25.06,6.79,0.5000
509590,2.34,2.34,14.51,8,14.59,189,0.28,1460,0.00,25.50,93,0,0.00,25,6.24,5.79,5.49,15.10,0.00,1,24.77,5.04,0.5000
509692,3.12,2.34,14.51,8,14.59,189,0.26,1457,0.00,23.50,93,0,0.00,25,5.95,5.58,5.10,15.00,0.00,1,23.11,4.90,0.5000
509795,2.34,0.00,14.51,8,14.59,189,0.24,1450,0.00,22.00,93,0,0.00,25,5.80,5.56,5.10,15.20,0.00,1,21.34,4.90,0.5000
509896,0.78,0.00,14.51,8,14.59,189,0.24,1424,0.00,20.50,93,0,0.00,25,5.66,5.51,5.10,15.00,0.00,1,19.73,4.90,0.5000
509998,0.00,0.00,14.51,10,14.59,189,0.24,1382,0.00,18.50,93,0,0.00,25,5.66,5.58,5.10,13.80,0.00,1,18.05,4.90,0.5000
510100,0.00,0.00,14.51,10,14.59,189,0.24,1332,0.00,17.50,93,0,0.00,25,5.66,5.60,5.10,14.20,0.00,1,17.53,4.90,0.5000
510203,0.00,0.00,14.51,10,14.60,189,0.25,1289,0.00,17.50,93,0,0.00,25,5.66,5.44,5.10,14.30,0.00,1,17.41,4.75,0.5000
510304,0.00,0.00,14.51,10,14.60,189,0.25,1270,0.00,17.50,93,0,0.00,25,5.95,5.34,4.71,15.20,0.00,1,17.30,4.61,0.5000
510406,0.00,0.00,14.51,10,14.61,189,0.25,1190,0.00,17.00,93,0,0.00,25,6.09,5.34,4.71,16.10,0.00,1,16.91,4.61,0.5000
510509,0.00,0.00,14.51,10,14.62,189,0.26,1112,0.00,17.00,93,0,0.00,25,6.24,5.39,4.71,17.20,0.00,1,16.91,4.46,0.5000
510611,0.00,2.34,14.51,10,14.63,189,0.27,1041,0.00,22.00,93,0,0.00,25,6.38,5.37,4.71,18.10,0.00,1,16.91,4.46,0.5000
510713,0.00,2.34,14.51,10,14.65,189,0.29,1001,0.00,22.00,93,0,0.00,25,6.67,5.34,4.71,20.30,0.00,1,16.91,4.46,0.5000
510815,0.00,2.34,14.51,10,14.66,189,0.30,944,0.00,22.00,93,0,0.00,25,6.96,5.32,4.71,20.80,0.00,1,16.91,4.61,0.5000
510917,0.00,2.34,14.51,10,14.67,189,0.32,878,0.00,22.00,93,0,0.00,25,7.25,5.48,5.10,25.70,0.00,1,16.91,4.90,0.5000
511019,0.00,2.34,14.51,10,14.68,189,0.33,846,0.00,22.00,93,0,0.00,25,7.69,5.29,5.10,30.80,0.00,1,16.91,4.89,0.5000
511121,0.00,2.34,14.51,10,14.63,189,0.33,1132,0.00,12.00,93,0,0.00,25,7.84,5.22,5.10,37.90,0.00,1,16.92,4.89,0.5000
511223,0.00,2.34,14.51,10,14.60,189,0.30,1355,0.00,17.50,95,0,0.00,25,6.96,5.05,4.71,58.30,0.00,1,17.73,4.45,0.5000
511325,0.00,2.34,14.51,10,14.59,189,0.26,1388,0.00,18.00,95,0,0.00,25,6.38,5.12,4.71,39.80,0.00,1,17.79,4.60,0.5000
511427,0.00,2.34,14.51,10,14.59,189,0.25,1344,0.00,17.50,95,0,0.00,25,6.09,5.46,5.10,17.40,0.00,1,17.73,4.90,0.5000
511529,0.00,2.34,14.51,10,14.59,189,0.24,1348,0.00,17.50,95,0,0.00,25,6.09,5.48,5.10,17.10,0.00,1,17.69,4.90,0.5000
511630,0.00,2.34,14.51,10,14.60,189,0.24,1325,0.00,17.50,95,0,0.00,25,5.95,5.41,5.10,14.80,0.00,1,17.54,4.90,0.5000
511733,0.00,2.34,14.51,10,14.60,189,0.24,1320,0.00,17.50,95,0,0.00,25,5.95,5.37,5.10,15.80,0.00,1,17.46,4.75,0.5000
511835,0.00,2.34,14.51,10,14.60,189,0.24,1313,0.00,17.50,95,0,0.00,25,5.80,5.39,5.10,15.80,0.00,1,17.57,4.75,0.5000
511937,0.00,2.34,14.51,10,14.60,189,0.24,1310,0.00,17.50,95,0,0.00,25,5.80,5.44,4.71,15.90,0.00,1,17.54,4.75,0.5000
512039,0.00,2.34,14.51,10,14.60,189,0.25,1309,0.00,17.50,95,0,0.00,25,5.80,5.32,5.10,15.90,0.00,1,17.43,4.75,0.5000
512141,0.00,2.34,14.51,8,14.60,189,0.25,1314,0.00,17.50,95,0,0.00,25,5.66,5.37,5.10,15.70,0.00,1,17.44,4.75,0.5000
512243,0.78,2.34,14.51,8,14.60,189,0.25,1297,0.00,17.50,95,0,0.00,25,5.66,5.41,5.10,15.50,0.00,1,17.43,4.75,0.5000
512345,0.00,2.34,14.51,8,14.60,189,0.25,1290,0.00,17.50,95,0,0.00,25,5.66,5.32,5.10,15.20,0.00,1,17.39,4.75,0.5000
512447,0.00,2.34,14.51,8,14.60,189,0.25,1277,0.00,17.50,95,0,0.00,25,5.66,5.32,5.10,15.10,0.00,1,17.40,4.75,0.5000
512549,0.00,2.34,14.51,8,14.60,189,0.25,1300,0.00,17.50,95,0,0.00,25,5.80,5.27,5.10,15.40,0.00,1,17.41,4.75,0.5000
512651,0.00,2.34,14.51,8,14.60,189,0.24,1309,0.00,17.50,95,0,0.00,25,5.66,5.17,5.10,14.80,0.00,1,17.47,4.76,0.5000
512753,-0.78,2.34,14.51,8,14.59,189,0.24,1329,0.00,17.50,95,0,0.00,25,5.66,5.22,5.10,14.40,0.00,1,17.59,4.75,0.5000
512855,-0.78,2.34,14.51,8,14.59,189,0.24,1360,0.00,18.00,95,0,0.00,25,5.66,5.25,5.10,14.40,0.00,1,17.90,4.75,0.5000
512957,0.00,2.34,14.51,8,14.59,189,0.23,1462,0.00,18.50,95,0,0.00,25,5.51,5.39,5.10,14.40,0.00,1,18.75,4.75,0.5000
513059,0.00,2.34,14.51,8,14.58,189,0.22,1629,0.00,20.00,95,0,0.00,25,5.37,5.41,5.10,14.50,0.00,1,20.63,5.19,0.5000
513161,0.00,2.34,14.51,8,14.57,189,0.21,1762,0.00,23.00,95,0,0.00,25,5.08,5.65,5.49,14.50,0.00,1,23.95,5.33,0.5000
513263,0.78,2.34,14.51,8,14.58,189,0.19,1898,0.00,24.00,95,0,0.00,25,4.93,5.84,5.88,14.70,0.00,1,23.95,5.63,0.5000
513364,1.56,2.34,14.51,8,14.58,189,0.19,1936,0.00,24.00,95,0,0.00,25,4.79,5.84,5.88,14.70,0.00,1,23.95,5.77,0.5000
513467,3.91,2.34,14.51,8,14.58,189,0.19,1922,0.00,24.00,95,0,0.00,25,4.79,6.01,5.88,15.20,0.00,1,23.95,5.77,0.5000
513569,5.47,2.34,14.51,8,14.58,189,0.19,1934,0.00,24.00,95,0,0.00,25,4.79,6.16,5.88,15.20,0.00,1,23.95,5.77,0.5000
513671,6.25,0.00,14.51,8,14.58,189,0.19,1943,0.00,24.00,95,1,0.00,25,4.64,6.21,5.88,15.60,0.00,1,23.95,5.77,0.5000
513773,0.00,0.00,14.51,10,14.58,189,0.19,1910,0.00,24.00,95,1,0.00,25,4.64,6.01,5.88,15.50,0.00,1,23.95,5.77,0.5000
513875,0.00,0.00,14.51,10,14.58,189,0.19,1883,0.00,24.00,95,1,0.00,25,4.79,6.21,5.88,15.70,0.00,1,23.95,5.77,0.5000
513977,0.00,0.00,14.51,10,14.58,189,0.19,1862,0.00,24.00,95,2,0.00,25,4.79,6.21,5.88,16.30,0.00,1,23.95,5.77,0.5000
514079,0.00,0.00,14.51,10,14.58,189,0.20,1843,0.00,24.00,95,2,0.00,25,4.79,6.11,5.88,18.10,0.00,1,23.95,5.77,0.5000
514181,0.00,0.00,14.51,10,14.58,189,0.20,1795,0.00,23.50,95,4,0.00,25,4.79,6.21,5.88,20.20,0.00,1,23.44,5.63,0.5000
514283,0.00,0.00,14.51,10,14.57,189,0.21,1762,0.00,23.00,95,3,0.00,25,4.93,5.91,5.88,22.60,0.00,1,22.84,5.48,0.5000
514385,0.00,0.00,14.51,10,14.57,189,0.20,1742,0.00,22.50,95,4,0.00,25,4.93,6.01,5.88,27.90,0.00,1,22.47,5.48,0.5000
514487,0.00,0.00,14.51,10,14.57,189,0.21,1726,0.00,22.50,95,4,0.00,25,4.93,6.11,5.88,36.10,0.00,1,22.20,5.48,0.5000
514589,0.00,0.00,14.51,10,14.57,189,0.21,1701,0.00,22.50,95,5,0.00,25,4.93,6.21,5.88,55.30,0.00,1,22.28,5.48,0.5000
514691,0.00,0.00,14.51,10,14.57,189,0.21,1690,0.00,22.00,95,5,0.00,25,4.93,6.21,5.88,77.10,0.00,1,22.06,5.48,0.5000
514793,0.00,0.00,14.51,10,14.57,189,0.22,1677,0.00,22.00,95,6,0.00,25,5.08,6.21,5.88,85.60,0.00,1,21.81,5.48,0.5000
514895,0.00,0.00,14.51,10,14.57,189,0.22,1665,0.00,21.50,95,6,0.00,25,5.08,6.35,5.49,94.40,0.00,1,21.57,5.33,0.5000
514997,0.00,0.00,14.51,10,14.57,189,0.22,1669,0.00,21.00,95,7,0.00,25,5.08,6.21,5.49,96.00,0.00,1,21.08,5.33,0.5000
515100,0.00,0.00,14.51,10,14.57,189,0.22,1657,0.00,21.00,95,7,0.00,25,5.08,6.30,5.49,96.00,0.00,1,20.86,5.33,0.5000
515201,0.00,0.00,14.51,10,14.57,189,0.23,1645,0.00,20.50,95,7,0.00,25,5.08,6.50,5.49,96.00,0.00,1,20.95,5.33,0.5000
515303,0.00,0.00,14.51,10,14.57,189,0.23,1621,0.00,21.00,95,8,0.00,25,5.22,6.50,5.49,96.00,0.00,1,20.74,5.33,0.5000
515405,0.00,0.00,14.51,10,14.57,189,0.24,1611,0.00,20.50,95,9,0.00,25,5.22,6.30,5.49,99.90,0.00,1,20.29,5.33,0.5000
515507,0.00,0.00,14.51,10,14.57,189,0.24,1614,0.00,20.00,95,9,0.00,25,5.22,6.30,5.49,99.90,0.00,1,20.07,5.33,0.5000
515609,0.00,0.00,14.51,10,14.58,189,0.24,1604,0.00,20.00,95,9,0.00,25,5.22,6.35,5.49,99.90,0.00,1,20.61,5.19,0.5000
515711,0.00,0.00,14.51,10,14.57,189,0.24,1603,0.00,23.00,95,10,0.00,25,5.37,7.37,5.49,99.90,0.00,1,23.94,6.34,0.5000
515813,0.00,0.00,14.51,10,14.57,189,0.25,1760,0.00,27.50,95,9,0.00,25,5.80,8.50,7.45,99.90,0.00,1,29.32,7.81,0.5000
515916,0.00,0.00,14.51,10,14.56,189,0.27,1842,0.00,31.00,95,10,0.00,25,6.09,9.49,8.24,99.90,0.00,1,31.94,7.95,0.5000
516017,0.00,0.00,14.51,10,14.56,189,0.29,1872,0.00,32.50,95,10,0.00,25,6.38,9.60,8.63,69.30,0.00,1,32.67,8.10,0.5000
516119,0.00,0.00,14.51,10,14.55,189,0.30,1903,0.00,33.00,95,11,0.00,25,6.53,9.83,8.63,24.80,0.00,1,33.43,8.10,0.5000
516221,0.00,0.00,14.51,10,14.55,189,0.31,1908,0.00,33.50,95,11,0.00,25,6.38,8.59,7.84,20.00,0.00,1,33.39,7.38,0.5000
516323,0.00,0.00,14.51,10,14.56,189,0.29,1880,0.00,32.00,95,11,0.00,25,5.95,7.65,6.67,18.80,0.00,1,30.93,5.77,0.5000
516426,0.00,0.00,14.51,10,14.56,189,0.26,1858,0.00,29.50,95,12,0.00,25,5.51,7.18,5.88,17.70,0.00,1,28.62,5.63,0.5000
516527,-1.56,0.00,14.51,8,14.57,189,0.25,1835,0.00,27.50,95,13,0.00,25,5.22,7.18,5.88,16.50,0.00,1,27.06,5.63,0.5000
516629,-2.34,0.00,14.51,8,14.57,189,0.24,1815,0.00,26.00,95,13,0.00,25,5.08,6.99,5.88,18.00,0.00,1,25.53,5.63,0.5000
516732,0.00,0.00,14.51,10,14.57,189,0.24,1770,0.00,24.00,95,14,0.00,25,5.08,6.99,5.88,14.60,0.00,1,23.76,5.63,0.5000
516833,0.00,0.00,14.51,10,14.57,189,0.24,1728,0.00,23.00,95,14,0.00,25,5.08,6.89,5.88,13.90,0.00,1,22.77,5.63,0.5000
516935,0.00,0.00,14.51,10,14.57,189,0.24,1710,0.00,22.50,95,14,0.00,25,5.08,6.60,5.88,15.40,0.00,1,22.43,5.48,0.5000
517037,0.00,0.00,14.51,10,14.57,189,0.24,1687,0.00,22.50,95,15,0.00,25,5.08,6.69,5.88,15.40,0.00,1,21.77,5.33,0.5000
517139,0.00,0.00,14.51,10,14.57,189,0.24,1610,0.00,21.00,95,15,0.00,25,5.22,7.23,5.88,18.90,0.00,1,20.35,6.06,0.5000
517263,0.00,0.00,14.51,10,14.58,189,0.25,1578,0.00,20.00,95,16,0.00,25,5.51,7.47,6.67,21.30,0.00,1,19.64,6.21,0.5000
517343,0.00,0.00,14.51,10,14.58,189,0.27,1535,0.00,19.50,95,16,0.00,25,5.80,7.23,6.27,21.30,0.00,1,19.48,5.77,0.5000
517445,0.00,0.00,14.51,10,14.58,189,0.28,1501,0.00,19.00,95,16,0.00,25,5.95,7.28,5.88,32.50,0.00,1,18.75,5.77,0.5000
517548,0.00,0.00,14.51,10,14.59,189,0.29,1416,0.00,18.00,95,17,0.00,25,6.24,7.23,5.88,46.90,0.00,1,18.14,5.77,0.5000
517649,0.00,0.00,14.51,10,14.59,189,0.30,1368,0.00,18.00,95,17,0.00,25,6.38,7.18,5.88,63.80,0.00,1,17.68,5.63,0.5000
517761,0.00,0.00,14.51,10,14.60,189,0.31,1294,0.00,17.50,95,17,0.00,25,6.53,6.99,5.88,76.30,0.00,1,17.41,5.48,0.5000
517853,0.00,0.00,14.51,10,14.60,189,0.31,1240,0.00,17.50,95,18,0.00,25,6.67,6.79,5.88,87.10,0.00,1,17.13,5.48,0.5000
517955,0.00,0.00,14.51,10,14.60,189,0.32,1186,0.00,17.00,95,5,0.00,25,6.82,6.74,5.88,93.80,0.00,1,16.91,5.33,0.5000
518058,0.00,0.00,14.51,10,14.62,189,0.33,1124,0.00,17.00,95,2,0.00,25,6.96,6.60,5.49,96.00,0.00,1,16.91,5.19,0.5000
518159,0.00,0.00,14.51,10,14.63,189,0.34,1076,0.00,22.00,95,0,0.00,25,7.11,6.30,5.49,96.00,0.00,1,16.91,5.19,0.5000
518261,0.00,0.00,14.51,10,14.60,189,0.34,1206,0.00,17.00,95,0,0.00,25,7.25,6.11,5.49,96.00,0.00,1,17.20,5.04,0.5000
518364,0.00,0.00,14.51,10,14.59,189,0.32,1381,0.00,18.00,95,0,0.00,25,6.82,6.21,5.49,95.10,0.00,1,17.98,5.19,0.5000
518465,0.00,0.00,14.51,10,14.59,189,0.29,1411,0.00,18.00,95,0,0.00,25,6.53,6.69,5.88,34.10,0.00,1,17.92,5.63,0.5000
518568,0.00,0.00,14.51,10,14.59,189,0.29,1369,0.00,18.00,95,0,0.00,25,6.38,6.84,5.88,20.60,0.00,1,17.81,5.77,0.5000
518670,0.00,0.00,14.51,10,14.59,189,0.29,1330,0.00,17.50,95,0,0.00,25,6.38,6.50,5.88,16.50,0.00,1,17.64,5.63,0.5000
518772,0.00,0.00,14.51,10,14.60,189,0.29,1313,0.00,17.50,95,0,0.00,25,6.38,6.55,5.88,15.10,0.00,1,17.51,5.63,0.5000
518874,0.00,0.00,14.51,10,14.60,189,0.30,1264,0.00,17.00,95,0,0.00,25,6.38,6.30,5.88,15.80,0.00,1,17.17,5.48,0.5000
518975,0.00,0.00,14.51,8,14.60,189,0.30,1230,0.00,17.00,95,0,0.00,25,6.53,6.21,5.49,16.00,0.00,1,16.99,5.33,0.5000
519079,0.00,0.00,14.51,8,14.60,189,0.30,1201,0.00,17.00,95,0,0.00,25,6.67,6.01,5.49,15.70,0.00,1,16.91,5.33,0.5000
519180,0.78,0.00,14.51,8,14.61,189,0.30,1166,0.00,17.00,95,0,0.00,25,6.67,5.82,5.49,15.70,0.00,1,16.91,5.34,0.5000
519282,0.78,0.00,14.51,8,14.62,189,0.30,1144,0.00,22.00,95,0,0.00,25,6.82,5.84,5.49,15.40,0.00,1,16.91,5.34,0.5000
519384,0.78,0.00,14.51,8,14.62,189,0.31,1138,0.00,22.00,95,0,0.00,25,6.96,5.91,5.49,15.20,0.00,1,16.91,5.19,0.5000
519486,0.78,0.00,14.51,8,14.62,189,0.31,1127,0.00,22.00,95,0,0.00,25,6.96,6.06,5.49,15.10,0.00,1,16.91,5.19,0.5000
519588,0.78,0.00,14.51,8,14.62,189,0.31,1124,0.00,22.00,95,0,0.00,25,7.11,5.82,5.49,15.00,0.00,1,16.91,5.19,0.5000
519690,0.78,0.00,14.51,8,14.62,189,0.31,1124,0.00,21.50,95,0,0.00,25,7.11,5.70,5.49,15.00,0.00,1,16.91,5.19,0.5000
519792,0.78,0.00,14.51,8,14.62,189,0.31,1128,0.00,17.50,95,0,0.00,25,7.11,6.01,5.49,15.20,0.00,1,17.86,5.19,0.5000
519894,0.78,0.00,14.51,8,14.62,189,0.31,1118,0.00,19.00,95,0,0.00,25,7.69,9.40,7.45,14.70,0.00,1,20.61,9.83,0.5000
519996,0.78,0.00,14.51,8,14.61,189,0.38,1184,0.00,23.00,95,0,0.00,25,9.72,11.77,11.76,15.10,0.00,1,26.63,11.15,0.5000
520097,-3.91,0.78,14.51,8,14.60,189,0.45,1305,0.00,30.00,95,0,0.00,25,10.74,12.49,12.16,17.00,0.00,1,30.96,11.87,0.5000
520200,-3.12,0.78,14.51,8,14.59,189,0.13,1395,0.00,33.00,95,0,0.00,25,11.17,12.86,12.94,13.90,0.00,1,34.90,12.31,0.5000
520302,3.12,0.78,14.51,8,14.59,189,0.52,1415,0.00,35.00,95,0,0.00,25,11.32,13.23,12.94,14.20,0.00,1,36.43,12.31,0.5000
520404,6.25,0.78,14.51,8,14.59,189,0.54,1461,0.00,36.50,95,0,0.00,25,11.46,13.52,12.94,15.50,0.00,1,37.79,12.31,0.5000
520506,7.03,0.78,14.51,8,14.58,189,0.54,1493,0.00,37.50,95,0,0.00,25,11.46,13.77,12.94,15.80,0.00,1,38.84,12.31,0.5000
520608,6.25,0.78,14.51,8,14.58,189,0.54,1539,0.00,39.00,95,0,0.00,25,11.46,15.04,13.73,15.50,0.00,1,40.16,13.91,0.5000
520710,6.25,0.78,14.51,8,14.58,189,0.56,1557,0.00,39.50,95,0,0.00,25,11.90,15.64,14.90,15.00,0.00,1,40.15,14.34,0.5000
520812,7.81,0.78,14.51,8,14.58,189,0.58,1594,0.00,40.00,95,0,0.50,25,12.04,15.96,15.29,14.80,0.00,1,40.89,14.49,0.5000
520914,7.81,0.78,14.51,8,14.58,189,0.59,1640,0.00,40.00,95,0,0.50,25,11.90,16.64,15.29,14.90,0.00,1,40.82,14.49,0.5000
521016,7.03,0.78,14.51,8,14.58,187,0.59,1671,0.00,40.00,95,0,0.50,25,11.90,16.97,15.29,15.00,0.00,1,40.88,14.49,0.5000
521118,7.03,0.78,14.51,8,14.58,187,0.60,1690,0.00,40.50,95,1,0.50,25,11.75,16.62,14.90,14.40,0.00,1,41.05,14.34,0.5000
521220,6.25,0.78,14.51,8,14.58,187,0.60,1686,0.00,40.50,95,1,0.50,25,11.75,17.13,14.90,14.40,0.00,1,40.98,14.34,0.5000
521322,5.47,0.78,14.51,8,14.58,187,0.60,1700,0.00,40.50,95,1,0.50,25,11.75,17.34,15.29,14.40,0.00,1,41.01,14.34,0.5000
521424,5.47,0.78,14.51,8,14.58,187,0.61,1709,0.00,40.50,95,1,0.50,25,11.75,18.02,14.90,14.40,0.00,1,40.80,14.34,0.5000
521526,5.47,0.78,14.51,8,14.58,187,0.62,1720,0.00,40.00,95,1,0.50,25,11.75,18.12,14.90,14.40,0.00,1,40.68,14.34,0.5000
521628,4.69,0.78,14.51,8,14.58,187,0.62,1730,0.00,40.00,95,2,0.50,25,11.61,18.52,14.90,14.30,0.00,1,40.51,14.34,0.5000
521729,3.12,0.78,14.51,8,14.58,187,0.63,1737,0.00,40.00,95,2,0.50,25,11.61,18.32,14.90,14.30,0.00,1,40.51,14.34,0.5000
521832,3.12,0.78,14.51,8,14.58,187,0.63,1760,0.00,40.00,95,3,0.50,25,11.61,18.33,14.90,14.20,0.00,1,40.44,14.35,0.5000
521934,2.34,0.78,14.51,8,14.58,187,0.63,1767,0.00,40.00,95,3,0.50,25,11.61,19.00,14.90,14.20,0.00,1,40.36,14.34,0.5000
522036,1.56,0.78,14.51,8,14.58,187,0.64,1776,0.00,40.00,95,4,0.50,25,11.46,18.81,14.90,14.30,0.00,1,40.43,14.34,0.5000
522138,1.56,0.78,14.51,8,14.58,187,0.63,1772,0.00,40.00,95,4,0.50,25,11.61,18.72,14.90,14.30,0.00,1,40.41,14.34,0.5000
522240,0.78,0.78,14.51,8,14.58,187,0.63,1780,0.00,40.00,95,4,0.50,25,11.46,19.20,14.90,14.30,0.00,1,40.53,14.34,0.5000
522343,0.78,0.78,14.51,8,14.57,187,0.64,1789,0.00,40.00,95,4,0.50,25,11.61,18.91,14.90,14.30,0.00,1,40.60,14.34,0.5000
522444,0.00,0.78,14.51,8,14.57,187,0.64,1798,0.00,40.00,95,5,0.50,25,11.46,19.20,14.90,14.40,0.00,1,40.63,14.34,0.5000
522546,0.00,0.78,14.51,8,14.57,187,0.64,1805,0.00,40.00,95,5,0.50,25,11.46,19.41,14.90,14.40,0.00,1,40.70,14.34,0.5000
522649,0.00,0.78,14.51,8,14.57,187,0.64,1810,0.00,40.00,95,6,0.50,25,11.61,20.42,15.29,14.40,0.00,1,40.61,15.36,0.5000
522750,0.78,0.78,14.51,8,14.57,187,0.65,1828,0.00,40.00,95,7,0.50,25,12.04,21.73,16.86,14.50,0.00,1,40.08,16.38,0.5000
522852,2.34,0.78,14.51,8,14.57,187,0.68,1873,0.00,39.00,95,6,0.50,25,12.19,22.05,17.25,15.20,0.00,1,39.53,16.38,0.5000
522954,2.34,0.78,14.51,8,14.57,187,0.69,1904,0.00,39.00,95,7,0.50,25,12.33,22.04,17.25,14.90,0.00,1,39.65,16.52,0.5000
523056,1.56,0.78,14.51,8,14.57,187,0.69,1913,0.00,39.00,95,7,0.50,25,12.19,22.16,17.25,14.80,0.00,1,39.87,16.38,0.5000
523158,1.56,0.78,14.51,8,14.57,187,0.69,1924,0.00,39.50,93,8,0.50,25,12.19,22.28,16.86,14.50,0.00,1,40.05,16.38,0.5000
523260,0.78,0.78,14.51,8,14.57,187,0.69,1952,0.00,39.00,93,8,0.00,25,12.19,22.72,17.25,14.30,0.00,1,39.99,16.52,0.5000
523362,0.78,0.78,14.51,8,14.57,187,0.69,1963,0.00,39.00,93,8,0.00,25,12.33,22.50,17.25,14.40,0.00,1,40.00,16.52,0.5000
523464,0.78,0.78,14.51,8,14.56,187,0.69,1962,0.00,39.50,93,9,0.00,25,12.19,22.28,17.25,14.40,0.00,1,40.37,16.38,0.5000
523566,0.00,0.78,14.51,8,14.56,187,0.68,1990,0.00,39.50,93,9,0.00,25,12.19,22.85,17.25,14.30,0.00,1,40.44,16.38,0.5000
523668,0.78,0.78,14.51,8,14.56,187,0.68,1990,0.00,39.50,93,9,0.00,25,12.19,23.08,17.25,14.40,0.00,1,40.65,16.53,0.5000
523770,0.78,0.78,14.51,8,14.56,187,0.69,2000,0.00,39.50,93,10,0.00,25,12.19,22.96,17.25,14.40,0.00,1,40.66,16.38,0.5000
523872,0.78,0.78,14.51,8,14.56,187,0.68,2033,0.00,40.00,93,10,0.00,25,12.19,20.53,17.25,14.50,0.00,1,40.75,16.38,0.5000
523974,0.78,0.78,14.51,8,14.56,187,0.68,2032,0.00,39.50,93,10,0.00,25,12.19,23.45,17.25,14.50,0.00,1,40.58,16.52,0.5000
524076,0.78,0.78,14.51,8,14.56,187,0.68,2064,0.00,39.50,93,11,0.00,25,12.19,23.58,17.25,14.50,0.00,1,40.69,16.52,0.5000
524179,1.56,0.78,14.51,8,14.56,187,0.68,2064,0.00,39.50,93,11,0.00,25,12.04,23.46,17.25,14.60,0.00,1,40.69,16.52,0.5000
524281,1.56,0.78,14.51,8,14.56,187,0.68,2096,0.00,39.50,93,11,0.00,25,12.04,24.43,17.25,14.60,0.00,1,40.46,16.52,0.5000
524382,0.78,0.78,14.51,8,14.56,187,0.69,2098,0.00,39.50,95,12,0.00,25,12.04,24.56,17.25,14.50,0.00,1,40.61,16.52,0.5000
524484,0.78,0.78,14.51,8,14.56,187,0.69,2114,0.00,39.50,95,12,0.00,25,12.04,24.32,17.25,14.40,0.00,1,40.51,16.52,0.5000
524586,0.78,0.78,14.51,8,14.56,187,0.69,2146,0.00,39.50,95,13,0.00,25,11.90,24.44,17.25,14.30,0.00,1,40.69,16.52,0.5000
524688,0.78,0.78,14.51,8,14.56,187,0.68,2145,0.00,39.50,95,13,0.00,25,11.90,24.69,17.25,14.60,0.00,1,40.63,16.52,0.5000
524790,0.78,0.78,14.51,8,14.56,187,0.69,2178,0.00,39.50,95,14,0.00,25,11.90,24.94,17.25,14.50,0.00,1,40.50,16.67,0.5000
524892,0.78,0.78,14.51,8,14.56,187,0.69,2195,0.00,39.50,95,14,0.00,25,11.90,25.06,17.65,14.40,0.00,1,40.58,16.67,0.5000
524994,0.78,0.78,14.51,8,14.56,187,0.69,2191,0.00,39.50,95,14,0.00,25,11.75,25.19,17.25,14.40,0.00,1,40.40,16.52,0.5000
525096,0.00,0.78,14.51,8,14.56,187,0.69,2207,0.00,39.50,95,15,0.00,25,11.75,27.99,17.25,14.50,0.00,1,40.51,16.52,0.5000
525198,-0.78,0.78,14.51,8,14.56,187,0.69,2240,0.00,39.50,95,15,0.00,25,11.75,25.32,17.25,14.40,0.00,1,40.73,16.52,0.5000
525300,-0.78,0.78,14.51,8,14.56,187,0.68,2254,0.00,40.00,95,15,0.00,25,11.75,25.32,17.25,14.40,0.00,1,40.75,16.52,0.5000
525402,-0.78,0.78,14.51,8,14.56,187,0.68,2266,0.00,40.00,95,15,0.00,25,11.61,25.20,17.25,14.60,0.00,1,40.82,16.52,0.5000
525504,0.00,0.78,14.51,8,14.56,187,0.68,2260,0.00,40.00,95,15,0.00,25,11.61,25.69,17.65,14.40,0.00,1,40.89,16.52,0.5000
525607,0.00,0.78,14.51,8,14.56,187,0.68,2279,0.00,40.00,95,16,0.00,25,11.61,25.94,17.25,14.20,0.00,1,40.88,16.52,0.5000
525708,0.78,0.78,14.51,8,14.56,187,0.68,2292,0.00,40.00,95,16,0.00,25,11.61,25.94,17.25,14.20,0.00,1,40.91,16.52,0.5000
525811,0.78,0.78,14.51,8,14.56,187,0.68,2306,0.00,40.00,95,17,0.00,25,11.46,26.07,17.25,14.30,0.00,1,40.99,16.52,0.5000
525913,1.56,0.78,14.51,8,14.56,187,0.67,2322,0.00,40.00,95,17,0.00,25,11.46,26.80,17.25,14.60,0.00,1,40.98,16.52,0.5000
526015,2.34,0.78,14.51,8,14.56,187,0.68,2340,0.00,40.00,95,18,0.00,25,11.32,26.20,17.25,14.40,0.00,1,40.97,16.52,0.5000
526116,1.56,0.78,14.51,8,14.56,187,0.67,2358,0.00,40.00,95,18,0.00,25,11.32,26.44,17.25,14.50,0.00,1,41.07,16.52,0.5000
526218,3.12,0.78,14.51,8,14.56,187,0.67,2368,0.00,40.00,95,19,0.00,25,11.32,26.56,17.65,14.50,0.00,1,41.03,16.67,0.5000
526321,3.12,0.78,14.51,8,14.56,187,0.67,2382,0.00,40.00,95,20,0.00,25,11.32,26.81,17.25,14.50,0.00,6,41.05,16.67,0.5000
526423,3.12,0.78,14.51,8,14.56,187,0.67,2398,0.00,40.00,95,20,0.00,25,11.17,26.94,17.25,14.50,0.00,6,41.21,16.52,0.5000
526524,3.91,0.78,14.51,8,14.56,187,0.67,2410,0.00,40.00,95,21,0.00,25,11.17,27.19,17.25,14.40,0.00,6,41.15,16.67,0.5000
526627,3.91,0.78,14.51,8,14.55,187,0.67,2450,0.00,40.00,95,21,0.00,25,11.17,27.43,17.65,14.60,0.00,6,40.99,16.67,0.5000
526729,3.12,0.78,14.51,8,14.55,187,0.67,2466,0.00,40.00,95,22,0.00,25,11.03,27.19,17.25,14.50,0.00,6,41.14,16.52,0.5000
526831,3.12,0.78,14.51,8,14.55,187,0.67,2473,0.00,40.00,95,22,0.00,25,11.03,27.31,17.25,14.30,0.00,6,41.28,16.52,0.5000
526932,3.12,0.78,14.51,8,14.55,187,0.66,2472,0.00,40.00,95,23,0.00,25,11.03,27.80,17.65,14.30,0.00,6,41.21,16.67,0.5000
527035,2.34,0.78,14.51,8,14.54,187,0.67,2482,0.00,40.00,95,23,0.00,25,11.03,27.68,17.65,14.30,0.00,6,41.24,16.67,0.5000
527137,2.34,0.78,14.51,8,14.53,187,0.67,2520,0.00,40.00,95,23,0.00,25,10.88,25.61,17.65,14.30,0.00,6,41.29,16.67,0.5000
527239,1.56,0.78,14.51,8,14.54,187,0.67,2531,0.00,40.00,97,21,0.00,25,11.03,27.81,17.25,14.30,0.00,6,41.26,16.67,0.5000
527341,0.78,0.78,14.51,8,14.53,187,0.66,2527,0.00,40.00,97,19,0.00,25,10.88,27.93,17.65,14.30,0.00,6,41.41,16.67,0.5000
527442,0.78,0.78,14.51,8,14.53,187,0.66,2538,0.00,40.50,97,15,0.00,25,10.88,25.62,17.65,14.30,0.00,6,41.41,16.67,0.5000
527546,0.00,0.78,14.51,8,14.53,187,0.66,2573,0.00,40.00,97,12,0.00,25,10.88,30.50,17.65,14.30,0.00,6,41.40,16.52,0.5000
527648,-0.78,0.78,14.51,8,14.52,187,0.66,2570,0.00,40.50,97,9,0.00,25,10.74,28.19,17.25,14.20,0.00,6,41.53,16.52,0.5000
527750,-1.56,0.78,14.51,8,14.52,187,0.66,2600,0.00,40.50,97,6,0.00,25,10.74,28.18,17.65,14.20,0.00,6,41.62,16.52,0.5000
527852,-2.34,0.78,14.51,8,14.52,187,0.65,2598,0.00,40.50,97,5,0.00,25,10.74,28.31,17.65,14.30,0.00,6,41.68,16.67,0.5000
527954,-3.12,0.78,14.51,8,14.51,187,0.65,2614,0.00,40.50,97,4,0.00,25,10.74,28.31,17.65,14.30,0.00,6,41.72,16.67,0.5000
528055,-3.91,0.78,14.51,8,14.52,187,0.65,2644,0.00,40.50,97,4,0.00,25,10.74,28.31,17.65,14.30,0.00,6,41.77,16.52,0.5000
528157,-3.12,0.78,14.51,8,14.51,187,0.65,2641,0.00,40.50,97,3,0.00,25,10.59,28.69,17.25,14.40,0.00,6,41.88,16.52,0.5000
528260,-4.69,0.78,14.51,8,14.51,187,0.64,2674,0.00,40.50,97,3,0.00,25,10.59,28.56,17.25,14.20,0.00,6,41.95,16.67,0.5000
528362,-4.69,0.78,14.51,8,14.50,187,0.64,2686,0.00,40.50,97,3,0.00,25,10.59,28.93,17.65,14.40,0.00,6,41.90,16.52,0.5000
528464,-5.47,0.78,14.51,8,14.50,187,0.65,2678,0.00,40.50,97,3,0.00,25,10.59,28.44,17.25,14.40,0.00,6,42.02,16.52,0.5000
528566,-5.47,0.78,14.51,8,14.50,187,0.64,2712,0.00,41.00,97,3,0.00,25,10.59,28.69,17.25,14.30,0.00,6,42.14,16.52,0.5000
528668,-5.47,0.78,14.51,8,14.50,187,0.64,2710,0.00,41.00,97,3,0.00,25,10.59,28.57,17.25,14.30,0.00,6,42.29,16.52,0.5000
528770,-5.47,0.78,14.51,8,14.51,187,0.63,2736,0.00,41.00,97,4,0.00,25,10.59,28.70,17.25,14.40,0.00,6,42.40,16.52,0.5000
528872,-5.47,0.78,14.51,8,14.50,187,0.63,2751,0.00,41.00,97,4,0.00,25,10.45,28.70,17.25,14.50,0.00,6,42.35,16.67,0.5000
528974,-5.47,0.78,14.51,8,14.50,187,0.63,2750,0.00,41.00,97,5,0.00,25,10.45,28.94,17.25,14.40,0.00,6,42.44,16.67,0.5000
529076,-6.25,0.78,14.51,8,14.50,187,0.63,2787,0.00,41.00,99,5,0.00,25,10.45,29.31,17.65,14.40,0.00,6,42.47,16.67,0.5000
529177,-6.25,0.78,14.51,8,14.49,187,0.63,2798,0.00,41.00,99,5,0.00,25,10.45,29.31,17.65,14.40,0.00,6,42.45,16.67,0.5000
529279,-7.03,0.78,14.51,8,14.49,187,0.63,2790,0.00,41.00,99,6,0.00,25,10.45,29.07,17.25,14.30,0.00,6,42.46,16.52,0.5000
529381,-7.81,0.78,14.51,8,14.49,187,0.62,2806,0.00,41.00,99,6,0.00,25,10.30,29.08,17.25,14.30,0.00,6,42.66,16.52,0.5000
529484,-7.81,0.78,14.51,8,14.50,187,0.62,2815,0.00,41.50,99,7,0.00,25,10.30,29.20,17.25,14.30,0.00,6,42.71,16.52,0.5000
529586,-7.81,0.78,14.51,8,14.50,187,0.62,2848,0.00,41.50,99,7,0.00,25,10.30,29.20,17.25,14.30,0.00,6,42.79,16.52,0.5000
529688,-7.81,0.78,14.51,8,14.50,187,0.62,2867,0.00,41.50,99,8,0.00,25,10.16,29.20,17.65,14.40,0.00,6,42.81,16.52,0.5000
529790,-7.81,0.78,14.51,8,14.51,187,0.62,2879,0.00,41.50,99,9,0.00,25,10.16,29.82,17.65,14.50,0.00,6,42.87,16.52,0.5000
529892,-7.03,0.78,14.51,8,14.51,187,0.62,2865,0.00,41.50,99,10,0.00,25,10.16,29.70,17.65,14.40,0.00,6,42.82,16.67,0.5000
529994,-7.03,0.78,14.51,8,14.51,187,0.62,2886,0.00,41.50,99,10,0.00,25,10.16,29.45,17.25,14.50,0.00,6,42.90,16.67,0.5000
530096,-7.03,0.78,14.51,8,14.51,187,0.61,2893,0.00,41.50,99,11,0.00,25,10.16,29.70,17.25,14.40,0.00,6,42.93,16.52,0.5000
530198,-7.03,0.78,14.51,8,14.51,187,0.61,2908,0.00,41.50,99,11,0.00,25,10.16,29.21,17.25,14.50,0.00,6,43.07,16.38,0.5000
530300,-7.03,0.78,14.51,8,14.52,187,0.61,2922,0.00,41.50,99,12,0.00,25,10.01,29.34,17.25,14.40,0.00,6,43.27,16.38,0.5000
530402,-7.03,0.78,14.51,8,14.52,187,0.60,2927,0.00,42.00,99,12,0.00,25,10.01,29.22,17.25,14.40,0.00,6,43.35,16.38,0.5000
530503,-6.25,0.78,14.51,8,14.52,187,0.60,2943,0.00,42.00,99,13,0.00,25,10.01,29.71,17.25,14.50,0.00,6,43.41,16.52,0.5000
530606,-6.25,0.78,14.51,8,14.52,187,0.60,2961,0.00,42.00,99,14,0.00,25,10.01,29.71,17.25,14.50,0.00,6,43.38,16.52,0.5000
530708,-6.25,0.78,14.51,8,14.52,187,0.60,2971,0.00,42.00,100,14,0.00,25,10.01,29.71,17.25,14.50,0.00,6,43.44,16.52,0.5000
530810,-6.25,0.78,14.51,8,14.53,187,0.60,2986,0.00,42.00,100,15,0.00,25,10.01,30.20,17.25,14.50,0.00,6,43.55,16.52,0.5000
530912,-6.25,0.78,14.51,8,14.53,187,0.60,2998,0.00,42.00,100,14,0.00,25,9.87,29.47,17.25,14.50,0.00,6,43.60,16.52,0.5000
531014,-5.47,0.78,14.51,8,14.53,187,0.59,3032,0.00,42.00,100,14,0.00,25,9.87,29.71,17.25,14.40,0.00,6,43.73,16.52,0.5000
531116,-5.47,0.78,14.51,8,14.53,187,0.59,3048,0.00,42.00,100,14,0.00,25,9.87,29.72,17.25,14.70,0.00,6,43.78,16.38,0.5000
531218,-6.25,0.78,14.51,8,14.53,187,0.59,3056,0.00,42.50,100,13,0.00,25,9.87,29.60,16.86,14.40,0.00,6,43.93,16.38,0.5000
531320,-6.25,0.78,14.51,8,14.54,187,0.58,3048,0.00,42.50,100,12,0.00,25,9.87,28.99,17.25,14.40,0.00,6,44.09,16.38,0.5000
531422,-5.47,0.78,14.51,8,14.54,187,0.57,3061,0.00,43.00,100,11,0.00,25,9.72,29.60,16.86,14.40,0.00,6,44.22,16.38,0.5000
531524,-5.47,0.78,14.51,8,14.54,187,0.58,3094,0.00,42.50,100,9,0.00,25,9.72,29.72,17.25,14.50,0.00,6,44.21,16.38,0.5000
531626,-5.47,0.78,14.51,8,14.54,187,0.58,3112,0.00,42.50,100,9,0.00,25,9.72,29.60,17.25,14.60,0.00,6,44.15,16.38,0.5000
531728,-5.47,0.78,14.51,8,14.54,185,0.57,3101,0.00,43.00,100,8,0.00,25,9.87,29.24,17.25,14.50,0.00,6,44.34,16.38,0.5000
531830,-5.47,0.78,14.51,8,14.54,185,0.57,3107,0.00,43.00,100,7,0.00,25,9.72,29.60,17.25,14.50,0.00,6,44.39,16.38,0.5000
531932,-5.47,0.78,14.51,8,14.55,185,0.57,3148,0.00,43.00,100,7,0.00,25,9.72,29.61,17.25,14.40,0.00,6,44.53,16.38,0.5000
532034,-4.69,0.78,14.51,8,14.54,185,0.57,3134,0.00,43.00,100,7,0.00,25,9.72,29.73,17.25,14.60,0.00,6,44.48,16.38,0.5000
532136,-4.69,0.78,14.51,8,14.55,185,0.57,3144,0.00,43.00,100,7,0.00,25,9.72,29.49,17.25,14.60,0.00,6,44.58,16.38,0.5000
532238,-3.91,0.78,14.51,8,14.55,185,0.56,3176,0.00,43.00,100,7,0.00,25,9.72,29.73,17.25,14.50,0.00,6,44.62,16.38,0.5000
532340,-3.91,0.78,14.51,8,14.55,185,0.56,3172,0.00,43.00,100,7,0.00,25,9.72,29.73,17.25,14.40,0.00,6,44.68,16.38,0.5000
532442,-3.91,0.78,14.51,8,14.55,185,0.56,3204,0.00,43.50,100,7,0.00,25,9.72,29.61,17.25,14.50,0.00,11,44.74,16.23,0.5000
532544,-3.91,0.78,14.51,8,14.55,185,0.56,3190,0.00,43.50,100,8,0.00,25,9.58,29.24,17.25,14.50,0.00,11,44.86,16.23,0.5000
532646,-3.91,0.78,14.51,8,14.55,185,0.55,3225,0.00,43.50,100,8,0.00,25,9.58,29.00,16.86,14.30,0.00,11,44.96,16.23,0.5000
532748,-3.12,0.78,14.51,8,14.55,185,0.55,3214,0.00,43.50,100,8,0.00,25,9.58,29.49,17.25,14.50,0.00,11,45.00,16.38,0.5000
532850,-3.12,0.78,14.51,8,14.55,185,0.55,3228,0.00,43.50,102,9,0.00,25,9.58,30.10,17.25,14.80,0.00,11,44.96,16.38,0.5000
532952,-3.12,0.78,14.51,8,14.55,185,0.55,3259,0.00,43.50,102,10,0.00,25,9.14,28.02,16.08,14.50,0.00,11,44.75,15.07,0.5000
533054,-7.03,0.78,14.51,8,14.56,185,0.52,3283,0.00,43.50,102,10,0.00,25,8.85,28.42,16.08,13.90,0.00,11,44.43,15.65,0.5000
533156,-6.25,0.78,14.51,8,14.56,185,0.52,3278,0.00,43.50,102,11,0.00,25,8.85,27.81,16.47,14.30,0.00,11,44.35,15.37,0.5000
533259,-6.25,0.78,14.51,8,14.56,185,0.51,3311,0.00,43.00,102,11,0.00,25,8.71,27.57,16.08,14.50,0.00,11,44.18,15.37,0.5000
533360,-6.25,0.78,14.51,8,14.57,185,0.51,3299,0.00,43.00,102,12,0.00,25,8.71,27.69,16.47,14.40,0.00,11,44.13,15.51,0.5000
533462,-5.47,0.78,14.51,8,14.57,185,0.50,3310,0.00,43.00,102,12,0.00,25,8.71,27.94,16.47,14.70,0.00,11,44.09,15.51,0.5000
533565,-3.91,0.78,14.51,8,14.56,185,0.50,3350,0.00,43.00,102,13,0.00,25,8.71,27.70,16.47,15.40,0.00,11,44.05,15.36,0.5000
533667,-3.12,0.78,14.51,8,14.56,185,2.00,3339,0.00,43.00,102,13,0.00,25,8.71,27.82,16.08,14.80,0.00,11,43.94,15.51,0.5000
533768,-3.12,0.78,14.51,8,14.56,185,0.50,3354,0.00,43.00,102,12,0.00,25,8.71,27.70,16.08,14.50,0.00,11,43.94,15.36,0.5000
533870,-3.12,0.78,14.51,8,14.56,185,0.50,3394,0.00,43.00,102,12,0.00,25,8.71,28.07,16.47,14.50,0.00,11,43.87,15.36,0.5000
533972,-2.34,0.78,14.51,8,14.56,185,0.50,3406,0.00,43.00,102,12,0.00,25,8.56,27.83,16.08,14.50,0.00,11,43.86,15.36,0.5000
534074,-3.12,0.78,14.51,8,14.56,185,0.49,3388,0.00,43.00,102,11,0.00,25,8.56,27.83,16.08,14.50,0.00,11,43.78,15.36,0.5000
534177,-3.12,0.78,14.51,8,14.56,185,0.49,3401,0.00,43.00,102,10,0.00,25,8.56,27.58,16.47,14.50,0.00,11,43.80,15.51,0.5000
534279,-2.34,0.78,14.51,8,14.56,185,0.49,3416,0.00,43.00,102,10,0.00,25,8.56,27.58,16.47,14.40,0.00,11,43.73,15.36,0.5000
534381,-2.34,0.78,14.51,8,14.55,185,0.49,3452,0.00,43.00,102,9,0.00,25,8.56,27.46,16.08,14.50,0.00,11,43.64,15.36,0.5000
534483,-1.56,0.78,14.51,8,14.55,185,0.48,3462,0.00,43.00,102,9,0.00,25,8.42,27.46,16.47,14.50,0.00,11,43.58,15.36,0.5000
534585,-1.56,0.78,14.51,8,14.55,185,0.48,3470,0.00,43.00,102,9,0.00,25,8.42,28.08,16.47,14.50,0.00,11,43.51,15.51,0.5000
534687,0.00,0.78,14.51,8,14.55,185,0.48,3485,0.00,43.00,102,8,0.00,25,8.42,28.08,16.47,14.70,0.00,11,43.63,15.51,0.5000
534790,0.00,0.78,14.51,8,14.55,185,0.48,3473,0.00,43.00,102,8,0.00,25,8.42,27.71,16.47,15.40,0.00,11,43.52,15.51,0.5000
534891,0.00,0.78,14.51,8,14.55,185,0.48,3483,0.00,43.00,102,8,0.00,25,8.42,27.84,16.47,14.50,0.00,11,43.49,15.51,0.5000
534993,-0.78,0.78,14.51,8,14.55,185,0.48,3494,0.00,43.00,102,8,0.00,25,8.42,28.08,16.47,14.50,0.00,11,43.52,15.51,0.5000
535096,0.00,0.78,14.51,8,14.55,185,0.48,3508,0.00,43.00,102,8,0.00,25,8.27,27.83,16.47,14.60,0.00,11,43.52,15.51,0.5000
535197,-0.78,0.78,14.51,8,14.55,185,0.48,3521,0.00,42.50,102,9,0.00,25,8.27,30.64,16.47,14.40,0.00,11,43.47,15.36,0.5000
535299,-0.78,0.78,14.51,8,14.55,185,0.47,3531,0.00,42.50,102,9,0.00,25,8.27,27.47,16.47,14.40,0.00,11,43.42,15.36,0.5000
535401,-0.78,0.78,14.51,8,14.55,185,0.47,3546,0.00,42.50,102,9,0.00,25,8.13,27.48,16.47,14.40,0.00,11,43.33,15.51,0.5000
535503,0.00,0.78,14.51,8,14.54,185,0.47,3558,0.00,42.50,102,10,0.00,25,8.27,25.77,16.08,14.50,0.00,11,43.31,15.51,0.5000
535605,0.78,0.78,14.51,8,14.54,185,0.47,3574,0.00,42.50,102,10,0.00,25,8.27,27.96,16.47,14.50,0.00,11,43.38,15.65,0.5000
535707,0.78,0.78,14.51,8,14.54,185,0.47,3615,0.00,42.50,102,10,0.00,25,8.13,27.97,16.47,14.60,0.00,11,43.27,15.51,0.5000
535809,1.56,0.78,14.51,8,14.54,185,0.47,3627,0.00,42.50,102,10,0.00,25,8.13,25.65,16.47,14.50,0.00,11,43.24,15.66,0.5000
535912,1.56,0.78,14.51,8,14.54,185,0.47,3639,0.00,42.50,102,10,0.00,25,8.13,28.34,16.47,14.50,0.00,11,43.32,15.51,0.5000
536013,1.56,0.78,14.51,8,14.54,185,0.47,3626,0.00,42.50,102,10,0.00,25,7.98,28.34,16.08,14.50,0.00,11,43.32,15.36,0.5000
536116,0.00,0.78,14.51,8,14.54,185,0.47,3642,0.00,42.50,102,10,0.00,25,7.98,30.65,16.47,14.40,0.00,11,43.23,15.51,0.5000
536217,0.78,0.78,14.51,8,14.54,185,0.46,3684,0.00,42.50,102,10,0.00,25,7.98,28.58,16.47,14.30,0.00,11,43.21,15.51,0.5000
536319,1.56,0.78,14.51,8,14.54,185,0.47,3696,0.00,42.50,102,10,0.00,25,7.98,28.22,16.47,14.60,0.00,11,43.23,15.51,0.5000
536422,0.78,0.78,14.51,8,14.54,185,0.46,3678,0.00,42.50,102,10,0.00,25,7.98,27.85,16.47,14.50,0.00,11,43.15,15.65,0.5000
536523,1.56,0.78,14.51,8,14.54,185,0.46,3690,0.00,42.50,102,10,0.00,25,7.98,28.10,16.47,14.50,0.00,11,43.08,15.51,0.5000
536625,1.56,0.78,14.51,8,14.53,185,0.45,3727,0.00,42.50,102,10,0.00,25,7.84,25.66,16.08,14.60,0.00,11,43.05,15.36,0.5000
536729,2.34,0.78,14.51,8,14.53,185,0.45,3736,0.00,42.50,102,10,0.00,25,7.84,27.86,16.08,14.50,0.00,11,43.00,15.36,0.5000
536829,2.34,0.78,14.51,8,14.53,185,0.45,3718,0.00,42.50,102,10,0.00,25,7.84,30.66,16.47,14.50,0.00,11,42.98,15.51,0.5000
536932,2.34,0.78,14.51,8,14.53,185,0.45,3757,0.00,42.50,102,9,0.00,25,7.84,28.59,16.47,14.50,0.00,11,42.97,15.51,0.5000
537034,2.34,0.78,14.51,8,14.53,185,0.45,3735,0.00,42.50,102,9,0.00,25,7.84,28.59,16.47,14.50,0.00,11,43.03,15.66,0.5000
537136,2.34,0.78,14.51,8,14.53,185,0.46,3742,0.00,42.50,102,9,0.00,25,7.84,28.35,16.47,14.50,0.00,11,43.02,15.51,0.5000
537238,2.34,0.78,14.51,8,14.53,185,0.45,3780,0.00,42.50,102,10,0.00,25,7.84,28.10,16.47,14.40,0.00,11,42.97,15.51,0.5000
537340,1.56,0.78,14.51,8,14.53,185,0.45,3754,0.00,42.50,102,10,0.00,25,7.84,28.59,16.47,14.40,0.00,11,42.93,15.51,0.5000
537442,2.34,0.78,14.51,8,14.53,185,0.45,3789,0.00,42.50,102,9,0.00,25,7.84,27.98,16.47,14.50,0.00,11,42.93,15.51,0.5000
537544,2.34,0.78,14.51,8,14.53,185,0.45,3769,0.00,42.50,102,9,0.00,25,7.69,28.23,16.47,14.50,0.00,11,42.93,15.51,0.5000
537646,2.34,0.78,14.51,8,14.53,185,0.45,3769,0.00,42.50,102,9,0.00,25,7.69,28.84,16.47,14.40,0.00,11,43.00,15.51,0.5000
537748,2.34,0.78,14.51,8,14.53,185,0.46,3814,0.00,42.50,102,10,0.00,25,7.69,25.91,16.47,14.30,0.00,11,43.01,15.51,0.5000
537850,1.56,0.78,14.51,8,14.53,185,0.45,3790,0.00,42.50,102,10,0.00,25,7.69,28.59,16.47,14.30,0.00,11,42.87,15.65,0.5000
537952,2.34,0.78,14.51,8,14.53,185,0.45,3811,0.00,42.50,102,9,0.00,25,7.84,29.08,16.47,14.60,0.00,11,43.04,15.80,0.5000
538054,3.12,0.78,14.51,8,14.53,185,0.46,3788,0.00,42.50,102,9,0.00,25,7.84,29.08,16.47,14.80,0.00,11,43.08,15.80,0.5000
538156,3.12,0.78,14.51,8,14.53,185,0.46,3826,0.00,42.50,100,10,0.00,25,7.84,29.08,16.47,14.50,0.00,11,43.10,15.80,0.5000
538258,3.12,0.78,14.51,8,14.53,185,0.46,3798,0.00,42.50,100,10,0.00,25,7.84,29.32,16.47,14.40,0.00,11,43.17,15.80,0.5000
538360,2.34,0.78,14.51,8,14.53,185,0.46,3832,0.00,42.50,100,9,0.00,25,7.84,29.20,16.47,14.30,0.00,11,43.12,15.80,0.5000
538462,1.56,0.78,14.51,8,14.53,185,0.46,3798,0.00,42.50,100,9,0.00,25,7.84,29.32,16.47,14.30,0.00,11,43.17,15.80,0.5000
538564,1.56,0.78,14.51,8,14.53,185,0.46,3826,0.00,42.50,100,9,0.00,25,7.84,29.31,16.47,14.40,0.00,11,43.13,15.80,0.5000
538666,1.56,0.78,14.51,8,14.53,185,0.46,3794,0.00,42.50,100,10,0.00,25,7.84,29.56,16.47,14.50,0.00,11,43.19,15.80,0.5000
538768,1.56,0.78,14.51,8,14.53,185,0.46,3820,0.00,42.50,100,9,0.00,25,7.84,29.32,16.47,14.50,0.00,11,43.19,15.80,0.5000
538870,1.56,0.78,14.51,8,14.53,185,0.46,3786,0.00,42.50,100,9,0.00,25,7.84,28.95,16.47,14.40,0.00,11,43.20,15.80,0.5000
538971,0.00,0.78,14.51,8,14.53,185,0.45,3793,0.00,42.50,100,9,0.00,25,6.09,17.16,12.16,14.40,0.00,11,40.28,8.69,0.5000
539073,-3.91,0.78,14.51,8,14.52,185,0.32,3720,0.00,37.50,100,10,0.00,25,4.64,14.06,7.84,13.20,0.00,11,36.05,7.37,0.5000
539177,-10.16,0.78,14.51,8,14.52,185,0.24,3636,0.00,33.50,100,10,0.00,25,4.06,12.52,7.84,12.20,0.00,11,32.55,7.37,0.5000
539277,-17.97,0.78,14.51,8,14.52,185,0.21,3605,0.00,30.50,100,10,0.00,25,3.92,11.39,7.45,11.90,0.00,11,29.27,7.23,0.5000
539380,0.00,0.78,14.51,10,14.52,185,0.20,3588,0.00,27.50,100,10,0.00,25,3.77,10.72,7.45,11.60,0.00,11,26.24,6.93,0.5000
539482,0.00,0.78,14.51,10,14.52,185,0.18,3575,0.00,24.00,100,10,0.00,25,3.63,10.41,7.06,12.10,0.00,11,23.95,6.79,0.5000
539584,0.00,0.78,14.51,10,14.52,185,0.18,3558,0.00,24.00,100,10,0.00,25,3.63,10.35,7.06,13.40,0.00,11,23.95,6.79,0.5000
539686,0.00,0.78,14.51,10,14.52,185,0.18,3544,0.00,24.00,100,10,0.00,25,3.63,10.01,7.06,13.30,0.00,11,23.95,6.79,0.5000
539788,0.00,0.78,14.51,10,14.52,185,0.17,3499,0.00,24.00,100,10,0.00,25,3.63,9.72,7.06,16.20,0.00,11,23.95,6.79,0.5000
539891,0.00,0.00,14.51,10,14.53,185,0.17,3463,0.00,24.00,99,10,0.00,25,3.63,9.60,7.06,18.30,0.00,11,23.95,6.79,0.5000
539992,0.00,0.00,14.51,10,14.53,185,0.17,3449,0.00,24.00,99,10,0.00,25,3.63,9.60,7.06,25.60,0.00,11,23.95,6.79,0.5000
540094,0.00,0.00,14.51,10,14.53,185,0.17,3428,0.00,24.00,99,10,0.00,25,3.63,9.37,7.06,37.20,0.00,11,23.95,6.79,0.5000
540196,0.00,0.00,14.51,10,14.53,185,0.17,3408,0.00,24.00,99,11,0.00,25,3.63,9.60,7.06,66.40,0.00,11,23.95,6.79,0.5000
540298,0.00,0.00,14.51,10,14.53,185,0.17,3413,0.00,24.00,99,11,0.00,25,3.77,9.60,7.06,86.60,0.00,11,23.95,6.79,0.5000
540400,0.00,0.00,14.51,10,14.53,185,0.17,3384,0.00,24.00,99,11,0.00,25,3.77,9.72,7.06,95.10,0.00,11,23.95,6.79,0.5000
540502,0.00,0.00,14.51,10,14.54,185,0.17,3340,0.00,24.00,99,11,0.00,25,3.77,9.72,7.06,96.00,0.00,11,23.95,6.79,0.5000
540605,0.00,0.00,14.51,10,14.54,185,0.17,3289,0.00,24.00,99,11,0.00,25,3.77,9.60,7.06,96.00,0.00,11,23.95,6.79,0.5000
540707,0.00,0.00,14.51,10,14.54,185,0.18,3245,0.00,24.00,99,11,0.00,25,3.77,9.55,7.06,96.00,0.00,11,23.95,6.79,0.5000
540809,0.00,0.00,14.51,10,14.57,185,0.18,3063,0.00,24.00,99,11,0.00,25,3.92,9.66,7.06,99.90,0.00,6,23.95,6.79,0.5000
540912,0.00,0.00,14.51,10,14.61,183,0.19,2849,0.00,24.00,99,11,0.00,25,3.92,9.55,7.06,99.90,0.00,6,23.95,6.79,0.5000
541014,0.00,0.00,14.51,10,14.61,183,0.20,2609,0.00,24.00,99,11,0.00,25,4.06,9.26,7.06,99.90,0.00,6,23.95,6.79,0.5000
541115,0.00,0.00,14.51,10,14.60,185,0.21,2348,0.00,24.00,99,11,0.00,25,4.21,9.32,7.06,99.90,0.00,1,23.95,6.79,0.5000
541217,0.00,0.00,14.51,10,14.58,185,0.24,2120,0.00,24.00,99,11,0.00,25,4.64,9.14,7.06,99.90,0.00,1,23.95,6.79,0.5000
541319,0.00,0.00,14.51,10,14.56,185,0.25,2052,0.00,24.00,99,10,0.00,25,4.93,8.41,6.67,99.90,0.00,1,23.95,6.06,0.5000
541421,0.00,0.00,14.51,10,14.56,185,0.25,1994,0.00,24.00,99,10,0.00,25,4.93,8.23,6.27,99.90,0.00,1,23.95,5.92,0.5000
541523,0.00,0.00,14.51,10,14.56,185,0.25,1982,0.00,24.00,99,10,0.00,25,4.93,8.01,5.88,99.90,0.00,1,23.95,5.77,0.5000
541625,0.00,0.00,14.51,10,14.56,183,0.25,1966,0.00,24.00,99,10,0.00,25,4.93,7.65,5.88,99.90,0.00,1,23.95,5.77,0.5000
541728,0.00,0.00,14.51,10,14.56,185,0.24,1935,0.00,24.00,99,9,0.00,25,4.93,7.28,5.88,99.90,0.00,1,23.95,5.77,0.5000
541829,0.00,0.00,14.51,10,14.57,185,0.24,1936,0.00,24.00,99,10,0.00,25,4.93,7.65,5.88,99.90,0.00,1,23.95,5.77,0.5000
541931,0.00,0.00,14.51,10,14.57,185,0.24,1924,0.00,24.00,99,9,0.00,25,5.08,7.61,5.88,99.90,0.00,1,23.95,5.77,0.5000
542033,0.00,0.00,14.51,10,14.57,185,0.24,1893,0.00,24.00,99,9,0.00,25,5.08,7.69,5.88,99.90,0.00,1,23.95,5.77,0.5000
542136,0.00,0.00,14.51,10,14.57,185,0.24,1881,0.00,24.00,99,9,0.00,25,5.08,7.47,5.88,99.90,0.00,1,23.95,5.63,0.5000
542237,0.00,0.00,14.51,10,14.57,183,0.24,1869,0.00,24.00,99,9,0.00,25,4.93,7.56,5.88,99.90,0.00,1,23.95,5.77,0.5000
542339,0.00,0.00,14.51,10,14.57,183,0.24,1870,0.00,24.00,99,9,0.00,25,4.93,7.52,5.88,99.90,0.00,1,23.95,5.63,0.5000
542441,0.00,0.00,14.51,10,14.57,183,0.24,1856,0.00,24.00,99,8,0.00,25,4.93,7.61,5.88,99.90,0.00,1,23.95,5.63,0.5000
542543,0.00,0.00,14.51,10,14.57,185,0.24,1844,0.00,24.00,99,9,0.00,25,4.93,7.47,5.88,99.90,0.00,1,23.95,5.63,0.5000
542646,0.00,0.00,14.51,10,14.57,185,0.25,1814,0.00,24.00,99,8,0.00,25,4.93,7.38,5.88,99.90,0.00,1,23.95,5.63,0.5000
542748,0.00,0.00,14.51,10,14.57,185,0.25,1802,0.00,24.00,99,8,0.00,25,4.93,7.38,5.88,99.90,0.00,1,23.95,5.63,0.5000
542850,0.00,0.00,14.51,10,14.57,183,0.25,1788,0.00,24.00,99,8,0.00,25,4.93,7.43,5.88,99.90,0.00,1,23.95,5.63,0.5000
542951,0.00,0.00,14.51,10,14.57,183,0.25,1774,0.00,24.00,99,8,0.00,25,4.93,7.47,5.88,99.90,0.00,1,23.68,5.63,0.5000
543053,0.00,0.00,14.51,10,14.57,183,0.25,1760,0.00,23.50,99,8,0.00,25,4.93,7.42,5.88,99.90,0.00,1,23.43,5.48,0.5000
543156,0.00,0.00,14.51,10,14.57,185,0.25,1748,0.00,23.50,99,8,0.00,25,4.93,7.38,5.88,99.90,0.00,1,23.17,5.48,0.5000
543257,0.00,0.00,14.51,10,14.57,185,0.25,1732,0.00,23.00,99,7,0.00,25,4.93,7.33,5.88,99.90,0.00,1,22.88,5.48,0.5000
543359,0.00,0.00,14.51,10,14.57,185,0.25,1719,0.00,22.50,99,8,0.00,25,4.93,7.28,5.88,99.90,0.00,1,22.59,5.48,0.5000
543461,0.00,0.00,14.51,10,14.57,185,0.25,1703,0.00,22.50,99,7,0.00,25,5.08,6.99,5.88,99.90,0.00,1,22.31,5.48,0.5000
543563,0.00,0.00,14.51,10,14.57,183,0.25,1706,0.00,22.00,99,7,0.00,25,5.08,7.28,5.88,99.90,0.00,1,21.80,5.48,0.5000
543666,0.00,0.00,14.51,10,14.57,183,0.25,1692,0.00,21.50,99,7,0.00,25,5.08,7.13,5.49,99.90,0.00,1,21.55,5.33,0.5000
543768,0.00,0.00,14.51,10,14.57,185,0.25,1680,0.00,21.50,99,7,0.00,25,5.08,7.08,5.49,99.90,0.00,1,21.31,5.33,0.5000
543870,0.00,0.00,14.51,10,14.57,185,0.25,1667,0.00,21.00,99,6,0.00,25,5.08,7.08,5.49,99.90,0.00,1,21.37,5.33,0.5000
543971,0.00,0.00,14.51,10,14.57,185,0.25,1642,0.00,21.00,99,7,0.00,25,5.22,6.94,5.49,99.90,0.00,1,21.13,5.33,0.5000
544074,0.00,0.00,14.51,10,14.57,185,0.25,1631,0.00,21.00,99,6,0.00,25,5.22,6.99,5.49,99.90,0.00,1,20.87,5.33,0.5000
544175,0.00,0.00,14.51,10,14.57,185,0.26,1634,0.00,20.50,99,6,0.00,25,5.22,6.79,5.49,99.90,0.00,1,20.45,5.34,0.5000
544278,0.00,0.00,14.51,10,14.57,185,0.25,1624,0.00,20.50,99,6,0.00,25,5.22,6.79,5.49,99.90,0.00,1,20.24,5.19,0.5000
544379,0.00,0.00,14.51,10,14.57,185,0.25,1600,0.00,20.50,99,5,0.00,25,5.22,6.74,5.49,99.90,0.00,1,20.30,5.19,0.5000
544481,0.00,0.00,14.51,10,14.57,185,0.25,1589,0.00,20.00,99,5,0.00,25,5.22,6.79,5.49,99.90,0.00,1,20.12,5.19,0.5000
544584,0.00,0.00,14.51,10,14.58,185,0.25,1594,0.00,20.00,99,6,0.00,25,5.37,6.79,5.49,99.90,0.00,1,19.86,5.19,0.5000
544686,0.00,0.00,14.51,10,14.58,185,0.26,1573,0.00,20.00,99,5,0.00,25,5.37,6.74,5.49,99.90,0.00,1,19.90,5.19,0.5000
544788,0.00,0.00,14.51,10,14.58,185,0.26,1560,0.00,20.00,97,5,0.00,25,5.37,6.79,5.49,99.90,0.00,1,19.80,5.19,0.5000
544890,0.00,0.00,14.51,10,14.58,185,0.26,1565,0.00,19.50,97,5,0.00,25,5.37,6.69,5.49,99.90,0.00,1,19.55,5.19,0.5000
544992,0.00,0.00,14.51,10,14.58,185,0.26,1542,0.00,19.50,97,5,0.00,25,5.37,6.79,5.49,99.90,0.00,1,19.57,5.19,0.5000
545094,0.00,0.00,14.51,10,14.58,185,0.26,1530,0.00,19.50,97,5,0.00,25,5.37,6.89,5.49,99.90,0.00,1,19.34,5.04,0.5000
545195,0.00,0.00,14.51,10,14.58,185,0.26,1533,0.00,19.50,97,5,0.00,25,5.37,6.69,5.49,99.90,0.00,1,19.23,5.04,0.5000
545298,0.00,0.00,14.51,10,14.58,185,0.26,1510,0.00,19.50,97,4,0.00,25,5.37,6.64,5.49,99.90,0.00,1,19.24,5.04,0.5000
545400,0.00,0.00,14.51,10,14.58,185,0.26,1513,0.00,19.00,97,4,0.00,25,5.51,6.64,5.49,99.90,0.00,1,19.00,5.04,0.5000
545502,0.00,0.00,14.51,10,14.58,185,0.26,1490,0.00,19.00,97,5,0.00,25,5.51,6.60,5.49,99.90,0.00,1,19.04,5.04,0.5000
545604,0.00,0.00,14.51,10,14.58,185,0.26,1494,0.00,19.00,97,5,0.00,25,5.51,6.35,5.49,99.90,0.00,1,18.80,5.04,0.5000
545706,0.00,0.00,14.51,10,14.58,185,0.26,1471,0.00,19.00,97,4,0.00,25,5.51,6.55,5.49,99.90,0.00,1,18.83,5.04,0.5000
545808,0.00,0.00,14.51,10,14.58,185,0.26,1473,0.00,18.50,97,4,0.00,25,5.51,6.55,5.49,99.90,0.00,1,18.59,4.90,0.5000
545910,0.00,0.00,14.51,10,14.59,185,0.26,1450,0.00,18.50,97,4,0.00,25,5.51,6.45,5.10,99.90,0.00,1,18.61,4.90,0.5000
546011,0.00,0.00,14.51,10,14.59,185,0.26,1454,0.00,18.50,97,4,0.00,25,5.51,6.45,5.10,99.90,0.00,1,18.39,5.05,0.5000
546114,0.00,0.00,14.51,10,14.59,185,0.27,1434,0.00,18.50,97,4,0.00,25,5.51,6.40,5.10,99.90,0.00,1,18.42,5.05,0.5000
546215,0.00,0.00,14.51,10,14.59,185,0.27,1438,0.00,18.50,97,4,0.00,25,5.51,6.30,5.10,99.90,0.00,1,18.23,4.90,0.5000
546318,0.00,0.00,14.51,10,14.59,185,0.27,1420,0.00,18.50,97,4,0.00,25,5.66,6.55,5.10,99.90,0.00,1,18.31,4.90,0.5000
546420,0.00,0.00,14.51,10,14.59,185,0.27,1426,0.00,18.00,97,4,0.00,25,5.66,6.35,5.10,99.90,0.00,1,18.24,4.90,0.5000
546522,0.00,0.00,14.51,10,14.59,185,0.27,1420,0.00,18.00,97,4,0.00,25,5.66,6.40,5.10,99.90,0.00,1,18.03,4.90,0.5000
546623,0.00,0.00,14.51,10,14.59,185,0.27,1402,0.00,18.00,97,3,0.00,25,5.66,6.35,5.10,99.90,0.00,1,18.10,4.90,0.5000
546726,0.00,0.00,14.51,10,14.59,185,0.27,1408,0.00,18.00,97,3,0.00,25,5.66,6.21,5.10,99.90,0.00,1,17.95,4.90,0.5000
546827,0.00,0.00,14.51,10,14.59,185,0.27,1392,0.00,18.00,97,3,0.00,25,5.66,6.21,5.10,99.90,0.00,1,18.01,4.90,0.5000
546930,0.00,0.00,14.51,10,14.59,185,0.27,1400,0.00,18.00,97,4,0.00,25,5.66,5.91,5.10,99.90,0.00,1,17.97,4.90,0.5000
547032,0.00,0.00,14.51,10,14.59,185,0.26,1395,0.00,18.00,97,3,0.00,25,5.66,5.89,5.10,99.90,0.00,1,17.88,4.90,0.5000
547134,0.00,0.00,14.51,10,14.59,185,0.26,1380,0.00,19.50,97,3,0.00,25,5.66,6.21,5.10,99.90,0.00,1,20.73,4.90,0.5000
547236,0.00,0.00,14.51,10,14.59,185,0.26,1459,0.00,22.50,97,3,0.00,25,5.80,7.18,5.88,99.90,0.00,1,24.50,6.21,0.5000
547338,0.00,0.00,14.51,10,14.58,185,0.27,1610,0.00,27.00,97,3,0.00,25,6.09,8.19,7.45,99.90,0.00,1,27.93,7.22,0.5000
547440,0.00,0.00,14.51,10,14.57,185,0.28,1716,0.00,29.50,97,3,0.00,25,6.24,8.68,7.45,99.90,0.00,1,30.03,7.37,0.5000
547542,0.00,0.00,14.51,10,14.56,185,0.29,1754,0.00,30.50,97,3,0.00,25,6.24,9.09,7.84,26.60,0.00,1,30.85,7.66,0.5000
547643,0.00,0.00,14.51,10,14.56,185,0.30,1763,0.00,31.00,97,3,0.00,25,6.38,9.60,8.24,21.10,0.00,1,31.42,7.95,0.5000
547746,0.00,0.00,14.51,10,14.56,185,0.31,1779,0.00,32.00,97,3,0.00,25,6.53,9.89,8.24,19.10,0.00,1,32.04,7.95,0.5000
547848,0.00,0.78,14.51,10,14.56,185,0.32,1794,0.00,32.50,97,3,0.00,25,6.67,9.66,8.24,18.20,0.00,1,32.45,7.95,0.5000
547950,0.00,0.00,14.51,10,14.56,185,0.32,1800,0.00,32.50,97,4,0.00,25,6.67,9.83,8.24,17.60,0.00,1,32.55,7.95,0.5000
548052,1.56,0.00,14.51,10,14.56,185,0.33,1810,0.00,32.50,97,4,0.00,25,6.53,9.79,8.24,17.00,0.00,1,32.88,7.81,0.5000
548154,3.91,0.00,14.51,8,14.56,185,0.32,1834,0.00,33.00,97,4,0.00,25,6.53,9.62,8.24,16.60,0.00,1,32.76,7.81,0.5000
548256,3.12,0.00,14.51,8,14.56,185,0.32,1845,0.00,33.00,97,4,0.00,25,6.53,9.58,8.24,16.00,0.00,1,32.79,7.81,0.5000
548358,3.91,0.00,14.51,8,14.56,185,0.32,1849,0.00,33.00,97,5,0.00,25,6.53,9.77,8.24,15.40,0.00,1,32.83,7.81,0.5000
548460,3.91,0.00,14.51,8,14.56,185,0.32,1851,0.00,33.00,97,5,0.00,25,6.67,11.64,9.02,16.60,0.00,1,33.04,9.39,0.5000
548562,3.12,0.78,14.51,8,14.56,185,0.35,1883,0.00,35.00,97,5,0.00,25,7.69,14.24,11.76,15.80,0.00,1,35.88,11.58,0.5000
548664,0.78,0.78,14.51,8,14.56,185,0.40,1924,0.00,37.50,97,6,0.00,25,8.56,15.07,12.16,14.10,0.00,1,38.35,11.73,0.5000
548767,2.34,0.78,14.51,8,14.57,185,0.44,1963,0.00,39.00,97,6,0.00,25,8.85,15.25,12.16,14.30,0.00,1,39.67,11.73,0.5000
548869,3.91,0.78,14.51,8,14.57,185,0.45,1963,0.00,40.00,97,6,0.00,25,9.14,15.19,12.16,14.10,0.00,1,40.50,11.58,0.5000
548970,7.03,0.78,14.51,8,14.57,185,0.46,1976,0.00,40.50,97,7,0.00,25,9.14,15.15,12.16,15.20,0.00,1,40.72,11.44,0.5000
549072,7.03,0.78,14.51,8,14.57,185,0.46,2003,0.00,40.00,97,7,0.00,25,9.00,15.32,12.16,15.30,0.00,1,40.55,11.44,0.5000
549175,7.03,0.78,14.51,8,14.57,185,0.46,1997,0.00,40.50,97,7,0.00,25,9.00,15.19,12.16,15.00,0.00,1,40.69,11.44,0.5000
549276,7.03,0.78,14.51,8,14.57,185,0.46,2024,0.00,40.50,97,8,0.00,25,9.00,15.37,12.16,14.60,0.00,1,40.66,11.44,0.5000
549378,7.03,0.78,14.51,8,14.57,185,0.46,2015,0.00,40.50,97,8,0.00,25,9.00,15.31,12.16,14.50,0.00,1,40.72,11.44,0.5000
549480,7.03,0.78,14.51,8,14.57,185,0.45,2022,0.00,40.50,97,8,0.00,25,9.00,15.63,12.16,14.60,0.00,1,40.73,11.43,0.5000
549582,7.81,0.78,14.51,8,14.57,185,0.46,2047,0.00,40.50,97,9,0.00,25,9.29,16.66,12.94,14.50,0.00,1,41.10,12.60,0.5000
549684,8.59,0.78,14.51,8,14.57,185,0.47,2044,0.00,41.50,97,9,0.00,25,9.58,17.40,13.33,14.30,0.00,1,42.11,12.74,0.5000
549787,10.94,0.78,14.51,8,14.58,185,0.49,2081,0.00,42.00,97,9,0.00,25,9.72,17.63,13.73,14.80,0.00,1,42.73,13.04,0.5000
549888,11.72,0.78,14.51,8,14.58,185,0.50,2082,0.00,42.50,97,10,0.00,25,9.72,17.55,13.73,15.10,0.00,1,43.06,13.04,0.5000
549990,10.94,0.78,14.51,8,14.58,185,0.50,2098,0.00,42.50,97,10,0.00,25,9.72,17.56,13.73,14.80,0.00,1,43.12,13.04,0.5000
550092,10.16,0.78,14.51,8,14.58,185,0.51,2124,0.00,42.50,97,11,0.00,25,9.72,18.14,13.73,14.40,0.00,1,43.17,13.04,0.5000
550195,10.16,0.78,14.51,8,14.58,185,0.51,2113,0.00,42.50,97,11,0.00,25,9.72,18.53,13.73,14.50,0.00,1,43.33,12.89,0.5000
550296,9.38,0.78,14.51,8,14.58,185,0.52,2139,0.00,43.00,97,11,0.00,25,10.01,19.61,14.12,14.40,0.00,1,43.87,14.34,0.5000
550398,10.16,0.78,14.51,8,14.58,185,0.53,2142,0.00,43.50,97,12,0.00,25,10.45,20.16,15.29,14.30,0.00,1,44.61,14.64,0.5000
550500,11.72,0.78,14.51,8,14.58,185,0.55,2163,0.00,44.00,97,12,0.00,25,10.45,20.49,15.29,14.00,0.00,1,44.83,14.78,0.5000
550602,12.50,0.78,14.51,8,14.58,185,0.56,2196,0.00,44.00,97,12,0.00,25,10.59,20.37,15.69,14.70,0.00,1,44.73,14.78,0.5000
550704,10.94,0.78,14.51,8,14.58,185,0.56,2206,0.00,44.00,97,13,0.00,25,10.59,20.37,15.69,14.40,0.00,1,44.65,14.78,0.5000
550806,10.16,0.78,14.51,8,14.58,185,0.56,2198,0.00,44.00,97,13,0.00,25,10.59,20.83,15.69,14.30,0.00,1,44.71,14.78,0.5000
550908,10.16,0.78,14.51,8,14.58,185,0.56,2208,0.00,43.50,97,13,0.00,25,10.45,20.82,15.29,14.40,0.00,1,44.58,14.64,0.5000
551010,8.59,0.78,14.51,8,14.58,185,0.56,2229,0.00,43.50,97,13,0.00,25,10.45,20.48,15.29,14.30,0.00,1,44.62,14.49,0.5000
551112,7.81,0.78,14.51,8,14.58,185,0.56,2237,0.00,44.00,97,14,0.00,25,10.30,21.04,14.90,14.20,0.00,1,44.90,14.34,0.5000
551215,7.81,0.78,14.51,8,14.58,185,0.56,2224,0.00,44.00,95,14,0.00,25,10.30,20.83,14.90,14.20,0.00,1,44.76,14.34,0.5000
551316,7.03,0.78,14.51,8,14.58,185,0.56,2235,0.00,44.00,95,14,0.00,25,10.30,20.71,15.29,14.30,0.00,1,44.65,14.49,0.5000
551418,7.03,0.78,14.51,8,14.58,185,0.56,2246,0.00,44.00,95,15,0.00,25,10.30,21.06,15.29,14.20,0.00,1,44.79,14.49,0.5000
551520,7.03,0.78,14.51,8,14.58,185,0.56,2268,0.00,44.00,95,15,0.00,25,10.30,21.51,15.29,14.30,0.00,1,44.73,14.64,0.5000
551622,7.03,0.78,14.51,8,14.58,185,0.56,2277,0.00,43.50,95,15,0.00,25,10.30,21.29,15.29,14.40,0.00,1,44.59,14.49,0.5000
551724,6.25,0.78,14.51,8,14.58,185,0.56,2282,0.00,43.50,95,16,0.00,25,10.30,21.39,15.29,14.50,0.00,1,44.61,14.49,0.5000
551827,6.25,0.78,14.51,8,14.58,185,0.56,2294,0.00,44.00,95,16,0.00,25,10.16,21.39,15.29,14.30,0.00,1,44.67,14.49,0.5000
551928,6.25,0.78,14.51,8,14.58,185,0.56,2284,0.00,43.50,95,16,0.00,25,10.16,21.85,15.29,14.30,0.00,1,44.60,14.49,0.5000
552030,6.25,0.78,14.51,8,14.58,185,0.57,2290,0.00,43.50,95,17,0.00,25,10.16,21.96,15.29,14.40,0.00,1,44.47,14.49,0.5000
552132,6.25,0.78,14.51,8,14.58,185,0.57,2297,0.00,43.50,95,17,0.00,25,10.16,21.51,15.29,14.50,0.00,1,44.54,14.49,0.5000
552234,6.25,0.78,14.51,8,14.58,185,0.56,2303,0.00,44.00,95,18,0.00,25,10.16,21.50,15.29,14.40,0.00,1,44.75,14.49,0.5000
552336,6.25,0.78,14.51,8,14.58,185,0.56,2314,0.00,44.00,95,18,0.00,25,10.16,21.74,15.29,14.40,0.00,1,44.60,14.49,0.5000
552438,7.03,0.78,14.51,8,14.58,185,0.56,2320,0.00,43.50,95,19,0.00,25,10.16,21.73,15.29,14.60,0.00,1,44.59,14.64,0.5000
552540,7.03,0.78,14.51,8,14.58,185,0.56,2327,0.00,44.00,95,19,0.00,25,10.01,21.74,15.29,14.60,0.00,1,44.60,14.64,0.5000
552642,7.03,0.78,14.51,8,14.58,185,0.56,2336,0.00,44.00,95,20,0.00,25,10.01,22.19,15.29,14.50,0.00,1,44.58,14.49,0.5000
552744,7.03,0.78,14.51,8,14.58,185,0.56,2342,0.00,44.00,95,20,0.00,25,10.01,21.73,15.29,14.50,0.00,1,44.70,14.49,0.5000
552846,7.03,0.78,14.51,8,14.58,185,0.56,2348,0.00,44.00,95,21,0.00,25,10.01,21.96,15.29,14.70,0.00,1,44.73,14.49,0.5000
552949,7.81,0.78,14.51,8,14.58,185,0.56,2356,0.00,44.00,95,21,0.00,25,9.87,22.64,15.29,15.30,0.00,1,44.63,14.64,0.5000
553051,7.81,0.78,14.51,8,14.58,185,0.57,2362,0.00,43.50,95,22,0.00,25,10.01,22.53,15.29,14.60,0.00,1,44.44,14.64,0.5000
553152,7.03,0.78,14.51,8,14.58,185,0.57,2370,0.00,43.50,95,22,0.00,25,10.01,22.87,15.69,14.50,0.00,1,44.43,14.78,0.5000
553254,7.81,0.78,14.51,8,14.58,185,0.57,2375,0.00,43.50,95,23,0.00,25,10.01,22.42,15.69,14.60,0.00,1,44.37,14.93,0.5000
553356,7.81,0.78,14.51,8,14.58,185,0.57,2384,0.00,43.50,93,23,0.00,25,10.01,22.98,15.69,14.80,0.00,6,44.34,14.93,0.5000
553459,8.59,0.78,14.51,8,14.58,185,0.57,2389,0.00,43.50,93,23,0.00,25,10.01,23.10,15.69,15.70,0.00,6,44.29,14.93,0.5000
553560,8.59,0.78,14.51,8,14.58,185,0.58,2394,0.00,43.50,93,19,0.00,25,10.01,25.55,15.69,15.40,0.00,6,44.08,14.93,0.5000
553663,9.38,0.78,14.51,8,14.58,185,0.58,2402,0.00,43.50,93,13,0.00,25,9.87,20.54,15.69,14.80,0.00,6,44.26,14.93,0.5000
553765,8.59,0.78,14.51,8,14.58,185,0.58,2427,0.00,43.50,93,9,0.00,25,9.87,23.47,15.69,14.50,0.00,6,44.09,14.78,0.5000
553866,8.59,0.78,14.51,8,14.57,185,0.58,2432,0.00,43.50,93,6,0.00,25,9.87,23.09,15.69,14.40,0.00,6,44.24,14.78,0.5000
553969,7.81,0.78,14.51,8,14.58,185,0.57,2438,0.00,43.50,93,4,0.00,25,9.87,22.75,15.69,14.40,0.00,6,44.33,14.93,0.5000
554071,7.03,0.78,14.51,8,14.58,185,0.57,2440,0.00,43.50,93,4,0.00,25,9.72,21.27,15.69,14.30,0.00,6,44.54,14.21,0.5000
554173,6.25,0.78,14.51,8,14.58,185,0.54,2406,0.00,44.00,93,3,0.00,25,8.27,17.19,10.59,14.40,0.00,6,43.34,8.69,0.5000
554275,2.34,0.78,14.51,8,14.60,185,0.44,2343,0.00,39.00,93,3,0.00,25,6.53,11.04,7.45,13.60,0.00,1,36.64,6.93,0.5000
554376,-1.56,0.78,14.51,8,14.59,185,0.35,2301,0.00,33.50,93,2,0.00,25,5.66,10.35,7.45,13.00,0.00,1,32.12,6.79,0.5000
554479,-5.47,0.78,14.51,8,14.59,185,0.30,2296,0.00,30.00,93,2,0.00,25,5.08,9.66,6.67,12.50,0.00,1,28.91,6.50,0.5000
554581,-7.81,0.00,14.51,8,14.58,185,0.27,2260,0.00,27.00,93,2,0.00,25,4.79,9.43,6.67,12.40,0.00,1,26.43,6.50,0.5000
554683,0.00,0.00,14.51,10,14.59,185,0.26,2227,0.00,25.00,93,1,0.00,25,4.79,9.09,6.67,12.40,0.00,1,24.13,6.50,0.5000
554786,0.00,0.00,14.51,10,14.58,185,0.25,2186,0.00,24.00,93,1,0.00,25,4.79,8.92,6.67,12.80,0.00,1,23.95,6.50,0.5000
554887,0.00,0.00,14.51,10,14.58,185,0.25,2188,0.00,24.00,93,1,0.00,25,4.79,8.63,6.67,13.40,0.00,1,23.95,6.21,0.5000
554989,0.00,0.00,14.51,10,14.58,185,0.24,2182,0.00,24.00,93,1,0.00,25,4.64,8.63,6.67,15.30,0.00,1,23.95,6.20,0.5000
555091,0.00,0.00,14.51,10,14.58,185,0.24,2118,0.00,24.00,93,1,0.00,25,4.64,8.41,6.67,16.40,0.00,1,23.95,6.36,0.5000
555192,0.00,0.00,14.51,10,14.57,185,0.24,2085,0.00,24.00,93,1,0.00,25,4.79,8.32,6.67,18.30,0.00,1,23.95,6.21,0.5000
555295,0.00,0.00,14.51,10,14.57,185,0.24,2082,0.00,24.00,93,2,0.00,25,4.79,8.14,6.27,21.90,0.00,1,23.95,6.06,0.5000
555397,0.00,0.00,14.51,10,14.57,185,0.24,2056,0.00,26.00,93,1,0.00,25,4.79,9.23,6.27,30.20,0.00,1,27.93,6.48,0.5000
555499,0.00,0.00,14.51,10,14.58,185,0.25,2218,0.00,31.00,93,1,0.00,25,6.09,14.92,11.37,48.10,0.00,1,33.22,11.86,0.5000
555601,0.00,0.78,14.51,10,14.59,185,0.34,2340,0.00,38.00,93,1,0.00,25,7.98,18.41,14.90,55.20,0.00,1,39.38,14.05,0.5000
555703,0.00,0.78,14.51,10,14.60,185,0.42,2377,0.00,41.00,93,2,0.00,25,8.85,19.23,14.90,17.90,0.00,1,41.52,14.34,0.5000
555805,0.00,0.78,14.51,10,14.59,185,0.47,2370,0.00,42.00,93,2,0.00,25,9.14,19.91,14.90,16.90,0.00,1,42.61,14.34,0.5000
555907,0.00,0.78,14.51,10,14.59,185,0.49,2380,0.00,42.50,93,2,0.00,25,9.29,20.24,14.90,16.70,0.00,1,43.20,14.20,0.5000
556009,0.00,0.78,14.51,10,14.59,185,0.50,2406,0.00,43.00,93,3,0.00,25,9.14,19.91,14.90,16.80,0.00,6,43.39,14.20,0.5000
556111,0.00,0.78,14.51,10,14.59,185,0.50,2406,0.00,43.00,93,4,0.00,25,9.14,19.91,14.90,16.50,0.00,6,43.31,14.20,0.5000
556213,2.34,0.78,14.51,8,14.59,185,0.13,2398,0.00,43.00,93,4,0.00,25,9.14,20.04,14.90,16.20,0.00,6,43.55,14.05,0.5000
556315,7.03,0.78,14.51,8,14.59,185,0.50,2396,0.00,43.00,93,5,0.00,25,9.14,20.30,14.90,16.10,0.00,6,43.68,14.05,0.5000
556417,8.59,0.78,14.51,8,14.59,185,0.51,2412,0.00,43.50,93,5,0.00,25,9.14,20.21,14.90,16.00,0.00,6,43.73,14.05,0.5000
556519,8.59,0.78,14.51,8,14.59,185,0.51,2402,0.00,43.50,93,6,0.00,25,9.14,20.81,14.90,15.70,0.00,6,43.76,14.05,0.5000
556621,8.59,0.78,14.51,8,14.59,185,0.51,2404,0.00,43.50,93,7,0.00,25,9.00,20.72,14.90,14.60,0.00,6,43.79,14.06,0.5000
556723,7.81,0.78,14.51,8,14.59,185,0.51,2402,0.00,43.50,93,7,0.00,25,9.14,20.31,14.51,14.30,0.00,6,43.70,13.91,0.5000
556825,7.81,0.78,14.51,8,14.59,185,0.51,2396,0.00,43.50,93,8,0.00,25,9.00,20.57,14.51,14.50,0.00,6,43.73,13.91,0.5000
556927,8.59,0.78,14.51,8,14.59,185,0.51,2400,0.00,43.50,91,9,0.00,25,9.00,20.48,14.51,14.50,0.00,6,43.84,13.91,0.5000
557029,7.81,0.78,14.51,8,14.59,185,0.51,2426,0.00,43.50,91,9,0.00,25,9.00,20.18,14.51,14.40,0.00,6,43.70,13.62,0.5000
557131,7.81,0.78,14.51,8,14.59,185,0.51,2429,0.00,43.00,91,10,0.00,25,8.85,20.31,14.12,14.40,0.00,6,43.61,13.33,0.5000
557233,7.03,0.78,14.51,8,14.59,185,0.50,2425,0.00,43.00,91,11,0.00,25,8.71,20.00,14.12,14.40,0.00,6,43.42,13.33,0.5000
557334,6.25,0.78,14.51,8,14.59,185,0.50,2425,0.00,43.00,91,11,0.00,25,8.71,20.05,14.12,14.40,0.00,6,43.31,13.33,0.5000
557437,5.47,0.78,14.51,8,14.59,185,0.50,2405,0.00,43.00,91,12,0.00,25,8.71,20.30,14.12,14.30,0.00,6,43.32,13.33,0.5000
557539,6.25,0.78,14.51,8,14.59,185,0.50,2408,0.00,43.00,91,13,0.00,25,8.71,20.22,14.12,14.30,0.00,6,43.43,13.33,0.5000
557641,6.25,0.78,14.51,8,14.59,185,0.50,2410,0.00,43.00,91,13,0.00,25,8.85,20.13,14.12,14.40,0.00,6,43.52,13.48,0.5000
557743,6.25,0.78,14.51,8,14.59,185,0.50,2416,0.00,43.00,91,14,0.00,25,8.85,18.06,14.12,14.40,0.00,6,43.38,13.47,0.5000
557845,6.25,0.78,14.51,8,14.59,185,0.51,2418,0.00,43.50,91,15,0.00,25,9.14,22.56,14.51,14.40,0.00,6,43.89,14.48,0.5000
557947,8.59,0.78,14.51,8,14.58,185,0.54,2452,0.00,44.50,91,15,0.00,25,10.30,25.50,17.65,15.20,0.00,6,44.40,17.25,0.5000
558049,10.94,0.78,14.51,8,14.57,185,0.59,2495,0.00,42.50,91,16,0.00,25,10.88,26.46,18.43,15.20,0.00,6,43.08,17.40,0.5000
558151,11.72,0.78,14.51,8,14.56,185,0.62,2492,0.00,42.00,91,17,0.00,25,10.88,27.18,18.43,15.00,0.00,6,42.34,17.40,0.5000
558253,10.94,0.78,14.51,8,14.54,185,0.64,2503,0.00,41.50,91,17,0.00,25,10.88,26.68,18.43,14.80,0.00,6,42.07,17.40,0.5000
558355,9.38,0.78,14.51,8,14.54,185,0.64,2530,0.00,41.50,91,18,0.00,25,11.03,27.18,18.43,14.20,0.00,6,41.98,17.25,0.5000
558458,7.81,0.78,14.51,8,14.54,185,0.65,2534,0.00,41.00,91,19,0.00,25,11.03,27.18,18.04,14.10,0.00,6,41.89,17.25,0.5000
558559,7.03,0.78,14.51,8,14.54,185,0.65,2519,0.00,41.00,91,19,0.00,25,11.03,28.39,18.43,14.10,0.00,6,41.66,17.68,0.5000
558661,7.03,0.78,14.51,8,14.53,185,0.66,2527,0.00,40.50,91,20,0.00,25,11.46,29.34,19.61,14.20,0.00,6,40.83,18.70,0.5000
558763,7.03,0.78,14.51,8,14.52,185,0.69,2560,0.00,40.00,91,20,0.00,25,11.61,29.70,19.61,14.40,0.00,6,40.49,18.70,0.5000
558865,6.25,0.78,14.51,8,14.51,185,0.69,2553,0.00,40.00,91,19,0.00,25,11.61,29.82,19.61,14.40,0.00,6,40.33,18.70,0.5000
558967,4.69,0.78,14.51,8,14.50,185,0.70,2583,0.00,39.50,91,15,0.00,25,11.61,30.42,19.61,14.20,0.00,6,40.20,18.70,0.5000
559070,3.91,0.78,14.51,8,14.51,185,0.70,2588,0.00,39.50,91,12,0.00,25,11.61,30.30,19.61,14.10,0.00,6,40.12,18.56,0.5000
559172,2.34,0.78,14.51,8,14.50,185,0.70,2574,0.00,39.50,91,8,0.00,25,11.75,30.66,19.61,14.10,0.00,6,40.12,18.70,0.5000
559274,1.56,0.78,14.51,8,14.50,185,0.71,2596,0.00,39.50,91,6,0.00,25,11.75,30.66,19.61,14.20,0.00,6,40.12,18.70,0.5000
559375,0.78,0.78,14.51,8,14.50,185,0.71,2578,0.00,39.50,91,5,0.00,25,11.90,30.78,19.61,14.30,0.00,6,40.12,18.70,0.5000
559477,0.00,0.78,14.51,8,14.49,185,0.71,2590,0.00,39.50,91,4,0.00,25,11.90,31.40,19.61,14.30,0.00,6,40.12,18.85,0.5000
559580,0.00,0.78,14.51,8,14.50,185,0.72,2618,0.00,39.50,91,3,0.00,25,12.04,32.12,20.00,14.30,0.00,6,40.12,19.43,0.5000
559682,0.00,0.78,14.51,8,14.49,185,0.73,2606,0.00,39.50,91,3,0.00,25,12.33,32.73,20.78,14.30,0.00,6,40.12,20.01,0.5000
559783,0.00,0.78,14.51,8,14.49,185,0.74,2643,0.00,39.50,91,3,0.00,25,12.48,33.09,21.18,14.40,0.00,6,40.12,20.16,0.5000
559885,0.00,0.78,14.51,8,14.48,185,0.75,2635,0.00,39.50,90,3,0.00,25,12.48,33.22,21.18,14.40,0.00,6,40.12,20.16,0.5000
559987,-0.78,0.78,14.51,8,14.49,185,0.75,2664,0.00,39.50,90,3,0.00,25,12.48,33.46,21.18,14.40,0.00,6,40.12,20.16,0.5000
560090,-1.56,0.78,14.51,8,14.48,185,0.76,2650,0.00,39.50,90,3,0.00,25,12.62,33.58,21.18,14.50,0.00,6,40.12,20.16,0.5000
560192,-1.56,0.78,14.51,8,14.48,183,0.76,2678,0.00,39.50,90,3,0.00,25,12.62,34.08,21.18,14.30,0.00,6,40.12,20.16,0.5000
560293,-2.34,0.78,14.51,8,14.47,183,0.76,2664,0.00,39.50,90,3,0.00,25,12.62,34.20,21.18,14.30,0.00,6,40.12,20.30,0.5000
560396,-2.34,0.78,14.51,8,14.48,183,0.76,2690,0.00,39.50,90,3,0.00,25,12.77,35.62,21.57,14.40,0.00,6,40.12,20.74,0.5000
560498,-1.56,0.78,14.51,8,14.47,183,0.78,2704,0.00,39.50,90,4,0.00,25,13.06,33.32,22.35,14.40,0.00,6,40.12,21.61,0.5000
560600,-1.56,0.78,14.51,8,14.47,183,0.79,2696,0.00,39.50,90,4,0.00,25,13.20,36.61,22.75,14.50,0.00,6,40.12,21.75,0.5000
560701,-1.56,0.78,14.51,8,14.46,183,0.81,2732,0.00,39.50,90,4,0.00,25,13.35,36.75,23.14,14.50,0.00,6,40.12,22.19,0.5000
560804,-1.56,0.78,14.51,8,14.46,183,0.81,2722,0.00,39.50,90,5,0.00,25,13.35,37.49,23.14,14.40,0.00,6,40.12,22.19,0.5000
560906,-1.56,0.78,14.51,8,14.46,183,0.82,2732,0.00,39.50,90,5,0.00,25,13.64,39.22,23.92,14.40,0.00,6,40.12,23.06,0.5000
561007,-0.78,0.78,14.51,8,14.46,183,0.84,2770,0.00,39.50,90,6,0.00,25,14.07,39.85,25.88,14.40,0.00,7,40.10,24.81,0.5000
561109,-1.56,0.78,14.51,8,14.45,183,0.86,2768,0.00,39.50,90,6,0.00,25,14.22,39.97,25.88,14.60,0.00,7,40.07,24.66,0.5000
561212,-2.34,0.78,14.51,8,14.45,183,0.86,2777,0.00,39.50,90,7,0.00,25,14.22,40.80,25.88,14.30,0.00,7,40.11,24.52,0.5000
561313,-2.34,0.00,14.51,8,14.45,183,0.87,2804,0.00,39.50,90,7,0.00,25,14.36,43.41,25.88,14.20,0.00,7,40.12,24.66,0.5000
561416,-2.34,0.00,14.51,8,14.45,183,0.88,2816,0.00,39.50,90,8,0.00,25,14.36,41.09,25.88,14.30,0.00,7,40.11,24.52,0.5000
561518,-3.12,0.00,14.51,8,14.45,183,0.88,2806,0.00,39.50,90,8,0.00,25,14.36,40.73,25.88,14.20,0.00,7,40.12,23.95,0.5000
561620,-4.69,0.00,14.51,8,14.45,183,0.87,2809,0.00,39.50,90,9,0.00,25,14.07,38.84,24.71,14.20,0.00,7,40.12,23.50,0.5000
561722,-3.91,0.00,14.51,8,14.45,183,0.87,2818,0.00,40.00,90,9,0.00,25,14.07,41.41,24.71,14.30,0.00,7,40.12,23.50,0.5000
561824,-4.69,0.00,14.51,8,14.45,183,0.87,2845,0.00,40.00,90,10,0.00,25,13.93,43.29,23.92,14.30,0.00,7,40.12,22.77,0.5000
561926,-5.47,0.00,14.51,8,14.46,183,0.87,2848,0.00,40.00,90,10,0.00,25,13.93,38.53,23.92,14.30,0.00,7,40.12,22.77,0.5000
562028,-5.47,0.00,14.51,8,14.46,183,0.87,2861,0.00,40.00,90,11,0.00,25,13.93,41.57,23.92,14.30,0.00,7,40.12,22.63,0.5000
562130,-5.47,0.00,14.51,8,14.46,183,0.87,2844,0.00,40.00,90,11,0.00,25,13.93,41.21,23.92,14.20,0.00,7,40.12,22.77,0.5000
562232,-3.91,0.00,14.51,8,14.46,183,0.87,2852,0.00,40.00,88,11,0.00,25,14.22,42.44,25.10,14.30,0.00,7,40.12,24.08,0.5000
562334,-3.12,0.00,14.51,8,14.46,183,0.88,2870,0.00,40.00,88,11,0.00,25,14.36,43.11,25.10,15.90,0.00,7,40.12,24.23,0.5000
562436,-2.34,0.00,14.51,8,14.46,183,0.89,2896,0.00,40.00,88,11,0.00,25,14.51,43.11,25.49,14.90,0.00,7,40.12,24.37,0.5000
562538,-2.34,0.00,14.51,8,14.46,183,0.90,2895,0.00,40.00,88,11,0.00,25,14.51,42.86,25.49,14.90,0.00,7,40.12,24.37,0.5000
562640,-2.34,0.00,14.51,8,14.46,183,0.90,2894,0.00,40.00,88,9,0.00,25,14.51,42.98,25.49,14.40,0.00,7,40.05,24.38,0.5000
562742,-3.12,0.00,14.51,8,14.47,183,0.90,2905,0.00,40.00,88,9,0.00,25,14.51,46.02,25.49,14.30,0.00,7,40.12,24.37,0.5000
562844,-2.34,0.00,14.51,8,14.47,183,0.90,2913,0.00,40.00,88,8,0.00,25,14.65,43.22,25.49,14.40,0.00,7,40.12,24.37,0.5000
562946,-2.34,0.00,14.51,8,14.47,183,0.89,2921,0.00,40.00,88,7,0.00,25,14.65,45.78,25.49,14.60,0.00,7,40.12,24.37,0.5000
563048,-2.34,0.00,14.51,8,14.47,183,0.89,2930,0.00,40.00,88,6,0.00,25,14.65,46.02,25.49,14.30,0.00,7,40.12,24.37,0.5000
563150,-2.34,0.00,14.51,8,14.47,183,0.89,2943,0.00,40.00,88,5,0.00,25,14.65,46.02,25.49,14.50,0.00,7,40.12,24.37,0.5000
563252,-1.56,0.00,14.51,8,14.47,183,0.89,2952,0.00,40.00,88,4,0.00,25,14.51,43.94,25.10,14.30,0.00,7,40.12,24.08,0.5000
563354,-2.34,0.00,14.51,8,14.48,183,0.89,2964,0.00,40.00,88,4,0.00,25,14.51,43.70,25.10,14.30,0.00,7,40.12,24.08,0.5000
563456,-1.56,0.00,14.51,8,14.48,183,0.89,2968,0.00,40.00,88,4,0.00,25,14.65,43.94,25.49,14.30,0.00,7,40.12,24.23,0.5000
563559,-2.34,0.00,14.51,8,14.48,183,0.89,2973,0.00,40.00,88,4,0.00,25,14.51,43.70,25.10,14.40,0.00,7,40.12,23.93,0.5000
563661,-1.56,0.00,14.51,8,14.48,183,0.89,2986,0.00,40.00,88,4,0.00,25,14.65,43.70,25.10,14.50,0.00,7,40.12,24.08,0.5000
563763,-0.78,0.00,14.51,8,14.48,183,0.88,3003,0.00,40.00,88,4,0.00,25,14.65,43.58,25.49,14.50,0.00,7,40.12,24.23,0.5000
563865,-0.78,0.00,14.51,8,14.48,183,0.88,3016,0.00,40.00,88,4,0.00,25,14.65,44.06,25.49,14.50,0.00,7,40.12,24.23,0.5000
563967,0.00,0.00,14.51,8,14.48,183,0.88,3026,0.00,40.00,88,4,0.00,25,14.65,44.66,25.49,14.40,0.00,7,40.12,24.52,0.5000
564069,0.78,0.00,14.51,8,14.49,183,0.88,3018,0.00,40.00,88,4,0.00,25,14.80,45.38,26.27,14.60,0.00,7,40.12,24.95,0.5000
564171,0.78,0.00,14.51,8,14.49,183,0.89,3030,0.00,40.00,88,5,0.00,25,14.80,45.02,26.27,14.50,0.00,7,40.12,24.81,0.5000
564273,0.78,0.00,14.51,8,14.49,183,0.89,3040,0.00,40.00,88,5,0.00,25,14.80,45.50,25.88,14.40,0.00,7,40.12,24.81,0.5000
564375,1.56,0.00,14.51,8,14.50,183,0.89,3081,0.00,40.00,88,5,0.00,25,14.80,45.86,25.88,14.50,0.00,7,40.12,24.80,0.5000
564477,0.78,0.00,14.51,8,14.50,183,0.89,3096,0.00,40.00,88,6,0.00,25,14.80,48.54,26.27,14.40,0.00,7,40.12,25.10,0.5000
564579,1.56,0.00,14.51,8,14.50,183,0.89,3085,0.00,40.00,86,6,0.00,25,14.95,46.34,26.27,14.40,0.00,7,40.12,25.10,0.5000
564681,1.56,0.00,14.51,8,14.50,183,0.89,3095,0.00,40.00,86,6,0.00,25,14.95,46.58,26.27,14.30,0.00,7,40.12,25.10,0.5000
564783,1.56,0.00,14.51,8,14.50,183,0.89,3129,0.00,40.00,86,7,0.00,25,14.95,46.58,26.27,14.60,0.00,7,40.12,25.10,0.5000
564885,1.56,0.00,14.51,8,14.50,183,0.89,3120,0.00,40.00,86,7,0.00,25,14.95,46.94,26.27,14.40,0.00,7,40.12,25.09,0.5000
564987,1.56,0.00,14.51,8,14.50,183,0.90,3124,0.00,40.00,86,8,0.00,25,14.95,47.05,26.67,14.40,0.00,7,40.12,25.24,0.5000
565089,1.56,0.00,14.51,8,14.51,183,0.90,3162,0.00,40.00,86,8,0.00,25,14.95,46.81,26.67,14.70,0.00,7,40.12,25.24,0.5000
565191,2.34,0.00,14.51,8,14.51,183,0.89,3148,0.00,40.00,86,8,0.00,25,15.09,47.17,26.67,14.40,0.00,7,40.12,25.39,0.5000
565293,3.12,0.00,14.51,8,14.51,183,0.90,3158,0.00,40.00,86,9,0.00,25,15.09,47.77,26.67,14.70,0.00,7,40.12,25.53,0.5000
565395,3.12,0.00,14.51,8,14.51,183,0.90,3190,0.00,40.00,86,9,0.00,25,15.09,47.41,26.67,14.60,0.00,7,40.12,25.39,0.5000
565497,3.91,0.00,14.51,8,14.51,183,0.90,3181,0.00,40.00,86,9,0.00,25,15.24,48.01,26.67,14.50,0.00,12,40.12,25.53,0.5000
565599,3.91,0.00,14.51,8,14.52,183,0.90,3208,0.00,40.00,86,9,0.00,25,15.24,48.13,26.67,14.70,0.00,12,40.06,25.53,0.5000
565701,3.91,0.00,14.51,8,14.51,183,0.91,3187,0.00,40.00,86,10,0.00,25,15.24,48.37,26.67,14.40,0.00,12,40.06,25.53,0.5000
565803,3.91,0.00,14.51,8,14.52,183,0.90,3223,0.00,40.00,86,10,0.00,25,15.24,48.37,26.67,14.40,0.00,12,40.09,25.53,0.5000
565906,4.69,0.00,14.51,8,14.52,183,0.90,3209,0.00,40.00,86,9,0.00,25,15.24,46.15,26.67,14.40,0.00,12,40.07,25.53,0.5000
566007,4.69,0.00,14.51,8,14.52,183,0.91,3235,0.00,40.00,86,9,0.00,25,15.24,48.49,27.06,14.60,0.00,12,39.93,25.53,0.5000
566109,3.91,0.00,14.51,8,14.52,183,0.91,3217,0.00,40.00,86,9,0.00,25,15.24,48.80,26.67,14.30,0.00,12,40.03,25.53,0.5000
566211,4.69,0.00,14.51,8,14.52,183,0.91,3220,0.00,40.00,86,8,0.00,25,15.38,49.26,26.67,14.40,0.00,12,40.01,25.53,0.5000
566313,4.69,0.00,14.51,8,14.52,183,0.90,3230,0.00,40.00,86,7,0.00,25,15.38,49.47,26.67,14.40,0.00,12,40.01,25.53,0.5000
566415,4.69,0.00,14.51,8,14.52,183,0.91,3263,0.00,40.00,86,7,0.00,25,15.38,49.90,27.06,14.40,0.00,12,39.99,25.53,0.5000
566517,3.91,0.00,14.51,8,14.52,183,0.91,3250,0.00,40.00,86,7,0.00,25,15.38,49.25,26.67,14.30,0.00,12,39.89,25.53,0.5000
566619,3.91,0.00,14.51,8,14.52,183,0.91,3281,0.00,40.00,86,6,0.00,25,15.53,50.98,27.06,14.50,0.00,12,39.78,25.97,0.5000
566721,3.91,0.00,14.51,8,14.52,183,0.92,3268,0.00,40.00,86,6,0.00,25,15.53,51.19,27.45,14.50,0.00,12,39.68,25.97,0.5000
566823,3.91,0.00,14.51,8,14.52,183,0.93,3296,0.00,40.00,86,5,0.50,25,15.67,51.19,27.45,14.40,0.00,12,39.59,26.12,0.5000
566925,3.91,0.00,14.51,8,14.52,183,0.93,3276,0.00,40.00,86,6,0.50,25,15.67,50.54,27.45,14.30,0.00,12,39.43,26.12,0.5000
567027,3.12,0.00,14.51,8,14.52,183,0.93,3306,0.00,40.00,86,6,0.50,25,15.67,53.53,27.45,14.40,0.00,12,39.44,26.12,0.5000
567129,3.12,0.00,14.51,8,14.52,183,0.93,3318,0.00,40.00,86,6,0.50,25,15.67,52.48,27.45,14.40,0.00,12,39.41,26.11,0.5000
567231,3.12,0.00,14.51,8,14.52,183,0.94,3302,0.00,39.50,86,5,0.50,25,15.82,52.48,27.45,14.30,0.00,12,39.08,26.12,0.5000
567333,3.12,0.00,14.51,8,14.52,183,0.95,3338,0.00,39.50,86,6,0.50,25,15.82,55.26,27.45,14.40,0.00,12,38.99,26.26,0.5000
567435,1.56,0.00,14.51,8,14.52,183,0.95,3319,0.00,39.50,86,6,0.50,25,15.82,52.91,27.45,14.40,0.00,12,39.07,26.26,0.5000
567537,1.56,0.00,14.51,8,14.52,183,0.95,3324,0.00,39.50,86,6,0.50,25,15.82,53.12,27.45,14.40,0.00,12,39.07,26.26,0.5000
567639,1.56,0.78,14.51,8,14.52,183,0.95,3358,0.00,39.50,86,6,0.50,25,15.82,53.12,27.45,14.30,0.00,12,39.04,26.26,0.5000
567741,2.34,0.78,14.51,8,14.52,183,0.96,3366,0.00,39.50,86,6,0.50,25,15.82,53.99,27.45,14.30,0.00,12,38.93,26.26,0.5000
567843,1.56,0.78,14.51,8,14.52,183,0.96,3355,0.00,39.50,86,6,0.50,25,15.82,53.99,27.45,14.60,0.00,12,38.81,26.26,0.5000
567945,2.34,0.78,14.51,8,14.52,183,0.97,3388,0.00,39.50,86,7,0.50,25,15.96,54.20,27.45,14.40,0.00,12,38.68,26.26,0.5000
568047,1.56,0.78,14.51,8,14.52,183,0.97,3396,0.00,39.50,86,7,0.50,25,15.96,55.49,27.45,14.40,0.00,12,38.64,26.26,0.5000
568149,0.78,0.78,14.51,8,14.52,183,0.97,3375,0.00,39.50,86,7,1.00,25,15.96,55.49,27.45,14.30,0.00,12,38.47,26.26,0.5000
568251,0.78,0.78,14.51,8,14.52,183,0.98,3385,0.00,39.00,86,8,1.00,25,15.96,55.28,27.45,14.30,0.00,12,38.18,26.26,0.5000
568354,-0.78,0.78,14.51,8,14.52,183,0.99,3400,0.00,39.00,86,8,1.00,25,15.96,57.00,27.45,14.30,0.00,12,38.30,26.26,0.5000
568456,-0.78,0.78,14.51,8,14.52,183,0.99,3429,0.00,39.00,86,8,1.00,25,15.96,55.92,27.45,14.60,0.00,12,38.13,26.41,0.5000
568557,-0.78,0.78,14.51,8,14.52,183,0.99,3441,0.00,39.00,86,8,1.00,25,15.96,56.78,27.45,14.60,0.00,12,38.36,26.26,0.5000
568659,-0.78,0.78,14.51,8,14.52,183,0.99,3447,0.00,39.00,86,8,1.00,25,15.96,57.43,27.45,14.10,0.00,12,38.29,26.26,0.5000
568761,-0.78,0.78,14.51,8,14.52,183,0.99,3427,0.00,39.00,86,8,1.00,25,16.11,56.57,27.45,14.50,0.00,12,38.29,26.26,0.5000
568863,0.00,0.78,14.51,8,14.52,183,0.99,3432,0.00,39.00,86,8,1.00,25,16.11,56.78,27.45,14.50,0.00,12,38.26,26.26,0.5000
568965,0.00,0.78,14.51,8,14.52,183,0.99,3446,0.00,39.00,86,8,1.00,25,16.11,58.29,27.84,14.60,0.00,12,38.18,26.26,0.5000
569067,0.78,0.78,14.51,8,14.52,183,0.99,3478,0.00,39.00,86,8,1.00,25,16.25,57.43,27.84,14.40,0.00,12,38.11,26.41,0.5000
569169,0.00,0.78,14.51,8,14.52,183,1.00,3484,0.00,39.00,86,8,1.00,25,16.25,56.41,27.84,14.50,0.00,13,38.06,26.41,0.5000
569272,0.00,0.78,14.51,8,14.52,183,1.01,3493,0.00,39.00,86,7,1.00,25,16.25,58.29,27.84,14.50,0.00,13,37.73,26.26,0.5000
569374,-1.56,0.78,14.51,8,14.52,183,1.00,3504,0.00,39.00,86,7,1.00,25,16.25,61.29,27.84,14.30,0.00,13,37.98,26.26,0.5000
569476,-1.56,0.78,14.51,8,14.52,183,1.00,3505,0.00,39.00,86,7,1.00,25,16.25,58.29,27.84,14.40,0.00,13,37.98,26.41,0.5000
569577,-0.78,0.78,14.51,8,14.52,183,1.00,3509,0.00,39.00,86,7,1.00,25,16.40,58.73,27.84,14.20,0.00,13,38.01,26.41,0.5000
569680,-0.78,0.78,14.51,8,14.52,183,1.00,3520,0.00,39.00,86,6,1.00,25,16.40,58.72,27.84,14.10,0.00,13,37.90,26.41,0.5000
569781,0.00,0.78,14.51,8,14.52,183,1.00,3500,0.00,39.00,86,7,1.00,25,16.40,58.29,27.84,14.40,0.00,13,37.88,26.41,0.5000
569884,0.00,0.78,14.51,8,14.52,183,1.00,3503,0.00,39.00,86,6,1.00,25,16.40,58.95,27.84,14.30,0.00,13,37.87,26.41,0.5000
569985,-0.78,0.78,14.51,8,14.52,183,1.01,3511,0.00,39.00,86,6,1.00,25,16.40,58.95,27.84,14.40,0.00,13,37.86,26.41,0.5000
570087,-0.78,0.78,14.51,8,14.52,183,1.00,3519,0.00,39.00,86,6,1.00,25,16.40,58.96,27.84,14.40,0.00,13,37.92,26.41,0.5000
570190,-0.78,0.78,14.51,8,14.52,183,1.00,3522,0.00,39.00,86,6,1.00,25,16.40,58.97,27.84,14.40,0.00,13,37.97,26.41,0.5000
570292,-0.78,0.78,14.51,8,14.52,183,1.00,3528,0.00,39.00,86,6,1.00,25,16.54,59.03,27.84,14.50,0.00,13,38.00,26.41,0.5000
570394,0.00,0.00,14.51,8,14.52,183,1.00,3532,0.00,39.00,86,6,1.00,25,16.54,59.04,27.84,15.50,0.00,13,38.02,26.41,0.5000
570496,0.78,0.00,14.51,8,14.52,183,1.00,3566,0.00,39.00,86,6,1.00,25,16.54,59.08,27.84,14.60,0.00,13,38.06,26.41,0.5000
570597,0.00,0.00,14.51,8,14.52,183,1.00,3572,0.00,39.00,86,6,1.00,25,14.65,45.41,27.45,14.60,0.00,12,38.87,21.07,0.5000
570699,-3.91,0.00,14.51,8,14.51,183,0.80,3435,0.00,38.50,86,6,0.00,25,8.71,24.40,10.20,13.60,0.00,11,38.78,7.95,0.5000
570801,-9.38,0.78,14.51,8,14.56,183,0.53,3280,0.00,38.00,86,6,0.00,25,6.38,18.20,8.24,10.50,0.00,11,35.91,7.66,0.5000
570904,-16.41,0.78,14.51,8,14.55,183,0.38,3248,0.00,33.00,86,6,0.00,25,5.51,15.78,7.84,9.60,0.00,11,31.49,7.51,0.5000
571006,-25.00,0.78,14.51,8,14.54,185,0.31,3251,0.00,29.00,86,6,0.00,25,4.93,14.55,7.84,9.80,0.00,11,27.87,7.66,0.5000
571108,0.00,0.78,14.51,10,14.54,185,0.28,3230,0.00,26.00,86,6,0.00,25,4.79,14.19,8.24,10.00,0.00,11,24.74,7.51,0.5000
571210,0.00,0.78,14.51,10,14.55,185,0.27,3165,0.00,24.00,86,7,0.00,25,4.64,14.27,7.84,10.60,0.00,11,23.95,7.66,0.5000
571312,0.00,0.78,14.51,10,14.55,185,0.27,3182,0.00,24.00,86,7,0.00,25,4.64,13.62,8.24,11.90,0.00,11,23.95,7.66,0.5000
571414,0.00,0.78,14.51,10,14.56,185,0.26,3129,0.00,24.00,86,8,0.00,25,4.64,13.39,8.24,13.10,0.00,6,23.95,7.66,0.5000
571516,0.00,0.78,14.51,10,14.57,185,0.26,3054,0.00,24.00,86,9,0.00,25,4.64,12.17,8.24,13.70,0.00,6,23.95,7.66,0.5000
571618,0.00,0.78,14.51,10,14.57,185,0.25,3026,0.00,24.00,86,9,0.00,25,4.64,12.26,7.84,16.90,0.00,6,23.95,7.66,0.5000
571720,0.00,0.78,14.51,10,14.58,185,0.25,3015,0.00,24.00,86,9,0.00,25,4.64,12.17,7.84,25.00,0.00,6,23.95,7.51,0.5000
571822,0.00,0.78,14.51,10,14.58,185,0.24,2983,0.00,24.00,86,10,0.00,25,4.64,11.91,7.84,39.70,0.00,6,23.95,7.51,0.5000
571924,0.00,0.78,14.51,10,14.59,185,0.24,2949,0.00,24.00,86,10,0.00,25,4.50,11.39,8.24,66.70,0.00,6,23.95,7.51,0.5000
572025,0.00,0.78,14.51,10,14.60,185,0.24,2912,0.00,24.00,86,11,0.00,25,4.50,11.65,7.84,86.00,0.00,6,23.95,7.51,0.5000
572128,0.00,0.78,14.51,10,14.60,185,0.24,2855,0.00,24.00,86,11,0.00,25,4.50,11.30,7.84,96.00,0.00,6,23.95,7.51,0.5000
572230,0.00,0.78,14.51,10,14.61,185,0.24,2819,0.00,24.00,86,11,0.00,25,4.50,11.30,7.84,96.00,0.00,6,23.95,7.51,0.5000
572332,0.00,0.78,14.51,10,14.62,185,0.24,2780,0.00,24.00,86,12,0.00,25,4.50,11.13,7.84,96.00,0.00,6,23.95,7.66,0.5000
572434,0.00,0.78,14.51,10,14.62,185,0.24,2761,0.00,24.00,86,12,0.00,25,4.50,11.13,7.84,96.00,0.00,6,23.95,7.51,0.5000
572536,0.00,0.78,14.51,10,14.62,185,0.24,2698,0.00,24.00,86,13,0.00,25,4.64,10.64,7.84,99.90,0.00,6,23.95,7.51,0.5000
572638,0.00,0.78,14.51,10,14.61,185,0.24,2680,0.00,24.00,86,13,0.00,25,4.64,10.52,7.84,99.90,0.00,6,23.95,7.51,0.5000
572740,0.00,0.78,14.51,10,14.61,185,0.24,2622,0.00,24.00,86,14,0.00,25,4.64,10.78,7.84,99.90,0.00,6,23.95,7.51,0.5000
572842,0.00,0.78,14.51,10,14.61,185,0.25,2608,0.00,24.00,86,14,0.00,25,4.64,10.78,7.84,99.90,0.00,6,23.95,7.51,0.5000
572944,0.00,0.78,14.51,10,14.61,185,0.25,2550,0.00,24.00,86,14,0.00,25,4.64,10.64,7.84,99.90,0.00,6,23.95,7.51,0.5000
573046,0.00,0.78,14.51,10,14.61,185,0.25,2532,0.00,24.00,86,15,0.00,25,4.64,10.46,7.84,99.90,0.00,6,23.95,7.66,0.5000
573148,0.00,0.78,14.51,10,14.61,185,0.25,2500,0.00,24.00,86,15,0.00,25,4.79,12.74,7.84,99.90,0.00,6,23.95,7.51,0.5000
573250,0.00,0.78,14.51,10,14.61,185,0.25,2444,0.00,24.00,86,16,0.00,25,4.79,10.41,8.24,99.90,0.00,6,23.95,7.51,0.5000
573352,0.00,0.78,14.51,10,14.61,185,0.25,2414,0.00,24.00,86,16,0.00,25,4.93,12.74,7.84,99.90,0.00,6,23.95,7.51,0.5000
573454,0.00,0.78,14.51,10,14.60,185,0.26,2379,0.00,24.00,86,16,0.00,25,4.93,10.24,7.84,99.90,0.00,6,23.95,7.51,0.5000
573556,0.00,0.78,14.51,10,14.60,185,0.26,2342,0.00,24.00,86,16,0.00,25,5.08,10.41,7.84,99.90,0.00,1,23.95,7.51,0.5000
573658,0.00,0.78,14.51,10,14.60,185,0.26,2305,0.00,24.00,86,16,0.00,25,5.22,10.18,7.84,99.90,0.00,1,23.95,7.51,0.5000
573760,0.00,0.78,14.51,10,14.59,185,0.27,2268,0.00,24.00,86,14,0.00,25,5.22,12.74,7.84,99.90,0.00,1,23.95,7.37,0.5000
573862,0.00,0.78,14.51,10,14.58,185,0.27,2254,0.00,24.00,86,10,0.00,25,5.22,9.78,7.45,99.90,0.00,1,23.95,7.22,0.5000
573964,0.00,0.00,14.51,10,14.58,185,0.27,2217,0.00,24.00,86,6,0.00,25,5.37,9.66,7.45,99.90,0.00,1,23.95,7.22,0.5000
574066,0.00,0.00,14.51,10,14.58,185,0.27,2167,0.00,24.00,86,4,0.00,25,5.37,9.83,7.45,99.90,0.00,1,23.95,7.22,0.5000
574168,0.00,0.00,14.51,10,14.57,185,0.27,2130,0.00,24.00,86,3,0.00,25,5.37,9.43,7.45,99.90,0.00,1,23.95,7.08,0.5000
574270,0.00,0.00,14.51,10,14.57,185,0.27,2118,0.00,24.00,86,2,0.00,25,5.51,9.38,7.45,99.90,0.00,1,23.95,7.08,0.5000
574372,0.00,0.00,14.51,10,14.57,185,0.27,2072,0.00,24.00,86,1,0.00,25,5.51,9.15,7.45,99.90,0.00,1,23.95,6.93,0.5000
574474,0.00,0.00,14.51,10,14.56,185,0.27,2061,0.00,24.00,86,0,0.00,25,5.51,8.97,7.06,99.90,0.00,1,23.95,6.79,0.5000
574576,0.00,0.00,14.51,10,14.56,185,0.27,2018,0.00,24.00,86,0,0.00,25,5.51,8.87,7.06,99.90,0.00,1,23.95,6.79,0.5000
574678,0.00,0.00,14.51,10,14.56,185,0.27,2007,0.00,24.00,86,0,0.00,25,5.37,8.72,7.06,99.90,0.00,1,23.95,6.64,0.5000
574780,0.00,0.00,14.51,10,14.56,185,0.26,1964,0.00,24.00,86,0,0.00,25,5.51,8.97,7.06,99.90,0.00,1,23.95,6.64,0.5000
574882,0.00,0.00,14.51,10,14.56,185,0.27,1942,0.00,24.00,86,0,0.00,25,5.51,8.46,7.06,99.90,0.00,1,23.95,6.64,0.5000
574985,0.00,0.00,14.51,10,14.56,185,0.26,1936,0.00,24.00,88,0,0.00,25,5.51,8.37,6.67,99.90,0.00,1,23.95,6.64,0.5000
575086,0.00,0.00,14.51,10,14.56,185,0.26,1925,0.00,24.00,88,0,0.00,25,5.51,8.41,6.67,99.90,0.00,1,23.95,6.50,0.5000
575189,0.00,0.00,14.51,10,14.56,185,0.27,1896,0.00,24.00,88,0,0.00,25,5.51,8.55,6.67,99.90,0.00,1,23.95,6.35,0.5000
575290,0.00,0.00,14.51,10,14.56,185,0.27,1885,0.00,24.00,88,0,0.00,25,5.37,8.59,6.67,99.90,0.00,1,23.95,6.50,0.5000
575392,0.00,0.00,14.51,10,14.56,185,0.27,1887,0.00,24.50,88,0,0.00,25,5.51,8.46,6.67,99.90,0.00,1,25.70,6.50,0.5000
575494,0.00,0.00,14.51,10,14.56,185,0.27,1972,0.00,28.00,88,0,0.00,25,6.67,13.82,9.80,99.90,0.00,1,30.03,11.29,0.5000
575596,0.00,0.78,14.51,10,14.57,185,0.34,2154,0.00,35.50,88,0,0.00,25,8.27,16.94,13.73,99.90,0.00,1,38.51,13.47,0.5000
575698,0.00,0.78,14.51,10,14.59,185,0.41,2242,0.00,40.50,88,0,0.00,25,9.29,18.59,14.51,19.90,0.00,1,40.92,14.05,0.5000
575800,0.00,0.78,14.51,10,14.59,185,0.47,2246,0.00,42.00,88,0,0.00,25,9.43,19.10,14.90,18.70,0.00,1,42.53,14.05,0.5000
575902,0.00,0.78,14.51,10,14.58,185,0.50,2259,0.00,43.00,88,0,0.00,25,9.58,19.44,14.90,18.10,0.00,1,43.26,14.05,0.5000
576004,0.00,0.78,14.51,10,14.58,185,0.51,2263,0.00,44.00,88,0,0.00,25,10.30,21.46,16.47,17.50,0.00,1,44.45,15.94,0.5000
576106,0.00,0.78,14.51,10,14.58,185,0.55,2283,0.00,45.00,88,0,0.00,25,10.88,22.71,16.86,16.90,0.00,1,44.46,16.82,0.5000
576208,0.00,0.78,14.51,10,14.58,185,0.58,2276,0.00,44.00,88,0,0.00,25,11.17,23.32,18.04,16.90,0.00,1,43.65,17.10,0.5000
576311,8.59,0.78,14.51,8,14.57,185,0.60,2290,0.00,43.00,88,0,0.00,25,11.46,24.34,18.04,16.90,0.00,1,43.13,17.83,0.5000
576412,11.72,0.78,14.51,8,14.57,185,0.62,2303,0.00,42.50,88,0,0.00,25,11.75,25.60,19.22,16.60,0.00,1,42.25,18.26,0.5000
576514,13.28,0.78,14.51,8,14.57,185,0.65,2320,0.00,41.50,88,0,0.00,25,12.04,26.97,19.61,16.10,0.00,1,41.39,18.85,0.5000
576617,12.50,0.78,14.51,8,14.56,185,0.67,2336,0.00,41.00,88,0,0.00,25,12.04,27.15,19.61,15.60,0.00,1,40.91,18.99,0.5000
576718,11.72,0.78,14.51,8,14.56,185,0.68,2341,0.00,40.50,88,0,0.00,25,12.33,27.91,20.39,14.40,0.00,1,40.56,19.87,0.5000
576820,12.50,0.78,14.51,8,14.56,185,0.70,2352,0.00,40.00,88,0,0.00,25,12.48,28.21,21.18,14.50,0.00,1,40.11,20.01,0.5000
576922,11.72,0.78,14.51,8,14.56,185,0.71,2356,0.00,40.00,88,0,0.00,25,12.48,28.51,20.78,14.60,0.00,1,40.09,19.87,0.5000
577024,10.94,0.78,14.51,8,14.56,185,0.72,2360,0.00,40.00,88,1,0.00,25,12.62,28.87,20.78,14.40,0.00,1,40.09,19.87,0.5000
577126,10.16,0.78,14.51,8,14.56,185,0.72,2365,0.00,40.00,88,1,0.00,25,12.62,28.75,20.78,14.20,0.00,1,40.09,19.87,0.5000
577228,9.38,0.78,14.51,8,14.56,185,0.72,2366,0.00,40.00,88,2,0.00,25,12.62,29.23,20.78,14.30,0.00,1,40.09,19.87,0.5000
577330,9.38,0.78,14.51,8,14.56,185,0.73,2371,0.00,40.00,88,2,0.00,25,12.62,29.59,20.78,14.30,0.00,1,40.09,19.87,0.5000
577433,8.59,0.78,14.51,8,14.56,185,0.74,2383,0.00,40.00,88,3,0.00,25,12.91,31.40,21.57,14.40,0.00,6,40.06,21.17,0.5000
577534,10.16,0.78,14.51,8,14.56,185,0.77,2396,0.00,40.00,88,4,0.00,25,13.20,31.75,22.75,14.30,0.00,6,40.10,22.05,0.5000
577637,10.16,0.78,14.51,8,14.55,185,0.78,2424,0.00,40.00,88,5,0.00,25,13.49,32.48,23.53,14.40,0.00,6,40.12,22.49,0.5000
577739,10.16,0.78,14.51,8,14.55,185,0.80,2434,0.00,40.00,88,6,0.00,25,13.49,32.47,23.53,15.30,0.00,6,40.12,22.34,0.5000
577840,9.38,0.78,14.51,8,14.55,185,0.80,2443,0.00,40.00,88,6,0.00,25,13.49,33.10,23.53,14.60,0.00,6,40.12,22.34,0.5000
577943,8.59,0.78,14.51,8,14.55,185,0.81,2448,0.00,40.00,88,7,0.00,25,13.49,30.76,23.53,14.30,0.00,6,40.12,22.48,0.5000
578045,7.81,0.78,14.51,8,14.55,185,0.81,2438,0.00,40.00,88,8,0.00,25,13.64,34.06,23.53,14.30,0.00,6,40.12,22.48,0.5000
578146,7.03,0.78,14.51,8,14.54,185,0.82,2445,0.00,40.00,88,8,0.00,25,14.07,35.39,25.10,14.30,0.00,6,40.12,24.37,0.5000
578249,8.59,0.78,14.51,8,14.54,185,0.85,2462,-2.00,40.00,88,9,-2.00,26,14.22,36.34,26.67,14.50,0.00,7,39.71,25.24,0.5000
578350,7.81,0.78,14.51,8,14.53,185,0.87,2495,-2.00,37.50,88,10,-1.50,26,14.36,36.19,26.27,14.30,0.00,7,39.38,25.10,0.5000
578453,7.03,0.78,14.51,8,14.54,185,0.87,2499,-2.00,37.50,88,11,-1.50,26,14.36,37.09,26.67,14.20,0.00,7,39.21,25.09,0.5000
578555,7.03,0.78,14.51,8,14.54,185,0.88,2482,-2.00,37.50,88,11,-1.50,26,14.36,37.54,26.27,14.20,0.00,7,38.95,25.10,0.5000
578656,5.47,0.78,14.51,8,14.53,185,0.89,2488,-2.00,37.50,88,12,-1.50,26,14.51,37.39,26.27,14.20,0.00,7,38.67,25.39,0.5000
578759,5.47,0.78,14.51,8,14.53,185,0.90,2515,-2.00,37.50,88,13,-1.00,26,14.51,35.88,26.27,14.30,0.00,7,38.48,25.10,0.5000
578861,4.69,0.78,14.51,8,14.53,185,0.91,2525,-2.00,37.00,88,13,-1.00,26,14.80,39.64,27.84,14.30,0.00,7,38.26,26.69,0.5000
578963,4.69,0.78,14.51,8,14.53,185,0.93,2518,-2.00,37.00,86,14,-1.00,26,15.09,40.35,29.41,14.60,0.00,7,37.91,28.15,0.5000
579065,3.91,0.00,14.51,8,14.52,185,0.95,2529,-4.00,37.00,86,15,-3.00,27,15.24,40.71,29.80,14.40,0.00,7,37.59,28.87,0.5000
579166,4.69,0.00,14.51,8,14.52,185,0.96,2557,-4.00,34.50,86,15,-3.00,27,15.38,40.83,30.59,14.30,0.00,7,37.49,29.31,0.5000
579269,3.91,0.00,14.51,8,14.52,185,0.96,2550,-4.00,34.50,86,16,-3.00,27,15.38,41.30,30.59,14.20,0.00,7,37.62,29.17,0.5000
579370,3.12,0.00,14.51,8,14.51,185,0.96,2578,-4.00,35.00,86,17,-3.00,27,15.53,42.02,30.59,14.30,0.00,7,37.44,29.17,0.5000
579472,2.34,0.00,14.51,8,14.52,185,0.97,2587,-4.00,34.50,86,18,-2.50,27,15.53,42.13,30.59,14.30,0.00,7,37.47,29.17,0.5000
579575,1.56,0.00,14.51,8,14.51,185,0.97,2574,-4.00,34.50,86,18,-2.50,27,15.53,42.25,30.59,14.40,0.00,7,37.41,29.17,0.5000
579677,1.56,0.00,14.51,8,14.51,185,0.98,2598,-4.00,34.50,86,18,-2.50,27,15.67,42.13,30.59,14.40,0.00,7,37.21,29.17,0.5000
579779,1.56,0.00,14.51,8,14.51,185,0.98,2588,-4.00,34.50,86,17,-2.50,27,15.67,42.97,30.59,14.50,0.00,7,37.29,29.02,0.5000
579881,0.00,0.00,14.51,8,14.51,185,0.99,2594,-4.00,34.50,86,13,-2.50,27,15.67,42.49,30.20,14.20,0.00,7,37.22,28.88,0.5000
579982,0.00,0.00,14.51,8,14.51,185,0.98,2614,-4.00,34.50,86,11,-2.50,27,15.82,42.73,30.20,14.20,0.00,7,37.40,28.88,0.5000
580085,-0.78,0.00,14.51,8,14.50,185,0.98,2596,-4.00,34.50,86,8,-2.50,27,15.82,42.73,30.20,14.30,0.00,7,37.26,28.88,0.5000
580187,-1.56,0.00,14.51,8,14.51,185,0.98,2624,-4.00,34.50,86,5,-2.50,27,15.82,43.21,30.20,14.40,0.00,7,37.41,28.88,0.5000
580289,-2.34,0.00,14.51,8,14.50,185,0.99,2604,-4.00,34.50,86,4,-2.50,27,15.82,43.21,30.20,14.20,0.00,7,37.41,28.88,0.5000
580391,-1.56,0.00,14.51,8,14.50,185,0.99,2630,-4.00,34.50,86,3,-2.50,27,15.96,42.97,30.20,14.50,0.00,7,37.32,28.88,0.5000
580494,-2.34,0.00,14.51,8,14.50,185,0.98,2615,-4.00,34.50,86,3,-2.50,27,15.96,43.45,30.20,14.30,0.00,7,37.50,28.88,0.5000
580595,-2.34,0.00,14.51,8,14.50,185,0.98,2647,-4.00,35.00,86,2,-2.50,27,15.96,42.49,30.20,14.40,0.00,7,37.52,28.75,0.5000
580697,-2.34,0.00,14.51,8,14.50,185,0.97,2646,-4.00,35.00,86,2,-3.00,27,15.82,43.45,29.41,14.40,0.00,7,37.89,27.86,0.5000
580799,-3.12,0.00,14.51,8,14.49,185,0.97,2678,-4.00,35.00,86,2,-3.00,27,15.82,43.33,29.41,14.50,0.00,7,37.80,27.86,0.5000
580901,-3.12,0.00,14.51,8,14.49,185,0.97,2656,-4.00,35.00,86,2,-3.00,27,15.82,43.33,29.41,14.30,0.00,7,37.95,27.86,0.5000
581003,-3.12,0.00,14.51,8,14.49,185,0.97,2686,-4.00,35.00,86,2,-3.00,27,15.82,43.21,29.41,14.30,0.00,7,37.88,27.86,0.5000
581105,-3.12,0.00,14.51,8,14.48,185,0.97,2674,-3.00,36.00,86,2,-2.00,27,15.82,43.09,29.41,14.40,0.00,7,38.03,27.72,0.5000
581207,-3.12,0.00,14.51,8,14.49,185,0.97,2703,-3.00,36.00,86,3,-2.00,27,15.67,42.85,28.63,14.40,0.00,7,38.23,27.28,0.5000
581309,-3.12,0.00,14.51,8,14.48,185,0.96,2692,-3.00,36.00,86,3,-2.00,27,15.67,43.33,28.63,14.50,0.00,7,38.28,27.13,0.5000
581411,-3.12,0.00,14.51,8,14.48,185,0.96,2703,-3.00,36.00,86,3,-2.00,27,15.82,43.69,28.63,14.30,0.00,7,38.48,27.28,0.5000
581513,-3.12,0.00,14.51,8,14.47,185,0.96,2730,-3.00,36.50,86,4,-2.00,27,15.67,43.69,28.63,14.50,0.00,7,38.39,27.28,0.5000
581616,-2.34,0.00,14.51,8,14.47,185,0.96,2716,-3.00,36.50,86,4,-2.00,27,15.67,43.69,28.63,14.40,0.00,7,38.37,27.28,0.5000
581718,-2.34,0.00,14.51,8,14.48,185,0.96,2742,-3.00,36.00,86,5,-2.00,27,15.82,43.69,28.63,14.50,0.00,7,38.58,27.28,0.5000
581819,-2.34,0.00,14.51,8,14.47,185,0.96,2759,-3.00,36.50,86,5,-2.00,27,15.67,43.93,28.63,14.40,0.00,7,38.57,27.28,0.5000
581921,-2.34,0.00,14.51,8,14.46,185,0.96,2747,-3.00,36.50,86,6,-2.50,27,15.67,43.93,28.63,14.30,0.00,7,38.67,27.28,0.5000
582023,-2.34,0.00,14.51,8,14.47,185,0.96,2779,-3.00,36.50,86,6,-2.50,27,15.67,43.93,28.63,14.40,0.00,7,38.93,27.13,0.5000
582125,-2.34,0.00,14.51,8,14.46,185,0.95,2786,-3.00,36.50,86,7,-2.50,27,15.67,44.05,28.63,14.40,0.00,7,38.77,27.13,0.5000
582227,-2.34,0.00,14.51,8,14.46,185,0.95,2770,-3.00,36.50,86,7,-2.50,27,15.67,44.65,28.63,14.40,0.00,7,38.87,27.27,0.5000
582329,-1.56,0.00,14.51,8,14.46,185,0.96,2786,-3.00,36.50,86,8,-2.50,27,15.82,44.53,28.63,14.50,0.00,7,38.91,27.28,0.5000
582431,-1.56,0.00,14.51,8,14.45,185,0.96,2821,-3.00,36.50,86,8,-2.50,27,15.82,44.89,28.63,14.40,0.00,7,38.88,27.42,0.5000
582533,-0.78,0.00,14.51,8,14.46,185,0.96,2824,-3.00,36.50,88,9,-2.50,27,15.82,45.37,29.02,14.30,0.00,7,38.85,27.57,0.5000
582635,-0.78,0.00,14.51,8,14.46,185,0.96,2818,-3.00,36.50,88,10,-2.50,27,15.82,45.62,29.02,14.50,0.00,7,38.83,27.57,0.5000
582737,-0.78,0.00,14.51,8,14.46,185,0.96,2833,-3.00,36.50,88,10,-2.50,27,15.96,43.54,29.02,14.40,0.00,7,38.80,27.86,0.5000
582839,0.00,0.00,14.51,8,14.46,185,0.96,2843,-3.00,36.50,88,10,-2.50,27,16.11,46.34,29.80,14.30,0.00,7,38.66,28.73,0.5000
582941,0.78,0.00,14.51,8,14.46,185,0.97,2850,-3.00,36.00,88,11,-2.00,27,16.25,47.78,30.20,15.00,0.00,7,38.53,30.90,0.5000
583043,3.91,0.00,14.51,8,14.47,185,0.99,2890,-5.00,34.00,88,11,-4.00,28,16.69,48.02,34.12,15.10,0.00,7,38.18,32.66,0.5000
583145,4.69,0.00,14.51,8,14.47,185,0.99,2912,-5.00,34.00,88,12,-4.00,28,16.69,51.19,34.51,15.80,0.00,7,38.10,33.09,0.5000
583247,6.25,0.00,14.51,8,14.48,185,1.00,2926,-4.94,33.50,88,11,-4.00,28,16.98,50.13,35.69,15.80,0.00,8,37.47,34.40,0.5000
583349,6.25,0.00,14.51,8,14.48,185,1.02,2940,-4.86,33.50,88,11,-3.50,28,17.12,50.99,36.08,15.20,0.00,8,36.73,34.83,0.5000
583452,7.03,0.00,14.51,8,14.48,185,1.04,2948,-4.78,33.00,88,10,-3.50,28,17.27,52.29,36.47,14.30,0.00,8,36.44,34.83,0.5000
583553,6.25,0.00,14.51,8,14.48,185,1.05,2967,-4.70,32.50,88,10,-3.00,28,17.27,52.72,36.47,14.50,0.00,8,35.77,34.69,0.5000
583655,6.25,0.00,14.51,8,14.48,185,1.06,2979,-4.62,32.50,88,8,-3.00,28,17.41,52.93,36.47,14.20,0.00,8,35.54,34.69,0.5000
583757,5.47,0.00,14.51,8,14.48,185,1.06,2996,-4.54,32.50,88,7,-3.00,28,17.56,53.58,36.47,14.40,0.00,8,35.55,34.69,0.5000
583859,5.47,0.00,14.51,8,14.48,185,1.07,3004,-4.46,32.00,88,6,-2.50,28,17.70,55.09,36.86,14.30,0.00,8,34.88,34.83,0.5000
583961,4.69,0.00,14.51,8,14.49,185,1.09,2994,-4.38,32.00,88,6,-2.50,28,17.70,54.44,36.47,14.50,0.00,8,34.53,34.69,0.5000
584063,4.69,0.00,14.51,8,14.49,185,1.09,3004,-4.30,32.00,88,5,-2.50,28,17.85,55.74,36.47,14.30,0.00,8,34.49,34.84,0.5000
584165,3.91,0.00,14.51,8,14.49,185,1.10,3012,-4.22,31.50,88,5,-2.00,28,17.99,56.60,36.47,14.40,0.00,8,33.62,34.83,0.5000
584267,3.12,0.00,14.51,8,14.49,185,1.11,3028,-4.13,31.50,88,4,-3.00,29,17.99,53.82,36.47,14.20,0.00,8,33.65,34.11,0.5000
584369,2.34,0.00,14.51,8,14.49,185,1.11,3058,-4.05,29.50,88,4,-4.00,29,17.99,54.47,35.29,14.30,0.00,8,33.65,33.67,0.0000
584472,2.34,0.00,14.51,8,14.50,185,1.12,3065,-3.97,29.50,88,4,-4.00,29,17.99,57.46,35.29,14.30,0.00,8,33.52,33.67,0.0000
584573,1.56,0.00,14.51,8,14.50,185,1.12,3050,-3.88,29.00,88,4,-4.00,29,18.14,58.11,35.29,14.20,0.00,8,33.35,33.67,0.0000
584675,0.00,0.00,14.51,8,14.50,185,1.13,3063,-3.80,29.00,88,4,-4.00,29,15.38,42.23,34.12,14.30,0.00,8,35.66,21.52,0.0000
584777,-3.12,0.78,14.51,8,14.47,185,0.87,2896,-3.72,37.50,88,5,0.00,29,9.14,22.37,7.84,12.50,0.00,6,36.33,7.22,0.0000
584879,-8.59,0.78,14.51,8,14.53,185,0.59,2742,-3.66,37.00,88,5,0.00,29,7.11,17.33,7.84,9.70,0.00,6,35.51,6.93,0.0000
584981,-15.62,0.78,14.51,8,14.61,185,0.45,2723,-3.57,32.00,88,5,0.00,29,5.95,17.69,7.45,9.20,0.00,6,30.12,6.93,0.0000
585084,0.00,0.78,14.51,10,14.62,185,0.37,2677,-3.51,28.00,88,5,0.00,29,5.37,13.76,7.45,9.50,0.00,6,26.82,6.94,0.0000
585185,0.00,0.78,14.51,10,14.61,185,0.33,2648,-3.42,24.50,88,5,0.00,29,4.93,15.17,7.06,9.70,0.00,6,23.95,6.79,0.0000
585287,0.00,0.78,14.51,10,14.61,185,0.31,2561,-3.37,24.00,88,6,0.00,29,4.79,12.08,7.06,10.80,0.00,6,23.95,6.79,0.0000
585389,0.00,0.78,14.51,10,14.61,185,0.29,2559,-3.29,24.00,88,6,0.00,29,4.79,11.82,7.06,12.50,0.00,6,23.95,6.79,0.0000
585491,0.00,0.78,14.51,10,14.61,185,0.29,2492,-3.23,24.00,88,6,0.00,29,4.64,11.82,7.06,13.10,0.00,6,23.95,6.79,0.0000
585593,0.00,0.78,14.51,10,14.61,185,0.29,2440,-3.17,24.00,88,6,0.00,29,4.64,11.04,7.06,13.60,0.00,6,23.95,6.79,0.0000
585695,0.00,0.78,14.51,10,14.60,185,0.28,2370,-3.09,24.00,88,6,0.00,29,4.79,10.78,7.06,17.40,0.00,6,23.95,6.79,0.0000
585797,0.00,0.78,14.51,10,14.60,185,0.28,2322,-3.02,24.00,88,7,0.00,29,4.79,10.46,7.06,24.10,0.00,1,23.95,6.79,0.0000
585900,0.00,0.78,14.51,10,14.59,185,0.27,2299,-2.96,24.00,88,7,0.00,29,4.93,10.78,7.06,35.00,0.00,1,23.95,6.79,0.0000
586001,0.00,0.78,14.51,10,14.58,185,0.28,2249,-2.90,24.00,88,7,0.00,29,4.93,10.12,7.06,54.60,0.00,1,23.95,6.50,0.0000
586103,0.00,0.78,14.51,10,14.58,185,0.28,2197,-2.86,24.00,88,7,0.00,29,4.93,9.72,6.67,74.60,0.00,1,23.95,6.35,0.0000
586205,0.00,0.00,14.51,10,14.57,185,0.27,2131,-2.78,24.00,88,7,0.00,29,4.93,9.49,6.67,84.00,0.00,1,23.95,6.21,0.0000
586307,0.00,0.00,14.51,10,14.57,185,0.27,2098,-2.73,24.00,88,8,0.00,29,5.08,9.37,6.67,95.10,0.00,1,23.95,6.21,0.0000
586410,0.00,0.00,14.51,10,14.56,185,0.27,2027,-2.67,24.00,88,8,0.00,29,5.08,8.92,6.27,96.00,0.00,1,23.95,6.03,0.0000
586512,0.00,0.00,14.51,10,14.56,185,0.27,1987,-2.62,24.00,88,8,0.00,29,5.08,8.68,6.27,96.00,0.00,1,23.95,5.92,0.0000
586614,0.00,0.00,14.51,10,14.56,185,0.27,1908,-2.58,24.00,88,8,0.00,29,5.08,8.64,5.88,96.00,0.00,1,23.95,5.77,0.0000
586717,0.00,0.00,14.51,10,14.56,185,0.27,1848,-2.53,24.00,88,8,0.00,29,5.08,8.14,5.88,96.00,0.00,1,23.95,5.77,0.0000
586818,0.00,0.00,14.51,10,14.56,185,0.27,1786,-2.46,24.00,88,9,0.00,29,5.22,8.05,5.88,96.00,0.00,1,23.72,5.63,0.0000
586920,0.00,0.00,14.51,10,14.57,185,0.27,1723,-2.43,23.00,88,10,0.00,29,5.22,7.92,5.88,96.00,0.00,1,22.54,5.48,0.0000
587022,0.00,0.00,14.51,10,14.57,185,0.27,1658,-2.38,21.50,88,10,0.00,29,5.22,7.70,5.88,99.90,0.00,1,21.25,5.33,0.0000
587125,0.00,0.00,14.51,10,14.57,185,0.28,1615,-2.33,20.50,88,10,0.00,29,5.37,10.21,5.49,99.90,0.00,1,19.97,5.33,0.0000
587226,0.00,0.00,14.51,10,14.58,185,0.29,1547,-2.29,19.50,88,10,0.00,29,5.51,7.56,5.49,99.90,0.00,1,19.52,5.19,0.0000
587329,0.00,0.00,14.51,10,14.58,185,0.29,1475,-2.25,19.00,88,10,0.00,29,5.66,7.28,5.49,99.90,0.00,1,18.76,5.04,0.0000
587430,0.00,0.00,14.51,10,14.59,185,0.29,1425,-2.21,18.00,88,10,0.00,29,5.66,6.99,5.49,99.90,0.00,1,18.24,4.90,0.0000
587533,0.00,0.00,14.51,10,14.59,185,0.30,1375,-2.18,18.00,88,10,0.00,29,5.80,6.79,5.10,99.90,0.00,1,17.71,4.90,0.0000
587634,0.00,0.00,14.51,10,14.60,185,0.30,1302,-2.14,17.50,88,10,0.00,29,5.95,6.55,5.10,99.90,0.00,1,17.45,4.75,0.0000
587737,0.00,0.00,14.51,10,14.60,185,0.30,1253,-2.10,17.50,88,9,0.00,29,6.09,6.65,4.71,99.90,0.00,1,17.18,4.61,0.0000
587839,0.00,0.00,14.51,10,14.60,185,0.31,1204,-2.06,17.00,88,2,0.00,29,6.09,6.50,4.71,99.90,0.00,1,16.92,4.61,0.0000
587941,0.00,0.00,14.51,10,14.62,185,0.32,1152,-2.03,17.00,88,0,0.00,29,6.38,6.45,4.71,99.90,0.00,1,16.91,4.46,0.0000
588043,0.00,0.00,14.51,10,14.62,185,0.33,1098,-2.01,17.00,88,0,0.00,29,6.38,6.21,4.71,99.90,0.00,1,16.91,4.46,0.0000
588145,0.00,0.00,14.51,10,14.63,185,0.33,1040,-1.98,22.00,88,0,0.00,29,6.53,6.11,4.71,99.90,0.00,1,16.91,4.32,0.0000
588247,0.00,0.00,14.51,10,14.65,185,0.34,1000,-1.95,22.00,88,0,0.00,29,6.67,5.75,4.31,99.90,0.00,1,16.91,4.17,0.0000
588348,0.00,0.00,14.51,10,14.66,185,0.34,936,-1.93,22.00,88,0,0.00,29,6.96,5.75,4.31,99.90,0.00,1,16.91,4.17,0.0000
588451,0.00,0.00,14.51,10,14.67,185,0.35,885,-1.90,22.00,88,0,0.00,29,7.25,5.89,4.71,99.90,0.00,1,16.91,4.61,0.0000
588552,0.00,0.00,14.51,10,14.66,185,0.37,1058,-1.87,17.00,88,0,0.00,29,7.69,5.82,4.71,99.90,0.00,1,16.91,4.61,0.0000
588655,0.00,0.00,14.51,10,14.60,185,0.35,1247,-1.84,17.00,88,0,0.00,29,7.25,5.82,4.71,96.00,0.00,1,17.16,4.46,0.0000
588757,0.00,0.00,14.51,10,14.60,185,0.31,1334,-1.81,17.50,88,0,0.00,29,6.82,5.70,4.71,52.30,0.00,1,17.60,4.46,0.0000
588859,0.00,0.00,14.51,10,14.60,185,0.29,1310,-1.77,17.50,88,0,0.00,29,6.24,5.68,4.71,20.60,0.00,1,17.49,4.60,0.0000
588961,0.00,0.00,14.51,10,14.60,185,0.28,1266,-1.74,17.50,88,0,0.00,29,6.09,5.84,5.10,14.80,0.00,1,17.23,4.75,0.0000
589063,0.00,0.00,14.51,10,14.60,185,0.28,1234,-1.70,17.00,88,0,0.00,29,6.09,5.75,5.10,15.80,0.00,1,17.09,4.75,0.0000
589165,0.00,0.00,14.51,10,14.60,185,0.28,1206,-1.68,17.00,88,0,0.00,29,6.24,5.68,4.71,15.10,0.00,1,16.95,4.61,0.0000
589266,0.00,0.00,14.51,10,14.61,185,0.28,1182,-1.64,17.00,88,0,0.00,29,6.24,5.53,4.71,16.20,0.00,1,16.91,4.46,0.0000
589369,-0.78,0.00,14.51,8,14.61,185,0.28,1162,-1.61,17.00,88,0,0.00,29,6.24,5.56,4.71,16.10,0.00,1,16.91,4.46,0.0000
589471,-0.78,0.00,14.51,8,14.62,185,0.28,1139,-1.58,17.00,88,0,0.00,29,6.38,5.61,4.71,16.10,0.00,1,16.91,4.46,0.0000
589573,-1.56,0.00,14.51,8,14.62,185,0.29,1115,-1.54,17.00,88,0,0.00,29,6.38,5.61,4.71,14.70,0.00,1,16.91,4.33,0.0000
589675,-1.56,0.00,14.51,8,14.63,185,0.30,1088,-1.51,17.00,88,0,0.00,29,6.53,5.65,4.71,14.30,0.00,1,16.91,4.46,0.0000
589777,-2.34,0.00,14.51,8,14.63,185,0.30,1086,-1.49,17.00,88,0,0.00,29,6.53,5.56,4.71,14.30,0.00,1,16.91,4.32,0.0000
589879,-3.12,0.00,14.51,8,14.63,185,0.30,1072,-1.46,21.00,88,0,0.00,29,6.53,5.51,4.71,14.30,0.00,1,16.91,4.32,0.0000
589981,-3.91,0.00,14.51,8,14.63,185,0.31,1075,-1.42,20.50,88,0,0.00,29,6.53,5.46,4.71,14.20,0.00,1,16.91,4.32,0.0000
590083,-4.69,0.00,14.51,8,14.64,185,0.31,1052,-1.40,21.00,88,0,0.00,29,6.67,5.32,4.71,14.00,0.00,1,16.91,4.32,0.0000
590185,-5.47,0.00,14.51,8,14.64,185,0.30,1031,-1.37,21.00,88,0,0.00,29,6.67,5.37,4.71,13.90,0.00,1,16.91,4.32,0.0000
590287,-6.25,2.34,14.51,8,14.64,185,0.31,1025,-1.34,21.50,88,0,0.00,29,6.67,5.32,4.71,13.80,0.00,1,16.91,4.32,0.0000
590389,-7.03,2.34,14.51,8,14.65,185,0.31,998,-1.31,22.00,88,0,0.00,29,6.82,5.25,4.71,13.70,0.00,1,16.91,4.32,0.0000
590491,-7.81,2.34,14.51,8,14.65,185,0.31,972,-1.29,22.00,88,0,0.00,29,6.82,5.32,4.71,13.60,0.00,1,16.91,4.46,0.0000
590593,-8.59,2.34,14.51,8,14.66,185,0.32,968,-1.26,22.00,88,0,0.00,29,7.11,5.41,4.71,13.60,0.00,1,16.91,4.61,0.0000
590695,-8.59,2.34,14.51,8,14.66,185,0.32,950,-1.24,22.00,88,0,0.00,29,7.25,5.39,4.71,13.60,0.00,1,16.91,4.61,0.0000
590797,-9.38,2.34,14.51,8,14.66,185,0.33,932,-1.21,22.00,88,0,0.00,29,7.40,5.39,4.71,13.60,0.00,1,16.91,4.61,0.0000
590899,-9.38,2.34,14.51,8,14.67,185,0.33,923,-1.18,22.00,90,0,0.00,29,7.55,5.39,4.71,13.70,0.00,1,16.91,4.61,0.0000
591001,-9.38,2.34,14.51,8,14.67,185,0.34,906,-1.16,22.00,90,0,0.00,29,7.69,5.32,4.71,13.70,0.00,1,16.91,4.46,0.0000
591103,-9.38,2.34,14.51,8,14.67,185,0.34,901,-1.14,22.00,90,0,0.00,29,7.84,5.34,4.71,13.90,0.00,1,16.91,4.46,0.0000
591205,-9.38,2.34,14.51,8,14.67,185,0.35,896,-1.11,22.00,90,0,0.00,29,7.84,5.32,4.71,13.90,0.00,1,16.91,4.46,0.0000
591307,-8.59,2.34,14.51,8,14.66,185,0.35,952,-1.09,19.00,90,0,0.00,29,7.84,5.30,4.71,14.10,0.00,1,16.91,4.46,0.0000
591409,-8.59,2.34,14.51,8,14.65,185,0.34,1012,-1.06,17.00,90,0,0.00,29,7.69,5.22,4.71,14.30,0.00,1,16.91,4.46,0.0000
591511,-8.59,2.34,14.51,8,14.64,185,0.33,1052,-1.03,13.50,90,0,0.00,29,7.55,5.30,4.71,14.40,0.00,1,16.91,4.46,0.0000
591613,-8.59,2.34,14.51,8,14.64,185,0.31,1052,-1.00,13.00,90,0,0.00,29,7.25,5.22,4.71,14.40,0.00,1,16.91,4.46,0.0000
591715,-8.59,2.34,14.51,8,14.64,185,0.31,1049,-0.98,15.00,90,0,0.00,29,7.11,5.25,4.71,14.60,0.00,1,16.91,4.45,0.0000
591817,-7.81,2.34,14.51,8,14.64,185,0.31,1028,-0.94,16.50,90,0,0.00,29,7.11,5.13,4.31,14.40,0.00,1,16.91,4.17,0.0000
591919,-7.81,2.34,14.51,8,14.65,185,0.30,996,-0.92,17.00,90,0,0.00,29,7.11,5.05,4.31,14.60,0.00,1,16.91,4.17,0.0000
592021,-7.81,2.34,14.51,8,14.65,185,0.30,960,-0.90,18.00,90,0,0.00,29,7.11,5.30,4.71,14.80,0.00,1,16.91,4.61,0.0000
592123,-7.81,2.34,14.51,8,14.66,185,0.31,952,-0.86,20.00,90,0,0.00,29,7.25,5.30,4.71,14.80,0.00,1,16.91,4.61,0.0000
592225,-7.81,2.34,14.51,8,14.66,185,0.32,936,-0.84,21.00,90,0,0.00,29,7.40,5.41,4.71,15.00,0.00,1,16.91,4.61,0.0000
592328,-7.81,2.34,14.51,8,14.66,185,0.33,932,-0.82,20.50,90,0,0.00,29,7.55,5.22,4.71,14.90,0.00,1,16.91,4.61,0.0000
592429,-7.81,2.34,14.51,8,14.67,185,0.33,920,-0.79,21.00,90,0,0.00,29,7.69,5.22,4.71,14.90,0.00,1,16.91,4.46,0.0000
592531,-7.81,2.34,14.51,8,14.67,185,0.33,912,-0.77,21.00,90,0,0.00,29,7.69,5.25,4.71,14.70,0.00,1,16.91,4.46,0.0000
592633,-7.81,2.34,14.51,8,14.67,185,0.34,904,-0.74,21.50,90,0,0.00,29,7.84,5.27,4.71,14.60,0.00,1,16.91,4.46,0.0000
592735,-7.03,2.34,14.51,8,14.67,185,0.34,898,-0.72,21.00,90,0,0.00,29,7.84,5.27,4.71,14.70,0.00,1,16.91,4.46,0.0000
592837,-7.03,2.34,14.51,8,14.67,185,0.35,912,-0.70,21.00,90,0,0.00,29,7.98,5.27,4.71,14.90,0.00,1,17.04,4.46,0.0000
592939,-7.03,2.34,14.51,8,14.67,185,0.35,898,-0.68,17.50,90,0,-0.50,29,8.71,7.93,7.06,14.80,0.00,1,18.67,11.28,0.0000
593041,-7.03,2.34,14.51,8,14.67,185,0.42,960,-0.64,20.50,90,0,-0.50,29,12.77,14.36,18.43,14.80,0.00,1,23.88,19.13,0.0000
593143,-7.81,0.78,14.51,8,14.61,185,0.55,1217,-0.61,29.50,90,0,-0.50,29,13.93,13.41,21.18,14.40,0.00,1,30.75,20.01,0.0000
593245,-6.25,0.78,14.51,8,14.59,185,0.59,1399,-0.57,33.50,90,0,-0.50,29,13.64,14.24,20.78,14.40,0.00,1,35.72,19.87,0.0000
593347,3.91,0.78,14.51,8,14.58,185,0.59,1479,-0.53,37.00,90,0,-0.50,29,13.64,14.76,20.78,16.50,0.00,1,37.84,19.72,0.0000
593450,13.28,0.78,14.51,8,14.58,185,0.59,1548,-0.49,38.00,90,0,-0.50,29,13.49,16.35,20.78,17.80,0.00,1,39.25,19.87,0.0000
593551,14.84,0.78,14.51,8,14.58,185,0.60,1637,0.00,39.50,90,0,0.00,29,13.49,17.44,20.78,17.30,0.00,1,40.15,19.72,0.0000
593653,14.84,0.78,14.51,8,14.58,185,0.62,1709,0.00,39.50,90,0,0.00,29,13.35,18.35,20.78,16.20,0.00,1,40.25,19.87,0.0000
593755,13.28,0.78,14.51,8,14.58,185,0.63,1758,0.00,39.50,90,0,0.00,29,13.20,19.53,20.78,15.30,0.00,1,40.01,19.72,0.0000
593857,14.06,0.78,14.51,8,14.58,185,0.65,1790,0.00,39.50,90,0,0.00,29,13.20,20.22,20.78,14.80,0.00,1,39.84,19.72,0.0000
593959,13.28,0.78,14.51,8,14.58,185,0.66,1816,0.00,39.00,90,0,0.00,29,13.35,20.47,21.18,14.40,0.00,1,39.62,20.01,0.0000
594061,12.50,0.78,14.51,8,14.57,185,0.67,1837,0.00,39.00,90,0,0.00,29,13.35,21.25,21.18,14.40,0.00,1,39.33,20.16,0.0000
594164,11.72,0.78,14.51,8,14.57,185,0.69,1857,0.00,38.50,90,0,0.00,29,13.49,22.60,21.57,14.30,0.00,1,39.06,20.59,0.0000
594265,10.94,0.78,14.51,8,14.57,185,0.71,1866,0.00,38.50,90,0,0.00,29,13.49,23.18,21.96,14.30,0.00,1,38.82,20.88,0.0000
594367,9.38,0.78,14.51,8,14.57,187,0.72,1885,0.00,38.50,90,0,0.00,29,13.64,23.53,21.96,14.10,0.00,1,38.79,20.88,0.0000
594469,7.81,0.78,14.51,8,14.57,187,0.73,1901,0.00,38.00,90,0,0.00,29,13.64,23.53,21.96,14.10,0.00,1,38.73,20.88,0.0000
594571,6.25,0.78,14.51,8,14.57,187,0.73,1931,0.00,38.00,90,0,0.00,29,13.64,23.77,21.96,14.00,0.00,1,38.64,20.88,0.0000
594674,5.47,0.78,14.51,8,14.57,187,0.73,1923,0.00,38.00,90,0,0.00,29,13.64,23.88,21.96,14.00,0.00,1,38.62,20.88,0.0000
594775,4.69,0.78,14.51,8,14.56,187,0.74,1934,0.00,38.00,90,1,0.00,29,13.64,24.23,21.96,14.10,0.00,1,38.49,21.17,0.0000
594878,4.69,0.78,14.51,8,14.57,187,0.75,1964,0.00,38.00,90,1,0.00,29,13.78,25.07,22.35,14.20,0.00,1,38.32,21.61,0.0000
594980,4.69,0.78,14.51,8,14.56,187,0.76,1979,0.00,37.50,90,0,0.00,29,14.22,27.34,24.71,14.20,0.00,1,37.84,25.67,0.0000
595081,6.25,0.78,14.51,8,14.56,187,0.80,2000,0.00,37.00,90,1,0.00,29,14.65,27.71,31.37,14.50,0.00,1,37.15,30.61,0.0000
595184,5.47,0.78,14.51,8,14.56,187,0.82,2058,0.00,36.50,90,1,0.00,29,14.80,28.32,32.55,15.00,0.00,1,37.14,31.06,0.0000
595285,6.25,0.78,14.51,8,14.56,187,0.82,2070,0.00,37.00,90,1,0.00,29,14.80,29.29,32.55,14.50,0.00,1,37.34,31.06,0.0000
595387,5.47,0.78,14.51,8,14.56,187,0.83,2109,0.00,37.00,90,1,0.00,29,14.95,29.66,32.55,14.50,0.00,1,37.23,31.06,0.0000
595489,5.47,0.78,14.51,8,14.56,187,0.84,2113,-2.00,35.00,90,2,-2.00,30,14.95,30.39,32.55,14.50,0.00,1,37.20,31.06,0.0000
595591,5.47,0.78,14.51,8,14.56,187,0.85,2132,-2.00,34.50,90,2,-2.00,30,14.95,31.14,32.94,14.30,0.00,2,37.28,31.20,0.0000
595694,5.47,0.78,14.51,8,14.56,187,0.86,2164,-2.00,34.50,90,3,-2.00,30,14.95,31.39,32.94,14.60,0.00,2,37.01,31.06,0.0000
595796,4.69,0.78,14.51,8,14.56,187,0.87,2163,-2.00,34.50,90,4,-2.00,30,15.09,32.38,32.55,14.50,0.00,2,36.93,31.06,0.0000
595897,5.47,0.78,14.51,8,14.56,187,0.88,2183,-2.00,34.50,90,3,-2.00,30,15.09,32.76,32.55,14.40,0.00,2,36.97,31.06,0.0000
596000,4.69,0.78,14.51,8,14.56,187,0.89,2218,-2.00,34.50,90,4,-2.00,30,15.24,33.38,32.55,14.30,0.00,2,36.91,31.21,0.0000
596101,4.69,0.78,14.51,8,14.56,187,0.89,2238,-2.00,34.50,90,4,-2.00,30,15.24,33.75,32.55,14.30,0.00,2,36.81,31.06,0.0000
596203,4.69,0.78,14.51,8,14.56,187,0.90,2234,-2.00,34.50,90,5,-2.00,30,15.24,34.28,32.55,14.40,0.00,2,36.69,31.06,0.0000
596306,4.69,0.78,14.51,8,14.56,187,0.91,2249,-2.00,34.50,90,5,-2.00,30,15.24,34.55,32.55,14.50,0.00,2,36.70,31.06,0.0000
596407,3.91,0.78,14.51,8,14.56,187,0.92,2268,-2.00,34.50,90,6,-2.00,30,15.38,35.91,33.73,14.40,0.00,2,36.67,33.08,0.0000
596510,4.69,0.78,14.51,8,14.56,187,0.93,2292,-2.00,34.00,90,6,-2.00,30,15.53,36.05,35.69,14.50,0.00,2,36.70,34.11,0.0000
596612,3.91,0.78,14.51,8,14.56,187,0.94,2312,-2.00,34.00,90,6,-2.00,30,15.53,37.11,35.69,14.50,0.00,2,36.72,34.11,0.0000
596714,4.69,0.78,14.51,8,14.56,187,0.94,2347,-2.00,34.50,90,6,-2.00,30,15.67,37.71,35.69,14.30,0.00,2,36.69,34.11,0.0000
596816,4.69,0.78,14.51,8,14.56,187,0.96,2364,-2.00,34.00,90,6,-2.00,30,15.67,37.86,35.69,14.40,0.00,2,36.57,34.40,0.0000
596917,5.47,0.78,14.51,8,14.56,187,0.96,2381,-2.00,34.00,90,7,-2.00,30,15.67,38.91,36.08,14.50,0.00,2,36.44,34.11,0.0000
597019,6.25,0.78,14.51,8,14.56,187,0.97,2387,-2.00,34.00,88,7,-2.00,30,15.67,39.18,36.08,14.20,0.00,7,36.38,34.10,0.0000
597122,6.25,0.78,14.51,8,14.56,187,0.98,2406,-2.00,34.00,88,8,-2.00,30,15.82,39.77,35.69,14.10,0.00,7,36.43,34.25,0.0000
597224,6.25,0.00,14.51,8,14.55,187,0.98,2425,-2.00,34.00,88,9,-2.00,30,15.82,40.25,36.08,14.40,0.00,7,36.39,34.11,0.0000
597326,7.03,0.00,14.51,8,14.55,187,1.00,2439,-2.00,34.00,88,9,-2.00,30,15.96,40.96,35.69,14.20,0.00,7,36.26,34.11,0.0000
597428,6.25,0.00,14.51,8,14.54,187,0.99,2481,-1.00,34.00,88,10,-2.00,30,15.96,41.91,35.69,14.50,0.00,7,36.38,34.11,0.0000
597529,7.03,0.00,14.51,8,14.54,187,1.00,2503,-1.00,35.00,88,11,-1.00,30,15.96,41.44,36.08,14.60,0.00,7,36.63,34.25,0.0000
597632,6.25,0.00,14.51,8,14.53,187,1.00,2506,-1.00,35.00,88,12,-1.00,30,16.11,42.51,35.69,14.50,0.00,7,36.66,34.26,0.0000
597734,6.25,0.00,14.51,8,14.52,187,1.00,2524,-0.97,35.50,88,13,-1.00,30,16.11,42.62,35.69,14.50,0.00,8,36.29,34.10,0.0000
597836,5.47,0.00,14.51,8,14.52,187,1.01,2562,-0.90,35.50,88,13,-1.00,30,16.11,42.98,35.69,14.30,0.00,8,36.43,34.11,0.0000
597938,4.69,0.00,14.51,8,14.52,187,1.00,2562,-0.82,35.50,88,14,-1.00,30,16.25,42.62,35.69,14.30,0.00,8,36.75,34.26,0.0000
598040,4.69,0.00,14.51,8,14.51,187,1.00,2576,-0.75,36.00,88,15,-1.00,30,16.25,43.70,35.69,14.30,0.00,8,36.73,34.10,0.0000
598142,3.91,0.00,14.51,8,14.51,187,1.01,2618,-0.69,35.50,88,16,-0.50,30,16.40,44.30,35.69,14.30,0.00,8,36.85,34.11,0.0000
598244,3.91,0.00,14.51,8,14.50,187,1.01,2620,-0.62,36.00,88,16,-0.50,30,16.40,44.42,36.08,14.50,0.00,8,36.69,34.10,0.0000
598346,3.12,0.00,14.51,8,14.50,187,1.01,2653,-0.54,36.00,88,17,-0.50,30,16.40,44.90,35.69,14.30,0.00,8,36.82,33.82,0.0000
598448,3.12,0.00,14.51,8,14.49,187,1.01,2646,-0.47,36.00,88,17,-0.50,30,16.54,45.26,35.69,14.30,0.00,8,36.56,33.96,0.0000
598550,3.91,0.00,14.51,8,14.49,187,1.02,2685,-0.40,36.00,88,18,-0.50,30,16.54,45.86,35.69,14.30,0.00,8,36.61,34.11,0.0000
598652,3.12,0.00,14.51,8,14.48,187,1.02,2684,-0.32,36.00,88,18,-0.50,30,16.69,45.98,35.69,14.50,0.00,8,36.40,33.96,0.0000
598754,1.56,0.78,14.51,8,14.48,187,1.02,2700,-0.25,36.00,88,18,-0.50,31,16.69,46.46,35.69,14.30,0.00,8,36.59,33.96,0.0000
598856,3.12,0.78,14.51,8,14.47,187,1.02,2736,-0.18,36.00,88,17,0.00,31,16.69,46.70,35.69,14.20,0.00,8,36.50,33.82,0.0000
598958,1.56,0.78,14.51,8,14.47,187,1.02,2730,-0.10,36.50,88,15,0.00,31,16.83,46.70,34.90,14.40,0.00,8,36.51,33.38,0.0000
599060,1.56,0.78,14.51,8,14.47,187,1.02,2766,-0.02,36.50,88,13,0.00,31,16.83,46.82,34.90,14.40,0.00,8,36.82,33.38,0.0000
599162,1.56,0.78,14.51,8,14.46,187,1.02,2777,0.00,36.50,88,11,0.00,31,16.83,47.42,34.90,14.20,0.00,8,36.65,33.38,0.0000
599264,0.78,0.78,14.51,8,14.46,187,1.02,2770,0.00,37.00,88,9,0.00,31,16.98,47.18,34.90,14.20,0.00,8,36.86,33.38,0.0000
599366,0.78,0.78,14.51,8,14.46,187,1.02,2782,0.00,36.50,88,7,0.00,31,16.98,51.16,34.90,14.30,0.00,8,36.89,33.38,0.0000
599468,0.00,0.78,14.51,8,14.46,187,1.03,2822,0.00,36.50,88,5,0.00,31,16.98,47.90,34.90,14.20,0.00,8,36.68,33.38,0.0000
599570,0.00,0.78,14.51,8,14.46,187,1.03,2840,0.00,36.50,88,4,0.00,31,16.98,48.72,34.90,14.40,0.00,8,36.77,33.38,0.0000
599672,0.00,0.78,14.51,8,14.47,187,1.03,2863,0.00,36.50,88,4,0.00,32,17.12,48.72,34.90,14.50,0.00,8,36.64,33.38,0.0000
599774,0.00,0.78,14.51,8,14.47,187,1.03,2863,0.00,36.50,88,4,0.00,32,17.12,51.06,34.90,14.30,0.00,8,36.46,33.38,0.0000
599876,0.78,0.78,14.51,8,14.47,187,1.02,2883,0.00,37.00,88,4,0.00,32,17.12,49.27,35.29,14.50,0.00,8,37.12,33.53,0.0000
599978,2.34,0.78,14.51,8,14.47,187,1.02,2905,0.00,37.00,88,4,0.00,32,17.27,49.91,35.29,15.10,0.00,8,36.61,33.53,0.0000
600080,3.12,0.78,14.51,8,14.48,187,1.03,2930,0.00,36.50,88,4,0.00,32,17.27,52.71,35.29,14.30,0.00,8,36.54,33.53,0.0000
600182,3.12,0.78,14.51,8,14.48,187,1.05,2934,0.00,35.50,88,4,0.00,32,17.27,51.20,35.29,14.80,0.00,8,35.44,32.80,0.0000
600284,2.34,0.78,14.51,8,14.48,187,1.05,2972,0.00,36.00,88,4,0.00,32,17.12,49.29,32.94,14.30,0.00,8,36.45,31.21,0.0000
600386,3.12,0.78,14.51,8,14.48,187,1.04,2966,0.00,36.00,88,5,0.00,32,17.27,52.28,32.94,14.40,0.00,8,36.15,31.20,0.0000
600488,2.34,0.78,14.51,8,14.49,187,1.05,2974,0.00,36.00,86,5,0.00,32,17.27,53.14,32.94,14.30,0.00,8,35.81,31.20,0.0000
600590,3.12,0.78,14.51,8,14.49,187,1.05,3000,0.00,36.00,86,6,0.00,32,17.27,51.42,32.94,14.50,0.00,8,36.11,31.20,0.0000
600692,3.91,0.78,14.51,8,14.47,187,1.06,2858,0.00,20.00,86,6,0.00,32,17.41,51.42,32.94,14.40,0.00,8,34.40,31.20,0.0000
600794,2.34,0.78,14.51,8,14.48,187,1.10,2668,0.00,24.50,86,6,0.00,32,17.70,47.66,32.94,14.30,0.00,8,33.28,31.06,0.0000
600896,0.78,0.78,14.51,8,14.49,187,1.09,2660,0.00,33.50,86,7,0.00,32,17.56,47.18,32.55,14.10,0.00,8,33.82,31.06,0.0000
600998,0.00,0.78,14.51,8,14.50,187,1.08,2590,0.00,34.00,86,7,0.00,32,17.56,46.70,32.55,14.20,0.00,8,33.82,31.06,0.0000
601100,0.00,0.78,14.51,8,14.50,187,1.08,2556,0.00,33.50,86,7,0.00,33,17.56,46.21,32.55,14.20,0.00,8,33.51,31.06,0.0000
601203,0.00,0.78,14.51,8,14.51,187,1.08,2564,0.00,33.50,86,7,0.00,33,17.41,45.37,32.55,14.30,0.00,8,33.77,31.06,0.0000
601304,0.78,0.78,14.51,8,14.51,187,1.07,2540,0.00,34.00,86,8,0.00,33,17.27,45.25,32.55,14.40,0.00,8,34.20,31.05,0.0000
601406,0.78,0.78,14.51,8,14.51,187,1.06,2533,0.00,34.00,86,8,0.00,33,17.27,44.77,32.55,14.50,0.00,8,34.27,31.06,0.0000
601508,0.78,0.78,14.51,8,14.52,187,1.06,2552,0.00,34.50,86,9,0.00,33,17.12,44.89,32.55,14.40,0.00,8,34.40,31.05,0.0000
601610,0.78,0.78,14.51,8,14.52,187,1.06,2534,0.00,34.00,86,9,0.00,33,16.98,44.29,32.55,14.60,0.00,8,34.54,31.06,0.0000
601712,0.78,0.78,14.51,8,14.51,187,1.05,2534,0.00,35.00,86,9,0.00,33,16.98,43.93,32.55,14.50,0.00,8,34.84,31.06,0.0000
601814,1.56,0.78,14.51,8,14.52,187,1.04,2550,0.00,35.00,86,10,0.00,33,16.98,44.29,32.55,14.40,0.00,8,34.88,31.06,0.0000
601916,1.56,0.78,14.51,8,14.52,187,1.05,2536,0.00,34.50,86,10,0.00,33,16.83,44.89,32.55,14.50,0.00,8,34.72,31.06,0.0000
602018,0.78,0.78,14.51,8,14.51,187,1.05,2538,0.00,34.50,86,10,0.00,33,16.83,43.93,32.94,14.30,0.00,8,34.92,31.06,0.0000
602120,0.78,0.78,14.51,8,14.52,187,1.04,2562,0.00,35.00,86,10,0.00,33,16.69,45.77,32.55,14.20,0.00,8,35.04,29.32,0.0000
602223,-0.78,0.78,14.51,8,14.52,187,1.03,2534,0.00,35.50,86,10,0.00,33,16.11,42.73,27.84,14.40,0.00,8,36.00,26.41,0.0000
602325,-1.56,0.78,14.51,8,14.52,187,1.01,2520,0.00,36.00,86,10,0.00,33,16.11,42.01,27.45,14.20,0.00,8,36.19,26.26,0.0000
602426,-1.56,0.78,14.51,8,14.53,187,1.01,2532,0.00,36.50,86,10,0.00,33,16.11,41.78,27.45,14.20,0.00,8,36.34,26.26,0.0000
602529,-0.78,0.78,14.51,8,14.53,187,1.00,2523,0.00,36.50,86,9,0.00,33,15.96,42.01,27.45,14.50,0.00,8,36.58,26.41,0.0000
602630,-1.56,0.78,14.51,8,14.53,187,1.00,2503,0.00,36.50,86,8,0.00,33,15.96,41.77,27.45,14.50,0.00,8,36.63,26.26,0.0000
602732,-0.78,0.78,14.51,8,14.53,187,1.00,2523,0.00,36.50,86,8,0.00,33,15.96,41.30,27.45,14.50,0.00,8,36.58,26.26,0.0000
602834,-1.56,0.78,14.51,8,14.53,187,0.99,2523,0.00,36.50,86,7,0.00,33,15.82,41.18,27.45,14.50,0.00,8,36.59,26.26,0.0000
602936,-1.56,0.78,14.51,8,14.53,187,0.99,2502,0.00,36.50,86,6,0.00,33,15.82,40.70,27.45,14.40,0.00,8,36.92,26.26,0.0000
603039,-0.78,0.78,14.51,8,14.53,187,0.98,2502,0.00,37.00,86,6,0.00,33,15.82,40.82,27.45,14.30,0.00,7,36.91,26.26,0.0000
603140,-0.78,0.78,14.51,8,14.53,187,0.98,2522,0.00,37.00,86,5,0.00,33,15.67,40.23,27.45,14.40,0.00,7,37.02,26.26,0.0000
603243,0.00,0.78,14.51,8,14.53,187,0.97,2525,0.00,37.00,86,4,0.00,33,15.53,40.40,27.45,14.40,0.00,7,37.24,24.54,0.0000
603344,-3.12,0.78,14.51,8,14.54,187,0.94,2484,0.00,38.00,86,4,0.00,33,14.36,36.04,21.96,14.40,0.00,7,38.32,20.30,0.0000
603447,-3.91,0.78,14.51,8,14.54,187,0.89,2443,0.00,38.50,86,3,0.00,33,14.07,35.32,21.18,14.10,0.00,7,38.82,20.16,0.0000
603549,-4.69,0.78,14.51,8,14.55,187,0.88,2418,0.00,39.00,86,3,0.00,33,13.93,35.39,21.18,14.40,0.00,7,38.94,20.16,0.0000
603651,-4.69,0.78,14.51,8,14.55,187,0.88,2423,0.00,39.00,86,3,0.00,33,13.93,34.23,21.18,14.30,0.00,7,39.15,20.01,0.0000
603752,-4.69,0.78,14.51,8,14.56,187,0.87,2414,-2.00,37.50,86,2,-2.00,34,13.78,34.26,21.18,14.50,0.00,7,39.55,20.01,0.0000
603855,-3.91,0.78,14.51,8,14.56,187,0.86,2408,-2.00,37.50,86,2,-2.00,34,13.78,33.63,21.18,14.30,0.00,7,39.63,20.01,0.0000
603957,-3.91,0.78,14.51,8,14.56,187,0.85,2404,-2.00,38.00,86,2,-2.00,34,13.49,31.81,20.00,14.30,0.00,7,39.95,18.71,0.0000
604059,-4.69,0.78,14.51,8,14.56,187,0.82,2397,-2.00,38.00,86,2,-2.00,34,13.06,32.37,19.22,14.40,0.00,6,40.07,18.12,0.0000
604161,-4.69,0.78,14.51,8,14.56,187,0.81,2390,-2.00,38.00,86,2,-2.00,34,12.91,31.64,19.22,14.30,0.00,6,40.03,18.27,0.0000
604263,-4.69,0.78,14.51,8,14.56,187,0.80,2373,-2.00,38.00,86,2,-2.00,34,12.91,31.15,19.22,14.40,0.00,6,40.06,18.12,0.0000
604365,-3.91,0.78,14.51,8,14.56,187,0.80,2374,-2.00,38.00,86,2,-2.00,34,12.77,31.53,19.22,14.30,0.00,6,40.07,18.12,0.0000
604467,-3.12,0.78,14.51,8,14.56,187,0.79,2376,-2.00,38.00,86,2,-2.00,34,12.77,28.36,19.22,14.20,0.00,6,40.08,18.12,0.0000
604568,-2.34,0.78,14.51,8,14.56,187,0.79,2382,-2.00,38.00,86,3,-2.00,34,12.77,31.41,19.22,14.30,0.00,6,40.12,18.12,0.0000
604671,-2.34,0.78,14.51,8,14.56,187,0.78,2383,-2.00,38.00,86,3,-2.00,34,12.33,27.99,18.82,14.20,0.00,6,40.12,16.38,0.0000
604772,-4.69,0.78,14.51,8,14.56,187,0.74,2360,-2.00,38.00,86,3,-2.00,34,11.17,25.58,14.90,14.30,0.00,6,40.10,14.05,0.0000
604875,-7.03,0.78,14.51,8,14.56,187,0.68,2328,-2.00,39.00,86,3,-2.00,34,10.74,24.62,14.51,13.90,0.00,1,41.23,13.91,0.0000
604977,-8.59,0.78,14.51,8,14.57,187,0.66,2318,-2.00,39.50,86,4,-2.00,34,10.59,24.66,14.51,14.10,0.00,1,41.78,13.91,0.0000
605079,-9.38,0.78,14.51,8,14.57,187,0.64,2316,-2.00,40.00,86,4,-2.00,34,10.59,24.69,14.90,14.10,0.00,1,42.01,14.35,0.0000
605180,-8.59,0.78,14.51,8,14.57,187,0.64,2315,-2.00,40.00,86,5,-2.00,34,10.45,24.74,14.90,14.30,0.00,1,42.09,14.34,0.0000
605283,-7.81,0.78,14.51,8,14.57,187,0.64,2318,-2.00,40.00,86,5,-2.00,34,10.45,24.14,14.90,14.70,0.00,1,42.17,14.35,0.0000
605385,-7.03,0.78,14.51,8,14.57,187,0.63,2320,-2.00,40.50,86,6,-2.00,34,10.45,23.78,14.90,14.70,0.00,1,42.55,14.20,0.0000
605487,-6.25,0.78,14.51,8,14.57,187,0.62,2318,-2.00,40.50,86,6,-2.00,34,10.45,23.54,14.90,15.00,0.00,1,42.75,14.05,0.0000
605589,-5.47,0.78,14.51,8,14.57,187,0.61,2335,-2.00,41.00,86,6,-2.00,34,9.72,18.03,13.33,15.30,0.00,1,43.89,10.80,0.0000
605691,-7.03,0.78,14.51,8,14.58,187,0.53,2287,-1.95,43.00,86,7,0.00,34,7.69,13.76,7.84,14.20,0.00,1,40.85,7.22,0.0000
605792,-10.94,0.78,14.51,8,14.58,187,0.43,2209,-1.89,35.50,86,8,0.00,34,6.67,11.56,7.45,13.80,0.00,1,34.16,6.79,0.0000
605895,-14.06,0.78,14.51,8,14.58,187,0.36,2142,-1.83,16.50,86,8,0.00,34,5.95,10.52,6.67,13.00,0.00,1,30.45,6.21,0.0000
605997,-17.19,0.78,14.51,8,14.55,187,0.33,1932,-1.78,13.00,86,9,0.00,34,5.80,12.62,6.67,12.70,0.00,1,26.89,6.21,0.0000
606099,0.00,0.78,14.51,10,14.57,187,0.33,1634,-1.74,18.50,86,10,0.00,34,5.80,9.38,6.27,12.50,0.00,1,20.87,5.92,0.0000
606201,0.00,0.00,14.51,10,14.58,187,0.35,1442,-1.70,19.00,86,11,0.00,34,6.09,8.68,5.49,12.70,0.00,1,18.28,5.33,0.0000
606303,0.00,0.00,14.51,10,14.59,187,0.36,1377,-1.66,18.00,86,11,0.00,34,6.24,8.19,5.49,12.80,0.00,1,17.85,5.04,0.0000
606405,0.00,0.00,14.51,10,14.59,187,0.36,1370,-1.62,18.00,86,11,0.00,34,6.24,7.74,5.10,13.20,0.00,1,17.77,4.75,0.0000
606507,0.00,0.00,14.51,10,14.60,189,0.35,1295,-1.58,17.50,86,12,0.00,34,6.09,7.61,5.10,13.80,0.00,1,17.37,4.75,0.0000
606609,0.00,0.00,14.51,10,14.60,189,0.36,1226,-1.55,18.50,86,10,0.00,34,6.24,7.56,5.10,13.80,0.00,1,19.92,4.75,0.0000
606711,0.00,0.00,14.51,10,14.59,189,0.36,1396,-1.51,23.50,86,2,0.00,34,6.38,7.52,5.10,15.20,0.00,1,24.67,4.75,0.0000
606813,0.00,0.00,14.51,10,14.58,189,0.34,1477,-1.47,28.00,86,0,0.00,34,6.09,7.83,5.49,18.80,0.00,1,28.05,5.33,0.0000
606915,0.00,0.00,14.51,10,14.58,189,0.33,1504,-1.43,28.00,86,0,0.00,34,6.09,8.06,5.49,20.60,0.00,1,28.16,5.33,0.0000
607017,0.00,0.00,14.51,10,14.58,189,0.32,1492,-1.39,28.00,86,0,0.00,34,6.09,7.97,5.49,16.90,0.00,1,28.16,5.33,0.0000
607119,-1.56,0.00,14.51,8,14.58,189,0.32,1503,-1.35,28.00,86,0,0.00,34,6.09,7.70,5.49,13.40,0.00,1,27.81,5.48,0.0000
607221,-4.69,0.00,14.51,8,14.58,189,0.32,1482,-1.31,28.00,86,0,0.00,34,6.09,7.74,5.88,12.50,0.00,1,27.71,5.48,0.0000
607323,-8.59,0.00,14.51,8,14.58,189,0.31,1486,-1.27,27.00,86,0,0.00,34,5.95,7.56,5.49,12.00,0.00,1,26.14,5.19,0.0000
607425,-13.28,0.00,14.51,8,14.58,189,0.31,1468,-1.23,25.00,86,0,0.00,34,5.95,7.19,5.49,11.70,0.00,1,24.34,4.90,0.0000
607527,-14.84,0.00,14.51,8,14.59,189,0.30,1472,-1.19,23.00,86,0,0.00,34,5.80,6.99,5.49,11.80,0.00,1,22.29,5.05,0.0000
607629,-16.41,0.00,14.51,8,14.59,189,0.30,1446,-1.15,21.50,86,0,0.00,34,5.80,6.89,5.10,11.80,0.00,1,20.31,4.90,0.0000
607731,0.00,0.00,14.51,10,14.59,189,0.29,1410,-1.11,19.00,86,0,0.00,34,5.80,6.75,5.49,12.00,0.00,1,18.81,4.90,0.0000
607833,0.00,0.00,14.51,10,14.59,189,0.29,1362,-1.08,18.00,86,0,0.00,34,5.80,6.89,5.10,12.50,0.00,1,17.69,4.90,0.0000
607935,0.00,0.00,14.51,10,14.59,189,0.30,1331,-1.04,17.50,86,0,0.00,34,5.80,6.55,5.10,12.70,0.00,1,17.63,4.75,0.0000
608037,0.00,0.00,14.51,10,14.60,189,0.30,1322,-1.02,17.50,86,0,0.00,34,5.80,6.45,5.10,13.20,0.00,1,17.58,4.75,0.0000
608139,0.00,0.00,14.51,10,14.60,189,0.30,1232,-0.97,17.00,86,1,0.00,34,5.95,6.36,5.10,13.60,0.00,1,17.08,4.75,0.0000
608241,0.00,0.00,14.51,10,14.61,189,0.30,1156,-0.94,17.00,86,0,0.00,34,6.09,6.01,4.71,18.60,0.00,1,16.91,4.61,0.0000
608343,0.00,0.00,14.51,10,14.63,189,0.31,1102,-0.91,17.00,86,0,0.00,34,6.38,5.80,4.71,16.20,0.00,1,16.91,4.46,0.0000
608445,0.00,0.00,14.51,10,14.64,189,0.31,1050,-0.88,22.00,86,0,0.00,34,6.53,5.77,4.71,17.40,0.00,1,16.91,4.32,0.0000
608547,0.00,0.00,14.51,10,14.64,189,0.32,1004,-0.86,22.00,86,0,0.00,34,6.67,5.75,4.71,23.40,0.00,1,16.91,4.32,0.0000
608649,0.00,0.00,14.51,10,14.65,189,0.33,978,-0.82,22.00,88,0,0.00,34,6.82,5.77,4.71,28.00,0.00,1,16.91,4.32,0.0000
608751,0.00,0.00,14.51,10,14.66,189,0.34,933,-0.80,22.00,88,0,0.00,34,6.96,5.68,4.71,28.00,0.00,1,16.91,4.46,0.0000
608853,0.00,0.00,14.51,10,14.67,189,0.35,907,-0.78,22.00,88,0,0.00,34,7.25,5.77,4.71,40.30,0.00,1,16.91,4.61,0.0000
608955,0.00,0.00,14.51,10,14.68,189,0.36,863,-0.75,22.00,88,0,0.00,34,7.55,5.70,4.71,54.20,0.00,1,16.91,4.46,0.0000
609057,0.00,0.00,14.51,10,14.66,189,0.37,966,-0.73,17.00,88,0,0.00,34,7.84,5.65,4.71,66.10,0.00,1,16.91,4.46,0.0000
609159,0.00,0.00,14.51,10,14.60,189,0.35,1198,-0.70,17.00,88,0,0.00,34,7.40,5.53,4.71,80.90,0.00,1,17.11,4.46,0.0000
609261,0.00,0.00,14.51,10,14.59,189,0.31,1346,-0.66,17.50,88,0,0.00,34,6.82,5.56,4.71,67.20,0.00,1,17.84,4.46,0.0000
609363,0.00,0.00,14.51,10,14.59,189,0.28,1373,-0.62,18.00,88,0,0.00,34,6.24,5.65,4.71,30.80,0.00,1,17.88,4.75,0.0000
609465,0.00,0.00,14.51,10,14.59,189,0.26,1372,-0.58,17.50,88,0,0.00,34,6.09,5.51,5.10,23.20,0.00,1,17.75,4.90,0.0000
609567,0.00,0.00,14.51,10,14.59,189,0.26,1352,-0.54,18.00,88,0,0.00,34,5.95,5.70,5.10,20.00,0.00,1,17.72,4.90,0.0000
609669,0.00,0.00,14.51,10,14.59,189,0.25,1344,-0.51,17.50,88,0,0.00,34,5.80,5.80,5.10,18.40,0.00,1,17.70,4.90,0.0000
609772,0.00,0.00,14.51,10,14.59,189,0.26,1332,-0.47,17.50,88,0,0.00,34,5.80,5.72,5.10,17.20,0.00,1,17.52,4.75,0.0000
609873,0.00,0.00,14.51,8,14.60,189,0.26,1323,-0.44,17.50,88,0,0.00,34,5.80,5.70,5.10,16.20,0.00,1,17.48,4.75,0.0000
609975,-0.78,0.00,14.51,8,14.60,189,0.26,1306,-0.40,17.50,88,0,0.00,34,5.80,5.65,5.10,15.90,0.00,1,17.47,4.75,0.0000
610077,-0.78,0.00,14.51,8,14.60,189,0.26,1298,-0.37,17.50,88,0,0.00,34,5.80,5.65,5.10,15.40,0.00,1,17.49,4.90,0.0000
610180,-1.56,0.00,14.51,8,14.60,189,0.26,1303,-0.33,17.50,88,0,0.00,34,5.95,5.80,5.88,15.10,0.00,1,17.46,5.63,0.0000
610283,-1.56,0.00,14.51,8,14.60,189,0.27,1304,-0.30,17.50,88,0,0.00,34,6.09,6.11,5.88,14.70,0.00,1,17.41,5.63,0.0000
610384,-1.56,0.00,14.51,8,14.60,189,0.27,1290,-0.26,17.50,88,0,0.00,34,6.24,5.96,5.88,14.40,0.00,1,17.39,5.48,0.0000
610486,-0.78,0.00,14.51,8,14.60,189,0.28,1264,-0.22,17.50,88,0,0.00,34,6.38,6.06,5.88,14.40,0.00,1,17.27,5.48,0.0000
610588,0.00,0.00,14.51,8,14.60,189,0.28,1242,-0.19,17.00,88,0,0.00,34,6.38,6.01,5.49,14.50,0.00,1,17.13,5.33,0.0000
610691,0.00,0.00,14.51,8,14.60,189,0.29,1234,-0.16,17.00,88,0,0.00,34,6.53,6.01,5.49,14.70,0.00,1,17.13,5.33,0.0000
610792,0.00,0.00,14.51,8,14.60,189,0.29,1249,-0.12,17.00,88,0,0.00,34,6.53,6.16,5.49,14.90,0.00,1,17.17,5.33,0.0000
610894,0.00,0.00,14.51,8,14.60,189,0.29,1256,-0.09,17.00,88,0,0.00,34,6.53,6.11,5.49,15.00,0.00,1,17.21,5.33,0.0000
610996,0.00,0.00,14.51,8,14.60,189,0.29,1256,-0.06,17.00,88,0,0.00,34,6.53,6.01,5.49,15.00,0.00,1,17.17,5.33,0.0000
611098,0.00,0.00,14.51,8,14.60,189,0.29,1268,-0.02,17.50,88,0,0.00,34,6.53,6.06,5.49,14.90,0.00,1,17.20,5.33,0.0000
611200,0.00,0.00,14.51,8,14.60,189,0.29,1252,0.00,17.00,88,0,0.00,34,6.53,5.84,5.49,14.90,0.00,1,17.19,5.33,0.0000
611302,0.78,0.00,14.51,8,14.60,189,0.29,1250,0.00,17.00,88,0,0.00,34,6.53,5.92,5.88,14.80,0.00,1,17.25,5.33,0.0000
611404,0.78,0.00,14.51,8,14.60,189,0.28,1245,0.00,17.00,88,0,0.00,34,6.53,5.92,5.49,14.70,0.00,1,17.18,5.48,0.0000
611507,0.78,0.00,14.51,8,14.60,189,0.28,1228,0.00,17.00,90,0,0.00,34,6.67,5.92,5.88,14.80,0.00,1,17.13,5.48,0.0000
611608,0.78,0.00,14.51,8,14.60,189,0.28,1237,0.00,17.00,90,0,0.00,34,6.67,5.80,5.49,14.60,0.00,1,17.11,5.33,0.0000
611710,1.56,0.00,14.51,8,14.60,190,0.28,1236,0.00,17.00,90,0,0.00,34,6.67,5.92,5.49,14.60,0.00,1,17.10,5.33,0.0000
611812,1.56,0.00,14.51,8,14.60,190,0.29,1236,0.00,17.00,90,0,0.00,34,6.67,5.84,5.49,14.80,0.00,1,17.04,5.33,0.0000
611914,1.56,0.00,14.51,8,14.60,190,0.29,1239,0.00,17.00,90,0,0.00,34,6.67,5.80,5.49,14.80,0.00,1,17.06,5.33,0.0000
612016,2.34,0.00,14.51,8,14.60,190,0.28,1239,0.00,17.00,90,0,0.00,34,6.67,5.80,5.49,14.80,0.00,1,17.07,5.33,0.0000
612118,2.34,0.00,14.51,8,14.60,190,0.28,1232,0.00,17.00,90,0,0.00,34,6.67,5.80,5.49,15.00,0.00,1,17.04,5.33,0.0000
612221,2.34,0.00,14.51,8,14.60,190,0.28,1224,0.00,17.00,90,0,0.00,34,6.67,5.82,5.49,14.90,0.00,1,17.04,5.33,0.0000
612323,2.34,0.00,14.51,8,14.60,190,0.28,1222,0.00,17.00,90,0,0.00,34,6.67,5.80,5.49,14.80,0.00,1,17.03,5.33,0.0000
612425,3.12,0.00,14.51,8,14.60,190,0.28,1232,0.00,17.00,90,0,0.00,34,6.67,5.75,5.49,15.00,0.00,1,17.10,5.33,0.0000
612526,3.12,0.00,14.51,8,14.60,190,0.28,1234,0.00,17.00,90,0,0.00,34,6.67,5.75,5.49,14.80,0.00,1,17.14,5.33,0.0000
612628,3.12,0.00,14.51,8,14.60,190,0.28,1234,0.00,17.00,90,0,0.00,34,6.67,5.80,5.49,14.90,0.00,1,17.13,5.33,0.0000
612730,3.12,0.00,14.51,8,14.60,190,0.28,1245,0.00,17.00,90,0,0.00,34,6.67,5.77,5.49,14.90,0.00,1,17.15,5.33,0.0000
612832,3.91,0.00,14.51,8,14.60,190,0.28,1250,0.00,17.00,90,0,0.00,34,6.67,5.82,5.49,14.80,0.00,1,17.14,5.33,0.0000
612935,3.91,0.00,14.51,8,14.60,190,0.28,1250,0.00,17.00,90,0,0.00,34,6.67,5.75,5.49,14.80,0.00,1,17.12,5.33,0.0000
613037,3.91,0.00,14.51,8,14.60,190,0.28,1248,0.00,17.00,90,0,0.00,34,6.67,5.92,5.49,14.70,0.00,1,17.11,5.33,0.0000
613138,3.91,0.00,14.51,8,14.60,190,0.28,1236,0.00,17.00,90,0,0.00,34,6.67,5.87,5.49,14.80,0.00,1,17.10,5.33,0.0000
613240,3.91,0.00,14.51,8,14.60,190,0.28,1224,0.00,17.00,90,0,0.00,34,6.67,6.06,5.88,14.80,0.00,1,17.04,5.63,0.0000
613342,3.91,0.00,14.51,8,14.60,190,0.29,1217,0.00,17.00,90,0,0.00,34,6.82,6.01,5.88,14.80,0.00,1,17.03,5.63,0.0000
613444,4.69,0.00,14.51,8,14.60,190,0.29,1204,0.00,17.00,90,0,0.00,34,6.82,5.92,5.88,14.80,0.00,1,17.01,5.48,0.0000
613547,4.69,0.00,14.51,8,14.60,190,0.29,1213,0.00,17.00,90,0,0.00,34,6.96,5.96,5.88,14.80,0.00,1,17.06,5.48,0.0000
613648,4.69,0.00,14.51,8,14.60,190,0.29,1218,0.00,17.00,90,0,0.00,34,6.96,5.87,5.88,14.80,0.00,1,17.09,5.48,0.0000
613750,4.69,0.00,14.51,8,14.60,190,0.29,1239,0.00,17.00,90,0,0.00,34,6.82,5.80,5.88,14.80,0.00,1,17.12,5.48,0.0000
613853,4.69,0.00,14.51,8,14.60,190,0.29,1249,0.00,17.00,90,0,0.00,34,6.82,5.92,5.49,14.80,0.00,1,17.17,5.33,0.0000
613954,4.69,0.00,14.51,8,14.60,190,0.29,1247,0.00,17.00,90,0,0.00,34,6.82,5.77,5.88,14.80,0.00,1,17.12,5.48,0.0000
614056,4.69,0.00,14.51,8,14.60,190,0.28,1247,0.00,17.00,90,0,0.00,34,6.96,5.82,5.88,14.60,0.00,1,17.08,5.48,0.0000
614159,5.47,0.00,14.51,8,14.60,190,0.28,1233,0.00,17.00,90,0,0.00,34,6.96,6.01,5.88,14.50,0.00,1,17.03,5.48,0.0000
614260,6.25,0.00,14.51,8,14.60,190,0.29,1222,0.00,17.00,90,0,0.00,34,6.96,6.16,5.88,14.90,0.00,1,17.03,5.48,0.0000
614363,7.03,0.00,14.51,8,14.60,190,0.29,1217,0.00,17.00,90,0,0.00,34,6.96,5.79,5.88,14.90,0.00,1,17.00,5.48,0.0000
614464,7.03,0.00,14.51,8,14.60,190,0.29,1218,0.00,17.00,90,0,0.00,34,6.96,5.96,5.88,15.10,0.00,1,17.01,5.48,0.0000
614567,7.81,0.00,14.51,8,14.60,190,0.30,1211,0.00,17.00,90,0,0.00,34,6.96,6.26,5.88,15.10,0.00,1,17.00,5.48,0.0000
614669,7.81,0.00,14.51,8,14.60,190,0.30,1212,0.00,17.00,90,0,0.00,34,6.96,5.92,5.88,15.20,0.00,1,17.01,5.48,0.0000
614771,7.81,0.00,14.51,8,14.60,190,0.30,1210,0.00,17.00,90,0,0.00,34,6.96,6.06,5.88,15.00,0.00,1,16.99,5.48,0.0000
614873,7.03,0.00,14.51,8,14.60,190,0.30,1205,0.00,17.00,90,0,0.00,34,6.96,6.06,5.88,15.00,0.00,1,16.97,5.48,0.0000
614974,7.03,0.00,14.51,8,14.60,190,0.30,1204,0.00,17.00,90,0,0.00,34,6.96,6.06,5.88,15.30,0.00,1,16.93,5.48,0.0000
615076,6.25,0.00,14.51,8,14.61,190,0.30,1202,0.00,17.00,90,0,0.00,34,7.11,6.11,5.88,14.40,0.00,1,16.92,5.48,0.0000
615179,6.25,0.00,14.51,8,14.61,190,0.30,1193,0.00,17.00,90,0,0.00,34,7.11,6.01,5.49,14.40,0.00,1,16.91,5.48,0.0000
615281,6.25,0.00,14.51,8,14.61,190,0.30,1186,0.00,17.00,90,0,0.00,34,7.11,5.96,5.49,14.40,0.00,1,16.91,5.33,0.0000
615383,5.47,0.00,14.51,8,14.61,190,0.30,1170,0.00,17.00,90,0,0.00,34,7.11,6.01,5.49,14.30,0.00,1,16.91,5.33,0.0000
615485,5.47,0.00,14.51,8,14.61,190,0.30,1157,0.00,17.00,90,0,0.00,34,7.11,5.89,5.49,14.40,0.00,1,16.91,5.33,0.0000
615587,5.47,0.00,14.51,8,14.62,190,0.30,1150,0.00,17.00,90,0,0.00,34,7.25,5.96,5.49,14.30,0.00,1,16.91,5.33,0.0000
615689,5.47,0.00,14.51,8,14.62,190,0.31,1142,0.00,20.00,90,0,0.00,34,7.25,5.91,5.49,14.30,0.00,1,16.91,5.33,0.0000
615791,5.47,0.00,14.51,8,14.62,190,0.31,1137,0.00,20.00,90,0,0.00,34,7.25,5.84,5.49,14.30,0.00,1,16.91,5.33,0.0000
615893,4.69,0.00,14.51,8,14.62,190,0.31,1139,0.00,17.00,90,0,0.00,34,7.25,5.72,5.49,14.20,0.00,1,16.91,5.33,0.0000
615995,4.69,0.00,14.51,8,14.62,190,0.30,1126,0.00,19.00,90,0,0.00,34,7.25,5.68,5.49,14.30,0.00,1,16.91,5.33,0.0000
616096,4.69,0.00,14.51,8,14.62,190,0.30,1124,0.00,18.50,91,0,0.00,34,7.40,5.65,5.49,14.40,0.00,1,16.91,5.33,0.0000
616199,4.69,0.00,14.51,8,14.62,190,0.30,1112,0.00,19.00,91,0,0.00,34,7.40,5.77,5.49,14.30,0.00,1,16.91,5.33,0.0000
616301,4.69,0.00,14.51,8,14.62,190,0.31,1116,0.00,19.50,91,0,0.00,34,7.40,5.68,5.49,14.40,0.00,1,16.91,5.19,0.0000
616403,5.47,0.00,14.51,8,14.63,190,0.31,1100,0.00,21.00,91,0,0.00,34,7.40,5.63,5.49,14.50,0.00,1,16.91,5.34,0.0000
616506,5.47,0.00,14.51,8,14.63,190,0.31,1106,0.00,20.50,91,0,0.00,34,7.40,5.65,5.49,14.50,0.00,1,16.91,5.19,0.0000
616607,5.47,0.00,14.51,8,14.63,190,0.31,1107,0.00,19.50,91,0,0.00,34,7.40,5.75,5.49,14.40,0.00,1,16.91,5.19,0.0000
616709,5.47,0.00,14.51,8,14.63,190,0.31,1087,0.00,20.00,91,0,0.00,34,7.55,5.77,5.49,14.60,0.00,1,16.91,5.19,0.0000
616811,5.47,0.00,14.51,8,14.63,190,0.31,1089,0.00,18.50,91,0,0.00,34,7.55,5.68,5.49,14.60,0.00,1,16.91,5.19,0.0000
616912,5.47,0.00,14.51,8,14.63,190,0.31,1090,0.00,18.00,91,0,0.00,34,7.55,5.65,5.49,14.60,0.00,1,16.91,5.19,0.0000
617015,5.47,0.00,14.51,8,14.63,190,0.31,1100,0.00,17.50,91,0,0.00,34,7.55,5.77,5.49,14.60,0.00,1,16.91,5.19,0.0000
617117,5.47,0.00,14.51,8,14.63,190,0.31,1082,0.00,19.00,91,0,0.00,34,7.55,5.68,5.49,14.60,0.00,1,16.91,5.19,0.0000
617218,5.47,0.00,14.51,8,14.63,190,0.31,1086,0.00,19.00,91,0,0.00,34,7.55,5.65,5.49,14.60,0.00,1,16.91,5.19,0.0000
617321,5.47,0.00,14.51,8,14.63,190,0.31,1078,0.00,18.50,91,0,0.00,34,7.69,5.82,5.49,14.50,0.00,1,16.91,5.19,0.0000
617423,5.47,0.00,14.51,8,14.63,190,0.32,1086,0.00,17.50,91,0,0.00,34,7.69,5.75,5.49,14.50,0.00,1,16.91,5.19,0.0000
617525,5.47,0.00,14.51,8,14.63,190,0.32,1077,0.00,17.00,91,0,0.00,34,7.69,5.79,5.49,14.50,0.00,1,16.91,5.19,0.0000
617627,5.47,0.00,14.51,8,14.63,190,0.32,1080,0.00,17.00,91,0,0.00,34,7.69,5.72,5.49,14.50,0.00,1,16.91,5.19,0.0000
617729,5.47,0.00,14.51,8,14.63,190,0.32,1079,0.00,17.50,91,0,0.00,34,7.69,5.68,5.49,14.60,0.00,1,16.91,5.19,0.0000
617831,5.47,0.00,14.51,8,14.64,190,0.32,1072,0.00,18.50,91,0,0.00,34,7.69,5.65,5.49,14.80,0.00,1,16.91,5.19,0.0000
617933,5.47,0.00,14.51,8,14.63,190,0.32,1065,0.00,18.00,91,0,0.00,34,7.69,5.65,5.49,14.70,0.00,1,16.91,5.19,0.0000
618035,5.47,0.00,14.51,8,14.63,190,0.32,1061,0.00,17.50,91,0,0.00,34,7.69,5.70,5.49,14.70,0.00,1,16.91,5.19,0.0000
618137,5.47,0.00,14.51,8,14.63,190,0.32,1056,0.00,17.50,91,0,0.00,34,7.69,5.60,5.49,14.70,0.00,1,16.91,5.19,0.0000
618240,5.47,0.00,14.51,8,14.64,190,0.32,1060,0.00,17.50,91,0,0.00,34,7.69,5.58,5.49,14.60,0.00,1,16.91,5.19,0.0000
618341,5.47,0.00,14.51,8,14.64,190,0.32,1068,0.00,17.50,91,0,0.00,34,7.69,5.65,5.49,14.50,0.00,1,16.91,5.19,0.0000
618443,5.47,0.00,14.51,8,14.64,190,0.32,1070,0.00,17.50,91,0,0.00,34,7.69,5.68,5.49,14.80,0.00,1,16.91,5.19,0.0000
618545,5.47,0.00,14.51,8,14.64,190,0.32,1057,0.00,17.50,91,0,0.00,34,7.69,5.70,5.49,14.80,0.00,1,16.91,5.19,0.0000
618647,5.47,0.00,14.51,8,14.63,190,0.32,1056,0.00,17.00,91,0,0.00,34,7.69,5.65,5.49,14.60,0.00,1,16.91,5.19,0.0000
618749,5.47,0.00,14.51,8,14.63,190,0.32,1067,0.00,17.00,91,0,0.00,34,7.69,5.72,5.49,14.60,0.00,1,16.91,5.19,0.0000
618851,5.47,0.00,14.51,8,14.64,190,0.32,1070,0.00,17.00,91,0,0.00,34,7.69,5.70,5.49,14.50,0.00,1,16.91,5.19,0.0000
618953,5.47,0.00,14.51,8,14.63,190,0.32,1073,0.00,17.00,91,0,0.00,34,7.69,5.68,5.49,14.50,0.00,1,16.91,5.19,0.0000
619056,5.47,0.00,14.51,8,14.64,190,0.32,1058,0.00,17.00,91,0,0.00,34,7.69,5.65,5.49,14.50,0.00,1,16.91,5.19,0.0000
619157,5.47,0.00,14.51,8,14.63,190,0.32,1060,0.00,17.00,91,0,0.00,34,7.69,5.70,5.49,14.50,0.00,1,16.91,5.19,0.0000
619259,5.47,0.00,14.51,8,14.63,190,0.32,1068,0.00,17.00,93,0,0.00,34,7.69,5.68,5.49,14.50,0.00,1,16.91,5.19,0.0000
619361,5.47,0.00,14.51,8,14.64,190,0.32,1062,0.00,17.00,93,0,0.00,34,7.69,5.70,5.49,14.50,0.00,1,16.91,5.19,0.0000
619463,5.47,0.00,14.51,8,14.64,190,0.32,1063,0.00,17.00,93,0,0.00,34,7.69,5.60,5.49,14.50,0.00,1,16.91,5.19,0.0000
619566,4.69,0.00,14.51,8,14.64,190,0.32,1057,0.00,17.00,93,0,0.00,34,7.84,5.65,5.49,14.50,0.00,1,16.91,5.19,0.0000
619667,4.69,0.00,14.51,8,14.63,190,0.32,1056,0.00,17.00,93,0,0.00,34,7.84,5.70,5.49,14.40,0.00,1,16.91,5.19,0.0000
619770,5.47,0.00,14.51,8,14.64,190,0.32,1056,0.00,17.00,93,0,0.00,34,7.84,5.75,5.49,14.40,0.00,1,16.91,5.19,0.0000
619872,5.47,0.00,14.51,8,14.64,190,0.32,1057,0.00,17.00,93,0,0.00,34,7.84,5.60,5.49,14.60,0.00,1,16.91,5.19,0.0000
619973,5.47,0.00,14.51,8,14.64,190,0.32,1045,0.00,18.00,93,0,0.00,34,7.84,5.70,5.49,14.50,0.00,1,16.91,5.19,0.0000
620076,5.47,0.00,14.51,8,14.64,190,0.32,1029,0.00,18.00,93,0,0.00,34,7.84,5.65,5.49,14.60,0.00,1,16.91,5.19,0.0000
620178,5.47,0.00,14.51,8,14.64,190,0.33,1028,0.00,17.50,93,0,0.00,34,7.84,5.58,5.49,14.80,0.00,1,16.91,5.19,0.0000
620279,5.47,0.00,14.51,8,14.64,190,0.33,1030,0.00,17.50,93,0,0.00,34,7.84,5.63,5.49,14.70,0.00,1,16.91,5.19,0.0000
620382,5.47,0.00,14.51,8,14.64,190,0.33,1019,0.00,18.50,93,0,0.00,34,7.98,5.58,5.49,14.70,0.00,1,16.91,5.04,0.0000
620484,5.47,0.00,14.51,8,14.65,190,0.33,1006,0.00,18.00,93,0,0.00,34,7.98,5.63,5.49,14.70,0.00,1,16.91,5.04,0.0000
620586,5.47,0.00,14.51,8,14.64,190,0.33,1023,0.00,17.50,93,0,0.00,34,7.98,5.58,5.49,14.60,0.00,1,16.91,5.04,0.0000
620688,4.69,0.00,14.51,8,14.65,190,0.33,1016,0.00,18.50,93,0,0.00,34,8.13,5.67,5.49,14.50,0.00,1,16.91,5.04,0.0000
620790,5.47,0.00,14.51,8,14.64,190,0.33,1018,0.00,17.50,93,0,0.00,34,7.98,5.60,5.49,14.50,0.00,1,16.91,5.04,0.0000
620891,5.47,0.00,14.51,8,14.64,190,0.33,1017,0.00,17.00,93,0,0.00,34,7.98,5.58,5.49,14.50,0.00,1,16.91,5.04,0.0000
620994,4.69,0.00,14.51,8,14.64,190,0.33,1026,0.00,17.00,93,0,0.00,34,7.98,5.60,5.49,14.40,0.00,1,16.91,5.04,0.0000
621096,4.69,0.00,14.51,8,14.64,190,0.33,1026,0.00,17.00,93,0,0.00,34,7.98,5.65,5.49,14.50,0.00,1,16.91,5.04,0.0000
621197,4.69,0.00,14.51,8,14.64,190,0.33,1020,0.00,17.00,93,0,0.00,34,7.98,5.60,5.49,14.50,0.00,1,16.91,5.04,0.0000
621299,4.69,0.00,14.51,8,14.64,190,0.33,1018,0.00,17.00,93,0,0.00,34,7.98,5.60,5.49,14.50,0.00,1,16.91,5.04,0.0000
621402,4.69,0.00,14.51,8,14.64,190,0.33,1026,0.00,17.00,93,0,0.00,34,7.98,5.65,5.49,14.50,0.00,1,16.91,5.04,0.0000
621504,4.69,0.00,14.51,8,14.65,190,0.33,1027,0.00,17.00,93,0,0.00,34,7.98,5.56,5.49,14.60,0.00,1,16.91,5.04,0.0000
621605,4.69,0.00,14.51,8,14.64,190,0.33,1018,0.00,17.00,93,0,0.00,34,7.98,5.60,5.49,14.40,0.00,1,16.91,5.04,0.0000
621708,4.69,0.00,14.51,8,14.64,190,0.33,1022,0.00,17.00,93,0,0.00,34,7.84,5.63,5.49,14.40,0.00,1,16.91,5.04,0.0000
621809,3.91,0.00,14.51,8,14.64,190,0.33,1027,0.00,17.00,93,0,0.00,34,7.84,5.53,5.49,14.50,0.00,1,16.91,5.04,0.0000
621912,3.91,0.00,14.51,8,14.64,190,0.33,1026,0.00,17.00,93,0,0.00,34,8.13,5.65,5.49,14.40,0.00,1,16.91,5.04,0.0000
622014,3.91,0.00,14.51,8,14.65,190,0.33,1012,0.00,17.00,93,0,0.00,34,8.27,5.60,5.49,14.30,0.00,1,16.91,5.04,0.0000
622116,4.69,0.00,14.51,8,14.64,190,0.33,1007,0.00,17.00,93,0,0.00,34,8.42,5.60,5.49,14.40,0.00,1,16.91,5.04,0.0000
622218,4.69,0.00,14.51,8,14.65,190,0.33,1014,0.00,17.50,93,0,0.00,34,8.42,5.53,5.49,14.40,0.00,1,16.91,5.04,0.0000
622320,5.47,0.00,14.51,8,14.65,190,0.33,998,0.00,17.50,93,0,0.00,34,8.42,5.56,5.49,14.40,0.00,1,16.91,5.04,0.0000
622422,6.25,0.00,14.51,8,14.65,190,0.33,996,0.00,17.00,93,0,0.00,34,8.42,5.70,5.88,15.10,0.00,1,16.91,5.63,0.0000
622524,7.03,0.00,14.51,8,14.65,190,0.34,993,0.00,17.50,93,0,0.00,34,8.42,5.82,5.88,15.10,0.00,1,16.91,5.63,0.0000
622626,7.03,0.00,14.51,8,14.65,190,0.34,975,0.00,19.00,93,0,0.00,34,8.56,5.82,5.88,15.30,0.00,1,16.91,5.48,0.0000
622728,7.03,0.00,14.51,8,14.65,190,0.35,974,0.00,18.00,93,0,0.00,34,8.56,5.87,5.88,15.30,0.00,1,16.91,5.48,0.0000
622830,7.81,0.00,14.51,8,14.65,190,0.35,975,0.00,18.00,93,0,0.00,34,8.71,5.75,5.88,15.30,0.00,1,16.91,5.48,0.0000
622932,7.81,0.00,14.51,8,14.66,190,0.35,960,0.00,19.50,93,0,0.00,34,8.71,5.53,5.88,15.20,0.00,1,16.91,5.48,0.0000
623033,7.03,0.00,14.51,8,14.66,190,0.35,955,0.00,19.00,93,0,0.00,34,8.85,5.60,5.88,15.10,0.00,1,16.91,5.33,0.0000
623136,7.03,0.00,14.51,8,14.66,190,0.35,967,0.00,18.50,93,0,0.00,34,8.85,5.72,5.88,15.20,0.00,1,16.91,5.48,0.0000
623238,7.03,0.00,14.51,8,14.66,190,0.35,968,0.00,17.50,93,0,0.00,34,8.85,5.75,5.88,14.90,0.00,1,16.91,5.48,0.0000
623340,7.03,0.00,14.51,8,14.65,190,0.35,1007,0.00,16.50,93,0,0.00,34,8.85,5.82,5.49,14.80,0.00,1,16.91,5.48,0.0000
623442,7.81,0.00,14.51,8,14.63,190,0.35,1068,0.00,12.50,93,0,0.00,34,8.71,5.84,5.49,14.70,0.00,1,16.91,5.48,0.0000
623544,7.81,0.00,14.51,8,14.62,190,0.34,1143,0.00,12.00,95,0,0.00,34,8.42,5.79,5.88,14.80,0.00,1,16.91,5.48,0.0000
623645,8.59,0.00,14.51,8,14.61,190,0.32,1197,0.00,17.00,95,0,0.00,34,8.13,5.79,5.49,14.80,0.00,1,16.95,5.33,0.0000
623749,9.38,0.00,14.51,8,14.60,190,0.31,1259,0.00,17.00,95,0,0.00,34,7.69,5.79,5.49,14.90,0.00,1,17.20,5.33,0.0000
623850,9.38,0.00,14.51,8,14.60,190,0.29,1268,0.00,17.50,95,0,0.00,34,7.55,5.82,5.49,15.00,0.00,1,17.27,5.33,0.0000
623952,10.16,0.00,14.51,8,14.60,190,0.29,1259,0.00,17.50,95,0,0.00,34,7.25,5.94,5.88,15.00,0.00,1,17.22,5.48,0.0000
624054,10.94,0.00,14.51,8,14.60,190,0.28,1242,0.00,17.00,95,0,0.00,34,7.25,6.11,5.88,15.40,0.00,1,17.58,5.63,0.0000
624156,11.72,0.00,14.51,8,14.60,190,0.29,1242,0.00,19.50,95,0,0.00,34,7.25,7.09,5.88,15.30,0.00,1,20.10,7.22,0.0000
624258,14.06,0.00,14.51,8,14.60,190,0.31,1284,0.00,22.50,95,0,0.00,34,8.56,10.06,9.41,15.50,0.00,1,23.77,11.29,0.0000
624360,10.94,0.78,14.51,8,14.59,190,0.39,1382,0.00,27.50,95,0,0.00,34,10.30,12.43,12.94,15.40,0.00,1,29.52,12.60,0.0000
624462,6.25,0.78,14.51,8,14.58,190,0.45,1478,0.00,32.50,95,0,0.00,34,11.03,13.39,13.33,14.10,0.00,1,34.19,12.89,0.0000
624564,10.94,0.78,14.51,8,14.58,190,0.49,1536,0.00,35.50,95,0,0.00,34,11.32,13.55,13.73,14.30,0.00,1,36.77,12.75,0.0000
624666,11.72,0.78,14.51,8,14.58,190,0.50,1570,0.00,37.50,95,0,0.00,34,11.32,14.63,13.73,14.80,0.00,1,38.24,14.05,0.0000
624768,12.50,0.78,14.51,8,14.58,190,0.53,1585,0.00,39.50,95,0,0.00,34,11.90,15.50,16.08,14.90,0.00,1,40.90,15.50,0.0000
624870,14.06,0.78,14.51,8,14.58,190,0.56,1638,0.00,41.00,95,0,0.00,34,12.48,16.66,17.25,15.00,0.00,1,41.57,16.67,0.0000
624972,14.06,0.78,14.51,8,14.58,190,0.58,1700,0.00,40.50,95,0,0.00,34,12.62,17.05,17.65,15.10,0.00,1,41.49,16.96,0.0000
625074,14.06,0.78,14.51,8,14.58,190,0.59,1742,0.00,40.50,95,0,0.00,34,12.62,18.80,18.43,14.90,0.00,1,41.33,17.98,0.0000
625176,15.62,0.78,14.51,8,14.58,190,0.61,1775,0.00,40.00,95,0,0.00,34,12.91,19.80,19.61,14.60,0.00,1,40.62,18.85,0.0000
625278,15.62,0.78,14.51,8,14.58,190,0.64,1806,0.00,39.00,95,0,0.00,34,13.06,20.47,20.00,14.90,0.00,1,40.22,18.99,0.0000
625379,14.06,0.78,14.51,8,14.57,190,0.66,1832,0.00,39.00,95,0,0.00,34,13.20,21.26,20.39,14.40,0.00,1,39.81,19.58,0.0000
625482,12.50,0.78,14.51,8,14.57,190,0.68,1843,0.00,38.50,95,1,0.00,34,13.20,21.71,20.78,14.20,0.00,1,39.57,19.72,0.0000
625584,10.94,0.78,14.51,8,14.57,190,0.69,1861,0.00,38.50,95,1,0.00,34,13.20,22.86,20.78,14.10,0.00,1,39.27,20.01,0.0000
625686,9.38,0.78,14.51,8,14.57,190,0.71,1894,0.00,38.00,95,1,0.00,34,13.20,22.39,21.18,14.00,0.00,1,39.26,19.73,0.0000
625788,7.81,0.78,14.51,8,14.57,190,0.70,1952,0.00,38.50,95,1,0.00,34,13.06,22.74,20.39,13.90,0.00,1,39.65,19.43,0.0000
625890,6.25,0.78,14.51,8,14.56,190,0.70,1951,0.00,39.00,95,1,0.00,34,13.06,23.10,20.39,14.00,0.00,1,39.88,19.58,0.0000
625992,6.25,0.78,14.51,8,14.56,190,0.71,1962,-2.00,36.50,95,1,-2.00,0,13.20,23.71,20.39,14.00,0.00,1,39.54,19.58,0.0000
626094,5.47,0.78,14.51,8,14.56,190,0.72,1985,-2.00,36.50,95,2,-2.00,0,13.06,23.83,20.39,14.20,0.00,1,39.30,19.43,0.0000
626196,3.91,0.78,14.51,8,14.56,189,0.72,1979,-2.00,36.50,95,2,-2.00,0,13.20,24.07,20.39,14.10,0.00,1,39.37,19.43,0.0000
626298,3.91,0.78,14.51,8,14.56,189,0.73,1986,-2.00,36.50,95,3,-2.00,0,13.20,24.32,20.39,14.10,0.00,1,39.10,19.43,0.0000
626400,3.12,0.78,14.51,8,14.56,189,0.73,2008,-2.00,36.00,95,3,-2.00,0,13.06,25.17,20.39,14.20,0.00,1,38.99,19.43,0.0000
626502,2.34,0.78,14.51,8,14.56,189,0.74,1997,-2.00,36.00,95,4,-2.00,0,13.20,25.05,20.39,14.10,0.00,1,38.91,19.43,0.0000
626604,1.56,0.78,14.51,8,14.56,189,0.74,2023,-2.00,36.00,95,4,-2.00,0,13.20,25.17,20.39,14.40,0.00,1,38.85,19.43,0.0000
626706,1.56,0.78,14.51,8,14.56,189,0.75,2009,-2.00,36.00,93,4,-2.00,0,13.20,25.29,20.39,14.20,0.00,1,38.78,19.43,0.0000
626808,0.78,0.78,14.51,8,14.56,189,0.75,2034,-2.00,35.50,93,5,-2.00,0,13.20,25.78,20.39,14.30,0.00,1,38.66,19.43,0.0000
626910,0.00,0.78,14.51,8,14.56,189,0.76,2025,-2.00,35.50,93,5,-2.00,0,13.20,25.65,20.39,14.30,0.00,1,38.75,19.43,0.0000
627012,0.00,0.78,14.51,8,14.56,189,0.75,2030,-2.00,36.00,93,5,-2.00,0,13.20,25.78,20.39,14.30,0.00,1,38.72,19.43,0.0000
627114,0.00,0.78,14.51,8,14.56,189,0.76,2051,-2.00,35.50,93,6,-2.00,0,13.20,26.26,20.39,14.40,0.00,1,38.63,19.43,0.0000
627216,0.00,0.78,14.51,8,14.56,189,0.76,2040,-2.00,35.50,93,6,-2.00,0,13.35,26.26,20.39,14.30,0.00,1,38.51,19.43,0.0000
627318,-0.78,0.78,14.51,8,14.56,189,0.77,2064,-2.00,35.50,93,6,-2.00,0,13.35,26.38,20.39,14.40,0.00,1,38.43,19.43,0.0000
627420,-0.78,0.78,14.51,8,14.56,189,0.77,2052,-2.00,35.50,93,7,-2.00,0,13.35,26.99,20.39,14.50,0.00,1,38.53,19.43,0.0000
627522,-0.78,0.78,14.51,8,14.56,189,0.77,2074,-2.00,35.50,93,7,-2.00,0,13.35,26.75,20.39,14.30,0.00,1,38.34,19.43,0.0000
627624,-0.78,0.78,14.51,8,14.56,189,0.78,2065,-2.00,35.50,93,8,-2.00,0,13.35,26.78,20.39,14.40,0.00,1,38.34,19.43,0.0000
627726,-1.56,0.78,14.51,8,14.56,189,0.77,2089,-2.00,35.50,93,8,-2.00,0,13.35,27.41,20.39,14.40,0.00,1,38.45,19.43,0.0000
627828,-1.56,0.78,14.51,8,14.56,189,0.78,2098,-2.00,35.50,93,8,-2.00,0,13.35,27.47,20.39,14.40,0.00,1,38.18,19.43,0.0000
627930,-1.56,0.78,14.51,8,14.56,189,0.79,2088,-2.00,35.50,93,9,-2.00,0,13.35,27.64,20.39,14.40,0.00,1,38.35,19.43,0.0000
628032,-2.34,0.78,14.51,8,14.56,189,0.79,2110,-1.00,36.50,93,9,-1.00,0,13.35,27.67,20.39,14.30,0.00,1,38.27,19.43,0.0000
628134,-2.34,0.78,14.51,8,14.56,189,0.79,2104,-1.00,36.50,93,9,-1.00,0,13.35,27.97,20.39,14.40,0.00,1,38.47,19.43,0.0000
628236,-2.34,0.78,14.51,8,14.56,189,0.79,2125,-1.00,36.50,93,10,-1.00,0,13.35,27.84,20.39,14.40,0.00,1,38.32,19.43,0.0000
628338,-2.34,0.78,14.51,8,14.56,189,0.79,2110,-1.00,36.50,93,11,-1.00,0,13.35,27.72,20.39,14.40,0.00,1,38.43,19.43,0.0000
628440,-2.34,0.78,14.51,8,14.56,189,0.79,2117,-1.00,36.50,93,11,-1.00,0,13.35,27.97,20.39,14.50,0.00,1,38.49,19.58,0.0000
628542,-1.56,0.78,14.51,8,14.56,189,0.79,2145,-1.00,36.50,93,12,-1.00,0,13.35,30.65,20.39,14.90,0.00,1,38.40,19.43,0.0000
628644,-0.78,0.78,14.51,8,14.56,189,0.79,2135,-1.00,36.50,93,13,-1.00,0,13.20,28.33,20.39,14.30,0.00,1,38.53,19.43,0.0000
628746,-1.56,0.78,14.51,8,14.56,189,0.79,2155,-1.00,36.50,93,13,-1.00,0,13.20,28.33,20.39,14.30,0.00,1,38.52,19.43,0.0000
628848,-1.56,0.78,14.51,8,14.56,189,0.79,2161,-1.00,36.50,93,13,-1.00,0,13.20,28.82,20.39,14.40,0.00,1,38.48,19.43,0.0000
628950,-1.56,0.78,14.51,8,14.56,189,0.79,2149,-1.00,36.50,93,13,-1.00,0,13.20,28.21,20.39,14.60,0.00,1,38.61,19.43,0.0000
629051,-1.56,0.78,14.51,8,14.56,189,0.79,2173,-1.00,36.50,93,14,-1.00,0,13.20,28.70,20.39,14.60,0.00,1,38.70,19.43,0.0000
629154,-0.78,0.78,14.51,8,14.56,189,0.79,2177,-1.00,36.50,93,14,-1.00,0,13.20,28.70,20.39,14.30,0.00,1,38.63,19.43,0.0000
629256,-0.78,0.78,14.51,8,14.56,189,0.79,2168,-1.00,37.00,93,15,-1.00,0,13.20,28.46,20.39,14.40,0.00,1,38.78,19.29,0.0000
629358,-0.78,0.78,14.51,8,14.56,189,0.79,2172,-1.00,37.00,93,15,-1.00,0,13.06,28.47,19.61,14.40,0.00,1,38.77,19.00,0.0000
629461,-1.56,0.78,14.51,8,14.56,189,0.79,2190,-1.00,37.00,93,15,-1.00,0,13.06,28.60,20.00,14.50,0.00,1,38.76,18.99,0.0000
629562,-1.56,0.78,14.51,8,14.56,189,0.79,2174,-1.00,37.00,93,16,-1.00,0,13.06,28.36,20.00,14.50,0.00,1,38.84,18.56,0.0000
629665,-2.34,0.78,14.51,8,14.56,189,0.78,2174,-1.00,37.00,93,16,-1.00,0,12.91,28.00,19.22,14.50,0.00,1,39.04,18.56,0.0000
629766,-1.56,0.78,14.51,8,14.56,189,0.77,2192,-1.00,37.00,93,16,-1.00,0,12.91,28.49,19.61,14.40,0.00,1,38.92,18.56,0.0000
629868,-1.56,0.78,14.51,8,14.56,189,0.78,2195,-1.00,37.00,93,17,-1.00,0,12.91,28.13,19.61,14.40,0.00,1,38.94,18.41,0.0000
629971,-2.34,0.78,14.51,8,14.56,189,0.77,2185,0.00,37.00,93,17,0.00,0,12.91,28.13,19.22,14.20,0.00,1,39.10,18.41,0.0000
630072,-2.34,0.78,14.51,8,14.56,189,0.77,2188,0.00,38.00,93,17,0.00,0,12.91,28.38,19.22,14.70,0.00,1,39.08,18.41,0.0000
630175,-2.34,0.78,14.51,8,14.56,189,0.77,2204,0.00,38.00,93,17,0.00,0,12.91,28.50,19.22,14.60,0.00,1,39.01,18.41,0.0000
630277,-2.34,0.78,14.51,8,14.56,189,0.77,2208,0.00,38.00,93,17,0.00,0,12.91,28.26,19.22,14.40,0.00,1,39.07,18.41,0.0000
630379,-2.34,0.78,14.51,8,14.56,189,0.77,2193,0.00,38.00,93,16,0.00,0,12.91,25.70,19.22,14.30,0.00,1,39.17,18.41,0.0000
630480,-2.34,0.78,14.51,8,14.56,187,0.77,2198,0.00,38.00,93,15,0.00,0,12.77,28.26,19.22,14.40,0.00,1,39.23,18.41,0.0000
630582,-1.56,0.78,14.51,8,14.56,187,0.77,2220,0.00,38.50,93,13,0.00,0,12.77,28.50,19.22,14.60,0.00,1,39.18,18.41,0.0000
630685,-1.56,0.78,14.51,8,14.56,187,0.77,2223,0.00,38.50,93,9,0.00,0,12.77,28.50,19.22,15.70,0.00,1,39.16,18.41,0.0000
630786,-1.56,0.78,14.51,8,14.56,187,0.77,2209,0.00,38.50,93,7,0.00,0,12.77,28.62,19.22,14.70,0.00,1,39.23,18.41,0.0000
630889,-2.34,0.78,14.51,8,14.56,187,0.77,2212,0.00,38.50,93,5,0.00,0,12.91,25.70,19.22,14.50,0.00,1,39.32,18.41,0.0000
630990,-2.34,0.78,14.51,8,14.56,187,0.76,2234,0.00,38.50,93,3,0.00,0,12.91,28.26,19.22,14.30,0.00,1,39.27,18.41,0.0000
631093,-2.34,0.78,14.51,8,14.56,187,0.76,2238,0.00,38.50,93,2,0.00,0,12.77,28.50,19.22,14.40,0.00,1,39.33,18.41,0.0000
631194,-2.34,0.78,14.51,8,14.56,187,0.76,2226,0.00,38.50,93,1,0.00,0,12.77,28.50,19.22,14.40,0.00,1,39.36,18.41,0.0000
631297,-2.34,0.78,14.51,8,14.56,187,0.76,2232,0.00,38.50,93,0,0.00,0,12.77,28.38,19.22,14.70,0.00,1,39.46,18.41,0.0000
631400,-2.34,0.78,14.51,8,14.56,187,0.76,2238,0.00,38.50,93,0,0.00,0,12.77,28.63,19.22,14.70,0.00,1,39.48,18.41,0.0000
631502,-2.34,0.78,14.51,8,14.56,187,0.76,2256,0.00,38.50,93,0,0.00,0,12.77,28.38,19.22,14.50,0.00,1,39.51,18.41,0.0000
631603,-2.34,0.78,14.51,8,14.56,187,0.76,2264,0.00,38.50,93,0,0.00,0,12.77,28.76,19.22,14.30,0.00,1,39.48,18.41,0.0000
631705,-2.34,0.78,14.51,8,14.56,187,0.76,2270,0.00,38.50,93,0,0.00,0,12.77,28.51,19.22,14.40,0.00,1,39.52,18.41,0.0000
631807,-2.34,0.78,14.51,8,14.56,187,0.76,2260,0.00,39.00,93,0,0.00,0,12.77,28.50,19.22,14.50,0.00,1,39.56,18.41,0.0000
631910,-1.56,0.78,14.51,8,14.56,187,0.76,2264,0.00,39.00,93,0,0.00,0,12.77,28.40,19.22,14.50,0.00,1,39.68,18.41,0.0000
632011,-1.56,0.78,14.51,8,14.56,187,0.75,2271,0.00,39.00,93,0,0.00,0,12.77,28.76,19.22,14.90,0.00,1,39.73,18.41,0.0000
632114,-1.56,0.78,14.51,8,14.56,187,0.75,2275,0.00,39.00,93,0,0.00,0,12.77,28.52,19.22,15.90,0.00,1,39.73,18.41,0.0000
632216,-0.78,0.78,14.51,8,14.56,187,0.75,2298,0.00,39.00,93,0,0.00,0,12.77,28.52,19.22,15.30,0.00,1,39.76,18.41,0.0000
632318,-0.78,0.78,14.51,8,14.56,187,0.75,2304,0.00,39.00,93,0,0.00,0,12.77,28.76,19.22,15.20,0.00,1,39.71,18.41,0.0000
632420,-0.78,0.78,14.51,8,14.56,187,0.75,2309,0.00,39.00,93,0,0.00,0,12.77,28.89,19.22,14.60,0.00,1,39.74,18.41,0.0000
632522,0.00,0.78,14.51,8,14.56,187,0.75,2314,0.00,39.00,93,0,0.00,0,12.62,29.25,19.22,14.20,0.00,1,39.73,18.41,0.0000
632624,-0.78,0.78,14.51,8,14.56,187,0.75,2316,0.00,39.00,93,0,0.00,0,12.62,29.01,19.22,14.30,0.00,1,39.72,18.41,0.0000
632726,-0.78,0.78,14.51,8,14.56,187,0.75,2297,0.00,39.00,93,0,0.00,0,12.62,29.01,19.22,14.50,0.00,1,39.74,18.56,0.0000
632829,0.00,0.78,14.51,8,14.56,187,0.75,2306,0.00,39.00,93,0,0.00,0,12.62,28.89,19.22,14.50,0.00,1,39.76,18.41,0.0000
632931,0.00,0.78,14.51,8,14.56,187,0.75,2313,0.00,39.00,93,0,0.00,0,12.62,28.89,19.22,14.40,0.00,1,39.88,18.41,0.0000
633033,0.00,0.78,14.51,8,14.56,187,0.75,2315,0.00,39.00,93,0,0.00,0,12.62,29.50,19.61,14.50,0.00,1,39.88,18.56,0.0000
633135,0.00,0.78,14.51,8,14.56,187,0.76,2320,0.00,39.00,93,0,0.00,0,12.62,29.73,19.61,15.00,0.00,1,39.86,18.99,0.0000
633237,0.78,0.78,14.51,8,14.56,187,0.76,2326,0.00,39.00,93,1,0.00,0,12.77,30.45,20.39,14.40,0.00,1,39.88,19.57,0.0000
633339,2.34,0.78,14.51,8,14.56,187,0.77,2340,0.00,39.00,93,1,0.00,0,13.64,34.01,21.96,14.70,0.00,1,39.85,24.07,0.0000
633441,7.03,0.78,14.51,8,14.56,187,0.82,2373,0.00,39.00,93,2,0.00,0,14.51,35.18,27.45,14.90,0.00,1,40.06,26.98,0.0000
633543,7.81,0.78,14.51,8,14.55,187,0.86,2405,-4.00,35.00,93,2,-4.00,2,14.65,35.78,29.41,15.50,0.00,7,39.23,27.71,0.0000
633645,8.59,0.78,14.51,8,14.55,187,0.88,2430,-4.00,34.50,93,3,-4.00,2,14.65,36.38,29.02,15.20,0.00,7,38.86,27.71,0.0000
633747,7.81,0.78,14.51,8,14.54,187,0.89,2473,-4.00,34.00,93,4,-4.00,2,14.80,37.58,29.02,14.40,0.00,7,38.69,28.00,0.0000
633849,7.81,0.78,14.51,8,14.54,187,0.90,2489,-4.00,33.50,93,5,-4.00,2,14.95,36.08,29.80,14.30,0.00,7,38.39,29.31,0.0000
633951,7.81,0.78,14.51,8,14.54,187,0.92,2495,-4.00,33.50,93,6,-4.00,2,15.24,39.80,32.94,14.30,0.00,7,38.06,31.78,0.0000
634053,7.03,0.78,14.51,8,14.52,187,0.94,2518,-4.00,33.00,91,7,-4.00,2,15.53,40.52,35.29,14.40,0.00,7,37.75,33.82,0.0000
634155,6.25,0.78,14.51,8,14.52,187,0.95,2564,-4.00,33.00,91,8,-4.00,2,15.67,41.35,36.08,14.30,0.00,7,37.71,35.41,0.0000
634257,5.47,0.78,14.51,8,14.52,187,0.96,2566,-4.00,33.00,91,8,-4.00,2,15.82,41.71,38.43,14.20,0.00,7,37.68,37.16,0.0000
634359,4.69,0.78,14.51,8,14.51,187,0.97,2585,-6.00,31.00,91,9,-6.00,3,15.96,42.66,40.78,14.10,0.00,7,37.52,39.48,0.0000
634461,4.69,0.78,14.51,8,14.51,187,0.98,2623,-6.00,30.50,91,10,-6.00,3,16.25,43.26,43.53,14.10,0.00,7,37.51,41.96,0.0000
634562,4.69,0.78,14.51,8,14.50,187,0.98,2618,-6.00,30.50,91,10,-6.00,3,16.40,43.62,44.71,14.30,0.00,7,37.19,42.97,0.0000
634665,3.91,0.78,14.51,8,14.50,187,1.00,2653,-6.02,30.50,91,12,-6.00,3,16.54,44.82,45.49,14.40,0.00,7,37.21,43.41,0.0000
634767,3.91,0.78,14.51,8,14.49,187,1.01,2645,-5.92,30.50,91,12,-6.00,4,16.69,44.82,45.49,14.30,0.00,8,36.82,43.26,0.0000
634869,3.91,0.78,14.51,8,14.49,187,1.01,2680,-5.85,30.00,91,13,-6.00,4,16.83,46.02,45.49,14.20,0.00,8,36.72,43.26,0.0000
634972,3.91,0.78,14.51,8,14.48,187,1.02,2674,-5.78,30.00,91,14,-6.00,4,16.83,46.26,45.49,14.30,0.00,8,36.21,43.26,0.0000
635073,3.91,0.78,14.51,8,14.49,187,1.03,2686,-5.70,29.50,91,15,-5.50,4,16.98,46.62,45.49,14.40,0.00,8,35.91,43.26,0.0000
635175,3.12,0.78,14.51,8,14.48,187,1.04,2720,-5.66,29.50,91,15,-5.50,4,17.12,46.98,45.49,14.40,0.00,8,35.81,43.26,0.0000
635277,3.91,0.78,14.51,8,14.48,187,1.04,2714,-5.55,29.50,91,16,-5.50,4,17.27,47.71,45.49,14.20,0.00,8,35.63,43.41,0.0000
635379,3.91,0.78,14.51,8,14.47,187,1.05,2750,-5.48,29.50,91,17,-5.50,4,17.27,48.07,45.49,14.30,0.00,8,35.49,43.26,0.0000
635481,3.91,0.78,14.51,8,14.47,187,1.05,2755,-5.43,29.50,91,17,-5.50,4,17.41,48.43,45.49,14.60,0.00,8,35.12,43.26,0.0000
635583,3.91,0.78,14.51,8,14.47,187,1.06,2746,-5.33,29.00,91,17,-5.50,4,17.56,50.39,45.49,14.30,0.00,8,34.85,43.26,0.0000
635686,3.91,0.78,14.51,8,14.47,187,1.07,2780,-5.26,28.50,91,16,-5.50,4,17.56,50.39,45.49,14.20,0.00,8,34.28,43.26,0.0000
635788,3.12,0.78,14.51,8,14.46,187,1.09,2788,-5.18,28.00,91,13,-5.00,4,17.70,51.03,45.49,14.40,0.00,8,33.07,43.41,0.0000
635889,1.56,0.78,14.51,8,14.46,187,1.10,2783,-5.10,27.50,91,11,-5.00,4,17.85,50.17,45.88,14.10,0.00,8,33.53,43.84,0.0000
635992,1.56,0.78,14.51,8,14.46,187,1.09,2786,-5.06,28.00,91,8,-5.00,4,17.99,51.46,49.02,14.10,0.00,8,33.62,47.75,0.0000
636093,1.56,0.78,14.51,8,14.46,187,1.10,2810,-4.95,28.00,91,6,-5.00,4,18.14,52.11,52.16,14.40,0.00,8,33.48,49.51,0.0000
636195,0.78,0.78,14.51,8,14.46,187,1.11,2818,-4.90,27.50,90,5,-5.00,4,18.14,52.32,52.16,14.40,0.00,8,33.03,49.21,0.0000
636297,0.78,0.78,14.51,8,14.46,187,1.11,2808,-4.80,27.50,90,4,-4.00,4,18.28,51.89,52.16,14.20,0.00,8,32.86,49.51,0.1250
636399,0.78,0.78,14.51,8,14.46,187,1.11,2811,-4.72,28.00,90,3,-4.00,4,18.28,52.54,52.16,14.30,0.00,8,32.71,49.80,0.1250
636502,0.78,0.78,14.51,8,14.46,187,1.12,2825,-4.64,28.00,90,3,-4.00,4,18.43,54.04,51.76,14.30,0.00,8,32.29,49.37,0.1250
636604,0.78,0.78,14.51,8,14.46,187,1.13,2849,-4.57,27.50,90,3,-4.00,4,18.57,55.34,52.16,14.30,0.00,8,32.09,49.51,0.1250
636706,0.00,0.78,14.51,8,14.47,187,1.14,2858,-4.49,27.50,90,3,-4.00,4,18.57,54.26,52.16,14.40,0.00,8,31.34,49.51,0.1250
636808,0.00,0.78,14.51,8,14.47,187,1.15,2874,-4.41,27.00,90,3,-3.50,4,18.57,55.77,52.16,14.20,0.00,9,30.83,49.51,0.1250
636911,0.00,0.78,14.51,8,14.47,187,1.16,2856,-4.33,26.50,90,3,-3.50,4,18.72,56.41,51.76,14.30,0.00,9,30.31,49.51,0.1250
637012,-0.78,0.78,14.51,8,14.47,187,1.18,2859,-4.26,26.50,90,3,-3.50,4,18.86,57.70,52.16,14.30,0.00,9,29.91,49.66,0.1250
637115,-0.78,0.78,14.51,8,14.47,187,1.19,2861,-4.18,25.50,90,3,-3.50,4,18.86,56.63,52.16,14.40,0.00,9,29.12,49.37,0.1250
637217,-1.56,0.78,14.51,8,14.47,187,1.20,2881,-4.10,25.50,90,4,-3.50,4,19.01,58.78,52.16,14.30,0.00,9,29.18,49.51,0.1250
637319,-2.34,0.78,14.51,8,14.47,187,1.21,2880,-4.02,25.00,90,4,-3.50,4,19.01,57.92,51.76,14.40,0.00,9,29.22,48.93,0.1250
637420,-1.56,0.78,14.51,8,14.47,187,1.21,2915,-3.95,25.50,90,5,-3.50,4,19.01,58.81,50.98,14.30,0.00,9,29.48,48.64,0.1250
637522,-0.78,0.78,14.51,8,14.47,187,1.21,2931,-3.87,25.50,90,5,-3.00,4,19.15,59.06,50.59,14.40,0.00,9,29.48,47.78,0.1250
637625,-0.78,0.78,14.51,8,14.47,187,1.21,2932,-3.79,25.50,90,6,-3.00,4,19.15,59.07,49.41,14.40,0.00,9,29.43,46.75,0.1250
637726,0.00,0.78,14.51,8,14.48,187,1.21,2951,-3.71,26.00,90,6,-3.00,4,19.30,59.14,49.02,15.00,0.00,9,29.58,46.75,0.1250
637828,0.78,0.78,14.51,8,14.48,187,1.21,2951,-3.62,26.00,90,7,-3.00,4,19.30,59.16,49.02,14.50,0.00,9,29.67,46.75,0.1250
637931,1.56,0.78,14.51,8,14.48,187,1.21,2958,-3.54,26.00,90,7,-3.00,4,19.44,59.24,49.02,14.50,0.00,9,29.79,46.75,0.1250
638032,2.34,0.78,14.51,8,14.48,187,1.20,2968,-3.46,26.50,90,8,-3.00,4,19.44,59.36,49.02,14.40,0.00,9,30.01,46.75,0.1250
638135,3.91,0.78,14.51,8,14.48,187,1.20,2991,-3.38,27.00,90,8,-3.00,4,19.59,59.27,49.02,14.70,0.00,9,30.45,46.75,0.1250
638237,5.47,0.78,14.51,8,14.48,187,1.19,2984,-3.31,27.50,88,9,-2.50,4,19.59,59.37,49.02,14.40,0.00,9,30.59,46.75,0.1250
638338,6.25,0.78,14.51,8,14.48,187,1.19,2992,-3.23,28.00,88,9,-2.50,4,19.73,59.41,49.02,14.70,0.35,9,30.86,46.75,0.1250
638441,7.81,0.78,14.51,8,14.49,187,1.19,3012,-3.14,28.50,88,10,-2.00,4,19.88,59.45,49.02,14.70,0.35,9,30.99,46.75,0.1250
638542,7.81,0.78,14.51,8,14.49,187,1.18,3032,-3.05,29.00,88,10,-2.00,4,19.88,59.55,49.02,14.70,0.35,9,31.33,46.75,0.1250
638645,9.38,0.78,14.51,8,14.50,187,1.17,3066,-2.98,29.50,88,10,-2.00,5,20.02,59.99,49.02,16.20,0.35,9,31.55,46.75,0.1250
638747,10.94,0.78,14.51,8,14.50,187,1.17,3069,-2.89,28.00,88,11,-3.50,5,20.17,59.99,49.02,16.20,-1.05,9,31.75,46.75,0.1250
638849,10.94,0.78,14.51,8,14.50,187,1.17,3064,-2.80,28.00,88,10,-3.50,5,20.17,60.37,49.41,14.10,-1.05,9,31.95,47.62,0.1250
638951,11.72,0.78,14.51,8,14.50,187,1.17,3073,-2.72,28.50,88,10,-3.00,5,20.31,60.18,50.59,14.10,-1.05,9,31.75,48.21,0.1250
639053,11.72,0.78,14.51,8,14.50,187,1.17,3118,-2.63,28.50,88,9,-3.00,5,20.46,61.51,51.37,14.50,-1.05,9,31.94,49.51,0.1250
639155,11.72,0.78,14.51,8,14.50,187,1.18,3126,-2.55,28.50,88,8,-3.00,5,20.60,62.07,52.16,14.20,-1.05,9,31.83,49.66,0.1250
639257,11.72,0.78,14.51,8,14.50,187,1.18,3115,-2.48,28.50,88,7,-3.00,5,20.60,61.88,52.16,14.30,-1.05,9,31.93,49.66,0.1250
639359,11.72,0.78,14.51,8,14.51,187,1.19,3133,-2.38,29.00,88,7,-3.00,5,20.60,62.45,52.16,14.60,-1.05,9,31.84,49.66,0.1250
639461,10.94,0.78,14.51,8,14.51,187,1.19,3165,-2.29,29.00,88,6,-3.00,5,20.75,63.20,52.16,14.40,-1.05,9,32.12,49.66,0.1250
639563,10.94,0.78,14.51,8,14.51,187,1.19,3148,-2.21,29.00,88,6,-3.00,5,20.75,62.07,52.16,14.40,-1.05,9,31.90,49.66,0.1250
639665,10.16,0.78,14.51,8,14.51,187,1.18,3183,-2.14,29.00,88,6,-2.50,5,20.75,63.01,52.16,14.40,-1.05,9,31.78,49.66,0.1250
639767,10.16,0.78,14.51,8,14.51,187,1.20,3200,-2.03,29.00,88,5,-2.50,5,20.89,62.82,52.16,14.30,-1.05,9,32.03,49.66,0.1250
639869,10.16,0.78,14.51,8,14.52,187,1.20,3192,-1.95,30.50,88,5,-1.50,5,20.89,63.01,52.16,14.50,0.00,14,32.08,49.66,0.1250
639971,9.38,0.78,14.51,8,14.52,187,1.19,3225,-1.86,30.50,88,5,-3.00,6,20.89,63.01,52.16,14.40,0.00,14,32.39,49.66,0.1250
640073,10.16,0.78,14.51,8,14.52,187,1.18,3212,-1.78,29.50,88,5,-2.50,6,20.89,63.57,52.16,14.20,-1.40,14,32.35,49.66,0.1250
640175,10.16,0.78,14.51,8,14.52,187,1.19,3245,-1.69,29.50,88,5,-2.50,6,21.04,64.33,52.16,15.10,-1.40,14,32.43,49.51,0.1250
640277,10.94,0.78,14.51,8,14.52,187,1.19,3234,-1.60,29.50,88,6,-2.50,6,21.04,61.77,52.16,16.10,-1.40,14,32.29,49.37,0.1250
640379,10.16,0.78,14.51,8,14.52,187,1.18,3268,-1.51,30.00,88,6,-2.50,6,20.75,59.26,50.98,14.60,-1.40,14,32.58,43.62,0.1250
640481,6.25,0.78,14.51,8,14.52,187,1.09,3157,-1.42,34.00,88,6,-1.50,6,11.75,31.50,12.55,13.10,0.00,7,36.79,8.11,0.1250
640583,2.34,0.78,14.51,8,14.44,187,0.78,2800,-1.34,35.00,88,7,0.00,6,8.13,19.44,7.45,10.30,0.00,6,35.77,7.22,0.1250
640686,-4.69,0.78,14.51,8,14.59,187,0.52,2760,-1.27,34.00,88,7,0.00,6,6.53,15.97,7.45,11.10,0.00,6,32.15,7.08,0.1250
640788,-11.72,0.78,14.51,8,14.62,187,0.40,2800,-1.19,29.00,86,7,0.00,6,5.80,14.77,7.45,10.70,0.00,6,27.89,6.79,0.1250
640890,0.00,0.78,14.51,10,14.62,187,0.34,2724,-1.12,11.00,86,8,0.00,6,5.37,13.69,7.06,10.30,0.00,6,24.67,6.79,0.1250
640992,0.00,0.78,14.51,10,14.61,187,0.32,2545,-1.05,9.00,86,8,0.00,6,5.08,13.21,7.06,10.60,0.00,6,23.95,6.79,0.1250
641094,0.00,0.78,14.51,10,14.61,187,0.32,2411,-0.98,9.00,86,8,0.00,6,5.08,12.60,7.06,11.80,0.00,6,23.95,6.79,0.1250
641196,0.00,0.78,14.51,10,14.59,187,0.32,2272,-0.92,9.00,86,8,0.00,6,5.22,12.08,7.06,12.60,0.00,1,23.95,6.79,0.1250
641297,0.00,0.78,14.51,10,14.57,187,0.32,2131,-0.86,9.00,86,8,0.00,6,5.51,11.74,7.06,13.20,0.00,1,23.95,6.64,0.1250
641400,0.00,0.78,14.51,10,14.55,187,0.33,1938,-0.81,24.00,86,8,0.00,6,5.51,12.74,6.67,13.70,0.00,1,23.95,6.06,0.1250
641502,0.00,0.78,14.51,10,14.56,187,0.33,1795,-0.76,24.00,86,9,0.00,6,5.51,9.89,6.27,16.30,0.00,1,23.87,5.77,0.1250
641604,0.00,0.00,14.51,10,14.57,187,0.33,1723,-0.71,23.00,86,9,0.00,6,5.51,9.20,5.88,22.70,0.00,1,22.51,5.48,0.1250
641706,0.00,0.00,14.51,10,14.57,187,0.33,1671,-0.67,22.00,86,9,0.00,6,5.51,8.81,5.49,32.30,0.00,1,21.60,5.33,0.1250
641808,0.00,0.00,14.51,10,14.57,187,0.32,1635,-0.62,21.00,86,9,0.00,6,5.51,8.77,5.49,48.50,0.00,1,20.92,5.33,0.1250
641910,0.00,0.00,14.51,10,14.57,187,0.32,1622,-0.58,20.50,86,9,0.00,6,5.66,8.97,5.49,65.60,0.00,1,20.15,5.34,0.1250
642012,0.00,0.00,14.51,10,14.58,187,0.33,1596,-0.54,20.00,86,9,0.00,6,5.66,8.72,5.49,80.00,0.00,1,19.85,5.19,0.1250
642114,0.00,0.00,14.51,10,14.58,187,0.33,1562,-0.50,20.00,86,9,0.00,6,5.66,8.55,5.49,84.20,0.00,1,19.75,5.19,0.1250
642216,0.00,0.00,14.51,10,14.58,187,0.33,1552,-0.45,19.50,86,9,0.00,6,5.66,8.41,5.49,91.90,0.00,1,19.40,5.19,0.1250
642319,0.00,0.00,14.51,10,14.58,187,0.33,1520,-0.41,19.00,86,9,0.00,6,5.80,8.14,5.49,95.20,0.00,1,19.33,5.04,0.1250
642420,0.00,0.00,14.51,10,14.58,187,0.33,1496,-0.37,19.00,86,9,0.00,6,5.80,8.05,5.49,96.00,0.00,1,18.98,5.04,0.1250
642522,0.00,0.00,14.51,10,14.58,187,0.32,1488,-0.33,19.00,86,8,0.00,6,5.80,7.97,5.49,96.00,0.00,1,18.89,5.04,0.1250
642624,0.00,0.00,14.51,10,14.58,187,0.32,1456,-0.29,18.50,86,8,0.00,6,5.80,7.70,5.49,96.00,0.00,1,18.56,5.04,0.1250
642726,0.00,0.00,14.51,10,14.59,187,0.32,1449,-0.25,18.50,88,8,0.00,6,5.95,7.88,5.10,96.00,0.00,1,18.49,4.90,0.1250
642828,0.00,0.00,14.51,10,14.59,187,0.32,1434,-0.21,18.50,88,8,0.00,6,5.95,7.74,5.10,96.00,0.00,1,18.16,4.90,0.1250
642930,0.00,0.00,14.51,10,14.59,187,0.33,1404,-0.18,18.00,88,8,0.00,6,5.95,7.47,5.10,96.00,0.00,1,18.10,4.90,0.1250
643032,0.00,0.00,14.51,10,14.59,187,0.32,1398,-0.14,18.00,88,8,0.00,6,5.95,7.33,5.10,96.00,0.00,1,17.88,4.90,0.1250
643134,0.00,0.00,14.51,10,14.59,187,0.32,1369,-0.10,18.00,88,8,0.00,6,5.95,7.43,5.10,99.90,0.00,1,17.81,4.90,0.1250
643236,0.00,0.00,14.51,10,14.59,187,0.32,1354,-0.06,17.50,88,8,0.00,6,5.95,7.47,5.10,99.90,0.00,1,17.77,4.75,0.1250
643338,0.00,0.00,14.51,10,14.59,187,0.32,1346,-0.02,17.50,88,8,0.00,6,5.95,7.09,5.10,99.90,0.00,1,17.60,4.75,0.1250
643440,0.00,0.00,14.51,10,14.59,187,0.32,1331,0.00,17.50,88,8,0.00,6,5.95,7.09,5.10,99.90,0.00,1,17.52,4.75,0.1250
643542,0.00,0.00,14.51,10,14.60,187,0.32,1299,0.00,17.50,88,7,0.00,6,5.95,6.89,5.10,99.90,0.00,1,17.47,4.76,0.1250
643644,0.00,0.00,14.51,10,14.60,187,0.32,1283,0.00,17.50,88,7,0.00,6,6.09,6.99,5.10,99.90,0.00,1,17.39,4.60,0.1250
643746,0.00,0.00,14.51,10,14.60,187,0.32,1272,0.00,17.50,88,6,0.00,6,6.09,6.70,4.71,99.90,0.00,1,17.29,4.61,0.1250
643848,0.00,0.00,14.51,10,14.60,187,0.32,1255,0.00,17.00,88,1,0.00,6,6.09,6.70,4.71,99.90,0.00,1,17.12,4.61,0.1250
643950,0.00,0.00,14.51,10,14.60,187,0.32,1237,0.00,17.00,88,0,0.00,6,6.24,6.55,4.71,99.90,0.00,1,17.02,4.61,0.1250
644052,0.00,0.00,14.51,10,14.60,187,0.32,1216,0.00,17.00,88,0,0.00,6,6.24,6.40,4.71,99.90,0.00,1,16.92,4.61,0.1250
644154,0.00,0.00,14.51,10,14.61,187,0.32,1195,0.00,17.00,88,0,0.00,6,6.38,6.40,4.71,99.90,0.00,1,16.91,4.46,0.1250
644256,0.00,0.00,14.51,10,14.61,187,0.32,1173,0.00,17.00,88,0,0.00,6,6.38,6.31,4.71,99.90,0.00,1,16.91,4.46,0.1250
644358,0.00,0.00,14.51,10,14.62,187,0.32,1148,0.00,17.00,88,0,0.00,6,6.53,6.06,4.71,99.90,0.00,1,16.91,4.46,0.1250
644460,0.00,0.00,14.51,10,14.62,187,0.32,1122,0.00,17.00,88,0,0.00,6,6.53,5.84,4.71,99.90,0.00,1,16.91,4.46,0.1250
644563,0.00,0.00,14.51,10,14.63,187,0.32,1095,0.00,17.00,88,0,0.00,6,6.67,5.80,4.71,99.90,0.00,1,16.91,4.32,0.1250
644664,0.00,0.00,14.51,10,14.63,187,0.32,1064,0.00,22.00,88,0,0.00,6,6.67,5.77,4.71,99.90,0.00,1,16.91,4.32,0.1250
644766,0.00,0.00,14.51,10,14.64,187,0.32,1036,0.00,22.00,88,0,0.00,6,6.82,5.75,4.71,99.90,0.00,1,16.91,4.45,0.1250
644868,0.00,0.00,14.51,10,14.64,187,0.33,1033,0.00,22.00,88,0,0.00,6,6.82,5.61,4.71,99.90,0.00,1,16.91,4.18,0.1250
644970,0.00,0.00,14.51,10,14.65,187,0.33,1018,0.00,22.00,88,0,0.00,6,6.82,5.51,4.31,99.90,0.00,1,16.91,4.17,0.1250
645072,0.00,0.00,14.51,10,14.65,187,0.33,996,0.00,22.00,88,0,0.00,6,6.96,5.65,4.31,99.90,0.00,1,16.91,4.17,0.1250
645174,0.00,0.00,14.51,10,14.65,187,0.33,979,0.00,22.00,88,0,0.00,6,7.11,5.72,5.10,99.90,0.00,1,16.91,4.75,0.1250
645276,0.00,0.00,14.51,10,14.66,187,0.34,975,0.00,22.00,88,0,0.00,6,7.25,5.72,4.71,99.90,0.00,1,16.91,4.61,0.1250
645379,0.00,0.00,14.51,10,14.66,187,0.34,951,0.00,22.00,88,0,0.00,6,7.40,5.75,4.71,99.90,0.00,1,16.91,4.61,0.1250
645480,0.00,0.00,14.51,10,14.66,187,0.35,946,0.00,22.00,88,0,0.00,6,7.55,5.72,4.71,99.90,0.00,1,16.91,4.46,0.1250
645582,0.00,0.00,14.51,10,14.67,187,0.36,926,0.00,22.00,88,0,0.00,6,7.69,5.70,4.71,99.90,0.00,1,16.91,4.46,0.1250
645684,0.00,0.00,14.51,10,14.67,187,0.36,902,0.00,17.50,88,0,0.00,6,7.84,5.56,4.71,99.90,0.00,1,18.03,4.46,0.1250
645786,0.00,0.00,14.51,10,14.66,187,0.36,998,0.00,19.00,88,0,0.00,6,7.98,6.16,5.49,99.90,0.00,1,19.92,5.77,0.1250
645888,0.00,0.00,14.51,10,14.61,187,0.36,1238,0.00,23.50,88,0,0.00,6,8.13,7.38,6.67,99.90,0.00,1,25.01,6.50,0.1250
645990,0.00,0.00,14.51,10,14.59,187,0.35,1456,0.00,27.00,88,0,0.00,6,7.69,7.28,6.67,96.00,0.00,1,27.36,6.21,0.1250
646092,0.00,0.00,14.51,10,14.58,187,0.32,1534,0.00,28.00,88,0,0.00,6,7.25,7.23,6.67,55.90,0.00,1,28.00,6.21,0.1250
646195,0.00,0.00,14.51,10,14.58,187,0.30,1506,0.00,27.50,88,0,0.00,6,6.96,7.88,6.67,24.20,0.00,1,27.52,6.78,0.1250
646296,0.00,0.00,14.51,10,14.58,187,0.30,1493,0.00,27.50,88,0,0.00,6,7.11,8.32,7.45,20.60,0.00,1,27.66,7.22,0.1250
646398,0.00,0.00,14.51,10,14.58,187,0.32,1474,0.00,28.00,88,0,0.00,6,7.25,8.50,7.45,18.60,0.00,1,27.85,7.22,0.1250
646500,0.00,0.00,14.51,10,14.58,187,0.33,1502,0.00,28.00,88,0,0.00,6,7.25,8.46,7.45,17.10,0.00,1,28.42,7.22,0.1250
646602,0.00,0.00,14.51,10,14.58,187,0.34,1501,0.00,28.50,88,0,0.00,6,7.40,8.83,7.45,16.80,0.00,1,28.60,7.95,0.1250
646705,0.00,0.00,14.51,8,14.58,187,0.35,1512,0.00,29.00,88,0,0.00,6,7.84,9.74,8.63,16.50,0.00,1,29.13,8.39,0.1250
646806,0.00,0.00,14.51,8,14.58,187,0.37,1509,0.00,29.50,88,0,0.00,6,8.13,9.86,9.02,16.00,0.00,1,30.05,8.39,0.1250
646908,0.78,0.00,14.51,8,14.58,187,0.38,1526,0.00,30.00,90,0,0.00,6,7.69,10.17,7.84,15.50,0.00,1,28.64,5.92,0.1250
647011,1.56,0.00,14.51,8,14.58,187,0.34,1515,0.00,26.50,90,0,0.00,6,6.96,6.40,5.49,15.60,0.00,1,25.25,5.04,0.1250
647113,0.00,0.00,14.51,8,14.58,187,0.30,1448,0.00,23.50,90,0,0.00,6,6.38,6.06,5.49,15.60,0.00,1,22.48,5.04,0.1250
647214,-0.78,0.00,14.51,8,14.59,189,0.28,1425,0.00,21.00,90,0,0.00,6,6.09,5.96,5.49,15.40,0.00,1,20.73,4.90,0.1250
647317,0.00,0.00,14.51,10,14.59,189,0.27,1403,0.00,19.00,90,0,0.00,6,5.95,5.75,5.10,14.30,0.00,1,18.79,4.90,0.1250
647419,0.00,0.00,14.51,10,14.59,189,0.26,1322,0.00,20.00,90,0,0.00,6,5.95,5.80,5.10,14.30,0.00,1,21.15,4.90,0.1250
647521,0.00,0.00,14.51,10,14.59,189,0.26,1376,0.00,23.00,90,0,0.00,6,5.95,5.82,5.10,14.20,0.00,1,23.69,4.90,0.1250
647623,0.00,0.00,14.51,10,14.59,189,0.26,1398,0.00,24.50,90,0,0.00,6,5.95,6.35,5.88,14.30,0.00,1,24.65,5.77,0.1250
647725,0.00,0.00,14.51,10,14.59,189,0.27,1396,0.00,25.00,90,0,0.00,6,6.24,7.28,6.67,15.00,0.00,1,25.22,6.35,0.1250
647827,0.00,0.00,14.51,10,14.59,189,0.28,1418,0.00,25.50,90,0,0.00,6,6.53,7.65,7.06,14.90,0.00,1,26.05,6.79,0.1250
647928,0.00,0.00,14.51,10,14.59,189,0.30,1425,0.00,26.50,90,0,0.00,6,6.67,7.92,7.06,15.40,0.00,1,26.75,6.79,0.1250
648031,0.00,0.00,14.51,10,14.59,189,0.32,1439,0.00,27.00,90,0,0.00,6,6.96,7.74,7.06,14.70,0.00,1,27.04,6.79,0.1250
648133,0.00,0.00,14.51,10,14.59,189,0.32,1433,0.00,27.00,90,0,0.00,6,6.96,7.65,7.06,14.60,0.00,1,27.15,6.79,0.1250
648235,0.00,0.00,14.51,10,14.59,189,0.32,1429,0.00,27.00,90,0,0.00,6,7.11,7.79,7.06,14.30,0.00,1,27.17,6.64,0.1250
648337,0.00,0.00,14.51,10,14.59,189,0.32,1446,0.00,27.00,90,0,0.00,6,6.96,7.56,7.06,14.40,0.00,1,27.11,6.64,0.1250
648439,0.00,0.00,14.51,10,14.59,189,0.32,1430,0.00,27.00,90,0,0.00,6,6.96,7.56,7.06,14.40,0.00,1,27.11,6.64,0.1250
648540,-1.56,0.00,14.51,8,14.59,189,0.32,1440,0.00,27.00,90,0,0.00,6,6.96,7.70,6.67,14.20,0.00,1,26.92,6.50,0.1250
648643,-2.34,0.00,14.51,8,14.59,189,0.32,1417,0.00,27.00,90,0,0.00,6,6.96,7.58,6.67,14.10,0.00,1,27.02,6.50,0.1250
648745,-2.34,0.00,14.51,8,14.59,189,0.32,1430,0.00,27.00,90,0,0.00,6,6.96,7.51,6.67,14.10,0.00,1,26.80,6.50,0.1250
648847,-2.34,0.00,14.51,8,14.59,189,0.32,1414,0.00,27.00,90,0,0.00,6,6.96,7.61,6.67,14.10,0.00,1,26.81,6.50,0.1250
648948,-2.34,0.00,14.51,8,14.59,189,0.32,1410,0.00,27.00,90,0,0.00,6,6.96,7.44,6.67,14.20,0.00,1,26.89,6.35,0.1250
649050,-2.34,0.00,14.51,8,14.59,189,0.32,1415,0.00,27.00,90,0,0.00,6,6.96,7.45,6.67,14.30,0.00,1,26.68,6.35,0.1250
649153,-2.34,0.00,14.51,8,14.59,189,0.32,1402,0.00,26.50,90,0,0.00,6,6.82,7.36,6.67,14.30,0.00,1,26.67,6.20,0.1250
649254,-3.12,0.00,14.51,8,14.59,189,0.32,1415,0.00,26.50,90,0,0.00,6,6.82,7.13,6.67,14.40,0.00,1,26.44,6.35,0.1250
649357,-3.12,0.00,14.51,8,14.59,189,0.31,1398,0.00,26.50,90,0,0.00,6,6.82,7.14,6.67,14.40,0.00,1,26.34,6.21,0.1250
649459,-3.12,0.00,14.51,8,14.59,189,0.31,1390,0.00,26.00,90,0,0.00,6,6.82,7.25,6.67,14.40,0.00,1,26.32,6.21,0.1250
649561,-3.12,0.00,14.51,8,14.59,189,0.31,1398,0.00,26.00,90,0,0.00,6,6.82,7.21,6.67,14.30,0.00,1,26.14,6.21,0.1250
649663,-2.34,0.00,14.51,8,14.59,189,0.31,1386,0.00,26.00,90,0,0.00,6,6.82,7.12,6.67,14.40,0.00,1,26.25,6.06,0.1250
649764,-2.34,0.00,14.51,8,14.59,189,0.31,1398,0.00,26.00,90,0,0.00,6,6.82,7.03,6.27,14.60,0.00,1,26.23,6.06,0.1250
649867,-2.34,0.00,14.51,8,14.59,189,0.31,1398,0.00,26.00,90,0,0.00,6,6.67,6.94,6.27,14.60,0.00,1,26.00,6.06,0.1250
649969,-1.56,0.00,14.51,8,14.59,189,0.30,1382,0.00,26.00,90,0,0.00,6,6.67,7.15,6.27,14.70,0.00,1,25.94,6.06,0.1250
650071,-1.56,0.00,14.51,8,14.59,189,0.31,1379,0.00,26.00,90,0,0.00,6,6.67,7.65,6.27,14.70,0.00,1,25.96,6.78,0.1250
650173,-1.56,0.00,14.51,8,14.59,189,0.32,1386,0.00,26.50,90,0,0.00,6,7.11,8.44,7.45,14.90,0.00,1,26.39,7.22,0.1250
650275,-0.78,0.00,14.51,8,14.59,189,0.34,1376,0.00,27.00,90,0,0.00,6,7.55,9.34,8.24,14.60,0.00,1,27.45,8.39,0.1250
650377,2.34,0.00,14.51,8,14.59,189,0.36,1421,0.00,28.00,90,0,0.00,6,8.27,10.43,9.41,14.80,0.00,1,28.94,9.11,0.1250
650479,4.69,0.78,14.51,8,14.59,189,0.40,1457,0.00,30.00,90,1,0.00,6,8.85,10.91,9.41,15.20,0.00,1,30.88,9.11,0.1250
650581,3.91,0.78,14.51,8,14.58,189,0.42,1500,0.00,32.00,90,0,0.00,6,9.29,11.76,10.20,15.40,0.00,1,32.40,10.13,0.1250
650683,4.69,0.78,14.51,8,14.58,189,0.45,1465,0.00,33.00,90,0,0.00,6,9.72,12.59,10.98,15.00,0.00,1,34.05,10.42,0.1250
650785,5.47,0.78,14.51,8,14.58,189,0.48,1500,0.00,35.00,90,1,0.00,6,10.16,13.07,11.37,15.10,0.00,1,35.70,10.86,0.1250
650887,4.69,0.78,14.51,8,14.58,189,0.50,1512,0.00,36.50,90,1,0.00,6,10.30,13.08,11.37,15.10,0.00,1,36.96,10.86,0.1250
650988,3.91,0.78,14.51,8,14.58,189,0.50,1544,0.00,37.00,90,1,0.00,6,10.45,13.16,11.37,14.20,0.00,1,37.57,10.71,0.1250
651091,4.69,0.78,14.51,8,14.58,189,0.51,1544,0.00,37.50,90,1,0.00,6,10.30,12.19,11.37,14.50,0.00,1,38.11,9.84,0.1250
651193,3.91,0.78,14.51,8,14.58,189,0.49,1542,0.00,36.50,90,2,0.00,6,9.58,9.95,8.24,14.50,0.00,1,35.38,7.66,0.1250
651295,2.34,0.00,14.51,8,14.58,189,0.45,1513,0.00,33.00,90,2,0.00,6,8.85,9.13,7.45,14.30,0.00,1,31.86,6.64,0.1250
651397,0.78,0.00,14.51,8,14.58,189,0.41,1447,0.00,29.00,90,2,0.00,6,8.27,7.74,6.27,13.90,0.00,1,27.40,5.77,0.1250
651498,0.78,0.00,14.51,8,14.59,189,0.37,1405,0.00,25.00,90,2,0.00,6,7.55,7.38,5.88,13.70,0.00,1,24.44,5.63,0.1250
651601,0.00,0.00,14.51,8,14.59,189,0.35,1364,0.00,22.00,90,2,0.00,6,7.11,7.28,5.88,13.70,0.00,1,21.64,5.63,0.1250
651703,-1.56,0.00,14.51,8,14.59,189,0.34,1311,0.00,20.50,90,3,0.00,6,6.82,7.09,5.88,13.70,0.00,1,19.12,5.63,0.1250
651804,0.00,0.00,14.51,10,14.60,189,0.33,1263,0.00,18.50,90,1,0.00,6,6.82,6.94,5.88,13.70,0.00,1,17.40,5.48,0.1250
651908,0.00,0.00,14.51,10,14.61,189,0.34,1185,0.00,17.00,90,0,0.00,6,6.82,6.79,5.49,13.70,0.00,1,16.91,5.33,0.1250
652009,0.00,0.00,14.51,10,14.62,189,0.34,1140,0.00,22.00,90,0,0.00,6,6.96,6.70,5.49,13.90,0.00,1,16.91,5.19,0.1250
652111,0.00,0.00,14.51,10,14.62,189,0.35,1108,0.00,22.00,90,0,0.00,6,7.11,6.60,5.49,13.80,0.00,1,16.91,5.19,0.1250
652213,0.00,0.00,14.51,10,14.64,189,0.35,1018,0.00,22.00,90,0,0.00,6,7.25,6.31,5.49,15.80,0.00,1,16.91,5.19,0.1250
652315,0.00,0.00,14.51,10,14.65,189,0.36,1063,0.00,21.50,90,0,0.00,6,7.55,6.31,5.49,16.40,0.00,1,16.91,5.19,0.1250
652417,0.00,0.00,14.51,10,14.62,189,0.35,1183,0.00,13.00,90,0,0.00,6,7.55,6.26,5.49,19.00,0.00,1,16.91,5.33,0.1250
652519,0.00,0.00,14.51,10,14.60,189,0.33,1249,0.00,17.00,90,0,0.00,6,7.25,6.06,5.49,18.60,0.00,1,17.19,5.33,0.1250
652621,0.00,0.00,14.51,10,14.60,189,0.32,1288,0.00,17.50,90,0,0.00,6,6.96,6.21,5.49,13.00,0.00,1,17.33,5.33,0.1250
652723,-3.12,0.00,14.51,8,14.60,189,0.31,1274,0.00,17.50,90,0,0.00,6,6.82,6.01,5.49,12.90,0.00,1,17.30,5.33,0.1250
652825,-4.69,0.00,14.51,8,14.60,189,0.30,1253,0.00,17.50,90,0,0.00,6,6.67,6.40,5.88,12.80,0.00,1,17.21,5.48,0.1250
652927,-3.91,0.00,14.51,8,14.60,189,0.30,1226,0.00,17.00,90,0,0.00,6,6.67,6.31,5.88,13.10,0.00,1,17.07,5.48,0.1250
653029,-2.34,0.00,14.51,8,14.60,189,0.30,1210,0.00,17.00,90,0,0.00,6,6.67,6.26,5.88,13.60,0.00,1,16.98,5.48,0.1250
653131,-2.34,0.00,14.51,8,14.60,189,0.31,1206,0.00,18.50,90,0,0.00,6,6.82,6.31,5.49,13.90,0.00,1,19.16,5.33,0.1250
653233,-2.34,0.00,14.51,8,14.60,189,0.31,1229,0.00,21.00,91,0,0.00,6,6.82,6.16,5.88,14.20,0.00,1,21.86,5.48,0.1250
653336,-2.34,0.00,14.51,8,14.60,189,0.31,1239,0.00,24.00,91,0,0.00,6,6.96,6.99,6.67,14.50,0.00,1,24.04,6.35,0.1250
653437,-2.34,0.00,14.51,8,14.60,189,0.32,1248,0.00,24.50,91,0,0.00,6,7.25,7.38,6.67,14.50,0.00,1,24.72,6.35,0.1250
653540,-1.56,0.00,14.51,8,14.60,189,0.33,1246,0.00,25.00,91,0,0.00,6,7.40,7.44,6.67,14.90,0.00,1,24.98,6.49,0.1250
653641,0.00,0.00,14.51,8,14.60,189,0.34,1251,0.00,25.00,91,0,0.00,6,7.69,7.81,7.45,14.80,0.00,1,25.35,6.93,0.1250
653743,0.78,0.00,14.51,8,14.60,189,0.36,1268,0.00,25.50,91,0,0.00,6,7.84,8.32,7.45,15.00,0.00,1,25.90,7.08,0.1250
653846,2.34,0.00,14.51,8,14.60,189,0.37,1282,0.00,26.50,91,0,0.00,6,8.13,8.42,7.84,15.10,0.00,1,26.54,7.37,0.1250
653947,4.69,0.00,14.51,8,14.60,189,0.38,1313,0.00,27.00,91,0,0.00,6,8.27,8.79,8.24,15.40,0.00,1,26.97,7.66,0.1250
654049,7.03,0.00,14.51,8,14.60,189,0.39,1332,0.00,27.50,91,0,0.00,6,8.56,8.90,8.24,15.60,0.00,1,27.70,7.66,0.1250
654152,7.81,0.00,14.51,8,14.59,189,0.39,1336,0.00,28.00,91,0,0.00,6,8.56,8.91,8.24,15.60,0.00,1,27.95,7.81,0.1250
654253,7.81,0.00,14.51,8,14.59,189,0.40,1343,0.00,28.00,91,0,0.00,6,8.56,8.88,8.24,15.60,0.00,1,28.22,7.66,0.1250
654355,7.03,0.00,14.51,8,14.59,189,0.40,1352,0.00,28.00,91,0,0.00,6,8.56,8.99,8.24,15.30,0.00,1,28.26,7.66,0.1250
654457,6.25,0.00,14.51,8,14.59,189,0.40,1359,0.00,28.50,91,0,0.00,6,8.56,9.29,8.24,14.80,0.00,1,28.30,7.66,0.1250
654559,6.25,0.00,14.51,8,14.59,189,0.40,1352,0.00,28.50,91,0,0.00,6,8.56,8.97,8.24,14.00,0.00,1,28.64,7.66,0.1250
654662,6.25,0.00,14.51,8,14.59,189,0.40,1361,0.00,28.50,91,0,0.00,6,8.71,8.98,8.24,14.50,0.00,1,28.50,7.66,0.1250
654763,5.47,0.00,14.51,8,14.59,189,0.40,1362,0.00,28.50,91,0,0.00,6,8.71,9.33,8.24,14.40,0.00,1,28.35,7.66,0.1250
654866,5.47,0.00,14.51,8,14.59,189,0.41,1351,0.00,29.00,91,0,0.00,6,8.71,9.47,8.24,14.40,0.00,1,29.02,7.95,0.1250
654967,5.47,0.00,14.51,8,14.59,189,0.41,1352,0.00,29.00,91,0,0.00,6,8.71,9.54,8.24,14.40,0.00,1,29.13,7.95,0.1250
655069,5.47,0.00,14.51,8,14.59,189,0.42,1363,0.00,29.00,91,0,0.00,6,8.85,9.49,8.24,14.50,0.00,1,29.14,7.95,0.1250
655172,4.69,0.00,14.51,8,14.59,189,0.42,1353,0.00,29.00,91,0,0.00,6,8.85,9.39,8.24,14.50,0.00,1,29.06,7.81,0.1250
655273,4.69,0.00,14.51,8,14.59,189,0.41,1354,0.00,29.00,91,0,0.00,6,8.85,9.40,8.24,14.40,0.00,1,29.22,7.81,0.1250
655375,3.91,0.00,14.51,8,14.59,189,0.41,1364,0.00,29.00,91,0,0.00,6,8.85,9.14,8.24,14.40,0.00,1,29.06,7.81,0.1250
655478,3.91,0.00,14.51,8,14.59,189,0.41,1366,0.00,29.00,91,0,0.00,6,8.85,9.38,8.24,14.30,0.00,1,28.89,7.81,0.1250
655580,3.91,0.00,14.51,8,14.59,189,0.41,1351,0.00,29.00,91,0,0.00,6,8.71,9.33,8.24,14.40,0.00,1,29.04,7.66,0.1250
655683,3.91,0.00,14.51,8,14.59,189,0.41,1357,0.00,29.00,91,0,0.00,6,8.71,9.47,8.24,14.40,0.00,1,29.08,7.66,0.1250
655785,3.91,0.00,14.51,8,14.59,189,0.42,1356,0.00,29.00,91,0,0.00,6,8.71,9.31,8.24,14.40,0.00,1,29.04,7.66,0.1250
655886,3.12,0.00,14.51,8,14.59,189,0.42,1344,0.00,29.00,91,0,0.00,6,8.71,9.38,8.24,14.40,0.00,1,29.14,7.66,0.1250
655989,3.12,0.00,14.51,8,14.59,189,0.42,1355,0.00,29.00,91,0,0.00,6,8.71,9.63,8.24,14.40,0.00,1,29.29,7.66,0.1250
656091,3.12,0.00,14.51,8,14.59,189,0.42,1358,0.00,29.00,91,0,0.00,6,8.71,9.29,8.24,14.30,0.00,1,29.18,7.66,0.1250
656192,3.12,0.00,14.51,8,14.59,189,0.42,1350,0.00,29.50,91,0,0.00,6,8.71,9.36,8.24,14.40,0.00,1,29.14,7.66,0.1250
656295,3.12,0.00,14.51,8,14.59,189,0.42,1348,0.00,29.00,91,0,0.00,6,8.85,9.22,8.24,14.40,0.00,1,29.20,7.66,0.1250
656397,3.12,0.00,14.51,8,14.59,189,0.41,1352,0.00,29.00,91,0,0.00,6,8.71,9.00,7.45,14.40,0.00,1,28.83,7.22,0.1250
656499,3.12,0.00,14.51,8,14.59,189,0.41,1348,0.00,28.50,91,0,0.00,6,8.56,8.89,7.45,14.50,0.00,1,28.52,7.08,0.1250
656601,3.12,0.00,14.51,8,14.59,189,0.40,1324,0.00,28.00,91,1,0.00,6,8.27,10.08,5.88,14.40,0.00,1,26.99,5.77,0.1250
656703,2.34,0.00,14.51,8,14.60,189,0.38,1306,0.00,25.00,91,1,0.00,6,7.55,7.33,5.88,14.40,0.00,1,24.36,5.63,0.1250
656805,0.78,0.00,14.51,8,14.60,189,0.36,1274,0.00,22.50,91,1,0.00,6,7.25,7.09,5.88,14.30,0.00,1,21.44,5.48,0.1250
656907,0.00,0.00,14.51,8,14.60,189,0.35,1235,0.00,20.50,91,0,0.00,6,7.11,6.70,5.88,14.10,0.00,1,19.45,5.48,0.1250
657009,-0.78,0.00,14.51,8,14.60,189,0.34,1215,0.00,18.50,91,0,0.00,6,7.11,6.65,5.88,13.90,0.00,1,17.87,5.48,0.1250
657111,-1.56,0.00,14.51,8,14.60,189,0.34,1199,0.00,17.00,91,0,0.00,6,7.11,6.40,5.88,13.80,0.00,1,16.91,5.48,0.1250
657213,-2.34,0.00,14.51,8,14.61,189,0.33,1188,0.00,17.00,91,0,0.00,6,7.11,6.40,5.88,13.80,0.00,1,16.91,5.48,0.1250
657315,-2.34,0.00,14.51,8,14.61,189,0.33,1174,0.00,17.00,91,0,0.00,6,7.11,6.60,5.49,13.70,0.00,1,16.91,5.33,0.1250
657417,-3.12,0.00,14.51,8,14.61,189,0.33,1162,0.00,17.00,91,0,0.00,6,7.11,6.40,5.49,13.70,0.00,1,16.91,5.33,0.1250
657519,-3.12,0.00,14.51,8,14.61,189,0.33,1164,0.00,17.00,91,0,0.00,6,7.11,6.45,5.49,13.80,0.00,1,16.91,5.33,0.1250
657621,-3.12,0.00,14.51,8,14.62,189,0.33,1155,0.00,17.50,91,0,0.00,6,7.11,6.31,5.49,13.70,0.00,1,18.61,5.33,0.1250
657723,-3.12,0.00,14.51,8,14.62,189,0.33,1163,0.00,20.00,91,0,0.00,6,7.25,7.29,6.67,13.90,0.00,1,21.62,6.49,0.1250
657825,-3.91,0.00,14.51,8,14.61,189,0.35,1176,0.00,23.50,91,0,0.00,6,7.84,7.76,7.06,14.10,0.00,1,24.61,6.79,0.1250
657927,-3.12,0.00,14.51,8,14.61,189,0.37,1199,0.00,25.00,91,0,0.00,6,8.13,7.82,7.45,14.20,0.00,1,25.21,6.93,0.1250
658029,-2.34,0.00,14.51,8,14.60,189,0.38,1227,0.00,25.50,91,0,0.00,6,8.27,7.79,7.45,14.20,0.00,1,25.78,6.94,0.1250
658131,-1.56,0.00,14.51,8,14.60,189,0.38,1236,0.00,26.00,91,0,0.00,6,8.27,7.97,7.06,14.50,0.00,1,26.02,6.79,0.1250
658233,-0.78,0.00,14.51,8,14.60,189,0.38,1240,0.00,26.00,91,0,0.00,6,8.27,8.08,7.06,15.60,0.00,1,26.12,6.78,0.1250
658335,0.00,0.00,14.51,8,14.60,189,0.39,1230,0.00,26.00,91,0,0.00,6,8.42,8.58,7.45,15.20,0.00,1,26.41,7.66,0.1250
658437,2.34,0.00,14.51,8,14.60,189,0.40,1250,0.00,26.50,91,0,0.00,6,8.85,9.95,9.02,15.30,0.00,1,27.42,9.00,0.1250
658538,2.34,0.00,14.51,8,14.60,189,0.43,1262,0.00,28.00,91,0,0.00,6,9.58,10.55,10.20,15.50,0.00,1,28.90,9.69,0.1250
658641,3.91,0.78,14.51,8,14.60,189,0.46,1316,0.00,30.00,91,0,0.00,6,10.16,10.56,10.20,15.30,0.00,1,30.75,9.69,0.1250
658743,8.59,0.78,14.51,8,14.59,189,0.47,1344,0.00,31.00,91,0,0.00,6,10.30,10.96,10.20,15.50,0.00,1,31.70,9.69,0.1250
658845,10.16,0.78,14.51,8,14.59,189,0.47,1364,0.00,32.00,91,0,0.00,6,10.30,10.92,10.20,15.70,0.00,1,32.18,9.70,0.1250
658947,10.16,0.78,14.51,8,14.59,189,0.47,1390,0.00,32.50,91,0,0.00,6,10.30,11.17,10.59,15.60,0.00,1,33.07,10.57,0.1250
659049,8.59,0.78,14.51,8,14.59,189,0.48,1430,0.00,33.50,91,0,0.00,6,10.74,13.14,11.76,15.60,0.00,1,34.31,11.73,0.1250
659151,9.38,0.78,14.51,8,14.59,189,0.51,1443,0.00,35.50,91,0,0.00,6,11.03,13.61,12.55,15.20,0.00,1,36.94,11.87,0.1250
659253,8.59,0.78,14.51,8,14.58,189,0.53,1492,0.00,37.50,91,0,0.00,6,11.17,13.89,12.55,15.10,0.00,1,38.51,11.87,0.1250
659355,6.25,0.78,14.51,8,14.58,189,0.55,1506,0.00,39.00,91,0,0.00,6,11.17,14.12,12.55,14.30,0.00,1,39.82,12.02,0.1250
659457,5.47,0.78,14.51,8,14.58,189,0.55,1538,0.00,40.00,91,0,0.00,6,11.17,14.15,12.55,14.10,0.00,1,40.05,12.02,0.1250
659559,4.69,0.78,14.51,8,14.58,189,0.55,1546,0.00,39.50,91,0,0.00,6,11.17,14.40,12.94,14.10,0.00,1,40.10,12.16,0.1250
659661,3.91,0.78,14.51,8,14.58,189,0.56,1538,0.00,40.00,91,0,0.00,6,11.32,14.84,12.94,14.20,0.00,1,40.41,12.16,0.1250
659763,3.91,0.78,14.51,8,14.58,189,0.56,1558,0.00,39.50,91,1,0.00,6,11.17,14.98,12.94,14.20,0.00,1,40.03,12.31,0.1250
659865,3.12,0.78,14.51,8,14.58,189,0.57,1563,0.00,39.50,91,1,0.00,6,11.17,15.13,12.94,14.10,0.00,1,40.21,12.31,0.1250
659967,1.56,0.78,14.51,8,14.58,189,0.58,1555,0.00,40.00,91,1,0.00,6,11.46,15.69,13.33,14.10,0.00,1,40.19,13.03,0.1250
660069,2.34,0.78,14.51,8,14.58,189,0.59,1578,0.00,39.00,91,2,0.00,6,11.61,15.97,14.12,14.20,0.00,1,39.66,13.62,0.1250
660171,3.12,0.78,14.51,8,14.58,189,0.60,1594,0.00,39.00,91,1,0.00,6,11.75,16.17,14.12,14.40,0.00,1,39.99,13.62,0.1250
660273,3.12,0.78,14.51,8,14.58,189,0.61,1595,0.00,39.50,91,1,0.00,6,11.75,15.96,14.12,14.50,0.00,1,40.07,13.47,0.1250
660375,1.56,0.78,14.51,8,14.58,189,0.61,1620,0.00,39.50,91,2,0.00,6,11.61,16.76,14.12,14.50,0.00,1,40.09,13.47,0.1250
660477,1.56,0.78,14.51,8,14.58,189,0.61,1623,0.00,39.50,91,2,0.00,6,11.61,16.57,14.12,14.30,0.00,1,39.79,13.47,0.1250
660579,0.78,0.78,14.51,8,14.58,189,0.62,1611,0.00,39.50,91,3,0.00,6,11.61,16.67,14.12,14.40,0.00,1,39.89,13.62,0.1250
660681,0.78,0.78,14.51,8,14.58,189,0.62,1616,0.00,39.50,91,3,0.00,6,11.61,16.67,14.12,14.30,0.00,1,39.88,13.62,0.1250
660783,0.00,0.78,14.51,8,14.58,189,0.62,1632,0.00,39.50,91,3,0.00,6,11.75,16.86,14.12,14.30,0.00,1,39.62,13.62,0.1250
660885,0.00,0.78,14.51,8,14.58,189,0.62,1634,0.00,39.00,91,4,0.00,6,11.75,17.53,14.12,14.40,0.00,1,39.44,13.91,0.1250
660987,0.00,0.78,14.51,8,14.58,189,0.64,1641,0.00,39.00,91,4,0.00,6,11.90,20.37,14.90,14.30,0.00,1,39.23,14.34,0.1250
661089,0.00,0.78,14.51,8,14.58,189,0.65,1634,0.00,38.50,91,4,0.00,6,11.90,18.19,14.90,14.40,0.00,1,38.88,14.34,0.1250
661191,-0.78,0.78,14.51,8,14.58,189,0.65,1645,0.00,38.50,91,5,0.00,6,11.90,18.00,14.90,14.50,0.00,1,38.95,14.34,0.1250
661293,-1.56,0.78,14.51,8,14.58,189,0.65,1665,0.00,38.50,91,5,0.00,6,11.90,18.19,14.90,14.40,0.00,1,38.92,14.34,0.1250
661395,-1.56,0.78,14.51,8,14.58,189,0.65,1671,0.00,38.50,91,5,0.00,6,11.90,18.10,14.90,14.30,0.00,1,38.88,14.34,0.1250
661497,-1.56,0.78,14.51,8,14.58,189,0.66,1670,0.00,38.50,91,5,0.00,6,11.90,18.29,14.90,14.40,0.00,1,38.65,14.34,0.1250
661599,-1.56,0.78,14.51,8,14.58,189,0.66,1658,0.00,38.50,91,6,0.50,6,11.90,18.77,14.90,14.40,0.00,1,38.74,14.34,0.1250
661701,-2.34,0.78,14.51,8,14.58,189,0.67,1658,0.00,38.50,91,6,0.50,6,11.90,18.87,15.29,14.50,0.00,1,38.54,14.92,0.1250
661803,-2.34,0.78,14.51,8,14.58,189,0.67,1665,0.00,38.00,91,6,0.50,6,12.19,19.46,16.08,14.50,0.00,1,38.16,15.50,0.1250
661905,-1.56,0.78,14.51,8,14.58,189,0.69,1689,0.00,37.50,91,7,0.50,6,12.48,19.78,16.47,14.50,0.00,1,37.84,15.80,0.1250
662007,-0.78,0.78,14.51,8,14.58,189,0.69,1705,0.00,37.50,91,7,0.50,6,12.48,19.89,16.47,14.50,0.00,1,37.72,15.80,0.1250
662110,-1.56,0.78,14.51,8,14.58,189,0.70,1717,0.00,37.50,91,8,0.50,6,12.33,19.67,16.47,14.80,0.00,1,37.87,15.65,0.1250
662211,-2.34,0.78,14.51,8,14.58,189,0.70,1724,0.00,37.50,91,8,0.50,6,12.48,21.12,16.86,14.40,0.00,1,37.70,16.74,0.1250
662313,-0.78,0.78,14.51,8,14.58,189,0.72,1734,0.00,37.00,91,8,0.50,6,13.06,22.86,19.22,14.60,0.00,1,37.07,18.99,0.1250
662415,0.78,0.78,14.51,8,14.58,189,0.76,1766,0.00,36.50,91,8,0.50,6,13.49,23.18,20.78,15.40,0.00,1,36.89,20.01,0.1250
662517,0.78,0.78,14.51,8,14.58,189,0.77,1803,0.00,36.50,91,9,0.50,6,13.64,23.65,21.18,14.70,0.00,1,36.76,20.59,0.1250
662619,0.00,0.78,14.51,8,14.58,189,0.78,1826,0.00,36.50,91,9,0.50,6,13.78,24.46,22.35,15.20,0.00,1,36.65,21.47,0.1250
662721,1.56,0.78,14.51,8,14.58,189,0.79,1846,0.00,36.50,91,10,0.50,6,13.93,25.16,23.14,14.40,0.00,1,36.30,22.19,0.1250
662824,1.56,0.78,14.51,8,14.58,189,0.81,1862,0.00,36.00,91,10,0.50,6,14.07,25.98,23.92,14.90,0.00,1,36.14,23.21,0.1250
662925,0.78,0.78,14.51,8,14.57,189,0.82,1867,0.00,36.00,91,10,0.50,6,14.07,26.56,24.31,15.10,0.00,1,36.17,23.63,0.1250
663028,1.56,0.78,14.51,8,14.57,189,0.83,1882,0.00,36.00,91,10,0.50,6,14.51,26.86,27.45,14.40,0.00,1,35.76,26.41,0.1250
663129,1.56,0.78,14.51,8,14.57,189,0.84,1899,0.00,35.50,91,10,0.50,6,14.51,27.35,27.84,15.70,0.00,1,35.54,26.70,0.1250
663231,1.56,0.78,14.51,8,14.57,189,0.85,1930,0.00,35.50,91,11,0.50,6,14.65,27.71,27.84,14.30,0.00,2,35.48,26.55,0.1250
663333,0.78,0.78,14.51,8,14.57,189,0.86,1925,0.00,35.50,91,11,0.50,6,14.65,27.59,27.84,14.50,0.00,2,35.52,26.55,0.1250
663436,0.78,0.78,14.51,8,14.57,189,0.86,1931,0.00,35.50,91,12,0.50,6,14.65,25.64,27.84,14.60,0.00,2,35.45,26.55,0.1250
663537,0.78,0.78,14.51,8,14.57,189,0.86,1952,0.00,35.00,91,12,0.50,6,14.65,28.20,27.84,14.30,0.00,2,35.26,26.55,0.1250
663640,0.00,0.78,14.51,8,14.57,189,0.87,1956,0.00,35.00,91,12,0.50,6,14.80,28.20,27.84,14.40,0.00,2,35.24,26.55,0.1250
663741,-0.78,0.78,14.51,8,14.56,189,0.87,1946,0.00,35.00,91,13,0.50,6,14.80,28.45,27.84,14.40,0.00,2,35.21,26.55,0.1250
663843,0.00,0.78,14.51,8,14.57,189,0.88,1966,0.00,35.00,91,13,0.50,7,14.80,28.69,27.84,14.30,0.00,2,35.06,26.55,0.1250
663946,-0.78,0.78,14.51,8,14.57,189,0.88,1966,0.00,33.50,91,13,-1.00,7,14.80,29.06,27.84,14.50,-1.40,2,34.96,26.55,0.1250
664048,-1.56,0.78,14.51,8,14.56,189,0.89,1954,0.00,33.50,91,14,-1.00,7,14.95,29.18,27.84,14.30,-1.40,2,34.95,26.55,0.1250
664150,-0.78,0.78,14.51,8,14.56,189,0.89,1976,0.00,33.50,91,14,-1.00,7,14.95,29.54,27.84,14.50,-1.40,2,34.85,26.55,0.1250
664252,-1.56,0.78,14.51,8,14.56,189,0.89,1978,0.00,33.50,91,14,-1.00,7,14.95,29.42,27.84,14.50,-1.40,2,34.76,26.55,0.1250
664354,-2.34,0.78,14.51,8,14.56,189,0.90,1966,0.00,33.50,91,15,-1.00,7,14.95,29.67,27.84,14.30,-1.40,2,34.80,26.55,0.1250
664456,-1.56,0.78,14.51,8,14.56,189,0.90,1988,0.00,33.50,91,15,-1.00,7,14.95,29.79,27.84,14.50,-1.40,2,34.77,26.55,0.1250
664557,-2.34,0.78,14.51,8,14.56,189,0.90,1975,0.00,33.50,91,15,-1.00,7,14.95,29.67,27.84,14.30,-1.40,2,34.91,26.55,0.1250
664660,-1.56,0.78,14.51,8,14.56,189,0.90,1976,0.00,33.50,91,16,-1.00,7,14.95,30.03,27.84,14.40,-1.40,2,34.81,26.69,0.1250
664762,-1.56,0.78,14.51,8,14.56,189,0.90,1993,0.00,33.50,91,16,-1.00,7,15.09,30.03,28.24,14.50,-1.40,2,34.71,26.84,0.1250
664864,-1.56,0.78,14.51,8,14.56,189,0.90,1983,0.00,33.50,91,16,-1.00,7,15.09,30.28,28.24,14.40,-1.40,2,34.81,27.13,0.1250
664966,-1.56,0.78,14.51,8,14.56,189,0.91,1998,0.00,33.50,91,16,-1.00,7,15.09,30.53,28.63,14.60,-1.40,2,34.68,27.57,0.1250
665067,-1.56,0.78,14.51,8,14.56,189,0.91,2006,0.00,33.00,91,17,-1.00,7,15.24,30.53,29.02,14.40,-1.40,2,34.67,28.00,0.1250
665170,-0.78,0.78,14.51,8,14.56,189,0.92,1999,0.00,33.50,91,17,-1.00,7,15.24,30.65,29.41,14.40,-1.40,2,34.81,28.29,0.1250
665272,-1.56,0.78,14.51,8,14.56,189,0.92,2018,0.00,33.00,91,17,-1.00,7,15.24,28.22,29.80,14.70,-1.40,2,34.77,28.44,0.1250
665373,-0.78,0.78,14.51,8,14.56,189,0.92,2005,0.00,33.50,91,18,-1.00,7,15.24,31.03,30.20,14.20,-1.40,2,34.85,28.59,0.1250
665475,-0.78,0.78,14.51,8,14.56,189,0.92,2028,0.00,33.50,93,18,-0.50,7,15.24,31.28,30.20,14.40,-1.05,2,34.77,28.59,0.1250
665578,-0.78,0.78,14.51,8,14.56,189,0.92,2016,0.00,33.50,93,18,-0.50,7,15.24,31.03,30.20,14.50,-1.05,2,34.93,28.59,0.1250
665680,-0.78,0.78,14.51,8,14.56,189,0.92,2018,0.00,33.50,93,18,-0.50,7,15.24,31.28,30.20,14.20,-1.05,2,34.90,28.44,0.1250
665781,-0.78,0.78,14.51,8,14.56,189,0.93,2037,0.00,33.50,93,18,-0.50,7,15.38,31.53,29.80,14.30,-1.05,2,34.80,28.44,0.1250
665884,-0.78,0.78,14.51,8,14.56,189,0.93,2023,0.00,33.50,93,19,-0.50,7,15.38,31.65,29.80,14.30,-1.05,2,34.94,28.44,0.1250
665986,-0.78,0.78,14.51,8,14.56,189,0.93,2042,0.00,33.50,93,19,-0.50,7,15.38,31.66,29.80,14.70,-1.05,2,34.80,28.44,0.1250
666087,-1.56,0.78,14.51,8,14.56,189,0.93,2027,0.00,33.50,93,19,-0.50,7,15.38,31.78,29.80,14.30,-1.05,2,34.91,28.44,0.1250
666190,-0.78,0.78,14.51,8,14.56,189,0.93,2049,0.00,33.50,93,19,-0.50,7,15.38,32.03,29.80,14.30,-1.05,2,34.83,28.44,0.1250
666292,-0.78,0.78,14.51,8,14.56,189,0.93,2034,0.00,33.50,93,19,-0.50,7,15.38,32.03,29.80,14.50,-1.05,2,34.91,28.44,0.1250
666394,-0.78,0.78,14.51,8,14.56,189,0.94,2050,0.00,33.50,93,20,-0.50,7,15.38,31.66,29.80,14.40,-1.05,2,34.85,28.44,0.1250
666496,-0.78,0.78,14.51,8,14.56,189,0.93,2036,0.00,33.50,93,20,-0.50,7,15.38,31.91,29.80,14.30,-1.05,2,34.94,28.44,0.1250
666598,-0.78,0.78,14.51,8,14.56,189,0.94,2058,0.00,33.50,93,20,-0.50,7,15.38,32.16,29.80,15.30,-1.05,2,34.87,28.44,0.1250
666700,-0.78,0.78,14.51,8,14.56,189,0.94,2042,0.00,33.50,93,20,-0.50,7,15.38,31.78,30.20,14.40,-1.05,2,34.97,28.44,0.1250
666802,-0.78,0.78,14.51,8,14.56,189,0.94,2058,0.00,33.50,93,20,-0.50,7,15.38,31.66,29.80,14.10,-1.05,2,34.89,28.44,0.1250
666904,-1.56,0.78,14.51,8,14.56,189,0.94,2048,0.00,33.50,93,21,0.00,7,15.38,32.03,29.80,14.40,-1.05,2,35.01,28.44,0.1250
667006,0.00,0.78,14.51,8,14.56,189,0.94,2066,0.00,34.00,93,20,0.00,7,15.38,32.16,29.80,15.60,-0.70,2,34.91,28.59,0.1250
667108,0.00,0.78,14.51,8,14.56,189,0.94,2054,0.00,34.00,93,20,0.00,7,15.38,32.16,29.80,14.10,-0.70,2,35.07,28.44,0.1250
667210,-0.78,0.78,14.51,8,14.56,189,0.94,2070,0.00,34.00,93,20,0.00,7,15.38,32.16,29.80,14.40,-0.70,2,34.97,28.44,0.1250
667311,0.00,0.78,14.51,8,14.56,189,0.94,2057,0.00,34.00,93,19,0.00,7,15.38,32.54,29.80,14.60,-0.70,2,35.08,28.44,0.1250
667414,-0.78,0.78,14.51,8,14.56,189,0.94,2102,0.00,34.00,95,17,0.00,7,15.38,32.04,29.80,14.60,-0.70,2,35.23,27.13,0.1250
667516,0.00,0.78,14.51,8,14.56,189,0.92,2109,0.00,34.50,95,15,0.00,7,15.38,32.54,28.63,14.30,-0.70,2,35.61,27.42,0.1250
667618,0.00,0.78,14.51,8,14.56,189,0.92,2136,0.00,34.50,95,12,0.00,7,15.38,32.54,28.63,14.20,-0.70,2,35.58,27.42,0.1250
667720,0.00,0.78,14.51,8,14.56,189,0.92,2128,0.00,34.50,95,8,0.00,7,15.38,32.41,28.63,15.70,-0.70,2,35.65,27.42,0.1250
667822,0.00,0.78,14.51,8,14.56,189,0.92,2128,0.00,33.00,95,6,-1.50,8,15.24,32.54,28.63,14.70,-2.10,2,35.81,27.57,0.1250
667924,0.78,0.78,14.51,8,14.56,189,0.91,2147,0.00,33.00,95,3,-1.50,8,15.38,32.54,29.02,14.40,-2.10,2,35.69,27.42,0.1250
668025,0.00,0.78,14.51,8,14.56,189,0.91,2131,0.00,33.50,95,2,-1.50,8,15.38,32.42,28.63,14.40,-2.10,2,35.87,27.42,0.1250
668128,0.00,0.78,14.51,8,14.56,189,0.91,2129,0.00,33.00,95,1,-1.50,8,15.38,32.54,28.63,14.40,-2.10,2,35.88,27.42,0.1250
668229,0.00,0.78,14.51,8,14.56,189,0.91,2146,0.00,33.00,95,0,-1.50,8,15.38,32.17,28.63,14.60,-2.10,2,35.74,27.42,0.1250
668332,0.00,0.00,14.51,8,14.56,189,0.91,2131,0.00,33.50,95,0,-1.50,8,15.38,32.54,28.63,14.60,-2.10,2,35.93,27.42,0.1250
668435,0.00,0.00,14.51,8,14.56,189,0.91,2149,0.00,33.00,95,0,-1.50,8,15.38,32.42,28.63,14.50,-2.10,2,35.92,27.42,0.1250
668537,0.00,0.00,14.51,8,14.56,189,0.91,2152,0.00,33.50,95,0,-1.50,8,15.38,32.42,28.63,14.40,-2.10,2,35.84,27.42,0.1250
668639,0.00,0.00,14.51,8,14.56,189,0.91,2138,0.00,33.50,95,0,-1.50,8,15.38,32.92,28.63,14.50,-2.10,2,35.98,27.42,0.1250
668741,0.00,0.00,14.51,8,14.56,189,0.91,2158,0.00,33.00,95,0,-1.50,8,15.38,32.80,28.63,14.50,-2.10,2,35.87,27.42,0.1250
668843,0.00,0.00,14.51,8,14.56,189,0.91,2161,0.00,33.50,95,0,-1.50,8,15.38,32.42,28.63,14.40,-2.10,2,35.84,27.42,0.1250
668945,0.00,0.00,14.51,8,14.56,189,0.91,2148,0.00,33.50,95,0,-1.50,8,15.38,32.67,28.63,14.40,-2.10,2,36.03,27.42,0.1250
669047,0.00,0.00,14.51,8,14.56,189,0.91,2164,0.00,33.00,95,0,-1.50,8,15.24,32.42,28.63,14.50,-2.10,2,35.96,27.42,0.1250
669149,0.00,0.00,14.51,8,14.56,189,0.91,2165,0.00,33.50,95,0,-1.50,8,15.38,32.67,28.63,14.40,-2.10,2,35.94,27.42,0.1250
669251,0.00,0.00,14.51,8,14.56,189,0.91,2153,0.00,33.50,97,0,-1.50,8,15.38,32.67,28.63,14.50,-2.10,2,36.10,27.42,0.1250
669353,0.00,0.00,14.51,8,14.56,189,0.91,2174,0.00,33.50,97,0,-1.50,8,15.38,33.05,28.63,14.30,-1.75,2,36.01,27.42,0.1250
669455,0.00,0.00,14.51,8,14.56,189,0.91,2178,0.00,33.50,97,0,-1.50,8,15.38,32.80,28.63,14.30,-1.75,2,36.03,27.42,0.1250
669557,0.78,0.00,14.51,8,14.56,189,0.91,2161,0.00,33.50,97,0,-1.50,8,15.38,32.93,28.63,14.60,-1.75,2,36.13,27.42,0.1250
669659,0.78,0.00,14.51,8,14.56,187,0.91,2179,0.00,33.50,97,0,-1.50,8,15.24,32.93,28.63,14.60,-1.75,2,36.11,27.42,0.1250
669761,0.78,0.00,14.51,8,14.56,187,0.91,2187,0.00,33.50,97,0,-1.50,9,15.38,33.05,29.41,14.40,-1.75,2,36.10,27.71,0.1250
669863,0.78,0.00,14.51,8,14.56,187,0.91,2175,0.00,32.50,97,0,-2.50,9,15.38,32.93,29.02,14.50,-3.15,2,36.28,28.15,0.1250
669965,1.56,0.00,14.51,8,14.56,187,0.90,2179,0.00,32.50,97,0,-2.50,9,15.53,30.74,29.80,14.70,-3.15,2,36.33,28.44,0.1250
670067,1.56,0.00,14.51,8,14.56,187,0.91,2198,0.00,32.00,97,0,-2.50,9,15.38,33.43,29.80,14.80,-3.15,2,36.17,28.15,0.1250
670169,1.56,0.00,14.51,8,14.56,187,0.91,2206,0.00,32.50,97,0,-2.50,9,15.38,33.18,29.41,15.20,-3.15,2,36.22,28.15,0.1250
670271,2.34,0.00,14.51,8,14.56,187,0.91,2192,0.00,32.50,97,1,-2.50,9,15.38,33.55,29.41,15.10,-3.15,2,36.35,28.15,0.1250
670373,2.34,0.00,14.51,8,14.56,187,0.91,2197,0.00,32.00,97,2,-2.50,9,15.38,30.99,29.41,14.10,-3.15,2,36.35,28.15,0.1250
670475,2.34,0.00,14.51,8,14.56,187,0.91,2214,0.00,32.50,97,2,-2.50,9,15.38,33.55,29.41,14.40,-3.15,2,36.28,28.15,0.1250
670577,2.34,0.00,14.51,8,14.56,187,0.91,2224,0.00,32.50,97,3,-2.50,9,15.38,33.68,29.41,14.50,-3.15,2,36.33,28.15,0.1250
670679,3.12,0.00,14.51,8,14.56,187,0.91,2210,0.00,32.50,97,3,-2.50,9,15.38,34.18,29.41,14.40,-3.15,2,36.49,28.15,0.1250
670781,3.12,0.00,14.51,8,14.56,187,0.91,2220,0.00,32.50,97,3,-2.50,9,15.38,34.45,29.41,14.90,-3.15,2,36.44,28.15,0.1250
670883,3.12,0.00,14.51,8,14.56,187,0.92,2240,0.00,32.50,97,4,-2.50,9,15.38,34.05,29.41,14.60,-3.15,2,36.37,28.15,0.1250
670985,2.34,0.00,14.51,8,14.56,187,0.92,2246,0.00,32.50,97,5,-2.50,9,15.38,34.18,29.41,14.40,-3.15,2,36.41,28.15,0.1250
671087,2.34,0.00,14.51,8,14.56,187,0.92,2234,0.00,32.50,97,5,-2.50,9,15.24,30.93,29.02,14.40,-3.15,2,36.60,24.69,0.1250
671189,-0.78,0.00,14.51,8,14.56,187,0.87,2206,0.00,34.00,97,6,0.00,9,12.33,25.34,17.65,14.20,-3.15,1,38.53,13.20,0.1250
671292,-6.25,0.00,14.51,8,14.56,187,0.73,2089,0.00,38.50,97,7,0.00,9,9.58,15.90,9.02,13.30,0.00,1,41.27,7.48,0.1250
671394,-9.38,0.00,14.51,8,14.58,187,0.59,1873,0.00,40.50,97,7,0.00,9,8.42,14.06,6.67,12.20,0.00,1,40.18,6.50,0.1250
671495,-14.84,0.00,14.51,8,14.58,187,0.51,1707,0.00,34.50,97,8,0.00,9,7.25,11.48,5.88,11.50,0.00,1,32.39,5.63,0.1250
671597,-19.53,0.00,14.51,8,14.57,187,0.46,1628,0.00,28.00,97,8,0.00,9,6.67,10.18,5.88,10.90,0.00,1,27.22,5.48,0.1250
671700,-22.66,0.00,14.51,8,14.58,187,0.42,1605,0.00,24.00,97,9,0.00,9,6.38,9.43,5.49,10.50,0.00,1,22.77,5.33,0.1250
671801,0.00,0.00,14.51,10,14.58,187,0.39,1558,0.00,21.00,97,9,0.00,9,6.09,9.09,5.49,10.40,0.00,1,20.07,5.19,0.1250
671903,0.00,0.00,14.51,10,14.58,187,0.37,1502,0.00,19.00,97,10,0.00,9,6.09,8.72,5.49,10.70,0.00,1,18.83,5.19,0.1250
672005,0.00,0.00,14.51,10,14.59,187,0.36,1450,0.00,18.50,97,10,0.00,9,6.09,8.59,5.49,11.00,0.00,1,18.59,5.04,0.1250
672107,0.00,0.00,14.51,10,14.59,187,0.36,1444,0.00,18.50,97,11,0.00,9,6.09,8.14,5.49,11.80,0.00,1,18.12,4.90,0.1250
672210,0.00,0.00,14.51,10,14.59,187,0.35,1348,0.00,18.00,97,11,0.00,9,6.09,8.19,5.10,12.50,0.00,1,17.68,4.90,0.1250
672311,0.00,0.00,14.51,10,14.60,187,0.36,1296,0.00,17.50,97,11,0.00,9,6.09,7.74,5.10,12.90,0.00,1,17.42,4.76,0.1250
672413,0.00,0.00,14.51,10,14.60,187,0.36,1262,0.00,17.00,97,10,0.00,9,6.24,7.61,5.10,13.60,0.00,1,17.24,4.76,0.1250
672516,0.00,0.00,14.51,10,14.60,187,0.36,1239,0.00,17.00,97,3,0.00,9,6.24,7.38,4.71,16.70,0.00,1,17.03,4.61,0.1250
672617,0.00,0.00,14.51,10,14.60,187,0.36,1219,0.00,17.00,97,0,0.00,9,6.24,7.38,4.71,20.40,0.00,1,16.93,4.61,0.1250
672720,0.00,0.00,14.51,10,14.60,187,0.36,1204,0.00,17.00,97,0,0.00,9,6.38,7.18,4.71,26.00,0.00,1,16.91,4.46,0.1250
672822,0.00,0.00,14.51,10,14.61,187,0.36,1190,0.00,17.00,97,0,0.00,9,6.38,6.99,4.71,33.50,0.00,1,16.91,4.46,0.1250
672923,0.00,0.00,14.51,10,14.61,187,0.36,1177,0.00,17.00,97,0,0.00,9,6.38,6.69,4.71,47.60,0.00,1,16.91,4.46,0.1250
673026,0.00,0.00,14.51,10,14.61,187,0.35,1166,0.00,17.00,97,0,0.00,9,6.53,6.50,4.71,62.70,0.00,1,16.91,4.46,0.1250
673127,0.00,0.00,14.51,10,14.61,187,0.35,1156,0.00,17.00,97,0,0.00,9,6.53,6.55,4.71,75.40,0.00,1,16.91,4.46,0.1250
673230,0.00,0.00,14.51,10,14.62,187,0.34,1146,0.00,17.00,97,0,0.00,9,6.53,6.60,4.71,82.10,0.00,1,16.91,4.46,0.1250
673332,0.00,0.00,14.51,10,14.62,187,0.34,1137,0.00,17.00,97,0,0.00,9,6.53,6.50,4.71,89.30,0.00,1,16.91,4.46,0.1250
673433,0.00,0.00,14.51,10,14.62,187,0.34,1129,0.00,17.00,97,0,0.00,9,6.53,6.30,4.71,95.80,0.00,1,16.91,4.46,0.1250
673536,0.00,0.00,14.51,10,14.62,187,0.34,1121,0.00,17.00,97,0,0.00,9,6.67,6.21,4.71,96.00,0.00,1,16.91,4.32,0.1250
673638,0.00,0.00,14.51,10,14.63,187,0.34,1104,0.00,17.00,97,0,0.00,9,6.67,6.35,4.71,96.00,0.00,1,16.91,4.32,0.1250
673740,0.00,0.00,14.51,10,14.62,187,0.34,1097,0.00,17.00,97,0,0.00,9,6.67,5.94,4.71,96.00,0.00,1,16.91,4.45,0.1250
673842,0.00,0.00,14.51,10,14.63,187,0.33,1090,0.00,17.00,97,0,0.00,9,6.67,5.91,4.71,96.00,0.00,1,16.91,4.32,0.1250
673944,0.00,0.00,14.51,10,14.63,187,0.33,1094,0.00,17.00,97,0,0.00,9,6.67,5.96,4.71,96.00,0.00,1,16.91,4.32,0.1250
674045,0.00,0.00,14.51,10,14.63,187,0.33,1087,0.00,17.00,97,0,0.00,9,6.67,6.01,4.71,96.00,0.00,1,16.91,4.32,0.1250
674148,0.00,0.00,14.51,10,14.63,187,0.33,1081,0.00,22.00,97,0,0.00,9,6.67,5.84,4.71,99.90,0.00,1,16.91,4.32,0.1250
674249,0.00,0.00,14.51,10,14.63,187,0.33,1067,0.00,22.00,97,0,0.00,9,6.67,5.74,4.71,99.90,0.00,1,16.91,4.32,0.1250
674352,0.00,0.00,14.51,10,14.63,187,0.33,1062,0.00,21.00,97,0,0.00,9,6.67,5.74,4.71,99.90,0.00,1,16.91,4.32,0.1250
674454,0.00,0.00,14.51,10,14.63,187,0.32,1059,0.00,20.50,97,0,0.00,9,6.67,5.60,4.71,99.90,0.00,1,16.91,4.32,0.1250
674555,0.00,0.00,14.51,10,14.63,187,0.32,1066,0.00,20.50,97,0,0.00,9,6.67,5.51,4.71,99.90,0.00,1,16.91,4.32,0.1250
674658,0.00,0.00,14.51,10,14.64,187,0.32,1062,0.00,21.00,97,0,0.00,9,6.67,5.55,4.71,99.90,0.00,1,16.91,4.32,0.1250
674760,0.00,0.00,14.51,10,14.64,187,0.32,1059,0.00,20.50,97,0,0.00,9,6.67,5.55,4.71,99.90,0.00,1,16.91,4.32,0.1250
674862,0.00,0.00,14.51,10,14.64,187,0.31,1048,0.00,19.50,97,0,0.00,9,6.67,5.46,4.71,99.90,0.00,1,16.91,4.32,0.1250
674964,0.00,2.34,14.51,10,14.64,187,0.31,1046,0.00,19.00,97,0,0.00,9,6.82,5.46,4.71,99.90,0.00,1,16.91,4.17,0.1250
675066,0.00,2.34,14.51,10,14.64,187,0.31,1054,0.00,18.50,97,0,0.00,9,6.82,5.44,4.71,99.90,0.00,1,16.91,4.32,0.1250
675168,0.00,2.34,14.51,10,14.64,187,0.31,1053,0.00,19.50,97,0,0.00,9,6.82,5.44,4.71,99.90,0.00,1,16.91,4.17,0.1250
675270,0.00,2.34,14.51,10,14.64,187,0.31,1042,0.00,19.00,97,0,0.00,9,6.82,5.32,4.71,99.90,0.00,1,16.91,4.32,0.1250
675371,0.00,2.34,14.51,10,14.64,187,0.31,1042,0.00,17.50,97,0,0.00,9,6.82,5.34,4.71,99.90,0.00,1,16.91,4.32,0.1250
675474,0.00,2.34,14.51,10,14.64,187,0.31,1049,0.00,17.50,97,0,0.00,9,6.82,5.48,4.71,99.90,0.00,1,16.91,4.32,0.1250
675576,0.00,2.34,14.51,10,14.64,187,0.31,1048,0.00,18.50,97,0,0.00,9,6.82,5.32,4.31,99.90,0.00,1,16.91,4.32,0.1250
675678,0.00,2.34,14.51,10,14.64,187,0.31,1047,0.00,18.00,97,0,0.00,9,6.82,5.27,4.71,99.90,0.00,1,16.91,4.32,0.1250
675780,0.00,2.34,14.51,10,14.64,187,0.30,1038,0.00,18.00,97,0,0.00,9,6.82,5.25,4.31,99.90,0.00,1,16.91,4.32,0.1250
675882,0.00,2.34,14.51,10,14.64,187,0.30,1038,0.00,17.00,97,0,0.00,9,6.82,5.32,4.31,99.90,0.00,1,16.91,4.17,0.1250
675984,0.00,2.34,14.51,10,14.64,187,0.30,1047,0.00,17.00,97,0,0.00,9,6.82,5.17,4.31,99.90,0.00,1,16.91,4.17,0.1250
676086,0.00,2.34,14.51,10,14.64,187,0.30,1047,0.00,17.50,97,0,0.00,9,6.82,5.20,4.31,99.90,0.00,1,16.91,4.17,0.1250
676188,0.00,2.34,14.51,10,14.64,187,0.30,1038,0.00,17.00,97,0,0.00,9,6.67,5.32,4.31,99.90,0.00,1,16.91,4.17,0.1250
676290,0.00,2.34,14.51,10,14.64,187,0.30,1039,0.00,17.00,97,0,0.00,9,6.67,5.34,4.31,99.90,0.00,1,16.91,4.17,0.1250
676392,0.00,2.34,14.51,10,14.64,187,0.30,1051,0.00,17.00,97,0,0.00,9,6.67,5.32,4.31,99.90,0.00,1,16.91,4.32,0.1250
676495,0.00,2.34,14.51,10,14.64,187,0.30,1053,0.00,17.00,97,0,0.00,9,6.67,5.25,4.31,99.90,0.00,1,16.91,4.17,0.1250
676596,0.00,2.34,14.51,10,14.64,187,0.30,1054,0.00,17.00,97,0,0.00,9,6.67,5.32,4.31,99.90,0.00,1,16.91,4.17,0.1250
676698,0.00,2.34,14.51,10,14.64,187,0.30,1046,0.00,17.00,97,0,0.00,9,6.67,5.20,4.71,99.90,0.00,1,16.91,4.32,0.1250
676800,0.00,2.34,14.51,10,14.64,187,0.30,1048,0.00,17.00,97,0,0.00,9,6.67,5.32,4.71,99.90,0.00,1,16.91,4.32,0.1250
676902,0.00,2.34,14.51,10,14.64,187,0.30,1058,0.00,17.00,97,0,0.00,9,6.67,5.20,4.71,99.90,0.00,1,17.49,4.32,0.1250
677004,0.00,2.34,14.51,10,14.64,187,0.30,1093,0.00,18.50,97,0,0.00,9,6.82,6.21,5.88,99.90,0.00,1,19.74,6.21,0.1250
677106,0.00,2.34,14.51,10,14.61,187,0.31,1238,0.00,21.50,97,0,0.00,9,7.25,6.99,6.67,99.90,0.00,1,23.87,6.35,0.1250
677208,0.00,2.34,14.51,10,14.59,187,0.31,1466,0.00,26.00,97,0,0.00,9,7.11,7.08,6.67,99.90,0.00,1,26.34,6.50,0.1250
677310,0.00,2.34,14.51,10,14.58,187,0.30,1592,0.00,28.00,97,0,0.00,9,6.82,7.18,6.67,92.90,0.00,1,28.11,6.35,0.1250
677412,0.00,2.34,14.51,10,14.57,187,0.28,1626,0.00,28.50,97,0,0.00,9,6.38,6.84,6.67,29.30,0.00,1,28.33,6.06,0.1250
677514,0.00,0.00,14.51,10,14.57,187,0.27,1608,0.00,28.00,97,0,0.00,9,6.09,6.94,6.27,22.30,0.00,1,27.79,6.06,0.1250
677616,0.00,0.00,14.51,10,14.57,187,0.26,1602,0.00,27.50,97,0,0.00,9,5.95,6.69,6.27,19.30,0.00,1,27.55,5.63,0.1250
677718,0.00,0.00,14.51,10,14.58,187,0.26,1602,0.00,27.50,97,0,0.00,9,5.66,6.21,5.49,17.90,0.00,1,27.18,5.19,0.1250
677820,0.00,0.00,14.51,8,14.58,187,0.24,1585,0.00,27.00,97,0,0.00,9,5.51,5.82,5.49,17.20,0.00,1,26.94,5.34,0.1250
677922,-0.78,0.00,14.51,8,14.58,187,0.23,1571,0.00,27.00,97,0,0.00,9,5.51,5.79,5.49,16.50,0.00,1,26.92,5.19,0.1250
678024,-1.56,0.00,14.51,8,14.58,187,0.23,1586,0.00,26.50,97,0,0.00,9,5.37,5.96,5.49,15.40,0.00,1,26.69,5.19,0.1250
678126,-0.78,0.00,14.51,8,14.58,187,0.23,1553,0.00,26.50,97,0,0.00,9,5.37,5.91,5.49,16.60,0.00,1,26.60,5.34,0.1250
678228,0.00,0.00,14.51,8,14.58,187,0.23,1542,0.00,26.50,97,0,0.00,9,5.37,5.74,5.49,14.90,0.00,1,26.35,5.19,0.1250
678330,0.78,0.00,14.51,8,14.58,187,0.23,1566,0.00,26.50,97,1,0.00,9,5.37,5.82,5.49,14.20,0.00,1,26.53,5.19,0.1250
678433,0.78,0.00,14.51,8,14.58,187,0.22,1554,0.00,26.50,97,1,0.00,9,5.37,5.84,5.49,15.10,0.00,1,26.63,5.19,0.1250
678535,0.78,0.00,14.51,8,14.58,187,0.22,1552,0.00,26.50,97,1,0.00,9,5.37,5.74,5.49,15.20,0.00,1,26.47,5.19,0.1250
678636,0.78,0.00,14.51,8,14.58,187,0.22,1577,0.00,26.50,97,1,0.00,9,5.22,5.82,5.49,15.10,0.00,1,26.68,5.19,0.1250
678739,0.78,0.00,14.51,8,14.58,187,0.22,1564,0.00,27.00,97,1,0.00,9,5.22,6.01,5.49,14.90,0.00,1,26.72,5.33,0.1250
678840,0.78,0.00,14.51,8,14.58,187,0.23,1569,0.00,26.50,97,1,0.00,9,5.22,5.91,5.49,15.00,0.00,1,26.51,5.34,0.1250
678942,0.78,0.00,14.51,8,14.58,187,0.23,1581,0.00,26.50,97,2,0.00,9,5.22,6.01,5.49,15.10,0.00,1,26.64,5.19,0.1250
679044,0.00,0.00,14.51,8,14.58,187,0.23,1568,0.00,27.00,97,2,0.00,9,5.22,5.82,5.49,14.50,0.00,1,26.85,5.19,0.1250
679146,-0.78,0.00,14.51,8,14.58,187,0.23,1570,0.00,27.00,97,2,0.00,9,5.22,5.72,5.49,14.50,0.00,1,26.72,5.19,0.1250
679248,-0.78,0.00,14.51,8,14.58,187,0.22,1587,0.00,26.50,97,3,0.00,9,5.22,5.89,5.49,14.30,0.00,1,26.78,5.19,0.1250
679350,-0.78,0.00,14.51,8,14.58,187,0.22,1580,0.00,27.00,97,3,0.00,9,5.22,5.79,5.49,14.30,0.00,1,26.96,5.33,0.1250
679453,-1.56,0.00,14.51,8,14.58,187,0.22,1578,0.00,27.00,97,3,0.00,9,5.22,5.84,5.49,14.30,0.00,1,27.01,5.33,0.1250
679555,-1.56,0.00,14.51,8,14.58,187,0.22,1592,0.00,27.00,97,4,0.00,9,5.22,5.84,5.49,14.30,0.00,1,26.78,5.33,0.1250
679656,-1.56,0.00,14.51,8,14.58,187,0.22,1569,0.00,26.50,97,4,0.00,9,5.22,6.01,5.49,14.40,0.00,1,26.82,5.33,0.1250
679758,-0.78,0.00,14.51,8,14.58,187,0.23,1562,0.00,27.00,97,4,0.00,9,5.22,6.01,5.49,14.50,0.00,1,26.86,5.33,0.1250
679860,-0.78,0.00,14.51,8,14.58,187,0.23,1584,0.00,26.50,97,4,0.00,9,5.22,5.89,5.49,14.40,0.00,1,26.73,5.33,0.1250
679962,-1.56,0.00,14.51,8,14.58,187,0.22,1570,0.00,26.50,97,4,0.00,9,5.22,6.01,5.49,14.60,0.00,1,26.84,5.33,0.1250
680064,-1.56,0.00,14.51,8,14.58,187,0.23,1571,0.00,27.00,97,5,0.00,9,5.22,5.91,5.49,14.50,0.00,1,26.98,5.33,0.1250
680166,-2.34,0.00,14.51,8,14.58,187,0.22,1591,0.00,27.00,97,5,0.00,9,5.22,5.96,5.49,14.40,0.00,1,26.81,5.33,0.1250
680268,-2.34,0.00,14.51,8,14.58,187,0.23,1588,0.00,27.00,97,5,0.00,9,5.22,6.11,5.49,14.40,0.00,1,26.94,5.33,0.1250
680371,-2.34,0.00,14.51,8,14.58,187,0.23,1572,0.00,27.00,97,6,0.00,9,5.22,6.25,5.49,14.40,0.00,1,26.96,5.33,0.1250
680472,-2.34,0.00,14.51,8,14.58,189,0.23,1596,0.00,27.00,97,6,0.00,9,5.22,5.91,5.49,14.50,0.00,1,26.88,5.33,0.1250
680575,-2.34,0.00,14.51,8,14.58,189,0.23,1602,0.00,27.00,97,6,0.00,9,5.22,6.06,5.49,14.50,0.00,1,26.90,5.33,0.1250
680677,-3.12,0.00,14.51,8,14.58,189,0.23,1578,0.00,27.00,97,7,0.00,9,5.22,6.06,5.49,14.30,0.00,1,26.99,5.33,0.1250
680779,-3.12,0.00,14.51,8,14.58,189,0.23,1581,0.00,27.00,97,7,0.00,9,5.22,5.96,5.88,14.40,0.00,1,26.86,5.48,0.1250
680881,-3.12,0.00,14.51,8,14.58,189,0.23,1599,0.00,27.00,97,7,0.00,9,5.22,6.11,5.88,14.30,0.00,1,26.97,5.48,0.1250
680982,-3.91,0.00,14.51,8,14.58,189,0.23,1584,0.00,27.00,97,8,0.00,9,5.37,6.21,5.88,14.20,0.00,1,27.15,5.48,0.1250
681084,-3.91,0.00,14.51,8,14.58,189,0.23,1582,0.00,27.00,97,8,0.00,9,5.37,6.16,5.88,14.30,0.00,1,27.00,5.48,0.1250
681187,-3.91,0.00,14.51,8,14.58,189,0.23,1595,0.00,27.00,97,8,0.00,9,5.37,6.30,5.88,14.30,0.00,1,26.86,5.77,0.1250
681289,-3.91,0.00,14.51,8,14.58,189,0.24,1602,0.00,27.00,97,9,0.00,9,5.51,6.66,6.27,14.30,0.00,1,27.14,6.20,0.1250
681391,-3.12,0.00,14.51,8,14.57,189,0.24,1596,0.00,27.00,97,9,0.00,9,5.80,7.36,7.06,14.40,0.00,1,27.10,6.79,0.1250
681493,-2.34,0.00,14.51,8,14.57,189,0.26,1606,0.00,27.50,97,9,0.00,9,6.09,8.00,7.45,14.50,0.00,1,27.88,6.93,0.1250
681594,0.00,0.00,14.51,8,14.57,189,0.28,1653,0.00,28.50,97,10,0.00,9,6.24,8.15,7.45,14.00,0.00,1,28.95,7.22,0.1250
681697,2.34,0.00,14.51,8,14.57,189,0.29,1678,0.00,29.50,97,10,0.00,9,6.38,8.52,7.84,15.00,0.00,1,29.58,7.37,0.1250
681799,3.91,0.00,14.51,8,14.57,189,0.30,1682,0.00,30.00,97,11,0.00,9,6.53,8.81,7.84,15.20,0.00,1,29.94,7.66,0.1250
681901,4.69,0.00,14.51,8,14.57,189,0.30,1693,0.00,30.00,97,11,0.00,9,6.67,9.25,8.24,15.30,0.00,1,30.36,7.66,0.1250
682003,5.47,0.00,14.51,8,14.57,189,0.31,1691,0.00,30.50,97,11,0.00,9,6.82,8.99,8.24,15.10,0.00,1,30.74,7.66,0.1250
682104,6.25,0.00,14.51,8,14.57,189,0.32,1704,0.00,31.00,97,12,0.00,9,6.82,8.91,8.24,15.10,0.00,1,30.92,7.66,0.1250
682206,5.47,0.00,14.51,8,14.57,189,0.31,1705,0.00,31.00,97,12,0.00,9,6.82,9.05,8.24,15.10,0.00,1,31.02,7.66,0.1250
682309,6.25,0.00,14.51,8,14.57,189,0.31,1724,0.00,31.00,97,12,0.00,9,6.82,9.07,8.24,14.80,0.00,1,30.87,7.66,0.1250
682411,6.25,0.00,14.51,8,14.57,189,0.32,1718,0.00,31.00,97,12,0.00,9,6.82,9.15,8.24,14.80,0.00,1,30.81,7.66,0.1250
682513,7.03,0.00,14.51,8,14.57,189,0.32,1720,0.00,31.00,97,13,0.00,9,6.82,9.00,8.24,14.70,0.00,1,30.92,7.81,0.1250
682615,7.03,0.00,14.51,8,14.57,189,0.32,1722,0.00,31.00,97,13,0.00,9,6.96,9.35,8.24,14.80,0.00,1,31.09,7.66,0.1250
682717,7.03,0.00,14.51,8,14.57,189,0.32,1726,0.00,31.00,97,14,0.00,9,6.96,9.77,8.24,15.00,0.00,1,31.37,7.81,0.1250
682819,6.25,0.00,14.51,8,14.57,189,0.33,1729,0.00,31.50,97,14,0.00,9,7.11,9.80,8.24,14.60,0.00,1,31.73,7.95,0.1250
682921,6.25,0.00,14.51,8,14.57,189,0.34,1738,0.00,32.00,97,15,0.00,9,7.11,10.52,8.63,14.40,0.00,1,32.16,8.38,0.1250
683023,6.25,0.00,14.51,8,14.57,189,0.35,1728,0.00,32.50,97,15,0.00,9,7.55,11.36,9.41,14.40,0.00,1,32.70,8.97,0.1250
683125,7.03,0.00,14.51,8,14.57,189,0.37,1733,0.00,33.00,97,15,0.00,9,7.84,11.74,9.80,14.40,0.00,1,33.52,9.26,0.1250
683227,7.81,0.00,14.51,8,14.57,189,0.39,1754,0.00,34.00,97,15,0.00,9,8.27,12.73,10.59,14.50,0.00,1,34.37,9.98,0.1250
683329,8.59,0.00,14.51,8,14.57,189,0.41,1770,0.00,35.50,97,16,0.00,9,8.56,13.57,10.98,14.90,0.00,1,35.97,10.42,0.1250
683431,9.38,0.00,14.51,8,14.57,189,0.43,1792,0.00,36.50,97,16,0.00,9,8.85,13.87,10.98,14.80,0.00,1,37.28,10.64,0.1250
683533,9.38,0.00,14.51,8,14.57,189,0.45,1818,0.00,37.50,97,16,0.00,9,9.00,13.89,11.37,14.80,0.00,1,38.03,10.71,0.1250
683635,7.81,0.00,14.51,8,14.57,189,0.46,1779,0.00,37.50,97,17,0.00,9,9.14,13.92,11.37,15.70,0.00,1,38.05,10.71,0.1250
683736,7.03,0.00,14.51,8,14.57,189,0.47,1728,0.00,38.00,97,18,0.00,9,9.29,14.07,11.37,14.40,0.00,1,38.37,10.57,0.1250
683839,6.25,0.00,14.51,8,14.57,189,0.48,1678,0.00,38.00,97,18,0.00,9,9.43,13.65,10.98,14.20,0.00,1,38.53,10.57,0.1250
683941,5.47,0.00,14.51,8,14.57,189,0.49,1640,0.00,38.00,97,18,0.00,9,9.58,14.06,10.98,14.10,0.00,1,38.90,10.57,0.1250
684043,3.91,0.00,14.51,8,14.58,189,0.50,1639,0.00,38.50,97,18,0.00,9,9.87,14.05,10.98,14.20,0.00,1,39.22,10.71,0.1250
684145,3.12,0.00,14.51,8,14.58,189,0.51,1646,0.00,39.00,97,19,0.00,9,9.87,14.19,11.37,14.00,0.00,1,39.59,10.71,0.1250
684247,1.56,0.00,14.51,8,14.58,189,0.51,1648,0.00,39.00,97,19,0.00,9,9.87,14.05,11.37,14.00,0.00,1,39.66,10.71,0.1250
684349,0.78,0.00,14.51,8,14.58,189,0.51,1640,0.00,39.00,97,19,0.00,9,10.01,14.12,11.37,14.00,0.00,1,39.80,10.71,0.1250
684451,0.78,0.00,14.51,8,14.58,189,0.51,1639,0.00,39.00,97,19,0.00,9,10.01,14.04,11.37,14.10,0.00,1,39.89,10.71,0.1250
684553,0.00,0.00,14.51,8,14.58,189,0.51,1643,0.00,39.50,97,20,0.00,9,10.01,14.18,11.37,14.10,0.00,1,39.97,10.71,0.1250
684655,0.00,0.00,14.51,8,14.58,189,0.52,1658,0.00,39.50,95,20,0.00,9,10.01,14.26,11.37,14.20,0.00,1,40.04,10.71,0.1250
684757,-0.78,0.00,14.51,8,14.58,189,0.52,1662,0.00,39.50,95,21,0.00,9,10.01,14.19,10.98,14.20,0.00,1,40.27,10.71,0.1250
684859,-0.78,0.00,14.51,8,14.58,189,0.52,1651,0.00,39.50,95,20,0.00,9,10.01,14.19,11.37,14.20,0.00,1,40.39,10.64,0.1250
684962,-1.56,0.00,14.51,8,14.58,189,0.52,1646,0.00,39.50,95,21,0.00,9,9.87,14.33,10.98,14.20,0.00,1,40.43,10.71,0.1250
685063,-1.56,0.00,14.51,8,14.58,189,0.52,1650,0.00,39.50,95,21,0.00,9,10.01,14.26,11.37,14.40,0.00,1,40.39,10.64,0.1250
685165,-1.56,0.00,14.51,8,14.58,189,0.52,1665,0.00,39.50,95,21,0.00,9,10.01,14.33,11.37,14.30,0.00,1,40.29,10.71,0.1250
685267,-2.34,0.00,14.51,8,14.58,189,0.52,1665,0.00,39.50,95,22,0.00,9,10.01,14.26,11.37,14.40,0.00,1,40.34,10.64,0.1250
685370,-1.56,0.00,14.51,8,14.58,189,0.52,1663,0.00,39.50,95,22,0.00,9,10.01,14.26,11.37,14.30,0.00,1,40.37,10.64,0.1250
685471,-1.56,0.00,14.51,8,14.58,189,0.52,1654,0.00,39.50,95,22,0.00,9,10.01,14.41,11.37,14.40,0.00,1,40.33,10.71,0.1250
685573,-2.34,0.00,14.51,8,14.58,187,0.52,1660,0.00,40.00,95,22,0.00,9,10.01,14.62,10.98,14.40,0.00,1,40.64,10.71,0.1250
685675,-2.34,0.00,14.51,8,14.58,187,0.52,1667,0.00,40.00,95,22,0.00,9,10.01,14.48,11.37,14.40,0.00,1,40.61,10.71,0.1250
685777,-1.56,0.00,14.51,8,14.58,187,0.52,1674,0.00,40.00,95,20,0.00,9,10.01,14.48,11.37,14.50,0.00,1,40.70,10.71,0.1250
685879,-1.56,0.00,14.51,8,14.58,187,0.52,1678,0.00,40.00,95,17,0.00,9,9.87,14.48,11.37,14.30,0.00,1,40.75,10.71,0.1250
685981,-1.56,0.00,14.51,8,14.58,187,0.52,1682,0.00,40.00,95,12,0.00,9,9.87,13.36,10.98,14.40,0.00,1,40.84,9.84,0.1250
686083,-1.56,0.00,14.51,8,14.58,187,0.51,1655,0.00,38.50,95,8,0.00,9,8.71,10.40,7.84,14.60,0.00,1,37.42,6.79,0.1250
686185,-4.69,0.00,14.51,8,14.57,187,0.43,1658,0.00,34.50,95,5,0.00,9,7.84,8.64,6.67,14.30,0.00,1,33.18,6.06,0.1250
686287,-5.47,0.00,14.51,8,14.57,187,0.37,1674,0.00,32.00,95,4,0.00,9,6.82,8.19,6.27,14.00,0.00,1,31.44,5.92,0.1250
686389,-5.47,0.00,14.51,8,14.57,187,0.33,1673,0.00,30.50,95,2,0.00,9,6.24,8.01,6.27,13.90,0.00,1,30.29,5.77,0.1250
686491,-6.25,0.00,14.51,8,14.57,187,0.31,1670,0.00,29.50,95,1,0.00,9,5.95,7.83,5.88,14.00,0.00,1,29.63,5.63,0.1250
686593,-7.03,0.00,14.51,8,14.57,187,0.29,1653,0.00,29.50,95,0,0.00,9,5.51,7.42,5.88,14.00,0.00,1,29.37,5.48,0.1250
686695,-8.59,0.00,14.51,8,14.57,187,0.28,1652,0.00,29.00,95,0,0.00,9,5.51,7.38,5.49,14.00,0.00,1,29.02,5.48,0.1250
686797,-9.38,0.00,14.51,8,14.57,187,0.28,1648,0.00,27.50,95,0,0.00,9,5.37,7.23,5.49,13.80,0.00,1,26.85,5.33,0.1250
686899,0.00,0.00,14.51,10,14.57,187,0.27,1671,0.00,26.00,95,0,0.00,9,5.37,7.09,5.49,13.80,0.00,1,25.16,5.33,0.1250
687001,0.00,0.00,14.51,10,14.57,187,0.26,1664,0.00,24.00,95,0,0.00,9,5.37,7.13,5.49,14.10,0.00,1,23.88,5.33,0.1250
687103,0.00,0.00,14.51,10,14.57,187,0.26,1634,0.00,22.00,95,0,0.00,9,5.22,6.89,5.49,16.70,0.00,1,22.08,5.33,0.1250
687205,0.00,0.00,14.51,10,14.57,187,0.26,1645,0.00,21.50,95,0,0.00,9,5.22,6.50,5.49,16.40,0.00,1,21.00,5.19,0.1250
687307,0.00,0.00,14.51,10,14.57,187,0.25,1624,0.00,20.50,95,0,0.00,9,5.22,6.99,5.49,17.50,0.00,1,20.84,5.34,0.1250
687409,0.00,0.00,14.51,10,14.58,187,0.25,1608,0.00,20.00,95,0,0.00,9,5.22,6.79,5.49,21.10,0.00,1,20.06,5.33,0.1250
687511,0.00,0.00,14.51,10,14.58,187,0.25,1597,0.00,20.00,95,0,0.00,9,5.37,6.94,5.49,26.80,0.00,1,20.05,5.33,0.1250
687613,0.00,0.00,14.51,10,14.58,187,0.26,1577,0.00,20.00,95,0,0.00,9,5.37,6.84,5.49,33.00,0.00,1,19.90,5.19,0.1250
687715,0.00,0.00,14.51,10,14.58,187,0.26,1579,0.00,20.00,95,0,0.00,9,5.37,6.60,5.49,51.70,0.00,1,19.65,5.19,0.1250
687817,0.00,0.00,14.51,10,14.58,187,0.26,1564,0.00,19.50,95,0,0.00,9,5.37,6.50,5.49,69.00,0.00,1,19.69,5.19,0.1250
687919,0.00,0.00,14.51,10,14.58,187,0.25,1542,0.00,19.50,95,0,0.00,9,5.37,6.40,5.49,80.70,0.00,1,19.55,5.19,0.1250
688021,0.00,0.00,14.51,10,14.58,187,0.25,1542,0.00,19.50,95,0,0.00,9,5.37,6.69,5.49,90.80,0.00,1,19.32,5.04,0.1250
688123,0.00,0.00,14.51,10,14.58,187,0.26,1511,0.00,19.50,95,0,0.00,9,5.37,6.69,5.49,96.00,0.00,1,19.28,5.04,0.1250
688225,0.00,0.00,14.51,10,14.58,187,0.26,1506,0.00,19.00,95,0,0.00,9,5.37,6.55,5.49,96.00,0.00,1,18.93,5.04,0.1250
688327,0.00,0.00,14.51,10,14.58,187,0.26,1486,0.00,19.00,95,0,0.00,9,5.51,6.40,5.49,96.00,0.00,1,18.90,5.04,0.1250
688429,0.00,0.00,14.51,10,14.58,187,0.26,1470,0.00,19.00,95,0,0.00,9,5.51,6.60,5.49,96.00,0.00,1,18.71,5.05,0.1250
688531,0.00,0.00,14.51,10,14.59,187,0.26,1476,0.00,18.50,95,0,0.00,9,5.51,6.16,5.10,96.00,0.00,1,18.77,4.90,0.1250
688633,0.00,0.00,14.51,10,14.59,187,0.26,1455,0.00,18.50,95,0,0.00,9,5.51,6.35,5.10,99.90,0.00,1,18.46,4.90,0.1250
688735,0.00,0.00,14.51,10,14.59,187,0.26,1422,0.00,18.00,95,0,0.00,9,5.51,6.40,5.10,99.90,0.00,1,18.33,5.05,0.1250
688837,0.00,0.00,14.51,10,14.59,187,0.26,1422,0.00,18.00,95,0,0.00,9,5.66,6.40,5.10,99.90,0.00,1,17.99,4.90,0.1250
688939,0.00,0.00,14.51,10,14.59,187,0.27,1402,0.00,18.00,95,0,0.00,9,5.66,6.45,5.10,99.90,0.00,1,18.01,4.90,0.1250
689041,0.00,0.00,14.51,10,14.59,187,0.27,1407,0.00,18.00,95,0,0.00,9,5.66,6.16,5.10,99.90,0.00,1,18.04,4.90,0.1250
689143,0.00,0.00,14.51,10,14.59,187,0.27,1392,0.00,18.00,95,0,0.00,9,5.66,6.11,5.10,99.90,0.00,1,17.89,4.90,0.1250
689245,0.00,0.00,14.51,10,14.59,187,0.27,1370,0.00,18.00,95,0,0.00,9,5.66,6.26,5.10,99.90,0.00,1,17.89,4.75,0.1250
689347,0.00,0.00,14.51,10,14.59,187,0.27,1377,0.00,18.00,95,0,0.00,9,5.66,6.30,5.10,99.90,0.00,1,17.77,4.76,0.1250
689449,0.00,0.00,14.51,10,14.59,187,0.27,1366,0.00,18.00,95,0,0.00,9,5.66,6.26,5.10,99.90,0.00,1,17.79,4.75,0.1250
689551,0.00,0.00,14.51,10,14.59,187,0.27,1364,0.00,18.00,95,0,0.00,9,5.66,6.21,5.10,99.90,0.00,1,17.85,4.75,0.1250
689653,0.00,0.00,14.51,10,14.59,187,0.27,1363,0.00,17.50,95,0,0.00,9,5.66,6.16,5.10,99.90,0.00,1,17.75,4.75,0.1250
689755,0.00,0.00,14.51,10,14.59,187,0.27,1359,0.00,18.00,95,0,0.00,9,5.66,6.21,5.10,99.90,0.00,1,17.66,4.75,0.1250
689857,0.00,0.00,14.51,10,14.59,187,0.27,1348,0.00,18.00,95,0,0.00,9,5.66,6.21,5.10,99.90,0.00,1,17.71,4.89,0.1250
689959,0.00,0.00,14.51,10,14.59,187,0.27,1358,0.00,17.50,95,0,0.00,9,5.66,6.11,5.10,99.90,0.00,1,17.75,4.75,0.1250
690061,0.00,0.00,14.51,10,14.60,187,0.27,1340,0.00,17.50,95,0,0.00,9,5.66,6.11,5.10,99.90,0.00,1,17.62,4.75,0.1250
690164,0.00,0.00,14.51,10,14.59,187,0.27,1320,0.00,17.50,95,0,0.00,9,5.66,6.06,5.10,99.90,0.00,1,17.55,4.75,0.1250
690265,0.00,0.00,14.51,10,14.59,187,0.27,1326,0.00,17.50,95,0,0.00,9,5.66,6.01,5.10,99.90,0.00,1,17.61,4.75,0.1250
690367,0.00,0.00,14.51,10,14.60,187,0.27,1333,0.00,17.50,95,0,0.00,9,5.66,6.11,5.10,99.90,0.00,1,17.61,4.75,0.1250
690469,0.00,0.00,14.51,10,14.60,187,0.27,1315,0.00,17.50,95,0,0.00,9,5.80,5.91,5.10,99.90,0.00,1,17.48,4.75,0.1250
690572,0.00,0.00,14.51,10,14.60,187,0.27,1298,0.00,17.50,95,0,0.00,9,5.80,5.91,5.10,99.90,0.00,1,17.43,4.75,0.1250
690673,0.00,0.00,14.51,10,14.60,187,0.27,1294,0.00,17.50,95,0,0.00,9,5.80,6.01,5.10,99.90,0.00,1,17.45,4.75,0.1250
690776,0.00,0.00,14.51,10,14.60,187,0.27,1275,0.00,17.50,95,0,0.00,9,5.80,5.91,4.71,99.90,0.00,1,17.38,4.60,0.1250
690877,0.00,0.00,14.51,10,14.60,187,0.27,1270,0.00,17.50,95,0,0.00,9,5.95,5.91,4.71,99.90,0.00,1,17.28,4.61,0.1250
690979,0.00,0.00,14.51,10,14.60,187,0.28,1264,0.00,17.00,95,0,0.00,9,5.95,5.79,4.71,99.90,0.00,1,17.16,4.61,0.1250
691082,0.00,0.00,14.51,10,14.60,187,0.28,1249,0.00,17.00,95,0,0.00,9,5.95,5.79,4.71,99.90,0.00,1,17.11,4.61,0.1250
691183,0.00,0.00,14.51,10,14.60,187,0.28,1229,0.00,17.00,95,0,0.00,9,5.95,5.75,4.71,99.90,0.00,1,16.99,4.61,0.1250
691285,0.00,0.00,14.51,10,14.60,187,0.28,1202,0.00,17.00,95,0,0.00,9,6.09,5.84,4.71,99.90,0.00,1,16.92,4.46,0.1250
691387,0.00,0.00,14.51,10,14.60,187,0.28,1190,0.00,17.00,95,0,0.00,9,6.09,5.77,4.71,99.90,0.00,1,16.91,4.46,0.1250
691489,0.00,0.00,14.51,10,14.61,187,0.29,1168,0.00,17.00,95,0,0.00,9,6.09,5.65,4.71,99.90,0.00,1,16.91,4.46,0.1250
691592,0.00,0.00,14.51,10,14.61,187,0.29,1155,0.00,17.00,95,0,0.00,9,6.24,5.58,4.71,99.90,0.00,1,16.91,4.46,0.1250
691693,0.00,0.00,14.51,10,14.62,187,0.29,1151,0.00,17.00,93,0,0.00,9,6.24,5.60,4.71,99.90,0.00,1,16.91,4.46,0.1250
691796,0.00,0.00,14.51,10,14.62,187,0.29,1137,0.00,17.00,93,0,0.00,9,6.24,5.37,4.71,99.90,0.00,1,16.91,4.46,0.1250
691897,0.00,0.00,14.51,10,14.62,187,0.29,1127,0.00,17.00,93,0,0.00,9,6.38,5.51,4.71,99.90,0.00,1,16.91,4.32,0.1250
692000,0.00,0.00,14.51,10,14.64,187,0.29,1009,0.00,22.00,93,0,0.00,9,6.38,5.53,4.71,99.90,0.00,1,16.91,4.32,0.1250
692102,0.00,0.00,14.51,10,14.67,187,0.31,874,0.00,22.00,93,0,0.00,9,6.67,5.51,4.71,99.90,0.00,1,16.91,4.32,0.1250
692204,0.00,0.78,14.51,10,14.69,187,0.34,816,0.00,22.00,93,0,0.00,9,7.25,5.46,4.71,99.90,0.00,1,16.91,4.61,0.1250
692306,0.00,2.34,14.51,10,14.66,187,0.35,1004,0.00,15.50,93,0,0.00,9,7.55,5.56,5.10,99.90,0.00,1,16.91,4.75,0.1250
692408,0.00,2.34,14.51,10,14.63,187,0.34,1108,0.00,17.00,93,0,0.00,9,7.25,5.46,4.71,99.90,0.00,1,16.91,4.46,0.1250
692509,0.00,2.34,14.51,10,14.61,187,0.32,1154,0.00,17.00,93,0,0.00,9,6.96,5.37,4.71,96.00,0.00,1,16.91,4.32,0.1250
692612,0.00,2.34,14.51,10,14.62,187,0.30,1149,0.00,17.00,93,0,0.00,9,6.67,5.34,4.71,30.10,0.00,1,16.91,4.32,0.1250
692714,0.00,2.34,14.51,10,14.62,187,0.29,1109,0.00,17.00,93,0,0.00,9,6.53,5.29,4.71,20.60,0.00,1,16.91,4.32,0.1250
692816,0.00,2.34,14.51,10,14.63,187,0.29,1077,0.00,17.00,93,0,0.00,9,6.53,5.17,4.71,18.50,0.00,1,16.91,4.45,0.1250
692918,0.00,2.34,14.51,10,14.63,187,0.29,1064,0.00,13.50,93,0,0.00,9,6.53,5.32,4.71,17.50,0.00,1,16.91,4.33,0.1250
693020,0.00,2.34,14.51,10,14.64,187,0.29,1050,0.00,14.50,93,0,0.00,9,6.53,5.20,4.71,15.10,0.00,1,16.91,4.45,0.1250
693122,-1.56,2.34,14.51,8,14.64,187,0.29,1042,0.00,16.00,93,0,0.00,9,6.53,5.32,4.71,15.40,0.00,1,16.91,4.32,0.1250
693225,-1.56,2.34,14.51,8,14.64,187,0.30,1044,0.00,16.50,93,0,0.00,9,6.53,5.27,4.71,14.70,0.00,1,16.91,4.32,0.1250
693326,-2.34,2.34,14.51,8,14.64,187,0.30,1029,0.00,17.00,93,0,0.00,9,6.53,5.20,4.71,14.30,0.00,1,16.91,4.32,0.1250
693428,-2.34,2.34,14.51,8,14.64,187,0.30,1010,0.00,17.00,93,0,0.00,9,6.53,5.13,4.31,14.00,0.00,1,16.91,4.17,0.1250
693531,-3.12,2.34,14.51,8,14.65,187,0.30,1014,0.00,17.00,93,0,0.00,9,6.53,5.08,4.31,14.50,0.00,1,16.91,4.17,0.1250
693632,-3.12,2.34,14.51,8,14.65,187,0.30,1003,0.00,17.00,93,0,0.00,9,6.67,4.97,4.31,14.30,0.00,1,16.91,4.17,0.1250
693733,-3.91,2.34,14.51,8,14.65,187,0.30,990,0.00,18.00,93,0,0.00,9,6.67,5.07,4.71,14.20,0.00,1,16.91,4.46,0.1250
693836,-4.69,2.34,14.51,8,14.65,187,0.30,970,0.00,18.00,93,0,0.00,9,6.82,5.22,4.71,14.20,0.00,1,16.91,4.61,0.1250
693937,-4.69,2.34,14.51,8,14.66,187,0.31,968,0.00,20.00,93,0,0.00,9,6.96,5.27,4.71,14.00,0.00,1,16.91,4.61,0.1250
694040,-5.47,2.34,14.51,8,14.66,187,0.31,960,0.00,19.50,93,0,0.00,9,7.11,5.22,4.71,14.00,0.00,1,16.91,4.61,0.1250
694143,-5.47,2.34,14.51,8,14.65,187,0.32,975,0.00,17.50,93,0,0.00,9,7.25,5.10,4.71,13.90,0.00,1,16.91,4.61,0.1250
694244,-5.47,2.34,14.51,8,14.66,187,0.32,964,0.00,19.00,93,0,0.00,9,7.25,5.05,4.71,14.00,0.00,1,16.91,4.46,0.1250
694346,-5.47,2.34,14.51,8,14.66,187,0.32,953,0.00,18.00,93,0,0.00,9,7.25,5.08,4.71,14.00,0.00,1,16.91,4.61,0.1250
694448,-5.47,2.34,14.51,8,14.66,187,0.32,947,0.00,19.00,93,0,0.00,9,7.40,5.13,4.71,14.10,0.00,1,16.91,4.46,0.1250
694550,-4.69,2.34,14.51,8,14.66,187,0.32,950,0.00,18.50,93,0,0.00,9,7.40,5.17,4.71,14.20,0.00,1,16.91,4.46,0.1250
694652,-4.69,2.34,14.51,8,14.65,187,0.32,999,0.00,16.50,93,0,0.00,9,7.40,5.07,4.71,14.40,0.00,1,16.91,4.46,0.1250
694754,-4.69,2.34,14.51,8,14.63,187,0.31,1071,0.00,12.00,93,0,0.00,9,7.25,4.97,4.71,14.50,0.00,1,16.91,4.46,0.1250
694856,-3.91,2.34,14.51,8,14.62,187,0.29,1115,0.00,17.00,93,0,0.00,9,6.96,2.57,4.71,14.50,0.00,1,16.91,4.61,0.1250
694958,-3.91,2.34,14.51,8,14.62,187,0.28,1149,0.00,17.00,93,0,0.00,9,6.82,5.13,4.71,14.50,0.00,1,16.91,4.46,0.1250
695060,-3.12,2.34,14.51,8,14.62,187,0.28,1148,0.00,17.00,93,0,0.00,9,6.67,5.02,4.71,15.10,0.00,1,16.91,4.46,0.1250
695162,-2.34,2.34,14.51,8,14.62,187,0.27,1116,0.00,17.00,93,0,0.00,9,6.53,5.02,4.71,15.00,0.00,1,16.91,4.33,0.1250
695264,-2.34,2.34,14.51,8,14.63,187,0.27,1079,0.00,17.00,93,0,0.00,9,6.53,5.13,4.71,15.10,0.00,1,16.91,4.32,0.1250
695366,-1.56,2.34,14.51,8,14.63,187,0.28,1054,0.00,16.50,93,0,0.00,9,6.53,5.05,4.71,15.20,0.00,1,16.91,4.32,0.1250
695468,-1.56,2.34,14.51,8,14.64,187,0.28,1010,0.00,17.50,93,0,0.00,9,6.53,5.02,4.71,15.20,0.00,1,16.91,4.32,0.1250
695570,-0.78,2.34,14.51,8,14.65,187,0.29,1016,0.00,19.50,93,0,0.00,9,6.67,4.94,4.31,15.10,0.00,1,16.91,4.17,0.1250
695672,-1.56,2.34,14.51,8,14.65,187,0.29,988,0.00,20.50,93,0,0.00,9,6.67,5.00,4.31,15.20,0.00,1,16.91,4.17,0.1250
695774,-1.56,2.34,14.51,8,14.65,187,0.29,970,0.00,20.00,93,0,0.00,9,6.67,5.13,4.71,15.10,0.00,1,16.91,4.60,0.1250
695876,-2.34,2.34,14.51,8,14.66,187,0.30,962,0.00,21.50,93,0,0.00,9,6.82,5.17,4.71,15.00,0.00,1,16.91,4.61,0.1250
695978,-2.34,2.34,14.51,8,14.66,187,0.31,940,0.00,22.00,93,0,0.00,9,7.11,5.22,4.71,15.10,0.00,1,16.91,4.61,0.1250
696080,-3.12,2.34,14.51,8,14.66,187,0.31,934,0.00,22.00,93,0,0.00,9,7.25,5.25,4.71,14.00,0.00,1,16.91,4.61,0.1250
696183,-3.12,2.34,14.51,8,14.67,187,0.32,900,0.00,22.00,93,0,0.00,9,7.40,5.20,4.71,14.30,0.00,1,16.91,4.61,0.1250
696284,-3.12,2.34,14.51,8,14.67,187,0.33,888,0.00,22.00,93,0,0.00,9,7.55,5.32,4.71,14.20,0.00,1,16.91,5.19,0.1250
696386,-3.91,2.34,14.51,8,14.68,187,0.34,870,0.00,22.00,93,0,0.00,9,7.84,5.58,5.49,14.20,0.00,1,16.91,5.19,0.1250
696488,-3.12,2.34,14.51,8,14.67,187,0.35,889,0.00,22.00,93,0,0.00,9,8.13,5.63,5.49,14.30,0.00,1,16.91,5.19,0.1250
696590,-3.12,2.34,14.51,8,14.66,187,0.36,958,0.00,19.00,93,0,0.00,9,8.27,5.56,5.49,14.30,0.00,1,16.91,5.34,0.1250
696692,-3.12,2.34,14.51,8,14.65,187,0.35,1002,0.00,16.00,93,0,0.00,9,8.27,5.58,5.49,14.40,0.00,1,16.91,5.33,0.1250
696794,-2.34,2.34,14.51,8,14.63,187,0.34,1075,0.00,12.00,93,0,0.00,9,7.98,5.67,5.49,14.40,0.00,1,16.91,5.48,0.1250
696896,-1.56,2.34,14.51,8,14.62,187,0.33,1139,0.00,12.00,93,0,0.00,9,7.84,5.70,5.88,15.10,0.00,1,16.91,5.63,0.1250
696998,-0.78,2.34,14.51,8,14.61,187,0.32,1167,0.00,17.00,93,0,0.00,9,7.69,5.99,5.88,14.90,0.00,1,16.91,5.80,0.1250
697100,0.00,2.34,14.51,8,14.61,187,0.31,1155,0.00,17.00,93,0,0.00,9,7.69,6.21,6.67,15.10,0.00,1,16.91,6.21,0.1250
697202,0.78,0.00,14.51,8,14.62,187,0.32,1131,0.00,17.50,93,0,0.00,9,7.69,7.42,6.67,15.30,0.00,1,19.12,7.65,0.1250
697304,3.91,0.00,14.51,8,14.62,187,0.35,1142,0.00,21.00,93,0,0.00,9,9.29,11.41,10.98,15.50,0.00,1,23.07,12.30,0.1250
697406,7.03,0.00,14.51,8,14.60,187,0.43,1260,0.00,26.50,93,0,0.00,9,11.03,12.74,13.73,15.60,0.00,1,29.83,13.04,0.1250
697508,0.78,0.00,14.51,8,14.59,187,0.49,1380,0.00,33.00,93,0,0.00,9,11.61,12.68,13.73,15.70,0.00,1,33.91,13.03,0.1250
697611,3.91,0.00,14.51,8,14.59,187,0.52,1458,0.00,35.50,93,0,0.00,9,11.75,13.39,13.73,15.20,0.00,1,36.47,13.04,0.1250
697713,9.38,0.00,14.51,8,14.58,187,0.53,1474,0.00,37.00,93,0,0.00,9,11.61,13.67,13.73,15.10,0.00,1,38.37,13.04,0.1250
697815,11.72,0.00,14.51,8,14.58,187,0.54,1525,0.00,38.50,93,0,0.00,9,11.61,13.90,13.73,15.70,0.00,1,39.62,12.89,0.1250
697917,10.16,0.00,14.51,8,14.58,187,0.54,1548,0.00,39.50,93,0,0.00,9,11.46,14.44,13.73,15.80,0.00,1,40.30,12.89,0.1250
698019,7.81,0.00,14.51,8,14.58,187,0.55,1584,0.00,40.50,93,0,0.00,9,11.32,14.45,13.73,15.10,0.00,1,41.34,12.89,0.1250
698121,7.81,0.00,14.51,8,14.58,187,0.55,1588,0.00,41.00,93,0,0.00,9,11.32,14.92,13.73,14.40,0.00,1,41.09,12.89,0.1250
698223,7.81,0.00,14.51,8,14.58,187,0.56,1568,0.00,40.50,93,0,0.00,9,11.46,15.83,14.51,14.20,0.00,1,40.83,14.05,0.1250
698325,8.59,0.00,14.51,8,14.58,187,0.58,1587,0.00,39.50,93,0,0.00,9,11.75,16.00,14.90,14.30,0.00,1,40.18,14.05,0.1250
698426,8.59,0.00,14.51,8,14.58,187,0.59,1603,0.00,39.50,93,0,0.00,9,12.04,17.86,15.69,14.40,0.00,1,39.79,16.08,0.1250
698528,8.59,0.00,14.51,8,14.58,187,0.62,1618,0.00,38.50,93,0,0.50,9,12.91,19.62,18.43,14.50,0.00,1,38.94,18.56,0.1250
698631,8.59,0.00,14.51,8,14.58,187,0.67,1678,0.00,38.00,93,0,0.50,9,13.20,20.05,20.00,14.60,0.00,1,38.48,19.43,0.1250
698733,7.81,0.00,14.51,8,14.58,187,0.69,1720,0.00,37.50,93,0,0.00,9,13.35,20.38,20.39,14.50,0.00,1,38.35,19.43,0.1250
698835,7.81,0.00,14.51,8,14.58,187,0.70,1751,0.00,37.50,93,0,0.00,9,13.20,21.05,20.39,14.40,0.00,1,38.21,19.43,0.1250
698937,7.81,0.00,14.51,8,14.58,187,0.71,1766,0.00,37.50,93,0,0.00,9,13.35,21.28,20.39,14.50,0.00,1,38.16,19.43,0.1250
699038,7.03,0.00,14.51,8,14.58,187,0.72,1780,0.00,37.50,93,0,0.50,9,13.20,21.83,20.39,14.50,0.00,1,38.09,19.29,0.1250
699141,6.25,0.00,14.51,8,14.58,187,0.72,1786,0.00,37.50,93,0,0.50,9,13.35,22.17,20.39,14.30,0.00,1,37.91,19.29,0.1250
699243,5.47,0.00,14.51,8,14.58,187,0.73,1794,0.00,37.50,93,1,0.50,9,13.35,22.39,20.39,14.30,0.00,1,37.83,19.29,0.1250
699345,4.69,0.00,14.51,8,14.58,187,0.73,1801,0.00,37.50,93,1,0.50,9,13.35,22.62,20.39,14.20,0.00,1,37.81,19.29,0.1250
699447,4.69,0.00,14.51,8,14.58,187,0.74,1810,0.00,37.00,93,1,0.50,9,13.35,22.61,20.39,14.20,0.00,1,37.67,19.43,0.1250
699549,3.91,0.00,14.51,8,14.58,187,0.75,1830,0.00,37.00,93,2,0.50,9,13.35,23.21,20.39,14.30,0.00,1,37.56,19.29,0.1250
699651,2.34,0.00,14.51,8,14.58,187,0.76,1837,0.00,37.00,93,2,0.50,9,13.35,23.57,20.39,14.20,0.00,1,37.28,19.29,0.1250
699753,1.56,0.00,14.51,8,14.58,187,0.76,1843,0.00,36.50,93,2,0.50,9,13.35,23.57,20.39,14.20,0.00,1,37.17,19.29,0.1250
699858,1.56,0.00,14.51,8,14.58,187,0.77,1847,0.00,36.50,93,2,0.50,9,13.49,23.93,20.39,14.20,0.00,1,37.12,19.29,0.1250
699957,0.78,0.00,14.51,8,14.58,187,0.77,1852,0.00,36.50,93,3,0.50,9,13.35,23.93,20.39,14.30,0.00,1,36.92,19.29,0.1250
700058,0.00,0.00,14.51,8,14.58,187,0.78,1834,0.00,36.50,93,3,0.50,9,13.35,24.30,20.00,14.30,0.00,1,36.95,19.00,0.1250
700161,-0.78,0.00,14.51,8,14.58,187,0.79,1824,0.00,36.50,93,4,0.50,9,13.35,24.05,20.00,14.30,0.00,1,36.70,19.02,0.1250
700263,-1.56,0.00,14.51,8,14.58,187,0.79,1823,0.00,36.50,93,4,0.50,9,13.49,24.30,20.00,14.10,0.00,1,36.66,18.99,0.1250
700365,-1.56,0.00,14.51,8,14.58,187,0.79,1826,0.00,36.50,93,4,0.50,9,13.49,24.29,20.00,14.30,0.00,1,36.67,19.09,0.1250
700467,-1.56,0.00,14.51,8,14.58,187,0.79,1848,0.00,36.00,93,5,0.50,9,13.49,24.41,20.00,14.30,0.00,1,36.47,19.02,0.1250
700568,-2.34,0.00,14.51,8,14.58,187,0.80,1851,0.00,36.00,93,5,0.50,9,13.49,24.77,20.00,14.30,0.00,1,36.50,18.99,0.1250
700671,-2.34,0.00,14.51,8,14.58,187,0.80,1856,0.00,36.00,93,6,0.50,9,13.49,24.77,20.00,14.40,0.00,1,36.42,19.14,0.1250
700773,-3.12,0.00,14.51,8,14.58,187,0.80,1849,0.00,36.00,93,6,0.50,9,13.49,25.38,20.00,14.40,0.00,1,36.43,19.14,0.1250
700875,-3.12,0.00,14.51,8,14.57,187,0.81,1856,0.00,36.00,93,6,0.50,10,13.49,25.02,20.00,14.50,0.00,1,36.38,18.99,0.1250
700977,-3.12,0.00,14.51,8,14.57,187,0.81,1862,0.00,35.00,93,7,-1.00,10,13.49,25.50,20.00,14.40,-1.40,1,36.47,18.99,0.1250
701079,-3.12,0.00,14.51,8,14.57,187,0.81,1881,0.00,34.50,91,7,-1.00,10,13.49,25.50,20.00,14.50,-1.40,1,36.26,18.99,0.1250
701181,-3.91,0.00,14.51,8,14.57,187,0.81,1888,0.00,34.50,91,7,-1.00,10,13.49,25.26,20.00,14.30,-1.40,1,36.29,18.99,0.1250
701283,-3.91,0.00,14.51,8,14.57,187,0.81,1892,0.00,34.50,91,8,-1.00,10,13.49,25.74,20.00,14.40,-1.40,1,36.33,18.99,0.1250
701385,-3.91,0.00,14.51,8,14.57,187,0.81,1882,0.00,35.00,91,8,-1.00,10,13.49,25.99,20.00,14.50,-1.40,1,36.46,18.99,0.1250
701487,-3.91,0.00,14.51,8,14.57,187,0.81,1885,0.00,34.50,91,8,-1.00,10,13.49,23.18,20.00,14.40,-1.40,1,36.41,18.99,0.1250
701589,-3.91,0.00,14.51,8,14.57,187,0.81,1904,0.00,34.50,91,9,-1.00,10,13.49,25.62,19.61,14.50,-1.40,1,36.42,18.85,0.1250
701691,-3.91,0.00,14.51,8,14.57,187,0.81,1907,0.00,35.00,91,9,-1.00,10,13.35,25.52,19.22,14.40,-1.40,1,36.55,18.27,0.1250
701793,-4.69,0.00,14.51,8,14.57,187,0.80,1890,0.00,35.00,91,9,-1.00,10,13.20,24.30,19.22,14.40,-1.40,1,36.85,17.84,0.1250
701895,-5.47,0.00,14.51,8,14.57,187,0.79,1882,0.00,35.50,91,10,-1.00,10,12.77,22.52,17.25,14.40,-1.40,1,37.42,15.66,0.1250
701997,-7.03,0.00,14.51,8,14.57,187,0.75,1861,0.00,36.00,91,11,-1.00,10,12.19,22.22,15.69,14.20,-1.40,1,38.06,14.78,0.1250
702099,-8.59,0.00,14.51,8,14.57,187,0.73,1841,0.00,36.00,91,11,-1.00,10,12.04,22.24,15.69,14.20,-1.40,1,38.00,14.78,0.1250
702201,-8.59,0.00,14.51,8,14.58,187,0.73,1822,0.00,36.00,91,11,-1.00,10,12.04,22.06,15.69,14.10,-1.40,1,37.85,14.78,0.1250
702303,-8.59,0.00,14.51,8,14.58,187,0.73,1810,0.00,36.00,91,11,-1.00,10,12.04,22.06,15.69,14.30,-1.40,1,37.67,14.78,0.1250
702405,-8.59,0.00,14.51,8,14.58,187,0.74,1808,0.00,36.00,91,12,-1.00,10,12.04,21.83,15.69,14.60,-1.40,1,37.66,14.78,0.1250
702507,-8.59,0.00,14.51,8,14.58,187,0.73,1806,0.00,36.00,93,12,-1.00,10,12.04,21.84,15.69,14.60,-1.05,1,37.73,14.78,0.1250
702609,-7.81,0.00,14.51,8,14.58,187,0.73,1804,0.00,36.00,93,12,-1.00,10,12.04,21.72,15.69,14.50,-1.05,1,37.71,14.78,0.1250
702712,-7.81,0.00,14.51,8,14.58,187,0.73,1797,0.00,36.00,93,12,-1.00,10,12.04,21.72,15.69,14.50,-1.05,1,37.68,14.78,0.1250
702814,-7.81,0.00,14.51,8,14.58,187,0.73,1780,0.00,36.50,93,13,-1.00,10,12.04,21.61,15.69,14.60,-1.05,1,37.87,14.78,0.1250
702916,-7.81,0.00,14.51,8,14.58,187,0.73,1783,0.00,36.50,93,13,-1.00,10,12.04,21.39,15.69,14.50,-1.05,1,37.88,14.49,0.1250
703018,-7.81,0.00,14.51,8,14.58,187,0.72,1782,0.00,36.50,93,14,-1.00,10,11.90,21.18,14.90,14.90,-1.05,1,38.02,14.34,0.1250
703120,-7.81,0.00,14.51,8,14.58,187,0.72,1780,0.00,36.50,93,14,-1.00,10,11.90,20.96,14.90,14.50,-1.05,1,38.20,14.34,0.1250
703222,-7.81,0.00,14.51,8,14.58,187,0.71,1777,0.00,36.50,93,14,-1.00,10,11.75,19.84,14.90,14.60,-1.05,1,38.47,13.33,0.1250
703324,-7.81,0.00,14.51,8,14.58,187,0.69,1757,0.00,37.50,93,14,-1.00,10,11.32,18.78,12.94,14.50,-1.05,1,39.15,12.16,0.1250
703426,-9.38,0.00,14.51,8,14.58,187,0.66,1726,0.00,38.00,93,15,-1.00,10,10.88,16.96,12.16,14.40,-1.05,1,39.68,10.86,0.1250
703528,-10.94,0.00,14.51,8,14.58,187,0.63,1679,0.00,38.50,93,15,-1.00,10,10.30,16.28,10.98,14.20,-1.05,1,40.42,10.42,0.1250
703630,-11.72,0.00,14.51,8,14.58,187,0.61,1655,0.00,38.50,93,16,-1.00,10,10.16,16.29,10.98,14.00,-1.05,1,40.37,10.42,0.1250
703732,-12.50,0.00,14.51,8,14.58,187,0.60,1620,0.00,38.50,93,16,-1.00,10,10.16,16.07,10.98,14.10,-1.05,1,40.20,10.42,0.1250
703834,-12.50,0.00,14.51,8,14.58,187,0.60,1589,0.00,38.50,93,16,-1.00,10,10.16,14.97,10.98,14.10,-1.05,1,40.27,9.23,0.1250
703936,-13.28,0.00,14.51,8,14.58,187,0.58,1558,0.00,39.00,93,16,0.00,10,9.29,11.13,7.45,14.20,-1.05,1,39.11,6.80,0.1250
704038,-14.84,0.00,14.51,8,14.58,187,0.51,1494,0.00,32.00,93,16,0.00,10,8.42,9.60,6.67,14.10,-1.05,1,29.45,6.03,0.1250
704140,-16.41,0.00,14.51,8,14.59,187,0.46,1386,0.00,25.50,93,17,0.00,10,7.69,9.09,5.88,13.90,-1.05,1,24.92,5.77,0.1250
704242,-17.97,0.00,14.51,8,14.59,187,0.43,1326,0.00,22.50,93,17,0.00,10,7.40,8.68,5.88,13.40,-1.05,1,21.20,5.77,0.1250
704344,0.00,0.00,14.51,10,14.60,187,0.42,1247,0.00,19.00,93,17,0.00,10,7.25,8.37,5.88,13.10,-1.05,1,18.46,5.63,0.1250
704446,0.00,0.00,14.51,10,14.61,187,0.41,1154,0.00,17.00,93,12,0.00,10,7.25,8.10,5.88,13.10,-1.05,1,16.91,5.48,0.1250
704548,0.00,0.00,14.51,10,14.62,187,0.42,1094,0.00,21.50,93,2,0.00,10,7.40,7.87,5.49,13.50,-1.05,1,16.91,5.33,0.1250
704650,0.00,0.00,14.51,10,14.62,187,0.43,1060,0.00,21.50,93,0,0.00,10,7.69,8.05,5.88,13.80,-1.05,1,16.91,5.92,0.1250
704752,0.00,0.00,14.51,10,14.63,187,0.44,1062,0.00,21.50,93,0,0.00,10,7.98,8.28,6.27,13.40,-1.05,1,16.91,5.92,0.1250
704854,0.00,0.00,14.51,10,14.62,187,0.45,1121,0.00,17.50,93,0,0.00,10,8.13,8.19,6.27,16.00,-1.05,1,16.91,5.92,0.1250
704957,0.00,0.00,14.51,10,14.61,187,0.44,1150,0.00,16.50,93,0,0.00,10,8.27,8.14,6.27,16.00,-1.05,1,16.91,6.06,0.1250
705058,0.00,0.00,14.51,10,14.61,187,0.43,1156,0.00,16.50,95,0,0.00,10,8.27,8.32,6.67,12.10,-1.05,1,16.91,6.21,0.1250
705160,0.00,0.00,14.51,10,14.62,187,0.44,1128,0.00,16.50,95,0,0.00,10,8.27,8.19,6.67,12.00,-1.05,1,16.91,6.21,0.1250
705262,0.00,0.00,14.51,10,14.62,187,0.44,1106,0.00,18.00,95,0,0.00,10,8.42,8.14,6.67,12.20,-1.05,1,16.91,6.21,0.1250
705365,0.00,0.00,14.51,10,14.62,187,0.44,1088,0.00,20.00,95,0,0.00,10,8.42,8.10,6.27,12.50,-1.05,1,16.91,6.06,0.1250
705466,0.00,0.00,14.51,10,14.63,187,0.44,1070,0.00,20.50,95,0,0.00,10,8.56,7.87,6.27,12.70,-1.05,1,16.91,6.03,0.1250
705569,0.00,0.00,14.51,10,14.63,187,0.44,1044,0.00,21.00,95,0,0.00,10,8.56,7.87,6.27,12.80,-1.05,1,16.91,5.92,0.1250
705670,0.00,0.00,14.51,10,14.63,187,0.45,1040,0.00,21.50,95,0,0.00,10,8.71,7.78,6.27,12.80,-1.05,1,16.91,5.92,0.1250
705772,0.00,0.00,14.51,10,14.63,187,0.45,1021,0.00,21.50,95,0,0.00,10,8.85,7.78,6.27,12.80,-1.05,1,16.91,5.92,0.1250
705875,0.00,0.00,14.51,10,14.63,187,0.45,988,0.00,21.50,95,0,0.00,10,8.85,7.47,5.88,12.90,-1.05,1,16.91,5.77,0.1250
705976,0.00,0.00,14.51,10,14.64,187,0.46,960,0.00,21.50,95,0,0.00,10,8.85,6.89,5.88,12.90,-1.05,1,16.91,5.33,0.1250
706078,0.00,0.00,14.51,10,14.64,187,0.45,918,0.00,21.50,95,0,0.00,10,8.85,6.94,5.88,12.90,-1.05,1,16.91,5.48,0.1250
706180,0.00,0.00,14.51,10,14.65,187,0.45,898,0.00,21.50,95,0,0.00,10,9.00,6.84,5.88,12.80,-1.05,1,16.91,5.48,0.1250
706282,0.00,0.00,14.51,10,14.65,187,0.46,888,0.00,21.50,95,0,0.00,10,9.14,6.69,5.88,12.70,-1.05,1,16.91,5.48,0.1250
706384,0.00,0.00,14.51,10,14.65,187,0.46,862,0.00,21.50,95,0,0.00,10,9.29,6.69,5.88,12.70,-1.05,1,16.91,5.48,0.1250
706486,0.00,0.00,14.51,10,14.65,187,0.46,854,0.00,21.50,95,0,0.00,10,9.29,6.69,5.49,12.70,-1.05,1,16.91,5.33,0.1250
706588,0.00,0.00,14.51,10,14.65,187,0.46,839,0.00,21.50,95,1,0.00,10,9.43,6.40,5.49,12.80,-1.05,1,16.91,5.19,0.1250
706691,0.00,0.00,14.51,10,14.65,187,0.46,812,0.00,21.50,95,1,0.00,10,9.43,6.16,5.49,12.80,-1.05,1,16.91,5.19,0.1250
706792,0.00,0.00,14.51,10,14.66,187,0.46,804,0.00,21.50,95,0,0.00,10,9.58,6.40,5.49,12.80,-1.05,1,16.91,5.19,0.1250
706894,0.00,0.00,14.51,10,14.65,187,0.46,796,0.00,21.50,95,1,0.00,10,9.72,6.01,5.49,13.00,-1.05,1,16.91,5.19,0.1250
706996,0.00,0.00,14.51,10,14.66,187,0.46,797,0.00,21.50,95,0,0.00,10,9.72,5.96,5.49,13.00,-1.05,1,16.91,5.04,0.1250
707098,0.00,0.00,14.51,10,14.66,187,0.46,805,0.00,21.50,97,0,0.00,10,9.72,5.96,5.49,13.20,-1.05,1,16.91,5.04,0.1250
707200,0.00,0.00,14.51,10,14.66,187,0.45,799,0.00,21.50,97,0,0.00,10,9.72,6.11,5.49,13.20,-1.05,1,16.91,5.04,0.1250
707302,0.00,0.00,14.51,10,14.66,187,0.45,798,0.00,21.50,97,0,0.00,10,9.72,5.96,5.49,13.30,-1.05,1,16.91,5.04,0.1250
707404,0.00,0.00,14.51,10,14.66,187,0.45,836,0.00,19.00,97,0,0.00,10,9.72,6.01,5.49,13.50,-1.05,1,16.91,5.04,0.1250
707506,0.00,0.00,14.51,10,14.65,187,0.44,890,0.00,16.50,97,0,0.00,10,9.43,6.01,5.49,13.60,-1.05,1,16.91,5.19,0.1250
707608,0.00,0.00,14.51,10,14.65,187,0.43,958,0.00,12.00,97,0,0.00,10,9.43,6.21,5.49,13.60,-1.05,1,16.91,5.33,0.1250
707710,0.00,0.00,14.51,10,14.65,187,0.41,987,0.00,12.00,97,0,0.00,10,9.29,6.21,5.49,13.80,-1.05,1,16.91,5.48,0.1250
707812,0.00,0.00,14.51,10,14.65,187,0.40,994,0.00,12.00,97,0,0.00,10,9.29,7.33,7.06,13.90,-1.05,1,16.91,6.21,0.1250
707914,0.00,0.00,14.51,10,14.65,187,0.41,974,0.00,12.00,97,0,0.00,10,9.43,7.23,6.27,13.90,-1.05,1,16.91,6.06,0.1250
708017,0.00,0.00,14.51,10,14.64,185,0.43,998,0.00,12.50,97,0,0.00,10,9.43,7.13,6.67,14.10,-1.05,1,16.91,6.21,0.1250
708119,0.00,0.00,14.51,10,14.64,187,0.43,1004,0.00,12.00,97,0,0.00,10,9.29,7.04,6.67,14.20,-1.05,1,16.91,6.21,0.1250
708221,0.00,0.00,14.51,10,14.64,187,0.42,1011,0.00,12.00,97,0,0.00,10,9.29,6.79,6.67,14.20,-1.05,1,16.91,6.21,0.1250
708323,0.00,0.00,14.51,10,14.64,187,0.42,1004,0.00,13.00,97,0,0.00,10,9.29,7.13,6.67,14.50,-1.05,1,16.91,6.21,0.1250
708424,0.00,0.00,14.51,10,14.65,187,0.42,935,0.00,17.00,97,0,0.00,10,9.43,7.08,6.67,14.70,-1.05,1,16.91,6.21,0.1250
708527,0.00,0.00,14.51,10,14.66,187,0.43,894,0.00,19.50,97,0,0.00,10,9.72,7.08,6.67,14.60,-1.05,1,16.91,6.21,0.1250
708629,0.00,0.00,14.51,10,14.65,187,0.45,854,0.00,21.50,97,0,0.00,10,9.87,7.04,6.67,14.50,-1.05,1,16.91,6.35,0.1250
708731,0.00,0.00,14.51,10,14.65,187,0.47,851,0.00,21.50,97,0,0.00,10,10.01,7.13,6.67,14.50,-1.05,1,16.91,6.35,0.1250
708832,0.00,0.00,14.51,10,14.64,187,0.48,846,0.00,21.00,97,0,0.00,10,10.30,7.13,6.67,14.60,-1.05,1,16.91,6.18,0.1250
708934,0.00,0.00,14.51,10,14.64,187,0.49,866,0.00,19.00,97,0,0.00,10,10.16,6.45,5.88,14.70,-1.05,1,16.91,5.48,0.1250
709037,0.00,0.00,14.51,10,14.64,187,0.47,877,0.00,18.00,97,0,0.00,10,10.01,6.21,5.88,14.50,-1.05,1,16.91,5.48,0.1250
709139,0.00,0.00,14.51,8,14.65,187,0.46,877,0.00,17.50,97,0,0.00,10,10.01,6.21,5.88,14.40,-1.05,1,16.91,5.63,0.1250
709241,0.00,0.00,14.51,8,14.65,187,0.45,862,0.00,18.00,97,0,0.00,10,9.87,6.21,5.88,14.30,-1.05,1,16.91,5.48,0.1250
709343,-0.78,0.00,14.51,8,14.66,187,0.44,855,0.00,19.00,97,0,0.00,10,9.87,6.30,5.88,14.30,-1.05,1,16.91,5.48,0.1250
709444,-0.78,0.00,14.51,8,14.66,187,0.45,832,0.00,20.00,97,1,0.00,10,10.01,7.13,6.67,14.20,-1.05,1,16.91,6.35,0.1250
709547,0.00,0.00,14.51,8,14.65,187,0.47,832,0.00,20.50,97,1,0.00,10,10.45,7.18,6.67,14.30,-1.05,1,16.91,6.35,0.1250
709649,0.00,0.00,14.51,8,14.64,187,0.48,831,0.00,20.00,97,0,0.00,10,10.59,7.04,6.67,14.30,-1.05,1,16.91,6.36,0.1250
709751,0.00,0.00,14.51,8,14.64,187,0.49,847,0.00,18.00,99,0,0.00,10,10.45,6.79,6.27,14.40,-1.05,1,16.91,5.04,0.1250
709852,0.00,0.00,14.51,8,14.64,187,0.48,872,0.00,16.50,99,0,0.00,10,10.16,6.16,5.49,14.50,-1.05,1,16.91,5.19,0.1250
709955,0.00,0.00,14.51,8,14.65,187,0.46,861,0.00,16.50,99,0,0.00,10,10.01,6.16,5.49,14.50,-1.05,1,16.91,5.34,0.1250
710057,-0.78,0.00,14.51,8,14.66,187,0.45,852,0.00,17.00,99,0,0.00,10,9.87,6.06,5.49,14.50,-1.05,1,16.91,5.19,0.1250
710159,-1.56,0.00,14.51,8,14.66,187,0.44,837,0.00,17.50,99,0,0.00,10,9.72,5.96,5.49,14.40,-1.05,1,16.91,5.19,0.1250
710261,-0.78,0.00,14.51,8,14.66,187,0.44,834,0.00,19.00,99,1,0.00,10,9.72,5.91,5.49,14.30,-1.05,1,16.91,5.04,0.1250
710362,-0.78,0.00,14.51,8,14.67,187,0.44,812,0.00,19.50,99,0,0.00,10,9.72,5.77,5.49,14.30,-1.05,1,16.91,5.04,0.1250
710465,-0.78,0.00,14.51,8,14.67,187,0.43,803,0.00,20.50,99,0,0.00,10,9.72,5.79,5.49,14.30,-1.05,1,16.91,5.04,0.1250
710567,-0.78,0.00,14.51,8,14.67,187,0.44,790,0.00,21.00,99,1,0.00,10,9.72,5.89,5.49,14.40,-1.05,1,16.91,5.04,0.1250
710669,-0.78,0.00,14.51,8,14.67,187,0.44,767,0.00,21.50,99,0,0.00,10,9.87,6.30,5.88,14.40,-1.05,1,16.91,5.77,0.1250
710771,-1.56,0.00,14.51,8,14.66,187,0.45,755,0.00,21.50,99,0,0.00,10,10.01,6.35,6.27,14.40,-1.05,1,16.91,5.92,0.1250
710873,-0.78,0.00,14.51,8,14.66,187,0.47,782,0.00,21.50,99,1,0.00,10,10.45,6.45,6.27,14.40,-1.05,1,16.91,5.77,0.1250
710975,-0.78,0.00,14.51,8,14.65,187,0.47,802,0.00,17.50,99,0,0.00,10,10.45,6.25,5.88,14.40,-1.05,1,16.91,5.48,0.1250
711077,-0.78,0.00,14.51,8,14.65,187,0.47,820,0.00,16.50,99,0,0.00,10,10.16,5.96,5.49,14.60,-1.05,1,16.91,5.04,0.1250
711179,-0.78,0.00,14.51,8,14.65,187,0.46,836,0.00,16.50,99,0,0.00,10,10.16,5.82,5.49,14.70,-1.05,1,16.91,5.04,0.1250
711281,-0.78,0.00,14.51,8,14.66,187,0.45,816,0.00,16.50,99,0,0.00,10,10.01,5.91,5.49,14.70,-1.05,1,16.91,5.19,0.1250
711383,-0.78,0.00,14.51,8,14.67,187,0.45,805,0.00,17.00,99,0,0.00,10,10.16,6.64,6.67,14.90,-1.05,1,16.91,6.21,0.1250
711485,-0.78,0.00,14.51,8,14.66,187,0.46,806,0.00,17.00,99,1,0.00,10,10.45,6.55,5.88,14.60,-1.05,1,16.91,5.77,0.1250
711587,0.00,0.00,14.51,8,14.65,187,0.47,796,0.00,17.50,99,1,0.00,10,10.45,6.40,5.88,14.50,-1.05,1,16.91,5.92,0.1250
711689,0.00,0.00,14.51,8,14.65,187,0.47,806,0.00,16.50,99,0,0.00,10,10.45,6.45,6.27,15.10,-1.05,1,16.91,5.92,0.1250
711791,0.78,0.00,14.51,8,14.65,187,0.47,816,0.00,16.50,99,1,0.00,10,10.45,6.55,6.27,14.80,-1.05,1,16.91,5.92,0.1250
711893,0.78,0.00,14.51,8,14.65,187,0.47,820,0.00,16.50,99,1,0.00,10,10.45,6.50,6.27,15.10,-1.05,1,16.91,5.92,0.1250
711995,1.56,0.00,14.51,8,14.65,187,0.47,830,0.00,16.00,99,0,0.00,10,10.45,6.40,5.88,15.00,-1.05,1,16.91,5.63,0.1250
712097,1.56,0.00,14.51,8,14.65,187,0.47,836,0.00,16.00,99,0,0.00,10,10.30,5.86,5.49,15.10,-1.05,1,16.91,5.19,0.1250
712199,0.78,0.00,14.51,8,14.65,187,0.45,838,0.00,16.50,99,0,0.00,10,10.01,5.77,5.49,15.00,-1.05,1,16.91,5.19,0.1250
712301,0.78,0.00,14.51,8,14.66,187,0.44,825,0.00,16.50,99,0,0.00,10,10.01,5.77,5.49,14.80,-1.05,1,16.91,5.19,0.1250
712403,0.00,0.00,14.51,8,14.67,187,0.44,830,0.00,16.50,99,0,0.00,10,9.87,5.89,5.49,14.80,-1.05,1,16.91,5.19,0.1250
712505,0.00,0.00,14.51,8,14.66,187,0.43,856,0.00,15.50,99,0,0.00,10,9.72,5.72,5.49,14.40,-1.05,1,16.91,4.90,0.1250
712607,0.00,0.00,14.51,8,14.67,187,0.42,872,0.00,14.50,99,0,0.00,10,9.58,5.63,4.71,14.40,-1.05,1,16.91,4.61,0.1250
712709,0.78,0.00,14.51,8,14.67,187,0.41,878,0.00,14.50,99,0,0.00,10,9.29,5.58,4.71,14.40,-1.05,1,16.91,4.46,0.1250
712812,0.00,0.00,14.51,8,14.68,187,0.40,866,0.00,16.00,99,0,0.00,10,9.14,5.43,4.71,14.40,-1.05,1,16.91,4.46,0.1250
712913,0.00,0.00,14.51,8,14.68,187,0.40,860,0.00,16.50,99,0,0.00,10,9.14,5.58,4.71,14.30,-1.05,1,16.91,4.46,0.1250
713015,0.00,0.00,14.51,8,14.68,187,0.39,850,0.00,16.50,99,0,0.00,10,9.00,5.41,4.71,14.60,-1.05,1,16.91,4.32,0.1250
713117,0.00,0.78,14.51,8,14.68,187,0.39,833,0.00,17.00,99,0,0.00,10,9.00,5.48,4.71,14.50,-1.05,1,16.91,4.32,0.1250
713219,0.00,2.34,14.51,8,14.69,187,0.39,813,0.00,17.00,100,0,0.00,10,9.00,5.74,5.49,14.40,-1.05,1,16.91,5.19,0.1250
713321,0.00,2.34,14.51,8,14.69,187,0.40,804,0.00,18.50,100,0,0.00,10,9.14,5.86,5.49,14.40,-1.05,1,16.91,5.19,0.1250
713423,0.00,2.34,14.51,8,14.69,187,0.41,801,0.00,18.00,100,0,0.00,10,9.29,5.89,5.49,14.40,-1.05,1,16.91,5.19,0.1250
713526,0.00,2.34,14.51,8,14.68,187,0.42,805,0.00,17.50,100,0,0.00,10,9.43,5.82,5.49,14.40,-1.05,1,16.91,5.19,0.1250
713628,0.00,2.34,14.51,8,14.68,187,0.42,822,0.00,17.00,100,0,0.00,10,9.43,5.74,5.49,14.40,-1.05,1,16.91,5.04,0.1250
713730,0.00,0.00,14.51,8,14.68,187,0.42,815,0.00,16.50,100,0,0.00,10,9.43,5.79,5.49,14.50,-1.05,1,16.91,5.19,0.1250
713831,0.00,0.00,14.51,8,14.68,187,0.42,816,0.00,16.50,100,0,0.00,10,9.43,5.72,5.49,14.40,-1.05,1,16.91,5.04,0.1250
713934,0.00,0.00,14.51,8,14.67,187,0.42,834,0.00,16.50,100,0,0.00,10,9.43,5.77,5.49,14.40,-1.05,1,16.91,5.19,0.1250
714036,0.00,0.00,14.51,8,14.68,187,0.42,828,0.00,16.50,100,0,0.00,10,9.43,5.74,5.49,14.50,-1.05,1,16.91,5.04,0.1250
714137,0.00,0.00,14.51,8,14.68,187,0.42,830,0.00,16.50,100,0,0.00,10,9.43,5.72,5.49,14.50,-1.05,1,16.91,5.04,0.1250
714240,0.00,0.00,14.51,8,14.68,187,0.42,830,0.00,16.50,100,0,0.00,10,9.29,5.46,5.10,14.40,-1.05,1,16.91,4.61,0.1250
714342,0.00,0.00,14.51,8,14.68,187,0.41,824,0.00,17.00,100,0,0.00,10,9.29,5.58,5.49,14.60,-1.05,1,16.91,5.19,0.1250
714444,0.00,0.00,14.51,8,14.68,187,0.41,817,0.00,17.00,100,0,0.00,10,9.29,5.77,5.49,14.50,-1.05,1,16.91,5.19,0.1250
714545,0.00,0.00,14.51,8,14.68,187,0.42,808,0.00,17.00,100,0,0.00,10,9.43,5.79,5.49,14.80,-1.05,1,16.91,5.05,0.1250
714647,0.00,0.00,14.51,8,14.68,187,0.42,824,0.00,17.00,100,0,0.00,10,9.43,5.60,4.71,14.60,-1.05,1,16.91,4.61,0.1250
714750,0.00,0.00,14.51,8,14.68,187,0.42,822,0.00,17.00,100,0,0.00,10,9.14,5.41,4.71,14.60,-1.05,1,16.91,4.32,0.1250
714851,0.00,0.00,14.51,8,14.68,187,0.41,812,0.00,17.00,100,0,0.00,10,9.14,5.34,4.71,14.70,-1.05,1,16.91,4.32,0.1250
714953,0.00,0.00,14.51,8,14.69,187,0.41,814,0.00,17.00,100,0,0.00,10,9.00,5.36,4.71,14.70,-1.05,1,16.91,4.32,0.1250
715056,-0.78,0.00,14.51,8,14.69,187,0.40,788,0.00,17.50,100,0,0.00,10,9.00,5.29,4.71,14.60,-1.05,1,16.91,4.32,0.1250
715158,-0.78,2.34,14.51,8,14.69,187,0.40,789,0.00,18.00,100,0,0.00,10,9.00,5.29,4.71,14.40,-1.05,1,16.91,4.32,0.1250
715260,-1.56,2.34,14.51,8,14.69,187,0.40,792,0.00,17.50,100,0,0.00,10,9.00,5.29,4.31,14.40,-1.05,1,16.91,4.17,0.1250
715362,-1.56,2.34,14.51,8,14.69,187,0.40,778,0.00,18.00,100,0,0.00,10,9.00,5.27,4.31,14.30,-1.05,1,16.91,4.17,0.1250
715463,-2.34,2.34,14.51,8,14.69,187,0.40,779,0.00,18.00,100,0,0.00,10,9.00,5.17,4.31,14.40,-1.05,1,16.91,4.17,0.1250
715565,-2.34,2.34,14.51,8,14.69,187,0.40,783,0.00,17.50,100,0,0.00,10,9.00,5.15,4.31,14.20,-1.05,1,16.91,4.32,0.1250
715668,-3.12,2.34,14.51,8,14.69,187,0.40,766,0.00,18.50,100,0,0.00,10,9.00,5.17,4.31,14.10,-1.05,1,16.91,4.32,0.1250
715769,-3.12,2.34,14.51,8,14.69,187,0.40,773,0.00,18.00,100,0,0.00,10,9.00,5.15,4.31,14.10,-1.05,1,16.91,4.17,0.1250
715872,-3.91,2.34,14.51,8,14.69,187,0.40,775,0.00,18.50,100,0,0.00,10,9.00,5.20,4.71,14.10,-1.05,1,16.91,4.32,0.1250
715974,-3.91,2.34,14.51,8,14.69,187,0.40,762,0.00,18.50,100,0,0.00,10,9.00,7.66,4.31,14.00,-1.05,1,16.91,4.17,0.1250
716076,-3.91,2.34,14.51,8,14.69,187,0.40,765,0.00,18.00,100,0,0.00,10,9.00,5.22,4.31,14.00,-1.05,1,16.91,4.17,0.1250
716178,-3.91,2.34,14.51,8,14.69,187,0.40,775,0.00,17.50,100,0,0.00,10,9.00,5.17,4.31,14.10,-1.05,1,16.91,4.17,0.1250
716280,-4.69,2.34,14.51,8,14.69,187,0.40,766,0.00,17.50,100,0,0.00,10,9.00,5.17,4.31,14.10,-1.05,1,16.91,4.17,0.1250
716382,-4.69,2.34,14.51,8,14.69,187,0.40,766,0.00,17.50,100,0,0.00,10,9.00,5.20,4.31,14.10,-1.05,1,16.91,4.17,0.1250
716484,-4.69,2.34,14.51,8,14.69,187,0.40,770,0.00,17.50,100,0,0.00,10,9.00,5.15,4.31,14.10,-1.05,1,16.91,4.17,0.1250
716586,-4.69,2.34,14.51,8,14.69,187,0.40,760,0.00,17.50,100,0,0.00,10,9.00,5.12,4.31,14.10,-1.05,1,16.91,4.17,0.1250
716688,-5.47,2.34,14.51,8,14.69,187,0.40,763,0.00,17.00,100,0,0.00,10,9.00,5.12,4.31,14.20,-1.05,1,16.91,4.17,0.1250
716790,-5.47,2.34,14.51,8,14.69,187,0.40,764,0.00,17.00,100,0,0.00,10,9.00,5.10,4.31,14.20,-1.05,1,16.91,4.17,0.1250
716892,-5.47,2.34,14.51,8,14.69,187,0.40,755,0.00,17.00,100,0,0.00,10,9.00,5.10,4.31,14.20,-1.05,1,16.91,4.17,0.1250
716994,-5.47,2.34,14.51,8,14.69,187,0.40,759,0.00,17.00,102,0,0.00,10,9.00,5.05,4.31,14.20,-1.05,1,16.91,4.17,0.1250
717096,-5.47,2.34,14.51,8,14.69,187,0.40,749,0.00,18.00,102,0,0.00,10,9.00,5.10,4.31,14.20,-1.05,1,16.91,4.17,0.1250
717198,-6.25,2.34,14.51,8,14.69,187,0.40,748,0.00,17.50,102,0,0.00,10,9.00,5.04,4.31,14.20,-1.05,1,16.91,4.17,0.1250
717300,-6.25,2.34,14.51,8,14.69,187,0.40,739,0.00,18.00,102,0,0.00,10,9.14,5.36,5.49,14.20,-1.05,1,16.91,5.04,0.1250
717402,-6.25,2.34,14.51,8,14.69,187,0.41,733,0.00,18.50,102,0,0.00,10,9.43,5.41,5.49,14.30,-1.05,1,16.91,5.04,0.1250
717504,-6.25,2.34,14.51,8,14.68,187,0.42,736,0.00,18.00,102,0,0.00,10,9.58,5.51,5.49,14.20,-1.05,1,16.91,5.48,0.1250
717605,-6.25,2.34,14.51,8,14.68,187,0.43,756,0.00,17.00,102,0,0.00,10,9.87,5.53,5.49,14.30,-1.05,1,16.91,5.04,0.1250
717708,-5.47,2.34,14.51,8,14.67,187,0.43,753,0.00,16.50,102,0,0.00,10,9.87,5.46,5.49,14.40,-1.05,1,16.91,5.04,0.1250
717810,-4.69,2.34,14.51,8,14.67,187,0.43,774,0.00,16.50,102,0,0.00,10,9.87,5.43,5.49,14.50,-1.05,1,16.91,5.04,0.1250
717911,-3.91,2.34,14.51,8,14.68,187,0.43,784,0.00,16.00,102,0,0.00,10,9.87,5.43,5.49,14.20,-1.05,1,16.91,5.04,0.1250
718014,-3.91,2.34,14.51,8,14.68,187,0.42,810,0.00,14.50,102,0,0.00,10,9.72,5.51,5.10,15.00,-1.05,1,16.91,4.90,0.1250
718116,-3.12,2.34,14.51,8,14.68,187,0.42,815,0.00,14.50,102,0,0.00,10,9.58,5.36,4.71,15.20,-1.05,1,16.91,4.61,0.1250
718218,-2.34,2.34,14.51,8,14.68,187,0.41,818,0.00,15.00,102,0,0.00,10,9.29,5.24,4.71,15.40,-1.05,1,16.91,4.32,0.1250
718320,-2.34,2.34,14.51,8,14.69,187,0.40,811,0.00,15.00,102,0,0.00,10,9.14,5.17,4.71,15.40,-1.05,1,16.91,4.32,0.1250
718422,-3.12,2.34,14.51,8,14.69,187,0.40,805,0.00,16.00,102,0,0.00,10,9.00,5.20,4.71,15.30,-1.05,1,16.91,4.32,0.1250
718524,-3.12,2.34,14.51,8,14.69,187,0.39,792,0.00,16.50,102,0,0.00,10,9.00,5.02,4.71,15.40,-1.05,1,16.91,4.32,0.1250
718625,-3.12,2.34,14.51,8,14.69,187,0.39,774,0.00,17.00,102,0,0.00,10,9.00,5.05,4.71,15.20,-1.05,1,16.91,4.32,0.1250
718728,-3.91,2.34,14.51,8,14.69,187,0.39,772,0.00,17.00,102,0,0.00,10,9.00,5.02,4.71,14.80,-1.05,1,16.91,4.32,0.1250
718830,-3.91,2.34,14.51,8,14.69,187,0.39,768,0.00,17.00,102,0,0.00,10,9.00,5.10,4.71,15.10,-1.05,1,16.91,4.32,0.1250
718932,-3.91,2.34,14.51,8,14.69,187,0.39,760,0.00,17.00,102,0,0.00,10,9.00,5.07,4.71,14.70,-1.05,1,16.91,4.32,0.1250
719034,-3.91,2.34,14.51,8,14.69,187,0.40,758,0.00,17.00,102,0,0.00,10,9.00,5.02,4.31,14.40,-1.05,1,16.91,4.17,0.1250
719136,-3.91,2.34,14.51,8,14.69,187,0.40,761,0.00,17.50,102,0,0.00,10,9.00,4.99,4.31,14.50,-1.05,1,16.91,4.17,0.1250
719238,-3.91,2.34,14.51,8,14.69,187,0.40,755,0.00,17.00,102,0,0.00,10,9.00,5.02,4.31,14.50,-1.05,1,16.91,4.17,0.1250
719340,-3.91,2.34,14.51,8,14.69,187,0.40,748,0.00,17.00,102,0,0.00,10,9.00,5.10,4.31,14.50,-1.05,1,16.91,4.17,0.1250
719442,-3.91,2.34,14.51,8,14.69,187,0.40,750,0.00,17.50,102,0,0.00,10,9.00,5.02,4.31,14.50,-1.05,1,16.91,4.17,0.1250
719544,-4.69,2.34,14.51,8,14.69,187,0.40,755,0.00,17.50,102,0,0.00,10,9.00,4.99,4.31,14.50,-1.05,1,16.91,4.17,0.1250
719646,-4.69,2.34,14.51,8,14.69,187,0.40,757,0.00,17.00,102,0,0.00,10,9.00,5.02,4.31,14.60,-1.05,1,16.91,4.17,0.1250
719748,-4.69,2.34,14.51,8,14.69,187,0.40,749,0.00,17.00,102,0,0.00,10,9.00,4.91,4.31,14.50,-1.05,1,16.91,4.17,0.1250
719850,-4.69,2.34,14.51,8,14.69,187,0.40,760,0.00,17.00,102,0,0.00,10,9.00,5.05,4.31,14.50,-1.05,1,16.91,4.17,0.1250
719952,-4.69,2.34,14.51,8,14.69,187,0.40,768,0.00,17.00,102,0,0.00,10,9.00,5.02,4.31,14.40,-1.05,1,16.91,4.17,0.1250
720054,-4.69,2.34,14.51,8,14.69,187,0.39,773,0.00,17.00,102,0,0.00,10,9.00,4.97,4.31,14.40,-1.05,1,16.91,4.17,0.1250
720156,-5.47,2.34,14.51,8,14.69,187,0.39,772,0.00,17.00,102,0,0.00,10,9.00,4.91,4.31,14.40,-1.05,1,16.91,4.17,0.1250
720258,-5.47,2.34,14.51,8,14.69,187,0.39,777,0.00,16.50,102,0,0.00,10,9.00,4.94,4.31,14.30,-1.05,1,16.91,4.32,0.1250
720360,-5.47,2.34,14.51,8,14.69,187,0.39,769,0.00,17.00,102,0,0.00,10,9.00,4.94,4.31,14.40,-1.05,1,16.91,4.17,0.1250
720462,-5.47,2.34,14.51,8,14.69,187,0.39,767,0.00,17.00,102,0,0.00,10,9.00,4.88,4.31,14.50,-1.05,1,16.91,3.88,0.1250
720564,-4.69,2.34,14.51,8,14.69,187,0.38,768,0.00,17.00,102,0,0.00,10,8.85,4.78,3.92,14.50,-1.05,1,16.91,3.88,0.1250
720666,-4.69,2.34,14.51,8,14.69,187,0.38,757,0.00,17.00,102,0,0.00,10,8.85,4.72,3.92,14.50,-1.05,1,16.91,3.88,0.1250
720768,-4.69,2.34,14.51,8,14.69,187,0.38,746,0.00,17.00,102,0,0.00,10,8.71,4.72,3.92,14.60,-1.05,1,16.91,3.88,0.1250
720870,-4.69,2.34,14.51,8,14.69,187,0.38,735,0.00,18.00,102,0,0.00,10,8.71,4.66,3.92,14.70,-1.05,1,16.91,3.88,0.1250
720972,-4.69,2.34,14.51,8,14.69,187,0.38,730,0.00,18.00,102,0,0.00,10,8.71,4.54,3.92,15.00,-1.05,1,16.91,4.03,0.1250
721074,-4.69,2.34,14.51,8,14.69,187,0.38,738,0.00,17.50,102,0,0.00,10,8.71,4.60,3.92,14.80,-1.05,1,16.91,3.88,0.1250
721176,-4.69,2.34,14.51,8,14.69,187,0.38,728,0.00,17.50,102,0,0.00,10,8.85,4.69,3.92,14.80,-1.05,1,16.91,3.88,0.1250
721278,-4.69,2.34,14.51,8,14.69,187,0.38,720,0.00,18.50,102,0,0.00,10,8.85,4.60,3.92,14.70,-1.05,1,16.91,3.74,0.1250
721380,-4.69,2.34,14.51,8,14.69,187,0.38,718,0.00,19.50,102,0,0.00,10,8.85,4.54,3.92,14.70,-1.05,1,16.91,3.74,0.1250
721482,-5.47,2.34,14.51,8,14.69,187,0.38,707,0.00,19.00,102,0,0.00,10,8.85,4.48,3.92,14.60,-1.05,1,16.91,3.74,0.1250
721584,-5.47,2.34,14.51,8,14.69,187,0.38,709,0.00,18.00,102,0,0.00,10,8.85,4.48,3.92,14.50,-1.05,1,16.91,3.74,0.1250
721686,-5.47,2.34,14.51,8,14.69,189,0.38,713,0.00,18.00,102,0,0.00,10,8.85,4.41,3.92,14.50,-1.05,1,16.91,3.74,0.1250
721788,-5.47,2.34,14.51,8,14.69,189,0.38,717,0.00,17.50,102,0,0.00,10,8.85,4.51,3.92,14.50,-1.05,1,16.91,3.74,0.1250
721890,-5.47,2.34,14.51,8,14.69,189,0.38,725,0.00,17.00,102,0,0.00,10,8.71,4.51,3.92,14.50,-1.05,1,16.91,3.72,0.1250
721992,-6.25,2.34,14.51,8,14.69,189,0.38,710,0.00,18.00,102,0,0.00,10,8.71,4.41,3.92,14.30,-1.05,1,16.91,3.59,0.1250
722094,-6.25,2.34,14.51,8,14.69,189,0.38,706,0.00,17.50,104,0,0.00,10,8.71,4.35,3.92,14.40,-1.05,1,16.91,3.59,0.1250
722196,-6.25,2.34,14.51,8,14.69,189,0.37,707,0.00,17.50,104,0,0.00,10,8.71,4.32,3.92,14.50,-1.05,1,16.91,3.59,0.1250
722298,-6.25,2.34,14.51,8,14.69,189,0.37,691,0.00,18.00,104,0,0.00,10,8.71,4.35,3.92,14.50,-1.05,1,16.91,3.59,0.1250
722400,-6.25,2.34,14.51,8,14.69,189,0.37,699,0.00,19.00,104,0,0.00,10,8.71,4.32,3.92,14.40,-1.05,1,16.91,3.59,0.1250
722502,-6.25,2.34,14.51,8,14.69,189,0.37,682,0.00,19.50,104,0,0.00,10,8.71,4.38,3.92,14.50,-1.05,1,16.91,3.59,0.1250
722604,-6.25,2.34,14.51,8,14.69,189,0.38,691,0.00,18.00,104,0,0.00,10,8.71,4.22,3.92,14.50,-1.05,1,16.91,3.59,0.1250
722706,-6.25,2.34,14.51,8,14.69,189,0.37,694,0.00,17.00,104,0,0.00,10,8.71,4.38,3.92,14.50,-1.05,1,17.24,3.87,0.1250
722808,-6.25,2.34,14.51,8,14.69,189,0.37,692,0.00,17.50,104,0,-1.00,10,8.85,5.44,6.67,14.50,-1.05,1,19.29,7.08,0.1250
722910,-5.47,2.34,14.51,8,14.69,189,0.41,719,0.00,19.50,104,0,-1.00,10,10.74,7.24,8.63,14.70,-1.05,1,22.59,7.78,0.1250
723013,-5.47,0.00,14.51,8,14.66,189,0.45,765,0.00,20.00,104,0,0.00,10,11.03,5.60,5.49,14.50,-1.05,1,22.59,4.32,0.1250
723114,-4.69,2.34,14.51,8,14.66,189,0.44,871,0.00,16.00,104,0,0.00,10,9.72,4.60,3.92,14.80,-1.05,1,20.86,3.74,0.1250
723216,-4.69,2.34,14.51,8,14.67,189,0.40,917,0.00,14.50,104,0,0.00,10,9.00,4.29,3.92,15.10,-1.05,1,19.07,3.73,0.1250
723318,-5.47,2.34,14.51,8,14.67,189,0.36,883,0.00,13.50,104,0,0.00,10,8.71,4.69,4.31,14.90,-1.05,1,17.85,4.46,0.1250
723420,-5.47,2.34,14.51,8,14.69,189,0.35,818,0.00,18.00,104,0,0.00,10,8.56,5.31,4.71,14.80,-1.05,1,18.48,6.19,0.1250
723522,-3.91,2.34,14.51,8,14.69,189,0.38,761,0.00,18.00,104,0,-1.00,10,11.32,10.01,13.33,14.70,-1.05,1,21.00,12.75,0.1250
723624,-2.34,0.00,14.51,8,14.65,189,0.49,890,0.00,20.00,104,0,0.00,10,11.32,6.84,7.45,14.80,-1.05,1,25.39,6.21,0.1250
723726,-3.91,0.00,14.51,8,14.63,189,0.47,984,0.00,18.50,104,0,0.00,10,10.30,5.50,5.49,15.10,-1.05,1,23.39,5.33,0.1250
723828,-7.03,2.34,14.51,8,14.63,189,0.43,1051,0.00,16.00,104,0,0.00,10,9.72,5.65,5.49,16.30,-1.05,1,20.46,5.33,0.1250
723930,-8.59,0.00,14.51,8,14.64,189,0.38,1029,0.00,14.50,104,0,0.00,10,9.14,5.58,5.49,13.80,-1.05,1,18.90,5.33,0.1250
724033,-7.81,2.34,14.51,8,14.66,189,0.37,938,0.00,12.50,104,0,0.00,10,9.00,5.72,5.88,13.50,-1.05,1,17.29,5.48,0.1250
724134,-6.25,0.00,14.51,8,14.68,189,0.37,876,0.00,16.50,104,0,0.00,10,9.00,5.72,5.49,13.80,-1.05,1,16.91,5.33,0.1250
724236,-3.12,0.00,14.51,8,14.69,189,0.38,817,0.00,18.50,104,0,0.00,10,9.00,5.53,5.10,14.10,-1.05,1,16.91,4.61,0.1250
724338,-0.78,2.34,14.51,8,14.69,189,0.39,786,0.00,21.00,104,0,0.00,10,9.00,5.60,5.49,14.20,-1.05,1,16.91,5.48,0.1250
724441,0.00,2.34,14.51,8,14.69,189,0.40,787,0.00,20.50,104,0,0.00,10,9.29,5.69,5.49,15.40,-1.05,1,16.91,5.19,0.1250
724542,0.00,0.00,14.51,8,14.69,189,0.41,790,0.00,20.00,104,0,0.00,10,9.43,5.36,4.71,15.80,-1.05,1,16.91,3.88,0.1250
724645,0.00,2.34,14.51,8,14.68,189,0.41,825,0.00,17.00,104,0,0.00,10,9.00,4.83,3.92,15.90,-1.05,1,16.91,3.88,0.1250
724747,-0.78,2.34,14.51,8,14.68,189,0.39,844,0.00,17.00,104,0,0.00,10,8.56,4.88,3.92,16.00,-1.05,1,16.91,4.03,0.1250
724849,-1.56,2.34,14.51,8,14.68,189,0.37,848,0.00,17.00,104,0,0.00,10,8.42,4.94,4.31,15.80,-1.05,1,16.91,4.03,0.1250
724951,-1.56,2.34,14.51,8,14.69,189,0.37,829,0.00,17.00,104,0,0.00,10,8.42,4.86,3.92,15.80,-1.05,1,16.91,3.88,0.1250
725053,-2.34,2.34,14.51,8,14.69,189,0.36,800,0.00,18.50,104,0,0.00,10,8.27,4.86,3.92,15.50,-1.05,1,16.91,4.03,0.1250
725155,-2.34,2.34,14.51,8,14.69,189,0.37,768,0.00,21.00,104,0,0.00,10,8.27,5.16,4.31,15.00,-1.05,1,16.91,5.63,0.1250
725256,-3.12,2.34,14.51,8,14.69,189,0.37,746,0.00,22.00,104,0,0.00,10,8.56,5.50,5.49,14.40,-1.05,1,16.91,5.04,0.1250
725359,-3.12,2.34,14.51,8,14.69,189,0.39,740,0.00,21.50,104,0,0.00,10,9.00,5.27,5.10,14.40,-1.05,1,16.91,4.75,0.1250
725461,-3.12,2.34,14.51,8,14.69,189,0.40,751,0.00,21.00,104,0,0.00,10,9.14,5.24,5.10,14.30,-1.05,1,16.91,4.75,0.1250
725563,-3.12,2.34,14.51,8,14.69,189,0.41,785,0.00,17.50,104,0,0.00,10,9.29,5.39,5.49,14.30,-1.05,1,16.91,5.04,0.1250
725665,-3.12,2.34,14.51,8,14.69,189,0.41,801,0.00,17.00,104,0,0.00,10,9.29,5.39,5.10,14.30,-1.05,1,16.91,4.89,0.1250
725767,-3.12,2.34,14.51,8,14.69,189,0.40,806,0.00,17.00,104,0,0.00,10,9.14,5.15,4.71,14.30,-1.05,1,16.91,4.32,0.1250
725869,-3.12,2.34,14.51,8,14.69,189,0.40,806,0.00,17.00,104,0,0.00,10,9.00,5.05,4.31,14.30,-1.05,1,16.91,4.32,0.1250
725971,-3.12,2.34,14.51,8,14.69,189,0.39,804,0.00,17.00,104,0,0.00,10,9.00,5.22,5.49,14.40,-1.05,1,16.91,5.04,0.1250
726072,-2.34,2.34,14.51,8,14.69,189,0.39,818,0.00,17.00,104,0,0.00,10,9.00,5.31,5.49,14.40,-1.05,1,16.91,5.04,0.1250
726174,-2.34,2.34,14.51,8,14.69,189,0.39,816,0.00,16.50,104,0,0.00,10,9.14,5.36,5.10,14.50,-1.05,1,16.91,4.76,0.1250
726277,-3.12,2.34,14.51,8,14.69,189,0.39,817,0.00,16.50,104,0,0.00,10,9.00,5.29,5.10,14.70,-1.05,1,16.91,4.90,0.1250
726378,-2.34,2.34,14.51,8,14.69,189,0.39,794,0.00,17.00,104,0,0.00,10,9.14,5.50,5.49,14.60,-1.05,1,16.91,5.19,0.1250
726481,-2.34,2.34,14.51,8,14.69,189,0.40,767,0.00,18.00,104,0,0.00,10,9.29,5.55,5.49,14.60,-1.05,1,16.91,5.19,0.1250
726583,-2.34,2.34,14.51,8,14.69,189,0.41,761,0.00,19.00,104,0,0.00,10,9.43,5.53,5.10,14.80,-1.05,1,16.91,4.90,0.1250
726685,-1.56,2.34,14.51,8,14.68,189,0.42,771,0.00,19.00,104,0,0.00,10,9.43,5.34,5.10,14.80,-1.05,1,16.91,4.75,0.1250
726786,-1.56,2.34,14.51,8,14.68,189,0.42,776,0.00,17.00,104,0,0.00,10,9.43,7.65,4.71,14.80,-1.05,1,16.91,4.45,0.1250
726889,-1.56,2.34,14.51,8,14.68,189,0.41,817,0.00,16.50,104,0,0.00,10,9.14,4.72,3.92,15.20,-1.05,1,16.91,3.61,0.1250
726991,-1.56,2.34,14.51,8,14.68,189,0.39,840,0.00,15.00,104,0,0.00,10,8.71,4.72,3.92,15.00,-1.05,1,16.91,3.88,0.1250
727093,-1.56,2.34,14.51,8,14.69,189,0.37,815,0.00,16.00,104,0,0.00,10,8.42,4.80,3.92,14.90,-1.05,1,16.91,3.88,0.1250
727195,-2.34,2.34,14.51,8,14.69,189,0.37,791,0.00,17.00,104,0,0.00,10,8.27,4.69,3.92,14.80,-1.05,1,16.91,3.88,0.1250
727297,-2.34,2.34,14.51,8,14.69,189,0.36,782,0.00,17.50,104,0,0.00,10,8.27,4.83,3.92,15.50,-1.05,1,17.33,3.88,0.1250
727399,-3.12,2.34,14.51,8,14.69,189,0.37,758,0.00,16.50,104,0,-1.00,10,9.72,9.81,9.41,14.40,-1.05,1,18.49,14.59,0.1250
727501,-3.91,0.00,14.51,8,14.67,189,0.13,780,0.00,22.00,104,0,-1.00,10,13.49,12.59,20.39,14.50,-1.05,1,26.94,16.27,0.1250
727603,-5.47,0.00,14.51,8,14.62,189,0.55,1056,0.00,21.50,106,0,-1.00,10,11.61,5.82,5.88,14.10,-1.05,1,28.21,4.75,0.1250
727705,-8.59,2.34,14.51,8,14.61,189,0.48,1189,0.00,24.00,106,0,0.00,10,9.29,4.48,3.14,13.50,-1.05,1,23.52,3.01,0.1250
727807,-9.38,2.34,14.51,8,14.61,189,0.35,1158,0.00,21.00,106,0,0.00,10,7.84,4.16,3.14,13.00,-1.05,1,20.07,3.15,0.1250
727909,-8.59,2.34,14.51,8,14.63,189,0.31,1065,0.00,13.50,106,0,0.00,10,7.55,4.23,3.53,12.90,-1.05,1,17.83,3.61,0.1250
728011,-7.81,2.34,14.51,8,14.67,189,0.29,843,0.00,18.50,106,0,0.00,10,7.55,4.80,3.92,13.30,-1.05,1,17.01,4.17,0.1250
728113,-6.25,2.34,14.51,8,14.69,189,0.30,782,0.00,22.00,106,0,0.00,10,7.69,5.02,4.71,13.60,-1.05,1,16.91,4.17,0.1250
728215,-5.47,2.34,14.51,8,14.69,189,0.34,694,0.00,22.00,106,1,0.00,10,7.98,4.94,4.31,14.00,-1.05,1,16.91,3.88,0.1250
728317,-7.03,2.34,14.51,8,14.69,189,0.36,664,0.00,22.00,106,0,0.00,10,8.27,4.72,3.92,14.40,-1.05,1,16.91,3.74,0.1250
728419,-8.59,2.34,14.51,8,14.69,189,0.38,668,0.00,22.00,106,0,0.00,10,8.42,4.60,3.92,14.70,-1.05,1,16.91,3.74,0.1250
728521,-11.72,2.34,14.51,8,14.69,189,0.39,669,0.00,22.00,106,0,0.00,10,8.56,4.72,3.92,15.30,-1.05,1,16.91,3.74,0.1250
728623,-15.62,2.34,14.51,8,14.69,189,0.39,690,0.00,22.00,106,0,0.00,10,8.71,4.66,3.92,14.20,-1.05,1,16.91,3.74,0.1250
728725,-13.28,2.34,14.51,8,14.69,189,0.40,710,0.00,20.00,106,0,0.00,10,8.71,4.60,3.92,13.30,-1.05,1,16.91,3.74,0.1250
728827,-12.50,2.34,14.51,8,14.69,189,0.39,706,0.00,20.00,106,0,0.00,10,8.71,4.66,3.92,12.40,-1.05,1,16.91,3.88,0.1250
728929,-13.28,2.34,14.51,8,14.69,189,0.39,714,0.00,18.50,106,0,0.00,10,8.71,4.69,4.31,12.50,-1.05,1,16.91,3.88,0.1250
729030,-13.28,2.34,14.51,8,14.69,189,0.39,711,0.00,18.50,106,0,0.00,10,8.71,4.72,3.92,12.10,-1.05,1,16.91,3.88,0.1250
729133,-13.28,2.34,14.51,8,14.69,189,0.39,701,0.00,19.00,106,0,0.00,10,8.71,4.72,3.92,12.40,-1.05,1,16.91,3.88,0.1250
729235,-12.50,2.34,14.51,8,14.69,189,0.40,696,0.00,19.50,106,0,0.00,10,8.85,4.66,3.92,12.70,-1.05,1,16.91,3.88,0.1250
729337,-12.50,2.34,14.51,8,14.69,189,0.40,694,0.00,19.50,106,0,0.00,10,9.00,4.63,3.92,13.00,-1.05,1,16.91,3.88,0.1250
729439,-12.50,2.34,14.51,8,14.69,189,0.40,680,0.00,19.00,106,0,0.00,10,9.00,4.72,4.31,13.40,-1.05,1,16.91,4.17,0.1250
729541,-11.72,2.34,14.51,8,14.69,189,0.40,684,0.00,19.50,106,0,0.00,10,9.00,4.80,4.31,14.00,-1.05,1,16.91,4.17,0.1250
729643,-11.72,2.34,14.51,8,14.69,189,0.41,693,0.00,18.50,106,0,0.00,10,9.14,4.77,4.31,14.20,-1.05,1,16.91,4.17,0.1250
729745,-11.72,2.34,14.51,8,14.69,189,0.41,705,0.00,18.00,106,0,0.00,10,9.14,4.77,4.31,14.40,-1.05,1,16.91,4.17,0.1250
729847,-10.94,2.34,14.51,8,14.69,189,0.41,692,0.00,18.00,106,0,0.00,10,9.29,5.01,5.10,14.20,-1.05,1,16.91,5.33,0.1250
729949,-10.94,2.34,14.51,8,14.68,189,0.42,704,0.00,17.00,106,0,0.00,10,9.58,5.36,5.49,15.60,-1.05,1,16.91,5.04,0.1250
730051,-10.16,2.34,14.51,8,14.68,189,0.43,697,0.00,17.00,106,0,0.00,10,9.87,5.29,5.10,15.00,-1.05,1,16.91,4.90,0.1250
730154,-9.38,2.34,14.51,8,14.67,189,0.43,704,0.00,16.50,106,0,0.00,10,9.87,5.34,5.10,15.20,-1.05,1,16.91,4.90,0.1250
730254,-7.81,2.34,14.51,8,14.67,189,0.44,728,0.00,16.50,106,0,0.00,10,10.01,5.29,5.10,15.30,-1.05,1,16.91,4.90,0.1250
730357,-7.03,2.34,14.51,8,14.67,189,0.44,741,0.00,16.00,106,0,0.00,10,10.01,5.24,4.71,15.70,-1.05,1,16.91,4.46,0.1250
730459,-6.25,2.34,14.51,8,14.67,189,0.43,771,0.00,14.00,106,0,0.00,10,9.72,4.94,4.31,15.70,-1.05,1,16.91,3.88,0.1250
730561,-5.47,2.34,14.51,8,14.68,189,0.41,788,0.00,13.50,106,0,0.00,10,9.29,4.75,3.92,15.80,-1.05,1,16.91,3.88,0.1250
730664,-5.47,2.34,14.51,8,14.69,189,0.40,782,0.00,14.00,106,0,0.00,10,9.14,4.83,4.31,16.10,-1.05,1,16.91,4.17,0.1250
730765,-5.47,2.34,14.51,8,14.69,189,0.39,765,0.00,15.00,106,0,0.00,10,9.00,4.86,4.31,16.00,-1.05,1,16.91,4.17,0.1250
730868,-5.47,2.34,14.51,8,14.69,189,0.39,755,0.00,16.50,106,0,0.00,10,9.00,4.88,4.31,16.00,-1.05,1,16.91,4.03,0.1250
730970,-5.47,2.34,14.51,8,14.69,189,0.39,760,0.00,16.50,106,0,0.00,10,9.14,4.69,3.92,15.80,-1.05,1,16.91,3.88,0.1250
731071,-5.47,2.34,14.51,8,14.69,189,0.38,766,0.00,15.50,106,0,0.00,10,9.00,4.72,3.92,15.50,-1.05,1,16.91,3.88,0.1250
731174,-4.69,2.34,14.51,8,14.69,189,0.38,763,0.00,16.50,106,0,0.00,10,9.00,4.75,3.92,15.50,-1.05,1,16.91,3.88,0.1250
731275,-4.69,2.34,14.51,8,14.69,189,0.38,760,0.00,16.50,106,0,0.00,10,8.85,4.75,3.92,15.40,-1.05,1,16.91,3.88,0.1250
731378,-3.91,2.34,14.51,8,14.69,189,0.38,760,0.00,16.50,106,0,0.00,10,8.85,4.75,3.92,15.40,-1.05,1,16.91,3.88,0.1250
731480,-3.91,2.34,14.51,8,14.69,189,0.38,738,0.00,17.00,106,0,0.00,10,8.85,4.60,3.92,15.30,-1.05,1,16.91,3.88,0.1250
731581,-3.91,2.34,14.51,8,14.69,189,0.38,730,0.00,17.00,106,0,0.00,10,8.71,4.60,3.92,15.50,-1.05,1,16.91,3.88,0.1250
731684,-3.91,2.34,14.51,8,14.69,189,0.38,727,0.00,17.50,106,0,0.00,10,8.85,4.69,3.92,15.20,-1.05,1,16.91,4.03,0.1250
731786,-3.91,2.34,14.51,8,14.69,190,0.38,717,0.00,17.50,106,0,0.00,10,8.85,4.75,4.31,15.40,-1.05,1,16.91,4.17,0.1250
731887,-3.91,2.34,14.51,8,14.69,190,0.39,720,0.00,17.00,106,0,0.00,10,8.85,4.75,4.31,15.20,-1.05,1,16.91,4.03,0.1250
731989,-3.91,2.34,14.51,8,14.69,190,0.39,727,0.00,17.00,106,0,0.00,10,9.00,4.77,4.31,15.10,-1.05,1,16.91,4.03,0.1250
732091,-3.91,2.34,14.51,8,14.69,190,0.39,732,0.00,17.00,106,0,0.00,10,8.85,4.60,3.92,15.10,-1.05,1,16.91,3.88,0.1250
732194,-3.91,2.34,14.51,8,14.69,190,0.39,735,0.00,17.00,106,0,0.00,10,8.85,4.60,3.92,15.00,-1.05,1,16.91,4.03,0.1250
732296,-3.91,2.34,14.51,8,14.69,190,0.38,734,0.00,17.00,106,0,0.00,10,8.85,4.80,4.31,14.90,-1.05,1,16.91,4.17,0.1250
732397,-3.91,2.34,14.51,8,14.69,190,0.38,737,0.00,17.00,106,0,0.00,10,8.85,4.83,4.71,14.80,-1.05,1,16.91,4.32,0.1250
732500,-4.69,2.34,14.51,8,14.69,190,0.39,742,0.00,17.00,106,0,0.00,10,8.85,4.72,4.31,14.90,-1.05,1,16.91,4.32,0.1250
732602,-4.69,2.34,14.51,8,14.69,190,0.39,733,0.00,17.00,106,0,0.00,10,9.00,4.75,4.31,14.70,-1.05,1,16.91,4.17,0.1250
732703,-4.69,2.34,14.51,8,14.69,190,0.39,715,0.00,17.00,106,0,0.00,10,9.14,2.63,5.49,14.30,-1.05,1,16.91,5.19,0.1250
732806,-3.91,2.34,14.51,8,14.69,190,0.40,714,0.00,17.50,106,0,0.00,10,9.43,5.34,5.49,14.60,-1.05,1,16.91,5.04,0.1250
732907,-3.91,2.34,14.51,8,14.69,190,0.41,734,0.00,17.00,106,0,0.00,10,9.58,5.12,5.10,14.50,-1.05,1,16.91,4.75,0.1250
733010,-3.12,2.34,14.51,8,14.69,190,0.41,768,0.00,15.50,106,0,0.00,10,9.58,5.02,4.71,14.40,-1.05,1,16.91,4.32,0.1250
733112,-2.34,2.34,14.51,8,14.69,190,0.41,777,0.00,15.00,106,0,0.00,10,9.58,4.91,4.31,14.90,-1.05,1,16.91,4.02,0.1250
733213,-2.34,2.34,14.51,8,14.69,190,0.40,788,0.00,14.00,106,0,0.00,10,9.29,4.80,3.92,14.90,-1.05,1,16.91,3.88,0.1250
733316,-2.34,2.34,14.51,8,14.69,190,0.39,801,0.00,13.50,106,0,0.00,10,9.14,4.83,4.31,15.20,-1.05,1,16.91,4.03,0.1250
733418,-1.56,2.34,14.51,8,14.69,190,0.38,780,0.00,15.00,106,0,0.00,10,9.00,4.80,4.31,15.20,-1.05,1,16.91,4.03,0.1250
733520,-2.34,2.34,14.51,8,14.69,190,0.38,783,0.00,16.00,106,0,0.00,10,9.00,4.83,4.31,15.20,-1.05,1,16.91,4.03,0.1250
733622,-1.56,2.34,14.51,8,14.69,190,0.37,784,0.00,16.00,106,0,0.00,10,9.00,4.80,4.31,15.20,-1.05,1,16.91,4.03,0.1250
733723,-1.56,2.34,14.51,8,14.69,190,0.37,764,0.00,16.50,106,0,0.00,10,8.85,4.77,4.31,15.10,-1.05,1,16.91,4.03,0.1250
733826,-1.56,2.34,14.51,8,14.69,190,0.37,764,0.00,17.00,106,0,0.00,10,8.85,4.75,4.31,15.20,-1.05,1,16.91,4.03,0.1250
733928,-1.56,2.34,14.51,8,14.69,190,0.37,758,0.00,17.00,106,0,0.00,10,8.85,4.77,3.92,15.10,-1.05,1,16.91,3.88,0.1250
734030,-1.56,2.34,14.51,8,14.69,190,0.38,738,0.00,17.00,106,0,0.00,10,9.14,4.94,5.10,15.00,-1.05,1,16.91,4.90,0.1250
734132,-1.56,2.34,14.51,8,14.69,190,0.39,723,0.00,17.00,106,0,0.00,10,9.29,5.27,5.49,15.10,-1.05,1,16.91,5.05,0.1250
734234,-0.78,2.34,14.51,8,14.69,190,0.40,717,0.00,18.50,106,0,0.00,10,9.58,5.24,5.10,15.00,-1.05,1,16.91,4.75,0.1250
734336,-0.78,2.34,14.51,8,14.69,190,0.41,736,0.00,17.50,106,0,0.00,10,9.43,4.57,3.14,15.00,-1.05,1,16.91,3.15,0.1250
734438,0.00,2.34,14.51,8,14.69,190,0.40,764,0.00,16.50,106,0,0.00,10,9.00,4.44,3.92,15.00,-1.05,1,16.91,4.03,0.1250
734540,0.00,2.34,14.51,8,14.69,190,0.39,768,0.00,16.50,106,0,0.00,10,9.00,4.60,3.92,15.10,-1.05,1,16.91,3.88,0.1250
734642,-0.78,2.34,14.51,8,14.69,190,0.38,768,0.00,17.50,106,0,-1.00,10,8.85,3.18,3.92,15.20,-1.05,1,17.70,6.48,0.1250
734744,-0.78,0.00,14.51,8,14.69,190,0.38,783,0.00,18.50,106,0,-1.00,10,12.48,10.63,16.08,15.20,-1.05,1,21.95,14.59,0.1250
734846,-2.34,0.00,14.51,8,14.63,190,0.49,922,0.00,16.50,106,0,-1.00,10,11.03,5.69,5.88,15.00,-1.05,1,22.99,4.76,0.1250
734948,-4.69,0.00,14.51,8,14.63,190,0.44,1050,0.00,16.00,106,0,0.00,10,9.58,4.72,3.92,14.40,-1.05,1,20.53,3.45,0.1250
735050,-7.81,2.34,14.51,8,14.63,190,0.38,1059,0.00,14.00,106,0,0.00,10,8.27,4.14,3.14,13.80,-1.05,1,18.26,3.01,0.1250
735152,-8.59,2.34,14.51,8,14.64,190,0.32,998,0.00,12.50,106,0,0.00,10,7.98,3.94,3.14,13.10,-1.05,1,16.91,3.15,0.1250
735254,-7.81,2.34,14.51,8,14.68,190,0.30,874,0.00,16.50,106,0,0.00,10,7.84,4.47,4.31,13.00,-1.05,1,16.91,4.17,0.1250
735356,-6.25,2.34,14.51,8,14.69,190,0.31,725,0.00,22.00,106,0,0.00,10,8.27,4.83,4.31,13.00,-1.05,1,16.91,4.17,0.1250
735458,-5.47,2.34,14.51,8,14.69,190,0.33,678,0.00,22.00,106,0,0.00,10,8.71,4.75,4.31,13.10,-1.05,1,16.91,3.72,0.1250
735560,-4.69,2.34,14.51,8,14.69,190,0.36,676,0.00,22.00,106,0,0.00,10,8.85,4.66,3.92,14.00,-1.05,1,16.91,4.61,0.1250
735662,-3.12,2.34,14.51,8,14.69,190,0.38,686,0.00,22.00,106,0,0.00,10,9.14,5.12,5.10,14.00,-1.05,1,16.91,3.88,0.1250
735764,-0.78,2.34,14.51,8,14.69,190,0.39,724,0.00,20.00,106,0,0.00,10,9.14,4.72,3.92,15.30,-1.05,1,16.91,3.74,0.1250
735866,-0.78,2.34,14.51,8,14.69,190,0.39,760,0.00,18.00,108,0,0.00,10,9.00,4.63,3.92,15.50,-1.05,1,16.91,3.74,0.1250
735968,-2.34,2.34,14.51,8,14.69,190,0.38,760,0.00,17.00,108,0,0.00,10,8.85,4.75,3.92,15.80,-1.05,1,16.91,3.88,0.1250
736071,-3.12,2.34,14.51,8,14.69,190,0.38,759,0.00,17.00,108,0,0.00,10,8.85,4.72,3.92,15.60,-1.05,1,16.91,3.88,0.1250
736172,-3.91,2.34,14.51,8,14.69,190,0.38,745,0.00,17.50,108,0,0.00,10,8.71,4.69,3.92,15.60,-1.05,1,16.91,3.88,0.1250
736274,-4.69,2.34,14.51,8,14.69,190,0.38,734,0.00,17.50,108,0,0.00,10,8.71,4.54,3.92,14.80,-1.05,1,16.91,3.88,0.1250
736376,-4.69,2.34,14.51,8,14.69,190,0.38,730,0.00,18.50,108,0,0.00,10,8.71,4.85,4.71,15.10,-1.05,1,16.91,4.75,0.1250
736478,-4.69,2.34,14.51,8,14.69,190,0.39,714,0.00,19.50,108,0,0.00,10,9.00,5.24,5.10,14.50,-1.05,1,16.91,4.75,0.1250
736580,-4.69,2.34,14.51,8,14.69,190,0.40,718,0.00,19.00,108,0,0.00,10,9.14,4.68,3.53,14.40,-1.05,1,16.91,3.45,0.1250
736682,-3.91,2.34,14.51,8,14.69,190,0.39,743,0.00,17.50,108,0,0.00,10,8.85,4.51,3.92,14.40,-1.05,1,16.91,3.59,0.1250
736785,-3.91,2.34,14.51,8,14.69,190,0.39,738,0.00,17.00,108,0,0.00,10,8.71,4.51,3.92,14.40,-1.05,1,16.91,3.88,0.1250
736886,-3.91,2.34,14.51,8,14.69,190,0.38,744,0.00,17.00,108,0,0.00,10,8.71,4.54,3.92,14.50,-1.05,1,16.91,3.88,0.1250
736988,-4.69,2.34,14.51,8,14.69,190,0.38,742,0.00,17.00,108,0,0.00,10,8.71,4.47,3.92,14.80,-1.05,1,16.91,3.74,0.1250
737090,-4.69,2.34,14.51,8,14.69,190,0.37,735,0.00,17.00,108,0,0.00,10,8.56,4.57,3.92,14.50,-1.05,1,16.91,3.74,0.1250
737192,-5.47,2.34,14.51,8,14.69,190,0.37,739,0.00,17.00,108,0,0.00,10,8.56,4.54,3.92,14.40,-1.05,1,16.91,3.74,0.1250
737294,-5.47,2.34,14.51,8,14.69,190,0.37,720,0.00,17.50,108,0,0.00,10,8.56,4.54,3.92,14.30,-1.05,1,16.91,3.74,0.1250
737396,-5.47,2.34,14.51,8,14.69,190,0.37,717,0.00,18.00,108,0,0.00,10,8.71,4.47,3.92,14.40,-1.05,1,16.91,3.72,0.1250
737498,-5.47,2.34,14.51,8,14.69,190,0.37,714,0.00,19.00,108,0,0.00,10,8.71,4.53,3.92,14.40,-1.05,1,16.91,5.04,0.1250
737600,-5.47,2.34,14.51,8,14.69,190,0.38,713,0.00,18.00,108,0,0.00,10,9.00,5.17,5.49,14.30,-1.05,1,16.91,4.90,0.1250
737702,-5.47,2.34,14.51,8,14.69,190,0.40,723,0.00,17.00,108,0,0.00,10,9.29,5.12,5.10,14.30,-1.05,1,16.91,4.76,0.1250
737804,-5.47,2.34,14.51,8,14.69,190,0.40,732,0.00,17.00,108,0,0.00,10,9.43,4.99,5.10,14.40,-1.05,1,16.91,4.75,0.1250
737906,-5.47,2.34,14.51,8,14.69,190,0.41,726,0.00,17.00,108,0,0.00,10,9.43,5.02,5.10,14.40,-1.05,1,16.91,4.75,0.1250
738008,-4.69,2.34,14.51,8,14.69,190,0.41,716,0.00,17.50,108,0,0.00,10,9.58,5.10,5.10,14.60,-1.05,1,16.91,4.75,0.1250
738110,-3.91,2.34,14.51,8,14.68,190,0.42,702,0.00,18.00,108,0,0.00,10,9.58,5.04,5.10,15.70,-1.05,1,16.91,4.75,0.1250
738212,-3.91,2.34,14.51,8,14.68,190,0.42,700,0.00,17.50,108,0,0.00,10,9.72,5.17,5.10,14.80,-1.05,1,16.91,4.75,0.1250
738314,-3.12,2.34,14.51,8,14.68,190,0.43,696,0.00,18.00,108,0,0.00,10,9.87,5.15,5.10,15.10,-1.05,1,16.91,4.75,0.1250
738416,-3.12,2.34,14.51,8,14.68,190,0.43,703,0.00,17.50,108,0,0.00,10,9.87,5.10,5.10,15.10,-1.05,1,16.91,4.75,0.1250
738518,-2.34,2.34,14.51,8,14.68,190,0.43,713,0.00,17.00,108,0,0.00,10,9.87,2.56,5.10,15.30,-1.05,1,16.91,4.75,0.1250
738620,-2.34,2.34,14.51,8,14.68,190,0.43,703,0.00,17.00,108,0,0.00,10,10.01,5.53,6.67,15.40,-1.05,1,16.91,6.21,0.1250
738722,-2.34,2.34,14.51,8,14.67,190,0.44,702,0.00,17.00,108,0,0.00,10,10.59,5.65,6.27,15.40,-1.05,1,16.91,5.77,0.1250
738824,-1.56,0.00,14.51,8,14.66,190,0.45,694,0.00,17.50,108,0,0.00,10,10.74,5.53,5.88,15.30,-1.05,1,16.91,5.77,0.1250
738926,-0.78,2.34,14.51,8,14.66,190,0.46,708,0.00,16.50,108,0,0.00,10,10.74,5.48,5.88,15.30,-1.05,1,16.91,5.77,0.1250
739028,0.00,2.34,14.51,8,14.66,190,0.46,750,0.00,16.00,108,0,0.00,10,10.74,5.10,4.71,15.40,-1.05,1,16.91,4.61,0.1250
739130,0.78,2.34,14.51,8,14.66,190,0.44,767,0.00,14.00,108,0,0.00,10,10.45,5.02,4.71,15.70,-1.05,1,16.91,4.75,0.1250
739232,0.78,2.34,14.51,8,14.68,190,0.43,775,0.00,14.00,108,0,0.00,10,10.30,5.10,5.10,15.70,-1.05,1,16.91,4.90,0.1250
739334,1.56,2.34,14.51,8,14.68,190,0.42,750,0.00,15.50,108,0,0.00,10,10.30,5.41,5.10,15.80,-1.05,1,16.91,6.21,0.1250
739436,1.56,2.34,14.51,8,14.68,190,0.42,734,0.00,16.50,108,0,0.00,10,10.45,5.53,6.27,15.70,-1.05,1,16.91,5.63,0.1250
739539,3.12,2.34,14.51,8,14.68,190,0.43,724,0.00,16.50,108,0,0.00,10,10.59,5.57,5.88,15.80,-1.05,1,16.91,5.63,0.1250
739640,3.91,2.34,14.51,8,14.67,190,0.44,726,0.00,16.50,108,0,0.00,10,10.59,5.57,5.88,15.70,-1.05,1,16.91,5.63,0.1250
739742,4.69,2.34,14.51,8,14.67,190,0.44,738,0.00,16.50,108,0,0.00,10,10.59,5.60,5.88,15.90,-1.05,1,16.91,5.63,0.1250
739844,5.47,2.34,14.51,8,14.66,190,0.45,754,0.00,15.50,108,0,0.00,10,10.74,5.60,5.88,15.80,-1.05,1,16.91,5.63,0.1250
739946,6.25,2.34,14.51,8,14.66,190,0.45,777,0.00,15.00,108,0,0.00,10,10.59,5.41,5.10,16.00,-1.05,1,16.91,4.76,0.1250
740048,5.47,2.34,14.51,8,14.67,190,0.43,794,0.00,13.00,108,0,0.00,10,10.30,5.22,5.10,16.00,-1.05,1,16.91,4.75,0.1250
740150,5.47,2.34,14.51,8,14.68,190,0.42,811,0.00,12.50,108,0,0.00,10,10.16,5.19,5.10,15.90,-1.05,1,16.91,4.90,0.1250
740252,5.47,2.34,14.51,8,14.68,190,0.41,793,0.00,13.50,108,0,0.00,10,10.01,5.34,5.10,15.70,-1.05,1,16.91,4.90,0.1250
740354,5.47,2.34,14.51,8,14.69,190,0.41,783,0.00,15.50,108,0,0.00,10,10.01,5.41,5.49,15.40,-1.05,1,16.91,5.04,0.1250
740456,5.47,2.34,14.51,8,14.69,190,0.41,779,0.00,16.00,108,0,0.00,10,10.01,5.72,6.67,15.20,-1.05,1,16.91,6.50,0.1250
740558,5.47,0.00,14.51,8,14.68,190,0.42,744,0.00,16.50,108,0,0.00,10,10.30,6.20,6.27,15.20,-1.05,1,16.91,5.92,0.1250
740661,5.47,0.00,14.51,8,14.67,190,0.44,740,0.00,16.50,108,0,0.00,10,10.59,6.01,6.27,15.00,-1.05,1,16.91,5.92,0.1250
740763,5.47,0.00,14.51,8,14.66,190,0.46,768,0.00,16.50,108,0,0.00,10,10.59,5.69,5.88,14.90,-1.05,1,16.91,5.63,0.1250
740864,6.25,0.00,14.51,8,14.66,190,0.45,793,0.00,15.50,108,0,0.00,10,10.45,5.22,4.71,14.80,-1.05,1,16.91,4.61,0.1250
740966,5.47,2.34,14.51,8,14.67,190,0.44,810,0.00,13.50,108,0,0.00,10,10.16,5.36,5.49,15.00,-1.05,1,16.91,5.19,0.1250
741068,5.47,2.34,14.51,8,14.68,190,0.42,813,0.00,13.50,108,0,0.00,10,10.16,5.55,5.49,14.80,-1.05,1,16.91,4.90,0.1250
741170,4.69,2.34,14.51,8,14.68,190,0.42,804,0.00,14.50,108,0,0.00,10,10.01,5.53,5.49,14.50,-1.05,1,16.91,4.90,0.1250
741273,4.69,2.34,14.51,8,14.68,190,0.42,806,0.00,15.00,108,0,0.00,10,9.87,5.43,5.10,14.50,-1.05,1,16.91,4.90,0.1250
741374,5.47,2.34,14.51,8,14.68,190,0.41,799,0.00,16.00,108,0,0.00,10,10.01,5.53,5.10,14.50,-1.05,1,16.91,5.77,0.1250
741476,5.47,2.34,14.51,8,14.68,190,0.42,770,0.00,16.50,108,0,0.00,10,10.16,5.86,5.88,14.50,-1.05,1,16.91,5.77,0.1250
741579,5.47,0.00,14.51,8,14.68,190,0.43,762,0.00,16.50,108,0,0.00,10,10.30,5.86,5.88,14.50,-1.05,1,16.91,5.77,0.1250
741680,6.25,0.00,14.51,8,14.67,190,0.44,761,0.00,16.50,108,0,0.00,10,10.30,5.81,5.88,14.70,-1.05,1,16.91,5.77,0.1250
741782,6.25,0.00,14.51,8,14.67,190,0.45,763,0.00,16.50,108,0,0.00,10,10.45,5.65,5.88,14.70,-1.05,1,16.91,5.63,0.1250
741885,7.03,0.00,14.51,8,14.67,190,0.45,776,0.00,16.50,108,0,0.00,10,10.16,5.24,4.71,14.90,-1.05,1,16.91,4.61,0.1250
741987,7.03,2.34,14.51,8,14.67,190,0.43,800,0.00,16.00,108,0,0.00,10,10.01,5.34,5.10,14.90,-1.05,1,16.91,4.90,0.1250
742089,7.03,2.34,14.51,8,14.68,190,0.42,794,0.00,15.50,108,0,0.00,10,9.87,5.38,5.10,15.00,-1.05,1,16.91,4.90,0.1250
742190,6.25,2.34,14.51,8,14.68,190,0.42,797,0.00,16.00,108,0,0.00,10,9.87,5.41,5.10,15.00,-1.05,1,16.91,4.90,0.1250
742293,5.47,2.34,14.51,8,14.68,190,0.41,786,0.00,16.50,108,0,0.00,10,10.01,5.86,6.67,14.90,-1.05,1,16.91,6.21,0.1250
742395,5.47,0.00,14.51,8,14.68,190,0.43,768,0.00,16.50,108,0,0.00,10,10.30,6.20,6.27,14.10,-1.05,1,16.91,5.77,0.1250
742496,5.47,0.00,14.51,8,14.67,190,0.44,772,0.00,16.50,108,0,0.00,10,10.30,5.74,5.88,14.50,-1.05,1,16.91,4.61,0.1250
742599,6.25,0.00,14.51,8,14.67,190,0.44,801,0.00,15.50,108,0,0.00,10,10.16,5.48,5.10,14.30,-1.05,1,16.91,5.05,0.1250
742700,6.25,2.34,14.51,8,14.67,190,0.43,810,0.00,15.50,108,0,0.00,10,10.01,5.53,5.49,14.50,-1.05,1,16.91,5.04,0.1250
742803,6.25,2.34,14.51,8,14.68,190,0.42,812,0.00,15.50,108,0,0.00,10,9.87,5.57,5.49,14.70,-1.05,1,16.91,5.04,0.1250
742905,5.47,2.34,14.51,8,14.68,190,0.42,810,0.00,16.00,108,0,0.00,10,9.87,5.57,5.49,14.40,-1.05,1,16.91,5.04,0.1250
743007,5.47,2.34,14.51,8,14.68,190,0.42,798,0.00,16.00,108,0,0.00,10,9.87,5.50,5.49,14.50,-1.05,1,16.91,4.90,0.1250
743109,4.69,2.34,14.51,8,14.68,190,0.42,792,0.00,16.50,108,0,0.00,10,9.87,5.53,5.49,14.40,-1.05,1,16.91,5.05,0.1250
743211,4.69,2.34,14.51,8,14.68,190,0.42,792,0.00,16.50,108,0,0.00,10,9.72,5.53,5.10,14.30,-1.05,1,16.91,5.05,0.1250
743313,4.69,2.34,14.51,8,14.68,190,0.42,781,0.00,16.50,108,0,0.00,10,9.87,5.46,5.10,14.30,-1.05,1,16.91,4.90,0.1250
743415,4.69,2.34,14.51,8,14.68,190,0.42,790,0.00,16.50,108,0,0.00,10,9.87,5.46,5.10,14.40,-1.05,1,16.91,4.90,0.1250
743516,4.69,2.34,14.51,8,14.68,190,0.42,796,0.00,16.50,108,0,0.00,10,9.87,5.43,5.10,14.20,-1.05,1,16.91,4.90,0.1250
743618,4.69,2.34,14.51,8,14.68,190,0.42,788,0.00,16.50,108,0,0.00,10,9.87,5.48,5.10,14.30,-1.05,1,16.91,4.90,0.1250
743721,5.47,2.34,14.51,8,14.68,190,0.42,800,0.00,16.50,108,0,0.00,10,9.72,5.41,5.10,14.50,-1.05,1,16.91,4.75,0.1250
743823,5.47,2.34,14.51,8,14.68,190,0.41,802,0.00,16.50,109,0,0.00,10,9.72,5.43,5.10,14.40,-1.05,1,16.91,4.76,0.1250
743925,5.47,2.34,14.51,8,14.69,190,0.41,791,0.00,17.00,109,0,0.00,10,9.72,5.41,5.10,14.60,-1.05,1,16.91,4.76,0.1250
744027,4.69,2.34,14.51,8,14.69,190,0.41,790,0.00,16.50,109,0,0.00,10,9.58,5.29,5.10,14.50,-1.05,1,16.91,4.90,0.1250
744129,4.69,2.34,14.51,8,14.69,190,0.41,773,0.00,17.00,109,0,0.00,10,9.58,5.50,5.10,14.60,-1.05,1,16.91,4.89,0.1250
744231,4.69,2.34,14.51,8,14.69,190,0.41,753,0.00,18.50,109,0,0.00,10,9.72,6.01,6.67,14.50,-1.05,1,16.91,6.21,0.1250
744333,4.69,0.00,14.51,8,14.68,190,0.43,731,0.00,19.50,109,0,0.00,10,10.16,6.15,6.27,14.50,-1.05,1,16.91,5.92,0.1250
744435,4.69,0.00,14.51,8,14.66,190,0.45,738,0.00,18.50,109,0,0.00,10,10.45,5.81,6.27,14.50,-1.05,1,16.91,5.92,0.1250
744536,4.69,0.00,14.51,8,14.66,190,0.46,757,0.00,17.00,109,0,0.00,10,10.59,5.86,5.88,14.40,-1.05,1,16.91,5.62,0.1250
744639,4.69,0.00,14.51,8,14.66,190,0.46,774,0.00,16.50,109,0,0.00,10,10.45,5.81,5.88,14.50,-1.05,1,16.91,5.63,0.1250
744741,4.69,0.00,14.51,8,14.66,190,0.46,803,0.00,15.50,109,0,0.00,10,10.30,5.57,4.71,14.50,-1.05,1,16.91,4.61,0.1250
744843,4.69,2.34,14.51,8,14.66,190,0.44,808,0.00,15.50,109,0,0.00,10,10.01,5.48,5.49,14.50,-1.05,1,16.91,5.04,0.1250
744945,3.91,2.34,14.51,8,14.67,190,0.43,816,0.00,15.50,109,0,0.00,10,10.01,5.57,5.49,14.40,-1.05,1,16.91,5.05,0.1250
745047,3.91,2.34,14.51,8,14.68,190,0.42,818,0.00,15.50,109,0,0.00,10,9.87,5.53,5.10,14.30,-1.05,1,16.91,4.75,0.1250
745149,3.91,2.34,14.51,8,14.68,190,0.42,816,0.00,16.00,109,0,0.00,10,9.87,5.48,5.10,14.40,-1.05,1,16.91,4.75,0.1250
745251,3.91,2.34,14.51,8,14.68,190,0.41,812,0.00,16.00,109,0,0.00,10,9.72,5.50,5.10,14.40,-1.05,1,16.91,4.75,0.1250
745352,3.91,2.34,14.51,8,14.68,190,0.41,798,0.00,16.00,109,0,0.00,10,9.72,5.45,5.10,14.40,-1.05,1,16.91,4.75,0.1250
745455,3.91,2.34,14.51,8,14.69,190,0.41,793,0.00,17.00,109,0,0.00,10,9.72,5.50,5.10,14.50,-1.05,1,16.91,4.90,0.1250
745557,3.91,2.34,14.51,8,14.69,190,0.41,786,0.00,17.00,109,0,0.00,10,9.72,5.41,5.10,14.50,-1.05,1,16.91,4.90,0.1250
745659,3.91,2.34,14.51,8,14.68,190,0.41,781,0.00,17.00,109,0,0.00,10,9.87,5.43,5.10,14.50,-1.05,1,16.91,4.90,0.1250
745761,3.91,2.34,14.51,8,14.68,190,0.41,778,0.00,17.00,109,0,0.00,10,9.87,5.45,5.10,14.50,-1.05,1,16.91,4.75,0.1250
745863,3.91,2.34,14.51,8,14.68,190,0.42,779,0.00,17.00,109,0,0.00,10,9.87,5.34,5.10,14.50,-1.05,1,16.91,4.75,0.1250
745965,3.91,2.34,14.51,8,14.68,190,0.41,777,0.00,17.00,109,0,0.00,10,9.87,5.38,4.71,14.60,-1.05,1,16.91,4.61,0.1250
746067,4.69,2.34,14.51,8,14.68,190,0.41,771,0.00,17.00,109,0,0.00,10,9.87,5.36,5.10,14.40,-1.05,1,16.91,4.76,0.1250
746169,4.69,2.34,14.51,8,14.68,190,0.42,762,0.00,17.50,109,0,0.00,10,10.01,5.43,4.71,14.70,-1.05,1,16.91,4.76,0.1250
746271,4.69,2.34,14.51,8,14.68,190,0.42,766,0.00,17.00,109,0,0.00,10,10.16,5.69,6.27,14.80,-1.05,1,16.91,5.92,0.1250
746373,5.47,0.00,14.51,8,14.68,190,0.43,756,0.00,17.50,109,0,0.00,10,10.30,5.96,6.27,14.70,-1.05,1,16.91,5.92,0.1250
746475,5.47,0.00,14.51,8,14.67,190,0.44,750,0.00,17.50,109,0,0.00,10,10.45,5.88,5.88,14.80,-1.05,1,16.91,5.77,0.1250
746577,5.47,0.00,14.51,8,14.66,190,0.45,765,0.00,16.50,109,0,0.00,10,10.45,5.74,5.88,15.10,-1.05,1,16.91,5.48,0.1250
746679,6.25,0.00,14.51,8,14.66,190,0.45,766,0.00,16.50,109,0,0.00,10,10.45,5.79,5.88,15.00,-1.05,1,16.91,5.48,0.1250
746782,6.25,0.00,14.51,8,14.66,190,0.45,777,0.00,16.50,109,0,0.00,10,10.45,5.74,5.88,15.20,-1.05,1,16.91,5.48,0.1250
746883,7.03,2.34,14.51,8,14.66,190,0.45,811,0.00,15.00,109,0,0.00,10,10.30,5.38,4.71,15.20,-1.05,1,16.91,4.61,0.1250
746985,6.25,2.34,14.51,8,14.67,190,0.43,810,0.00,15.50,109,0,0.00,10,9.87,5.34,4.71,15.30,-1.05,1,16.91,4.61,0.1250
747087,5.47,2.34,14.51,8,14.68,190,0.42,805,0.00,16.00,109,0,0.00,10,9.72,5.31,4.71,15.10,-1.05,1,16.91,4.75,0.1250
747189,5.47,2.34,14.51,8,14.68,190,0.41,808,0.00,16.00,109,0,0.00,10,9.58,5.43,5.10,14.70,-1.05,1,16.91,4.75,0.1250
747292,5.47,2.34,14.51,8,14.69,190,0.41,791,0.00,16.50,109,0,0.00,10,9.58,5.45,5.10,14.10,-1.05,1,16.91,4.75,0.1250
747393,4.69,2.34,14.51,8,14.69,190,0.41,784,0.00,16.50,109,0,0.00,10,9.58,5.38,5.10,14.40,-1.05,1,16.91,4.75,0.1250
747495,4.69,2.34,14.51,8,14.69,190,0.41,780,0.00,17.00,109,0,0.00,10,9.43,5.43,5.10,14.40,-1.05,1,16.91,4.75,0.1250
747598,3.91,2.34,14.51,8,14.68,190,0.41,780,0.00,17.00,109,0,0.00,10,9.43,5.45,5.10,14.30,-1.05,1,16.91,4.76,0.1250
747700,3.91,2.34,14.51,8,14.68,190,0.41,817,0.00,16.00,109,0,0.00,10,9.43,5.53,5.10,14.20,-1.05,1,16.91,4.90,0.1250
747801,3.12,2.34,14.51,8,14.68,190,0.41,853,0.00,13.50,109,0,0.00,10,9.29,5.50,5.10,14.10,-1.05,1,16.91,4.90,0.1250
747903,3.12,2.34,14.51,8,14.67,190,0.40,891,0.00,12.00,109,0,0.00,10,9.14,5.48,5.10,14.10,-1.05,1,16.91,4.90,0.1250
748005,3.12,2.34,14.51,8,14.67,190,0.39,896,0.00,12.00,109,0,0.00,10,9.00,5.50,5.10,14.10,-1.05,1,16.91,4.90,0.1250
748108,2.34,2.34,14.51,8,14.67,190,0.38,923,0.00,12.00,109,0,0.00,10,8.85,5.60,5.10,14.10,-1.05,1,16.91,4.90,0.1250
748209,2.34,2.34,14.51,8,14.66,190,0.37,936,0.00,12.00,109,0,0.00,10,8.71,5.60,5.10,14.10,-1.05,1,16.91,4.90,0.1250
748311,2.34,2.34,14.51,8,14.66,190,0.37,949,0.00,12.00,109,0,0.00,10,8.71,5.67,5.10,14.10,-1.05,1,16.91,4.90,0.1250
748414,1.56,2.34,14.51,8,14.66,190,0.37,940,0.00,12.00,109,0,0.00,10,8.56,5.62,5.10,14.20,-1.05,1,16.91,4.90,0.1250
748515,1.56,0.00,14.51,8,14.66,190,0.36,956,0.00,12.00,109,0,0.00,10,8.42,5.50,5.10,14.20,-1.05,1,16.91,4.90,0.1250
748617,0.78,0.00,14.51,8,14.66,190,0.36,960,0.00,12.00,109,0,0.00,10,8.27,5.50,5.10,14.10,-1.05,1,16.91,4.90,0.1250
748720,0.78,2.34,14.51,8,14.66,190,0.35,946,0.00,12.50,109,0,0.00,10,8.27,5.38,5.10,14.20,-1.05,1,16.91,4.90,0.1250
748821,0.78,2.34,14.51,8,14.66,190,0.35,952,0.00,12.50,109,0,0.00,10,8.27,5.48,5.10,14.20,-1.05,1,16.91,4.90,0.1250
748923,0.78,2.34,14.51,8,14.66,190,0.35,944,0.00,14.00,109,0,0.00,10,8.27,5.55,5.10,14.20,-1.05,1,16.91,4.90,0.1250
749025,0.78,2.34,14.51,8,14.66,190,0.35,938,0.00,14.00,109,0,0.00,10,8.27,5.48,5.10,14.20,-1.05,1,16.91,4.75,0.1250
749127,0.78,2.34,14.51,8,14.66,190,0.35,938,0.00,15.00,109,0,0.00,10,8.27,5.53,5.10,14.30,-1.05,1,16.91,4.75,0.1250
749230,0.78,2.34,14.51,8,14.66,190,0.35,957,0.00,13.50,109,0,0.00,10,8.27,5.34,5.10,14.40,-1.05,1,16.91,4.75,0.1250
749331,0.78,2.34,14.51,8,14.66,190,0.35,966,0.00,13.50,109,0,0.00,10,8.13,5.38,4.71,14.50,-1.05,1,16.91,4.61,0.1250
749434,0.00,2.34,14.51,8,14.66,190,0.34,975,0.00,14.50,109,0,0.00,10,7.98,5.34,4.71,14.40,-1.05,1,16.91,4.61,0.1250
749535,0.00,2.34,14.51,8,14.66,190,0.34,965,0.00,13.00,109,0,0.00,10,7.84,5.19,4.71,14.40,-1.05,1,16.91,4.61,0.1250
749637,0.00,2.34,14.51,8,14.65,190,0.33,971,0.00,14.00,109,0,0.00,10,7.84,5.31,4.71,14.50,-1.05,1,16.91,4.61,0.1250
749740,0.00,2.34,14.51,8,14.66,190,0.33,972,0.00,15.50,109,0,0.00,10,7.69,5.22,4.71,14.40,-1.05,1,16.91,4.61,0.1250
749841,-0.78,2.34,14.51,8,14.65,190,0.33,965,0.00,14.50,109,0,0.00,10,7.69,5.17,4.71,14.40,-1.05,1,16.91,4.61,0.1250
749944,-0.78,2.34,14.51,8,14.65,190,0.32,974,0.00,15.00,109,0,0.00,10,7.55,5.09,4.71,14.30,-1.05,1,16.91,4.61,0.1250
750046,-0.78,2.34,14.51,8,14.66,190,0.32,974,0.00,16.00,109,0,0.00,10,7.55,5.17,4.71,14.30,-1.05,1,16.91,4.46,0.1250
750148,-1.56,2.34,14.51,8,14.66,190,0.32,949,0.00,16.00,109,0,0.00,10,7.40,5.24,4.71,14.20,-1.05,1,16.91,4.46,0.1250
750250,-1.56,2.34,14.51,8,14.66,190,0.32,957,0.00,16.50,109,0,0.00,10,7.40,5.09,4.71,14.30,-1.05,1,16.91,4.46,0.1250
750351,-2.34,2.34,14.51,8,14.66,190,0.32,949,0.00,17.00,109,0,0.00,10,7.40,5.12,4.71,14.20,-1.05,1,16.91,4.46,0.1250
750453,-2.34,2.34,14.51,8,14.66,190,0.32,946,0.00,17.00,109,0,0.00,10,7.40,5.09,4.71,14.30,-1.05,1,16.91,4.46,0.1250
750556,-2.34,2.34,14.51,8,14.66,190,0.32,944,0.00,17.00,109,0,0.00,10,7.40,5.12,4.71,14.20,-1.05,1,16.91,4.32,0.1250
750657,-3.12,2.34,14.51,8,14.66,190,0.32,920,0.00,17.00,109,0,0.00,10,7.25,5.04,4.71,14.20,-1.05,1,16.91,4.32,0.1250
750760,-3.12,2.34,14.51,8,14.67,190,0.32,918,0.00,17.50,109,0,0.00,10,7.25,4.94,4.31,14.20,-1.05,1,16.91,4.17,0.1250
750862,-3.91,2.34,14.51,8,14.67,190,0.32,910,0.00,18.00,109,0,0.00,10,7.25,4.77,4.31,14.10,-1.05,1,16.91,4.32,0.1250
750963,-3.91,2.34,14.51,8,14.67,190,0.32,912,0.00,17.50,109,0,0.00,10,7.25,4.74,4.71,14.10,-1.05,1,16.91,4.32,0.1250
751066,-4.69,2.34,14.51,8,14.67,190,0.32,884,0.00,20.00,109,0,0.00,10,7.25,4.94,4.71,14.10,-1.05,1,16.91,4.17,0.1250
751167,-4.69,2.34,14.51,8,14.68,190,0.32,876,0.00,20.00,109,0,0.00,10,7.25,4.94,4.31,14.10,-1.05,1,16.91,4.17,0.1250
751269,-4.69,2.34,14.51,8,14.68,190,0.32,864,0.00,20.50,109,0,0.00,10,7.40,4.83,4.31,14.10,-1.05,1,16.91,4.17,0.1250
751372,-5.47,2.34,14.51,8,14.68,190,0.33,863,0.00,20.50,111,0,0.00,10,7.40,4.77,4.31,14.10,-1.05,1,16.91,4.02,0.1250
751473,-5.47,2.34,14.51,8,14.68,190,0.33,848,0.00,20.50,111,0,0.00,10,7.40,4.77,4.31,14.10,-1.05,1,16.91,4.17,0.1250
751576,-5.47,2.34,14.51,8,14.68,190,0.33,846,0.00,21.00,111,0,0.00,10,7.40,4.69,4.31,14.20,-1.05,1,16.91,4.17,0.1250
751678,-5.47,2.34,14.51,8,14.68,190,0.33,831,0.00,21.00,111,0,0.00,10,7.55,4.66,4.31,14.20,-1.05,1,16.91,4.18,0.1250
751780,-5.47,2.34,14.51,8,14.69,190,0.33,828,0.00,21.00,111,0,0.00,10,7.55,4.77,4.31,14.20,-1.05,1,16.91,4.03,0.1250
751882,-5.47,2.34,14.51,8,14.69,190,0.33,818,0.00,21.50,111,0,0.00,10,7.55,4.80,4.31,14.30,-1.05,1,16.91,4.03,0.1250
751984,-5.47,2.34,14.51,8,14.69,190,0.34,808,0.00,21.50,111,0,0.00,10,7.69,4.54,4.31,14.30,-1.05,1,16.91,4.03,0.1250
752085,-5.47,2.34,14.51,8,14.69,190,0.34,818,0.00,21.50,111,0,0.00,10,7.69,4.69,4.31,14.40,-1.05,1,16.91,4.03,0.1250
752188,-5.47,2.34,14.51,8,14.69,190,0.34,802,0.00,21.00,111,0,0.00,10,7.69,4.66,4.31,14.40,-1.05,1,16.91,4.03,0.1250
752289,-6.25,2.34,14.51,8,14.69,190,0.34,801,0.00,21.00,111,0,0.00,10,7.69,4.69,4.31,14.30,-1.05,1,16.91,4.03,0.1250
752392,-5.47,2.34,14.51,8,14.69,190,0.34,810,0.00,20.00,111,0,0.00,10,7.84,4.63,4.31,14.40,-1.05,1,16.91,4.03,0.1250
752494,-5.47,2.34,14.51,8,14.69,190,0.34,804,0.00,20.00,111,0,0.00,10,7.84,4.69,4.31,14.50,-1.05,1,16.91,4.03,0.1250
752596,-5.47,2.34,14.51,8,14.69,190,0.34,800,0.00,20.00,111,0,0.00,10,7.84,4.63,4.31,14.50,-1.05,1,16.91,4.03,0.1250
752698,-5.47,2.34,14.51,8,14.69,190,0.34,802,0.00,19.50,111,0,0.00,10,7.84,4.54,4.31,14.50,-1.05,1,16.91,4.03,0.1250
752800,-5.47,2.34,14.51,8,14.69,190,0.34,808,0.00,10.00,111,0,0.00,10,7.84,4.18,4.31,14.60,-1.05,1,16.91,2.43,0.1250
752901,-5.47,2.34,14.51,8,14.69,190,0.33,809,0.00,10.00,111,0,0.00,10,7.40,3.47,2.75,14.60,-1.05,1,16.91,2.43,0.1250
753004,-6.25,2.34,14.51,8,14.69,190,0.30,816,0.00,10.00,111,0,0.00,10,6.96,3.52,2.75,14.60,-1.05,1,16.91,2.72,0.1250
753105,-6.25,2.34,14.51,8,14.69,190,0.29,783,0.00,10.00,111,0,0.00,10,6.96,3.59,2.75,14.40,-1.05,1,16.91,2.72,0.1250
753208,-6.25,2.34,14.51,8,14.69,190,0.28,760,0.00,21.50,111,0,0.00,10,6.82,3.69,2.75,14.70,-1.05,1,16.91,2.72,0.1250
753310,-6.25,2.34,14.51,8,14.69,190,0.28,784,0.00,19.00,111,0,0.00,10,6.82,3.64,2.75,14.50,-1.05,1,16.91,2.72,0.1250
753412,-6.25,2.34,14.51,8,14.69,190,0.28,772,0.00,20.00,111,0,0.00,10,6.82,3.64,2.75,14.50,-1.05,1,16.91,2.72,0.1250
753514,-6.25,2.34,14.51,8,14.69,190,0.28,773,0.00,19.50,111,0,0.00,10,6.67,3.62,3.14,14.60,-1.05,1,16.91,2.72,0.1250
753616,-6.25,2.34,14.51,8,14.69,190,0.28,777,0.00,18.50,111,0,0.00,10,6.67,3.57,2.75,14.50,-1.05,1,16.91,2.72,0.1250
753718,-7.03,2.34,14.51,8,14.69,190,0.27,767,0.00,19.00,111,0,0.00,10,6.67,3.57,2.75,14.50,-1.05,1,16.91,2.72,0.1250
753820,-7.03,2.34,14.51,8,14.69,190,0.27,766,0.00,19.00,111,0,0.00,10,6.53,3.54,2.75,14.50,-1.05,1,16.91,2.72,0.1250
753921,-7.03,2.34,14.51,8,14.69,190,0.27,762,0.00,19.00,111,0,0.00,10,6.53,3.54,3.14,14.60,-1.05,1,16.91,2.85,0.1250
754024,-7.81,2.34,14.51,8,14.69,190,0.27,737,0.00,20.00,111,0,0.00,10,6.67,3.52,2.75,14.50,-1.05,1,16.91,2.85,0.1250
754126,-7.81,2.34,14.51,8,14.69,190,0.27,733,0.00,21.00,111,0,0.00,10,6.53,3.57,2.75,14.40,-1.05,1,16.91,2.73,0.1250
754228,-7.81,2.34,14.51,8,14.69,190,0.28,722,0.00,21.00,111,0,0.00,10,6.67,3.47,3.14,14.40,-1.05,1,16.91,2.85,0.1250
754330,-8.59,2.34,14.51,8,14.69,190,0.28,707,0.00,22.00,111,0,0.00,10,6.67,3.34,2.75,14.40,-1.05,1,16.91,2.86,0.1250
754432,-8.59,2.34,14.51,8,14.69,190,0.28,712,0.00,21.00,111,0,0.00,10,6.82,3.32,3.14,14.40,-1.05,1,16.91,2.86,0.1250
754534,-8.59,2.34,14.51,8,14.69,190,0.28,689,0.00,22.00,111,0,0.00,10,6.82,3.42,3.14,14.30,-1.05,1,16.91,2.86,0.1250
754636,-9.38,2.34,14.51,8,14.69,190,0.28,684,0.00,22.00,111,0,0.00,10,6.96,3.49,3.14,14.30,-1.05,1,16.91,2.86,0.1250
754738,-9.38,2.34,14.51,8,14.69,190,0.29,683,0.00,22.00,111,0,0.00,10,7.11,3.47,3.14,14.30,-1.05,1,16.91,3.01,0.1250
754840,-9.38,2.34,14.51,8,14.69,190,0.29,673,0.00,22.00,111,0,0.00,10,7.11,3.47,3.14,14.30,-1.05,1,16.91,3.01,0.1250
754942,-9.38,2.34,14.51,8,14.69,190,0.29,683,0.00,21.00,111,0,0.00,10,7.25,3.54,3.14,14.30,-1.05,1,16.91,3.15,0.1250
755044,-9.38,2.34,14.51,8,14.69,190,0.30,680,0.00,21.00,111,0,0.00,10,7.25,3.67,3.14,14.20,-1.05,1,16.91,3.15,0.1250
