Time (msec),A/F Correction #1 (%),A/F Learning #1 (%),A/F Learning Airflow Range (Current)* (offset),Atmospheric Pressure (psi),Battery Voltage (V),CL/OL Fueling* (status),Closed Loop Fueling Target (4-byte)* (estimated AFR),Coolant Temperature (F),Engine Load (4-Byte)* (g/rev),Engine Load (Calculated) (g/rev),Engine Speed (rpm),Feedback Knock Correction (4-byte)* (degrees),Final Fueling Base (4-byte)* (lambda),Gear (Calculated)* (position),IAM (4-byte)* (multiplier),Ignition Total Timing (degrees),Intake Air Temperature (F),Intake VVT Advance Angle Right (degrees),Knock Correction Advance (degrees),Knock Sum* (count),Manifold Absolute Pressure (psi),Mass Airflow (g/s),Throttle Opening Angle (%),AEM UEGO Wideband [9600 baud] (AFR Gasoline)
0,3.12,-1.56,1,14.51,13.60,8,14.69,190,0.27,0.29,807,0.00,1.00,0,0.5000,16.00,122,0,0.00,14,6.67,3.79,3.53,15.00
104,3.12,-1.56,1,14.51,13.60,8,14.69,190,0.27,0.28,808,0.00,1.00,0,0.5000,15.50,122,0,0.00,14,6.53,3.76,3.53,14.90
208,3.12,-1.56,1,14.51,13.60,8,14.69,190,0.27,0.27,831,0.00,1.00,0,0.5000,14.50,122,0,0.00,14,6.53,3.79,3.53,14.80
312,3.12,-1.56,1,14.51,13.60,8,14.69,190,0.27,0.28,827,0.00,1.00,0,0.5000,15.50,122,0,0.00,14,6.53,3.85,3.53,15.00
416,2.34,-1.56,1,14.51,13.52,8,14.69,190,0.27,0.27,827,0.00,1.00,0,0.5000,16.00,122,0,0.00,14,6.53,3.79,3.53,14.70
519,2.34,-1.56,1,14.51,13.68,8,14.69,190,0.27,0.28,820,0.00,1.00,0,0.5000,16.00,122,0,0.00,14,6.38,3.85,3.14,14.80
624,1.56,-1.56,1,14.51,13.60,8,14.69,190,0.27,0.28,816,0.00,1.00,0,0.5000,17.00,122,0,0.00,14,6.38,3.85,3.53,14.80
728,0.78,-1.56,1,14.51,13.60,8,14.69,190,0.27,0.27,817,0.00,1.00,0,0.5000,16.50,122,0,0.00,14,6.38,3.66,3.14,14.40
836,0.78,-1.56,1,14.51,13.60,8,14.69,190,0.27,0.27,804,0.00,1.00,0,0.5000,17.00,122,0,0.00,14,6.38,3.60,3.14,14.40
936,0.00,-1.56,1,14.51,13.60,8,14.69,190,0.26,0.26,800,0.00,1.00,0,0.5000,17.50,122,0,0.00,14,6.38,3.38,3.14,14.40
1040,0.00,-1.56,1,14.51,13.60,8,14.69,190,0.26,0.26,786,0.00,1.00,0,0.5000,17.00,122,0,0.00,14,6.38,3.44,3.14,14.20
1144,-0.78,-1.56,1,14.51,13.60,8,14.69,190,0.26,0.26,786,0.00,1.00,0,0.5000,17.50,122,0,0.00,14,6.53,3.41,3.14,14.20
1247,-0.78,-1.56,1,14.51,13.60,8,14.69,190,0.26,0.27,774,0.00,1.00,0,0.5000,18.00,122,0,0.00,14,6.53,3.50,3.14,14.00
1352,-1.56,-1.56,1,14.51,13.68,8,14.69,190,0.26,0.28,770,0.00,1.00,0,0.5000,18.00,122,0,0.00,14,6.53,3.47,3.14,14.00
1456,-1.56,-1.56,1,14.51,13.52,8,14.69,190,0.26,0.27,766,0.00,1.00,0,0.5000,18.00,122,0,0.00,14,6.53,3.41,3.14,14.00
1560,-1.56,-1.56,1,14.51,13.60,8,14.69,190,0.26,0.27,770,0.00,1.00,0,0.5000,18.00,122,0,0.00,14,6.53,3.50,3.14,13.90
1664,-1.56,-1.56,1,14.51,13.60,8,14.69,190,0.26,0.28,765,0.00,1.00,0,0.5000,18.00,122,0,0.00,14,6.53,3.63,3.14,13.90
1768,-1.56,-1.56,1,14.51,13.60,8,14.69,190,0.27,0.29,755,0.00,1.00,0,0.5000,19.50,122,0,0.00,14,6.53,3.60,3.14,14.00
1872,-1.56,-1.56,1,14.51,13.60,8,14.69,190,0.27,0.27,755,0.00,1.00,0,0.5000,18.00,122,0,0.00,14,6.53,3.34,3.14,14.20
1976,-1.56,-1.56,1,14.51,13.68,8,14.69,190,0.26,0.27,764,0.00,1.00,0,0.5000,17.50,122,0,0.00,14,6.53,3.47,3.14,14.30
2080,-1.56,-1.56,1,14.51,13.52,8,14.69,190,0.27,0.28,743,0.00,1.00,0,0.5000,18.00,122,0,0.00,14,6.67,3.60,3.14,14.20
2184,-1.56,-1.56,1,14.51,13.60,8,14.69,190,0.27,0.29,748,0.00,1.00,0,0.5000,18.00,122,0,0.00,14,6.67,3.66,3.14,14.30
2288,-1.56,-1.56,1,14.51,13.60,8,14.69,190,0.27,0.29,754,0.00,1.00,0,0.5000,18.00,122,0,0.00,14,6.67,3.63,3.14,14.40
2392,-1.56,-1.56,1,14.51,13.68,8,14.69,190,0.28,0.29,739,0.00,1.00,0,0.5000,17.50,122,0,0.00,14,6.67,3.63,3.14,14.50
2496,-1.56,-1.56,1,14.51,13.60,8,14.69,190,0.28,0.28,738,0.00,1.00,0,0.5000,18.00,122,0,0.00,14,6.67,3.47,3.14,14.50
2600,-1.56,-1.56,1,14.51,13.52,8,14.69,190,0.27,0.27,744,0.00,1.00,0,0.5000,17.50,122,0,0.00,14,6.67,3.28,3.14,14.50
2704,-1.56,-1.56,1,14.51,13.60,8,14.69,190,0.27,0.27,730,0.00,1.00,0,0.5000,17.50,122,0,0.00,14,6.67,3.19,3.14,14.50
2808,-1.56,-1.56,1,14.51,13.52,8,14.69,190,0.26,0.26,733,0.00,1.00,0,0.5000,18.00,122,0,0.00,14,6.82,3.22,3.14,14.60
2912,-1.56,-1.56,1,14.51,13.68,8,14.69,190,0.26,0.27,735,0.00,1.00,0,0.5000,18.00,122,0,0.00,14,6.67,3.31,3.14,14.60
3016,-2.34,-1.56,1,14.51,13.60,8,14.69,190,0.26,0.28,734,0.00,1.00,0,0.5000,17.50,122,0,0.00,14,6.82,3.38,3.14,14.60
3120,-2.34,-1.56,1,14.51,13.60,8,14.69,190,0.27,0.28,730,0.00,1.00,0,0.5000,17.50,122,0,0.00,14,6.82,3.44,3.14,14.50
3224,-2.34,-1.56,1,14.51,13.60,8,14.69,190,0.27,0.28,731,0.00,1.00,0,0.5000,17.50,122,0,0.00,14,6.82,3.38,3.14,14.40
3328,-2.34,-1.56,1,14.51,13.60,8,14.69,190,0.27,0.27,731,0.00,1.00,0,0.5000,17.50,122,0,0.00,14,6.82,3.38,3.14,14.50
3432,-2.34,-1.56,1,14.51,13.60,8,14.69,190,0.26,0.27,740,0.00,1.00,0,0.5000,17.00,122,0,0.00,14,6.82,3.28,3.14,14.50
3536,-2.34,-1.56,1,14.51,13.68,8,14.69,190,0.26,0.28,727,0.00,1.00,0,0.5000,17.50,122,0,0.00,14,6.82,3.31,3.14,14.40
3640,-2.34,-1.56,1,14.51,13.52,8,14.69,190,0.27,0.29,725,0.00,1.00,0,0.5000,17.50,122,0,0.00,14,6.96,3.50,3.14,14.50
3744,-1.56,-1.56,1,14.51,13.68,8,14.69,190,0.27,0.27,722,0.00,1.00,0,0.5000,18.50,122,0,0.00,14,6.96,3.25,3.14,14.50
3848,-1.56,-1.56,1,14.51,13.52,8,14.69,190,0.27,0.29,716,0.00,1.00,0,0.5000,17.00,122,0,0.00,14,6.96,3.47,3.14,14.50
3952,-1.56,-1.56,1,14.51,13.68,8,14.69,190,0.28,0.29,731,0.00,1.00,0,0.5000,17.00,122,0,0.00,14,6.96,3.60,3.14,14.70
4056,-0.78,-1.56,1,14.51,13.60,8,14.69,190,0.28,0.30,713,0.00,1.00,0,0.5000,17.00,122,0,0.00,14,6.96,3.60,3.14,14.80
4160,-0.78,-1.56,1,14.51,13.68,8,14.69,190,0.28,0.30,723,0.00,1.00,0,0.5000,17.00,122,0,0.00,14,6.96,3.66,3.14,15.00
4264,0.00,-1.56,1,14.51,13.60,8,14.69,190,0.28,0.29,734,0.00,1.00,0,0.5000,17.00,122,0,0.00,14,6.96,3.63,3.14,15.00
4368,0.00,-1.56,1,14.51,13.52,8,14.69,190,0.28,0.28,744,0.00,1.00,0,0.5000,16.50,122,0,0.00,14,6.96,3.47,3.14,15.10
4473,0.00,-1.56,1,14.51,13.60,8,14.69,190,0.27,0.26,763,0.00,1.00,0,0.5000,16.00,122,0,0.00,14,6.96,3.34,3.14,15.10
4576,0.00,-1.56,1,14.51,13.60,8,14.69,190,0.27,0.26,778,0.00,1.00,0,0.5000,15.50,122,0,0.00,14,6.82,3.34,3.53,15.10
4680,0.00,-1.56,1,14.51,13.60,8,14.69,190,0.26,0.27,765,0.00,1.00,0,0.5000,16.00,122,0,0.00,14,6.82,3.41,3.14,15.30
4784,0.00,-1.56,1,14.51,13.68,8,14.69,190,0.26,0.26,777,0.00,1.00,0,0.5000,16.50,122,0,0.00,14,6.82,3.41,3.53,15.10
4888,0.00,-1.56,1,14.51,13.52,8,14.69,190,0.26,0.27,780,0.00,1.00,0,0.5000,16.50,122,0,0.00,14,6.67,3.47,3.53,15.00
4992,0.00,-1.56,1,14.51,13.60,8,14.69,190,0.26,0.28,772,0.00,1.00,0,0.5000,16.50,122,0,0.00,14,6.67,3.60,3.53,15.00
5096,0.00,-1.56,1,14.51,13.36,8,14.69,190,0.26,0.27,783,0.00,1.00,0,0.5000,16.00,122,0,0.00,14,6.67,3.57,3.53,14.80
5200,0.78,-1.56,1,14.51,13.20,8,14.69,190,0.26,0.28,785,0.00,1.00,0,0.5000,16.50,122,0,0.00,14,6.82,3.78,5.10,14.80
5304,0.78,-1.56,1,14.51,13.60,8,14.69,190,0.28,0.32,766,0.00,0.88,0,0.5000,18.00,122,0,0.00,14,7.40,4.39,4.71,14.90
5408,0.78,-1.56,1,14.51,13.60,8,14.69,190,0.30,0.38,722,0.00,0.84,0,0.5000,18.00,122,0,0.00,14,7.84,4.59,4.71,14.80
5512,1.56,-1.56,1,14.51,13.52,8,14.69,190,0.32,0.37,753,0.00,0.91,0,0.5000,15.50,122,0,0.00,14,7.98,4.63,4.71,14.90
5617,2.34,-1.56,1,14.51,13.52,8,14.69,190,0.33,0.35,787,0.00,0.99,0,0.5000,15.50,124,0,0.00,14,8.13,4.66,4.71,15.10
5720,3.12,-1.56,1,14.51,13.68,8,14.69,190,0.34,0.35,793,0.00,0.99,0,0.5000,16.00,124,0,0.00,14,8.27,4.72,4.71,15.30
5824,3.12,-1.56,1,14.51,13.68,8,14.69,190,0.34,0.36,798,0.00,0.99,0,0.5000,16.00,124,0,0.00,14,8.27,4.78,4.71,15.30
5929,3.12,-1.56,1,14.51,13.52,8,14.69,190,0.35,0.37,791,0.00,0.99,0,0.5000,14.50,124,0,0.00,14,8.27,4.84,4.71,15.40
6032,3.12,-1.56,1,14.51,13.52,8,14.69,190,0.35,0.35,817,0.00,0.99,0,0.5000,13.00,124,0,0.00,14,8.27,4.82,4.71,15.40
6136,3.91,-1.56,1,14.51,13.52,8,14.69,190,0.35,0.35,828,0.00,0.99,0,0.5000,12.50,124,0,0.00,14,8.27,4.84,4.71,15.40
6240,4.69,-1.56,1,14.51,13.60,8,14.68,190,0.34,0.33,862,0.00,1.00,0,0.5000,12.50,124,0,0.00,14,8.13,4.82,4.71,15.60
6344,4.69,-1.56,1,14.51,13.52,8,14.68,190,0.34,0.34,853,0.00,1.00,0,0.5000,12.50,124,0,0.00,14,7.98,4.87,4.71,15.30
6448,4.69,-1.56,1,14.51,13.52,8,14.68,190,0.34,0.34,865,0.00,1.00,0,0.5000,12.00,124,0,0.00,14,7.98,4.82,4.71,15.60
6552,4.69,-1.56,1,14.51,13.52,8,14.68,190,0.34,0.33,866,0.00,1.00,0,0.5000,12.50,124,0,0.00,14,7.98,4.76,4.71,15.20
6656,4.69,-1.56,1,14.51,13.52,8,14.67,190,0.33,0.33,883,0.00,1.00,0,0.5000,13.00,124,0,0.00,14,7.84,4.87,4.71,15.10
6760,3.91,-1.56,1,14.51,13.60,8,14.68,190,0.33,0.34,867,0.00,1.00,0,0.5000,13.50,124,0,0.00,14,7.84,4.78,5.10,15.00
6864,3.91,-1.56,1,14.51,13.60,8,14.67,190,0.33,0.33,882,0.00,1.00,0,0.5000,13.00,124,0,0.00,14,7.84,5.00,5.10,14.80
6968,3.91,-1.56,1,14.51,13.60,8,14.67,190,0.33,0.34,882,0.00,1.00,0,0.5000,13.00,124,0,0.00,14,7.84,4.89,5.10,15.00
7073,3.91,-1.56,1,14.51,13.60,8,14.67,190,0.33,0.33,900,0.00,1.00,0,0.5000,13.50,124,0,0.00,14,7.69,4.97,5.10,14.10
7177,3.91,-1.56,1,14.51,13.52,8,14.67,190,0.33,0.34,883,0.00,1.00,0,0.5000,14.00,124,0,0.00,14,7.69,5.00,5.10,14.50
7280,3.91,-1.56,1,14.51,13.68,8,14.67,190,0.33,0.33,888,0.00,1.00,0,0.5000,13.50,124,0,0.00,14,7.69,4.84,5.10,14.50
7384,3.91,-1.56,1,14.51,13.68,8,14.67,190,0.33,0.32,898,0.00,1.00,0,0.5000,14.50,124,0,0.00,14,7.69,4.84,4.71,14.50
7488,3.12,-1.56,1,14.51,13.68,8,14.67,190,0.32,0.32,903,0.00,1.00,0,0.5000,13.50,124,0,0.00,14,7.69,4.82,4.71,14.50
7592,3.12,-1.56,1,14.51,13.60,8,14.67,190,0.32,0.32,905,0.00,1.00,0,0.5000,14.50,124,0,0.00,14,7.55,4.78,4.71,14.40
7696,3.12,-1.56,1,14.51,13.44,8,14.67,190,0.32,0.31,901,0.00,1.00,0,0.5000,13.50,124,0,0.00,14,7.55,4.66,4.71,14.50
7801,3.12,-1.56,1,14.51,13.60,8,14.67,190,0.31,0.31,897,0.00,1.00,0,0.5000,15.00,124,0,0.00,14,7.55,4.72,4.71,14.40
7904,3.12,-1.56,1,14.51,13.60,8,14.67,190,0.32,0.33,901,0.00,1.00,0,0.5000,15.50,124,0,0.00,14,7.55,5.00,4.71,14.50
8008,3.12,-1.56,1,14.51,13.60,8,14.67,190,0.32,0.33,913,0.00,1.00,0,0.5000,14.50,124,0,0.00,14,7.55,4.97,4.71,14.50
8112,3.12,-1.56,1,14.51,13.60,8,14.67,190,0.32,0.32,912,0.00,1.00,0,0.5000,15.00,124,0,0.00,14,7.40,4.84,4.71,14.40
8216,3.12,-1.56,1,14.51,13.60,8,14.67,190,0.32,0.32,915,0.00,1.00,0,0.5000,15.00,124,0,0.00,14,7.40,4.87,4.71,14.50
8320,3.12,-1.56,1,14.51,13.60,8,14.67,190,0.32,0.32,913,0.00,1.00,0,0.5000,16.00,124,0,0.00,14,7.25,4.87,4.71,14.50
8424,3.12,-1.56,1,14.51,13.60,8,14.67,190,0.32,0.32,910,0.00,1.00,0,0.5000,16.00,124,0,0.00,14,7.25,4.76,4.71,14.50
8528,3.12,-1.56,1,14.51,13.60,8,14.67,190,0.31,0.31,920,0.00,1.00,0,0.5000,16.50,124,0,0.00,14,7.11,4.69,4.71,14.50
8632,2.34,-1.56,1,14.51,13.60,8,14.67,190,0.31,0.31,901,0.00,1.00,0,0.5000,16.50,124,0,0.00,14,7.11,4.66,4.71,14.60
8736,1.56,-1.56,1,14.51,13.60,8,14.67,190,0.31,0.32,903,0.00,1.00,0,0.5000,16.50,124,0,0.00,14,7.11,4.82,4.71,14.30
8840,1.56,-1.56,1,14.51,13.60,8,14.67,190,0.31,0.32,899,0.00,1.00,0,0.5000,17.00,124,0,0.00,14,7.25,4.76,4.71,14.30
8945,0.78,-1.56,1,14.51,13.60,8,14.67,190,0.31,0.32,897,0.00,1.00,0,0.5000,17.00,124,0,0.00,14,7.25,4.78,4.71,14.20
9049,0.78,-1.56,1,14.51,13.68,8,14.67,190,0.31,0.32,891,0.00,1.00,0,0.5000,17.00,124,0,0.00,14,7.25,4.72,4.71,14.10
9152,0.00,-1.56,1,14.51,13.60,8,14.67,190,0.32,0.33,870,0.00,1.00,0,0.5000,17.00,124,0,0.00,14,7.25,4.76,4.71,14.10
9257,0.00,-1.56,1,14.51,13.60,8,14.68,190,0.32,0.33,862,0.00,1.00,0,0.5000,18.00,124,0,0.00,14,7.25,4.66,4.31,14.10
9361,0.00,-1.56,1,14.51,13.60,8,14.68,190,0.32,0.32,858,0.00,1.00,0,0.5000,17.50,124,0,0.00,14,7.25,4.53,4.31,14.20
9465,0.00,-1.56,1,14.51,13.60,8,14.68,190,0.31,0.31,863,0.00,1.00,0,0.5000,18.00,124,0,0.00,14,7.25,4.53,4.31,14.10
9569,0.00,-1.56,1,14.51,13.68,8,14.68,190,0.31,0.31,855,0.00,1.00,0,0.5000,17.50,124,0,0.00,14,7.25,4.31,4.31,14.20
9673,0.00,-1.56,1,14.51,13.68,8,14.68,190,0.31,0.30,851,0.00,1.00,0,0.5000,18.50,124,0,0.00,14,7.25,4.39,4.31,14.30
9777,0.00,-1.56,1,14.51,13.60,8,14.68,190,0.31,0.32,852,0.00,1.00,0,0.5000,18.50,124,0,0.00,14,7.40,4.43,4.31,14.30
9880,0.00,-1.56,1,14.51,13.52,8,14.69,190,0.31,0.31,831,0.00,1.00,0,0.5000,19.50,124,0,0.00,14,7.40,4.39,4.31,14.40
9985,0.00,-1.56,1,14.51,13.52,8,14.69,190,0.31,0.32,827,0.00,1.00,0,0.5000,19.00,124,0,0.00,14,7.40,4.46,4.31,14.40
10089,0.00,-1.56,1,14.51,13.68,8,14.69,190,0.31,0.33,818,0.00,1.00,0,0.5000,20.50,124,0,0.00,14,7.55,4.49,4.31,14.40
10192,0.00,-1.56,1,14.51,13.60,8,14.69,190,0.32,0.33,816,0.00,1.00,0,0.5000,20.00,124,0,0.00,14,7.55,4.39,4.31,14.50
10297,0.00,-1.56,1,14.51,13.52,8,14.69,190,0.32,0.33,807,0.00,1.00,0,0.5000,18.50,124,0,0.00,14,7.55,4.53,4.31,14.50
10400,0.78,-1.56,1,14.51,13.60,8,14.69,190,0.32,0.34,813,0.00,1.00,0,0.5000,19.50,124,0,0.00,14,7.55,4.53,4.31,14.50
10505,0.78,-1.56,1,14.51,13.52,8,14.69,190,0.33,0.34,808,0.00,1.00,0,0.5000,19.00,124,0,0.00,14,7.55,4.62,4.31,15.00
10609,0.78,-1.56,1,14.51,13.60,8,14.69,190,0.33,0.35,807,0.00,1.00,0,0.5000,18.00,124,0,0.00,14,7.55,4.72,4.31,14.90
10713,0.78,-1.56,1,14.51,13.52,8,14.69,190,0.34,0.35,815,0.00,1.00,0,0.5000,18.00,124,0,0.00,14,7.55,4.69,4.31,14.80
10817,0.78,-1.56,1,14.51,13.60,8,14.69,190,0.33,0.33,824,0.00,1.00,0,0.5000,17.00,124,0,0.00,14,7.55,4.59,4.31,14.90
10921,0.78,-1.56,1,14.51,13.60,8,14.69,190,0.33,0.33,835,0.00,1.00,0,0.5000,17.00,124,0,0.00,14,7.55,4.56,4.31,14.80
11024,0.78,-1.56,1,14.51,13.60,8,14.69,190,0.33,0.33,826,0.00,1.00,0,0.5000,17.00,124,0,0.00,14,7.55,4.46,4.31,14.80
11129,0.00,-0.78,1,14.51,13.60,8,14.69,190,0.32,0.32,832,0.00,1.00,0,0.5000,17.00,124,0,0.00,14,7.55,4.43,4.31,14.80
11233,0.00,-0.78,1,14.51,13.60,8,14.69,190,0.32,0.32,828,0.00,1.00,0,0.5000,17.00,124,0,0.00,14,7.55,4.46,4.31,15.10
11336,0.00,-0.78,1,14.51,13.68,8,14.69,190,0.32,0.33,819,0.00,1.00,0,0.5000,17.00,124,0,0.00,14,7.55,4.62,4.31,15.10
11441,0.00,-0.78,1,14.51,13.52,8,14.69,190,0.33,0.33,820,0.00,1.00,0,0.5000,17.00,124,0,0.00,14,7.55,4.53,4.31,14.50
11545,0.00,-0.78,1,14.51,13.60,8,14.69,190,0.33,0.33,813,0.00,1.00,0,0.5000,17.50,124,0,0.00,14,7.69,4.46,4.31,14.40
11649,0.00,-0.78,1,14.51,13.60,8,14.69,190,0.32,0.32,814,0.00,1.00,0,0.5000,17.50,124,0,0.00,14,7.69,4.39,4.31,14.40
11753,0.00,-0.78,1,14.51,13.60,8,14.69,190,0.32,0.33,808,0.00,1.00,0,0.5000,17.00,124,0,0.00,14,7.69,4.46,4.31,14.40
11856,0.00,-0.78,1,14.51,13.60,8,14.69,190,0.32,0.32,805,0.00,1.00,0,0.5000,17.50,124,0,0.00,14,7.69,4.30,4.31,14.50
11960,0.78,-0.78,1,14.51,13.52,8,14.69,190,0.32,0.32,810,0.00,1.00,0,0.5000,17.00,124,0,0.00,14,7.69,4.33,4.31,14.50
12065,0.78,-0.78,1,14.51,13.60,8,14.69,190,0.32,0.33,807,0.00,1.00,0,0.5000,17.00,124,0,0.00,14,7.69,4.46,4.31,14.50
12169,0.78,-0.78,1,14.51,13.60,8,14.69,190,0.32,0.34,799,0.00,1.00,0,0.5000,17.00,124,0,0.00,14,7.69,4.66,4.31,14.60
12273,0.78,-0.78,1,14.51,13.52,8,14.69,190,0.33,0.34,815,0.00,1.00,0,0.5000,17.00,124,0,0.00,14,7.69,4.62,4.71,14.70
12377,0.78,-0.78,1,14.51,13.52,8,14.69,190,0.33,0.34,812,0.00,1.00,0,0.5000,17.00,124,0,0.00,14,7.69,4.59,4.31,14.70
12481,1.56,-0.78,1,14.51,13.52,8,14.69,190,0.33,0.35,810,0.00,1.00,0,0.5000,17.00,124,0,0.00,14,7.69,4.72,4.31,14.80
12584,1.56,-0.78,1,14.51,13.60,8,14.69,190,0.34,0.35,803,0.00,1.00,0,0.5000,17.00,124,0,0.00,14,7.84,4.69,4.31,14.80
12689,1.56,-0.78,1,14.51,13.60,8,14.69,190,0.34,0.35,820,0.00,1.00,0,0.5000,17.00,124,0,0.00,14,7.84,4.66,4.31,14.80
12793,1.56,-0.78,1,14.51,13.52,8,14.69,190,0.34,0.35,810,0.00,1.00,0,0.5000,17.00,124,0,0.00,14,7.84,4.66,4.31,15.00
12897,1.56,-0.78,1,14.51,13.52,8,14.69,190,0.34,0.35,814,0.00,1.00,0,0.5000,17.00,124,0,0.00,14,7.84,4.59,4.31,14.80
13001,1.56,-0.78,1,14.51,13.52,8,14.69,190,0.33,0.33,825,0.00,1.00,0,0.5000,16.50,124,0,0.00,14,7.69,4.46,4.31,14.80
13105,1.56,-0.78,1,14.51,13.52,8,14.69,190,0.33,0.33,826,0.00,1.00,0,0.5000,16.50,124,0,0.00,14,7.69,4.53,4.31,14.80
13208,0.78,-0.78,1,14.51,13.52,8,14.68,190,0.33,0.32,836,0.00,1.00,0,0.5000,16.50,124,0,0.00,14,7.69,4.49,4.31,14.80
13313,0.78,-0.78,1,14.51,13.60,8,14.68,190,0.32,0.32,830,0.00,1.00,0,0.5000,16.50,124,0,0.00,14,7.69,4.49,4.31,14.80
13417,0.78,-0.78,1,14.51,13.60,8,14.68,190,0.32,0.32,844,0.00,1.00,0,0.5000,16.50,124,0,0.00,14,7.69,4.59,4.31,14.50
13521,0.78,-0.78,1,14.51,13.60,8,14.69,190,0.32,0.33,833,0.00,1.00,0,0.5000,16.50,124,0,0.00,14,7.55,4.53,4.71,14.50
13625,0.78,-0.78,1,14.51,13.60,8,14.69,190,0.32,0.33,829,0.00,1.00,0,0.5000,17.00,124,0,0.00,14,7.69,4.49,4.71,14.40
13729,0.78,-0.78,1,14.51,13.52,8,14.69,190,0.33,0.34,825,0.00,1.00,0,0.5000,17.00,124,0,0.00,14,7.69,4.72,4.71,14.50
13833,0.78,-0.78,1,14.51,13.52,8,14.69,190,0.33,0.35,812,0.00,1.00,0,0.5000,17.00,124,0,0.00,14,7.69,4.76,4.71,14.50
13938,0.78,-0.78,1,14.51,13.60,8,14.69,192,0.34,0.34,821,0.00,1.00,0,0.5000,17.00,124,0,0.00,14,7.69,4.72,4.71,14.50
14041,0.78,-0.78,1,14.51,13.60,8,14.69,192,0.34,0.35,823,0.00,1.00,0,0.5000,17.00,124,0,0.00,14,7.69,4.87,4.71,14.60
14145,1.56,-0.78,1,14.51,13.60,8,14.69,192,0.34,0.35,833,0.00,1.00,0,0.5000,17.00,124,0,0.00,14,7.69,4.78,4.71,14.70
14249,1.56,-0.78,1,14.51,13.60,8,14.69,192,0.34,0.34,830,0.00,1.00,0,0.5000,16.50,124,0,0.00,14,7.69,4.59,4.31,14.90
14353,0.78,-0.78,1,14.51,13.60,8,14.68,192,0.33,0.33,838,0.00,1.00,0,0.5000,16.50,124,0,0.00,14,7.69,4.66,4.31,14.70
14457,0.78,-0.78,1,14.51,13.52,8,14.68,192,0.33,0.32,850,0.00,1.00,0,0.5000,16.50,124,0,0.00,14,7.69,4.53,4.31,14.70
14561,0.78,-0.78,1,14.51,13.60,8,14.68,192,0.33,0.33,838,0.00,1.00,0,0.5000,17.00,124,0,0.00,14,7.55,4.66,4.71,14.60
14665,0.78,-0.78,1,14.51,13.60,8,14.68,192,0.33,0.34,840,0.00,1.00,0,0.5000,16.50,124,0,0.00,14,7.55,4.72,4.31,14.50
14769,0.78,-0.78,1,14.51,13.52,8,14.69,192,0.33,0.34,827,0.00,1.00,0,0.5000,17.00,124,0,0.00,14,7.55,4.59,4.31,14.40
14873,0.00,-0.78,1,14.51,13.52,8,14.68,192,0.33,0.33,835,0.00,1.00,0,0.5000,17.00,124,0,0.00,14,7.55,4.53,4.31,14.40
14977,0.00,-0.78,1,14.51,13.60,8,14.69,192,0.33,0.33,827,0.00,1.00,0,0.5000,17.00,124,0,0.00,14,7.55,4.56,4.31,14.40
15081,0.00,-0.78,1,14.51,13.68,8,14.69,192,0.33,0.34,814,0.00,1.00,0,0.5000,17.50,124,0,0.00,14,7.69,4.62,4.31,14.40
15185,0.00,-0.78,1,14.51,13.60,8,14.69,192,0.33,0.35,816,0.00,1.00,0,0.5000,17.00,124,0,0.00,14,7.69,4.69,4.31,14.50
15289,0.00,-0.78,1,14.51,13.60,8,14.69,192,0.33,0.35,804,0.00,1.00,0,0.5000,17.00,124,0,0.00,14,7.69,4.66,4.31,14.60
15393,0.00,-0.78,1,14.51,13.52,8,14.69,192,0.34,0.34,807,0.00,1.00,0,0.5000,17.00,124,0,0.00,14,7.69,4.59,4.31,14.50
15497,0.00,-0.78,1,14.51,13.52,8,14.69,192,0.34,0.34,806,0.00,1.00,0,0.5000,17.00,124,0,0.00,14,7.69,4.59,4.31,14.50
15601,0.00,-0.78,1,14.51,13.68,8,14.69,192,0.34,0.34,811,0.00,1.00,0,0.5000,17.00,124,0,0.00,14,7.69,4.62,4.31,14.50
15705,0.00,-0.78,1,14.51,13.60,8,14.69,192,0.34,0.35,804,0.00,1.00,0,0.5000,17.00,124,0,0.00,14,7.84,4.66,4.31,14.50
15809,0.00,-0.78,1,14.51,12.96,8,14.69,192,0.34,0.35,806,0.00,1.00,0,0.5000,17.00,124,0,0.00,14,7.84,4.69,4.31,14.50
15913,0.00,-0.78,1,14.51,13.04,8,14.69,192,0.34,0.35,819,0.00,1.00,0,0.5000,17.00,124,0,0.00,14,7.84,4.76,4.31,14.60
16017,0.00,-0.78,1,14.51,13.60,8,14.69,192,0.34,0.36,796,0.00,1.00,0,0.5000,17.00,124,0,0.00,14,7.98,4.78,4.31,14.50
16122,0.00,-0.78,1,14.51,13.52,8,14.69,192,0.35,0.37,782,0.00,1.00,0,0.5000,19.00,124,0,0.00,14,8.27,4.84,4.71,14.50
16225,0.00,-0.78,1,14.51,13.52,8,14.69,192,0.36,0.37,783,0.00,1.00,1,0.5000,18.00,124,0,0.00,14,8.42,4.84,4.71,14.50
16330,0.00,-0.78,1,14.51,13.60,8,14.69,192,0.36,0.38,780,0.00,1.00,0,0.5000,17.00,124,0,0.00,14,8.42,4.78,4.71,14.60
16433,0.78,-0.78,1,14.51,13.52,8,14.69,192,0.36,0.36,798,0.00,1.00,1,0.5000,17.00,124,0,0.00,14,8.42,4.87,4.71,14.60
16538,0.78,-0.78,1,14.51,13.52,8,14.69,192,0.36,0.36,815,0.00,1.00,1,0.5000,16.50,124,0,0.00,14,8.27,4.94,4.71,15.20
16642,1.56,-0.78,1,14.51,13.52,8,14.69,192,0.36,0.37,818,0.00,1.00,1,0.5000,16.50,124,0,0.00,14,8.42,5.02,4.71,14.90
16746,1.56,-0.78,1,14.51,13.52,8,14.68,192,0.36,0.36,836,0.00,1.00,1,0.5000,14.50,124,0,0.00,14,8.42,4.92,4.71,15.00
16850,1.56,-0.78,1,14.51,13.68,8,14.68,192,0.35,0.34,846,0.00,1.00,1,0.5000,16.00,124,0,0.00,14,8.42,4.89,4.71,15.20
16954,1.56,-0.78,1,14.51,13.60,8,14.68,192,0.35,0.35,846,0.00,1.00,1,0.5000,16.50,124,0,0.00,14,8.42,4.99,4.71,15.10
17058,2.34,-0.78,1,14.51,13.44,8,14.69,192,0.36,0.37,811,0.00,1.00,1,0.5000,20.00,124,0,0.00,14,8.42,4.94,4.71,15.10
17161,2.34,-0.78,1,14.51,13.52,8,14.69,192,0.36,0.38,769,0.00,1.00,1,0.5000,20.50,124,1,0.00,14,8.56,5.39,12.55,15.10
17266,3.12,0.78,2,14.51,13.52,8,14.69,192,0.45,0.60,748,0.00,0.64,1,0.5000,26.00,124,1,0.00,14,13.49,10.45,18.43,15.00
17370,3.91,0.78,3,14.51,13.60,8,14.63,192,0.57,0.84,823,0.00,0.79,1,0.5000,27.00,124,0,0.50,14,13.93,10.68,20.00,15.20
17474,-0.78,0.78,3,14.51,13.68,8,14.62,192,0.58,0.57,1021,0.00,0.98,1,0.5000,29.50,124,0,0.50,14,13.78,10.29,18.43,13.80
17578,-2.34,0.78,3,14.51,13.28,8,14.60,192,0.56,0.53,1222,0.00,1.03,1,0.5000,12.00,124,0,0.00,14,13.49,11.29,18.82,13.90
17682,3.91,0.78,3,14.51,13.52,8,14.60,192,0.57,0.59,1226,0.00,0.98,1,0.5000,20.50,124,0,0.50,14,13.49,12.42,17.65,14.20
17786,15.62,0.78,3,14.51,13.44,8,14.60,192,0.59,0.61,1204,0.00,0.98,1,0.5000,30.50,124,0,0.50,14,13.35,12.37,17.25,16.10
17889,21.88,0.78,3,14.51,13.60,8,14.60,192,0.59,0.58,1272,0.00,0.98,1,0.5000,33.50,124,1,0.50,14,12.91,12.76,13.73,17.80
17994,20.31,0.78,3,14.51,13.60,8,14.59,192,0.55,0.50,1396,0.00,1.07,1,0.5000,35.50,124,1,0.00,14,11.90,11.51,12.94,17.40
18098,13.28,0.78,3,14.51,13.44,8,14.59,192,0.53,0.50,1426,0.00,0.99,1,0.5000,35.50,124,0,0.00,14,11.75,12.49,13.33,15.80
18202,13.28,0.78,3,14.51,13.44,8,14.59,192,0.54,0.54,1440,0.00,1.00,1,0.5000,35.50,124,0,0.00,14,11.75,13.33,13.73,15.90
18306,14.84,0.78,3,14.51,13.44,8,14.59,192,0.55,0.57,1427,0.00,1.00,1,0.5000,36.50,124,1,0.00,14,11.75,13.50,13.73,14.40
18410,14.06,0.78,3,14.51,13.60,8,14.59,192,0.56,0.57,1450,0.00,1.00,1,0.5000,36.50,124,1,0.00,14,11.75,13.66,13.73,14.50
18514,11.72,0.78,3,14.51,13.60,8,14.59,192,0.56,0.56,1459,0.00,1.00,1,0.5000,37.00,124,0,0.00,14,11.75,13.99,13.73,14.30
18618,10.94,0.78,3,14.51,13.52,8,14.58,192,0.56,0.55,1492,0.00,1.00,1,0.5000,37.50,124,0,0.00,14,11.32,13.45,12.94,14.20
18722,9.38,0.78,3,14.51,13.44,8,14.58,192,0.55,0.54,1494,0.00,1.00,1,0.5000,38.00,124,0,0.00,14,11.32,13.79,12.94,14.00
18826,7.03,0.78,3,14.51,13.44,8,14.58,192,0.55,0.54,1509,0.00,1.00,1,0.5000,38.00,124,1,0.00,14,11.17,13.86,12.94,13.80
18930,6.25,0.78,3,14.51,13.52,8,14.58,192,0.54,0.54,1536,0.00,1.00,1,0.5000,38.50,124,0,0.00,14,11.03,13.72,12.16,13.80
19035,5.47,0.78,3,14.51,13.44,8,14.58,192,0.53,0.51,1536,0.00,1.01,1,0.5000,37.50,124,1,0.00,14,10.30,12.57,7.84,13.90
19138,4.69,0.00,3,14.51,13.44,8,14.58,192,0.47,0.40,1524,0.00,1.15,1,0.5000,33.00,124,1,0.00,14,8.13,8.97,4.71,13.90
19242,3.12,0.00,2,14.51,13.52,8,14.58,192,0.39,0.27,1457,0.00,1.27,1,0.5000,27.00,126,0,0.00,14,7.25,5.83,4.71,13.70
19345,0.00,0.00,2,14.51,13.52,8,14.59,192,0.33,0.27,1356,0.00,1.13,1,0.5000,23.00,126,0,0.00,14,6.82,5.99,5.88,13.30
19450,-1.56,0.00,2,14.51,13.60,8,14.60,192,0.31,0.30,1328,0.00,1.00,1,0.5000,21.00,126,0,0.00,14,6.67,6.72,5.88,13.00
19554,-3.12,0.00,2,14.51,13.60,8,14.60,192,0.31,0.30,1340,0.00,1.00,1,0.5000,19.50,126,0,0.00,14,6.53,6.77,5.49,12.80
19658,0.00,0.00,2,14.51,13.12,10,14.59,192,0.30,0.30,1333,0.00,1.00,1,0.5000,17.50,126,0,0.00,14,6.38,6.48,5.49,13.00
19762,0.00,0.00,2,14.51,13.76,10,14.60,192,0.31,0.32,1232,0.00,1.00,1,0.5000,17.00,126,0,0.00,14,6.53,6.48,5.49,13.20
19866,0.00,0.00,2,14.51,13.60,10,14.61,192,0.31,0.33,1173,0.00,1.00,1,0.5000,17.00,126,0,0.00,14,6.53,6.33,5.49,13.80
19971,0.00,0.00,2,14.51,13.52,10,14.62,192,0.32,0.33,1128,0.00,1.00,1,0.5000,22.00,126,0,0.00,14,6.53,6.19,5.10,13.80
20074,0.00,0.00,2,14.51,13.68,10,14.64,192,0.34,0.37,1033,0.00,1.00,1,0.5000,22.00,126,0,0.00,14,6.82,6.09,5.10,15.60
20178,0.00,0.00,2,14.51,13.12,10,14.64,192,0.34,0.34,1032,0.00,1.00,1,0.5000,19.50,126,0,0.00,14,6.96,5.78,4.71,16.80
20282,0.00,0.00,2,14.51,13.68,10,14.64,192,0.33,0.32,1082,0.00,1.00,1,0.5000,17.00,126,0,0.00,14,6.96,5.62,4.31,18.60
20386,0.00,-0.78,1,14.51,13.60,10,14.63,192,0.31,0.28,1099,0.00,1.00,1,0.5000,17.00,126,0,0.00,14,6.82,5.33,4.31,19.00
20490,0.00,-0.78,1,14.51,13.52,10,14.62,192,0.30,0.27,1145,0.00,1.00,1,0.5000,17.00,126,0,0.00,14,6.53,5.25,4.31,20.90
20594,-2.34,-0.78,1,14.51,13.52,8,14.61,192,0.29,0.27,1162,0.00,1.00,1,0.5000,17.00,126,0,0.00,14,6.38,5.41,4.71,13.50
20698,-6.25,-0.78,1,14.51,13.60,8,14.61,192,0.28,0.27,1179,0.00,1.00,1,0.5000,17.00,126,0,0.00,14,6.24,5.33,4.71,12.80
20802,-7.03,-0.78,1,14.51,13.60,8,14.61,192,0.28,0.27,1189,0.00,1.00,1,0.5000,17.00,126,0,0.00,14,6.09,5.36,4.71,12.80
20906,-6.25,-0.78,1,14.51,13.60,8,14.62,192,0.28,0.28,1143,0.00,1.00,1,0.5000,17.00,126,0,0.00,14,6.09,5.38,4.71,13.00
21010,-5.47,-0.78,1,14.51,13.52,8,14.63,192,0.28,0.29,1101,0.00,1.00,1,0.5000,17.00,126,0,0.00,14,6.09,5.36,4.31,13.10
21114,-6.25,-0.78,1,14.51,13.60,8,14.63,192,0.29,0.30,1064,0.00,1.00,1,0.5000,21.00,126,0,0.00,14,6.09,5.25,4.31,13.40
21218,-6.25,-0.78,1,14.51,13.60,8,14.64,192,0.29,0.29,1040,0.00,1.00,1,0.5000,22.00,126,0,0.00,14,5.95,5.02,4.31,13.60
21322,-6.25,-0.78,1,14.51,13.68,8,14.64,192,0.29,0.29,1027,0.00,1.00,1,0.5000,22.00,126,0,0.00,14,6.09,4.99,4.31,13.70
21426,-6.25,-0.78,1,14.51,13.60,8,14.65,192,0.29,0.29,1003,0.00,1.00,1,0.5000,22.00,126,0,0.00,14,6.09,4.92,4.31,14.00
21530,-7.03,-0.78,1,14.51,13.52,8,14.65,192,0.29,0.31,976,0.00,1.00,1,0.5000,22.00,126,0,0.00,14,6.38,5.20,5.49,14.10
21634,-7.81,-0.78,1,14.51,13.60,8,14.66,192,0.31,0.35,946,0.00,0.92,1,0.5000,22.00,126,0,0.00,14,6.82,5.62,5.49,14.10
21738,-8.59,0.00,2,14.51,13.60,8,14.66,192,0.33,0.35,956,0.00,1.00,1,0.5000,22.00,126,0,0.00,14,7.11,5.65,5.49,14.10
21842,-9.38,-0.78,2,14.51,13.68,8,14.65,192,0.33,0.33,977,0.00,1.00,1,0.5000,20.00,126,0,0.00,14,7.11,5.57,5.10,14.00
21946,-9.38,-0.78,2,14.51,13.76,8,14.65,192,0.33,0.33,1010,0.00,1.00,1,0.5000,18.00,126,0,0.00,14,7.11,5.52,5.10,13.80
22050,-9.38,-0.78,1,14.51,13.68,8,14.64,192,0.33,0.33,1020,0.00,1.00,1,0.5000,17.00,126,0,0.00,14,7.11,5.49,5.10,13.90
22154,-9.38,-0.78,1,14.51,13.60,8,14.64,192,0.32,0.32,1018,0.00,1.00,1,0.5000,17.00,126,0,0.00,14,6.96,5.38,4.31,13.90
22258,-9.38,-0.78,1,14.51,13.60,8,14.64,192,0.32,0.30,1024,0.00,1.00,1,0.5000,17.00,126,0,0.00,14,6.67,5.12,5.10,14.00
22362,-8.59,-0.78,1,14.51,13.68,8,14.64,192,0.31,0.30,1026,0.00,1.00,1,0.5000,17.00,126,0,0.00,14,6.67,5.30,5.49,14.30
22466,-8.59,-0.78,1,14.51,13.60,8,14.64,192,0.31,0.32,1037,0.00,1.00,1,0.5000,17.00,126,0,0.00,14,6.96,5.49,5.49,14.30
22570,-8.59,-0.78,1,14.51,13.60,8,14.64,192,0.32,0.32,1027,0.00,1.00,1,0.5000,17.00,126,0,0.00,14,7.11,5.59,5.49,14.50
22674,-8.59,-0.78,1,14.51,13.52,8,14.65,190,0.32,0.32,1016,0.00,1.00,1,0.5000,18.00,126,0,0.00,14,7.11,5.51,5.49,14.50
22778,-7.81,-0.78,1,14.51,13.60,8,14.65,190,0.32,0.34,995,0.00,1.00,1,0.5000,18.50,126,0,0.00,14,8.13,5.59,9.41,14.50
22882,-7.03,0.00,2,14.51,13.60,8,14.65,190,0.37,0.47,1004,0.00,0.82,1,0.5000,22.50,126,0,0.00,14,9.87,8.94,12.55,14.70
22986,-5.47,0.78,3,14.51,13.52,8,14.62,190,0.45,0.56,1129,0.00,0.79,1,0.5000,28.00,126,0,0.00,14,10.88,11.02,12.55,15.10
23090,-10.94,0.78,3,14.51,13.60,8,14.60,190,0.48,0.54,1283,0.00,0.91,1,0.5000,30.50,126,0,0.00,14,11.46,11.32,12.94,15.20
23194,-7.03,0.78,3,14.51,13.52,8,14.59,190,0.50,0.51,1356,0.00,0.98,1,0.5000,32.50,126,1,0.00,14,11.46,11.84,12.94,14.20
23298,5.47,0.78,3,14.51,13.52,8,14.59,190,0.51,0.53,1356,0.00,0.98,1,0.5000,33.00,126,1,0.00,14,11.32,11.78,11.37,15.70
23402,13.28,0.78,3,14.51,13.52,8,14.59,190,0.49,0.46,1389,0.00,1.06,1,0.5000,32.00,126,1,0.00,14,9.58,9.33,7.84,17.10
23506,12.50,0.00,2,14.51,13.60,8,14.59,190,0.42,0.33,1460,0.00,1.16,1,0.5000,29.50,126,0,0.00,14,8.56,7.54,6.27,17.50
23610,7.81,0.00,2,14.51,13.60,8,14.59,190,0.36,0.30,1413,0.00,1.11,1,0.5000,28.00,126,0,0.00,14,7.55,6.81,5.88,16.50
23714,5.47,0.00,2,14.51,13.52,8,14.59,190,0.33,0.29,1350,0.00,1.07,1,0.5000,25.00,126,1,0.00,14,6.96,6.38,5.88,16.10
23818,5.47,0.00,2,14.51,13.52,8,14.60,190,0.31,0.29,1271,0.00,1.00,1,0.5000,22.50,126,0,0.00,14,6.67,6.09,5.49,14.20
23922,4.69,0.00,2,14.51,13.60,8,14.61,190,0.31,0.30,1182,0.00,1.00,1,0.5000,20.00,126,0,0.00,14,6.67,5.96,5.49,14.00
24026,3.91,0.00,2,14.51,13.68,8,14.63,190,0.31,0.32,1103,0.00,1.00,1,0.5000,23.50,126,0,0.00,14,6.82,5.86,5.10,13.90
24130,3.12,-0.78,2,14.51,13.36,8,14.64,190,0.33,0.34,988,0.00,1.00,1,0.5000,19.00,126,1,0.00,14,6.96,5.57,6.67,13.70
24235,2.34,0.00,2,14.51,13.60,8,14.69,190,0.36,0.51,824,0.00,0.80,1,0.5000,20.50,126,1,0.00,14,8.27,6.31,7.45,13.80
24338,2.34,0.00,2,14.51,13.60,8,14.69,190,0.42,0.56,766,0.00,0.80,1,0.5000,22.50,126,0,0.00,14,9.00,7.02,6.27,13.70
24442,0.00,0.00,2,14.51,13.52,8,14.66,190,0.43,0.44,913,0.00,0.99,1,0.5000,23.50,126,0,0.00,14,9.00,6.54,7.84,13.70
24546,-4.69,0.00,2,14.51,13.52,8,14.64,190,0.43,0.44,989,0.00,0.99,1,0.5000,25.00,126,0,0.00,14,10.01,8.18,10.98,13.30
24650,-13.28,0.78,2,14.51,13.60,8,14.63,190,0.47,0.54,1068,0.00,0.87,1,0.5000,27.50,126,0,0.00,14,11.03,10.35,12.55,12.40
24754,-11.72,0.78,3,14.51,13.60,8,14.61,190,0.51,0.56,1190,0.00,0.90,1,0.5000,30.50,126,0,0.00,14,11.61,11.59,12.94,12.40
24859,-7.81,0.78,3,14.51,13.44,8,14.60,190,0.53,0.55,1282,0.00,0.98,1,0.5000,32.00,126,1,0.00,14,11.75,11.84,12.55,13.60
24962,-5.47,0.78,3,14.51,13.52,8,14.60,190,0.53,0.53,1321,0.00,0.98,1,0.5000,33.00,126,1,0.00,14,11.46,11.42,12.16,17.70
25066,5.47,0.78,3,14.51,13.60,8,14.59,190,0.52,0.52,1360,0.00,0.99,1,0.5000,33.50,126,1,0.00,14,11.17,11.51,12.16,16.10
25170,10.94,0.78,3,14.51,13.52,8,14.59,190,0.51,0.49,1420,0.00,0.99,1,0.5000,34.50,126,0,0.00,14,11.03,11.75,12.16,16.80
25275,7.81,0.78,3,14.51,13.44,8,14.58,190,0.50,0.50,1462,0.00,1.00,1,0.5000,35.00,126,0,0.00,14,10.88,12.30,12.16,16.50
25379,5.47,0.78,3,14.51,13.36,8,14.58,190,0.50,0.50,1499,0.00,1.00,1,0.5000,35.50,126,1,0.00,14,10.74,12.38,12.16,15.50
25482,7.03,0.78,3,14.51,13.60,8,14.58,190,0.50,0.50,1503,0.00,1.00,1,0.5000,36.00,126,1,0.00,14,10.59,12.71,12.16,15.10
25586,7.81,0.78,3,14.51,13.60,8,14.58,190,0.50,0.51,1527,0.00,1.00,1,0.5000,36.00,126,1,0.00,14,10.59,12.80,11.76,14.70
25691,7.03,0.78,3,14.51,13.52,8,14.58,190,0.50,0.49,1524,0.00,1.00,1,0.5000,36.00,126,1,0.00,14,10.45,12.67,11.76,14.60
25794,6.25,0.78,3,14.51,13.60,8,14.58,190,0.50,0.50,1526,0.00,1.01,1,0.5000,36.00,126,1,0.00,14,10.30,12.62,11.37,14.50
25899,6.25,0.78,3,14.51,13.44,8,14.58,190,0.49,0.49,1540,0.00,1.01,1,0.5000,35.50,126,1,0.00,14,10.30,12.56,11.37,14.50
26003,6.25,0.78,3,14.51,13.44,8,14.58,190,0.50,0.50,1529,0.00,1.01,1,0.5000,36.00,126,1,0.00,14,10.30,12.52,11.37,14.40
26107,5.47,0.78,3,14.51,13.60,8,14.58,190,0.50,0.50,1537,0.00,1.01,1,0.5000,36.50,126,1,0.00,14,10.16,12.76,11.37,14.40
26211,5.47,0.78,3,14.51,13.52,8,14.58,190,0.50,0.50,1556,0.00,1.01,1,0.5000,36.50,126,1,0.00,14,10.30,13.15,11.76,14.20
26315,5.47,0.78,3,14.51,13.60,8,14.58,190,0.50,0.51,1561,0.00,1.01,1,0.5000,37.00,126,2,0.00,14,10.30,13.25,11.76,14.30
26419,5.47,0.78,3,14.51,13.52,8,14.58,190,0.51,0.51,1560,0.00,1.01,1,0.5000,37.50,126,1,0.00,14,10.30,13.42,12.16,14.50
26523,5.47,0.78,3,14.51,13.52,8,14.58,190,0.51,0.51,1583,0.00,1.01,1,0.5000,37.50,126,2,0.00,14,10.45,13.72,12.55,14.40
26626,6.25,0.78,3,14.51,13.60,8,14.58,190,0.52,0.54,1597,0.00,1.01,1,0.5000,38.50,126,2,0.00,14,10.59,13.99,12.55,14.50
26731,6.25,0.78,3,14.51,13.60,8,14.58,190,0.52,0.52,1599,0.00,1.01,1,0.5000,39.00,126,2,0.00,14,10.59,13.85,12.55,14.70
26835,6.25,0.78,3,14.51,13.52,8,14.58,190,0.52,0.51,1617,0.00,1.01,1,0.5000,39.00,126,2,0.00,14,10.59,14.12,13.33,14.50
26938,6.25,0.78,3,14.51,13.52,8,14.58,190,0.53,0.54,1630,0.00,1.01,1,0.5000,40.00,126,2,0.00,14,11.03,15.13,15.29,14.60
27043,7.81,0.78,3,14.51,13.60,8,14.58,190,0.56,0.61,1658,0.00,0.94,1,0.5000,40.00,127,3,0.50,14,11.90,17.09,16.86,15.40
27147,10.94,0.78,3,14.51,13.60,8,14.58,190,0.61,0.66,1698,0.00,0.94,1,0.5000,39.00,127,2,0.50,14,12.77,19.36,20.00,15.20
27251,12.50,0.78,3,14.51,13.52,8,14.58,190,0.65,0.68,1773,0.00,0.99,1,0.5000,38.50,127,3,0.50,14,13.20,20.38,21.18,15.30
27354,12.50,0.78,3,14.51,13.52,8,14.57,190,0.66,0.67,1846,0.00,0.99,1,0.5000,38.50,127,3,0.50,14,13.06,20.80,21.18,15.00
27459,13.28,0.78,3,14.51,13.52,8,14.57,190,0.67,0.67,1891,0.00,0.99,1,0.5000,38.50,127,3,0.50,14,13.20,21.78,21.18,14.80
27563,14.84,0.78,3,14.51,13.60,8,14.57,190,0.68,0.68,1949,0.00,0.99,1,0.5000,38.50,127,3,0.00,14,13.20,22.22,21.57,14.80
27667,14.06,0.78,3,14.51,13.44,8,14.56,190,0.68,0.69,1962,0.00,0.99,1,0.5000,38.50,127,3,0.00,14,13.20,22.58,21.18,16.00
27771,14.06,0.78,3,14.51,13.52,8,14.56,190,0.68,0.68,1982,0.00,0.99,1,0.5000,38.50,127,4,0.00,14,13.20,22.70,21.18,14.50
27875,13.28,0.78,3,14.51,13.52,8,14.56,190,0.69,0.70,2018,0.00,0.99,1,0.5000,38.50,127,4,0.00,14,13.06,23.17,20.78,14.30
27979,12.50,0.78,3,14.51,13.44,8,14.56,190,0.68,0.67,2022,0.00,0.99,1,0.5000,38.50,127,4,0.00,14,13.06,23.17,20.78,14.40
28083,11.72,0.78,3,14.51,13.52,8,14.56,190,0.69,0.69,2042,0.00,0.99,1,0.5000,38.50,127,4,0.00,14,13.06,23.53,20.78,14.20
28187,11.72,0.78,3,14.51,13.60,8,14.56,190,0.68,0.68,2075,0.00,1.00,1,0.5000,38.50,127,4,0.00,14,13.06,23.65,20.78,14.10
28291,11.72,0.78,3,14.51,13.52,8,14.56,190,0.69,0.70,2077,0.00,1.00,1,0.5000,38.50,127,5,0.00,14,13.06,24.01,20.78,14.30
28395,10.94,0.78,3,14.51,13.52,8,14.56,190,0.69,0.69,2111,0.00,1.00,1,0.5000,38.50,127,5,0.00,14,13.06,24.36,20.78,14.40
28499,10.94,0.78,3,14.51,13.44,8,14.56,190,0.69,0.68,2117,0.00,1.00,1,0.5000,38.50,127,5,0.00,14,12.91,24.37,20.78,14.30
28603,10.16,0.78,3,14.51,13.52,8,14.56,190,0.69,0.69,2140,0.00,1.00,1,0.5000,38.50,127,6,0.00,14,12.91,24.73,20.78,14.30
28707,10.16,0.78,3,14.51,13.60,8,14.56,190,0.69,0.69,2173,0.00,1.00,1,0.5000,38.00,127,6,0.00,14,12.91,25.44,20.78,14.40
28811,10.16,0.78,3,14.51,13.52,8,14.56,190,0.69,0.70,2194,0.00,1.00,1,0.5000,38.50,127,6,0.00,14,12.77,25.20,20.78,14.30
28915,10.16,0.78,3,14.51,13.44,8,14.56,190,0.69,0.69,2215,0.00,1.00,1,0.5000,38.50,127,6,0.00,14,12.77,25.56,20.78,14.50
29019,9.38,0.78,3,14.51,13.52,8,14.56,190,0.69,0.68,2222,0.00,1.00,1,0.5000,38.50,127,7,0.00,14,12.77,25.56,20.78,14.40
29123,10.16,0.78,3,14.51,13.52,8,14.56,190,0.69,0.69,2251,0.00,1.00,1,0.5000,38.50,127,7,0.00,14,12.62,26.28,20.78,14.40
29227,10.16,0.78,3,14.51,13.52,8,14.56,190,0.69,0.69,2278,0.00,1.00,1,0.5000,38.50,127,7,0.00,14,12.62,26.76,20.78,14.50
29331,10.94,0.78,3,14.51,13.44,8,14.56,190,0.69,0.68,2303,0.00,1.00,1,0.5000,38.50,127,7,0.00,14,12.62,26.52,20.78,14.60
29435,10.94,0.78,3,14.51,13.52,8,14.56,190,0.69,0.68,2334,0.00,1.00,1,0.5000,38.50,127,7,0.00,14,12.48,27.00,20.78,14.50
29539,11.72,0.78,3,14.51,13.52,8,14.56,190,0.69,0.69,2356,0.00,1.00,1,0.5000,38.50,127,8,0.00,14,12.48,27.61,20.78,14.50
29643,11.72,0.78,3,14.51,13.60,8,14.56,190,0.69,0.69,2386,0.00,1.00,1,0.5000,38.50,127,8,0.00,14,12.33,27.85,20.78,14.70
29747,11.72,0.78,3,14.51,13.52,8,14.56,190,0.69,0.68,2435,0.00,1.00,1,0.5000,38.50,127,9,0.00,14,12.33,28.33,20.78,14.60
29851,11.72,0.78,3,14.51,13.44,8,14.54,190,0.69,0.70,2458,0.00,1.00,1,0.5000,38.50,127,10,0.00,14,12.33,27.98,20.78,14.50
29955,11.72,0.78,3,14.51,13.52,8,14.54,190,0.69,0.68,2464,0.00,1.00,1,0.5000,38.50,127,10,0.00,14,12.33,28.46,20.78,14.50
30059,11.72,0.78,3,14.51,13.60,8,14.54,190,0.69,0.70,2476,0.00,1.00,1,0.5000,38.00,127,11,0.00,14,12.48,28.82,21.18,14.30
30163,11.72,0.78,3,14.51,13.60,8,14.53,190,0.70,0.72,2508,0.00,1.00,1,0.5000,38.00,127,11,0.00,14,12.48,29.78,21.18,14.30
30267,11.72,0.78,3,14.51,13.60,8,14.52,190,0.70,0.70,2507,0.00,1.00,1,0.5000,38.00,127,12,0.00,14,12.48,29.41,21.57,14.40
30371,10.94,0.78,3,14.51,13.52,8,14.54,190,0.71,0.72,2472,0.00,1.00,1,0.5000,23.00,127,12,0.00,14,12.77,29.78,21.57,14.40
30475,11.72,0.78,3,14.51,13.36,8,14.56,190,0.74,0.76,2320,0.00,1.00,1,0.5000,22.50,127,12,0.50,14,13.20,29.25,21.57,14.30
30579,10.16,0.78,3,14.51,13.52,8,14.56,190,0.78,0.80,2203,0.00,0.96,1,0.5000,37.50,127,13,0.50,14,14.22,30.41,26.27,14.40
30683,10.16,0.78,3,14.51,13.60,8,14.56,190,0.81,0.83,2185,0.00,0.99,1,0.5000,37.00,127,13,1.00,14,14.51,30.20,27.06,14.30
30787,10.94,0.78,3,14.51,13.52,8,14.56,190,0.82,0.83,2173,0.00,0.99,1,0.5000,37.00,127,14,1.00,14,14.65,30.07,27.45,14.40
30891,10.16,0.78,3,14.51,13.52,8,14.56,190,0.83,0.83,2167,0.00,0.99,1,0.5000,37.00,127,14,1.00,14,14.65,29.58,27.45,14.50
30995,9.38,0.78,3,14.51,13.36,8,14.56,190,0.83,0.83,2156,0.00,0.99,1,0.5000,37.00,127,15,1.00,14,14.65,29.70,27.45,14.40
31099,9.38,0.78,3,14.51,13.52,8,14.56,190,0.83,0.83,2134,0.00,0.99,2,0.5000,36.50,127,15,1.00,14,14.65,29.58,27.45,14.30
31204,8.59,0.78,3,14.51,13.60,8,14.56,190,0.83,0.83,2153,0.00,0.99,2,0.5000,34.50,127,15,-1.00,14,14.65,29.58,27.45,14.20
31307,8.59,0.78,3,14.51,13.60,8,14.56,190,0.83,0.83,2159,-2.00,0.99,2,0.5000,35.00,127,15,-1.00,15,14.65,29.82,27.45,14.10
31412,7.81,0.78,3,14.51,13.52,8,14.56,190,0.84,0.85,2146,-2.00,0.99,2,0.5000,34.50,127,16,-1.00,15,14.80,30.19,27.45,14.30
31515,8.59,0.78,3,14.51,13.36,8,14.56,190,0.83,0.83,2154,-2.00,0.99,2,0.5000,34.50,126,16,-1.00,15,14.80,30.07,27.45,14.50
31619,7.81,0.78,3,14.51,13.52,8,14.56,190,0.83,0.84,2177,-2.00,0.99,2,0.5000,35.00,126,16,-1.00,15,14.80,30.31,27.45,14.30
31723,7.81,0.78,3,14.51,13.52,8,14.56,190,0.83,0.83,2186,-2.00,0.99,2,0.5000,35.00,126,17,-1.00,15,14.80,30.31,27.45,14.30
31827,7.81,0.78,3,14.51,13.60,8,14.56,190,0.83,0.84,2175,-2.00,0.99,2,0.5000,35.00,126,17,-1.00,15,14.80,30.68,27.45,14.30
31931,7.81,0.78,3,14.51,13.60,8,14.56,190,0.84,0.84,2179,-2.00,0.99,2,0.5000,35.00,126,17,-1.00,15,14.80,30.44,27.45,14.50
32035,7.03,0.78,3,14.51,13.36,8,14.56,190,0.84,0.83,2188,-2.00,0.99,2,0.5000,35.00,126,17,-1.00,15,14.80,30.56,27.45,14.40
32139,7.81,0.78,3,14.51,13.60,8,14.56,190,0.84,0.84,2212,-2.00,0.99,2,0.5000,35.00,126,17,-1.00,15,14.80,31.05,27.45,14.40
32243,7.03,0.78,3,14.51,13.60,8,14.56,190,0.84,0.83,2218,-2.00,0.99,2,0.5000,35.00,126,17,-1.00,15,14.65,30.93,27.45,14.30
32347,7.03,0.78,3,14.51,13.52,8,14.56,190,0.84,0.83,2226,-2.00,0.99,2,0.5000,35.00,126,18,-1.50,15,14.65,30.80,27.45,14.30
32451,7.81,0.78,3,14.51,13.60,8,14.56,190,0.83,0.82,2218,-2.00,0.99,2,0.5000,35.50,126,18,-1.50,15,14.65,31.05,27.45,14.50
32555,7.81,0.78,3,14.51,13.44,8,14.56,190,0.83,0.84,2225,-2.00,0.99,2,0.5000,35.00,126,18,-1.50,15,14.80,31.29,27.45,14.50
32659,7.81,0.78,3,14.51,13.60,8,14.56,190,0.84,0.85,2229,-2.00,0.99,2,0.5000,35.00,126,18,-1.50,15,14.65,31.29,27.45,14.30
32763,7.81,0.78,3,14.51,13.12,8,14.56,190,0.84,0.85,2236,-2.00,0.99,2,0.5000,35.00,126,18,-1.50,15,14.80,31.78,28.24,14.20
32867,8.59,0.78,3,14.51,13.60,8,14.56,190,0.85,0.86,2259,-2.00,0.99,2,0.5000,35.00,124,18,-1.50,15,14.80,31.91,28.24,14.30
32971,8.59,0.78,3,14.51,13.52,8,14.56,190,0.84,0.84,2266,-2.00,0.99,2,0.5000,35.50,124,19,-1.50,15,14.80,31.54,28.24,14.40
33075,8.59,0.78,3,14.51,13.12,8,14.56,190,0.84,0.84,2278,-2.00,0.99,2,0.5000,35.50,124,19,-1.50,15,14.80,31.29,28.24,14.30
33179,8.59,0.78,3,14.51,13.68,8,14.56,190,0.84,0.84,2263,-2.00,0.99,2,0.5000,35.00,124,19,-1.00,15,14.95,31.78,28.24,14.30
33283,8.59,0.78,3,14.51,13.52,8,14.56,190,0.85,0.86,2223,-1.00,0.99,2,0.5000,36.00,124,20,0.00,15,14.95,31.78,28.24,15.80
33387,8.59,0.78,3,14.51,13.52,8,14.56,192,0.85,0.85,2208,-3.00,0.99,2,0.5000,34.00,124,20,-2.00,16,14.95,31.53,28.24,14.80
33491,7.81,0.78,3,14.51,13.60,8,14.56,192,0.85,0.85,2218,-3.00,0.99,2,0.5000,34.00,124,20,-2.00,16,14.95,31.53,28.24,14.30
33595,7.81,0.78,3,14.51,13.52,8,14.56,192,0.86,0.86,2219,-3.00,0.99,2,0.5000,34.00,124,20,-2.00,16,14.95,31.90,28.24,14.40
33699,7.81,0.78,3,14.51,13.52,8,14.56,192,0.85,0.86,2246,-3.00,0.99,2,0.5000,34.00,124,20,-2.00,16,14.95,31.65,28.24,14.30
33803,7.81,1.56,3,14.51,13.52,8,14.56,192,0.85,0.86,2254,-3.00,0.99,2,0.5000,34.00,124,20,-2.00,16,14.95,32.14,28.24,14.30
33907,7.81,1.56,3,14.51,13.52,8,14.56,192,0.86,0.87,2260,-3.00,0.99,2,0.5000,34.00,124,20,-2.00,16,14.95,32.14,28.24,14.30
34011,7.03,1.56,3,14.51,13.60,8,14.56,192,0.85,0.85,2266,-3.00,0.99,2,0.5000,34.50,124,20,-2.50,16,14.95,31.65,28.24,14.30
34115,7.81,1.56,3,14.51,13.52,8,14.56,192,0.85,0.85,2272,-3.00,0.99,2,0.5000,34.50,122,21,-2.50,16,14.95,32.39,28.24,14.30
34219,7.81,1.56,3,14.51,13.44,8,14.56,192,0.86,0.85,2258,-3.00,0.99,2,0.5000,34.50,122,21,-2.50,16,14.80,32.63,28.24,14.60
34323,7.81,1.56,3,14.51,13.52,8,14.56,192,0.85,0.86,2266,-3.00,0.99,2,0.5000,34.50,122,21,-2.50,16,14.95,32.14,28.24,14.20
34427,7.03,1.56,3,14.51,13.60,8,14.56,192,0.85,0.85,2271,-3.00,0.99,2,0.5000,34.50,122,21,-2.50,16,14.95,32.63,28.24,14.30
34531,7.81,1.56,3,14.51,13.52,8,14.56,192,0.86,0.86,2276,-3.00,0.99,2,0.5000,34.50,122,21,-2.50,16,14.95,32.75,27.84,14.40
34635,7.81,1.56,3,14.51,13.44,8,14.56,192,0.85,0.86,2285,-3.00,0.99,2,0.5000,34.50,122,21,-2.50,16,14.80,32.51,27.45,14.30
34740,7.81,1.56,3,14.51,13.52,8,14.56,192,0.85,0.85,2289,-3.00,0.99,2,0.5000,34.50,122,21,-2.50,16,14.80,32.75,27.45,14.40
34843,7.81,1.56,3,14.51,13.36,8,14.56,192,0.85,0.85,2299,-3.00,0.99,2,0.5000,34.50,122,21,-2.50,16,14.22,32.13,23.53,14.30
34947,6.25,1.56,3,14.51,13.52,8,14.56,192,0.82,0.80,2300,-3.00,0.99,2,0.5000,34.50,122,22,-2.50,16,13.93,31.03,22.75,14.30
35051,3.91,1.56,3,14.51,13.52,8,14.56,192,0.81,0.80,2276,-3.00,0.99,2,0.5000,34.50,120,22,-2.50,16,13.93,30.41,22.35,14.00
35155,2.34,1.56,3,14.51,13.60,8,14.56,192,0.81,0.81,2262,-3.00,0.99,2,0.5000,34.50,120,22,-2.50,16,13.78,29.79,21.57,14.20
35259,1.56,1.56,3,14.51,13.52,8,14.56,192,0.80,0.79,2252,-3.00,0.99,2,0.5000,34.50,120,22,-2.50,16,13.64,29.55,21.57,14.20
35363,0.78,1.56,3,14.51,13.52,8,14.56,192,0.79,0.79,2260,-3.00,0.99,2,0.5000,35.50,120,22,-1.50,16,13.64,29.30,21.57,14.10
35467,0.00,1.56,3,14.51,13.60,8,14.56,192,0.79,0.78,2256,-2.00,0.99,2,0.5000,35.50,120,22,-1.50,16,13.64,29.55,21.57,14.20
35571,0.00,1.56,3,14.51,13.36,8,14.56,192,0.79,0.78,2254,-2.00,0.99,2,0.5000,35.50,120,22,-1.50,16,13.49,29.42,21.57,14.40
35675,0.00,1.56,3,14.51,13.60,8,14.56,192,0.78,0.77,2262,-2.00,0.99,2,0.5000,35.50,120,21,-1.50,16,13.49,28.94,21.57,14.40
35779,0.78,1.56,3,14.51,12.88,8,14.56,192,0.77,0.77,2267,-2.00,0.99,2,0.5000,35.50,120,20,-1.50,16,13.35,28.82,21.18,14.70
35884,0.78,1.56,3,14.51,12.80,8,14.56,192,0.77,0.76,2270,-2.00,0.99,2,0.5000,35.50,120,18,-1.50,16,13.35,28.94,21.18,15.40
35988,0.78,1.56,3,14.51,13.52,8,14.56,192,0.77,0.77,2249,-2.00,0.99,2,0.5000,35.50,120,13,-1.50,16,13.35,29.06,21.18,14.30
36092,1.56,1.56,3,14.51,13.36,8,14.56,192,0.77,0.76,2250,-2.00,0.99,2,0.5000,36.00,118,8,-1.50,16,13.35,28.82,21.18,14.30
36196,1.56,1.56,3,14.51,13.44,8,14.56,192,0.76,0.75,2263,-2.00,0.99,2,0.5000,35.50,118,4,-2.00,16,13.35,28.58,21.18,14.50
36300,1.56,1.56,3,14.51,13.44,8,14.56,192,0.76,0.76,2270,-2.00,0.99,2,0.5000,35.50,118,2,-2.00,16,13.35,28.97,21.18,14.50
36404,2.34,1.56,3,14.51,13.60,8,14.56,192,0.76,0.75,2279,-2.00,0.99,2,0.5000,35.50,118,1,-2.00,16,13.35,28.40,21.18,14.50
36508,1.56,1.56,3,14.51,13.52,8,14.56,192,0.75,0.75,2288,-2.00,0.99,2,0.5000,36.00,118,0,-2.00,16,13.35,28.93,21.18,14.50
36612,2.34,1.56,3,14.51,13.44,8,14.56,192,0.75,0.76,2296,-2.00,0.99,2,0.5000,36.00,118,0,-2.00,16,13.35,28.99,21.18,14.50
36716,2.34,1.56,3,14.51,13.52,8,14.56,192,0.75,0.75,2305,-2.00,0.99,2,0.5000,36.00,118,0,-2.00,16,13.20,29.01,21.18,14.50
36820,2.34,1.56,3,14.51,13.52,8,14.56,192,0.75,0.75,2315,-2.00,0.99,2,0.5000,36.00,118,0,-2.00,16,13.06,28.35,20.00,14.70
36924,2.34,1.56,3,14.51,13.52,8,14.56,192,0.73,0.71,2329,-2.00,0.99,2,0.5000,36.00,118,0,-2.00,16,12.62,27.79,19.61,14.50
37028,1.56,1.56,3,14.51,13.52,8,14.56,192,0.72,0.71,2335,-2.00,0.99,2,0.5000,36.00,118,0,-2.00,16,12.62,28.04,19.61,14.50
37132,1.56,1.56,3,14.51,13.52,8,14.56,192,0.72,0.72,2340,-2.00,1.00,2,0.5000,36.00,118,0,-2.00,16,12.62,28.29,19.61,14.30
37236,2.34,1.56,3,14.51,13.36,8,14.56,192,0.72,0.71,2353,-2.00,1.00,2,0.5000,36.00,118,0,-2.00,16,12.62,28.18,19.61,14.30
37341,2.34,1.56,3,14.51,13.52,8,14.56,192,0.72,0.71,2384,-2.00,1.00,2,0.5000,36.00,118,0,-1.00,16,12.62,28.42,19.61,14.30
37443,3.12,1.56,3,14.51,13.52,8,14.56,192,0.72,0.71,2392,-1.00,1.00,2,0.5000,37.00,118,0,-1.00,16,12.48,28.54,19.61,14.20
37548,3.91,1.56,3,14.51,13.36,8,14.56,192,0.71,0.72,2410,-1.00,1.00,2,0.5000,37.00,118,0,-1.00,16,12.33,28.42,19.61,14.30
37652,3.91,1.56,3,14.51,13.44,8,14.55,192,0.72,0.73,2423,-1.00,1.00,2,0.5000,37.00,118,0,-1.00,16,12.33,28.90,19.61,14.40
37756,3.91,1.56,3,14.51,13.44,8,14.55,192,0.71,0.70,2421,-1.00,1.00,2,0.5000,37.00,117,0,-1.00,16,12.33,28.79,19.61,14.40
37860,3.91,1.56,3,14.51,13.52,8,14.55,192,0.71,0.70,2421,-1.00,1.00,2,0.5000,22.00,117,0,-1.00,16,12.33,28.78,19.61,14.50
37964,4.69,1.56,3,14.51,13.52,8,14.56,192,0.72,0.73,2344,-1.00,1.00,2,0.5000,22.00,117,0,-1.00,16,12.62,28.43,19.61,14.40
38068,4.69,1.56,3,14.51,13.36,8,14.56,192,0.75,0.77,2171,-1.00,1.00,2,0.5000,36.00,117,0,-0.50,16,13.06,27.66,19.61,14.40
38172,2.34,1.56,3,14.51,13.44,8,14.56,192,0.77,0.78,2085,-1.00,1.00,2,0.5000,36.00,117,0,-0.50,16,13.20,26.56,19.61,14.20
38276,0.00,1.56,3,14.51,13.44,8,14.56,192,0.77,0.77,2050,-1.00,1.00,2,0.5000,36.00,117,0,0.00,16,13.35,25.83,19.61,13.90
38380,-0.78,1.56,3,14.51,13.52,8,14.56,192,0.76,0.76,1992,-1.00,1.00,2,0.5000,36.00,117,0,0.00,16,13.35,24.88,19.22,14.00
38484,-1.56,1.56,3,14.51,13.60,8,14.56,192,0.76,0.75,1990,-1.00,1.00,3,0.5000,36.00,117,1,0.00,16,13.35,24.76,19.22,14.00
38588,-2.34,1.56,3,14.51,13.28,8,14.56,192,0.75,0.75,1972,-1.00,1.00,3,0.5000,36.00,117,1,0.00,16,13.35,24.76,19.22,14.10
38692,-1.56,1.56,3,14.51,13.44,8,14.56,192,0.75,0.75,1974,-1.00,1.00,3,0.5000,36.00,117,1,-0.50,16,13.35,24.77,19.22,14.30
38796,-2.34,1.56,3,14.51,13.44,8,14.56,192,0.75,0.75,1995,-1.00,1.00,3,0.5000,36.50,117,1,-0.50,16,13.20,24.77,19.22,14.30
38900,-1.56,1.56,3,14.51,13.44,8,14.56,192,0.75,0.74,1984,-1.00,1.00,3,0.5000,36.00,117,2,-0.50,16,13.20,25.01,19.22,14.40
39004,-1.56,1.56,3,14.51,13.44,8,14.56,192,0.74,0.74,2004,-1.00,1.00,3,0.5000,36.50,117,2,-0.50,16,13.20,24.54,19.22,14.50
39108,-1.56,1.56,3,14.51,13.44,8,14.56,192,0.74,0.75,1994,-1.00,1.00,3,0.5000,36.50,117,2,-0.50,16,12.62,23.84,15.29,14.50
39212,-1.56,1.56,3,14.51,13.44,8,14.56,192,0.68,0.60,2006,-1.00,1.09,3,0.5000,38.50,117,3,-1.00,16,11.03,18.88,12.16,15.30
39316,-7.03,1.56,3,14.51,13.44,8,14.57,192,0.60,0.54,1930,-1.00,1.09,3,0.5000,40.50,117,4,-1.00,16,9.00,16.61,8.24,14.30
39420,-9.38,1.56,3,14.51,13.60,8,14.58,192,0.52,0.44,1855,-0.98,1.13,3,0.5000,38.00,117,4,0.00,16,7.98,12.82,6.67,13.50
39524,-11.72,1.56,3,14.51,13.60,8,14.57,192,0.44,0.37,1793,-0.93,1.14,3,0.5000,32.00,117,4,0.00,16,6.82,10.51,5.88,13.40
39628,-14.84,0.00,3,14.51,13.44,8,14.57,192,0.39,0.35,1739,-0.88,1.09,3,0.5000,28.00,117,4,0.00,16,6.24,9.66,5.88,12.80
39732,-17.97,0.00,2,14.51,13.52,8,14.57,192,0.36,0.33,1712,-0.83,1.00,3,0.5000,25.00,117,5,0.00,16,5.95,9.19,5.88,12.20
39836,0.00,0.00,2,14.51,12.88,8,14.57,192,0.34,0.33,1673,-0.79,1.00,3,0.5000,22.00,117,4,0.00,16,5.80,9.04,5.88,12.20
39940,0.00,0.00,2,14.51,13.44,10,14.57,192,0.33,0.33,1629,-0.74,1.00,3,0.5000,20.00,117,5,0.00,16,5.95,8.89,5.88,12.30
40044,0.00,0.00,2,14.51,13.52,10,14.58,192,0.33,0.34,1565,-0.70,1.00,3,0.5000,19.50,117,5,0.00,16,5.95,8.64,5.88,13.00
40148,0.00,0.00,2,14.51,13.52,10,14.58,192,0.33,0.33,1544,-0.66,0.99,3,0.5000,19.50,117,5,0.00,16,6.09,8.34,5.49,13.70
40252,0.00,0.00,2,14.51,13.52,10,14.58,192,0.33,0.33,1490,-0.62,0.99,3,0.5000,18.50,117,6,0.00,16,6.09,7.94,5.49,15.90
40356,0.00,0.00,2,14.51,13.52,10,14.59,194,0.34,0.35,1408,-0.58,1.00,3,0.5000,17.50,117,6,0.00,16,6.09,8.14,5.49,15.30
40460,0.00,0.00,2,14.51,13.44,10,14.60,194,0.35,0.36,1325,-0.54,1.00,3,0.5000,17.50,117,6,0.00,16,6.09,7.84,5.10,17.80
40564,0.00,0.00,2,14.51,13.52,10,14.60,194,0.35,0.36,1279,-0.50,1.00,3,0.5000,17.00,117,2,0.00,16,6.09,7.49,5.10,20.20
40668,0.00,0.00,2,14.51,13.60,10,14.60,194,0.35,0.35,1236,-0.47,1.00,3,0.5000,17.00,117,0,0.00,16,6.24,7.16,5.10,25.60
40772,0.00,0.00,2,14.51,13.52,10,14.61,194,0.35,0.35,1195,-0.43,1.00,3,0.5000,17.00,117,0,0.00,16,6.24,7.01,5.10,32.20
40876,0.00,0.00,2,14.51,13.52,10,14.61,194,0.36,0.36,1152,-0.40,1.00,3,0.5000,22.00,117,0,0.00,16,6.38,7.01,4.71,35.40
40981,0.00,0.00,2,14.51,13.52,10,14.62,194,0.36,0.37,1112,-0.38,1.00,3,0.5000,22.00,117,0,0.00,16,6.53,6.63,4.71,53.40
41084,0.00,0.00,2,14.51,13.52,10,14.63,194,0.36,0.38,1069,-0.34,1.00,3,0.5000,17.00,117,0,0.00,16,6.67,6.43,4.71,66.00
41189,0.00,0.00,2,14.51,13.52,10,14.60,194,0.33,0.28,1262,-0.31,1.10,3,0.5000,17.50,117,0,0.00,16,6.24,6.04,4.71,81.90
41292,0.00,0.00,2,14.51,13.44,10,14.59,194,0.30,0.25,1412,-0.27,1.09,3,0.5000,18.50,117,0,0.00,16,5.95,6.14,5.10,88.20
41396,0.00,0.00,2,14.51,13.44,10,14.58,194,0.28,0.26,1514,-0.23,1.00,3,0.5000,19.50,117,0,0.00,16,5.80,6.48,5.49,64.30
41500,0.00,0.00,2,14.51,13.60,10,14.58,194,0.26,0.24,1536,-0.18,1.00,3,0.5000,19.50,117,0,0.00,16,5.66,6.53,5.49,25.50
41604,0.00,0.00,2,14.51,13.52,10,14.58,194,0.26,0.26,1565,-0.14,1.00,3,0.5000,19.50,117,0,0.00,16,5.66,6.72,5.88,19.50
41708,0.00,0.00,2,14.51,13.52,10,14.58,194,0.26,0.26,1570,-0.10,1.00,3,0.5000,19.50,117,0,0.00,16,5.66,6.77,5.88,17.80
41812,0.00,0.00,2,14.51,13.44,10,14.58,194,0.26,0.24,1551,-0.06,1.00,3,0.5000,19.50,117,0,0.00,16,5.51,6.34,5.88,14.40
41916,-2.34,0.00,2,14.51,13.44,8,14.58,194,0.26,0.26,1555,-0.02,1.00,3,0.5000,19.50,118,0,0.00,16,5.51,6.77,5.88,14.00
42020,-3.91,0.00,2,14.51,13.60,8,14.58,194,0.26,0.25,1561,0.00,1.00,3,0.5000,19.50,118,1,0.00,16,5.51,6.53,5.88,14.00
42125,-4.69,0.00,2,14.51,13.44,8,14.58,194,0.26,0.26,1538,0.00,1.00,3,0.5000,19.50,118,0,0.00,16,5.51,6.77,5.88,14.00
42229,-5.47,0.00,2,14.51,13.44,8,14.58,194,0.26,0.25,1528,0.00,1.00,3,0.5000,19.50,118,0,0.00,16,5.51,6.67,5.88,13.90
42333,-6.25,0.00,2,14.51,13.44,8,14.58,194,0.26,0.26,1544,0.00,1.00,3,0.5000,19.50,118,1,0.00,16,5.51,6.67,5.49,13.80
42437,-7.03,0.00,2,14.51,13.52,8,14.58,194,0.26,0.25,1529,0.00,1.00,3,0.5000,19.50,118,1,0.00,16,5.37,6.53,5.49,13.70
42540,-8.59,0.00,2,14.51,13.52,8,14.58,194,0.25,0.25,1526,0.00,1.00,3,0.5000,19.00,118,1,0.00,16,5.51,6.38,5.49,13.70
42645,-9.38,0.00,2,14.51,13.44,8,14.58,194,0.26,0.26,1510,0.00,1.00,3,0.5000,19.00,118,1,0.00,16,5.51,6.58,5.49,13.60
42748,-10.16,0.00,2,14.51,13.52,8,14.58,194,0.26,0.26,1493,0.00,1.00,3,0.5000,19.00,118,1,0.00,16,5.51,6.38,5.49,13.70
42853,-10.16,0.00,2,14.51,13.52,8,14.58,194,0.26,0.26,1482,0.00,1.00,3,0.5000,18.50,118,1,0.00,16,5.51,6.34,5.49,13.70
42957,-10.16,0.00,2,14.51,13.60,8,14.59,194,0.25,0.25,1453,0.00,1.00,3,0.5000,18.50,118,1,0.00,16,5.51,6.02,5.49,13.90
43061,-10.16,0.00,2,14.51,13.60,8,14.59,194,0.25,0.26,1454,0.00,1.00,3,0.5000,18.00,118,2,0.00,16,5.51,5.99,5.49,14.10
43164,-10.16,0.00,2,14.51,13.44,8,14.59,194,0.25,0.25,1424,0.00,1.00,3,0.5000,18.50,118,1,0.00,16,5.51,5.97,5.49,14.10
43269,-10.16,0.00,2,14.51,13.44,8,14.59,194,0.25,0.25,1419,0.00,1.00,3,0.5000,18.00,118,1,0.00,16,5.51,5.99,5.49,14.20
43373,-10.16,0.00,2,14.51,13.44,8,14.59,194,0.25,0.25,1386,0.00,1.00,3,0.5000,18.00,118,1,0.00,16,5.51,5.94,5.49,14.40
43477,-10.16,0.00,2,14.51,13.60,8,14.59,194,0.26,0.26,1378,0.00,1.00,3,0.5000,18.00,118,2,0.00,16,5.51,5.89,5.49,14.50
43581,-9.38,0.00,2,14.51,13.60,8,14.59,194,0.26,0.26,1356,0.00,1.00,3,0.5000,17.50,118,2,0.00,16,5.66,5.91,5.10,14.50
43685,-9.38,0.00,2,14.51,13.52,8,14.60,194,0.26,0.27,1326,0.00,1.00,3,0.5000,17.50,118,2,0.00,16,5.66,5.91,5.10,14.50
43789,-9.38,0.00,2,14.51,13.44,8,14.60,194,0.26,0.26,1317,0.00,1.00,3,0.5000,17.50,118,1,0.00,16,5.66,5.84,5.10,14.60
43892,-9.38,0.00,2,14.51,13.44,8,14.60,194,0.27,0.27,1298,0.00,1.00,3,0.5000,17.50,118,1,0.00,16,5.66,5.86,5.10,14.80
43997,-8.59,0.00,2,14.51,13.60,8,14.60,194,0.27,0.28,1270,0.00,1.00,3,0.5000,17.50,118,1,0.00,16,5.66,5.81,5.10,14.70
44101,-8.59,0.00,2,14.51,13.52,8,14.60,194,0.27,0.27,1265,0.00,1.00,3,0.5000,17.00,118,0,0.00,16,5.80,5.65,5.10,14.80
44205,-8.59,0.00,2,14.51,13.44,8,14.60,194,0.27,0.27,1246,0.00,1.00,3,0.5000,17.00,118,0,0.00,16,5.80,5.52,5.10,14.80
44309,-8.59,-0.78,1,14.51,13.52,8,14.60,194,0.27,0.27,1236,0.00,1.00,3,0.5000,17.00,118,0,0.00,16,5.95,5.44,5.10,14.80
44413,-8.59,-0.78,1,14.51,13.52,8,14.60,194,0.27,0.27,1202,0.00,1.00,3,0.5000,17.00,118,0,0.00,16,5.95,5.41,5.10,14.80
44517,-8.59,-0.78,1,14.51,13.60,8,14.61,194,0.27,0.28,1180,0.00,1.00,3,0.5000,17.00,118,0,0.00,16,6.09,5.47,5.10,14.80
44621,-7.81,-0.78,1,14.51,13.52,8,14.62,194,0.28,0.29,1136,0.00,1.00,3,0.5000,22.00,118,0,0.00,16,6.24,5.41,5.10,14.70
44725,-7.03,-0.78,1,14.51,13.60,8,14.62,194,0.28,0.29,1137,0.00,1.00,3,0.5000,22.00,118,0,0.00,16,6.24,5.44,4.71,14.80
44829,-7.03,-0.78,1,14.51,13.52,8,14.62,194,0.28,0.27,1133,0.00,1.00,3,0.5000,22.00,118,0,0.00,16,6.24,5.15,4.71,14.70
44933,-7.03,-0.78,1,14.51,13.52,8,14.62,192,0.28,0.28,1118,0.00,1.00,3,0.5000,22.00,118,0,0.00,16,6.38,5.10,4.71,14.90
45037,-7.03,-0.78,1,14.51,13.52,8,14.63,192,0.28,0.28,1084,0.00,1.00,3,0.5000,22.00,118,0,0.00,16,6.38,5.13,4.71,14.80
45141,-7.03,-0.78,1,14.51,13.60,8,14.64,192,0.28,0.29,1059,0.00,1.00,3,0.5000,22.00,118,0,0.00,16,6.53,5.28,4.71,14.80
45245,-7.03,-0.78,1,14.51,13.52,8,14.64,192,0.29,0.31,1020,0.00,1.00,3,0.5000,22.00,120,0,0.00,16,6.67,5.33,4.71,14.80
45349,-6.25,-0.78,1,14.51,13.52,8,14.65,192,0.30,0.32,991,0.00,1.00,3,0.5000,22.00,120,0,0.00,16,6.82,5.36,4.71,14.80
45453,-6.25,-0.78,1,14.51,13.52,8,14.66,192,0.31,0.34,956,0.00,1.00,3,0.5000,22.00,120,0,0.00,16,6.96,5.39,5.10,14.80
45557,-6.25,-0.78,1,14.51,13.44,8,14.66,192,0.33,0.36,919,0.00,1.00,3,0.5000,22.00,120,0,0.00,16,7.25,5.44,5.10,14.90
45661,-6.25,-0.78,1,14.51,13.60,8,14.67,192,0.33,0.36,914,0.00,0.99,3,0.5000,22.00,120,0,0.00,16,7.55,5.28,5.10,14.80
45765,-6.25,-0.78,1,14.51,13.52,8,14.67,192,0.34,0.35,892,0.00,0.99,3,0.5000,22.00,120,0,0.00,16,7.69,5.20,4.71,14.80
45869,-6.25,-0.78,1,14.51,13.44,8,14.67,192,0.34,0.35,890,0.00,0.99,3,0.5000,22.00,120,0,0.00,16,7.84,5.31,4.71,14.80
45973,-6.25,-0.78,1,14.51,13.44,8,14.68,192,0.35,0.36,872,0.00,0.99,3,0.5000,22.00,120,0,0.00,16,7.84,5.28,5.10,14.70
46077,-6.25,-0.78,1,14.51,13.52,8,14.68,192,0.35,0.36,869,0.00,0.99,3,0.5000,22.00,120,0,0.00,16,7.98,5.12,5.88,14.70
46180,-5.47,-0.78,1,14.51,13.52,8,14.68,192,0.36,0.37,842,0.00,0.99,3,0.5000,22.00,120,0,0.00,16,8.42,5.28,5.88,14.80
46285,-5.47,-0.78,1,14.51,13.36,8,14.68,192,0.37,0.40,838,0.00,0.99,3,0.5000,22.00,120,0,0.00,16,8.71,5.62,5.88,15.00
46389,-4.69,-0.78,1,14.51,13.36,8,14.69,192,0.38,0.41,823,0.00,0.99,3,0.5000,22.00,120,0,0.00,16,9.00,5.47,5.49,14.80
46493,-3.91,-0.78,1,14.51,13.60,8,14.69,192,0.38,0.39,822,0.00,0.99,3,0.5000,22.00,120,0,0.00,16,9.14,5.39,5.49,14.90
46597,-2.34,-0.78,1,14.51,13.52,8,14.69,192,0.39,0.39,834,0.00,0.99,3,0.5000,20.50,120,0,0.00,16,9.29,5.47,5.88,15.20
46701,-1.56,0.00,1,14.51,13.52,8,14.68,192,0.38,0.38,897,0.00,0.99,3,0.5000,17.00,120,0,0.00,16,9.14,5.70,5.88,15.20
46805,0.00,0.00,2,14.51,13.68,8,14.66,192,0.37,0.36,947,0.00,0.99,3,0.5000,12.50,120,0,0.00,16,9.00,5.68,5.88,15.60
46908,1.56,0.00,2,14.51,13.52,8,14.64,192,0.36,0.33,1020,0.00,0.99,3,0.5000,12.00,120,0,0.00,16,8.71,5.62,5.88,16.10
47013,2.34,0.00,2,14.51,13.52,8,14.63,192,0.35,0.32,1090,0.00,1.00,3,0.5000,12.00,120,0,0.00,16,8.27,5.91,5.88,16.10
47117,1.56,0.00,2,14.51,13.60,8,14.61,192,0.33,0.31,1152,0.00,1.00,3,0.5000,19.50,120,0,0.00,16,8.27,5.99,7.45,16.10
47221,2.34,0.00,2,14.51,13.60,8,14.60,192,0.34,0.36,1208,0.00,1.00,3,0.5000,23.50,120,0,0.00,16,9.00,8.15,10.59,16.00
47325,3.91,0.00,2,14.51,13.52,8,14.60,192,0.38,0.44,1292,0.00,0.87,3,0.5000,27.50,120,0,0.00,16,9.87,9.88,10.98,15.60
47429,3.12,1.56,3,14.51,13.52,8,14.59,192,0.42,0.45,1379,0.00,0.91,3,0.5000,30.00,120,0,0.00,16,10.30,10.77,11.76,15.40
47533,5.47,1.56,3,14.51,13.52,8,14.59,192,0.44,0.46,1426,0.00,0.99,2,0.5000,31.50,120,0,0.00,16,10.74,11.42,12.55,15.10
47637,10.94,1.56,3,14.51,13.52,8,14.59,192,0.46,0.50,1428,0.00,0.98,2,0.5000,32.50,120,1,0.00,16,10.88,11.52,12.94,15.40
47741,15.62,1.56,3,14.51,13.52,8,14.58,192,0.48,0.49,1480,0.00,0.98,2,0.5000,34.50,120,0,0.00,16,11.32,12.78,14.51,16.20
47845,14.84,1.56,3,14.51,13.44,8,14.58,192,0.51,0.55,1508,0.00,0.92,2,0.5000,37.00,120,0,0.00,16,11.90,14.15,16.86,15.80
47949,15.62,1.56,3,14.51,13.44,8,14.58,192,0.54,0.58,1576,0.00,0.93,2,0.5000,40.50,120,0,0.00,16,12.62,15.61,17.65,15.30
48053,15.62,1.56,3,14.51,13.52,8,14.58,192,0.56,0.57,1653,0.00,0.98,2,0.5000,40.50,120,1,0.00,16,12.62,15.74,17.25,14.90
48157,15.62,1.56,3,14.51,13.44,8,14.58,192,0.56,0.55,1716,0.00,0.99,2,0.5000,41.00,120,0,0.00,16,12.19,15.56,16.86,14.80
48261,15.62,1.56,3,14.51,13.44,8,14.58,192,0.56,0.56,1752,0.00,0.99,2,0.5000,41.00,120,1,0.00,16,12.19,16.87,18.04,14.70
48365,16.41,1.56,3,14.51,13.44,8,14.58,192,0.58,0.60,1776,0.00,0.99,2,0.5000,40.50,120,1,0.00,16,12.48,18.37,18.43,14.60
48469,17.97,1.56,3,14.51,13.52,8,14.58,192,0.60,0.62,1790,0.00,0.99,2,0.5000,40.00,120,1,0.50,16,12.62,18.27,18.43,14.80
48573,17.19,1.56,3,14.51,13.52,8,14.58,192,0.61,0.61,1806,0.00,0.99,2,0.5000,40.00,120,1,0.50,16,12.48,18.56,18.04,14.80
48677,15.62,1.56,3,14.51,13.52,8,14.57,192,0.62,0.62,1831,0.00,0.99,2,0.5000,39.50,120,1,0.50,16,12.48,19.10,18.82,14.40
48781,14.84,1.56,3,14.51,13.36,8,14.57,192,0.63,0.65,1850,0.00,0.99,2,0.5000,39.00,120,1,0.50,16,12.91,20.73,20.39,14.20
48885,14.84,1.56,3,14.51,13.44,8,14.57,192,0.66,0.68,1894,0.00,0.99,2,0.5000,39.00,120,2,0.50,16,13.20,21.66,21.18,14.20
48990,15.62,1.56,3,14.51,13.36,8,14.57,192,0.68,0.70,1912,0.00,0.99,2,0.5000,38.50,120,1,0.00,16,13.35,22.67,21.57,14.50
49093,14.06,1.56,3,14.51,13.44,8,14.57,192,0.69,0.68,1940,0.00,0.99,2,0.5000,38.00,120,2,0.00,16,13.49,22.66,21.96,14.30
49197,12.50,1.56,3,14.51,13.44,8,14.56,192,0.70,0.71,1981,0.00,0.99,2,0.5000,38.00,120,2,0.00,16,13.49,23.00,21.96,14.20
49301,11.72,1.56,3,14.51,13.44,8,14.56,192,0.70,0.70,1986,0.00,0.99,2,0.5000,38.00,120,2,0.00,16,13.49,23.36,21.96,14.10
49405,10.94,1.56,3,14.51,13.44,8,14.56,192,0.70,0.70,2015,0.00,0.99,2,0.5000,38.00,120,2,0.00,16,13.49,23.35,21.96,14.10
49509,10.16,1.56,3,14.51,13.44,8,14.56,192,0.71,0.72,2011,0.00,0.99,2,0.5000,38.00,120,3,0.00,16,13.49,24.29,21.96,14.10
49613,10.16,1.56,3,14.51,13.52,8,14.56,192,0.71,0.72,2041,0.00,0.99,2,0.5000,38.00,120,3,0.00,16,13.49,23.94,21.57,14.20
49717,8.59,1.56,3,14.51,13.44,8,14.56,192,0.71,0.71,2042,0.00,0.99,2,0.5000,38.00,120,3,0.00,16,13.49,24.18,21.96,14.20
49821,7.81,1.56,3,14.51,13.44,8,14.56,192,0.71,0.71,2073,0.00,0.99,2,0.5000,38.00,120,3,0.00,16,13.49,24.88,21.57,14.30
49925,8.59,1.56,3,14.51,13.44,8,14.56,192,0.72,0.71,2071,0.00,0.99,2,0.5000,38.00,120,4,0.00,16,13.35,25.00,21.57,14.20
50029,7.81,1.56,3,14.51,13.52,8,14.56,192,0.73,0.73,2085,0.00,0.99,2,0.5000,37.50,120,4,0.50,16,13.49,25.47,21.57,14.30
50133,7.81,1.56,3,14.51,13.52,8,14.56,192,0.73,0.73,2114,0.00,0.99,2,0.5000,37.50,120,4,0.50,16,13.49,25.94,21.96,14.30
50237,7.03,1.56,3,14.51,13.52,8,14.56,192,0.74,0.74,2114,0.00,0.99,2,0.5000,37.50,120,4,0.50,16,13.49,26.18,21.57,14.30
50341,6.25,1.56,3,14.51,13.52,8,14.56,192,0.73,0.74,2136,0.00,0.99,2,0.5000,37.50,120,5,0.50,16,13.35,26.06,21.57,14.30
50445,5.47,1.56,3,14.51,13.44,8,14.56,192,0.74,0.75,2170,0.00,0.99,2,0.5000,37.50,120,5,0.50,16,13.35,26.78,21.96,14.30
50549,6.25,1.56,3,14.51,13.44,8,14.56,192,0.74,0.74,2181,0.00,0.99,2,0.5000,37.50,120,6,0.50,16,13.35,26.79,21.57,14.40
50653,6.25,1.56,3,14.51,13.52,8,14.56,192,0.74,0.75,2175,0.00,0.99,2,0.5000,37.50,120,6,0.50,16,13.35,27.14,21.57,14.60
50757,6.25,1.56,3,14.51,13.44,8,14.56,192,0.74,0.74,2197,0.00,0.99,2,0.5000,37.50,120,6,0.00,16,13.35,27.26,21.57,14.40
50861,5.47,1.56,3,14.51,13.52,8,14.56,192,0.74,0.75,2234,0.00,0.99,2,0.5000,37.50,120,7,0.00,16,13.35,27.62,21.57,14.40
50965,5.47,1.56,3,14.51,13.36,8,14.56,192,0.74,0.74,2255,0.00,0.99,2,0.5000,38.00,120,7,0.00,16,13.20,27.98,21.57,14.40
51070,5.47,1.56,3,14.51,13.36,8,14.56,190,0.74,0.74,2271,0.00,0.99,2,0.5000,38.00,120,7,0.00,16,13.20,27.74,21.57,14.40
51173,6.25,1.56,3,14.51,13.52,8,14.56,190,0.74,0.74,2287,0.00,0.99,2,0.5000,38.00,120,7,0.00,16,13.20,28.10,21.57,14.50
51277,7.03,1.56,3,14.51,13.84,8,14.56,190,0.73,0.73,2306,0.00,0.99,2,0.5000,38.00,120,7,0.00,16,13.20,28.11,21.57,14.80
51381,7.03,1.56,3,14.51,13.28,8,14.56,190,0.73,0.72,2348,0.00,0.99,2,0.5000,38.00,120,8,0.00,16,12.91,28.11,20.78,15.60
51485,7.03,1.56,3,14.51,13.28,8,14.56,190,0.72,0.72,2383,0.00,0.99,2,0.5000,38.00,120,8,0.00,16,12.62,28.34,20.39,15.30
51589,7.81,1.56,3,14.51,13.52,8,14.56,190,0.72,0.72,2393,0.00,0.99,2,0.5000,38.00,120,8,0.00,16,12.62,28.83,20.78,14.90
51693,7.81,1.56,3,14.51,13.44,8,14.56,190,0.72,0.72,2397,0.00,0.99,2,0.5000,38.00,120,9,0.00,16,12.62,29.07,20.78,14.80
51797,7.81,1.56,3,14.51,13.60,8,14.55,190,0.72,0.71,2420,0.00,0.99,2,0.5000,38.00,120,10,0.00,16,12.62,28.83,20.78,14.50
51901,7.81,1.56,3,14.51,13.60,8,14.55,190,0.72,0.72,2434,0.00,0.99,2,0.5000,38.00,120,10,0.00,16,12.48,29.19,20.78,14.40
52005,7.81,1.56,3,14.51,13.44,8,14.54,190,0.72,0.73,2472,0.00,0.99,2,0.5000,38.00,120,11,0.00,16,12.48,29.56,20.39,14.40
52109,7.03,1.56,3,14.51,13.52,8,14.53,190,0.71,0.71,2472,0.00,0.99,2,0.5000,38.00,120,12,0.00,16,12.04,29.19,18.82,14.30
52213,5.47,1.56,3,14.51,13.52,8,14.53,190,0.68,0.66,2486,0.00,0.99,2,0.5000,38.50,120,12,0.00,16,11.61,27.63,18.43,14.20
52317,3.12,1.56,3,14.51,13.60,8,14.54,190,0.67,0.67,2509,0.00,0.99,2,0.5000,39.00,120,13,0.00,16,11.46,27.63,18.04,13.80
52421,2.34,1.56,3,14.51,13.52,8,14.53,190,0.66,0.66,2514,0.00,0.99,2,0.5000,39.00,120,13,0.00,16,11.46,27.63,18.43,14.00
52525,2.34,1.56,3,14.51,13.44,8,14.53,190,0.66,0.67,2506,0.00,0.99,2,0.5000,39.50,120,14,0.00,16,11.32,27.63,18.43,14.20
52629,2.34,1.56,3,14.51,13.44,8,14.54,190,0.66,0.65,2537,0.00,0.99,2,0.5000,39.50,120,14,0.00,16,11.32,27.62,18.43,14.30
52733,2.34,1.56,3,14.51,13.52,8,14.53,190,0.65,0.65,2525,0.00,0.99,2,0.5000,39.50,120,15,0.00,16,11.32,27.39,18.04,14.30
52838,1.56,1.56,3,14.51,13.60,8,14.54,190,0.65,0.65,2531,0.00,0.99,2,0.5000,24.50,120,15,0.00,16,11.46,27.39,18.43,14.40
52941,3.12,1.56,3,14.51,13.60,8,14.57,190,0.68,0.71,2351,0.00,0.99,2,0.5000,23.50,120,15,0.00,16,12.04,27.15,18.43,14.20
53045,3.91,1.56,3,14.51,13.44,8,14.56,190,0.71,0.73,2198,0.00,0.99,2,0.5000,38.00,120,16,0.00,16,12.33,26.19,18.43,14.40
53149,2.34,1.56,3,14.51,13.44,8,14.56,190,0.71,0.71,2127,0.00,0.99,2,0.5000,38.00,120,16,0.00,16,12.33,24.99,18.04,14.30
53253,0.78,1.56,3,14.51,13.52,8,14.56,190,0.71,0.72,2098,0.00,0.99,2,0.5000,38.00,120,16,0.00,16,12.62,24.52,18.43,14.10
53358,0.78,1.56,3,14.51,13.52,8,14.56,190,0.72,0.72,2057,0.00,0.99,2,0.5000,38.00,120,16,0.00,16,12.77,24.51,18.43,14.20
53461,0.78,1.56,3,14.51,13.60,8,14.56,190,0.71,0.71,2032,0.00,0.99,3,0.5000,38.00,120,17,0.00,16,12.77,24.16,18.43,14.20
53565,0.78,1.56,3,14.51,13.52,8,14.56,189,0.71,0.71,2046,0.00,0.99,3,0.5000,38.00,122,17,0.00,16,12.77,24.09,18.43,14.30
53669,0.00,1.56,3,14.51,13.60,8,14.56,189,0.71,0.70,2034,0.00,0.99,3,0.5000,38.00,122,17,0.00,16,12.77,23.87,18.43,14.50
53773,0.78,1.56,3,14.51,13.52,8,14.56,189,0.70,0.70,2054,0.00,0.99,3,0.5000,38.00,122,17,0.00,16,12.77,23.66,18.43,14.50
53878,0.78,1.56,3,14.51,13.44,8,14.56,189,0.70,0.70,2044,0.00,0.99,3,0.5000,38.00,122,18,0.00,16,12.77,23.90,18.43,14.40
53982,1.56,1.56,3,14.51,13.44,8,14.56,189,0.70,0.71,2061,0.00,0.99,3,0.5000,38.00,122,18,0.00,16,12.77,23.90,18.43,14.60
54085,0.78,1.56,3,14.51,13.52,8,14.56,189,0.70,0.70,2048,0.00,0.99,3,0.5000,38.00,122,18,0.00,16,12.77,23.91,18.43,14.40
54190,0.78,1.56,3,14.51,13.52,8,14.56,189,0.70,0.69,2066,0.00,0.99,3,0.5000,38.00,122,18,0.00,16,12.62,23.79,18.43,14.30
54294,1.56,1.56,3,14.51,13.52,8,14.56,189,0.70,0.70,2054,0.00,0.99,3,0.5000,38.00,122,19,0.00,16,12.62,24.26,18.43,14.50
54397,1.56,1.56,3,14.51,13.60,8,14.56,189,0.70,0.70,2058,0.00,0.99,3,0.5000,38.00,122,19,0.00,16,12.48,23.91,16.86,14.60
54502,1.56,1.56,3,14.51,13.52,8,14.56,189,0.66,0.62,2070,0.00,1.06,3,0.5000,40.50,122,19,0.00,16,10.01,18.23,9.41,14.50
54605,-3.91,1.56,3,14.51,13.52,8,14.57,189,0.54,0.45,1992,0.00,1.17,3,0.5000,41.00,122,20,0.00,16,8.71,13.33,7.84,14.10
54710,-11.72,1.56,3,14.51,13.60,8,14.57,189,0.45,0.39,1873,0.00,1.11,3,0.5000,37.00,122,21,0.00,16,7.84,11.93,7.45,13.20
54813,-17.97,1.56,3,14.51,13.52,8,14.57,189,0.42,0.39,1812,0.00,1.05,3,0.5000,35.50,122,20,0.00,16,7.40,11.58,7.06,12.40
54918,-19.53,1.56,3,14.51,13.52,8,14.57,189,0.38,0.36,1792,0.00,1.08,3,0.5000,32.50,122,21,0.00,16,6.67,9.76,5.49,12.20
55021,-21.09,0.00,2,14.51,13.44,8,14.57,189,0.35,0.31,1752,0.00,1.00,3,0.5000,29.00,122,21,0.00,16,6.24,9.09,5.49,12.30
55125,-23.44,0.00,2,14.51,13.52,8,14.57,189,0.33,0.31,1714,0.00,1.00,3,0.5000,26.00,122,21,0.00,16,5.95,8.74,5.49,12.40
55230,-25.00,0.00,2,14.51,13.12,8,14.57,189,0.31,0.29,1688,0.00,1.00,3,0.5000,23.50,122,21,0.00,16,5.80,8.24,5.49,12.60
55333,0.00,0.00,2,14.51,13.60,10,14.57,189,0.30,0.29,1652,0.00,1.00,3,0.5000,20.50,122,22,0.00,16,5.80,8.04,5.10,12.90
55438,0.00,0.00,2,14.51,13.60,10,14.58,189,0.30,0.30,1582,0.00,1.00,3,0.5000,19.50,122,22,0.00,16,6.09,7.94,5.10,13.00
55542,0.00,0.00,2,14.51,13.44,10,14.58,189,0.30,0.29,1548,0.00,1.00,3,0.5000,19.50,122,22,0.00,16,6.09,7.54,5.10,13.00
55646,0.00,0.00,2,14.51,13.60,10,14.58,189,0.29,0.28,1537,0.00,0.99,3,0.5000,19.00,122,22,0.00,16,5.95,7.35,5.10,15.90
55750,0.00,0.00,2,14.51,13.60,10,14.58,189,0.30,0.30,1471,0.00,0.99,3,0.5000,18.50,122,23,0.00,16,6.09,7.25,5.10,15.90
55854,0.00,0.00,2,14.51,13.60,10,14.59,189,0.30,0.31,1404,0.00,1.00,3,0.5000,17.50,122,23,0.00,16,6.09,7.06,4.71,17.00
55957,0.00,0.00,2,14.51,13.52,10,14.59,189,0.30,0.31,1329,0.00,1.00,3,0.5000,17.50,120,23,0.00,16,6.24,6.86,4.71,18.50
56062,0.00,0.00,2,14.51,13.60,10,14.60,189,0.31,0.31,1288,0.00,1.00,3,0.5000,17.50,120,23,0.00,16,6.24,6.58,4.71,20.60
56166,0.00,0.00,2,14.51,13.60,10,14.60,189,0.31,0.31,1253,0.00,1.00,3,0.5000,17.00,120,10,0.00,16,6.24,6.29,4.71,25.10
56270,0.00,0.00,2,14.51,13.60,10,14.60,189,0.31,0.30,1221,0.00,1.00,3,0.5000,17.00,120,2,0.00,16,6.09,6.09,4.71,32.50
56374,0.00,0.00,2,14.51,13.60,10,14.61,189,0.31,0.31,1185,0.00,1.00,3,0.5000,17.00,120,0,0.00,16,6.24,5.94,4.31,40.50
56478,0.00,0.00,2,14.51,13.52,10,14.62,189,0.31,0.31,1145,0.00,1.00,3,0.5000,17.00,120,0,0.00,16,6.24,5.91,4.31,56.30
56583,0.00,0.00,2,14.51,13.60,10,14.63,189,0.31,0.32,1103,0.00,1.00,3,0.5000,17.00,120,0,0.00,16,6.24,5.83,4.31,69.60
56686,0.00,0.00,2,14.51,13.60,10,14.64,189,0.32,0.33,1051,0.00,1.00,3,0.5000,22.00,120,0,0.00,16,6.24,5.78,4.31,75.60
56790,0.00,0.00,2,14.51,13.60,10,14.65,189,0.32,0.34,1000,0.00,1.00,3,0.5000,22.00,120,0,0.00,16,6.38,5.65,3.92,85.70
56894,0.00,-0.78,2,14.51,13.60,10,14.66,189,0.33,0.36,963,0.00,1.00,3,0.5000,22.00,120,0,0.00,16,6.53,5.62,4.71,93.70
56998,0.00,0.00,2,14.51,13.52,10,14.67,189,0.35,0.38,893,0.00,1.00,3,0.5000,22.00,120,0,0.00,16,6.96,5.76,4.71,96.00
57102,0.00,0.00,2,14.51,13.60,10,14.68,189,0.36,0.42,822,0.00,0.91,3,0.5000,22.00,120,0,0.00,16,7.25,5.68,4.71,96.00
57207,0.00,0.00,2,14.51,13.60,10,14.67,189,0.36,0.35,986,0.00,1.00,3,0.5000,17.00,120,0,0.00,16,7.25,5.78,4.71,96.00
57311,0.00,0.00,2,14.51,13.60,10,14.62,189,0.33,0.29,1165,0.00,1.08,3,0.5000,17.00,120,0,0.00,16,6.82,5.70,4.71,96.00
57415,0.00,0.00,2,14.51,13.60,10,14.60,189,0.31,0.28,1232,0.00,1.06,3,0.5000,17.00,120,0,0.00,16,6.38,5.70,4.71,96.00
57519,0.00,-0.78,2,14.51,13.68,10,14.60,189,0.30,0.27,1216,0.00,1.00,3,0.5000,17.00,120,0,0.00,16,6.38,5.57,4.31,66.80
57622,0.00,0.00,2,14.51,13.36,10,14.61,189,0.29,0.29,1188,0.00,1.00,3,0.5000,17.00,120,0,0.00,16,6.24,5.62,4.71,31.30
57727,0.00,0.00,2,14.51,13.68,10,14.61,189,0.29,0.29,1172,0.00,1.00,3,0.5000,17.00,120,0,0.00,16,6.24,5.60,4.31,23.30
57830,0.00,-0.78,1,14.51,13.60,10,14.61,189,0.29,0.29,1154,0.00,1.00,3,0.5000,17.00,120,0,0.00,16,6.24,5.49,4.31,18.50
57934,0.00,-0.78,1,14.51,13.60,8,14.62,189,0.29,0.29,1148,0.00,1.00,3,0.5000,17.00,120,0,0.00,16,6.09,5.44,4.31,17.30
58038,-2.34,-0.78,1,14.51,13.68,8,14.62,189,0.29,0.29,1139,0.00,1.00,3,0.5000,18.00,120,0,0.00,16,6.09,5.39,4.31,18.80
58142,-3.91,0.00,1,14.51,13.52,8,14.62,189,0.29,0.29,1132,0.00,1.00,3,0.5000,20.00,120,0,0.00,16,6.38,5.63,7.45,14.40
58246,-6.25,0.00,2,14.51,13.60,8,14.62,189,0.32,0.37,1129,0.00,0.81,3,0.5000,23.50,120,0,0.00,16,9.43,8.50,12.94,14.20
58351,-9.38,1.56,3,14.51,13.52,8,14.61,189,0.44,0.62,1189,0.00,0.71,3,0.5000,28.00,120,0,0.00,16,11.03,12.94,13.73,13.80
58454,-13.28,1.56,3,14.51,13.60,8,14.60,189,0.51,0.59,1319,0.00,0.86,3,0.5000,33.50,120,0,0.00,16,11.61,13.04,13.33,13.20
58559,-9.38,1.56,3,14.51,13.60,8,14.59,189,0.53,0.54,1424,0.00,0.98,3,0.5000,35.50,120,0,0.00,16,11.46,12.62,13.33,13.70
58663,-3.12,1.56,3,14.51,13.44,8,14.58,189,0.52,0.53,1488,0.00,0.98,3,0.5000,36.50,120,0,0.00,16,11.46,13.01,13.33,18.00
58766,5.47,1.56,3,14.51,13.44,8,14.58,189,0.52,0.53,1512,0.00,0.98,3,0.5000,37.00,120,0,0.00,16,11.32,13.32,13.33,16.70
58870,7.81,1.56,3,14.51,13.68,8,14.58,189,0.52,0.52,1563,0.00,0.98,3,0.5000,38.00,120,0,0.00,16,11.17,13.54,13.33,16.50
58975,5.47,1.56,3,14.51,13.68,8,14.58,189,0.52,0.52,1614,0.00,0.98,3,0.5000,38.50,120,0,0.00,16,11.03,13.91,13.33,16.00
59079,4.69,1.56,3,14.51,13.52,8,14.58,189,0.52,0.51,1637,0.00,0.98,3,0.5000,39.00,120,0,0.00,16,11.17,14.42,14.51,15.20
59182,6.25,1.56,3,14.51,13.52,8,14.58,189,0.54,0.57,1646,0.00,0.93,3,0.5000,40.50,120,0,0.00,16,12.04,16.64,17.25,14.80
59287,8.59,1.56,3,14.51,13.52,8,14.58,189,0.59,0.63,1649,0.00,0.92,3,0.5000,39.00,120,0,0.50,16,12.48,18.08,17.65,15.10
59391,10.16,1.56,3,14.51,13.52,8,14.58,189,0.61,0.61,1704,0.00,0.98,3,0.5000,39.50,120,0,0.50,16,12.48,17.39,17.25,15.50
59494,8.59,1.56,3,14.51,13.60,8,14.58,189,0.60,0.60,1747,0.00,0.98,3,0.5000,39.50,120,0,0.50,16,12.33,17.79,17.25,15.10
59598,9.38,1.56,3,14.51,13.52,8,14.58,189,0.61,0.63,1771,0.00,0.98,3,0.5000,39.50,120,0,0.50,16,12.48,18.28,18.04,14.70
59703,10.16,1.56,3,14.51,13.28,8,14.58,189,0.63,0.64,1800,0.00,0.98,3,0.5000,39.00,120,0,0.50,16,12.48,19.21,18.04,14.60
59807,10.94,1.56,3,14.51,13.44,8,14.58,189,0.63,0.65,1812,0.00,0.98,3,0.5000,39.00,120,0,0.50,16,12.48,18.77,17.65,14.70
59910,9.38,1.56,3,14.51,13.52,8,14.57,189,0.63,0.64,1822,0.00,0.98,3,0.5000,39.00,120,0,0.50,16,12.48,19.54,17.65,14.50
60015,8.59,1.56,3,14.51,13.52,8,14.57,189,0.64,0.64,1829,0.00,0.98,3,0.5000,39.00,120,0,0.50,16,12.48,19.43,17.65,14.40
60119,7.81,1.56,3,14.51,13.52,8,14.57,189,0.65,0.66,1820,0.00,0.98,3,0.5000,39.00,120,0,0.50,16,12.62,19.87,18.43,14.40
60223,7.81,1.56,3,14.51,13.52,8,14.57,189,0.66,0.68,1825,0.00,0.98,3,0.5000,38.00,120,0,0.50,16,12.91,20.93,19.61,14.20
60327,7.81,1.56,3,14.51,13.52,8,14.57,189,0.68,0.69,1859,0.00,0.98,3,0.5000,38.00,120,0,0.50,16,13.06,21.34,19.61,14.30
60430,7.81,1.56,3,14.51,13.52,8,14.57,189,0.68,0.67,1874,0.00,0.98,3,0.5000,38.50,120,0,0.50,16,12.91,21.24,19.61,14.30
60534,7.03,1.56,3,14.51,13.44,8,14.57,189,0.68,0.69,1885,0.00,0.99,3,0.5000,38.00,120,0,0.50,16,13.06,21.55,19.61,14.30
60639,7.03,1.56,3,14.51,13.44,8,14.57,189,0.69,0.69,1878,0.00,0.99,3,0.5000,38.00,120,0,0.50,16,13.06,21.34,19.61,14.30
60743,6.25,1.56,3,14.51,13.52,8,14.57,189,0.69,0.70,1898,0.00,0.99,3,0.5000,38.00,120,1,0.50,16,13.06,21.88,19.61,14.30
60847,6.25,1.56,3,14.51,13.52,8,14.57,189,0.69,0.70,1901,0.00,0.99,3,0.5000,38.00,118,1,0.50,16,13.06,21.66,19.61,14.30
60951,5.47,1.56,3,14.51,13.44,8,14.57,189,0.69,0.70,1893,0.00,0.99,3,0.5000,38.00,118,1,0.50,16,13.06,22.11,19.61,14.20
61055,4.69,1.56,3,14.51,13.44,8,14.57,189,0.69,0.69,1896,0.00,0.99,3,0.5000,37.50,118,1,0.50,16,13.06,22.10,19.61,14.30
61159,4.69,1.56,3,14.51,13.52,8,14.57,189,0.70,0.71,1914,0.00,0.99,3,0.5000,37.50,118,2,0.50,16,13.06,22.56,19.22,14.30
61263,3.91,1.56,3,14.51,13.52,8,14.57,189,0.70,0.70,1919,0.00,0.99,3,0.5000,38.00,118,2,0.50,16,12.91,21.99,18.82,14.30
61367,3.91,1.56,3,14.51,13.52,8,14.57,189,0.69,0.69,1904,0.00,0.99,3,0.5000,37.50,118,2,0.50,16,12.91,22.46,18.82,14.30
61471,3.12,1.56,3,14.51,13.52,8,14.57,189,0.70,0.71,1919,0.00,0.99,3,0.5000,37.50,118,2,0.50,16,13.06,22.46,18.82,14.20
61575,2.34,1.56,3,14.51,13.44,8,14.57,189,0.71,0.71,1920,0.00,0.99,3,0.5000,37.50,118,3,0.50,16,12.91,22.45,18.82,14.30
61679,2.34,1.56,3,14.51,13.52,8,14.57,189,0.70,0.69,1909,0.00,0.99,3,0.5000,37.50,118,3,0.50,16,13.06,22.45,18.82,14.30
61783,2.34,1.56,3,14.51,13.44,8,14.57,189,0.70,0.70,1927,0.00,0.99,3,0.5000,37.50,118,3,0.50,16,13.06,22.45,18.82,14.40
61887,2.34,1.56,3,14.51,13.52,8,14.57,189,0.70,0.71,1930,0.00,0.99,3,0.5000,37.50,118,4,0.50,16,12.91,22.57,18.82,14.50
61991,2.34,1.56,3,14.51,13.60,8,14.57,189,0.71,0.70,1917,0.00,0.99,3,0.5000,37.50,118,4,0.50,16,13.06,22.80,18.82,14.40
62095,2.34,1.56,3,14.51,13.44,8,14.57,189,0.70,0.71,1935,0.00,0.99,3,0.5000,37.50,118,4,0.50,16,12.91,22.33,18.82,14.60
62199,2.34,1.56,3,14.51,13.44,8,14.56,189,0.71,0.73,1941,0.00,0.99,3,0.5000,37.50,118,5,0.50,16,13.06,22.92,18.82,14.40
62303,2.34,1.56,3,14.51,13.52,8,14.57,189,0.71,0.71,1928,0.00,0.99,3,0.5000,37.50,118,5,0.50,16,13.06,22.68,18.82,14.50
62407,2.34,1.56,3,14.51,13.52,8,14.57,189,0.71,0.70,1946,0.00,0.99,3,0.5000,37.50,118,6,0.50,16,13.06,23.15,18.82,14.50
62511,2.34,1.56,3,14.51,13.52,8,14.56,189,0.71,0.71,1932,0.00,0.99,3,0.5000,37.50,117,6,0.50,16,12.91,22.92,18.82,14.50
62615,2.34,1.56,3,14.51,13.44,8,14.57,189,0.71,0.71,1937,0.00,0.99,3,0.5000,37.50,117,6,0.50,16,13.06,22.92,18.82,14.50
62719,2.34,1.56,3,14.51,13.60,8,14.57,189,0.71,0.71,1954,0.00,0.99,3,0.5000,37.50,117,7,0.50,16,12.91,23.15,18.43,14.50
62823,2.34,1.56,3,14.51,13.60,8,14.56,189,0.70,0.70,1941,0.00,0.99,3,0.5000,37.50,117,7,0.50,16,12.91,22.46,18.43,14.50
62927,1.56,1.56,3,14.51,13.52,8,14.56,189,0.70,0.70,1957,0.00,0.99,3,0.5000,37.50,117,7,0.00,16,12.91,22.46,18.43,14.40
63031,1.56,1.56,3,14.51,13.52,8,14.56,189,0.70,0.72,1952,0.00,0.99,3,0.5000,38.00,117,8,0.50,16,13.06,23.16,19.22,14.30
63135,2.34,1.56,3,14.51,13.52,8,14.56,189,0.71,0.72,1942,0.00,0.99,3,0.5000,37.50,117,8,0.50,16,13.06,23.14,19.22,14.40
63239,2.34,1.56,3,14.51,13.44,8,14.56,189,0.71,0.71,1965,0.00,0.99,3,0.5000,38.00,117,8,0.50,16,13.06,23.26,19.22,14.60
63343,2.34,1.56,3,14.51,13.52,8,14.56,189,0.71,0.72,1956,0.00,0.99,3,0.5000,38.00,117,9,0.50,16,13.06,23.14,18.82,14.50
63447,2.34,1.56,3,14.51,13.60,8,14.56,189,0.71,0.70,1956,0.00,0.99,3,0.5000,37.50,117,9,0.50,16,12.91,23.04,18.43,14.40
63551,2.34,1.56,3,14.51,13.52,8,14.56,189,0.71,0.71,1972,0.00,0.99,3,0.5000,38.00,117,9,0.00,16,12.91,23.63,18.82,14.40
63655,2.34,1.56,3,14.51,13.52,8,14.56,189,0.71,0.71,1960,0.00,0.99,3,0.5000,37.50,117,10,0.50,16,12.91,23.39,18.82,14.40
63759,1.56,1.56,3,14.51,13.52,8,14.56,189,0.71,0.71,1978,0.00,0.99,3,0.5000,38.00,115,10,0.00,16,12.91,23.39,18.82,14.40
63863,1.56,1.56,3,14.51,13.52,8,14.56,189,0.71,0.72,1965,0.00,0.99,3,0.5000,38.00,115,10,0.50,16,12.91,23.63,18.82,14.40
63967,1.56,1.56,3,14.51,13.52,8,14.56,189,0.71,0.71,1983,0.00,0.99,3,0.5000,37.50,115,10,0.50,16,12.91,23.63,18.82,14.40
64070,1.56,1.56,3,14.51,13.60,8,14.56,189,0.72,0.72,1982,0.00,0.99,3,0.5000,38.00,115,11,0.50,16,12.91,23.63,18.82,14.40
64175,1.56,1.56,3,14.51,13.44,8,14.56,189,0.72,0.72,1973,0.00,0.99,3,0.5000,37.50,115,11,0.50,16,13.06,23.85,19.22,14.40
64279,1.56,1.56,3,14.51,13.44,8,14.56,189,0.72,0.72,1994,0.00,0.99,3,0.5000,38.00,115,11,0.50,16,13.06,23.96,19.22,14.50
64383,1.56,1.56,3,14.51,13.44,8,14.56,189,0.72,0.72,1983,0.00,0.99,3,0.5000,37.50,115,12,0.50,16,13.06,24.07,19.61,14.40
64487,1.56,1.56,3,14.51,13.60,8,14.56,189,0.73,0.73,2004,0.00,0.99,3,0.5000,37.50,115,12,0.50,16,13.20,24.43,19.61,14.50
64591,2.34,1.56,3,14.51,13.60,8,14.56,189,0.74,0.74,1997,0.00,0.99,3,0.5000,37.50,115,12,0.50,16,13.35,25.12,20.39,14.50
64695,2.34,1.56,3,14.51,13.52,8,14.56,189,0.74,0.74,2022,0.00,0.99,3,0.5000,37.50,115,12,0.50,16,13.35,24.76,20.39,14.50
64799,2.34,1.56,3,14.51,13.52,8,14.56,189,0.74,0.75,2017,0.00,0.99,3,0.5000,37.50,115,13,0.50,16,13.49,25.69,21.18,14.50
64903,2.34,1.56,3,14.51,13.52,8,14.56,189,0.75,0.75,2040,0.00,0.99,3,0.5000,37.50,115,13,0.50,16,13.49,25.56,21.18,14.50
65007,3.12,1.56,3,14.51,13.52,8,14.56,189,0.76,0.76,2037,0.00,0.99,3,0.5000,37.00,115,13,0.50,16,13.78,26.01,23.53,14.50
65111,3.91,1.56,3,14.51,13.52,8,14.56,189,0.78,0.80,2068,0.00,0.99,3,0.5000,37.00,115,13,1.00,16,14.36,27.93,26.27,14.50
65215,7.03,1.56,3,14.51,13.60,8,14.56,189,0.79,0.80,2075,0.00,0.99,3,0.5000,37.00,113,13,1.00,16,14.36,27.96,26.67,15.30
65319,7.81,1.56,3,14.51,13.20,8,14.56,189,0.80,0.81,2106,0.00,0.99,3,0.5000,37.00,113,14,1.00,16,14.51,28.79,27.84,15.10
65423,7.81,1.56,3,14.51,13.44,8,14.56,189,0.81,0.82,2139,0.00,0.99,3,0.5000,37.00,113,14,1.00,16,14.51,29.03,27.45,14.70
65527,7.81,1.56,3,14.51,13.60,8,14.56,189,0.81,0.81,2138,0.00,0.99,3,0.5000,37.00,113,15,1.00,16,14.51,29.27,27.45,14.50
65631,7.81,1.56,3,14.51,13.44,8,14.56,189,0.82,0.82,2150,0.00,0.99,3,0.5000,37.00,113,15,1.00,16,14.51,29.88,27.45,16.40
65735,7.81,1.56,3,14.51,13.44,8,14.56,189,0.83,0.84,2174,0.00,0.99,3,0.5000,37.00,113,15,1.00,16,14.65,30.25,27.45,14.60
65839,7.81,1.56,3,14.51,13.36,8,14.56,189,0.84,0.84,2140,0.00,0.99,3,0.5000,36.50,113,16,1.00,16,14.65,30.00,27.06,14.30
65943,7.03,1.56,3,14.51,13.52,8,14.56,189,0.84,0.84,2126,0.00,0.99,3,0.5000,36.50,113,16,1.00,16,14.65,29.88,27.45,14.30
66047,7.03,1.56,3,14.51,13.60,8,14.56,189,0.84,0.85,2132,0.00,0.99,3,0.5000,36.50,113,17,1.00,16,14.80,30.00,27.45,14.30
66151,6.25,1.56,3,14.51,13.60,8,14.56,189,0.84,0.84,2153,0.00,0.99,3,0.5000,37.00,113,17,1.00,16,14.80,30.00,27.45,14.40
66255,6.25,1.56,3,14.51,13.60,8,14.56,189,0.84,0.84,2141,0.00,0.99,3,0.5000,37.00,113,17,1.00,16,14.80,30.49,27.45,14.30
66359,5.47,1.56,3,14.51,13.44,8,14.56,189,0.85,0.86,2150,0.00,0.99,3,0.5000,36.50,113,16,1.00,16,14.80,30.85,27.45,14.20
66463,5.47,1.56,3,14.51,13.52,8,14.56,189,0.85,0.85,2174,0.00,0.99,3,0.5000,34.50,111,15,-1.00,17,14.80,30.73,27.45,14.30
66567,5.47,1.56,3,14.51,13.52,8,14.56,189,0.85,0.85,2173,-2.00,0.99,3,0.5000,34.50,111,13,-1.00,17,14.80,30.73,27.45,14.50
66671,5.47,1.56,3,14.51,13.52,8,14.56,189,0.85,0.84,2160,-2.00,0.99,3,0.5000,35.00,111,11,-1.00,17,14.80,30.61,27.45,14.60
66775,5.47,1.56,3,14.51,13.52,8,14.56,189,0.85,0.86,2160,-2.00,0.99,3,0.5000,34.50,111,9,-1.00,17,14.80,30.73,27.45,14.30
66879,5.47,1.56,3,14.51,13.60,8,14.56,189,0.85,0.85,2175,-2.00,0.99,3,0.5000,34.50,111,6,-1.00,17,14.95,30.48,27.06,14.30
66983,3.91,1.56,3,14.51,13.44,8,14.56,189,0.85,0.85,2173,-2.00,0.99,3,0.5000,35.00,111,3,-1.00,17,14.95,30.73,27.45,14.20
67087,3.91,1.56,3,14.51,13.68,8,14.56,189,0.85,0.84,2156,-2.00,0.99,3,0.5000,35.00,111,1,-1.00,17,14.95,30.48,27.06,14.40
67191,3.12,1.56,3,14.51,13.52,8,14.56,189,0.85,0.84,2158,-2.00,0.99,3,0.5000,34.50,111,0,-1.00,17,14.95,30.36,27.84,14.50
67295,3.12,1.56,3,14.51,13.60,8,14.56,189,0.85,0.87,2176,-2.00,0.99,3,0.5000,34.50,111,0,-1.00,17,15.38,31.21,33.33,14.30
67399,4.69,1.56,3,14.51,13.52,8,14.56,189,0.86,0.87,2186,-2.00,0.99,3,0.5000,34.50,111,0,-1.00,17,15.53,31.70,35.69,14.50
67503,5.47,1.56,3,14.51,13.52,8,14.56,189,0.86,0.86,2203,-2.00,0.99,3,0.5000,35.00,111,0,-1.00,17,15.53,31.21,35.69,14.70
67607,5.47,1.56,3,14.51,13.60,8,14.56,189,0.86,0.85,2205,-2.00,0.99,3,0.5000,34.50,111,0,-1.00,17,15.53,32.32,35.69,14.90
67711,6.25,1.56,3,14.51,13.52,8,14.56,189,0.87,0.86,2217,-2.00,0.99,3,0.5000,34.50,109,0,-1.00,17,15.53,32.31,35.69,14.60
67815,6.25,1.56,3,14.51,13.36,8,14.56,189,0.87,0.86,2229,-2.00,0.99,3,0.5000,34.50,109,0,-1.00,17,15.53,32.19,35.69,14.50
67919,6.25,1.56,3,14.51,13.44,8,14.56,189,0.87,0.87,2252,-2.00,0.99,3,0.5000,34.50,109,0,-1.00,17,15.53,32.93,35.69,14.20
68023,6.25,1.56,3,14.51,13.52,8,14.56,189,0.87,0.87,2262,-2.00,0.99,3,0.5000,34.50,109,0,-1.00,17,15.53,32.68,35.29,14.50
68127,6.25,1.56,3,14.51,13.52,8,14.56,189,0.87,0.86,2269,-2.00,0.99,3,0.5000,35.00,109,0,-1.00,17,15.53,32.80,35.29,14.40
68231,6.25,1.56,3,14.51,13.44,8,14.56,189,0.87,0.88,2271,-2.00,0.99,3,0.5000,35.00,109,0,-1.00,17,15.53,33.32,35.29,14.40
68335,6.25,1.56,3,14.51,12.56,8,14.56,189,0.87,0.87,2279,-2.00,0.99,3,0.5000,35.00,109,0,-1.00,17,15.67,33.04,35.29,14.50
68439,7.03,1.56,3,14.51,12.88,8,14.56,189,0.88,0.87,2282,-2.00,0.99,3,0.5000,35.00,109,0,0.00,17,15.67,34.05,38.43,14.50
68543,7.03,1.56,3,14.51,13.44,8,14.56,189,0.89,0.90,2264,-1.00,0.99,3,0.5000,35.50,109,0,0.50,17,15.82,34.20,39.61,14.70
68647,7.03,1.56,3,14.51,13.44,8,14.56,189,0.89,0.89,2266,-1.00,0.99,3,0.5000,35.50,109,0,0.50,17,15.82,34.05,37.65,14.50
68751,6.25,1.56,3,14.51,13.36,8,14.56,189,0.86,0.85,2276,-1.00,1.02,3,0.5000,36.50,109,0,-0.50,17,12.04,29.38,10.98,14.40
68855,3.12,1.56,3,14.51,13.52,8,14.56,189,0.67,0.48,2212,-0.97,1.25,3,0.5000,37.50,109,0,0.00,17,9.29,15.98,7.45,13.40
68959,-1.56,1.56,3,14.51,13.44,8,14.58,189,0.53,0.41,2011,-0.91,1.16,3,0.5000,34.00,109,0,0.00,17,7.98,13.92,7.06,11.90
69063,-5.47,1.56,3,14.51,13.04,8,14.57,189,0.46,0.42,1845,-0.86,1.09,3,0.5000,29.50,108,0,0.00,17,6.96,11.87,5.88,11.10
69167,-10.94,1.56,3,14.51,13.44,8,14.57,189,0.42,0.38,1762,-0.81,1.07,3,0.5000,25.50,108,0,0.00,17,6.53,10.68,5.88,10.70
69271,0.00,1.56,3,14.51,13.44,10,14.57,189,0.39,0.36,1712,-0.76,1.00,3,0.5000,22.00,108,0,0.00,17,6.38,10.37,5.88,10.40
69375,0.00,0.00,3,14.51,13.36,10,14.57,189,0.38,0.37,1632,-0.71,1.00,3,0.5000,20.00,108,0,0.00,17,6.24,9.90,5.88,10.60
69479,0.00,0.00,2,14.51,13.44,10,14.58,189,0.38,0.38,1521,-0.67,1.00,3,0.5000,18.50,108,0,0.00,17,6.38,9.71,5.49,11.00
69583,0.00,0.00,2,14.51,13.52,10,14.59,189,0.39,0.41,1383,-0.63,1.00,3,0.5000,17.50,108,1,0.00,17,6.38,9.19,5.10,12.20
69687,0.00,0.00,2,14.51,13.36,10,14.60,189,0.42,0.46,1173,-0.60,0.91,3,0.5000,21.50,108,1,0.00,17,6.53,8.99,5.10,13.10
69792,0.00,0.00,2,14.51,13.44,10,14.64,189,0.45,0.51,1003,-0.57,0.88,3,0.5000,21.50,108,0,0.00,17,6.96,8.54,4.71,13.70
69896,0.00,0.00,2,14.51,13.36,10,14.64,189,0.48,0.55,948,-0.54,0.90,3,0.5000,21.00,108,0,0.00,17,7.55,8.29,5.10,13.40
70000,0.00,0.00,2,14.51,13.36,10,14.63,189,0.50,0.57,902,-0.52,0.92,4,0.5000,21.00,108,1,0.00,17,7.98,8.04,5.10,16.70
70103,0.00,0.00,2,14.51,13.28,10,14.63,189,0.52,0.58,832,-0.50,0.92,4,0.5000,20.50,108,0,0.00,17,8.27,7.79,5.10,16.90
70208,0.00,0.00,2,14.51,13.28,8,14.63,189,0.54,0.58,801,-0.47,0.93,4,0.5000,20.50,108,0,0.00,17,8.56,7.84,5.10,16.30
70311,-2.34,0.00,2,14.51,13.04,8,14.63,189,0.56,0.61,772,-0.46,0.93,4,0.5000,20.00,108,1,0.00,17,9.00,7.79,5.10,13.30
70416,-6.25,0.00,2,14.51,13.04,8,14.63,189,0.57,0.57,784,-0.43,0.99,4,0.5000,20.00,108,1,0.00,17,9.14,7.25,4.71,11.90
70519,-10.16,0.00,2,14.51,13.20,8,14.63,189,0.56,0.54,786,-0.41,0.99,4,0.5000,18.50,108,0,0.00,17,9.14,7.21,4.71,11.10
70624,-14.06,0.00,2,14.51,13.28,8,14.63,189,0.54,0.52,813,-0.38,0.99,4,0.5000,16.00,108,0,0.00,17,9.14,6.87,4.71,10.40
70727,-14.84,0.00,2,14.51,13.44,8,14.63,189,0.52,0.46,852,-0.36,1.08,4,0.5000,15.50,108,1,0.00,17,9.14,6.44,4.71,10.10
70832,-17.19,0.00,2,14.51,13.36,8,14.63,189,0.49,0.43,876,-0.34,1.09,4,0.5000,15.50,108,0,0.00,17,9.00,6.12,4.71,10.20
70936,-18.75,0.00,2,14.51,13.36,8,14.64,189,0.46,0.41,883,-0.31,1.08,4,0.5000,15.50,108,0,0.00,17,8.85,6.17,4.71,10.20
71040,-21.09,0.00,2,14.51,13.52,8,14.64,189,0.45,0.43,906,-0.29,1.00,4,0.5000,13.00,108,0,0.00,17,8.56,6.63,4.71,10.90
71144,-21.09,0.00,2,14.51,13.52,8,14.64,189,0.43,0.40,942,-0.26,1.05,4,0.5000,12.00,108,0,0.00,17,8.42,6.39,4.71,11.50
71248,-20.31,0.00,2,14.51,13.60,8,14.65,189,0.42,0.40,964,-0.24,1.00,4,0.5000,12.00,108,0,0.00,17,8.27,6.39,4.71,12.10
71352,-20.31,0.00,2,14.51,13.52,8,14.65,189,0.42,0.40,976,-0.21,1.00,4,0.5000,13.00,108,0,0.00,17,8.13,6.39,5.10,12.60
71455,-20.31,0.00,2,14.51,13.44,8,14.66,189,0.41,0.40,941,-0.18,1.00,4,0.5000,15.50,108,0,0.00,17,8.13,6.24,5.10,13.10
71560,-20.31,0.00,2,14.51,13.44,8,14.66,189,0.41,0.42,920,-0.16,1.00,4,0.5000,16.50,108,0,0.00,17,8.13,6.34,5.10,13.40
71664,-21.09,0.00,2,14.51,13.52,8,14.67,189,0.41,0.41,898,-0.14,1.00,3,0.5000,18.00,108,0,0.00,17,8.27,6.24,4.71,13.60
71768,-21.09,0.00,2,14.51,13.36,8,14.67,189,0.42,0.42,850,-0.11,1.00,3,0.5000,20.00,108,0,0.00,17,8.42,6.05,4.71,13.80
71871,-21.09,0.00,2,14.51,13.44,8,14.68,189,0.43,0.44,829,-0.09,1.00,3,0.5000,21.50,108,0,0.00,17,8.56,6.15,4.71,13.90
71975,-21.09,0.00,2,14.51,13.28,8,14.68,189,0.43,0.47,804,-0.06,1.00,3,0.5000,21.50,108,0,0.00,17,8.71,6.24,4.71,14.10
72079,-20.31,0.00,2,14.51,13.12,8,14.67,189,0.45,0.47,776,-0.04,1.00,3,0.5000,21.50,108,0,0.00,17,8.85,6.07,4.71,14.20
72184,-20.31,0.00,2,14.51,13.20,8,14.66,189,0.45,0.46,795,-0.02,1.00,3,0.5000,21.50,108,0,0.00,17,9.00,6.19,4.71,14.30
72288,-20.31,0.00,2,14.51,13.28,8,14.66,189,0.45,0.46,808,0.00,1.00,3,0.5000,18.00,108,0,0.00,17,9.00,6.00,4.71,14.50
72392,-19.53,0.00,2,14.51,13.36,8,14.66,189,0.45,0.43,836,0.00,1.00,3,0.5000,17.00,108,0,0.00,17,8.85,6.00,4.71,14.40
72496,-18.75,0.00,2,14.51,13.44,8,14.66,189,0.43,0.42,859,0.00,1.00,3,0.5000,16.00,108,0,0.00,17,8.85,5.94,4.71,15.00
72600,-18.75,0.00,2,14.51,13.44,8,14.66,189,0.42,0.39,900,0.00,1.00,3,0.5000,15.50,109,0,0.00,17,8.56,5.92,4.71,15.00
72704,-17.97,0.00,2,14.51,13.44,8,14.66,189,0.41,0.39,896,0.00,1.00,3,0.5000,15.50,109,0,0.00,17,8.42,5.84,4.71,15.00
72808,-17.97,0.00,2,14.51,13.52,8,14.66,189,0.40,0.39,909,0.00,1.00,3,0.5000,15.50,109,0,0.00,17,8.42,5.87,4.71,15.10
72912,-17.97,0.00,2,14.51,13.44,8,14.67,189,0.40,0.39,890,0.00,1.00,3,0.5000,17.00,109,0,0.00,17,8.42,5.73,4.71,15.10
73016,-17.97,0.00,2,14.51,13.44,8,14.68,189,0.40,0.40,870,0.00,1.00,2,0.5000,18.00,109,0,0.00,17,8.42,5.73,4.71,15.00
73120,-17.19,0.00,2,14.51,13.44,8,14.69,189,0.40,0.42,831,0.00,1.00,2,0.5000,19.00,109,0,0.00,17,8.42,5.73,4.71,15.10
73224,-17.19,0.00,2,14.51,13.44,8,14.69,189,0.41,0.42,810,0.00,1.00,2,0.5000,21.00,109,0,0.00,17,8.56,5.79,4.71,15.10
73328,-17.19,0.00,2,14.51,13.28,8,14.69,189,0.42,0.44,798,0.00,1.00,2,0.5000,21.50,109,0,0.00,17,8.71,5.76,4.71,15.00
73432,-16.41,0.00,2,14.51,13.52,8,14.68,189,0.43,0.45,768,0.00,1.00,2,0.5000,21.50,109,0,0.00,17,8.85,5.68,4.71,15.10
73536,-16.41,-0.78,1,14.51,13.60,8,14.68,189,0.43,0.43,766,0.00,1.00,2,0.5000,21.50,109,0,0.00,17,9.00,5.39,4.71,15.10
73639,-15.62,-0.78,1,14.51,13.44,8,14.68,189,0.42,0.42,780,0.00,1.00,2,0.5000,19.50,109,0,0.00,17,9.00,5.36,4.71,15.20
73744,-14.84,-0.78,1,14.51,13.44,8,14.68,189,0.42,0.41,786,0.00,1.00,2,0.5000,19.00,109,0,0.00,17,9.00,5.44,4.71,15.40
73848,-14.84,-0.78,1,14.51,13.52,8,14.68,189,0.42,0.41,788,0.00,1.00,2,0.5000,19.00,109,0,0.00,17,8.85,5.42,4.71,15.40
73952,-14.06,-0.78,1,14.51,13.60,8,14.68,189,0.42,0.42,778,0.00,1.00,2,0.5000,18.00,109,0,0.00,17,9.00,5.50,7.45,15.50
74056,-13.28,0.00,2,14.51,13.44,8,14.68,189,0.45,0.60,759,0.00,0.84,2,0.5000,23.00,109,0,0.00,17,11.90,7.71,17.65,15.50
74160,-11.72,1.56,3,14.51,13.52,8,14.64,189,0.58,0.86,803,0.00,0.72,2,0.5000,25.50,109,0,0.50,17,13.78,12.54,20.00,15.50
74264,-12.50,1.56,3,14.51,13.36,8,14.62,189,0.61,0.62,1060,0.00,0.94,2,0.5000,28.50,109,0,0.50,17,13.93,10.94,19.61,14.80
74368,-10.16,1.56,3,14.51,13.52,8,14.60,189,0.59,0.56,1235,0.00,0.98,2,0.5000,30.50,109,0,0.50,17,13.78,11.75,20.39,14.00
74472,-1.56,1.56,3,14.51,13.36,8,14.60,189,0.60,0.61,1268,0.00,0.98,2,0.5000,31.50,109,0,0.50,17,13.78,13.09,20.39,15.80
74575,10.94,1.56,3,14.51,13.36,8,14.60,189,0.60,0.60,1302,0.00,0.98,2,0.5000,32.50,109,0,0.50,17,13.78,13.51,20.39,17.70
74680,16.41,1.56,3,14.51,13.52,8,14.59,189,0.61,0.62,1370,0.00,0.98,2,0.5000,34.00,109,1,0.50,17,13.64,14.33,20.39,18.60
74784,14.06,1.56,3,14.51,13.44,8,14.58,189,0.60,0.58,1485,0.00,0.98,2,0.5000,37.00,109,1,0.50,17,13.49,14.96,20.00,17.30
74888,11.72,1.56,3,14.51,13.52,8,14.58,189,0.60,0.60,1550,0.00,0.99,2,0.5000,38.00,109,0,0.50,17,13.49,16.20,20.78,15.90
74992,13.28,1.56,3,14.51,13.44,8,14.58,189,0.62,0.66,1590,0.00,0.94,2,0.5000,38.00,111,1,1.00,17,13.64,17.48,21.18,15.20
75096,14.84,1.56,3,14.51,13.52,8,14.58,189,0.64,0.67,1620,0.00,0.98,2,0.5000,38.00,111,1,1.00,17,13.49,17.79,21.18,15.20
75200,14.06,1.56,3,14.51,13.52,8,14.58,189,0.66,0.68,1659,0.00,0.98,2,0.5000,37.50,111,1,1.00,17,13.49,18.83,21.18,15.10
75304,12.50,1.56,3,14.51,13.44,8,14.58,189,0.67,0.69,1684,0.00,0.98,2,0.5000,37.50,111,1,1.00,17,13.49,19.39,20.78,15.30
75408,12.50,1.56,3,14.51,13.44,8,14.58,189,0.68,0.69,1702,0.00,0.98,2,0.5000,37.00,111,1,1.00,17,13.49,19.63,20.78,14.30
75512,10.16,1.56,3,14.51,13.36,8,14.58,189,0.69,0.69,1714,0.00,0.98,2,0.5000,37.00,111,1,1.00,17,13.35,20.07,20.39,14.30
75617,8.59,1.56,3,14.51,13.36,8,14.58,189,0.70,0.70,1728,0.00,0.98,2,0.5000,37.00,111,1,1.00,17,13.35,20.08,20.00,14.00
75720,7.81,1.56,3,14.51,13.52,8,14.58,189,0.69,0.69,1737,0.00,0.99,2,0.5000,37.00,111,2,1.00,17,13.35,20.09,20.00,13.90
75824,6.25,1.56,3,14.51,13.36,8,14.58,189,0.70,0.70,1746,0.00,0.99,2,0.5000,37.00,111,2,1.00,17,13.35,20.41,20.00,13.90
75929,6.25,1.56,3,14.51,13.44,8,14.58,189,0.70,0.71,1752,0.00,0.99,2,0.5000,37.00,111,2,1.00,17,13.49,20.51,20.39,14.30
76033,5.47,1.56,3,14.51,13.36,8,14.58,189,0.71,0.71,1761,0.00,0.99,2,0.5000,37.00,109,2,1.00,17,13.49,21.05,20.39,14.10
76137,4.69,1.56,3,14.51,13.36,8,14.58,189,0.71,0.71,1769,0.00,0.99,2,0.5000,37.00,109,3,1.00,17,13.49,20.94,20.39,14.20
76240,3.91,1.56,3,14.51,13.44,8,14.58,189,0.71,0.71,1785,0.00,0.99,2,0.5000,37.00,109,3,1.00,17,13.35,21.16,19.61,14.20
76344,3.91,1.56,3,14.51,13.52,8,14.58,189,0.71,0.71,1792,0.00,0.99,2,0.5000,37.00,109,3,1.00,17,13.20,20.95,19.61,14.30
76448,3.91,1.56,3,14.51,13.44,8,14.58,189,0.71,0.73,1794,0.00,0.99,2,0.5000,37.00,109,4,1.00,17,13.35,21.39,19.61,14.40
76553,2.34,1.56,3,14.51,13.36,8,14.58,189,0.72,0.72,1786,0.00,0.99,2,0.5000,37.00,109,4,1.00,17,13.35,21.50,19.61,14.20
76657,2.34,1.56,3,14.51,13.44,8,14.58,189,0.72,0.73,1790,0.00,0.99,2,0.5000,37.00,109,4,1.00,17,13.35,21.60,19.61,14.30
76761,1.56,1.56,3,14.51,13.52,8,14.58,189,0.73,0.73,1799,0.00,0.99,2,0.5000,37.00,109,4,1.00,17,13.35,21.93,19.61,14.30
76864,1.56,1.56,3,14.51,13.44,8,14.58,189,0.73,0.74,1808,0.00,0.99,2,0.5000,37.00,109,5,1.00,17,13.49,22.73,20.39,14.40
76969,1.56,1.56,3,14.51,13.44,8,14.58,189,0.74,0.75,1831,0.00,0.99,2,0.5000,36.50,109,5,1.00,17,13.49,22.60,20.78,14.30
77073,1.56,1.56,3,14.51,13.44,8,14.57,189,0.75,0.76,1844,0.00,0.99,2,0.5000,37.00,109,5,1.00,17,13.49,22.84,20.78,14.40
77177,1.56,1.56,3,14.51,13.44,8,14.57,189,0.75,0.74,1845,0.00,0.99,2,0.5000,37.00,109,6,1.00,17,13.64,22.94,21.18,14.30
77281,0.78,1.56,3,14.51,13.52,8,14.57,189,0.75,0.76,1857,0.00,0.99,2,0.5000,36.50,109,6,1.00,17,13.64,23.64,21.57,14.40
77385,0.78,1.56,3,14.51,13.44,8,14.57,189,0.76,0.76,1866,0.00,0.99,2,0.5000,36.50,109,6,1.00,17,13.78,23.85,21.57,14.50
77488,1.56,1.56,3,14.51,13.44,8,14.57,189,0.76,0.78,1894,0.00,0.99,2,0.5000,37.00,109,7,1.00,17,13.78,23.96,21.57,14.50
77593,1.56,1.56,3,14.51,13.36,8,14.57,189,0.76,0.75,1895,0.00,0.99,2,0.5000,37.00,109,6,1.00,17,13.78,24.43,21.57,14.60
77697,1.56,1.56,3,14.51,13.44,8,14.57,189,0.77,0.76,1904,0.00,0.99,2,0.5000,36.50,109,7,1.00,17,13.78,24.43,21.57,14.40
77801,1.56,1.56,3,14.51,13.52,8,14.57,189,0.76,0.75,1933,0.00,0.99,2,0.5000,35.00,109,7,-1.00,18,13.78,24.43,21.57,14.50
77905,1.56,1.56,3,14.51,13.44,8,14.57,189,0.76,0.77,1926,-2.00,0.99,2,0.5000,35.00,109,7,-1.00,18,13.78,24.66,21.57,14.40
78009,1.56,1.56,3,14.51,13.36,8,14.57,189,0.76,0.77,1936,-2.00,0.99,2,0.5000,35.00,109,8,-1.00,18,13.78,24.90,21.96,14.40
78112,1.56,1.56,3,14.51,13.44,8,14.57,189,0.77,0.77,1956,-2.00,0.99,2,0.5000,35.00,109,8,-1.00,18,13.93,25.35,21.96,14.40
78217,1.56,1.56,3,14.51,13.52,8,14.56,189,0.78,0.79,1952,-2.00,0.99,2,0.5000,34.50,109,8,-0.50,18,14.51,26.62,26.27,14.50
78321,3.12,1.56,3,14.51,13.44,8,14.56,189,0.80,0.81,1990,-2.00,0.99,2,0.5000,34.50,109,8,-0.50,18,14.51,27.11,26.67,14.60
78425,4.69,1.56,3,14.51,13.44,8,14.56,189,0.81,0.81,2007,-2.00,0.99,2,0.5000,34.50,109,8,-0.50,18,14.51,27.23,26.67,15.00
78529,4.69,1.56,3,14.51,13.52,8,14.56,189,0.80,0.80,2050,-2.00,0.99,2,0.5000,34.50,109,8,-1.00,18,14.51,27.35,26.27,14.70
78633,4.69,1.56,3,14.51,13.44,8,14.56,189,0.81,0.81,2053,-2.00,0.99,2,0.5000,34.50,109,8,-1.00,18,14.51,27.82,26.67,16.60
78737,5.47,1.56,3,14.51,13.44,8,14.56,189,0.81,0.82,2079,-2.00,0.99,2,0.5000,34.50,109,8,-1.00,18,14.51,28.06,26.67,14.50
78841,4.69,1.56,3,14.51,13.44,8,14.56,189,0.82,0.82,2068,-2.00,0.99,2,0.5000,34.50,109,9,-1.00,18,14.51,28.54,26.67,14.50
78945,4.69,1.56,3,14.51,13.52,8,14.56,189,0.82,0.82,2098,-2.00,0.99,2,0.5000,35.00,109,9,-1.00,18,14.51,28.66,26.67,14.40
79048,4.69,1.56,3,14.51,13.44,8,14.56,189,0.82,0.81,2116,-2.00,0.99,2,0.5000,35.00,111,9,-1.00,18,14.51,29.02,26.67,14.40
79154,4.69,1.56,3,14.51,13.36,8,14.56,189,0.81,0.82,2111,-2.00,0.99,2,0.5000,34.50,111,9,-1.00,18,14.51,28.78,25.49,14.30
79257,3.91,1.56,3,14.51,13.44,8,14.56,189,0.81,0.80,2136,-2.00,0.99,2,0.5000,35.00,111,10,-1.00,18,14.22,28.54,23.53,14.30
79361,3.91,1.56,3,14.51,13.44,8,14.56,189,0.80,0.80,2136,-2.00,0.99,2,0.5000,35.00,111,10,-1.00,18,14.07,28.42,23.53,14.40
79465,3.12,1.56,3,14.51,13.60,8,14.56,189,0.81,0.81,2120,-2.00,0.99,2,0.5000,35.00,111,10,-1.00,18,14.22,28.54,23.53,14.30
79569,3.12,1.56,3,14.51,13.44,8,14.56,189,0.80,0.81,2140,-2.00,0.99,2,0.5000,35.00,111,11,-1.00,18,14.22,28.54,23.53,14.30
79673,2.34,1.56,3,14.51,13.44,8,14.56,189,0.80,0.80,2147,-2.00,0.99,2,0.5000,35.00,111,11,-1.00,18,14.07,28.54,23.53,14.30
79777,2.34,1.56,3,14.51,13.52,8,14.56,189,0.80,0.80,2137,-2.00,0.99,2,0.5000,35.00,111,12,-1.00,18,13.93,28.90,22.35,14.30
79881,2.34,1.56,3,14.51,13.44,8,14.56,189,0.80,0.79,2142,-1.00,0.99,2,0.5000,36.00,111,12,0.00,18,13.93,28.48,22.75,14.70
79985,2.34,1.56,3,14.51,13.44,8,14.56,189,0.80,0.80,2165,-1.00,0.99,2,0.5000,36.00,111,12,0.00,18,13.93,28.63,22.75,14.50
80089,3.12,1.56,3,14.51,13.36,8,14.56,189,0.80,0.79,2172,-1.00,0.99,2,0.5000,36.00,111,12,-0.50,18,13.93,28.89,22.75,14.40
80193,2.34,1.56,3,14.51,13.44,8,14.56,189,0.79,0.78,2163,-1.00,0.99,2,0.5000,36.00,111,12,-0.50,18,13.64,28.21,21.57,14.40
80297,2.34,1.56,3,14.51,13.44,8,14.56,189,0.78,0.78,2165,-1.00,0.99,2,0.5000,36.50,111,13,-0.50,18,13.64,28.00,21.18,14.40
80401,2.34,1.56,3,14.51,13.44,8,14.56,189,0.77,0.77,2176,-1.00,0.99,2,0.5000,36.50,111,13,-0.50,18,13.49,27.56,21.18,14.50
80505,1.56,1.56,3,14.51,13.44,8,14.56,189,0.77,0.77,2179,-1.00,0.99,2,0.5000,36.50,111,13,-0.50,18,13.49,27.80,21.18,14.40
80609,1.56,1.56,3,14.51,13.36,8,14.56,189,0.77,0.77,2162,-1.00,0.99,2,0.5000,36.50,111,14,-0.50,18,13.49,27.80,21.18,14.40
80713,2.34,1.56,3,14.51,13.44,8,14.56,189,0.77,0.77,2169,-1.00,0.99,2,0.5000,36.50,111,13,-0.50,18,13.49,27.92,21.18,14.40
80817,2.34,1.56,3,14.51,13.52,8,14.56,187,0.77,0.77,2193,-1.00,0.99,2,0.5000,36.50,111,14,-0.50,18,13.49,27.93,21.18,14.30
80921,2.34,1.56,3,14.51,13.52,8,14.56,187,0.77,0.77,2200,-1.00,0.99,2,0.5000,36.50,113,14,-0.50,18,13.49,28.05,21.18,15.60
81025,2.34,1.56,3,14.51,13.44,8,14.56,187,0.77,0.76,2208,-1.00,0.99,2,0.5000,36.50,113,14,-0.50,18,13.49,28.05,21.57,14.50
81129,3.12,1.56,3,14.51,13.44,8,14.56,187,0.77,0.76,2203,-1.00,0.99,2,0.5000,36.50,113,14,-0.50,18,13.64,28.51,21.96,14.40
81233,3.91,1.56,3,14.51,13.52,8,14.56,187,0.77,0.77,2216,-1.00,0.99,2,0.5000,36.50,113,14,-0.50,18,13.64,28.86,22.35,14.30
81337,4.69,1.56,3,14.51,13.44,8,14.56,187,0.78,0.79,2232,-1.00,0.99,2,0.5000,36.50,113,14,-0.50,18,13.64,28.97,22.35,14.60
81441,4.69,1.56,3,14.51,13.52,8,14.56,187,0.78,0.78,2256,-1.00,0.99,2,0.5000,36.50,113,14,-0.50,18,13.78,29.08,22.35,16.10
81545,5.47,1.56,3,14.51,13.44,8,14.56,187,0.77,0.77,2270,-1.00,0.99,2,0.5000,36.50,113,14,-0.50,18,13.64,29.44,22.35,16.90
81649,6.25,1.56,3,14.51,13.44,8,14.56,187,0.77,0.77,2283,-1.00,0.99,2,0.5000,36.50,113,13,-0.50,18,13.64,29.33,22.35,15.20
81753,5.47,1.56,3,14.51,13.44,8,14.56,187,0.77,0.78,2295,-1.00,0.99,2,0.5000,37.00,113,12,-0.50,18,13.64,29.69,22.35,14.20
81857,6.25,1.56,3,14.51,13.60,8,14.56,187,0.77,0.78,2306,0.00,0.99,2,0.5000,38.00,113,10,0.00,18,13.49,29.46,21.57,14.20
81961,6.25,1.56,3,14.51,13.52,8,14.56,187,0.76,0.75,2349,0.00,0.99,2,0.5000,38.00,113,9,0.00,18,13.35,29.49,21.96,14.40
82065,6.25,1.56,3,14.51,13.52,8,14.56,187,0.76,0.76,2358,0.00,0.99,2,0.5000,38.00,113,7,0.00,18,13.35,29.74,21.96,14.50
82169,7.03,1.56,3,14.51,13.36,8,14.56,187,0.76,0.77,2365,0.00,0.99,2,0.5000,38.00,113,6,0.00,18,13.35,30.12,21.96,14.30
82273,7.03,1.56,3,14.51,13.52,8,14.56,187,0.76,0.76,2364,0.00,0.99,2,0.5000,38.00,113,5,0.00,18,13.35,30.24,21.96,14.40
82377,7.03,1.56,3,14.51,13.52,8,14.56,187,0.76,0.76,2380,0.00,0.99,2,0.5000,38.00,115,3,0.00,18,13.35,30.25,21.96,14.40
82481,7.03,1.56,3,14.51,13.44,8,14.56,187,0.76,0.75,2389,0.00,0.99,2,0.5000,38.00,115,3,0.00,18,13.35,30.24,21.96,14.50
82585,7.03,1.56,3,14.51,13.60,8,14.56,187,0.75,0.75,2402,0.00,0.99,2,0.5000,38.00,115,2,0.00,18,13.35,30.49,22.35,14.50
82689,7.03,1.56,3,14.51,13.44,8,14.56,187,0.75,0.76,2432,0.00,0.99,2,0.5000,38.00,115,1,0.00,18,13.35,30.37,21.96,14.50
82793,7.03,1.56,3,14.51,13.52,8,14.55,187,0.76,0.77,2446,0.00,0.99,2,0.5000,38.00,115,1,0.00,18,13.35,30.86,21.96,14.30
82897,7.03,1.56,3,14.51,13.60,8,14.54,187,0.76,0.76,2441,0.00,0.99,2,0.5000,38.00,115,1,0.00,18,13.20,30.62,21.57,14.50
83001,6.25,1.56,3,14.51,13.60,8,14.54,187,0.74,0.72,2455,0.00,0.99,2,0.5000,38.00,115,1,0.00,18,12.77,29.40,19.22,14.20
83106,3.91,1.56,3,14.51,13.52,8,14.54,187,0.71,0.69,2472,0.00,0.99,2,0.5000,38.00,115,1,0.00,18,12.19,28.37,18.43,14.20
83209,2.34,1.56,3,14.51,13.44,8,14.54,187,0.69,0.68,2466,0.00,0.99,2,0.5000,38.50,115,1,0.00,18,11.61,26.74,16.86,14.00
83313,0.00,1.56,3,14.51,13.60,8,14.55,187,0.65,0.63,2434,0.00,1.00,2,0.5000,40.00,115,0,0.00,18,11.03,25.32,16.08,14.00
83418,-1.56,1.56,3,14.51,13.52,8,14.57,187,0.63,0.62,2421,0.00,1.00,2,0.5000,40.50,115,0,0.00,18,10.88,25.25,16.08,13.80
83521,-0.78,1.56,3,14.51,13.52,8,14.57,187,0.63,0.62,2436,0.00,1.00,2,0.5000,40.50,115,0,0.00,18,11.03,25.18,17.25,14.10
83625,0.00,1.56,3,14.51,13.44,8,14.57,187,0.64,0.66,2436,0.00,1.00,2,0.5000,39.50,115,0,0.00,18,11.61,27.07,18.43,14.30
83729,3.91,1.56,3,14.51,13.52,8,14.56,187,0.67,0.69,2418,0.00,0.99,2,0.5000,24.00,117,1,0.00,18,12.19,27.99,19.22,15.50
83833,7.81,1.56,3,14.51,13.52,8,14.56,187,0.70,0.73,2310,0.00,0.99,2,0.5000,23.00,117,1,0.00,18,12.62,27.72,19.61,15.40
83937,6.25,1.56,3,14.51,13.60,8,14.56,187,0.73,0.75,2189,0.00,0.99,2,0.5000,34.00,117,1,0.00,18,12.91,26.71,19.22,15.40
84041,4.69,1.56,3,14.51,13.60,8,14.56,187,0.73,0.73,2158,0.00,0.99,2,0.5000,37.50,117,1,0.50,18,12.91,25.98,19.22,14.30
84145,3.91,1.56,3,14.51,13.44,8,14.56,187,0.73,0.72,2106,0.00,0.99,2,0.5000,37.50,117,1,0.50,18,13.06,25.62,18.82,14.20
84249,2.34,1.56,3,14.51,13.44,8,14.56,187,0.73,0.73,2056,0.00,0.99,2,0.5000,37.50,117,2,0.50,18,13.06,25.14,18.82,14.20
84353,1.56,1.56,3,14.51,13.52,8,14.56,187,0.73,0.73,2042,0.00,0.99,2,0.5000,37.50,117,2,0.50,18,13.20,24.78,18.82,14.10
84457,0.78,1.56,3,14.51,13.60,8,14.56,187,0.73,0.72,2016,0.00,0.99,3,0.5000,37.50,117,2,0.50,18,13.20,24.42,19.22,14.10
84561,0.78,1.56,3,14.51,13.52,8,14.56,187,0.73,0.72,2029,0.00,0.99,3,0.5000,37.50,117,3,0.50,18,13.20,24.54,19.22,14.30
84665,1.56,1.56,3,14.51,13.52,8,14.56,187,0.73,0.74,2018,0.00,0.99,3,0.5000,37.50,117,3,0.50,18,13.20,24.30,19.22,14.30
84769,1.56,1.56,3,14.51,13.44,8,14.56,187,0.73,0.72,2034,0.00,0.99,3,0.5000,37.50,117,3,0.50,18,13.20,24.54,19.22,14.40
84873,1.56,1.56,3,14.51,13.44,8,14.56,187,0.73,0.73,2023,0.00,0.99,3,0.5000,37.50,117,3,0.50,18,13.20,24.31,19.22,14.60
84977,1.56,1.56,3,14.51,13.52,8,14.56,187,0.72,0.72,2038,0.00,0.99,3,0.5000,37.50,117,4,0.50,18,13.20,24.78,19.22,14.50
85081,1.56,1.56,3,14.51,13.60,8,14.56,187,0.73,0.72,2022,0.00,0.99,3,0.5000,37.50,117,4,0.50,18,13.20,24.78,19.61,14.30
85186,1.56,1.56,3,14.51,13.44,8,14.56,187,0.73,0.73,2044,0.00,0.99,3,0.5000,37.50,117,5,0.50,18,13.35,24.77,19.61,14.40
85289,1.56,1.56,3,14.51,13.36,8,14.56,187,0.73,0.73,2032,0.00,0.99,3,0.5000,37.50,117,5,0.50,18,13.35,25.00,20.00,14.60
85393,2.34,1.56,3,14.51,13.44,8,14.56,187,0.73,0.74,2054,0.00,0.99,3,0.5000,37.50,117,5,0.50,18,13.35,25.24,20.39,14.50
85497,2.34,1.56,3,14.51,13.60,8,14.56,187,0.74,0.74,2047,0.00,0.99,3,0.5000,37.50,117,6,0.50,18,13.49,25.57,20.78,14.60
85602,3.12,1.56,3,14.51,13.52,8,14.56,187,0.74,0.75,2067,0.00,0.99,3,0.5000,37.50,117,6,0.50,18,13.64,25.56,21.18,14.90
85706,3.12,1.56,3,14.51,13.44,8,14.56,187,0.74,0.74,2080,0.00,0.99,3,0.5000,37.50,117,6,0.50,18,13.49,25.56,20.78,14.20
85809,3.12,1.56,3,14.51,13.36,8,14.56,187,0.74,0.74,2070,0.00,0.99,3,0.5000,37.50,117,6,0.50,18,13.49,25.92,20.78,14.50
85913,3.12,1.56,3,14.51,13.44,8,14.56,187,0.74,0.74,2092,0.00,0.99,3,0.5000,37.50,117,7,0.50,18,13.49,25.93,20.78,14.50
86017,3.12,1.56,3,14.51,13.52,8,14.56,187,0.75,0.74,2078,0.00,0.99,3,0.5000,37.50,118,7,0.50,18,13.49,25.80,20.78,14.60
86121,3.12,1.56,3,14.51,13.52,8,14.56,187,0.74,0.74,2098,0.00,0.99,3,0.5000,37.50,118,7,0.50,18,13.49,25.92,20.78,14.40
86225,3.12,1.56,3,14.51,13.52,8,14.56,187,0.74,0.74,2103,0.00,0.99,3,0.5000,37.50,118,8,0.50,18,13.49,25.81,20.78,14.50
86330,3.12,1.56,3,14.51,13.44,8,14.56,187,0.74,0.74,2088,0.00,0.99,3,0.5000,37.50,118,8,0.50,18,13.49,25.92,20.78,14.50
86434,3.12,1.56,3,14.51,13.52,8,14.56,187,0.74,0.75,2108,0.00,0.99,3,0.5000,37.50,118,8,0.50,18,13.49,25.69,20.78,14.50
86538,3.12,1.56,3,14.51,13.52,8,14.56,187,0.74,0.74,2096,0.00,0.99,3,0.5000,37.50,118,9,0.50,18,13.49,25.93,20.78,14.40
86642,3.91,1.56,3,14.51,13.52,8,14.56,187,0.74,0.75,2101,0.00,0.99,3,0.5000,37.50,118,9,0.50,18,13.49,26.17,20.78,14.40
86746,3.91,1.56,3,14.51,13.52,8,14.56,187,0.74,0.75,2120,0.00,0.99,3,0.5000,37.50,118,9,0.50,18,13.49,25.93,20.78,14.60
86849,3.91,1.56,3,14.51,13.52,8,14.56,187,0.74,0.75,2104,0.00,0.99,3,0.5000,37.50,118,10,0.50,18,13.49,26.40,20.78,14.50
86953,3.91,1.56,3,14.51,13.52,8,14.56,187,0.75,0.75,2112,0.00,0.99,3,0.5000,37.50,118,10,0.50,18,13.35,26.41,20.39,14.40
87057,3.12,1.56,3,14.51,13.52,8,14.56,187,0.75,0.75,2132,0.00,0.99,3,0.5000,37.50,117,10,0.50,18,13.35,26.65,20.78,14.40
87161,3.12,1.56,3,14.51,13.60,8,14.56,187,0.75,0.75,2122,0.00,0.99,3,0.5000,37.50,117,11,0.50,18,13.35,26.65,20.39,14.40
87266,3.12,1.56,3,14.51,13.44,8,14.56,187,0.75,0.75,2126,0.00,0.99,3,0.5000,37.50,117,11,0.50,18,13.35,26.30,20.39,14.40
87369,3.12,1.56,3,14.51,13.44,8,14.56,187,0.74,0.75,2143,0.00,0.99,3,0.5000,37.50,117,12,0.50,18,13.06,25.96,19.22,14.40
87474,2.34,1.56,3,14.51,13.52,8,14.56,187,0.72,0.71,2141,0.00,0.99,3,0.5000,38.00,117,12,0.00,18,12.91,25.03,18.82,14.30
87578,0.78,1.56,3,14.51,13.52,8,14.56,187,0.71,0.71,2114,0.00,0.99,3,0.5000,38.00,117,12,0.00,18,12.77,25.29,18.82,14.20
87682,0.78,1.56,3,14.51,13.44,8,14.56,187,0.72,0.73,2122,0.00,0.99,3,0.5000,38.00,117,12,0.00,18,12.77,25.29,18.82,14.30
87785,1.56,1.56,3,14.51,13.44,8,14.56,187,0.71,0.71,2120,0.00,0.99,3,0.5000,38.00,117,12,0.00,18,12.77,25.29,17.65,14.30
87889,0.78,1.56,3,14.51,13.52,8,14.56,187,0.66,0.57,2104,0.00,1.13,3,0.5000,39.50,117,13,0.00,18,9.43,16.48,7.06,14.40
87994,-2.34,1.56,3,14.51,13.44,8,14.58,187,0.50,0.38,2028,0.00,1.20,3,0.5000,35.00,117,14,0.00,18,7.84,11.80,5.88,13.90
88097,-7.03,1.56,3,14.51,13.60,8,14.57,187,0.41,0.34,1856,0.00,1.14,3,0.5000,29.50,117,14,0.00,18,6.96,10.23,5.49,12.80
88201,-10.94,0.00,2,14.51,13.44,8,14.57,187,0.36,0.32,1784,0.00,1.07,3,0.5000,26.00,117,15,0.00,18,6.24,9.52,5.49,12.00
88306,0.00,0.00,2,14.51,12.96,8,14.57,187,0.34,0.31,1768,0.00,1.00,3,0.5000,23.50,117,15,0.00,18,6.09,8.99,5.49,11.50
88410,0.00,0.00,2,14.51,13.52,10,14.57,187,0.32,0.31,1709,0.00,1.00,3,0.5000,21.50,117,15,0.00,18,5.95,8.74,5.49,11.30
88514,0.00,0.00,2,14.51,13.60,10,14.57,187,0.31,0.31,1650,0.00,1.00,3,0.5000,21.00,117,15,0.00,18,5.95,8.54,5.10,11.70
88618,0.00,0.00,2,14.51,13.60,10,14.57,187,0.31,0.31,1641,0.00,0.99,3,0.5000,21.00,117,16,0.00,18,5.80,8.34,5.10,12.50
88722,0.00,0.00,2,14.51,13.44,10,14.57,187,0.31,0.30,1612,0.00,0.99,3,0.5000,19.50,117,16,0.00,18,5.80,8.14,5.10,13.20
88826,0.00,0.00,2,14.51,13.52,10,14.58,187,0.31,0.32,1526,0.00,0.99,3,0.5000,19.00,117,16,0.00,18,5.95,7.94,5.10,13.30
88930,0.00,0.00,2,14.51,13.52,10,14.58,187,0.32,0.33,1459,0.00,0.99,3,0.5000,18.50,117,16,0.00,18,5.95,7.79,4.71,15.80
89033,0.00,0.00,2,14.51,13.60,10,14.59,187,0.32,0.32,1434,0.00,0.99,3,0.5000,18.00,117,17,0.00,18,5.95,7.64,4.71,18.30
89138,0.00,0.00,2,14.51,13.60,10,14.59,187,0.32,0.32,1393,0.00,0.99,3,0.5000,18.00,117,17,0.00,18,5.95,7.44,4.71,22.40
89242,0.00,0.00,2,14.51,13.52,10,14.59,187,0.32,0.32,1382,0.00,1.00,3,0.5000,18.00,117,17,0.00,18,5.95,7.35,4.71,38.30
89347,0.00,0.00,2,14.51,13.52,10,14.59,187,0.32,0.32,1366,0.00,1.00,3,0.5000,17.50,117,16,0.00,18,5.95,7.06,4.71,49.70
89450,0.00,0.00,2,14.51,13.52,10,14.59,187,0.31,0.31,1336,0.00,1.00,3,0.5000,17.50,117,16,0.00,18,5.95,6.82,4.71,66.30
89554,0.00,0.00,2,14.51,13.60,10,14.60,187,0.31,0.31,1332,0.00,1.00,3,0.5000,17.50,117,17,0.00,18,5.95,6.82,4.71,77.00
89658,0.00,0.00,2,14.51,13.60,10,14.60,187,0.31,0.30,1321,0.00,1.00,3,0.5000,17.50,117,17,0.00,18,5.95,6.67,4.71,86.40
89762,0.00,0.00,2,14.51,13.44,10,14.60,187,0.31,0.31,1296,0.00,1.00,3,0.5000,17.50,117,17,0.00,18,5.95,6.67,4.71,95.00
89865,0.00,0.00,2,14.51,13.52,10,14.60,187,0.30,0.30,1288,0.00,1.00,3,0.5000,17.50,117,16,0.00,18,5.95,6.53,4.71,96.00
89970,0.00,0.00,2,14.51,13.60,10,14.60,187,0.30,0.29,1290,0.00,1.00,3,0.5000,17.50,117,10,0.00,18,5.95,6.19,4.71,96.00
90073,0.00,0.00,2,14.51,13.52,10,14.60,187,0.30,0.29,1285,0.00,1.00,3,0.5000,17.50,117,2,0.00,18,5.80,6.19,4.71,96.00
90178,0.00,0.00,2,14.51,13.68,10,14.60,187,0.29,0.28,1281,0.00,1.00,3,0.5000,17.50,117,0,0.00,18,5.80,6.04,4.31,96.00
90282,0.00,0.00,2,14.51,13.52,10,14.60,187,0.29,0.29,1264,0.00,1.00,3,0.5000,17.00,117,0,0.00,18,5.80,6.10,4.31,96.00
90386,0.00,0.00,2,14.51,13.60,10,14.60,187,0.29,0.28,1260,0.00,1.00,3,0.5000,17.50,117,0,0.00,18,5.80,5.92,4.31,96.00
90490,0.00,0.00,2,14.51,13.60,10,14.60,187,0.29,0.29,1265,0.00,1.00,3,0.5000,17.00,115,0,0.00,18,5.66,6.02,4.31,96.00
90594,0.00,0.00,2,14.51,13.60,10,14.60,187,0.29,0.28,1260,0.00,1.00,3,0.5000,17.00,115,0,0.00,18,5.66,5.92,4.31,99.90
90698,0.00,0.00,2,14.51,13.60,10,14.60,187,0.28,0.28,1255,0.00,1.00,3,0.5000,17.00,115,0,0.00,18,5.80,5.86,4.31,99.90
90802,0.00,0.00,2,14.51,13.52,10,14.60,187,0.28,0.28,1236,0.00,1.00,3,0.5000,17.00,115,0,0.00,18,5.80,5.76,4.31,99.90
90906,0.00,0.00,2,14.51,13.60,10,14.60,187,0.28,0.28,1228,0.00,1.00,3,0.5000,17.00,115,0,0.00,18,5.80,5.76,4.31,99.90
91010,0.00,0.00,2,14.51,13.60,10,14.60,187,0.28,0.28,1220,0.00,1.00,3,0.5000,17.00,115,0,0.00,18,5.80,5.70,4.31,99.90
91114,0.00,0.00,2,14.51,13.60,10,14.60,187,0.28,0.28,1209,0.00,1.00,3,0.5000,17.00,115,0,0.00,18,5.80,5.65,4.31,99.90
91218,0.00,0.00,2,14.51,13.68,10,14.61,187,0.28,0.28,1205,0.00,1.00,3,0.5000,17.00,115,0,0.00,18,5.80,5.70,4.31,99.90
91322,0.00,0.00,2,14.51,13.60,10,14.61,187,0.28,0.29,1190,0.00,1.00,3,0.5000,17.00,115,0,0.00,18,5.80,5.63,4.31,99.90
91427,0.00,0.00,2,14.51,13.60,10,14.61,187,0.28,0.29,1177,0.00,1.00,3,0.5000,17.00,115,0,0.00,18,5.80,5.65,4.31,99.90
91530,0.00,-0.78,1,14.51,13.52,10,14.61,187,0.28,0.28,1164,0.00,1.00,3,0.5000,17.00,115,0,0.00,18,5.80,5.47,3.92,99.90
91634,0.00,-0.78,1,14.51,13.60,10,14.62,187,0.28,0.29,1148,0.00,1.00,3,0.5000,17.00,115,0,0.00,18,5.95,5.49,3.92,99.90
91738,0.00,-0.78,1,14.51,13.68,10,14.62,187,0.28,0.28,1130,0.00,1.00,3,0.5000,17.00,115,0,0.00,18,5.95,5.28,3.92,99.90
91842,0.00,-0.78,1,14.51,13.60,10,14.63,187,0.29,0.29,1110,0.00,1.00,3,0.5000,17.00,115,0,0.00,18,5.95,5.33,3.92,99.90
91946,0.00,-0.78,1,14.51,13.52,10,14.63,187,0.29,0.29,1084,0.00,1.00,3,0.5000,22.00,115,0,0.00,18,5.95,5.31,3.92,99.90
92050,0.00,-0.78,1,14.51,13.52,10,14.63,187,0.29,0.29,1062,0.00,1.00,3,0.5000,22.00,115,0,0.00,18,5.95,5.18,3.92,99.90
92154,0.00,-0.78,1,14.51,13.68,10,14.64,187,0.29,0.30,1038,0.00,1.00,3,0.5000,22.00,115,0,0.00,18,6.09,5.15,3.92,99.90
92258,0.00,-0.78,1,14.51,13.60,10,14.64,187,0.29,0.30,1027,0.00,1.00,3,0.5000,22.00,115,0,0.00,18,6.09,5.15,3.92,99.90
92362,0.00,-0.78,1,14.51,13.60,10,14.65,187,0.30,0.31,999,0.00,1.00,3,0.5000,22.00,115,0,0.00,18,6.24,5.13,3.92,99.90
92466,0.00,-0.78,1,14.51,13.60,10,14.66,187,0.30,0.32,968,0.00,1.00,3,0.5000,22.00,115,0,0.00,18,6.38,5.20,4.31,99.90
92570,0.00,-0.78,1,14.51,13.52,10,14.66,187,0.31,0.34,954,0.00,1.00,3,0.5000,22.00,115,0,0.00,18,6.53,5.26,4.31,99.90
92674,0.00,-0.78,1,14.51,13.60,10,14.67,187,0.32,0.34,919,0.00,1.00,3,0.5000,22.00,115,0,0.00,18,6.82,5.13,4.31,99.90
92778,0.00,-0.78,1,14.51,13.52,10,14.67,187,0.33,0.35,883,0.00,1.00,3,0.5000,22.00,115,0,0.00,18,6.96,5.15,4.31,99.90
92882,0.00,-0.78,1,14.51,13.60,10,14.68,187,0.33,0.36,865,0.00,1.00,3,0.5000,18.00,115,0,0.00,18,7.11,5.10,4.31,99.90
92986,0.00,-0.78,1,14.51,13.60,10,14.65,187,0.32,0.31,994,0.00,1.00,3,0.5000,17.00,115,0,0.00,18,6.82,5.00,3.92,99.90
93090,0.00,-0.78,1,14.51,13.44,10,14.61,187,0.29,0.25,1183,0.00,1.11,3,0.5000,17.00,115,0,0.00,18,6.24,4.69,3.92,99.90
93194,0.00,-0.78,1,14.51,13.60,10,14.60,187,0.25,0.21,1281,0.00,1.10,3,0.5000,17.50,115,0,0.00,18,5.80,4.60,4.31,96.00
93298,0.00,-0.78,1,14.51,13.52,10,14.60,187,0.24,0.22,1313,0.00,1.00,3,0.5000,17.50,115,0,0.00,18,5.66,5.08,4.31,68.50
93402,0.00,-0.78,1,14.51,13.60,10,14.60,187,0.24,0.24,1304,0.00,1.00,3,0.5000,17.50,115,0,0.00,18,5.51,5.10,4.71,32.90
93506,0.00,-0.78,1,14.51,13.52,10,14.60,187,0.24,0.24,1282,0.00,1.00,3,0.5000,17.50,115,0,0.00,18,5.51,5.20,4.31,25.10
93610,0.00,-0.78,1,14.51,13.60,10,14.60,187,0.24,0.24,1286,0.00,1.00,3,0.5000,17.50,115,0,0.00,18,5.37,5.23,4.31,21.50
93714,0.00,-0.78,1,14.51,13.60,10,14.60,187,0.24,0.25,1261,0.00,1.00,3,0.5000,17.00,115,0,0.00,18,5.37,5.15,4.31,19.70
93818,0.00,-0.78,1,14.51,13.60,10,14.60,187,0.24,0.24,1265,0.00,1.00,3,0.5000,17.00,115,0,0.00,18,5.37,5.00,4.31,18.50
93922,0.00,-0.78,1,14.51,13.60,10,14.60,187,0.24,0.24,1242,0.00,1.00,3,0.5000,17.00,115,0,0.00,18,5.37,4.92,4.31,17.20
94026,-0.78,-0.78,1,14.51,13.60,8,14.60,187,0.24,0.24,1244,0.00,1.00,3,0.5000,17.00,115,0,0.00,18,5.22,5.08,4.31,17.10
94130,-1.56,-0.78,1,14.51,13.52,8,14.60,187,0.24,0.24,1224,0.00,1.00,3,0.5000,17.00,115,0,0.00,18,5.22,4.97,4.31,16.60
94234,-1.56,-0.78,1,14.51,13.60,8,14.60,187,0.24,0.25,1200,0.00,1.00,3,0.5000,17.00,115,0,0.00,18,5.37,5.02,4.31,15.40
94338,-2.34,-0.78,1,14.51,13.52,8,14.61,187,0.25,0.26,1191,0.00,1.00,3,0.5000,17.00,115,0,0.00,18,5.37,5.08,3.92,15.30
94442,-3.12,-0.78,1,14.51,13.60,8,14.61,187,0.25,0.25,1172,0.00,1.00,3,0.5000,17.00,115,0,0.00,18,5.37,4.87,3.92,14.20
94546,-3.91,-0.78,1,14.51,13.60,8,14.62,187,0.25,0.25,1157,0.00,1.00,3,0.5000,17.00,115,0,0.00,18,5.51,4.87,3.92,14.30
94650,-4.69,-0.78,1,14.51,13.60,8,14.62,187,0.25,0.25,1146,0.00,1.00,3,0.5000,17.00,115,0,0.00,18,5.51,4.92,3.92,14.30
94754,-5.47,-0.78,1,14.51,13.52,8,14.62,187,0.25,0.26,1144,0.00,1.00,3,0.5000,17.00,115,0,0.00,18,5.51,4.87,3.92,14.00
94859,-6.25,-0.78,1,14.51,13.52,8,14.62,187,0.25,0.25,1126,0.00,1.00,3,0.5000,17.00,115,0,0.00,18,5.51,4.76,3.92,13.90
94962,-7.03,-0.78,1,14.51,13.52,8,14.62,187,0.25,0.25,1118,0.00,1.00,3,0.5000,17.00,115,0,0.00,18,5.66,4.69,3.92,13.90
95066,-7.81,-0.78,1,14.51,13.52,8,14.63,187,0.25,0.25,1103,0.00,1.00,3,0.5000,17.00,115,0,0.00,18,5.66,4.56,3.92,13.70
95171,-8.59,-0.78,1,14.51,13.60,8,14.63,187,0.25,0.25,1085,0.00,1.00,3,0.5000,17.00,115,0,0.00,18,5.66,4.50,3.92,13.70
95274,-9.38,-0.78,1,14.51,13.52,8,14.63,187,0.25,0.26,1077,0.00,1.00,3,0.5000,22.00,115,0,0.00,18,5.66,4.56,3.92,13.60
95378,-9.38,-0.78,1,14.51,13.44,8,14.63,187,0.25,0.26,1064,0.00,1.00,3,0.5000,22.00,115,0,0.00,18,5.80,4.56,3.92,13.60
95482,-10.16,-0.78,1,14.51,13.68,8,14.63,187,0.25,0.26,1064,0.00,1.00,3,0.5000,21.00,115,0,0.00,18,5.80,4.50,3.92,13.60
95587,-10.16,-0.78,1,14.51,13.60,8,14.64,187,0.25,0.25,1048,0.00,1.00,3,0.5000,21.50,115,0,0.00,18,5.80,4.40,3.92,13.70
95691,-10.16,-0.78,1,14.51,13.60,8,14.64,187,0.25,0.25,1030,0.00,1.00,3,0.5000,22.00,115,0,0.00,18,5.80,4.30,3.92,13.80
95795,-10.16,-0.78,1,14.51,13.60,8,14.64,187,0.25,0.25,1027,0.00,1.00,3,0.5000,22.00,115,0,0.00,18,5.95,4.21,3.92,13.90
95899,-10.16,-0.78,1,14.51,13.52,8,14.65,187,0.25,0.26,1004,0.00,1.00,3,0.5000,22.00,115,0,0.00,18,5.95,4.25,3.92,14.00
96003,-10.16,-0.78,1,14.51,13.60,8,14.65,187,0.25,0.26,998,0.00,1.00,3,0.5000,22.00,115,0,0.00,18,6.09,4.37,4.31,14.00
96107,-10.16,-0.78,1,14.51,13.60,8,14.65,187,0.26,0.27,980,0.00,1.00,3,0.5000,22.00,115,0,0.00,18,6.24,4.66,4.31,14.20
96211,-9.38,-0.78,1,14.51,13.60,8,14.65,187,0.27,0.29,978,0.00,1.00,3,0.5000,22.00,115,0,0.00,18,6.38,4.76,4.31,14.40
96315,-9.38,-0.78,1,14.51,13.60,8,14.65,187,0.27,0.28,990,0.00,1.00,3,0.5000,21.00,115,0,0.00,18,6.53,4.63,4.31,14.40
96419,-8.59,-0.78,1,14.51,13.52,8,14.65,187,0.28,0.29,978,0.00,1.00,3,0.5000,22.00,115,0,0.00,18,6.53,4.69,4.31,14.50
96523,-7.81,-0.78,1,14.51,13.52,8,14.66,187,0.28,0.29,956,0.00,1.00,3,0.5000,22.00,115,0,0.00,18,6.67,4.60,4.31,14.50
96627,-7.81,-0.78,1,14.51,13.52,8,14.66,187,0.28,0.29,956,0.00,1.00,3,0.5000,21.50,115,0,0.00,18,6.67,4.46,4.31,14.90
96731,-7.03,-0.78,1,14.51,13.68,8,14.66,187,0.28,0.28,950,0.00,1.00,3,0.5000,22.00,115,0,0.00,18,6.67,4.43,4.31,14.80
96835,-7.03,-0.78,1,14.51,13.52,8,14.66,187,0.28,0.29,920,0.00,1.00,3,0.5000,22.00,115,0,0.00,18,6.82,4.33,3.92,15.00
96939,-7.03,-0.78,1,14.51,13.52,8,14.67,187,0.28,0.29,898,0.00,1.00,3,0.5000,22.00,115,0,0.00,18,6.96,4.40,3.92,15.10
97043,-7.03,-0.78,1,14.51,13.52,8,14.68,187,0.29,0.31,878,0.00,1.00,3,0.5000,22.00,115,0,0.00,18,6.96,4.50,4.31,15.10
97147,-7.03,-0.78,1,14.51,13.52,8,14.68,187,0.29,0.30,875,0.00,1.00,3,0.5000,22.00,115,0,0.00,18,7.11,4.40,4.31,15.00
97251,-6.25,-0.78,1,14.51,13.68,8,14.68,187,0.30,0.31,845,0.00,1.00,3,0.5000,22.00,115,0,0.00,18,7.11,4.43,4.31,15.00
97355,-6.25,-0.78,1,14.51,13.60,8,14.67,187,0.30,0.30,890,0.00,1.00,3,0.5000,18.50,115,0,0.00,18,7.11,4.40,3.92,15.00
97460,-5.47,-0.78,1,14.51,13.52,8,14.67,187,0.29,0.28,924,0.00,1.00,3,0.5000,17.00,115,0,0.00,18,7.11,4.30,3.92,15.00
97563,-5.47,-0.78,1,14.51,13.60,8,14.65,187,0.28,0.26,972,0.00,1.00,3,0.5000,15.50,115,0,0.00,18,6.96,4.28,3.92,15.20
97667,-4.69,-0.78,1,14.51,13.52,8,14.65,187,0.27,0.25,1009,0.00,1.00,3,0.5000,14.00,115,0,0.00,18,6.82,4.26,4.31,15.20
97771,-4.69,-0.78,1,14.51,13.44,8,14.65,187,0.27,0.26,996,0.00,1.00,3,0.5000,16.00,115,0,0.00,18,6.67,4.43,4.31,15.20
97875,-3.91,-0.78,1,14.51,13.52,8,14.66,187,0.27,0.28,966,0.00,1.00,3,0.5000,17.00,115,0,0.00,18,6.67,4.56,4.31,15.20
97979,-3.12,-0.78,1,14.51,13.60,8,14.66,187,0.27,0.28,950,0.00,1.00,3,0.5000,18.50,115,0,0.00,18,6.82,4.46,4.31,15.20
98083,-3.12,-0.78,1,14.51,13.52,8,14.67,187,0.28,0.30,906,0.00,1.00,2,0.5000,22.00,115,0,0.00,18,6.96,4.53,4.31,15.20
98187,-2.34,-0.78,1,14.51,13.52,8,14.67,187,0.29,0.32,883,0.00,1.00,2,0.5000,22.00,115,0,0.00,18,7.11,4.66,4.31,15.40
98291,-1.56,-0.78,1,14.51,13.60,8,14.68,187,0.30,0.33,851,0.00,1.00,2,0.5000,22.00,115,0,0.00,18,7.25,4.60,4.71,15.20
98395,-1.56,-0.78,1,14.51,13.60,8,14.69,187,0.31,0.33,830,0.00,1.00,2,0.5000,22.00,115,0,0.00,18,7.55,4.66,4.71,15.40
98499,-0.78,-0.78,1,14.51,13.52,8,14.69,187,0.32,0.35,799,0.00,1.00,2,0.5000,22.00,115,0,0.00,18,7.69,4.56,4.31,15.50
98603,-0.78,-0.78,1,14.51,13.60,8,14.69,187,0.33,0.35,784,0.00,1.00,2,0.5000,22.00,115,0,0.00,18,7.98,4.60,4.31,15.20
98707,-0.78,-0.78,1,14.51,13.44,8,14.69,187,0.33,0.36,771,0.00,0.99,2,0.5000,22.00,115,0,0.00,18,7.98,4.60,4.31,15.40
98811,-0.78,-0.78,1,14.51,13.60,8,14.69,187,0.34,0.37,751,0.00,0.99,2,0.5000,22.00,115,0,0.00,18,8.13,4.50,3.92,15.40
98915,-0.78,-0.78,1,14.51,13.60,8,14.69,187,0.34,0.35,753,0.00,0.99,2,0.5000,22.00,115,0,0.00,18,8.27,4.43,3.92,15.30
99019,-0.78,-0.78,1,14.51,13.60,8,14.69,187,0.35,0.35,745,0.00,0.99,2,0.5000,22.00,115,0,0.00,18,8.27,4.33,3.92,15.20
99123,0.00,-0.78,1,14.51,13.52,8,14.69,187,0.34,0.35,754,0.00,0.99,2,0.5000,22.00,115,0,0.00,18,8.27,4.30,3.92,15.30
99227,0.00,-0.78,1,14.51,13.52,8,14.69,187,0.34,0.33,768,0.00,1.00,2,0.5000,21.00,115,0,0.00,18,8.27,4.33,3.92,15.30
99331,0.00,-0.78,1,14.51,13.52,8,14.69,187,0.34,0.33,777,0.00,1.00,2,0.5000,20.50,115,0,0.00,18,8.13,4.33,3.92,15.10
99435,-0.78,-0.78,1,14.51,13.44,8,14.69,187,0.33,0.33,773,0.00,1.00,1,0.5000,20.50,115,0,0.00,18,8.13,4.23,3.92,15.10
99539,-0.78,-0.78,1,14.51,13.60,8,14.69,187,0.33,0.33,764,0.00,1.00,1,0.5000,21.50,115,0,0.00,18,8.13,4.23,3.92,15.00
99643,-0.78,-0.78,1,14.51,13.52,8,14.69,187,0.34,0.34,753,0.00,1.00,1,0.5000,21.00,115,0,0.00,18,8.13,4.33,3.92,15.00
99747,-0.78,-0.78,1,14.51,13.52,8,14.69,187,0.34,0.35,740,0.00,1.00,1,0.5000,21.50,115,0,0.00,18,8.27,4.33,3.92,14.70
99851,-0.78,-0.78,1,14.51,13.44,8,14.69,187,0.34,0.35,733,0.00,1.00,1,0.5000,22.00,115,0,0.00,18,8.27,4.28,3.92,15.10
99956,-0.78,-0.78,1,14.51,13.60,8,14.69,187,0.34,0.36,720,0.00,1.00,1,0.5000,22.00,115,1,0.00,18,8.27,4.28,3.92,14.70
100059,-0.78,-0.78,1,14.51,13.52,8,14.69,187,0.35,0.36,719,0.00,1.00,1,0.5000,22.00,115,0,0.00,18,8.42,4.28,3.92,14.60
100163,-0.78,-0.78,1,14.51,13.60,8,14.69,187,0.35,0.37,709,0.00,1.00,1,0.5000,21.50,115,1,0.00,18,8.42,4.40,3.92,14.70
100267,-0.78,-0.78,1,14.51,13.60,8,14.69,187,0.36,0.37,713,0.00,1.00,1,0.5000,21.00,115,0,0.00,18,8.56,4.33,3.92,14.70
100371,-0.78,-0.78,1,14.51,13.60,8,14.69,187,0.35,0.35,729,0.00,1.00,1,0.5000,20.00,115,0,0.00,18,8.56,4.28,3.92,14.70
100475,-0.78,-0.78,1,14.51,13.52,8,14.69,187,0.35,0.35,734,0.00,1.00,1,0.5000,18.00,115,0,0.00,18,8.56,4.21,3.92,14.60
100579,-0.78,-0.78,1,14.51,13.68,8,14.69,187,0.35,0.35,736,0.00,1.00,1,0.5000,19.00,115,0,0.00,18,8.42,4.23,3.92,14.70
100683,-1.56,-0.78,1,14.51,13.20,8,14.69,187,0.35,0.35,729,0.00,1.00,1,0.5000,18.00,115,0,0.00,18,8.42,4.26,3.92,14.60
100787,-1.56,-0.78,1,14.51,13.12,8,14.69,187,0.35,0.35,732,0.00,1.00,1,0.5000,19.00,115,0,0.00,18,8.56,4.53,4.71,14.50
100891,-1.56,-0.78,1,14.51,13.20,8,14.69,187,0.36,0.41,728,0.00,0.91,1,0.5000,20.00,115,0,0.00,18,8.85,4.90,4.71,14.50
100995,-1.56,-0.78,1,14.51,13.36,8,14.69,187,0.38,0.42,708,0.00,0.91,1,0.5000,19.50,115,0,0.00,18,9.14,4.97,4.71,14.50
101099,-0.78,-0.78,1,14.51,13.36,8,14.69,187,0.39,0.41,713,0.00,0.99,1,0.5000,18.00,115,1,0.00,18,9.29,4.90,4.71,14.60
101204,-0.78,-0.78,1,14.51,13.36,8,14.69,187,0.40,0.41,724,0.00,0.99,1,0.5000,19.50,115,1,0.00,18,9.43,4.92,4.71,14.50
101307,-0.78,-0.78,1,14.51,13.28,8,14.69,187,0.40,0.42,699,0.00,0.99,1,0.5000,20.50,115,1,0.00,18,9.58,4.87,4.71,14.40
101411,-0.78,-0.78,1,14.51,13.12,8,14.69,187,0.41,0.44,674,0.00,0.99,1,0.5000,21.00,115,1,0.00,18,9.72,4.90,5.10,14.80
101515,0.00,-0.78,1,14.51,13.20,8,14.69,187,0.42,0.45,675,0.00,0.99,1,0.5000,20.50,115,1,0.00,18,10.01,5.02,6.67,14.80
101619,0.00,-0.78,1,14.51,13.20,8,14.68,187,0.43,0.46,671,0.00,0.92,1,0.5000,20.00,115,1,0.00,18,10.30,5.26,4.71,14.80
101723,0.00,-0.78,1,14.51,13.28,8,14.67,187,0.43,0.44,692,0.00,0.99,1,0.5000,19.00,115,1,0.00,18,10.16,5.00,4.71,15.00
101827,0.78,-0.78,1,14.51,13.44,8,14.67,187,0.43,0.43,701,0.00,0.99,1,0.5000,17.00,115,1,0.00,18,10.16,4.97,4.71,15.00
101931,1.56,-0.78,1,14.51,13.44,8,14.67,187,0.43,0.42,712,0.00,0.99,1,0.5000,16.50,115,0,0.00,18,10.16,4.92,5.10,15.20
102035,2.34,-0.78,1,14.51,13.44,8,14.68,187,0.42,0.41,724,0.00,0.99,1,0.5000,16.50,115,0,0.00,18,10.01,5.02,5.10,15.20
102139,1.56,-0.78,1,14.51,13.52,8,14.68,187,0.42,0.40,753,0.00,0.99,1,0.5000,16.00,115,0,0.00,18,9.87,5.00,5.10,15.30
102243,1.56,-0.78,1,14.51,13.44,8,14.68,187,0.41,0.39,766,0.00,1.00,1,0.5000,16.00,115,0,0.00,18,9.87,5.00,5.10,15.30
102347,1.56,-0.78,1,14.51,13.60,8,14.69,187,0.41,0.41,756,0.00,1.00,1,0.5000,15.00,115,0,0.00,18,9.72,5.15,5.10,15.20
102452,1.56,-0.78,1,14.51,13.52,8,14.69,187,0.41,0.40,764,0.00,1.00,1,0.5000,16.00,115,0,0.00,18,9.72,5.10,5.10,15.10
102556,1.56,-0.78,1,14.51,13.44,8,14.69,187,0.40,0.40,766,0.00,1.00,1,0.5000,16.00,115,0,0.00,18,9.58,5.13,5.10,14.90
102659,2.34,-0.78,1,14.51,13.52,8,14.69,187,0.40,0.41,757,0.00,1.00,1,0.5000,16.00,115,0,0.00,18,9.58,5.15,5.10,14.80
102763,2.34,-0.78,1,14.51,13.52,8,14.69,187,0.41,0.41,759,0.00,1.00,1,0.5000,16.50,115,0,0.00,18,9.58,5.13,5.10,15.00
102868,2.34,-0.78,1,14.51,13.44,8,14.69,187,0.41,0.41,756,0.00,1.00,1,0.5000,16.50,115,0,0.00,18,9.58,5.15,5.10,15.00
102972,2.34,-0.78,1,14.51,13.52,8,14.69,187,0.41,0.42,743,0.00,1.00,1,0.5000,16.50,115,0,0.00,18,9.58,5.20,5.10,15.00
103076,2.34,-0.78,1,14.51,13.44,8,14.69,187,0.41,0.41,747,0.00,1.00,1,0.5000,17.00,115,0,0.00,18,9.72,5.18,5.10,14.80
103180,2.34,-0.78,1,14.51,13.52,8,14.68,187,0.42,0.42,754,0.00,1.00,1,0.5000,16.50,115,0,0.00,18,9.72,5.20,5.10,14.80
103284,2.34,-0.78,1,14.51,13.52,8,14.68,187,0.42,0.42,744,0.00,1.00,1,0.5000,16.50,115,0,0.00,18,9.72,5.26,5.10,14.80
103388,2.34,-0.78,1,14.51,13.52,8,14.68,187,0.42,0.41,748,0.00,1.00,1,0.5000,16.50,115,0,0.00,18,9.72,5.18,5.10,14.80
103492,2.34,-0.78,1,14.51,13.60,8,14.68,187,0.42,0.42,756,0.00,1.00,1,0.5000,16.50,115,0,0.00,18,9.72,5.26,5.10,14.80
103596,2.34,-0.78,1,14.51,13.44,8,14.68,187,0.42,0.42,754,0.00,1.00,1,0.5000,16.00,115,0,0.00,18,9.72,5.28,5.10,14.90
103700,2.34,-0.78,1,14.51,13.44,8,14.68,187,0.41,0.41,762,0.00,1.00,1,0.5000,16.00,115,0,0.00,18,9.58,5.20,5.10,14.70
103804,2.34,-0.78,1,14.51,13.60,8,14.68,187,0.41,0.40,786,0.00,1.00,1,0.5000,16.00,115,0,0.00,18,9.58,5.26,4.71,14.90
103908,2.34,-0.78,1,14.51,13.60,8,14.69,187,0.41,0.40,784,0.00,1.00,1,0.5000,15.00,115,0,0.00,18,9.43,5.05,4.71,14.60
104011,1.56,-0.78,1,14.51,13.52,8,14.69,187,0.40,0.38,780,0.00,1.00,1,0.5000,16.00,115,0,0.00,18,9.29,5.00,4.71,14.60
104116,1.56,-0.78,1,14.51,13.52,8,14.69,187,0.39,0.38,788,0.00,1.00,1,0.5000,16.50,115,0,0.00,18,9.14,5.05,4.71,14.50
104220,1.56,-0.78,1,14.51,13.44,8,14.69,187,0.40,0.40,768,0.00,1.00,1,0.5000,16.50,115,0,0.00,18,9.14,5.10,4.71,14.40
104324,1.56,-0.78,1,14.51,13.52,8,14.69,187,0.40,0.41,753,0.00,1.00,1,0.5000,17.00,115,0,0.00,18,9.29,5.20,4.71,14.50
104428,1.56,-0.78,1,14.51,13.60,8,14.69,187,0.40,0.42,746,0.00,1.00,1,0.5000,17.00,115,0,0.00,18,9.29,5.13,4.71,14.40
104532,0.78,-0.78,1,14.51,13.52,8,14.69,187,0.41,0.42,736,0.00,1.00,1,0.5000,17.00,115,0,0.00,18,9.43,5.13,4.71,14.40
104636,0.78,-0.78,1,14.51,13.44,8,14.69,187,0.41,0.42,728,0.00,1.00,1,0.5000,17.50,115,0,0.00,18,9.43,5.20,4.71,14.40
104740,0.78,-0.78,1,14.51,13.44,8,14.68,187,0.42,0.44,718,0.00,1.00,1,0.5000,17.50,115,0,0.00,18,9.43,5.26,4.71,14.40
104844,0.78,-0.78,1,14.51,13.52,8,14.68,187,0.42,0.43,720,0.00,1.00,1,0.5000,18.00,115,0,0.00,18,9.58,5.15,4.71,14.40
104948,0.78,-0.78,1,14.51,13.44,8,14.68,187,0.42,0.42,730,0.00,1.00,1,0.5000,16.50,115,0,0.00,18,9.58,5.15,4.71,14.40
105052,0.78,-0.78,1,14.51,13.60,8,14.68,187,0.42,0.42,737,0.00,1.00,1,0.5000,16.50,115,0,0.00,18,9.58,5.15,4.71,14.40
105156,0.00,-0.78,1,14.51,13.52,8,14.68,187,0.42,0.41,739,0.00,1.00,1,0.5000,16.50,115,0,0.00,18,9.58,5.05,4.71,14.40
105260,0.00,-0.78,1,14.51,13.44,8,14.68,187,0.41,0.40,757,0.00,1.00,1,0.5000,16.50,115,0,0.00,18,9.43,5.10,4.71,14.30
105364,0.00,-0.78,1,14.51,13.44,8,14.68,187,0.41,0.41,748,0.00,1.00,1,0.5000,16.50,115,0,0.00,18,9.43,5.15,4.71,14.20
105468,-0.78,-0.78,1,14.51,13.52,8,14.69,187,0.41,0.41,754,0.00,1.00,1,0.5000,16.50,115,0,0.00,18,9.43,5.10,4.71,14.30
105572,-0.78,-0.78,1,14.51,13.60,8,14.69,187,0.41,0.40,759,0.00,1.00,1,0.5000,17.00,115,0,0.00,18,9.29,5.05,4.71,14.20
105676,-0.78,-0.78,1,14.51,13.52,8,14.69,187,0.41,0.41,756,0.00,1.00,2,0.5000,16.50,115,0,0.00,18,9.29,5.13,4.71,14.10
105780,-0.78,-0.78,1,14.51,13.52,8,14.69,187,0.41,0.41,747,0.00,1.00,2,0.5000,17.00,115,0,0.00,18,9.43,5.08,4.71,14.20
105884,-0.78,-0.78,1,14.51,13.44,8,14.69,187,0.41,0.40,744,0.00,1.00,2,0.5000,17.00,115,0,0.00,18,9.43,5.00,4.71,14.20
105988,-0.78,-0.78,1,14.51,13.44,8,14.69,187,0.41,0.41,736,0.00,1.00,2,0.5000,17.00,115,0,0.00,18,9.43,5.02,4.71,14.20
106092,-0.78,-0.78,1,14.51,13.52,8,14.69,187,0.41,0.42,732,0.00,1.00,2,0.5000,17.00,115,0,0.00,18,9.43,5.10,4.71,14.30
106196,-0.78,-0.78,1,14.51,13.52,8,14.69,187,0.41,0.42,717,0.00,1.00,2,0.5000,17.00,115,0,0.00,18,9.58,5.13,4.71,14.30
106300,-0.78,-0.78,1,14.51,13.60,8,14.68,189,0.42,0.43,724,0.00,1.00,2,0.5000,17.00,115,0,0.00,18,9.58,5.15,4.71,14.40
106404,-0.78,-0.78,1,14.51,13.44,8,14.68,189,0.42,0.42,728,0.00,1.00,2,0.5000,16.50,115,0,0.00,18,9.58,5.15,4.71,14.40
106508,-0.78,-0.78,1,14.51,13.52,8,14.68,189,0.42,0.42,728,0.00,1.00,2,0.5000,16.50,115,0,0.00,18,9.58,5.13,4.71,14.40
106612,-0.78,-0.78,1,14.51,13.52,8,14.68,189,0.42,0.41,733,0.00,1.00,2,0.5000,16.50,115,0,0.00,18,9.58,5.05,4.71,14.50
106715,-0.78,-0.78,1,14.51,13.60,8,14.68,189,0.42,0.41,746,0.00,1.00,2,0.5000,16.50,115,0,0.00,18,9.43,5.10,4.71,14.40
106820,-0.78,-0.78,1,14.51,13.52,8,14.68,189,0.42,0.42,743,0.00,1.00,2,0.5000,16.50,115,0,0.00,18,9.43,5.15,4.71,14.50
106924,-1.56,-0.78,1,14.51,13.52,8,14.68,189,0.41,0.41,740,0.00,1.00,2,0.5000,16.50,115,0,0.00,18,9.43,5.00,4.71,14.50
107028,-1.56,-0.78,1,14.51,13.52,8,14.68,189,0.41,0.41,747,0.00,1.00,2,0.5000,16.50,115,0,0.00,18,9.43,5.08,4.71,14.50
107132,-1.56,-0.78,1,14.51,13.52,8,14.69,189,0.41,0.41,738,0.00,1.00,2,0.5000,17.00,115,0,0.00,18,9.43,5.02,4.71,14.50
107236,-1.56,-0.78,1,14.51,13.52,8,14.69,189,0.41,0.42,728,0.00,1.00,2,0.5000,17.00,115,0,0.00,18,9.43,5.08,4.71,14.50
107340,-1.56,-0.78,1,14.51,13.52,8,14.68,189,0.42,0.42,720,0.00,1.00,2,0.5000,16.50,115,0,0.00,18,9.58,5.15,4.71,14.50
107444,-1.56,-0.78,1,14.51,13.52,8,14.68,189,0.42,0.42,728,0.00,1.00,2,0.5000,16.50,115,0,0.00,18,9.58,5.05,4.71,14.50
107548,-1.56,-0.78,1,14.51,13.44,8,14.68,189,0.42,0.42,736,0.00,1.00,2,0.5000,16.50,117,0,0.00,18,9.58,5.18,4.71,14.40
107652,-1.56,-0.78,1,14.51,13.52,8,14.68,189,0.42,0.43,723,0.00,1.00,2,0.5000,16.50,117,0,0.00,18,9.58,5.18,4.71,14.50
107756,-1.56,-0.78,1,14.51,13.52,8,14.68,189,0.42,0.42,725,0.00,1.00,2,0.5000,16.50,117,0,0.00,18,9.58,5.10,4.71,14.50
107859,-1.56,-0.78,1,14.51,13.68,8,14.68,189,0.42,0.42,732,0.00,1.00,2,0.5000,16.50,117,0,0.00,18,9.58,5.10,4.71,14.60
107964,-1.56,-0.78,1,14.51,13.44,8,14.68,189,0.42,0.42,728,0.00,1.00,2,0.5000,16.50,117,0,0.00,18,9.58,5.02,4.71,14.50
108068,-1.56,-0.78,1,14.51,13.52,8,14.68,189,0.42,0.41,733,0.00,1.00,2,0.5000,16.50,117,0,0.00,18,9.58,5.02,4.71,14.60
108172,-1.56,-0.78,1,14.51,13.44,8,14.68,189,0.42,0.41,731,0.00,1.00,2,0.5000,16.50,117,0,0.00,18,9.58,5.08,4.71,14.60
108276,-1.56,-0.78,1,14.51,13.52,8,14.68,189,0.42,0.42,734,0.00,1.00,2,0.5000,16.50,117,0,0.00,18,9.58,5.10,4.71,14.50
108380,-2.34,-0.78,1,14.51,13.60,8,14.68,189,0.42,0.41,741,0.00,1.00,2,0.5000,17.00,117,0,0.00,18,9.58,5.05,4.71,14.50
108484,-1.56,-0.78,1,14.51,13.52,8,14.68,189,0.42,0.42,726,0.00,1.00,2,0.5000,16.50,117,0,0.00,18,9.58,5.10,4.71,14.50
108588,-1.56,-0.78,1,14.51,13.52,8,14.68,189,0.42,0.42,726,0.00,1.00,2,0.5000,16.50,117,0,0.00,18,9.58,5.10,4.71,14.40
108692,-1.56,-0.78,1,14.51,13.44,8,14.68,189,0.42,0.42,728,0.00,1.00,2,0.5000,16.50,117,0,0.00,18,9.58,5.15,4.71,14.50
108796,-1.56,-0.78,1,14.51,13.52,8,14.68,189,0.42,0.43,721,0.00,1.00,2,0.5000,16.50,117,0,0.00,18,9.58,5.18,4.71,14.60
108900,-1.56,-0.78,1,14.51,13.52,8,14.68,189,0.42,0.43,725,0.00,1.00,2,0.5000,16.50,117,0,0.00,18,9.58,5.15,4.71,14.60
109004,-1.56,-0.78,1,14.51,13.52,8,14.68,189,0.42,0.41,729,0.00,1.00,2,0.5000,16.50,117,0,0.00,18,9.58,5.00,4.71,14.60
109108,-1.56,-0.78,1,14.51,13.44,8,14.68,189,0.42,0.41,720,0.00,1.00,2,0.5000,16.50,117,0,0.00,18,9.58,5.02,4.71,14.80
109212,-1.56,-0.78,1,14.51,13.44,8,14.68,189,0.42,0.41,721,0.00,1.00,2,0.5000,16.50,117,0,0.00,18,9.58,5.05,4.71,14.70
109316,-1.56,-0.78,1,14.51,13.36,8,14.68,189,0.42,0.42,720,0.00,1.00,2,0.5000,16.50,117,0,0.00,18,9.58,5.05,4.71,14.70
109420,-1.56,-0.78,1,14.51,13.60,8,14.68,189,0.42,0.41,725,0.00,1.00,2,0.5000,16.50,117,0,0.00,18,9.58,5.02,4.71,14.70
109524,-1.56,-0.78,1,14.51,13.52,8,14.68,189,0.42,0.41,732,0.00,1.00,2,0.5000,16.50,117,0,0.00,18,9.58,5.05,4.71,14.60
109629,-1.56,-1.56,1,14.51,13.52,8,14.68,189,0.42,0.41,722,0.00,1.00,2,0.5000,16.50,117,0,0.00,18,9.58,5.08,4.71,14.60
109732,-1.56,-1.56,1,14.51,13.44,8,14.68,189,0.42,0.42,727,0.00,1.00,2,0.5000,16.50,117,0,0.00,18,9.58,5.13,4.71,14.40
109836,-1.56,-1.56,1,14.51,13.60,8,14.68,189,0.42,0.42,729,0.00,1.00,2,0.5000,16.50,117,0,0.00,18,9.58,5.10,4.71,14.80
109940,-1.56,-1.56,1,14.51,13.52,8,14.68,189,0.42,0.42,727,0.00,1.00,2,0.5000,16.50,117,0,0.00,18,9.58,5.10,4.71,14.60
110044,-1.56,-1.56,1,14.51,13.52,8,14.68,189,0.42,0.42,722,0.00,1.00,2,0.5000,16.50,117,0,0.00,18,9.72,5.15,4.71,14.70
110148,-1.56,-1.56,1,14.51,13.52,8,14.68,189,0.42,0.43,720,0.00,1.00,2,0.5000,16.50,117,0,0.00,18,9.72,5.10,4.71,14.70
110252,-1.56,-1.56,1,14.51,13.60,8,14.68,189,0.42,0.41,730,0.00,1.00,2,0.5000,16.50,117,0,0.00,18,9.58,5.02,4.71,14.70
110356,-1.56,-1.56,1,14.51,13.44,8,14.68,189,0.42,0.41,738,0.00,1.00,2,0.5000,16.50,117,0,0.00,18,9.58,5.02,4.71,14.70
110461,-0.78,-1.56,1,14.51,13.60,8,14.68,189,0.42,0.41,733,0.00,1.00,2,0.5000,16.50,117,0,0.00,18,9.58,5.05,4.71,14.70
110565,-0.78,-1.56,1,14.51,13.44,8,14.68,189,0.42,0.42,736,0.00,1.00,2,0.5000,16.50,117,0,0.00,18,9.58,5.13,4.71,14.70
110668,-0.78,-1.56,1,14.51,13.52,8,14.68,189,0.42,0.41,734,0.00,1.00,2,0.5000,17.00,117,0,0.00,18,9.58,5.08,4.71,14.70
110772,-0.78,-1.56,1,14.51,13.44,8,14.68,189,0.42,0.42,736,0.00,1.00,2,0.5000,16.50,117,0,0.00,18,9.58,5.15,4.71,14.70
110876,-0.78,-1.56,1,14.51,13.44,8,14.68,189,0.42,0.42,738,0.00,1.00,2,0.5000,16.50,117,0,0.00,18,9.58,5.10,4.71,14.70
110980,-0.78,-1.56,1,14.51,13.44,8,14.68,189,0.42,0.42,734,0.00,1.00,2,0.5000,16.50,117,0,0.00,18,9.58,5.15,4.71,14.80
111084,-0.78,-1.56,1,14.51,13.52,8,14.68,189,0.42,0.42,733,0.00,1.00,2,0.5000,16.50,117,0,0.00,18,9.58,5.18,4.71,14.80
111188,-0.78,-1.56,1,14.51,13.60,8,14.68,189,0.42,0.43,738,0.00,1.00,2,0.5000,16.50,117,0,0.00,18,9.58,5.18,4.71,14.70
111292,-0.78,-1.56,1,14.51,13.44,8,14.68,189,0.42,0.42,734,0.00,1.00,2,0.5000,16.50,117,0,0.00,18,9.58,5.18,4.71,14.80
111398,-0.78,-1.56,1,14.51,13.52,8,14.68,189,0.42,0.42,737,0.00,1.00,2,0.5000,16.50,117,0,0.00,18,9.58,5.20,4.71,14.70
111500,-0.78,-1.56,1,14.51,13.44,8,14.68,189,0.42,0.42,738,0.00,1.00,2,0.5000,16.50,117,0,0.00,18,9.58,5.13,4.71,14.60
111604,-0.78,-1.56,1,14.51,13.60,8,14.68,189,0.42,0.43,724,0.00,1.00,2,0.5000,16.50,117,0,0.00,18,9.58,5.13,4.71,14.70
111708,-0.78,-1.56,1,14.51,13.44,8,14.68,189,0.42,0.42,726,0.00,1.00,2,0.5000,16.50,117,0,0.00,18,9.58,5.10,4.71,14.70
111812,-0.78,-1.56,1,14.51,13.60,8,14.68,189,0.42,0.43,731,0.00,1.00,2,0.5000,16.50,117,0,0.00,18,9.58,5.15,4.71,14.80
111916,-0.78,-1.56,1,14.51,13.44,8,14.68,189,0.42,0.43,725,0.00,1.00,2,0.5000,16.50,117,0,0.00,18,9.72,5.15,4.71,14.70
112020,-0.78,-1.56,1,14.51,13.44,8,14.68,189,0.42,0.42,725,0.00,1.00,2,0.5000,16.50,117,0,0.00,18,9.72,5.13,4.71,14.50
112124,-0.78,-1.56,1,14.51,13.52,8,14.68,189,0.42,0.41,730,0.00,1.00,2,0.5000,16.50,117,0,0.00,18,9.72,5.10,4.71,14.60
112229,-0.78,-1.56,1,14.51,13.52,8,14.68,189,0.42,0.42,738,0.00,1.00,2,0.5000,16.50,117,0,0.00,18,9.58,5.10,4.71,14.50
112333,-0.78,-1.56,1,14.51,13.52,8,14.68,189,0.42,0.41,738,0.00,1.00,2,0.5000,16.50,117,0,0.00,18,9.58,5.08,4.71,14.50
112436,-0.78,-1.56,1,14.51,13.52,8,14.68,189,0.42,0.42,735,0.00,1.00,2,0.5000,16.50,117,0,0.00,18,9.58,5.18,4.71,14.50
112540,-0.78,-1.56,1,14.51,13.60,8,14.68,189,0.42,0.41,744,0.00,1.00,2,0.5000,16.50,117,0,0.00,18,9.58,5.18,4.71,14.70
112644,-0.78,-1.56,1,14.51,13.44,8,14.68,189,0.42,0.42,744,0.00,1.00,2,0.5000,16.50,117,0,0.00,18,9.58,5.23,4.71,14.60
112748,-0.78,-1.56,1,14.51,13.60,8,14.68,189,0.42,0.43,735,0.00,1.00,2,0.5000,16.50,117,0,0.00,18,9.58,5.20,4.71,14.70
112853,0.00,-1.56,1,14.51,13.44,8,14.68,189,0.42,0.42,736,0.00,1.00,2,0.5000,16.50,117,0,0.00,18,9.58,5.20,4.71,14.80
112956,0.00,-1.56,1,14.51,13.52,8,14.68,189,0.42,0.42,739,0.00,1.00,2,0.5000,16.50,117,0,0.00,18,9.58,5.20,4.71,14.70
113060,0.00,-1.56,1,14.51,13.44,8,14.68,189,0.42,0.43,735,0.00,1.00,2,0.5000,16.50,117,0,0.00,18,9.58,5.26,4.71,14.80
113165,-0.78,-1.56,1,14.51,13.44,8,14.68,189,0.42,0.42,740,0.00,1.00,2,0.5000,16.50,117,0,0.00,18,9.58,5.26,4.71,14.80
113268,-0.78,-1.56,1,14.51,13.52,8,14.68,189,0.43,0.43,742,0.00,1.00,2,0.5000,16.50,117,0,0.00,18,9.58,5.26,4.71,14.70
113372,-0.78,-1.56,1,14.51,13.52,8,14.68,189,0.43,0.42,736,0.00,1.00,2,0.5000,16.50,117,0,0.00,18,9.58,5.26,4.71,14.80
113476,-0.78,-1.56,1,14.51,13.60,8,14.68,189,0.43,0.42,736,0.00,1.00,2,0.5000,16.50,117,0,0.00,18,9.58,5.20,4.71,14.60
113583,-0.78,-1.56,1,14.51,13.44,8,14.68,189,0.42,0.42,741,0.00,1.00,2,0.5000,16.50,117,0,0.00,18,9.58,5.15,5.10,14.50
113684,-0.78,-1.56,1,14.51,13.52,8,14.68,189,0.42,0.41,746,0.00,1.00,2,0.5000,16.50,117,0,0.00,18,9.58,5.20,4.71,14.50
113788,-0.78,-1.56,1,14.51,13.52,8,14.68,189,0.42,0.42,750,0.00,1.00,2,0.5000,16.50,117,0,0.00,18,9.58,5.20,5.10,14.50
113892,-0.78,-1.56,1,14.51,13.52,8,14.68,189,0.42,0.43,740,0.00,1.00,2,0.5000,16.50,117,0,0.00,18,9.58,5.26,4.71,14.50
113997,-0.78,-1.56,1,14.51,13.60,8,14.68,189,0.42,0.41,740,0.00,1.00,2,0.5000,16.50,117,0,0.00,18,9.58,5.10,4.71,14.50
114101,-0.78,-1.56,1,14.51,13.44,8,14.68,189,0.42,0.41,740,0.00,1.00,2,0.5000,16.50,117,0,0.00,18,9.58,5.18,4.71,14.40
114205,-0.78,-1.56,1,14.51,13.52,8,14.68,189,0.42,0.42,734,0.00,1.00,2,0.5000,16.50,117,0,0.00,18,9.58,5.28,5.10,14.50
114308,-0.78,-1.56,1,14.51,13.44,8,14.68,189,0.42,0.43,738,0.00,1.00,2,0.5000,16.50,117,0,0.00,18,9.58,5.23,5.10,14.60
114413,-0.78,-1.56,1,14.51,13.60,8,14.68,189,0.42,0.42,745,0.00,1.00,2,0.5000,16.50,117,0,0.00,18,9.58,5.28,4.71,14.50
114516,-0.78,-1.56,1,14.51,13.52,8,14.68,189,0.42,0.42,740,0.00,1.00,2,0.5000,16.50,117,0,0.00,18,9.58,5.15,4.71,14.50
114621,-0.78,-1.56,1,14.51,13.52,8,14.68,189,0.42,0.42,735,0.00,1.00,2,0.5000,16.50,117,0,0.00,18,9.58,5.10,4.71,14.50
114724,-0.78,-1.56,1,14.51,13.52,8,14.68,189,0.42,0.43,742,0.00,1.00,2,0.5000,16.50,117,0,0.00,18,9.58,5.26,5.10,14.60
114829,-0.78,-1.56,1,14.51,13.44,8,14.68,189,0.42,0.42,739,0.00,1.00,2,0.5000,16.50,117,0,0.00,18,9.58,5.26,4.71,14.40
114933,-0.78,-1.56,1,14.51,13.52,8,14.68,189,0.42,0.43,730,0.00,1.00,2,0.5000,16.50,117,0,0.00,18,9.58,5.26,4.71,14.60
115037,-0.78,-1.56,1,14.51,13.52,8,14.68,189,0.43,0.44,724,0.00,1.00,2,0.5000,16.50,117,0,0.00,18,9.72,5.26,4.71,14.70
115141,-0.78,-1.56,1,14.51,13.52,8,14.68,189,0.43,0.42,731,0.00,1.00,2,0.5000,16.50,117,0,0.00,18,9.72,5.15,4.71,14.60
115245,-0.78,-1.56,1,14.51,13.44,8,14.68,189,0.43,0.42,733,0.00,1.00,2,0.5000,16.50,117,0,0.00,18,9.72,5.15,4.71,14.70
115349,-0.78,-1.56,1,14.51,13.52,8,14.68,189,0.42,0.42,733,0.00,1.00,2,0.5000,16.50,117,0,0.00,18,9.72,5.15,4.71,14.70
115453,-0.78,-1.56,1,14.51,13.52,8,14.68,189,0.42,0.42,736,0.00,1.00,2,0.5000,16.50,117,0,0.00,18,9.58,5.15,5.10,14.70
115557,-0.78,-1.56,1,14.51,13.60,8,14.68,189,0.42,0.42,739,0.00,1.00,2,0.5000,16.50,117,0,0.00,18,9.58,5.20,4.71,14.80
115661,-0.78,-1.56,1,14.51,13.44,8,14.68,189,0.42,0.43,729,0.00,1.00,2,0.5000,16.50,117,0,0.00,18,9.72,5.15,5.10,15.00
115765,-0.78,-1.56,1,14.51,13.52,8,14.68,189,0.42,0.42,727,0.00,1.00,2,0.5000,16.50,117,0,0.00,18,9.72,5.10,5.10,14.70
115869,-0.78,-1.56,1,14.51,13.44,8,14.68,189,0.42,0.42,731,0.00,1.00,2,0.5000,16.50,117,0,0.00,18,9.72,5.10,5.10,14.60
115973,-0.78,-1.56,1,14.51,13.52,8,14.68,189,0.42,0.42,733,0.00,1.00,2,0.5000,16.50,117,0,0.00,18,9.72,5.18,5.10,14.60
116077,-0.78,-1.56,1,14.51,13.52,8,14.68,189,0.42,0.42,736,0.00,1.00,2,0.5000,16.50,117,0,0.00,18,9.72,5.20,5.10,14.70
116181,0.00,-1.56,1,14.51,13.44,8,14.68,189,0.42,0.42,738,0.00,1.00,2,0.5000,16.50,117,0,0.00,18,9.72,5.20,5.10,14.70
116285,0.00,-1.56,1,14.51,13.60,8,14.68,189,0.42,0.42,744,0.00,1.00,2,0.5000,16.50,117,0,0.00,18,9.72,5.15,5.10,14.80
116389,0.00,-1.56,1,14.51,13.52,8,14.68,189,0.42,0.41,746,0.00,1.00,2,0.5000,16.50,117,0,0.00,18,9.58,5.07,5.10,14.70
116493,0.00,-1.56,1,14.51,13.60,8,14.68,189,0.42,0.42,742,0.00,1.00,2,0.5000,16.50,117,0,0.00,18,9.58,5.23,5.10,14.80
116597,0.00,-1.56,1,14.51,13.52,8,14.68,189,0.42,0.43,747,0.00,1.00,2,0.5000,16.50,117,0,0.00,18,9.58,5.26,5.10,14.80
116701,0.00,-1.56,1,14.51,13.52,8,14.68,189,0.42,0.42,748,0.00,1.00,2,0.5000,16.50,117,0,0.00,18,9.58,5.31,5.10,14.80
116805,0.00,-1.56,1,14.51,13.52,8,14.68,189,0.42,0.43,743,0.00,1.00,2,0.5000,16.50,117,0,0.00,18,9.58,5.20,5.10,14.80
116909,0.00,-1.56,1,14.51,13.44,8,14.68,189,0.42,0.41,745,0.00,1.00,2,0.5000,16.50,117,0,0.00,18,9.58,5.05,4.71,14.90
117013,0.78,-1.56,1,14.51,13.52,8,14.68,189,0.42,0.41,746,0.00,1.00,2,0.5000,16.50,117,0,0.00,18,9.58,5.23,5.10,15.00
117117,0.78,-1.56,1,14.51,13.44,8,14.68,189,0.42,0.42,742,0.00,1.00,2,0.5000,16.50,117,0,0.00,18,9.58,5.20,5.10,14.80
117221,0.78,-1.56,1,14.51,13.52,8,14.68,189,0.42,0.43,743,0.00,1.00,2,0.5000,16.50,117,0,0.00,18,9.58,5.31,5.10,14.80
117326,0.78,-1.56,1,14.51,13.52,8,14.68,189,0.42,0.43,735,0.00,1.00,2,0.5000,16.50,117,0,0.00,18,9.58,5.28,5.10,14.80
117429,0.00,-1.56,1,14.51,13.44,8,14.68,189,0.42,0.42,735,0.00,1.00,2,0.5000,16.50,117,0,0.00,18,9.58,5.20,5.10,14.80
117533,0.00,-1.56,1,14.51,13.44,8,14.68,189,0.42,0.43,740,0.00,1.00,2,0.5000,16.50,117,0,0.00,18,9.58,5.26,5.10,14.80
117637,0.78,-1.56,1,14.51,13.44,8,14.68,189,0.42,0.42,744,0.00,1.00,2,0.5000,16.50,117,0,0.00,18,9.58,5.28,5.10,14.70
117741,0.78,-1.56,1,14.51,13.60,8,14.68,189,0.42,0.42,747,0.00,1.00,2,0.5000,16.50,117,0,0.00,18,9.58,5.15,5.10,14.80
117845,0.00,-1.56,1,14.51,13.52,8,14.68,189,0.42,0.41,756,0.00,1.00,2,0.5000,16.50,117,0,0.00,18,9.58,5.20,5.10,14.80
117949,0.00,-1.56,1,14.51,13.44,8,14.68,189,0.42,0.43,749,0.00,1.00,2,0.5000,16.50,117,0,0.00,18,9.58,5.36,5.10,14.50
118053,0.00,-1.56,1,14.51,13.52,8,14.68,189,0.42,0.42,752,0.00,1.00,2,0.5000,16.50,117,0,0.00,18,9.58,5.31,5.10,14.60
118158,0.00,-1.56,1,14.51,13.44,8,14.68,189,0.42,0.42,756,0.00,1.00,2,0.5000,16.50,117,0,0.00,18,9.58,5.26,5.10,14.50
118261,0.00,-1.56,1,14.51,13.60,8,14.68,189,0.42,0.42,744,0.00,1.00,2,0.5000,16.50,117,0,0.00,18,9.58,5.26,5.10,14.50
118365,0.00,-1.56,1,14.51,13.52,8,14.68,189,0.42,0.43,744,0.00,1.00,2,0.5000,16.50,117,0,0.00,18,9.58,5.31,5.10,14.60
118469,0.00,-1.56,1,14.51,13.44,8,14.68,189,0.42,0.43,746,0.00,1.00,2,0.5000,16.50,117,0,0.00,18,9.58,5.26,5.10,14.50
118573,0.00,-1.56,1,14.51,13.44,8,14.68,189,0.43,0.44,740,0.00,1.00,2,0.5000,16.50,117,0,0.00,18,9.58,5.31,5.10,14.50
118677,0.00,-1.56,1,14.51,13.44,8,14.68,189,0.43,0.43,740,0.00,1.00,2,0.5000,16.50,117,0,0.00,18,9.58,5.31,5.10,14.60
118781,0.00,-1.56,1,14.51,13.60,8,14.68,189,0.43,0.42,751,0.00,1.00,2,0.5000,16.50,117,0,0.00,18,9.58,5.20,5.10,14.50
118885,0.00,-1.56,1,14.51,13.44,8,14.68,189,0.42,0.42,747,0.00,1.00,2,0.5000,16.50,117,0,0.00,18,9.58,5.26,5.10,14.60
118989,0.00,-1.56,1,14.51,13.60,8,14.68,189,0.42,0.42,744,0.00,1.00,2,0.5000,16.50,117,0,0.00,18,9.58,5.26,5.10,14.60
119093,0.00,-1.56,1,14.51,13.52,8,14.68,189,0.42,0.42,747,0.00,1.00,2,0.5000,16.50,117,0,0.00,18,9.58,5.26,5.10,14.50
119198,0.00,-1.56,1,14.51,13.36,8,14.68,189,0.42,0.42,759,0.00,1.00,2,0.5000,16.50,117,0,0.00,18,9.58,5.23,5.10,14.50
119301,0.00,-1.56,1,14.51,13.44,8,14.68,189,0.42,0.42,755,0.00,1.00,2,0.5000,16.50,117,0,0.00,18,9.58,5.31,5.10,14.50
119406,0.00,-1.56,1,14.51,13.52,8,14.68,189,0.42,0.43,749,0.00,1.00,2,0.5000,16.50,117,0,0.00,18,9.58,5.31,5.10,14.50
119510,0.00,-1.56,1,14.51,13.60,8,14.68,189,0.42,0.42,744,0.00,1.00,2,0.5000,16.50,117,0,0.00,18,9.58,5.10,5.10,14.50
119614,0.00,-1.56,1,14.51,13.52,8,14.68,189,0.42,0.41,748,0.00,1.00,2,0.5000,16.50,117,0,0.00,18,9.58,5.10,5.10,14.60
119718,0.00,-1.56,1,14.51,13.52,8,14.68,189,0.42,0.43,730,0.00,1.00,2,0.5000,10.00,117,0,0.00,18,9.43,5.13,3.53,14.60
119821,0.00,-1.56,1,14.51,13.60,8,14.68,189,0.40,0.37,778,0.00,1.05,2,0.5000,10.00,117,0,0.00,18,9.00,4.63,3.53,14.50
119926,0.00,-1.56,1,14.51,13.52,8,14.69,189,0.39,0.33,794,0.00,1.08,2,0.5000,10.00,117,0,0.00,18,8.71,4.43,3.92,14.60
120030,0.00,-1.56,1,14.51,13.60,8,14.69,189,0.37,0.33,782,0.00,1.07,2,0.5000,16.00,117,0,0.00,18,8.27,4.33,3.92,14.60
120134,-0.78,-1.56,1,14.51,13.60,8,14.69,189,0.36,0.35,774,0.00,1.00,2,0.5000,16.50,117,0,0.00,18,8.27,4.43,3.92,14.50
120238,-0.78,-1.56,1,14.51,13.52,8,14.69,189,0.36,0.35,777,0.00,1.00,2,0.5000,16.50,117,0,0.00,18,8.13,4.50,3.92,14.60
120341,-1.56,-1.56,1,14.51,13.52,8,14.69,189,0.35,0.35,771,0.00,1.00,2,0.5000,16.50,118,0,0.00,18,8.13,4.40,3.92,14.50
120445,-1.56,-1.56,1,14.51,13.52,8,14.69,189,0.35,0.35,763,0.00,1.00,2,0.5000,17.00,118,0,0.00,18,8.13,4.46,3.92,14.30
120550,-2.34,-1.56,1,14.51,13.60,8,14.69,189,0.35,0.36,758,0.00,1.00,2,0.5000,17.00,118,0,0.00,18,8.13,4.53,3.92,14.30
120653,-2.34,-1.56,1,14.51,13.52,8,14.69,189,0.35,0.37,740,0.00,1.00,2,0.5000,17.00,118,0,0.00,18,8.13,4.46,3.92,14.20
120757,-2.34,-1.56,1,14.51,13.52,8,14.69,189,0.35,0.36,734,0.00,1.00,2,0.5000,18.00,118,0,0.00,18,8.13,4.43,3.53,14.20
120862,-3.12,-1.56,1,14.51,13.52,8,14.69,189,0.36,0.36,728,0.00,1.00,2,0.5000,18.00,118,0,0.00,18,8.13,4.40,3.53,14.20
120965,-3.12,-1.56,1,14.51,13.52,8,14.69,189,0.36,0.36,724,0.00,1.00,2,0.5000,17.50,118,0,0.00,18,8.13,4.33,3.53,14.20
121070,-3.12,-1.56,1,14.51,13.52,8,14.69,189,0.35,0.35,720,0.00,1.00,2,0.5000,19.00,118,0,0.00,18,8.13,4.25,3.53,14.20
121174,-3.12,-1.56,1,14.51,13.60,8,14.69,189,0.35,0.36,711,0.00,1.00,2,0.5000,19.00,118,0,0.00,18,8.13,4.23,3.53,14.20
121278,-3.91,-1.56,1,14.51,13.52,8,14.69,189,0.36,0.36,706,0.00,1.00,2,0.5000,19.00,118,0,0.00,18,8.13,4.30,3.53,14.20
121382,-3.91,-1.56,1,14.51,13.44,8,14.69,189,0.36,0.36,707,0.00,1.00,2,0.5000,20.00,118,0,0.00,18,8.13,4.23,3.53,14.10
121486,-4.69,-1.56,1,14.51,13.52,8,14.69,189,0.36,0.37,687,0.00,1.00,2,0.5000,19.00,118,0,0.00,18,8.13,4.19,3.53,14.10
121590,-4.69,-1.56,1,14.51,13.52,8,14.69,189,0.36,0.36,689,0.00,1.00,2,0.5000,20.00,118,0,0.00,18,8.13,4.15,3.53,14.10
121694,-5.47,-1.56,1,14.51,13.60,8,14.69,189,0.36,0.36,690,0.00,1.00,2,0.5000,19.50,118,0,0.00,18,8.13,4.19,3.53,14.10
121798,-5.47,-1.56,1,14.51,13.60,8,14.69,189,0.36,0.37,678,0.00,1.00,2,0.5000,20.00,118,0,0.00,18,8.13,4.13,3.53,14.00
121902,-5.47,-1.56,1,14.51,13.44,8,14.69,189,0.36,0.36,684,0.00,1.00,2,0.5000,19.50,118,0,0.00,18,8.13,4.11,3.53,14.00
122006,-6.25,-1.56,1,14.51,13.52,8,14.69,189,0.36,0.36,674,0.00,1.00,2,0.5000,18.50,118,0,0.00,18,8.13,4.11,3.53,14.30
122110,-6.25,-1.56,1,14.51,13.60,8,14.69,189,0.36,0.37,678,0.00,1.00,2,0.5000,20.00,118,0,0.00,18,8.27,4.07,3.53,14.10
122214,-6.25,-1.56,1,14.51,13.52,8,14.69,189,0.36,0.36,663,0.00,1.00,2,0.5000,20.00,118,0,0.00,18,8.27,3.97,3.53,14.00
122318,-6.25,-1.56,1,14.51,13.60,8,14.69,189,0.36,0.36,658,0.00,1.00,2,0.5000,20.50,118,0,0.00,18,8.27,3.98,3.53,14.10
122422,-7.03,-1.56,1,14.51,13.52,8,14.69,189,0.36,0.37,661,0.00,1.00,2,0.5000,19.50,118,0,0.00,18,8.27,4.01,3.53,14.20
122526,-7.03,-1.56,1,14.51,13.44,8,14.69,189,0.36,0.36,659,0.00,1.00,2,0.5000,18.50,118,0,0.00,18,8.27,3.94,3.53,14.20
122630,-7.03,-1.56,1,14.51,13.36,8,14.69,189,0.36,0.36,663,0.00,1.00,2,0.5000,20.00,118,0,0.00,18,8.27,3.94,3.53,14.20
122736,-7.03,-1.56,1,14.51,13.60,8,14.69,189,0.36,0.36,643,0.00,1.00,2,0.5000,19.50,118,0,0.00,18,8.27,3.88,3.53,14.20
122838,-7.03,-1.56,1,14.51,13.60,8,14.69,189,0.36,0.36,646,0.00,1.00,2,0.5000,19.50,118,0,0.00,18,8.27,3.90,3.14,14.30
122942,-7.03,-1.56,1,14.51,13.44,8,14.69,189,0.36,0.37,647,0.00,1.00,2,0.5000,18.00,118,0,0.00,18,8.27,4.01,3.53,14.50
123046,-6.25,-1.56,1,14.51,13.44,8,14.69,189,0.36,0.37,650,0.00,1.00,2,0.5000,19.50,118,0,0.00,18,8.27,3.99,3.14,14.50
123150,-6.25,-1.56,1,14.51,13.52,8,14.69,189,0.36,0.37,649,0.00,1.00,2,0.5000,19.00,118,0,0.00,18,8.27,3.99,3.14,14.60
123253,-6.25,-1.56,1,14.51,13.60,8,14.69,189,0.37,0.37,648,0.00,1.00,2,0.5000,18.00,118,0,0.00,18,8.27,4.05,3.14,14.60
123358,-6.25,-1.56,1,14.51,13.52,8,14.69,189,0.37,0.37,654,0.00,1.00,2,0.5000,18.50,118,0,0.00,18,8.27,4.03,3.53,14.40
123462,-6.25,-1.56,1,14.51,13.44,8,14.69,189,0.37,0.37,647,0.00,1.00,2,0.5000,17.50,118,0,0.00,18,8.42,4.01,3.14,14.80
123566,-6.25,-1.56,1,14.51,13.44,8,14.69,189,0.37,0.37,652,0.00,1.00,2,0.5000,17.50,118,0,0.00,18,8.27,4.05,3.53,14.80
123670,-6.25,-1.56,1,14.51,13.60,8,14.69,189,0.37,0.37,651,0.00,1.00,2,0.5000,17.50,118,0,0.00,18,8.27,3.99,3.14,14.80
123774,-6.25,-1.56,1,14.51,13.52,8,14.69,189,0.37,0.37,644,0.00,1.00,2,0.5000,18.00,118,0,0.00,18,8.42,3.99,3.53,14.80
123878,-6.25,-1.56,1,14.51,13.44,8,14.69,189,0.37,0.37,650,0.00,1.00,2,0.5000,17.00,118,0,0.00,18,8.42,3.99,3.14,14.80
123982,-6.25,-1.56,1,14.51,13.52,8,14.69,189,0.37,0.37,647,0.00,1.00,2,0.5000,17.50,118,0,0.00,18,8.42,3.97,3.53,14.80
124086,-6.25,-1.56,1,14.51,13.52,8,14.69,189,0.37,0.37,651,0.00,1.00,2,0.5000,17.00,118,0,0.00,18,8.42,3.88,3.14,14.80
124190,-6.25,-1.56,1,14.51,13.44,8,14.69,189,0.36,0.35,648,0.00,1.00,2,0.5000,17.00,118,0,0.00,18,8.42,3.88,3.53,14.80
124294,-6.25,-1.56,1,14.51,13.36,8,14.69,189,0.36,0.36,645,0.00,1.00,2,0.5000,18.00,118,0,0.00,18,8.42,3.90,3.14,14.70
124398,-6.25,-1.56,1,14.51,13.52,8,14.69,189,0.36,0.36,635,0.00,1.00,2,0.5000,17.50,118,0,0.00,18,8.42,3.88,3.14,14.70
124502,-6.25,-1.56,1,14.51,13.52,8,14.69,189,0.36,0.37,640,0.00,1.00,2,0.5000,18.00,118,0,0.00,18,8.42,3.97,3.14,14.70
124606,-6.25,-1.56,1,14.51,13.52,8,14.69,189,0.37,0.38,628,0.00,1.00,2,0.5000,17.50,118,0,0.00,18,8.42,4.01,3.53,14.60
124710,-6.25,-1.56,1,14.51,13.44,8,14.69,189,0.37,0.38,633,0.00,1.00,2,0.5000,17.50,118,0,0.00,18,8.42,3.99,3.53,14.60
124814,-6.25,-1.56,1,14.51,13.44,8,14.69,189,0.37,0.37,643,0.00,1.00,2,0.5000,17.00,118,0,0.00,18,8.42,3.99,3.53,14.60
124918,-6.25,-1.56,1,14.51,13.52,8,14.69,189,0.37,0.37,642,0.00,1.00,2,0.5000,17.00,118,0,0.00,18,8.42,4.03,3.53,14.50
125022,-6.25,-1.56,1,14.51,13.60,8,14.69,189,0.37,0.37,647,0.00,1.00,2,0.5000,17.00,118,0,0.00,18,8.42,3.92,3.53,14.70
125126,-6.25,-1.56,1,14.51,13.44,8,14.69,189,0.37,0.36,643,0.00,1.00,2,0.5000,17.00,118,0,0.00,18,8.42,3.94,3.53,14.70
125230,-6.25,-1.56,1,14.51,13.36,8,14.69,189,0.37,0.37,654,0.00,1.00,2,0.5000,17.00,118,0,0.00,18,8.42,4.03,3.53,14.70
125334,-6.25,-1.56,1,14.51,13.52,8,14.69,189,0.37,0.36,648,0.00,1.00,2,0.5000,17.00,118,0,0.00,18,8.42,3.92,3.53,14.80
125438,-6.25,-2.34,1,14.51,13.60,8,14.69,189,0.36,0.36,654,0.00,1.00,2,0.5000,16.50,118,0,0.00,18,8.42,3.92,3.53,14.80
125542,-6.25,-2.34,1,14.51,13.52,8,14.69,189,0.36,0.35,663,0.00,1.00,2,0.5000,17.00,118,0,0.00,18,8.42,3.88,3.53,14.80
125646,-6.25,-2.34,1,14.51,13.44,8,14.69,189,0.36,0.36,651,0.00,1.00,2,0.5000,17.00,118,0,0.00,18,8.42,3.94,3.53,14.80
125750,-6.25,-2.34,1,14.51,13.52,8,14.69,189,0.36,0.37,650,0.00,1.00,2,0.5000,17.00,118,0,0.00,18,8.42,3.99,3.53,14.80
125854,-6.25,-2.34,1,14.51,13.60,8,14.69,189,0.36,0.37,644,0.00,1.00,2,0.5000,17.00,118,0,0.00,18,8.42,3.94,3.53,14.80
125958,-5.47,-2.34,1,14.51,13.44,8,14.69,189,0.36,0.37,650,0.00,1.00,2,0.5000,17.50,118,0,0.00,18,8.42,4.01,3.53,14.70
126062,-5.47,-2.34,1,14.51,13.36,8,14.69,189,0.37,0.38,632,0.00,1.00,2,0.5000,17.50,118,0,0.00,18,8.42,3.99,3.53,14.90
126166,-5.47,-2.34,1,14.51,13.36,8,14.69,189,0.37,0.39,616,0.00,1.00,2,0.5000,18.00,118,0,0.00,18,8.56,3.96,3.53,14.80
126270,-4.69,-2.34,1,14.51,13.44,8,14.69,189,0.38,0.39,624,0.00,1.00,2,0.5000,17.00,118,0,0.00,18,8.56,4.07,3.53,14.80
126374,-5.47,-2.34,1,14.51,13.52,8,14.69,189,0.38,0.39,628,0.00,1.00,2,0.5000,17.00,118,0,0.00,18,8.56,4.13,3.53,14.80
126478,-4.69,-2.34,1,14.51,13.44,8,14.69,189,0.38,0.38,636,0.00,1.00,2,0.5000,17.00,118,0,0.00,18,8.56,4.07,3.53,14.80
126582,-4.69,-2.34,1,14.51,13.44,8,14.69,189,0.38,0.37,652,0.00,1.00,2,0.5000,17.00,118,0,0.00,18,8.56,4.05,3.53,15.10
126686,-4.69,-2.34,1,14.51,13.60,8,14.69,189,0.37,0.36,667,0.00,1.00,2,0.5000,16.00,118,0,0.00,18,8.56,3.97,3.53,15.00
126791,-4.69,-2.34,1,14.51,13.52,8,14.69,189,0.37,0.35,672,0.00,1.00,2,0.5000,16.00,118,0,0.00,18,8.42,3.90,3.53,15.00
126894,-4.69,-2.34,1,14.51,13.44,8,14.69,189,0.36,0.36,681,0.00,1.00,2,0.5000,16.50,120,0,0.00,18,8.42,4.03,3.53,14.90
126999,-4.69,-2.34,1,14.51,13.52,8,14.69,189,0.36,0.36,670,0.00,1.00,2,0.5000,16.00,120,0,0.00,18,8.42,3.99,3.53,14.90
127102,-5.47,-2.34,1,14.51,13.52,8,14.69,189,0.36,0.36,676,0.00,1.00,2,0.5000,16.50,120,0,0.00,18,8.27,3.94,3.53,14.80
127206,-5.47,-2.34,1,14.51,13.52,8,14.69,189,0.36,0.36,670,0.00,1.00,2,0.5000,16.50,120,0,0.00,18,8.27,4.03,3.53,14.90
127310,-5.47,-2.34,1,14.51,13.52,8,14.69,189,0.36,0.37,658,0.00,1.00,2,0.5000,17.00,120,0,0.00,18,8.27,4.01,3.53,14.80
127414,-5.47,-2.34,1,14.51,13.52,8,14.69,189,0.36,0.36,662,0.00,1.00,2,0.5000,17.00,120,0,0.00,18,8.27,3.94,3.53,14.70
127519,-5.47,-2.34,1,14.51,13.44,8,14.69,189,0.36,0.36,650,0.00,1.00,2,0.5000,17.00,120,0,0.00,18,8.42,3.92,3.53,14.70
127622,-5.47,-2.34,1,14.51,13.36,8,14.69,189,0.36,0.38,640,0.00,1.00,2,0.5000,17.00,120,0,0.00,18,8.42,4.01,3.53,14.70
127726,-5.47,-2.34,1,14.51,13.52,8,14.69,189,0.36,0.38,642,0.00,1.00,2,0.5000,17.00,120,0,0.00,18,8.42,4.07,3.53,14.60
127830,-4.69,-2.34,1,14.51,13.60,8,14.69,189,0.37,0.37,646,0.00,1.00,2,0.5000,17.00,120,0,0.00,18,8.42,4.05,3.53,14.60
127935,-4.69,-2.34,1,14.51,13.44,8,14.69,189,0.37,0.38,642,0.00,1.00,2,0.5000,17.00,120,0,0.00,18,8.42,4.03,3.53,14.80
128038,-4.69,-2.34,1,14.51,13.36,8,14.69,189,0.37,0.37,645,0.00,1.00,2,0.5000,17.00,120,0,0.00,18,8.42,3.99,3.53,14.70
128143,-4.69,-2.34,1,14.51,13.44,8,14.69,189,0.37,0.36,645,0.00,1.00,2,0.5000,17.00,120,0,0.00,18,8.56,3.90,3.53,14.90
128246,-4.69,-2.34,1,14.51,13.60,8,14.69,189,0.37,0.38,639,0.00,1.00,2,0.5000,17.00,120,0,0.00,18,8.56,4.01,3.53,14.80
128350,-4.69,-2.34,1,14.51,13.52,8,14.69,189,0.37,0.38,645,0.00,1.00,2,0.5000,17.00,120,0,0.00,18,8.56,4.03,3.53,15.00
128454,-4.69,-2.34,1,14.51,13.52,8,14.69,189,0.37,0.37,644,0.00,1.00,2,0.5000,17.00,120,0,0.00,18,8.56,3.99,3.53,15.00
128558,-4.69,-2.34,1,14.51,13.44,8,14.69,189,0.37,0.36,652,0.00,1.00,2,0.5000,17.00,120,0,0.00,18,8.56,3.94,3.53,14.80
128662,-4.69,-2.34,1,14.51,13.60,8,14.69,189,0.36,0.35,656,0.00,1.00,2,0.5000,16.50,120,0,0.00,18,8.42,3.88,3.53,14.80
128766,-4.69,-2.34,1,14.51,13.12,8,14.69,189,0.36,0.36,658,0.00,1.00,2,0.5000,17.00,120,0,0.00,18,8.56,3.96,4.71,15.00
128870,-4.69,-2.34,1,14.51,12.96,8,14.69,189,0.37,0.39,654,0.00,1.00,2,0.5000,17.00,120,0,0.00,18,8.71,4.32,4.71,14.80
128974,-4.69,-2.34,1,14.51,12.96,8,14.69,189,0.38,0.45,641,0.00,0.88,2,0.5000,17.00,120,0,0.00,18,9.14,4.87,4.71,14.80
129078,-3.91,-2.34,1,14.51,12.96,8,14.69,189,0.41,0.46,641,0.00,0.88,2,0.5000,17.00,120,0,0.00,18,9.29,4.89,4.71,14.80
129182,-3.91,-2.34,1,14.51,12.88,8,14.69,189,0.42,0.45,653,0.00,0.92,2,0.5000,16.50,120,0,0.00,18,9.58,4.97,5.10,14.80
129286,-3.12,-2.34,1,14.51,12.80,8,14.68,189,0.43,0.45,658,0.00,0.99,2,0.5000,16.50,120,0,0.00,18,9.87,4.92,4.71,14.90
129390,-2.34,-2.34,1,14.51,12.96,8,14.68,189,0.43,0.45,657,0.00,0.99,2,0.5000,16.50,120,0,0.00,18,9.87,4.92,4.71,15.00
129494,-2.34,-2.34,1,14.51,13.04,8,14.67,189,0.44,0.45,652,0.00,0.99,2,0.5000,16.50,120,0,0.00,18,10.01,4.97,4.71,15.40
129598,-2.34,-2.34,1,14.51,12.96,8,14.67,189,0.44,0.46,658,0.00,0.99,2,0.5000,16.50,120,0,0.00,18,10.16,5.02,5.10,15.40
129702,-1.56,-2.34,1,14.51,12.96,8,14.67,189,0.45,0.45,667,0.00,0.99,2,0.5000,16.00,120,0,0.00,18,10.16,5.05,5.10,15.50
129807,-0.78,-2.34,1,14.51,13.20,8,14.67,189,0.45,0.45,679,0.00,0.99,2,0.5000,16.00,120,0,0.00,18,10.16,5.07,5.10,15.30
129910,-0.78,-2.34,1,14.51,13.20,8,14.67,189,0.45,0.45,686,0.00,0.99,2,0.5000,14.00,120,0,0.00,18,10.16,5.10,5.10,15.50
130014,0.00,-2.34,1,14.51,13.28,8,14.67,189,0.44,0.44,698,0.00,0.99,2,0.5000,14.00,120,0,0.00,18,10.16,5.15,5.10,15.70
130119,0.78,-2.34,1,14.51,13.28,8,14.67,189,0.44,0.44,705,0.00,1.00,2,0.5000,13.50,120,0,0.00,18,10.16,5.10,5.10,15.50
130224,0.78,-2.34,1,14.51,13.36,8,14.67,189,0.44,0.43,708,0.00,1.00,2,0.5000,14.50,120,0,0.00,18,10.16,5.15,5.10,15.60
130327,0.78,-2.34,1,14.51,13.44,8,14.67,189,0.44,0.43,718,0.00,1.00,2,0.5000,14.00,120,0,0.00,18,10.01,5.15,5.10,15.60
130430,0.78,-2.34,1,14.51,13.44,8,14.67,189,0.44,0.44,714,0.00,1.00,2,0.5000,14.00,120,0,0.00,18,10.01,5.23,5.10,15.50
130535,0.78,-2.34,1,14.51,13.52,8,14.67,189,0.44,0.44,709,0.00,1.00,2,0.5000,15.00,120,0,0.00,18,10.01,5.20,5.10,15.40
130639,0.78,-2.34,1,14.51,13.52,8,14.67,189,0.44,0.43,716,0.00,1.00,2,0.5000,14.00,120,0,0.00,18,10.01,5.18,5.10,15.40
130743,1.56,-2.34,1,14.51,13.44,8,14.67,189,0.43,0.43,726,0.00,1.00,2,0.5000,14.00,120,0,0.00,18,10.01,5.31,5.10,15.50
130847,1.56,-2.34,1,14.51,13.52,8,14.67,189,0.43,0.43,733,0.00,1.00,2,0.5000,13.50,120,0,0.00,18,10.01,5.20,5.10,15.20
130951,1.56,-2.34,1,14.51,13.52,8,14.67,189,0.43,0.42,740,0.00,1.00,2,0.5000,13.50,120,0,0.00,18,9.87,5.25,5.10,15.20
131055,1.56,-2.34,1,14.51,13.60,8,14.68,189,0.43,0.43,742,0.00,1.00,2,0.5000,14.00,120,0,0.00,18,9.87,5.31,5.10,15.00
131159,1.56,-2.34,1,14.51,13.44,8,14.68,189,0.43,0.42,748,0.00,1.00,2,0.5000,14.00,120,0,0.00,18,9.87,5.31,5.10,15.10
131263,2.34,-2.34,1,14.51,13.52,8,14.68,189,0.43,0.43,740,0.00,1.00,2,0.5000,14.00,120,0,0.00,18,9.87,5.31,5.10,15.00
131367,2.34,-2.34,1,14.51,13.44,8,14.68,189,0.43,0.43,738,0.00,1.00,2,0.5000,15.50,120,0,0.00,18,9.87,5.28,5.10,15.00
131471,2.34,-2.34,1,14.51,13.44,8,14.68,189,0.43,0.43,746,0.00,1.00,2,0.5000,15.50,120,0,0.00,18,9.87,5.36,5.10,15.00
131574,2.34,-2.34,1,14.51,13.44,8,14.68,189,0.43,0.43,744,0.00,1.00,2,0.5000,14.00,120,0,0.00,18,9.72,5.36,5.10,14.90
131678,2.34,-2.34,1,14.51,13.60,8,14.68,189,0.43,0.43,753,0.00,1.00,2,0.5000,15.00,120,0,0.00,18,9.72,5.36,5.10,14.90
131783,2.34,-2.34,1,14.51,13.60,8,14.68,189,0.43,0.42,761,0.00,1.00,2,0.5000,14.50,120,0,0.00,18,9.72,5.33,5.10,14.90
131887,3.12,-2.34,1,14.51,13.44,8,14.68,189,0.43,0.42,759,0.00,1.00,2,0.5000,14.00,120,0,0.00,18,9.72,5.36,5.49,14.80
131991,2.34,-2.34,1,14.51,13.44,8,14.68,189,0.43,0.42,764,0.00,1.00,2,0.5000,15.00,120,0,0.00,18,9.72,5.44,5.49,14.80
132094,3.12,-2.34,1,14.51,13.60,8,14.68,189,0.43,0.42,772,0.00,1.00,2,0.5000,14.50,120,0,0.00,18,9.72,5.46,5.49,14.80
132199,3.12,-2.34,1,14.51,13.52,8,14.68,189,0.43,0.43,765,0.00,1.00,2,0.5000,14.50,120,0,0.00,18,9.72,5.46,5.10,14.90
132303,2.34,-2.34,1,14.51,13.44,8,14.68,189,0.43,0.43,768,0.00,1.00,2,0.5000,16.00,120,0,0.00,18,9.72,5.49,5.10,14.80
132407,3.12,-2.34,1,14.51,13.52,8,14.68,189,0.43,0.43,765,0.00,1.00,2,0.5000,16.00,120,0,0.00,18,9.72,5.41,5.10,14.90
132511,3.12,-2.34,1,14.51,13.44,8,14.68,189,0.43,0.42,766,0.00,1.00,2,0.5000,15.00,120,0,0.00,18,9.72,5.31,5.10,14.80
132615,3.12,-2.34,1,14.51,13.44,8,14.68,189,0.42,0.42,773,0.00,1.00,2,0.5000,16.00,120,0,0.00,18,9.58,5.49,5.10,14.70
132719,3.12,-2.34,1,14.51,13.60,8,14.68,189,0.43,0.43,778,0.00,1.00,2,0.5000,15.50,120,0,0.00,18,9.58,5.52,5.10,14.80
132823,3.12,-2.34,1,14.51,13.52,8,14.68,189,0.43,0.43,768,0.00,1.00,2,0.5000,15.50,120,0,0.00,18,9.58,5.46,5.10,14.70
132927,3.12,-2.34,1,14.51,13.44,8,14.68,189,0.43,0.43,766,0.00,1.00,2,0.5000,16.00,122,0,0.00,18,9.58,5.46,5.10,14.60
133031,3.12,-2.34,1,14.51,13.52,8,14.68,189,0.43,0.43,770,0.00,1.00,2,0.5000,16.50,122,0,0.00,18,9.58,5.49,5.10,14.70
133136,3.12,-2.34,1,14.51,13.44,8,14.68,189,0.43,0.43,766,0.00,1.00,2,0.5000,16.00,122,0,0.00,18,9.58,5.52,5.10,14.50
133239,3.12,-2.34,1,14.51,13.52,8,14.68,189,0.43,0.43,763,0.00,1.00,2,0.5000,16.50,122,0,0.00,18,9.58,5.44,5.10,14.60
133343,3.12,-2.34,1,14.51,13.60,8,14.68,189,0.43,0.42,773,0.00,1.00,2,0.5000,16.00,122,0,0.00,18,9.58,5.49,5.10,14.60
133447,3.12,-2.34,1,14.51,13.52,8,14.68,189,0.43,0.43,772,0.00,1.00,2,0.5000,16.00,122,0,0.00,18,9.58,5.46,5.10,14.60
133551,2.34,-2.34,1,14.51,13.44,8,14.68,189,0.43,0.42,772,0.00,1.00,2,0.5000,16.50,122,0,0.00,18,9.58,5.46,5.10,14.60
133655,2.34,-2.34,1,14.51,13.52,8,14.68,189,0.42,0.42,778,0.00,1.00,2,0.5000,16.50,122,0,0.00,18,9.43,5.39,5.10,14.50
133759,2.34,-2.34,1,14.51,13.52,8,14.68,189,0.42,0.42,776,0.00,1.00,2,0.5000,16.00,122,0,0.00,18,9.43,5.46,5.10,14.50
133863,2.34,-2.34,1,14.51,13.44,8,14.68,189,0.42,0.42,771,0.00,1.00,2,0.5000,16.50,122,0,0.00,18,9.43,5.31,5.10,14.50
133967,2.34,-2.34,1,14.51,13.60,8,14.68,189,0.42,0.42,774,0.00,1.00,2,0.5000,16.50,122,0,0.00,18,9.43,5.36,5.10,14.50
134071,2.34,-2.34,1,14.51,13.44,8,14.68,189,0.42,0.43,765,0.00,1.00,2,0.5000,16.50,122,0,0.00,18,9.43,5.46,5.10,14.40
134175,2.34,-2.34,1,14.51,13.44,8,14.68,189,0.42,0.43,762,0.00,1.00,2,0.5000,16.50,122,0,0.00,18,9.58,5.44,5.10,14.40
134279,2.34,-2.34,1,14.51,13.52,8,14.68,189,0.43,0.43,765,0.00,1.00,2,0.5000,16.50,122,0,0.00,18,9.58,5.39,5.10,14.40
134383,2.34,-2.34,1,14.51,13.52,8,14.68,189,0.43,0.42,758,0.00,1.00,2,0.5000,16.50,122,0,0.00,18,9.58,5.36,5.10,14.40
134487,2.34,-2.34,1,14.51,13.52,8,14.68,189,0.43,0.43,752,0.00,1.00,2,0.5000,16.50,122,0,0.00,18,9.58,5.36,5.10,14.40
134591,2.34,-2.34,1,14.51,13.52,8,14.68,189,0.43,0.42,760,0.00,1.00,2,0.5000,16.50,122,0,0.00,18,9.58,5.36,5.10,14.50
134695,2.34,-2.34,1,14.51,13.44,8,14.68,189,0.43,0.43,756,0.00,1.00,2,0.5000,16.50,122,0,0.00,18,9.58,5.44,5.10,14.50
134799,1.56,-2.34,1,14.51,13.52,8,14.68,189,0.43,0.43,757,0.00,1.00,2,0.5000,16.50,122,0,0.00,18,9.58,5.39,5.10,14.50
134903,1.56,-2.34,1,14.51,13.44,8,14.68,189,0.43,0.42,755,0.00,1.00,2,0.5000,16.50,122,0,0.00,18,9.58,5.36,5.10,14.50
135007,1.56,-2.34,1,14.51,13.52,8,14.68,189,0.43,0.43,758,0.00,1.00,2,0.5000,16.50,122,0,0.00,18,9.58,5.44,5.10,14.50
135111,1.56,-2.34,1,14.51,13.60,8,14.68,189,0.43,0.43,755,0.00,1.00,2,0.5000,16.50,122,0,0.00,18,9.58,5.36,5.10,14.40
135215,1.56,-2.34,1,14.51,13.44,8,14.68,189,0.43,0.43,753,0.00,1.00,2,0.5000,16.50,122,0,0.00,18,9.58,5.33,5.10,14.40
135319,1.56,-2.34,1,14.51,13.44,8,14.68,189,0.43,0.42,759,0.00,1.00,2,0.5000,16.50,122,0,0.00,18,9.43,5.25,5.10,14.40
135424,1.56,-2.34,1,14.51,13.52,8,14.68,189,0.42,0.42,758,0.00,1.00,2,0.5000,16.50,122,0,0.00,18,9.43,5.36,5.10,14.50
135527,1.56,-2.34,1,14.51,13.44,8,14.68,189,0.42,0.43,753,0.00,1.00,2,0.5000,16.50,122,0,0.00,18,9.43,5.36,5.10,14.40
135632,1.56,-2.34,1,14.51,13.60,8,14.68,189,0.43,0.43,756,0.00,1.00,2,0.5000,16.50,122,0,0.00,18,9.43,5.41,5.10,14.50
135735,0.78,-2.34,1,14.51,13.44,8,14.68,189,0.43,0.43,757,0.00,1.00,2,0.5000,16.50,122,0,0.00,18,9.43,5.41,5.10,14.40
135840,0.78,-2.34,1,14.51,13.44,8,14.68,189,0.43,0.43,742,0.00,1.00,2,0.5000,16.50,122,0,0.00,18,9.43,5.28,5.10,14.40
135943,0.78,-2.34,1,14.51,13.52,8,14.68,189,0.43,0.43,745,0.00,1.00,2,0.5000,17.00,122,0,0.00,18,9.58,5.28,5.10,14.40
136047,0.78,-2.34,1,14.51,13.44,8,14.68,189,0.43,0.43,744,0.00,1.00,2,0.5000,16.50,122,0,0.00,18,9.58,5.33,5.10,14.40
136151,0.78,-2.34,1,14.51,13.60,8,14.68,189,0.43,0.43,741,0.00,1.00,2,0.5000,16.50,122,0,0.00,18,9.58,5.33,5.10,14.40
136256,0.78,-2.34,1,14.51,13.44,8,14.68,189,0.43,0.43,742,0.00,1.00,2,0.5000,16.50,122,0,0.00,18,9.58,5.33,5.10,14.40
136360,0.78,-2.34,1,14.51,13.52,8,14.68,189,0.43,0.43,745,0.00,1.00,2,0.5000,17.00,122,0,0.00,18,9.58,5.31,5.10,14.40
136463,0.78,-2.34,1,14.51,13.36,8,14.68,189,0.43,0.44,741,0.00,1.00,2,0.5000,16.50,122,0,0.00,18,9.58,5.39,5.10,14.40
136568,0.00,-2.34,1,14.51,13.60,8,14.67,189,0.43,0.43,740,0.00,1.00,2,0.5000,16.50,122,0,0.00,18,9.58,5.25,5.10,14.40
136672,0.78,-2.34,1,14.51,13.60,8,14.67,189,0.43,0.42,743,0.00,1.00,2,0.5000,16.50,122,0,0.00,18,9.58,5.17,5.10,14.50
136776,0.00,-2.34,1,14.51,13.52,8,14.68,189,0.43,0.42,742,0.00,1.00,2,0.5000,16.50,122,0,0.00,18,9.58,5.23,5.10,14.40
136880,0.00,-2.34,1,14.51,13.44,8,14.68,189,0.42,0.42,742,0.00,1.00,2,0.5000,16.50,122,0,0.00,18,9.58,5.23,5.10,14.40
136984,0.00,-2.34,1,14.51,13.44,8,14.68,189,0.42,0.43,742,0.00,1.00,2,0.5000,16.50,122,0,0.00,18,9.58,5.31,5.10,14.40
137088,0.00,-2.34,1,14.51,13.52,8,14.68,189,0.42,0.42,753,0.00,1.00,2,0.5000,16.50,122,0,0.00,18,9.43,5.25,5.10,14.40
137192,0.00,-2.34,1,14.51,13.52,8,14.68,189,0.42,0.42,750,0.00,1.00,2,0.5000,16.50,122,0,0.00,18,9.43,5.25,5.10,14.50
137296,0.78,-2.34,1,14.51,13.52,8,14.68,189,0.42,0.42,741,0.00,1.00,2,0.5000,16.50,122,0,0.00,18,9.58,5.23,5.10,14.50
137400,0.00,-2.34,1,14.51,13.52,8,14.68,189,0.42,0.43,740,0.00,1.00,2,0.5000,16.50,122,0,0.00,18,9.58,5.25,5.10,14.50
137504,0.00,-2.34,1,14.51,13.44,8,14.68,189,0.43,0.42,742,0.00,1.00,2,0.5000,17.00,122,0,0.00,18,9.58,5.25,5.10,14.40
137608,0.00,-2.34,1,14.51,13.52,8,14.68,189,0.43,0.45,722,0.00,1.00,2,0.5000,16.50,122,0,0.00,18,9.58,5.31,5.10,14.50
137712,0.00,-2.34,1,14.51,13.52,8,14.67,189,0.43,0.44,727,0.00,1.00,2,0.5000,17.00,122,0,0.00,18,9.58,5.25,5.10,14.40
137816,0.00,-2.34,1,14.51,13.60,8,14.67,189,0.43,0.43,732,0.00,1.00,2,0.5000,17.00,122,0,0.00,18,9.72,5.20,5.10,14.50
137919,0.00,-2.34,1,14.51,13.44,8,14.67,189,0.43,0.43,722,0.00,1.00,2,0.5000,16.50,122,0,0.00,18,9.72,5.33,5.10,14.50
138024,0.00,-2.34,1,14.51,13.52,8,14.67,189,0.43,0.44,719,0.00,1.00,2,0.5000,17.00,122,0,0.00,18,9.72,5.33,5.10,14.50
138128,0.00,-2.34,1,14.51,13.44,8,14.67,189,0.44,0.45,713,0.00,1.00,2,0.5000,16.50,122,0,0.00,18,9.72,5.36,5.10,14.60
138232,0.00,-2.34,1,14.51,13.60,8,14.67,189,0.44,0.43,728,0.00,1.00,2,0.5000,16.50,122,0,0.00,18,9.72,5.15,5.10,14.60
138336,0.00,-2.34,1,14.51,13.44,8,14.67,189,0.43,0.42,742,0.00,1.00,2,0.5000,16.50,122,0,0.00,18,9.58,5.17,5.10,14.50
138440,0.00,-2.34,1,14.51,13.60,8,14.67,189,0.43,0.43,733,0.00,1.00,2,0.5000,16.50,122,0,0.00,18,9.58,5.25,5.10,14.70
138544,0.00,-2.34,1,14.51,13.44,8,14.68,189,0.43,0.43,735,0.00,1.00,2,0.5000,16.50,122,0,0.00,18,9.58,5.31,5.10,14.50
138648,0.00,-2.34,1,14.51,13.52,8,14.67,189,0.43,0.42,744,0.00,1.00,2,0.5000,16.50,122,0,0.00,18,9.58,5.15,5.10,14.50
138752,0.00,-2.34,1,14.51,13.52,8,14.68,190,0.42,0.42,737,0.00,1.00,2,0.5000,16.50,122,0,0.00,18,9.58,5.17,5.10,14.50
138856,0.00,-2.34,1,14.51,13.44,8,14.68,190,0.42,0.43,736,0.00,1.00,2,0.5000,16.50,122,0,0.00,18,9.58,5.25,5.10,14.40
138960,0.00,-2.34,1,14.51,13.52,8,14.68,190,0.42,0.42,746,0.00,1.00,2,0.5000,16.50,122,0,0.00,18,9.58,5.25,5.10,14.50
139064,0.00,-2.34,1,14.51,13.44,8,14.68,190,0.43,0.42,742,0.00,1.00,2,0.5000,16.50,122,0,0.00,18,9.58,5.25,5.10,14.50
139168,0.00,-2.34,1,14.51,13.52,8,14.68,190,0.42,0.42,740,0.00,1.00,2,0.5000,16.50,122,0,0.00,18,9.58,5.18,5.10,14.50
139272,0.00,-2.34,1,14.51,13.44,8,14.68,190,0.42,0.42,735,0.00,1.00,2,0.5000,16.50,122,0,0.00,18,9.58,5.25,5.10,14.50
139376,0.00,-2.34,1,14.51,13.52,8,14.68,190,0.42,0.42,734,0.00,1.00,2,0.5000,16.50,122,0,0.00,18,9.58,5.23,5.10,14.60
139479,0.00,-2.34,1,14.51,13.44,8,14.68,190,0.43,0.43,736,0.00,1.00,2,0.5000,16.50,122,0,0.00,18,9.58,5.23,5.10,14.60
139584,0.00,-2.34,1,14.51,13.52,8,14.68,190,0.43,0.43,729,0.00,1.00,2,0.5000,16.50,124,0,0.00,18,9.58,5.25,5.10,14.60
139688,0.00,-2.34,1,14.51,13.44,8,14.68,190,0.43,0.43,732,0.00,1.00,2,0.5000,16.50,124,0,0.00,18,9.58,5.31,5.10,14.60
139792,0.00,-2.34,1,14.51,13.44,8,14.68,190,0.43,0.43,734,0.00,1.00,2,0.5000,16.50,124,0,0.00,18,9.58,5.25,5.10,14.60
139896,0.00,-2.34,1,14.51,13.52,8,14.67,190,0.43,0.43,734,0.00,1.00,2,0.5000,16.50,124,0,0.00,18,9.58,5.36,5.10,14.60
140000,0.00,-2.34,1,14.51,13.52,8,14.67,190,0.43,0.43,734,0.00,1.00,2,0.5000,16.50,124,0,0.00,18,9.58,5.23,5.10,14.60
140104,0.00,-2.34,1,14.51,13.52,8,14.67,190,0.43,0.41,744,0.00,1.00,2,0.5000,16.50,124,0,0.00,18,9.58,5.10,5.10,14.70
140208,0.00,-2.34,1,14.51,13.44,8,14.68,190,0.42,0.41,744,0.00,1.00,2,0.5000,16.00,124,0,0.00,18,9.58,5.17,5.10,14.70
140312,0.00,-2.34,1,14.51,13.60,8,14.68,190,0.42,0.42,743,0.00,1.00,2,0.5000,16.50,124,0,0.00,18,9.58,5.25,5.10,14.60
140415,0.00,-2.34,1,14.51,13.44,8,14.68,190,0.42,0.42,741,0.00,1.00,2,0.5000,16.50,124,0,0.00,18,9.43,5.28,5.10,15.00
140520,0.00,-2.34,1,14.51,13.52,8,14.68,190,0.42,0.42,743,0.00,1.00,2,0.5000,16.50,124,0,0.00,18,9.43,5.17,5.10,14.50
140624,0.00,-2.34,1,14.51,13.52,8,14.68,190,0.42,0.42,738,0.00,1.00,2,0.5000,16.50,124,0,0.00,18,9.43,5.25,5.10,14.50
140728,0.00,-2.34,1,14.51,13.44,8,14.68,190,0.42,0.43,730,0.00,1.00,2,0.5000,16.50,124,0,0.00,18,9.58,5.31,5.10,14.60
140832,0.00,-2.34,1,14.51,13.52,8,14.68,190,0.43,0.43,726,0.00,1.00,2,0.5000,16.50,124,0,0.00,18,9.58,5.20,5.10,14.50
140936,0.00,-2.34,1,14.51,13.36,8,14.68,190,0.43,0.42,732,0.00,1.00,2,0.5000,17.00,124,0,0.00,18,9.58,5.15,5.10,14.50
141040,0.00,-2.34,1,14.51,13.52,8,14.68,190,0.43,0.44,717,0.00,1.00,2,0.5000,16.50,124,0,0.00,18,9.58,5.28,5.10,14.60
141144,0.00,-2.34,1,14.51,13.44,8,14.68,190,0.43,0.45,714,0.00,1.00,2,0.5000,17.00,124,0,0.00,18,9.72,5.25,5.10,14.50
141248,0.00,-2.34,1,14.51,13.44,8,14.67,190,0.43,0.43,720,0.00,1.00,2,0.5000,16.50,124,0,0.00,18,9.72,5.05,5.10,14.60
141352,0.00,-2.34,1,14.51,13.44,8,14.67,190,0.43,0.43,714,0.00,1.00,2,0.5000,17.50,124,0,0.00,18,9.72,5.10,5.10,14.60
141456,0.00,-2.34,1,14.51,13.36,8,14.67,190,0.43,0.42,714,0.00,1.00,2,0.5000,16.50,124,0,0.00,18,9.72,5.12,5.10,14.70
141560,0.00,-2.34,1,14.51,13.52,8,14.67,190,0.43,0.44,715,0.00,1.00,2,0.5000,16.50,124,0,0.00,18,9.72,5.20,5.10,14.60
141664,0.00,-2.34,1,14.51,13.60,8,14.67,190,0.43,0.43,730,0.00,1.00,2,0.5000,16.50,124,0,0.00,18,9.72,5.15,5.10,15.20
141768,0.00,-2.34,1,14.51,13.52,8,14.68,190,0.43,0.41,741,0.00,1.00,2,0.5000,16.50,124,0,0.00,18,9.72,5.10,5.10,14.70
141872,0.00,-2.34,1,14.51,13.52,8,14.68,190,0.42,0.42,740,0.00,1.00,2,0.5000,16.00,124,0,0.00,18,9.58,5.20,5.10,14.70
141976,0.00,-2.34,1,14.51,13.44,8,14.68,190,0.42,0.42,742,0.00,1.00,2,0.5000,16.50,124,0,0.00,18,9.58,5.17,5.10,14.70
142080,0.78,-2.34,1,14.51,13.60,8,14.68,190,0.42,0.42,746,0.00,1.00,2,0.5000,16.50,124,0,0.00,18,9.58,5.20,5.10,14.50
142184,0.78,-2.34,1,14.51,13.44,8,14.68,190,0.42,0.42,742,0.00,1.00,2,0.5000,16.50,124,0,0.00,18,9.58,5.23,5.10,14.70
142288,0.00,-2.34,1,14.51,13.52,8,14.68,190,0.42,0.42,739,0.00,1.00,2,0.5000,16.50,124,0,0.00,18,9.58,5.15,5.10,14.60
142393,0.78,-2.34,1,14.51,13.44,8,14.68,190,0.42,0.43,741,0.00,1.00,2,0.5000,16.50,124,0,0.00,18,9.58,5.25,5.10,14.80
142496,0.78,-2.34,1,14.51,13.44,8,14.68,190,0.43,0.43,727,0.00,1.00,2,0.5000,16.50,124,0,0.00,18,9.58,5.25,5.10,14.70
142600,0.00,-2.34,1,14.51,13.44,8,14.68,190,0.43,0.43,727,0.00,1.00,2,0.5000,16.50,124,0,0.00,18,9.58,5.20,5.10,14.70
142704,0.78,-2.34,1,14.51,13.44,8,14.68,190,0.43,0.43,731,0.00,1.00,2,0.5000,16.50,124,0,0.00,18,9.58,5.25,5.10,14.80
142808,0.78,-2.34,1,14.51,13.60,8,14.68,190,0.43,0.43,730,0.00,1.00,2,0.5000,16.50,124,0,0.00,18,9.58,5.28,5.10,14.70
142912,0.78,-2.34,1,14.51,13.44,8,14.68,190,0.43,0.43,737,0.00,1.00,2,0.5000,16.50,124,0,0.00,18,9.58,5.23,5.10,14.70
143016,0.78,-2.34,1,14.51,13.52,8,14.68,190,0.43,0.43,732,0.00,1.00,2,0.5000,16.50,124,0,0.00,18,9.58,5.20,5.10,14.70
143120,0.00,-2.34,1,14.51,13.44,8,14.68,190,0.43,0.42,734,0.00,1.00,2,0.5000,16.50,124,0,0.00,18,9.58,5.17,5.10,14.80
143224,0.00,-2.34,1,14.51,13.52,8,14.68,190,0.43,0.42,744,0.00,1.00,2,0.5000,16.50,124,0,0.00,18,9.58,5.28,5.10,14.80
143328,0.78,-2.34,1,14.51,13.44,8,14.68,190,0.43,0.43,738,0.00,1.00,2,0.5000,16.50,124,0,0.00,18,9.58,5.30,5.10,14.60
143432,0.00,-2.34,1,14.51,13.52,8,14.68,190,0.43,0.43,741,0.00,1.00,2,0.5000,16.50,124,0,0.00,18,9.58,5.30,5.10,14.50
143536,0.00,-2.34,1,14.51,13.44,8,14.68,190,0.43,0.43,741,0.00,1.00,2,0.5000,16.50,124,0,0.00,18,9.58,5.25,5.10,14.60
143640,0.00,-2.34,1,14.51,13.44,8,14.68,190,0.43,0.44,728,0.00,1.00,2,0.5000,16.50,124,0,0.00,18,9.58,5.25,5.10,14.50
143744,0.00,-2.34,1,14.51,13.52,8,14.68,190,0.43,0.43,728,0.00,1.00,2,0.5000,16.50,124,0,0.00,18,9.58,5.25,5.10,14.60
143848,0.00,-2.34,1,14.51,13.52,8,14.67,190,0.43,0.43,727,0.00,1.00,2,0.5000,16.50,124,0,0.00,18,9.58,5.25,5.10,14.60
143953,0.00,-2.34,1,14.51,13.60,8,14.67,190,0.43,0.43,734,0.00,1.00,2,0.5000,16.50,124,0,0.00,18,9.58,5.17,5.10,14.50
144056,0.00,-2.34,1,14.51,13.44,8,14.68,190,0.43,0.42,741,0.00,1.00,2,0.5000,16.50,124,0,0.00,18,9.58,5.15,5.10,14.50
144160,0.00,-2.34,1,14.51,13.52,8,14.68,190,0.42,0.42,738,0.00,1.00,2,0.5000,16.50,124,0,0.00,18,9.58,5.15,5.10,14.50
144264,0.00,-2.34,1,14.51,13.44,8,14.68,190,0.42,0.42,737,0.00,1.00,2,0.5000,16.50,124,0,0.00,18,9.58,5.15,5.10,14.50
144368,0.00,-2.34,1,14.51,13.52,8,14.68,190,0.42,0.42,747,0.00,1.00,2,0.5000,16.50,124,0,0.00,18,9.58,5.20,5.10,14.60
144472,0.00,-2.34,1,14.51,13.44,8,14.68,190,0.42,0.42,741,0.00,1.00,2,0.5000,16.50,124,0,0.00,18,9.58,5.17,5.10,14.50
144576,0.00,-2.34,1,14.51,13.44,8,14.68,190,0.42,0.43,735,0.00,1.00,2,0.5000,16.50,124,0,0.00,18,9.58,5.25,5.10,14.50
144680,0.00,-2.34,1,14.51,13.52,8,14.68,190,0.42,0.42,740,0.00,1.00,2,0.5000,16.50,124,0,0.00,18,9.58,5.15,5.10,14.50
144784,0.00,-2.34,1,14.51,13.52,8,14.68,190,0.42,0.42,732,0.00,1.00,2,0.5000,16.50,124,0,0.00,18,9.58,5.17,5.10,14.60
144888,0.00,-2.34,1,14.51,13.52,8,14.68,190,0.42,0.43,719,0.00,1.00,2,0.5000,17.00,124,0,0.00,18,9.58,5.20,5.10,14.60
144992,0.00,-2.34,1,14.51,13.44,8,14.68,190,0.43,0.43,718,0.00,1.00,2,0.5000,17.00,124,0,0.00,18,9.58,5.17,5.10,14.50
145096,0.00,-2.34,1,14.51,13.52,8,14.68,190,0.43,0.43,718,0.00,1.00,2,0.5000,16.50,124,0,0.00,18,9.58,5.20,5.10,14.60
145200,0.00,-2.34,1,14.51,13.36,8,14.68,190,0.43,0.43,722,0.00,1.00,2,0.5000,16.50,124,0,0.00,18,9.72,5.20,5.10,14.90
145304,0.00,-2.34,1,14.51,13.52,8,14.67,190,0.43,0.43,715,0.00,1.00,2,0.5000,16.50,124,0,0.00,18,9.72,5.17,5.10,14.70
145408,0.00,-2.34,1,14.51,13.44,8,14.68,190,0.43,0.43,721,0.00,1.00,2,0.5000,16.50,124,0,0.00,18,9.72,5.20,5.10,14.70
145512,0.00,-2.34,1,14.51,13.52,8,14.68,190,0.43,0.42,733,0.00,1.00,2,0.5000,16.50,124,0,0.00,18,9.72,5.17,5.10,14.80
145617,0.00,-2.34,1,14.51,13.44,8,14.68,190,0.43,0.43,726,0.00,1.00,2,0.5000,16.50,124,0,0.00,18,9.72,5.25,5.10,14.70
145720,0.00,-2.34,1,14.51,13.52,8,14.68,190,0.43,0.43,725,0.00,1.00,2,0.5000,16.50,124,0,0.00,18,9.72,5.30,5.10,14.70
145824,0.78,-2.34,1,14.51,13.44,8,14.67,190,0.43,0.44,727,0.00,1.00,2,0.5000,16.50,124,0,0.00,18,9.58,5.25,5.10,14.70
145928,0.00,-2.34,1,14.51,13.60,8,14.67,190,0.43,0.43,736,0.00,1.00,2,0.5000,16.50,124,0,0.00,18,9.58,5.30,5.10,14.70
146032,0.00,-2.34,1,14.51,13.52,8,14.67,190,0.43,0.41,755,0.00,1.00,2,0.5000,10.00,124,0,0.00,18,9.58,5.15,2.75,14.70
146137,0.78,-2.34,1,14.51,13.44,8,14.68,190,0.41,0.37,778,0.00,1.09,2,0.5000,10.00,124,0,0.00,18,8.85,4.43,3.92,14.80
146240,0.00,-2.34,1,14.51,13.52,8,14.69,190,0.38,0.32,818,0.00,1.09,2,0.5000,20.50,126,0,0.00,18,8.85,4.62,7.84,14.50
146344,-0.78,-2.34,2,14.51,13.52,8,14.68,190,0.41,0.45,846,0.00,1.00,2,0.5000,22.50,126,0,0.00,18,12.19,8.40,16.47,14.50
146448,-3.12,-1.56,3,14.51,13.52,8,14.64,190,0.51,0.71,957,0.00,0.75,2,0.5000,29.00,126,0,0.00,18,13.49,11.91,17.65,14.30
146552,-6.25,-1.56,3,14.51,13.52,8,14.60,190,0.54,0.57,1206,0.00,0.99,2,0.5000,32.50,126,0,0.00,18,13.20,11.56,17.25,14.30
146656,0.00,-1.56,3,14.51,13.52,8,14.59,190,0.54,0.54,1342,0.00,0.99,2,0.5000,34.00,126,0,0.00,18,12.91,12.32,16.86,13.80
146760,13.28,-1.56,3,14.51,13.44,8,14.59,190,0.55,0.56,1386,0.00,0.99,2,0.5000,36.00,126,0,0.00,18,12.91,13.29,16.86,17.00
146864,20.31,-1.56,3,14.51,13.44,8,14.59,190,0.56,0.57,1460,0.00,0.99,2,0.5000,37.50,126,0,0.00,18,12.77,14.07,16.47,18.10
146968,20.31,-0.78,3,14.51,13.52,8,14.58,190,0.56,0.55,1527,0.00,0.99,2,0.5000,39.50,126,0,0.00,18,12.62,14.37,16.86,17.00
147073,17.97,-0.78,3,14.51,13.44,8,14.58,190,0.55,0.56,1600,0.00,0.99,2,0.5000,40.50,126,0,0.00,18,12.48,14.80,16.86,15.70
147176,17.19,-0.78,3,14.51,13.52,8,14.58,190,0.56,0.57,1629,0.00,0.99,2,0.5000,40.00,126,0,0.00,18,12.33,15.94,16.86,15.10
147280,17.97,-0.78,3,14.51,13.44,8,14.58,190,0.57,0.60,1652,0.00,0.99,2,0.5000,40.00,126,0,0.50,18,12.33,16.18,16.86,14.40
147385,17.97,-0.78,3,14.51,13.52,8,14.58,190,0.59,0.59,1658,0.00,0.99,2,0.5000,39.50,126,0,0.50,18,12.33,16.59,16.86,15.10
147488,17.19,-0.78,3,14.51,13.52,8,14.58,190,0.59,0.59,1662,0.00,0.99,2,0.5000,39.50,126,0,0.50,18,12.19,16.11,16.08,14.40
147593,15.62,0.00,3,14.51,13.52,8,14.58,190,0.59,0.58,1650,0.00,0.99,2,0.5000,39.50,126,0,0.50,18,12.04,15.72,15.69,14.20
147697,13.28,0.00,3,14.51,13.44,8,14.58,190,0.58,0.59,1645,0.00,0.99,2,0.5000,39.50,126,0,0.50,18,12.04,16.01,15.69,14.00
147800,11.72,1.56,3,14.51,13.36,8,14.58,190,0.58,0.59,1638,0.00,0.99,2,0.5000,39.50,126,0,0.50,18,12.04,16.31,15.69,13.80
147905,11.72,1.56,3,14.51,13.60,8,14.58,190,0.59,0.61,1642,0.00,0.99,2,0.5000,39.00,126,0,0.50,18,12.04,16.61,15.69,13.90
148009,10.16,1.56,3,14.51,13.52,8,14.58,190,0.60,0.60,1663,0.00,0.99,2,0.5000,39.00,126,0,0.50,18,12.04,16.60,15.69,14.00
148113,8.59,1.56,3,14.51,13.44,8,14.58,190,0.60,0.60,1674,0.00,0.99,2,0.5000,39.00,126,0,0.50,18,12.04,16.80,15.69,13.90
148217,7.03,1.56,3,14.51,13.52,8,14.58,190,0.60,0.61,1688,0.00,0.99,2,0.5000,39.00,126,0,0.50,18,12.04,16.71,15.69,13.80
148321,6.25,1.56,3,14.51,13.44,8,14.58,190,0.60,0.60,1704,0.00,0.99,2,0.5000,39.00,126,0,0.50,18,11.90,17.30,15.69,13.80
148424,6.25,1.56,3,14.51,13.60,8,14.58,190,0.60,0.60,1714,0.00,0.99,2,0.5000,39.50,126,0,0.50,18,11.90,17.30,15.69,14.00
148529,5.47,1.56,3,14.51,13.52,8,14.58,190,0.60,0.60,1729,0.00,0.99,2,0.5000,39.50,126,0,0.50,18,11.75,17.60,15.29,14.10
148633,5.47,1.56,3,14.51,13.44,8,14.58,190,0.60,0.58,1738,0.00,0.99,2,0.5000,39.50,126,0,0.50,18,11.61,16.80,14.51,14.10
148737,3.91,1.56,3,14.51,13.36,8,14.58,190,0.59,0.58,1744,0.00,0.99,2,0.5000,40.00,126,0,0.00,18,11.32,16.61,14.12,14.30
148840,3.12,1.56,3,14.51,13.44,8,14.58,190,0.57,0.55,1744,0.00,0.99,2,0.5000,40.50,126,0,0.00,18,11.03,16.01,13.33,14.20
148945,2.34,1.56,3,14.51,13.52,8,14.58,190,0.56,0.55,1736,0.00,0.99,2,0.5000,41.00,126,0,0.00,18,10.88,15.65,13.33,14.20
149048,1.56,1.56,3,14.51,13.52,8,14.58,190,0.56,0.56,1723,0.00,0.99,2,0.5000,41.00,126,0,0.00,18,10.74,16.01,13.33,14.10
149153,2.34,1.56,3,14.51,13.52,8,14.58,190,0.56,0.56,1717,0.00,0.99,2,0.5000,40.50,126,0,0.00,18,10.74,16.01,13.33,14.30
149257,1.56,1.56,3,14.51,13.44,8,14.58,190,0.56,0.54,1716,0.00,0.99,2,0.5000,41.00,126,0,0.00,18,10.45,15.24,12.16,14.30
149361,0.78,1.56,3,14.51,13.52,8,14.58,190,0.54,0.53,1701,0.00,0.99,2,0.5000,40.50,126,0,0.00,18,10.30,15.17,12.16,14.20
149465,-0.78,1.56,3,14.51,13.60,8,14.58,190,0.54,0.52,1691,0.00,0.99,2,0.5000,40.50,126,0,0.00,18,10.30,15.16,12.16,14.10
149569,-1.56,1.56,3,14.51,13.52,8,14.58,190,0.53,0.53,1687,0.00,0.99,2,0.5000,40.00,126,0,0.00,18,10.16,14.96,12.16,14.10
149673,-1.56,1.56,3,14.51,13.44,8,14.58,190,0.53,0.53,1680,0.00,0.99,2,0.5000,40.00,126,0,0.00,18,10.30,14.91,12.16,14.20
149777,-0.78,1.56,3,14.51,13.36,8,14.58,190,0.53,0.54,1674,0.00,0.99,2,0.5000,40.00,126,0,0.00,18,10.30,15.14,12.16,14.30
149881,-0.78,1.56,3,14.51,13.52,8,14.58,190,0.54,0.54,1668,0.00,0.99,2,0.5000,40.50,126,0,0.00,18,10.30,15.09,12.16,14.50
149985,-0.78,1.56,3,14.51,13.52,8,14.58,190,0.54,0.54,1671,0.00,0.99,2,0.5000,40.50,126,0,0.00,18,10.30,14.98,12.16,14.50
150088,-0.78,1.56,3,14.51,13.52,8,14.58,190,0.54,0.54,1688,0.00,0.99,2,0.5000,40.50,126,0,0.00,18,10.45,15.01,12.16,14.30
150192,-0.78,1.56,3,14.51,13.44,8,14.58,190,0.54,0.54,1692,0.00,0.99,2,0.5000,40.00,126,0,0.00,18,10.30,15.02,12.16,14.40
150297,-0.78,1.56,3,14.51,13.36,8,14.58,190,0.54,0.53,1695,0.00,0.99,2,0.5000,40.00,126,0,0.00,18,10.30,15.12,12.16,14.50
150401,-0.78,1.56,3,14.51,13.44,8,14.58,190,0.54,0.53,1694,0.00,0.99,2,0.5000,40.50,127,0,0.00,18,10.30,15.20,12.16,14.40
150505,-0.78,1.56,3,14.51,13.60,8,14.58,190,0.54,0.53,1697,0.00,0.99,2,0.5000,40.50,127,0,0.00,18,10.30,15.23,12.16,14.50
150609,0.00,1.56,3,14.51,13.60,8,14.58,190,0.54,0.53,1701,0.00,0.99,2,0.5000,40.50,127,0,0.00,18,10.45,15.30,12.94,14.70
150712,0.00,1.56,3,14.51,13.52,8,14.58,190,0.54,0.54,1694,0.00,0.99,2,0.5000,40.50,127,0,0.00,18,10.59,15.56,12.94,14.50
150817,0.00,1.56,3,14.51,13.44,8,14.58,190,0.55,0.55,1709,0.00,0.99,2,0.5000,41.00,127,1,0.00,18,10.74,15.79,13.33,14.50
150921,1.56,1.56,3,14.51,13.52,8,14.58,190,0.55,0.55,1721,0.00,0.99,2,0.5000,41.50,127,0,0.00,18,10.74,16.07,13.33,14.70
151025,2.34,1.56,3,14.51,13.60,8,14.58,190,0.55,0.55,1736,0.00,0.99,2,0.5000,41.50,127,1,0.00,18,10.74,16.17,13.33,15.00
151129,3.12,1.56,3,14.51,13.60,8,14.58,190,0.55,0.55,1765,0.00,0.99,2,0.5000,41.50,127,1,0.00,18,10.74,16.27,13.33,14.90
151233,3.12,1.56,3,14.51,13.52,8,14.58,190,0.55,0.54,1776,0.00,0.99,2,0.5000,41.50,127,1,0.00,18,10.59,16.27,13.33,14.80
151336,3.12,1.56,3,14.51,13.36,8,14.58,190,0.55,0.54,1783,0.00,0.99,2,0.5000,41.50,127,1,0.00,18,10.59,16.18,13.33,14.80
151441,3.12,1.56,3,14.51,13.44,8,14.58,190,0.55,0.55,1788,0.00,0.99,2,0.5000,41.50,127,2,0.00,18,10.59,16.18,13.33,14.70
151545,3.91,1.56,3,14.51,13.52,8,14.58,190,0.55,0.55,1790,0.00,0.99,2,0.5000,42.00,127,2,0.00,18,10.59,16.37,13.33,14.50
151649,3.91,1.56,3,14.51,13.60,8,14.58,190,0.55,0.56,1794,0.00,0.99,2,0.5000,41.50,127,2,0.00,18,10.74,16.76,14.12,14.60
151753,3.91,1.56,3,14.51,13.52,8,14.58,190,0.56,0.57,1788,0.00,0.99,2,0.5000,41.50,127,3,0.00,18,10.88,16.95,14.12,14.60
151857,4.69,1.56,3,14.51,13.36,8,14.58,190,0.56,0.57,1800,0.00,0.99,2,0.5000,41.50,127,3,0.00,18,10.88,17.04,14.12,14.80
151961,4.69,1.56,3,14.51,13.52,8,14.58,190,0.56,0.56,1810,0.00,0.99,2,0.5000,41.50,127,4,0.00,18,10.88,17.24,14.12,14.70
152065,4.69,1.56,3,14.51,13.52,8,14.58,190,0.57,0.57,1818,0.00,0.99,2,0.5000,41.50,127,4,0.00,18,10.74,17.14,14.12,14.50
152169,4.69,1.56,3,14.51,13.52,8,14.58,190,0.56,0.56,1840,0.00,0.99,2,0.5000,41.50,127,4,0.00,18,10.74,17.24,14.12,14.50
152273,3.91,1.56,3,14.51,13.52,8,14.58,190,0.57,0.57,1842,0.00,0.99,2,0.5000,41.50,127,5,0.00,18,10.74,17.53,14.12,14.40
152377,3.91,1.56,3,14.51,13.44,8,14.58,190,0.57,0.57,1846,0.00,0.99,2,0.5000,41.50,127,5,0.00,18,10.74,17.14,14.12,14.40
152481,3.91,1.56,3,14.51,13.52,8,14.58,190,0.56,0.56,1833,0.00,0.99,2,0.5000,41.50,127,5,0.00,18,10.74,17.34,14.12,14.40
152585,3.12,1.56,3,14.51,13.52,8,14.58,190,0.57,0.58,1835,0.00,0.99,2,0.5000,41.00,127,5,0.00,18,11.17,18.30,15.69,14.50
152689,4.69,1.56,3,14.51,13.52,8,14.58,190,0.60,0.61,1862,0.00,0.99,2,0.5000,40.50,127,6,0.00,18,11.61,19.32,16.08,14.40
152793,6.25,1.56,3,14.51,13.52,8,14.57,190,0.61,0.63,1882,0.00,0.99,2,0.5000,40.50,127,6,0.00,18,11.61,19.30,16.08,14.90
152897,6.25,1.56,3,14.51,13.36,8,14.57,190,0.61,0.60,1896,0.00,0.99,2,0.5000,40.50,127,6,0.00,18,11.61,19.29,16.08,14.90
153001,6.25,1.56,3,14.51,13.44,8,14.57,190,0.61,0.60,1914,0.00,0.99,2,0.5000,40.50,127,7,0.00,18,11.61,19.52,16.08,15.00
153105,6.25,1.56,3,14.51,13.52,8,14.57,189,0.61,0.62,1940,0.00,0.99,2,0.5000,40.50,127,7,0.00,18,11.90,20.51,17.25,14.50
153209,7.03,1.56,3,14.51,13.52,8,14.57,189,0.63,0.64,1939,0.00,0.99,2,0.5000,40.00,127,7,0.00,18,12.04,20.81,17.25,14.50
153313,7.81,1.56,3,14.51,13.52,8,14.57,189,0.63,0.64,1954,0.00,0.99,2,0.5000,40.00,127,8,0.00,18,12.04,20.69,17.25,14.70
153417,7.81,1.56,3,14.51,13.44,8,14.57,189,0.63,0.63,1985,0.00,0.99,2,0.5000,40.50,127,8,0.00,18,12.04,20.81,17.25,14.70
153521,7.03,1.56,3,14.51,13.04,8,14.57,189,0.63,0.64,1978,0.00,0.99,2,0.5000,40.00,127,8,0.00,18,12.33,21.44,18.43,14.50
153625,7.81,1.56,3,14.51,13.44,8,14.57,189,0.65,0.68,2003,0.00,0.99,2,0.5000,39.50,127,8,0.00,18,12.77,23.01,19.61,14.50
153729,10.16,1.56,3,14.51,13.44,8,14.57,189,0.67,0.68,2003,0.00,0.99,2,0.5000,39.00,127,9,0.00,18,12.77,22.74,19.61,14.40
153833,10.16,1.56,3,14.51,13.36,8,14.56,189,0.67,0.68,2044,0.00,0.99,2,0.5000,39.00,127,9,0.00,18,12.91,22.97,19.61,14.70
153937,9.38,1.56,3,14.51,13.36,8,14.56,189,0.68,0.69,2000,0.00,0.99,2,0.5000,38.50,127,9,0.00,18,13.06,23.20,20.39,15.20
154041,9.38,1.56,3,14.51,13.44,8,14.56,189,0.70,0.73,2008,0.00,0.99,2,0.5000,38.00,127,10,0.00,18,13.20,24.12,21.18,14.40
154145,9.38,1.56,3,14.51,13.52,8,14.56,189,0.71,0.71,2004,0.00,0.99,2,0.5000,38.00,127,10,0.00,18,13.20,24.11,20.78,14.50
154249,7.81,1.56,3,14.51,13.44,8,14.56,189,0.71,0.71,2034,0.00,0.99,2,0.5000,38.00,127,10,0.00,18,13.20,23.75,20.78,14.30
154354,7.81,1.56,3,14.51,13.36,8,14.56,189,0.71,0.71,2027,0.00,0.99,2,0.5000,38.00,127,10,0.00,18,13.20,24.10,20.78,14.20
154458,7.81,1.56,3,14.51,13.36,8,14.56,189,0.71,0.72,2050,0.00,0.99,2,0.5000,38.00,127,11,0.00,18,13.35,24.46,21.18,14.20
154561,7.03,1.56,3,14.51,13.52,8,14.56,189,0.72,0.72,2042,0.00,0.99,2,0.5000,37.50,127,11,0.50,18,13.64,25.15,23.14,14.30
154666,8.59,1.56,3,14.51,13.44,8,14.56,189,0.74,0.76,2071,0.00,0.99,2,0.5000,37.50,127,11,0.50,18,13.78,26.05,23.14,14.20
154770,9.38,1.56,3,14.51,13.52,8,14.56,189,0.74,0.75,2094,0.00,0.99,2,0.5000,37.50,127,11,0.50,18,13.78,26.02,23.53,14.40
154874,8.59,1.56,3,14.51,13.36,8,14.56,189,0.76,0.77,2099,0.00,0.99,2,0.5000,37.00,127,11,0.50,18,14.36,28.12,27.06,14.70
154978,10.16,1.56,3,14.51,13.52,8,14.56,189,0.78,0.79,2144,0.00,0.99,2,0.5000,37.50,127,12,0.50,18,14.36,28.14,27.45,16.30
155082,10.94,1.56,3,14.51,13.52,8,14.56,189,0.79,0.79,2175,0.00,0.99,2,0.5000,37.50,127,13,0.50,18,14.36,28.62,27.45,15.00
155187,10.94,1.56,3,14.51,13.44,8,14.56,189,0.79,0.79,2180,0.00,0.99,2,0.5000,37.00,127,13,0.50,18,14.36,29.46,27.45,14.30
155290,10.94,1.56,3,14.51,13.44,8,14.56,189,0.80,0.81,2202,0.00,0.99,2,0.5000,37.00,127,13,0.50,18,14.51,29.83,27.45,14.40
155394,10.94,1.56,3,14.51,13.36,8,14.56,189,0.80,0.81,2220,0.00,0.99,2,0.5000,37.50,127,14,0.50,18,14.51,30.44,27.45,14.30
155498,10.16,1.56,3,14.51,13.60,8,14.56,189,0.81,0.81,2245,0.00,0.99,2,0.5000,37.50,127,14,0.50,18,14.51,30.19,27.45,14.30
155602,10.16,1.56,3,14.51,13.52,8,14.56,189,0.81,0.81,2257,0.00,0.99,2,0.5000,37.50,127,14,0.50,18,14.51,30.44,27.45,14.30
155706,10.16,1.56,3,14.51,13.52,8,14.56,189,0.81,0.82,2268,-2.00,0.99,2,0.5000,35.50,126,14,-1.50,19,14.51,31.05,27.45,14.40
155810,10.16,1.56,3,14.51,13.52,8,14.56,189,0.82,0.81,2276,-2.00,0.99,2,0.5000,35.50,126,14,-1.50,19,14.51,30.68,27.45,14.60
155914,9.38,1.56,3,14.51,13.44,8,14.56,189,0.82,0.82,2287,-2.00,0.99,2,0.5000,35.50,126,14,-1.50,19,14.51,31.05,27.45,14.50
156018,9.38,1.56,3,14.51,13.36,8,14.56,189,0.82,0.83,2296,-2.00,0.99,2,0.5000,35.50,126,14,-1.50,19,14.51,31.42,27.45,14.30
156122,9.38,1.56,3,14.51,13.36,8,14.56,189,0.83,0.82,2287,-2.00,0.99,2,0.5000,35.50,126,14,-1.50,19,14.65,31.67,27.45,14.30
156226,9.38,1.56,3,14.51,13.52,8,14.56,189,0.83,0.82,2296,-2.00,0.99,2,0.5000,35.50,126,14,-1.50,19,14.65,31.91,27.45,14.30
156330,9.38,1.56,3,14.51,13.20,8,14.56,189,0.83,0.83,2306,-2.00,0.99,2,0.5000,35.50,126,15,-1.50,19,14.65,32.41,27.45,14.40
156434,9.38,1.56,3,14.51,13.52,8,14.56,189,0.83,0.83,2336,-2.00,0.99,2,0.5000,36.00,126,15,-1.50,19,14.65,32.53,27.45,14.20
156538,10.16,1.56,3,14.51,12.72,8,14.56,189,0.84,0.84,2344,-2.00,0.99,2,0.5000,36.00,126,15,-2.00,19,14.65,33.02,27.45,14.40
156642,10.16,1.56,3,14.51,13.04,8,14.56,189,0.85,0.85,2353,-2.00,0.99,2,0.5000,36.00,126,15,-1.50,19,14.65,34.00,27.45,14.50
156746,10.16,1.56,3,14.51,13.44,8,14.56,189,0.85,0.86,2358,-2.00,0.99,2,0.5000,36.00,126,16,-1.50,19,14.65,33.14,27.45,14.40
156850,9.38,1.56,3,14.51,13.36,8,14.56,189,0.85,0.86,2365,-2.00,0.99,2,0.5000,35.50,126,16,-2.00,19,14.65,33.42,27.45,14.30
156954,10.16,1.56,3,14.51,13.36,8,14.56,189,0.85,0.86,2373,-2.00,0.99,2,0.5000,35.50,126,16,-2.00,19,14.80,34.00,27.45,14.50
157058,10.16,1.56,3,14.51,13.36,8,14.56,189,0.85,0.86,2384,-2.00,0.99,2,0.5000,35.50,126,15,-2.00,19,14.80,33.69,27.45,14.50
157162,10.94,1.56,3,14.51,13.44,8,14.56,189,0.86,0.87,2379,-2.00,0.99,2,0.5000,35.50,126,14,-2.00,19,14.80,34.15,27.84,14.60
157266,10.94,1.56,3,14.51,13.52,8,14.56,189,0.86,0.86,2391,-2.00,0.99,2,0.5000,35.50,126,13,-1.50,19,14.95,34.92,29.41,14.50
157370,11.72,1.56,3,14.51,13.36,8,14.56,189,0.88,0.88,2406,-2.00,0.99,2,0.5000,35.50,126,11,-3.50,19,15.09,35.53,29.80,14.60
157474,10.94,1.56,3,14.51,13.36,8,14.55,190,0.88,0.88,2446,-4.00,0.99,2,0.5000,33.50,124,9,-3.50,20,15.09,35.83,29.80,14.30
157577,10.94,1.56,3,14.51,13.36,8,14.54,190,0.88,0.88,2458,-4.00,0.99,2,0.5000,33.50,124,7,-3.50,20,15.09,36.29,30.20,14.20
157682,9.38,1.56,3,14.51,13.44,8,14.54,190,0.89,0.90,2453,-4.00,0.99,2,0.5000,33.00,124,5,-3.00,20,15.53,37.37,33.73,14.10
157786,9.38,1.56,3,14.51,13.52,8,14.54,190,0.91,0.93,2471,-4.00,0.99,2,0.5000,33.00,124,3,-3.00,20,15.82,38.38,36.86,14.20
157890,8.59,1.56,3,14.51,13.28,8,14.54,190,0.92,0.92,2509,-4.00,0.99,2,0.5000,33.00,124,2,-3.00,20,15.82,38.91,36.86,14.30
157994,7.03,2.34,3,14.51,13.36,8,14.52,190,0.92,0.92,2516,-4.00,0.99,2,0.5000,33.00,124,1,-3.00,20,15.82,38.90,36.86,14.20
158098,5.47,2.34,3,14.51,13.36,8,14.52,190,0.92,0.91,2550,-4.00,0.99,2,0.5000,33.00,124,1,-3.00,20,15.96,38.78,36.86,14.10
158202,4.69,2.34,3,14.51,13.44,8,14.52,190,0.91,0.91,2558,-4.00,0.99,2,0.5000,33.00,124,1,-3.50,20,15.96,38.78,36.86,14.10
158306,3.91,2.34,3,14.51,13.44,8,14.51,190,0.92,0.92,2552,-4.00,0.99,2,0.5000,33.50,124,1,-3.00,20,15.96,39.40,36.86,14.30
158410,3.91,2.34,3,14.51,13.44,8,14.52,190,0.92,0.93,2579,-4.00,0.99,2,0.5000,33.00,124,0,-3.00,20,15.96,39.52,36.86,14.40
158514,3.12,2.34,3,14.51,13.44,8,14.51,190,0.92,0.90,2579,-4.00,0.99,2,0.5000,33.50,124,0,-3.50,20,16.11,39.89,36.86,14.20
158618,2.34,2.34,3,14.51,13.44,8,14.51,190,0.92,0.92,2620,-4.00,0.99,2,0.5000,33.50,124,0,-3.50,20,16.11,39.77,36.86,14.30
158722,2.34,3.12,3,14.51,13.44,8,14.50,190,0.91,0.92,2624,-4.00,0.99,2,0.5000,33.50,124,0,-3.50,20,16.11,40.51,36.86,14.30
158826,1.56,3.12,4,14.51,13.44,8,14.49,190,0.92,0.92,2656,-4.00,0.99,2,0.5000,33.50,124,0,-3.50,20,16.11,40.51,36.86,14.30
158930,1.56,3.12,4,14.51,13.36,8,14.49,190,0.92,0.92,2671,-4.00,0.99,2,0.5000,33.50,124,0,-3.50,20,16.25,40.76,36.86,14.30
159034,0.78,3.12,4,14.51,13.36,8,14.48,190,0.93,0.92,2669,-4.00,0.99,2,0.5000,33.50,124,1,-3.50,20,16.25,41.63,36.86,14.20
159138,0.78,3.12,4,14.51,13.36,8,14.48,190,0.93,0.93,2708,-4.00,0.99,2,0.5000,33.50,124,1,-3.50,20,16.40,42.13,39.22,14.20
159242,0.78,3.12,4,14.51,13.44,8,14.48,190,0.94,0.94,2735,-4.00,0.99,2,0.5000,33.50,124,1,-3.50,20,16.54,42.67,40.00,14.30
159347,0.78,3.12,4,14.51,13.44,8,14.47,190,0.94,0.94,2725,-4.00,0.99,2,0.5000,33.50,124,2,-3.50,20,16.54,43.00,40.39,14.50
159451,0.78,3.12,4,14.51,13.36,8,14.46,190,0.94,0.95,2764,-3.00,0.99,2,0.5000,34.50,124,2,-2.50,20,16.54,43.33,40.39,14.40
159554,0.78,3.12,4,14.51,13.28,8,14.46,190,0.94,0.93,2786,-3.00,0.99,2,0.5000,34.50,124,2,-2.50,20,16.69,43.16,40.39,14.50
159658,0.78,3.12,4,14.51,13.44,8,14.46,190,0.94,0.94,2808,-3.00,0.99,2,0.5000,34.50,122,3,-2.50,20,16.69,43.66,40.39,14.40
159762,1.56,3.12,4,14.51,13.44,8,14.45,190,0.93,0.92,2804,-3.00,0.99,2,0.5000,34.50,122,4,-2.50,20,16.83,43.50,40.39,14.40
159866,3.12,3.12,4,14.51,13.36,8,14.46,190,0.93,0.93,2821,-3.00,0.99,2,0.5000,34.50,122,4,-2.50,20,16.83,44.32,40.39,14.70
159970,3.91,3.12,4,14.51,13.36,8,14.46,190,0.93,0.92,2842,-3.00,0.99,2,0.5000,34.50,122,5,-2.50,20,16.98,44.41,40.39,14.50
160074,5.47,3.12,4,14.51,13.36,8,14.47,190,0.93,0.93,2862,-3.00,0.99,2,0.5000,34.50,122,6,-2.50,20,16.98,44.66,40.39,14.20
160178,6.25,3.12,4,14.51,13.36,8,14.47,190,0.93,0.93,2884,-3.00,0.99,2,0.5000,34.50,122,6,-2.50,20,16.98,45.32,40.39,15.30
160282,7.81,3.12,4,14.51,13.44,8,14.47,190,0.93,0.93,2907,-3.00,0.99,2,0.5000,34.50,122,7,-2.50,20,17.12,45.40,40.39,14.10
160386,9.38,3.12,4,14.51,13.36,8,14.47,190,0.93,0.93,2930,-3.00,0.99,2,0.5000,34.50,122,8,-2.50,20,17.12,45.82,40.39,15.40
160490,10.94,3.12,4,14.51,13.36,8,14.48,190,0.93,0.94,2968,-3.00,0.99,2,0.5000,34.50,122,8,-2.50,20,17.27,45.98,40.39,14.20
160594,11.72,3.12,4,14.51,13.36,8,14.48,190,0.94,0.94,2997,-3.00,0.99,2,0.5000,34.50,122,9,-2.50,20,17.27,46.78,40.39,16.70
160698,12.50,3.12,4,14.51,13.52,8,14.48,190,0.94,0.94,3014,-3.00,0.99,2,0.5000,34.50,122,10,-2.50,20,17.41,47.47,40.39,14.30
160802,14.06,3.12,4,14.51,13.36,8,14.49,190,0.94,0.94,3017,-3.00,0.99,2,0.5000,34.50,122,11,-2.50,20,17.41,48.02,40.39,15.60
160906,14.84,3.12,4,14.51,13.44,8,14.49,190,0.95,0.95,3035,-3.00,0.99,2,0.5000,34.50,122,11,-2.50,20,17.56,48.56,40.39,14.00
161010,15.62,3.12,4,14.51,13.36,8,14.49,190,0.96,0.96,3087,-3.00,0.99,2,0.5000,34.50,122,12,-2.50,20,17.70,49.25,40.39,14.70
161114,15.62,3.12,4,14.51,13.36,8,14.50,190,0.96,0.95,3083,-3.00,0.99,2,0.5000,34.50,122,13,-2.50,20,17.70,50.07,40.39,14.50
161218,15.62,3.12,4,14.51,13.36,8,14.50,190,0.96,0.96,3115,-3.00,0.99,2,0.5000,34.50,122,13,-2.50,20,17.85,50.07,40.78,14.50
161322,15.62,3.91,4,14.51,13.36,8,14.51,190,0.96,0.97,3156,-3.00,0.99,2,0.5000,34.50,122,13,-2.50,20,17.85,50.76,40.78,14.50
161426,15.62,3.91,4,14.51,13.36,8,14.51,190,0.97,0.96,3160,-3.00,0.99,2,0.5000,35.50,122,12,-1.50,20,17.99,51.45,40.78,14.40
161531,15.62,3.91,4,14.51,13.28,8,14.51,190,0.97,0.97,3210,-2.00,0.99,2,0.5000,35.50,122,12,-1.50,20,18.14,51.86,40.78,14.30
161634,14.84,3.91,4,14.51,13.36,8,14.52,190,0.97,0.97,3209,-2.00,0.99,2,0.5000,35.50,122,11,-1.00,20,18.14,52.55,40.78,14.50
161738,15.62,3.91,4,14.51,13.44,8,14.52,190,0.98,0.97,3232,-2.00,0.99,2,0.5000,35.00,122,9,-1.00,20,18.28,52.84,40.78,14.20
161842,14.84,3.91,4,14.51,13.44,8,14.52,190,0.98,0.98,3278,-2.00,0.99,2,0.5000,35.00,122,8,-1.00,20,18.43,53.74,40.78,14.30
161946,14.84,3.91,4,14.51,13.36,8,14.52,190,0.98,0.99,3279,-2.00,0.99,2,0.5000,35.00,122,6,-1.00,20,18.57,53.74,40.78,14.50
162050,14.06,3.91,4,14.51,13.36,8,14.52,190,0.98,0.98,3305,-2.00,0.99,2,0.5000,35.00,122,6,-1.00,20,18.57,54.96,40.39,14.40
162154,13.28,3.91,4,14.51,13.28,8,14.52,190,0.99,0.99,3360,-2.00,0.99,2,0.5000,35.00,122,5,-1.00,20,18.72,54.66,40.39,14.20
162258,13.28,3.91,4,14.51,13.36,8,14.52,190,0.98,0.98,3384,-2.00,0.99,2,0.5000,35.00,122,5,-1.00,20,18.72,55.73,40.39,14.40
162362,12.50,3.91,4,14.51,13.36,8,14.52,190,0.99,0.99,3408,-2.00,0.99,2,0.5000,35.00,122,5,-1.00,20,18.86,55.73,40.39,14.50
162467,12.50,3.91,4,14.51,13.44,8,14.52,190,0.99,0.99,3432,-2.00,0.99,2,0.5000,35.00,122,5,-1.00,20,19.01,57.11,40.39,14.40
162570,12.50,3.91,4,14.51,13.44,8,14.52,190,1.00,0.99,3434,-2.00,0.99,2,0.5000,35.00,122,5,-1.00,20,19.01,57.57,40.39,14.50
162674,13.28,3.91,4,14.51,13.28,8,14.52,190,1.00,1.00,3463,-2.00,0.99,2,0.5000,35.00,122,5,-1.00,20,19.15,58.33,40.39,14.50
162779,13.28,3.91,4,14.51,13.44,8,14.52,190,1.00,1.00,3514,-1.91,0.99,2,0.5000,35.00,122,5,-1.00,21,19.30,58.48,40.39,14.60
162882,13.28,3.91,4,14.51,13.36,8,14.52,190,1.01,1.02,3550,-1.81,0.99,2,0.5000,35.00,122,5,-0.50,21,19.30,60.18,40.39,14.30
162987,13.28,3.91,4,14.51,13.44,8,14.52,190,1.01,1.02,3572,-1.71,0.99,2,0.5000,35.00,122,6,-0.50,21,19.44,60.19,40.39,14.60
163090,14.06,3.91,4,14.51,13.28,8,14.52,190,1.01,1.01,3602,-1.62,0.99,2,0.5000,35.00,122,6,-0.50,21,19.59,60.31,40.39,14.60
163194,14.06,3.91,4,14.51,13.36,8,14.52,190,1.00,1.00,3604,-1.51,0.99,2,0.5000,35.50,122,6,-0.50,21,19.73,60.46,40.39,14.50
163299,15.62,3.91,4,14.51,13.44,8,14.52,190,0.99,0.99,3665,-1.49,0.99,2,0.5000,35.50,122,7,-0.50,21,19.88,60.39,40.39,14.60
163403,17.19,3.91,4,14.51,13.36,8,14.52,190,0.99,0.99,3701,-1.49,0.99,2,0.5000,35.50,122,8,-0.50,21,19.88,60.44,40.39,14.60
163507,18.75,3.91,4,14.51,13.36,8,14.52,190,0.98,0.97,3704,-1.49,0.99,2,0.5000,35.50,122,8,-0.50,21,19.88,60.52,40.39,14.70
163610,20.31,3.91,4,14.51,13.28,8,14.52,190,0.97,0.97,3763,-1.49,0.99,2,0.5000,36.00,122,8,-1.00,21,20.02,60.57,40.39,14.50
163715,21.88,3.91,4,14.51,13.36,8,14.52,190,0.96,0.96,3768,-1.49,0.99,2,0.5000,36.00,122,8,-1.00,21,20.02,60.62,40.39,14.70
163818,24.22,3.91,4,14.51,13.36,8,14.52,190,0.95,0.95,3828,-1.49,0.99,2,0.5000,36.00,122,8,-1.00,21,20.02,60.65,40.39,14.90
163923,25.00,3.91,4,14.51,13.44,8,14.52,190,0.95,0.95,3858,-1.49,0.99,2,0.5000,36.00,122,8,-1.00,21,20.02,60.70,40.39,15.00
164027,25.00,3.91,4,14.51,13.28,8,14.52,190,0.94,0.94,3866,-1.49,0.99,2,0.5000,36.00,122,8,-1.00,21,20.17,60.94,40.39,14.90
164131,25.00,3.91,4,14.51,13.36,8,14.52,190,0.94,0.94,3899,-1.49,0.99,2,0.5000,36.00,122,8,-1.00,21,20.17,60.94,40.39,14.70
164235,25.00,3.91,4,14.51,13.36,8,14.52,190,0.94,0.94,3957,-1.49,0.99,2,0.5000,36.00,122,7,-1.00,21,20.17,62.20,40.39,14.70
164339,25.00,3.91,4,14.51,13.36,8,14.52,190,0.94,0.95,3980,-1.49,0.99,2,0.5000,36.00,122,8,-1.00,21,20.17,62.20,40.39,15.20
164443,25.00,3.91,4,14.51,13.36,8,14.52,190,0.94,0.95,4022,-1.49,0.99,2,0.5000,36.00,122,7,-1.00,21,20.17,63.28,40.39,15.10
164547,25.00,3.91,4,14.51,13.28,8,14.52,190,0.94,0.95,4054,-1.49,0.99,2,0.5000,36.00,122,7,-1.00,21,20.17,63.81,40.39,15.10
164651,25.00,3.91,4,14.51,13.28,8,14.52,190,0.95,0.95,4092,-1.49,0.99,2,0.5000,36.00,122,7,-1.00,21,20.17,64.53,40.39,15.20
164755,25.00,3.91,4,14.51,13.36,8,14.52,190,0.95,0.95,4127,-1.49,0.99,2,0.5000,36.00,122,7,0.00,21,20.17,65.78,40.39,14.90
164859,25.00,3.91,4,14.51,13.44,8,14.52,190,0.95,0.95,4154,-2.49,0.99,2,0.5000,35.00,122,6,-2.00,22,20.17,65.06,40.39,14.50
164962,25.00,3.91,4,14.51,13.44,8,14.52,190,0.94,0.94,4168,-4.49,0.99,2,0.5000,33.00,122,6,-4.00,23,20.02,64.88,40.39,15.20
165067,25.00,4.69,4,14.51,13.36,8,14.49,190,0.95,0.95,4193,-4.49,0.99,2,0.5000,33.00,122,6,-4.00,23,20.02,66.49,40.39,15.30
165171,25.00,4.69,4,14.51,13.36,8,14.49,190,0.94,0.94,4256,-4.49,0.99,2,0.5000,33.00,122,5,-4.00,23,20.02,67.03,40.39,15.20
165275,25.00,4.69,4,14.51,13.36,8,14.42,190,0.94,0.93,4265,-6.49,0.98,2,0.5000,31.00,122,5,-6.00,24,20.02,67.56,40.39,15.40
165379,25.00,4.69,4,14.51,13.36,8,14.38,190,0.94,0.94,4330,-6.49,0.98,2,0.5000,31.50,122,4,-6.00,24,20.02,67.56,40.39,15.40
165482,25.00,4.69,4,14.51,13.60,8,14.38,190,0.94,0.94,4333,-6.49,0.98,2,0.5000,31.50,122,4,-6.50,24,20.02,68.10,40.39,15.20
165587,25.00,4.69,4,14.51,13.44,8,14.34,190,0.95,0.96,4399,-6.49,0.98,2,0.5000,31.50,122,4,-6.00,24,19.88,71.29,40.00,15.40
165691,25.00,4.69,4,14.51,13.20,8,14.26,190,0.94,0.94,4406,-6.49,0.97,2,0.5000,31.50,120,3,-6.50,24,19.01,68.27,34.90,15.20
165794,25.00,4.69,4,14.51,13.44,8,14.29,190,0.87,0.84,4467,-6.49,1.01,2,0.5000,31.50,120,3,-6.50,24,15.38,60.64,24.31,14.30
165899,22.66,4.69,4,14.51,13.44,8,14.36,190,0.77,0.76,4425,-6.49,1.03,2,0.5000,31.50,120,3,-6.50,24,9.87,48.82,14.90,12.90
166003,16.41,4.69,3,14.51,13.68,8,14.41,190,0.54,0.48,4298,-6.49,1.15,2,0.5000,36.00,120,3,-6.50,24,6.53,28.35,10.59,10.70
166107,0.00,3.91,3,14.51,13.52,8,14.52,190,0.38,0.36,4098,-6.38,1.09,2,0.5000,35.00,120,3,-6.50,24,5.37,22.30,10.20,11.10
166211,-21.09,3.91,3,14.51,13.44,8,14.52,190,0.30,0.28,4210,-6.27,1.06,2,0.5000,24.00,120,4,0.00,24,4.64,19.11,9.41,10.30
166315,-25.00,2.34,3,14.51,13.52,8,14.52,189,0.26,0.25,4214,-6.15,1.00,2,0.5000,24.00,120,5,0.00,24,4.21,17.36,9.41,9.50
166419,-25.00,2.34,3,14.51,13.52,8,14.52,189,0.24,0.24,4146,-6.04,1.00,2,0.5000,24.00,120,5,0.00,24,3.92,16.29,9.41,10.30
166526,-25.00,2.34,3,14.51,13.52,8,14.52,189,0.22,0.21,4140,-5.92,1.00,2,0.5000,24.00,120,6,0.00,24,3.92,14.47,9.41,11.10
166627,0.00,2.34,3,14.51,13.52,8,14.52,189,0.21,0.21,4130,-5.81,1.00,2,0.5000,24.00,120,7,0.00,24,3.92,14.34,9.41,11.90
166731,0.00,2.34,3,14.51,13.44,10,14.52,189,0.21,0.21,4097,-5.70,1.00,2,0.5000,24.00,120,8,0.00,24,3.92,14.13,9.02,13.00
166835,0.00,2.34,3,14.51,13.52,10,14.52,189,0.20,0.20,4084,-5.58,0.99,2,0.5000,24.00,120,8,0.00,24,3.92,13.86,9.02,14.30
166939,0.00,2.34,3,14.51,13.52,10,14.52,189,0.20,0.20,4068,-5.47,0.99,2,0.5000,24.00,120,9,0.00,24,3.77,13.52,9.02,17.00
167043,0.00,2.34,3,14.51,13.52,10,14.52,189,0.20,0.20,4024,-5.36,0.99,2,0.5000,24.00,120,9,0.00,24,3.77,12.68,9.02,18.00
167147,0.00,2.34,3,14.51,13.52,10,14.52,189,0.19,0.20,4016,-5.25,0.99,2,0.5000,24.00,120,10,0.00,24,3.77,12.68,8.63,20.90
167251,0.00,2.34,3,14.51,13.44,10,14.52,189,0.19,0.20,3995,-5.14,0.99,2,0.5000,24.00,120,10,0.00,24,3.77,13.11,8.63,31.40
167355,0.00,2.34,3,14.51,13.60,10,14.52,189,0.19,0.19,3936,-5.02,0.99,2,0.5000,24.00,118,11,0.00,24,3.77,12.46,8.63,84.20
167459,0.00,2.34,3,14.51,13.52,10,14.52,189,0.19,0.19,3867,-4.92,0.99,2,0.5000,24.00,118,11,0.00,24,3.77,12.24,8.63,95.10
167563,0.00,2.34,3,14.51,13.52,10,14.52,189,0.19,0.19,3745,-4.82,0.99,2,0.5000,24.00,118,11,0.00,24,3.92,11.94,8.24,96.00
167667,0.00,2.34,3,14.51,13.52,10,14.53,189,0.20,0.20,3424,-4.72,0.99,2,0.5000,24.00,118,11,0.00,24,4.06,11.72,7.84,96.00
167771,0.00,2.34,3,14.51,13.52,10,14.55,189,0.21,0.21,3175,-4.62,0.99,2,0.5000,24.00,118,11,0.00,24,4.21,10.92,7.84,96.00
167875,0.00,2.34,3,14.51,13.52,10,14.60,189,0.22,0.23,2890,-4.54,1.00,2,0.5000,24.00,118,11,0.00,24,4.35,10.65,7.84,96.00
167979,0.00,2.34,3,14.51,13.52,10,14.61,189,0.24,0.25,2582,-4.47,1.00,2,0.5000,24.00,118,10,0.00,24,4.50,10.46,7.84,99.90
168083,0.00,2.34,3,14.51,13.52,10,14.61,189,0.25,0.25,2461,-4.40,1.00,2,0.5000,24.00,118,10,0.00,24,4.64,10.32,7.84,99.90
168187,0.00,2.34,3,14.51,13.52,10,14.61,189,0.25,0.26,2405,-4.34,1.00,2,0.5000,24.00,118,10,0.00,24,4.79,10.13,7.84,99.90
168291,0.00,2.34,3,14.51,13.44,10,14.60,189,0.25,0.26,2387,-4.27,0.96,3,0.5000,24.00,118,10,-4.00,24,4.93,10.27,8.63,99.90
168395,0.00,2.34,3,14.51,13.52,10,14.61,189,0.26,0.27,2436,-4.20,0.96,3,0.5000,29.00,118,9,-4.00,24,5.37,11.36,10.20,99.90
168499,0.00,2.34,3,14.51,13.44,10,14.61,189,0.29,0.30,2541,-4.14,0.96,3,0.5000,33.50,118,9,-4.00,24,5.66,12.82,10.59,85.60
168603,0.00,2.34,3,14.51,13.52,10,14.61,189,0.31,0.32,2552,-4.06,0.96,3,0.5000,34.00,118,9,-4.00,24,6.38,13.99,13.73,26.50
168707,0.00,2.34,3,14.51,13.36,10,14.61,189,0.37,0.41,2611,-3.99,0.84,3,0.5000,36.00,118,8,-4.00,24,8.27,19.10,16.86,19.60
168811,0.00,2.34,3,14.51,13.52,10,14.61,189,0.45,0.50,2665,-3.92,0.84,3,0.5000,38.00,118,8,-4.00,24,9.87,23.71,18.82,17.10
168915,0.00,2.34,3,14.51,13.60,10,14.60,189,0.53,0.58,2719,-3.84,0.89,3,0.5000,39.50,118,8,-4.00,24,10.45,25.24,19.22,15.90
169019,0.00,2.34,3,14.51,13.52,10,14.57,189,0.56,0.57,2748,-3.77,0.94,3,0.5000,39.50,118,8,-3.50,24,10.74,25.95,19.22,16.40
169123,0.00,2.34,3,14.51,13.44,10,14.56,189,0.57,0.57,2743,-3.69,0.94,3,0.5000,39.00,118,8,-3.50,24,10.74,26.31,19.61,16.10
169227,2.34,2.34,3,14.51,13.44,8,14.54,189,0.58,0.58,2749,-3.62,0.98,3,0.5000,38.50,118,8,-3.50,24,11.03,26.91,19.61,15.80
169332,3.91,2.34,3,14.51,13.44,8,14.53,189,0.60,0.60,2767,-3.54,0.98,3,0.5000,39.00,118,8,-2.50,24,11.17,28.34,20.39,15.30
169435,5.47,2.34,3,14.51,13.52,8,14.52,189,0.62,0.64,2790,-2.51,0.98,3,0.5000,38.00,118,7,-2.50,24,11.46,29.54,21.18,15.20
169539,4.69,2.34,3,14.51,13.52,8,14.49,189,0.63,0.64,2812,-2.51,0.98,3,0.5000,37.50,118,8,-2.50,24,11.90,30.27,21.57,15.10
169643,4.69,2.34,3,14.51,13.44,8,14.48,189,0.65,0.66,2803,-2.51,0.97,3,0.5000,37.00,118,7,-2.50,24,12.04,30.76,21.96,14.30
169747,4.69,2.34,3,14.51,13.36,8,14.47,189,0.66,0.67,2820,-2.51,0.98,3,0.5000,36.50,118,7,-2.50,24,12.04,31.99,21.96,14.40
169851,3.91,2.34,3,14.51,13.44,8,14.46,189,0.67,0.67,2833,-2.51,0.98,3,0.5000,36.50,118,7,-2.50,24,12.19,31.99,21.96,14.20
169955,3.12,2.34,3,14.51,13.44,8,14.46,189,0.68,0.68,2846,-2.51,0.98,3,0.5000,36.00,118,7,-2.50,24,12.33,32.48,22.35,14.20
170059,3.12,2.34,3,14.51,13.52,8,14.46,189,0.69,0.69,2856,-2.51,0.98,3,0.5000,36.00,118,7,-2.50,24,12.48,33.49,22.75,14.30
170163,3.12,2.34,3,14.51,13.36,8,14.45,189,0.70,0.70,2867,-2.51,0.98,3,0.5000,35.50,118,7,-2.50,24,12.62,34.11,23.14,14.20
170267,3.12,2.34,3,14.51,13.36,8,14.45,189,0.72,0.73,2887,-2.51,0.98,3,0.5000,35.50,118,7,-2.50,24,12.91,35.67,23.92,14.30
170371,3.91,2.34,3,14.51,13.52,8,14.46,189,0.74,0.76,2905,-2.51,0.98,3,0.5000,35.50,117,7,-2.50,24,13.20,36.77,24.71,14.40
170475,4.69,2.34,3,14.51,13.44,8,14.46,189,0.76,0.77,2923,-2.51,0.98,3,0.5000,35.50,117,7,-2.50,24,13.35,37.15,24.71,14.40
170580,3.12,2.34,3,14.51,13.60,8,14.46,189,0.77,0.76,2938,-2.51,0.98,3,0.5000,35.50,117,7,-2.50,24,13.49,37.99,24.71,14.30
170683,3.12,2.34,3,14.51,13.44,8,14.47,189,0.77,0.77,2977,-2.51,0.98,3,0.5000,35.50,117,7,-2.50,24,13.49,38.14,24.71,14.30
170787,2.34,2.34,3,14.51,13.28,8,14.47,189,0.78,0.78,2988,-2.51,0.98,3,0.5000,35.50,117,8,-2.50,24,13.64,39.05,24.71,14.30
170891,2.34,2.34,3,14.51,13.52,8,14.47,189,0.79,0.79,3002,-2.51,0.98,3,0.5000,35.50,117,7,-2.50,24,13.64,39.53,24.71,14.40
170995,1.56,2.34,3,14.51,13.36,8,14.48,189,0.79,0.80,2992,-2.51,0.98,3,0.5000,35.50,117,7,-2.50,24,13.78,40.13,24.71,14.30
171099,0.78,2.34,4,14.51,13.52,8,14.48,189,0.79,0.79,3004,-2.51,0.98,3,0.5000,35.50,117,7,-2.50,24,13.78,39.75,24.71,14.20
171203,1.56,2.34,3,14.51,13.36,8,14.48,189,0.79,0.79,3038,-2.51,0.98,3,0.5000,35.50,117,7,-2.50,24,13.78,39.74,25.10,14.30
171307,1.56,2.34,3,14.51,13.36,8,14.48,189,0.79,0.79,3049,-2.51,0.98,3,0.5000,35.50,117,8,-2.50,24,13.93,40.45,25.10,14.50
171411,2.34,2.34,4,14.51,13.44,8,14.49,189,0.80,0.81,3039,-1.51,0.98,3,0.5000,36.50,117,7,-1.50,24,13.93,40.32,25.10,14.30
171515,2.34,2.34,4,14.51,13.52,8,14.49,189,0.80,0.80,3055,-1.51,0.99,3,0.5000,36.50,117,7,-1.50,24,13.93,40.69,25.10,14.40
171619,2.34,4.69,4,14.51,13.44,8,14.49,189,0.80,0.80,3092,-1.51,0.99,3,0.5000,36.50,117,8,-1.50,24,14.07,41.30,25.10,14.30
171723,1.56,4.69,4,14.51,13.36,8,14.50,189,0.79,0.80,3088,-1.51,0.99,3,0.5000,36.50,117,8,-1.50,24,12.62,39.22,17.65,14.40
171827,-2.34,3.91,3,14.51,13.52,8,14.49,189,0.63,0.55,3055,-1.50,1.17,3,0.5000,40.00,115,8,0.00,24,7.98,23.35,7.84,14.00
171931,-7.03,3.91,3,14.51,13.52,8,14.59,189,0.43,0.34,2946,-1.42,1.18,3,0.5000,36.00,115,8,0.00,24,5.95,15.31,7.84,12.20
172035,-14.06,2.34,3,14.51,13.60,8,14.61,189,0.34,0.30,2902,-1.34,1.09,3,0.5000,32.00,115,8,0.00,24,5.22,14.13,7.84,10.40
172139,-21.09,2.34,3,14.51,13.68,8,14.61,189,0.30,0.28,2865,-1.26,1.01,3,0.5000,28.50,115,8,0.00,24,4.79,13.04,7.84,10.10
172243,0.00,2.34,3,14.51,13.52,10,14.61,189,0.28,0.27,2837,-1.18,1.01,3,0.5000,25.50,115,8,0.00,24,4.50,12.75,7.84,10.20
172347,0.00,2.34,3,14.51,13.44,10,14.62,189,0.27,0.26,2790,-1.10,1.01,3,0.5000,24.00,115,7,0.00,24,4.50,11.94,7.84,11.60
172451,0.00,2.34,3,14.51,13.52,10,14.62,189,0.26,0.25,2783,-1.03,1.00,3,0.5000,24.00,115,8,0.00,24,4.50,11.80,7.84,11.60
172555,0.00,2.34,3,14.51,13.60,10,14.62,189,0.25,0.25,2775,-0.95,1.00,3,0.5000,24.00,115,8,0.00,24,4.35,11.43,7.84,13.60
172659,0.00,2.34,3,14.51,13.52,10,14.62,189,0.25,0.25,2760,-0.87,1.00,3,0.5000,24.00,115,8,0.00,24,4.35,11.36,7.84,15.40
172763,0.00,2.34,3,14.51,13.52,10,14.62,189,0.25,0.25,2741,-0.80,1.00,3,0.5000,24.00,115,8,0.00,24,4.35,10.84,7.84,20.10
172867,0.00,2.34,3,14.51,13.36,10,14.62,189,0.25,0.25,2708,-0.72,1.00,3,0.5000,24.00,115,8,0.00,24,4.35,11.21,7.84,28.20
172971,0.00,2.34,3,14.51,13.52,10,14.62,189,0.25,0.25,2698,-0.65,1.00,3,0.5000,24.00,115,8,0.00,24,4.35,11.06,7.84,48.10
173075,0.00,2.34,3,14.51,13.68,10,14.61,189,0.24,0.24,2708,-0.58,1.00,3,0.5000,24.00,113,8,0.00,24,4.35,10.92,7.84,71.30
173179,0.00,2.34,3,14.51,12.72,10,14.62,189,0.24,0.24,2680,-0.50,1.00,3,0.5000,24.00,113,8,0.00,24,4.35,10.70,7.84,89.80
173284,0.00,2.34,3,14.51,13.12,10,14.62,189,0.24,0.25,2671,-0.42,1.00,3,0.5000,24.00,113,8,0.00,24,4.50,10.84,7.84,96.00
173388,0.00,2.34,3,14.51,13.60,10,14.61,189,0.24,0.24,2680,-0.35,1.00,3,0.5000,24.00,113,9,0.00,24,4.50,10.51,7.84,96.00
173491,0.00,2.34,3,14.51,13.52,10,14.61,189,0.24,0.23,2648,-0.27,1.00,3,0.5000,24.00,113,8,0.00,24,4.50,10.42,7.84,96.00
173595,0.00,2.34,3,14.51,13.52,10,14.61,189,0.24,0.23,2658,-0.20,1.00,3,0.5000,24.00,113,9,0.00,24,4.35,10.18,7.84,96.00
173699,0.00,2.34,3,14.51,13.52,10,14.61,189,0.24,0.23,2624,-0.13,1.00,3,0.5000,24.00,113,9,0.00,24,4.35,10.32,7.84,99.90
173804,0.00,2.34,3,14.51,13.36,10,14.61,189,0.23,0.23,2633,-0.06,1.00,3,0.5000,24.00,113,9,0.00,24,4.35,10.09,7.84,99.90
173908,0.00,2.34,3,14.51,13.52,10,14.61,189,0.24,0.24,2621,0.00,1.00,3,0.5000,24.00,113,9,0.00,24,4.35,10.23,7.84,99.90
174012,0.00,2.34,3,14.51,13.52,10,14.61,189,0.23,0.23,2588,0.00,1.00,3,0.5000,24.00,113,9,0.00,24,4.50,10.18,7.84,99.90
174116,0.00,2.34,3,14.51,13.52,10,14.61,189,0.24,0.24,2594,0.00,1.00,3,0.5000,24.00,113,9,0.00,24,4.35,10.32,7.84,99.90
174219,0.00,2.34,3,14.51,13.52,10,14.61,189,0.24,0.24,2581,0.00,1.00,3,0.5000,24.00,113,9,0.00,24,4.35,10.18,7.84,99.90
174324,0.00,2.34,3,14.51,13.52,10,14.61,189,0.24,0.24,2547,0.00,1.00,3,0.5000,24.00,113,10,0.00,24,4.50,10.27,7.84,99.90
174428,0.00,2.34,3,14.51,13.52,10,14.61,189,0.24,0.24,2553,0.00,1.00,3,0.5000,24.00,113,10,0.00,24,4.50,10.18,7.84,99.90
174532,0.00,2.34,3,14.51,13.52,10,14.61,189,0.24,0.24,2517,0.00,1.00,3,0.5000,24.00,113,10,0.00,24,4.50,10.09,7.84,99.90
174636,0.00,2.34,3,14.51,13.44,10,14.61,189,0.24,0.24,2522,0.00,1.00,3,0.5000,24.00,113,10,0.00,24,4.50,9.99,7.84,99.90
174740,0.00,2.34,3,14.51,13.52,10,14.61,189,0.24,0.24,2510,0.00,1.00,3,0.5000,24.00,113,10,0.00,24,4.50,9.99,7.84,99.90
174844,0.00,2.34,2,14.51,13.52,10,14.61,189,0.24,0.24,2473,0.00,1.00,3,0.5000,24.00,113,10,0.00,24,4.64,9.99,7.84,99.90
174948,0.00,2.34,3,14.51,13.52,10,14.61,189,0.24,0.24,2474,0.00,1.00,3,0.5000,24.00,113,10,0.00,24,4.64,9.90,7.84,99.90
175052,0.00,2.34,2,14.51,13.52,10,14.61,189,0.24,0.25,2457,0.00,1.00,3,0.5000,24.00,113,11,0.00,24,4.64,10.09,7.84,99.90
175156,0.00,2.34,2,14.51,13.60,10,14.61,189,0.24,0.25,2419,0.00,1.00,3,0.5000,24.00,113,11,0.00,24,4.79,9.95,7.84,99.90
175260,0.00,0.00,2,14.51,13.52,10,14.61,189,0.24,0.24,2404,0.00,1.00,3,0.5000,24.00,113,11,0.00,24,4.79,9.66,7.84,99.90
175364,0.00,0.00,2,14.51,13.52,10,14.60,189,0.25,0.25,2386,0.00,1.00,3,0.5000,24.00,113,11,0.00,24,4.79,9.95,7.84,99.90
175468,0.00,0.00,2,14.51,13.52,10,14.60,189,0.25,0.25,2385,0.00,1.00,3,0.5000,24.00,113,11,0.00,24,4.93,9.80,7.84,99.90
175573,0.00,0.00,2,14.51,13.60,10,14.60,189,0.25,0.25,2368,0.00,1.00,3,0.5000,24.00,113,12,0.00,24,4.93,9.71,7.84,99.90
175676,0.00,0.00,2,14.51,13.52,10,14.60,189,0.25,0.25,2351,0.00,1.00,3,0.5000,24.00,113,12,0.00,24,4.93,9.66,7.84,99.90
175781,0.00,0.00,2,14.51,13.44,10,14.60,189,0.25,0.25,2336,0.00,1.00,3,0.5000,24.00,113,12,0.00,24,5.08,9.43,7.84,99.90
175884,0.00,0.00,2,14.51,13.44,10,14.59,189,0.25,0.25,2320,0.00,1.00,3,0.5000,24.00,113,12,0.00,24,5.08,9.57,7.45,99.90
175988,0.00,0.00,2,14.51,13.52,10,14.59,189,0.25,0.25,2303,0.00,1.00,3,0.5000,24.00,113,12,0.00,24,5.08,9.52,7.45,99.90
176091,0.00,0.00,2,14.51,13.60,10,14.59,189,0.25,0.25,2286,0.00,1.00,3,0.5000,24.00,113,12,0.00,24,5.08,9.38,7.45,99.90
176196,0.00,0.00,2,14.51,13.60,10,14.59,189,0.25,0.25,2271,0.00,1.00,3,0.5000,24.00,113,12,0.00,24,5.08,9.43,7.45,99.90
176300,0.00,0.00,2,14.51,13.44,10,14.59,189,0.25,0.25,2254,0.00,0.99,3,0.5000,24.00,113,13,0.00,24,5.22,9.43,7.45,99.90
176404,0.00,0.00,2,14.51,13.52,10,14.58,189,0.25,0.25,2222,0.00,0.99,3,0.5000,24.00,113,13,0.00,24,5.22,9.24,7.45,99.90
176508,0.00,0.00,2,14.51,13.60,10,14.59,189,0.25,0.25,2208,0.00,0.99,3,0.5000,24.00,113,13,0.00,24,5.22,9.48,7.45,99.90
176612,0.00,0.00,2,14.51,13.52,10,14.58,189,0.25,0.26,2196,0.00,0.99,3,0.5000,24.00,113,13,0.00,24,5.22,9.04,7.45,99.90
176716,0.00,0.00,2,14.51,13.60,10,14.58,189,0.25,0.25,2200,0.00,0.99,3,0.5000,24.00,113,13,0.00,24,5.22,8.94,7.06,99.90
176820,0.00,0.00,2,14.51,13.52,10,14.58,189,0.25,0.25,2183,0.00,0.99,3,0.5000,24.00,113,13,0.00,24,5.22,8.84,7.06,99.90
176924,0.00,0.00,2,14.51,13.44,10,14.58,189,0.25,0.24,2152,0.00,0.99,3,0.5000,24.00,113,13,0.00,24,5.22,8.84,7.06,99.90
177028,0.00,0.00,2,14.51,13.52,10,14.58,189,0.25,0.25,2143,0.00,0.99,3,0.5000,24.00,113,13,0.00,24,5.22,8.94,7.06,99.90
177132,0.00,0.00,2,14.51,13.52,10,14.58,189,0.25,0.25,2154,0.00,0.99,3,0.5000,24.00,113,13,0.00,24,5.22,8.94,7.06,99.90
177236,0.00,0.00,2,14.51,13.68,10,14.57,189,0.25,0.25,2144,0.00,0.99,3,0.5000,24.50,113,13,0.00,24,5.22,8.84,7.06,99.90
177340,0.00,0.00,2,14.51,13.44,10,14.58,189,0.25,0.24,2118,0.00,0.96,3,0.5000,28.50,113,13,0.00,24,5.51,8.84,9.41,99.90
177444,0.00,0.00,2,14.51,13.44,10,14.58,189,0.27,0.29,2232,0.00,0.96,3,0.5000,34.50,113,13,0.00,24,6.38,11.79,11.37,99.90
177548,0.00,2.34,3,14.51,13.52,10,14.59,189,0.31,0.33,2308,0.00,0.96,3,0.5000,37.50,113,13,0.00,24,6.82,12.97,11.37,65.40
177652,0.00,2.34,3,14.51,13.60,10,14.60,189,0.33,0.34,2348,0.00,0.95,3,0.5000,38.00,111,14,0.00,24,6.96,13.38,10.98,65.40
177756,0.00,2.34,3,14.51,13.60,10,14.60,189,0.33,0.33,2368,0.00,0.96,3,0.5000,38.00,111,14,0.00,24,6.82,13.18,10.98,20.80
177860,0.00,2.34,3,14.51,13.52,10,14.60,189,0.33,0.34,2361,0.00,0.96,3,0.5000,38.00,111,14,0.00,24,6.82,13.38,10.98,19.70
177965,0.00,2.34,3,14.51,13.52,10,14.60,189,0.34,0.34,2356,0.00,0.96,3,0.5000,38.00,111,14,0.00,24,6.67,13.31,10.59,18.00
178068,0.00,2.34,3,14.51,13.52,10,14.60,189,0.33,0.33,2377,0.00,0.96,3,0.5000,38.00,111,13,0.00,24,6.24,12.31,9.02,17.40
178172,0.00,2.34,3,14.51,13.52,10,14.60,189,0.31,0.29,2377,0.00,0.96,3,0.5000,37.00,111,13,0.00,24,5.95,11.06,9.02,16.90
178276,-1.56,2.34,3,14.51,13.60,8,14.60,189,0.29,0.29,2356,0.00,1.00,3,0.5000,37.00,111,12,0.00,24,6.09,11.67,10.59,16.10
178380,-1.56,2.34,3,14.51,13.52,8,14.59,189,0.31,0.32,2336,0.00,1.00,3,0.5000,37.00,111,10,0.00,24,6.53,12.58,10.98,15.60
178484,2.34,2.34,3,14.51,13.52,8,14.59,189,0.33,0.34,2341,0.00,0.99,3,0.5000,37.50,111,9,0.00,24,6.82,12.88,10.98,15.50
178588,9.38,2.34,3,14.51,13.52,8,14.60,189,0.33,0.34,2359,0.00,0.99,3,0.5000,38.00,111,8,0.00,24,6.82,12.91,10.59,16.00
178692,12.50,2.34,3,14.51,13.52,8,14.60,189,0.33,0.34,2378,0.00,0.99,3,0.5000,38.00,111,6,0.00,24,6.67,12.92,10.59,16.20
178796,11.72,2.34,3,14.51,13.60,8,14.60,189,0.33,0.33,2366,0.00,1.00,3,0.5000,38.00,111,5,0.00,24,6.67,13.24,10.59,15.90
178900,11.72,2.34,3,14.51,13.44,8,14.60,189,0.34,0.34,2360,0.00,0.99,3,0.5000,38.00,111,4,0.00,24,6.67,13.67,10.98,15.20
179004,10.94,2.34,3,14.51,13.52,8,14.60,189,0.34,0.33,2352,0.00,0.99,3,0.5000,38.00,111,3,0.00,24,6.67,13.27,10.59,14.80
179108,10.16,2.34,3,14.51,13.52,8,14.60,189,0.33,0.32,2350,0.00,1.00,3,0.5000,38.00,111,2,0.00,24,6.53,12.64,10.20,14.40
179212,8.59,2.34,3,14.51,13.52,8,14.60,189,0.32,0.32,2346,0.00,1.00,3,0.5000,37.50,111,1,0.00,24,6.38,12.44,10.20,14.40
179316,7.03,2.34,3,14.51,13.60,8,14.60,189,0.32,0.31,2366,0.00,1.00,3,0.5000,37.50,111,0,0.00,24,6.38,12.38,10.20,14.40
179420,6.25,2.34,3,14.51,13.52,8,14.60,189,0.32,0.31,2358,0.00,1.00,3,0.5000,37.50,111,0,0.00,24,6.24,12.55,9.02,14.20
179525,6.25,2.34,3,14.51,13.52,8,14.60,189,0.30,0.28,2359,0.00,1.00,3,0.5000,35.00,111,0,0.00,24,5.66,10.27,7.84,14.20
179629,5.47,2.34,2,14.51,13.52,8,14.59,189,0.27,0.26,2330,0.00,1.00,3,0.5000,36.00,111,0,0.00,24,5.22,9.71,7.84,14.30
179733,1.56,0.00,2,14.51,13.52,8,14.59,189,0.26,0.26,2306,0.00,1.00,3,0.5000,35.50,111,0,0.00,24,5.80,10.20,10.59,14.30
179836,-2.34,0.00,3,14.51,13.52,8,14.59,189,0.29,0.31,2314,0.00,1.00,3,0.5000,36.50,111,0,0.00,24,6.38,12.27,10.59,14.00
179940,-3.91,2.34,3,14.51,13.52,8,14.59,189,0.31,0.34,2313,0.00,1.00,3,0.5000,37.00,111,0,0.00,24,6.67,12.96,10.59,13.60
180044,0.78,2.34,3,14.51,13.52,8,14.59,189,0.33,0.33,2322,0.00,1.00,3,0.5000,37.50,111,0,0.00,24,6.82,13.13,10.59,13.70
180149,7.03,2.34,3,14.51,13.44,8,14.59,189,0.33,0.34,2340,0.00,0.99,3,0.5000,38.00,111,0,0.00,24,6.82,13.21,10.59,16.30
180253,9.38,2.34,3,14.51,13.60,8,14.60,189,0.33,0.34,2354,0.00,0.99,3,0.5000,38.00,111,0,0.00,24,6.53,12.43,9.41,15.50
180357,7.81,2.34,3,14.51,13.52,8,14.60,189,0.31,0.31,2373,0.00,1.00,3,0.5000,37.50,111,0,0.00,24,6.38,12.07,9.80,15.20
180460,6.25,2.34,3,14.51,13.60,8,14.60,189,0.31,0.31,2362,0.00,1.00,3,0.5000,37.00,111,0,0.00,24,6.24,11.94,9.80,14.50
180565,6.25,2.34,3,14.51,13.52,8,14.60,189,0.31,0.31,2338,0.00,1.00,3,0.5000,37.00,111,0,0.00,24,6.24,11.97,9.80,14.40
180669,6.25,2.34,3,14.51,13.60,8,14.60,189,0.30,0.30,2336,0.00,1.00,3,0.5000,37.00,111,0,0.00,24,6.38,11.83,9.80,14.30
180773,7.03,2.34,3,14.51,13.52,8,14.60,189,0.30,0.30,2334,0.00,1.00,3,0.5000,37.00,111,0,0.00,24,6.38,12.22,9.80,14.50
180876,7.03,2.34,3,14.51,13.44,8,14.60,189,0.31,0.31,2335,0.00,1.00,3,0.5000,37.00,111,0,0.00,24,6.38,11.80,9.80,14.50
180980,7.81,2.34,3,14.51,13.52,8,14.60,189,0.31,0.30,2333,0.00,1.00,3,0.5000,37.50,111,0,0.00,24,6.38,12.19,9.80,14.40
181084,7.81,2.34,3,14.51,13.52,8,14.60,189,0.31,0.32,2346,0.00,1.00,3,0.5000,37.50,111,0,0.00,24,6.38,12.44,9.80,14.50
181189,7.81,2.34,3,14.51,13.60,8,14.60,189,0.31,0.30,2347,0.00,1.00,3,0.5000,37.50,111,0,0.00,24,6.38,12.16,9.80,14.60
181293,7.03,2.34,3,14.51,13.60,8,14.60,189,0.31,0.31,2364,0.00,1.00,3,0.5000,37.50,111,0,0.00,24,6.38,12.18,9.80,14.40
181397,6.25,2.34,3,14.51,13.52,8,14.60,189,0.31,0.31,2360,0.00,1.00,3,0.5000,37.50,111,0,0.00,24,6.38,12.13,9.80,14.40
181501,7.03,2.34,3,14.51,13.52,8,14.60,189,0.31,0.31,2359,0.00,1.00,3,0.5000,37.50,111,0,0.00,24,6.38,12.07,9.80,14.40
181605,7.03,2.34,3,14.51,13.52,8,14.60,189,0.31,0.31,2369,0.00,1.00,3,0.5000,37.00,111,0,0.00,24,6.38,12.06,9.80,14.40
181709,7.03,2.34,3,14.51,13.60,8,14.60,189,0.31,0.31,2367,0.00,1.00,3,0.5000,37.00,111,0,0.00,24,6.38,12.13,9.80,14.50
181812,7.81,2.34,3,14.51,13.60,8,14.60,189,0.31,0.31,2364,0.00,1.00,3,0.5000,37.00,111,1,0.00,24,6.38,11.99,9.80,14.60
181917,7.81,2.34,3,14.51,13.52,8,14.60,189,0.31,0.31,2346,0.00,1.00,3,0.5000,37.50,111,1,0.00,24,6.38,12.28,9.80,14.60
182021,8.59,2.34,3,14.51,13.52,8,14.60,189,0.31,0.31,2354,0.00,1.00,3,0.5000,37.50,111,1,0.00,24,6.38,12.43,9.80,14.40
182125,8.59,2.34,3,14.51,13.44,8,14.60,189,0.31,0.31,2354,0.00,1.00,3,0.5000,37.50,111,2,0.00,24,6.38,12.44,9.80,14.70
182229,9.38,2.34,3,14.51,13.60,8,14.60,189,0.31,0.31,2352,0.00,1.00,3,0.5000,37.50,111,2,0.00,24,6.38,12.43,9.80,14.80
182333,8.59,2.34,3,14.51,13.60,8,14.60,189,0.31,0.31,2356,0.00,1.00,3,0.5000,37.50,111,3,0.00,24,6.38,12.14,9.80,14.80
182436,8.59,2.34,3,14.51,13.44,8,14.60,189,0.31,0.31,2349,0.00,1.00,3,0.5000,37.50,111,3,0.00,24,6.53,12.73,10.59,14.50
182541,8.59,2.34,3,14.51,13.52,8,14.60,189,0.33,0.34,2381,0.00,1.00,3,0.5000,38.00,109,3,0.00,24,6.82,13.49,10.98,14.50
182645,10.16,2.34,3,14.51,13.36,8,14.60,189,0.34,0.34,2386,0.00,0.99,3,0.5000,38.50,109,4,0.00,24,6.82,13.69,10.59,14.50
182749,10.94,2.34,3,14.51,13.60,8,14.60,189,0.32,0.32,2389,0.00,1.00,3,0.5000,36.50,109,5,0.00,24,5.80,10.84,7.45,15.00
182853,10.16,2.34,3,14.51,13.60,8,14.60,189,0.28,0.25,2373,0.00,1.07,3,0.5000,32.50,109,5,0.00,24,5.22,9.34,7.06,15.00
182957,7.81,0.00,2,14.51,13.52,8,14.60,189,0.25,0.23,2333,0.00,1.00,3,0.5000,29.50,109,6,0.00,24,4.79,8.84,6.67,14.00
183061,5.47,0.00,2,14.51,13.52,8,14.59,189,0.23,0.23,2303,0.00,1.00,3,0.5000,27.50,109,6,0.00,24,4.64,8.34,6.67,13.60
183165,1.56,0.00,2,14.51,13.52,8,14.59,189,0.22,0.22,2263,0.00,1.00,3,0.5000,25.00,109,6,0.00,24,4.64,8.09,6.67,13.20
183269,0.00,0.00,2,14.51,13.60,10,14.59,189,0.22,0.22,2243,0.00,1.00,3,0.5000,24.00,109,7,0.00,24,4.64,8.14,6.67,13.10
183373,0.00,0.00,2,14.51,13.52,10,14.59,189,0.22,0.21,2222,0.00,1.00,3,0.5000,24.00,109,7,0.00,24,4.64,7.79,6.67,13.60
183477,0.00,0.00,2,14.51,13.52,10,14.59,189,0.21,0.21,2202,0.00,0.99,3,0.5000,24.00,109,8,0.00,24,4.64,7.54,6.27,13.40
183581,0.00,0.00,2,14.51,13.52,10,14.59,189,0.21,0.21,2174,0.00,0.99,3,0.5000,24.00,109,8,0.00,24,4.64,7.45,6.27,17.00
183685,0.00,0.00,2,14.51,13.52,10,14.59,189,0.21,0.21,2141,0.00,0.99,3,0.5000,24.00,109,9,0.00,24,4.64,7.59,6.27,18.30
183789,0.00,0.00,2,14.51,13.60,10,14.58,189,0.21,0.21,2141,0.00,0.99,3,0.5000,24.00,109,9,0.00,24,4.64,7.35,6.27,22.50
183893,0.00,0.00,2,14.51,13.60,10,14.58,189,0.21,0.21,2110,0.00,0.99,3,0.5000,24.00,109,10,0.00,24,4.64,7.16,6.27,29.70
183997,0.00,0.00,2,14.51,13.52,10,14.58,189,0.21,0.21,2100,0.00,0.99,3,0.5000,24.00,109,10,0.00,24,4.64,7.35,6.27,41.50
184101,0.00,0.00,2,14.51,13.52,10,14.58,189,0.20,0.20,2108,0.00,0.99,3,0.5000,24.00,109,10,0.00,24,4.64,6.92,6.27,66.60
184205,0.00,0.00,2,14.51,13.60,10,14.58,189,0.20,0.20,2084,0.00,0.99,3,0.5000,24.00,109,11,0.00,24,4.64,7.06,6.27,82.40
184309,0.00,0.00,2,14.51,13.52,10,14.58,189,0.21,0.21,2094,0.00,0.99,3,0.5000,24.00,109,11,0.00,24,4.64,7.25,6.27,90.40
184413,0.00,0.00,2,14.51,13.60,10,14.58,189,0.21,0.20,2086,0.00,0.99,3,0.5000,24.00,109,11,0.00,24,4.79,7.06,5.88,96.00
184517,0.00,0.00,2,14.51,13.60,10,14.58,189,0.21,0.21,2061,0.00,0.99,3,0.5000,24.00,109,11,0.00,24,4.79,7.16,5.88,96.00
184621,0.00,0.00,2,14.51,13.52,10,14.58,189,0.21,0.21,2071,0.00,0.99,3,0.5000,24.00,109,12,0.00,24,4.79,7.16,5.88,96.00
184725,0.00,0.00,2,14.51,13.52,10,14.58,189,0.21,0.21,2048,0.00,0.99,3,0.5000,24.00,109,13,0.00,24,4.79,7.06,6.27,96.00
184829,0.00,0.00,2,14.51,13.60,10,14.58,189,0.21,0.21,2059,0.00,0.99,3,0.5000,24.00,109,13,0.00,24,4.79,7.06,5.88,99.90
184933,0.00,0.00,2,14.51,13.60,10,14.58,189,0.21,0.21,2039,0.00,0.99,3,0.5000,24.00,109,13,0.00,24,4.79,7.16,5.88,99.90
185037,0.00,0.00,2,14.51,13.52,10,14.58,189,0.21,0.21,2050,0.00,0.99,3,0.5000,24.00,109,13,0.00,24,4.79,7.06,5.88,99.90
185141,0.00,0.00,2,14.51,13.44,10,14.57,189,0.21,0.21,2026,0.00,0.99,3,0.5000,24.00,109,14,0.00,24,4.79,7.21,5.88,99.90
185245,0.00,0.00,2,14.51,13.44,10,14.58,189,0.21,0.21,2020,0.00,0.99,3,0.5000,24.00,109,14,0.00,24,4.79,7.06,5.88,99.90
185349,0.00,0.00,2,14.51,13.60,10,14.57,189,0.21,0.21,2032,0.00,0.99,3,0.5000,24.00,109,15,0.00,24,4.79,7.16,5.88,99.90
185453,0.00,0.00,2,14.51,13.36,10,14.57,189,0.21,0.21,2007,0.00,0.99,3,0.5000,24.00,109,15,0.00,24,4.93,7.06,5.88,99.90
185557,0.00,0.00,2,14.51,13.52,10,14.57,189,0.21,0.21,2013,0.00,0.99,3,0.5000,24.00,109,15,0.00,24,4.93,7.11,5.88,99.90
185661,0.00,0.00,2,14.51,13.36,10,14.57,189,0.21,0.21,2004,0.00,0.99,3,0.5000,24.00,109,16,0.00,24,4.93,7.06,5.88,99.90
185765,0.00,0.00,2,14.51,13.60,10,14.57,189,0.21,0.21,1982,0.00,0.99,3,0.5000,24.00,109,15,0.00,24,4.93,6.77,5.88,99.90
185869,0.00,0.00,2,14.51,13.60,10,14.57,189,0.21,0.21,1972,0.00,0.99,3,0.5000,24.00,109,16,0.00,24,4.93,6.87,5.88,99.90
185973,0.00,0.00,2,14.51,13.60,10,14.57,189,0.21,0.22,1946,0.00,0.99,3,0.5000,24.00,109,16,0.00,24,4.93,7.16,5.88,99.90
186077,0.00,0.00,2,14.51,13.60,10,14.57,189,0.22,0.22,1993,0.00,0.99,3,0.5000,24.00,109,16,0.00,24,4.93,7.06,5.88,99.90
186182,0.00,0.00,2,14.51,13.44,10,14.58,189,0.20,0.19,2106,0.00,0.99,3,0.5000,24.00,109,16,0.00,24,4.79,6.77,5.88,99.90
186285,0.00,0.00,2,14.51,13.52,10,14.60,189,0.19,0.18,2358,0.00,1.00,3,0.5000,24.00,109,17,0.00,24,4.35,7.45,6.67,99.90
186389,0.00,0.00,2,14.51,13.60,10,14.61,189,0.18,0.18,2650,0.00,1.00,3,0.5000,24.00,109,17,0.00,24,4.21,8.04,7.06,99.90
186493,0.00,0.00,2,14.51,13.60,10,14.61,189,0.18,0.17,2840,0.00,1.00,3,0.5000,24.00,109,18,0.00,24,4.21,8.24,7.06,99.90
186597,0.00,0.00,2,14.51,13.60,10,14.58,189,0.17,0.16,3006,0.00,0.99,3,0.5000,24.00,109,18,0.00,24,4.06,8.34,7.06,99.90
186701,0.00,0.00,2,14.51,13.60,10,14.57,189,0.16,0.16,3094,0.00,0.96,3,0.5000,30.00,109,19,0.00,24,4.06,8.04,7.45,99.90
186805,0.00,0.00,2,14.51,13.52,10,14.56,189,0.16,0.16,3112,0.00,0.96,3,0.5000,36.50,109,19,0.00,24,4.06,8.69,7.45,99.90
186909,0.00,0.00,2,14.51,13.52,10,14.56,189,0.17,0.18,3124,0.00,0.96,3,0.5000,39.50,109,19,0.00,24,4.21,9.29,8.24,96.00
187013,0.00,0.00,2,14.51,13.60,10,14.56,189,0.18,0.19,3124,0.00,0.96,2,0.5000,39.50,109,19,0.00,24,4.35,9.71,8.63,34.50
187117,0.00,0.00,3,14.51,13.60,10,14.56,189,0.19,0.20,3106,0.00,0.96,2,0.5000,39.50,109,18,0.00,24,4.50,10.18,8.63,22.20
187221,0.00,0.00,3,14.51,13.60,10,14.56,189,0.19,0.19,3129,0.00,0.96,2,0.5000,39.50,109,16,0.00,24,4.50,9.90,8.24,18.40
187325,0.00,0.00,2,14.51,13.60,10,14.56,189,0.19,0.19,3100,0.00,0.96,2,0.5000,39.50,109,15,0.00,24,4.35,9.80,8.24,17.10
187429,0.00,0.00,2,14.51,13.52,10,14.56,189,0.19,0.19,3122,0.00,0.96,2,0.5000,39.50,109,13,0.00,24,4.50,9.90,8.63,16.40
187533,0.00,0.00,3,14.51,13.52,8,14.57,189,0.19,0.20,3114,0.00,0.99,2,0.5000,39.50,109,10,0.00,24,4.50,10.06,8.63,16.20
187637,2.34,2.34,3,14.51,13.60,8,14.56,189,0.20,0.20,3085,0.00,0.99,2,0.5000,39.50,109,8,0.00,24,4.50,10.12,8.63,16.90
187741,5.47,2.34,3,14.51,13.52,8,14.57,189,0.20,0.20,3116,0.00,0.99,2,0.5000,39.50,109,7,0.00,24,4.50,10.23,8.63,15.40
187845,7.03,2.34,3,14.51,13.60,8,14.56,189,0.20,0.20,3101,0.00,0.99,2,0.5000,39.50,109,5,0.00,24,4.50,10.38,8.63,15.80
187949,6.25,2.34,3,14.51,13.52,8,14.56,189,0.20,0.20,3105,0.00,0.99,2,0.5000,39.50,109,5,0.00,24,4.50,10.45,8.63,15.70
188053,4.69,2.34,3,14.51,13.52,8,14.56,189,0.20,0.21,3126,0.00,0.99,2,0.5000,39.50,109,5,0.00,24,4.79,10.75,9.80,16.40
188157,3.91,2.34,3,14.51,13.52,8,14.56,189,0.21,0.22,3098,0.00,0.99,2,0.5000,39.50,109,4,0.00,24,4.93,11.55,10.20,14.40
188261,5.47,2.34,3,14.51,13.52,8,14.56,189,0.22,0.23,3126,0.00,0.99,2,0.5000,40.00,109,4,0.00,24,5.08,11.65,10.20,14.60
188365,7.81,2.34,3,14.51,13.60,8,14.56,189,0.22,0.23,3120,0.00,0.99,2,0.5000,39.50,109,4,0.00,24,5.22,11.74,10.20,14.70
188469,8.59,2.34,3,14.51,13.52,8,14.56,189,0.23,0.23,3121,0.00,0.99,2,0.5000,39.50,109,4,0.00,24,5.37,12.27,10.98,15.10
188573,8.59,2.34,3,14.51,13.52,8,14.56,187,0.24,0.24,3143,0.00,0.99,2,0.5000,40.00,109,4,0.00,24,5.51,13.19,11.37,13.90
188677,8.59,2.34,3,14.51,13.52,8,14.55,187,0.25,0.25,3137,0.00,0.99,2,0.5000,40.00,109,4,0.00,24,5.66,13.35,11.37,14.50
188781,9.38,2.34,3,14.51,13.60,8,14.56,187,0.26,0.26,3168,0.00,0.99,2,0.5000,40.00,109,5,0.00,24,5.80,13.66,11.37,14.40
188885,9.38,2.34,3,14.51,13.68,8,14.55,187,0.26,0.26,3151,0.00,0.99,2,0.5000,40.00,109,5,0.00,24,5.80,13.82,11.37,14.50
188989,8.59,2.34,3,14.51,13.60,8,14.55,187,0.26,0.26,3176,0.00,0.99,2,0.5000,40.00,109,5,0.00,24,5.66,13.69,10.98,14.50
189093,7.03,2.34,3,14.51,13.52,8,14.55,187,0.26,0.26,3148,0.00,0.99,2,0.5000,40.00,109,6,0.00,24,5.80,13.52,10.98,14.20
189197,5.47,2.34,3,14.51,13.52,8,14.55,187,0.26,0.26,3177,0.00,0.99,2,0.5000,40.00,109,6,0.00,24,5.66,13.75,10.98,14.20
189301,4.69,2.34,3,14.51,13.60,8,14.55,187,0.26,0.26,3158,0.00,0.99,2,0.5000,40.00,109,7,0.00,24,5.66,13.77,10.98,14.20
189406,4.69,2.34,3,14.51,13.68,8,14.55,187,0.26,0.26,3182,0.00,0.99,2,0.5000,40.00,109,7,0.00,24,5.66,13.72,10.98,14.30
189509,4.69,2.34,3,14.51,13.60,8,14.55,187,0.26,0.26,3154,0.00,0.99,2,0.5000,40.00,109,8,0.00,24,5.80,13.73,10.98,14.30
189614,4.69,2.34,3,14.51,13.60,8,14.55,187,0.26,0.26,3181,0.00,0.99,2,0.5000,40.00,109,8,0.00,24,5.80,13.83,10.98,14.30
189717,4.69,2.34,3,14.51,13.52,8,14.55,187,0.26,0.26,3161,0.00,0.99,2,0.5000,40.00,109,9,0.00,24,5.80,13.79,10.98,14.40
189821,4.69,2.34,3,14.51,13.60,8,14.55,187,0.26,0.27,3190,0.00,0.99,2,0.5000,40.00,109,9,0.00,24,5.80,13.88,10.98,14.40
189925,4.69,2.34,3,14.51,13.60,8,14.55,187,0.26,0.26,3171,0.00,0.99,2,0.5000,40.00,109,10,0.00,24,5.80,13.83,10.98,14.40
190029,5.47,2.34,3,14.51,13.68,8,14.55,187,0.26,0.26,3194,0.00,0.99,2,0.5000,40.00,109,11,0.00,24,5.80,13.93,10.98,14.50
190134,5.47,2.34,3,14.51,13.60,8,14.55,187,0.26,0.26,3174,0.00,0.99,2,0.5000,40.00,109,11,0.00,24,5.80,13.80,10.98,14.50
190237,5.47,2.34,3,14.51,13.52,8,14.55,187,0.26,0.27,3200,0.00,0.99,2,0.5000,40.50,109,11,0.00,24,5.80,14.11,10.98,14.50
190341,5.47,2.34,3,14.51,13.52,8,14.55,187,0.26,0.26,3181,0.00,0.99,2,0.5000,40.00,109,12,0.00,24,5.80,14.06,10.98,14.60
190446,5.47,2.34,3,14.51,13.60,8,14.55,187,0.26,0.26,3209,0.00,0.99,2,0.5000,40.50,109,13,0.00,24,5.80,14.21,10.98,14.40
190549,5.47,2.34,3,14.51,13.60,8,14.55,187,0.27,0.27,3182,0.00,0.99,2,0.5000,40.50,109,14,0.00,24,5.80,14.42,11.37,14.40
190653,5.47,2.34,3,14.51,13.44,8,14.55,187,0.27,0.27,3212,0.00,0.99,2,0.5000,40.50,109,14,0.00,24,5.80,14.15,10.98,14.40
190757,4.69,2.34,3,14.51,13.44,8,14.55,187,0.26,0.26,3187,0.00,0.99,2,0.5000,40.50,109,14,0.00,24,5.80,13.87,10.98,14.40
190861,4.69,2.34,3,14.51,13.52,8,14.54,187,0.26,0.26,3220,0.00,0.99,2,0.5000,40.50,109,15,0.00,24,5.80,14.21,10.98,14.40
190966,5.47,2.34,3,14.51,13.52,8,14.55,187,0.27,0.27,3222,0.00,0.99,2,0.5000,40.50,109,15,0.00,24,5.80,14.21,10.98,14.50
191069,5.47,2.34,3,14.51,13.60,8,14.54,187,0.26,0.26,3201,0.00,0.99,2,0.5000,40.50,109,15,0.00,24,5.80,14.01,10.98,14.50
191173,5.47,2.34,3,14.51,13.60,8,14.55,187,0.26,0.27,3222,0.00,0.99,2,0.5000,40.50,109,15,0.00,24,5.95,14.21,10.98,14.50
191278,5.47,2.34,3,14.51,13.44,8,14.54,187,0.26,0.27,3200,0.00,0.99,2,0.5000,40.50,109,14,0.00,24,5.80,14.15,10.98,14.60
191381,5.47,2.34,3,14.51,13.52,8,14.55,187,0.26,0.27,3237,0.00,0.99,2,0.5000,40.50,109,14,0.00,24,5.80,13.88,10.59,14.40
191485,5.47,2.34,3,14.51,13.60,8,14.54,187,0.25,0.25,3214,0.00,0.99,2,0.5000,39.50,109,13,0.00,24,5.08,12.17,7.84,14.40
191590,4.69,2.34,3,14.51,13.60,8,14.54,187,0.20,0.19,3198,0.00,0.99,2,0.5000,36.00,109,11,0.00,24,4.21,9.52,7.45,14.50
191694,1.56,2.34,2,14.51,13.60,8,14.55,187,0.18,0.17,3191,0.00,0.99,2,0.5000,32.50,109,10,0.00,24,3.92,9.09,6.67,13.80
191797,-2.34,0.00,2,14.51,13.52,8,14.55,187,0.17,0.17,3140,0.00,0.99,2,0.5000,29.50,109,9,0.00,24,3.77,8.59,6.67,13.10
191902,0.00,0.00,2,14.51,13.52,8,14.56,187,0.16,0.16,3122,0.00,0.99,2,0.5000,26.00,109,8,0.00,24,3.77,8.44,6.67,13.00
192006,0.00,0.00,2,14.51,13.60,10,14.56,187,0.16,0.16,3129,0.00,0.99,2,0.5000,24.00,108,6,0.00,24,3.77,8.49,6.67,12.90
192110,0.00,0.00,2,14.51,13.68,10,14.56,187,0.16,0.16,3100,0.00,0.99,2,0.5000,24.00,108,6,0.00,24,3.77,8.34,7.06,13.30
192213,0.00,0.00,2,14.51,12.88,10,14.56,187,0.16,0.17,3122,0.00,0.99,2,0.5000,24.00,108,6,0.00,24,3.77,8.24,7.06,13.90
192318,0.00,0.00,2,14.51,13.52,10,14.57,187,0.16,0.17,3066,0.00,0.99,2,0.5000,24.00,108,5,0.00,24,3.77,8.69,6.67,16.30
192422,0.00,0.00,2,14.51,13.60,10,14.57,187,0.17,0.16,3052,0.00,0.99,2,0.5000,24.00,108,4,0.00,24,3.77,8.44,7.06,18.20
192526,0.00,0.00,2,14.51,13.52,10,14.57,187,0.17,0.17,3068,0.00,0.99,2,0.5000,24.00,108,5,0.00,24,3.77,8.49,7.06,24.30
192630,0.00,0.00,2,14.51,13.60,10,14.57,187,0.17,0.17,3055,0.00,0.99,2,0.5000,24.00,108,4,0.00,24,3.77,8.44,7.06,37.30
192733,0.00,0.00,2,14.51,13.60,10,14.58,187,0.17,0.17,3010,0.00,0.99,2,0.5000,24.00,108,4,0.00,24,3.77,8.74,7.06,65.40
192838,0.00,0.00,2,14.51,13.52,10,14.58,187,0.17,0.17,2994,0.00,0.99,2,0.5000,24.00,108,4,0.00,24,3.77,8.64,7.06,87.30
192942,0.00,0.00,2,14.51,13.52,10,14.59,187,0.17,0.17,2996,0.00,0.99,2,0.5000,24.00,108,4,0.00,24,3.77,8.64,7.06,96.00
193046,0.00,0.00,2,14.51,13.52,10,14.59,187,0.17,0.17,2976,0.00,0.99,2,0.5000,24.00,108,4,0.00,24,3.77,8.44,7.06,96.00
193150,0.00,0.00,2,14.51,13.60,10,14.59,187,0.17,0.17,2956,0.00,1.00,2,0.5000,24.00,108,4,0.00,24,3.77,8.49,7.06,96.00
193254,0.00,0.00,2,14.51,13.52,10,14.59,187,0.17,0.18,2933,0.00,1.00,2,0.5000,24.00,108,5,0.00,24,3.77,8.54,7.06,99.90
193358,0.00,0.00,2,14.51,13.60,10,14.60,187,0.18,0.18,2886,0.00,1.00,2,0.5000,24.00,108,5,0.00,24,3.77,8.49,6.67,99.90
193462,0.00,0.00,2,14.51,13.60,10,14.60,187,0.18,0.18,2870,0.00,1.00,2,0.5000,24.00,108,5,0.00,24,3.77,8.34,7.06,99.90
193566,0.00,0.00,2,14.51,13.60,10,14.61,187,0.18,0.18,2875,0.00,1.00,2,0.5000,24.00,108,5,0.00,24,3.77,8.44,7.06,99.90
193671,0.00,0.00,2,14.51,13.60,10,14.61,187,0.18,0.18,2852,0.00,1.00,2,0.5000,24.00,108,6,0.00,24,3.77,8.39,7.06,99.90
193774,0.00,0.00,2,14.51,13.52,10,14.62,187,0.18,0.18,2832,0.00,1.00,2,0.5000,24.00,108,6,0.00,24,3.77,8.54,6.67,99.90
193878,0.00,0.00,2,14.51,13.52,10,14.62,187,0.18,0.19,2813,0.00,1.00,2,0.5000,24.00,108,7,0.00,24,3.77,8.54,7.06,99.90
193982,0.00,0.00,2,14.51,13.52,10,14.62,187,0.18,0.18,2792,0.00,1.00,2,0.5000,24.00,108,7,0.00,24,3.77,8.49,7.06,99.90
194086,0.00,0.00,2,14.51,13.52,10,14.62,187,0.18,0.18,2751,0.00,1.00,2,0.5000,24.00,108,7,0.00,24,3.77,8.44,7.06,99.90
194190,0.00,0.00,2,14.51,13.60,10,14.62,187,0.18,0.18,2728,0.00,1.00,2,0.5000,24.00,108,7,0.00,24,3.77,8.34,7.06,99.90
194294,0.00,0.00,2,14.51,13.52,10,14.62,187,0.18,0.18,2735,0.00,1.00,2,0.5000,24.00,108,8,0.00,24,3.77,8.39,7.06,99.90
194398,0.00,0.00,2,14.51,13.52,10,14.62,187,0.18,0.18,2713,0.00,1.00,2,0.5000,24.00,108,8,0.00,24,3.77,8.34,7.06,99.90
194502,0.00,0.00,2,14.51,13.60,10,14.62,187,0.18,0.18,2666,0.00,1.00,2,0.5000,24.00,108,9,0.00,24,3.92,8.19,7.06,99.90
194606,0.00,0.00,2,14.51,13.52,10,14.61,187,0.19,0.19,2664,0.00,1.00,2,0.5000,24.00,108,9,0.00,24,3.92,8.39,7.06,99.90
194711,0.00,0.00,2,14.51,13.52,10,14.61,187,0.19,0.19,2617,0.00,1.00,2,0.5000,24.00,108,9,0.00,24,3.92,8.54,7.06,99.90
194814,0.00,0.00,2,14.51,13.52,10,14.61,187,0.19,0.19,2614,0.00,1.00,2,0.5000,24.00,108,10,0.00,24,3.92,8.34,7.06,99.90
194918,0.00,0.00,2,14.51,13.52,10,14.61,187,0.19,0.19,2579,0.00,1.00,2,0.5000,24.00,108,10,0.00,24,3.92,8.34,7.06,99.90
195023,0.00,0.00,2,14.51,13.60,10,14.61,187,0.19,0.19,2592,0.00,1.00,2,0.5000,24.00,108,10,0.00,24,3.92,8.29,7.06,99.90
195126,0.00,0.00,2,14.51,13.68,10,14.61,187,0.19,0.20,2564,0.00,1.00,2,0.5000,24.00,108,11,0.00,24,3.92,8.44,7.06,99.90
195230,0.00,0.00,2,14.51,13.60,10,14.61,187,0.20,0.20,2576,0.00,1.00,2,0.5000,24.00,108,11,0.00,24,3.92,8.39,7.06,99.90
195334,0.00,0.00,2,14.51,13.52,10,14.61,187,0.20,0.20,2547,0.00,1.00,2,0.5000,24.00,108,12,0.00,24,3.92,8.44,7.06,99.90
195438,0.00,0.00,2,14.51,13.60,10,14.61,187,0.20,0.20,2560,0.00,1.00,2,0.5000,24.00,108,12,0.00,24,3.92,8.44,7.06,99.90
195542,0.00,0.00,2,14.51,13.60,10,14.61,187,0.20,0.20,2530,0.00,1.00,2,0.5000,24.00,108,12,0.00,24,3.92,8.39,7.06,99.90
195646,0.00,0.00,2,14.51,13.60,10,14.61,187,0.20,0.20,2522,0.00,1.00,2,0.5000,24.00,108,12,0.00,24,4.06,8.14,7.06,99.90
195750,0.00,0.00,2,14.51,13.52,10,14.61,187,0.20,0.20,2535,0.00,1.00,2,0.5000,24.00,108,13,0.00,24,4.06,8.44,7.06,99.90
195855,0.00,0.00,2,14.51,13.52,10,14.61,187,0.20,0.20,2506,0.00,1.00,2,0.5000,24.00,108,13,0.00,24,4.06,8.44,7.06,99.90
195958,0.00,0.00,2,14.51,13.52,10,14.61,187,0.20,0.20,2516,0.00,1.00,2,0.5000,24.00,108,14,0.00,24,4.06,8.24,7.06,99.90
196062,0.00,0.00,2,14.51,13.60,10,14.61,187,0.20,0.20,2508,0.00,1.00,2,0.5000,24.00,108,14,0.00,24,4.06,8.44,7.06,99.90
196167,0.00,0.00,2,14.51,13.60,10,14.61,187,0.20,0.20,2478,0.00,1.00,2,0.5000,24.00,108,14,0.00,24,4.06,8.34,7.06,99.90
196270,0.00,0.00,2,14.51,13.52,10,14.61,187,0.20,0.20,2488,0.00,1.00,2,0.5000,24.00,108,14,0.00,24,4.06,8.44,7.06,99.90
196374,0.00,0.00,2,14.51,13.20,10,14.61,187,0.20,0.20,2479,0.00,0.97,2,0.5000,28.50,108,15,0.00,24,4.21,8.34,7.06,99.90
196479,0.00,0.00,2,14.51,13.60,10,14.61,187,0.20,0.21,2483,0.00,0.97,2,0.5000,33.50,108,15,0.00,24,4.21,8.79,7.45,99.90
196583,0.00,0.00,2,14.51,13.60,10,14.61,187,0.21,0.22,2518,0.00,0.97,2,0.5000,36.50,108,15,0.00,24,4.35,9.38,8.24,96.00
196687,0.00,0.00,2,14.51,13.52,10,14.61,187,0.22,0.23,2536,0.00,0.97,2,0.5000,36.50,108,16,0.00,24,4.50,9.95,8.24,39.90
196790,0.00,0.00,2,14.51,13.52,10,14.61,187,0.23,0.24,2524,0.00,0.97,2,0.5000,35.50,108,16,0.00,24,4.64,9.80,7.84,24.70
196895,0.00,0.00,2,14.51,13.44,10,14.61,187,0.23,0.22,2504,0.00,1.00,2,0.5000,33.00,108,16,0.00,24,4.50,9.38,7.84,21.10
196999,0.00,0.00,2,14.51,13.52,10,14.61,187,0.23,0.22,2498,0.00,1.00,2,0.5000,30.50,108,16,0.00,24,4.50,9.14,7.84,19.30
197103,0.00,0.00,2,14.51,13.60,10,14.61,187,0.22,0.22,2482,0.00,1.00,2,0.5000,28.00,108,17,0.00,24,4.35,9.14,7.84,17.90
197207,0.00,0.00,2,14.51,12.96,10,14.61,187,0.22,0.22,2470,0.00,1.00,2,0.5000,25.50,108,17,0.00,24,4.50,8.99,7.84,16.80
197311,0.00,0.00,2,14.51,13.52,10,14.61,187,0.22,0.23,2444,0.00,1.00,2,0.5000,24.00,108,17,0.00,24,4.64,9.09,7.45,16.80
197415,0.00,0.00,2,14.51,13.52,10,14.60,187,0.23,0.23,2409,0.00,1.00,2,0.5000,24.00,108,17,0.00,24,4.79,9.14,7.45,17.40
197519,0.00,0.00,2,14.51,13.52,10,14.60,187,0.23,0.23,2377,0.00,1.00,2,0.5000,24.00,108,16,0.00,24,4.79,9.14,7.84,19.80
197623,0.00,0.00,2,14.51,13.60,10,14.60,187,0.23,0.24,2325,0.00,1.00,2,0.5000,24.00,108,15,0.00,24,4.93,9.34,7.45,22.60
197727,0.00,0.00,2,14.51,13.60,10,14.59,187,0.24,0.24,2274,0.00,1.00,2,0.5000,24.00,108,14,0.00,24,4.93,9.09,7.45,24.70
197831,0.00,0.00,2,14.51,13.52,10,14.59,187,0.24,0.24,2244,0.00,1.00,2,0.5000,24.00,108,12,0.00,24,5.08,9.04,7.45,30.00
197935,0.00,0.00,2,14.51,13.52,10,14.59,187,0.24,0.24,2240,0.00,0.99,2,0.5000,24.00,108,10,0.00,24,5.08,8.84,7.45,42.00
198039,0.00,0.00,2,14.51,13.60,10,14.58,187,0.24,0.24,2220,0.00,0.99,2,0.5000,24.00,108,7,0.00,24,4.93,8.89,7.06,69.90
198143,0.00,0.00,2,14.51,13.60,10,14.58,187,0.24,0.24,2205,0.00,0.99,2,0.5000,24.00,108,5,0.00,24,4.93,8.79,7.06,85.20
198246,0.00,0.00,2,14.51,13.60,10,14.58,187,0.24,0.24,2176,0.00,0.99,2,0.5000,24.00,108,3,0.00,24,4.93,8.59,7.06,96.00
198351,0.00,0.00,2,14.51,13.52,10,14.58,187,0.24,0.24,2162,0.00,0.99,2,0.5000,24.00,108,1,0.00,24,4.93,8.49,7.06,96.00
198455,0.00,0.00,2,14.51,13.44,10,14.58,187,0.24,0.24,2166,0.00,0.99,2,0.5000,24.00,108,0,0.00,24,4.93,8.34,7.06,96.00
198559,0.00,0.00,2,14.51,13.44,10,14.58,187,0.24,0.23,2153,0.00,0.99,2,0.5000,24.00,108,0,0.00,24,4.93,8.44,7.06,99.90
198663,0.00,0.00,2,14.51,13.60,10,14.58,187,0.24,0.24,2126,0.00,0.99,2,0.5000,24.00,108,0,0.00,24,4.93,8.34,7.06,99.90
198766,0.00,0.00,2,14.51,13.60,10,14.58,187,0.24,0.24,2113,0.00,0.99,2,0.5000,24.00,108,0,0.00,24,4.93,8.39,7.06,99.90
198871,0.00,0.00,2,14.51,13.52,10,14.57,187,0.23,0.24,2121,0.00,0.97,2,0.5000,26.50,108,0,0.00,24,4.93,8.19,7.06,99.90
198975,0.00,0.00,2,14.51,13.44,10,14.57,187,0.23,0.24,2095,0.00,0.97,2,0.5000,31.00,108,0,0.00,24,5.08,8.39,7.45,99.90
199079,0.00,0.00,2,14.51,13.44,10,14.59,187,0.23,0.23,2218,0.00,0.97,2,0.5000,35.00,108,0,0.00,24,4.93,8.54,7.45,96.00
199183,0.00,0.00,2,14.51,13.60,10,14.59,187,0.23,0.24,2246,0.00,0.97,2,0.5000,35.00,108,0,0.00,24,4.93,8.89,7.84,80.50
199287,0.00,0.00,2,14.51,13.60,10,14.59,187,0.24,0.24,2268,0.00,0.97,2,0.5000,35.00,108,0,0.00,24,5.08,8.94,7.84,29.60
199390,0.00,0.00,2,14.51,12.88,10,14.59,187,0.24,0.24,2268,0.00,0.97,2,0.5000,35.00,108,0,0.00,24,5.08,8.79,7.84,21.20
199495,0.00,0.00,2,14.51,13.20,10,14.59,187,0.24,0.24,2262,0.00,0.97,2,0.5000,34.50,108,0,0.00,24,5.22,8.94,8.24,21.40
199599,0.00,0.00,2,14.51,13.52,10,14.59,187,0.25,0.26,2246,0.00,0.97,2,0.5000,35.00,108,0,0.00,24,5.66,9.95,9.41,17.70
199703,0.00,0.00,3,14.51,13.52,10,14.58,187,0.27,0.28,2247,0.00,0.96,2,0.5000,35.50,108,0,0.00,24,6.09,11.21,9.80,16.90
199807,0.00,2.34,3,14.51,13.52,10,14.58,187,0.29,0.30,2253,0.00,0.96,2,0.5000,36.50,108,0,0.00,24,6.24,11.43,9.02,16.80
199911,8.59,2.34,3,14.51,13.52,8,14.59,187,0.29,0.28,2275,0.00,0.99,2,0.5000,36.00,108,0,0.00,24,5.95,10.62,9.02,16.70
200015,10.16,2.34,3,14.51,13.52,8,14.59,187,0.28,0.27,2280,0.00,0.99,2,0.5000,36.00,108,0,0.00,24,5.95,10.30,9.02,16.70
200119,11.72,2.34,3,14.51,13.44,8,14.59,187,0.27,0.27,2277,0.00,0.99,2,0.5000,36.00,108,0,0.00,24,5.80,10.42,9.02,16.40
200223,10.16,2.34,3,14.51,13.52,8,14.59,187,0.27,0.27,2272,0.00,0.99,2,0.5000,35.50,108,0,0.00,24,5.95,10.20,8.63,15.80
200327,9.38,2.34,3,14.51,13.52,8,14.59,187,0.27,0.27,2281,0.00,0.99,2,0.5000,36.00,108,0,0.00,24,5.80,10.54,8.63,15.70
200431,9.38,2.34,3,14.51,13.52,8,14.59,187,0.27,0.27,2269,0.00,0.99,2,0.5000,35.50,108,0,0.00,24,5.80,10.37,8.63,16.60
200535,8.59,2.34,3,14.51,13.44,8,14.59,187,0.28,0.28,2266,0.00,0.99,2,0.5000,36.00,108,0,0.00,24,5.95,10.63,8.63,14.70
200639,8.59,2.34,3,14.51,13.52,8,14.59,187,0.28,0.28,2268,0.00,0.99,2,0.5000,35.50,108,0,0.00,24,5.95,10.45,8.63,14.40
200743,7.81,2.34,3,14.51,13.52,8,14.59,187,0.28,0.27,2264,0.00,0.99,2,0.5000,35.50,108,0,0.00,24,5.95,10.33,8.63,14.50
200847,7.03,2.34,3,14.51,13.36,8,14.59,187,0.28,0.28,2281,0.00,0.99,2,0.5000,35.50,108,0,0.00,24,5.95,10.59,8.63,14.40
200951,7.03,2.34,3,14.51,13.52,8,14.59,187,0.28,0.28,2271,0.00,0.99,2,0.5000,35.50,108,0,0.00,24,5.95,10.65,8.63,14.40
201055,7.03,2.34,3,14.51,13.44,8,14.58,187,0.28,0.28,2269,0.00,0.99,2,0.5000,36.00,108,0,0.00,24,5.95,10.34,8.63,14.40
201159,7.03,2.34,3,14.51,13.52,8,14.59,187,0.28,0.28,2274,0.00,0.99,2,0.5000,35.00,108,0,0.00,24,5.66,10.07,7.84,14.40
201263,6.25,2.34,2,14.51,13.52,8,14.58,187,0.26,0.25,2258,0.00,0.99,2,0.5000,32.00,108,0,0.00,24,5.37,9.19,7.45,14.50
201367,5.47,0.00,2,14.51,13.44,8,14.58,187,0.25,0.24,2232,0.00,0.99,2,0.5000,29.50,108,0,0.00,24,5.22,9.04,7.45,14.30
201471,3.91,0.00,2,14.51,13.44,8,14.58,187,0.25,0.25,2189,0.00,1.00,2,0.5000,27.00,108,0,0.00,24,5.08,8.79,7.45,14.10
201575,0.00,0.00,2,14.51,13.44,10,14.58,187,0.24,0.24,2147,0.00,0.99,2,0.5000,25.00,108,0,0.00,24,5.22,8.74,7.45,13.90
201679,0.00,0.00,2,14.51,13.52,10,14.58,187,0.24,0.25,2129,0.00,0.99,2,0.5000,24.00,108,0,0.00,24,5.08,8.44,7.06,14.20
201783,0.00,0.00,2,14.51,13.04,10,14.57,187,0.24,0.24,2070,0.00,0.99,2,0.5000,24.00,108,0,0.00,24,5.22,8.24,7.06,15.50
201887,0.00,0.00,2,14.51,13.44,10,14.57,187,0.24,0.24,2060,0.00,0.99,2,0.5000,24.00,108,0,0.00,24,5.22,8.04,6.67,17.10
201991,0.00,0.00,2,14.51,13.44,10,14.56,187,0.24,0.25,1989,0.00,0.99,2,0.5000,24.00,108,0,0.00,24,5.37,7.99,6.67,19.80
202095,0.00,0.00,2,14.51,13.44,10,14.56,187,0.25,0.25,1930,0.00,0.99,2,0.5000,24.00,108,0,0.00,24,5.37,7.94,6.67,22.40
202199,0.00,0.00,2,14.51,13.52,10,14.57,187,0.25,0.26,1856,0.00,0.99,2,0.5000,24.00,108,1,0.00,24,5.37,7.89,6.67,29.10
202303,0.00,0.00,2,14.51,13.52,10,14.57,187,0.26,0.26,1816,0.00,0.99,2,0.5000,23.50,108,1,0.00,24,5.22,7.94,6.67,41.60
202407,0.00,0.00,2,14.51,13.44,10,14.57,187,0.26,0.25,1776,0.00,0.99,2,0.5000,23.00,108,2,0.00,24,5.22,7.45,6.27,65.30
202511,0.00,0.00,2,14.51,13.52,10,14.57,187,0.26,0.25,1742,0.00,0.99,2,0.5000,22.50,108,1,0.00,24,5.37,7.59,6.27,80.00
202615,0.00,0.00,2,14.51,13.44,10,14.57,187,0.26,0.26,1713,0.00,0.99,2,0.5000,22.00,108,2,0.00,24,5.37,7.54,6.27,93.90
202719,0.00,0.00,2,14.51,13.52,10,14.57,187,0.26,0.26,1694,0.00,0.99,2,0.5000,21.50,108,2,0.00,24,5.37,7.54,6.27,96.00
202823,0.00,0.00,2,14.51,13.52,10,14.57,187,0.26,0.26,1669,0.00,0.99,2,0.5000,21.50,108,2,0.00,24,5.51,7.30,6.27,96.00
202927,0.00,0.00,2,14.51,13.44,10,14.57,187,0.27,0.27,1646,0.00,0.99,2,0.5000,21.50,108,2,0.00,24,5.51,7.25,6.27,96.00
203031,0.00,0.00,2,14.51,13.44,10,14.57,187,0.27,0.27,1622,0.00,0.97,2,0.5000,25.00,108,2,0.00,24,5.66,7.45,7.06,96.00
203135,0.00,0.00,2,14.51,13.44,10,14.57,187,0.28,0.28,1712,0.00,0.97,2,0.5000,30.00,108,2,0.00,24,5.80,8.54,7.84,99.90
203239,0.00,0.00,2,14.51,13.52,10,14.56,187,0.28,0.29,1845,0.00,0.97,2,0.5000,32.50,108,2,0.00,24,6.24,9.34,9.41,96.00
203343,0.00,0.00,3,14.51,13.60,10,14.56,187,0.30,0.32,1893,0.00,0.96,2,0.5000,33.50,108,2,0.00,24,6.67,10.46,9.41,68.60
203447,0.00,2.34,3,14.51,13.44,10,14.55,187,0.32,0.34,1938,0.00,0.96,2,0.5000,34.50,108,2,0.00,24,6.96,10.77,9.41,26.70
203551,0.00,2.34,3,14.51,13.44,10,14.55,187,0.33,0.34,1936,0.00,0.96,2,0.5000,35.00,108,2,0.00,24,7.11,10.65,9.41,19.80
203655,0.00,2.34,3,14.51,13.44,10,14.55,187,0.33,0.33,1940,0.00,0.96,2,0.5000,35.00,108,3,0.00,24,7.25,10.77,11.37,18.60
203759,0.00,2.34,3,14.51,13.52,10,14.55,187,0.36,0.40,1956,0.00,0.86,2,0.5000,36.50,108,3,0.00,24,8.42,13.78,12.94,17.30
203863,0.00,2.34,3,14.51,13.52,10,14.56,187,0.41,0.44,1971,0.00,0.88,2,0.5000,38.50,108,3,0.00,24,9.14,15.00,13.73,17.10
203967,7.81,2.34,3,14.51,13.60,8,14.56,187,0.44,0.47,2012,0.00,0.91,2,0.5000,40.00,108,3,0.00,24,9.72,16.09,14.51,16.90
204072,13.28,2.34,3,14.51,13.44,8,14.57,187,0.47,0.48,2020,0.00,0.98,2,0.5000,40.50,108,3,0.00,24,10.01,16.51,14.51,16.90
204175,17.97,2.34,3,14.51,13.44,8,14.57,187,0.48,0.50,2058,0.00,0.98,2,0.5000,41.50,108,3,0.00,24,10.30,17.42,14.90,16.80
204279,20.31,2.34,3,14.51,13.52,8,14.58,187,0.50,0.52,2068,0.00,0.98,2,0.5000,42.00,108,4,0.00,24,10.59,17.73,16.08,15.90
204383,18.75,2.34,3,14.51,13.44,8,14.58,187,0.52,0.54,2105,0.00,0.98,2,0.5000,42.50,108,4,0.00,24,11.03,18.89,16.86,15.50
204488,20.31,2.34,3,14.51,13.60,8,14.58,187,0.54,0.56,2140,0.00,0.98,2,0.5000,43.50,108,4,0.00,24,11.17,20.03,16.86,15.10
204591,20.31,2.34,3,14.51,13.44,8,14.58,187,0.56,0.57,2130,0.00,0.98,2,0.5000,43.00,108,4,0.00,24,11.17,20.60,16.86,14.60
204695,18.75,2.34,3,14.51,13.44,8,14.58,187,0.57,0.58,2157,0.00,0.98,2,0.5000,42.50,108,5,0.00,24,11.17,20.82,16.86,14.20
204799,16.41,2.34,3,14.51,13.52,8,14.58,187,0.57,0.57,2169,0.00,0.98,2,0.5000,42.50,108,5,0.00,24,11.17,20.71,16.86,14.00
204903,15.62,2.34,3,14.51,13.52,8,14.58,187,0.58,0.58,2162,0.00,0.98,2,0.5000,42.00,108,5,0.00,24,11.17,21.37,16.86,14.00
205007,14.06,2.34,3,14.51,13.52,8,14.58,187,0.58,0.58,2172,0.00,0.98,2,0.5000,42.00,108,6,0.00,24,11.17,21.70,16.47,13.90
205112,12.50,2.34,3,14.51,13.44,8,14.58,187,0.59,0.60,2184,0.00,0.99,2,0.5000,42.00,108,6,0.00,24,11.17,21.04,16.47,13.90
205215,10.16,2.34,3,14.51,13.44,8,14.58,187,0.59,0.59,2204,0.00,0.99,2,0.5000,42.00,108,6,0.00,24,11.03,21.70,16.47,13.90
205319,10.16,2.34,3,14.51,13.52,8,14.58,187,0.59,0.59,2214,0.00,0.99,2,0.5000,41.50,108,7,0.00,24,11.17,22.03,16.86,13.90
205424,8.59,2.34,3,14.51,13.52,8,14.58,187,0.59,0.59,2204,0.00,0.99,2,0.5000,41.50,108,7,0.00,24,11.03,21.81,16.47,14.00
205527,7.81,2.34,3,14.51,13.44,8,14.58,187,0.59,0.59,2215,0.00,0.99,2,0.5000,41.50,108,7,0.00,24,11.03,22.03,16.47,14.10
205631,8.59,2.34,3,14.51,13.44,8,14.58,187,0.59,0.59,2224,0.00,0.99,2,0.5000,41.50,108,7,0.00,24,11.03,21.92,16.47,14.20
205735,7.81,2.34,3,14.51,13.44,8,14.58,187,0.59,0.60,2233,0.00,0.99,2,0.5000,41.50,108,7,0.00,24,11.03,22.15,16.47,14.30
205839,7.81,2.34,3,14.51,13.52,8,14.58,187,0.60,0.61,2259,0.00,0.99,2,0.5000,41.00,108,7,0.00,24,11.17,22.98,17.65,14.40
205943,7.81,2.34,3,14.51,13.52,8,14.57,185,0.61,0.62,2274,0.00,0.99,2,0.5000,41.00,108,8,0.00,24,11.32,23.33,17.65,14.40
206047,8.59,2.34,3,14.51,13.52,8,14.57,185,0.61,0.62,2291,0.00,0.99,2,0.5000,41.00,108,8,0.00,24,11.32,23.45,17.25,14.40
206151,9.38,2.34,3,14.51,13.36,8,14.57,185,0.62,0.62,2305,0.00,0.99,2,0.5000,41.00,108,8,0.00,24,11.17,23.57,17.25,14.40
206255,8.59,2.34,3,14.51,13.52,8,14.57,185,0.61,0.61,2316,0.00,0.99,2,0.5000,41.00,108,9,0.00,24,11.32,23.80,17.65,14.40
206359,9.38,2.34,3,14.51,13.52,8,14.57,185,0.62,0.62,2326,0.00,0.99,2,0.5000,40.50,108,9,0.00,24,11.17,24.28,17.65,14.40
206463,9.38,2.34,3,14.51,13.52,8,14.57,185,0.62,0.62,2339,0.00,0.99,2,0.5000,40.50,108,9,0.00,24,11.17,23.81,17.25,14.50
206568,9.38,2.34,3,14.51,13.44,8,14.57,185,0.62,0.62,2348,0.00,0.99,2,0.5000,40.50,108,10,0.00,24,11.17,24.51,17.25,14.40
206671,9.38,2.34,3,14.51,13.36,8,14.57,185,0.62,0.63,2356,0.00,0.99,2,0.5000,40.50,108,10,0.00,24,11.17,24.28,17.25,14.40
206775,8.59,2.34,3,14.51,13.44,8,14.57,185,0.62,0.62,2349,0.00,0.99,2,0.5000,40.50,108,11,0.00,24,11.17,24.75,17.65,14.50
206880,8.59,2.34,3,14.51,13.52,8,14.57,185,0.62,0.63,2360,0.00,0.99,2,0.5000,40.50,108,12,0.00,24,11.17,24.75,17.65,14.60
206983,9.38,2.34,3,14.51,13.44,8,14.57,185,0.63,0.63,2369,0.00,0.99,2,0.5000,40.50,108,12,0.00,24,11.03,24.88,17.65,14.50
207087,8.59,2.34,3,14.51,13.44,8,14.57,185,0.63,0.62,2383,0.00,0.99,2,0.5000,40.50,108,12,0.00,24,11.03,25.23,17.25,14.50
207191,8.59,2.34,3,14.51,13.52,8,14.57,185,0.62,0.62,2412,0.00,0.99,2,0.5000,40.50,108,13,0.00,24,11.03,25.23,17.65,14.40
207295,9.38,2.34,3,14.51,13.60,8,14.57,185,0.63,0.64,2422,0.00,0.99,2,0.5000,40.50,108,13,0.00,24,11.03,25.11,17.65,14.40
207399,8.59,2.34,3,14.51,13.44,8,14.57,185,0.63,0.62,2428,0.00,0.99,2,0.5000,40.50,108,14,0.00,24,11.03,26.06,17.65,14.40
207504,8.59,2.34,3,14.51,13.44,8,14.56,185,0.63,0.63,2426,0.00,0.99,2,0.5000,40.50,108,14,0.00,24,11.03,25.59,17.65,14.40
207607,8.59,2.34,3,14.51,13.44,8,14.56,185,0.63,0.63,2438,0.00,0.99,2,0.5000,40.00,108,15,0.00,24,11.46,26.90,19.22,14.40
207711,8.59,2.34,3,14.51,13.44,8,14.55,185,0.66,0.68,2480,0.00,0.99,2,0.5000,39.00,108,15,0.00,24,11.75,28.34,19.61,14.30
207815,10.16,2.34,3,14.51,13.60,8,14.53,185,0.68,0.69,2506,0.00,0.99,2,0.5000,38.50,108,16,0.00,24,11.75,28.35,19.61,14.40
207920,8.59,2.34,3,14.51,13.44,8,14.53,185,0.68,0.68,2505,0.00,0.99,2,0.5000,38.50,108,16,0.00,24,11.75,28.59,19.61,14.40
208023,7.81,2.34,3,14.51,13.52,8,14.53,185,0.68,0.67,2535,0.00,0.99,2,0.5000,38.50,108,17,0.00,24,11.75,28.59,19.61,14.10
208128,7.03,2.34,3,14.51,13.44,8,14.52,185,0.68,0.69,2524,0.00,0.99,2,0.5000,38.50,108,17,0.00,24,11.75,29.19,19.61,14.40
208231,5.47,2.34,3,14.51,13.52,8,14.52,185,0.69,0.69,2539,0.00,0.99,2,0.5000,38.50,108,17,0.00,24,11.75,29.43,19.61,14.20
208336,4.69,2.34,3,14.51,13.52,8,14.51,185,0.69,0.69,2577,0.00,0.99,2,0.5000,38.50,108,18,0.00,24,11.61,29.19,18.82,14.20
208440,2.34,2.34,3,14.51,13.52,8,14.50,185,0.68,0.68,2568,0.00,0.99,2,0.5000,39.00,108,18,0.00,24,11.32,28.12,18.43,14.20
208544,0.00,2.34,3,14.51,13.52,8,14.52,185,0.67,0.67,2593,0.00,0.99,2,0.5000,39.00,108,19,0.00,24,11.32,28.35,18.82,13.90
208648,0.00,2.34,3,14.51,13.36,8,14.51,185,0.67,0.67,2576,0.00,0.99,2,0.5000,39.00,108,19,0.00,24,11.46,29.44,18.82,13.80
208752,0.00,2.34,3,14.51,13.52,8,14.51,185,0.67,0.67,2609,0.00,0.99,2,0.5000,39.50,108,19,0.00,24,11.17,28.35,18.04,14.20
208855,-1.56,2.34,3,14.51,13.60,8,14.51,185,0.65,0.65,2600,0.00,0.99,2,0.5000,40.00,108,20,0.00,24,10.88,27.64,17.65,14.30
208960,-3.12,2.34,3,14.51,13.52,8,14.52,185,0.63,0.63,2620,0.00,0.99,2,0.5000,40.00,108,20,0.00,24,10.74,27.27,17.25,14.10
209063,-3.12,2.34,3,14.51,13.44,8,14.52,185,0.63,0.63,2602,0.00,0.99,2,0.5000,40.00,108,21,0.00,24,10.74,27.63,17.65,14.20
209168,-3.12,2.34,3,14.51,13.36,8,14.52,185,0.63,0.63,2636,0.00,0.99,2,0.5000,40.50,108,21,0.00,24,10.74,27.15,17.65,14.30
209272,-3.91,2.34,3,14.51,13.44,8,14.53,185,0.62,0.62,2625,0.00,0.99,2,0.5000,40.50,108,22,0.00,24,10.74,27.41,17.65,14.40
209376,-3.12,2.34,3,14.51,13.52,8,14.53,185,0.62,0.63,2627,0.00,0.99,2,0.5000,40.50,108,22,0.00,24,10.59,27.47,17.25,14.30
209481,-2.34,2.34,3,14.51,13.44,8,14.53,185,0.62,0.61,2666,0.00,0.99,2,0.5000,40.50,108,22,0.00,24,10.74,27.38,17.65,14.50
209583,-3.12,2.34,3,14.51,13.52,8,14.52,185,0.62,0.62,2645,0.00,0.99,2,0.5000,40.50,108,23,0.00,24,10.59,27.32,17.25,14.40
209688,-3.12,2.34,3,14.51,13.36,8,14.53,185,0.62,0.62,2681,0.00,0.99,2,0.5000,40.50,108,23,0.00,24,10.74,27.56,17.65,14.40
209792,-3.12,2.34,3,14.51,13.52,8,14.52,185,0.62,0.62,2666,0.00,0.99,2,0.5000,40.50,108,23,0.00,24,10.74,27.56,17.25,14.40
209896,-3.12,2.34,3,14.51,13.44,8,14.52,185,0.62,0.62,2676,0.00,0.99,2,0.5000,41.00,108,23,0.00,24,10.59,27.68,17.25,14.40
209999,-3.91,2.34,3,14.51,13.60,8,14.52,185,0.62,0.62,2698,0.00,0.99,2,0.5000,41.00,108,23,0.00,24,10.74,27.80,17.65,14.30
210104,-3.12,2.34,3,14.51,13.52,8,14.52,185,0.62,0.62,2690,0.00,0.99,2,0.5000,40.50,109,23,0.00,24,10.88,27.79,18.04,14.40
210208,-2.34,2.34,3,14.51,13.44,8,14.51,185,0.62,0.62,2702,0.00,0.99,2,0.5000,40.50,109,22,0.00,24,10.74,28.26,18.04,14.20
210312,-2.34,2.34,3,14.51,13.44,8,14.51,185,0.62,0.61,2736,0.00,0.99,2,0.5000,40.50,109,21,0.00,24,10.88,28.14,18.04,14.80
210416,-2.34,2.34,3,14.51,13.44,8,14.51,185,0.62,0.62,2751,0.00,0.99,2,0.5000,40.50,109,18,0.00,24,10.74,28.03,17.65,14.50
210520,-2.34,2.34,3,14.51,13.52,8,14.51,185,0.62,0.61,2730,0.00,0.99,2,0.5000,41.00,109,15,0.00,24,10.59,28.03,17.65,14.30
210624,-2.34,2.34,3,14.51,13.52,8,14.51,185,0.61,0.61,2742,0.00,0.99,2,0.5000,41.00,109,10,0.00,24,10.59,28.63,17.65,14.30
210728,-3.12,2.34,3,14.51,13.44,8,14.51,185,0.62,0.62,2769,0.00,0.99,2,0.5000,41.00,109,6,0.00,24,10.88,28.04,18.43,14.40
210832,-3.12,2.34,3,14.51,13.52,8,14.51,185,0.63,0.64,2782,0.00,0.99,2,0.5000,40.50,109,4,0.00,24,11.03,29.57,18.82,14.30
210936,-1.56,2.34,3,14.51,13.44,8,14.49,185,0.64,0.64,2798,0.00,0.99,2,0.5000,40.00,109,2,0.00,24,11.17,29.79,18.82,14.10
211040,-3.12,2.34,3,14.51,13.52,8,14.48,185,0.64,0.63,2789,0.00,0.99,2,0.5000,40.00,109,1,0.00,24,11.03,29.32,18.43,14.50
211144,-3.91,2.34,3,14.51,13.44,8,14.49,185,0.63,0.62,2797,0.00,0.99,2,0.5000,40.50,109,0,0.00,24,11.03,29.67,18.82,14.20
211248,-3.91,2.34,3,14.51,13.44,8,14.48,185,0.64,0.65,2801,0.00,0.99,2,0.5000,40.00,109,0,0.00,24,11.17,29.43,18.82,14.20
211352,-4.69,2.34,3,14.51,13.44,8,14.49,185,0.64,0.64,2833,0.00,0.99,2,0.5000,40.00,109,0,0.00,24,11.03,30.17,18.82,14.40
211456,-4.69,2.34,3,14.51,13.44,8,14.48,185,0.63,0.63,2838,0.00,0.99,2,0.5000,40.50,109,0,0.00,24,11.17,29.68,18.82,14.40
211560,-4.69,2.34,3,14.51,13.52,8,14.49,185,0.63,0.64,2848,0.00,0.99,2,0.5000,40.00,109,0,0.00,24,11.03,30.41,18.82,14.40
211664,-3.91,2.34,3,14.51,13.44,8,14.49,185,0.64,0.64,2850,0.00,0.99,2,0.5000,40.00,109,0,0.00,24,11.17,30.17,18.82,14.60
211768,-4.69,2.34,3,14.51,13.44,8,14.49,185,0.64,0.64,2864,0.00,0.99,2,0.5000,40.00,109,0,0.00,24,11.03,30.04,18.82,14.30
211872,-4.69,2.34,3,14.51,13.44,8,14.49,185,0.63,0.62,2872,0.00,0.99,2,0.5000,40.50,109,0,0.00,24,11.03,30.30,18.82,14.50
211976,-4.69,2.34,3,14.51,13.44,8,14.49,185,0.63,0.63,2881,0.00,0.99,2,0.5000,40.50,109,0,0.00,24,11.03,30.05,18.82,14.50
212080,-3.91,2.34,3,14.51,13.52,8,14.50,183,0.63,0.63,2893,0.00,0.99,2,0.5000,40.00,109,0,0.00,24,11.17,30.41,18.82,14.60
212184,-3.91,2.34,3,14.51,13.44,8,14.49,183,0.64,0.64,2900,0.00,0.99,2,0.5000,40.00,109,0,0.00,24,11.32,31.39,19.61,14.50
212288,-2.34,2.34,3,14.51,13.44,8,14.48,183,0.65,0.66,2912,0.00,0.99,2,0.5000,39.50,109,0,0.00,24,11.46,31.38,19.61,14.40
212392,-2.34,2.34,3,14.51,13.52,8,14.48,183,0.65,0.65,2921,0.00,0.99,2,0.5000,39.50,109,0,0.00,24,11.32,31.62,19.61,14.50
212496,-2.34,2.34,3,14.51,13.44,8,14.49,183,0.65,0.65,2928,0.00,0.99,2,0.5000,39.50,109,0,0.00,24,11.46,31.63,19.61,14.40
212600,-2.34,2.34,3,14.51,13.52,8,14.49,183,0.65,0.65,2934,0.00,0.99,2,0.5000,39.50,111,0,0.00,24,11.32,31.87,19.61,14.40
212704,-2.34,2.34,3,14.51,13.36,8,14.49,183,0.65,0.64,2946,0.00,0.99,2,0.5000,39.50,111,0,0.00,24,11.46,32.61,19.61,14.40
212808,-2.34,2.34,3,14.51,13.44,8,14.48,183,0.65,0.66,2956,0.00,0.99,2,0.5000,39.50,111,0,0.00,24,11.32,31.50,19.61,14.40
212912,-2.34,2.34,3,14.51,13.68,8,14.49,183,0.65,0.65,2968,0.00,0.99,2,0.5000,39.50,111,1,0.00,24,11.17,32.12,18.43,14.40
213015,-3.12,2.34,3,14.51,13.52,8,14.50,183,0.62,0.59,2974,0.00,0.99,2,0.5000,40.50,111,1,0.00,24,10.74,30.53,18.43,14.40
213120,-3.91,2.34,3,14.51,13.52,8,14.51,183,0.62,0.62,2964,0.00,0.99,2,0.5000,40.50,111,1,0.00,24,10.74,31.30,18.43,14.10
213225,-3.91,2.34,3,14.51,13.52,8,14.51,183,0.63,0.62,2975,0.00,0.99,2,0.5000,40.50,111,2,0.00,24,10.74,30.68,18.43,14.30
213329,-4.69,2.34,3,14.51,13.44,8,14.51,183,0.62,0.62,3010,0.00,0.99,2,0.5000,41.00,111,3,0.00,24,10.59,30.44,18.43,14.30
213433,-3.91,2.34,3,14.51,13.52,8,14.51,183,0.61,0.62,3012,0.00,0.99,2,0.5000,41.00,111,4,0.00,24,10.59,30.81,18.43,14.40
213537,-3.91,2.34,3,14.51,13.52,8,14.52,183,0.61,0.61,2997,0.00,0.99,2,0.5000,41.00,111,4,0.00,24,10.59,30.82,18.43,14.40
213641,-3.12,2.34,3,14.51,13.60,8,14.52,183,0.61,0.60,3009,0.00,0.99,2,0.5000,41.00,111,5,0.00,24,10.59,30.81,18.43,14.50
213745,-3.12,2.34,3,14.51,13.44,8,14.52,183,0.61,0.60,3038,0.00,0.99,2,0.5000,41.00,111,6,0.00,24,10.59,30.45,18.43,14.50
213849,-3.12,2.34,3,14.51,13.52,8,14.52,183,0.61,0.61,3047,0.00,0.99,2,0.5000,41.00,111,6,0.00,24,10.59,30.33,18.43,14.50
213953,-2.34,2.34,3,14.51,13.52,8,14.52,183,0.60,0.60,3035,0.00,0.99,2,0.5000,41.00,111,7,0.00,24,10.59,30.70,18.43,14.40
214057,-2.34,2.34,3,14.51,13.60,8,14.52,183,0.60,0.60,3038,0.00,0.99,2,0.5000,41.00,111,8,0.00,24,10.59,30.70,18.43,14.50
214160,-2.34,2.34,3,14.51,13.44,8,14.52,183,0.60,0.60,3066,0.00,0.99,2,0.5000,41.00,111,8,0.00,24,10.45,30.70,18.43,14.50
214264,-2.34,2.34,3,14.51,13.44,8,14.53,183,0.60,0.60,3076,0.00,0.99,2,0.5000,41.50,111,9,0.00,24,10.45,30.70,18.43,14.40
214369,-2.34,2.34,3,14.51,13.52,8,14.53,183,0.60,0.59,3064,0.00,0.99,2,0.5000,41.50,111,10,0.00,24,10.45,30.46,18.43,14.40
214473,-1.56,2.34,3,14.51,13.52,8,14.53,183,0.60,0.60,3090,0.00,0.99,2,0.5000,41.50,111,10,0.00,24,10.45,30.46,18.43,14.50
214576,-2.34,2.34,3,14.51,13.52,8,14.53,183,0.59,0.59,3098,0.00,0.99,2,0.5000,41.50,111,11,0.00,24,10.45,30.46,18.43,14.40
214681,-2.34,2.34,3,14.51,13.52,8,14.53,183,0.59,0.58,3084,0.00,0.99,2,0.5000,42.00,111,12,0.00,24,10.45,29.97,18.43,14.50
214785,-1.56,2.34,3,14.51,13.44,8,14.53,183,0.59,0.60,3110,0.00,0.99,2,0.5000,41.50,111,12,0.00,24,10.45,30.46,18.43,14.60
214889,-1.56,2.34,3,14.51,13.44,8,14.53,183,0.59,0.59,3096,0.00,0.99,2,0.5000,42.00,111,13,0.00,24,10.45,30.46,18.43,14.40
214993,-0.78,2.34,3,14.51,13.52,8,14.54,183,0.59,0.58,3104,0.00,0.99,2,0.5000,42.00,111,14,0.00,24,10.45,30.70,18.43,14.50
215097,-0.78,2.34,3,14.51,13.52,8,14.53,183,0.58,0.58,3129,0.00,0.99,2,0.5000,42.00,111,15,0.00,24,10.45,30.09,18.43,14.50
215201,-0.78,2.34,3,14.51,13.60,8,14.54,183,0.58,0.57,3114,0.00,0.99,2,0.5000,42.00,111,15,0.00,24,10.45,30.22,18.43,14.50
215305,0.00,2.34,3,14.51,13.44,8,14.54,183,0.58,0.58,3145,0.00,0.99,2,0.5000,42.00,111,16,0.00,24,10.45,30.09,18.43,14.60
215409,0.00,2.34,3,14.51,13.52,8,14.54,183,0.58,0.58,3127,0.00,0.99,2,0.5000,42.00,111,17,0.00,24,10.59,30.34,18.43,14.50
215513,0.00,2.34,3,14.51,13.52,8,14.54,183,0.58,0.59,3158,0.00,0.99,2,0.5000,42.00,111,17,0.00,24,10.59,30.46,18.43,14.50
215617,0.78,2.34,3,14.51,13.52,8,14.54,183,0.58,0.58,3142,0.00,0.99,2,0.5000,42.00,111,18,0.00,24,10.59,31.19,18.82,14.50
215721,1.56,2.34,3,14.51,13.44,8,14.54,183,0.59,0.59,3176,0.00,0.99,2,0.5000,42.00,111,19,0.00,24,10.74,30.94,18.82,14.50
215825,1.56,2.34,3,14.51,13.36,8,14.54,183,0.59,0.59,3162,0.00,0.99,2,0.5000,41.50,111,19,0.00,24,10.88,31.42,18.82,14.60
215929,1.56,2.34,3,14.51,13.52,8,14.53,183,0.59,0.59,3187,0.00,0.99,2,0.5000,41.50,111,20,0.00,24,10.88,31.67,19.22,14.50
216033,1.56,2.34,3,14.51,13.52,8,14.53,183,0.60,0.60,3172,0.00,0.99,2,0.5000,41.50,111,20,0.00,24,10.88,31.66,18.82,14.50
216137,1.56,2.34,3,14.51,13.52,8,14.53,183,0.60,0.59,3204,0.00,0.99,2,0.5000,41.50,111,20,0.00,24,10.74,31.54,18.82,14.40
216241,1.56,2.34,3,14.51,13.52,8,14.53,183,0.60,0.59,3182,0.00,0.99,2,0.5000,41.50,111,19,0.00,24,10.74,31.54,18.82,14.40
216345,1.56,2.34,3,14.51,13.44,8,14.53,183,0.60,0.60,3208,0.00,0.99,2,0.5000,41.50,111,16,0.00,24,10.74,31.42,18.82,14.40
216449,1.56,2.34,3,14.51,13.60,8,14.53,183,0.60,0.59,3194,0.00,0.99,2,0.5000,41.50,111,13,0.00,24,10.74,31.79,18.82,14.40
216553,1.56,2.34,3,14.51,13.60,8,14.53,183,0.60,0.61,3224,0.00,0.99,2,0.5000,41.50,111,11,0.00,24,10.74,32.41,18.82,14.40
216656,0.78,2.34,3,14.51,13.60,8,14.53,183,0.60,0.59,3200,0.00,0.99,2,0.5000,41.50,111,8,0.00,24,10.74,31.92,18.82,14.40
216761,0.78,2.34,3,14.51,13.44,8,14.53,183,0.60,0.60,3230,0.00,0.99,2,0.5000,41.50,111,6,0.00,24,10.74,32.41,18.82,14.40
216865,0.78,2.34,3,14.51,13.36,8,14.53,183,0.60,0.59,3210,0.00,0.99,2,0.5000,41.50,111,5,0.00,24,10.74,31.92,18.82,14.50
216969,0.78,2.34,3,14.51,13.44,8,14.53,183,0.59,0.59,3214,0.00,0.99,2,0.5000,41.50,111,4,0.00,24,10.74,31.79,18.82,14.40
217073,0.00,2.34,3,14.51,13.60,8,14.53,183,0.59,0.59,3244,0.00,0.99,2,0.5000,41.50,111,4,0.00,24,10.74,31.91,18.82,14.40
217177,0.78,2.34,3,14.51,13.60,8,14.53,183,0.59,0.59,3222,0.00,0.99,2,0.5000,42.00,111,3,0.00,24,10.74,31.67,18.82,14.50
217281,1.56,2.34,3,14.51,13.44,8,14.53,183,0.59,0.59,3250,0.00,0.99,2,0.5000,41.50,111,3,0.00,24,10.74,32.04,18.82,14.60
217385,1.56,2.34,3,14.51,13.36,8,14.53,183,0.59,0.59,3234,0.00,0.99,2,0.5000,41.50,111,3,0.00,24,10.74,31.79,18.82,14.50
217489,1.56,2.34,3,14.51,13.52,8,14.53,183,0.60,0.60,3232,0.00,0.99,2,0.5000,41.50,111,3,0.00,24,10.74,32.40,18.82,14.50
217593,0.78,2.34,3,14.51,13.60,8,14.53,183,0.60,0.60,3262,0.00,0.99,2,0.5000,41.50,111,3,0.00,24,10.74,32.16,18.82,14.30
217697,0.78,2.34,3,14.51,13.52,8,14.53,183,0.60,0.59,3243,0.00,0.99,2,0.5000,41.50,111,3,0.00,24,10.74,32.29,18.82,14.30
217801,0.78,2.34,3,14.51,13.44,8,14.53,183,0.60,0.60,3250,0.00,0.99,2,0.5000,41.50,111,3,0.00,24,10.74,32.65,18.82,14.40
217905,0.78,2.34,3,14.51,13.36,8,14.53,183,0.59,0.59,3285,0.00,0.99,2,0.5000,41.50,111,3,0.00,24,10.74,32.53,18.82,14.40
218011,0.78,2.34,3,14.51,13.44,8,14.53,183,0.59,0.59,3263,0.00,0.99,2,0.5000,41.50,111,4,0.00,24,10.59,32.41,18.82,14.50
218113,0.78,2.34,3,14.51,13.60,8,14.53,183,0.59,0.58,3264,0.00,0.99,2,0.5000,41.50,111,4,0.00,24,10.59,32.64,18.82,14.40
218217,0.78,2.34,3,14.51,13.60,8,14.53,183,0.59,0.59,3294,0.00,0.99,2,0.5000,41.50,111,5,0.00,24,10.74,32.41,18.82,14.50
218321,0.78,2.34,3,14.51,13.44,8,14.53,183,0.59,0.58,3276,0.00,0.99,2,0.5000,42.00,111,5,0.00,24,10.59,32.28,18.82,14.50
218425,0.78,2.34,3,14.51,13.44,8,14.53,183,0.59,0.59,3280,0.00,0.99,2,0.5000,41.50,109,6,0.00,24,10.59,32.41,18.82,14.40
218529,1.56,2.34,3,14.51,13.44,8,14.53,183,0.59,0.59,3310,0.00,0.99,2,0.5000,41.50,109,6,0.00,24,10.59,32.77,18.82,14.50
218632,1.56,2.34,3,14.51,13.60,8,14.53,183,0.59,0.60,3317,0.00,0.99,2,0.5000,41.50,109,7,0.00,24,10.59,32.90,18.82,14.50
218737,1.56,2.34,3,14.51,13.52,8,14.53,183,0.60,0.59,3299,0.00,0.99,2,0.5000,41.50,109,7,0.00,24,10.59,32.77,18.82,14.50
218841,0.78,2.34,3,14.51,13.52,8,14.53,183,0.59,0.59,3303,0.00,0.99,2,0.5000,41.50,109,8,0.00,24,10.59,32.41,18.82,14.40
218945,0.78,2.34,3,14.51,13.44,8,14.53,183,0.59,0.59,3338,0.00,0.99,2,0.5000,41.50,109,9,0.00,24,10.59,32.77,18.82,14.40
219049,0.78,2.34,3,14.51,13.52,8,14.53,183,0.59,0.60,3341,0.00,0.99,2,0.5000,41.50,109,9,0.00,24,10.45,32.65,18.82,14.40
219153,0.78,2.34,3,14.51,13.52,8,14.53,183,0.59,0.59,3323,0.00,0.99,2,0.5000,42.00,109,10,0.00,24,10.45,32.66,18.43,14.50
219257,0.00,2.34,3,14.51,13.60,8,14.53,183,0.58,0.58,3330,0.00,0.99,2,0.5000,42.00,109,11,0.00,24,10.45,32.66,18.82,14.50
219361,0.78,2.34,3,14.51,13.52,8,14.53,183,0.59,0.59,3363,0.00,0.99,2,0.5000,42.00,109,11,0.00,24,10.45,32.53,18.82,14.40
219465,0.00,2.34,3,14.51,13.44,8,14.53,183,0.58,0.58,3369,0.00,0.99,2,0.5000,42.00,109,11,0.00,24,10.30,32.41,18.82,14.40
219569,0.78,2.34,3,14.51,13.52,8,14.53,183,0.58,0.58,3368,0.00,0.99,2,0.5000,42.00,109,12,0.00,24,10.30,32.41,18.43,14.50
219673,0.78,2.34,3,14.51,13.44,8,14.53,183,0.57,0.57,3354,0.00,0.99,2,0.5000,42.50,109,13,0.00,24,10.16,32.05,18.04,14.50
219777,0.00,2.34,3,14.51,13.44,8,14.54,183,0.56,0.55,3364,0.00,0.99,2,0.5000,43.00,108,13,0.00,24,10.01,31.44,18.04,14.40
219881,-0.78,2.34,3,14.51,13.52,8,14.54,183,0.56,0.56,3366,0.00,0.99,2,0.5000,43.00,108,14,0.00,24,10.01,31.32,18.04,14.30
219985,0.00,2.34,3,14.51,13.60,8,14.54,183,0.56,0.56,3399,0.00,0.99,2,0.5000,43.00,108,14,0.00,24,9.87,31.57,17.65,14.40
220089,-0.78,2.34,3,14.51,13.52,8,14.54,183,0.55,0.55,3405,0.00,0.99,2,0.5000,43.50,108,15,0.00,24,9.72,30.84,17.65,14.20
220193,-1.56,2.34,3,14.51,13.52,8,14.54,183,0.54,0.54,3411,0.00,0.99,2,0.5000,43.50,108,15,0.00,24,9.58,30.85,17.65,14.30
220297,-2.34,2.34,3,14.51,13.60,8,14.54,183,0.54,0.54,3417,0.00,0.99,2,0.5000,43.50,108,16,0.00,24,9.58,30.48,17.65,14.30
220401,-2.34,2.34,3,14.51,13.52,8,14.55,183,0.54,0.54,3425,0.00,0.99,2,0.5000,43.50,108,16,0.00,24,9.58,30.73,17.65,14.40
220504,-1.56,2.34,3,14.51,13.60,8,14.54,183,0.54,0.54,3407,0.00,0.99,2,0.5000,43.50,108,16,0.00,24,9.58,30.60,17.65,14.50
220609,-1.56,2.34,3,14.51,13.52,8,14.54,183,0.54,0.54,3418,0.00,0.99,2,0.5000,43.50,108,15,0.00,24,9.58,30.48,17.65,14.60
220713,-1.56,2.34,3,14.51,13.52,8,14.55,183,0.53,0.53,3426,0.00,0.99,2,0.5000,43.50,108,14,0.00,24,9.43,30.36,17.65,14.50
220817,-0.78,2.34,3,14.51,13.44,8,14.55,183,0.53,0.53,3433,0.00,0.99,2,0.5000,43.00,108,12,0.00,24,9.43,30.36,17.65,14.50
220921,0.00,2.34,3,14.51,13.44,8,14.55,183,0.53,0.52,3444,0.00,0.99,2,0.5000,43.00,108,11,0.00,24,9.43,29.99,17.65,14.80
221025,0.78,2.34,3,14.51,13.52,8,14.55,183,0.52,0.52,3455,0.00,0.99,2,0.5000,43.00,108,10,0.00,24,9.43,30.73,17.65,14.50
221129,0.78,2.34,3,14.51,13.52,8,14.55,183,0.52,0.52,3463,0.00,0.99,2,0.5000,43.00,106,8,0.00,24,9.43,30.24,17.65,14.50
221233,0.78,2.34,3,14.51,13.52,8,14.55,183,0.52,0.52,3471,0.00,0.99,2,0.5000,43.00,106,7,0.00,24,9.43,30.36,17.65,14.50
221337,0.78,2.34,3,14.51,13.60,8,14.54,183,0.52,0.52,3481,0.00,0.99,2,0.5000,43.00,106,7,0.00,24,9.43,30.61,17.65,14.50
221441,0.78,2.34,3,14.51,13.60,8,14.54,183,0.52,0.52,3490,0.00,0.99,2,0.5000,43.00,106,6,0.00,24,9.29,30.73,17.65,14.40
221545,0.00,2.34,3,14.51,13.52,8,14.55,183,0.52,0.52,3529,0.00,0.99,2,0.5000,43.00,106,6,0.00,24,9.29,30.49,17.65,14.40
221649,0.78,2.34,3,14.51,13.52,8,14.55,183,0.51,0.52,3535,0.00,0.99,2,0.5000,43.00,106,6,0.00,25,9.29,30.12,17.65,14.40
221753,0.78,2.34,3,14.51,13.60,8,14.55,183,0.52,0.52,3546,0.00,0.99,2,0.5000,43.00,106,6,0.00,25,9.29,30.24,17.65,14.50
221857,1.56,2.34,3,14.51,13.52,8,14.55,183,0.51,0.52,3558,0.00,0.99,2,0.5000,43.00,106,6,0.00,25,9.29,30.49,17.65,14.50
221961,1.56,2.34,3,14.51,13.44,8,14.54,183,0.51,0.51,3547,0.00,0.99,2,0.5000,43.00,106,6,0.00,25,9.14,30.24,17.65,14.50
222065,1.56,2.34,3,14.51,13.52,8,14.54,183,0.51,0.51,3558,0.00,0.99,2,0.5000,43.00,106,6,0.00,25,9.00,29.86,16.86,14.50
222169,0.78,2.34,3,14.51,13.60,8,14.55,183,0.50,0.49,3562,0.00,0.99,2,0.5000,43.00,106,6,0.00,25,8.71,29.53,16.86,14.20
222273,-0.78,2.34,3,14.51,13.44,8,14.55,183,0.49,0.49,3602,0.00,0.99,2,0.5000,43.00,106,7,0.00,25,8.71,28.93,16.47,14.20
222377,-0.78,2.34,3,14.51,13.52,8,14.54,183,0.48,0.48,3606,0.00,0.99,2,0.5000,43.00,106,8,0.00,25,8.56,29.06,16.47,14.40
222481,-0.78,2.34,3,14.51,13.44,8,14.54,183,0.48,0.47,3584,0.00,0.99,2,0.5000,42.50,104,8,0.00,25,8.56,28.59,16.47,14.50
222585,-0.78,2.34,3,14.51,13.52,8,14.54,183,0.48,0.48,3596,0.00,0.99,2,0.5000,42.50,104,8,0.00,25,8.56,28.58,16.47,14.50
222690,0.00,2.34,3,14.51,13.52,8,14.54,183,0.48,0.48,3637,0.00,0.99,2,0.5000,42.50,104,9,0.00,25,8.42,28.83,16.86,14.50
222793,0.78,2.34,3,14.51,13.60,8,14.54,183,0.47,0.47,3647,0.00,0.99,2,0.5000,42.50,104,9,0.00,25,7.69,26.32,14.51,14.50
222897,-4.69,2.34,3,14.51,13.52,8,14.54,183,0.42,0.40,3610,0.00,1.04,2,0.5000,42.00,104,9,0.00,25,6.82,22.86,12.94,13.90
223002,-10.94,2.34,3,14.51,13.44,8,14.53,183,0.37,0.36,3590,0.00,0.99,2,0.5000,41.50,104,10,0.00,25,6.38,20.87,12.55,13.20
223105,-14.84,2.34,3,14.51,13.52,8,14.53,183,0.34,0.33,3612,0.00,0.99,2,0.5000,41.00,104,11,0.00,25,6.09,19.76,12.16,13.40
223209,-15.62,2.34,3,14.51,13.60,8,14.52,183,0.33,0.33,3602,0.00,0.99,2,0.5000,41.00,104,11,0.00,25,5.95,19.14,12.16,14.00
223313,-13.28,2.34,3,14.51,13.60,8,14.52,183,0.32,0.31,3569,0.00,0.99,2,0.5000,41.00,104,12,0.00,25,5.95,19.17,12.16,14.00
223417,-9.38,2.34,3,14.51,13.52,8,14.52,183,0.32,0.32,3569,0.00,0.99,2,0.5000,41.00,104,12,0.00,25,5.95,18.66,12.55,15.30
223521,-5.47,2.34,3,14.51,13.52,8,14.52,183,0.31,0.31,3610,0.00,0.99,2,0.5000,41.00,104,12,0.00,25,5.95,18.48,12.55,15.40
223626,-3.12,2.34,3,14.51,13.60,8,14.52,183,0.31,0.31,3610,0.00,0.99,2,0.5000,41.00,104,12,0.00,25,5.51,18.02,10.59,15.30
223729,-3.12,2.34,3,14.51,13.60,8,14.52,183,0.27,0.26,3576,0.00,0.99,2,0.5000,40.50,104,13,0.00,25,4.93,14.97,9.02,14.90
223833,-8.59,2.34,3,14.51,13.68,8,14.52,183,0.25,0.24,3552,0.00,0.99,2,0.5000,40.00,104,13,0.00,25,4.64,13.66,8.63,14.20
223937,-17.19,2.34,3,14.51,13.52,8,14.52,183,0.22,0.22,3540,0.00,0.99,2,0.5000,40.00,102,13,0.00,25,4.35,12.55,8.63,13.20
224042,-22.66,2.34,3,14.51,13.52,8,14.52,183,0.22,0.22,3552,0.00,0.99,2,0.5000,40.00,102,12,0.00,25,4.35,12.50,8.63,12.90
224146,-25.00,2.34,3,14.51,13.52,8,14.52,183,0.21,0.21,3541,0.00,0.99,2,0.5000,40.00,102,12,0.00,25,4.35,12.43,8.63,13.10
224250,-24.22,2.34,3,14.51,13.60,8,14.52,183,0.21,0.21,3530,0.00,1.00,2,0.5000,40.00,102,11,0.00,25,4.35,12.14,8.63,13.90
224353,-23.44,2.34,3,14.51,13.60,8,14.52,183,0.20,0.20,3522,0.00,1.00,2,0.5000,40.00,102,11,0.00,25,4.06,10.65,7.84,14.30
224458,-21.88,2.34,3,14.51,13.60,8,14.52,183,0.18,0.18,3505,0.00,1.00,2,0.5000,40.00,102,10,0.00,25,3.77,10.18,7.45,16.50
224562,-20.31,2.34,3,14.51,13.52,8,14.53,183,0.18,0.17,3499,0.00,0.99,2,0.5000,40.00,102,10,0.00,25,3.77,9.99,7.45,15.10
224666,-20.31,2.34,3,14.51,13.52,8,14.52,183,0.17,0.17,3456,0.00,0.99,2,0.5000,40.00,102,9,0.00,25,3.63,9.90,7.45,14.30
224770,-21.09,2.34,2,14.51,13.60,8,14.53,183,0.17,0.17,3449,0.00,0.99,2,0.5000,40.00,102,8,0.00,25,3.63,10.04,7.45,14.40
224874,-21.88,0.00,2,14.51,13.68,8,14.53,183,0.17,0.17,3447,0.00,0.99,2,0.5000,40.00,102,8,0.00,25,3.63,9.95,7.45,14.20
224978,-21.88,0.00,2,14.51,13.60,8,14.53,183,0.17,0.17,3438,0.00,0.99,2,0.5000,40.00,102,8,0.00,25,3.63,9.80,7.45,14.20
225082,-22.66,0.00,2,14.51,13.52,8,14.53,183,0.17,0.17,3454,0.00,0.99,2,0.5000,40.00,102,8,0.00,25,3.63,9.90,7.45,14.10
225186,-23.44,0.00,2,14.51,13.52,8,14.53,183,0.17,0.17,3447,0.00,0.99,2,0.5000,40.00,102,7,0.00,25,3.63,9.80,7.45,14.10
225290,-24.22,0.00,2,14.51,13.68,8,14.53,183,0.17,0.17,3439,0.00,0.99,2,0.5000,40.00,102,7,0.00,25,3.48,9.71,7.06,14.10
225394,-25.00,0.00,2,14.51,13.60,8,14.53,183,0.16,0.16,3424,0.00,0.99,2,0.5000,40.00,102,7,0.00,25,3.48,9.15,6.67,14.10
225498,-25.00,0.00,2,14.51,13.52,8,14.53,183,0.16,0.16,3412,0.00,0.99,2,0.5000,40.00,102,7,0.00,25,3.48,8.95,7.06,14.30
225602,-22.66,0.00,2,14.51,13.60,8,14.53,183,0.16,0.16,3392,0.00,0.99,2,0.5000,40.00,102,7,0.00,25,3.48,8.74,6.67,14.30
225706,-15.62,0.00,2,14.51,13.52,8,14.53,183,0.16,0.16,3366,0.00,0.99,2,0.5000,39.50,102,8,0.00,25,3.48,9.05,7.06,15.70
225809,-10.94,0.00,2,14.51,13.68,8,14.53,183,0.16,0.16,3364,0.00,0.99,2,0.5000,36.00,102,8,0.00,25,3.48,8.84,7.06,16.60
225914,-11.72,0.00,2,14.51,13.60,8,14.53,183,0.16,0.16,3358,0.00,0.99,2,0.5000,33.00,102,8,0.00,25,3.48,8.95,7.06,15.90
226017,-13.28,0.00,2,14.51,13.60,8,14.53,183,0.16,0.16,3372,0.00,0.99,2,0.5000,29.50,102,8,0.00,25,3.48,8.79,7.06,15.80
226122,0.00,0.00,2,14.51,13.52,8,14.54,183,0.16,0.16,3354,0.00,0.99,2,0.5000,26.50,102,9,0.00,25,3.48,8.64,7.06,14.10
226226,0.00,0.00,2,14.51,13.60,10,14.54,183,0.16,0.16,3328,0.00,0.99,2,0.5000,24.00,102,9,0.00,25,3.63,8.95,7.06,14.00
226330,0.00,0.00,2,14.51,13.04,10,14.54,183,0.16,0.16,3298,0.00,0.99,2,0.5000,24.00,102,9,0.00,25,3.63,9.05,7.06,14.30
226433,0.00,0.00,2,14.51,13.28,10,14.54,183,0.16,0.16,3289,0.00,0.99,2,0.5000,24.00,102,10,0.00,25,3.77,8.79,6.67,15.70
226538,0.00,0.00,2,14.51,13.60,10,14.54,183,0.16,0.16,3284,0.00,0.99,2,0.5000,24.00,102,10,0.00,25,3.77,8.79,7.06,17.20
226642,0.00,0.00,2,14.51,13.52,10,14.54,183,0.17,0.17,3240,0.00,0.99,2,0.5000,24.00,102,10,0.00,25,3.77,9.05,7.06,19.10
226746,0.00,0.00,2,14.51,13.52,10,14.54,183,0.17,0.17,3246,0.00,0.99,2,0.5000,24.00,102,10,0.00,25,3.77,8.84,7.06,24.10
226849,0.00,0.00,2,14.51,13.60,10,14.55,183,0.17,0.17,3216,0.00,0.99,2,0.5000,24.00,102,11,0.00,25,3.77,9.05,7.06,33.60
226954,0.00,0.00,2,14.51,13.52,10,14.55,183,0.17,0.17,3166,0.00,0.99,2,0.5000,24.00,102,11,0.00,25,3.77,9.05,7.06,61.50
227058,0.00,0.00,2,14.51,13.52,10,14.56,183,0.17,0.17,3162,0.00,0.99,2,0.5000,24.00,102,11,0.00,25,3.92,8.90,7.06,84.60
227162,0.00,0.00,2,14.51,13.52,10,14.56,183,0.17,0.17,3133,0.00,0.99,2,0.5000,24.00,102,11,0.00,25,3.92,9.20,7.06,96.00
227266,0.00,0.00,2,14.51,13.60,10,14.56,183,0.18,0.18,3077,0.00,0.99,2,0.5000,24.00,102,11,0.00,25,3.92,9.15,6.67,96.00
227370,0.00,0.00,2,14.51,13.60,10,14.57,183,0.18,0.18,3072,0.00,0.99,2,0.5000,24.00,102,11,0.00,25,3.92,9.05,7.06,96.00
227474,0.00,0.00,2,14.51,13.52,10,14.57,183,0.18,0.18,3048,0.00,0.99,2,0.5000,24.00,102,12,0.00,25,3.92,8.84,7.06,99.90
227578,0.00,0.00,2,14.51,13.60,10,14.58,185,0.18,0.18,2999,0.00,0.99,2,0.5000,24.00,102,12,0.00,25,3.92,8.95,7.06,99.90
227682,0.00,0.00,2,14.51,13.60,10,14.58,185,0.18,0.18,2976,0.00,0.99,2,0.5000,24.00,102,12,0.00,25,3.92,9.05,6.67,99.90
227786,0.00,0.00,2,14.51,13.68,10,14.59,185,0.18,0.18,2976,0.00,0.99,2,0.5000,24.00,102,12,0.00,25,3.92,8.84,7.06,99.90
227890,0.00,0.00,2,14.51,13.52,10,14.59,185,0.18,0.18,2953,0.00,1.00,2,0.5000,24.00,102,12,0.00,25,3.92,8.90,7.06,99.90
227994,0.00,0.00,2,14.51,13.52,10,14.60,185,0.18,0.19,2927,0.00,1.00,2,0.5000,24.00,102,13,0.00,25,3.92,8.90,7.06,99.90
228098,0.00,0.00,2,14.51,13.52,10,14.60,185,0.18,0.19,2905,0.00,1.00,2,0.5000,24.00,102,13,0.00,25,3.92,8.84,7.06,99.90
228202,0.00,0.00,2,14.51,13.52,10,14.61,185,0.18,0.19,2888,0.00,1.00,2,0.5000,24.00,102,13,0.00,25,3.92,8.79,7.06,99.90
228306,0.00,0.00,2,14.51,13.60,10,14.61,185,0.19,0.19,2864,0.00,1.00,2,0.5000,24.00,102,13,0.00,25,3.92,8.84,7.06,99.90
228409,0.00,0.00,2,14.51,13.60,10,14.62,185,0.19,0.19,2835,0.00,1.00,2,0.5000,24.00,102,13,0.00,25,3.92,8.74,7.06,99.90
228514,0.00,0.00,2,14.51,13.52,10,14.62,185,0.19,0.19,2808,0.00,1.00,2,0.5000,24.00,102,14,0.00,25,3.92,8.64,7.06,99.90
228618,0.00,0.00,2,14.51,13.52,10,14.62,185,0.19,0.18,2763,0.00,1.00,2,0.5000,24.00,102,13,0.00,25,3.92,8.54,7.06,99.90
228722,0.00,0.00,2,14.51,13.60,10,14.62,185,0.19,0.19,2736,0.00,1.00,2,0.5000,24.00,102,14,0.00,25,3.92,8.79,6.67,99.90
228826,0.00,0.00,2,14.51,13.60,10,14.62,185,0.19,0.19,2732,0.00,1.00,2,0.5000,24.00,102,14,0.00,25,3.92,8.74,7.06,99.90
228930,0.00,0.00,2,14.51,13.60,10,14.61,185,0.19,0.19,2702,0.00,1.00,2,0.5000,24.00,102,14,0.00,25,3.92,8.39,6.67,99.90
229034,0.00,0.00,2,14.51,13.52,10,14.61,185,0.19,0.19,2655,0.00,1.00,2,0.5000,24.00,102,14,0.00,25,3.92,8.39,7.06,99.90
229138,0.00,0.00,2,14.51,13.60,10,14.61,185,0.19,0.20,2652,0.00,1.00,2,0.5000,24.00,102,14,0.00,25,3.92,8.64,6.67,99.90
229242,0.00,0.00,2,14.51,13.52,10,14.61,185,0.20,0.20,2604,0.00,1.00,2,0.5000,24.00,102,13,0.00,25,3.92,8.54,6.67,99.90
229346,0.00,0.00,2,14.51,13.68,10,14.61,185,0.20,0.20,2601,0.00,1.00,2,0.5000,24.00,102,13,0.00,25,3.92,8.69,6.67,99.90
229450,0.00,0.00,2,14.51,13.60,10,14.61,185,0.20,0.20,2555,0.00,1.00,2,0.5000,24.00,102,13,0.00,25,3.92,8.34,7.06,99.90
229554,0.00,0.00,2,14.51,13.52,10,14.61,185,0.20,0.20,2547,0.00,1.00,2,0.5000,24.00,102,12,0.00,25,4.06,8.44,7.06,99.90
229658,0.00,0.00,2,14.51,13.44,10,14.61,185,0.20,0.20,2502,0.00,1.00,2,0.5000,24.00,102,11,0.00,25,4.06,8.29,7.06,99.90
229762,0.00,0.00,2,14.51,13.52,10,14.61,185,0.20,0.21,2482,0.00,1.00,2,0.5000,24.00,102,10,0.00,25,4.06,8.49,6.67,99.90
229866,0.00,0.00,2,14.51,13.60,10,14.61,185,0.20,0.20,2479,0.00,1.00,2,0.5000,24.00,102,10,0.00,25,4.06,8.24,7.06,99.90
229970,0.00,0.00,2,14.51,13.60,10,14.61,185,0.21,0.21,2455,0.00,1.00,2,0.5000,24.00,102,9,0.00,25,4.21,8.44,6.67,99.90
230074,0.00,0.00,2,14.51,13.52,10,14.61,185,0.21,0.21,2399,0.00,1.00,2,0.5000,24.00,102,8,0.00,25,4.21,8.39,7.06,99.90
230178,0.00,0.00,2,14.51,13.52,10,14.60,185,0.21,0.21,2368,0.00,1.00,2,0.5000,24.00,102,7,0.00,25,4.35,8.34,7.06,99.90
230282,0.00,0.00,2,14.51,13.52,10,14.60,185,0.21,0.21,2340,0.00,1.00,2,0.5000,24.00,102,6,0.00,25,4.35,8.54,7.06,99.90
230386,0.00,0.00,2,14.51,13.60,10,14.60,185,0.21,0.21,2314,0.00,1.00,2,0.5000,24.00,102,6,0.00,25,4.50,8.24,6.67,99.90
230490,0.00,0.00,2,14.51,13.60,10,14.59,185,0.21,0.21,2285,0.00,1.00,2,0.5000,24.00,102,5,0.00,25,4.50,8.24,6.67,99.90
230594,0.00,0.00,2,14.51,13.44,10,14.59,185,0.21,0.21,2254,0.00,1.00,2,0.5000,24.00,102,4,0.00,25,4.50,7.89,6.67,99.90
230698,0.00,0.00,2,14.51,13.60,10,14.59,185,0.21,0.21,2221,0.00,0.99,2,0.5000,24.00,102,3,0.00,25,4.50,7.84,6.67,99.90
230803,0.00,0.00,2,14.51,13.52,10,14.59,185,0.21,0.21,2189,0.00,0.99,2,0.5000,24.00,102,2,0.00,25,4.50,7.84,6.27,99.90
230906,0.00,0.00,2,14.51,13.60,10,14.59,185,0.21,0.21,2180,0.00,0.99,2,0.5000,24.00,102,1,0.00,25,4.64,7.79,6.27,99.90
231010,0.00,0.00,2,14.51,13.60,10,14.58,185,0.22,0.21,2148,0.00,0.99,2,0.5000,24.00,102,0,0.00,25,4.64,7.69,6.27,99.90
231114,0.00,0.00,2,14.51,13.60,10,14.58,185,0.22,0.22,2102,0.00,0.99,2,0.5000,24.00,102,0,0.00,25,4.64,7.59,6.27,99.90
231218,0.00,0.00,2,14.51,13.52,10,14.58,185,0.21,0.21,2090,0.00,0.99,2,0.5000,24.00,102,0,0.00,25,4.64,7.26,6.27,99.90
231322,0.00,0.00,2,14.51,13.52,10,14.57,185,0.21,0.21,2042,0.00,0.99,2,0.5000,24.00,102,0,0.00,25,4.64,7.16,5.88,99.90
231426,0.00,0.00,2,14.51,13.60,10,14.57,185,0.21,0.22,2025,0.00,0.99,2,0.5000,24.00,102,0,0.00,25,4.64,7.16,5.88,99.90
231531,0.00,0.00,2,14.51,13.68,10,14.57,185,0.22,0.22,1976,0.00,0.99,2,0.5000,24.00,102,0,0.00,25,4.64,7.26,5.88,99.90
231634,0.00,0.00,2,14.51,13.60,10,14.57,185,0.22,0.22,1956,0.00,0.99,2,0.5000,24.00,102,0,0.00,25,4.64,7.06,5.88,99.90
231738,0.00,0.00,2,14.51,13.36,10,14.57,185,0.22,0.22,1906,0.00,0.99,2,0.5000,24.00,102,0,0.00,25,4.64,7.16,5.88,99.90
231842,0.00,0.00,2,14.51,13.52,10,14.57,185,0.22,0.22,1872,0.00,0.99,2,0.5000,24.00,102,0,0.00,25,4.79,6.82,5.88,99.90
231947,0.00,0.00,2,14.51,13.60,10,14.57,185,0.23,0.23,1853,0.00,0.99,2,0.5000,24.00,102,0,0.00,25,4.64,6.97,5.49,99.90
232050,0.00,0.00,2,14.51,13.52,10,14.57,185,0.23,0.23,1823,0.00,0.99,2,0.5000,24.00,102,0,0.00,25,4.64,6.77,5.49,99.90
232154,0.00,0.00,2,14.51,13.60,10,14.57,185,0.23,0.23,1792,0.00,0.99,2,0.5000,23.50,102,0,0.00,25,4.79,6.68,5.49,99.90
232258,0.00,0.00,2,14.51,13.36,10,14.57,185,0.23,0.23,1759,0.00,0.99,2,0.5000,22.50,102,0,0.00,25,4.79,6.63,5.49,99.90
232362,0.00,0.00,2,14.51,13.60,10,14.57,185,0.23,0.23,1726,0.00,0.99,2,0.5000,22.00,102,0,0.00,25,4.93,6.58,5.49,99.90
232466,0.00,0.00,2,14.51,13.52,10,14.57,185,0.24,0.25,1680,0.00,0.99,2,0.5000,21.00,102,0,0.00,25,5.08,7.26,6.27,99.90
232570,0.00,0.00,2,14.51,13.52,10,14.57,185,0.26,0.27,1638,0.00,0.99,2,0.5000,20.00,102,0,0.00,25,5.37,7.45,6.27,99.90
232674,0.00,0.00,2,14.51,13.52,10,14.58,185,0.27,0.29,1597,0.00,0.99,2,0.5000,19.50,102,0,0.00,25,5.51,7.54,5.88,99.90
232778,0.00,0.00,2,14.51,13.44,10,14.58,185,0.29,0.30,1512,0.00,0.99,2,0.5000,19.00,102,0,0.00,25,5.66,7.50,5.88,99.90
232883,0.00,0.00,2,14.51,13.52,10,14.59,185,0.29,0.30,1447,0.00,0.99,2,0.5000,18.00,102,0,0.00,25,5.80,7.16,5.88,99.90
232987,0.00,0.00,2,14.51,13.52,10,14.59,185,0.30,0.31,1367,0.00,1.00,2,0.5000,17.50,102,0,0.00,25,5.95,7.16,5.49,99.90
233091,0.00,0.00,2,14.51,13.60,10,14.60,185,0.31,0.31,1316,0.00,1.00,2,0.5000,17.50,102,0,0.00,25,6.09,6.97,5.49,99.90
233195,0.00,0.00,2,14.51,13.68,10,14.60,185,0.32,0.32,1260,0.00,1.00,2,0.5000,17.00,102,0,0.00,25,6.38,6.97,5.49,99.90
233299,0.00,0.00,2,14.51,13.60,10,14.60,185,0.32,0.33,1204,0.00,1.00,2,0.5000,17.00,102,0,0.00,25,6.53,6.58,5.10,99.90
233403,0.00,0.00,2,14.51,13.52,10,14.62,185,0.33,0.34,1142,0.00,1.00,2,0.5000,22.00,102,0,0.00,25,6.67,6.39,5.10,99.90
233507,0.00,0.00,2,14.51,13.60,10,14.63,185,0.34,0.35,1074,0.00,1.00,2,0.5000,22.00,104,0,0.00,25,6.96,6.15,5.10,99.90
233611,0.00,0.00,2,14.51,13.52,10,14.62,185,0.33,0.30,1211,0.00,1.06,2,0.5000,17.50,104,0,0.00,25,6.67,5.92,5.10,99.90
233715,0.00,0.00,2,14.51,13.52,10,14.59,185,0.30,0.26,1355,0.00,1.07,2,0.5000,18.00,104,0,0.00,25,6.38,6.00,5.49,96.00
233819,0.00,0.00,2,14.51,13.44,10,14.59,185,0.29,0.28,1382,0.00,1.00,2,0.5000,18.00,104,0,0.00,25,6.24,6.49,5.49,65.10
233923,0.00,0.00,2,14.51,13.36,10,14.59,185,0.29,0.29,1362,0.00,1.00,2,0.5000,18.00,104,0,0.00,25,6.09,6.68,5.88,21.90
234027,0.00,0.00,2,14.51,13.60,10,14.59,185,0.29,0.30,1348,0.00,1.00,2,0.5000,17.50,104,0,0.00,25,6.09,6.58,5.49,19.20
234131,0.00,0.00,2,14.51,13.52,10,14.60,185,0.30,0.30,1296,0.00,1.00,2,0.5000,17.50,104,0,0.00,25,6.09,6.77,5.49,16.20
234235,0.00,0.00,2,14.51,13.60,10,14.60,185,0.30,0.31,1265,0.00,1.00,2,0.5000,17.00,104,0,0.00,25,6.24,6.49,5.49,14.70
234339,0.00,0.00,2,14.51,13.60,8,14.60,185,0.31,0.31,1248,0.00,1.00,2,0.5000,17.00,104,0,0.00,25,6.24,6.29,5.10,14.40
234443,-0.78,0.00,2,14.51,13.60,8,14.60,185,0.30,0.30,1211,0.00,1.00,2,0.5000,17.00,104,0,0.00,25,6.38,6.07,5.10,14.70
234547,-1.56,0.00,2,14.51,13.52,8,14.61,185,0.31,0.31,1182,0.00,1.00,2,0.5000,17.00,104,0,0.00,25,6.53,6.07,5.10,15.20
234651,-1.56,0.00,2,14.51,13.60,8,14.62,185,0.31,0.32,1152,0.00,1.00,2,0.5000,22.00,104,0,0.00,25,6.67,6.00,5.10,14.60
234755,-2.34,0.00,2,14.51,13.60,8,14.62,185,0.31,0.30,1132,0.00,1.00,2,0.5000,22.00,104,0,0.00,25,6.67,5.66,5.10,14.50
234859,-2.34,0.00,2,14.51,13.60,8,14.62,185,0.31,0.31,1119,0.00,1.00,2,0.5000,22.00,104,0,0.00,25,6.67,5.79,5.10,14.40
234963,-2.34,0.00,2,14.51,13.60,8,14.63,185,0.31,0.31,1103,0.00,1.00,2,0.5000,22.00,104,0,0.00,25,6.82,5.68,5.10,14.30
235067,-2.34,0.00,2,14.51,13.52,8,14.63,185,0.32,0.32,1070,0.00,1.00,2,0.5000,22.00,104,0,0.00,25,6.82,5.84,5.10,14.30
235171,-3.12,0.00,2,14.51,13.52,8,14.64,185,0.32,0.33,1039,0.00,1.00,2,0.5000,22.00,104,0,0.00,25,6.96,5.66,5.10,14.30
235275,-3.12,0.00,2,14.51,13.52,8,14.65,185,0.33,0.34,992,0.00,1.00,2,0.5000,22.00,104,0,0.00,25,7.11,5.68,5.10,14.30
235379,-3.12,0.00,2,14.51,12.72,8,14.65,185,0.33,0.34,980,0.00,1.00,2,0.5000,22.00,104,0,0.00,25,7.25,5.55,5.49,14.30
235483,-3.12,0.00,1,14.51,12.80,8,14.66,185,0.34,0.36,944,0.00,1.00,2,0.5000,22.00,104,0,0.00,25,7.69,5.71,5.49,14.30
235587,-3.12,0.00,2,14.51,12.88,8,14.67,185,0.35,0.39,909,0.00,0.92,2,0.5000,22.00,104,0,0.00,25,7.98,5.76,5.49,14.30
235691,-3.12,0.00,2,14.51,12.96,8,14.68,185,0.37,0.40,862,0.00,1.00,2,0.5000,22.00,104,0,0.00,25,8.42,5.68,5.49,14.30
235795,-3.12,0.00,2,14.51,12.96,8,14.68,185,0.38,0.42,848,0.00,0.99,2,0.5000,22.00,104,0,0.00,25,8.56,5.84,5.49,14.40
235899,-3.12,0.00,2,14.51,12.96,8,14.69,185,0.39,0.43,829,0.00,0.92,2,0.5000,22.00,104,0,0.00,25,8.85,5.95,5.10,14.40
236003,-2.34,0.00,2,14.51,12.96,8,14.69,185,0.40,0.42,825,0.00,0.99,2,0.5000,22.00,104,0,0.00,25,9.00,5.81,5.10,14.40
236107,-1.56,0.00,2,14.51,12.96,8,14.69,185,0.41,0.43,815,0.00,0.99,2,0.5000,21.50,104,0,0.00,25,9.14,5.76,5.10,14.60
236211,-1.56,0.00,2,14.51,12.96,8,14.68,185,0.42,0.43,808,0.00,0.99,2,0.5000,21.50,104,0,0.00,25,9.29,5.71,5.10,14.90
236315,-1.56,0.00,2,14.51,13.04,8,14.68,185,0.42,0.43,797,0.00,0.99,2,0.5000,21.50,104,0,0.00,25,9.29,5.52,5.10,14.90
236419,-0.78,0.00,1,14.51,12.96,8,14.68,185,0.42,0.42,793,0.00,0.99,2,0.5000,21.50,104,0,0.00,25,9.43,5.60,5.10,15.00
236523,-0.78,0.00,2,14.51,12.96,8,14.68,185,0.42,0.43,793,0.00,0.99,2,0.5000,21.50,104,0,0.00,25,9.43,5.76,5.10,15.10
236627,-0.78,0.00,2,14.51,12.96,8,14.68,185,0.43,0.44,784,0.00,0.99,2,0.5000,21.50,104,0,0.00,25,9.58,5.74,5.10,15.10
236731,-0.78,0.00,2,14.51,12.96,8,14.68,185,0.43,0.44,791,0.00,0.99,2,0.5000,21.50,104,0,0.00,25,9.58,5.79,5.10,15.10
236835,0.00,0.00,2,14.51,12.88,8,14.67,185,0.43,0.44,789,0.00,0.99,2,0.5000,21.50,104,0,0.00,25,9.58,5.68,5.10,15.00
236939,0.00,0.00,2,14.51,12.88,8,14.67,185,0.43,0.44,782,0.00,0.99,2,0.5000,21.50,104,0,0.00,25,9.58,5.68,5.10,14.90
237043,0.00,0.00,2,14.51,13.04,8,14.67,185,0.43,0.43,783,0.00,0.99,2,0.5000,21.50,104,0,0.00,25,9.58,5.50,5.10,15.00
237147,0.00,0.00,1,14.51,12.96,8,14.67,185,0.43,0.43,776,0.00,0.99,2,0.5000,21.00,104,0,0.00,25,9.72,5.52,5.10,15.00
237251,-0.78,0.00,2,14.51,12.88,8,14.67,185,0.43,0.44,771,0.00,0.99,2,0.5000,21.00,104,0,0.00,25,9.72,5.63,5.10,14.80
237355,-0.78,0.00,2,14.51,13.04,8,14.67,185,0.44,0.44,775,0.00,0.99,2,0.5000,21.00,104,0,0.00,25,9.72,5.63,5.10,14.70
237459,0.00,0.00,2,14.51,12.88,8,14.67,185,0.44,0.44,770,0.00,0.99,2,0.5000,20.50,104,0,0.00,25,9.72,5.63,5.10,14.70
237563,-0.78,0.00,2,14.51,12.88,8,14.67,185,0.44,0.45,762,0.00,0.99,2,0.5000,20.50,104,0,0.00,25,9.87,5.63,5.10,14.90
237667,0.00,0.00,2,14.51,12.96,8,14.67,185,0.44,0.44,766,0.00,0.99,2,0.5000,20.00,104,0,0.00,25,9.87,5.60,5.10,14.60
237771,0.00,0.00,2,14.51,13.44,8,14.67,185,0.44,0.44,756,0.00,0.99,2,0.5000,19.50,104,0,0.00,25,9.87,5.58,5.10,14.50
237875,0.00,0.00,1,14.51,13.52,8,14.67,185,0.44,0.44,759,0.00,1.00,2,0.5000,19.00,104,0,0.00,25,9.87,5.63,5.10,14.60
237979,0.00,0.00,2,14.51,13.60,8,14.67,185,0.44,0.43,785,0.00,1.00,2,0.5000,17.00,104,0,0.00,25,9.72,5.47,5.10,14.40
238083,0.00,0.00,1,14.51,13.52,8,14.67,185,0.43,0.42,794,0.00,1.00,2,0.5000,16.50,104,0,0.00,25,9.72,5.47,5.10,14.60
238187,0.00,0.00,1,14.51,13.60,8,14.68,185,0.42,0.41,802,0.00,1.00,2,0.5000,16.50,104,0,0.00,25,9.58,5.52,5.10,14.60
238291,-0.78,-2.34,1,14.51,13.52,8,14.68,185,0.42,0.40,814,0.00,1.00,2,0.5000,16.50,104,0,0.00,25,9.43,5.44,5.10,14.50
238395,-0.78,-2.34,1,14.51,13.52,8,14.68,185,0.42,0.41,800,0.00,1.00,2,0.5000,16.50,104,0,0.00,25,9.43,5.50,5.10,14.50
238499,-0.78,-2.34,2,14.51,13.52,8,14.68,185,0.42,0.42,811,0.00,1.00,2,0.5000,17.00,104,0,0.00,25,9.43,5.58,5.10,14.50
238603,0.00,-2.34,1,14.51,13.52,8,14.68,185,0.42,0.42,806,0.00,1.00,2,0.5000,16.50,104,0,0.00,25,9.43,5.63,5.10,14.50
238708,0.00,-2.34,2,14.51,13.60,8,14.68,185,0.42,0.43,790,0.00,1.00,2,0.5000,16.50,104,0,0.00,25,9.43,5.68,5.10,14.50
238811,0.78,-2.34,2,14.51,13.60,8,14.68,185,0.42,0.43,799,0.00,1.00,2,0.5000,16.50,106,0,0.00,25,9.43,5.63,5.10,14.40
238915,0.78,0.00,1,14.51,13.52,8,14.68,185,0.42,0.42,812,0.00,1.00,2,0.5000,18.00,106,0,0.00,25,9.43,5.60,7.45,14.90
239019,0.78,0.00,2,14.51,13.60,8,14.68,185,0.44,0.53,811,0.00,0.89,2,0.5000,21.50,106,0,0.00,25,12.33,9.04,14.90,14.80
239123,1.56,0.00,3,14.51,13.52,8,14.65,185,0.54,0.74,867,0.00,0.76,2,0.5000,27.50,106,0,0.00,25,13.06,10.77,15.29,14.80
239228,-1.56,2.34,3,14.51,13.60,8,14.61,185,0.57,0.62,1082,0.00,0.94,2,0.5000,29.50,106,0,0.00,25,13.06,10.85,14.90,16.20
239331,-3.12,2.34,3,14.51,13.60,8,14.60,185,0.55,0.53,1258,0.00,0.98,2,0.5000,32.50,106,0,0.00,25,12.62,11.28,14.90,14.00
239435,3.12,2.34,3,14.51,13.52,8,14.59,185,0.54,0.53,1339,0.00,0.99,2,0.5000,34.00,106,0,0.00,25,12.48,12.18,14.90,14.40
239539,11.72,2.34,3,14.51,13.52,8,14.59,185,0.55,0.56,1392,0.00,0.99,2,0.5000,35.00,106,0,0.00,25,12.19,13.15,14.12,15.90
239643,14.06,2.34,3,14.51,13.52,8,14.59,185,0.55,0.55,1430,0.00,0.99,2,0.5000,36.00,106,0,0.00,25,12.04,12.81,14.12,16.30
239747,11.72,2.34,3,14.51,13.52,8,14.59,185,0.54,0.54,1480,0.00,0.99,2,0.5000,37.00,106,0,0.00,25,11.90,13.54,14.12,16.40
239851,8.59,2.34,3,14.51,13.52,8,14.58,185,0.55,0.56,1483,0.00,0.99,2,0.5000,38.00,106,0,0.00,25,11.90,13.78,14.12,15.30
239955,9.38,2.34,3,14.51,13.52,8,14.58,185,0.56,0.56,1501,0.00,0.99,2,0.5000,37.50,106,0,0.00,25,11.90,14.08,14.12,13.80
240059,9.38,2.34,3,14.51,13.52,8,14.58,185,0.56,0.57,1486,0.00,0.99,2,0.5000,37.50,106,0,0.00,25,11.90,14.30,14.12,14.40
240163,8.59,2.34,3,14.51,13.44,8,14.58,185,0.57,0.57,1498,0.00,0.99,2,0.5000,37.00,106,0,0.00,25,11.90,14.39,14.12,14.40
240268,7.81,2.34,3,14.51,13.52,8,14.58,185,0.58,0.59,1484,0.00,0.99,2,0.5000,37.00,106,0,0.50,25,12.04,14.96,14.51,14.30
240371,7.03,2.34,3,14.51,13.44,8,14.58,185,0.59,0.60,1490,0.00,0.99,2,0.5000,36.50,106,0,0.50,25,12.04,14.85,14.51,14.30
240475,7.03,2.34,3,14.51,13.52,8,14.58,185,0.59,0.59,1514,0.00,0.99,2,0.5000,37.00,106,0,0.50,25,12.04,15.02,14.51,14.30
240579,5.47,2.34,3,14.51,13.52,8,14.58,185,0.59,0.60,1507,0.00,0.99,2,0.5000,37.00,106,0,0.50,25,12.04,14.95,14.51,14.10
240683,4.69,2.34,3,14.51,13.44,8,14.58,185,0.59,0.59,1530,0.00,0.99,2,0.5000,37.00,106,0,0.50,25,12.04,15.09,14.51,14.10
240788,3.91,2.34,3,14.51,13.52,8,14.58,185,0.60,0.60,1542,0.00,0.99,2,0.5000,37.50,106,0,0.50,25,12.04,15.23,14.51,14.10
240892,3.91,2.34,3,14.51,13.60,8,14.58,185,0.59,0.59,1538,0.00,0.99,2,0.5000,38.00,106,0,0.50,25,12.04,15.46,14.51,14.10
240996,3.12,2.34,3,14.51,13.44,8,14.58,185,0.60,0.60,1561,0.00,0.99,2,0.5000,37.50,106,0,0.50,25,11.90,15.50,14.51,14.20
241099,3.12,2.34,3,14.51,13.52,8,14.58,185,0.60,0.60,1572,0.00,0.99,2,0.5000,38.00,106,0,0.50,25,11.90,15.67,14.51,14.30
241204,3.12,2.34,3,14.51,13.44,8,14.58,185,0.60,0.60,1567,0.00,0.99,2,0.5000,38.50,106,0,0.50,25,11.90,15.86,14.51,14.30
241308,2.34,2.34,3,14.51,13.52,8,14.58,185,0.60,0.60,1580,0.00,0.99,2,0.5000,38.50,106,0,0.50,25,11.75,15.58,13.73,14.30
241412,1.56,2.34,3,14.51,13.44,8,14.58,185,0.59,0.59,1600,0.00,1.00,2,0.5000,38.50,104,0,0.50,25,11.46,15.46,13.33,14.30
241516,0.78,2.34,3,14.51,13.52,8,14.58,185,0.58,0.58,1598,0.00,1.00,2,0.5000,39.00,104,0,0.50,25,11.32,15.00,12.55,14.30
241620,0.00,2.34,3,14.51,13.52,8,14.58,185,0.58,0.57,1581,0.00,1.00,2,0.5000,39.00,104,0,0.50,25,11.17,15.07,12.55,14.20
241723,-0.78,2.34,3,14.51,13.44,8,14.58,185,0.57,0.57,1570,0.00,1.00,2,0.5000,39.00,104,0,0.00,25,11.17,15.02,12.55,14.10
241828,-1.56,2.34,3,14.51,13.44,8,14.58,185,0.57,0.58,1580,0.00,1.00,2,0.5000,38.50,104,0,0.00,25,11.03,15.03,11.76,14.10
241932,-1.56,2.34,3,14.51,13.44,8,14.58,185,0.57,0.56,1576,0.00,1.00,2,0.5000,39.00,104,0,0.00,25,10.88,14.69,12.16,14.20
242036,-3.12,2.34,3,14.51,13.52,8,14.58,185,0.56,0.55,1559,0.00,1.00,2,0.5000,39.00,104,0,0.00,25,10.88,14.56,12.16,14.10
242139,-3.12,2.34,3,14.51,13.52,8,14.58,185,0.56,0.57,1572,0.00,1.00,2,0.5000,39.00,104,0,0.00,25,10.88,14.70,12.16,14.10
242244,-3.12,2.34,3,14.51,13.52,8,14.58,185,0.56,0.55,1572,0.00,1.00,2,0.5000,39.00,104,0,0.00,25,10.88,14.43,12.16,14.20
242347,-3.12,2.34,3,14.51,13.44,8,14.58,185,0.56,0.55,1563,0.00,1.00,2,0.5000,39.50,104,0,0.00,25,10.74,14.50,10.59,14.20
242452,-3.12,2.34,3,14.51,13.44,8,14.58,185,0.54,0.52,1566,0.00,1.04,2,0.5000,38.50,104,0,0.00,25,10.01,12.88,9.41,14.30
242556,-4.69,2.34,3,14.51,13.44,8,14.58,185,0.51,0.49,1568,0.00,1.00,2,0.5000,37.00,104,0,0.00,25,9.72,12.58,9.41,14.40
242660,-6.25,2.34,3,14.51,13.52,8,14.58,185,0.51,0.50,1542,0.00,1.00,2,0.5000,36.00,104,0,0.00,25,9.72,12.54,9.41,14.20
242764,-6.25,2.34,3,14.51,13.60,8,14.58,185,0.50,0.50,1512,0.00,1.00,2,0.5000,36.00,104,0,0.00,25,9.58,12.54,9.41,14.10
242868,-7.81,2.34,3,14.51,13.52,8,14.58,185,0.50,0.51,1516,0.00,1.00,2,0.5000,35.50,104,0,0.00,25,9.58,12.79,9.41,14.10
242971,-7.81,2.34,3,14.51,12.48,8,14.58,185,0.50,0.49,1506,0.00,1.00,2,0.5000,36.00,104,0,0.00,25,9.58,12.44,9.41,14.10
243076,-7.81,2.34,3,14.51,13.12,8,14.58,185,0.50,0.49,1516,0.00,1.00,2,0.5000,35.50,104,0,0.00,25,9.58,12.44,9.41,14.20
243180,-7.81,2.34,3,14.51,13.52,8,14.58,185,0.49,0.49,1520,0.00,1.00,2,0.5000,35.00,104,0,0.00,25,9.58,12.45,9.80,14.30
243284,-7.03,2.34,3,14.51,13.60,8,14.58,185,0.49,0.49,1505,0.00,1.00,2,0.5000,35.50,104,0,0.00,25,9.58,12.30,9.80,14.40
243388,-6.25,2.34,3,14.51,13.36,8,14.58,185,0.49,0.49,1532,0.00,1.00,2,0.5000,35.50,104,0,0.00,25,9.58,12.52,9.41,14.60
243492,-5.47,2.34,3,14.51,13.44,8,14.58,185,0.48,0.46,1553,0.00,1.00,2,0.5000,35.50,104,0,0.00,25,9.43,12.22,9.41,14.60
243596,-5.47,2.34,3,14.51,13.44,8,14.58,185,0.48,0.46,1551,0.00,1.00,2,0.5000,35.50,104,0,0.00,25,9.43,12.15,9.41,14.80
243700,-4.69,2.34,3,14.51,13.52,8,14.58,185,0.47,0.48,1567,0.00,1.00,2,0.5000,35.00,104,0,0.00,25,9.43,12.30,9.41,14.70
243804,-3.91,2.34,3,14.51,13.60,8,14.58,185,0.47,0.46,1571,0.00,1.00,2,0.5000,35.00,104,0,0.00,25,9.43,12.16,9.80,14.80
243908,-3.91,2.34,3,14.51,13.44,8,14.58,185,0.47,0.45,1563,0.00,1.00,2,0.5000,35.50,104,0,0.00,25,9.43,12.37,9.41,14.70
244012,-3.91,2.34,3,14.51,13.36,8,14.58,185,0.46,0.46,1570,0.00,1.00,2,0.5000,35.50,106,0,0.00,25,9.29,12.09,9.80,14.80
244116,-3.12,2.34,3,14.51,13.36,8,14.58,185,0.46,0.47,1592,0.00,1.00,2,0.5000,35.50,106,0,0.00,25,9.43,12.46,10.20,14.70
244220,-2.34,2.34,3,14.51,13.52,8,14.58,185,0.48,0.48,1600,0.00,1.00,2,0.5000,36.00,106,0,0.00,25,9.58,13.11,10.59,14.70
244324,-0.78,2.34,3,14.51,13.52,8,14.58,185,0.48,0.50,1597,0.00,1.00,2,0.5000,37.00,106,0,0.00,25,9.58,13.26,10.20,14.90
244428,-0.78,2.34,3,14.51,13.44,8,14.57,185,0.49,0.49,1612,0.00,1.00,2,0.5000,37.00,106,0,0.00,25,9.58,13.33,10.20,14.80
244532,-0.78,2.34,3,14.51,13.44,8,14.57,185,0.49,0.49,1624,0.00,1.00,2,0.5000,37.50,106,0,0.00,25,9.43,13.33,10.20,14.90
244636,-1.56,2.34,3,14.51,13.36,8,14.57,185,0.49,0.50,1632,0.00,1.00,2,0.5000,37.00,106,0,0.00,25,9.58,13.40,10.59,14.50
244740,-1.56,2.34,3,14.51,13.52,8,14.58,185,0.50,0.50,1615,0.00,1.00,2,0.5000,37.50,106,0,0.00,25,9.87,13.68,11.37,14.40
244845,-0.78,2.34,3,14.51,13.52,8,14.58,185,0.51,0.52,1596,0.00,1.00,2,0.5000,38.00,106,0,0.00,25,10.01,13.73,11.37,14.50
244948,-0.78,2.34,3,14.51,13.44,8,14.58,185,0.51,0.53,1600,0.00,1.00,2,0.5000,38.50,106,1,0.00,25,10.16,13.93,11.37,14.50
245052,-0.78,2.34,3,14.51,13.44,8,14.58,185,0.52,0.53,1597,0.00,1.00,2,0.5000,38.50,106,1,0.00,25,10.16,13.93,11.37,14.50
245156,-0.78,2.34,3,14.51,13.36,8,14.58,185,0.52,0.53,1607,0.00,1.00,2,0.5000,39.00,106,0,0.00,25,10.16,13.99,11.37,14.60
245260,-0.78,2.34,3,14.51,13.52,8,14.58,185,0.53,0.53,1605,0.00,1.00,2,0.5000,39.00,106,1,0.00,25,10.59,14.60,12.55,14.40
245364,-0.78,2.34,3,14.51,13.60,8,14.58,185,0.55,0.57,1594,0.00,1.00,2,0.5000,40.50,106,0,0.00,25,10.88,15.26,12.94,14.50
245468,0.78,2.34,3,14.51,13.60,8,14.58,185,0.56,0.56,1606,0.00,1.00,2,0.5000,40.00,106,0,0.00,25,11.17,15.23,13.33,14.60
245572,2.34,2.34,3,14.51,13.52,8,14.58,185,0.56,0.58,1636,0.00,0.99,2,0.5000,40.00,106,0,0.00,25,11.17,15.50,13.73,14.80
245676,1.56,2.34,3,14.51,13.52,8,14.58,185,0.57,0.57,1657,0.00,1.00,2,0.5000,40.00,106,0,0.00,25,11.32,15.72,14.12,14.90
245780,2.34,2.34,3,14.51,13.44,8,14.58,185,0.58,0.58,1674,0.00,0.99,2,0.5000,40.00,106,0,0.50,25,11.61,16.87,14.90,14.60
245885,3.91,2.34,3,14.51,13.60,8,14.58,185,0.59,0.60,1690,0.00,0.99,2,0.5000,39.50,106,0,0.50,25,11.75,17.05,15.29,14.80
245988,4.69,2.34,3,14.51,13.60,8,14.58,185,0.60,0.61,1708,0.00,0.99,2,0.5000,39.00,106,0,0.50,25,11.75,17.43,15.29,14.90
246092,4.69,2.34,3,14.51,13.60,8,14.58,185,0.61,0.61,1708,0.00,0.99,2,0.5000,39.00,106,0,0.50,25,11.75,17.43,15.29,14.80
246196,3.91,2.34,3,14.51,13.52,8,14.58,185,0.61,0.60,1724,0.00,0.99,2,0.5000,39.50,106,0,0.50,25,11.75,17.62,15.29,14.40
246300,3.91,2.34,3,14.51,13.28,8,14.58,185,0.61,0.62,1732,0.00,0.99,2,0.5000,39.00,106,1,0.50,25,11.75,17.82,15.29,14.50
246404,3.91,2.34,3,14.51,13.44,8,14.58,185,0.61,0.62,1739,0.00,0.99,2,0.5000,37.50,106,14,-1.50,26,11.61,17.92,15.29,14.50
246508,2.34,2.34,3,14.51,13.52,8,14.58,185,0.61,0.61,1767,-2.00,0.99,2,0.5000,37.00,106,29,-1.50,26,11.90,18.12,15.29,14.30
246612,0.78,2.34,3,14.51,13.52,8,14.58,185,0.62,0.62,1752,-2.00,0.99,2,0.5000,37.00,106,45,-1.50,26,12.04,17.60,15.29,14.20
246716,-0.78,2.34,3,14.51,13.52,8,14.58,185,0.62,0.61,1705,-2.00,0.99,2,0.5000,37.00,106,49,-1.50,26,12.19,17.49,15.29,13.80
246820,-5.47,2.34,3,14.51,13.52,8,14.58,185,0.62,0.62,1643,-2.00,0.99,2,0.5000,36.50,106,49,-1.50,26,12.62,16.60,15.29,13.40
246924,-6.25,2.34,3,14.51,13.44,8,14.58,185,0.61,0.59,1651,-2.00,1.00,2,0.5000,37.00,106,49,-1.50,26,12.62,16.48,15.29,13.30
247028,-7.81,2.34,3,14.51,13.44,8,14.58,185,0.60,0.60,1630,-2.00,1.00,2,0.5000,37.00,106,50,-1.50,26,12.48,16.12,15.29,13.20
247132,-7.81,2.34,3,14.51,13.52,8,14.58,185,0.59,0.59,1647,-2.00,1.00,2,0.5000,37.00,106,50,-1.50,26,12.77,16.14,14.90,13.70
247235,-8.59,2.34,3,14.51,13.36,8,14.58,185,0.59,0.59,1656,-2.00,1.00,2,0.5000,37.50,106,49,-1.50,26,12.19,16.18,15.29,13.90
247340,-8.59,2.34,3,14.51,13.52,8,14.58,185,0.59,0.60,1658,-2.00,1.00,2,0.5000,37.00,106,49,-1.50,26,12.48,15.82,15.29,13.80
247444,-7.81,2.34,3,14.51,13.52,8,14.58,185,0.59,0.57,1649,-2.00,1.00,2,0.5000,37.50,106,50,-1.50,26,12.33,16.31,16.08,14.20
247548,-7.81,2.34,3,14.51,13.52,8,14.58,185,0.60,0.63,1629,-2.00,1.00,2,0.5000,37.00,106,49,-1.50,26,12.77,16.56,16.47,14.20
247652,-3.91,2.34,3,14.51,13.52,8,14.58,185,0.61,0.61,1657,-2.00,1.00,2,0.5000,37.00,106,49,-1.50,26,13.06,17.27,16.47,13.50
247756,-3.91,2.34,3,14.51,13.36,8,14.58,185,0.62,0.63,1662,-2.00,1.00,2,0.5000,37.00,106,49,-1.50,26,12.62,17.25,16.47,14.60
247860,-4.69,2.34,3,14.51,13.52,8,14.58,185,0.61,0.60,1699,-2.00,1.00,2,0.5000,37.00,108,49,-1.50,26,12.91,17.32,16.47,14.60
247967,-3.91,2.34,3,14.51,13.52,8,14.58,185,0.61,0.62,1696,-2.00,1.00,2,0.5000,37.00,108,49,-1.50,26,12.62,17.45,16.47,14.30
248068,-3.91,2.34,3,14.51,13.52,8,14.58,185,0.62,0.62,1708,-2.00,1.00,2,0.5000,37.00,108,49,-1.50,26,12.77,17.71,16.47,13.50
248172,-3.91,2.34,3,14.51,13.52,8,14.58,185,0.62,0.63,1716,-2.00,1.00,2,0.5000,37.00,108,49,-1.50,26,12.62,17.64,16.86,15.80
248276,-4.69,2.34,3,14.51,13.68,8,14.58,185,0.62,0.61,1749,-2.00,1.00,2,0.5000,37.50,108,49,-1.50,26,12.91,17.75,17.25,13.50
248380,-5.47,2.34,3,14.51,13.52,8,14.58,185,0.62,0.63,1778,-2.00,1.00,2,0.5000,37.50,108,49,-0.50,26,12.77,18.61,18.04,15.80
248484,-4.69,2.34,3,14.51,13.44,8,14.57,185,0.63,0.64,1800,-1.00,0.99,2,0.5000,38.50,108,49,-0.50,26,13.06,19.01,17.65,13.90
248588,-3.91,2.34,3,14.51,13.52,8,14.57,185,0.63,0.65,1813,-1.00,0.99,2,0.5000,38.00,108,49,-0.50,26,12.91,19.24,18.04,15.00
248692,-2.34,2.34,3,14.51,13.52,8,14.57,185,0.63,0.63,1854,-1.00,0.99,2,0.5000,38.50,108,49,-0.50,26,13.06,19.67,18.04,15.00
248796,-3.12,2.34,3,14.51,13.60,8,14.57,185,0.63,0.64,1865,-1.00,0.99,2,0.5000,38.50,108,49,-0.50,26,13.06,20.00,18.04,15.20
248900,-3.12,2.34,3,14.51,13.52,8,14.57,185,0.64,0.64,1885,-1.00,0.99,2,0.5000,38.50,108,49,-0.50,26,12.77,20.11,18.04,14.90
249004,-2.34,2.34,3,14.51,13.52,8,14.57,185,0.64,0.63,1883,-1.00,0.99,2,0.5000,38.50,108,49,-0.50,26,12.91,20.54,18.04,14.50
249108,-2.34,2.34,3,14.51,13.44,8,14.57,185,0.64,0.64,1905,-1.00,1.00,2,0.5000,38.50,108,49,-0.50,26,12.77,19.90,18.04,15.60
249212,-3.91,2.34,3,14.51,13.60,8,14.57,185,0.64,0.65,1914,-1.00,1.00,2,0.5000,38.50,108,49,-1.00,26,12.77,20.45,18.04,14.10
249316,-3.12,2.34,3,14.51,13.52,8,14.57,185,0.64,0.65,1911,-1.00,1.00,2,0.5000,38.50,108,49,-1.00,26,12.91,20.55,18.04,16.70
249420,-3.12,2.34,3,14.51,13.52,8,14.57,185,0.64,0.64,1907,-1.00,1.00,2,0.5000,38.50,108,49,-1.00,26,12.77,20.23,18.04,13.20
249524,-3.91,2.34,3,14.51,13.44,8,14.57,185,0.64,0.65,1933,-1.00,1.00,2,0.5000,38.50,108,49,-1.00,26,12.77,20.77,18.04,14.00
249628,-3.12,2.34,3,14.51,13.52,8,14.57,185,0.64,0.64,1937,-1.00,1.00,2,0.5000,38.50,108,49,-1.00,26,12.91,20.88,18.04,16.70
249732,-3.91,2.34,3,14.51,13.60,8,14.57,185,0.64,0.64,1956,-1.00,1.00,2,0.5000,38.50,108,49,-1.00,26,12.77,20.67,18.04,13.80
249836,-3.91,2.34,3,14.51,13.52,8,14.57,185,0.64,0.64,1969,-1.00,1.00,2,0.5000,39.00,108,49,-1.00,26,12.77,20.90,18.04,15.30
249940,-3.12,2.34,3,14.51,13.60,8,14.57,185,0.64,0.64,1964,-1.00,1.00,2,0.5000,38.50,108,49,-1.00,26,12.91,21.12,18.04,15.50
250044,-3.91,2.34,3,14.51,13.52,8,14.57,185,0.64,0.65,1984,-1.00,1.00,2,0.5000,39.00,108,49,-1.00,26,12.91,21.11,18.04,14.00
250148,-3.12,2.34,3,14.51,13.52,8,14.57,185,0.64,0.65,1976,-1.00,1.00,2,0.5000,39.00,109,49,-1.00,26,12.77,21.12,18.04,14.70
250252,-2.34,2.34,3,14.51,13.60,8,14.57,185,0.64,0.63,2002,-1.00,1.00,2,0.5000,39.00,109,49,-1.00,26,12.62,21.43,18.04,14.60
250356,-2.34,2.34,3,14.51,13.60,8,14.57,185,0.64,0.64,2010,-1.00,1.00,2,0.5000,39.00,109,49,-1.00,26,12.77,21.54,18.04,13.50
250460,-2.34,2.34,3,14.51,13.68,8,14.57,185,0.63,0.64,2034,0.00,1.00,2,0.5000,40.00,109,49,0.00,26,12.77,21.44,18.04,14.10
250565,-3.12,2.34,3,14.51,13.52,8,14.57,185,0.64,0.64,2027,0.00,1.00,2,0.5000,40.00,109,49,0.00,26,12.62,21.45,18.04,14.10
250669,-2.34,2.34,3,14.51,13.52,8,14.57,185,0.64,0.64,2059,0.00,1.00,2,0.5000,40.00,109,49,0.00,26,12.62,21.55,18.04,15.60
250772,-2.34,2.34,3,14.51,13.44,8,14.57,185,0.64,0.62,2064,0.00,1.00,2,0.5000,40.00,109,49,0.00,26,12.77,22.23,18.04,16.00
250876,-2.34,2.34,3,14.51,13.52,8,14.57,185,0.64,0.64,2094,0.00,1.00,2,0.5000,40.00,109,49,0.00,26,12.62,22.22,18.04,14.30
250981,-2.34,2.34,3,14.51,13.36,8,14.57,185,0.63,0.63,2092,0.00,1.00,2,0.5000,40.00,109,49,0.00,26,12.62,22.00,18.04,13.70
251084,-2.34,2.34,3,14.51,13.52,8,14.57,185,0.63,0.64,2107,0.00,1.00,2,0.5000,40.00,109,49,0.00,26,12.48,22.00,18.04,15.50
251188,-2.34,2.34,3,14.51,13.44,8,14.57,185,0.63,0.63,2153,0.00,1.00,2,0.5000,40.50,109,49,0.00,26,12.48,22.83,18.04,16.40
251292,-2.34,2.34,3,14.51,13.44,8,14.57,185,0.63,0.62,2169,0.00,1.00,2,0.5000,40.50,109,48,0.00,26,12.33,22.72,18.04,14.50
251396,-2.34,2.34,3,14.51,13.52,8,14.57,185,0.63,0.62,2165,0.00,1.00,2,0.5000,40.50,109,48,0.00,26,12.33,23.06,18.04,14.00
251500,-2.34,2.34,3,14.51,13.52,8,14.57,185,0.62,0.62,2192,0.00,1.00,2,0.5000,40.50,109,48,0.00,26,12.48,22.95,18.04,13.60
251605,-2.34,2.34,3,14.51,13.60,8,14.57,185,0.62,0.62,2217,0.00,1.00,2,0.5000,40.50,109,48,0.00,26,12.48,23.20,18.04,14.90
251709,-1.56,2.34,3,14.51,13.44,8,14.57,185,0.62,0.62,2234,0.00,1.00,2,0.5000,40.50,109,48,0.00,26,12.33,23.31,18.04,16.50
251812,-0.78,2.34,3,14.51,13.52,8,14.57,185,0.62,0.62,2250,0.00,1.00,2,0.5000,40.50,109,48,0.00,26,12.33,23.08,18.04,15.10
251916,0.00,2.34,3,14.51,13.52,8,14.57,185,0.62,0.61,2278,0.00,1.00,2,0.5000,40.50,109,48,0.00,26,12.19,23.44,18.04,15.00
252021,0.78,2.34,3,14.51,13.52,8,14.57,185,0.62,0.62,2294,0.00,1.00,2,0.5000,40.50,109,49,0.00,26,12.19,23.68,18.04,14.60
252125,0.00,2.34,3,14.51,13.52,8,14.57,185,0.62,0.61,2313,0.00,1.00,2,0.5000,40.50,111,49,0.00,26,12.04,23.92,18.04,15.10
252229,1.56,2.34,3,14.51,13.44,8,14.57,185,0.62,0.62,2326,0.00,1.00,2,0.5000,40.50,111,49,0.00,26,12.04,23.92,18.04,14.50
252333,3.12,2.34,3,14.51,13.60,8,14.57,185,0.62,0.62,2350,0.00,1.00,2,0.5000,40.50,111,50,0.00,26,12.04,24.18,18.04,14.80
252437,3.91,2.34,3,14.51,13.52,8,14.57,185,0.62,0.62,2369,0.00,1.00,2,0.5000,41.00,111,50,0.00,26,11.90,24.17,18.04,14.40
252541,4.69,2.34,3,14.51,13.60,8,14.57,185,0.62,0.62,2388,0.00,1.00,2,0.5000,41.00,111,50,0.00,26,11.90,24.53,18.04,14.30
252646,4.69,2.34,3,14.51,13.52,8,14.57,185,0.61,0.62,2408,0.00,1.00,2,0.5000,41.00,111,50,0.00,26,11.75,24.76,18.04,14.30
252749,4.69,2.34,3,14.51,13.52,8,14.57,185,0.61,0.62,2404,0.00,1.00,2,0.5000,41.00,111,50,0.00,26,11.61,24.77,18.04,13.50
252853,4.69,2.34,3,14.51,13.52,8,14.57,185,0.61,0.61,2426,0.00,1.00,2,0.5000,41.00,111,50,0.00,26,11.61,25.12,18.04,13.90
252957,3.91,2.34,3,14.51,13.52,8,14.57,185,0.61,0.60,2457,0.00,1.00,2,0.5000,41.00,111,50,0.00,26,11.61,25.14,18.04,13.60
253061,3.12,2.34,3,14.51,13.44,8,14.56,185,0.61,0.61,2475,0.00,1.00,2,0.5000,41.00,111,50,0.00,26,11.61,25.36,18.04,13.70
253165,2.34,2.34,3,14.51,13.52,8,14.56,185,0.61,0.61,2474,0.00,1.00,2,0.5000,41.00,111,50,0.00,26,11.61,25.14,18.04,13.90
253269,1.56,2.34,3,14.51,13.60,8,14.56,185,0.61,0.61,2488,0.00,1.00,2,0.5000,41.00,111,50,0.00,26,11.61,25.25,18.04,14.00
253373,1.56,2.34,3,14.51,13.44,8,14.56,185,0.60,0.60,2528,0.00,1.00,2,0.5000,41.50,111,50,0.00,26,11.61,25.14,18.04,14.60
253477,0.00,2.34,3,14.51,13.68,8,14.55,185,0.60,0.61,2529,0.00,1.00,2,0.5000,41.00,111,51,0.00,26,11.46,25.49,18.04,15.70
253582,0.00,2.34,3,14.51,13.52,8,14.55,185,0.60,0.60,2552,0.00,1.00,2,0.5000,41.00,111,50,0.00,26,11.46,25.61,18.04,15.80
253685,-0.78,2.34,3,14.51,13.52,8,14.55,185,0.60,0.60,2575,0.00,1.00,2,0.5000,41.00,111,50,0.00,26,11.61,25.85,18.04,15.50
253789,-1.56,2.34,3,14.51,13.52,8,14.55,185,0.60,0.60,2567,0.00,1.00,2,0.5000,41.50,111,40,0.00,26,11.32,25.85,18.04,14.20
253893,-0.78,2.34,3,14.51,13.28,8,14.54,185,0.60,0.60,2625,0.00,0.99,2,0.5000,41.00,111,10,0.00,26,10.88,26.59,18.04,14.20
253997,4.69,2.34,3,14.51,13.60,8,14.54,185,0.61,0.61,2647,0.00,0.99,2,0.5000,41.00,111,0,0.00,26,10.88,27.08,18.04,15.60
254101,2.34,2.34,3,14.51,13.36,8,14.53,185,0.62,0.62,2652,0.00,0.99,2,0.5000,41.00,111,0,0.00,26,10.74,27.44,17.65,17.10
254205,0.00,2.34,3,14.51,13.60,8,14.53,185,0.61,0.61,2690,0.00,0.99,2,0.5000,41.00,111,0,0.00,26,10.74,26.97,17.65,14.20
254309,-1.56,2.34,3,14.51,13.60,8,14.53,185,0.60,0.60,2682,0.00,0.99,2,0.5000,41.00,111,0,0.00,26,10.59,26.97,17.65,14.10
254413,-2.34,2.34,3,14.51,13.28,8,14.53,185,0.60,0.61,2694,0.00,0.99,2,0.5000,41.00,111,0,0.00,26,10.59,27.33,17.65,14.20
254517,-2.34,2.34,3,14.51,13.60,8,14.53,185,0.60,0.59,2738,0.00,0.99,2,0.5000,41.50,111,0,0.00,26,10.45,26.61,17.25,14.30
254621,-3.91,2.34,3,14.51,13.44,8,14.53,185,0.59,0.59,2752,0.00,0.99,2,0.5000,42.00,111,0,0.00,26,10.16,26.40,16.86,14.30
254725,-5.47,2.34,3,14.51,13.52,8,14.54,185,0.58,0.57,2743,0.00,1.00,2,0.5000,42.50,111,0,0.00,26,10.01,25.93,16.86,14.20
254829,-5.47,2.34,3,14.51,13.52,8,14.54,185,0.57,0.57,2757,0.00,1.00,2,0.5000,42.50,111,0,0.00,26,10.01,26.17,16.86,14.20
254934,-6.25,2.34,3,14.51,13.60,8,14.55,185,0.57,0.57,2789,0.00,1.00,2,0.5000,43.00,111,0,0.00,26,9.87,26.06,16.86,14.40
255037,-5.47,2.34,3,14.51,13.52,8,14.55,185,0.56,0.56,2808,0.00,1.00,2,0.5000,43.00,111,0,0.00,26,10.01,26.18,16.86,14.40
255141,-5.47,2.34,3,14.51,13.60,8,14.55,185,0.56,0.57,2824,0.00,1.00,2,0.5000,43.00,111,0,0.00,26,9.87,26.53,16.86,14.40
255245,-5.47,2.34,3,14.51,13.52,8,14.55,185,0.56,0.56,2818,0.00,1.00,2,0.5000,43.00,111,0,0.00,26,9.87,26.53,16.86,14.50
255349,-5.47,2.34,3,14.51,13.52,8,14.55,185,0.56,0.56,2836,0.00,1.00,2,0.5000,43.00,111,0,0.00,26,9.87,26.66,16.86,14.50
255453,-6.25,2.34,3,14.51,13.60,8,14.55,185,0.56,0.55,2847,0.00,1.00,2,0.5000,43.00,111,0,0.00,26,9.72,26.42,16.86,14.50
255557,-6.25,2.34,3,14.51,13.52,8,14.55,185,0.55,0.55,2861,0.00,1.00,2,0.5000,43.50,111,0,0.00,26,9.72,26.30,16.86,14.40
255661,-6.25,2.34,3,14.51,13.52,8,14.56,185,0.55,0.55,2880,0.00,1.00,2,0.5000,43.50,111,0,0.00,26,9.72,26.66,16.86,14.60
255765,-5.47,2.34,3,14.51,13.44,8,14.56,185,0.55,0.54,2892,0.00,1.00,2,0.5000,43.50,111,0,0.00,26,9.58,26.31,16.86,14.60
255869,-5.47,2.34,3,14.51,13.44,8,14.56,185,0.54,0.54,2907,0.00,1.00,2,0.5000,43.50,111,0,0.00,26,9.72,26.54,16.86,14.50
255973,-5.47,2.34,3,14.51,13.60,8,14.56,185,0.55,0.55,2922,0.00,1.00,2,0.5000,43.50,111,0,0.00,26,9.58,26.90,16.86,14.60
256077,-4.69,2.34,3,14.51,13.52,8,14.56,185,0.55,0.55,2961,0.00,1.00,2,0.5000,43.50,111,0,0.00,26,9.58,26.79,16.47,14.50
256181,-5.47,2.34,3,14.51,13.52,8,14.56,183,0.54,0.54,2974,0.00,1.00,2,0.5000,43.50,111,0,0.00,26,9.43,26.67,16.47,14.50
256285,-5.47,2.34,3,14.51,13.52,8,14.57,183,0.54,0.54,2992,0.00,1.00,2,0.5000,43.50,109,0,0.00,26,9.43,26.91,16.86,14.40
256389,-4.69,2.34,3,14.51,13.52,8,14.56,183,0.54,0.54,2982,0.00,1.00,2,0.5000,43.50,109,0,0.00,26,9.43,26.91,16.86,14.70
256493,-4.69,2.34,3,14.51,13.60,8,14.56,183,0.54,0.53,2998,0.00,1.00,2,0.5000,43.00,109,0,0.00,26,9.43,26.67,16.86,14.50
256597,-4.69,2.34,3,14.51,13.60,8,14.57,183,0.53,0.53,3008,0.00,1.00,2,0.5000,43.00,109,0,0.00,26,9.43,26.67,16.47,14.50
256701,-3.91,2.34,3,14.51,13.52,8,14.57,183,0.53,0.54,3043,0.00,1.00,2,0.5000,43.00,109,0,0.00,26,9.43,26.91,16.47,14.50
256805,-4.69,2.34,3,14.51,13.52,8,14.57,183,0.53,0.52,3056,0.00,1.00,2,0.5000,43.00,109,0,0.00,26,9.29,26.55,16.47,14.50
256910,-4.69,2.34,3,14.51,13.52,8,14.57,183,0.52,0.52,3041,0.00,1.00,2,0.5000,43.00,109,0,0.00,26,9.29,26.44,16.47,14.40
257014,-4.69,2.34,3,14.51,13.60,8,14.58,183,0.52,0.51,3079,0.00,1.00,2,0.5000,43.00,109,0,0.00,26,9.29,26.79,16.86,14.50
257118,-3.12,2.34,3,14.51,13.52,8,14.57,183,0.52,0.52,3094,0.00,1.00,2,0.5000,43.00,109,0,0.00,26,9.29,26.55,16.47,14.50
257221,-3.12,2.34,3,14.51,13.52,8,14.57,183,0.52,0.52,3084,0.00,1.00,2,0.5000,43.00,109,0,0.00,26,9.29,26.68,16.47,14.90
257326,-3.12,2.34,3,14.51,13.44,8,14.57,183,0.51,0.51,3118,0.00,1.00,2,0.5000,43.00,109,0,0.00,26,9.29,26.79,16.47,14.50
257429,-3.12,2.34,3,14.51,13.44,8,14.57,183,0.51,0.52,3108,0.00,1.00,2,0.5000,43.00,109,0,0.00,26,9.29,26.67,16.47,14.60
257534,-2.34,2.34,3,14.51,13.60,8,14.57,183,0.51,0.51,3115,0.00,1.00,2,0.5000,43.00,109,0,0.00,26,9.29,26.56,16.47,14.50
257637,-3.12,2.34,3,14.51,13.52,8,14.58,183,0.51,0.51,3150,0.00,1.00,2,0.5000,43.00,109,0,0.00,26,9.14,26.68,16.47,14.40
257742,-3.12,2.34,3,14.51,13.60,8,14.58,183,0.50,0.50,3139,0.00,1.00,2,0.5000,43.00,109,0,0.00,26,9.14,26.08,16.08,14.40
257846,-3.12,2.34,3,14.51,13.44,8,14.58,183,0.50,0.50,3178,0.00,1.00,2,0.5000,43.00,109,0,0.00,26,9.14,26.20,16.08,14.40
257950,-3.91,2.34,3,14.51,13.52,8,14.58,183,0.49,0.49,3157,0.00,1.00,2,0.5000,43.00,109,0,0.00,26,9.00,25.97,16.08,14.50
258054,-3.91,2.34,3,14.51,13.60,8,14.58,183,0.50,0.51,3184,0.00,1.00,2,0.5000,43.00,109,0,0.00,26,9.00,26.20,16.08,14.40
258157,-3.12,2.34,3,14.51,13.52,8,14.58,183,0.50,0.49,3168,0.00,1.00,2,0.5000,43.00,109,0,0.00,26,9.00,26.21,16.08,14.50
258261,-3.12,2.34,3,14.51,13.52,8,14.58,183,0.49,0.49,3208,0.00,1.00,2,0.5000,43.00,108,0,0.00,26,9.00,26.21,16.08,14.60
258366,-3.91,2.34,3,14.51,13.44,8,14.57,183,0.49,0.49,3185,0.00,1.00,2,0.5000,43.00,108,0,0.00,26,9.00,26.09,16.08,14.40
258470,-3.91,2.34,3,14.51,13.52,8,14.57,183,0.49,0.50,3216,0.00,1.00,2,0.5000,43.00,108,0,0.00,26,9.00,26.21,16.08,14.40
258574,-3.91,2.34,3,14.51,13.60,8,14.57,183,0.49,0.48,3204,0.00,1.00,2,0.5000,43.00,108,0,0.00,26,9.00,26.09,16.08,14.50
258677,-3.12,2.34,3,14.51,13.52,8,14.57,183,0.49,0.48,3218,0.00,1.00,2,0.5000,43.00,108,0,0.00,26,8.85,26.21,16.08,14.80
258781,-2.34,2.34,3,14.51,13.60,8,14.57,183,0.49,0.49,3251,0.00,1.00,2,0.5000,43.00,108,0,0.00,26,8.85,26.09,16.08,14.80
258886,-2.34,2.34,3,14.51,13.44,8,14.57,183,0.49,0.48,3235,0.00,1.00,2,0.5000,43.00,108,0,0.00,26,8.85,25.96,16.08,14.60
258990,-2.34,2.34,3,14.51,13.52,8,14.57,183,0.48,0.49,3264,0.00,1.00,2,0.5000,42.50,108,0,0.00,26,8.85,25.97,16.08,14.50
259093,-2.34,2.34,3,14.51,13.60,8,14.57,185,0.48,0.49,3273,0.00,1.00,2,0.5000,42.50,108,0,0.00,26,8.85,26.09,16.08,14.50
259198,-2.34,2.34,3,14.51,13.60,8,14.57,185,0.48,0.48,3256,0.00,1.00,2,0.5000,42.50,108,0,0.00,26,8.85,26.56,16.08,14.50
259302,-1.56,2.34,3,14.51,13.60,8,14.57,185,0.48,0.48,3289,0.00,1.00,2,0.5000,42.50,108,1,0.00,26,8.85,26.45,16.08,14.50
259406,-1.56,2.34,3,14.51,13.52,8,14.57,185,0.48,0.48,3298,0.00,1.00,2,0.5000,42.50,108,2,0.00,26,8.71,26.32,16.08,14.40
259510,-1.56,2.34,3,14.51,13.52,8,14.56,185,0.47,0.47,3288,0.00,1.00,2,0.5000,42.50,108,2,0.00,26,8.56,25.73,15.69,14.40
259614,-2.34,2.34,3,14.51,13.52,8,14.56,185,0.47,0.47,3293,0.00,1.00,2,0.5000,42.50,108,3,0.00,26,8.56,25.86,15.69,14.40
259718,-2.34,2.34,3,14.51,13.52,8,14.56,185,0.47,0.47,3328,0.00,1.00,2,0.5000,42.50,106,3,0.00,26,8.42,25.75,15.69,14.30
259822,-3.12,2.34,3,14.51,13.60,8,14.56,185,0.47,0.46,3340,0.00,1.00,2,0.5000,42.50,106,4,0.00,26,8.56,25.63,16.08,14.30
259926,-2.34,2.34,3,14.51,13.52,8,14.56,185,0.46,0.46,3318,0.00,1.00,2,0.5000,42.50,106,5,0.00,26,8.56,25.98,16.08,14.40
260030,-1.56,2.34,3,14.51,13.36,8,14.56,185,0.47,0.47,3328,0.00,1.00,2,0.5000,42.50,106,5,0.00,26,8.42,25.75,16.08,14.60
260134,-1.56,2.34,3,14.51,13.52,8,14.56,185,0.46,0.46,3362,0.00,1.00,2,0.5000,42.50,106,6,0.00,26,8.42,25.75,15.69,14.50
260238,-2.34,2.34,3,14.51,13.52,8,14.56,185,0.46,0.45,3377,0.00,1.00,2,0.5000,42.50,106,7,0.00,26,8.27,25.87,15.69,14.40
260342,-2.34,2.34,3,14.51,13.60,8,14.56,185,0.45,0.45,3396,0.00,1.00,2,0.5000,42.50,106,8,0.00,26,8.27,25.16,15.69,14.30
260446,-2.34,2.34,3,14.51,13.52,8,14.55,185,0.45,0.45,3382,0.00,1.00,2,0.5000,42.50,106,9,0.00,26,8.27,25.29,15.69,14.50
260550,-1.56,2.34,3,14.51,13.52,8,14.55,185,0.45,0.45,3393,0.00,1.00,2,0.5000,42.50,106,10,0.00,26,8.27,25.40,15.69,14.60
260654,-0.78,2.34,3,14.51,13.52,8,14.55,185,0.45,0.45,3405,0.00,1.00,2,0.5000,42.50,106,11,0.00,26,8.27,25.40,15.69,14.40
260758,0.00,2.34,3,14.51,13.44,8,14.55,185,0.45,0.45,3421,0.00,1.00,2,0.5000,42.50,106,12,0.00,26,8.13,25.99,15.69,14.50
260862,0.00,2.34,3,14.51,13.52,8,14.55,185,0.45,0.45,3435,0.00,1.00,2,0.5000,42.50,106,13,0.00,26,8.13,25.75,15.69,14.40
260966,-0.78,2.34,3,14.51,13.52,8,14.55,185,0.44,0.44,3450,0.00,1.00,2,0.5000,42.50,106,13,0.00,26,7.98,25.05,15.69,14.40
261070,-1.56,2.34,3,14.51,13.60,8,14.55,185,0.43,0.43,3456,0.00,1.00,2,0.5000,42.00,106,14,0.00,26,7.84,24.94,15.29,14.30
261174,-2.34,2.34,3,14.51,13.52,8,14.54,185,0.43,0.42,3463,0.00,1.00,2,0.5000,42.00,106,15,0.00,26,7.55,23.88,14.51,14.30
261278,-3.91,2.34,3,14.51,13.52,8,14.54,185,0.41,0.40,3468,0.00,1.00,2,0.5000,42.00,104,16,0.00,26,7.40,22.96,14.51,14.20
261382,-4.69,2.34,3,14.51,13.44,8,14.54,185,0.40,0.39,3476,0.00,1.00,2,0.5000,42.00,104,17,0.00,26,7.25,22.72,14.51,14.20
261486,-3.91,2.34,3,14.51,13.52,8,14.54,185,0.39,0.38,3486,0.00,1.00,2,0.5000,41.50,104,17,0.00,26,7.25,22.50,14.51,14.40
261590,-2.34,2.34,3,14.51,13.68,8,14.53,185,0.39,0.38,3497,0.00,1.00,2,0.5000,41.50,104,18,0.00,26,7.25,22.73,14.51,14.90
261694,-0.78,2.34,3,14.51,13.60,8,14.53,185,0.39,0.38,3503,0.00,1.00,2,0.5000,41.50,104,19,0.00,26,7.25,22.61,14.51,14.80
261798,0.00,2.34,3,14.51,13.52,8,14.53,185,0.38,0.38,3544,0.00,1.00,2,0.5000,41.50,104,19,0.00,26,7.25,22.50,14.51,14.80
261902,0.78,2.34,3,14.51,13.44,8,14.53,185,0.38,0.38,3554,0.00,1.00,2,0.5000,41.50,104,19,0.00,26,7.25,22.38,14.51,14.70
262006,1.56,2.34,3,14.51,13.60,8,14.53,185,0.38,0.38,3568,0.00,1.00,2,0.5000,41.50,104,18,0.00,26,7.11,22.39,14.51,14.70
262110,2.34,2.34,3,14.51,13.60,8,14.53,185,0.38,0.38,3549,0.00,1.00,2,0.5000,41.50,104,18,0.00,26,7.11,22.27,14.51,14.60
262214,2.34,2.34,3,14.51,13.52,8,14.53,185,0.37,0.37,3558,0.00,1.00,2,0.5000,41.50,104,17,0.00,26,7.11,22.27,14.51,14.50
262318,3.12,2.34,3,14.51,13.60,8,14.53,185,0.37,0.37,3568,0.00,1.00,2,0.5000,41.50,104,16,0.00,26,6.96,22.73,14.12,14.60
262422,3.12,2.34,3,14.51,13.44,8,14.53,185,0.34,0.33,3601,0.00,1.07,2,0.5000,41.00,104,15,0.00,26,5.66,17.05,9.80,14.50
262526,-3.12,2.34,3,14.51,13.68,8,14.52,185,0.28,0.26,3568,0.00,1.00,2,0.5000,40.50,104,13,0.00,26,5.08,15.51,9.80,13.90
262630,-11.72,2.34,3,14.51,13.68,8,14.52,185,0.26,0.25,3548,0.00,1.00,2,0.5000,40.00,104,11,0.00,26,4.93,14.58,9.41,13.10
262734,-17.19,2.34,3,14.51,13.68,8,14.52,185,0.24,0.24,3522,0.00,1.00,2,0.5000,40.00,104,9,0.00,26,4.64,13.76,8.63,12.90
262838,-17.97,2.34,3,14.51,13.60,8,14.52,185,0.22,0.20,3510,0.00,1.00,2,0.5000,39.00,104,8,0.00,26,4.06,11.50,7.45,13.20
262942,-18.75,2.34,3,14.51,13.52,8,14.52,185,0.19,0.18,3484,0.00,1.00,2,0.5000,35.50,104,7,0.00,26,3.77,10.51,7.06,13.80
263046,-21.88,2.34,3,14.51,13.52,8,14.52,185,0.18,0.17,3470,0.00,0.99,2,0.5000,32.50,102,6,0.00,26,3.48,9.85,6.67,14.00
263150,-25.00,0.00,2,14.51,13.68,8,14.52,185,0.17,0.17,3456,0.00,0.99,2,0.5000,29.00,102,5,0.00,26,3.48,9.29,6.67,13.60
263254,0.00,0.00,2,14.51,13.68,10,14.53,185,0.16,0.16,3436,0.00,0.99,2,0.5000,25.50,102,5,0.00,26,3.48,9.43,6.67,13.10
263358,0.00,0.00,2,14.51,13.60,10,14.53,185,0.16,0.16,3413,0.00,0.99,2,0.5000,24.00,102,5,0.00,26,3.48,9.43,7.06,13.00
263462,0.00,0.00,2,14.51,13.44,10,14.53,185,0.16,0.16,3410,0.00,0.99,2,0.5000,24.00,102,5,0.00,26,3.48,9.24,7.06,13.40
263566,0.00,0.00,2,14.51,13.60,10,14.53,185,0.16,0.16,3402,0.00,0.99,2,0.5000,24.00,102,5,0.00,26,3.48,9.34,7.06,16.20
263671,0.00,0.00,2,14.51,13.68,10,14.53,185,0.16,0.16,3377,0.00,0.99,2,0.5000,24.00,102,5,0.00,26,3.48,9.00,7.06,17.10
263774,0.00,0.00,2,14.51,13.68,10,14.53,185,0.16,0.16,3401,0.00,0.99,2,0.5000,24.00,102,5,0.00,26,3.63,9.24,7.06,20.80
263879,0.00,0.00,2,14.51,13.52,10,14.53,185,0.16,0.17,3388,0.00,0.99,2,0.5000,24.00,102,5,0.00,26,3.63,9.29,7.06,30.40
263982,0.00,0.00,2,14.51,13.52,10,14.53,185,0.16,0.17,3372,0.00,0.99,2,0.5000,24.00,102,5,0.00,26,3.63,9.20,7.06,46.50
264086,0.00,0.00,2,14.51,13.68,10,14.53,185,0.17,0.17,3335,0.00,0.99,2,0.5000,24.00,102,5,0.00,26,3.63,9.20,7.06,73.20
264191,0.00,0.00,2,14.51,13.60,10,14.53,185,0.16,0.16,3326,0.00,0.99,2,0.5000,24.00,102,5,0.00,26,3.63,8.95,7.06,90.60
264294,0.00,0.00,2,14.51,13.68,10,14.54,185,0.16,0.17,3317,0.00,0.99,2,0.5000,24.00,102,6,0.00,26,3.63,9.15,6.67,96.00
264398,0.00,0.00,2,14.51,13.52,10,14.54,185,0.16,0.17,3333,0.00,0.99,2,0.5000,24.00,102,7,0.00,26,3.63,9.10,7.06,96.00
264502,0.00,0.00,2,14.51,13.20,10,14.54,185,0.17,0.17,3322,0.00,0.99,2,0.5000,24.00,102,7,0.00,26,3.63,9.62,6.67,96.00
264606,0.00,0.00,2,14.51,12.96,10,14.54,185,0.17,0.17,3285,0.00,0.99,2,0.5000,24.00,102,7,0.00,26,3.77,9.24,6.67,99.90
264709,0.00,0.00,2,14.51,13.60,10,14.54,185,0.17,0.17,3300,0.00,0.99,2,0.5000,24.00,102,8,0.00,26,3.77,9.29,6.67,99.90
264814,0.00,0.00,2,14.51,13.68,10,14.54,185,0.17,0.17,3278,0.00,0.99,2,0.5000,24.00,102,8,0.00,26,3.77,9.15,7.06,99.90
264918,0.00,0.00,2,14.51,13.60,10,14.54,185,0.17,0.17,3228,0.00,0.99,2,0.5000,24.00,102,9,0.00,26,3.77,9.15,6.67,99.90
265022,0.00,0.00,2,14.51,13.52,10,14.55,185,0.17,0.18,3228,0.00,0.99,2,0.5000,24.00,102,9,0.00,26,3.77,9.24,7.06,99.90
265126,0.00,0.00,2,14.51,13.52,10,14.55,185,0.17,0.17,3180,0.00,0.99,2,0.5000,24.00,102,10,0.00,26,3.77,9.15,7.06,99.90
265230,0.00,0.00,2,14.51,13.36,10,14.55,185,0.17,0.18,3175,0.00,0.99,2,0.5000,24.00,102,10,0.00,26,3.92,9.15,7.45,99.90
265334,0.00,0.00,2,14.51,13.68,10,14.56,185,0.18,0.18,3110,0.00,0.99,2,0.5000,24.00,102,11,0.00,26,4.06,9.90,7.45,99.90
265438,0.00,0.00,2,14.51,13.52,10,14.57,185,0.19,0.19,3093,0.00,0.99,2,0.5000,24.00,102,11,0.00,26,4.06,9.85,7.45,99.90
265546,0.00,0.00,2,14.51,13.44,10,14.57,185,0.19,0.20,3041,0.00,0.99,2,0.5000,24.00,102,11,0.00,26,4.21,9.85,7.45,99.90
265646,0.00,0.00,2,14.51,13.60,10,14.58,185,0.20,0.20,2993,0.00,0.99,2,0.5000,24.00,102,12,0.00,26,4.21,9.90,7.45,99.90
265751,0.00,0.00,2,14.51,13.60,10,14.59,185,0.20,0.20,2934,0.00,1.00,2,0.5000,24.00,102,13,0.00,26,4.21,9.90,7.45,99.90
265854,0.00,0.00,2,14.51,13.68,10,14.60,185,0.20,0.20,2900,0.00,1.00,2,0.5000,24.00,102,13,0.00,26,4.21,9.80,7.45,99.90
265958,0.00,0.00,2,14.51,13.52,10,14.61,185,0.20,0.21,2861,0.00,1.00,2,0.5000,24.00,102,14,0.00,26,4.21,9.76,7.45,99.90
266062,0.00,0.00,2,14.51,13.52,10,14.62,185,0.21,0.21,2822,0.00,1.00,2,0.5000,24.00,102,14,0.00,26,4.21,9.62,7.45,99.90
266166,0.00,0.00,2,14.51,13.52,10,14.62,185,0.21,0.21,2782,0.00,1.00,2,0.5000,24.00,102,14,0.00,26,4.21,9.62,7.45,99.90
266270,0.00,0.00,2,14.51,13.60,10,14.62,185,0.21,0.21,2742,0.00,1.00,2,0.5000,24.00,102,15,0.00,26,4.21,9.80,7.45,99.90
266374,0.00,0.00,2,14.51,13.60,10,14.62,185,0.21,0.21,2722,0.00,1.00,2,0.5000,24.00,102,15,0.00,26,4.35,9.62,7.84,99.90
266478,0.00,0.00,2,14.51,13.52,10,14.61,185,0.22,0.22,2656,0.00,1.00,2,0.5000,24.00,102,15,0.00,26,4.35,9.76,7.45,99.90
266582,0.00,0.00,2,14.51,13.52,10,14.61,185,0.22,0.22,2604,0.00,1.00,2,0.5000,24.00,102,16,0.00,26,4.35,9.52,7.45,99.90
266686,0.00,0.00,2,14.51,13.52,10,14.61,185,0.22,0.22,2580,0.00,1.00,2,0.5000,24.00,102,17,0.00,26,4.35,9.52,7.45,99.90
266790,0.00,0.00,2,14.51,13.68,10,14.61,185,0.23,0.23,2539,0.00,1.00,2,0.5000,24.00,102,17,0.00,26,4.50,9.62,7.45,99.90
266895,0.00,0.00,2,14.51,13.60,10,14.61,185,0.23,0.23,2476,0.00,1.00,2,0.5000,24.00,102,17,0.00,26,4.50,9.57,7.45,99.90
266998,0.00,0.00,2,14.51,13.60,10,14.61,185,0.23,0.23,2457,0.00,1.00,2,0.5000,24.00,102,17,0.00,26,4.64,9.52,7.84,99.90
267102,0.00,0.00,2,14.51,13.60,10,14.60,185,0.24,0.24,2420,0.00,1.00,2,0.5000,24.00,102,18,0.00,26,4.79,9.57,7.45,99.90
267206,0.00,0.00,2,14.51,13.52,10,14.60,185,0.24,0.24,2385,0.00,1.00,2,0.5000,24.00,102,18,0.00,26,4.79,9.62,7.45,99.90
267310,0.00,0.00,2,14.51,13.60,10,14.60,185,0.24,0.25,2350,0.00,1.00,2,0.5000,24.00,102,18,0.00,26,4.93,9.48,7.45,99.90
267414,0.00,0.00,2,14.51,13.52,10,14.60,185,0.25,0.25,2314,0.00,1.00,2,0.5000,24.00,102,18,0.00,26,5.08,9.52,7.45,99.90
267519,0.00,0.00,2,14.51,13.52,10,14.59,185,0.25,0.25,2282,0.00,1.00,2,0.5000,24.00,102,19,0.00,26,5.08,9.34,7.45,99.90
267622,0.00,0.00,2,14.51,13.52,10,14.59,185,0.25,0.25,2248,0.00,0.99,2,0.5000,24.00,102,19,0.00,26,5.22,9.24,7.45,99.90
267726,0.00,0.00,2,14.51,13.60,10,14.58,185,0.25,0.25,2211,0.00,0.99,2,0.5000,24.00,102,19,0.00,26,5.22,9.05,7.06,99.90
267831,0.00,0.00,2,14.51,13.52,10,14.58,185,0.25,0.24,2160,0.00,0.99,2,0.5000,24.00,102,19,0.00,26,5.22,8.79,7.06,99.90
267934,0.00,0.00,2,14.51,13.52,10,14.58,185,0.25,0.25,2122,0.00,0.99,2,0.5000,24.00,102,17,0.00,26,5.22,8.90,7.06,99.90
268038,0.00,0.00,2,14.51,13.52,10,14.57,185,0.25,0.25,2106,0.00,0.99,2,0.5000,24.00,102,9,0.00,26,5.22,8.59,7.06,99.90
268142,0.00,0.00,2,14.51,13.52,10,14.57,185,0.25,0.25,2054,0.00,0.99,2,0.5000,24.00,102,3,0.00,26,5.08,8.69,6.67,99.90
268247,0.00,0.00,2,14.51,12.72,10,14.56,185,0.25,0.25,2035,0.00,0.99,2,0.5000,24.00,102,0,0.00,26,5.08,8.44,6.67,99.90
268351,0.00,0.00,2,14.51,13.28,10,14.56,185,0.25,0.26,1980,0.00,0.99,2,0.5000,24.00,102,0,0.00,26,5.08,8.39,6.67,99.90
268455,0.00,0.00,2,14.51,13.44,10,14.56,185,0.26,0.26,1938,0.00,0.99,2,0.5000,24.00,102,0,0.00,26,5.22,8.44,6.67,99.90
268559,0.00,0.00,2,14.51,13.52,10,14.56,185,0.26,0.27,1871,0.00,0.99,2,0.5000,24.00,102,0,0.00,26,5.22,8.34,6.67,99.90
268663,0.00,0.00,2,14.51,13.44,10,14.56,185,0.27,0.27,1830,0.00,0.99,2,0.5000,24.00,102,0,0.00,26,5.22,8.44,6.67,99.90
268766,0.00,0.00,2,14.51,13.60,10,14.57,185,0.27,0.28,1794,0.00,0.99,2,0.5000,23.50,102,0,0.00,26,5.22,7.89,6.27,99.90
268871,0.00,0.00,2,14.51,13.60,10,14.57,185,0.27,0.26,1764,0.00,0.99,2,0.5000,22.50,102,0,0.00,26,5.22,7.64,6.27,99.90
268978,0.00,0.00,2,14.51,13.52,10,14.57,185,0.27,0.26,1728,0.00,0.99,2,0.5000,22.00,102,0,0.00,26,5.37,7.55,6.27,99.90
269078,0.00,0.00,2,14.51,13.52,10,14.57,185,0.27,0.28,1681,0.00,0.99,2,0.5000,21.00,102,0,0.00,26,5.37,7.89,6.27,99.90
269183,0.00,0.00,2,14.51,13.52,10,14.57,185,0.28,0.29,1639,0.00,0.99,2,0.5000,20.50,102,0,0.00,26,5.51,7.74,6.27,99.90
269286,0.00,0.00,2,14.51,13.52,10,14.57,185,0.28,0.28,1593,0.00,0.99,2,0.5000,20.00,102,0,0.00,26,5.66,7.60,5.88,99.90
269390,0.00,0.00,2,14.51,13.60,10,14.58,185,0.28,0.28,1571,0.00,0.99,2,0.5000,19.50,102,0,0.00,26,5.66,7.06,5.88,99.90
269495,0.00,0.00,2,14.51,13.44,10,14.58,185,0.28,0.29,1525,0.00,0.99,2,0.5000,19.00,102,0,0.00,26,5.80,7.74,5.88,99.90
269598,0.00,0.00,2,14.51,13.36,10,14.58,185,0.30,0.32,1472,0.00,0.99,2,0.5000,18.50,102,0,0.00,26,5.95,7.74,5.88,99.90
269703,0.00,0.00,2,14.51,13.44,10,14.59,185,0.31,0.32,1438,0.00,0.99,2,0.5000,18.00,102,0,0.00,26,6.09,7.64,5.88,99.90
269807,0.00,0.00,2,14.51,13.60,10,14.59,185,0.32,0.33,1376,0.00,1.00,2,0.5000,17.50,102,0,0.00,26,6.09,7.69,5.88,99.90
269911,0.00,0.00,2,14.51,13.60,10,14.59,185,0.33,0.34,1335,0.00,1.00,2,0.5000,17.50,102,0,0.00,26,6.24,7.50,5.49,99.90
270014,0.00,0.00,2,14.51,13.52,10,14.60,185,0.33,0.34,1290,0.00,1.00,2,0.5000,17.50,102,0,0.00,26,6.24,7.21,5.49,99.90
270118,0.00,0.00,2,14.51,13.44,10,14.60,185,0.34,0.36,1241,0.00,1.00,2,0.5000,17.00,102,0,0.00,26,6.53,7.06,5.49,99.90
270223,0.00,0.00,2,14.51,13.44,10,14.61,185,0.35,0.35,1186,0.00,1.00,2,0.5000,17.00,102,0,0.00,26,6.67,6.87,5.10,99.90
270327,0.00,0.00,2,14.51,13.52,10,14.62,185,0.35,0.37,1126,0.00,1.00,2,0.5000,22.00,102,0,0.00,26,6.82,6.82,5.10,99.90
270430,0.00,0.00,2,14.51,13.60,10,14.63,185,0.36,0.36,1102,0.00,1.00,2,0.5000,17.00,102,0,0.00,26,6.96,6.63,5.10,99.90
270534,0.00,0.00,2,14.51,13.44,10,14.60,185,0.33,0.28,1328,0.00,1.09,2,0.5000,18.00,102,0,0.00,26,6.38,6.29,5.10,99.90
270639,0.00,0.00,2,14.51,13.44,10,14.59,185,0.30,0.28,1425,0.00,1.00,2,0.5000,18.50,102,0,0.00,26,6.24,6.82,5.88,95.20
270743,0.00,0.00,2,14.51,13.44,10,14.59,185,0.29,0.29,1462,0.00,1.00,2,0.5000,18.50,102,0,0.00,26,6.09,6.82,5.88,23.90
270847,0.00,0.00,2,14.51,13.60,10,14.59,185,0.30,0.30,1428,0.00,1.00,2,0.5000,18.00,102,0,0.00,26,6.09,7.30,5.88,20.40
270951,0.00,0.00,2,14.51,13.60,10,14.59,185,0.30,0.30,1414,0.00,1.00,2,0.5000,18.00,102,0,0.00,26,6.09,6.97,5.88,20.00
271055,0.00,0.00,2,14.51,13.52,10,14.59,185,0.30,0.30,1373,0.00,1.00,2,0.5000,18.00,102,0,0.00,26,6.09,6.82,5.88,14.70
271159,-0.78,0.00,2,14.51,13.44,8,14.59,185,0.30,0.29,1364,0.00,1.00,2,0.5000,17.50,102,0,0.00,26,6.09,6.77,5.49,14.30
271263,-3.12,0.00,2,14.51,13.44,8,14.59,185,0.30,0.31,1345,0.00,1.00,2,0.5000,17.50,102,0,0.00,26,6.09,6.82,5.49,14.50
271367,-3.12,0.00,2,14.51,13.52,8,14.60,185,0.30,0.31,1298,0.00,1.00,2,0.5000,17.50,102,0,0.00,26,6.09,6.63,5.49,14.30
271471,-3.91,0.00,2,14.51,13.52,8,14.60,185,0.31,0.32,1268,0.00,1.00,2,0.5000,17.00,102,0,0.00,26,6.24,6.53,5.49,14.10
271574,-4.69,0.00,2,14.51,13.60,8,14.60,185,0.31,0.32,1243,0.00,1.00,2,0.5000,17.00,102,0,0.00,26,6.24,6.49,5.49,14.10
271679,-4.69,0.00,2,14.51,13.36,8,14.60,185,0.31,0.31,1218,0.00,1.00,2,0.5000,17.00,102,0,0.00,26,6.38,6.44,5.49,14.00
271783,-5.47,0.00,2,14.51,13.44,8,14.60,185,0.32,0.32,1198,0.00,1.00,2,0.5000,17.00,102,0,0.00,26,6.53,6.39,5.10,14.00
271887,-5.47,0.00,2,14.51,13.52,8,14.61,185,0.32,0.33,1164,0.00,1.00,2,0.5000,22.00,102,0,0.00,26,6.53,6.20,5.10,14.00
271991,-5.47,0.00,2,14.51,13.44,8,14.62,185,0.32,0.33,1139,0.00,1.00,2,0.5000,22.00,102,0,0.00,26,6.67,6.00,5.10,14.10
272095,-6.25,0.00,2,14.51,13.60,8,14.62,185,0.32,0.32,1120,0.00,1.00,2,0.5000,22.00,102,0,0.00,26,6.82,6.03,5.10,14.00
272199,-6.25,0.00,2,14.51,13.52,8,14.63,185,0.32,0.33,1102,0.00,1.00,2,0.5000,22.00,102,0,0.00,26,6.82,6.03,5.10,14.10
272303,-6.25,0.00,2,14.51,13.52,8,14.63,185,0.32,0.32,1085,0.00,1.00,2,0.5000,22.00,102,0,0.00,26,6.82,5.79,5.10,14.10
272407,-6.25,0.00,2,14.51,13.52,8,14.63,185,0.32,0.33,1064,0.00,1.00,2,0.5000,22.00,102,0,0.00,26,6.96,5.84,5.10,14.00
272511,-7.03,0.00,2,14.51,13.52,8,14.64,185,0.33,0.34,1035,0.00,1.00,2,0.5000,22.00,104,0,0.00,26,7.11,5.81,5.10,14.20
272615,-7.03,0.00,2,14.51,13.60,8,14.65,185,0.33,0.35,1006,0.00,1.00,2,0.5000,22.00,104,0,0.00,26,7.25,5.81,5.10,14.30
272719,-6.25,0.00,2,14.51,13.52,8,14.65,185,0.34,0.36,975,0.00,1.00,2,0.5000,22.00,104,0,0.00,26,7.40,5.87,5.10,14.20
272823,-6.25,0.00,2,14.51,13.52,8,14.66,185,0.35,0.37,952,0.00,1.00,2,0.5000,22.00,104,0,0.00,26,7.55,5.92,5.49,14.30
272927,-6.25,0.00,2,14.51,13.52,8,14.66,185,0.36,0.38,944,0.00,1.00,2,0.5000,22.00,104,0,0.00,26,7.84,5.87,5.49,14.40
273031,-6.25,0.00,2,14.51,13.52,8,14.66,185,0.37,0.38,924,0.00,1.00,2,0.5000,22.00,104,0,0.00,26,8.13,5.84,5.49,14.40
273135,-6.25,0.00,2,14.51,13.44,8,14.67,185,0.37,0.39,906,0.00,1.00,2,0.5000,22.00,104,0,0.00,26,8.27,5.89,5.10,14.40
273239,-6.25,0.00,2,14.51,13.52,8,14.67,185,0.38,0.41,896,0.00,1.00,2,0.5000,22.00,104,0,0.00,26,8.27,5.95,5.10,14.40
273343,-6.25,0.00,2,14.51,13.52,8,14.68,185,0.39,0.40,872,0.00,1.00,2,0.5000,22.00,104,0,0.00,26,8.42,5.81,5.10,14.50
273447,-5.47,0.00,2,14.51,13.44,8,14.68,185,0.39,0.40,865,0.00,0.99,2,0.5000,22.00,104,0,0.00,26,8.56,5.79,5.10,14.40
273551,-5.47,0.00,2,14.51,13.44,8,14.68,185,0.40,0.41,842,0.00,0.99,2,0.5000,22.00,104,0,0.00,26,8.71,5.74,5.10,15.10
273655,-4.69,0.00,2,14.51,13.44,8,14.69,185,0.40,0.42,828,0.00,0.99,2,0.5000,22.00,104,0,0.00,26,8.85,5.74,5.10,14.80
273760,-4.69,0.00,2,14.51,13.36,8,14.69,185,0.41,0.43,807,0.00,0.99,2,0.5000,21.50,104,0,0.00,26,9.00,5.74,5.10,14.80
273863,-4.69,0.00,1,14.51,13.52,8,14.68,185,0.41,0.42,786,0.00,0.99,2,0.5000,21.50,104,0,0.00,26,9.14,5.44,5.10,14.90
273968,-3.91,0.00,2,14.51,13.52,8,14.68,185,0.42,0.42,808,0.00,0.99,2,0.5000,21.50,104,0,0.00,26,9.14,5.63,5.10,15.00
274072,-3.91,0.00,2,14.51,13.44,8,14.68,185,0.41,0.41,825,0.00,0.99,2,0.5000,20.00,104,0,0.00,26,9.14,5.63,5.10,15.00
274176,-3.12,0.00,1,14.51,13.60,8,14.68,185,0.41,0.40,842,0.00,1.00,2,0.5000,18.00,104,0,0.00,26,9.14,5.68,7.45,15.10
274279,-3.12,0.00,2,14.51,13.52,8,14.68,185,0.45,0.51,847,0.00,0.89,2,0.5000,21.50,104,0,0.00,26,12.04,8.98,15.69,15.10
274383,-1.56,0.00,3,14.51,13.60,8,14.63,185,0.54,0.74,923,0.00,0.77,2,0.5000,28.00,104,0,0.00,26,13.35,11.97,17.65,15.00
274487,-5.47,2.34,3,14.51,13.52,8,14.61,185,0.58,0.60,1154,0.00,0.93,2,0.5000,30.00,104,0,0.00,26,13.35,11.78,17.25,18.20
274591,-6.25,2.34,3,14.51,13.44,8,14.60,185,0.57,0.55,1312,0.00,0.98,2,0.5000,32.50,104,0,0.00,26,13.20,12.54,16.86,14.10
274695,3.12,2.34,3,14.51,13.44,8,14.59,185,0.57,0.58,1355,0.00,0.98,2,0.5000,34.50,104,0,0.00,26,13.06,13.13,16.86,15.50
274799,13.28,2.34,3,14.51,13.36,8,14.59,185,0.58,0.58,1392,0.00,0.98,2,0.5000,35.00,104,0,0.50,26,12.91,13.78,16.86,16.80
274904,14.84,2.34,3,14.51,13.52,8,14.58,185,0.58,0.59,1472,0.00,0.98,2,0.5000,37.00,104,0,0.50,26,13.06,14.88,19.61,17.10
275008,12.50,2.34,3,14.51,13.52,8,14.58,185,0.60,0.61,1560,0.00,0.98,2,0.5000,38.00,106,0,0.50,26,13.49,16.38,20.78,16.10
275111,14.06,2.34,3,14.51,13.44,8,14.58,185,0.63,0.67,1597,0.00,0.93,2,0.5000,38.00,106,0,1.00,26,13.64,18.23,21.96,15.60
275216,15.62,2.34,3,14.51,13.44,8,14.58,185,0.65,0.67,1648,0.00,0.98,2,0.5000,38.00,106,0,1.00,26,13.78,18.61,23.14,15.40
275320,13.28,2.34,3,14.51,13.36,8,14.58,185,0.67,0.68,1700,0.00,0.98,2,0.5000,38.00,106,0,1.00,26,14.07,20.10,26.27,15.20
275423,14.84,2.34,3,14.51,13.44,8,14.58,185,0.69,0.72,1744,0.00,0.98,2,0.5000,37.50,106,0,1.00,26,14.22,21.22,29.02,14.40
275528,14.84,2.34,3,14.51,13.44,8,14.58,185,0.72,0.73,1789,0.00,0.98,2,0.5000,37.00,106,0,1.00,26,14.36,22.37,31.37,14.30
275632,14.84,2.34,3,14.51,13.52,8,14.57,185,0.73,0.75,1826,0.00,0.98,2,0.5000,37.00,106,0,1.00,26,14.51,23.07,32.16,14.60
275735,14.06,2.34,3,14.51,13.44,8,14.57,185,0.74,0.75,1878,0.00,0.98,2,0.5000,37.00,106,0,1.00,26,14.51,23.78,32.16,14.40
275840,13.28,2.34,3,14.51,13.36,8,14.57,185,0.76,0.79,1904,0.00,0.98,2,0.5000,37.00,106,0,1.00,26,14.51,24.60,32.16,14.30
275944,12.50,2.34,3,14.51,13.52,8,14.57,185,0.77,0.79,1914,0.00,0.98,2,0.5000,36.50,106,0,1.00,26,14.65,25.30,32.16,14.30
276048,10.94,2.34,3,14.51,13.52,8,14.57,185,0.79,0.79,1955,0.00,0.98,2,0.5000,36.50,106,0,1.50,26,14.65,25.90,32.16,14.10
276152,9.38,2.34,3,14.51,13.52,8,14.56,185,0.79,0.81,1973,0.00,0.98,2,0.5000,36.50,106,0,1.50,26,14.65,26.01,32.16,14.10
276256,8.59,2.34,3,14.51,13.36,8,14.56,185,0.80,0.81,1978,0.00,0.98,2,0.5000,36.50,106,0,1.50,26,14.80,26.85,32.16,14.20
276360,8.59,2.34,3,14.51,13.44,8,14.56,185,0.80,0.80,2015,0.00,0.98,2,0.5000,36.50,106,0,1.50,26,14.80,27.20,32.16,14.10
276464,7.81,2.34,3,14.51,13.44,8,14.56,185,0.81,0.82,2017,0.00,0.98,2,0.5000,36.50,106,0,1.50,26,14.80,27.80,32.94,14.10
276568,7.03,2.34,3,14.51,13.60,8,14.56,185,0.82,0.82,2052,0.00,0.98,2,0.5000,36.50,104,0,1.50,26,14.95,28.39,32.94,14.10
276672,6.25,2.34,3,14.51,13.44,8,14.56,185,0.82,0.82,2057,0.00,0.98,2,0.5000,36.50,104,0,1.50,26,14.95,28.63,32.94,14.20
276776,6.25,2.34,3,14.51,13.44,8,14.56,185,0.82,0.83,2078,0.00,0.98,2,0.5000,36.50,104,0,1.50,26,14.95,28.99,32.94,14.40
276880,6.25,2.34,3,14.51,13.44,8,14.56,185,0.83,0.83,2115,0.00,0.99,2,0.5000,36.50,104,0,1.00,26,15.09,29.47,32.94,14.30
276984,5.47,2.34,3,14.51,13.52,8,14.56,185,0.83,0.84,2118,0.00,0.99,2,0.5000,36.50,104,0,1.00,26,15.09,29.59,32.94,14.30
277087,6.25,2.34,3,14.51,13.52,8,14.56,185,0.84,0.85,2142,0.00,0.99,2,0.5000,36.50,104,0,1.00,26,15.09,30.32,32.94,14.60
277192,6.25,2.34,3,14.51,13.52,8,14.56,185,0.84,0.86,2177,0.00,0.99,2,0.5000,37.00,104,0,1.00,26,15.09,30.94,32.94,14.50
277296,6.25,2.34,3,14.51,13.44,8,14.56,185,0.85,0.84,2203,0.00,0.99,2,0.5000,37.00,104,0,1.00,26,15.09,31.06,32.94,14.50
277400,6.25,2.34,3,14.51,13.52,8,14.56,185,0.85,0.85,2208,0.00,0.99,2,0.5000,37.00,106,0,1.00,26,15.09,31.79,32.94,14.30
277504,7.03,2.34,3,14.51,13.52,8,14.56,185,0.86,0.86,2233,0.00,0.99,2,0.5000,37.00,106,0,1.00,26,15.24,32.16,32.94,14.50
277608,7.03,2.34,3,14.51,13.52,8,14.56,185,0.86,0.87,2254,0.00,0.99,2,0.5000,37.00,106,0,1.00,26,15.24,32.90,32.94,14.50
277712,7.81,2.34,3,14.51,13.28,8,14.56,185,0.87,0.87,2274,0.00,0.99,2,0.5000,37.00,106,0,1.00,26,15.24,33.72,32.94,14.50
277816,7.81,2.34,3,14.51,13.44,8,14.56,185,0.87,0.87,2298,0.00,0.99,2,0.5000,37.00,106,0,1.00,26,15.24,33.87,32.94,14.50
277920,8.59,2.34,3,14.51,13.36,8,14.56,185,0.87,0.86,2317,0.00,0.99,2,0.5000,37.00,106,0,0.50,26,15.24,34.18,32.94,14.50
278024,7.81,2.34,3,14.51,13.44,8,14.56,185,0.87,0.88,2341,0.00,0.99,2,0.5000,37.00,106,0,0.50,26,15.24,34.64,32.94,14.50
278128,9.38,2.34,3,14.51,13.44,8,14.56,185,0.88,0.87,2359,0.00,0.99,2,0.5000,37.50,106,0,1.00,26,15.24,35.40,32.94,15.10
278232,9.38,2.34,3,14.51,13.44,8,14.56,185,0.89,0.88,2384,0.00,0.99,2,0.5000,37.50,106,0,1.00,26,15.38,35.40,32.94,14.80
278336,9.38,2.34,3,14.51,13.28,8,14.56,185,0.90,0.89,2425,0.00,0.99,2,0.5000,37.00,106,0,1.00,26,15.38,36.31,32.94,14.60
278440,8.59,2.34,3,14.51,13.44,8,14.55,185,0.90,0.92,2451,-2.00,0.99,2,0.5000,35.00,106,0,-1.00,27,15.53,37.07,32.94,14.50
278544,7.81,2.34,3,14.51,13.44,8,14.54,185,0.91,0.92,2462,-2.00,0.99,2,0.5000,35.00,106,0,-1.00,27,15.53,37.38,32.94,14.30
278648,7.03,2.34,3,14.51,13.52,8,14.54,185,0.91,0.92,2485,-2.00,0.99,2,0.5000,35.00,106,0,-1.00,27,15.53,38.11,32.94,14.30
278752,5.47,2.34,3,14.51,13.52,8,14.53,185,0.91,0.90,2538,-2.00,0.99,2,0.5000,35.00,106,0,-1.00,27,15.53,38.51,32.94,14.20
278856,4.69,2.34,3,14.51,13.28,8,14.51,185,0.91,0.91,2551,-2.00,0.99,2,0.5000,35.50,106,0,-1.50,27,15.53,39.38,32.94,14.20
278959,3.12,2.34,3,14.51,13.44,8,14.51,185,0.91,0.91,2601,-2.00,0.99,2,0.5000,35.50,106,1,-1.50,27,15.67,39.63,32.94,14.10
279064,1.56,2.34,4,14.51,13.36,8,14.50,185,0.92,0.93,2612,-2.00,0.99,2,0.5000,35.50,106,1,-1.50,27,15.67,40.49,32.94,14.10
279168,1.56,4.69,4,14.51,13.52,8,14.50,185,0.92,0.92,2664,-2.00,0.99,2,0.5000,35.50,106,2,-1.50,27,15.67,40.99,32.94,14.10
279272,-0.78,4.69,4,14.51,13.52,8,14.48,185,0.92,0.92,2675,-2.00,0.99,2,0.5000,35.50,106,2,-1.50,27,15.82,41.24,32.94,14.10
279376,-0.78,4.69,4,14.51,13.28,8,14.47,185,0.92,0.92,2711,-2.00,0.99,2,0.5000,35.50,106,3,-1.50,27,15.82,41.61,32.94,14.20
279480,-1.56,4.69,4,14.51,13.44,8,14.47,185,0.92,0.93,2758,-2.00,0.99,2,0.5000,35.50,106,4,-1.50,27,15.82,42.27,32.94,14.30
279584,-1.56,4.69,4,14.51,13.44,8,14.46,185,0.92,0.92,2794,-2.00,0.99,2,0.5000,35.50,106,4,-2.00,27,15.96,42.68,32.55,14.30
279688,-2.34,4.69,4,14.51,13.44,8,14.45,185,0.91,0.90,2801,-2.00,0.99,2,0.5000,36.00,108,5,-2.00,27,15.82,42.85,32.55,14.40
279792,-1.56,4.69,4,14.51,13.36,8,14.46,185,0.91,0.90,2832,-2.00,0.99,2,0.5000,36.00,108,5,-2.00,27,15.96,43.26,32.94,14.50
279896,0.00,4.69,4,14.51,13.36,8,14.46,185,0.91,0.91,2868,-2.00,0.99,2,0.5000,36.00,108,6,-2.00,27,15.96,43.68,32.55,14.30
280000,1.56,4.69,4,14.51,13.44,8,14.47,185,0.91,0.90,2902,-2.00,0.99,2,0.5000,36.00,108,6,-2.00,27,16.11,44.18,32.55,15.20
280104,3.12,4.69,4,14.51,13.52,8,14.47,185,0.91,0.90,2928,-2.00,0.99,2,0.5000,36.00,108,7,-2.00,27,16.11,44.67,32.16,14.30
280208,4.69,4.69,4,14.51,13.44,8,14.48,185,0.91,0.90,2989,-2.00,0.99,2,0.5000,36.00,108,8,-2.00,27,16.11,44.92,32.16,15.50
280312,6.25,4.69,4,14.51,13.44,8,14.48,185,0.90,0.91,3012,-2.00,0.99,2,0.5000,36.00,108,8,-2.00,27,16.11,45.25,31.37,14.10
280416,7.81,4.69,4,14.51,13.44,8,14.49,185,0.90,0.90,3043,-2.00,0.99,2,0.5000,37.00,108,9,-1.00,27,16.11,45.42,31.37,15.90
280520,7.81,4.69,4,14.51,13.52,8,14.50,185,0.90,0.89,3056,-1.00,0.99,2,0.5000,37.00,108,10,-1.00,27,16.25,46.63,30.98,14.50
280625,8.59,4.69,4,14.51,13.36,8,14.50,185,0.89,0.89,3112,-1.00,0.99,2,0.5000,37.00,108,10,-1.00,27,16.25,45.67,30.98,14.70
280728,9.38,4.69,4,14.51,13.36,8,14.51,185,0.88,0.89,3138,-1.00,0.99,2,0.5000,37.00,108,11,-1.00,27,16.11,45.67,29.80,14.20
280832,9.38,4.69,4,14.51,13.36,8,14.51,185,0.87,0.87,3150,-1.00,0.99,2,0.5000,37.00,109,12,-1.00,27,16.11,45.92,30.20,14.50
280936,10.94,4.69,4,14.51,13.36,8,14.52,185,0.87,0.87,3198,-1.00,0.99,2,0.5000,37.00,109,12,-1.00,27,16.11,46.36,30.20,16.10
281040,11.72,4.69,4,14.51,13.44,8,14.52,185,0.88,0.88,3200,-1.00,0.99,2,0.5000,37.00,109,12,-1.00,27,16.25,48.00,29.80,14.00
281144,11.72,4.69,4,14.51,13.52,8,14.52,185,0.89,0.88,3240,-1.00,0.99,2,0.5000,37.00,109,13,-1.00,27,16.25,48.55,29.80,14.50
281248,11.72,4.69,4,14.51,13.36,8,14.52,185,0.88,0.89,3298,-1.00,0.99,2,0.5000,37.00,109,14,-1.00,27,16.25,48.69,29.80,14.60
281352,10.94,4.69,4,14.51,13.36,8,14.52,185,0.88,0.89,3302,-1.00,0.99,2,0.5000,37.00,109,14,-1.00,27,16.25,49.10,29.80,14.50
281456,11.72,4.69,4,14.51,13.36,8,14.52,185,0.89,0.89,3332,-1.00,0.99,2,0.5000,37.00,109,15,-1.00,27,16.25,49.92,29.80,14.30
281560,10.94,4.69,4,14.51,13.52,8,14.52,185,0.89,0.89,3364,-1.00,0.99,2,0.5000,37.00,109,15,-1.00,27,16.40,50.06,29.80,14.30
281664,11.72,4.69,4,14.51,13.52,8,14.52,185,0.89,0.89,3418,-1.00,0.99,2,0.5000,37.00,109,15,-1.00,27,16.40,51.29,29.80,14.40
281769,10.94,4.69,4,14.51,13.52,8,14.52,185,0.89,0.90,3451,-1.00,0.99,2,0.5000,37.00,109,16,-1.00,27,16.40,51.57,29.80,14.50
281872,10.94,4.69,4,14.51,13.36,8,14.52,185,0.90,0.90,3485,-1.00,0.99,2,0.5000,37.00,109,16,-1.00,27,16.54,52.25,29.80,14.40
281976,10.94,4.69,4,14.51,13.44,8,14.52,185,0.89,0.89,3516,-1.00,0.99,2,0.5000,37.00,109,16,-1.00,27,16.25,51.43,27.84,14.30
282081,9.38,4.69,4,14.51,13.44,8,14.52,185,0.86,0.85,3513,-1.00,0.99,2,0.5000,37.00,109,16,-1.00,27,15.24,49.79,23.92,14.20
282185,4.69,4.69,4,14.51,13.36,8,14.52,185,0.79,0.76,3520,-1.00,1.03,2,0.5000,37.00,109,16,-1.00,27,13.20,44.04,20.39,13.50
282288,-2.34,4.69,4,14.51,13.44,8,14.52,185,0.75,0.73,3496,-1.00,0.99,2,0.5000,37.00,111,16,-1.00,27,12.48,42.39,19.61,13.10
282392,-7.81,4.69,4,14.51,13.36,8,14.51,185,0.68,0.66,3514,-1.00,1.07,2,0.5000,40.50,111,16,0.00,27,8.27,30.48,9.41,13.30
282496,-14.06,4.69,3,14.51,13.52,8,14.54,185,0.45,0.37,3429,0.00,1.19,2,0.5000,38.00,111,15,0.00,27,5.95,18.64,7.84,11.30
282600,-21.88,4.69,3,14.51,13.52,8,14.54,185,0.32,0.28,3352,0.00,1.11,2,0.5000,34.00,111,15,0.00,27,5.08,15.24,7.84,10.10
282704,-25.00,2.34,3,14.51,13.60,8,14.54,183,0.28,0.26,3294,0.00,1.00,2,0.5000,30.50,111,14,0.00,27,4.64,13.99,7.84,9.90
282809,-25.00,2.34,3,14.51,13.52,8,14.54,183,0.25,0.24,3324,0.00,1.00,2,0.5000,27.50,111,13,0.00,27,4.50,13.51,7.84,10.10
282912,0.00,2.34,3,14.51,13.44,10,14.54,183,0.24,0.23,3291,0.00,1.00,2,0.5000,24.00,111,13,0.00,27,4.50,12.45,7.84,10.50
283016,0.00,2.34,3,14.51,13.60,10,14.54,183,0.23,0.22,3248,0.00,1.00,2,0.5000,24.00,111,12,0.00,27,4.35,11.94,7.84,11.60
283121,0.00,2.34,3,14.51,13.60,10,14.54,183,0.22,0.22,3270,0.00,1.00,2,0.5000,24.00,111,12,0.00,27,4.35,11.79,7.84,13.40
283224,0.00,2.34,3,14.51,13.60,10,14.54,183,0.22,0.22,3210,0.00,0.99,2,0.5000,24.00,111,11,0.00,27,4.35,11.65,7.84,13.30
283328,0.00,2.34,3,14.51,13.60,10,14.54,183,0.21,0.21,3210,0.00,0.99,2,0.5000,24.00,111,10,0.00,27,4.35,11.14,7.84,15.60
283432,0.00,2.34,3,14.51,13.52,10,14.55,183,0.21,0.20,3213,0.00,0.99,2,0.5000,24.00,111,10,0.00,27,4.21,10.77,7.45,20.70
283536,0.00,2.34,3,14.51,12.96,10,14.55,183,0.20,0.20,3171,0.00,0.99,2,0.5000,24.00,111,9,0.00,27,4.06,10.46,6.67,31.80
283640,0.00,2.34,2,14.51,13.36,10,14.55,183,0.19,0.19,3191,0.00,0.99,2,0.5000,24.00,111,9,0.00,27,3.92,9.85,6.67,56.20
283744,0.00,2.34,2,14.51,13.60,10,14.55,183,0.19,0.18,3149,0.00,0.99,2,0.5000,24.00,111,8,0.00,27,3.92,9.85,6.67,81.10
283848,0.00,2.34,2,14.51,13.52,10,14.56,183,0.19,0.18,3148,0.00,0.99,2,0.5000,24.00,111,8,0.00,27,3.92,9.76,6.67,91.40
283952,0.00,0.00,2,14.51,13.52,10,14.56,183,0.18,0.18,3131,0.00,0.99,2,0.5000,24.00,111,8,0.00,27,3.92,9.62,7.06,96.00
284056,0.00,0.00,2,14.51,13.52,10,14.56,183,0.19,0.19,3097,0.00,0.99,2,0.5000,24.00,111,7,0.00,27,3.92,9.38,7.06,96.00
284161,0.00,0.00,2,14.51,13.68,10,14.57,183,0.18,0.18,3103,0.00,0.99,2,0.5000,24.00,111,7,0.00,27,3.92,9.43,6.67,96.00
284264,0.00,0.00,2,14.51,13.60,10,14.57,183,0.18,0.19,3052,0.00,0.99,2,0.5000,24.00,111,7,0.00,27,3.92,9.43,7.06,99.90
284369,0.00,0.00,2,14.51,13.60,10,14.57,183,0.19,0.19,3023,0.00,0.99,2,0.5000,24.00,111,7,0.00,27,3.92,9.29,6.67,99.90
284472,0.00,0.00,2,14.51,13.44,10,14.58,183,0.18,0.18,3019,0.00,0.99,2,0.5000,24.00,111,6,0.00,27,3.77,9.29,7.06,99.90
284577,0.00,0.00,2,14.51,13.60,10,14.59,183,0.18,0.18,2996,0.00,0.99,2,0.5000,24.00,111,7,0.00,27,3.77,9.14,6.67,99.90
284681,0.00,0.00,2,14.51,13.60,10,14.59,183,0.18,0.18,2975,0.00,1.00,2,0.5000,24.00,111,6,0.00,27,3.77,9.14,6.67,99.90
284784,0.00,0.00,2,14.51,13.60,10,14.59,183,0.18,0.19,2929,0.00,1.00,2,0.5000,24.00,111,7,0.00,27,3.77,8.94,6.67,99.90
284888,0.00,0.00,2,14.51,13.60,10,14.60,183,0.18,0.19,2899,0.00,1.00,2,0.5000,24.00,111,6,0.00,27,3.77,8.84,6.67,99.90
284993,0.00,0.00,2,14.51,13.52,10,14.60,183,0.19,0.19,2866,0.00,1.00,2,0.5000,24.00,111,7,0.00,27,3.77,8.84,6.67,99.90
285097,0.00,0.00,2,14.51,13.60,10,14.61,183,0.19,0.19,2842,0.00,1.00,2,0.5000,24.00,111,7,0.00,27,3.77,8.79,6.67,99.90
285200,0.00,0.00,2,14.51,13.60,10,14.61,183,0.18,0.19,2849,0.00,1.00,2,0.5000,24.00,111,7,0.00,27,3.77,8.74,7.06,99.90
285305,0.00,0.00,2,14.51,13.60,10,14.62,183,0.18,0.18,2828,0.00,1.00,2,0.5000,24.00,111,7,0.00,27,3.77,8.64,6.67,99.90
285409,0.00,0.00,2,14.51,13.52,10,14.62,183,0.19,0.19,2802,0.00,1.00,2,0.5000,24.00,111,7,0.00,27,3.77,8.69,7.06,99.90
285513,0.00,0.00,2,14.51,13.52,10,14.62,183,0.19,0.18,2779,0.00,1.00,2,0.5000,24.00,111,7,0.00,27,3.77,8.44,6.67,99.90
285617,0.00,0.00,2,14.51,13.52,10,14.62,183,0.18,0.18,2741,0.00,1.00,2,0.5000,24.00,111,7,0.00,27,3.77,8.39,7.06,99.90
285721,0.00,0.00,2,14.51,13.60,10,14.62,183,0.19,0.19,2720,0.00,1.00,2,0.5000,24.00,111,8,0.00,27,3.92,8.64,6.67,99.90
285825,0.00,0.00,2,14.51,13.60,10,14.62,183,0.19,0.19,2729,0.00,1.00,2,0.5000,24.00,111,8,0.00,27,3.92,8.59,7.06,99.90
285929,0.00,0.00,2,14.51,13.68,10,14.62,183,0.19,0.19,2721,0.00,1.00,2,0.5000,24.00,111,8,0.00,27,3.92,8.54,6.67,99.90
286033,0.00,0.00,2,14.51,13.60,10,14.62,183,0.19,0.18,2694,0.00,1.00,2,0.5000,24.00,111,9,0.00,27,3.92,8.44,6.67,99.90
286136,0.00,0.00,2,14.51,13.52,10,14.61,183,0.19,0.19,2704,0.00,1.00,2,0.5000,24.00,111,9,0.00,27,3.77,8.44,6.67,99.90
286241,0.00,0.00,2,14.51,13.60,10,14.61,183,0.19,0.19,2688,0.00,1.00,2,0.5000,24.00,111,9,0.00,27,3.77,8.44,6.67,99.90
286345,0.00,0.00,2,14.51,13.68,10,14.61,183,0.19,0.19,2653,0.00,1.00,2,0.5000,24.00,111,10,0.00,27,3.92,8.39,6.67,99.90
286449,0.00,0.00,2,14.51,13.60,10,14.61,183,0.19,0.19,2658,0.00,1.00,2,0.5000,24.00,111,9,0.00,27,3.77,8.24,6.67,99.90
286553,0.00,0.00,2,14.51,13.60,10,14.61,183,0.19,0.19,2628,0.00,1.00,2,0.5000,24.00,111,10,0.00,27,3.92,8.09,6.67,99.90
286656,0.00,0.00,2,14.51,13.60,10,14.61,183,0.19,0.19,2640,0.00,1.00,2,0.5000,24.00,111,10,0.00,27,3.92,8.24,7.06,99.90
286761,0.00,0.00,2,14.51,13.60,10,14.61,183,0.19,0.19,2603,0.00,1.00,2,0.5000,25.50,111,10,0.00,27,3.92,8.14,7.06,99.90
286865,0.00,0.00,2,14.51,13.60,10,14.61,183,0.19,0.20,2612,0.00,0.98,2,0.5000,31.00,111,10,0.00,27,4.06,8.69,7.45,99.90
286969,0.00,0.00,2,14.51,13.60,10,14.61,183,0.20,0.20,2661,0.00,0.98,2,0.5000,37.00,111,11,0.00,27,4.06,9.29,7.84,99.90
287073,0.00,0.00,2,14.51,13.60,10,14.61,183,0.21,0.22,2634,0.00,0.98,2,0.5000,37.00,111,11,0.00,27,4.50,10.04,9.80,31.80
287177,0.00,0.00,3,14.51,13.60,10,14.61,183,0.24,0.26,2664,0.00,0.97,2,0.5000,37.50,111,11,0.00,27,5.51,12.31,11.76,23.00
287281,0.00,0.00,3,14.51,13.60,10,14.62,183,0.28,0.30,2673,0.00,0.97,2,0.5000,38.00,111,11,0.00,27,5.95,13.85,12.16,18.80
287385,0.00,2.34,3,14.51,13.60,10,14.62,183,0.30,0.32,2691,0.00,0.97,2,0.5000,38.50,111,12,0.00,27,6.24,14.26,12.16,18.40
287489,0.00,2.34,3,14.51,13.52,10,14.62,183,0.31,0.32,2716,0.00,0.97,2,0.5000,38.50,111,12,0.00,27,6.24,14.26,11.37,18.60
287593,0.00,2.34,3,14.51,13.52,10,14.62,183,0.31,0.30,2699,0.00,0.97,2,0.5000,38.50,111,12,0.00,27,5.95,13.38,10.59,17.60
287697,0.00,2.34,3,14.51,13.60,10,14.62,183,0.30,0.30,2693,0.00,0.97,2,0.5000,38.50,111,13,0.00,27,5.80,13.38,10.59,16.70
287801,1.56,2.34,3,14.51,13.60,8,14.61,183,0.30,0.30,2711,0.00,0.99,2,0.5000,38.00,111,13,0.00,27,5.80,13.20,10.59,16.00
287905,2.34,2.34,3,14.51,13.52,8,14.61,183,0.30,0.30,2673,0.00,0.99,2,0.5000,38.50,111,13,0.00,27,5.80,13.43,10.59,15.90
288009,3.91,2.34,3,14.51,13.52,8,14.62,183,0.30,0.30,2671,0.00,0.99,2,0.5000,38.50,111,13,0.00,27,5.80,13.65,10.59,15.40
288113,3.91,2.34,3,14.51,13.60,8,14.61,183,0.30,0.31,2691,0.00,0.99,2,0.5000,38.50,111,13,0.00,27,5.80,13.33,10.59,15.30
288217,3.12,2.34,3,14.51,13.60,8,14.62,183,0.30,0.30,2671,0.00,1.00,2,0.5000,38.50,111,14,0.00,27,5.80,13.63,10.98,16.70
288321,3.12,2.34,3,14.51,13.60,8,14.61,183,0.31,0.31,2684,0.00,0.99,2,0.5000,38.50,111,14,0.00,27,5.95,13.85,11.37,14.40
288425,3.91,2.34,3,14.51,13.60,8,14.61,183,0.31,0.31,2678,0.00,0.99,2,0.5000,38.50,111,15,0.00,27,6.24,14.22,12.16,14.50
288529,5.47,2.34,3,14.51,13.60,8,14.61,183,0.33,0.34,2659,0.00,0.99,2,0.5000,39.00,111,15,0.00,27,6.82,15.91,13.33,14.30
288634,10.16,2.34,3,14.51,13.52,8,14.61,183,0.36,0.38,2684,0.00,0.99,2,0.5000,39.50,111,15,0.00,27,7.25,17.01,14.12,15.00
288737,11.72,2.34,3,14.51,13.60,8,14.62,183,0.39,0.40,2715,0.00,0.99,2,0.5000,40.00,111,15,0.00,27,7.55,18.03,14.12,15.60
288841,10.94,2.34,3,14.51,13.68,8,14.62,183,0.40,0.40,2708,0.00,0.99,2,0.5000,40.00,111,15,0.00,27,7.69,18.44,14.12,15.20
288945,8.59,2.34,3,14.51,13.52,8,14.62,183,0.40,0.40,2736,0.00,0.99,2,0.5000,40.00,111,16,0.00,27,7.69,18.09,13.73,14.40
289048,6.25,2.34,3,14.51,13.60,8,14.62,183,0.38,0.36,2735,0.00,1.06,2,0.5000,39.50,111,16,0.00,27,6.09,14.24,7.84,14.20
289153,3.91,2.34,3,14.51,13.60,8,14.62,183,0.29,0.24,2664,0.00,1.14,2,0.5000,35.00,111,16,0.00,27,5.08,10.23,7.45,14.10
289257,0.78,2.34,2,14.51,13.60,8,14.61,183,0.24,0.22,2621,0.00,1.00,2,0.5000,32.00,111,17,0.00,27,4.35,9.52,7.06,13.50
289361,-1.56,2.34,2,14.51,13.68,8,14.61,183,0.22,0.21,2563,0.00,1.00,2,0.5000,29.00,111,17,0.00,27,4.06,8.94,6.67,13.10
289464,-4.69,2.34,2,14.51,13.52,8,14.61,183,0.21,0.21,2533,0.00,1.00,2,0.5000,26.50,111,17,0.00,27,4.06,8.69,6.67,13.30
289569,0.00,0.00,2,14.51,13.44,10,14.61,183,0.21,0.21,2482,0.00,1.00,2,0.5000,24.00,111,17,0.00,27,4.06,8.69,6.67,13.20
289673,0.00,0.00,2,14.51,13.68,10,14.61,183,0.21,0.21,2458,0.00,1.00,2,0.5000,24.00,111,16,0.00,27,4.06,8.39,6.67,13.20
289777,0.00,0.00,2,14.51,12.88,10,14.61,183,0.21,0.21,2466,0.00,1.00,2,0.5000,24.00,111,16,0.00,27,4.21,8.44,7.06,18.00
289881,0.00,0.00,2,14.51,13.76,10,14.61,183,0.21,0.22,2425,0.00,1.00,2,0.5000,24.00,111,14,0.00,27,4.35,8.64,7.06,17.10
289985,0.00,0.00,2,14.51,13.52,10,14.60,183,0.22,0.22,2356,0.00,1.00,2,0.5000,24.00,111,9,0.00,27,4.35,8.59,7.06,19.50
290089,0.00,0.00,2,14.51,13.52,10,14.60,183,0.22,0.22,2327,0.00,1.00,2,0.5000,24.00,111,5,0.00,27,4.50,8.64,7.06,24.20
290193,0.00,0.00,2,14.51,13.52,10,14.60,183,0.22,0.22,2300,0.00,1.00,2,0.5000,24.00,111,2,0.00,27,4.50,8.54,6.67,32.40
290297,0.00,0.00,2,14.51,13.68,10,14.59,183,0.22,0.22,2270,0.00,1.00,2,0.5000,24.00,111,0,0.00,27,4.50,8.19,6.67,54.90
290401,0.00,0.00,2,14.51,13.60,10,14.59,183,0.22,0.22,2240,0.00,1.00,2,0.5000,24.00,111,0,0.00,27,4.50,8.04,6.67,74.90
290505,0.00,0.00,2,14.51,13.52,10,14.59,183,0.22,0.22,2238,0.00,1.00,2,0.5000,24.00,111,0,0.00,27,4.50,8.04,6.67,87.80
290609,0.00,0.00,2,14.51,13.44,10,14.59,183,0.22,0.22,2208,0.00,0.99,2,0.5000,24.00,111,0,0.00,27,4.50,7.79,6.67,96.00
290713,0.00,0.00,2,14.51,13.52,10,14.58,183,0.22,0.22,2176,0.00,0.99,2,0.5000,24.00,111,0,0.00,27,4.50,7.74,6.27,96.00
290817,0.00,0.00,2,14.51,13.68,10,14.58,183,0.22,0.22,2123,0.00,0.99,2,0.5000,24.00,111,0,0.00,27,4.64,7.64,6.27,96.00
290921,0.00,0.00,2,14.51,13.68,10,14.58,183,0.22,0.22,2114,0.00,0.99,2,0.5000,24.00,111,0,0.00,27,4.64,7.49,6.27,99.90
291025,0.00,0.00,2,14.51,13.44,10,14.58,183,0.22,0.21,2086,0.00,0.99,2,0.5000,24.00,111,0,0.00,27,4.64,7.40,5.88,99.90
291129,0.00,0.00,2,14.51,13.44,10,14.58,183,0.22,0.22,2046,0.00,0.99,2,0.5000,24.00,111,0,0.00,27,4.64,7.49,5.88,99.90
291234,0.00,0.00,2,14.51,13.44,10,14.57,183,0.22,0.22,2038,0.00,0.99,2,0.5000,24.00,111,0,0.00,27,4.64,7.25,5.88,99.90
291338,0.00,0.00,2,14.51,13.60,10,14.57,183,0.22,0.22,1993,0.00,0.99,2,0.5000,24.00,111,0,0.00,27,4.64,7.16,5.88,99.90
291442,0.00,0.00,2,14.51,13.60,10,14.57,183,0.22,0.22,1982,0.00,0.99,2,0.5000,24.00,111,0,0.00,27,4.64,7.35,5.88,99.90
291545,0.00,0.00,2,14.51,13.60,10,14.57,183,0.22,0.22,1959,0.00,0.99,2,0.5000,24.00,111,0,0.00,27,4.64,7.35,5.88,99.90
291650,0.00,0.00,2,14.51,13.52,10,14.57,183,0.22,0.22,1918,0.00,0.99,2,0.5000,24.00,111,0,0.00,27,4.64,7.16,5.88,99.90
291754,0.00,0.00,2,14.51,13.52,10,14.57,183,0.22,0.23,1908,0.00,0.99,2,0.5000,24.00,111,0,0.00,27,4.64,7.06,5.88,99.90
291858,0.00,0.00,2,14.51,13.60,10,14.57,183,0.23,0.23,1886,0.00,0.99,2,0.5000,24.00,111,0,0.00,27,4.64,7.21,5.88,99.90
291962,0.00,0.00,2,14.51,13.68,10,14.57,183,0.23,0.24,1845,0.00,0.99,2,0.5000,24.00,111,0,0.00,27,4.64,7.16,5.49,99.90
292066,0.00,0.00,2,14.51,13.52,10,14.57,183,0.23,0.22,1824,0.00,0.99,2,0.5000,24.00,111,0,0.00,27,4.64,6.96,5.49,99.90
292170,0.00,0.00,2,14.51,13.52,10,14.57,183,0.23,0.23,1798,0.00,0.99,2,0.5000,23.50,111,0,0.00,27,4.64,6.96,5.49,99.90
292274,0.00,0.00,2,14.51,13.52,10,14.57,183,0.23,0.23,1780,0.00,0.99,2,0.5000,23.00,111,0,0.00,27,4.64,6.87,5.49,99.90
292378,0.00,0.00,2,14.51,13.68,10,14.57,183,0.24,0.24,1753,0.00,0.99,2,0.5000,22.50,111,0,0.00,27,4.79,7.01,5.49,99.90
292482,0.00,0.00,2,14.51,13.60,10,14.57,183,0.24,0.25,1724,0.00,0.99,2,0.5000,22.00,111,0,0.00,27,4.79,7.06,5.49,99.90
292586,0.00,0.00,2,14.51,13.52,10,14.57,183,0.24,0.24,1698,0.00,0.99,2,0.5000,21.50,111,0,0.00,27,4.79,6.77,5.10,99.90
292690,0.00,0.00,2,14.51,13.44,10,14.57,183,0.24,0.24,1659,0.00,0.99,2,0.5000,21.00,111,0,0.00,27,4.79,6.77,5.10,99.90
292794,0.00,0.00,2,14.51,13.52,10,14.57,183,0.24,0.25,1627,0.00,0.99,2,0.5000,20.50,111,0,0.00,27,4.93,6.58,5.10,99.90
292898,0.00,0.00,2,14.51,13.60,10,14.57,183,0.25,0.25,1598,0.00,0.99,2,0.5000,20.00,111,0,0.00,27,4.93,6.72,5.10,99.90
293002,0.00,0.00,2,14.51,13.60,10,14.58,183,0.25,0.26,1584,0.00,0.99,2,0.5000,19.50,111,0,0.00,27,5.08,6.68,5.10,99.90
293106,0.00,0.00,2,14.51,13.52,10,14.58,183,0.26,0.26,1554,0.00,0.99,2,0.5000,19.50,111,0,0.00,27,5.08,6.68,5.10,99.90
293210,0.00,0.00,2,14.51,13.60,10,14.58,183,0.26,0.26,1514,0.00,0.99,2,0.5000,19.00,111,0,0.00,27,5.22,6.48,5.10,99.90
293314,0.00,0.00,2,14.51,13.52,10,14.58,183,0.26,0.26,1499,0.00,0.99,2,0.5000,18.50,111,0,0.00,27,5.22,6.48,5.10,99.90
293418,0.00,0.00,2,14.51,13.60,10,14.59,183,0.26,0.26,1459,0.00,0.99,2,0.5000,18.50,111,0,0.00,27,5.22,6.48,5.10,99.90
293522,0.00,0.00,2,14.51,13.60,10,14.59,183,0.26,0.27,1447,0.00,0.99,2,0.5000,18.00,111,0,0.00,27,5.37,6.48,5.10,99.90
293626,0.00,0.00,2,14.51,13.60,10,14.59,183,0.26,0.27,1412,0.00,0.99,2,0.5000,18.00,111,0,0.00,27,5.37,6.29,4.71,99.90
293730,0.00,0.00,2,14.51,13.44,10,14.59,183,0.27,0.27,1400,0.00,1.00,2,0.5000,18.00,111,0,0.00,27,5.37,6.29,4.71,99.90
293834,0.00,0.00,2,14.51,13.52,10,14.59,183,0.27,0.27,1366,0.00,1.00,2,0.5000,17.50,111,0,0.00,27,5.37,6.15,4.71,99.90
293938,0.00,0.00,2,14.51,13.52,10,14.59,183,0.27,0.27,1347,0.00,1.00,2,0.5000,17.50,111,0,0.00,27,5.37,6.15,4.71,99.90
294042,0.00,0.00,2,14.51,13.60,10,14.59,183,0.27,0.27,1336,0.00,1.00,2,0.5000,17.50,111,0,0.00,27,5.37,5.94,4.71,99.90
294146,0.00,0.00,2,14.51,13.60,10,14.60,183,0.27,0.28,1299,0.00,1.00,2,0.5000,17.50,111,0,0.00,27,5.37,5.97,4.71,99.90
294250,0.00,0.00,2,14.51,13.52,10,14.60,183,0.27,0.28,1279,0.00,1.00,2,0.5000,17.50,111,0,0.00,27,5.51,5.94,4.71,99.90
294354,0.00,0.00,2,14.51,13.60,10,14.60,183,0.27,0.28,1259,0.00,1.00,2,0.5000,17.00,111,0,0.00,27,5.51,5.81,4.71,99.90
294458,0.00,0.00,2,14.51,13.60,10,14.60,183,0.28,0.28,1245,0.00,1.00,2,0.5000,17.00,111,0,0.00,27,5.51,5.81,4.31,99.90
294562,0.00,0.00,2,14.51,13.52,10,14.60,183,0.28,0.28,1226,0.00,1.00,2,0.5000,17.00,111,0,0.00,27,5.66,5.71,4.31,99.90
294666,0.00,0.00,2,14.51,13.52,10,14.60,183,0.28,0.29,1205,0.00,1.00,2,0.5000,17.00,111,0,0.00,27,5.66,5.76,4.31,99.90
294770,0.00,0.00,2,14.51,13.60,10,14.61,183,0.28,0.29,1184,0.00,1.00,2,0.5000,17.00,111,0,0.00,27,5.80,5.63,4.31,99.90
294874,0.00,0.00,2,14.51,13.60,10,14.61,183,0.29,0.30,1161,0.00,1.00,2,0.5000,17.00,111,0,0.00,27,5.80,5.60,4.31,99.90
294978,0.00,0.00,2,14.51,13.52,10,14.62,183,0.29,0.30,1138,0.00,1.00,2,0.5000,17.00,111,0,0.00,27,5.80,5.60,4.31,99.90
295082,0.00,0.00,1,14.51,13.60,10,14.62,183,0.29,0.30,1113,0.00,1.00,2,0.5000,17.00,111,0,0.00,27,5.95,5.49,3.92,99.90
295186,0.00,0.00,1,14.51,13.68,10,14.63,183,0.30,0.31,1087,0.00,1.00,2,0.5000,22.00,111,0,0.00,27,5.95,5.52,3.92,99.90
295290,0.00,-2.34,1,14.51,13.60,10,14.64,183,0.30,0.31,1060,0.00,1.00,2,0.5000,22.00,111,0,0.00,27,6.09,5.42,3.92,99.90
295394,0.00,-2.34,1,14.51,13.60,10,14.64,183,0.30,0.30,1028,0.00,1.00,2,0.5000,22.00,111,0,0.00,27,6.09,5.23,3.92,99.90
295498,0.00,-2.34,1,14.51,13.60,10,14.64,183,0.30,0.31,998,0.00,1.00,2,0.5000,22.00,111,0,0.00,27,6.09,5.15,3.92,99.90
295601,0.00,-2.34,1,14.51,13.60,10,14.65,183,0.31,0.31,982,0.00,1.00,2,0.5000,22.00,111,0,0.00,27,6.24,5.18,4.31,99.90
295706,0.00,-2.34,1,14.51,13.60,10,14.66,183,0.31,0.34,947,0.00,1.00,2,0.5000,22.00,111,0,0.00,27,6.53,5.47,4.31,99.90
295810,0.00,-2.34,1,14.51,13.60,10,14.66,183,0.33,0.36,911,0.00,1.00,2,0.5000,22.00,111,0,0.00,27,6.82,5.47,4.31,99.90
295914,0.00,-2.34,1,14.51,13.60,10,14.67,183,0.34,0.36,892,0.00,1.00,2,0.5000,22.00,111,0,0.00,27,7.11,5.28,4.31,99.90
296018,0.00,-2.34,1,14.51,13.60,10,14.67,183,0.34,0.36,894,0.00,1.00,2,0.5000,17.00,111,0,0.00,27,7.11,5.36,4.31,99.90
296122,0.00,-2.34,1,14.51,13.60,10,14.64,183,0.32,0.29,1051,0.00,1.00,2,0.5000,17.00,111,0,0.00,27,6.82,5.28,3.92,99.90
296226,0.00,-2.34,1,14.51,13.60,10,14.60,183,0.29,0.25,1230,0.00,1.10,2,0.5000,17.50,111,0,0.00,27,6.09,5.18,3.92,99.90
296329,0.00,-2.34,1,14.51,13.52,10,14.60,183,0.27,0.24,1311,0.00,1.07,2,0.5000,17.50,111,0,0.00,27,5.66,5.18,4.71,96.00
296434,0.00,-2.34,1,14.51,13.76,10,14.60,183,0.26,0.24,1294,0.00,1.00,2,0.5000,17.50,111,0,0.00,27,5.51,5.31,4.71,53.10
296538,0.00,-2.34,1,14.51,13.60,10,14.60,183,0.25,0.25,1288,0.00,1.00,2,0.5000,17.50,111,0,0.00,27,5.37,5.39,4.71,30.40
296642,0.00,-2.34,1,14.51,13.60,10,14.60,183,0.25,0.25,1290,0.00,1.00,2,0.5000,17.50,111,0,0.00,27,5.37,5.44,4.71,22.60
296746,0.00,-2.34,1,14.51,13.68,10,14.60,183,0.25,0.26,1275,0.00,1.00,2,0.5000,17.50,111,0,0.00,27,5.37,5.44,4.31,20.20
296850,0.00,-2.34,1,14.51,13.60,10,14.60,183,0.25,0.25,1268,0.00,1.00,2,0.5000,17.50,111,0,0.00,27,5.22,5.34,4.31,19.00
296954,0.00,-2.34,1,14.51,13.68,10,14.60,183,0.25,0.25,1262,0.00,1.00,2,0.5000,17.00,111,0,0.00,27,5.22,5.23,4.31,17.70
297058,0.00,-2.34,1,14.51,13.60,8,14.60,183,0.25,0.25,1262,0.00,1.00,2,0.5000,17.00,111,0,0.00,27,5.22,5.13,4.31,17.00
297162,-0.78,-2.34,1,14.51,13.68,8,14.60,183,0.25,0.25,1244,0.00,1.00,2,0.5000,17.00,111,0,0.00,27,5.22,5.20,4.31,16.20
297267,-1.56,-2.34,1,14.51,13.60,8,14.60,183,0.25,0.25,1236,0.00,1.00,2,0.5000,17.00,111,0,0.00,27,5.22,5.18,4.31,16.00
297370,-1.56,-2.34,1,14.51,13.60,8,14.60,183,0.25,0.25,1223,0.00,1.00,2,0.5000,17.00,111,0,0.00,27,5.22,5.23,4.31,17.00
297474,-2.34,-2.34,1,14.51,13.60,8,14.60,183,0.25,0.26,1224,0.00,1.00,2,0.5000,17.00,111,0,0.00,27,5.22,5.28,4.31,14.30
297578,-2.34,-2.34,1,14.51,13.44,8,14.60,183,0.25,0.25,1217,0.00,1.00,2,0.5000,17.00,111,0,0.00,27,5.37,5.18,4.31,14.50
297682,-3.12,-2.34,1,14.51,13.68,8,14.60,183,0.25,0.25,1220,0.00,1.00,2,0.5000,17.00,111,0,0.00,27,5.37,5.13,4.31,14.30
297786,-3.91,-2.34,1,14.51,13.60,8,14.60,183,0.25,0.25,1212,0.00,1.00,2,0.5000,17.00,111,0,0.00,27,5.37,5.08,4.31,14.20
297890,-3.91,-2.34,1,14.51,13.60,8,14.60,183,0.25,0.25,1212,0.00,1.00,2,0.5000,18.50,111,0,0.00,27,5.51,5.26,7.45,14.20
297994,-5.47,-2.34,2,14.51,13.68,8,14.60,183,0.30,0.36,1216,0.00,0.85,2,0.5000,23.50,111,0,0.00,27,9.72,9.13,18.82,14.10
298098,-7.03,-1.56,3,14.51,13.52,8,14.60,183,0.46,0.74,1348,0.00,0.63,2,0.5000,34.00,111,0,0.00,27,13.78,19.48,26.27,14.00
298202,-7.03,-1.56,3,14.51,13.60,8,14.58,183,0.59,0.68,1530,0.00,0.89,2,0.5000,38.50,111,0,0.50,27,13.93,16.67,26.67,14.40
298306,3.12,-1.56,3,14.51,13.44,8,14.58,183,0.61,0.62,1640,0.00,0.97,2,0.5000,39.00,111,0,0.50,27,13.93,16.88,26.67,17.40
298410,19.53,-1.56,3,14.51,13.52,8,14.58,183,0.61,0.61,1694,0.00,0.97,2,0.5000,39.00,111,0,0.50,27,14.07,18.05,28.24,18.10
298514,23.44,-0.78,3,14.51,13.60,8,14.58,183,0.62,0.64,1789,0.00,0.97,2,0.5000,39.50,111,0,0.50,27,14.07,19.73,30.20,18.30
298618,25.00,-0.78,3,14.51,13.52,8,14.57,183,0.65,0.65,1911,0.00,0.97,2,0.5000,39.50,111,0,0.00,27,14.22,21.90,30.59,16.80
298722,25.00,-0.78,3,14.51,13.52,8,14.57,183,0.67,0.69,1968,0.00,0.97,2,0.5000,39.00,111,0,0.00,27,14.22,22.93,30.59,16.00
298826,25.00,-0.78,3,14.51,13.44,8,14.56,183,0.69,0.70,2002,0.00,0.97,2,0.5000,38.50,111,0,0.00,27,14.22,23.86,30.59,15.40
298930,24.22,-0.78,3,14.51,13.12,8,14.56,183,0.71,0.72,2051,0.00,0.97,2,0.5000,38.00,111,0,0.00,27,14.36,24.79,31.37,14.90
299034,23.44,0.00,3,14.51,13.60,8,14.56,183,0.73,0.74,2080,0.00,0.97,2,0.5000,37.50,111,0,0.50,27,14.51,25.92,32.55,14.30
299138,21.88,0.00,3,14.51,13.52,8,14.56,183,0.74,0.76,2084,0.00,0.97,2,0.5000,37.50,111,0,0.50,27,14.51,26.28,32.94,14.30
299242,20.31,0.00,3,14.51,13.52,8,14.56,183,0.75,0.76,2124,0.00,0.98,2,0.5000,37.50,111,0,0.50,27,14.65,27.11,32.94,14.00
299347,18.75,0.00,3,14.51,13.44,8,14.56,183,0.76,0.76,2143,0.00,0.98,2,0.5000,37.50,111,0,0.50,27,14.65,27.23,32.94,14.00
299451,17.19,0.00,3,14.51,13.44,8,14.56,183,0.77,0.78,2105,0.00,0.98,2,0.5000,37.00,111,0,0.50,27,14.80,27.83,32.94,13.90
299554,16.41,0.00,3,14.51,13.52,8,14.56,183,0.79,0.80,2128,0.00,0.98,2,0.5000,37.00,111,0,1.00,27,14.80,28.30,32.94,13.90
299658,14.84,0.00,3,14.51,13.52,8,14.56,183,0.80,0.80,2149,0.00,0.98,2,0.5000,37.00,111,0,1.00,27,14.80,29.02,32.94,14.10
299762,14.06,2.34,3,14.51,13.52,8,14.56,183,0.81,0.81,2155,0.00,0.98,2,0.5000,37.00,111,0,1.00,27,14.95,29.62,32.94,14.10
299866,12.50,2.34,3,14.51,13.44,8,14.56,183,0.81,0.82,2180,0.00,0.98,2,0.5000,37.00,109,0,1.00,27,14.95,30.23,32.94,14.00
299970,11.72,2.34,3,14.51,13.52,8,14.56,183,0.82,0.83,2218,0.00,0.98,2,0.5000,37.00,109,0,0.50,27,14.95,30.35,32.94,14.10
300074,11.72,2.34,3,14.51,13.60,8,14.56,183,0.83,0.84,2237,0.00,0.98,2,0.5000,37.50,109,0,0.50,27,15.09,31.58,32.94,14.40
300178,10.94,2.34,3,14.51,13.36,8,14.56,183,0.84,0.84,2252,0.00,0.98,2,0.5000,37.50,109,0,0.50,27,15.09,31.82,32.94,14.30
300283,10.94,2.34,3,14.51,13.44,8,14.56,183,0.84,0.84,2276,0.00,0.98,2,0.5000,37.50,109,0,0.50,27,15.09,31.94,32.94,14.40
300386,10.16,2.34,3,14.51,13.36,8,14.56,183,0.84,0.85,2272,0.00,0.99,2,0.5000,37.50,109,0,0.50,27,15.24,32.80,32.94,14.30
300490,10.16,2.34,3,14.51,13.44,8,14.56,183,0.85,0.86,2289,0.00,0.99,2,0.5000,37.50,109,0,0.50,27,15.24,33.47,32.94,14.40
300594,10.16,2.34,3,14.51,13.36,8,14.56,183,0.86,0.87,2306,0.00,0.99,2,0.5000,37.50,109,0,0.50,27,15.24,34.05,32.94,14.40
300698,10.16,2.34,3,14.51,13.44,8,14.56,183,0.87,0.89,2328,0.00,0.99,2,0.5000,37.50,109,0,0.50,27,15.24,34.36,32.55,14.40
300803,10.16,2.34,3,14.51,13.52,8,14.56,183,0.88,0.88,2368,0.00,0.99,2,0.5000,37.50,109,0,0.50,27,15.24,35.12,32.16,14.50
300906,10.16,2.34,3,14.51,13.36,8,14.56,183,0.88,0.88,2387,0.00,0.99,2,0.5000,37.50,109,0,1.00,27,15.24,36.03,32.16,14.40
301010,10.16,2.34,3,14.51,13.52,8,14.56,183,0.89,0.89,2412,0.00,0.99,2,0.5000,37.00,109,0,1.00,27,15.24,36.03,32.16,14.40
301114,10.16,2.34,3,14.51,13.44,8,14.55,183,0.90,0.91,2434,0.00,0.99,2,0.5000,37.00,108,1,1.00,27,15.24,36.49,32.16,14.40
301218,9.38,2.34,3,14.51,13.52,8,14.54,183,0.91,0.91,2442,0.00,0.99,2,0.5000,37.00,108,1,1.00,27,15.38,37.40,32.16,14.30
301323,8.59,2.34,3,14.51,13.44,8,14.54,183,0.91,0.91,2466,0.00,0.99,2,0.5000,37.00,108,2,1.00,27,15.38,37.70,32.16,14.30
301426,6.25,2.34,3,14.51,13.36,8,14.54,183,0.92,0.93,2508,0.00,0.99,2,0.5000,37.00,108,2,1.00,27,15.38,38.41,32.16,14.20
301531,5.47,2.34,3,14.51,13.52,8,14.52,183,0.92,0.92,2516,0.00,0.99,2,0.5000,37.00,108,3,1.00,27,15.53,39.03,32.16,14.10
301635,4.69,2.34,3,14.51,13.52,8,14.52,183,0.93,0.94,2561,0.00,0.99,2,0.5000,37.00,108,4,1.00,27,15.53,39.64,32.16,14.30
301738,3.12,2.34,4,14.51,13.44,8,14.51,183,0.93,0.95,2580,0.00,0.99,2,0.5000,37.00,108,4,1.00,27,15.53,40.14,32.16,14.10
301842,1.56,2.34,4,14.51,13.36,8,14.51,183,0.93,0.93,2585,0.00,0.99,2,0.5000,37.50,108,5,1.00,27,15.67,40.01,32.16,14.20
301946,0.78,2.34,4,14.51,12.88,8,14.50,183,0.92,0.92,2618,0.00,0.99,2,0.5000,37.50,108,6,0.50,27,15.67,40.01,32.16,14.20
302051,0.78,4.69,4,14.51,12.56,8,14.50,183,0.93,0.93,2663,0.00,0.99,2,0.5000,37.00,108,6,0.50,27,15.67,41.12,31.76,14.10
302154,0.00,4.69,4,14.51,13.44,8,14.48,183,0.93,0.93,2665,0.00,0.99,2,0.5000,37.50,108,7,0.50,27,15.67,42.07,31.76,14.30
302259,-1.56,4.69,4,14.51,13.36,8,14.48,183,0.94,0.94,2706,0.00,0.98,2,0.5000,37.50,108,7,0.50,27,15.82,41.86,31.76,14.20
302363,-1.56,4.69,4,14.51,13.36,8,14.47,183,0.93,0.93,2744,0.00,0.99,2,0.5000,37.50,108,8,0.50,27,15.82,42.52,31.76,14.20
302467,-2.34,4.69,4,14.51,13.44,8,14.46,183,0.93,0.92,2756,0.00,0.99,2,0.5000,37.50,106,8,0.50,27,15.82,42.69,32.16,14.30
302571,-1.56,4.69,4,14.51,13.44,8,14.45,183,0.93,0.93,2781,0.00,0.99,2,0.5000,37.50,106,9,0.50,27,15.82,43.59,32.16,14.50
302675,-1.56,4.69,4,14.51,13.52,8,14.46,185,0.92,0.92,2814,0.00,0.99,2,0.5000,38.00,106,9,0.00,27,15.96,43.51,31.76,14.40
302778,-0.78,4.69,4,14.51,13.44,8,14.46,185,0.92,0.91,2861,0.00,0.99,2,0.5000,38.00,106,10,0.00,27,15.96,43.43,31.37,14.70
302883,0.00,4.69,4,14.51,13.36,8,14.46,185,0.92,0.92,2868,0.00,0.99,2,0.5000,38.00,106,10,0.00,27,15.96,44.00,31.76,14.50
302987,1.56,4.69,4,14.51,13.44,8,14.47,185,0.92,0.92,2902,0.00,0.99,2,0.5000,38.00,106,11,0.00,27,16.11,44.66,31.76,14.20
303091,2.34,4.69,4,14.51,13.44,8,14.47,185,0.93,0.93,2916,0.00,0.99,2,0.5000,37.50,106,11,0.50,27,16.11,44.99,31.37,16.30
303195,3.12,4.69,4,14.51,13.52,8,14.47,185,0.92,0.93,2934,0.00,0.99,2,0.5000,35.50,106,12,-1.50,28,16.25,44.99,31.37,13.90
303299,4.69,4.69,4,14.51,13.52,8,14.47,185,0.93,0.94,2903,-2.00,0.99,2,0.5000,20.50,106,13,-1.50,28,16.40,45.48,31.37,15.20
303403,4.69,4.69,4,14.51,13.36,8,14.47,185,0.97,1.00,2742,-2.00,0.97,2,0.5000,28.50,106,13,-0.50,28,16.69,44.66,31.76,14.40
303507,3.12,4.69,4,14.51,13.36,8,14.51,185,1.01,1.02,2581,-1.99,0.98,2,0.5000,34.00,106,13,-0.50,28,16.69,43.50,32.16,14.00
303611,1.56,4.69,4,14.51,13.60,8,14.52,185,1.02,1.03,2549,-1.92,0.98,2,0.5000,33.50,106,14,0.00,29,16.69,43.09,32.16,14.00
303715,0.78,4.69,4,14.51,13.52,8,14.53,185,1.02,1.01,2474,-1.86,0.99,2,0.5000,33.50,106,14,0.00,29,16.69,41.98,31.76,14.30
303819,0.78,4.69,4,14.51,13.44,8,14.54,185,1.02,1.01,2469,-1.78,0.99,3,0.5000,33.50,106,14,0.00,29,16.69,41.73,32.16,14.30
303922,1.56,4.69,4,14.51,13.36,8,14.55,185,1.01,1.02,2463,-1.72,0.99,3,0.5000,33.50,106,14,0.00,29,16.54,40.99,31.76,14.30
304027,1.56,4.69,4,14.51,13.44,8,14.54,185,1.01,1.00,2448,-1.65,0.99,3,0.5000,34.00,106,15,0.00,29,16.54,41.11,32.16,14.50
304131,1.56,4.69,4,14.51,13.36,8,14.54,185,1.00,0.99,2450,-1.58,0.99,3,0.5000,34.50,106,15,0.00,30,16.54,41.23,32.16,14.60
304235,3.12,4.69,4,14.51,13.52,8,14.55,185,1.01,1.00,2470,-1.51,0.99,3,0.5000,34.50,106,16,0.50,30,16.40,40.86,32.16,14.60
304339,3.12,4.69,4,14.51,13.44,8,14.54,185,1.00,1.00,2478,-1.44,0.99,3,0.5000,34.50,106,16,0.50,31,16.40,40.86,32.16,15.70
304443,3.12,4.69,4,14.51,13.36,8,14.54,185,1.00,1.00,2465,-1.38,0.99,3,0.5000,34.50,106,16,0.50,31,16.40,41.36,32.16,14.50
304547,3.12,4.69,4,14.51,13.44,8,14.54,185,1.00,0.99,2471,-1.30,0.99,3,0.5000,35.00,106,17,0.50,31,16.40,41.36,32.16,14.40
304651,3.12,4.69,4,14.51,13.36,8,14.54,185,1.00,1.01,2496,-1.24,0.99,3,0.5000,35.00,106,17,0.50,31,16.25,41.23,32.16,14.30
304755,2.34,4.69,4,14.51,13.52,8,14.53,185,1.00,1.00,2485,-1.17,0.99,3,0.5000,35.00,106,18,0.50,32,16.25,41.60,32.16,14.30
304859,2.34,4.69,4,14.51,13.44,8,14.54,185,1.00,0.99,2487,-1.10,0.99,3,0.5000,35.00,106,18,0.50,32,16.25,41.48,32.55,14.30
304963,2.34,4.69,4,14.51,13.36,8,14.54,185,1.00,1.00,2518,-1.03,0.99,3,0.5000,35.00,106,18,0.50,32,16.40,41.36,32.55,14.20
305067,2.34,4.69,4,14.51,13.44,8,14.53,185,1.00,1.00,2508,-0.96,0.99,3,0.5000,35.00,106,19,0.50,32,16.40,41.85,32.94,14.40
305171,2.34,4.69,4,14.51,13.52,8,14.53,185,1.00,1.00,2509,-0.89,0.99,3,0.5000,35.50,106,19,1.00,32,16.40,42.18,33.73,14.40
305275,1.56,4.69,4,14.51,13.44,8,14.53,185,1.00,1.01,2538,-0.82,0.99,3,0.5000,35.50,106,19,1.00,32,16.40,41.97,33.73,14.40
305379,1.56,4.69,4,14.51,13.36,8,14.52,185,1.00,0.99,2526,-0.75,0.99,3,0.5000,35.50,106,20,1.00,32,16.40,41.97,33.73,14.40
305483,1.56,4.69,4,14.51,13.44,8,14.53,185,0.99,0.99,2554,-0.68,0.99,3,0.5000,35.50,106,19,1.00,32,16.40,42.06,33.73,14.40
305587,1.56,4.69,4,14.51,13.36,8,14.52,185,0.99,1.00,2544,-0.61,0.99,3,0.5000,35.50,106,18,1.00,33,16.40,41.85,33.73,14.20
305691,0.78,4.69,4,14.51,13.44,8,14.52,185,0.99,0.99,2550,-0.54,0.99,3,0.5000,36.00,106,17,1.00,33,16.40,42.59,33.73,14.20
305795,0.78,4.69,4,14.51,13.52,8,14.52,185,0.99,0.99,2575,-0.46,0.99,3,0.5000,36.00,106,15,1.00,34,16.40,42.34,33.73,14.10
305899,0.00,4.69,4,14.51,13.52,8,14.51,185,0.99,0.99,2554,-0.39,0.99,3,0.5000,36.00,106,12,1.00,34,16.54,42.26,33.73,14.20
306003,-0.78,4.69,4,14.51,13.44,8,14.52,185,0.99,0.99,2579,-0.33,0.99,3,0.5000,36.00,106,10,1.00,34,16.54,42.06,33.73,14.30
306107,-0.78,4.69,4,14.51,13.44,8,14.51,185,0.99,0.98,2564,-0.26,0.99,3,0.5000,36.50,106,6,1.00,34,16.54,42.26,33.73,14.40
306211,-2.34,4.69,4,14.51,13.44,8,14.52,185,0.98,0.99,2590,-0.18,0.99,3,0.5000,36.00,106,4,1.00,34,16.54,42.06,33.73,14.30
306315,-3.12,4.69,4,14.51,13.44,8,14.51,185,0.98,0.97,2569,-0.11,0.99,3,0.5000,36.50,106,2,1.00,0,16.54,41.60,33.73,14.20
306419,-2.34,4.69,4,14.51,13.36,8,14.52,185,0.98,0.98,2590,-0.04,0.99,3,0.5000,36.50,106,1,1.50,0,16.54,42.06,34.12,14.30
306523,-3.12,4.69,4,14.51,13.52,8,14.51,185,0.98,0.98,2567,0.00,0.99,3,0.5000,36.50,106,0,1.50,1,16.54,42.26,34.12,14.30
306627,-3.91,4.69,4,14.51,13.36,8,14.52,185,0.97,0.97,2588,0.00,0.99,3,0.5000,36.50,106,0,1.50,1,16.54,41.85,34.12,14.20
306731,-3.91,4.69,4,14.51,13.44,8,14.51,185,0.97,0.97,2569,0.00,0.99,3,0.5000,36.50,106,0,1.00,2,16.54,41.73,34.12,14.40
306835,-3.12,4.69,4,14.51,13.44,8,14.51,185,0.97,0.97,2596,0.00,0.99,3,0.5000,36.50,106,0,1.00,2,16.54,41.60,34.12,14.50
306939,-3.91,4.69,4,14.51,13.36,8,14.51,185,0.97,0.97,2581,0.00,0.99,3,0.5000,37.00,106,0,1.00,2,16.54,41.85,34.12,14.40
307044,-3.91,4.69,4,14.51,13.44,8,14.51,185,0.96,0.96,2604,0.00,0.99,3,0.5000,36.50,106,0,1.00,2,16.54,41.36,34.12,14.60
307147,-3.91,4.69,4,14.51,13.44,8,14.51,185,0.96,0.95,2584,0.00,0.99,3,0.5000,37.00,106,0,1.00,3,16.54,41.48,34.12,14.40
307251,-3.12,4.69,4,14.51,13.44,8,14.51,185,0.96,0.96,2608,0.00,0.99,3,0.5000,36.50,106,0,1.00,3,16.54,42.06,34.12,14.40
307355,-3.91,4.69,4,14.51,13.36,8,14.50,185,0.96,0.97,2597,0.00,0.99,3,0.5000,37.00,106,0,1.00,3,16.54,42.26,34.12,14.50
307459,-3.91,4.69,4,14.51,13.36,8,14.51,185,0.96,0.96,2620,0.00,0.99,3,0.5000,37.00,106,0,1.00,4,16.54,41.36,34.12,14.50
307563,-3.91,4.69,4,14.51,13.44,8,14.50,185,0.96,0.97,2606,0.00,0.99,3,0.5000,37.00,106,0,1.00,5,16.54,41.85,34.12,14.30
307668,-3.91,4.69,4,14.51,13.36,8,14.50,185,0.96,0.95,2630,0.00,0.99,3,0.5000,37.00,106,0,1.00,5,16.54,42.06,34.12,14.40
307771,-3.12,4.69,4,14.51,13.44,8,14.50,185,0.96,0.95,2616,0.00,0.99,3,0.5000,37.00,106,0,1.00,5,16.40,42.18,33.73,14.40
307875,-3.91,4.69,4,14.51,13.44,8,14.50,185,0.96,0.95,2642,0.00,0.99,3,0.5000,37.00,106,0,1.00,5,16.54,41.85,34.12,14.40
307979,-3.12,4.69,4,14.51,13.44,8,14.49,185,0.96,0.95,2626,0.00,0.99,3,0.5000,37.00,106,0,1.00,5,16.54,42.22,34.12,14.40
308083,-3.91,4.69,4,14.51,13.44,8,14.50,185,0.96,0.96,2654,0.00,0.99,3,0.5000,37.00,106,0,1.00,5,16.40,42.35,34.12,14.50
308187,-3.12,4.69,4,14.51,13.44,8,14.50,185,0.96,0.96,2638,0.00,0.99,3,0.5000,37.00,106,0,1.00,5,16.54,42.22,34.12,14.40
308291,-3.12,4.69,4,14.51,13.44,8,14.49,185,0.96,0.97,2644,0.00,0.99,3,0.5000,37.00,106,0,1.00,5,16.54,42.27,34.12,14.40
308395,-3.12,4.69,4,14.51,13.36,8,14.49,185,0.96,0.96,2668,0.00,0.99,3,0.5000,37.00,106,0,1.00,5,16.54,42.18,34.12,14.40
308499,-3.12,4.69,4,14.51,13.52,8,14.49,185,0.96,0.95,2655,0.00,0.99,3,0.5000,37.00,106,0,1.00,5,16.54,42.68,34.12,14.40
308603,-3.12,4.69,4,14.51,13.44,8,14.49,185,0.96,0.96,2683,0.00,0.99,3,0.5000,37.00,106,1,1.00,6,16.54,42.51,34.12,14.40
308707,-2.34,4.69,4,14.51,13.36,8,14.49,185,0.96,0.96,2696,0.00,0.99,3,0.5000,37.00,106,1,1.00,6,16.54,42.76,34.12,14.50
308811,-2.34,4.69,4,14.51,13.52,8,14.48,185,0.95,0.95,2676,0.00,0.99,3,0.5000,37.00,106,2,1.00,6,16.54,42.68,34.12,14.40
308915,-1.56,4.69,4,14.51,13.44,8,14.49,185,0.96,0.96,2701,0.00,0.99,3,0.5000,37.00,106,2,1.00,6,16.54,43.01,34.12,14.50
309019,-1.56,4.69,4,14.51,13.36,8,14.48,185,0.96,0.95,2710,0.00,0.99,3,0.5000,37.00,106,3,1.00,6,16.54,43.09,34.12,14.40
309123,-1.56,4.69,4,14.51,13.44,8,14.48,185,0.96,0.95,2693,0.00,0.99,3,0.5000,37.00,106,4,1.00,6,16.69,43.01,34.12,14.30
309227,-1.56,4.69,4,14.51,13.44,8,14.47,185,0.95,0.96,2726,0.00,0.99,3,0.5000,37.50,106,4,0.50,6,16.69,43.17,34.12,14.50
309331,-0.78,4.69,4,14.51,13.52,8,14.48,185,0.95,0.95,2734,0.00,0.99,3,0.5000,37.00,106,5,0.50,7,16.69,43.09,34.12,14.50
309435,-0.78,4.69,4,14.51,13.36,8,14.47,185,0.95,0.95,2718,0.00,0.99,3,0.5000,37.50,106,5,1.00,7,16.69,43.34,34.12,14.30
309539,-0.78,4.69,4,14.51,13.36,8,14.47,185,0.95,0.96,2720,0.00,0.99,3,0.5000,37.50,106,6,0.50,7,16.69,43.59,34.12,14.30
309643,-0.78,4.69,4,14.51,13.44,8,14.47,185,0.96,0.96,2748,0.00,0.99,3,0.5000,37.00,106,7,0.50,7,16.69,43.92,34.12,14.60
309747,0.00,4.69,4,14.51,13.44,8,14.47,185,0.96,0.95,2760,0.00,0.99,3,0.5000,37.00,106,7,1.00,7,16.69,43.92,34.12,14.50
309851,0.00,4.69,4,14.51,13.44,8,14.46,185,0.96,0.96,2746,0.00,0.99,3,0.5000,37.50,106,8,0.50,7,16.69,43.83,34.12,14.30
309955,0.00,4.69,4,14.51,13.44,8,14.46,185,0.96,0.95,2752,0.00,0.99,3,0.5000,37.50,106,8,0.50,7,16.83,44.08,34.12,14.40
310059,0.00,4.69,4,14.51,13.36,8,14.46,185,0.96,0.96,2773,0.00,0.99,3,0.5000,37.50,106,9,0.50,7,16.83,44.00,34.12,14.50
310163,0.78,3.91,4,14.51,13.52,8,14.46,185,0.96,0.96,2783,0.00,0.99,3,0.5000,37.00,106,9,0.50,7,16.83,44.33,34.12,14.30
310267,0.00,3.91,4,14.51,13.44,8,14.46,185,0.96,0.95,2790,0.00,0.99,3,0.5000,37.50,106,10,0.50,7,16.83,44.33,34.12,14.60
310371,0.78,3.91,4,14.51,13.44,8,14.46,185,0.96,0.96,2771,0.00,0.99,3,0.5000,37.50,106,11,0.50,7,16.83,44.57,34.12,14.60
310475,1.56,3.91,4,14.51,13.44,8,14.45,185,0.96,0.95,2782,0.00,0.99,3,0.5000,37.50,106,11,0.50,7,16.83,44.99,34.12,14.40
310579,1.56,3.91,4,14.51,13.36,8,14.46,185,0.96,0.96,2786,0.00,0.99,3,0.5000,37.50,106,12,0.50,7,16.83,44.66,34.12,14.40
310683,1.56,3.91,4,14.51,13.36,8,14.46,185,0.96,0.96,2814,0.00,0.99,3,0.5000,37.50,106,12,0.50,7,16.83,45.07,34.12,14.20
310788,2.34,3.91,4,14.51,13.52,8,14.46,185,0.96,0.96,2818,0.00,0.99,3,0.5000,37.50,106,13,0.50,7,16.83,44.90,33.33,14.40
310892,2.34,3.91,4,14.51,13.60,8,14.45,185,0.96,0.95,2824,0.00,0.99,3,0.5000,37.50,106,13,0.50,7,16.83,45.15,32.55,14.40
310997,1.56,3.91,4,14.51,13.44,8,14.46,185,0.96,0.95,2808,0.00,0.99,3,0.5000,37.50,106,14,0.50,8,16.83,44.90,32.16,14.20
311100,2.34,3.91,4,14.51,13.44,8,14.46,185,0.95,0.95,2809,0.00,0.99,3,0.5000,37.50,106,15,0.50,8,16.83,44.57,32.16,14.30
311204,1.56,3.91,4,14.51,13.36,8,14.46,185,0.96,0.96,2822,0.00,0.99,3,0.5000,37.50,106,15,0.50,8,16.83,45.15,32.16,14.30
311308,2.34,3.91,4,14.51,13.44,8,14.46,185,0.96,0.95,2826,0.00,0.99,3,0.5000,37.50,106,16,0.50,8,16.83,45.23,32.16,14.20
311412,2.34,3.91,4,14.51,13.52,8,14.46,185,0.96,0.96,2831,0.00,0.99,3,0.5000,37.50,106,16,0.50,8,16.83,45.56,32.16,14.30
311516,2.34,3.91,4,14.51,13.52,8,14.46,185,0.96,0.96,2833,0.00,0.99,3,0.5000,37.50,106,16,0.50,8,16.83,45.32,32.16,14.40
311620,3.12,3.91,4,14.51,13.44,8,14.46,185,0.96,0.96,2859,0.00,0.99,3,0.5000,37.50,106,16,0.50,8,16.83,45.15,31.76,14.30
311725,3.12,3.91,4,14.51,13.44,8,14.46,185,0.96,0.96,2866,0.00,0.99,3,0.5000,37.50,106,17,0.50,9,16.83,45.56,32.16,14.70
311828,3.12,3.91,4,14.51,13.68,8,14.46,185,0.95,0.96,2863,0.00,0.99,3,0.5000,37.50,106,16,0.50,9,16.83,45.40,32.16,14.20
311932,3.91,3.91,4,14.51,13.52,8,14.46,185,0.95,0.95,2875,0.00,0.99,3,0.5000,37.50,106,16,0.50,9,16.69,45.15,30.59,14.40
312036,3.12,3.91,4,14.51,13.44,8,14.46,185,0.95,0.95,2872,0.00,0.99,3,0.5000,37.50,106,15,0.50,9,16.25,44.82,27.84,14.20
312141,1.56,3.91,4,14.51,13.44,8,14.46,185,0.93,0.93,2867,0.00,0.99,3,0.5000,37.50,106,13,0.50,9,16.11,44.16,27.06,14.00
312244,-0.78,3.91,4,14.51,13.44,8,14.46,185,0.93,0.93,2860,0.00,0.99,3,0.5000,37.50,106,11,0.50,9,16.11,44.00,27.45,14.20
312348,-0.78,3.91,4,14.51,13.60,8,14.46,185,0.93,0.93,2863,0.00,0.99,3,0.5000,37.50,106,9,0.50,9,16.11,43.91,27.06,14.00
312452,-1.56,3.91,4,14.51,13.60,8,14.46,185,0.93,0.92,2862,0.00,0.99,3,0.5000,37.50,106,6,0.50,9,15.96,43.91,27.06,14.10
312556,-3.12,3.91,4,14.51,13.52,8,14.46,185,0.92,0.91,2864,0.00,0.99,3,0.5000,38.00,106,4,0.00,9,15.96,43.66,27.06,14.20
312660,-2.34,3.91,4,14.51,13.44,8,14.46,185,0.92,0.91,2844,0.00,0.99,3,0.5000,38.00,106,2,0.00,9,15.96,43.83,27.06,14.10
312764,-3.91,3.91,4,14.51,13.44,8,14.46,185,0.92,0.91,2842,0.00,0.99,3,0.5000,38.00,106,1,0.00,9,15.96,43.33,27.06,14.10
312868,-3.91,3.91,4,14.51,13.44,8,14.46,185,0.91,0.91,2850,0.00,0.99,3,0.5000,38.00,106,0,0.00,9,15.82,43.50,27.06,14.40
312972,-3.91,3.91,4,14.51,13.44,8,14.46,185,0.91,0.91,2855,0.00,0.99,3,0.5000,38.00,106,0,0.00,9,15.82,43.50,27.06,14.30
313076,-3.91,3.91,4,14.51,13.44,8,14.46,185,0.91,0.90,2861,0.00,0.99,3,0.5000,38.00,106,0,0.00,9,15.82,43.42,27.06,14.30
313180,-3.91,3.91,4,14.51,13.44,8,14.46,185,0.91,0.90,2859,0.00,0.99,3,0.5000,38.00,106,0,0.00,9,15.82,43.50,27.06,14.50
313284,-3.91,3.91,4,14.51,13.36,8,14.46,185,0.91,0.90,2866,0.00,0.99,3,0.5000,38.00,106,0,0.00,9,15.67,43.66,27.06,14.40
313388,-4.69,3.91,4,14.51,13.44,8,14.47,185,0.90,0.90,2874,0.00,0.99,3,0.5000,38.00,106,0,0.00,9,15.67,43.42,27.06,14.30
313492,-3.91,3.91,4,14.51,13.44,8,14.47,185,0.91,0.90,2880,0.00,0.99,3,0.5000,38.00,106,0,0.00,9,15.67,43.99,27.06,14.40
313596,-3.91,3.91,4,14.51,13.44,8,14.47,185,0.90,0.89,2884,-2.00,0.99,3,0.5000,36.00,106,0,-2.00,10,15.67,43.00,27.06,14.40
313700,-3.91,3.91,4,14.51,13.44,8,14.47,185,0.89,0.88,2890,-2.00,0.99,3,0.5000,36.00,106,0,-2.00,10,15.67,42.92,27.06,14.50
313805,-3.12,3.91,4,14.51,13.44,8,14.47,185,0.89,0.88,2902,-2.00,0.99,3,0.5000,36.00,106,0,-2.00,10,15.53,43.33,26.67,14.50
313909,-2.34,3.91,4,14.51,13.52,8,14.47,185,0.88,0.89,2922,-2.00,0.99,3,0.5000,36.00,106,0,-2.00,10,15.53,43.00,26.67,14.40
314012,-1.56,3.91,4,14.51,13.52,8,14.47,185,0.88,0.88,2920,-2.00,0.99,3,0.5000,36.00,106,0,-2.00,10,15.53,43.08,26.67,14.50
314116,-1.56,3.91,4,14.51,13.44,8,14.47,185,0.88,0.88,2955,-2.00,0.99,3,0.5000,36.00,106,0,-2.00,10,15.38,43.08,26.67,14.50
314220,-1.56,3.91,4,14.51,13.44,8,14.47,185,0.88,0.88,2959,-2.00,0.99,3,0.5000,36.00,106,0,-2.00,10,15.09,42.59,25.10,14.40
314325,-2.34,3.91,4,14.51,13.44,8,14.47,185,0.87,0.86,2966,-2.00,0.99,3,0.5000,36.00,106,0,-2.00,10,14.95,42.26,24.71,14.30
314428,-3.12,3.91,4,14.51,13.52,8,14.48,185,0.86,0.86,2979,-2.00,0.99,3,0.5000,36.00,106,0,-2.00,10,14.95,42.34,25.10,14.20
314532,-2.34,3.91,4,14.51,13.44,8,14.48,185,0.85,0.86,2963,-2.00,0.99,3,0.5000,36.00,106,0,-2.00,10,14.95,42.42,25.10,14.40
314636,-2.34,3.91,4,14.51,13.44,8,14.48,185,0.85,0.85,2966,-2.00,0.99,3,0.5000,36.00,106,0,-2.00,10,14.95,42.34,25.10,14.50
314740,-2.34,3.91,4,14.51,13.52,8,14.48,185,0.86,0.86,2969,-2.00,0.99,3,0.5000,36.00,106,1,-2.00,10,14.95,42.67,25.10,14.50
314844,-1.56,3.91,4,14.51,13.44,8,14.48,185,0.85,0.85,3004,-2.00,0.99,3,0.5000,36.00,104,1,-2.00,10,14.80,42.50,25.10,14.60
314948,-1.56,3.91,4,14.51,13.52,8,14.48,185,0.85,0.85,3020,-2.00,0.99,3,0.5000,36.00,104,1,-2.00,10,14.80,42.83,25.10,14.40
315052,-1.56,3.91,4,14.51,13.44,8,14.49,185,0.85,0.85,3007,-2.00,0.99,3,0.5000,36.00,104,2,-2.00,10,14.80,42.83,25.10,14.40
315157,-0.78,3.91,4,14.51,13.44,8,14.49,185,0.85,0.84,3022,-2.00,0.99,3,0.5000,36.00,104,2,-2.00,10,14.80,42.83,25.10,14.30
315260,-0.78,3.91,4,14.51,13.36,8,14.49,185,0.85,0.84,3055,-2.00,0.99,3,0.5000,36.00,104,3,-2.00,10,14.80,43.08,25.10,14.40
315364,0.00,3.91,4,14.51,13.60,8,14.49,185,0.85,0.85,3067,-2.00,0.99,3,0.5000,36.00,104,3,-2.00,10,14.80,42.99,25.49,14.40
315468,0.00,3.91,4,14.51,13.52,8,14.49,185,0.85,0.84,3055,-2.00,0.99,3,0.5000,36.00,104,4,-2.00,10,14.80,43.24,25.49,14.50
315572,0.00,3.91,4,14.51,13.44,8,14.49,185,0.84,0.84,3071,-2.00,0.99,3,0.5000,37.00,104,5,-1.00,10,14.80,43.24,25.49,14.50
315677,0.78,3.91,4,14.51,13.52,8,14.50,185,0.84,0.85,3103,-1.00,0.99,3,0.5000,37.00,104,5,-1.00,10,14.80,43.24,25.49,14.50
315780,0.78,3.91,4,14.51,13.44,8,14.50,185,0.84,0.84,3097,-1.00,0.99,3,0.5000,37.00,104,6,-1.00,10,14.80,43.15,25.49,14.50
315884,1.56,3.91,4,14.51,13.52,8,14.50,185,0.84,0.84,3130,-1.00,0.99,3,0.5000,37.00,104,7,-1.00,10,14.80,43.48,25.49,14.30
315988,2.34,3.91,4,14.51,13.44,8,14.50,185,0.84,0.84,3134,-1.00,0.99,3,0.5000,37.00,104,7,-1.00,10,14.80,43.56,25.49,14.40
316092,2.34,3.12,4,14.51,13.44,8,14.51,185,0.84,0.83,3124,-1.00,0.99,3,0.5000,37.00,104,8,-1.00,10,14.80,44.14,25.49,14.70
316196,2.34,3.12,4,14.51,13.44,8,14.51,185,0.84,0.83,3164,-1.00,0.99,3,0.5000,37.00,104,8,-1.00,10,14.80,43.97,25.49,14.30
316300,3.12,3.12,4,14.51,13.52,8,14.51,185,0.84,0.83,3152,-1.00,0.99,3,0.5000,37.00,102,9,-1.00,10,14.80,43.97,25.49,14.40
316405,3.12,3.12,4,14.51,13.60,8,14.51,185,0.83,0.83,3188,-1.00,0.99,3,0.5000,37.00,102,9,-1.00,10,14.80,44.30,25.88,14.60
316508,3.91,3.12,4,14.51,13.44,8,14.52,185,0.83,0.83,3173,-1.00,0.99,3,0.5000,37.00,102,10,-1.00,10,14.65,44.05,25.10,14.30
316613,3.91,3.12,4,14.51,13.36,8,14.52,185,0.83,0.83,3220,-1.00,0.99,3,0.5000,37.00,102,11,-1.00,10,14.51,44.13,24.71,14.40
316716,3.12,3.12,4,14.51,13.44,8,14.52,185,0.82,0.81,3207,-1.00,0.99,3,0.5000,37.00,102,11,-1.00,10,14.51,43.64,24.71,14.50
316820,2.34,3.12,4,14.51,13.52,8,14.52,185,0.81,0.81,3220,-1.00,0.99,3,0.5000,37.00,102,12,-1.00,10,14.51,43.96,24.71,14.20
316924,3.12,3.12,4,14.51,13.60,8,14.52,185,0.82,0.83,3251,-1.00,0.99,3,0.5000,37.00,102,12,-1.00,10,14.36,44.05,24.71,14.40
317028,3.12,3.12,4,14.51,13.44,8,14.52,185,0.82,0.82,3236,-1.00,0.99,3,0.5000,37.00,102,13,-1.00,10,14.36,43.88,24.71,14.50
317133,3.12,3.12,4,14.51,13.44,8,14.52,185,0.81,0.81,3272,-1.00,0.99,3,0.5000,37.50,102,13,-1.00,10,14.36,43.88,24.71,14.40
317237,3.12,3.12,4,14.51,13.52,8,14.52,185,0.80,0.80,3278,-1.00,0.99,3,0.5000,37.50,102,14,-1.00,10,11.46,40.95,16.08,14.30
317340,-1.56,2.34,3,14.51,13.68,8,14.51,185,0.62,0.56,3210,-1.00,1.18,3,0.5000,41.00,102,15,0.00,10,7.84,23.88,7.45,13.70
317444,-6.25,2.34,3,14.51,13.60,8,14.58,185,0.42,0.33,3108,-0.91,1.20,3,0.5000,36.50,102,15,0.00,10,5.80,16.17,7.06,11.20
317548,-12.50,2.34,3,14.51,13.60,8,14.58,185,0.32,0.29,3047,-0.83,1.10,3,0.5000,32.50,102,16,0.00,10,4.93,13.37,6.67,9.90
317652,-21.09,2.34,3,14.51,13.60,8,14.58,185,0.28,0.26,2968,-0.74,1.01,3,0.5000,28.50,100,16,0.00,10,4.64,12.52,6.67,9.80
317756,0.00,2.34,3,14.51,13.60,8,14.58,185,0.25,0.24,2980,-0.66,1.01,3,0.5000,25.50,100,17,0.00,10,4.35,11.43,6.67,10.10
317860,0.00,2.34,3,14.51,13.60,10,14.59,185,0.23,0.22,2970,-0.58,1.00,3,0.5000,24.00,100,17,0.00,10,4.21,10.65,6.67,10.40
317964,0.00,2.34,3,14.51,13.68,10,14.60,185,0.22,0.22,2948,-0.50,1.00,3,0.5000,24.00,100,17,0.00,10,4.21,10.56,6.67,10.80
318068,0.00,2.34,3,14.51,13.60,10,14.60,185,0.22,0.22,2944,-0.42,1.00,3,0.5000,24.00,100,18,0.00,10,4.06,10.27,6.67,12.20
318173,0.00,2.34,3,14.51,13.60,10,14.60,185,0.21,0.21,2937,-0.34,1.00,3,0.5000,24.00,100,18,0.00,10,4.21,10.09,6.67,13.40
318276,0.00,2.34,3,14.51,13.60,10,14.60,185,0.21,0.21,2930,-0.26,1.00,3,0.5000,24.00,100,18,0.00,10,4.06,10.27,6.67,17.10
318382,0.00,2.34,3,14.51,13.60,10,14.60,185,0.21,0.21,2929,-0.18,1.00,3,0.5000,24.00,100,18,0.00,10,4.06,10.09,6.67,20.70
318484,0.00,2.34,2,14.51,13.68,10,14.60,185,0.20,0.20,2922,-0.10,1.00,3,0.5000,24.00,100,18,0.00,10,4.06,9.71,6.67,31.90
318589,0.00,2.34,2,14.51,13.60,10,14.60,185,0.20,0.20,2898,-0.02,1.00,3,0.5000,24.00,100,16,0.00,10,4.06,9.85,6.67,52.70
318692,0.00,2.34,2,14.51,13.68,10,14.60,185,0.20,0.20,2894,0.00,1.00,3,0.5000,24.00,100,16,0.00,10,3.92,9.80,6.67,74.90
318797,0.00,0.00,2,14.51,13.52,10,14.60,185,0.20,0.20,2892,0.00,1.00,3,0.5000,24.00,100,13,0.00,10,3.92,9.62,6.67,88.80
318901,0.00,0.00,2,14.51,13.60,10,14.60,185,0.20,0.19,2888,0.00,1.00,3,0.5000,24.00,100,11,0.00,10,3.92,9.52,6.67,91.20
319005,0.00,0.00,2,14.51,13.68,10,14.60,185,0.20,0.20,2881,0.00,1.00,3,0.5000,24.00,100,8,0.00,10,3.92,9.48,6.67,96.00
319109,0.00,0.00,2,14.51,13.60,10,14.60,185,0.19,0.19,2876,0.00,1.00,3,0.5000,24.00,100,6,0.00,10,3.77,9.34,6.67,96.00
319212,0.00,0.00,2,14.51,13.60,10,14.60,185,0.19,0.19,2866,0.00,1.00,3,0.5000,24.00,100,3,0.00,10,3.77,9.24,6.67,96.00
319317,0.00,0.00,2,14.51,13.52,10,14.60,185,0.19,0.19,2857,0.00,1.00,3,0.5000,24.00,100,2,0.00,10,3.77,9.24,6.67,96.00
319420,0.00,0.00,2,14.51,13.68,10,14.61,185,0.19,0.19,2847,0.00,1.00,3,0.5000,24.00,100,0,0.00,10,3.77,9.34,6.67,99.90
319525,0.00,0.00,2,14.51,13.68,10,14.61,185,0.19,0.20,2833,0.00,1.00,3,0.5000,24.00,100,0,0.00,10,3.77,9.15,6.67,99.90
319629,0.00,0.00,2,14.51,13.60,10,14.61,185,0.19,0.19,2848,0.00,1.00,3,0.5000,24.00,100,0,0.00,10,3.77,9.15,6.67,99.90
319732,0.00,0.00,2,14.51,13.60,10,14.62,185,0.19,0.19,2836,0.00,1.00,3,0.5000,24.00,100,0,0.00,10,3.77,8.80,6.67,99.90
319837,0.00,0.00,2,14.51,13.60,10,14.62,185,0.19,0.19,2825,0.00,1.00,3,0.5000,24.00,100,0,0.00,10,3.77,9.00,6.67,99.90
319941,0.00,0.00,2,14.51,13.60,10,14.62,185,0.19,0.19,2816,0.00,1.00,3,0.5000,24.00,100,0,0.00,10,3.77,8.95,6.67,99.90
320045,0.00,0.00,2,14.51,13.60,10,14.62,185,0.19,0.19,2784,0.00,1.00,3,0.5000,24.00,100,0,0.00,10,3.77,8.75,6.67,99.90
320149,0.00,0.00,2,14.51,13.60,10,14.62,185,0.19,0.19,2770,0.00,1.00,3,0.5000,24.00,100,0,0.00,10,3.77,9.00,6.67,99.90
320253,0.00,0.00,2,14.51,13.60,10,14.62,185,0.19,0.19,2757,0.00,1.00,3,0.5000,24.00,100,0,0.00,10,3.77,8.59,6.67,99.90
320357,0.00,0.00,2,14.51,13.52,10,14.62,185,0.19,0.19,2766,0.00,1.00,3,0.5000,24.00,100,0,0.00,10,3.77,8.75,6.67,99.90
320461,0.00,0.00,2,14.51,13.60,10,14.62,185,0.19,0.19,2748,0.00,1.00,3,0.5000,24.00,100,0,0.00,10,3.77,8.69,6.67,99.90
320564,0.00,0.00,2,14.51,13.60,10,14.62,185,0.19,0.19,2717,0.00,1.00,3,0.5000,24.00,100,0,0.00,10,3.77,8.75,6.67,99.90
320669,0.00,0.00,2,14.51,13.68,10,14.62,185,0.19,0.19,2709,0.00,1.00,3,0.5000,24.00,100,0,0.00,10,3.77,8.54,6.67,99.90
320773,0.00,0.00,2,14.51,13.60,10,14.62,185,0.19,0.19,2716,0.00,1.00,3,0.5000,24.00,100,0,0.00,10,3.77,8.54,6.67,99.90
320877,0.00,0.00,2,14.51,13.52,10,14.61,185,0.19,0.19,2674,0.00,1.00,3,0.5000,24.00,100,0,0.00,10,3.77,8.54,6.67,99.90
320981,0.00,0.00,2,14.51,13.68,10,14.61,185,0.19,0.19,2657,0.00,1.00,3,0.5000,24.00,100,0,0.00,10,3.77,8.59,6.67,99.90
321085,0.00,0.00,2,14.51,13.60,10,14.61,185,0.19,0.20,2664,0.00,1.00,3,0.5000,24.00,100,0,0.00,10,3.77,8.34,6.67,99.90
321189,0.00,0.00,2,14.51,13.68,10,14.61,185,0.19,0.19,2633,0.00,1.00,3,0.5000,24.00,100,0,0.00,10,3.77,8.39,6.67,99.90
321293,0.00,0.00,2,14.51,13.60,10,14.61,185,0.19,0.19,2639,0.00,1.00,3,0.5000,24.00,100,0,0.00,10,3.77,8.54,6.67,99.90
321397,0.00,0.00,2,14.51,13.60,10,14.61,185,0.20,0.20,2602,0.00,1.00,3,0.5000,24.00,100,0,0.00,10,3.77,8.54,6.67,99.90
321501,0.00,0.00,2,14.51,13.68,10,14.61,185,0.20,0.20,2606,0.00,1.00,3,0.5000,24.00,100,0,0.00,10,3.92,8.54,6.67,99.90
321605,0.00,0.00,2,14.51,13.60,10,14.61,185,0.20,0.20,2570,0.00,1.00,3,0.5000,24.00,100,0,0.00,10,3.92,8.59,6.67,99.90
321709,0.00,0.00,2,14.51,13.68,10,14.61,185,0.20,0.21,2577,0.00,1.00,3,0.5000,24.00,100,0,0.00,10,3.92,8.75,6.67,99.90
321813,0.00,0.00,2,14.51,13.60,10,14.61,185,0.20,0.20,2544,0.00,1.00,3,0.5000,24.00,100,0,0.00,10,3.92,8.49,6.67,99.90
321917,0.00,0.00,2,14.51,13.60,10,14.61,185,0.20,0.21,2550,0.00,1.00,3,0.5000,24.00,100,0,0.00,10,3.92,8.69,6.67,99.90
322021,0.00,0.00,2,14.51,13.60,10,14.61,185,0.20,0.20,2516,0.00,1.00,3,0.5000,24.00,100,0,0.00,10,3.92,8.39,6.67,99.90
322125,0.00,0.00,2,14.51,13.68,10,14.61,185,0.20,0.20,2504,0.00,1.00,3,0.5000,24.00,100,0,0.00,10,3.92,8.44,6.67,99.90
322229,0.00,0.00,2,14.51,13.60,10,14.61,185,0.20,0.20,2511,0.00,1.00,3,0.5000,24.00,100,0,0.00,10,3.92,8.34,6.67,99.90
322333,0.00,0.00,2,14.51,13.52,10,14.61,185,0.20,0.21,2476,0.00,1.00,3,0.5000,24.00,100,0,0.00,10,3.92,8.44,6.67,99.90
322437,0.00,0.00,2,14.51,13.60,10,14.61,185,0.20,0.20,2464,0.00,1.00,3,0.5000,24.00,100,0,0.00,10,4.06,8.49,6.67,99.90
322540,0.00,0.00,2,14.51,13.60,10,14.61,185,0.21,0.21,2472,0.00,1.00,3,0.5000,24.00,100,0,0.00,10,4.06,8.59,6.67,99.90
322645,0.00,0.00,2,14.51,13.60,10,14.61,185,0.21,0.21,2460,0.00,1.00,3,0.5000,24.00,100,0,0.00,10,4.06,8.64,6.67,99.90
322749,0.00,0.00,2,14.51,13.44,10,14.61,185,0.21,0.22,2426,0.00,1.00,3,0.5000,24.00,100,0,0.00,10,4.06,8.54,6.67,99.90
322853,0.00,0.00,2,14.51,13.52,10,14.60,185,0.21,0.21,2414,0.00,1.00,3,0.5000,24.00,100,0,0.00,10,4.21,8.54,6.67,99.90
322957,0.00,0.00,2,14.51,13.60,10,14.60,185,0.21,0.21,2419,0.00,1.00,3,0.5000,24.00,100,1,0.00,10,4.21,8.44,6.67,99.90
323061,0.00,0.00,2,14.51,13.60,10,14.60,185,0.21,0.21,2406,0.00,1.00,3,0.5000,24.00,100,1,0.00,10,4.21,8.34,6.67,99.90
323165,0.00,0.00,2,14.51,13.68,10,14.60,187,0.21,0.21,2390,0.00,1.00,3,0.5000,24.00,100,1,0.00,10,4.21,8.34,6.67,99.90
323269,0.00,0.00,2,14.51,13.60,10,14.60,185,0.21,0.21,2376,0.00,1.00,3,0.5000,24.00,100,1,0.00,10,4.35,8.49,6.67,99.90
323373,0.00,0.00,2,14.51,13.52,10,14.60,185,0.22,0.22,2340,0.00,1.00,3,0.5000,24.00,100,2,0.00,10,4.35,8.54,6.67,99.90
323477,0.00,0.00,2,14.51,13.60,10,14.60,185,0.22,0.22,2326,0.00,1.00,3,0.5000,24.00,100,2,0.00,10,4.35,8.49,6.67,99.90
323581,0.00,0.00,2,14.51,13.60,10,14.60,185,0.22,0.23,2313,0.00,1.00,3,0.5000,24.00,100,2,0.00,10,4.35,8.29,6.67,99.90
323685,0.00,0.00,2,14.51,13.68,10,14.60,185,0.21,0.21,2300,0.00,1.00,3,0.5000,24.00,100,2,0.00,10,4.35,8.09,6.67,99.90
323789,0.00,0.00,2,14.51,13.60,10,14.60,185,0.21,0.21,2287,0.00,1.00,3,0.5000,24.00,100,3,0.00,10,4.35,8.14,6.67,99.90
323893,0.00,0.00,2,14.51,13.60,10,14.60,187,0.21,0.21,2274,0.00,1.00,3,0.5000,24.00,100,3,0.00,10,4.35,8.04,6.67,99.90
323997,0.00,0.00,2,14.51,13.68,10,14.59,187,0.21,0.21,2260,0.00,1.00,3,0.5000,24.00,100,3,0.00,10,4.35,8.14,6.27,99.90
324101,0.00,0.00,2,14.51,13.60,10,14.59,187,0.21,0.21,2267,0.00,1.00,3,0.5000,24.00,100,4,0.00,10,4.50,7.79,6.27,99.90
324205,0.00,0.00,2,14.51,13.60,10,14.59,187,0.21,0.21,2253,0.00,1.00,3,0.5000,24.00,100,4,0.00,10,4.50,7.84,6.27,99.90
324309,0.00,0.00,2,14.51,13.60,10,14.59,185,0.21,0.21,2241,0.00,1.00,3,0.5000,24.00,100,4,0.00,10,4.50,8.04,6.27,99.90
324413,0.00,0.00,2,14.51,13.52,10,14.59,185,0.21,0.21,2228,0.00,1.00,3,0.5000,24.00,100,4,0.00,10,4.50,7.99,6.27,99.90
324517,0.00,0.00,2,14.51,13.60,10,14.59,185,0.21,0.21,2198,0.00,0.99,3,0.5000,24.00,100,5,0.00,10,4.50,7.74,6.27,99.90
324621,0.00,0.00,2,14.51,13.68,10,14.59,185,0.21,0.21,2185,0.00,0.99,3,0.5000,24.00,100,5,0.00,10,4.50,7.79,6.27,99.90
324725,0.00,0.00,2,14.51,13.68,10,14.59,185,0.21,0.21,2172,0.00,0.99,3,0.5000,24.00,100,5,0.00,10,4.50,7.79,6.27,99.90
324829,0.00,0.00,2,14.51,13.60,10,14.59,185,0.21,0.21,2180,0.00,0.99,3,0.5000,24.00,100,5,0.00,10,4.50,7.74,6.27,99.90
324933,0.00,0.00,2,14.51,13.52,10,14.58,185,0.21,0.21,2169,0.00,0.99,3,0.5000,24.00,100,5,0.00,10,4.50,7.60,6.27,99.90
325037,0.00,0.00,2,14.51,13.60,10,14.58,185,0.21,0.21,2139,0.00,0.99,3,0.5000,24.00,100,6,0.00,10,4.50,7.45,6.27,99.90
325141,0.00,0.00,2,14.51,13.60,10,14.58,185,0.21,0.21,2146,0.00,0.99,3,0.5000,24.00,100,6,0.00,10,4.50,7.50,6.27,99.90
325245,0.00,0.00,2,14.51,13.68,10,14.58,185,0.21,0.20,2131,0.00,0.99,3,0.5000,24.00,100,6,0.00,10,4.50,7.30,5.88,99.90
325349,0.00,0.00,2,14.51,13.60,10,14.58,185,0.21,0.20,2103,0.00,0.99,3,0.5000,24.00,100,6,0.00,10,4.64,7.35,6.27,99.90
325453,0.00,0.00,2,14.51,13.44,10,14.58,185,0.21,0.21,2111,0.00,0.99,3,0.5000,24.00,100,6,0.00,10,4.64,7.55,5.88,99.90
325561,0.00,0.00,2,14.51,13.60,10,14.58,185,0.21,0.21,2098,0.00,0.99,3,0.5000,24.00,100,7,0.00,10,4.64,7.35,5.88,99.90
325661,0.00,0.00,2,14.51,13.60,10,14.58,185,0.21,0.21,2070,0.00,0.99,3,0.5000,24.00,100,7,0.00,10,4.64,7.26,5.88,99.90
325765,0.00,0.00,2,14.51,13.68,10,14.58,185,0.21,0.21,2073,0.00,0.99,3,0.5000,24.00,100,7,0.00,10,4.64,7.06,5.88,99.90
325869,0.00,0.00,2,14.51,13.60,10,14.58,185,0.21,0.21,2044,0.00,0.99,3,0.5000,24.00,100,7,0.00,10,4.64,7.21,5.88,99.90
325973,0.00,0.00,2,14.51,13.60,10,14.58,185,0.21,0.22,2051,0.00,0.99,3,0.5000,24.00,100,8,0.00,10,4.64,7.26,5.88,99.90
326077,0.00,0.00,2,14.51,13.52,10,14.57,185,0.21,0.21,2024,0.00,0.99,3,0.5000,24.00,100,8,0.00,10,4.64,7.11,5.88,99.90
326181,0.00,0.00,2,14.51,13.60,10,14.57,185,0.21,0.21,2030,0.00,0.99,3,0.5000,24.00,100,8,0.00,10,4.64,7.21,5.88,99.90
326285,0.00,0.00,2,14.51,13.60,10,14.57,185,0.21,0.21,2004,0.00,0.99,3,0.5000,24.00,100,8,0.00,10,4.64,7.02,5.88,99.90
326389,0.00,0.00,2,14.51,13.60,10,14.57,185,0.21,0.20,2008,0.00,0.99,3,0.5000,24.00,100,8,0.00,10,4.64,6.68,5.88,99.90
326493,0.00,0.00,2,14.51,13.52,10,14.57,185,0.21,0.21,1978,0.00,0.99,3,0.5000,24.00,100,9,0.00,10,4.79,6.87,5.88,99.90
326597,0.00,0.00,2,14.51,13.60,10,14.57,185,0.21,0.22,1985,0.00,0.99,3,0.5000,24.00,100,9,0.00,10,4.79,7.06,5.88,99.90
326701,0.00,0.00,2,14.51,13.52,10,14.57,185,0.22,0.22,1960,0.00,0.99,3,0.5000,24.00,100,9,0.00,10,4.79,7.16,5.88,99.90
326805,0.00,0.00,2,14.51,13.60,10,14.57,185,0.22,0.22,1964,0.00,0.99,3,0.5000,24.00,100,9,0.00,10,4.79,7.16,5.88,99.90
326909,0.00,0.00,2,14.51,13.60,10,14.57,185,0.22,0.22,1937,0.00,0.99,3,0.5000,24.00,100,9,0.00,10,4.79,7.21,5.88,99.90
327013,0.00,0.00,2,14.51,13.44,10,14.57,185,0.22,0.22,1930,0.00,0.99,3,0.5000,24.00,100,9,0.00,10,4.79,7.02,5.88,99.90
327117,0.00,0.00,2,14.51,13.60,10,14.57,185,0.22,0.22,1935,0.00,0.99,3,0.5000,24.00,100,9,0.00,10,4.79,7.02,5.88,99.90
327222,0.00,0.00,2,14.51,13.60,10,14.57,185,0.22,0.22,1909,0.00,0.99,3,0.5000,24.00,100,10,0.00,10,4.79,7.06,5.88,99.90
327325,0.00,0.00,2,14.51,13.68,10,14.57,185,0.22,0.22,1901,0.00,0.99,3,0.5000,24.00,100,10,0.00,10,4.79,7.16,5.49,99.90
327429,0.00,0.00,2,14.51,13.44,10,14.57,185,0.22,0.22,1906,0.00,0.99,3,0.5000,24.00,100,10,0.00,10,4.79,7.06,5.88,99.90
327534,0.00,0.00,2,14.51,13.60,10,14.57,185,0.22,0.23,1896,0.00,0.99,3,0.5000,24.00,100,10,0.00,10,4.79,7.06,5.49,99.90
327637,0.00,0.00,2,14.51,13.52,10,14.57,185,0.23,0.23,1872,0.00,0.99,3,0.5000,24.00,100,10,0.00,10,4.79,7.16,5.49,99.90
327741,0.00,0.00,2,14.51,13.68,10,14.57,185,0.23,0.22,1862,0.00,0.99,3,0.5000,24.00,100,11,0.00,10,4.79,6.97,5.49,99.90
327845,0.00,0.00,2,14.51,13.60,10,14.57,185,0.23,0.23,1867,0.00,0.99,3,0.5000,24.00,100,10,0.00,10,4.79,7.26,5.49,99.90
327949,0.00,0.00,2,14.51,13.60,10,14.57,185,0.23,0.24,1860,0.00,0.99,3,0.5000,24.00,100,10,0.00,10,4.79,7.06,5.49,99.90
328054,0.00,0.00,2,14.51,13.60,10,14.57,185,0.23,0.23,1832,0.00,0.99,3,0.5000,24.00,100,11,0.00,10,4.79,6.97,5.49,99.90
328157,0.00,0.00,2,14.51,13.60,10,14.57,185,0.23,0.23,1824,0.00,0.99,3,0.5000,24.00,100,11,0.00,10,4.79,7.16,5.49,99.90
328261,0.00,0.00,2,14.51,13.60,10,14.57,185,0.23,0.23,1814,0.00,0.99,3,0.5000,24.00,100,11,0.00,10,4.79,7.26,5.49,99.90
328365,0.00,0.00,2,14.51,13.60,10,14.57,185,0.23,0.23,1818,0.00,0.99,3,0.5000,24.00,100,11,0.00,10,4.79,6.97,5.49,99.90
328469,0.00,0.00,2,14.51,13.52,10,14.57,185,0.23,0.23,1809,0.00,0.99,3,0.5000,23.50,100,11,0.00,10,4.79,6.97,5.49,99.90
328574,0.00,0.00,2,14.51,13.68,10,14.57,185,0.23,0.23,1799,0.00,0.99,3,0.5000,24.00,100,12,0.00,10,4.79,6.92,5.49,99.90
328678,0.00,0.00,2,14.51,13.68,10,14.57,185,0.23,0.24,1788,0.00,0.99,3,0.5000,23.50,100,11,0.00,10,4.79,6.97,5.49,99.90
328781,0.00,0.00,2,14.51,13.52,10,14.57,185,0.23,0.23,1778,0.00,0.99,3,0.5000,23.50,100,12,0.00,10,4.79,6.82,5.49,99.90
328885,0.00,0.00,2,14.51,13.60,10,14.57,185,0.23,0.24,1751,0.00,0.99,3,0.5000,23.00,100,12,0.00,10,4.79,6.92,5.49,99.90
328990,0.00,0.00,2,14.51,13.52,10,14.57,185,0.24,0.24,1738,0.00,0.99,3,0.5000,23.00,100,12,0.00,10,4.79,6.82,5.49,99.90
329093,0.00,0.00,2,14.51,13.60,10,14.57,185,0.24,0.24,1726,0.00,0.99,3,0.5000,22.50,100,12,0.00,10,4.79,6.87,5.49,99.90
329198,0.00,0.00,2,14.51,13.52,10,14.57,185,0.24,0.24,1715,0.00,0.99,3,0.5000,22.50,100,12,0.00,10,4.79,6.82,5.49,99.90
329302,0.00,0.00,2,14.51,13.68,10,14.57,185,0.24,0.24,1703,0.00,0.99,3,0.5000,22.50,100,12,0.00,10,4.79,6.68,5.10,99.90
329406,0.00,0.00,2,14.51,13.60,10,14.57,185,0.24,0.24,1695,0.00,0.99,3,0.5000,22.00,100,12,0.00,10,4.79,6.87,5.10,99.90
329510,0.00,0.00,2,14.51,13.52,10,14.57,185,0.24,0.24,1702,0.00,0.99,3,0.5000,22.00,100,12,0.00,10,4.93,6.92,5.10,99.90
329614,0.00,0.00,2,14.51,13.60,10,14.57,185,0.24,0.24,1687,0.00,0.99,3,0.5000,21.50,100,12,0.00,10,4.93,6.73,5.10,99.90
329718,0.00,0.00,2,14.51,13.60,10,14.57,185,0.25,0.25,1674,0.00,0.99,3,0.5000,21.00,100,13,0.00,10,4.93,6.97,5.10,99.90
329822,0.00,0.00,2,14.51,13.68,10,14.57,185,0.25,0.25,1662,0.00,0.99,3,0.5000,21.00,100,12,0.00,10,4.93,6.97,5.10,99.90
329926,0.00,0.00,2,14.51,13.52,10,14.57,185,0.25,0.25,1639,0.00,0.99,3,0.5000,20.50,100,13,0.00,10,4.93,6.87,5.10,99.90
330030,0.00,0.00,2,14.51,13.52,10,14.57,185,0.25,0.25,1630,0.00,0.99,3,0.5000,21.00,100,12,0.00,10,4.93,6.77,5.10,99.90
330134,0.00,0.00,2,14.51,13.60,10,14.57,185,0.25,0.25,1620,0.00,0.99,3,0.5000,20.50,100,13,0.00,10,5.08,6.68,5.10,99.90
330238,0.00,0.00,2,14.51,13.60,10,14.57,185,0.25,0.25,1624,0.00,0.99,3,0.5000,20.50,100,13,0.00,10,5.08,6.58,5.10,99.90
330342,0.00,0.00,2,14.51,13.68,10,14.57,185,0.25,0.24,1612,0.00,0.99,3,0.5000,20.00,100,13,0.00,10,5.08,6.53,5.10,99.90
330446,0.00,0.00,2,14.51,13.60,10,14.58,185,0.25,0.25,1602,0.00,0.99,3,0.5000,20.00,100,13,0.00,10,5.08,6.58,5.10,99.90
330551,0.00,0.00,2,14.51,13.52,10,14.58,185,0.25,0.24,1580,0.00,0.97,3,0.5000,23.00,100,13,0.00,10,5.08,6.49,5.49,99.90
330654,0.00,0.00,2,14.51,13.60,10,14.57,185,0.25,0.25,1638,0.00,0.97,3,0.5000,27.50,100,13,0.00,10,5.22,6.97,6.67,99.90
330758,0.00,0.00,2,14.51,13.60,10,14.57,185,0.26,0.28,1758,0.00,0.97,3,0.5000,30.00,100,12,0.00,10,5.51,8.49,7.45,99.90
330862,0.00,0.00,2,14.51,13.68,10,14.57,185,0.28,0.30,1790,0.00,0.97,3,0.5000,31.00,100,13,0.00,10,5.80,9.19,7.84,96.00
330966,0.00,0.00,2,14.51,13.52,10,14.56,185,0.29,0.30,1824,0.00,0.96,3,0.5000,32.50,100,12,0.00,10,6.24,9.52,8.24,33.60
331071,0.00,0.00,2,14.51,13.44,10,14.56,185,0.31,0.32,1861,0.00,0.96,3,0.5000,33.00,100,13,0.00,10,6.38,9.90,8.63,22.40
331174,0.00,0.00,3,14.51,13.52,10,14.56,185,0.32,0.33,1862,0.00,0.96,3,0.5000,33.00,100,13,0.00,10,6.53,10.04,8.63,18.80
331278,0.00,0.00,3,14.51,13.68,10,14.56,185,0.32,0.33,1852,0.00,0.96,3,0.5000,33.00,100,13,0.00,10,6.67,10.09,8.24,16.70
331382,0.00,0.00,3,14.51,13.60,10,14.56,185,0.33,0.33,1849,0.00,0.96,3,0.5000,33.50,100,13,0.00,10,6.53,10.09,8.24,16.30
331486,0.00,2.34,2,14.51,13.60,8,14.56,185,0.32,0.32,1858,0.00,0.99,3,0.5000,33.50,100,13,0.00,10,6.53,9.91,8.24,15.80
331590,0.78,2.34,2,14.51,13.52,8,14.56,185,0.32,0.32,1863,0.00,0.99,3,0.5000,33.00,100,13,0.00,10,6.53,10.25,8.24,15.10
331694,0.00,2.34,3,14.51,13.60,8,14.56,185,0.33,0.33,1848,0.00,0.99,3,0.5000,33.50,100,13,0.00,10,6.53,10.03,8.24,15.00
331798,0.00,2.34,3,14.51,13.60,8,14.56,185,0.33,0.33,1850,0.00,0.99,3,0.5000,33.50,100,13,0.00,10,6.53,9.99,8.24,14.20
331903,-0.78,2.34,2,14.51,13.60,8,14.56,185,0.32,0.32,1834,0.00,0.99,3,0.5000,33.00,100,14,0.00,10,6.53,9.83,7.84,14.20
332006,-1.56,2.34,2,14.51,13.60,8,14.56,185,0.32,0.32,1830,0.00,0.99,3,0.5000,33.00,100,14,0.00,10,6.53,9.98,7.84,14.30
332110,-2.34,0.00,2,14.51,13.52,8,14.56,185,0.32,0.32,1844,0.00,0.99,3,0.5000,33.00,100,14,0.00,10,6.38,9.66,6.67,14.30
332214,-2.34,0.00,2,14.51,13.52,8,14.56,185,0.30,0.28,1842,0.00,0.99,3,0.5000,30.50,100,14,0.00,10,5.80,8.19,5.49,14.30
332318,-2.34,0.00,2,14.51,13.68,8,14.56,185,0.27,0.24,1806,0.00,1.07,3,0.5000,27.50,100,14,0.00,10,5.22,6.87,5.49,14.20
332422,-3.91,0.00,2,14.51,13.68,8,14.57,185,0.25,0.24,1766,0.00,1.00,3,0.5000,25.50,100,14,0.00,10,4.93,6.77,5.49,14.10
332526,-5.47,0.00,2,14.51,13.60,8,14.57,185,0.24,0.23,1732,0.00,1.00,3,0.5000,23.00,100,14,0.00,10,4.93,6.63,5.49,13.80
332631,0.00,0.00,2,14.51,13.52,10,14.57,185,0.24,0.23,1683,0.00,1.00,3,0.5000,21.00,100,14,0.00,10,4.93,6.39,5.10,13.60
332734,0.00,0.00,2,14.51,13.60,10,14.57,185,0.23,0.23,1641,0.00,1.00,3,0.5000,20.50,100,15,0.00,10,4.93,6.20,5.10,13.70
332838,0.00,0.00,2,14.51,13.60,10,14.57,185,0.23,0.23,1622,0.00,1.00,3,0.5000,20.00,100,14,0.00,10,4.93,6.20,5.10,14.30
332943,0.00,0.00,2,14.51,13.60,10,14.58,185,0.23,0.23,1602,0.00,0.99,3,0.5000,20.00,100,15,0.00,10,4.93,6.10,5.10,18.80
333047,0.00,0.00,2,14.51,13.52,10,14.58,185,0.23,0.24,1532,0.00,0.99,3,0.5000,19.00,100,15,0.00,10,5.08,6.10,5.10,16.50
333150,0.00,0.00,2,14.51,13.68,10,14.58,185,0.24,0.24,1496,0.00,0.99,3,0.5000,18.50,100,15,0.00,10,5.22,6.03,5.10,18.20
333254,0.00,0.00,2,14.51,13.60,10,14.58,185,0.24,0.25,1449,0.00,0.99,3,0.5000,18.50,100,15,0.00,10,5.37,6.00,4.71,20.10
333358,0.00,0.00,2,14.51,13.60,10,14.59,185,0.25,0.25,1440,0.00,0.99,3,0.5000,18.00,100,15,0.00,10,5.37,5.97,4.71,23.40
333462,0.00,0.00,2,14.51,13.60,10,14.59,185,0.25,0.25,1412,0.00,0.99,3,0.5000,18.00,100,15,0.00,10,5.37,5.92,4.71,28.40
333567,0.00,0.00,2,14.51,13.60,10,14.59,185,0.25,0.25,1408,0.00,1.00,3,0.5000,18.00,100,15,0.00,10,5.51,5.89,4.71,34.60
333670,0.00,0.00,2,14.51,13.68,10,14.59,185,0.25,0.25,1396,0.00,1.00,3,0.5000,18.00,100,14,0.00,10,5.51,5.84,4.71,50.10
333775,0.00,0.00,2,14.51,13.60,10,14.59,185,0.25,0.26,1370,0.00,1.00,3,0.5000,18.00,100,15,0.00,10,5.51,5.92,4.71,69.00
333878,0.00,0.00,2,14.51,13.68,10,14.59,185,0.26,0.26,1368,0.00,1.00,3,0.5000,17.50,100,15,0.00,10,5.51,5.89,4.71,79.70
333982,0.00,0.00,2,14.51,13.60,10,14.59,185,0.26,0.27,1345,0.00,1.00,3,0.5000,17.50,100,15,0.00,10,5.51,5.84,4.71,96.00
334086,0.00,0.00,2,14.51,13.60,10,14.59,185,0.26,0.26,1335,0.00,1.00,3,0.5000,17.50,100,14,0.00,10,5.51,5.71,4.71,96.00
334190,0.00,0.00,2,14.51,12.80,10,14.59,185,0.26,0.26,1332,0.00,1.00,3,0.5000,17.50,100,14,0.00,10,5.51,5.71,4.71,96.00
334295,0.00,0.00,2,14.51,13.52,10,14.60,185,0.26,0.27,1302,0.00,1.00,3,0.5000,17.50,100,14,0.00,10,5.51,5.82,4.71,96.00
334398,0.00,0.00,2,14.51,13.60,10,14.60,185,0.26,0.27,1272,0.00,1.00,3,0.5000,17.00,100,12,0.00,10,5.66,5.76,4.71,96.00
334503,0.00,0.00,2,14.51,13.52,10,14.60,185,0.27,0.27,1250,0.00,1.00,3,0.5000,17.00,100,4,0.00,10,5.66,5.71,4.71,99.90
334606,0.00,0.00,2,14.51,13.68,10,14.60,185,0.27,0.27,1232,0.00,1.00,3,0.5000,17.00,100,0,0.00,10,5.66,5.60,4.31,99.90
334711,0.00,0.00,2,14.51,13.68,10,14.60,185,0.27,0.28,1204,0.00,1.00,3,0.5000,17.00,100,0,0.00,10,5.66,5.58,4.31,99.90
334815,0.00,0.00,1,14.51,13.68,10,14.61,185,0.28,0.28,1170,0.00,1.00,3,0.5000,17.00,100,0,0.00,10,5.80,5.53,4.31,99.90
334919,0.00,0.00,1,14.51,13.60,10,14.62,185,0.28,0.29,1127,0.00,1.00,3,0.5000,17.00,100,0,0.00,10,5.95,5.39,4.31,99.90
335023,0.00,-2.34,1,14.51,13.60,10,14.63,185,0.29,0.30,1078,0.00,1.00,3,0.5000,22.00,100,0,0.00,10,5.95,5.39,4.31,99.90
335127,0.00,-2.34,1,14.51,13.60,10,14.64,185,0.29,0.30,1052,0.00,1.00,3,0.5000,17.00,100,0,0.00,10,5.95,5.29,3.92,99.90
335231,0.00,-2.34,1,14.51,13.60,10,14.62,185,0.28,0.26,1152,0.00,1.00,3,0.5000,17.00,100,0,0.00,10,5.80,5.13,3.92,99.90
335335,0.00,-2.34,1,14.51,13.60,10,14.60,185,0.26,0.24,1267,0.00,1.00,3,0.5000,17.50,100,0,0.00,10,5.51,5.03,4.71,99.90
335439,0.00,-2.34,1,14.51,13.60,10,14.60,185,0.25,0.23,1275,0.00,1.00,3,0.5000,17.00,100,0,0.00,10,5.51,5.18,4.71,96.00
335543,0.00,-2.34,1,14.51,13.60,10,14.60,185,0.25,0.26,1252,0.00,1.00,3,0.5000,17.00,100,0,0.00,10,5.51,5.23,4.71,62.50
335646,0.00,-2.34,1,14.51,13.60,10,14.60,185,0.25,0.26,1214,0.00,1.00,3,0.5000,17.00,100,0,0.00,10,5.51,5.31,4.71,31.50
335751,0.00,-2.34,1,14.51,13.68,10,14.60,185,0.26,0.27,1180,0.00,1.00,3,0.5000,17.00,100,0,0.00,10,5.66,5.29,4.31,23.40
335855,0.00,-2.34,1,14.51,13.68,10,14.61,185,0.26,0.27,1174,0.00,1.00,3,0.5000,17.00,100,0,0.00,10,5.66,5.29,4.31,20.10
335959,0.00,-2.34,1,14.51,13.20,10,14.62,185,0.27,0.28,1134,0.00,1.00,3,0.5000,20.00,100,0,0.00,10,5.66,5.18,4.71,18.80
336063,0.00,-2.34,1,14.51,13.28,10,14.62,185,0.27,0.28,1142,0.00,1.00,3,0.5000,20.00,100,0,0.00,10,5.95,5.31,4.71,17.80
336167,0.00,-2.34,1,14.51,13.68,8,14.62,185,0.28,0.29,1115,0.00,1.00,3,0.5000,21.50,100,0,0.00,10,6.09,5.34,5.10,16.70
336271,-0.78,-2.34,1,14.51,13.60,8,14.62,185,0.28,0.30,1116,0.00,1.00,3,0.5000,20.00,100,0,0.00,10,6.24,5.66,5.10,16.40
336375,-1.56,-2.34,2,14.51,13.60,8,14.62,185,0.29,0.31,1131,0.00,1.00,3,0.5000,20.50,100,0,0.00,10,6.38,5.74,5.10,15.90
336479,-1.56,-2.34,2,14.51,13.52,8,14.63,185,0.30,0.31,1094,0.00,1.00,3,0.5000,21.00,100,0,0.00,10,6.53,5.63,5.10,15.10
336583,-1.56,0.00,1,14.51,13.60,8,14.63,185,0.30,0.31,1095,0.00,1.00,3,0.5000,18.50,100,0,0.00,10,6.96,5.60,7.45,15.10
336686,-0.78,0.00,2,14.51,13.52,8,14.63,185,0.34,0.40,1095,0.00,0.81,3,0.5000,22.00,100,0,0.00,10,8.56,8.41,12.16,14.60
336790,-2.34,0.00,3,14.51,13.76,8,14.62,185,0.43,0.57,1155,0.00,0.75,3,0.5000,27.50,100,0,0.00,10,10.88,11.75,13.33,14.70
336895,-9.38,0.00,3,14.51,13.60,8,14.60,185,0.50,0.59,1296,0.00,0.85,3,0.5000,32.00,100,0,0.00,10,11.46,12.80,13.73,13.70
336999,-5.47,0.00,3,14.51,13.52,8,14.59,185,0.53,0.56,1376,0.00,0.97,3,0.5000,34.50,100,0,0.00,10,11.75,12.82,13.73,14.20
337103,4.69,2.34,3,14.51,13.44,8,14.59,185,0.54,0.54,1402,0.00,0.98,3,0.5000,35.50,100,0,0.00,10,11.75,12.77,13.73,15.60
337207,10.94,2.34,3,14.51,13.52,8,14.59,185,0.54,0.54,1462,0.00,0.98,3,0.5000,37.00,100,0,0.00,10,11.61,13.16,14.51,16.60
337311,9.38,2.34,3,14.51,13.52,8,14.58,185,0.54,0.54,1532,0.00,0.98,3,0.5000,39.00,100,0,0.00,10,11.75,14.08,14.51,16.30
337415,7.81,2.34,3,14.51,13.60,8,14.58,185,0.54,0.55,1562,0.00,0.98,3,0.5000,39.50,100,0,0.00,10,11.75,14.43,14.51,15.20
337519,8.59,2.34,3,14.51,13.68,8,14.58,185,0.55,0.55,1587,0.00,0.98,3,0.5000,40.50,100,0,0.00,10,11.75,14.80,14.51,14.90
337622,10.16,2.34,3,14.51,13.52,8,14.58,185,0.55,0.56,1612,0.00,0.98,3,0.5000,40.50,100,0,0.00,10,11.75,15.09,14.51,14.90
337727,10.16,2.34,3,14.51,13.52,8,14.58,185,0.56,0.56,1621,0.00,0.98,3,0.5000,40.50,100,0,0.00,10,11.75,15.33,14.51,14.80
337831,9.38,2.34,3,14.51,13.44,8,14.58,185,0.57,0.57,1615,0.00,0.99,3,0.5000,40.50,100,0,0.00,10,11.75,15.79,14.51,15.40
337935,8.59,2.34,3,14.51,13.60,8,14.58,185,0.57,0.57,1624,0.00,0.99,3,0.5000,40.00,100,0,0.00,10,11.61,15.61,14.51,14.40
338039,8.59,2.34,3,14.51,13.68,8,14.58,185,0.58,0.59,1630,0.00,0.99,3,0.5000,40.00,100,0,0.50,10,11.75,16.04,15.29,14.40
338143,7.81,2.34,3,14.51,13.60,8,14.58,185,0.59,0.62,1650,0.00,0.99,3,0.5000,39.50,100,0,0.50,10,11.90,16.55,15.69,14.40
338247,7.81,2.34,3,14.51,13.52,8,14.58,185,0.60,0.61,1665,0.00,0.99,3,0.5000,39.00,100,0,0.50,10,12.19,17.50,17.65,14.30
338351,7.81,2.34,3,14.51,13.44,8,14.58,185,0.63,0.67,1689,0.00,0.95,3,0.5000,38.50,100,0,1.00,10,12.77,18.74,19.22,14.40
338455,9.38,2.34,3,14.51,13.52,8,14.58,185,0.67,0.69,1732,0.00,0.98,3,0.5000,38.00,100,0,1.00,10,13.20,20.31,20.39,14.50
338559,9.38,2.34,3,14.51,13.52,8,14.58,185,0.68,0.68,1781,0.00,0.98,3,0.5000,38.00,100,0,0.50,10,13.20,20.50,20.39,15.20
338663,8.59,2.34,3,14.51,13.44,8,14.57,185,0.69,0.69,1820,0.00,0.98,3,0.5000,38.00,100,0,0.50,10,13.20,21.37,20.39,14.50
338767,7.81,2.34,3,14.51,13.36,8,14.57,185,0.70,0.71,1842,0.00,0.98,3,0.5000,38.00,100,0,0.50,10,13.20,21.70,20.39,14.50
338871,7.81,2.34,3,14.51,13.36,8,14.57,185,0.70,0.70,1842,0.00,0.98,3,0.5000,38.00,100,0,0.50,10,13.20,21.69,20.39,14.40
338975,7.03,2.34,3,14.51,13.04,8,14.57,185,0.70,0.71,1853,0.00,0.99,3,0.5000,38.00,100,0,0.50,10,13.20,22.36,20.39,14.30
339079,6.25,2.34,3,14.51,12.88,8,14.57,185,0.71,0.72,1871,0.00,0.99,3,0.5000,37.50,100,0,0.50,10,13.35,22.13,20.39,14.20
339183,6.25,2.34,3,14.51,13.52,8,14.57,185,0.72,0.74,1868,0.00,0.99,3,0.5000,37.50,100,0,1.00,10,13.35,22.82,20.39,14.30
339287,5.47,2.34,3,14.51,13.44,8,14.57,185,0.73,0.74,1848,0.00,0.99,3,0.5000,37.50,100,0,1.00,10,13.49,22.93,21.96,14.20
339390,5.47,2.34,3,14.51,13.44,8,14.57,185,0.74,0.75,1855,0.00,0.99,3,0.5000,37.50,100,0,1.00,10,13.78,23.58,22.35,14.20
339495,5.47,2.34,3,14.51,13.52,8,14.57,185,0.76,0.77,1890,0.00,0.99,3,0.5000,37.00,100,0,1.00,10,13.78,23.89,22.75,14.40
339599,5.47,2.34,3,14.51,13.52,8,14.57,185,0.76,0.78,1907,0.00,0.99,3,0.5000,37.50,100,0,1.00,10,13.78,24.60,22.75,14.40
339703,3.91,2.34,3,14.51,13.52,8,14.57,185,0.77,0.77,1908,0.00,0.99,3,0.5000,37.50,100,0,1.00,10,13.93,24.48,23.14,14.30
339807,3.91,2.34,3,14.51,13.36,8,14.57,185,0.77,0.77,1922,0.00,0.99,3,0.5000,37.50,100,0,1.00,10,13.93,24.58,22.75,14.30
339911,3.91,2.34,3,14.51,13.44,8,14.57,185,0.77,0.77,1945,0.00,0.99,3,0.5000,37.50,100,0,1.00,10,13.93,25.06,22.35,14.30
340015,3.91,2.34,3,14.51,13.52,8,14.57,185,0.77,0.78,1932,0.00,0.99,3,0.5000,37.00,99,0,1.00,10,13.93,25.06,22.35,14.40
340119,3.12,2.34,3,14.51,13.44,8,14.57,185,0.77,0.77,1955,0.00,0.99,3,0.5000,37.00,99,0,1.00,10,13.78,25.06,21.57,14.40
340223,2.34,2.34,3,14.51,13.52,8,14.56,185,0.77,0.77,1959,0.00,0.99,3,0.5000,37.50,99,0,1.00,10,13.78,25.31,21.57,14.40
340327,2.34,2.34,3,14.51,13.36,8,14.57,185,0.78,0.79,1947,0.00,0.99,3,0.5000,37.00,99,0,1.00,10,13.78,25.79,21.57,14.30
340431,1.56,2.34,3,14.51,13.60,8,14.57,185,0.78,0.78,1968,0.00,0.99,3,0.5000,37.50,99,0,1.00,10,13.93,25.77,21.57,14.30
340535,0.78,2.34,3,14.51,13.52,8,14.56,185,0.79,0.80,1957,0.00,0.99,3,0.5000,37.00,99,0,1.00,10,13.78,25.90,21.57,14.30
340639,0.78,2.34,3,14.51,13.44,8,14.56,185,0.78,0.78,1978,0.00,0.99,3,0.5000,37.00,99,0,1.00,10,13.78,25.78,21.18,14.30
340743,0.00,2.34,3,14.51,13.52,8,14.56,185,0.78,0.79,1978,0.00,0.99,3,0.5000,37.50,99,0,1.00,10,13.78,25.90,21.57,14.30
340847,0.00,2.34,3,14.51,13.44,8,14.56,185,0.79,0.78,1966,0.00,0.99,3,0.5000,37.00,99,0,1.50,10,13.78,26.25,21.57,14.40
340952,0.00,2.34,3,14.51,13.52,8,14.56,185,0.79,0.80,1986,0.00,0.99,3,0.5000,37.00,99,0,1.00,10,13.78,26.01,21.57,14.40
341055,-0.78,2.34,3,14.51,13.60,8,14.56,185,0.79,0.80,1976,0.00,0.99,3,0.5000,37.00,99,0,1.00,10,13.78,25.89,20.78,14.40
341159,-0.78,2.34,3,14.51,13.44,8,14.56,185,0.78,0.77,1997,0.00,0.99,3,0.5000,37.50,99,0,1.00,10,13.64,25.56,20.78,14.30
341263,-1.56,2.34,3,14.51,13.52,8,14.56,185,0.78,0.78,1981,0.00,0.99,3,0.5000,37.50,99,0,1.00,10,13.64,25.57,20.39,14.30
341367,-0.78,2.34,3,14.51,13.44,8,14.56,185,0.78,0.78,1993,0.00,0.99,3,0.5000,37.50,99,0,1.00,10,13.49,25.47,19.61,14.30
341471,-1.56,2.34,3,14.51,13.52,8,14.56,185,0.77,0.77,1977,0.00,0.99,3,0.5000,37.50,99,0,1.00,10,13.20,24.91,18.04,14.50
341575,-3.12,2.34,3,14.51,13.60,8,14.56,185,0.75,0.73,1974,0.00,0.99,3,0.5000,38.00,99,0,0.50,10,12.91,24.00,17.65,14.30
341679,-3.91,2.34,3,14.51,13.44,8,14.56,185,0.74,0.74,1973,0.00,1.00,3,0.5000,38.00,99,0,0.50,10,12.91,24.39,18.04,14.10
341783,-3.91,2.34,3,14.51,13.44,8,14.56,185,0.74,0.74,1949,0.00,1.00,3,0.5000,37.50,99,0,1.00,10,12.91,24.50,18.04,14.10
341887,-3.91,2.34,3,14.51,13.44,8,14.56,185,0.74,0.73,1965,0.00,1.00,3,0.5000,38.00,99,0,0.50,10,12.91,24.04,17.65,14.40
341991,-3.91,2.34,3,14.51,13.52,8,14.56,185,0.74,0.74,1952,0.00,1.00,3,0.5000,38.00,99,0,0.50,10,12.62,23.81,16.08,14.40
342095,-4.69,2.34,3,14.51,13.44,8,14.56,185,0.70,0.67,1948,0.00,1.04,3,0.5000,38.50,99,0,0.00,10,11.61,21.18,13.33,14.40
342199,-7.03,2.34,3,14.51,13.52,8,14.57,185,0.64,0.58,1928,0.00,1.09,3,0.5000,40.50,99,1,0.00,10,10.01,16.73,8.63,14.00
342303,-10.16,2.34,3,14.51,13.44,8,14.58,185,0.54,0.47,1828,0.00,1.14,3,0.5000,41.00,99,0,0.00,10,8.56,13.14,7.45,13.60
342407,-12.50,2.34,3,14.51,13.52,8,14.58,185,0.47,0.41,1726,0.00,1.12,3,0.5000,34.00,99,1,0.00,10,7.40,11.43,6.27,13.10
342511,-14.84,2.34,3,14.51,13.60,8,14.57,185,0.43,0.38,1654,0.00,1.08,3,0.5000,28.50,99,0,0.00,10,6.67,10.37,5.88,12.90
342615,-17.19,2.34,3,14.51,13.52,8,14.57,185,0.40,0.37,1621,0.00,1.00,3,0.5000,25.00,99,0,0.00,10,6.38,9.95,5.88,12.80
342719,-19.53,2.34,2,14.51,13.52,8,14.58,185,0.39,0.37,1598,0.00,1.00,3,0.5000,21.50,99,1,0.00,10,6.24,9.76,5.88,12.60
342823,0.00,2.34,2,14.51,13.44,10,14.58,185,0.38,0.39,1529,0.00,1.00,3,0.5000,19.00,99,0,0.00,10,6.09,9.52,5.88,12.60
342927,0.00,0.00,2,14.51,12.96,10,14.59,185,0.38,0.38,1459,0.00,1.00,3,0.5000,18.50,99,0,0.00,10,6.24,9.15,5.88,12.60
343031,0.00,0.00,2,14.51,13.36,10,14.59,185,0.38,0.37,1418,0.00,1.00,3,0.5000,18.00,99,1,0.00,10,6.38,8.65,5.49,13.10
343136,0.00,0.00,2,14.51,13.52,10,14.59,185,0.38,0.38,1394,0.00,1.00,3,0.5000,17.50,99,1,0.00,10,6.53,8.49,5.88,13.80
343240,0.00,0.00,2,14.51,13.60,10,14.60,185,0.39,0.41,1278,0.00,1.00,3,0.5000,17.00,99,0,0.00,10,6.67,8.49,5.49,14.30
343343,0.00,0.00,2,14.51,13.52,10,14.61,185,0.41,0.43,1154,0.00,1.00,3,0.5000,22.00,99,0,0.00,10,6.96,8.24,5.10,17.40
343447,0.00,0.00,2,14.51,13.52,10,14.63,185,0.42,0.44,1098,0.00,1.00,3,0.5000,21.50,99,0,0.00,10,7.11,7.89,5.10,17.00
343551,0.00,0.00,2,14.51,13.60,10,14.61,185,0.41,0.38,1145,0.00,1.00,3,0.5000,17.50,99,0,0.00,10,6.96,7.50,5.10,19.60
343655,0.00,0.00,2,14.51,13.60,10,14.60,185,0.38,0.34,1320,0.00,1.07,3,0.5000,17.50,99,0,0.00,10,6.67,7.60,5.49,29.30
343759,0.00,0.00,2,14.51,13.60,10,14.59,185,0.35,0.32,1420,0.00,1.00,3,0.5000,18.50,99,0,0.00,10,6.53,7.74,5.88,21.40
343863,0.00,0.00,2,14.51,13.44,10,14.59,185,0.34,0.33,1438,0.00,1.00,3,0.5000,18.00,99,0,0.00,10,6.38,7.79,5.88,13.00
343967,0.00,0.00,2,14.51,13.44,10,14.59,185,0.34,0.33,1412,0.00,1.00,3,0.5000,18.00,99,0,0.00,10,6.38,7.69,5.88,12.20
344071,-1.56,0.00,2,14.51,13.52,8,14.59,185,0.33,0.33,1396,0.00,1.00,3,0.5000,18.00,99,0,0.00,10,6.24,7.60,5.88,12.20
344176,-4.69,0.00,2,14.51,13.52,8,14.59,185,0.34,0.34,1358,0.00,1.00,3,0.5000,17.50,99,0,0.00,10,6.24,7.64,5.88,12.30
344279,-8.59,0.00,2,14.51,13.52,8,14.59,185,0.34,0.34,1340,0.00,1.00,3,0.5000,17.50,99,0,0.00,10,6.24,7.50,5.49,12.30
344383,-10.16,0.00,2,14.51,13.44,8,14.60,185,0.34,0.34,1313,0.00,1.00,3,0.5000,17.50,100,0,0.00,10,6.24,7.26,5.49,12.50
344487,-10.94,0.00,2,14.51,13.60,8,14.60,185,0.34,0.34,1267,0.00,1.00,3,0.5000,17.00,100,0,0.00,10,6.24,7.06,5.49,12.50
344591,-11.72,0.00,2,14.51,13.60,8,14.60,185,0.34,0.34,1230,0.00,1.00,3,0.5000,17.00,100,0,0.00,10,6.38,6.92,5.49,12.70
344695,-12.50,0.00,2,14.51,13.52,8,14.60,185,0.34,0.35,1203,0.00,1.00,3,0.5000,17.00,100,0,0.00,10,6.38,7.02,5.10,12.90
344799,-13.28,0.00,2,14.51,13.60,8,14.61,185,0.34,0.34,1169,0.00,1.00,3,0.5000,17.00,100,0,0.00,10,6.53,6.49,5.10,13.10
344904,-13.28,0.00,2,14.51,13.36,8,14.62,185,0.34,0.35,1140,0.00,1.00,3,0.5000,22.00,100,0,0.00,10,6.67,6.87,5.10,13.20
345007,-14.06,0.00,2,14.51,13.52,8,14.62,185,0.35,0.35,1120,0.00,1.00,3,0.5000,22.00,100,0,0.00,10,6.67,6.49,5.10,13.40
345111,-14.06,0.00,2,14.51,13.52,8,14.62,185,0.35,0.35,1110,0.00,1.00,3,0.5000,22.00,100,0,0.00,10,6.67,6.49,5.10,13.60
345215,-14.84,0.00,2,14.51,13.60,8,14.63,185,0.35,0.35,1102,0.00,1.00,3,0.5000,22.00,100,0,0.00,10,6.82,6.39,5.10,13.70
345320,-14.84,0.00,2,14.51,13.60,8,14.63,185,0.35,0.36,1078,0.00,1.00,3,0.5000,22.00,100,0,0.00,10,6.82,6.29,5.10,13.80
345423,-14.84,0.00,2,14.51,13.44,8,14.63,185,0.35,0.35,1066,0.00,1.00,3,0.5000,22.00,100,0,0.00,10,6.96,6.25,5.10,13.90
345527,-14.84,0.00,2,14.51,13.52,8,14.64,185,0.35,0.36,1046,0.00,1.00,3,0.5000,22.00,100,0,0.00,10,6.96,6.15,5.10,14.00
345632,-15.62,0.00,2,14.51,13.52,8,14.64,185,0.35,0.35,1030,0.00,1.00,3,0.5000,22.00,100,0,0.00,10,7.11,5.97,4.71,14.00
345735,-15.62,0.00,2,14.51,13.60,8,14.65,185,0.35,0.36,1006,0.00,1.00,3,0.5000,22.00,100,0,0.00,10,7.11,5.97,4.71,14.00
345840,-15.62,0.00,2,14.51,13.52,8,14.65,185,0.35,0.36,984,0.00,1.00,3,0.5000,22.00,100,0,0.00,10,7.25,5.95,5.10,14.20
345944,-14.84,0.00,2,14.51,13.52,8,14.65,185,0.36,0.38,978,0.00,1.00,3,0.5000,22.00,100,0,0.00,10,7.40,6.10,5.10,14.30
346047,-14.84,0.00,2,14.51,13.52,8,14.66,185,0.37,0.39,947,0.00,1.00,3,0.5000,22.00,100,0,0.00,10,7.69,6.15,5.10,14.40
346151,-14.84,0.00,2,14.51,13.52,8,14.66,185,0.38,0.39,933,0.00,1.00,3,0.5000,22.00,100,0,0.00,10,7.84,6.20,5.10,14.40
346256,-14.84,0.00,2,14.51,13.60,8,14.66,185,0.38,0.39,936,0.00,1.00,3,0.5000,22.00,100,0,0.00,10,7.98,5.97,5.10,14.50
346359,-14.06,0.00,2,14.51,13.52,8,14.66,185,0.38,0.38,936,0.00,1.00,3,0.5000,22.00,100,0,0.00,10,7.98,5.92,5.10,14.30
346464,-13.28,0.00,2,14.51,13.60,8,14.66,185,0.38,0.39,944,0.00,1.00,3,0.5000,22.00,102,0,0.00,10,8.13,6.00,5.10,15.50
346568,-12.50,0.00,2,14.51,13.52,8,14.66,185,0.38,0.37,953,0.00,1.00,3,0.5000,21.50,102,0,0.00,10,8.13,5.84,5.10,15.00
346671,-12.50,0.00,2,14.51,13.52,8,14.66,185,0.38,0.37,941,0.00,1.00,3,0.5000,20.50,102,0,0.00,10,8.13,5.95,5.10,14.90
346776,-11.72,0.00,2,14.51,13.60,8,14.66,185,0.38,0.38,945,0.00,1.00,3,0.5000,20.00,102,0,0.00,10,8.13,5.89,5.10,15.20
346880,-10.94,0.00,2,14.51,13.60,8,14.66,185,0.37,0.38,944,0.00,1.00,3,0.5000,20.00,102,0,0.00,10,8.13,5.92,5.10,15.40
346984,-10.94,0.00,2,14.51,13.44,8,14.66,185,0.38,0.38,941,0.00,1.00,3,0.5000,20.00,102,0,0.00,10,8.13,5.97,5.10,15.40
347088,-10.16,0.00,2,14.51,13.44,8,14.66,185,0.38,0.37,945,0.00,1.00,3,0.5000,19.00,102,0,0.00,10,8.13,5.87,5.10,15.40
347191,-10.16,0.00,2,14.51,13.52,8,14.66,185,0.38,0.39,940,0.00,1.00,3,0.5000,18.50,102,0,0.00,10,8.13,5.95,5.10,15.40
347295,-9.38,0.00,2,14.51,13.60,8,14.66,185,0.38,0.38,938,0.00,1.00,3,0.5000,19.00,102,0,0.00,10,8.13,5.97,5.10,15.40
347400,-9.38,0.00,2,14.51,13.52,8,14.66,185,0.38,0.37,944,0.00,1.00,3,0.5000,17.00,102,0,0.00,10,8.27,5.81,5.10,15.50
347504,-8.59,0.00,2,14.51,13.60,8,14.66,185,0.38,0.38,947,0.00,1.00,3,0.5000,19.00,102,0,0.00,10,8.27,5.92,5.10,15.50
347608,-8.59,0.00,2,14.51,13.60,8,14.66,185,0.37,0.38,944,0.00,1.00,3,0.5000,17.50,102,0,0.00,10,8.27,5.87,5.10,15.40
347712,-7.81,0.00,2,14.51,13.52,8,14.66,185,0.37,0.37,955,0.00,1.00,3,0.5000,17.50,102,0,0.00,10,8.27,5.87,5.10,15.30
347816,-7.81,0.00,2,14.51,13.52,8,14.66,185,0.37,0.37,938,0.00,1.00,3,0.5000,17.50,102,0,0.00,10,8.27,5.79,5.10,15.30
347920,-7.81,0.00,2,14.51,13.52,8,14.66,185,0.37,0.37,936,0.00,1.00,3,0.5000,18.00,102,0,0.00,10,8.27,5.87,5.10,15.40
348024,-7.81,0.00,2,14.51,13.60,8,14.67,185,0.37,0.38,924,0.00,1.00,3,0.5000,19.00,102,0,0.00,10,8.27,5.81,5.10,15.10
348128,-7.03,0.00,2,14.51,13.60,8,14.66,185,0.38,0.38,928,0.00,1.00,3,0.5000,17.50,102,0,0.00,10,8.27,5.76,5.10,15.00
348232,-7.03,0.00,2,14.51,13.44,8,14.67,185,0.37,0.38,928,0.00,1.00,3,0.5000,18.00,102,0,0.00,10,8.27,5.74,5.10,15.10
348335,-7.03,0.00,2,14.51,13.52,8,14.67,185,0.37,0.38,915,0.00,1.00,3,0.5000,18.00,102,0,0.00,10,8.27,5.68,5.10,15.00
348440,-6.25,0.00,2,14.51,13.52,8,14.67,185,0.37,0.38,914,0.00,1.00,3,0.5000,18.50,104,0,0.00,10,8.42,5.71,5.10,15.20
348544,-6.25,0.00,2,14.51,13.60,8,14.67,185,0.37,0.38,900,0.00,1.00,3,0.5000,19.50,104,0,0.00,10,8.42,5.74,5.10,15.20
348647,-5.47,0.00,2,14.51,13.60,8,14.67,185,0.38,0.38,904,0.00,1.00,3,0.5000,19.00,104,0,0.00,10,8.42,5.76,5.10,15.10
348752,-5.47,0.00,2,14.51,13.52,8,14.67,185,0.38,0.39,889,0.00,1.00,3,0.5000,19.00,104,0,0.00,10,8.42,5.79,5.10,15.20
348856,-5.47,0.00,2,14.51,13.44,8,14.67,185,0.38,0.38,906,0.00,1.00,3,0.5000,17.00,104,0,0.00,10,8.42,5.84,5.10,15.10
348960,-4.69,0.00,2,14.51,13.52,8,14.66,185,0.37,0.36,953,0.00,1.00,3,0.5000,13.00,104,0,0.00,10,8.27,5.68,5.10,15.30
349064,-4.69,0.00,2,14.51,13.60,8,14.65,185,0.36,0.34,1000,0.00,1.00,3,0.5000,12.00,104,0,0.00,10,8.13,5.87,5.10,15.10
349168,-4.69,0.00,2,14.51,13.52,8,14.64,185,0.35,0.33,1041,0.00,1.00,3,0.5000,12.00,104,0,0.00,10,7.98,5.76,5.10,15.10
349272,-4.69,0.00,2,14.51,13.52,8,14.63,185,0.34,0.33,1076,0.00,1.00,3,0.5000,12.00,104,0,0.00,10,7.84,5.87,5.88,15.10
349376,-3.91,0.00,2,14.51,13.52,8,14.63,185,0.34,0.34,1081,0.00,1.00,3,0.5000,12.00,104,0,0.00,10,7.84,6.39,5.88,15.10
349481,-3.91,0.00,2,14.51,13.44,8,14.63,185,0.35,0.35,1080,0.00,1.00,3,0.5000,12.00,104,0,0.00,10,7.84,6.34,5.88,14.90
349584,-3.12,0.00,2,14.51,13.60,8,14.64,185,0.35,0.34,1059,0.00,1.00,3,0.5000,13.50,104,0,0.00,10,7.98,6.15,5.88,15.10
349688,-1.56,0.00,2,14.51,13.60,8,14.64,185,0.35,0.35,1036,0.00,1.00,2,0.5000,16.00,104,0,0.00,10,7.98,6.07,5.88,15.20
349792,-1.56,0.00,2,14.51,13.52,8,14.64,185,0.35,0.36,1016,0.00,1.00,2,0.5000,16.50,104,0,0.00,10,7.98,6.12,5.88,15.40
349896,-0.78,0.00,2,14.51,13.52,8,14.64,185,0.35,0.36,1023,0.00,1.00,2,0.5000,16.50,104,0,0.00,10,8.13,6.15,5.88,15.50
350000,0.00,0.00,2,14.51,13.52,8,14.65,185,0.36,0.37,996,0.00,1.00,2,0.5000,17.00,104,0,0.00,10,8.27,6.29,5.88,15.50
350104,0.00,0.00,2,14.51,13.60,8,14.65,185,0.37,0.39,976,0.00,1.00,2,0.5000,18.50,104,0,0.00,10,8.42,6.44,6.27,15.50
350208,0.00,0.00,2,14.51,13.52,8,14.65,185,0.39,0.42,958,0.00,1.00,2,0.5000,19.50,104,0,0.00,10,8.56,6.53,6.27,15.40
350312,0.00,0.00,2,14.51,13.60,8,14.66,185,0.39,0.41,950,0.00,1.00,2,0.5000,20.00,104,0,0.00,10,8.85,6.53,6.27,15.30
350416,0.78,0.00,2,14.51,13.44,8,14.66,185,0.40,0.41,931,0.00,1.00,2,0.5000,20.50,104,0,0.00,10,9.00,6.48,5.88,15.20
350520,0.78,0.00,2,14.51,13.52,8,14.66,185,0.40,0.41,927,0.00,1.00,2,0.5000,20.50,104,0,0.00,10,9.14,6.44,5.88,15.30
350624,0.78,0.00,2,14.51,13.60,8,14.67,185,0.41,0.42,904,0.00,1.00,2,0.5000,21.50,104,0,0.00,10,9.29,6.24,5.88,15.10
350728,0.78,0.00,2,14.51,13.52,8,14.67,185,0.41,0.42,889,0.00,1.00,2,0.5000,21.50,104,0,0.00,10,9.43,6.12,5.88,15.00
350832,0.78,0.00,2,14.51,13.60,8,14.67,185,0.42,0.43,859,0.00,1.00,2,0.5000,21.50,104,0,0.00,10,9.58,6.20,5.88,14.90
350936,0.78,0.00,2,14.51,13.44,8,14.67,185,0.43,0.45,840,0.00,1.00,2,0.5000,21.50,104,0,0.00,10,9.58,6.05,5.88,15.10
351041,0.78,0.00,2,14.51,13.36,8,14.67,185,0.43,0.44,817,0.00,1.00,2,0.5000,21.50,104,0,0.00,10,9.87,6.10,5.88,14.80
351145,1.56,0.00,2,14.51,13.28,8,14.67,185,0.44,0.45,808,0.00,0.99,2,0.5000,21.50,106,0,0.00,10,10.01,6.07,5.88,14.80
351249,2.34,0.00,2,14.51,13.20,8,14.67,185,0.45,0.47,788,0.00,0.99,2,0.5000,21.50,106,0,0.00,10,10.16,6.07,5.88,15.00
351352,2.34,0.00,2,14.51,13.20,8,14.67,185,0.45,0.45,790,0.00,0.99,2,0.5000,21.50,106,0,0.00,10,10.16,5.89,5.88,15.00
351456,2.34,0.00,2,14.51,13.04,8,14.66,185,0.45,0.45,792,0.00,0.99,2,0.5000,21.50,106,0,0.00,10,10.30,5.95,5.88,14.90
351560,3.12,0.00,2,14.51,13.04,8,14.66,185,0.45,0.46,789,0.00,0.99,2,0.5000,21.50,106,0,0.00,10,10.30,6.15,5.88,15.20
351665,3.12,0.00,2,14.51,13.04,8,14.66,185,0.45,0.45,803,0.00,0.99,2,0.5000,21.00,106,0,0.00,10,10.30,6.00,5.88,15.30
351768,3.12,0.00,2,14.51,13.28,8,14.66,185,0.45,0.44,820,0.00,1.00,2,0.5000,18.00,106,0,0.00,10,10.16,5.95,5.88,15.10
351872,3.91,0.00,2,14.51,13.36,8,14.66,185,0.44,0.42,828,0.00,1.00,2,0.5000,17.00,106,0,0.00,10,10.16,6.07,5.88,15.10
351977,3.91,0.00,2,14.51,13.28,8,14.66,185,0.44,0.43,851,0.00,1.00,2,0.5000,16.50,106,0,0.00,10,10.01,6.15,5.88,15.10
352080,3.91,0.00,2,14.51,13.12,8,14.66,185,0.44,0.46,838,0.00,1.00,1,0.5000,18.50,106,0,0.00,10,10.01,6.39,5.88,15.10
352185,3.91,0.00,2,14.51,13.12,8,14.66,185,0.45,0.46,829,0.00,1.00,1,0.5000,18.00,106,0,0.00,10,10.01,6.12,5.49,15.10
352289,3.91,0.00,2,14.51,13.28,8,14.66,185,0.44,0.44,814,0.00,1.00,1,0.5000,18.50,106,0,0.00,10,9.87,5.97,5.10,14.90
352392,3.91,0.00,2,14.51,12.96,8,14.66,185,0.44,0.43,817,0.00,1.00,0,0.5000,18.50,106,0,0.00,10,9.72,5.81,5.10,14.80
352496,3.91,0.00,2,14.51,13.60,8,14.67,185,0.43,0.42,809,0.00,1.00,1,0.5000,19.50,106,0,0.00,10,9.72,5.73,5.10,14.80
352600,3.12,0.00,2,14.51,13.52,8,14.67,185,0.43,0.42,806,0.00,1.00,1,0.5000,16.50,106,0,0.00,10,9.58,5.87,5.10,15.20
352705,2.34,0.00,2,14.51,13.60,8,14.66,185,0.42,0.39,868,0.00,1.00,1,0.5000,12.50,106,0,0.00,10,9.43,5.68,5.10,14.30
352809,2.34,0.00,2,14.51,13.52,8,14.65,185,0.39,0.35,978,0.00,1.09,1,0.5000,12.00,106,0,0.00,10,9.14,5.60,5.10,14.20
352912,1.56,0.00,2,14.51,13.60,8,14.64,185,0.36,0.32,1036,0.00,1.08,1,0.5000,12.00,106,0,0.00,10,8.71,5.68,5.49,14.10
353017,2.34,0.00,2,14.51,13.60,8,14.63,185,0.35,0.32,1081,0.00,1.00,1,0.5000,17.00,106,0,0.00,10,8.42,5.81,5.49,14.20
353120,3.12,0.00,2,14.51,13.44,8,14.62,185,0.33,0.30,1140,0.00,1.00,1,0.5000,17.00,106,0,0.00,10,8.13,5.76,5.10,14.20
353225,4.69,0.00,2,14.51,13.60,8,14.61,185,0.31,0.29,1191,0.00,1.00,1,0.5000,17.00,106,0,0.00,10,7.69,5.76,5.10,13.30
353328,5.47,0.00,2,14.51,13.44,8,14.60,185,0.30,0.27,1219,0.00,1.00,1,0.5000,19.50,106,0,0.00,10,7.55,5.68,8.24,15.00
353432,7.03,0.00,2,14.51,13.60,8,14.60,185,0.34,0.42,1231,0.00,0.78,1,0.5000,3.50,106,0,0.00,10,11.17,10.07,16.86,15.40
353537,1.56,0.00,3,14.51,13.52,8,14.60,185,0.48,0.71,1227,0.00,0.69,1,0.5000,20.00,106,0,0.00,10,12.77,14.71,17.65,15.10
353641,0.00,0.00,3,14.51,13.60,8,14.60,185,0.57,0.65,1297,0.00,0.87,1,0.5000,33.50,106,0,0.50,10,13.06,14.19,17.25,14.10
353745,8.59,2.34,3,14.51,13.60,8,14.59,185,0.58,0.58,1403,0.00,0.98,1,0.5000,35.50,106,0,0.00,10,11.46,13.52,9.41,13.70
353848,11.72,2.34,3,14.51,13.52,8,14.58,185,0.50,0.39,1494,0.00,1.16,1,0.5000,34.50,106,0,0.00,10,9.29,9.26,5.49,15.70
353953,8.59,2.34,2,14.51,13.60,8,14.58,185,0.41,0.29,1476,0.00,1.23,1,0.5000,26.50,106,0,0.00,10,7.69,6.58,4.31,15.60
354056,5.47,2.34,2,14.51,13.52,8,14.59,185,0.33,0.26,1365,0.00,1.18,1,0.5000,21.50,106,0,0.00,10,7.25,5.60,4.31,14.00
354161,3.91,1.56,1,14.51,13.68,8,14.60,185,0.31,0.28,1183,0.00,1.08,1,0.5000,19.00,106,0,0.00,10,6.96,5.52,4.71,13.90
354265,3.12,0.00,1,14.51,13.52,8,14.63,185,0.31,0.32,1088,0.00,1.00,1,0.5000,23.00,106,0,0.00,10,7.11,5.68,4.71,13.60
354369,2.34,0.00,2,14.51,13.52,8,14.65,185,0.33,0.36,957,0.00,0.91,1,0.5000,22.00,106,0,0.00,10,7.25,5.84,5.49,13.60
354473,2.34,0.00,2,14.51,13.52,8,14.68,185,0.36,0.42,870,0.00,0.86,1,0.5000,22.00,106,0,0.00,10,7.69,6.15,5.10,13.30
354577,1.56,0.00,2,14.51,13.60,8,14.69,185,0.38,0.44,817,0.00,0.88,1,0.5000,22.00,106,0,0.00,10,7.98,5.84,4.71,13.30
354681,0.78,0.00,2,14.51,13.68,8,14.69,185,0.40,0.45,781,0.00,0.90,1,0.5000,22.00,106,0,0.00,10,8.27,5.79,4.71,13.30
354785,0.00,0.00,2,14.51,13.52,8,14.69,185,0.42,0.46,749,0.00,0.91,1,0.5000,21.50,106,0,0.00,10,8.56,5.71,4.71,13.50
354889,-1.56,0.00,2,14.51,13.60,8,14.68,185,0.43,0.46,728,0.00,0.93,1,0.5000,21.50,106,0,0.00,10,8.85,5.58,4.71,13.40
354993,-3.12,0.00,2,14.51,13.52,8,14.67,185,0.44,0.47,726,0.00,1.00,1,0.5000,21.00,106,0,0.00,10,8.85,5.44,3.53,13.10
355097,-4.69,0.00,1,14.51,13.68,8,14.67,185,0.42,0.39,780,0.00,1.00,1,0.5000,19.50,106,0,0.00,10,8.56,5.00,4.31,13.00
355201,-6.25,0.00,1,14.51,13.68,8,14.68,185,0.41,0.39,791,0.00,1.00,1,0.5000,18.00,106,0,0.00,10,8.56,5.39,5.10,12.70
355305,-7.03,-2.34,1,14.51,13.60,8,14.68,185,0.41,0.41,808,0.00,1.00,1,0.5000,17.00,106,0,0.00,10,8.71,5.52,4.71,12.60
355410,-7.81,-2.34,1,14.51,13.60,8,14.68,185,0.41,0.40,818,0.00,1.00,1,0.5000,17.00,106,0,0.00,10,8.71,5.52,4.71,12.60
355513,-8.59,-2.34,1,14.51,13.04,8,14.68,185,0.41,0.40,830,0.00,1.00,1,0.5000,17.00,106,0,0.00,10,8.71,5.55,4.71,12.60
355617,-7.81,-2.34,1,14.51,13.44,8,14.69,185,0.41,0.41,806,0.00,1.00,1,0.5000,17.50,106,0,0.00,10,8.71,5.52,4.71,12.70
355721,-7.03,-2.34,1,14.51,13.68,8,14.69,185,0.41,0.42,776,0.00,1.00,1,0.5000,20.50,106,0,0.00,10,8.85,5.47,4.71,13.10
355825,-7.03,-2.34,1,14.51,13.52,8,14.69,185,0.42,0.42,773,0.00,1.00,1,0.5000,20.50,106,0,0.00,10,8.85,5.44,4.71,13.30
355929,-7.03,-2.34,1,14.51,13.60,8,14.68,185,0.42,0.43,758,0.00,1.00,1,0.5000,19.50,106,0,0.00,10,9.00,5.42,4.71,13.60
356033,-6.25,-2.34,1,14.51,13.52,8,14.68,185,0.42,0.42,762,0.00,1.00,1,0.5000,19.50,106,0,0.00,10,9.00,5.47,5.10,13.90
356137,-6.25,-2.34,1,14.51,13.52,8,14.68,185,0.42,0.42,778,0.00,1.00,1,0.5000,17.50,106,0,0.00,10,9.14,5.58,5.10,14.30
356242,-6.25,-2.34,2,14.51,13.60,8,14.68,185,0.43,0.44,775,0.00,1.00,1,0.5000,17.00,106,0,0.00,10,9.29,5.68,5.10,14.40
356345,-6.25,-2.34,2,14.51,13.60,8,14.68,185,0.43,0.44,782,0.00,1.00,1,0.5000,17.00,106,0,0.00,10,9.29,5.68,5.10,14.10
356449,-5.47,0.00,2,14.51,13.60,8,14.67,187,0.43,0.43,790,0.00,1.00,1,0.5000,16.50,108,0,0.00,10,9.29,5.63,5.10,14.30
356554,-4.69,0.00,2,14.51,13.52,8,14.68,187,0.43,0.43,792,0.00,1.00,1,0.5000,16.50,108,0,0.00,10,9.29,5.68,5.10,15.10
356657,-4.69,0.00,2,14.51,13.52,8,14.67,187,0.42,0.42,813,0.00,1.00,1,0.5000,16.50,108,0,0.00,10,9.29,5.63,5.10,14.90
356761,-4.69,0.00,2,14.51,13.60,8,14.67,187,0.42,0.41,825,0.00,1.00,1,0.5000,15.50,108,0,0.00,10,9.29,5.58,5.10,15.10
356865,-3.91,0.00,1,14.51,13.68,8,14.68,187,0.41,0.40,842,0.00,1.00,1,0.5000,15.50,108,0,0.00,10,9.29,5.58,5.10,15.00
356969,-3.91,0.00,1,14.51,13.68,8,14.68,187,0.41,0.40,840,0.00,1.00,1,0.5000,15.00,108,0,0.00,10,9.14,5.58,5.10,15.20
357073,-3.91,-2.34,1,14.51,13.52,8,14.68,187,0.40,0.39,844,0.00,1.00,1,0.5000,15.00,108,0,0.00,10,9.14,5.63,5.10,15.10
357177,-3.12,-2.34,2,14.51,13.60,8,14.68,187,0.40,0.41,858,0.00,1.00,1,0.5000,16.50,108,0,0.00,10,9.14,5.71,5.10,15.10
357281,-2.34,-2.34,2,14.51,13.52,8,14.68,187,0.40,0.41,831,0.00,1.00,1,0.5000,16.50,108,0,0.00,10,9.14,5.76,5.10,15.50
357385,-2.34,0.00,2,14.51,13.52,8,14.68,187,0.41,0.42,825,0.00,1.00,1,0.5000,16.50,108,0,0.00,10,9.14,5.73,5.10,15.50
357489,-1.56,0.00,2,14.51,13.60,8,14.68,187,0.41,0.42,836,0.00,1.00,1,0.5000,16.00,108,0,0.00,10,9.14,5.68,4.71,15.50
357593,-0.78,0.00,1,14.51,13.52,8,14.67,187,0.40,0.38,866,0.00,1.00,1,0.5000,14.50,108,0,0.00,10,9.00,5.47,4.31,15.40
357697,-0.78,0.00,1,14.51,13.60,8,14.68,187,0.39,0.37,864,0.00,1.00,1,0.5000,14.50,108,0,0.00,10,8.71,5.18,3.92,15.40
357801,-0.78,-2.34,1,14.51,13.52,8,14.68,187,0.38,0.35,869,0.00,1.00,1,0.5000,15.00,108,0,0.00,10,8.56,5.10,3.92,15.30
357905,-1.56,-2.34,1,14.51,13.60,8,14.68,187,0.37,0.35,861,0.00,1.00,1,0.5000,16.50,108,0,0.00,10,8.42,5.13,3.92,15.20
358010,-1.56,-2.34,1,14.51,13.60,8,14.68,187,0.37,0.36,856,0.00,1.00,1,0.5000,17.00,108,0,0.00,10,8.27,5.08,3.92,14.80
358113,-2.34,-2.34,1,14.51,13.60,8,14.69,187,0.36,0.36,833,0.00,1.00,1,0.5000,17.00,108,0,0.00,10,8.13,4.95,3.92,16.20
358217,-2.34,-2.34,1,14.51,13.60,8,14.69,187,0.36,0.36,826,0.00,1.00,1,0.5000,17.50,108,0,0.00,10,8.13,4.85,3.92,14.40
358321,-2.34,-2.34,1,14.51,13.60,8,14.69,187,0.36,0.35,807,0.00,1.00,0,0.5000,18.50,108,0,0.00,10,8.13,4.85,3.92,14.50
358426,-2.34,-2.34,1,14.51,13.60,8,14.69,187,0.36,0.36,794,0.00,1.00,1,0.5000,19.50,108,0,0.00,10,7.98,4.76,3.92,14.50
358529,-2.34,-2.34,1,14.51,13.60,8,14.69,187,0.36,0.37,770,0.00,1.00,1,0.5000,21.00,108,0,0.00,10,7.98,4.76,3.92,14.40
358633,-2.34,-2.34,1,14.51,13.60,8,14.69,187,0.37,0.38,749,0.00,1.00,1,0.5000,21.50,108,0,0.00,10,8.13,4.87,5.10,14.50
358737,-2.34,-2.34,1,14.51,13.52,8,14.69,187,0.38,0.41,744,0.00,0.93,1,0.5000,19.50,108,0,0.00,10,8.42,5.31,5.10,14.40
358842,-2.34,-2.34,1,14.51,13.52,8,14.69,187,0.39,0.42,775,0.00,1.00,1,0.5000,18.00,108,0,0.00,10,8.71,5.42,4.71,14.50
358945,-3.12,-2.34,1,14.51,13.44,8,14.69,187,0.39,0.40,815,0.00,1.00,1,0.5000,16.50,108,0,0.00,10,8.56,5.42,4.31,14.50
359049,-3.12,-2.34,1,14.51,13.36,8,14.69,187,0.39,0.38,825,0.00,1.00,1,0.5000,17.00,108,0,0.00,10,8.42,5.21,4.31,14.40
359153,-3.12,-2.34,1,14.51,13.60,8,14.69,187,0.39,0.39,806,0.00,1.00,1,0.5000,17.50,108,0,0.00,10,8.42,5.10,4.71,14.50
359257,-3.12,-2.34,1,14.51,13.60,8,14.69,187,0.39,0.40,778,0.00,1.00,1,0.5000,19.50,108,0,0.00,10,8.56,5.18,4.71,14.40
359361,-3.12,-2.34,1,14.51,13.60,8,14.69,187,0.40,0.41,762,0.00,1.00,1,0.5000,20.00,108,0,0.00,10,8.56,5.21,4.71,14.40
359465,-3.12,-2.34,1,14.51,13.60,8,14.69,187,0.40,0.42,750,0.00,1.00,1,0.5000,19.50,108,0,0.00,10,8.71,5.26,4.71,14.50
359569,-3.12,-2.34,1,14.51,13.68,8,14.69,187,0.40,0.41,746,0.00,1.00,1,0.5000,19.00,108,0,0.00,10,8.85,5.15,4.31,14.40
359673,-3.12,-2.34,1,14.51,13.60,8,14.69,187,0.40,0.40,766,0.00,1.00,1,0.5000,18.00,108,0,0.00,10,8.71,5.00,5.49,14.40
359777,-3.91,-2.34,1,14.51,13.60,8,14.69,187,0.41,0.40,763,0.00,0.93,1,0.5000,21.50,108,0,0.00,10,12.33,6.23,20.39,14.50
359881,-3.91,-2.34,3,14.51,13.52,8,14.66,187,0.56,0.95,792,0.00,0.66,1,0.5000,27.00,108,0,0.50,10,14.22,12.90,24.31,14.50
359985,-7.81,-1.56,3,14.51,13.52,8,14.62,187,0.60,0.62,1021,-2.00,0.93,1,0.5000,28.00,108,0,-1.50,11,14.22,11.18,23.92,13.90
360089,-12.50,-1.56,3,14.51,13.52,8,14.60,187,0.59,0.57,1296,-2.00,0.98,1,0.5000,31.50,108,0,-1.50,11,13.78,12.51,19.61,13.40
360194,-5.47,-1.56,3,14.51,13.52,8,14.59,187,0.56,0.52,1373,-2.00,1.03,1,0.5000,13.00,108,0,-2.00,11,11.03,10.91,5.88,16.60
360297,-0.78,0.00,2,14.51,13.44,8,14.59,187,0.48,0.35,1355,-1.97,1.25,1,0.5000,16.50,108,0,0.00,11,9.00,6.22,3.92,17.20
360401,3.91,0.00,2,14.51,13.60,8,14.60,187,0.37,0.26,1284,-1.94,1.23,1,0.5000,17.00,108,0,0.00,11,7.98,5.29,4.31,17.20
360505,3.12,0.00,1,14.51,13.60,8,14.61,187,0.33,0.27,1144,-1.90,1.08,1,0.5000,21.00,108,0,-2.00,11,8.85,5.81,11.37,16.90
360609,3.12,0.00,2,14.51,13.52,8,14.63,187,0.43,0.60,1065,-1.87,0.73,1,0.5000,23.50,108,0,-2.00,11,11.61,11.90,14.90,16.70
360713,2.34,0.00,3,14.51,13.52,8,14.62,187,0.52,0.72,1116,-1.84,0.76,1,0.5000,28.50,108,0,-1.50,11,12.48,13.63,15.69,16.00
360817,-1.56,0.00,3,14.51,13.52,8,14.60,187,0.58,0.63,1245,-1.81,0.92,1,0.5000,31.00,108,0,-1.50,11,12.77,13.18,15.69,14.40
360921,0.78,2.34,3,14.51,13.60,8,14.59,187,0.59,0.60,1367,-1.77,0.98,1,0.5000,33.00,108,0,-1.50,11,12.48,13.67,15.29,14.70
361025,6.25,2.34,3,14.51,13.60,8,14.59,187,0.58,0.57,1444,-1.73,0.98,1,0.5000,34.50,108,0,-1.50,11,12.33,14.18,15.29,15.40
361129,8.59,2.34,3,14.51,13.52,8,14.58,187,0.57,0.56,1497,-1.69,0.98,1,0.5000,36.50,108,0,-1.50,11,12.04,14.21,14.12,15.80
361233,5.47,2.34,3,14.51,13.52,8,14.58,187,0.55,0.53,1560,-1.65,1.04,1,0.5000,37.00,108,0,-1.50,11,10.59,12.32,9.41,15.40
361337,3.91,2.34,3,14.51,13.52,8,14.58,187,0.49,0.42,1562,-1.60,1.11,1,0.5000,33.00,108,0,-1.50,11,9.87,10.70,9.41,14.90
361442,0.78,2.34,3,14.51,13.60,8,14.58,187,0.46,0.43,1506,-1.56,1.00,1,0.5000,31.50,109,0,-1.50,11,9.43,10.88,9.41,14.10
361545,1.56,2.34,3,14.51,13.60,8,14.58,187,0.46,0.46,1470,-1.52,1.00,1,0.5000,30.50,109,0,-1.50,11,9.43,11.10,9.41,13.90
361649,0.78,2.34,3,14.51,13.60,8,14.59,187,0.46,0.46,1428,-1.48,1.00,1,0.5000,31.00,109,0,-1.50,11,9.43,11.34,9.41,14.10
361753,0.00,2.34,3,14.51,13.52,8,14.59,187,0.47,0.47,1430,-1.44,1.00,1,0.5000,31.00,109,0,-1.50,11,9.43,11.43,9.41,14.10
361858,-1.56,2.34,3,14.51,13.60,8,14.59,187,0.47,0.48,1420,-1.40,1.00,1,0.5000,31.50,109,0,-1.50,11,9.43,11.31,9.41,14.00
361961,-2.34,2.34,3,14.51,13.60,8,14.59,187,0.47,0.47,1432,-1.36,1.00,1,0.5000,31.50,109,0,-1.50,11,9.43,11.33,9.80,14.00
362066,-3.12,2.34,3,14.51,13.60,8,14.59,187,0.49,0.50,1429,-1.32,1.00,1,0.5000,32.50,109,0,-1.50,11,9.87,12.68,11.37,14.00
362170,-3.12,2.34,3,14.51,13.52,8,14.59,187,0.52,0.56,1458,-1.28,0.93,1,0.5000,34.50,109,0,-1.50,11,10.30,13.73,11.76,14.00
362273,-2.34,2.34,3,14.51,13.44,8,14.58,187,0.54,0.55,1489,-1.24,0.99,1,0.5000,36.00,109,0,-1.00,11,10.45,13.95,11.37,14.10
362378,-3.12,2.34,3,14.51,13.60,8,14.58,187,0.53,0.54,1540,-1.20,1.00,1,0.5000,37.00,109,0,-1.00,11,10.45,13.57,11.37,14.40
362481,-2.34,2.34,3,14.51,13.60,8,14.58,187,0.53,0.51,1582,-1.15,1.00,1,0.5000,37.50,109,0,-1.00,11,10.45,13.74,11.37,14.40
362586,-2.34,2.34,3,14.51,13.60,8,14.58,187,0.53,0.54,1588,-1.11,1.00,1,0.5000,39.00,109,0,-1.00,11,10.88,15.40,14.90,14.50
362690,-1.56,2.34,3,14.51,13.44,8,14.58,187,0.57,0.61,1612,-1.06,0.94,1,0.5000,39.00,109,0,-1.00,11,11.46,16.60,14.90,14.20
362794,1.56,2.34,3,14.51,13.44,8,14.58,187,0.59,0.60,1664,-1.02,0.99,1,0.5000,39.00,109,0,-0.50,11,11.46,16.68,14.90,15.10
362898,2.34,2.34,3,14.51,13.52,8,14.58,187,0.58,0.59,1723,-0.97,0.99,1,0.5000,39.50,109,0,-0.50,11,11.46,16.88,14.90,15.10
363002,2.34,2.34,3,14.51,13.52,8,14.58,187,0.57,0.57,1764,-0.92,0.99,1,0.5000,40.00,109,0,-1.00,11,11.17,16.69,14.51,14.90
363106,3.12,2.34,3,14.51,13.44,8,14.58,187,0.57,0.56,1788,-0.87,1.00,1,0.5000,40.50,109,0,-1.00,11,11.17,16.80,14.12,14.80
363210,4.69,2.34,3,14.51,13.60,8,14.58,187,0.57,0.56,1807,-0.82,1.00,1,0.5000,40.50,109,0,-0.50,11,11.03,17.39,14.12,15.00
363314,4.69,2.34,3,14.51,13.36,8,14.58,187,0.57,0.57,1836,-0.77,1.00,1,0.5000,40.50,109,0,-0.50,11,11.03,17.68,14.51,14.70
363418,4.69,2.34,3,14.51,13.60,8,14.58,187,0.57,0.57,1857,-0.72,1.00,1,0.5000,40.50,109,0,-0.50,11,10.88,17.88,14.51,15.00
363522,4.69,2.34,3,14.51,13.60,8,14.58,187,0.57,0.57,1873,-0.67,1.00,1,0.5000,41.00,109,0,-0.50,11,10.88,17.98,14.51,14.30
363626,3.91,2.34,3,14.51,13.60,8,14.58,187,0.57,0.57,1881,-0.62,1.00,1,0.5000,41.00,109,0,-0.50,11,10.88,17.98,14.51,14.40
363730,3.91,2.34,3,14.51,13.52,8,14.58,187,0.57,0.57,1900,-0.56,1.00,1,0.5000,41.50,109,0,-0.50,11,10.88,17.98,14.51,14.30
363834,3.91,2.34,3,14.51,13.52,8,14.58,187,0.57,0.57,1939,-0.51,1.00,1,0.5000,42.00,109,0,-0.50,11,10.74,18.08,14.51,14.50
363938,3.91,2.34,3,14.51,13.52,8,14.58,187,0.56,0.56,1952,-0.46,1.00,1,0.5000,42.00,109,0,-0.50,11,10.74,18.47,14.51,14.40
364042,3.91,2.34,3,14.51,13.60,8,14.58,187,0.56,0.56,2001,-0.40,1.00,1,0.5000,42.50,109,0,-0.50,11,10.74,18.67,14.51,14.50
364145,3.91,2.34,3,14.51,13.68,8,14.58,187,0.56,0.56,2016,-0.34,1.00,1,0.5000,43.00,109,0,-0.50,11,10.74,18.99,14.90,14.50
364250,4.69,2.34,3,14.51,13.52,8,14.58,187,0.56,0.56,2061,-0.29,1.00,1,0.5000,43.00,109,0,-0.50,11,10.74,19.31,14.90,14.60
364354,4.69,2.34,3,14.51,13.36,8,14.58,187,0.56,0.55,2074,-0.23,1.00,1,0.5000,43.00,109,0,0.00,11,10.74,19.31,14.90,14.40
364458,5.47,2.34,3,14.51,13.52,8,14.58,187,0.55,0.55,2122,-0.18,1.00,1,0.5000,43.00,109,0,0.00,11,10.59,19.43,14.90,14.60
364562,5.47,2.34,3,14.51,13.60,8,14.58,187,0.55,0.54,2141,-0.11,1.00,1,0.5000,43.50,109,0,0.00,11,10.59,19.54,15.29,15.20
364665,5.47,2.34,3,14.51,13.60,8,14.58,187,0.56,0.58,2143,-0.06,1.00,1,0.5000,42.50,109,0,0.00,11,11.17,21.71,18.04,14.60
364769,8.59,2.34,3,14.51,13.52,8,14.58,187,0.60,0.63,2173,0.00,0.96,1,0.5000,26.00,109,0,0.00,11,11.75,23.26,18.04,14.60
364874,10.16,2.34,3,14.51,13.44,8,14.57,187,0.64,0.66,2148,0.00,0.99,1,0.5000,25.00,109,0,0.00,11,12.04,23.23,18.43,15.00
364978,8.59,2.34,3,14.51,13.52,8,14.57,187,0.66,0.67,2041,0.00,0.99,1,0.5000,24.50,109,0,0.00,11,12.33,22.74,18.04,14.80
365082,7.03,2.34,3,14.51,13.52,8,14.57,187,0.67,0.67,2003,0.00,0.99,1,0.5000,24.00,109,1,0.00,11,12.48,22.72,18.43,14.30
365185,6.25,2.34,3,14.51,13.60,8,14.57,187,0.68,0.69,1946,0.00,0.99,1,0.5000,38.50,109,1,0.00,11,12.48,22.24,18.04,14.10
365290,4.69,2.34,3,14.51,13.52,8,14.57,187,0.69,0.69,1937,0.00,0.99,1,0.5000,38.00,109,1,0.50,11,12.48,22.36,18.04,14.00
365394,3.91,2.34,3,14.51,13.52,8,14.57,187,0.69,0.70,1924,0.00,0.99,1,0.5000,38.00,109,2,0.50,11,12.62,22.12,18.04,14.00
365498,3.12,2.34,3,14.51,13.52,8,14.57,187,0.69,0.68,1906,0.00,0.99,1,0.5000,38.00,109,2,0.50,11,12.62,21.90,18.04,14.10
365602,3.12,2.34,3,14.51,13.44,8,14.57,187,0.69,0.70,1917,0.00,0.99,1,0.5000,37.50,109,2,0.50,11,12.62,22.22,18.04,14.40
365706,3.12,2.34,3,14.51,13.52,8,14.57,187,0.70,0.70,1922,0.00,0.99,2,0.5000,38.00,111,2,0.50,11,12.62,22.22,18.43,14.30
365810,2.34,2.34,3,14.51,13.52,8,14.57,187,0.70,0.70,1915,0.00,0.99,2,0.5000,37.50,111,2,0.50,11,12.62,22.22,18.04,14.30
365914,1.56,2.34,3,14.51,13.44,8,14.57,187,0.70,0.70,1941,0.00,0.99,2,0.5000,38.00,111,2,0.00,11,12.62,22.34,18.04,14.30
366018,1.56,2.34,3,14.51,13.52,8,14.56,187,0.70,0.70,1948,0.00,0.99,2,0.5000,38.00,111,3,0.00,11,12.62,22.46,18.04,14.30
366122,1.56,2.34,3,14.51,13.52,8,14.57,187,0.69,0.69,1940,0.00,0.99,2,0.5000,38.00,111,3,0.00,11,12.62,22.46,18.04,14.50
366226,1.56,2.34,3,14.51,13.60,8,14.56,187,0.69,0.70,1964,0.00,0.99,2,0.5000,38.00,111,3,0.00,11,12.62,22.70,18.43,14.30
366330,1.56,2.34,3,14.51,13.52,8,14.56,187,0.70,0.70,1957,0.00,0.99,2,0.5000,38.00,111,3,0.00,11,12.77,22.93,18.43,14.40
366433,2.34,2.34,3,14.51,13.52,8,14.56,187,0.70,0.69,1983,0.00,0.99,2,0.5000,38.00,111,3,0.00,11,12.77,22.92,18.43,14.60
366538,2.34,2.34,3,14.51,13.44,8,14.56,187,0.69,0.70,1991,0.00,0.99,2,0.5000,38.00,111,3,0.00,11,12.62,22.92,18.43,14.50
366642,2.34,2.34,3,14.51,13.52,8,14.56,187,0.69,0.69,1985,0.00,1.00,2,0.5000,38.00,111,4,0.00,11,12.77,23.16,18.43,14.50
366746,2.34,2.34,3,14.51,13.60,8,14.56,187,0.70,0.70,2008,0.00,1.00,2,0.5000,38.00,111,0,0.00,11,12.77,23.63,18.43,14.50
366850,3.12,2.34,3,14.51,13.52,8,14.56,187,0.70,0.70,1996,0.00,1.00,2,0.5000,38.00,111,0,0.00,11,12.77,23.15,18.43,14.50
366954,1.56,2.34,3,14.51,13.60,8,14.56,187,0.70,0.71,2020,0.00,1.00,2,0.5000,38.00,111,0,0.00,11,12.77,23.39,18.04,14.50
367058,0.78,2.34,3,14.51,13.52,8,14.56,187,0.69,0.67,2012,0.00,1.00,2,0.5000,38.50,111,0,0.00,11,12.48,22.45,17.25,14.30
367162,0.00,2.34,3,14.51,13.52,8,14.56,187,0.68,0.66,2024,0.00,1.00,2,0.5000,39.00,111,0,0.00,11,12.48,22.60,17.25,14.20
367266,-0.78,2.34,3,14.51,13.52,8,14.56,187,0.68,0.68,2006,0.00,1.00,2,0.5000,39.00,111,0,0.00,11,12.33,22.60,17.25,14.10
367369,0.00,2.34,3,14.51,13.52,8,14.56,187,0.68,0.69,2027,0.00,1.00,2,0.5000,38.50,111,0,0.00,11,12.33,22.96,17.25,14.30
367474,0.00,2.34,3,14.51,13.60,8,14.56,187,0.68,0.68,2018,0.00,1.00,2,0.5000,38.50,111,0,0.00,11,12.33,23.19,17.25,14.40
367578,0.00,2.34,3,14.51,13.52,8,14.56,187,0.68,0.68,2040,0.00,1.00,2,0.5000,38.50,111,0,0.00,11,12.33,23.07,17.25,14.50
367682,0.00,2.34,3,14.51,13.44,8,14.56,187,0.68,0.68,2031,0.00,1.00,2,0.5000,38.50,111,0,0.00,11,12.48,23.31,18.04,14.50
367786,0.00,2.34,3,14.51,13.36,8,14.56,187,0.69,0.69,2058,0.00,1.00,2,0.5000,38.50,109,13,0.00,11,12.48,23.65,18.43,14.50
367890,0.00,2.34,3,14.51,13.36,8,14.56,187,0.69,0.69,2084,0.00,1.00,2,0.5000,38.50,109,34,0.00,11,12.62,24.00,18.43,14.60
367994,0.00,2.34,3,14.51,13.44,8,14.56,187,0.69,0.70,2074,0.00,1.00,2,0.5000,38.50,109,47,0.00,11,12.77,23.74,18.43,14.30
368098,-2.34,2.34,3,14.51,13.36,8,14.56,187,0.69,0.68,2088,0.00,1.00,2,0.5000,38.50,109,49,0.00,11,12.77,23.38,18.43,14.30
368202,-3.12,2.34,3,14.51,13.60,8,14.56,187,0.68,0.67,2075,0.00,1.00,2,0.5000,38.50,109,45,0.00,11,12.91,23.96,18.43,14.40
368306,-2.34,2.34,3,14.51,13.52,8,14.56,187,0.68,0.68,2085,0.00,1.00,2,0.5000,38.50,109,39,0.00,11,12.77,23.84,18.43,13.60
368410,0.00,2.34,3,14.51,13.52,8,14.56,187,0.68,0.69,2103,0.00,1.00,2,0.5000,38.50,109,37,0.00,11,12.91,23.97,18.43,15.00
368514,0.78,2.34,3,14.51,13.52,8,14.56,187,0.68,0.68,2104,0.00,1.00,2,0.5000,38.50,109,35,0.00,11,12.62,23.74,18.43,14.80
368619,1.56,2.34,3,14.51,13.52,8,14.56,187,0.68,0.69,2130,0.00,1.00,2,0.5000,38.50,109,34,0.00,11,12.62,24.46,18.43,15.00
368722,1.56,2.34,3,14.51,13.60,8,14.56,187,0.69,0.68,2148,0.00,1.00,2,0.5000,38.50,109,32,0.00,11,12.48,24.69,18.43,14.80
368827,2.34,2.34,3,14.51,13.52,8,14.56,187,0.69,0.68,2144,0.00,1.00,2,0.5000,38.50,109,30,0.00,11,12.48,24.82,18.43,14.50
368930,1.56,2.34,3,14.51,13.44,8,14.56,187,0.69,0.69,2159,0.00,1.00,2,0.5000,38.50,109,28,0.00,11,12.48,24.84,18.43,14.30
369035,1.56,2.34,3,14.51,13.52,8,14.56,187,0.69,0.69,2185,0.00,1.00,2,0.5000,38.50,109,26,0.00,11,12.33,25.19,18.43,14.30
369139,2.34,2.34,3,14.51,13.52,8,14.56,187,0.69,0.69,2195,0.00,1.00,2,0.5000,38.50,109,24,0.00,11,12.33,24.96,18.04,14.50
369243,2.34,2.34,3,14.51,13.68,8,14.56,187,0.68,0.67,2194,0.00,1.00,2,0.5000,39.00,109,22,0.00,11,12.04,24.14,17.25,14.80
369347,1.56,2.34,3,14.51,13.52,8,14.56,187,0.66,0.64,2205,0.00,1.00,2,0.5000,39.50,109,21,0.00,11,11.32,22.75,14.51,14.50
369451,-0.78,2.34,3,14.51,13.52,8,14.57,187,0.60,0.58,2195,0.00,1.05,2,0.5000,41.50,109,19,0.00,11,10.16,19.77,12.94,14.30
369555,-4.69,2.34,3,14.51,13.60,8,14.58,187,0.56,0.53,2177,0.00,1.00,2,0.5000,43.50,109,18,0.00,11,9.72,18.89,12.55,13.90
369659,-6.25,2.34,3,14.51,13.60,8,14.58,187,0.54,0.53,2162,0.00,1.00,2,0.5000,43.00,109,16,0.00,11,9.58,18.70,12.55,13.70
369763,-7.03,2.34,3,14.51,13.28,8,14.58,187,0.53,0.52,2146,0.00,1.00,2,0.5000,42.50,109,14,0.00,11,9.43,18.44,12.55,13.90
369866,-7.03,2.34,3,14.51,13.60,8,14.58,187,0.53,0.53,2145,0.00,1.00,2,0.5000,43.00,109,12,0.00,11,9.87,19.87,13.73,13.90
369971,-7.03,2.34,3,14.51,13.52,8,14.58,187,0.54,0.55,2170,0.00,1.00,2,0.5000,43.00,109,11,0.00,11,9.87,19.36,13.33,14.10
370075,-4.69,2.34,3,14.51,13.52,8,14.58,187,0.54,0.53,2174,0.00,1.00,2,0.5000,28.00,109,9,0.00,11,9.72,19.36,13.33,14.40
370179,-3.12,2.34,3,14.51,13.60,8,14.58,187,0.54,0.55,2097,0.00,1.00,2,0.5000,28.50,109,9,0.00,11,10.01,19.14,13.33,15.20
370283,-1.56,2.34,3,14.51,13.60,8,14.58,187,0.58,0.59,1920,0.00,1.00,2,0.5000,39.50,109,8,0.00,11,10.45,19.45,13.73,15.30
370387,-3.12,2.34,3,14.51,13.28,8,14.58,187,0.60,0.62,1818,0.00,1.00,2,0.5000,39.50,109,7,0.50,11,10.74,18.57,13.73,14.30
370491,-3.91,2.34,3,14.51,13.52,8,14.58,187,0.60,0.59,1762,0.00,1.04,2,0.5000,38.50,109,7,0.00,11,9.43,14.83,7.45,14.40
370595,-4.69,2.34,3,14.51,13.44,8,14.58,187,0.51,0.41,1686,0.00,1.16,2,0.5000,33.00,108,6,0.00,11,7.84,10.68,5.88,14.20
370699,-7.03,2.34,3,14.51,13.60,8,14.58,187,0.45,0.38,1556,0.00,1.11,2,0.5000,25.50,108,6,0.00,11,7.40,9.43,5.88,13.60
370803,-9.38,2.34,2,14.51,13.60,8,14.59,187,0.42,0.38,1432,0.00,1.00,3,0.5000,21.50,108,5,0.00,11,7.25,9.14,5.88,13.10
370907,-11.72,2.34,2,14.51,13.60,8,14.59,187,0.40,0.38,1387,0.00,1.00,3,0.5000,19.00,108,5,0.00,11,6.96,8.59,5.49,12.90
371011,0.00,0.00,2,14.51,12.80,10,14.60,187,0.40,0.39,1313,0.00,1.00,3,0.5000,17.00,108,4,0.00,11,6.96,8.29,5.49,12.80
371115,0.00,0.00,2,14.51,13.12,10,14.60,187,0.40,0.40,1232,0.00,1.00,3,0.5000,17.00,108,0,0.00,11,7.11,8.14,5.49,12.70
371219,0.00,0.00,2,14.51,13.68,10,14.61,187,0.40,0.40,1184,0.00,1.00,3,0.5000,17.00,108,0,0.00,11,7.25,7.89,5.10,13.00
371323,0.00,0.00,2,14.51,13.60,10,14.62,187,0.41,0.43,1097,0.00,1.00,3,0.5000,21.50,108,0,0.00,11,7.40,7.84,5.10,13.60
371427,0.00,0.00,2,14.51,13.52,10,14.64,187,0.42,0.43,1038,0.00,1.00,3,0.5000,17.00,108,0,0.00,11,7.55,7.45,4.71,13.80
371530,0.00,0.00,2,14.51,13.52,10,14.62,187,0.40,0.37,1141,0.00,1.00,3,0.5000,17.00,108,0,0.00,11,7.25,7.16,5.10,14.50
371635,0.00,0.00,2,14.51,13.52,8,14.60,187,0.38,0.36,1204,0.00,1.00,3,0.5000,17.00,108,0,0.00,11,7.11,7.16,5.10,16.00
371739,-3.91,0.00,2,14.51,13.60,8,14.60,187,0.37,0.36,1228,0.00,1.00,3,0.5000,17.00,108,0,0.00,11,6.96,7.25,5.49,12.90
371843,-7.81,0.00,2,14.51,13.60,8,14.60,187,0.36,0.35,1236,0.00,1.00,3,0.5000,17.00,108,0,0.00,11,6.82,7.21,5.49,11.50
371947,-10.94,0.00,2,14.51,13.60,8,14.60,187,0.35,0.34,1230,0.00,1.00,3,0.5000,17.00,108,0,0.00,11,6.82,6.87,5.49,11.50
372051,-12.50,0.00,2,14.51,13.60,8,14.60,187,0.35,0.34,1220,0.00,1.00,3,0.5000,17.00,108,0,0.00,11,6.67,6.97,5.10,11.60
372155,-12.50,0.00,2,14.51,13.60,8,14.60,187,0.35,0.35,1198,0.00,1.00,3,0.5000,17.00,108,0,0.00,11,6.67,7.06,5.49,11.90
372259,-13.28,0.00,2,14.51,13.60,8,14.61,187,0.35,0.35,1175,0.00,1.00,3,0.5000,17.00,108,0,0.00,11,6.67,6.92,5.10,12.20
372363,-13.28,0.00,2,14.51,13.60,8,14.61,187,0.35,0.36,1158,0.00,1.00,3,0.5000,17.00,108,0,0.00,11,6.82,6.82,5.10,12.60
372467,-14.06,0.00,2,14.51,13.60,8,14.62,187,0.35,0.34,1142,0.00,1.00,3,0.5000,18.50,108,0,0.00,11,6.82,6.58,5.10,12.90
372571,-14.06,0.00,2,14.51,13.52,8,14.62,187,0.35,0.35,1126,0.00,1.00,3,0.5000,18.50,108,0,0.00,11,6.82,6.53,5.10,13.20
372675,-14.84,0.00,2,14.51,13.60,8,14.62,187,0.35,0.34,1125,0.00,1.00,3,0.5000,18.50,108,0,0.00,11,6.82,6.34,5.10,13.40
372779,-15.62,0.00,2,14.51,12.96,8,14.62,187,0.34,0.33,1114,0.00,1.00,3,0.5000,18.50,108,0,0.00,11,6.82,6.15,5.10,13.70
372883,-15.62,0.00,2,14.51,12.80,8,14.63,187,0.34,0.34,1102,0.00,1.00,3,0.5000,21.00,108,0,0.00,11,6.82,6.10,5.10,13.70
372987,-16.41,0.00,2,14.51,13.12,8,14.63,187,0.34,0.34,1071,0.00,1.00,3,0.5000,22.00,108,0,0.00,11,6.82,6.15,5.10,13.80
373091,-16.41,0.00,2,14.51,13.20,8,14.64,187,0.34,0.36,1027,0.00,1.00,3,0.5000,22.00,108,0,0.00,11,6.96,6.15,5.10,14.00
373194,-16.41,0.00,2,14.51,13.28,8,14.65,187,0.35,0.36,1013,0.00,1.00,3,0.5000,22.00,108,0,0.00,11,7.25,6.15,5.10,14.10
373300,-16.41,0.00,2,14.51,13.36,8,14.65,187,0.36,0.37,990,0.00,1.00,3,0.5000,22.00,108,0,0.00,11,7.40,6.15,5.49,14.20
373403,-15.62,0.00,2,14.51,13.52,8,14.65,187,0.36,0.39,972,0.00,1.00,3,0.5000,22.00,108,0,0.00,11,7.55,6.29,5.49,14.30
373507,-15.62,0.00,2,14.51,13.60,8,14.65,187,0.37,0.38,984,0.00,1.00,3,0.5000,22.00,108,0,0.00,11,7.69,6.29,5.49,14.40
373611,-15.62,0.00,2,14.51,13.52,8,14.65,187,0.38,0.38,992,0.00,1.00,3,0.5000,21.00,108,0,0.00,11,7.84,6.48,5.49,14.60
373715,-14.84,0.00,2,14.51,13.52,8,14.65,187,0.38,0.38,992,0.00,1.00,3,0.5000,21.50,108,0,0.00,11,7.84,6.07,5.49,14.20
373819,-14.06,0.00,2,14.51,13.52,8,14.65,187,0.37,0.36,994,0.00,1.00,3,0.5000,22.00,108,0,0.00,11,7.98,6.15,5.49,15.30
373923,-13.28,0.00,2,14.51,13.52,8,14.65,187,0.38,0.39,978,0.00,1.00,3,0.5000,21.50,108,0,0.00,11,7.98,6.15,5.49,15.00
374027,-12.50,0.00,2,14.51,13.60,8,14.66,187,0.38,0.38,963,0.00,1.00,3,0.5000,21.50,108,0,0.00,11,8.13,6.00,5.49,15.10
374131,-12.50,0.00,2,14.51,13.60,8,14.66,187,0.38,0.38,959,0.00,1.00,3,0.5000,21.50,108,0,0.00,11,8.13,6.02,5.10,15.30
374235,-11.72,0.00,2,14.51,13.60,8,14.66,187,0.38,0.39,958,0.00,1.00,3,0.5000,21.00,108,0,0.00,11,8.13,6.10,5.10,15.50
374339,-11.72,0.00,2,14.51,13.52,8,14.66,187,0.38,0.38,944,0.00,1.00,3,0.5000,22.00,108,0,0.00,11,8.27,5.97,5.10,15.50
374443,-10.94,0.00,2,14.51,13.52,8,14.66,187,0.38,0.39,936,0.00,1.00,3,0.5000,21.50,108,0,0.00,11,8.27,6.00,5.10,15.50
374547,-10.94,0.00,2,14.51,13.52,8,14.66,187,0.38,0.38,934,0.00,1.00,3,0.5000,21.50,108,0,0.00,11,8.27,6.00,5.10,15.40
374651,-10.16,0.00,2,14.51,13.52,8,14.67,187,0.38,0.39,917,0.00,1.00,3,0.5000,22.00,108,0,0.00,11,8.27,5.95,5.10,15.50
374755,-10.16,0.00,2,14.51,13.52,8,14.67,187,0.39,0.39,915,0.00,1.00,3,0.5000,21.50,108,0,0.00,11,8.42,5.97,5.10,15.40
374859,-9.38,0.00,2,14.51,13.52,8,14.67,187,0.39,0.39,900,0.00,1.00,3,0.5000,22.00,108,0,0.00,11,8.42,5.92,5.10,15.40
374963,-9.38,0.00,2,14.51,13.52,8,14.67,187,0.39,0.40,892,0.00,1.00,3,0.5000,22.00,108,0,0.00,11,8.56,5.84,5.10,15.20
375067,-9.38,0.00,2,14.51,13.68,8,14.68,187,0.39,0.40,878,0.00,1.00,3,0.5000,21.00,108,0,0.00,11,8.56,5.87,5.10,15.30
375171,-8.59,0.00,2,14.51,13.52,8,14.67,187,0.39,0.38,924,0.00,1.00,3,0.5000,17.00,108,0,0.00,11,8.56,5.89,5.10,15.30
375275,-8.59,0.00,2,14.51,13.52,8,14.65,187,0.38,0.36,979,0.00,1.00,3,0.5000,13.50,108,0,0.00,11,8.42,5.95,5.10,15.20
375379,-7.81,0.00,2,14.51,13.44,8,14.64,187,0.37,0.34,1038,0.00,1.00,3,0.5000,12.00,108,0,0.00,11,8.13,5.92,5.10,15.30
375483,-7.81,0.00,2,14.51,13.60,8,14.64,187,0.36,0.33,1052,0.00,1.00,3,0.5000,12.50,108,0,0.00,11,7.84,5.89,5.49,15.40
375587,-7.03,0.00,2,14.51,13.52,8,14.64,187,0.35,0.34,1046,0.00,1.00,3,0.5000,13.50,108,0,0.00,11,7.84,5.81,5.10,15.20
375691,-7.03,0.00,2,14.51,13.52,8,14.64,187,0.34,0.34,1046,0.00,1.00,3,0.5000,15.00,108,0,0.00,11,7.69,5.81,5.10,15.20
375795,-6.25,0.00,2,14.51,13.52,8,14.65,187,0.34,0.33,1015,0.00,1.00,3,0.5000,17.00,108,0,0.00,11,7.55,5.68,5.10,15.20
375899,-6.25,0.00,2,14.51,13.60,8,14.65,187,0.34,0.35,980,0.00,1.00,2,0.5000,17.50,108,0,0.00,11,7.69,5.73,5.49,15.20
376003,-6.25,0.00,2,14.51,13.52,8,14.66,187,0.35,0.38,940,0.00,1.00,2,0.5000,19.00,108,0,0.00,11,7.84,5.81,5.49,15.30
376107,-6.25,0.00,2,14.51,13.52,8,14.66,187,0.36,0.37,940,0.00,1.00,2,0.5000,19.50,108,0,0.00,11,7.98,5.92,5.49,15.30
376211,-6.25,0.00,2,14.51,13.52,8,14.67,187,0.36,0.38,924,0.00,1.00,2,0.5000,20.50,108,0,0.00,11,8.13,5.79,5.49,15.10
376315,-5.47,0.00,2,14.51,13.60,8,14.66,187,0.37,0.38,928,0.00,1.00,2,0.5000,21.00,108,0,0.00,11,8.27,5.84,5.10,14.90
376419,-5.47,0.00,2,14.51,13.52,8,14.67,187,0.37,0.39,896,0.00,1.00,2,0.5000,21.50,108,0,0.00,11,8.42,5.79,5.10,15.10
376523,-4.69,0.00,2,14.51,13.52,8,14.67,187,0.38,0.39,881,0.00,1.00,2,0.5000,21.50,108,0,0.00,11,8.42,5.65,5.10,15.00
376627,-4.69,0.00,2,14.51,13.52,8,14.68,187,0.38,0.39,868,0.00,1.00,2,0.5000,22.00,108,0,0.00,11,8.56,5.76,5.10,15.00
376731,-4.69,0.00,2,14.51,13.52,8,14.68,187,0.39,0.40,846,0.00,1.00,2,0.5000,22.00,108,0,0.00,11,8.71,5.71,5.10,15.00
376835,-4.69,0.00,2,14.51,13.52,8,14.69,187,0.39,0.41,833,0.00,1.00,2,0.5000,22.00,108,0,0.00,11,8.71,5.73,5.10,14.90
376939,-3.91,0.00,2,14.51,13.36,8,14.69,187,0.41,0.42,815,0.00,1.00,2,0.5000,22.00,108,0,0.00,11,9.00,5.84,5.10,15.10
377043,-3.91,0.00,2,14.51,13.20,8,14.69,187,0.42,0.45,783,0.00,1.00,2,0.5000,21.50,108,0,0.00,11,9.14,5.79,5.10,15.00
377147,-3.91,0.00,2,14.51,13.20,8,14.68,187,0.43,0.44,773,0.00,1.00,2,0.5000,21.50,108,0,0.00,11,9.29,5.63,5.10,15.10
377251,-3.12,0.00,2,14.51,13.04,8,14.68,187,0.43,0.44,764,0.00,0.99,2,0.5000,21.50,108,0,0.00,11,9.43,5.60,5.10,15.10
377355,-3.12,0.00,1,14.51,13.04,8,14.67,187,0.43,0.44,753,0.00,0.99,2,0.5000,21.50,108,0,0.00,11,9.43,5.50,5.10,15.10
377460,-3.12,0.00,1,14.51,13.04,8,14.67,187,0.43,0.43,754,0.00,1.00,2,0.5000,21.50,108,0,0.00,11,9.58,5.42,5.10,15.10
377563,-3.12,-2.34,1,14.51,12.96,8,14.67,187,0.43,0.43,748,0.00,1.00,2,0.5000,21.50,108,0,0.00,11,9.58,5.44,5.10,15.10
377667,-3.91,-2.34,1,14.51,12.96,8,14.67,187,0.43,0.44,751,0.00,1.00,2,0.5000,21.50,108,0,0.00,11,9.72,5.47,5.10,15.00
377771,-3.91,-2.34,1,14.51,12.88,8,14.67,187,0.44,0.44,753,0.00,1.00,2,0.5000,21.50,108,0,0.00,11,9.72,5.52,5.10,14.90
377875,-3.91,-2.34,1,14.51,12.88,8,14.67,187,0.43,0.43,746,0.00,1.00,2,0.5000,21.50,108,0,0.00,11,9.72,5.23,5.10,14.80
377979,-3.12,-2.34,1,14.51,12.88,8,14.67,187,0.43,0.43,738,0.00,1.00,2,0.5000,21.50,108,0,0.00,11,9.72,5.31,5.10,14.70
378084,-3.12,-2.34,1,14.51,12.96,8,14.67,187,0.43,0.43,746,0.00,1.00,2,0.5000,20.00,108,0,0.00,11,9.72,5.44,5.10,14.70
378187,-2.34,-2.34,1,14.51,12.96,8,14.67,187,0.43,0.43,765,0.00,1.00,2,0.5000,20.00,108,0,0.00,11,9.72,5.52,5.10,14.90
378291,-2.34,-2.34,1,14.51,12.80,8,14.67,187,0.43,0.43,768,0.00,1.00,2,0.5000,19.00,108,0,0.00,11,9.72,5.47,5.10,14.90
378395,-1.56,-2.34,1,14.51,13.44,8,14.67,187,0.43,0.44,754,0.00,1.00,1,0.5000,19.00,108,0,0.00,11,9.72,5.42,5.10,15.10
378499,-1.56,-2.34,1,14.51,13.68,8,14.67,187,0.43,0.42,761,0.00,1.00,1,0.5000,19.50,108,0,0.00,11,9.72,5.34,5.10,15.10
378603,-0.78,-2.34,1,14.51,13.52,8,14.68,187,0.43,0.42,768,0.00,1.00,1,0.5000,17.00,108,0,0.00,11,9.72,5.42,5.10,15.20
378708,-0.78,-2.34,1,14.51,13.52,8,14.68,187,0.43,0.42,777,0.00,1.00,1,0.5000,16.50,108,0,0.00,11,9.58,5.52,5.10,15.40
378812,-0.78,-2.34,1,14.51,13.60,8,14.68,187,0.42,0.42,796,0.00,1.00,1,0.5000,16.50,108,0,0.00,11,9.58,5.58,5.10,15.20
378916,-0.78,-2.34,1,14.51,13.60,8,14.68,187,0.42,0.42,796,0.00,1.00,1,0.5000,16.50,108,0,0.00,11,9.43,5.52,5.10,15.30
379019,0.00,-2.34,1,14.51,13.52,8,14.68,187,0.42,0.42,791,0.00,1.00,1,0.5000,16.50,108,0,0.00,11,9.43,5.47,5.10,15.10
379124,0.00,-2.34,1,14.51,13.60,8,14.68,187,0.42,0.42,790,0.00,1.00,1,0.5000,16.50,108,0,0.00,11,9.43,5.52,5.10,15.10
379227,0.00,-2.34,1,14.51,13.60,8,14.68,187,0.42,0.42,785,0.00,1.00,1,0.5000,16.50,108,0,0.00,11,9.43,5.44,5.10,15.10
379332,0.00,-2.34,1,14.51,13.60,8,14.68,187,0.42,0.42,781,0.00,1.00,1,0.5000,17.00,108,0,0.00,11,9.43,5.50,5.10,15.10
379436,0.00,-2.34,2,14.51,13.44,8,14.68,187,0.42,0.44,770,0.00,1.00,1,0.5000,17.00,108,0,0.00,11,9.43,5.60,5.10,15.10
379540,0.00,-2.34,1,14.51,13.60,8,14.68,187,0.43,0.43,768,0.00,1.00,1,0.5000,17.00,108,0,0.00,11,9.43,5.55,5.10,15.00
379643,0.00,-2.34,1,14.51,13.60,8,14.68,187,0.43,0.42,764,0.00,1.00,1,0.5000,17.00,108,0,0.00,11,9.43,5.42,5.10,14.90
379748,0.00,-2.34,1,14.51,13.60,8,14.68,187,0.42,0.42,770,0.00,1.00,1,0.5000,16.50,108,0,0.00,11,9.43,5.42,5.10,14.90
379852,0.00,-2.34,1,14.51,13.52,8,14.68,187,0.42,0.43,773,0.00,1.00,1,0.5000,16.50,108,0,0.00,11,9.43,5.52,5.10,14.80
379955,0.00,-2.34,1,14.51,13.52,8,14.68,187,0.42,0.42,789,0.00,1.00,1,0.5000,16.50,108,0,0.00,11,9.43,5.52,5.10,14.80
380059,0.00,-2.34,1,14.51,13.52,8,14.68,187,0.42,0.42,790,0.00,1.00,1,0.5000,16.50,108,0,0.00,11,9.43,5.44,5.10,14.80
380164,0.00,-2.34,1,14.51,13.60,8,14.68,187,0.42,0.42,793,0.00,1.00,1,0.5000,16.50,108,0,0.00,11,9.43,5.63,5.10,14.60
380268,0.00,-2.34,2,14.51,13.52,8,14.68,187,0.42,0.42,804,0.00,1.00,1,0.5000,16.50,108,0,0.00,11,9.43,5.63,5.10,15.10
380372,0.78,-2.34,2,14.51,13.52,8,14.68,187,0.42,0.42,794,0.00,1.00,1,0.5000,16.50,108,0,0.00,11,9.43,5.50,5.10,14.70
380476,0.78,-2.34,1,14.51,13.44,8,14.68,187,0.42,0.42,797,0.00,1.00,1,0.5000,16.50,108,0,0.00,11,9.43,5.55,5.10,14.50
380580,0.78,-2.34,1,14.51,13.52,8,14.68,187,0.42,0.41,800,0.00,1.00,1,0.5000,16.50,108,0,0.00,11,9.29,5.55,5.10,14.70
380684,0.78,-2.34,1,14.51,13.60,8,14.68,187,0.42,0.43,782,0.00,1.00,1,0.5000,16.50,108,0,0.00,11,9.43,5.50,5.10,14.70
380788,0.00,-2.34,1,14.51,13.60,8,14.68,187,0.42,0.42,780,0.00,1.00,1,0.5000,17.00,108,0,0.00,11,9.43,5.58,5.10,15.00
380892,0.78,-2.34,1,14.51,13.44,8,14.68,187,0.42,0.43,778,0.00,1.00,1,0.5000,16.50,108,0,0.00,11,9.43,5.47,5.10,14.50
380995,0.78,-2.34,1,14.51,13.52,8,14.68,187,0.42,0.43,771,0.00,1.00,1,0.5000,16.50,108,0,0.00,11,9.43,5.47,5.10,14.60
381100,0.78,-2.34,1,14.51,13.60,8,14.68,187,0.42,0.43,782,0.00,1.00,1,0.5000,16.50,108,0,0.00,11,9.43,5.55,5.10,14.70
381204,0.78,-2.34,1,14.51,13.52,8,14.68,187,0.42,0.42,786,0.00,1.00,2,0.5000,16.50,108,0,0.00,11,9.43,5.50,5.10,14.60
381308,0.78,-2.34,1,14.51,13.52,8,14.68,187,0.42,0.42,783,0.00,1.00,2,0.5000,16.50,108,0,0.00,11,9.43,5.44,5.10,14.70
381412,0.78,-2.34,1,14.51,13.68,8,14.68,187,0.42,0.42,780,0.00,1.00,2,0.5000,16.50,108,0,0.00,11,9.43,5.50,5.10,14.70
381516,0.78,-2.34,1,14.51,13.52,8,14.68,187,0.42,0.42,787,0.00,1.00,2,0.5000,16.50,108,0,0.00,11,9.29,5.47,5.10,14.60
381620,0.78,-2.34,1,14.51,13.52,8,14.68,189,0.42,0.43,778,0.00,1.00,2,0.5000,16.50,108,0,0.00,11,9.29,5.47,5.10,14.60
381724,0.78,-2.34,1,14.51,13.52,8,14.68,189,0.42,0.42,781,0.00,1.00,2,0.5000,16.50,108,0,0.00,11,9.29,5.44,5.10,14.70
381828,0.00,-2.34,1,14.51,13.60,8,14.68,189,0.42,0.43,777,0.00,1.00,2,0.5000,16.50,108,0,0.00,11,9.29,5.60,5.10,14.60
381932,0.00,-2.34,1,14.51,13.52,8,14.68,189,0.43,0.44,768,0.00,1.00,2,0.5000,16.50,108,0,0.00,11,9.29,5.58,5.10,14.50
382036,0.00,-2.34,1,14.51,13.52,8,14.68,189,0.43,0.43,773,0.00,1.00,2,0.5000,16.50,108,0,0.00,11,9.29,5.55,4.71,14.60
382140,0.00,-2.34,1,14.51,13.52,8,14.68,189,0.43,0.43,772,0.00,1.00,2,0.5000,16.50,108,0,0.00,11,9.29,5.50,5.10,14.50
382244,0.00,-2.34,1,14.51,13.52,8,14.68,189,0.43,0.43,770,0.00,1.00,2,0.5000,16.50,108,0,0.00,11,9.29,5.44,4.71,14.50
382348,0.00,-2.34,1,14.51,13.60,8,14.68,189,0.43,0.43,765,0.00,1.00,2,0.5000,17.00,108,0,0.00,11,9.29,5.44,4.71,14.50
382452,0.00,-2.34,1,14.51,13.60,8,14.68,189,0.43,0.43,764,0.00,1.00,2,0.5000,16.50,108,0,0.00,11,9.43,5.39,4.71,14.40
382556,0.00,-2.34,1,14.51,13.44,8,14.68,189,0.42,0.42,759,0.00,1.00,2,0.5000,16.50,108,0,0.00,11,9.29,5.28,4.71,14.50
382660,-0.78,-2.34,1,14.51,13.52,8,14.68,189,0.42,0.41,764,0.00,1.00,2,0.5000,16.50,108,0,0.00,11,9.29,5.31,4.71,14.40
382764,-0.78,-2.34,1,14.51,13.52,8,14.68,189,0.42,0.42,760,0.00,1.00,2,0.5000,16.50,108,0,0.00,11,9.43,5.42,4.71,14.20
382868,-0.78,-2.34,1,14.51,13.60,8,14.68,189,0.42,0.43,756,0.00,1.00,2,0.5000,17.00,108,0,0.00,11,9.43,5.34,4.71,14.40
382972,-0.78,-2.34,1,14.51,13.68,8,14.68,189,0.43,0.43,744,0.00,1.00,2,0.5000,18.00,108,0,0.00,11,9.58,5.34,4.71,14.30
383076,-0.78,-2.34,1,14.51,13.44,8,14.68,189,0.43,0.42,750,0.00,1.00,2,0.5000,17.00,108,0,0.00,11,9.72,5.28,4.71,14.30
383180,-0.78,-2.34,1,14.51,13.44,8,14.68,189,0.43,0.43,742,0.00,1.00,2,0.5000,16.50,108,0,0.00,11,9.58,5.23,4.71,14.30
383284,-0.78,-2.34,1,14.51,13.52,8,14.68,189,0.42,0.42,750,0.00,1.00,2,0.5000,17.00,108,0,0.00,11,9.58,5.36,4.71,14.30
383389,-0.78,-2.34,1,14.51,13.60,8,14.68,189,0.43,0.43,757,0.00,1.00,2,0.5000,16.50,108,0,0.00,11,9.58,5.36,4.71,14.40
383492,0.00,-2.34,1,14.51,13.68,8,14.68,189,0.42,0.43,742,0.00,1.00,2,0.5000,16.50,108,0,0.00,11,9.58,5.21,4.71,14.50
383596,0.00,-2.34,1,14.51,13.52,8,14.68,189,0.42,0.42,747,0.00,1.00,2,0.5000,16.50,108,0,0.00,11,9.58,5.23,4.71,14.30
383700,0.00,-2.34,1,14.51,13.52,8,14.68,189,0.42,0.42,758,0.00,1.00,2,0.5000,16.50,108,0,0.00,11,9.58,5.31,4.71,14.80
383804,0.00,-2.34,1,14.51,13.52,8,14.68,189,0.42,0.42,750,0.00,1.00,2,0.5000,16.50,108,0,0.00,11,9.58,5.18,4.71,14.80
383908,0.00,-2.34,1,14.51,13.60,8,14.68,189,0.42,0.41,757,0.00,1.00,2,0.5000,16.50,108,0,0.00,11,9.58,5.23,4.71,14.80
384012,0.00,-2.34,1,14.51,13.68,8,14.68,189,0.42,0.41,763,0.00,1.00,2,0.5000,16.50,108,0,0.00,11,9.43,5.15,4.71,14.80
384116,0.00,-2.34,1,14.51,13.44,8,14.68,189,0.42,0.42,752,0.00,1.00,2,0.5000,16.50,108,0,0.00,11,9.43,5.21,4.71,14.70
384220,0.00,-2.34,1,14.51,13.52,8,14.68,189,0.41,0.41,752,0.00,1.00,2,0.5000,17.00,108,0,0.00,11,9.43,5.23,4.71,14.70
384324,0.00,-2.34,1,14.51,13.60,8,14.68,189,0.41,0.41,759,0.00,1.00,2,0.5000,17.00,108,0,0.00,11,9.43,5.13,4.71,14.70
384428,0.00,-2.34,1,14.51,13.44,8,14.68,189,0.41,0.41,756,0.00,1.00,2,0.5000,16.50,108,0,0.00,11,9.43,5.23,4.71,14.90
384532,0.00,-2.34,1,14.51,13.52,8,14.68,189,0.42,0.42,754,0.00,1.00,2,0.5000,17.00,108,0,0.00,11,9.43,5.23,4.71,14.70
384636,0.00,-2.34,1,14.51,13.52,8,14.68,189,0.42,0.42,744,0.00,1.00,2,0.5000,16.50,108,0,0.00,11,9.43,5.21,4.71,14.90
384740,0.00,-2.34,1,14.51,13.52,8,14.68,189,0.42,0.41,748,0.00,1.00,2,0.5000,17.00,108,0,0.00,11,9.43,5.15,4.71,14.70
384844,0.00,-2.34,1,14.51,13.52,8,14.68,189,0.42,0.42,741,0.00,1.00,2,0.5000,16.50,108,0,0.00,11,9.43,5.15,4.71,14.60
384948,0.78,-2.34,1,14.51,13.44,8,14.68,189,0.42,0.42,739,0.00,1.00,2,0.5000,16.50,108,0,0.00,11,9.43,5.16,4.71,14.70
385052,0.00,-2.34,1,14.51,13.60,8,14.68,189,0.42,0.42,747,0.00,1.00,2,0.5000,16.50,108,0,0.00,11,9.43,5.21,4.71,14.70
385156,0.00,-2.34,1,14.51,13.52,8,14.68,189,0.42,0.43,741,0.00,1.00,2,0.5000,16.50,108,0,0.00,11,9.43,5.31,4.71,14.80
385260,0.00,-2.34,1,14.51,13.60,8,14.68,189,0.42,0.43,733,0.00,1.00,2,0.5000,16.50,109,0,0.00,11,9.43,5.18,4.71,15.30
385364,0.00,-2.34,1,14.51,13.44,8,14.68,189,0.42,0.42,732,0.00,1.00,2,0.5000,17.00,109,0,0.00,11,9.43,5.15,4.71,14.50
385468,0.00,-2.34,1,14.51,13.52,8,14.68,189,0.42,0.42,731,0.00,1.00,2,0.5000,17.00,109,0,0.00,11,9.43,5.15,4.71,14.60
385572,0.00,-2.34,1,14.51,13.52,8,14.68,189,0.43,0.44,730,0.00,1.00,2,0.5000,16.50,109,0,0.00,11,9.43,5.26,4.71,14.50
385676,-0.78,-2.34,1,14.51,13.52,8,14.68,189,0.43,0.43,734,0.00,1.00,2,0.5000,16.50,109,0,0.00,11,9.43,5.23,4.71,14.50
385781,-0.78,-2.34,1,14.51,13.60,8,14.68,189,0.43,0.42,741,0.00,1.00,2,0.5000,16.50,109,0,0.00,11,9.43,5.15,4.71,14.50
385884,-0.78,-2.34,1,14.51,13.52,8,14.68,189,0.42,0.42,739,0.00,1.00,2,0.5000,16.50,109,0,0.00,11,9.43,5.13,4.71,14.40
385988,-0.78,-2.34,1,14.51,13.52,8,14.68,189,0.42,0.42,734,0.00,1.00,2,0.5000,16.50,109,0,0.00,11,9.43,5.13,4.71,14.40
386092,-0.78,-2.34,1,14.51,13.52,8,14.68,189,0.42,0.42,727,0.00,1.00,2,0.5000,16.50,109,0,0.00,11,9.43,5.13,4.71,14.50
386196,-0.78,-2.34,1,14.51,13.60,8,14.68,189,0.42,0.43,731,0.00,1.00,2,0.5000,17.00,109,0,0.00,11,9.58,5.26,4.71,14.40
386301,-0.78,-2.34,1,14.51,13.44,8,14.68,189,0.43,0.43,733,0.00,1.00,2,0.5000,16.50,109,0,0.00,11,9.43,5.15,4.71,14.40
386404,-0.78,-2.34,1,14.51,13.60,8,14.68,189,0.43,0.43,725,0.00,1.00,2,0.5000,16.50,109,0,0.00,11,9.58,5.21,4.71,14.40
386508,-0.78,-2.34,1,14.51,13.52,8,14.68,189,0.43,0.43,730,0.00,1.00,2,0.5000,16.50,109,0,0.00,11,9.58,5.21,4.71,14.40
386612,-0.78,-2.34,1,14.51,13.60,8,14.68,189,0.43,0.43,738,0.00,1.00,2,0.5000,16.50,109,0,0.00,11,9.43,5.21,4.71,14.40
386716,-0.78,-2.34,1,14.51,13.52,8,14.68,189,0.43,0.43,732,0.00,1.00,2,0.5000,16.50,109,0,0.00,11,9.43,5.26,4.71,14.50
386820,-0.78,-2.34,1,14.51,13.52,8,14.68,189,0.43,0.42,736,0.00,1.00,2,0.5000,16.50,109,0,0.00,11,9.43,5.18,4.71,14.30
386924,-0.78,-2.34,1,14.51,13.52,8,14.68,189,0.42,0.42,741,0.00,1.00,2,0.5000,16.50,109,0,0.00,11,9.43,5.16,4.71,14.50
387028,-1.56,-2.34,1,14.51,13.44,8,14.68,189,0.42,0.42,736,0.00,1.00,2,0.5000,16.50,109,0,0.00,11,9.43,5.13,4.71,14.50
387132,-1.56,-2.34,1,14.51,13.52,8,14.68,189,0.42,0.42,728,0.00,1.00,2,0.5000,16.50,109,0,0.00,11,9.43,5.13,4.71,14.50
387236,-1.56,-2.34,1,14.51,13.44,8,14.68,189,0.42,0.42,727,0.00,1.00,2,0.5000,16.50,109,0,0.00,11,9.43,5.18,4.71,14.60
387340,-1.56,-2.34,1,14.51,13.60,8,14.68,189,0.43,0.43,732,0.00,1.00,2,0.5000,16.50,109,0,0.00,11,9.43,5.21,4.71,14.60
387444,-1.56,-2.34,1,14.51,13.52,8,14.68,189,0.42,0.42,736,0.00,1.00,2,0.5000,16.50,109,0,0.00,11,9.58,5.18,4.71,14.50
387548,-0.78,-2.34,1,14.51,13.52,8,14.68,189,0.43,0.43,727,0.00,1.00,2,0.5000,16.50,109,0,0.00,11,9.43,5.21,4.71,14.40
387652,-1.56,-2.34,1,14.51,13.60,8,14.68,189,0.43,0.43,726,0.00,1.00,2,0.5000,10.00,109,0,0.00,11,9.58,5.26,3.14,14.50
387756,-1.56,-2.34,1,14.51,13.52,8,14.68,189,0.41,0.39,759,0.00,1.00,2,0.5000,10.00,109,0,0.00,11,9.00,4.41,3.53,14.50
387861,-1.56,-2.34,1,14.51,13.60,8,14.69,189,0.39,0.32,778,0.00,1.13,2,0.5000,10.00,109,0,0.00,11,8.71,4.23,3.53,14.60
387965,-1.56,-2.34,1,14.51,13.60,8,14.69,189,0.37,0.32,790,0.00,1.08,2,0.5000,10.00,109,0,0.00,11,8.56,4.23,3.53,14.60
388068,-1.56,-2.34,1,14.51,13.60,8,14.69,189,0.36,0.33,772,0.00,1.00,2,0.5000,16.50,109,0,0.00,11,8.27,4.17,3.14,14.50
388172,-2.34,-2.34,1,14.51,13.68,8,14.69,189,0.35,0.34,731,0.00,1.00,2,0.5000,17.00,109,0,0.00,11,8.42,4.19,3.14,14.50
388277,-2.34,-2.34,1,14.51,13.60,8,14.69,189,0.35,0.34,738,0.00,1.00,2,0.5000,17.00,109,0,0.00,11,8.27,4.13,3.53,14.50
388381,-1.56,-2.34,1,14.51,13.68,8,14.69,189,0.34,0.33,764,0.00,1.00,2,0.5000,16.50,109,0,0.00,11,8.13,4.11,3.53,14.40
388485,-1.56,-2.34,1,14.51,13.60,8,14.69,189,0.33,0.32,764,0.00,1.00,2,0.5000,19.00,109,0,0.00,11,8.13,4.03,3.53,14.40
388589,-1.56,-2.34,1,14.51,13.60,8,14.69,189,0.33,0.32,766,0.00,1.00,2,0.5000,19.50,109,0,0.00,11,10.01,4.76,12.94,14.50
388693,-1.56,-2.34,2,14.51,13.60,8,14.69,189,0.44,0.68,791,0.00,0.68,2,0.5000,23.50,109,0,0.00,11,12.77,10.46,16.08,15.00
388797,-1.56,-1.56,3,14.51,13.60,8,14.63,189,0.52,0.69,955,0.00,0.82,2,0.5000,29.00,109,0,0.00,11,13.20,10.89,16.08,15.30
388901,-5.47,-1.56,3,14.51,13.44,8,14.61,189,0.53,0.52,1214,0.00,0.98,2,0.5000,32.00,109,0,0.00,11,12.77,10.74,14.90,14.10
389005,0.78,-1.56,3,14.51,13.52,8,14.59,189,0.51,0.48,1346,0.00,0.99,2,0.5000,33.00,109,0,0.00,11,12.33,11.28,14.51,17.50
389109,12.50,-1.56,3,14.51,13.68,8,14.59,189,0.52,0.54,1397,0.00,0.99,2,0.5000,34.00,109,0,0.00,11,12.19,12.56,14.12,16.90
389213,20.31,-0.78,3,14.51,13.60,8,14.59,189,0.52,0.52,1429,0.00,0.99,2,0.5000,36.00,109,0,0.00,11,11.90,12.65,13.33,17.70
389317,18.75,-0.78,3,14.51,13.52,8,14.58,189,0.51,0.50,1522,0.00,0.99,2,0.5000,37.00,109,0,0.00,11,11.61,12.82,13.33,16.90
389421,14.06,-0.78,3,14.51,13.52,8,14.58,189,0.51,0.50,1576,0.00,0.99,2,0.5000,37.50,109,0,0.00,11,11.32,13.49,13.33,15.60
389525,13.28,-0.78,3,14.51,13.52,8,14.58,189,0.52,0.53,1572,0.00,0.99,2,0.5000,38.50,109,0,0.00,11,11.46,14.19,14.12,14.40
389629,14.84,-0.78,3,14.51,13.60,8,14.58,189,0.54,0.56,1572,0.00,0.99,2,0.5000,39.50,109,0,0.00,11,11.61,14.91,14.51,14.40
389733,14.84,-0.78,3,14.51,13.60,8,14.58,189,0.55,0.56,1590,0.00,0.99,2,0.5000,39.50,109,0,0.00,11,11.61,15.27,14.51,14.60
389837,14.06,0.00,3,14.51,13.60,8,14.58,189,0.56,0.56,1596,0.00,0.99,2,0.5000,39.50,109,0,0.00,11,11.75,15.02,14.51,14.40
389941,12.50,0.00,3,14.51,13.44,8,14.58,189,0.56,0.56,1582,0.00,0.99,2,0.5000,39.50,109,0,0.00,11,11.75,15.05,14.51,14.30
390045,10.94,0.00,3,14.51,13.60,8,14.58,189,0.57,0.58,1578,0.00,0.99,2,0.5000,39.50,109,0,0.00,11,11.75,15.14,14.51,14.10
390150,10.16,0.00,3,14.51,13.60,8,14.58,189,0.57,0.58,1588,0.00,0.99,2,0.5000,39.00,109,0,0.50,11,11.90,15.43,14.90,14.10
390253,9.38,0.00,3,14.51,13.68,8,14.58,189,0.59,0.60,1589,0.00,0.99,2,0.5000,38.50,109,0,0.50,11,12.04,16.26,15.29,14.00
390357,9.38,0.00,3,14.51,13.44,8,14.58,189,0.60,0.63,1585,0.00,0.99,2,0.5000,38.50,109,0,0.50,11,12.04,16.25,15.69,14.20
390461,8.59,2.34,3,14.51,13.44,8,14.58,189,0.61,0.63,1595,0.00,0.99,2,0.5000,38.50,109,0,0.50,11,12.48,16.91,17.25,14.20
390565,7.81,2.34,3,14.51,13.52,8,14.58,189,0.63,0.67,1626,0.00,0.95,2,0.5000,38.00,109,0,1.00,11,12.77,18.15,18.43,14.20
390669,7.81,2.34,3,14.51,13.52,8,14.58,189,0.65,0.66,1656,0.00,0.99,2,0.5000,37.50,109,0,1.00,11,12.91,18.50,18.43,14.10
390773,7.81,2.34,3,14.51,13.60,8,14.58,189,0.66,0.66,1686,0.00,0.99,2,0.5000,37.50,109,0,1.00,11,12.91,18.93,18.43,14.30
390877,7.03,2.34,3,14.51,13.60,8,14.58,189,0.66,0.67,1690,0.00,0.99,2,0.5000,37.50,109,0,1.00,11,12.77,18.93,18.04,14.30
390981,6.25,2.34,3,14.51,13.44,8,14.58,189,0.67,0.66,1700,0.00,0.99,2,0.5000,37.50,109,0,1.00,11,12.77,19.36,18.04,14.20
391085,5.47,2.34,3,14.51,13.60,8,14.58,190,0.67,0.68,1712,0.00,0.99,2,0.5000,37.50,109,0,1.00,11,12.77,19.80,18.43,14.20
391190,4.69,2.34,3,14.51,13.60,8,14.58,190,0.68,0.68,1722,0.00,0.99,2,0.5000,37.50,109,0,1.00,11,12.77,19.58,18.43,14.20
391293,4.69,2.34,3,14.51,13.52,8,14.58,190,0.68,0.67,1736,0.00,0.99,2,0.5000,37.50,109,0,1.00,11,12.77,19.58,18.43,14.30
391397,3.12,2.34,3,14.51,13.60,8,14.58,190,0.68,0.68,1742,0.00,0.99,2,0.5000,37.50,109,0,1.00,11,12.77,20.46,18.04,14.20
391502,3.12,2.34,3,14.51,13.44,8,14.58,190,0.69,0.69,1764,0.00,0.99,2,0.5000,37.50,109,0,1.00,11,12.77,20.13,18.04,14.30
391605,2.34,2.34,3,14.51,13.44,8,14.58,190,0.69,0.69,1771,0.00,0.99,2,0.5000,37.00,109,0,1.00,11,12.77,20.79,18.04,14.30
391709,1.56,2.34,3,14.51,13.60,8,14.58,190,0.70,0.70,1778,0.00,0.99,2,0.5000,37.00,109,0,1.00,11,12.77,20.69,18.04,14.20
391813,0.78,2.34,3,14.51,13.52,8,14.58,190,0.69,0.69,1784,0.00,0.99,2,0.5000,37.00,109,0,1.00,11,12.77,20.68,18.04,14.20
391918,0.78,2.34,3,14.51,13.52,8,14.58,190,0.69,0.69,1794,0.00,0.99,2,0.5000,37.50,109,0,1.00,11,12.77,20.90,18.04,14.20
392021,0.78,2.34,3,14.51,13.44,8,14.57,190,0.69,0.70,1801,0.00,0.99,2,0.5000,37.50,109,0,0.50,11,12.62,20.69,17.25,14.40
392125,0.00,2.34,3,14.51,13.44,8,14.57,190,0.69,0.68,1795,0.00,0.99,2,0.5000,37.50,109,0,0.50,11,12.48,20.27,16.47,14.40
392229,-0.78,2.34,3,14.51,13.44,8,14.57,190,0.68,0.67,1797,0.00,1.00,2,0.5000,38.00,109,0,0.50,11,12.19,20.28,16.86,14.30
392333,-1.56,2.34,3,14.51,13.60,8,14.58,190,0.68,0.67,1795,0.00,1.00,2,0.5000,37.50,109,0,0.50,11,12.33,20.51,16.86,14.20
392437,-0.78,2.34,3,14.51,13.52,8,14.58,190,0.68,0.68,1794,0.00,1.00,2,0.5000,37.50,109,0,0.50,11,12.33,20.29,16.86,14.40
392541,-0.78,2.34,3,14.51,13.36,8,14.57,190,0.68,0.68,1816,0.00,1.00,2,0.5000,37.50,109,0,0.50,11,12.33,20.51,16.86,14.40
392645,-0.78,2.34,3,14.51,13.52,8,14.57,190,0.68,0.67,1823,0.00,1.00,2,0.5000,38.00,109,0,0.50,11,12.33,20.51,16.86,14.50
392749,-0.78,2.34,3,14.51,13.52,8,14.57,190,0.68,0.68,1832,0.00,1.00,2,0.5000,38.00,109,0,0.50,11,12.19,20.73,16.86,14.40
392853,-1.56,2.34,3,14.51,13.52,8,14.57,190,0.68,0.67,1839,0.00,1.00,2,0.5000,36.00,109,0,-1.50,12,12.33,20.84,16.86,14.40
392957,-1.56,2.34,3,14.51,13.52,8,14.57,190,0.67,0.67,1836,-2.00,1.00,2,0.5000,36.00,109,0,-1.50,12,12.19,20.52,16.86,14.40
393061,-0.78,2.34,3,14.51,13.60,8,14.57,190,0.67,0.67,1842,-2.00,1.00,2,0.5000,36.00,109,1,-1.50,12,12.19,20.74,16.86,14.50
393165,-0.78,2.34,3,14.51,13.60,8,14.57,190,0.67,0.67,1868,-2.00,1.00,2,0.5000,36.50,111,0,-1.50,12,12.19,20.73,16.86,14.40
393269,-0.78,2.34,3,14.51,13.52,8,14.57,190,0.67,0.67,1877,-2.00,1.00,2,0.5000,36.50,111,0,-1.50,12,12.19,20.96,16.86,14.60
393373,-0.78,2.34,3,14.51,13.52,8,14.57,190,0.67,0.68,1873,-2.00,1.00,2,0.5000,36.50,111,1,-1.50,12,12.19,21.07,16.86,14.40
393477,-0.78,2.34,3,14.51,13.52,8,14.57,190,0.67,0.66,1886,-2.00,1.00,2,0.5000,36.50,111,1,-1.50,12,12.19,21.07,16.86,14.50
393581,0.00,2.34,3,14.51,13.52,8,14.57,190,0.67,0.66,1913,-2.00,1.00,2,0.5000,36.50,111,1,-2.00,12,12.04,21.18,16.86,14.50
393685,0.00,2.34,3,14.51,13.52,8,14.57,190,0.66,0.66,1922,-2.00,1.00,2,0.5000,37.00,111,1,-2.00,12,12.19,21.18,16.86,14.50
393790,0.00,2.34,3,14.51,13.52,8,14.57,190,0.67,0.67,1917,-2.00,1.00,2,0.5000,37.00,111,1,-2.00,12,12.04,21.40,16.86,14.60
393893,0.00,2.34,3,14.51,13.52,8,14.57,190,0.66,0.65,1944,-2.00,1.00,2,0.5000,37.00,111,1,-2.00,12,12.04,21.40,16.86,14.50
393997,0.00,2.34,3,14.51,13.52,8,14.57,190,0.66,0.66,1941,-2.00,1.00,2,0.5000,37.50,111,2,-2.00,12,12.04,21.18,16.86,14.50
394101,0.00,2.34,3,14.51,13.44,8,14.57,190,0.66,0.65,1948,-2.00,1.00,2,0.5000,37.00,111,2,-2.00,12,12.04,21.41,16.86,14.40
394205,0.78,2.34,3,14.51,13.52,8,14.57,190,0.66,0.66,1975,-2.00,1.00,2,0.5000,37.50,111,2,-2.00,12,12.04,21.62,16.86,14.50
394310,0.78,2.34,3,14.51,13.52,8,14.57,190,0.66,0.65,1972,-2.00,1.00,2,0.5000,37.00,111,2,-2.00,12,12.04,21.84,16.86,14.50
394413,0.78,2.34,3,14.51,13.60,8,14.57,190,0.66,0.66,1998,-2.00,1.00,2,0.5000,37.50,111,2,-2.00,12,12.04,21.62,16.86,14.50
394517,0.78,2.34,3,14.51,13.52,8,14.57,190,0.66,0.66,1994,-2.00,1.00,2,0.5000,37.50,111,2,-2.00,12,12.04,21.74,16.86,14.50
394621,0.78,2.34,3,14.51,13.52,8,14.57,190,0.65,0.65,2019,-2.00,1.00,2,0.5000,37.50,111,2,-2.00,12,11.90,21.73,16.86,14.50
394725,1.56,2.34,3,14.51,13.60,8,14.57,190,0.65,0.64,2014,-2.00,1.00,2,0.5000,37.50,111,3,-2.00,12,11.90,21.96,16.86,14.40
394829,1.56,2.34,3,14.51,13.60,8,14.57,190,0.65,0.64,2039,-2.00,1.00,2,0.5000,39.00,111,0,-1.00,12,12.04,21.85,16.86,14.70
394933,2.34,2.34,3,14.51,13.60,8,14.57,189,0.64,0.65,2027,-1.00,1.00,2,0.5000,39.00,111,0,-1.00,12,11.90,21.84,16.47,14.30
395037,2.34,2.34,3,14.51,13.52,8,14.57,189,0.64,0.64,2057,-1.00,1.00,2,0.5000,39.00,111,0,-1.00,12,11.90,21.74,16.47,14.80
395141,0.78,2.34,3,14.51,13.52,8,14.57,189,0.64,0.63,2052,-1.00,1.00,2,0.5000,39.00,111,0,-1.00,12,11.75,21.86,15.69,14.40
395246,0.78,2.34,3,14.51,13.60,8,14.57,189,0.62,0.59,2077,-1.00,1.04,2,0.5000,40.00,111,0,-1.00,12,11.03,19.45,13.73,14.40
395350,-1.56,2.34,3,14.51,13.60,8,14.58,189,0.58,0.56,2058,-1.00,1.00,2,0.5000,41.50,111,0,-1.00,12,10.59,19.24,13.73,14.30
395454,-2.34,2.34,3,14.51,13.52,8,14.58,189,0.56,0.55,2072,-1.00,1.00,2,0.5000,42.00,111,0,-1.00,12,10.45,18.83,13.73,14.10
395557,-3.12,2.34,3,14.51,13.60,8,14.58,189,0.55,0.54,2082,-1.00,1.00,2,0.5000,42.50,111,0,-1.00,12,10.30,18.87,13.73,14.10
395661,-3.12,2.34,3,14.51,13.60,8,14.58,189,0.55,0.55,2076,-0.98,1.00,2,0.5000,42.50,111,0,-1.00,12,10.30,18.89,13.73,14.20
395766,-2.34,2.34,3,14.51,13.36,8,14.58,189,0.55,0.56,2104,-0.92,1.00,2,0.5000,42.50,111,1,-1.00,12,10.30,19.12,14.12,14.50
395870,-1.56,2.34,3,14.51,13.36,8,14.58,189,0.55,0.55,2104,-0.86,1.00,2,0.5000,42.50,111,19,-1.00,12,10.16,19.45,14.12,15.10
395974,-1.56,2.34,3,14.51,13.12,8,14.58,189,0.55,0.55,2128,-0.80,1.00,2,0.5000,42.50,111,35,-1.00,12,10.59,19.45,14.12,14.50
396078,-4.69,2.34,3,14.51,13.36,8,14.58,189,0.54,0.54,2130,-0.74,1.00,2,0.5000,42.50,111,48,-0.50,12,11.17,19.42,15.29,14.50
396182,-11.72,2.34,3,14.51,13.68,8,14.58,189,0.56,0.57,2086,-0.68,1.00,2,0.5000,42.50,111,49,-0.50,12,11.46,19.60,14.90,14.20
396286,-14.06,2.34,3,14.51,13.52,8,14.58,189,0.55,0.55,2125,-0.62,1.00,2,0.5000,43.00,111,49,-0.50,12,11.46,19.28,14.90,13.90
396390,-10.94,2.34,3,14.51,13.52,8,14.58,189,0.55,0.55,2135,-0.57,1.00,2,0.5000,43.00,111,49,-0.50,12,11.32,19.39,14.90,14.50
396493,-8.59,2.34,3,14.51,13.52,8,14.58,189,0.55,0.55,2120,-0.50,1.00,2,0.5000,43.00,111,49,-0.50,12,11.46,19.16,14.90,15.50
396598,-7.81,2.34,3,14.51,13.44,8,14.58,189,0.54,0.53,2118,-0.45,1.00,2,0.5000,42.50,111,49,-0.50,12,11.61,19.15,15.29,15.80
396702,-7.03,2.34,3,14.51,13.52,8,14.58,189,0.54,0.54,2150,-0.38,1.00,2,0.5000,42.50,111,49,-0.50,12,11.46,19.27,14.90,15.60
396806,-7.03,2.34,3,14.51,13.52,8,14.58,189,0.53,0.53,2178,-0.33,1.00,2,0.5000,42.50,111,49,-0.50,12,11.46,19.27,14.90,15.30
396909,-5.47,2.34,3,14.51,13.60,8,14.58,189,0.53,0.53,2150,-0.26,1.00,2,0.5000,42.50,111,49,0.00,12,11.46,19.16,14.90,15.30
397013,-3.91,2.34,3,14.51,13.44,8,14.58,189,0.53,0.53,2159,-0.21,1.00,2,0.5000,42.50,111,49,0.00,12,11.32,18.95,15.29,15.80
397117,-6.25,2.34,3,14.51,13.44,8,14.58,189,0.53,0.53,2191,-0.14,1.00,2,0.5000,42.50,111,49,0.00,12,11.17,19.40,15.29,15.60
397222,-4.69,2.34,3,14.51,13.52,8,14.58,189,0.53,0.53,2194,-0.09,1.00,2,0.5000,43.00,111,49,0.00,12,11.17,19.51,14.90,15.30
397326,-3.91,2.34,3,14.51,13.52,8,14.58,189,0.53,0.53,2220,-0.02,1.00,2,0.5000,43.00,111,49,0.00,12,11.17,19.50,14.90,15.40
397429,-5.47,2.34,3,14.51,13.60,8,14.58,189,0.53,0.52,2212,0.00,1.00,2,0.5000,43.00,111,49,0.00,12,11.17,19.72,14.90,14.60
397534,-5.47,2.34,3,14.51,13.52,8,14.58,189,0.53,0.52,2196,0.00,1.00,2,0.5000,43.00,111,49,0.00,12,11.17,19.50,14.90,15.30
397638,-7.03,2.34,3,14.51,13.44,8,14.58,189,0.52,0.51,2213,0.00,1.00,2,0.5000,42.50,111,49,0.00,12,11.17,19.40,14.90,15.30
397742,-7.03,2.34,3,14.51,13.52,8,14.58,189,0.52,0.52,2244,0.00,1.00,2,0.5000,42.50,111,49,0.00,12,11.17,18.86,14.90,15.60
397846,-7.03,2.34,3,14.51,13.52,8,14.58,189,0.52,0.51,2244,0.00,1.00,2,0.5000,42.50,111,49,0.00,12,11.03,19.30,14.90,15.10
397950,-7.03,2.34,3,14.51,13.60,8,14.58,189,0.52,0.53,2264,0.00,1.00,2,0.5000,42.50,111,50,0.00,12,11.03,19.20,14.90,14.80
398053,-6.25,2.34,3,14.51,13.52,8,14.58,189,0.52,0.52,2257,0.00,1.00,2,0.5000,42.50,111,49,0.00,12,11.03,19.74,14.90,15.10
398158,-5.47,2.34,3,14.51,13.44,8,14.58,189,0.52,0.51,2294,0.00,1.00,2,0.5000,42.50,111,49,0.00,12,10.88,19.63,14.90,15.30
398262,-5.47,2.34,3,14.51,13.52,8,14.58,189,0.52,0.51,2271,0.00,1.00,2,0.5000,42.50,111,50,0.00,12,10.88,19.75,14.90,14.80
398366,-4.69,2.34,3,14.51,13.60,8,14.58,189,0.52,0.52,2284,0.00,1.00,2,0.5000,42.50,111,50,0.00,12,10.74,19.75,14.90,15.10
398470,-3.91,2.34,3,14.51,13.68,8,14.58,189,0.51,0.51,2289,0.00,1.00,2,0.5000,42.50,111,50,0.00,12,10.74,19.53,14.90,16.00
398574,-2.34,2.34,3,14.51,13.44,8,14.58,189,0.51,0.51,2292,0.00,1.00,2,0.5000,42.50,111,50,0.00,12,10.74,19.75,14.90,15.70
398678,-4.69,2.34,3,14.51,13.52,8,14.59,189,0.51,0.51,2310,0.00,1.00,2,0.5000,42.50,111,50,0.00,12,10.74,19.97,14.90,15.50
398782,-3.12,2.34,3,14.51,13.44,8,14.58,189,0.52,0.51,2305,0.00,1.00,2,0.5000,42.50,111,50,0.00,12,10.74,20.08,14.90,14.90
398886,-3.12,2.34,3,14.51,13.52,8,14.59,189,0.51,0.51,2358,0.00,1.00,2,0.5000,42.50,111,50,0.00,12,10.59,19.54,14.90,14.90
398990,-2.34,2.34,3,14.51,13.52,8,14.59,189,0.51,0.51,2362,0.00,1.00,2,0.5000,42.50,109,50,0.00,12,10.59,20.20,14.90,15.10
399094,-2.34,2.34,3,14.51,12.40,8,14.59,189,0.51,0.51,2372,0.00,1.00,2,0.5000,42.50,109,50,0.00,12,10.59,20.09,14.90,14.80
399198,-1.56,2.34,3,14.51,13.04,8,14.59,189,0.51,0.51,2387,0.00,1.00,2,0.5000,42.50,109,50,0.00,12,10.59,20.42,14.90,15.00
399302,-1.56,2.34,3,14.51,13.44,8,14.59,189,0.51,0.52,2374,0.00,1.00,2,0.5000,42.50,109,50,0.00,12,10.59,20.75,14.90,14.50
399406,-1.56,2.34,3,14.51,13.52,8,14.59,189,0.52,0.52,2393,0.00,1.00,2,0.5000,43.00,109,50,0.00,12,10.59,20.96,14.90,14.80
399510,0.00,2.34,3,14.51,13.52,8,14.59,189,0.52,0.52,2388,0.00,1.00,2,0.5000,42.50,109,51,0.00,12,10.30,20.74,14.90,14.70
399615,-1.56,2.34,3,14.51,13.44,8,14.59,189,0.52,0.51,2388,0.00,1.00,2,0.5000,42.50,109,50,0.00,12,10.30,20.96,14.90,15.00
399718,-0.78,2.34,3,14.51,13.52,8,14.59,189,0.52,0.51,2398,0.00,1.00,2,0.5000,42.50,109,50,0.00,12,10.30,20.76,14.90,14.90
399822,-2.34,2.34,3,14.51,13.44,8,14.59,189,0.52,0.52,2424,0.00,1.00,2,0.5000,42.50,109,50,0.00,12,10.16,20.85,14.90,14.80
399926,-2.34,2.34,3,14.51,13.52,8,14.59,189,0.52,0.52,2430,0.00,1.00,2,0.5000,42.50,109,51,0.00,12,10.16,20.87,14.90,14.60
400030,-1.56,2.34,3,14.51,13.52,8,14.59,189,0.52,0.52,2427,0.00,1.00,2,0.5000,42.50,109,50,0.00,12,10.45,21.08,14.90,14.50
400134,-3.12,2.34,3,14.51,13.44,8,14.59,189,0.51,0.51,2425,0.00,1.00,2,0.5000,42.50,109,50,0.00,12,10.30,20.65,14.90,15.10
400238,-2.34,2.34,3,14.51,13.52,8,14.59,189,0.51,0.51,2450,0.00,1.00,2,0.5000,42.50,109,50,0.00,12,10.30,21.29,14.90,14.20
400342,-2.34,2.34,3,14.51,13.52,8,14.59,189,0.51,0.52,2458,0.00,1.00,2,0.5000,42.50,109,50,0.00,12,10.30,20.86,14.90,15.70
400445,-2.34,2.34,3,14.51,13.52,8,14.59,189,0.51,0.51,2452,0.00,1.00,2,0.5000,42.50,109,50,0.00,12,10.16,21.08,14.90,15.60
400550,-2.34,2.34,3,14.51,13.44,8,14.59,189,0.51,0.50,2464,0.00,1.00,2,0.5000,42.50,109,50,0.00,12,10.16,20.97,14.90,15.20
400654,-3.12,2.34,3,14.51,13.44,8,14.59,189,0.51,0.50,2480,0.00,1.00,2,0.5000,42.50,109,51,0.00,12,10.01,20.86,14.90,16.40
400758,-1.56,2.34,3,14.51,13.44,8,14.59,189,0.51,0.51,2474,0.00,1.00,2,0.5000,42.50,109,51,0.00,12,10.01,21.09,14.90,17.00
400862,-3.12,2.34,3,14.51,13.52,8,14.59,189,0.51,0.51,2482,0.00,1.00,2,0.5000,42.50,109,50,0.00,12,10.16,20.97,14.90,16.60
400966,-3.12,2.34,3,14.51,13.52,8,14.59,189,0.50,0.50,2490,0.00,1.00,2,0.5000,42.50,109,50,0.00,12,10.16,21.08,14.90,16.50
401070,-3.91,2.34,3,14.51,13.44,8,14.59,189,0.50,0.51,2520,0.00,1.00,2,0.5000,42.50,109,50,0.00,12,10.16,21.19,14.90,14.80
401174,-5.47,2.34,3,14.51,13.44,8,14.59,189,0.51,0.50,2495,0.00,1.00,2,0.5000,42.50,109,51,0.00,12,10.01,21.30,14.90,14.40
401278,-3.12,2.34,3,14.51,13.44,8,14.59,189,0.50,0.50,2526,0.00,1.00,2,0.5000,42.50,109,51,0.00,12,9.87,21.30,14.90,15.60
401382,-3.91,2.34,3,14.51,13.60,8,14.59,189,0.50,0.50,2542,0.00,1.00,2,0.5000,42.50,109,51,0.00,12,10.16,21.09,14.90,14.60
401486,-6.25,2.34,3,14.51,13.52,8,14.59,189,0.50,0.50,2518,0.00,1.00,2,0.5000,42.50,108,51,0.00,12,10.16,21.19,14.90,13.10
401590,-5.47,2.34,3,14.51,13.52,8,14.59,189,0.51,0.51,2550,0.00,1.00,2,0.5000,42.50,108,51,0.00,12,10.16,21.63,14.90,14.90
401694,-6.25,2.34,3,14.51,13.44,8,14.59,189,0.51,0.51,2541,0.00,1.00,2,0.5000,42.50,108,51,0.00,12,10.01,21.09,14.90,16.30
401798,-6.25,2.34,3,14.51,13.44,8,14.59,189,0.50,0.50,2536,0.00,1.00,2,0.5000,42.50,108,51,0.00,12,9.87,21.30,14.90,17.30
401902,-7.81,2.34,3,14.51,13.52,8,14.60,189,0.50,0.50,2567,0.00,1.00,2,0.5000,42.50,108,51,0.00,12,10.01,20.99,14.90,15.80
402006,-7.81,2.34,3,14.51,13.60,8,14.60,189,0.49,0.49,2549,0.00,1.00,2,0.5000,42.00,108,51,0.00,12,10.01,21.08,14.90,14.90
402109,-6.25,2.34,3,14.51,13.44,8,14.60,189,0.50,0.50,2565,0.00,1.00,2,0.5000,42.50,108,51,0.00,12,10.16,21.19,14.90,13.10
402214,-7.03,2.34,3,14.51,13.36,8,14.60,189,0.50,0.50,2554,0.00,1.00,2,0.5000,42.50,108,51,0.00,12,9.87,21.52,14.90,14.80
402318,-6.25,2.34,3,14.51,13.52,8,14.60,189,0.50,0.50,2583,0.00,1.00,2,0.5000,42.50,108,51,0.00,12,9.87,21.52,14.90,15.40
402422,-8.59,2.34,3,14.51,13.52,8,14.60,189,0.50,0.49,2560,0.00,1.00,2,0.5000,42.00,108,51,0.00,12,10.01,21.21,14.90,15.70
402526,-7.81,2.34,3,14.51,13.60,8,14.60,189,0.49,0.49,2598,0.00,1.00,2,0.5000,42.00,108,50,0.00,12,10.01,21.31,14.90,17.00
402630,-7.03,2.34,3,14.51,13.44,8,14.60,189,0.49,0.49,2592,0.00,1.00,2,0.5000,42.00,108,51,0.00,12,9.87,21.53,14.90,14.90
402734,-7.81,2.34,3,14.51,13.44,8,14.60,189,0.50,0.50,2612,0.00,1.00,2,0.5000,42.50,108,51,0.00,12,9.72,21.97,14.90,14.80
402838,-9.38,2.34,3,14.51,13.44,8,14.60,189,0.49,0.49,2598,0.00,1.00,2,0.5000,42.00,108,51,0.00,12,10.01,21.10,14.90,13.20
402942,-9.38,2.34,3,14.51,13.52,8,14.60,189,0.49,0.49,2614,0.00,1.00,2,0.5000,42.00,108,51,0.00,12,10.01,21.32,14.90,14.40
403046,-8.59,2.34,3,14.51,13.60,8,14.60,189,0.49,0.49,2593,0.00,1.00,2,0.5000,42.00,108,51,0.00,12,9.87,21.53,14.90,15.60
403150,-9.38,2.34,3,14.51,13.44,8,14.60,189,0.49,0.49,2616,0.00,1.01,2,0.5000,42.00,108,51,0.00,12,9.72,21.53,14.90,15.40
403254,-10.16,2.34,3,14.51,13.44,8,14.60,189,0.49,0.49,2607,0.00,1.01,2,0.5000,42.00,108,51,0.00,12,9.87,21.32,14.90,15.20
403358,-10.16,2.34,3,14.51,13.52,8,14.60,189,0.49,0.49,2629,0.00,1.01,2,0.5000,42.00,108,51,0.00,12,9.58,21.32,14.90,14.80
403462,-8.59,2.34,3,14.51,13.60,8,14.60,189,0.49,0.49,2598,0.00,1.01,2,0.5000,42.00,108,51,0.00,12,9.72,21.09,14.90,15.20
403566,-8.59,2.34,3,14.51,13.68,8,14.60,189,0.49,0.49,2632,0.00,1.01,2,0.5000,42.00,108,51,0.00,12,9.87,21.21,14.90,15.10
403671,-9.38,2.34,3,14.51,13.52,8,14.60,189,0.48,0.48,2621,0.00,1.02,2,0.5000,42.00,108,51,0.00,12,9.87,21.31,14.90,17.40
403775,-8.59,2.34,3,14.51,13.44,8,14.60,189,0.49,0.49,2650,0.00,1.02,2,0.5000,42.00,108,51,0.00,12,9.72,21.31,14.90,15.30
403879,-9.38,2.34,3,14.51,13.52,8,14.60,189,0.49,0.49,2628,0.00,1.02,2,0.5000,42.00,108,51,0.00,12,9.72,21.54,14.90,15.30
403982,-7.03,2.34,3,14.51,13.60,8,14.60,189,0.48,0.48,2616,0.00,1.02,2,0.5000,42.00,108,51,0.00,12,9.87,21.31,14.90,15.80
404086,-7.03,2.34,3,14.51,13.60,8,14.60,189,0.48,0.48,2661,0.00,1.02,2,0.5000,42.00,108,51,0.00,12,10.01,21.09,14.90,15.80
404190,-8.59,2.34,3,14.51,13.52,8,14.60,189,0.49,0.49,2635,0.00,1.02,2,0.5000,42.00,108,51,0.00,12,9.72,21.32,14.90,17.90
404294,-8.59,2.34,3,14.51,13.44,8,14.60,189,0.49,0.48,2644,0.00,1.03,2,0.5000,42.00,108,51,0.00,12,9.87,21.20,14.90,15.00
404398,-7.81,2.34,3,14.51,13.44,8,14.60,189,0.48,0.48,2637,0.00,1.03,2,0.5000,42.00,108,51,0.00,12,10.01,21.31,14.90,15.30
404502,-5.47,2.34,3,14.51,13.60,8,14.60,189,0.48,0.48,2665,0.00,1.03,2,0.5000,42.00,108,51,0.00,12,9.72,21.31,14.90,16.20
404606,-6.25,2.34,3,14.51,13.60,8,14.60,189,0.48,0.48,2655,0.00,1.03,2,0.5000,42.00,108,51,0.00,12,9.72,21.31,14.90,16.00
404710,-7.81,2.34,3,14.51,13.52,8,14.60,189,0.48,0.47,2646,0.00,1.04,2,0.5000,42.00,108,51,0.00,12,10.01,21.31,14.90,16.00
404814,-6.25,2.34,3,14.51,13.52,8,14.60,189,0.48,0.48,2669,0.00,1.04,2,0.5000,42.00,108,51,0.00,12,9.72,21.31,14.90,15.20
404918,-4.69,2.34,3,14.51,13.44,8,14.60,189,0.48,0.47,2664,0.00,1.04,2,0.5000,42.00,108,51,0.00,12,9.72,21.54,14.90,15.40
405022,-5.47,2.34,3,14.51,13.60,8,14.60,189,0.48,0.48,2669,0.00,1.04,2,0.5000,42.00,108,51,0.00,12,9.87,21.32,14.90,15.70
405126,-6.25,2.34,3,14.51,13.60,8,14.60,189,0.48,0.48,2694,0.00,1.04,2,0.5000,42.00,108,51,0.00,12,9.72,21.09,14.90,15.60
405230,-5.47,2.34,3,14.51,13.44,8,14.60,189,0.48,0.47,2677,0.00,1.04,2,0.5000,42.00,108,51,0.00,12,9.72,21.42,14.90,15.80
405334,-6.25,2.34,3,14.51,13.52,8,14.60,189,0.48,0.48,2698,0.00,1.05,2,0.5000,42.00,108,51,0.00,12,9.87,21.09,14.90,14.70
405439,-3.12,2.34,3,14.51,13.44,8,14.60,189,0.47,0.47,2697,0.00,1.05,2,0.5000,41.50,108,51,0.00,12,10.01,21.10,14.90,16.10
405542,-4.69,2.34,3,14.51,13.60,8,14.59,189,0.47,0.47,2682,0.00,1.05,2,0.5000,41.50,108,51,0.00,12,9.72,21.32,14.90,16.20
405647,-4.69,2.34,3,14.51,13.60,8,14.59,189,0.47,0.47,2710,0.00,1.05,2,0.5000,41.50,108,29,0.00,12,9.29,21.31,14.90,15.80
405750,0.00,2.34,3,14.51,13.60,8,14.59,189,0.48,0.49,2750,0.00,1.05,2,0.5000,42.00,108,2,0.00,12,8.85,22.00,14.90,14.60
405854,8.59,2.34,3,14.51,13.44,8,14.59,189,0.48,0.48,2746,0.00,1.05,2,0.5000,42.00,108,0,0.00,12,8.71,22.22,14.90,16.60
405959,3.91,2.34,3,14.51,13.44,8,14.59,189,0.48,0.48,2766,0.00,1.05,2,0.5000,42.00,108,0,0.00,12,8.56,22.23,14.90,15.40
406062,1.56,2.34,3,14.51,13.52,8,14.59,189,0.48,0.48,2765,0.00,1.05,2,0.5000,42.00,108,0,0.00,12,8.56,22.34,14.90,14.10
406167,0.78,2.34,3,14.51,13.52,8,14.59,189,0.48,0.49,2794,0.00,1.05,2,0.5000,42.00,108,0,0.00,12,8.56,22.02,14.90,14.30
406271,0.00,2.34,3,14.51,13.52,8,14.59,189,0.48,0.48,2799,0.00,1.06,2,0.5000,42.00,108,0,0.00,12,8.56,22.24,14.90,14.30
406375,0.00,2.34,3,14.51,13.52,8,14.59,189,0.48,0.48,2808,0.00,1.05,2,0.5000,42.00,108,0,0.00,12,8.42,22.24,14.90,14.20
406479,-0.78,2.34,3,14.51,13.44,8,14.59,189,0.48,0.47,2797,0.00,1.06,2,0.5000,42.00,108,0,0.00,12,8.56,22.01,14.90,14.40
406582,-0.78,2.34,3,14.51,13.52,8,14.59,189,0.48,0.47,2802,0.00,1.05,2,0.5000,42.00,108,0,0.00,12,8.42,22.34,14.90,14.40
406686,-0.78,2.34,3,14.51,13.52,8,14.58,187,0.48,0.48,2810,0.00,1.05,2,0.5000,42.00,108,0,0.00,12,8.42,22.34,14.90,14.40
406791,-1.56,2.34,3,14.51,13.60,8,14.58,187,0.48,0.48,2823,0.00,1.05,2,0.5000,42.00,108,0,0.00,12,8.42,22.46,14.90,14.40
406894,-1.56,2.34,3,14.51,13.44,8,14.58,187,0.47,0.47,2844,0.00,1.06,2,0.5000,42.00,108,0,0.00,12,8.42,22.24,14.90,14.40
406999,-1.56,2.34,3,14.51,13.44,8,14.58,187,0.47,0.47,2858,0.00,1.06,2,0.5000,42.00,108,0,0.00,12,8.42,22.46,14.51,14.40
407102,-0.78,2.34,3,14.51,13.52,8,14.58,187,0.47,0.47,2866,0.00,1.06,2,0.5000,42.00,108,0,0.00,12,8.27,22.58,14.90,14.50
407207,-1.56,2.34,3,14.51,13.52,8,14.58,187,0.47,0.47,2873,0.00,1.06,2,0.5000,42.00,108,0,0.00,12,8.42,22.13,14.90,14.50
407311,-1.56,2.34,3,14.51,13.52,8,14.58,187,0.47,0.47,2878,0.00,1.06,2,0.5000,42.00,108,0,0.00,12,8.27,22.35,14.90,14.50
407415,-0.78,2.34,3,14.51,13.52,8,14.58,187,0.47,0.47,2890,0.00,1.06,2,0.5000,42.00,108,0,0.00,12,8.27,22.59,14.51,14.60
407519,-0.78,2.34,3,14.51,13.52,8,14.58,187,0.47,0.47,2902,0.00,1.06,2,0.5000,42.00,108,0,0.00,12,8.27,22.24,14.51,14.60
407623,-1.56,2.34,3,14.51,13.60,8,14.58,187,0.47,0.47,2906,0.00,1.05,2,0.5000,42.00,108,0,0.00,12,8.27,22.45,14.51,14.50
407727,-1.56,2.34,3,14.51,13.44,8,14.58,187,0.46,0.46,2915,0.00,1.06,2,0.5000,42.00,108,0,0.00,12,8.27,22.25,14.51,14.40
407831,-1.56,2.34,3,14.51,13.52,8,14.58,187,0.46,0.45,2926,0.00,1.06,2,0.5000,41.50,108,0,0.00,12,8.27,22.14,14.51,14.50
407935,-0.78,2.34,3,14.51,13.52,8,14.58,187,0.45,0.45,2928,0.00,1.06,2,0.5000,41.50,108,0,0.00,12,8.27,21.92,14.51,14.50
408039,0.00,2.34,3,14.51,13.60,8,14.58,187,0.46,0.46,2938,0.00,1.06,2,0.5000,42.00,108,0,0.00,12,8.13,22.47,14.51,14.70
408143,0.78,2.34,3,14.51,13.52,8,14.57,187,0.46,0.46,2927,0.00,1.06,2,0.5000,42.00,108,0,0.00,12,8.13,22.25,14.90,14.60
408247,0.00,2.34,3,14.51,13.44,8,14.57,187,0.45,0.45,2932,0.00,1.06,2,0.5000,41.50,108,0,0.00,12,8.13,22.36,14.51,14.60
408351,0.78,2.34,3,14.51,13.44,8,14.57,187,0.45,0.45,2944,0.00,1.06,2,0.5000,41.50,108,0,0.00,12,8.13,22.03,14.51,14.40
408455,0.78,2.34,3,14.51,13.44,8,14.57,187,0.45,0.45,2950,0.00,1.06,2,0.5000,41.50,108,0,0.00,12,8.13,22.37,14.51,14.60
408559,0.78,2.34,3,14.51,13.60,8,14.57,187,0.45,0.45,2983,0.00,1.06,2,0.5000,41.50,108,0,0.00,12,8.13,22.15,14.51,14.50
408663,0.78,2.34,3,14.51,13.60,8,14.57,187,0.45,0.45,2994,0.00,1.06,2,0.5000,42.00,108,0,0.00,12,7.98,22.25,14.51,14.50
408768,0.78,2.34,3,14.51,13.52,8,14.57,187,0.45,0.45,2999,0.00,1.06,2,0.5000,41.50,108,0,0.00,12,8.13,22.26,14.51,14.50
408871,0.78,2.34,3,14.51,13.52,8,14.57,187,0.44,0.45,2984,0.00,1.06,2,0.5000,41.50,108,0,0.00,12,8.13,22.15,14.51,14.50
408975,0.78,2.34,3,14.51,13.44,8,14.57,187,0.44,0.45,2994,0.00,1.06,2,0.5000,41.50,108,0,0.00,12,7.98,22.25,14.51,14.50
409079,1.56,2.34,3,14.51,13.60,8,14.57,187,0.44,0.44,2996,0.00,1.06,2,0.5000,41.50,108,0,0.00,12,8.13,21.82,14.51,14.50
409183,1.56,2.34,3,14.51,13.52,8,14.57,187,0.43,0.43,3025,0.00,1.06,2,0.5000,41.50,108,0,0.00,12,7.98,21.70,14.51,14.50
409288,2.34,2.34,3,14.51,13.52,8,14.56,187,0.43,0.44,3030,0.00,1.06,2,0.5000,41.50,108,0,0.00,12,7.98,21.82,14.51,14.60
409391,2.34,2.34,3,14.51,13.44,8,14.56,187,0.44,0.44,3019,0.00,1.06,2,0.5000,41.50,108,0,0.00,12,7.98,22.26,14.51,14.60
409495,3.12,2.34,3,14.51,13.52,8,14.56,187,0.44,0.43,3027,0.00,1.06,2,0.5000,41.50,108,0,0.00,12,7.98,21.82,14.51,14.50
409599,2.34,2.34,3,14.51,13.52,8,14.56,187,0.43,0.43,3052,0.00,1.06,2,0.5000,41.50,108,0,0.00,12,7.98,21.72,14.51,14.40
409703,2.34,2.34,3,14.51,13.60,8,14.56,187,0.43,0.43,3064,0.00,1.06,2,0.5000,41.50,108,0,0.00,12,7.98,21.72,14.51,14.40
409807,2.34,2.34,3,14.51,13.52,8,14.56,187,0.43,0.43,3046,0.00,1.06,2,0.5000,41.50,108,0,0.00,12,7.98,21.82,14.51,14.50
409911,3.12,2.34,3,14.51,13.44,8,14.56,187,0.43,0.43,3080,0.00,1.06,2,0.5000,42.00,108,0,0.00,12,7.98,21.94,14.51,14.50
410015,3.12,2.34,3,14.51,13.44,8,14.56,187,0.43,0.43,3086,0.00,1.06,2,0.5000,42.00,108,0,0.00,12,7.98,21.83,14.51,14.50
410119,3.12,2.34,3,14.51,13.60,8,14.55,187,0.43,0.42,3077,0.00,1.06,2,0.5000,41.50,108,0,0.00,12,7.84,22.05,14.51,14.60
410223,3.91,2.34,3,14.51,13.52,8,14.56,187,0.42,0.42,3108,0.00,1.06,2,0.5000,42.00,108,1,0.00,12,7.98,21.72,14.51,14.50
410327,3.91,2.34,3,14.51,13.52,8,14.55,187,0.42,0.42,3118,0.00,1.06,2,0.5000,42.00,108,1,0.00,12,7.98,21.82,14.51,14.40
410431,3.91,2.34,3,14.51,13.44,8,14.55,187,0.42,0.43,3100,0.00,1.06,2,0.5000,42.00,108,2,0.00,12,7.84,22.04,14.51,14.60
410535,4.69,2.34,3,14.51,13.44,8,14.55,187,0.42,0.42,3137,0.00,1.06,2,0.5000,42.00,108,2,0.00,12,7.84,22.05,14.51,14.60
410639,3.91,2.34,3,14.51,13.60,8,14.55,187,0.42,0.41,3127,0.00,1.06,2,0.5000,42.00,108,3,0.00,12,7.84,21.83,14.51,14.40
410743,3.91,2.34,3,14.51,13.52,8,14.55,187,0.42,0.42,3153,0.00,1.06,2,0.5000,42.00,108,4,0.00,12,7.84,22.05,14.51,14.40
410847,3.91,2.34,3,14.51,13.44,8,14.55,187,0.42,0.42,3141,0.00,1.05,2,0.5000,42.00,108,4,0.00,12,7.84,22.26,14.51,14.40
410951,3.12,2.34,3,14.51,13.44,8,14.55,187,0.42,0.42,3178,0.00,1.06,2,0.5000,42.00,108,5,0.00,12,7.84,21.83,14.51,14.50
411056,3.12,2.34,3,14.51,13.36,8,14.54,187,0.42,0.42,3161,0.00,1.06,2,0.5000,42.00,108,7,0.00,12,7.84,21.83,14.51,14.40
411159,3.12,2.34,3,14.51,13.60,8,14.54,187,0.41,0.42,3191,0.00,1.06,2,0.5000,42.00,108,7,0.00,12,7.84,21.83,14.51,14.50
411263,3.91,2.34,3,14.51,13.52,8,14.54,187,0.41,0.41,3175,0.00,1.06,2,0.5000,42.00,108,8,0.00,12,7.84,21.83,14.51,14.40
411368,4.69,2.34,3,14.51,13.52,8,14.54,187,0.41,0.41,3208,0.00,1.06,2,0.5000,42.00,108,10,0.00,12,7.84,21.62,14.51,14.50
411471,4.69,2.34,3,14.51,13.44,8,14.54,187,0.41,0.41,3192,0.00,1.06,2,0.5000,42.00,108,11,0.00,12,7.84,21.83,14.51,15.60
411576,5.47,2.34,3,14.51,13.52,8,14.54,187,0.41,0.41,3224,0.00,1.06,2,0.5000,42.00,108,11,0.00,12,7.84,21.62,14.51,14.40
411680,5.47,2.34,3,14.51,13.60,8,14.54,187,0.40,0.40,3205,0.00,1.06,2,0.5000,42.00,108,13,0.00,12,7.84,21.40,14.51,14.50
411784,6.25,2.34,3,14.51,13.52,8,14.54,187,0.41,0.41,3233,0.00,1.06,2,0.5000,42.00,108,14,0.00,12,7.84,22.05,14.51,14.60
411888,6.25,2.34,3,14.51,13.52,8,14.54,187,0.41,0.41,3248,0.00,1.06,2,0.5000,42.00,108,15,0.00,12,7.69,22.27,14.51,14.40
411992,5.47,2.34,3,14.51,13.44,8,14.54,187,0.41,0.40,3233,0.00,1.06,2,0.5000,42.00,108,16,0.00,12,7.69,21.83,14.51,14.40
412095,4.69,2.34,3,14.51,13.52,8,14.54,187,0.41,0.41,3260,0.00,1.06,2,0.5000,42.00,108,17,0.00,12,7.84,22.27,14.51,14.30
412199,4.69,2.34,3,14.51,13.52,8,14.53,187,0.41,0.40,3244,0.00,1.06,2,0.5000,42.00,108,18,0.00,12,7.69,22.05,14.51,14.30
412304,4.69,2.34,3,14.51,13.52,8,14.53,187,0.40,0.40,3254,0.00,1.06,2,0.5000,42.00,108,19,0.00,12,7.69,21.84,14.51,14.40
412408,4.69,2.34,3,14.51,13.52,8,14.53,187,0.40,0.40,3287,0.00,1.06,2,0.5000,42.00,108,20,0.00,12,7.69,21.51,14.51,14.50
412512,5.47,2.34,3,14.51,13.44,8,14.53,187,0.40,0.39,3272,0.00,1.06,2,0.5000,42.00,108,20,0.00,12,7.69,21.83,14.51,14.40
412616,6.25,2.34,3,14.51,13.60,8,14.53,187,0.39,0.39,3281,0.00,1.06,2,0.5000,42.00,108,20,0.00,12,7.69,21.51,14.51,14.70
412720,7.03,2.34,3,14.51,13.52,8,14.53,187,0.40,0.40,3317,0.00,1.06,2,0.5000,42.00,108,19,0.00,12,7.69,22.05,14.51,14.60
412824,7.81,2.34,3,14.51,13.52,8,14.53,187,0.39,0.39,3325,0.00,1.06,2,0.5000,42.00,108,18,0.00,12,7.69,21.40,14.51,14.50
412928,7.81,2.34,3,14.51,13.52,8,14.53,187,0.39,0.39,3314,0.00,1.06,2,0.5000,42.00,108,16,0.00,12,7.69,21.95,14.51,14.60
413031,8.59,2.34,3,14.51,13.52,8,14.53,187,0.40,0.40,3321,0.00,1.06,2,0.5000,42.00,108,14,0.00,12,7.55,22.17,14.51,14.50
413136,7.81,2.34,3,14.51,13.52,8,14.53,187,0.40,0.40,3359,0.00,1.06,2,0.5000,42.00,108,12,0.00,12,7.55,21.84,14.51,14.40
413240,7.03,2.34,3,14.51,13.52,8,14.53,185,0.39,0.40,3370,0.00,1.06,2,0.5000,42.00,108,10,0.00,12,7.55,22.06,14.51,14.40
413343,7.03,2.34,3,14.51,13.52,8,14.53,185,0.39,0.39,3378,0.00,1.06,2,0.5000,42.00,108,8,0.00,12,7.55,22.06,14.51,14.40
413447,7.03,2.34,3,14.51,13.44,8,14.52,185,0.39,0.39,3365,0.00,1.05,2,0.5000,42.00,108,7,0.00,12,7.55,21.84,14.51,14.30
413552,7.03,2.34,3,14.51,13.44,8,14.52,185,0.39,0.39,3370,0.00,1.06,2,0.5000,42.00,108,6,0.00,12,7.55,22.39,14.51,14.50
413656,7.81,2.34,3,14.51,13.52,8,14.52,185,0.39,0.39,3385,0.00,1.05,2,0.5000,42.00,108,6,0.00,12,7.55,21.94,14.51,14.40
413760,7.03,2.34,3,14.51,13.60,8,14.52,185,0.39,0.39,3420,0.00,1.05,2,0.5000,42.00,108,6,0.00,12,7.40,22.49,14.51,14.50
413864,7.03,2.34,3,14.51,13.52,8,14.52,185,0.39,0.40,3423,0.00,1.05,2,0.5000,42.00,108,6,0.00,12,7.55,22.39,14.51,14.40
413968,7.03,2.34,3,14.51,13.44,8,14.52,185,0.39,0.39,3427,0.00,1.05,2,0.5000,42.00,108,5,0.00,12,7.40,22.50,14.51,14.40
414072,6.25,2.34,3,14.51,13.44,8,14.52,185,0.39,0.39,3440,0.00,1.04,2,0.5000,42.00,108,5,0.00,12,7.40,22.17,14.51,14.30
414176,6.25,2.34,3,14.51,13.52,8,14.53,185,0.39,0.39,3447,0.00,1.04,2,0.5000,41.50,108,5,0.00,12,7.40,22.05,14.51,14.30
414280,6.25,2.34,3,14.51,13.60,8,14.54,185,0.39,0.39,3450,0.00,1.04,2,0.5000,41.50,108,5,0.00,12,7.25,22.38,14.12,14.50
414384,5.47,2.34,3,14.51,13.52,8,14.54,185,0.37,0.35,3478,0.00,1.04,2,0.5000,41.50,108,6,0.00,12,6.96,20.38,13.73,14.40
414488,3.12,2.34,3,14.51,13.52,8,14.54,185,0.36,0.36,3473,0.00,1.04,2,0.5000,41.50,108,6,0.00,12,6.82,20.05,13.73,14.30
414592,3.12,2.34,3,14.51,13.44,8,14.54,185,0.35,0.36,3469,0.00,1.04,2,0.5000,41.50,108,6,0.00,12,6.82,20.49,13.73,14.30
414695,3.91,2.34,3,14.51,13.60,8,14.54,185,0.35,0.35,3474,0.00,1.04,2,0.5000,41.50,108,7,0.00,12,6.82,20.49,13.33,14.60
414800,4.69,2.34,3,14.51,13.52,8,14.54,185,0.35,0.35,3470,0.00,1.03,2,0.5000,41.50,108,7,0.00,12,6.82,20.27,13.33,14.50
414903,4.69,2.34,3,14.51,13.52,8,14.53,185,0.35,0.35,3480,0.00,1.04,2,0.5000,41.50,108,8,0.00,12,6.82,19.93,13.33,14.40
415008,4.69,2.34,3,14.51,13.52,8,14.53,185,0.34,0.34,3478,0.00,1.03,2,0.5000,41.00,108,9,0.00,12,6.67,19.70,13.73,14.50
415112,5.47,2.34,3,14.51,13.44,8,14.53,185,0.35,0.35,3484,0.00,1.03,2,0.5000,41.50,108,9,0.00,12,6.67,20.04,13.73,14.60
415216,5.47,2.34,3,14.51,13.60,8,14.53,185,0.34,0.34,3490,0.00,1.03,2,0.5000,41.00,108,10,0.00,12,6.67,19.81,13.73,14.70
415320,5.47,2.34,3,14.51,13.52,8,14.53,185,0.34,0.35,3488,0.00,1.03,2,0.5000,41.00,108,11,0.00,12,6.67,20.03,13.73,14.40
415424,5.47,2.34,3,14.51,13.52,8,14.53,185,0.35,0.35,3478,0.00,1.03,2,0.5000,41.50,108,12,0.00,12,6.67,20.26,13.73,14.40
415527,4.69,2.34,3,14.51,13.60,8,14.53,185,0.35,0.35,3482,0.00,1.03,2,0.5000,41.50,108,12,0.00,12,6.67,20.04,13.73,14.30
415632,3.91,2.34,3,14.51,13.52,8,14.53,185,0.34,0.34,3490,0.00,1.03,2,0.5000,41.00,108,13,0.00,12,6.67,19.81,13.73,14.30
415736,3.91,2.34,3,14.51,13.60,8,14.53,185,0.34,0.34,3486,0.00,1.03,2,0.5000,41.00,108,13,0.00,12,6.67,19.26,13.73,14.30
415840,3.91,2.34,3,14.51,13.60,8,14.53,185,0.34,0.34,3480,0.00,1.03,2,0.5000,41.00,108,14,0.00,12,6.67,19.94,13.73,14.40
415943,4.69,2.34,3,14.51,13.52,8,14.53,185,0.34,0.34,3478,0.00,1.03,2,0.5000,41.00,108,14,0.00,12,6.67,19.42,13.33,14.40
416048,4.69,2.34,3,14.51,13.44,8,14.53,185,0.34,0.35,3473,0.00,1.03,2,0.5000,41.00,108,15,0.00,12,6.82,19.80,13.73,14.60
416152,5.47,2.34,3,14.51,13.52,8,14.53,185,0.34,0.35,3466,0.00,1.03,2,0.5000,41.00,108,15,0.00,12,6.82,19.58,13.33,14.50
416256,5.47,2.34,3,14.51,13.60,8,14.53,185,0.34,0.34,3459,0.00,1.04,2,0.5000,41.00,108,14,0.00,12,6.82,19.58,13.73,14.50
416360,5.47,2.34,3,14.51,13.68,8,14.54,185,0.34,0.35,3448,0.00,1.04,2,0.5000,41.00,108,13,0.00,12,6.82,19.79,13.73,14.50
416464,6.25,2.34,3,14.51,13.52,8,14.54,185,0.34,0.34,3444,0.00,1.03,2,0.5000,41.00,108,13,0.00,12,6.82,19.46,13.73,14.60
416568,6.25,2.34,3,14.51,13.44,8,14.54,185,0.34,0.34,3441,0.00,1.03,2,0.5000,41.00,108,12,0.00,12,6.53,19.34,12.16,14.40
416672,6.25,2.34,3,14.51,13.60,8,14.53,185,0.30,0.28,3427,0.00,1.14,2,0.5000,39.00,108,11,0.00,12,5.22,13.30,7.84,14.50
416776,3.12,2.34,3,14.51,13.60,8,14.53,185,0.22,0.20,3348,0.00,1.03,2,0.5000,35.50,108,10,0.00,12,4.35,10.84,7.45,14.30
416880,-0.78,2.34,3,14.51,13.68,8,14.54,185,0.20,0.19,3302,0.00,1.01,2,0.5000,32.50,108,8,0.00,12,4.06,10.09,6.67,13.30
416984,-6.25,2.34,2,14.51,13.52,8,14.54,185,0.18,0.18,3294,0.00,1.00,2,0.5000,29.00,108,8,0.00,12,3.77,9.43,6.67,12.90
417088,0.00,2.34,2,14.51,13.52,8,14.54,185,0.17,0.17,3263,0.00,1.00,2,0.5000,25.50,108,7,0.00,12,3.77,8.99,6.67,12.50
417192,0.00,0.00,2,14.51,13.60,10,14.54,185,0.17,0.17,3211,0.00,1.00,2,0.5000,24.00,108,6,0.00,12,3.92,8.89,6.67,12.70
417296,0.00,0.00,2,14.51,13.68,10,14.55,185,0.17,0.17,3210,0.00,0.99,2,0.5000,24.00,108,6,0.00,12,3.77,9.24,7.06,13.30
417400,0.00,0.00,2,14.51,13.68,10,14.55,185,0.17,0.17,3174,0.00,0.99,2,0.5000,24.00,108,6,0.00,12,3.77,9.04,7.06,13.00
417504,0.00,0.00,2,14.51,13.20,10,14.56,185,0.17,0.17,3160,0.00,0.99,2,0.5000,24.00,108,6,0.00,12,3.92,9.09,7.06,16.40
417608,0.00,0.00,2,14.51,12.96,10,14.56,185,0.17,0.17,3118,0.00,0.99,2,0.5000,24.00,108,6,0.00,12,3.92,8.99,7.06,20.50
417712,0.00,0.00,2,14.51,13.52,10,14.56,185,0.17,0.18,3124,0.00,0.99,2,0.5000,24.00,106,5,0.00,12,3.92,9.20,7.06,29.80
417816,0.00,0.00,2,14.51,13.68,10,14.56,185,0.18,0.18,3100,0.00,0.99,2,0.5000,24.00,106,6,0.00,12,3.92,9.04,6.67,52.20
417920,0.00,0.00,2,14.51,13.60,10,14.57,185,0.18,0.18,3051,0.00,0.99,2,0.5000,24.00,106,6,0.00,12,3.92,8.94,7.06,78.90
418024,0.00,0.00,2,14.51,13.60,10,14.58,185,0.18,0.18,3038,0.00,0.99,2,0.5000,24.00,106,5,0.00,12,3.92,8.99,7.06,92.80
418128,0.00,0.00,2,14.51,13.44,10,14.59,185,0.18,0.18,3002,0.00,0.99,2,0.5000,24.00,106,6,0.00,12,3.92,8.89,7.06,96.00
418232,0.00,0.00,2,14.51,13.60,10,14.59,185,0.18,0.18,2966,0.00,1.00,2,0.5000,24.00,106,6,0.00,12,3.92,8.94,7.06,96.00
418336,0.00,0.00,2,14.51,13.68,10,14.60,185,0.18,0.19,2931,0.00,1.00,2,0.5000,24.00,106,6,0.00,12,3.77,8.99,7.06,96.00
418440,0.00,0.00,2,14.51,13.60,10,14.60,185,0.18,0.18,2889,0.00,1.00,2,0.5000,24.00,106,6,0.00,12,3.77,8.94,6.67,96.00
418544,0.00,0.00,2,14.51,13.68,10,14.61,185,0.18,0.18,2846,0.00,1.00,2,0.5000,24.00,106,7,0.00,12,3.77,8.44,7.06,99.90
418648,0.00,0.00,2,14.51,13.44,10,14.62,185,0.18,0.18,2804,0.00,1.00,2,0.5000,24.00,106,6,0.00,12,3.77,8.64,7.06,99.90
418753,0.00,0.00,2,14.51,13.60,10,14.62,185,0.19,0.19,2758,0.00,1.00,2,0.5000,24.00,106,7,0.00,12,3.77,8.69,7.06,99.90
418856,0.00,0.00,2,14.51,13.60,10,14.62,185,0.19,0.19,2695,0.00,1.00,2,0.5000,24.00,106,7,0.00,12,3.92,8.64,7.06,99.90
418960,0.00,0.00,2,14.51,13.60,10,14.61,185,0.19,0.20,2676,0.00,1.00,2,0.5000,24.00,106,7,0.00,12,3.92,8.44,7.06,99.90
419064,0.00,0.00,2,14.51,13.52,10,14.61,185,0.20,0.20,2630,0.00,1.00,2,0.5000,24.00,106,8,0.00,12,3.92,8.74,7.06,99.90
419168,0.00,0.00,2,14.51,13.44,10,14.61,185,0.20,0.20,2564,0.00,1.00,2,0.5000,24.00,106,8,0.00,12,3.92,8.59,7.06,99.90
419272,0.00,0.00,2,14.51,13.60,10,14.61,185,0.20,0.20,2524,0.00,1.00,2,0.5000,24.00,106,8,0.00,12,3.92,8.49,7.06,99.90
419376,0.00,0.00,2,14.51,13.60,10,14.61,185,0.20,0.21,2498,0.00,1.00,2,0.5000,24.00,106,8,0.00,12,4.06,8.44,7.06,99.90
419480,0.00,0.00,2,14.51,13.68,10,14.61,185,0.21,0.21,2433,0.00,1.00,2,0.5000,24.00,106,8,0.00,12,4.06,8.64,7.06,99.90
419584,0.00,0.00,2,14.51,13.60,10,14.61,185,0.21,0.21,2395,0.00,1.00,2,0.5000,24.00,106,9,0.00,12,4.21,8.74,7.06,99.90
419688,0.00,0.00,2,14.51,13.52,10,14.60,185,0.22,0.22,2358,0.00,1.00,2,0.5000,24.00,106,9,0.00,12,4.35,8.64,7.06,99.90
419792,0.00,0.00,2,14.51,13.60,10,14.60,185,0.22,0.22,2322,0.00,1.00,2,0.5000,24.00,106,9,0.00,12,4.35,8.44,6.67,99.90
419896,0.00,0.00,2,14.51,13.60,10,14.59,185,0.22,0.22,2286,0.00,1.00,2,0.5000,24.00,106,9,0.00,12,4.50,8.34,6.67,99.90
420000,0.00,0.00,2,14.51,13.52,10,14.59,185,0.22,0.22,2249,0.00,1.00,2,0.5000,24.00,106,9,0.00,12,4.50,8.14,6.67,99.90
420105,0.00,0.00,2,14.51,13.60,10,14.59,185,0.22,0.22,2208,0.00,0.99,2,0.5000,24.00,106,10,0.00,12,4.50,8.09,6.67,99.90
420208,0.00,0.00,2,14.51,13.52,10,14.59,185,0.22,0.21,2168,0.00,0.99,2,0.5000,24.00,106,10,0.00,12,4.64,7.79,6.27,99.90
420312,0.00,0.00,2,14.51,13.60,10,14.58,185,0.22,0.22,2149,0.00,0.99,2,0.5000,24.00,106,10,0.00,12,4.64,7.54,6.27,99.90
420416,0.00,0.00,2,14.51,13.52,10,14.58,185,0.22,0.21,2093,0.00,0.99,2,0.5000,24.00,106,10,0.00,12,4.64,7.54,6.27,99.90
420520,0.00,0.00,2,14.51,13.52,10,14.58,185,0.22,0.22,2046,0.00,0.99,2,0.5000,24.00,106,10,0.00,12,4.79,7.45,5.88,99.90
420624,0.00,0.00,2,14.51,13.52,10,14.57,185,0.22,0.22,2023,0.00,0.99,2,0.5000,24.00,106,10,0.00,12,4.79,7.35,5.88,99.90
420728,0.00,0.00,2,14.51,13.52,10,14.57,185,0.22,0.21,1984,0.00,0.99,2,0.5000,24.00,106,11,0.00,12,4.79,7.06,5.88,99.90
420832,0.00,0.00,2,14.51,13.60,10,14.57,185,0.22,0.22,1928,0.00,0.99,2,0.5000,24.00,106,10,0.00,12,4.79,6.97,5.88,99.90
420936,0.00,0.00,2,14.51,13.52,10,14.57,185,0.22,0.22,1903,0.00,0.99,2,0.5000,24.00,106,11,0.00,12,4.79,7.06,5.88,99.90
421040,0.00,0.00,2,14.51,13.60,10,14.57,185,0.23,0.23,1865,0.00,0.99,2,0.5000,24.00,106,11,0.00,12,4.79,7.16,5.88,99.90
421144,0.00,0.00,2,14.51,13.68,10,14.57,185,0.23,0.23,1812,0.00,0.99,2,0.5000,24.00,106,11,0.00,12,4.79,7.01,5.49,99.90
421248,0.00,0.00,2,14.51,13.52,10,14.57,185,0.23,0.23,1775,0.00,0.99,2,0.5000,23.50,106,11,0.00,12,4.79,6.72,5.49,99.90
421352,0.00,0.00,2,14.51,13.60,10,14.57,185,0.23,0.23,1740,0.00,0.99,2,0.5000,22.50,106,11,0.00,12,4.79,6.72,5.49,99.90
421456,0.00,0.00,2,14.51,13.60,10,14.57,185,0.24,0.24,1703,0.00,0.99,2,0.5000,22.00,106,12,0.00,12,4.93,6.87,5.49,99.90
421560,0.00,0.00,2,14.51,13.60,10,14.57,185,0.24,0.24,1668,0.00,0.99,2,0.5000,21.50,106,11,0.00,12,4.93,6.53,5.49,99.90
421664,0.00,0.00,2,14.51,13.52,10,14.57,185,0.24,0.25,1631,0.00,0.99,2,0.5000,20.50,106,12,0.00,12,5.08,6.68,5.10,99.90
421768,0.00,0.00,2,14.51,13.60,10,14.57,185,0.24,0.25,1612,0.00,0.99,2,0.5000,20.00,106,12,0.00,12,5.08,6.63,5.10,99.90
421872,0.00,0.00,2,14.51,13.60,10,14.58,185,0.25,0.25,1573,0.00,0.99,2,0.5000,19.50,106,11,0.00,12,5.22,6.44,5.10,99.90
421976,0.00,0.00,2,14.51,13.60,10,14.58,185,0.25,0.25,1526,0.00,0.99,2,0.5000,19.00,106,12,0.00,12,5.22,6.58,5.10,99.90
422080,0.00,0.00,2,14.51,13.60,10,14.58,185,0.25,0.26,1508,0.00,0.99,2,0.5000,19.00,106,12,0.00,12,5.37,6.29,5.10,99.90
422184,0.00,0.00,2,14.51,13.52,10,14.59,185,0.26,0.26,1462,0.00,0.99,2,0.5000,18.50,106,11,0.00,12,5.37,6.20,5.10,99.90
422289,0.00,0.00,2,14.51,13.60,10,14.59,185,0.26,0.26,1443,0.00,0.99,2,0.5000,18.00,106,11,0.00,12,5.37,6.29,5.10,99.90
422392,0.00,0.00,2,14.51,13.60,10,14.59,185,0.26,0.27,1398,0.00,0.99,2,0.5000,18.00,106,12,0.00,12,5.51,6.24,4.71,99.90
422497,0.00,0.00,2,14.51,13.60,10,14.59,185,0.26,0.27,1378,0.00,1.00,2,0.5000,17.50,106,11,0.00,12,5.51,6.05,4.71,99.90
422600,0.00,0.00,2,14.51,13.60,10,14.59,185,0.27,0.27,1336,0.00,1.00,2,0.5000,17.50,106,11,0.00,12,5.51,6.02,4.71,99.90
422705,0.00,0.00,2,14.51,13.52,10,14.60,185,0.27,0.27,1312,0.00,1.00,2,0.5000,17.50,106,11,0.00,12,5.66,5.92,4.71,99.90
422809,0.00,0.00,2,14.51,13.68,10,14.60,185,0.27,0.28,1290,0.00,1.00,2,0.5000,17.50,106,9,0.00,12,5.66,5.89,4.71,99.90
422913,0.00,0.00,2,14.51,13.60,10,14.60,185,0.28,0.29,1262,0.00,1.00,2,0.5000,17.00,106,2,0.00,12,5.66,5.92,4.71,99.90
423017,0.00,0.00,2,14.51,13.60,10,14.60,185,0.28,0.28,1236,0.00,1.00,2,0.5000,17.00,106,0,0.00,12,5.80,5.76,4.31,99.90
423121,0.00,0.00,2,14.51,13.68,10,14.60,185,0.28,0.28,1207,0.00,1.00,2,0.5000,17.00,106,0,0.00,12,5.80,5.71,4.31,99.90
423225,0.00,0.00,2,14.51,13.60,10,14.61,185,0.28,0.29,1186,0.00,1.00,2,0.5000,17.00,106,0,0.00,12,5.80,5.55,4.31,99.90
423329,0.00,0.00,1,14.51,13.68,10,14.61,185,0.28,0.29,1169,0.00,1.00,2,0.5000,17.00,106,0,0.00,12,5.80,5.60,4.31,99.90
423432,0.00,0.00,2,14.51,13.68,10,14.62,185,0.28,0.29,1148,0.00,0.97,2,0.5000,18.50,106,0,0.00,12,5.95,5.58,5.49,99.90
423537,0.00,0.00,2,14.51,13.68,10,14.62,185,0.29,0.31,1148,0.00,0.97,2,0.5000,21.50,106,0,0.00,12,6.53,6.58,6.67,99.90
423641,0.00,0.00,2,14.51,13.60,10,14.60,185,0.31,0.33,1274,0.00,0.97,2,0.5000,25.50,106,0,0.00,12,6.96,7.59,7.45,99.90
423745,0.00,0.00,2,14.51,13.52,10,14.59,185,0.32,0.33,1448,0.00,0.97,2,0.5000,27.50,106,0,0.00,12,7.11,8.24,8.24,99.90
423849,0.00,0.00,2,14.51,13.60,10,14.58,185,0.34,0.35,1512,0.00,0.97,2,0.5000,29.00,106,0,0.00,12,7.55,9.14,9.80,76.20
423953,0.00,0.00,3,14.51,13.60,10,14.58,185,0.37,0.41,1527,0.00,0.86,2,0.5000,30.50,106,0,0.00,12,8.42,11.13,10.59,29.10
424057,0.00,0.00,3,14.51,13.68,10,14.58,185,0.41,0.43,1564,0.00,0.96,2,0.5000,32.50,106,0,0.00,12,9.00,11.57,10.59,22.90
424161,0.00,0.00,3,14.51,13.60,10,14.58,185,0.42,0.43,1593,0.00,0.96,2,0.5000,33.50,106,0,0.00,12,9.14,11.65,10.59,19.50
424264,0.00,2.34,3,14.51,13.36,10,14.57,185,0.43,0.43,1610,0.00,0.96,2,0.5000,34.00,106,0,0.00,12,9.14,11.79,10.59,17.80
424369,0.00,2.34,3,14.51,13.60,10,14.57,185,0.43,0.43,1624,0.00,0.96,2,0.5000,34.50,106,0,0.00,12,9.00,11.87,10.20,17.50
424472,3.12,2.34,3,14.51,13.60,8,14.57,185,0.43,0.43,1647,0.00,0.99,2,0.5000,34.50,106,0,0.00,12,9.00,12.17,10.59,16.80
424577,3.12,2.34,3,14.51,13.60,8,14.57,185,0.43,0.44,1654,0.00,0.99,2,0.5000,34.50,106,0,0.00,12,9.00,12.12,10.20,16.40
424681,3.91,2.34,3,14.51,13.60,8,14.57,185,0.42,0.41,1660,0.00,0.99,2,0.5000,33.00,106,0,0.00,12,7.98,10.51,6.27,15.90
424785,3.12,2.34,2,14.51,13.52,8,14.57,185,0.37,0.31,1639,0.00,1.12,2,0.5000,27.50,106,0,0.00,12,6.67,7.74,5.10,15.50
424889,0.00,2.34,2,14.51,13.60,8,14.58,185,0.32,0.28,1569,0.00,1.09,2,0.5000,24.50,106,0,0.00,12,5.95,7.01,5.10,16.40
424993,-2.34,0.00,2,14.51,13.12,8,14.58,185,0.29,0.26,1526,0.00,1.00,2,0.5000,22.00,106,0,0.00,12,5.66,6.53,5.10,13.50
425097,0.00,0.00,2,14.51,13.68,8,14.58,185,0.28,0.26,1478,0.00,1.00,2,0.5000,19.50,106,0,0.00,12,5.66,6.44,5.10,13.20
425201,0.00,0.00,2,14.51,13.52,10,14.59,185,0.27,0.26,1427,0.00,1.00,2,0.5000,18.00,106,0,0.00,12,5.66,6.10,4.71,12.90
425304,0.00,0.00,2,14.51,13.44,10,14.59,185,0.27,0.27,1369,0.00,1.00,2,0.5000,18.00,106,0,0.00,12,5.66,6.02,4.71,13.10
425409,0.00,0.00,2,14.51,13.52,10,14.59,185,0.27,0.26,1345,0.00,1.00,2,0.5000,17.50,106,0,0.00,12,5.51,5.87,4.71,13.50
425513,0.00,0.00,2,14.51,13.52,10,14.60,185,0.27,0.27,1284,0.00,1.00,2,0.5000,17.00,106,0,0.00,12,5.66,5.81,4.71,13.80
425617,0.00,0.00,2,14.51,13.68,10,14.60,185,0.28,0.30,1188,0.00,1.00,2,0.5000,17.00,106,0,0.00,12,5.80,5.92,4.31,13.80
425721,0.00,0.00,2,14.51,13.60,10,14.62,185,0.29,0.31,1097,0.00,1.00,2,0.5000,22.00,106,0,0.00,12,5.80,5.71,4.31,15.40
425825,0.00,0.00,1,14.51,13.60,10,14.64,185,0.30,0.32,1045,0.00,1.00,2,0.5000,22.00,106,0,0.00,12,6.09,5.47,3.92,16.90
425929,0.00,0.00,1,14.51,13.52,10,14.65,185,0.31,0.34,964,0.00,1.00,2,0.5000,22.00,106,0,0.00,12,6.24,5.44,4.31,18.80
426033,0.00,0.00,1,14.51,13.60,10,14.67,185,0.33,0.37,891,0.00,0.92,2,0.5000,22.00,106,0,0.00,12,6.67,5.47,4.71,22.50
426137,0.00,-2.34,1,14.51,13.68,10,14.67,185,0.34,0.38,883,0.00,1.00,2,0.5000,14.50,106,0,0.00,12,6.96,5.71,4.71,25.30
426241,0.00,-2.34,2,14.51,13.60,10,14.64,185,0.33,0.30,1108,0.00,1.00,2,0.5000,17.00,106,0,0.00,12,6.82,5.55,4.71,31.50
426345,0.00,-2.34,1,14.51,13.60,10,14.61,185,0.31,0.28,1189,0.00,1.00,2,0.5000,17.00,106,0,0.00,12,6.38,5.47,4.31,35.30
426448,0.00,-2.34,1,14.51,13.60,10,14.61,185,0.29,0.28,1175,0.00,1.00,2,0.5000,17.00,106,0,0.00,12,6.24,5.34,4.31,25.90
426553,0.00,-2.34,1,14.51,13.52,10,14.62,185,0.29,0.29,1116,0.00,1.00,2,0.5000,17.00,106,0,0.00,12,6.09,5.31,4.31,18.20
426657,0.00,-2.34,1,14.51,13.60,10,14.63,185,0.29,0.30,1068,0.00,1.00,2,0.5000,17.00,106,0,0.00,12,6.09,5.29,4.31,16.70
426761,0.00,-2.34,1,14.51,13.60,10,14.65,185,0.30,0.31,1014,0.00,1.00,2,0.5000,20.00,106,0,0.00,12,6.24,5.26,4.31,13.80
426865,-0.78,-2.34,1,14.51,13.68,8,14.65,185,0.31,0.33,975,0.00,1.00,2,0.5000,21.00,106,0,0.00,12,6.38,5.29,4.31,13.90
426969,-3.91,-2.34,1,14.51,13.60,8,14.66,185,0.31,0.33,946,0.00,1.00,2,0.5000,22.00,106,0,0.00,12,6.53,5.23,4.71,13.60
427073,-4.69,-2.34,1,14.51,13.60,8,14.67,185,0.32,0.35,924,0.00,1.00,2,0.5000,22.00,106,0,0.00,12,6.67,5.34,4.71,13.70
427177,-5.47,-2.34,1,14.51,13.52,8,14.67,185,0.33,0.34,910,0.00,1.00,2,0.5000,22.00,106,0,0.00,12,6.96,5.26,4.71,13.50
427282,-6.25,-2.34,1,14.51,13.60,8,14.67,185,0.34,0.36,891,0.00,1.00,2,0.5000,22.00,106,0,0.00,12,7.11,5.31,4.31,13.50
427385,-7.03,-2.34,1,14.51,13.60,8,14.68,185,0.34,0.36,878,0.00,1.00,2,0.5000,22.00,106,0,0.00,12,7.11,5.23,4.31,13.40
427489,-7.03,-2.34,1,14.51,13.60,8,14.68,185,0.35,0.36,850,0.00,1.00,2,0.5000,22.00,106,0,0.00,12,7.25,5.08,4.31,13.20
427593,-7.81,-2.34,1,14.51,13.52,8,14.68,185,0.35,0.37,836,0.00,1.00,2,0.5000,22.00,106,0,0.00,12,7.40,5.10,4.31,13.20
427697,-7.81,-2.34,1,14.51,13.60,8,14.69,185,0.36,0.37,808,0.00,1.00,2,0.5000,22.00,106,0,0.00,12,7.55,5.05,4.31,13.40
427801,-7.81,-2.34,1,14.51,13.68,8,14.69,185,0.36,0.38,785,0.00,1.00,2,0.5000,22.00,106,0,0.00,12,7.69,5.03,4.31,13.60
427905,-7.81,-2.34,1,14.51,13.52,8,14.69,185,0.37,0.39,774,0.00,1.00,2,0.5000,22.00,106,0,0.00,12,7.84,5.05,3.92,13.60
428010,-8.59,-2.34,1,14.51,13.68,8,14.69,185,0.38,0.40,748,0.00,1.00,2,0.5000,22.00,106,0,0.00,12,7.98,4.95,3.92,13.80
428113,-8.59,-2.34,1,14.51,13.60,8,14.69,185,0.38,0.39,745,0.00,1.00,2,0.5000,22.00,106,0,0.00,12,8.13,4.90,3.92,13.80
428217,-8.59,-2.34,1,14.51,13.44,8,14.69,185,0.38,0.39,752,0.00,1.00,2,0.5000,22.00,106,0,0.00,12,8.13,4.87,3.92,14.10
428322,-8.59,-2.34,1,14.51,13.60,8,14.69,185,0.38,0.38,748,0.00,1.00,2,0.5000,22.00,106,0,0.00,12,8.27,4.79,3.92,14.10
428426,-8.59,-2.34,1,14.51,13.60,8,14.69,185,0.38,0.38,756,0.00,1.00,2,0.5000,22.00,106,0,0.00,12,8.27,4.85,3.92,14.20
428530,-8.59,-2.34,1,14.51,13.60,8,14.69,185,0.38,0.38,770,0.00,1.00,2,0.5000,21.00,106,0,0.00,12,8.27,4.85,3.92,14.40
428633,-8.59,-2.34,1,14.51,13.60,8,14.69,185,0.38,0.37,759,0.00,1.00,2,0.5000,20.50,108,0,0.00,12,8.27,4.67,3.92,14.40
428738,-8.59,-2.34,1,14.51,13.52,8,14.69,185,0.37,0.37,760,0.00,1.00,2,0.5000,21.00,108,0,0.00,12,8.27,4.73,3.92,14.30
428842,-8.59,-2.34,1,14.51,13.60,8,14.69,185,0.37,0.37,758,0.00,1.00,2,0.5000,21.00,108,0,0.00,12,8.27,4.76,3.92,14.50
428946,-8.59,-2.34,1,14.51,13.60,8,14.69,185,0.38,0.40,756,0.00,1.00,2,0.5000,20.50,108,0,0.00,12,8.27,4.95,3.92,14.40
429050,-8.59,-2.34,1,14.51,13.52,8,14.69,185,0.38,0.39,746,0.00,1.00,2,0.5000,20.50,108,0,0.00,12,8.27,4.82,3.92,14.40
429154,-7.81,-2.34,1,14.51,13.60,8,14.69,185,0.38,0.38,752,0.00,1.00,2,0.5000,20.50,108,0,0.00,12,8.27,4.76,3.92,14.60
429258,-7.81,-2.34,1,14.51,13.52,8,14.69,185,0.38,0.38,747,0.00,1.00,2,0.5000,18.50,108,0,0.00,12,8.42,4.73,3.92,14.60
429362,-7.81,-2.34,1,14.51,13.28,8,14.69,185,0.38,0.37,766,0.00,1.00,2,0.5000,18.00,108,0,0.00,12,8.42,4.73,5.10,14.40
429466,-7.03,-2.34,1,14.51,13.36,8,14.69,185,0.38,0.40,756,0.00,1.00,2,0.5000,18.00,108,0,0.00,12,8.56,5.39,10.20,14.80
429570,-7.03,-2.34,1,14.51,13.52,8,14.69,185,0.44,0.52,748,0.00,0.73,2,0.5000,23.00,108,0,0.00,12,12.91,8.68,19.22,15.00
429674,-6.25,-2.34,3,14.51,13.60,8,14.64,185,0.57,0.89,834,0.00,0.74,2,0.5000,27.00,108,0,0.50,12,14.07,11.96,21.96,14.80
429778,-7.81,-1.56,3,14.51,13.52,8,14.61,185,0.59,0.60,1067,0.00,0.98,2,0.5000,29.50,108,0,0.50,12,13.93,11.38,21.57,15.00
429882,-5.47,-1.56,3,14.51,13.44,8,14.60,185,0.58,0.58,1238,0.00,0.98,2,0.5000,31.00,108,0,0.50,12,13.93,11.91,21.57,15.60
429985,6.25,-1.56,3,14.51,13.52,8,14.60,185,0.59,0.63,1226,0.00,0.98,2,0.5000,30.50,108,0,0.50,12,13.93,13.01,25.49,15.20
430090,18.75,-1.56,3,14.51,13.52,8,14.60,185,0.62,0.66,1240,0.00,0.93,2,0.5000,31.00,108,0,1.00,12,14.36,14.05,34.51,16.70
430194,25.00,-0.78,3,14.51,13.60,8,14.60,185,0.63,0.64,1351,0.00,0.98,2,0.5000,33.00,108,0,1.00,12,14.51,14.66,36.86,18.90
430298,25.00,-0.78,3,14.51,13.52,8,14.59,185,0.63,0.64,1487,0.00,0.98,2,0.5000,36.50,108,0,1.00,12,14.36,17.05,36.86,16.90
430401,23.44,-0.78,3,14.51,13.44,8,14.58,185,0.65,0.67,1607,0.00,0.98,2,0.5000,38.00,108,0,1.00,12,14.51,17.73,36.86,15.70
430506,22.66,-0.78,3,14.51,13.52,8,14.58,185,0.66,0.67,1686,0.00,0.98,2,0.5000,37.50,108,0,1.00,12,14.51,19.40,36.86,15.20
430610,23.44,-0.78,3,14.51,13.52,8,14.58,185,0.68,0.70,1735,0.00,0.98,2,0.5000,37.00,108,0,1.00,12,14.51,20.60,36.86,14.80
430714,22.66,0.00,3,14.51,13.60,8,14.58,185,0.71,0.73,1763,0.00,0.98,2,0.5000,37.00,108,0,1.00,12,14.51,21.46,37.25,14.60
430818,21.09,0.00,3,14.51,13.52,8,14.58,185,0.73,0.76,1786,0.00,0.98,2,0.5000,37.00,108,0,1.00,12,14.65,22.38,38.04,14.50
430922,19.53,0.00,3,14.51,13.52,8,14.58,185,0.75,0.77,1803,0.00,0.98,2,0.5000,36.50,108,0,1.50,12,14.65,23.43,38.04,14.10
431026,17.19,0.00,3,14.51,13.44,8,14.58,185,0.77,0.79,1808,0.00,0.98,2,0.5000,36.50,106,0,1.50,12,14.65,23.78,38.82,13.90
431130,14.84,0.00,3,14.51,13.44,8,14.58,185,0.79,0.80,1822,0.00,0.98,2,0.5000,36.50,106,0,1.50,12,14.80,24.72,41.18,13.60
431234,13.28,0.00,3,14.51,13.60,8,14.58,185,0.80,0.80,1844,0.00,0.98,2,0.5000,36.00,106,0,1.50,12,14.95,24.96,41.57,13.80
431338,10.94,2.34,3,14.51,13.52,8,14.58,185,0.81,0.81,1880,0.00,0.98,2,0.5000,36.00,106,0,2.00,12,14.95,25.55,41.96,13.70
431442,9.38,2.34,3,14.51,13.44,8,14.57,185,0.81,0.82,1899,0.00,0.98,2,0.5000,36.00,106,0,2.00,12,14.95,26.26,42.35,13.80
431546,7.03,2.34,3,14.51,13.52,8,14.57,185,0.82,0.84,1906,0.00,0.98,2,0.5000,36.00,106,0,2.00,12,15.09,26.50,42.35,13.80
431650,6.25,2.34,3,14.51,13.52,8,14.57,185,0.83,0.83,1941,0.00,0.98,2,0.5000,36.00,106,0,2.00,12,15.09,27.21,42.75,13.90
431754,5.47,2.34,3,14.51,13.52,8,14.56,185,0.83,0.84,1961,0.00,0.98,2,0.5000,36.00,106,0,2.00,12,15.09,27.92,42.75,14.10
431858,4.69,2.34,3,14.51,13.44,8,14.56,185,0.84,0.84,1968,0.00,0.98,2,0.5000,36.00,106,0,2.00,12,15.24,27.92,42.35,14.10
431962,4.69,2.34,3,14.51,13.44,8,14.56,185,0.85,0.86,2000,0.00,0.98,2,0.5000,36.00,106,0,2.00,12,15.24,28.40,42.75,14.20
432066,4.69,2.34,3,14.51,13.52,8,14.56,185,0.85,0.84,2004,0.00,0.98,2,0.5000,36.00,106,0,2.00,12,15.24,28.64,42.75,14.40
432170,4.69,2.34,3,14.51,13.52,8,14.56,185,0.85,0.86,2041,0.00,0.99,2,0.5000,36.00,106,0,1.50,12,15.38,29.12,42.75,14.40
432274,4.69,2.34,3,14.51,13.52,8,14.56,185,0.85,0.86,2042,0.00,0.99,2,0.5000,36.00,106,0,1.50,12,15.38,29.36,42.75,14.40
432378,3.91,2.34,3,14.51,13.60,8,14.56,185,0.86,0.88,2078,0.00,0.99,2,0.5000,36.00,106,0,1.50,12,15.38,29.96,42.75,14.40
432482,4.69,2.34,3,14.51,13.44,8,14.56,185,0.86,0.86,2082,0.00,0.99,2,0.5000,36.00,106,0,1.50,12,15.53,30.33,42.75,14.40
432586,4.69,2.34,3,14.51,13.52,8,14.56,185,0.87,0.86,2109,0.00,0.99,2,0.5000,36.00,106,0,1.50,12,15.53,30.94,42.75,14.40
432690,5.47,2.34,3,14.51,12.88,8,14.56,185,0.87,0.88,2145,0.00,0.99,2,0.5000,36.50,106,0,1.50,12,15.53,31.68,42.75,14.80
432794,5.47,2.34,3,14.51,12.96,8,14.56,185,0.88,0.88,2171,0.00,0.99,2,0.5000,36.50,106,0,1.50,12,15.67,32.04,42.75,14.80
432898,5.47,2.34,3,14.51,13.36,8,14.56,185,0.88,0.89,2166,0.00,0.99,2,0.5000,36.00,106,0,1.50,12,15.67,31.80,42.75,14.40
433002,5.47,2.34,3,14.51,13.44,8,14.56,185,0.88,0.90,2186,0.00,0.99,2,0.5000,36.50,106,1,1.50,12,15.67,32.53,42.75,14.30
433106,5.47,2.34,3,14.51,13.44,8,14.56,185,0.89,0.90,2224,0.00,0.99,2,0.5000,36.50,106,1,1.50,12,15.67,32.90,42.75,14.40
433210,5.47,2.34,3,14.51,13.36,8,14.56,185,0.89,0.90,2254,0.00,0.99,2,0.5000,36.50,106,1,1.50,12,15.67,33.57,42.75,14.40
433314,6.25,2.34,3,14.51,13.44,8,14.56,185,0.90,0.91,2280,0.00,0.99,2,0.5000,36.50,106,1,1.50,12,15.82,34.03,42.75,14.80
433418,7.03,2.34,3,14.51,13.44,8,14.56,185,0.91,0.91,2307,0.00,0.99,2,0.5000,36.50,106,1,1.50,12,15.82,34.79,42.75,15.60
433522,7.03,2.34,3,14.51,13.36,8,14.56,185,0.92,0.93,2335,0.00,0.99,2,0.5000,36.50,106,1,1.50,12,15.82,35.86,42.75,15.70
433626,7.81,2.34,3,14.51,13.44,8,14.56,185,0.93,0.94,2366,0.00,0.99,2,0.5000,36.50,106,1,1.50,12,15.82,36.46,42.75,14.70
433731,7.81,2.34,3,14.51,13.44,8,14.56,185,0.93,0.93,2396,0.00,0.99,2,0.5000,36.50,106,1,1.50,12,15.96,37.38,43.14,15.00
433834,8.59,2.34,3,14.51,13.44,8,14.55,185,0.94,0.95,2408,0.00,0.99,2,0.5000,36.50,106,2,1.50,12,15.96,38.24,42.35,14.80
433938,8.59,2.34,3,14.51,13.44,8,14.55,185,0.94,0.94,2437,0.00,0.99,2,0.5000,36.50,106,3,1.50,12,15.96,38.48,42.75,15.40
434042,8.59,2.34,3,14.51,13.44,8,14.54,185,0.95,0.94,2492,0.00,0.99,2,0.5000,37.00,106,4,1.00,12,16.11,39.38,42.35,14.50
434146,8.59,3.12,3,14.51,13.44,8,14.53,185,0.95,0.95,2525,0.00,0.99,2,0.5000,36.50,106,4,1.00,12,16.11,40.74,42.35,14.50
434250,7.03,3.12,4,14.51,13.44,8,14.52,185,0.96,0.96,2538,0.00,0.99,2,0.5000,37.00,106,5,1.00,12,16.25,40.98,42.35,14.30
434354,5.47,3.91,4,14.51,13.36,8,14.51,185,0.96,0.96,2592,0.00,0.99,2,0.5000,34.50,106,6,-1.00,13,16.25,41.23,42.35,14.10
434458,3.91,3.91,4,14.51,13.44,8,14.50,185,0.96,0.96,2601,-2.00,0.99,2,0.5000,35.00,106,7,-1.00,13,16.40,42.14,42.35,14.00
434562,3.12,3.91,4,14.51,13.52,8,14.50,185,0.96,0.95,2653,-2.00,0.99,2,0.5000,35.00,106,7,-1.00,13,16.40,42.06,42.35,14.30
434666,2.34,3.91,4,14.51,13.52,8,14.49,185,0.95,0.94,2678,-2.00,0.99,2,0.5000,35.00,106,8,-1.00,13,16.54,42.76,42.35,14.20
434770,3.12,3.91,4,14.51,13.52,8,14.47,185,0.95,0.95,2716,-2.00,0.99,2,0.5000,35.50,106,9,-1.50,13,16.54,43.34,42.35,14.30
434874,3.12,3.91,4,14.51,13.36,8,14.47,185,0.95,0.96,2775,-2.00,0.99,2,0.5000,35.50,106,9,-1.50,13,16.69,44.08,42.35,14.40
434978,3.91,3.91,4,14.51,13.36,8,14.45,185,0.95,0.96,2822,-2.00,0.99,2,0.5000,35.50,106,10,-1.50,13,16.83,44.49,42.35,14.60
435082,4.69,3.91,4,14.51,13.52,8,14.46,185,0.95,0.95,2864,-2.00,0.99,2,0.5000,35.50,106,11,-1.50,13,16.83,45.07,42.75,14.50
435186,6.25,3.91,4,14.51,13.44,8,14.47,185,0.94,0.94,2908,-2.00,0.99,2,0.5000,35.50,106,12,-1.50,13,16.98,45.81,42.75,13.90
435290,8.59,3.91,4,14.51,13.44,8,14.47,185,0.94,0.95,2945,-2.00,0.99,2,0.5000,35.50,106,12,-1.50,13,17.12,47.02,42.75,16.20
435394,10.94,3.91,4,14.51,13.44,8,14.48,185,0.95,0.95,2992,-2.00,0.99,2,0.5000,35.50,106,13,-1.50,13,17.27,47.97,42.75,15.80
435498,12.50,3.91,4,14.51,13.28,8,14.49,185,0.96,0.97,3019,-2.00,0.99,2,0.5000,35.50,106,13,-1.50,13,17.41,48.65,42.75,14.10
435602,14.06,3.91,4,14.51,13.52,8,14.50,185,0.97,0.97,3060,-2.00,0.99,2,0.5000,35.50,106,14,-1.50,13,17.56,50.02,42.75,16.50
435706,14.84,3.91,4,14.51,13.52,8,14.50,185,0.97,0.99,3134,-2.00,0.99,2,0.5000,35.00,106,15,-1.00,13,17.70,50.98,42.75,14.20
435810,15.62,3.91,4,14.51,13.60,8,14.51,185,0.98,0.98,3152,-2.00,0.99,2,0.5000,35.00,106,15,-1.00,13,17.85,52.34,42.75,14.40
435914,15.62,3.91,4,14.51,13.44,8,14.51,185,0.99,1.00,3215,-2.00,0.99,2,0.5000,35.00,106,15,-1.00,13,17.99,53.38,42.75,14.70
436019,16.41,3.91,4,14.51,13.36,8,14.52,185,1.00,1.01,3234,-2.00,0.99,2,0.5000,35.00,106,16,-1.00,13,18.28,54.75,43.14,13.80
436122,14.84,3.91,4,14.51,13.44,8,14.52,185,1.02,1.02,3309,-1.91,0.99,2,0.5000,34.50,106,16,-0.50,13,18.43,55.66,43.14,14.30
436226,13.28,3.91,4,14.51,13.36,8,14.52,185,1.02,1.03,3358,-1.82,0.99,2,0.5000,34.50,106,16,-0.50,13,18.72,57.33,42.75,14.10
436330,14.06,3.91,4,14.51,13.60,8,14.52,185,1.03,1.05,3394,-1.73,0.99,2,0.5000,34.50,108,16,-0.50,13,18.86,58.85,42.75,15.40
436434,14.84,3.91,4,14.51,13.36,8,14.52,185,1.04,1.04,3418,-1.63,0.99,2,0.5000,34.50,108,16,-0.50,13,19.15,59.96,42.75,14.50
436538,14.06,3.91,4,14.51,13.44,8,14.52,185,1.04,1.03,3470,-1.54,0.99,2,0.5000,34.50,108,16,0.00,13,19.30,60.05,42.35,14.00
436642,14.84,3.91,4,14.51,13.36,8,14.52,185,1.03,1.03,3544,-1.43,0.99,2,0.5000,35.00,108,16,0.00,13,19.59,60.17,42.35,14.10
436746,17.19,3.91,4,14.51,13.52,8,14.52,185,1.01,1.02,3583,-1.34,0.99,2,0.5000,35.50,108,15,0.00,13,19.73,60.24,42.35,14.50
436850,19.53,3.91,4,14.51,13.44,8,14.52,185,1.00,1.00,3636,-1.24,0.99,2,0.5000,36.50,108,15,0.50,13,17.27,60.20,25.88,14.70
436954,16.41,2.34,4,14.51,13.36,8,14.52,185,0.79,0.69,3602,-0.22,1.18,2,0.5000,36.00,108,14,0.00,13,8.85,32.82,7.84,14.10
437058,11.72,2.34,3,14.51,13.60,8,14.52,185,0.49,0.39,3290,-0.13,1.24,2,0.5000,36.50,108,14,0.00,13,6.53,18.33,7.45,10.20
437163,5.47,2.34,3,14.51,13.52,8,14.56,185,0.35,0.30,3218,-0.04,1.12,2,0.5000,32.50,108,13,0.00,13,5.51,16.08,7.45,11.30
437266,-2.34,2.34,3,14.51,13.60,8,14.54,185,0.29,0.27,3338,0.00,1.01,2,0.5000,28.50,108,12,0.00,13,5.08,14.32,7.84,11.70
437370,0.00,2.34,3,14.51,13.60,10,14.54,185,0.26,0.24,3305,0.00,1.00,2,0.5000,25.50,108,11,0.00,13,4.79,13.38,7.45,10.80
437474,0.00,2.34,3,14.51,13.52,10,14.54,185,0.24,0.24,3294,0.00,1.00,2,0.5000,24.00,108,11,0.00,13,4.64,13.04,7.84,10.60
437578,0.00,2.34,3,14.51,13.52,10,14.54,185,0.23,0.23,3304,0.00,1.00,2,0.5000,24.00,108,10,0.00,13,4.50,12.82,7.45,11.00
437682,0.00,2.34,3,14.51,13.52,10,14.54,185,0.23,0.22,3282,0.00,0.99,2,0.5000,24.00,108,10,0.00,13,4.35,12.53,7.84,12.50
437786,0.00,2.34,3,14.51,13.60,10,14.54,185,0.22,0.22,3226,0.00,0.99,2,0.5000,24.00,108,9,0.00,13,4.35,11.79,7.84,13.40
437890,0.00,2.34,3,14.51,13.60,10,14.54,185,0.22,0.22,3244,0.00,0.99,2,0.5000,24.00,108,9,0.00,13,4.35,12.01,7.45,20.00
437994,0.00,2.34,3,14.51,13.60,10,14.54,185,0.22,0.22,3214,0.00,0.99,2,0.5000,24.00,108,9,0.00,13,4.35,11.57,7.45,20.00
438098,0.00,2.34,3,14.51,13.44,10,14.55,185,0.21,0.21,3227,0.00,0.99,2,0.5000,24.00,108,9,0.00,13,4.21,11.06,7.45,53.40
438202,0.00,2.34,3,14.51,13.52,10,14.54,185,0.21,0.21,3187,0.00,0.99,2,0.5000,24.00,108,9,0.00,13,4.35,10.99,7.84,80.90
438306,0.00,2.34,3,14.51,13.52,10,14.55,185,0.21,0.21,3198,0.00,0.99,2,0.5000,24.00,108,9,0.00,13,4.21,11.13,7.84,82.40
438411,0.00,2.34,3,14.51,13.52,10,14.55,185,0.20,0.20,3165,0.00,0.99,2,0.5000,24.00,108,9,0.00,13,4.21,10.70,7.84,96.00
438514,0.00,2.34,3,14.51,13.52,10,14.55,185,0.20,0.20,3180,0.00,0.99,2,0.5000,24.00,108,9,0.00,13,4.21,10.41,7.45,96.00
438618,0.00,2.34,3,14.51,13.52,10,14.56,185,0.20,0.20,3146,0.00,0.99,2,0.5000,24.00,108,9,0.00,13,4.21,10.51,7.45,96.00
438723,0.00,2.34,3,14.51,13.52,10,14.56,185,0.20,0.20,3159,0.00,0.99,2,0.5000,24.00,108,10,0.00,13,4.21,10.46,7.45,96.00
438826,0.00,2.34,3,14.51,13.60,10,14.56,185,0.20,0.20,3120,0.00,0.99,2,0.5000,24.00,108,10,0.00,13,4.21,10.41,7.45,99.90
438930,0.00,2.34,3,14.51,13.60,10,14.56,185,0.20,0.20,3128,0.00,0.99,2,0.5000,24.00,108,10,0.00,13,4.21,10.23,7.45,99.90
439035,0.00,2.34,3,14.51,13.52,10,14.56,185,0.20,0.19,3091,0.00,0.99,2,0.5000,24.00,108,10,0.00,13,4.21,10.27,7.45,99.90
439138,0.00,2.34,3,14.51,13.52,10,14.57,185,0.20,0.20,3102,0.00,0.99,2,0.5000,24.00,108,10,0.00,13,4.21,10.23,7.45,99.90
439243,0.00,2.34,3,14.51,13.36,10,14.57,185,0.20,0.20,3090,0.00,0.99,2,0.5000,24.00,108,10,0.00,13,4.21,10.13,7.45,99.90
439347,0.00,2.34,3,14.51,13.60,10,14.57,185,0.20,0.20,3055,0.00,0.99,2,0.5000,24.00,108,10,0.00,13,4.21,10.18,7.45,99.90
439450,0.00,2.34,3,14.51,13.52,10,14.58,185,0.20,0.20,3040,0.00,0.99,2,0.5000,24.00,108,11,0.00,13,4.21,10.18,7.45,99.90
439555,0.00,2.34,3,14.51,13.60,10,14.58,185,0.20,0.20,3047,0.00,0.99,2,0.5000,24.00,108,11,0.00,13,4.21,10.09,7.45,99.90
439659,0.00,2.34,2,14.51,13.52,10,14.58,185,0.20,0.20,3032,0.00,0.99,2,0.5000,24.00,108,11,0.00,13,4.21,9.99,7.45,99.90
439763,0.00,2.34,2,14.51,13.52,10,14.58,185,0.20,0.20,2992,0.00,0.99,2,0.5000,24.00,108,11,0.00,13,4.21,9.99,7.45,99.90
439866,0.00,2.34,2,14.51,13.60,10,14.58,185,0.20,0.20,2978,0.00,0.99,2,0.5000,24.00,108,11,0.00,13,4.21,9.80,7.45,99.90
439971,0.00,2.34,2,14.51,13.52,10,14.59,185,0.20,0.20,2986,0.00,0.99,2,0.5000,24.00,108,11,0.00,13,4.21,9.52,7.84,99.90
440075,0.00,2.34,2,14.51,13.52,10,14.59,185,0.20,0.20,2975,0.00,0.99,2,0.5000,24.00,108,11,0.00,13,4.21,9.76,7.45,99.90
440179,0.00,2.34,2,14.51,13.60,10,14.59,185,0.20,0.20,2959,0.00,1.00,2,0.5000,24.00,108,12,0.00,13,4.21,9.80,7.45,99.90
440283,0.00,0.00,2,14.51,13.60,10,14.59,185,0.20,0.20,2941,0.00,1.00,2,0.5000,24.00,108,12,0.00,13,4.21,9.57,7.45,99.90
440387,0.00,0.00,2,14.51,13.60,10,14.60,185,0.20,0.20,2925,0.00,1.00,2,0.5000,24.00,108,12,0.00,13,4.21,9.71,7.45,99.90
440490,0.00,0.00,2,14.51,13.52,10,14.60,185,0.20,0.20,2883,0.00,1.00,2,0.5000,24.00,108,12,0.00,13,4.21,9.57,7.45,99.90
440595,0.00,0.00,2,14.51,13.60,10,14.60,185,0.20,0.20,2870,0.00,1.00,2,0.5000,24.00,108,12,0.00,13,4.21,9.71,7.45,99.90
440699,0.00,0.00,2,14.51,13.60,10,14.60,185,0.20,0.20,2884,0.00,1.00,2,0.5000,24.00,108,12,0.00,13,4.21,9.57,7.45,99.90
440803,0.00,0.00,2,14.51,13.60,10,14.61,185,0.20,0.20,2875,0.00,1.00,2,0.5000,24.00,108,13,0.00,13,4.21,9.52,7.45,99.90
440907,0.00,0.00,2,14.51,13.60,10,14.61,185,0.20,0.20,2862,0.00,1.00,2,0.5000,24.00,108,12,0.00,13,4.21,9.57,7.45,99.90
441011,0.00,0.00,2,14.51,13.52,10,14.61,185,0.20,0.20,2844,0.00,1.00,2,0.5000,24.00,108,13,0.00,13,4.21,9.52,7.45,99.90
441115,0.00,0.00,2,14.51,13.52,10,14.62,185,0.20,0.20,2830,0.00,1.00,2,0.5000,24.00,108,13,0.00,13,4.21,9.48,7.45,99.90
441218,0.00,0.00,2,14.51,13.60,10,14.62,185,0.20,0.20,2816,0.00,1.00,2,0.5000,24.00,108,13,0.00,13,4.21,9.34,7.45,99.90
441323,0.00,0.00,2,14.51,13.60,10,14.62,185,0.20,0.20,2780,0.00,1.00,2,0.5000,24.00,108,13,0.00,13,4.21,9.34,7.45,99.90
441427,0.00,0.00,2,14.51,13.60,10,14.62,185,0.20,0.20,2763,0.00,1.00,2,0.5000,24.00,108,13,0.00,13,4.21,9.43,7.45,99.90
441531,0.00,0.00,2,14.51,13.52,10,14.62,185,0.20,0.20,2743,0.00,1.00,2,0.5000,24.00,108,13,0.00,13,4.21,9.29,7.45,99.90
441634,0.00,0.00,2,14.51,13.52,10,14.62,185,0.21,0.21,2748,0.00,1.00,2,0.5000,24.00,108,13,0.00,13,4.21,9.43,7.84,99.90
441739,0.00,0.00,2,14.51,13.60,10,14.62,185,0.21,0.21,2731,0.00,1.00,2,0.5000,24.00,108,13,0.00,13,4.21,9.57,7.45,99.90
441843,0.00,0.00,2,14.51,13.68,10,14.62,185,0.21,0.21,2695,0.00,1.00,2,0.5000,24.00,108,13,0.00,13,4.21,9.34,7.45,99.90
441947,0.00,0.00,2,14.51,13.52,10,14.62,185,0.21,0.21,2698,0.00,1.00,2,0.5000,24.00,108,13,0.00,13,4.21,9.14,7.45,99.90
442051,0.00,0.00,2,14.51,13.52,10,14.61,185,0.21,0.21,2676,0.00,1.00,2,0.5000,24.00,108,12,0.00,13,4.21,9.20,7.84,99.90
442158,0.00,0.00,2,14.51,13.60,10,14.61,185,0.21,0.21,2636,0.00,1.00,2,0.5000,24.00,108,12,0.00,13,4.21,9.09,7.45,99.90
442259,0.00,0.00,2,14.51,13.60,10,14.61,185,0.21,0.22,2640,0.00,1.00,2,0.5000,24.00,108,11,0.00,13,4.35,9.34,7.84,99.90
442363,0.00,0.00,2,14.51,13.60,10,14.61,185,0.22,0.21,2600,0.00,0.97,2,0.5000,27.50,108,10,0.00,13,4.35,9.43,7.84,99.90
442467,0.00,0.00,2,14.51,13.60,10,14.61,185,0.22,0.22,2630,0.00,0.97,2,0.5000,33.00,108,9,0.00,13,4.50,9.57,8.24,99.90
442571,0.00,0.00,2,14.51,13.44,10,14.61,185,0.22,0.21,2674,0.00,0.97,2,0.5000,37.50,108,9,0.00,13,4.50,9.90,8.63,99.90
442675,0.00,0.00,3,14.51,13.52,10,14.62,185,0.22,0.23,2681,0.00,0.97,2,0.5000,37.50,108,8,0.00,13,4.64,10.27,9.02,73.10
442779,0.00,0.00,3,14.51,13.52,10,14.61,185,0.23,0.24,2690,0.00,0.97,2,0.5000,37.50,108,7,0.00,13,4.79,10.46,9.02,24.40
442883,0.00,0.00,3,14.51,13.60,10,14.61,185,0.24,0.24,2648,0.00,0.97,2,0.5000,37.50,108,7,0.00,13,4.79,10.65,9.02,20.70
442986,0.00,0.78,3,14.51,13.60,10,14.61,185,0.24,0.24,2665,0.00,0.97,2,0.5000,37.50,108,6,0.00,13,4.79,10.51,9.02,19.20
443091,0.00,0.78,3,14.51,13.60,10,14.61,185,0.24,0.24,2674,0.00,0.97,2,0.5000,37.00,108,5,0.00,13,4.93,10.56,9.02,18.50
443195,0.00,2.34,3,14.51,13.52,10,14.61,185,0.24,0.23,2646,0.00,0.97,2,0.5000,37.50,108,5,0.00,13,4.64,10.23,7.84,17.50
443299,0.78,2.34,2,14.51,13.52,10,14.61,185,0.23,0.22,2660,0.00,1.00,2,0.5000,34.50,108,4,0.00,13,4.35,9.71,7.84,16.80
443403,1.56,2.34,2,14.51,13.60,8,14.61,185,0.22,0.21,2617,0.00,1.00,2,0.5000,31.50,108,3,0.00,13,4.21,9.52,7.84,16.20
443507,0.78,2.34,2,14.51,13.60,8,14.61,185,0.21,0.21,2617,0.00,1.00,2,0.5000,29.00,108,3,0.00,13,4.21,9.09,7.84,16.00
443612,0.00,2.34,2,14.51,13.60,8,14.61,185,0.21,0.22,2566,0.00,1.00,2,0.5000,26.50,108,2,0.00,13,4.21,9.14,7.45,16.00
443715,0.00,0.00,2,14.51,13.44,10,14.61,185,0.21,0.22,2558,0.00,1.00,2,0.5000,24.00,108,2,0.00,13,4.21,9.04,7.45,14.00
443819,0.00,0.00,2,14.51,13.52,10,14.61,185,0.22,0.22,2517,0.00,1.00,2,0.5000,24.00,108,1,0.00,13,4.35,9.14,7.84,15.90
443923,0.00,0.00,2,14.51,13.60,10,14.61,185,0.22,0.22,2508,0.00,1.00,2,0.5000,24.00,108,1,0.00,13,4.35,9.24,7.84,18.20
444027,0.00,0.00,2,14.51,13.60,10,14.61,185,0.22,0.22,2487,0.00,1.00,2,0.5000,24.00,108,1,0.00,13,4.35,9.09,7.45,20.50
444131,0.00,0.00,2,14.51,13.52,10,14.61,185,0.22,0.23,2419,0.00,1.00,2,0.5000,24.00,108,1,0.00,13,4.64,9.09,7.84,23.10
444235,0.00,0.00,2,14.51,13.52,10,14.60,185,0.23,0.23,2386,0.00,1.00,2,0.5000,24.00,108,0,0.00,13,4.64,9.24,7.84,29.50
444339,0.00,0.00,2,14.51,13.52,10,14.60,185,0.23,0.24,2359,0.00,1.00,2,0.5000,24.00,108,0,0.00,13,4.79,9.29,7.84,42.40
444443,0.00,0.00,2,14.51,13.68,10,14.60,185,0.24,0.24,2337,0.00,1.00,2,0.5000,24.00,108,0,0.00,13,4.93,9.19,7.45,64.90
444547,0.00,0.00,2,14.51,13.52,10,14.60,185,0.24,0.24,2332,0.00,1.00,2,0.5000,24.00,108,0,0.00,13,4.93,8.84,7.45,85.40
444651,0.00,0.00,2,14.51,13.60,10,14.59,185,0.24,0.23,2314,0.00,1.00,2,0.5000,24.00,108,0,0.00,13,4.93,9.14,7.45,96.00
444755,0.00,0.00,2,14.51,13.44,10,14.59,185,0.24,0.24,2276,0.00,1.00,2,0.5000,24.00,109,0,0.00,13,4.93,8.99,7.45,96.00
444859,0.00,0.00,2,14.51,13.52,10,14.59,185,0.24,0.24,2255,0.00,0.99,2,0.5000,24.00,109,0,0.00,13,5.08,8.89,7.45,96.00
444963,0.00,0.00,2,14.51,13.52,10,14.59,185,0.24,0.24,2238,0.00,0.99,2,0.5000,24.00,109,0,0.00,13,5.08,8.89,7.45,96.00
445067,0.00,0.00,2,14.51,13.68,10,14.59,185,0.24,0.23,2218,0.00,0.99,2,0.5000,24.00,109,0,0.00,13,5.08,8.94,7.45,99.90
445171,0.00,0.00,2,14.51,13.52,10,14.59,185,0.24,0.25,2198,0.00,0.99,2,0.5000,24.00,109,0,0.00,13,5.08,8.84,7.45,99.90
445275,0.00,0.00,2,14.51,13.44,10,14.58,185,0.24,0.24,2199,0.00,0.99,2,0.5000,24.00,109,0,0.00,13,5.08,8.64,7.06,99.90
445379,0.00,0.00,2,14.51,13.60,10,14.58,185,0.24,0.24,2178,0.00,0.99,2,0.5000,24.00,109,0,0.00,13,5.08,8.74,7.06,99.90
445483,0.00,0.00,2,14.51,13.60,10,14.58,185,0.24,0.23,2142,0.00,0.99,2,0.5000,24.00,109,0,0.00,13,5.08,8.59,7.06,99.90
445587,0.00,0.00,2,14.51,13.52,10,14.58,185,0.24,0.24,2123,0.00,0.99,2,0.5000,24.00,109,0,0.00,13,5.08,8.59,7.06,99.90
445691,0.00,0.00,2,14.51,13.60,10,14.57,185,0.24,0.24,2123,0.00,0.99,2,0.5000,24.00,109,0,0.00,13,5.08,8.49,7.06,99.90
445796,0.00,0.00,2,14.51,13.44,10,14.57,185,0.24,0.24,2089,0.00,0.99,2,0.5000,24.00,109,0,0.00,13,5.08,8.54,7.06,99.90
445898,0.00,0.00,2,14.51,13.44,10,14.57,185,0.24,0.24,2070,0.00,0.99,2,0.5000,24.00,109,0,0.00,13,5.08,8.29,7.06,99.90
446004,0.00,0.00,2,14.51,13.68,10,14.57,185,0.24,0.24,2070,0.00,0.99,2,0.5000,24.00,109,0,0.00,13,5.08,8.29,7.06,99.90
446107,0.00,0.00,2,14.51,13.60,10,14.57,183,0.24,0.23,2059,0.00,0.99,2,0.5000,24.00,109,1,0.00,13,5.08,7.94,6.67,99.90
446212,0.00,0.00,2,14.51,13.60,10,14.57,183,0.23,0.22,2091,0.00,0.99,2,0.5000,24.00,109,1,0.00,13,4.79,7.54,6.27,99.90
446316,0.00,0.00,2,14.51,13.60,10,14.57,183,0.22,0.21,2070,0.00,0.99,2,0.5000,24.00,109,1,0.00,13,4.64,7.35,5.88,99.90
446420,0.00,0.00,2,14.51,13.60,10,14.58,183,0.21,0.21,2075,0.00,0.99,2,0.5000,24.00,109,1,0.00,13,4.64,7.11,5.88,99.90
446524,0.00,0.00,2,14.51,13.60,10,14.58,183,0.21,0.21,2060,0.00,0.99,2,0.5000,24.00,109,1,0.00,13,4.64,7.25,5.88,99.90
446628,0.00,0.00,2,14.51,13.52,10,14.58,183,0.21,0.21,2029,0.00,0.99,2,0.5000,24.00,109,2,0.00,13,4.64,7.11,5.88,99.90
446732,0.00,0.00,2,14.51,13.60,10,14.57,183,0.21,0.21,2032,0.00,0.99,2,0.5000,24.50,109,2,0.00,13,4.64,7.25,5.88,99.90
446836,0.00,0.00,2,14.51,13.52,10,14.57,183,0.21,0.21,2001,0.00,0.97,2,0.5000,28.50,109,2,0.00,13,4.79,7.25,6.67,99.90
446939,0.00,0.00,2,14.51,13.60,10,14.57,183,0.22,0.22,2077,0.00,0.97,2,0.5000,32.50,109,2,0.00,13,4.93,7.94,7.45,99.90
447044,0.00,0.00,2,14.51,13.60,10,14.58,183,0.23,0.23,2121,0.00,0.97,2,0.5000,34.00,109,3,0.00,13,5.22,8.54,8.24,99.90
447148,0.00,0.00,2,14.51,13.52,10,14.58,183,0.24,0.26,2150,0.00,0.97,2,0.5000,34.00,109,3,0.00,13,5.66,9.29,9.02,81.10
447251,0.00,0.00,2,14.51,13.60,10,14.57,183,0.26,0.28,2144,0.00,0.97,2,0.5000,34.50,109,3,0.00,13,6.09,10.09,9.41,32.00
447356,0.00,0.00,3,14.51,13.52,10,14.57,183,0.28,0.29,2151,0.00,0.97,2,0.5000,35.50,109,3,0.00,13,6.67,11.21,10.98,24.10
447460,0.00,0.00,3,14.51,13.52,10,14.57,183,0.32,0.34,2175,0.00,0.97,2,0.5000,37.00,109,3,0.00,13,7.25,12.67,12.16,21.00
447564,0.00,0.78,3,14.51,13.68,10,14.58,183,0.35,0.37,2223,0.00,0.89,2,0.5000,38.00,109,4,0.00,13,7.98,14.12,12.94,20.00
447667,0.00,0.78,3,14.51,13.36,10,14.58,183,0.38,0.40,2229,0.00,0.96,2,0.5000,38.50,109,4,0.00,13,8.27,14.73,12.94,19.40
447772,14.06,2.34,3,14.51,13.60,8,14.59,183,0.39,0.39,2256,0.00,0.98,2,0.5000,39.00,109,4,0.00,13,8.42,14.68,12.94,19.20
447875,20.31,2.34,3,14.51,13.52,8,14.59,183,0.40,0.40,2281,0.00,0.99,2,0.5000,39.50,109,4,0.00,13,8.27,15.28,12.94,18.80
447980,21.09,2.34,3,14.51,13.60,8,14.59,183,0.40,0.40,2301,0.00,0.99,2,0.5000,39.50,109,5,0.00,13,8.27,15.31,12.94,17.80
448085,17.97,2.34,3,14.51,13.60,8,14.59,183,0.40,0.40,2299,0.00,0.99,2,0.5000,39.50,109,5,0.00,13,8.27,15.10,12.55,16.30
448188,17.19,2.34,3,14.51,13.44,8,14.59,183,0.40,0.40,2281,0.00,0.99,2,0.5000,39.50,109,6,0.00,13,8.27,15.19,12.94,14.40
448292,16.41,2.34,3,14.51,13.60,8,14.59,183,0.40,0.40,2292,0.00,0.99,2,0.5000,39.50,109,6,0.00,13,8.13,15.55,12.55,14.40
448396,15.62,2.34,3,14.51,13.44,8,14.59,183,0.40,0.40,2308,0.00,0.99,2,0.5000,39.50,109,7,0.00,13,7.98,14.96,12.16,14.40
448500,14.84,2.34,3,14.51,13.60,8,14.59,183,0.39,0.38,2306,0.00,0.99,2,0.5000,39.50,109,7,0.00,13,7.84,14.89,12.16,14.40
448604,13.28,2.34,3,14.51,13.44,8,14.59,183,0.39,0.39,2296,0.00,1.00,2,0.5000,39.50,109,8,0.00,13,7.69,15.03,12.16,14.20
448708,11.72,2.34,3,14.51,13.60,8,14.59,183,0.39,0.39,2305,0.00,1.00,2,0.5000,39.50,109,8,0.00,13,7.69,14.89,12.16,14.10
448812,10.94,2.34,3,14.51,13.36,8,14.59,183,0.39,0.39,2331,0.00,1.01,2,0.5000,39.50,109,9,0.00,13,7.69,15.03,12.16,14.20
448916,10.16,2.34,3,14.51,13.60,8,14.59,183,0.39,0.38,2333,0.00,1.01,2,0.5000,39.50,109,9,0.00,13,7.69,15.10,11.76,14.30
449020,10.16,2.34,3,14.51,13.68,8,14.59,183,0.39,0.39,2338,0.00,1.01,2,0.5000,39.50,109,9,0.00,13,7.69,14.69,11.76,14.30
449124,10.16,2.34,3,14.51,13.52,8,14.60,183,0.39,0.39,2340,0.00,1.01,2,0.5000,39.50,109,10,0.00,13,7.55,14.83,11.76,14.50
449228,10.94,2.34,3,14.51,13.60,8,14.59,183,0.38,0.38,2338,0.00,1.01,2,0.5000,39.50,109,10,0.00,13,7.40,14.62,10.98,14.50
449332,10.16,2.34,3,14.51,13.52,8,14.60,183,0.37,0.36,2347,0.00,1.01,2,0.5000,39.00,109,11,0.00,13,6.67,13.52,9.02,14.50
449436,7.81,2.34,3,14.51,13.52,8,14.59,183,0.34,0.31,2330,0.00,1.01,2,0.5000,37.50,109,11,0.00,13,6.38,11.78,9.02,14.40
449540,3.12,2.34,3,14.51,13.60,8,14.59,183,0.32,0.30,2311,0.00,1.01,2,0.5000,37.00,109,12,0.00,13,6.09,11.62,9.02,14.00
449643,0.00,2.34,3,14.51,13.68,8,14.59,183,0.31,0.31,2308,0.00,1.01,2,0.5000,37.00,109,12,0.00,13,6.09,11.77,9.02,13.60
449748,-0.78,2.34,3,14.51,13.60,8,14.59,183,0.30,0.30,2302,0.00,1.01,2,0.5000,36.50,109,13,0.00,13,5.66,10.96,7.84,13.60
449852,-1.56,2.34,3,14.51,13.52,8,14.59,183,0.28,0.26,2288,0.00,1.01,2,0.5000,33.50,109,13,0.00,13,5.22,9.57,7.06,13.80
449956,-2.34,2.34,2,14.51,13.60,8,14.59,183,0.26,0.24,2261,0.00,1.00,2,0.5000,30.50,109,14,0.00,13,4.93,8.69,6.67,14.00
450060,-4.69,2.34,2,14.51,13.68,8,14.58,183,0.24,0.22,2201,0.00,1.00,2,0.5000,28.50,109,14,0.00,13,4.64,8.34,6.67,13.80
450164,-7.03,2.34,2,14.51,13.60,8,14.58,183,0.23,0.23,2174,0.00,1.00,2,0.5000,26.00,108,14,0.00,13,4.64,8.14,6.67,13.50
450268,0.00,2.34,2,14.51,13.60,10,14.58,183,0.23,0.22,2158,0.00,1.00,2,0.5000,24.00,108,15,0.00,13,4.64,7.84,6.27,13.30
450372,0.00,0.00,2,14.51,12.88,10,14.58,183,0.22,0.22,2126,0.00,1.00,2,0.5000,24.00,108,15,0.00,13,4.79,7.54,6.27,13.20
450476,0.00,0.00,2,14.51,13.12,10,14.58,183,0.22,0.22,2106,0.00,1.00,2,0.5000,24.00,108,15,0.00,13,4.79,7.69,6.27,13.60
450580,0.00,0.00,2,14.51,13.60,10,14.58,183,0.22,0.22,2106,0.00,0.99,2,0.5000,24.00,108,15,0.00,13,4.79,7.49,6.27,13.10
450684,0.00,0.00,2,14.51,13.60,10,14.57,183,0.22,0.22,2037,0.00,0.99,2,0.5000,24.00,108,16,0.00,13,4.93,7.64,6.27,16.30
450788,0.00,0.00,2,14.51,13.52,10,14.57,183,0.22,0.23,1986,0.00,0.99,2,0.5000,24.00,108,17,0.00,13,4.93,7.45,5.88,18.00
450892,0.00,0.00,2,14.51,13.52,10,14.57,183,0.22,0.22,1965,0.00,0.99,2,0.5000,24.00,108,16,0.00,13,4.93,7.21,5.88,21.80
450996,0.00,0.00,2,14.51,13.60,10,14.57,183,0.22,0.22,1959,0.00,0.99,2,0.5000,24.00,108,17,0.00,13,4.93,7.06,5.88,44.00
451100,0.00,0.00,2,14.51,13.68,10,14.57,183,0.22,0.22,1924,0.00,0.99,2,0.5000,24.00,108,17,0.00,13,4.93,7.06,5.88,65.30
451204,0.00,0.00,2,14.51,13.68,10,14.57,183,0.22,0.22,1922,0.00,0.99,2,0.5000,24.00,108,17,0.00,13,4.93,7.16,5.88,82.10
451308,0.00,0.00,2,14.51,13.60,10,14.57,183,0.22,0.23,1909,0.00,0.99,2,0.5000,24.00,108,17,0.00,13,4.93,7.25,5.88,92.10
451412,0.00,0.00,2,14.51,13.52,10,14.57,183,0.23,0.23,1875,0.00,0.99,2,0.5000,24.00,108,18,0.00,13,4.93,6.97,5.88,96.00
451516,0.00,0.00,2,14.51,13.60,10,14.57,183,0.22,0.22,1862,0.00,0.99,2,0.5000,24.00,108,18,0.00,13,4.93,7.01,5.88,96.00
451620,0.00,0.00,2,14.51,13.68,10,14.57,183,0.22,0.22,1862,0.00,0.99,2,0.5000,24.00,108,18,0.00,13,4.93,6.97,5.88,96.00
451724,0.00,0.00,2,14.51,13.60,10,14.57,183,0.23,0.23,1848,0.00,0.99,2,0.5000,24.00,108,19,0.00,13,4.93,7.01,5.88,96.00
451828,0.00,0.00,2,14.51,13.68,10,14.57,183,0.23,0.23,1834,0.00,0.99,2,0.5000,24.00,108,19,0.00,13,4.93,6.87,5.88,99.90
451932,0.00,0.00,2,14.51,13.44,10,14.57,183,0.23,0.23,1804,0.00,0.99,2,0.5000,24.00,108,19,0.00,13,4.93,6.87,5.49,99.90
452036,0.00,0.00,2,14.51,13.52,10,14.57,183,0.23,0.23,1792,0.00,0.99,2,0.5000,24.00,108,19,0.00,13,4.93,6.92,5.49,99.90
452140,0.00,0.00,2,14.51,13.60,10,14.57,183,0.23,0.23,1779,0.00,0.99,2,0.5000,23.50,108,20,0.00,13,4.93,6.92,5.49,99.90
452244,0.00,0.00,2,14.51,13.60,10,14.57,183,0.23,0.23,1764,0.00,0.99,2,0.5000,23.00,108,20,0.00,13,4.93,6.77,5.49,99.90
452349,0.00,0.00,2,14.51,13.60,10,14.57,183,0.23,0.24,1749,0.00,0.99,2,0.5000,22.50,108,20,0.00,13,4.93,6.87,5.49,99.90
452452,0.00,0.00,2,14.51,13.52,10,14.57,183,0.23,0.24,1732,0.00,0.99,2,0.5000,22.50,108,20,0.00,13,5.08,6.82,5.49,99.90
452556,0.00,0.00,2,14.51,13.52,10,14.57,183,0.24,0.24,1718,0.00,0.99,2,0.5000,22.00,108,20,0.00,13,5.08,6.87,5.49,99.90
452661,0.00,0.00,2,14.51,13.60,10,14.57,183,0.24,0.24,1703,0.00,0.99,2,0.5000,22.50,108,20,0.00,13,5.08,6.72,5.49,99.90
452763,0.00,0.00,2,14.51,13.68,10,14.57,183,0.24,0.23,1687,0.00,0.98,2,0.5000,25.50,108,21,0.00,13,5.22,6.68,6.27,99.90
452868,0.00,0.00,2,14.51,13.60,10,14.57,183,0.24,0.24,1752,0.00,0.98,2,0.5000,30.50,108,20,0.00,13,5.37,7.25,6.67,99.90
452972,0.00,0.00,2,14.51,13.60,10,14.57,183,0.25,0.25,1867,0.00,0.98,2,0.5000,31.00,108,20,0.00,13,5.66,8.24,9.02,99.90
453076,0.00,0.00,2,14.51,13.68,10,14.56,183,0.28,0.31,1882,0.00,0.87,2,0.5000,33.00,108,20,0.00,13,6.67,10.41,9.80,90.60
453180,0.00,0.00,3,14.51,13.60,10,14.55,183,0.32,0.35,1933,0.00,0.89,2,0.5000,35.00,108,20,0.00,13,7.25,11.21,10.20,31.60
453284,0.00,0.00,3,14.51,13.60,10,14.55,183,0.34,0.35,1971,0.00,0.97,2,0.5000,35.50,108,20,0.00,13,7.55,11.94,10.20,20.00
453388,0.00,0.78,3,14.51,13.60,10,14.55,183,0.35,0.36,1967,0.00,0.97,2,0.5000,36.00,108,21,0.00,13,7.69,11.94,10.20,17.40
453492,0.00,0.78,3,14.51,13.60,10,14.56,183,0.36,0.36,1965,0.00,0.97,2,0.5000,36.50,108,21,0.00,13,7.69,12.01,10.20,17.10
453596,0.00,2.34,3,14.51,13.68,10,14.56,183,0.36,0.37,1985,0.00,0.97,2,0.5000,36.00,108,21,0.00,13,7.69,11.79,9.80,16.80
453700,0.78,2.34,3,14.51,13.60,8,14.56,183,0.36,0.36,1967,0.00,0.99,2,0.5000,36.00,108,20,0.00,13,7.69,11.80,9.80,16.20
453804,1.56,2.34,3,14.51,13.60,8,14.56,183,0.36,0.36,1987,0.00,0.99,2,0.5000,37.00,108,18,0.00,13,7.98,12.55,11.37,15.70
453908,3.91,2.34,3,14.51,13.60,8,14.56,183,0.39,0.41,1993,0.00,0.99,2,0.5000,38.00,108,13,0.00,13,8.27,13.84,11.76,15.50
454012,6.25,2.34,3,14.51,13.52,8,14.56,183,0.40,0.41,2024,0.00,0.99,2,0.5000,38.50,108,5,0.00,13,8.42,13.86,11.76,15.60
454116,12.50,2.34,3,14.51,13.68,8,14.56,183,0.41,0.41,2024,0.00,0.99,2,0.5000,38.50,108,2,0.00,13,8.42,13.88,11.37,16.10
454220,13.28,2.34,3,14.51,13.60,8,14.57,183,0.41,0.41,2056,0.00,0.99,2,0.5000,38.50,108,0,0.00,13,8.42,13.63,11.37,15.80
454324,10.94,2.34,3,14.51,13.52,8,14.57,183,0.40,0.41,2058,0.00,0.99,2,0.5000,38.50,108,0,0.00,13,8.27,13.80,11.76,16.60
454429,10.16,2.34,3,14.51,13.52,8,14.57,183,0.41,0.42,2089,0.00,0.99,2,0.5000,39.00,108,0,0.00,13,8.85,15.27,14.12,14.30
454532,10.94,2.34,3,14.51,13.52,8,14.57,183,0.45,0.48,2086,0.00,0.93,2,0.5000,40.50,108,0,0.00,13,9.72,17.47,14.90,14.40
454637,14.06,2.34,3,14.51,13.68,8,14.58,183,0.49,0.51,2124,0.00,1.00,2,0.5000,41.50,108,0,0.00,13,10.01,18.31,14.90,15.50
454740,14.06,2.34,3,14.51,13.60,8,14.58,183,0.50,0.51,2171,0.00,1.00,2,0.5000,42.00,108,0,0.00,13,10.01,18.32,14.90,14.80
454845,14.06,2.34,3,14.51,13.52,8,14.58,183,0.50,0.50,2192,0.00,1.00,2,0.5000,42.00,108,0,0.00,13,10.01,18.07,14.51,15.00
454948,14.06,2.34,3,14.51,13.60,8,14.58,183,0.50,0.50,2192,0.00,1.01,2,0.5000,42.00,108,0,0.00,13,10.01,18.38,14.51,14.40
455052,13.28,2.34,3,14.51,13.60,8,14.58,183,0.50,0.50,2201,0.00,1.01,2,0.5000,42.00,108,0,0.00,13,9.87,19.02,14.51,14.50
455156,13.28,2.34,3,14.51,13.68,8,14.58,183,0.50,0.50,2213,0.00,1.01,2,0.5000,42.00,108,0,0.00,13,9.87,18.59,14.51,14.40
455260,12.50,2.34,3,14.51,13.60,8,14.58,183,0.50,0.51,2242,0.00,1.01,2,0.5000,42.00,108,0,0.00,13,9.87,18.60,14.51,14.40
455364,12.50,2.34,3,14.51,13.52,8,14.58,183,0.50,0.51,2262,0.00,1.01,2,0.5000,42.00,108,0,0.00,13,9.72,18.60,14.51,14.30
455468,12.50,2.34,3,14.51,13.52,8,14.58,183,0.50,0.51,2276,0.00,1.01,2,0.5000,42.00,108,0,0.00,13,9.72,19.03,14.51,14.30
455572,12.50,2.34,3,14.51,13.52,8,14.58,183,0.50,0.49,2294,0.00,1.02,2,0.5000,42.00,108,0,0.00,13,9.72,18.80,14.90,14.40
455677,12.50,2.34,3,14.51,13.60,8,14.59,183,0.50,0.50,2312,0.00,1.02,2,0.5000,42.00,108,0,0.00,13,9.58,19.36,14.90,14.40
455781,13.28,2.34,3,14.51,13.60,8,14.59,183,0.50,0.50,2328,0.00,1.02,2,0.5000,42.50,108,0,0.00,13,9.58,19.68,14.90,14.50
455884,13.28,2.34,3,14.51,13.44,8,14.59,183,0.50,0.51,2343,0.00,1.02,2,0.5000,42.50,108,0,0.00,13,9.58,19.69,14.90,14.60
455989,12.50,2.34,3,14.51,13.52,8,14.59,183,0.50,0.50,2357,0.00,1.02,2,0.5000,42.50,108,0,0.00,13,9.43,19.80,14.90,14.50
456093,13.28,2.34,3,14.51,13.52,8,14.59,183,0.50,0.50,2376,0.00,1.02,2,0.5000,42.50,106,0,0.00,13,9.43,19.91,14.90,14.50
456197,13.28,2.34,3,14.51,13.60,8,14.59,183,0.50,0.51,2390,0.00,1.02,2,0.5000,42.50,106,0,0.00,13,9.29,19.92,14.90,14.60
456300,13.28,2.34,3,14.51,13.60,8,14.59,183,0.50,0.51,2390,0.00,1.02,2,0.5000,42.50,106,0,0.00,13,9.29,20.03,14.90,14.60
456405,13.28,2.34,3,14.51,13.60,8,14.59,183,0.50,0.50,2401,0.00,1.02,2,0.5000,42.50,106,0,0.00,13,9.29,20.47,14.90,14.50
456509,12.50,2.34,3,14.51,13.52,8,14.59,183,0.50,0.50,2417,0.00,1.02,2,0.5000,42.50,106,0,0.00,13,9.29,19.91,14.90,14.40
456613,12.50,2.34,3,14.51,13.52,8,14.59,183,0.50,0.50,2449,0.00,1.02,2,0.5000,42.50,106,0,0.00,13,9.14,20.25,14.90,14.40
456717,12.50,2.34,3,14.51,13.60,8,14.59,183,0.50,0.49,2460,0.00,1.02,2,0.5000,42.50,106,0,0.00,13,9.14,20.36,14.90,14.40
456820,11.72,2.34,3,14.51,13.60,8,14.59,183,0.50,0.51,2460,0.00,1.02,2,0.5000,42.00,106,0,0.00,13,9.00,20.37,14.90,14.40
456925,10.94,2.34,3,14.51,13.52,8,14.59,183,0.50,0.49,2496,0.00,1.02,2,0.5000,42.00,106,0,0.00,13,9.00,20.58,14.90,14.30
457029,10.16,2.34,3,14.51,13.36,8,14.59,183,0.49,0.49,2510,0.00,1.02,2,0.5000,42.00,106,0,0.00,13,9.00,20.36,14.90,14.20
457133,10.16,2.34,3,14.51,13.52,8,14.60,183,0.49,0.48,2505,0.00,1.02,2,0.5000,42.00,106,0,0.00,13,9.00,20.46,14.90,14.20
457237,9.38,2.34,3,14.51,13.60,8,14.60,183,0.49,0.49,2541,0.00,1.02,2,0.5000,42.00,106,0,0.00,13,9.00,21.02,14.90,14.30
457341,8.59,2.34,3,14.51,13.60,8,14.60,183,0.49,0.49,2550,0.00,1.02,2,0.5000,42.00,106,0,0.00,13,8.85,20.58,14.51,14.40
457445,7.81,2.34,3,14.51,13.60,8,14.60,183,0.49,0.48,2546,0.00,1.02,2,0.5000,42.00,106,0,0.00,13,8.56,20.25,14.12,14.30
457549,6.25,2.34,3,14.51,13.52,8,14.60,183,0.48,0.47,2577,0.00,1.02,2,0.5000,42.00,106,0,0.00,13,8.56,20.36,14.12,14.20
457653,4.69,2.34,3,14.51,13.60,8,14.60,183,0.47,0.47,2561,0.00,1.02,2,0.5000,41.50,106,0,0.00,13,8.56,19.80,14.12,14.10
457757,4.69,2.34,3,14.51,13.52,8,14.60,183,0.47,0.48,2588,0.00,1.02,2,0.5000,41.50,106,1,0.00,13,8.42,20.03,14.12,14.20
457861,3.91,2.34,3,14.51,13.60,8,14.60,183,0.47,0.46,2585,0.00,1.02,2,0.5000,41.50,106,1,0.00,13,8.27,20.02,13.33,14.30
457965,3.12,2.34,3,14.51,13.52,8,14.60,183,0.45,0.44,2609,0.00,1.02,2,0.5000,41.00,106,1,0.00,13,7.98,19.02,13.33,14.30
458069,2.34,2.34,3,14.51,13.44,8,14.61,183,0.44,0.45,2587,0.00,1.02,2,0.5000,41.00,106,2,0.00,13,7.98,19.12,13.33,14.30
458173,2.34,2.34,3,14.51,13.60,8,14.61,183,0.44,0.45,2623,0.00,1.02,2,0.5000,41.00,104,3,0.00,13,7.98,19.46,13.73,14.30
458277,2.34,2.34,3,14.51,13.60,8,14.61,183,0.44,0.44,2610,0.00,1.02,2,0.5000,41.00,104,3,0.00,13,7.84,19.90,12.94,14.50
458381,2.34,2.34,3,14.51,13.60,8,14.61,183,0.43,0.42,2630,0.00,1.02,2,0.5000,41.00,104,4,0.00,13,7.55,18.29,12.94,14.50
458485,0.00,2.34,3,14.51,13.52,8,14.61,183,0.42,0.40,2615,0.00,1.02,2,0.5000,40.50,104,4,0.00,13,7.25,17.70,11.76,14.30
458589,-1.56,2.34,3,14.51,13.44,8,14.61,183,0.39,0.37,2639,0.00,1.03,2,0.5000,40.00,104,5,0.00,13,6.82,16.40,11.37,14.10
458693,-3.12,2.34,3,14.51,13.52,8,14.61,183,0.37,0.35,2614,0.00,1.03,2,0.5000,39.50,104,5,0.00,13,6.67,15.55,11.37,14.10
458797,-3.12,2.34,3,14.51,13.60,8,14.61,183,0.36,0.35,2620,0.00,1.02,2,0.5000,39.00,104,6,0.00,13,6.53,15.17,11.37,14.20
458901,-2.34,2.34,3,14.51,13.60,8,14.61,183,0.35,0.35,2618,0.00,1.02,2,0.5000,39.00,104,7,0.00,13,6.53,15.38,11.37,14.30
459005,0.00,2.34,3,14.51,13.60,8,14.61,183,0.35,0.36,2590,0.00,1.02,2,0.5000,39.00,104,7,0.00,13,6.53,15.45,11.37,15.10
459109,2.34,2.34,3,14.51,13.52,8,14.61,183,0.35,0.35,2608,0.00,1.02,2,0.5000,39.00,104,8,0.00,13,6.53,15.39,11.37,15.10
459213,3.12,2.34,3,14.51,13.60,8,14.61,183,0.35,0.35,2593,0.00,1.02,2,0.5000,39.00,104,9,0.00,13,6.53,15.15,11.37,15.00
459317,3.12,2.34,3,14.51,13.60,8,14.61,183,0.35,0.35,2610,0.00,1.03,2,0.5000,39.00,104,9,0.00,13,6.53,15.25,11.37,14.90
459421,3.91,2.34,3,14.51,13.60,8,14.61,183,0.35,0.35,2592,0.00,1.03,2,0.5000,39.00,104,10,0.00,13,6.53,15.13,11.37,14.80
459525,3.91,2.34,3,14.51,13.60,8,14.61,183,0.35,0.35,2614,0.00,1.03,2,0.5000,39.00,104,10,0.00,13,6.53,15.43,11.37,14.90
459629,4.69,2.34,3,14.51,13.52,8,14.61,183,0.36,0.36,2592,0.00,1.03,2,0.5000,39.50,104,11,0.00,13,6.82,15.87,12.16,14.60
459736,5.47,2.34,3,14.51,13.60,8,14.61,183,0.37,0.38,2614,0.00,1.03,2,0.5000,39.50,104,12,0.00,13,7.11,16.59,12.94,14.70
459837,7.03,2.34,3,14.51,13.52,8,14.61,183,0.39,0.40,2608,0.00,1.03,2,0.5000,40.00,104,12,0.00,13,7.40,17.22,13.33,14.80
459941,9.38,2.34,3,14.51,13.60,8,14.61,183,0.40,0.41,2635,0.00,1.03,2,0.5000,40.00,104,13,0.00,13,7.69,18.22,13.33,15.00
460045,9.38,2.34,3,14.51,13.52,8,14.61,183,0.41,0.42,2618,0.00,1.03,2,0.5000,40.50,104,14,0.00,13,7.69,18.79,13.33,15.00
460149,9.38,2.34,3,14.51,13.52,8,14.61,183,0.42,0.42,2652,0.00,1.03,2,0.5000,40.50,104,14,0.00,13,7.98,18.40,14.12,14.80
460253,8.59,2.34,3,14.51,13.60,8,14.61,183,0.43,0.43,2631,0.00,1.02,2,0.5000,41.00,102,14,0.00,13,8.13,19.31,14.12,14.40
460357,9.38,2.34,3,14.51,13.60,8,14.61,183,0.44,0.44,2666,0.00,1.02,2,0.5000,41.00,102,15,0.00,13,8.13,19.85,14.12,14.50
460461,8.59,2.34,3,14.51,13.52,8,14.61,183,0.44,0.44,2675,0.00,1.02,2,0.5000,41.00,102,16,0.00,13,8.27,19.85,14.12,14.50
460565,7.81,2.34,3,14.51,13.52,8,14.61,183,0.44,0.44,2659,0.00,1.01,2,0.5000,41.00,102,16,0.00,13,8.27,19.40,14.12,14.40
460669,6.25,2.34,3,14.51,13.60,8,14.61,183,0.44,0.45,2686,0.00,1.01,2,0.5000,41.00,102,17,0.00,13,8.27,19.63,14.12,14.20
460773,5.47,2.34,3,14.51,13.68,8,14.61,183,0.44,0.45,2671,0.00,1.01,2,0.5000,41.00,102,18,0.00,13,8.27,19.74,14.12,14.20
460877,4.69,2.34,3,14.51,13.52,8,14.61,183,0.45,0.45,2674,0.00,1.01,2,0.5000,41.00,102,18,0.00,13,8.27,20.06,14.12,14.30
460981,3.91,2.34,3,14.51,13.52,8,14.61,183,0.45,0.45,2703,0.00,1.01,2,0.5000,41.00,102,19,0.00,13,8.27,19.85,14.12,14.20
461085,2.34,2.34,3,14.51,13.60,8,14.61,183,0.44,0.44,2688,0.00,1.01,2,0.5000,41.00,102,19,0.00,13,8.27,19.95,14.12,14.20
461189,2.34,2.34,3,14.51,13.60,8,14.61,183,0.45,0.45,2692,0.00,1.01,2,0.5000,41.50,102,20,0.00,13,8.27,20.50,14.12,14.30
461294,1.56,2.34,3,14.51,13.60,8,14.61,183,0.45,0.45,2717,0.00,1.01,2,0.5000,41.50,102,21,0.00,13,8.27,20.27,14.12,14.40
461397,0.78,2.34,3,14.51,13.52,8,14.61,183,0.45,0.44,2718,0.00,1.01,2,0.5000,41.00,102,21,0.00,13,8.27,20.39,14.12,14.30
461501,0.00,2.34,3,14.51,13.60,8,14.61,183,0.45,0.45,2693,0.00,1.01,2,0.5000,41.50,102,21,0.00,13,8.27,20.17,14.12,14.40
461605,0.00,2.34,3,14.51,13.52,8,14.61,183,0.45,0.45,2721,0.00,1.01,2,0.5000,41.50,102,22,0.00,13,8.27,20.49,14.12,14.50
461709,0.00,2.34,3,14.51,13.60,8,14.61,183,0.45,0.44,2727,0.00,1.01,2,0.5000,41.00,102,22,0.00,13,8.27,19.95,14.12,14.40
461813,-0.78,2.34,3,14.51,13.60,8,14.61,183,0.44,0.44,2708,0.00,1.01,2,0.5000,41.00,102,22,0.00,13,8.13,19.84,14.12,14.40
461917,-0.78,2.34,3,14.51,13.52,8,14.61,183,0.44,0.44,2715,0.00,1.01,2,0.5000,41.00,102,21,0.00,13,7.84,19.85,12.55,14.40
462021,-1.56,2.34,3,14.51,13.60,8,14.61,183,0.41,0.39,2729,0.00,1.07,2,0.5000,40.00,102,18,0.00,13,6.96,16.50,10.59,14.40
462125,-6.25,2.34,3,14.51,13.52,8,14.62,183,0.36,0.34,2694,0.00,1.01,2,0.5000,39.50,102,15,0.00,13,6.38,15.08,10.59,13.90
462229,-7.81,2.34,3,14.51,13.60,8,14.62,183,0.34,0.33,2674,0.00,1.01,2,0.5000,39.00,100,12,0.00,13,6.24,14.95,10.59,13.80
462333,-7.81,2.34,3,14.51,13.60,8,14.61,183,0.34,0.33,2672,0.00,1.01,2,0.5000,39.00,100,7,0.00,13,6.09,14.70,10.59,14.00
462437,-7.03,2.34,3,14.51,13.60,8,14.61,183,0.33,0.33,2646,0.00,1.01,2,0.5000,39.00,100,5,0.00,13,5.95,14.72,10.59,14.40
462541,-4.69,2.34,3,14.51,13.60,8,14.61,183,0.33,0.33,2661,0.00,1.01,2,0.5000,39.00,100,4,0.00,13,6.09,14.74,10.59,15.30
462645,-3.12,2.34,3,14.51,13.44,8,14.61,183,0.33,0.34,2671,0.00,1.01,2,0.5000,39.00,100,3,0.00,13,6.24,14.84,11.37,14.90
462749,-1.56,2.34,3,14.51,13.60,8,14.61,183,0.34,0.34,2658,0.00,1.01,2,0.5000,39.00,100,2,0.00,13,6.38,15.21,11.37,15.00
462853,0.00,2.34,3,14.51,13.60,8,14.61,183,0.34,0.34,2681,0.00,1.01,2,0.5000,39.00,100,1,0.00,13,6.53,15.41,11.76,15.10
462957,1.56,2.34,3,14.51,13.68,8,14.61,183,0.35,0.36,2657,0.00,1.01,2,0.5000,39.50,100,1,0.00,13,6.82,15.91,12.16,15.10
463061,3.91,2.34,3,14.51,13.52,8,14.62,183,0.36,0.37,2674,0.00,1.01,2,0.5000,39.50,100,0,0.00,13,6.82,16.48,12.16,15.10
463165,5.47,2.34,3,14.51,13.44,8,14.61,183,0.37,0.37,2708,0.00,1.01,2,0.5000,39.50,100,0,0.00,13,6.96,16.77,12.16,15.20
463269,4.69,2.34,3,14.51,13.52,8,14.62,183,0.37,0.37,2696,0.00,1.01,2,0.5000,39.50,100,0,0.00,13,6.96,16.10,12.16,15.00
463373,3.12,2.34,3,14.51,13.60,8,14.62,183,0.37,0.36,2695,0.00,1.01,2,0.5000,39.50,100,0,0.00,13,6.82,16.29,12.16,14.30
463478,2.34,2.34,3,14.51,13.60,8,14.62,183,0.36,0.36,2718,0.00,1.01,2,0.5000,39.50,100,0,0.00,13,6.82,16.58,12.16,14.40
463581,2.34,2.34,3,14.51,13.60,8,14.62,183,0.37,0.37,2710,0.00,1.01,2,0.5000,39.50,100,0,0.00,13,6.96,16.48,12.16,14.30
463685,2.34,2.34,3,14.51,13.52,8,14.62,183,0.36,0.36,2691,0.00,1.01,2,0.5000,39.50,100,0,0.00,13,6.96,16.38,12.16,14.40
463789,2.34,2.34,3,14.51,13.52,8,14.62,183,0.37,0.37,2716,0.00,1.01,2,0.5000,39.50,100,0,0.00,13,6.96,16.29,12.16,14.50
463893,2.34,2.34,3,14.51,13.52,8,14.62,183,0.37,0.37,2712,0.00,1.01,2,0.5000,39.50,100,0,0.00,13,6.96,16.48,12.16,14.50
463997,2.34,2.34,3,14.51,13.68,8,14.62,183,0.37,0.37,2696,0.00,1.01,2,0.5000,39.50,100,0,0.00,13,6.96,16.29,12.16,14.50
464101,2.34,2.34,3,14.51,13.60,8,14.62,183,0.37,0.37,2717,0.00,1.01,2,0.5000,39.50,100,0,0.00,13,6.96,16.68,12.16,14.50
464206,2.34,2.34,3,14.51,13.52,8,14.62,183,0.36,0.36,2724,0.00,1.01,2,0.5000,39.50,100,0,0.00,13,6.82,16.09,12.16,14.50
464309,2.34,2.34,3,14.51,13.60,8,14.62,183,0.36,0.36,2710,0.00,1.01,2,0.5000,39.50,100,0,0.00,13,6.96,16.58,12.16,14.50
464413,2.34,2.34,3,14.51,13.52,8,14.62,183,0.37,0.37,2705,0.00,1.01,2,0.5000,39.50,100,0,0.00,13,6.96,16.68,12.16,14.50
464517,2.34,2.34,3,14.51,13.60,8,14.62,183,0.36,0.36,2731,0.00,1.01,2,0.5000,39.50,100,0,0.00,13,6.82,16.48,12.16,14.50
464621,2.34,2.34,3,14.51,13.60,8,14.62,183,0.36,0.36,2730,0.00,1.01,2,0.5000,39.50,100,1,0.00,13,6.96,16.19,12.16,14.50
464725,1.56,2.34,3,14.51,13.44,8,14.62,183,0.36,0.37,2712,0.00,1.01,2,0.5000,39.50,100,1,0.00,13,6.82,16.77,12.16,14.50
464830,2.34,2.34,3,14.51,13.52,8,14.62,183,0.37,0.38,2732,0.00,1.01,2,0.5000,39.50,100,2,0.00,13,6.82,16.39,12.16,14.50
464933,1.56,2.34,3,14.51,13.60,8,14.62,183,0.37,0.37,2733,0.00,1.01,2,0.5000,39.50,99,2,0.00,13,6.96,16.58,12.16,14.50
465037,1.56,2.34,3,14.51,13.60,8,14.62,183,0.36,0.36,2710,0.00,1.01,2,0.5000,39.50,99,3,0.00,13,6.96,16.28,12.16,14.40
465142,1.56,2.34,3,14.51,13.52,8,14.62,183,0.37,0.36,2710,0.00,1.01,2,0.5000,39.50,99,3,0.00,13,6.82,16.68,12.16,14.50
465245,1.56,2.34,3,14.51,13.52,8,14.62,183,0.37,0.36,2731,0.00,1.01,2,0.5000,39.50,99,4,0.00,13,6.82,16.48,12.16,14.60
465350,1.56,2.34,3,14.51,13.44,8,14.62,183,0.37,0.36,2730,0.00,1.01,2,0.5000,39.50,99,5,0.00,13,6.82,16.87,12.16,14.50
465454,1.56,2.34,3,14.51,13.44,8,14.62,183,0.37,0.37,2710,0.00,1.01,2,0.5000,39.50,99,6,0.00,13,6.82,16.77,12.16,14.50
465558,0.78,2.34,3,14.51,13.60,8,14.62,183,0.36,0.36,2734,0.00,1.01,2,0.5000,39.50,99,7,0.00,13,6.96,16.58,12.55,14.60
465662,0.78,2.34,3,14.51,13.60,8,14.62,183,0.37,0.39,2728,0.00,1.01,2,0.5000,40.00,99,7,0.00,13,7.25,17.83,13.33,14.40
465766,3.12,2.34,3,14.51,13.52,8,14.62,183,0.39,0.39,2718,0.00,1.01,2,0.5000,40.00,99,7,0.00,13,7.55,18.11,13.33,14.50
465870,4.69,2.34,3,14.51,13.60,8,14.62,183,0.40,0.41,2735,0.00,1.01,2,0.5000,40.50,99,8,0.00,13,7.69,19.10,14.12,15.00
465974,5.47,2.34,3,14.51,13.60,8,14.62,183,0.41,0.43,2760,0.00,1.00,2,0.5000,40.50,99,9,0.00,13,7.84,19.20,14.12,15.00
466078,4.69,2.34,3,14.51,13.68,8,14.61,183,0.42,0.42,2768,0.00,1.00,2,0.5000,40.50,99,10,0.00,13,7.98,19.19,14.12,15.10
466182,3.91,2.34,3,14.51,13.60,8,14.61,183,0.42,0.43,2752,0.00,1.00,2,0.5000,41.00,99,10,0.00,13,7.84,19.85,14.12,14.40
466285,2.34,2.34,3,14.51,13.52,8,14.61,183,0.42,0.42,2741,0.00,1.00,2,0.5000,40.50,99,11,0.00,13,7.84,19.52,14.12,14.40
466390,2.34,2.34,3,14.51,13.52,8,14.61,183,0.42,0.42,2748,0.00,1.01,2,0.5000,40.50,99,12,0.00,13,7.84,19.41,14.12,14.20
466494,1.56,2.34,3,14.51,13.52,8,14.61,183,0.42,0.42,2774,0.00,1.01,2,0.5000,40.50,99,12,0.00,13,7.84,19.41,14.12,14.40
466598,0.78,2.34,3,14.51,13.60,8,14.61,183,0.42,0.43,2774,0.00,1.01,2,0.5000,40.50,99,13,0.00,13,7.84,19.41,14.12,14.40
466702,0.78,2.34,3,14.51,13.52,8,14.61,183,0.43,0.42,2750,0.00,1.01,2,0.5000,41.00,99,14,0.00,13,7.84,20.28,14.12,14.40
466809,0.00,2.34,3,14.51,13.60,8,14.61,183,0.43,0.43,2756,0.00,1.01,2,0.5000,41.00,99,14,0.00,13,7.98,19.30,14.12,14.40
466911,-0.78,2.34,3,14.51,13.60,8,14.61,183,0.43,0.43,2775,0.00,1.01,2,0.5000,41.00,99,15,0.00,13,7.84,19.63,14.12,14.30
467014,-0.78,2.34,3,14.51,13.60,8,14.61,183,0.43,0.43,2776,0.00,1.01,2,0.5000,41.00,99,15,0.00,13,7.98,19.52,14.12,14.40
467118,-0.78,2.34,3,14.51,13.60,8,14.61,183,0.43,0.43,2774,0.00,1.01,2,0.5000,41.00,99,16,0.00,13,7.98,19.85,14.12,14.50
467222,-0.78,2.34,3,14.51,13.52,8,14.61,183,0.43,0.42,2755,0.00,1.01,2,0.5000,41.00,99,17,0.00,13,7.98,19.73,14.12,14.50
467326,-0.78,2.34,3,14.51,13.60,8,14.61,183,0.43,0.43,2757,0.00,1.01,2,0.5000,41.00,99,17,0.00,13,7.98,20.06,14.12,14.60
467430,0.00,2.34,3,14.51,13.52,8,14.61,183,0.43,0.43,2780,0.00,1.01,2,0.5000,41.00,99,18,0.00,13,7.98,20.06,14.12,14.50
467534,-0.78,2.34,3,14.51,13.60,8,14.61,183,0.44,0.43,2779,0.00,1.01,2,0.5000,41.00,99,18,0.00,13,7.98,20.06,14.12,14.50
467638,-1.56,2.34,3,14.51,13.44,8,14.61,183,0.43,0.43,2782,0.00,1.01,2,0.5000,41.00,99,19,0.00,13,7.98,19.73,14.12,14.40
467743,-1.56,2.34,3,14.51,13.60,8,14.61,183,0.43,0.42,2767,0.00,1.01,2,0.5000,41.00,99,20,0.00,13,7.98,19.61,14.12,14.40
467846,-2.34,2.34,3,14.51,13.60,8,14.61,183,0.43,0.43,2760,0.00,1.01,2,0.5000,41.00,99,20,0.00,13,7.98,20.06,14.12,14.40
467950,-2.34,2.34,3,14.51,13.60,8,14.61,183,0.44,0.44,2781,0.00,1.01,2,0.5000,41.00,99,21,0.00,13,7.98,20.28,14.12,14.40
468054,-2.34,2.34,3,14.51,13.60,8,14.61,183,0.44,0.43,2780,0.00,1.01,2,0.5000,41.00,99,21,0.00,13,8.13,20.15,14.12,14.60
468158,-2.34,2.34,3,14.51,13.60,8,14.61,183,0.44,0.43,2784,0.00,1.01,2,0.5000,41.00,97,22,0.00,13,7.98,20.17,14.12,14.40
468262,-3.12,2.34,3,14.51,13.52,8,14.61,183,0.43,0.43,2765,0.00,1.01,2,0.5000,41.00,97,21,0.00,13,8.13,20.05,14.12,14.40
468366,-3.12,2.34,3,14.51,13.60,8,14.61,183,0.43,0.44,2767,0.00,1.01,2,0.5000,41.00,97,19,0.00,13,7.98,19.83,14.12,14.50
468470,-2.34,2.34,3,14.51,13.60,8,14.61,183,0.43,0.44,2784,0.00,1.01,2,0.5000,41.00,97,15,0.00,13,7.98,20.28,14.12,14.50
468574,-1.56,2.34,3,14.51,13.52,8,14.61,183,0.44,0.44,2781,0.00,1.01,2,0.5000,41.00,97,11,0.00,13,7.98,19.84,14.12,14.70
468678,-1.56,2.34,3,14.51,13.60,8,14.61,183,0.44,0.44,2793,0.00,1.01,2,0.5000,41.00,97,8,0.00,13,7.98,20.28,14.12,14.70
468782,-1.56,2.34,3,14.51,13.36,8,14.61,183,0.44,0.44,2767,0.00,1.01,2,0.5000,41.00,97,6,0.00,13,8.13,20.17,14.90,14.60
468886,-1.56,2.34,3,14.51,13.52,8,14.61,183,0.45,0.45,2774,0.00,1.01,2,0.5000,41.50,97,4,0.00,13,8.42,21.57,14.90,14.50
468990,0.00,2.34,3,14.51,13.60,8,14.61,183,0.47,0.48,2777,0.00,1.00,2,0.5000,42.00,97,3,0.00,13,8.42,22.10,14.90,14.80
469094,-0.78,2.34,3,14.51,13.60,8,14.61,183,0.47,0.47,2800,0.00,1.00,2,0.5000,42.00,97,2,0.00,13,8.42,22.20,14.90,14.80
469198,-1.56,2.34,3,14.51,13.60,8,14.61,183,0.48,0.48,2781,0.00,1.00,2,0.5000,42.00,97,2,0.00,13,8.56,22.31,14.90,14.40
469302,-2.34,2.34,3,14.51,13.44,8,14.61,183,0.48,0.47,2777,0.00,1.00,2,0.5000,42.00,97,1,0.00,13,8.56,21.88,14.90,14.30
469406,-2.34,2.34,3,14.51,13.52,8,14.61,183,0.47,0.47,2760,0.00,1.01,2,0.5000,42.00,97,0,0.00,13,8.42,21.76,14.51,14.40
469510,-3.12,2.34,3,14.51,13.60,8,14.61,183,0.47,0.46,2756,0.00,1.01,2,0.5000,42.00,97,0,0.00,13,8.27,21.77,14.12,14.40
469614,-4.69,2.34,3,14.51,13.68,8,14.61,183,0.46,0.47,2774,0.00,1.01,2,0.5000,41.50,97,0,0.00,13,8.27,20.70,14.12,14.30
469718,-5.47,2.34,3,14.51,13.52,8,14.61,183,0.46,0.46,2770,0.00,1.01,2,0.5000,41.50,97,0,0.00,13,8.27,20.81,14.12,14.20
469822,-4.69,2.34,3,14.51,13.44,8,14.61,183,0.46,0.46,2739,0.00,1.01,2,0.5000,41.50,97,0,0.00,13,8.27,21.46,14.51,14.50
469926,-3.91,2.34,3,14.51,13.52,8,14.61,183,0.46,0.45,2734,0.00,1.01,2,0.5000,41.50,97,0,0.00,13,8.27,20.80,14.12,14.70
470030,-3.12,2.34,3,14.51,13.52,8,14.61,183,0.45,0.44,2753,0.00,1.01,2,0.5000,41.00,97,0,0.00,13,7.84,19.60,12.55,14.70
470134,-4.69,2.34,3,14.51,13.36,8,14.61,183,0.42,0.41,2738,0.00,1.01,2,0.5000,40.50,97,0,0.00,13,7.40,18.55,12.55,14.40
470238,-6.25,2.34,3,14.51,13.52,8,14.61,183,0.41,0.40,2701,0.00,1.01,2,0.5000,40.50,97,0,0.00,13,7.40,18.17,12.55,14.20
470342,-6.25,2.34,3,14.51,13.44,8,14.61,183,0.41,0.41,2687,0.00,1.01,2,0.5000,40.00,97,0,0.00,13,7.25,18.01,12.55,14.30
470446,-5.47,2.34,3,14.51,13.52,8,14.61,183,0.40,0.40,2699,0.00,1.01,2,0.5000,40.00,97,0,0.00,13,7.25,17.72,12.55,14.40
470550,-4.69,2.34,3,14.51,13.60,8,14.61,183,0.40,0.39,2675,0.00,1.01,2,0.5000,40.00,97,0,0.00,13,7.25,17.72,12.55,15.20
470654,-3.12,2.34,3,14.51,13.60,8,14.62,183,0.40,0.40,2670,0.00,1.01,2,0.5000,40.00,97,0,0.00,13,7.25,18.01,12.55,14.90
470758,-1.56,2.34,3,14.51,13.52,8,14.61,183,0.40,0.40,2690,0.00,1.01,2,0.5000,40.00,97,0,0.00,13,7.25,17.82,12.55,14.90
470862,-0.78,2.34,3,14.51,13.36,8,14.61,183,0.40,0.40,2667,0.00,1.01,2,0.5000,40.00,97,0,0.00,13,7.40,17.82,12.94,14.90
470966,0.00,2.34,3,14.51,13.52,8,14.61,183,0.40,0.41,2669,0.00,1.01,2,0.5000,40.00,97,0,0.00,13,7.55,17.82,12.94,14.80
471071,0.00,2.34,3,14.51,13.52,8,14.61,183,0.41,0.42,2690,0.00,1.01,2,0.5000,40.50,97,1,0.00,13,7.55,18.68,13.33,14.80
471174,1.56,2.34,3,14.51,13.44,8,14.61,183,0.42,0.41,2675,0.00,1.01,2,0.5000,40.50,97,1,0.00,13,7.84,18.68,13.73,14.70
471278,1.56,2.34,3,14.51,13.60,8,14.61,183,0.43,0.44,2698,0.00,1.01,2,0.5000,41.00,97,2,0.00,13,7.98,19.30,13.73,14.70
471382,2.34,2.34,3,14.51,13.44,8,14.61,183,0.43,0.44,2704,0.00,1.01,2,0.5000,41.00,97,2,0.00,13,7.98,19.41,13.73,14.70
471486,2.34,2.34,3,14.51,13.52,8,14.61,183,0.44,0.43,2685,0.00,1.01,2,0.5000,41.00,97,2,0.00,13,8.13,19.62,14.12,14.70
471591,2.34,2.34,3,14.51,13.60,8,14.61,183,0.43,0.44,2708,0.00,1.01,2,0.5000,41.00,95,3,0.00,13,8.13,19.51,14.12,14.60
471695,2.34,2.34,3,14.51,13.60,8,14.61,183,0.44,0.44,2708,0.00,1.01,2,0.5000,41.00,95,4,0.00,13,8.13,19.62,13.73,14.50
471798,2.34,2.34,3,14.51,12.72,8,14.61,183,0.44,0.44,2691,0.00,1.01,2,0.5000,41.00,95,4,0.00,13,8.13,19.62,14.12,14.50
471902,2.34,2.34,3,14.51,13.12,8,14.61,183,0.44,0.45,2685,0.00,1.01,2,0.5000,41.50,95,5,0.00,13,8.13,20.59,14.12,14.50
472006,2.34,2.34,3,14.51,13.52,8,14.61,183,0.45,0.46,2706,0.00,1.00,2,0.5000,41.50,95,6,0.00,13,8.27,19.92,14.12,14.40
472110,2.34,2.34,3,14.51,13.44,8,14.61,183,0.45,0.45,2694,0.00,1.01,2,0.5000,41.50,95,6,0.00,13,8.27,20.69,14.12,14.40
472214,2.34,2.34,3,14.51,13.52,8,14.61,183,0.45,0.45,2691,0.00,1.01,2,0.5000,41.50,95,7,0.00,13,8.27,20.47,14.12,14.40
472318,1.56,2.34,3,14.51,13.52,8,14.61,183,0.45,0.45,2717,0.00,1.01,2,0.5000,41.50,95,8,0.00,13,8.27,20.59,14.12,14.40
472423,0.78,2.34,3,14.51,13.52,8,14.61,183,0.45,0.44,2702,0.00,1.01,2,0.5000,41.50,95,8,0.00,13,8.27,20.90,14.12,14.30
472527,0.00,2.34,3,14.51,13.44,8,14.61,183,0.46,0.46,2700,0.00,1.01,2,0.5000,41.50,95,9,0.00,13,8.27,20.70,14.12,14.30
472631,-0.78,2.34,3,14.51,13.52,8,14.61,183,0.45,0.45,2721,0.00,1.01,2,0.5000,41.50,95,9,0.00,13,8.27,20.59,14.12,14.40
472735,-0.78,2.34,3,14.51,13.52,8,14.61,183,0.46,0.45,2724,0.00,1.01,2,0.5000,41.50,95,10,0.00,13,8.27,20.68,14.12,14.40
472839,-0.78,2.34,3,14.51,13.44,8,14.61,183,0.46,0.46,2703,0.00,1.01,2,0.5000,41.50,95,11,0.00,13,8.27,20.91,14.12,14.40
472943,-0.78,2.34,3,14.51,13.52,8,14.61,183,0.45,0.46,2728,0.00,1.01,2,0.5000,41.50,95,11,0.00,13,8.27,20.05,14.12,14.50
473047,-0.78,2.34,3,14.51,13.52,8,14.61,183,0.45,0.45,2725,0.00,1.01,2,0.5000,41.50,95,12,0.00,13,8.27,20.37,14.12,14.50
473150,-0.78,2.34,3,14.51,13.52,8,14.61,183,0.45,0.46,2712,0.00,1.01,2,0.5000,41.50,95,13,0.00,13,8.27,21.02,14.12,14.50
473255,0.00,2.34,3,14.51,13.52,8,14.61,183,0.45,0.45,2716,0.00,1.01,2,0.5000,41.50,95,13,0.00,13,8.27,20.37,14.12,14.50
473359,-0.78,2.34,3,14.51,13.52,8,14.61,183,0.45,0.46,2733,0.00,1.01,2,0.5000,41.50,95,14,0.00,13,8.13,20.26,13.33,14.60
473463,-0.78,2.34,3,14.51,13.52,8,14.61,183,0.44,0.44,2731,0.00,1.01,2,0.5000,41.00,95,14,0.00,13,7.84,19.40,13.33,14.40
473567,-2.34,2.34,3,14.51,13.60,8,14.61,183,0.43,0.42,2705,0.00,1.01,2,0.5000,41.00,95,15,0.00,13,7.69,18.77,12.94,14.30
473670,-3.91,2.34,3,14.51,13.60,8,14.61,183,0.42,0.41,2716,0.00,1.01,2,0.5000,40.50,95,16,0.00,13,7.11,18.10,11.76,14.20
473775,-6.25,2.34,3,14.51,13.52,8,14.61,185,0.39,0.38,2701,0.00,1.01,2,0.5000,40.00,95,16,0.00,13,6.96,16.72,11.37,14.20
473879,-7.81,2.34,3,14.51,13.52,8,14.61,185,0.38,0.37,2657,0.00,1.01,2,0.5000,39.50,95,17,0.00,13,6.82,16.26,11.37,14.00
473983,-7.03,2.34,3,14.51,13.44,8,14.61,185,0.37,0.37,2663,0.00,1.01,2,0.5000,39.50,95,18,0.00,13,6.67,16.18,11.37,14.00
474087,-6.25,2.34,3,14.51,13.44,8,14.61,185,0.37,0.37,2632,0.00,1.01,2,0.5000,39.50,95,18,0.00,13,6.67,15.74,11.37,14.40
474191,-3.91,2.34,3,14.51,13.60,8,14.61,185,0.36,0.36,2624,0.00,1.01,2,0.5000,39.50,95,18,0.00,13,6.82,16.38,11.37,14.90
474295,-2.34,2.34,3,14.51,13.52,8,14.61,185,0.37,0.36,2646,0.00,1.01,2,0.5000,39.50,95,19,0.00,13,6.82,16.29,11.37,14.90
474399,-1.56,2.34,3,14.51,13.44,8,14.61,185,0.36,0.36,2620,0.00,1.01,2,0.5000,39.50,95,20,0.00,13,6.82,16.09,11.37,15.00
474503,-0.78,2.34,3,14.51,13.52,8,14.61,185,0.37,0.37,2642,0.00,1.01,2,0.5000,39.50,95,20,0.00,13,6.82,15.99,11.37,14.80
474607,-0.78,2.34,3,14.51,13.60,8,14.61,185,0.37,0.36,2609,0.00,1.01,2,0.5000,39.50,95,20,0.00,13,6.82,16.09,11.37,14.80
474711,-0.78,2.34,3,14.51,13.60,8,14.61,185,0.36,0.36,2626,0.00,1.01,2,0.5000,39.50,95,21,0.00,13,6.82,15.89,11.37,14.50
474815,0.00,2.34,3,14.51,13.52,8,14.61,185,0.36,0.36,2594,0.00,1.01,2,0.5000,39.50,95,22,0.00,13,6.82,15.90,11.37,14.40
474919,0.78,2.34,3,14.51,13.52,8,14.61,185,0.36,0.36,2610,0.00,1.01,2,0.5000,39.50,95,22,0.00,13,6.82,15.73,11.37,14.80
475023,0.78,2.34,3,14.51,13.52,8,14.61,185,0.36,0.36,2587,0.00,1.01,2,0.5000,39.50,95,22,0.00,13,6.96,15.59,11.37,14.70
475127,1.56,2.34,3,14.51,13.60,8,14.61,185,0.36,0.37,2596,0.00,1.01,2,0.5000,39.50,95,22,0.00,13,6.82,15.83,11.37,14.70
475231,2.34,2.34,3,14.51,13.60,8,14.61,185,0.36,0.36,2574,0.00,1.01,2,0.5000,39.50,95,21,0.00,13,6.82,15.73,11.37,14.70
475334,2.34,2.34,3,14.51,13.52,8,14.61,185,0.37,0.38,2594,0.00,1.01,2,0.5000,39.50,95,17,0.00,13,6.82,15.89,11.37,14.80
475439,3.12,2.34,3,14.51,13.44,8,14.61,185,0.37,0.37,2562,0.00,1.01,2,0.5000,39.50,95,12,0.00,13,6.82,15.67,11.37,14.60
475543,3.12,2.34,3,14.51,13.44,8,14.61,185,0.37,0.38,2576,0.00,1.01,2,0.5000,39.50,95,7,0.00,13,6.96,16.09,12.16,14.80
475647,3.91,2.34,3,14.51,13.60,8,14.61,185,0.38,0.38,2553,0.00,1.01,2,0.5000,40.00,95,4,0.00,13,7.25,17.05,12.16,14.60
475751,5.47,2.34,3,14.51,13.60,8,14.61,185,0.39,0.39,2574,0.00,1.01,2,0.5000,40.00,95,2,0.00,13,7.25,16.85,12.16,14.70
475855,5.47,2.34,3,14.51,13.52,8,14.61,185,0.39,0.40,2562,0.00,1.01,2,0.5000,40.00,95,1,0.00,13,7.25,16.95,12.16,14.90
475959,4.69,2.34,3,14.51,13.44,8,14.61,185,0.40,0.40,2560,0.00,1.01,2,0.5000,40.00,95,0,0.00,13,7.25,17.05,12.16,15.00
476063,3.91,2.34,3,14.51,13.52,8,14.61,185,0.40,0.40,2576,0.00,1.01,2,0.5000,40.00,95,0,0.00,13,7.25,16.85,12.16,14.40
476167,3.91,2.34,3,14.51,13.60,8,14.61,185,0.40,0.39,2550,0.00,1.01,2,0.5000,40.00,95,0,0.00,13,7.25,17.24,12.16,14.40
476270,3.91,2.34,3,14.51,13.68,8,14.61,185,0.39,0.39,2581,0.00,1.01,2,0.5000,40.00,95,0,0.00,13,7.40,16.95,12.55,14.40
476375,3.91,2.34,3,14.51,13.44,8,14.61,185,0.40,0.41,2558,0.00,1.01,2,0.5000,40.00,95,0,0.00,13,7.55,17.52,12.55,14.40
476479,4.69,2.34,3,14.51,13.44,8,14.61,185,0.41,0.41,2574,0.00,1.01,2,0.5000,40.50,95,0,0.00,13,7.69,17.71,12.94,14.40
476583,5.47,2.34,3,14.51,13.44,8,14.61,185,0.42,0.43,2562,0.00,1.01,2,0.5000,40.50,95,0,0.00,13,7.98,18.29,13.73,14.80
476688,7.03,2.34,3,14.51,13.60,8,14.61,185,0.44,0.45,2590,0.00,1.00,2,0.5000,41.00,95,0,0.00,13,8.27,19.40,14.12,14.80
476791,7.81,2.34,3,14.51,13.60,8,14.61,185,0.45,0.46,2580,0.00,1.00,2,0.5000,41.50,95,0,0.00,13,8.42,19.60,14.12,14.80
476895,7.81,2.34,3,14.51,13.44,8,14.60,185,0.46,0.46,2605,0.00,1.00,2,0.5000,42.00,95,0,0.00,13,8.56,20.14,14.51,14.40
476999,6.25,2.34,3,14.51,13.44,8,14.60,185,0.47,0.47,2596,0.00,1.00,2,0.5000,42.00,95,0,0.00,13,8.71,20.68,14.51,14.40
477103,5.47,2.34,3,14.51,13.44,8,14.60,185,0.48,0.48,2614,0.00,1.00,2,0.5000,42.00,95,0,0.00,13,8.71,20.89,14.90,14.30
477207,4.69,2.34,3,14.51,13.52,8,14.60,185,0.48,0.49,2590,0.00,1.00,2,0.5000,42.50,95,0,0.00,13,8.85,21.11,14.90,14.30
477311,4.69,2.34,3,14.51,13.60,8,14.60,185,0.49,0.50,2616,0.00,1.00,2,0.5000,42.50,95,0,0.00,13,9.00,21.53,14.90,14.40
477415,4.69,2.34,3,14.51,13.44,8,14.60,185,0.50,0.50,2599,0.00,1.00,2,0.5000,42.50,95,0,0.00,13,9.14,21.64,14.90,14.50
477519,3.91,2.34,3,14.51,13.44,8,14.60,185,0.50,0.50,2622,0.00,1.00,2,0.5000,43.00,95,0,0.00,13,9.00,21.75,14.90,14.40
477623,3.12,2.34,3,14.51,13.44,8,14.60,185,0.50,0.50,2604,0.00,1.00,2,0.5000,43.00,95,0,0.00,13,9.00,21.96,14.90,14.30
477727,2.34,2.34,3,14.51,13.60,8,14.60,185,0.50,0.50,2624,0.00,1.00,2,0.5000,43.00,95,0,0.00,13,9.00,21.53,14.90,14.30
477831,1.56,2.34,3,14.51,13.52,8,14.60,185,0.50,0.50,2610,0.00,1.00,2,0.5000,43.00,95,0,0.00,13,9.00,22.07,14.90,14.30
477935,1.56,2.34,3,14.51,13.52,8,14.60,185,0.50,0.50,2634,0.00,1.00,2,0.5000,43.00,95,0,0.00,13,9.00,21.96,15.29,14.40
478039,0.78,2.34,3,14.51,13.44,8,14.60,185,0.50,0.51,2615,0.00,1.00,2,0.5000,43.00,95,0,0.00,13,9.14,22.40,15.29,14.40
478143,1.56,2.34,3,14.51,13.44,8,14.59,185,0.51,0.52,2637,0.00,1.00,2,0.5000,43.00,95,0,0.00,13,9.29,22.40,15.29,14.50
478247,0.78,2.34,3,14.51,13.52,8,14.59,185,0.51,0.51,2638,0.00,1.00,2,0.5000,43.00,95,0,0.00,13,9.14,22.17,15.29,14.50
478351,0.78,2.34,3,14.51,13.60,8,14.59,185,0.51,0.52,2619,0.00,1.00,2,0.5000,43.00,95,0,0.00,13,9.14,22.63,15.29,14.40
478455,0.78,2.34,3,14.51,13.52,8,14.59,185,0.52,0.52,2643,0.00,1.00,2,0.5000,43.50,95,0,0.00,13,9.14,22.75,15.29,14.50
478559,0.00,2.34,3,14.51,13.44,8,14.59,185,0.52,0.52,2626,0.00,1.00,2,0.5000,43.00,95,1,0.00,13,9.14,21.84,15.29,14.50
478663,-0.78,2.34,3,14.51,13.44,8,14.59,185,0.51,0.52,2650,0.00,1.00,2,0.5000,43.00,95,1,0.00,13,9.14,22.75,15.29,14.30
478767,-0.78,2.34,3,14.51,13.60,8,14.59,185,0.51,0.51,2631,0.00,1.00,2,0.5000,43.00,95,2,0.00,13,9.14,22.40,15.29,14.30
478871,-0.78,2.34,3,14.51,13.60,8,14.59,185,0.51,0.52,2658,0.00,1.00,2,0.5000,43.00,95,2,0.00,13,9.14,22.40,15.29,14.50
478975,-0.78,2.34,3,14.51,13.36,8,14.59,185,0.51,0.51,2661,0.00,1.00,2,0.5000,43.00,95,3,0.00,13,9.14,22.87,15.29,14.50
479080,0.00,2.34,3,14.51,13.44,8,14.59,185,0.51,0.51,2641,0.00,1.00,2,0.5000,43.00,97,3,0.00,13,9.14,22.51,15.29,14.70
479183,-0.78,2.34,3,14.51,13.44,8,14.59,185,0.52,0.52,2662,0.00,1.00,2,0.5000,43.50,97,4,0.00,13,9.14,23.10,15.29,14.50
479287,-0.78,2.34,3,14.51,13.60,8,14.59,185,0.52,0.52,2646,0.00,1.00,2,0.5000,43.50,97,5,0.00,13,9.14,22.98,15.29,14.50
479391,-0.78,2.34,3,14.51,13.52,8,14.59,185,0.52,0.53,2668,0.00,1.00,2,0.5000,43.00,97,5,0.00,13,9.00,22.17,14.90,14.40
479495,-1.56,2.34,3,14.51,13.52,8,14.59,185,0.50,0.49,2674,0.00,1.00,2,0.5000,43.00,97,6,0.00,13,8.71,21.75,14.12,14.40
479599,-3.12,2.34,3,14.51,13.52,8,14.60,185,0.49,0.48,2646,0.00,1.00,2,0.5000,42.50,97,7,0.00,13,8.71,21.33,14.12,14.20
479703,-3.12,2.34,3,14.51,13.52,8,14.60,185,0.48,0.48,2661,0.00,1.01,2,0.5000,42.50,97,7,0.00,13,8.56,21.44,14.12,14.30
479808,-3.12,2.34,3,14.51,13.52,8,14.60,185,0.49,0.49,2641,0.00,1.01,2,0.5000,42.50,97,8,0.00,13,8.42,21.33,13.33,14.50
479911,-3.12,2.34,3,14.51,13.52,8,14.60,185,0.47,0.46,2662,0.00,1.01,2,0.5000,42.00,97,9,0.00,13,8.13,19.69,12.94,14.50
480015,-5.47,2.34,3,14.51,13.52,8,14.60,185,0.45,0.45,2648,0.00,1.01,2,0.5000,41.50,97,9,0.00,13,7.84,19.61,12.94,14.20
480119,-6.25,2.34,3,14.51,13.52,8,14.61,185,0.44,0.42,2621,0.00,1.01,2,0.5000,41.00,97,10,0.00,13,7.84,18.77,12.94,14.20
480223,-5.47,2.34,3,14.51,13.52,8,14.61,185,0.43,0.43,2642,0.00,1.01,2,0.5000,41.00,97,10,0.00,13,7.84,18.57,13.33,14.30
480327,-3.91,2.34,3,14.51,13.52,8,14.61,185,0.44,0.44,2609,0.00,1.01,2,0.5000,41.00,97,11,0.00,13,7.98,19.41,13.73,15.40
480431,-1.56,2.34,3,14.51,13.52,8,14.61,185,0.45,0.47,2628,0.00,1.01,2,0.5000,41.50,97,12,0.00,13,8.27,20.38,14.12,15.10
480535,0.78,2.34,3,14.51,13.52,8,14.60,185,0.46,0.47,2619,0.00,1.01,2,0.5000,42.00,97,12,0.00,13,8.42,20.81,14.12,15.20
480639,1.56,2.34,3,14.51,13.36,8,14.60,185,0.47,0.47,2643,0.00,1.01,2,0.5000,42.00,97,13,0.00,13,8.42,20.69,14.12,14.80
480743,1.56,2.34,3,14.51,13.52,8,14.60,185,0.48,0.48,2622,0.00,1.01,2,0.5000,42.00,97,14,0.00,13,8.56,21.12,14.90,14.60
480847,1.56,2.34,3,14.51,13.52,8,14.60,185,0.49,0.49,2645,0.00,1.01,2,0.5000,42.50,97,14,0.00,13,8.85,22.19,15.29,14.50
480951,2.34,2.34,3,14.51,13.44,8,14.60,185,0.50,0.50,2656,0.00,1.00,2,0.5000,43.00,97,15,0.00,13,9.00,22.99,15.29,15.00
481056,2.34,2.34,3,14.51,13.52,8,14.60,185,0.50,0.50,2638,0.00,1.00,2,0.5000,43.00,97,16,0.00,13,9.14,21.96,15.29,15.20
481159,1.56,2.34,3,14.51,13.52,8,14.60,185,0.51,0.51,2652,0.00,1.00,2,0.5000,43.00,97,16,0.00,13,9.14,22.41,15.29,14.40
481263,1.56,2.34,3,14.51,13.60,8,14.59,185,0.51,0.51,2640,0.00,1.00,2,0.5000,43.00,97,16,0.00,13,9.14,22.18,15.29,14.40
481367,1.56,2.34,3,14.51,13.52,8,14.59,185,0.51,0.51,2658,0.00,1.00,2,0.5000,43.00,97,17,0.00,13,9.00,22.18,15.29,14.50
481471,0.78,2.34,3,14.51,13.52,8,14.60,185,0.51,0.51,2633,0.00,1.00,2,0.5000,43.00,97,18,0.00,13,9.14,22.41,15.29,14.30
481575,0.78,2.34,3,14.51,13.52,8,14.59,185,0.51,0.50,2638,0.00,1.00,2,0.5000,43.00,97,18,0.00,13,9.14,22.18,15.29,14.40
481679,0.78,2.34,3,14.51,13.44,8,14.59,185,0.51,0.52,2658,0.00,1.00,2,0.5000,43.00,97,19,0.00,13,9.14,22.64,15.29,14.40
481783,0.78,2.34,3,14.51,13.60,8,14.59,185,0.51,0.50,2638,0.00,1.00,2,0.5000,43.00,97,20,0.00,13,9.14,22.52,15.29,14.40
481887,0.00,2.34,3,14.51,13.52,8,14.59,185,0.51,0.51,2653,0.00,1.00,2,0.5000,43.00,97,20,0.00,13,9.14,22.64,15.29,14.40
481991,0.00,2.34,3,14.51,13.52,8,14.59,185,0.51,0.51,2632,0.00,1.00,2,0.5000,43.00,97,20,0.00,13,9.14,22.76,15.29,14.40
482095,0.00,2.34,3,14.51,13.60,8,14.59,185,0.51,0.52,2636,0.00,1.00,2,0.5000,43.00,97,21,0.00,13,9.14,22.52,15.29,14.40
482199,-0.78,2.34,3,14.51,13.44,8,14.59,185,0.51,0.51,2657,0.00,1.00,2,0.5000,43.00,99,22,0.00,13,9.14,22.87,15.69,14.40
482303,0.00,2.34,3,14.51,13.60,8,14.59,185,0.51,0.51,2634,0.00,1.00,2,0.5000,43.00,99,22,0.00,13,9.29,23.10,15.69,14.50
482407,0.00,2.34,3,14.51,13.60,8,14.59,185,0.52,0.52,2655,0.00,1.00,2,0.5000,43.00,99,23,0.00,13,9.29,23.10,15.69,14.70
482511,-0.78,2.34,3,14.51,13.52,8,14.59,185,0.52,0.52,2636,0.00,1.00,2,0.5000,43.50,99,23,0.00,13,9.29,23.22,15.69,14.50
482615,-0.78,2.34,3,14.51,13.52,8,14.59,185,0.52,0.52,2661,0.00,1.00,2,0.5000,43.50,99,23,0.00,13,9.29,23.10,15.29,14.30
482719,-0.78,2.34,3,14.51,13.52,8,14.58,185,0.52,0.52,2659,0.00,1.00,2,0.5000,43.50,99,22,0.00,13,9.29,22.74,15.69,14.30
482823,-0.78,2.34,3,14.51,13.60,8,14.59,185,0.52,0.53,2636,0.00,1.00,2,0.5000,43.50,99,19,0.00,13,9.29,22.98,15.69,14.50
482927,-0.78,2.34,3,14.51,13.60,8,14.58,185,0.52,0.53,2659,0.00,1.00,2,0.5000,43.50,99,12,0.00,13,9.29,23.45,15.69,14.50
483031,0.00,2.34,3,14.51,13.52,8,14.58,185,0.53,0.54,2642,0.00,1.00,2,0.5000,43.50,99,7,0.00,13,9.72,24.03,16.86,14.50
483135,2.34,2.34,3,14.51,13.44,8,14.57,185,0.55,0.57,2670,0.00,1.00,2,0.5000,44.00,99,4,0.00,13,10.01,24.95,17.25,15.00
483239,3.12,2.34,3,14.51,13.44,8,14.56,185,0.57,0.58,2688,0.00,1.00,2,0.5000,43.00,99,3,0.00,13,10.30,26.00,17.65,15.00
483344,3.91,2.34,3,14.51,13.60,8,14.55,185,0.58,0.58,2680,0.00,0.99,2,0.5000,42.50,99,1,0.00,13,10.45,26.10,17.65,15.30
483447,2.34,2.34,3,14.51,13.52,8,14.54,185,0.59,0.60,2708,0.00,0.99,2,0.5000,42.50,99,0,0.00,13,10.59,27.05,17.65,14.40
483552,1.56,2.34,3,14.51,13.44,8,14.54,185,0.59,0.60,2717,0.00,0.99,2,0.5000,42.00,99,0,0.00,13,10.45,26.57,17.65,14.30
483656,-0.78,2.34,3,14.51,13.52,8,14.53,185,0.59,0.59,2699,0.00,0.99,2,0.5000,42.50,99,0,0.00,13,10.45,26.57,17.65,14.20
483760,-1.56,2.34,3,14.51,13.44,8,14.53,185,0.59,0.59,2724,0.00,1.00,2,0.5000,42.50,99,0,0.00,13,10.45,26.81,17.25,14.20
483864,-1.56,2.34,3,14.51,13.60,8,14.54,185,0.58,0.58,2732,0.00,1.00,2,0.5000,42.50,99,0,0.00,13,10.30,26.46,16.86,14.30
483968,-2.34,2.34,3,14.51,13.68,8,14.54,185,0.58,0.58,2718,0.00,1.00,2,0.5000,42.50,99,0,0.00,13,10.30,26.82,17.25,14.30
484071,-2.34,2.34,3,14.51,13.60,8,14.53,185,0.58,0.58,2730,0.00,1.00,2,0.5000,42.50,99,0,0.00,13,10.01,26.35,16.47,14.30
484176,-4.69,2.34,3,14.51,13.44,8,14.54,185,0.57,0.56,2758,0.00,1.00,2,0.5000,43.00,99,0,0.00,13,9.72,25.54,15.69,14.30
484280,-6.25,2.34,3,14.51,13.44,8,14.55,185,0.55,0.55,2759,0.00,1.00,2,0.5000,44.00,99,0,0.00,13,9.58,24.85,15.69,14.10
484384,-7.81,2.34,3,14.51,13.60,8,14.57,185,0.55,0.54,2741,0.00,1.00,2,0.5000,43.50,99,0,0.00,13,9.43,24.74,15.69,14.00
484491,-7.81,2.34,3,14.51,13.60,8,14.57,185,0.54,0.53,2737,0.00,1.00,2,0.5000,43.50,99,0,0.00,13,9.43,24.51,15.69,14.20
484592,-7.81,2.34,3,14.51,13.52,8,14.57,185,0.53,0.53,2764,0.00,1.00,2,0.5000,43.50,99,0,0.00,13,9.43,24.28,15.69,14.40
484696,-7.03,2.34,3,14.51,13.44,8,14.58,185,0.53,0.53,2770,0.00,1.00,2,0.5000,43.50,99,0,0.00,13,9.29,24.51,15.69,14.40
484800,-6.25,2.34,3,14.51,13.44,8,14.58,185,0.54,0.53,2776,0.00,1.00,2,0.5000,43.50,100,0,0.00,13,9.43,24.75,15.69,15.00
484904,-6.25,2.34,3,14.51,13.60,8,14.57,185,0.53,0.53,2769,0.00,1.00,2,0.5000,43.50,100,0,0.00,13,9.14,24.27,14.51,14.50
485008,-7.81,2.34,3,14.51,13.52,8,14.59,185,0.50,0.47,2773,0.00,1.01,2,0.5000,42.50,100,0,0.00,13,8.27,21.27,12.94,14.30
485113,-11.72,2.34,3,14.51,13.52,8,14.61,185,0.46,0.45,2777,0.00,1.01,2,0.5000,41.50,100,0,0.00,13,7.98,20.42,12.94,13.80
485216,-13.28,2.34,3,14.51,13.44,8,14.61,185,0.44,0.44,2770,0.00,1.01,2,0.5000,41.00,100,0,0.00,13,7.69,19.90,12.94,13.90
485320,-13.28,2.34,3,14.51,13.44,8,14.61,185,0.44,0.43,2761,0.00,1.01,2,0.5000,41.00,100,0,0.00,13,7.69,19.71,12.94,14.30
485424,-11.72,2.34,3,14.51,13.52,8,14.61,185,0.44,0.44,2730,0.00,1.01,2,0.5000,41.00,100,1,0.00,13,7.69,19.96,12.94,15.50
485528,-9.38,2.34,3,14.51,13.52,8,14.61,185,0.43,0.43,2736,0.00,1.01,2,0.5000,41.00,100,1,0.00,13,7.69,19.64,12.94,15.00
485632,-8.59,2.34,3,14.51,13.52,8,14.61,185,0.43,0.43,2762,0.00,1.01,2,0.5000,41.00,100,1,0.00,13,7.69,19.64,12.94,15.00
485736,-7.03,2.34,3,14.51,13.44,8,14.61,185,0.43,0.42,2768,0.00,1.01,2,0.5000,41.00,100,2,0.00,13,7.69,19.52,12.94,14.90
485840,-7.03,2.34,3,14.51,13.44,8,14.61,185,0.43,0.43,2747,0.00,1.01,2,0.5000,40.50,100,2,0.00,13,7.69,19.10,12.94,14.90
485944,-7.03,2.34,3,14.51,13.60,8,14.61,185,0.42,0.42,2732,0.00,1.01,2,0.5000,40.50,100,3,0.00,13,7.69,19.21,12.94,15.40
486048,-6.25,2.34,3,14.51,13.84,8,14.62,185,0.42,0.42,2774,0.00,1.02,2,0.5000,40.50,100,4,0.00,13,7.55,19.10,12.94,14.60
486152,-4.69,2.34,3,14.51,13.52,8,14.62,185,0.41,0.41,2789,0.00,1.02,2,0.5000,40.00,100,4,0.00,13,7.11,18.01,11.76,14.90
486256,-6.25,2.34,3,14.51,13.52,8,14.62,185,0.39,0.38,2802,0.00,1.02,2,0.5000,40.00,100,5,0.00,13,6.96,17.70,12.16,15.20
486360,-7.81,2.34,3,14.51,13.52,8,14.62,185,0.38,0.38,2760,0.00,1.02,2,0.5000,40.00,100,5,0.00,13,6.96,17.41,12.16,14.20
486464,-7.81,2.34,3,14.51,13.68,8,14.62,185,0.38,0.38,2742,0.00,1.03,2,0.5000,40.00,100,6,0.00,13,6.96,17.33,12.16,14.20
486568,-6.25,2.34,3,14.51,13.68,8,14.62,185,0.38,0.38,2766,0.00,1.03,2,0.5000,39.50,100,7,0.00,13,6.96,17.04,12.16,14.40
486672,-4.69,2.34,3,14.51,13.60,8,14.62,185,0.37,0.38,2784,0.00,1.03,2,0.5000,39.50,100,7,0.00,13,6.82,17.25,12.16,14.90
486776,-3.91,2.34,3,14.51,13.60,8,14.62,185,0.37,0.37,2758,0.00,1.04,2,0.5000,39.50,100,8,0.00,13,6.82,17.06,12.16,14.90
486880,-3.12,2.34,3,14.51,13.44,8,14.62,185,0.37,0.37,2764,0.00,1.04,2,0.5000,39.50,100,8,0.00,13,6.67,16.77,11.37,14.90
486984,-3.12,2.34,3,14.51,13.60,8,14.62,185,0.36,0.36,2749,0.00,1.04,2,0.5000,39.50,100,9,0.00,13,6.53,15.89,11.37,15.00
487088,-3.12,2.34,3,14.51,13.60,8,14.62,185,0.35,0.35,2762,0.00,1.04,2,0.5000,39.50,100,10,0.00,13,6.53,15.89,11.37,14.50
487192,-2.34,2.34,3,14.51,13.60,8,14.62,185,0.35,0.35,2766,0.00,1.04,2,0.5000,39.50,100,11,0.00,13,6.53,15.83,11.37,14.60
487296,-1.56,2.34,3,14.51,13.60,8,14.62,185,0.35,0.35,2737,0.00,1.04,2,0.5000,39.50,100,11,0.00,13,6.53,16.11,11.37,14.70
487401,-0.78,2.34,3,14.51,13.68,8,14.62,185,0.35,0.35,2730,0.00,1.04,2,0.5000,39.50,100,11,0.00,13,6.53,15.91,11.37,14.80
487504,0.00,2.34,3,14.51,13.68,8,14.62,185,0.35,0.35,2756,0.00,1.05,2,0.5000,39.50,100,12,0.00,13,6.53,16.11,11.37,14.80
487609,0.00,2.34,3,14.51,13.52,8,14.62,185,0.35,0.34,2751,0.00,1.04,2,0.5000,39.00,100,12,0.00,13,6.53,15.55,11.37,14.70
487712,0.78,2.34,3,14.51,13.60,8,14.62,185,0.35,0.35,2742,0.00,1.04,2,0.5000,39.00,100,13,0.00,13,6.53,15.75,11.37,14.60
487816,0.78,2.34,3,14.51,13.52,8,14.62,185,0.34,0.34,2735,0.00,1.05,2,0.5000,39.50,100,14,0.00,13,6.53,15.91,11.37,14.70
487920,1.56,2.34,3,14.51,13.68,8,14.62,185,0.34,0.35,2754,0.00,1.04,2,0.5000,39.00,102,14,0.00,13,6.53,15.84,11.37,14.80
488024,1.56,2.34,3,14.51,13.68,8,14.62,185,0.34,0.35,2748,0.00,1.04,2,0.5000,39.00,102,15,0.00,13,6.53,15.68,11.37,14.80
488129,1.56,2.34,3,14.51,13.52,8,14.62,185,0.34,0.34,2727,0.00,1.04,2,0.5000,39.00,102,16,0.00,13,6.53,15.91,11.37,14.60
488232,1.56,2.34,3,14.51,13.60,8,14.62,185,0.34,0.34,2730,0.00,1.04,2,0.5000,39.00,102,16,0.00,13,6.67,15.75,11.37,14.50
488337,2.34,2.34,3,14.51,13.68,8,14.62,185,0.34,0.34,2739,0.00,1.04,2,0.5000,39.00,102,17,0.00,13,6.53,15.47,11.37,14.50
488440,2.34,2.34,3,14.51,13.68,8,14.62,185,0.34,0.34,2735,0.00,1.05,2,0.5000,39.00,102,17,0.00,13,6.67,15.41,11.37,14.50
488544,3.12,2.34,3,14.51,13.60,8,14.62,185,0.34,0.34,2720,0.00,1.05,2,0.5000,39.00,102,17,0.00,13,6.38,15.34,9.41,14.60
488649,2.34,2.34,3,14.51,13.52,8,14.62,185,0.31,0.30,2711,0.00,1.05,2,0.5000,37.50,102,18,0.00,13,5.51,12.15,7.84,14.80
488752,0.00,2.34,3,14.51,13.60,8,14.61,185,0.26,0.23,2694,0.00,1.03,2,0.5000,34.00,102,19,0.00,13,4.79,10.13,7.45,14.40
488857,-2.34,2.34,2,14.51,13.52,8,14.61,185,0.23,0.22,2639,0.00,1.01,2,0.5000,31.50,102,19,0.00,13,4.50,9.80,7.06,13.80
488960,-5.47,2.34,2,14.51,13.60,8,14.61,185,0.22,0.22,2626,0.00,1.00,2,0.5000,28.50,102,20,0.00,13,4.21,9.15,6.67,13.70
489065,0.00,2.34,2,14.51,13.60,8,14.61,185,0.21,0.21,2586,0.00,1.00,2,0.5000,26.00,102,20,0.00,13,4.21,8.74,6.67,13.00
489169,0.00,2.34,2,14.51,13.60,10,14.61,185,0.21,0.21,2556,0.00,1.00,2,0.5000,24.00,102,20,0.00,13,4.21,8.84,6.67,12.90
489273,0.00,2.34,2,14.51,13.60,10,14.61,185,0.21,0.21,2522,0.00,1.00,2,0.5000,24.00,102,21,0.00,13,4.21,8.95,7.06,13.10
489377,0.00,0.00,2,14.51,13.60,10,14.61,185,0.21,0.21,2532,0.00,1.00,2,0.5000,24.00,102,21,0.00,13,4.21,8.90,7.06,14.00
489480,0.00,0.00,2,14.51,13.68,10,14.61,185,0.21,0.21,2474,0.00,1.00,2,0.5000,24.00,102,22,0.00,13,4.21,8.79,7.06,16.10
489585,0.00,0.00,2,14.51,13.76,10,14.61,185,0.21,0.21,2448,0.00,1.00,2,0.5000,24.00,102,23,0.00,13,4.35,8.64,7.06,17.70
489689,0.00,0.00,2,14.51,13.52,10,14.61,185,0.22,0.22,2448,0.00,1.00,2,0.5000,24.00,102,23,0.00,13,4.50,8.84,7.06,20.50
489793,0.00,0.00,2,14.51,13.60,10,14.60,185,0.22,0.22,2429,0.00,1.00,2,0.5000,24.00,102,22,0.00,13,4.50,8.79,7.06,37.80
489897,0.00,0.00,2,14.51,13.60,10,14.60,185,0.22,0.22,2411,0.00,1.00,2,0.5000,24.00,102,20,0.00,13,4.50,8.59,7.06,37.80
490000,0.00,0.00,2,14.51,13.68,10,14.60,185,0.22,0.22,2373,0.00,1.00,2,0.5000,24.00,102,14,0.00,13,4.50,8.64,7.06,82.10
490105,0.00,0.00,2,14.51,13.68,10,14.60,185,0.22,0.22,2355,0.00,1.00,2,0.5000,24.00,102,9,0.00,13,4.50,8.54,6.67,93.20
490209,0.00,0.00,2,14.51,13.52,10,14.60,185,0.22,0.22,2337,0.00,1.00,2,0.5000,24.00,102,5,0.00,13,4.50,8.39,6.67,96.00
490312,0.00,0.00,2,14.51,13.60,10,14.60,185,0.22,0.22,2321,0.00,1.00,2,0.5000,24.00,102,2,0.00,13,4.50,8.44,6.67,96.00
490417,0.00,0.00,2,14.51,13.52,10,14.60,185,0.22,0.21,2303,0.00,1.00,2,0.5000,24.00,102,0,0.00,13,4.50,8.34,6.67,96.00
490521,0.00,0.00,2,14.51,13.60,10,14.60,185,0.22,0.22,2284,0.00,1.00,2,0.5000,24.00,102,0,0.00,13,4.50,8.14,6.67,96.00
490625,0.00,0.00,2,14.51,13.60,10,14.59,185,0.22,0.22,2266,0.00,1.00,2,0.5000,24.00,102,0,0.00,13,4.50,8.29,6.67,99.90
490729,0.00,0.00,2,14.51,13.60,10,14.59,185,0.22,0.22,2245,0.00,1.00,2,0.5000,24.00,102,0,0.00,13,4.50,7.94,6.67,99.90
490832,0.00,0.00,2,14.51,13.52,10,14.59,185,0.22,0.22,2224,0.00,1.00,2,0.5000,24.00,102,0,0.00,13,4.50,7.94,6.67,99.90
490937,0.00,0.00,2,14.51,13.52,10,14.59,185,0.22,0.22,2224,0.00,0.99,2,0.5000,24.00,102,0,0.00,13,4.64,7.84,6.67,99.90
491041,0.00,0.00,2,14.51,13.68,10,14.59,185,0.21,0.21,2204,0.00,0.99,2,0.5000,24.00,102,0,0.00,13,4.64,7.89,6.67,99.90
491145,0.00,0.00,2,14.51,13.12,10,14.59,185,0.21,0.21,2183,0.00,0.99,2,0.5000,24.00,102,0,0.00,13,4.64,7.54,6.27,99.90
491248,0.00,0.00,2,14.51,13.04,10,14.59,185,0.21,0.21,2144,0.00,0.99,2,0.5000,24.00,102,0,0.00,13,4.64,7.64,6.27,99.90
491353,0.00,0.00,2,14.51,13.52,10,14.58,185,0.21,0.22,2138,0.00,0.99,2,0.5000,24.00,102,0,0.00,13,4.79,7.59,6.27,99.90
491459,0.00,0.00,2,14.51,13.52,10,14.58,185,0.22,0.22,2104,0.00,0.99,2,0.5000,24.00,102,0,0.00,13,4.79,7.59,6.27,99.90
491561,0.00,0.00,2,14.51,13.68,10,14.58,185,0.22,0.22,2064,0.00,0.99,2,0.5000,24.00,102,0,0.00,13,4.79,7.40,6.27,99.90
491664,0.00,0.00,2,14.51,13.68,10,14.58,185,0.22,0.22,2056,0.00,0.99,2,0.5000,24.00,102,0,0.00,13,4.79,7.35,5.88,99.90
491769,0.00,0.00,2,14.51,13.60,10,14.57,185,0.22,0.22,2012,0.00,0.99,2,0.5000,24.00,102,0,0.00,13,4.79,7.30,5.88,99.90
491873,0.00,0.00,2,14.51,13.52,10,14.57,185,0.22,0.22,2000,0.00,0.99,2,0.5000,24.00,102,0,0.00,13,4.79,7.21,5.88,99.90
491977,0.00,0.00,2,14.51,13.52,10,14.57,185,0.22,0.22,1952,0.00,0.99,2,0.5000,24.00,102,0,0.00,13,4.79,7.16,5.88,99.90
492081,0.00,0.00,2,14.51,13.60,10,14.57,185,0.22,0.22,1935,0.00,0.99,2,0.5000,24.00,102,0,0.00,13,4.79,7.16,5.88,99.90
492185,0.00,0.00,2,14.51,13.60,10,14.57,185,0.22,0.22,1905,0.00,0.99,2,0.5000,24.00,102,0,0.00,13,4.79,7.06,5.88,99.90
492289,0.00,0.00,2,14.51,13.52,10,14.57,185,0.23,0.23,1850,0.00,0.99,2,0.5000,24.00,102,0,0.00,13,4.79,7.01,5.88,99.90
492393,0.00,0.00,2,14.51,13.52,10,14.57,185,0.23,0.23,1816,0.00,0.99,2,0.5000,24.00,102,0,0.00,13,4.79,6.82,5.49,99.90
492497,0.00,0.00,2,14.51,13.60,10,14.57,185,0.23,0.23,1780,0.00,0.99,2,0.5000,23.00,102,0,0.00,13,4.93,6.92,5.49,99.90
492601,0.00,0.00,2,14.51,13.60,10,14.57,185,0.23,0.23,1748,0.00,0.99,2,0.5000,22.50,102,0,0.00,13,4.79,6.87,5.49,99.90
492705,0.00,0.00,2,14.51,13.52,10,14.57,185,0.23,0.24,1717,0.00,0.99,2,0.5000,22.00,102,0,0.00,13,4.93,6.87,5.49,99.90
492809,0.00,0.00,2,14.51,13.52,10,14.57,185,0.24,0.24,1688,0.00,0.99,2,0.5000,21.50,102,0,0.00,13,4.93,6.77,5.49,99.90
492913,0.00,0.00,2,14.51,13.52,10,14.57,185,0.24,0.25,1657,0.00,0.99,2,0.5000,21.00,102,0,0.00,13,4.93,6.87,5.49,99.90
493017,0.00,0.00,2,14.51,13.60,10,14.57,185,0.25,0.25,1629,0.00,0.99,2,0.5000,20.50,102,0,0.00,13,4.93,6.92,5.49,99.90
493121,0.00,0.00,2,14.51,13.52,10,14.57,185,0.25,0.26,1620,0.00,0.99,2,0.5000,20.00,102,0,0.00,13,5.08,6.63,5.10,99.90
493225,0.00,0.00,2,14.51,13.68,10,14.58,185,0.25,0.25,1594,0.00,0.99,2,0.5000,19.50,102,0,0.00,13,5.08,6.68,5.10,99.90
493329,0.00,0.00,2,14.51,13.52,10,14.58,185,0.25,0.25,1561,0.00,0.99,2,0.5000,19.50,102,0,0.00,13,5.08,6.39,5.10,99.90
493433,0.00,0.00,2,14.51,13.52,10,14.58,185,0.25,0.25,1535,0.00,0.99,2,0.5000,19.50,102,0,0.00,13,5.22,6.49,5.10,99.90
493537,0.00,0.00,2,14.51,13.60,10,14.58,185,0.25,0.26,1526,0.00,0.99,2,0.5000,19.00,102,0,0.00,13,5.22,6.49,5.10,99.90
493641,0.00,0.00,2,14.51,13.60,10,14.58,185,0.26,0.26,1492,0.00,0.99,2,0.5000,19.00,102,0,0.00,13,5.22,6.39,5.10,99.90
493745,0.00,0.00,2,14.51,13.60,10,14.58,185,0.26,0.26,1486,0.00,0.99,2,0.5000,18.50,104,0,0.00,13,5.37,6.44,5.10,99.90
493849,0.00,0.00,2,14.51,13.60,10,14.59,185,0.26,0.26,1460,0.00,0.99,2,0.5000,18.50,104,0,0.00,13,5.37,6.29,5.10,99.90
493953,0.00,0.00,2,14.51,13.60,10,14.59,185,0.26,0.27,1424,0.00,0.99,2,0.5000,18.00,104,0,0.00,13,5.37,6.39,4.71,99.90
494057,0.00,0.00,2,14.51,13.60,10,14.59,185,0.26,0.27,1406,0.00,1.00,2,0.5000,18.00,104,0,0.00,13,5.37,6.20,4.71,99.90
494161,0.00,0.00,2,14.51,13.60,10,14.59,185,0.26,0.27,1394,0.00,1.00,2,0.5000,18.00,104,0,0.00,13,5.37,6.10,4.71,99.90
494265,0.00,0.00,2,14.51,13.60,10,14.59,185,0.27,0.27,1360,0.00,1.00,2,0.5000,17.50,104,0,0.00,13,5.37,6.10,4.71,99.90
494369,0.00,0.00,2,14.51,13.60,10,14.59,185,0.27,0.27,1349,0.00,1.00,2,0.5000,17.50,104,0,0.00,13,5.51,6.29,4.71,99.90
494473,0.00,0.00,2,14.51,13.52,10,14.59,185,0.27,0.28,1329,0.00,1.00,2,0.5000,17.50,104,0,0.00,13,5.51,6.10,4.71,99.90
494577,0.00,0.00,2,14.51,13.76,10,14.60,185,0.27,0.27,1290,0.00,1.00,2,0.5000,17.50,104,0,0.00,13,5.51,5.87,4.71,99.90
494681,0.00,0.00,2,14.51,13.60,10,14.60,185,0.27,0.28,1266,0.00,1.00,2,0.5000,17.00,104,0,0.00,13,5.66,5.92,4.71,99.90
494785,0.00,0.00,2,14.51,13.60,10,14.60,185,0.28,0.28,1249,0.00,1.00,2,0.5000,17.00,104,0,0.00,13,5.66,5.92,4.31,99.90
494889,0.00,0.00,2,14.51,13.68,10,14.60,185,0.28,0.28,1226,0.00,1.00,2,0.5000,17.00,104,0,0.00,13,5.66,5.81,4.31,99.90
494993,0.00,0.00,2,14.51,13.68,10,14.60,185,0.28,0.29,1202,0.00,1.00,2,0.5000,17.00,104,0,0.00,13,5.80,5.76,4.31,99.90
495097,0.00,0.00,2,14.51,13.68,10,14.61,185,0.29,0.29,1175,0.00,1.00,2,0.5000,17.00,104,0,0.00,13,5.80,5.63,4.31,99.90
495201,0.00,0.00,2,14.51,13.52,10,14.62,185,0.29,0.29,1148,0.00,1.00,2,0.5000,17.00,104,0,0.00,13,5.95,5.55,4.31,99.90
495305,0.00,0.00,1,14.51,13.68,10,14.62,185,0.29,0.30,1120,0.00,1.00,2,0.5000,17.00,104,0,0.00,13,5.95,5.50,4.31,99.90
495409,0.00,0.00,1,14.51,13.68,10,14.63,185,0.29,0.30,1092,0.00,1.00,2,0.5000,17.00,104,0,0.00,13,6.09,5.39,3.92,99.90
495513,0.00,-2.34,1,14.51,13.60,10,14.64,185,0.30,0.31,1061,0.00,1.00,2,0.5000,22.00,104,0,0.00,13,6.09,5.44,3.92,99.90
495617,0.00,-2.34,1,14.51,13.60,10,14.64,185,0.30,0.32,1032,0.00,1.00,2,0.5000,22.00,104,0,0.00,13,6.24,5.39,3.92,99.90
495721,0.00,-2.34,1,14.51,13.60,10,14.64,185,0.31,0.32,1000,0.00,1.00,2,0.5000,22.00,104,0,0.00,13,6.24,5.34,3.92,99.90
495825,0.00,-2.34,1,14.51,13.60,10,14.65,185,0.31,0.33,983,0.00,1.00,2,0.5000,22.00,104,0,0.00,13,6.38,5.39,4.31,99.90
495929,0.00,-2.34,1,14.51,13.60,10,14.66,185,0.32,0.34,948,0.00,1.00,2,0.5000,22.00,104,0,0.00,13,6.67,5.47,4.31,99.90
496033,0.00,-2.34,1,14.51,13.68,10,14.66,185,0.33,0.36,912,0.00,1.00,2,0.5000,22.00,104,0,0.00,13,6.96,5.47,4.31,99.90
496137,0.00,-2.34,1,14.51,13.60,10,14.67,185,0.34,0.37,894,0.00,1.00,2,0.5000,22.00,104,0,0.00,13,7.11,5.52,4.31,99.90
496241,0.00,-2.34,1,14.51,13.68,10,14.68,185,0.35,0.37,894,0.00,1.00,2,0.5000,17.00,104,0,0.00,13,7.25,5.39,3.92,99.90
496344,0.00,-2.34,1,14.51,13.44,10,14.64,185,0.33,0.29,1043,0.00,1.08,2,0.5000,17.00,104,0,0.00,13,6.82,5.18,4.31,99.90
496449,0.00,-2.34,1,14.51,13.60,10,14.60,185,0.29,0.25,1243,0.00,1.11,2,0.5000,17.50,104,0,0.00,13,6.24,5.16,4.31,99.90
496553,0.00,-2.34,1,14.51,13.52,10,14.60,185,0.27,0.24,1305,0.00,1.00,2,0.5000,17.50,104,0,0.00,13,5.95,5.34,4.71,96.00
496657,0.00,-2.34,1,14.51,13.52,10,14.60,185,0.26,0.24,1311,0.00,1.00,2,0.5000,17.50,104,0,0.00,13,5.66,5.42,4.71,52.90
496761,0.00,-2.34,1,14.51,13.52,10,14.60,185,0.25,0.25,1318,0.00,1.00,2,0.5000,17.50,104,0,0.00,13,5.51,5.39,4.71,27.80
496865,0.00,-2.34,1,14.51,13.44,10,14.60,185,0.25,0.25,1293,0.00,1.00,2,0.5000,17.50,104,0,0.00,13,5.37,5.44,4.71,23.70
496970,0.00,-2.34,1,14.51,13.60,10,14.60,185,0.25,0.25,1280,0.00,1.00,2,0.5000,17.50,104,0,0.00,13,5.37,5.39,4.71,20.40
497073,0.00,-2.34,1,14.51,13.60,10,14.60,185,0.25,0.25,1275,0.00,1.00,2,0.5000,17.50,104,0,0.00,13,5.37,5.39,4.71,18.50
497177,0.00,-2.34,1,14.51,13.60,10,14.60,185,0.25,0.25,1273,0.00,1.00,2,0.5000,17.50,104,0,0.00,13,5.37,5.31,4.31,17.70
497282,0.00,-2.34,1,14.51,13.60,8,14.60,185,0.25,0.24,1276,0.00,1.00,2,0.5000,17.00,104,0,0.00,13,5.37,5.13,4.31,17.00
497385,0.00,-2.34,1,14.51,13.68,8,14.60,185,0.25,0.25,1261,0.00,1.00,2,0.5000,17.00,104,0,0.00,13,5.37,5.18,4.31,16.30
497489,0.00,-2.34,1,14.51,13.60,8,14.60,185,0.25,0.25,1252,0.00,1.00,2,0.5000,17.00,104,0,0.00,13,5.37,5.23,4.31,15.90
497593,-0.78,-2.34,1,14.51,13.60,8,14.60,185,0.25,0.25,1246,0.00,1.00,2,0.5000,17.00,104,0,0.00,13,5.37,5.21,4.31,15.60
497697,-0.78,-2.34,1,14.51,13.68,8,14.60,185,0.25,0.25,1230,0.00,1.00,2,0.5000,17.00,104,0,0.00,13,5.37,5.16,4.31,15.90
497801,-1.56,-2.34,1,14.51,13.60,8,14.60,185,0.25,0.26,1225,0.00,1.00,2,0.5000,17.00,104,0,0.00,13,5.37,5.23,4.31,15.90
497905,-1.56,-2.34,1,14.51,13.68,8,14.60,185,0.25,0.25,1210,0.00,1.00,2,0.5000,17.00,104,0,0.00,13,5.51,5.08,4.31,14.20
498009,-2.34,-2.34,1,14.51,13.52,8,14.60,185,0.25,0.26,1201,0.00,1.00,2,0.5000,17.00,104,0,0.00,13,5.51,5.16,4.31,14.40
498113,-3.12,-2.34,1,14.51,13.60,8,14.60,185,0.26,0.26,1198,0.00,1.00,2,0.5000,17.00,104,0,0.00,13,5.51,5.13,4.31,14.20
498217,-3.12,-2.34,1,14.51,13.60,8,14.61,185,0.26,0.26,1178,0.00,1.00,2,0.5000,17.00,104,0,0.00,13,5.66,5.08,4.31,14.20
498321,-3.12,-2.34,1,14.51,13.68,8,14.61,185,0.26,0.26,1170,0.00,1.00,2,0.5000,17.00,104,0,0.00,13,5.66,5.00,4.31,14.20
498425,-3.91,-2.34,1,14.51,13.68,8,14.61,185,0.26,0.26,1160,0.00,1.00,2,0.5000,17.00,104,0,0.00,13,5.66,4.98,4.31,14.10
498529,-3.91,-2.34,1,14.51,13.52,8,14.62,185,0.26,0.26,1146,0.00,1.00,2,0.5000,17.00,104,0,0.00,13,5.66,4.98,4.31,14.10
498633,-4.69,-2.34,1,14.51,13.60,8,14.62,185,0.26,0.26,1133,0.00,1.00,2,0.5000,17.00,104,0,0.00,13,5.80,4.93,4.31,14.20
498737,-4.69,-2.34,1,14.51,13.60,8,14.62,185,0.26,0.26,1118,0.00,1.00,2,0.5000,17.00,104,0,0.00,13,5.80,4.82,3.92,14.00
498841,-5.47,-2.34,1,14.51,13.68,8,14.63,185,0.26,0.26,1104,0.00,1.00,2,0.5000,17.00,104,0,0.00,13,5.80,4.90,4.31,14.00
498945,-5.47,-2.34,1,14.51,13.68,8,14.63,185,0.26,0.27,1079,0.00,1.00,2,0.5000,22.00,104,0,0.00,13,5.80,4.80,3.92,14.10
499049,-5.47,-2.34,1,14.51,13.52,8,14.63,185,0.27,0.27,1072,0.00,1.00,2,0.5000,21.50,104,0,0.00,13,5.95,4.76,3.92,14.00
499153,-6.25,-2.34,1,14.51,13.60,8,14.63,185,0.26,0.27,1062,0.00,1.00,2,0.5000,22.00,104,0,0.00,13,5.95,4.76,3.92,14.10
499258,-6.25,-2.34,1,14.51,13.60,8,14.64,185,0.27,0.28,1021,0.00,1.00,2,0.5000,22.00,104,0,0.00,13,5.95,4.79,3.92,14.10
499362,-6.25,-2.34,1,14.51,13.68,8,14.65,185,0.27,0.29,1014,0.00,1.00,2,0.5000,22.00,104,0,0.00,13,6.09,4.82,3.92,14.20
499466,-6.25,-2.34,1,14.51,13.60,8,14.65,185,0.28,0.29,985,0.00,1.00,2,0.5000,22.00,104,0,0.00,13,6.09,4.82,4.31,14.20
499569,-6.25,-2.34,1,14.51,13.68,8,14.66,185,0.29,0.30,962,0.00,1.00,2,0.5000,22.00,104,0,0.00,13,6.38,4.87,4.71,14.20
499673,-7.03,-2.34,1,14.51,13.68,8,14.66,185,0.29,0.31,958,0.00,1.00,2,0.5000,22.00,104,0,0.00,13,6.67,4.90,4.71,14.30
499778,-7.03,-2.34,1,14.51,13.60,8,14.66,185,0.30,0.31,962,0.00,1.00,2,0.5000,17.00,104,0,0.00,13,6.67,4.87,4.31,14.30
499881,-7.81,-2.34,1,14.51,13.60,8,14.66,185,0.30,0.30,967,0.00,1.00,2,0.5000,18.50,104,0,0.00,13,6.82,4.90,7.45,14.20
499986,-7.81,-2.34,1,14.51,13.68,8,14.66,185,0.32,0.45,967,0.00,0.84,2,0.5000,21.00,104,0,0.00,13,12.33,10.19,20.39,14.20
500089,-7.81,-2.34,3,14.51,13.52,8,14.63,185,0.51,0.83,1074,0.00,0.65,2,0.5000,29.50,104,0,0.00,13,13.93,14.43,22.75,14.20
500194,-7.03,-1.56,3,14.51,13.44,8,14.60,185,0.57,0.61,1314,0.00,0.91,2,0.5000,34.00,104,0,0.00,13,13.78,13.77,22.35,14.30
500298,5.47,-1.56,3,14.51,13.60,8,14.59,185,0.58,0.57,1438,0.00,0.97,2,0.5000,36.00,104,0,0.50,13,13.78,14.20,22.35,13.70
500402,17.19,-1.56,3,14.51,13.36,8,14.58,185,0.58,0.59,1500,0.00,0.97,2,0.5000,37.50,104,0,0.50,13,13.64,14.96,23.14,18.20
500505,21.09,-1.56,3,14.51,13.36,8,14.58,185,0.58,0.58,1619,0.00,0.97,2,0.5000,39.50,104,0,0.50,13,13.64,15.82,22.75,18.00
500610,21.88,-0.78,3,14.51,13.44,8,14.58,185,0.59,0.59,1722,0.00,0.98,2,0.5000,40.00,104,0,0.50,13,13.49,17.71,22.35,16.60
500714,24.22,-0.78,3,14.51,13.44,8,14.58,185,0.61,0.63,1788,0.00,0.98,2,0.5000,39.50,104,0,0.50,13,13.49,18.96,22.35,15.90
500818,25.00,-0.78,3,14.51,13.60,8,14.57,185,0.62,0.62,1832,0.00,0.98,2,0.5000,39.50,104,0,0.50,13,13.35,19.62,21.96,15.40
500922,23.44,-0.78,3,14.51,13.44,8,14.57,185,0.64,0.66,1867,0.00,0.99,2,0.5000,39.00,104,0,0.50,13,13.35,21.04,21.96,15.10
501025,23.44,0.00,3,14.51,13.52,8,14.57,185,0.66,0.68,1881,0.00,0.99,2,0.5000,38.50,104,0,0.50,13,13.49,21.36,21.96,14.00
501130,21.88,0.00,3,14.51,13.52,8,14.57,185,0.68,0.69,1918,0.00,0.99,2,0.5000,38.50,104,0,0.50,13,13.49,21.79,21.96,14.30
501234,19.53,0.00,3,14.51,13.52,8,14.57,185,0.69,0.73,1933,0.00,0.95,2,0.5000,38.00,104,0,0.50,13,13.93,23.82,25.88,13.90
501338,18.75,0.00,3,14.51,13.36,8,14.56,185,0.72,0.75,1946,0.00,0.98,2,0.5000,37.50,104,0,0.50,13,14.07,24.00,25.88,14.00
501442,17.19,0.00,3,14.51,13.44,8,14.56,185,0.72,0.73,1994,0.00,0.98,2,0.5000,37.50,104,0,0.50,13,14.07,24.10,25.88,14.10
501546,16.41,0.00,3,14.51,13.52,8,14.56,185,0.73,0.74,1996,0.00,0.98,2,0.5000,37.50,104,0,0.50,13,14.22,24.79,25.88,14.00
501649,15.62,0.78,3,14.51,13.52,8,14.56,185,0.74,0.75,2027,0.00,0.98,2,0.5000,37.50,104,0,0.50,13,14.22,25.14,25.88,14.00
501754,14.06,0.78,3,14.51,13.68,8,14.56,185,0.74,0.74,2027,0.00,0.98,2,0.5000,37.50,104,0,0.50,13,14.22,25.49,25.88,14.10
501858,13.28,2.34,3,14.51,13.60,8,14.56,185,0.75,0.76,2060,0.00,0.98,2,0.5000,37.50,104,0,0.50,13,14.22,26.18,25.88,14.10
501962,11.72,2.34,3,14.51,13.52,8,14.56,185,0.76,0.78,2061,0.00,0.98,2,0.5000,37.00,104,0,0.50,13,14.36,26.42,25.88,14.10
502066,10.16,2.34,3,14.51,13.52,8,14.56,185,0.77,0.78,2092,0.00,0.98,2,0.5000,37.00,104,0,0.50,13,14.22,27.20,25.88,14.00
502170,9.38,2.34,3,14.51,13.44,8,14.56,185,0.78,0.78,2092,0.00,0.98,2,0.5000,37.00,104,0,0.50,13,14.36,27.68,25.88,14.10
502274,8.59,2.34,3,14.51,13.68,8,14.56,185,0.78,0.79,2104,0.00,0.98,2,0.5000,37.00,104,0,1.00,13,14.36,27.91,25.88,14.20
502378,7.81,2.34,3,14.51,13.60,8,14.56,185,0.79,0.80,2133,0.00,0.98,2,0.5000,37.00,104,0,1.00,13,14.36,28.27,25.88,14.20
502482,7.03,2.34,3,14.51,13.60,8,14.56,185,0.80,0.80,2127,0.00,0.98,2,0.5000,37.00,104,0,1.00,13,14.36,28.39,25.88,14.20
502586,6.25,2.34,3,14.51,13.44,8,14.56,185,0.80,0.82,2143,0.00,0.99,2,0.5000,37.00,104,0,1.00,13,14.36,28.98,25.88,14.30
502690,6.25,2.34,3,14.51,13.52,8,14.56,185,0.81,0.82,2172,0.00,0.99,2,0.5000,37.00,104,0,1.00,13,14.51,29.22,25.88,14.40
502794,4.69,2.34,3,14.51,13.68,8,14.56,185,0.82,0.82,2185,0.00,0.99,2,0.5000,37.00,104,0,1.00,13,14.36,29.46,25.88,14.30
502898,5.47,2.34,3,14.51,13.60,8,14.56,185,0.82,0.82,2180,0.00,0.99,2,0.5000,37.50,104,0,1.00,13,14.51,30.32,25.88,14.40
503002,4.69,2.34,3,14.51,13.60,8,14.56,185,0.82,0.82,2193,0.00,0.99,2,0.5000,37.00,102,0,0.50,13,14.51,30.68,25.88,14.40
503105,4.69,2.34,3,14.51,13.44,8,14.56,185,0.82,0.82,2204,0.00,0.99,2,0.5000,37.00,102,1,1.00,13,14.51,30.80,25.88,14.40
503210,4.69,2.34,3,14.51,13.52,8,14.56,185,0.83,0.83,2231,0.00,0.99,2,0.5000,37.00,102,1,0.50,13,14.51,31.05,25.88,14.50
503314,4.69,2.34,3,14.51,13.60,8,14.56,185,0.83,0.83,2240,0.00,0.99,2,0.5000,37.50,102,1,0.50,13,14.51,30.93,25.88,14.40
503418,5.47,2.34,3,14.51,13.68,8,14.56,185,0.83,0.84,2252,0.00,0.99,2,0.5000,37.50,102,1,0.50,13,14.51,31.17,25.88,14.40
503522,4.69,2.34,3,14.51,13.44,8,14.56,185,0.83,0.83,2264,0.00,0.99,2,0.5000,37.50,102,1,0.50,13,14.51,31.78,25.88,14.50
503626,4.69,2.34,3,14.51,13.44,8,14.56,185,0.83,0.84,2274,0.00,0.99,2,0.5000,37.50,102,2,0.50,13,14.51,31.53,25.88,14.40
503730,4.69,2.34,3,14.51,13.44,8,14.56,185,0.84,0.84,2265,0.00,0.99,2,0.5000,37.50,102,2,0.50,13,14.51,31.78,25.88,14.50
503834,5.47,2.34,3,14.51,13.60,8,14.56,185,0.84,0.84,2277,0.00,0.99,2,0.5000,38.00,102,2,0.50,13,14.51,31.90,25.88,14.70
503938,4.69,2.34,3,14.51,13.60,8,14.56,185,0.84,0.84,2289,0.00,0.99,2,0.5000,38.00,102,2,0.50,13,14.51,31.90,25.88,14.40
504042,5.47,2.34,3,14.51,13.60,8,14.56,185,0.84,0.85,2300,0.00,0.99,2,0.5000,38.00,102,2,0.50,13,14.51,32.88,25.88,14.70
504146,5.47,2.34,3,14.51,13.44,8,14.56,185,0.84,0.85,2312,0.00,0.99,2,0.5000,38.00,102,3,0.50,13,14.51,32.63,25.88,14.50
504250,5.47,2.34,3,14.51,13.44,8,14.56,185,0.85,0.86,2324,0.00,0.99,2,0.5000,38.00,102,3,0.00,13,14.51,33.12,25.88,14.60
504354,5.47,2.34,3,14.51,13.60,8,14.56,185,0.84,0.84,2339,0.00,0.99,2,0.5000,38.00,102,3,0.00,13,14.51,33.12,25.88,14.50
504459,6.25,2.34,3,14.51,13.60,8,14.56,185,0.85,0.85,2368,0.00,0.99,2,0.5000,38.00,102,4,0.50,13,14.51,33.70,25.88,14.70
504562,7.03,2.34,3,14.51,13.44,8,14.56,185,0.86,0.87,2377,0.00,0.99,2,0.5000,38.00,102,4,0.50,13,14.51,33.85,25.88,14.70
504666,6.25,2.34,3,14.51,13.44,8,14.56,185,0.86,0.87,2394,0.00,0.99,2,0.5000,38.00,100,5,0.50,13,14.51,34.31,25.88,14.60
504770,6.25,2.34,3,14.51,13.52,8,14.56,185,0.86,0.86,2409,0.00,0.99,2,0.5000,38.00,100,5,0.00,13,14.51,34.00,25.88,14.40
504874,6.25,2.34,3,14.51,13.44,8,14.56,185,0.85,0.86,2399,0.00,0.99,2,0.5000,38.50,100,6,0.00,13,14.51,33.69,25.88,14.40
504978,7.03,2.34,3,14.51,13.44,8,14.55,185,0.86,0.86,2409,0.00,0.99,2,0.5000,38.50,100,6,0.00,13,14.51,35.06,25.88,14.60
505082,7.03,2.34,3,14.51,13.60,8,14.55,185,0.87,0.86,2419,0.00,0.99,2,0.5000,38.00,100,7,0.50,13,14.51,35.37,25.88,14.70
505186,7.03,2.34,3,14.51,13.44,8,14.55,185,0.87,0.86,2452,0.00,0.99,2,0.5000,38.00,100,7,0.50,13,14.51,35.52,25.88,14.70
505290,6.25,2.34,3,14.51,13.60,8,14.54,185,0.87,0.90,2466,0.00,0.99,2,0.5000,38.00,100,8,0.50,13,14.51,35.21,25.88,14.40
505395,5.47,2.34,3,14.51,13.36,8,14.54,185,0.88,0.88,2462,0.00,0.99,2,0.5000,38.00,100,9,0.50,13,14.51,36.58,25.88,14.30
505499,5.47,2.34,3,14.51,13.52,8,14.54,185,0.88,0.86,2495,-2.00,0.99,2,0.5000,36.00,100,9,-1.50,14,14.51,35.82,25.88,14.30
505602,3.91,2.34,3,14.51,13.52,8,14.53,185,0.86,0.85,2504,-2.00,0.99,2,0.5000,36.00,100,10,-2.00,14,14.51,36.12,25.88,14.20
505707,4.69,3.12,3,14.51,13.36,8,14.53,185,0.87,0.86,2495,-2.00,0.99,2,0.5000,36.50,100,10,-1.50,14,14.51,36.43,25.88,14.30
505811,3.91,3.12,3,14.51,13.52,8,14.53,185,0.87,0.88,2524,-2.00,0.99,2,0.5000,36.00,100,11,-1.50,14,14.51,37.03,25.88,14.40
505914,3.91,3.12,3,14.51,13.52,8,14.52,185,0.88,0.90,2536,-2.00,0.99,2,0.5000,36.00,100,12,-1.50,14,14.51,37.79,25.88,14.30
506018,2.34,3.12,3,14.51,13.52,8,14.52,185,0.89,0.88,2532,-2.00,0.99,2,0.5000,36.00,100,12,-1.50,14,14.51,38.07,25.88,14.20
506123,1.56,3.12,3,14.51,13.52,8,14.52,185,0.88,0.87,2561,-2.00,0.99,2,0.5000,36.00,100,13,-1.50,14,14.51,37.03,25.88,14.20
506227,0.78,3.12,3,14.51,13.44,8,14.51,185,0.88,0.88,2554,-2.00,0.99,2,0.5000,36.00,99,13,-1.50,14,14.51,37.91,25.88,14.30
506330,0.00,3.12,3,14.51,13.60,8,14.51,185,0.88,0.87,2584,-2.00,0.99,2,0.5000,36.00,99,14,-1.50,14,14.51,37.91,25.88,14.30
506435,-1.56,3.12,3,14.51,13.52,8,14.50,185,0.89,0.88,2582,-2.00,0.99,2,0.5000,36.00,99,14,-1.50,14,14.51,38.71,25.88,14.20
506539,-1.56,3.12,3,14.51,13.44,8,14.50,185,0.89,0.89,2622,-2.00,0.99,2,0.5000,36.00,99,15,-1.50,14,14.51,38.34,25.88,14.10
506643,-2.34,3.12,3,14.51,13.52,8,14.49,185,0.88,0.87,2618,-2.00,0.99,2,0.5000,36.50,99,15,-2.00,14,14.51,38.22,25.88,14.20
506747,-3.12,3.12,3,14.51,13.44,8,14.50,185,0.88,0.89,2654,-2.00,0.99,2,0.5000,36.50,99,16,-1.50,14,14.51,39.08,25.88,14.20
506851,-3.12,3.12,3,14.51,13.60,8,14.49,185,0.89,0.88,2644,-2.00,0.99,2,0.5000,36.50,99,17,-1.50,14,14.51,39.82,25.88,14.30
506955,-3.91,3.12,3,14.51,13.44,8,14.48,185,0.88,0.88,2685,-2.00,0.99,2,0.5000,36.50,99,17,-2.00,14,14.51,39.20,25.88,14.20
507059,-3.91,3.12,3,14.51,13.44,8,14.48,185,0.88,0.86,2702,-2.00,0.99,2,0.5000,36.50,99,18,-2.00,14,14.51,39.44,25.88,14.20
507163,-3.91,3.12,3,14.51,13.52,8,14.47,185,0.88,0.88,2692,-2.00,0.99,2,0.5000,36.50,99,18,-2.00,14,14.51,39.07,25.88,14.30
507267,-3.91,3.12,3,14.51,13.44,8,14.47,185,0.87,0.87,2734,-2.00,0.99,2,0.5000,36.50,99,19,-2.00,14,14.51,39.81,25.88,14.40
507371,-3.91,3.91,3,14.51,13.60,8,14.47,185,0.87,0.87,2747,-2.00,0.99,2,0.5000,36.50,99,19,-2.00,14,14.51,40.18,25.49,14.30
507475,-3.91,3.12,4,14.51,13.44,8,14.46,185,0.87,0.87,2742,-2.00,0.99,2,0.5000,37.50,99,19,-1.00,14,14.51,39.93,25.49,14.40
507579,-4.69,3.91,3,14.51,13.52,8,14.45,185,0.87,0.87,2766,-1.00,0.99,2,0.5000,37.50,99,19,-1.00,14,14.51,39.69,25.49,14.40
507683,-3.91,3.91,4,14.51,13.52,8,14.45,185,0.86,0.87,2776,-1.00,0.99,2,0.5000,38.00,97,20,-1.00,14,14.51,40.30,25.49,14.20
507787,-4.69,3.91,4,14.51,13.52,8,14.45,185,0.87,0.87,2814,-1.00,0.99,2,0.5000,37.50,97,20,-1.00,14,14.51,41.04,25.49,14.30
507891,-5.47,3.91,4,14.51,13.60,8,14.45,185,0.87,0.87,2832,-1.00,0.99,2,0.5000,38.00,97,20,-1.00,14,14.36,41.04,25.10,14.40
507995,-4.69,3.91,4,14.51,13.44,8,14.45,185,0.87,0.87,2848,-1.00,0.99,2,0.5000,38.00,97,20,-1.00,14,14.36,40.92,25.10,14.20
508099,-5.47,3.91,4,14.51,13.52,8,14.45,185,0.87,0.87,2863,-1.00,0.99,2,0.5000,38.00,97,20,-1.00,14,14.36,41.28,25.10,14.30
508203,-5.47,3.91,4,14.51,13.44,8,14.46,185,0.86,0.86,2876,-1.00,0.99,2,0.5000,38.00,97,19,-1.00,14,14.36,40.54,25.10,14.30
508307,-5.47,3.91,4,14.51,13.52,8,14.46,185,0.86,0.86,2894,-1.00,0.99,2,0.5000,38.00,97,19,-1.00,14,14.36,40.67,25.10,14.40
508411,-4.69,3.91,4,14.51,13.28,8,14.46,185,0.85,0.85,2910,-1.00,0.99,2,0.5000,38.00,97,17,-1.00,14,14.51,42.19,25.88,14.40
508515,-3.91,3.91,4,14.51,13.44,8,14.46,185,0.86,0.87,2924,-1.00,0.99,2,0.5000,38.00,97,16,-1.00,14,14.51,42.06,25.49,14.00
508619,-3.12,3.91,4,14.51,13.44,8,14.47,185,0.86,0.87,2942,-1.00,0.99,2,0.5000,38.00,97,14,-1.00,14,14.51,42.43,25.49,14.80
508722,-2.34,3.91,4,14.51,13.44,8,14.47,185,0.86,0.87,2959,-1.00,0.99,2,0.5000,38.00,97,12,-1.00,14,14.51,42.35,25.49,14.40
508827,-2.34,3.91,4,14.51,13.60,8,14.47,185,0.87,0.87,2948,-1.00,0.99,2,0.5000,38.00,97,10,-1.00,14,14.65,42.84,25.49,14.50
508931,-1.56,3.91,4,14.51,13.60,8,14.48,185,0.86,0.87,2944,-1.00,0.99,2,0.5000,38.00,97,8,-1.00,14,14.65,42.26,25.49,14.30
509035,-1.56,3.91,4,14.51,13.52,8,14.48,185,0.86,0.86,2965,-1.00,0.99,2,0.5000,38.00,97,6,-1.00,14,14.65,42.59,25.88,14.40
509139,-1.56,3.91,4,14.51,13.36,8,14.48,185,0.86,0.85,2978,-1.00,0.99,2,0.5000,38.00,97,5,-1.00,14,14.65,42.43,25.88,14.30
509243,-0.78,3.91,4,14.51,13.44,8,14.48,185,0.86,0.85,3013,-1.00,0.99,2,0.5000,38.00,97,4,-1.00,14,14.65,42.84,25.88,14.70
509347,0.00,3.91,4,14.51,13.52,8,14.48,185,0.85,0.86,3024,-1.00,0.99,2,0.5000,38.00,95,3,-1.00,14,14.65,42.75,25.88,14.50
509451,0.00,3.91,4,14.51,13.52,8,14.49,185,0.85,0.85,3036,-1.00,0.99,2,0.5000,39.00,95,3,0.00,14,14.80,43.24,25.88,14.70
509555,0.00,3.91,4,14.51,13.52,8,14.49,185,0.85,0.85,3034,0.00,0.99,2,0.5000,39.00,95,3,0.00,14,14.80,43.24,25.88,14.30
509659,0.00,3.91,4,14.51,13.44,8,14.49,185,0.85,0.85,3076,0.00,0.99,2,0.5000,39.00,95,2,0.00,14,14.80,43.65,25.88,14.50
509763,0.78,3.91,4,14.51,13.44,8,14.49,185,0.85,0.85,3089,0.00,0.99,2,0.5000,39.00,95,2,0.00,14,14.80,43.82,25.88,14.40
509867,0.78,3.91,4,14.51,13.52,8,14.50,185,0.84,0.84,3081,0.00,0.99,2,0.5000,39.00,95,2,0.00,14,14.80,43.24,25.88,14.50
509971,0.78,3.12,4,14.51,13.52,8,14.50,185,0.84,0.84,3119,0.00,0.99,2,0.5000,39.00,95,2,0.00,14,14.80,43.73,25.88,14.40
510075,1.56,3.12,4,14.51,13.52,8,14.51,185,0.84,0.84,3118,0.00,0.99,2,0.5000,39.00,95,3,0.00,14,14.80,43.90,25.88,14.50
510179,1.56,3.12,4,14.51,13.44,8,14.50,185,0.84,0.83,3135,0.00,0.99,2,0.5000,39.00,95,3,0.00,14,14.80,44.39,25.88,14.60
510283,1.56,3.12,4,14.51,13.36,8,14.51,185,0.84,0.83,3174,0.00,0.99,2,0.5000,39.00,95,3,0.00,14,14.80,44.06,25.88,14.40
510387,2.34,3.12,4,14.51,13.36,8,14.51,185,0.83,0.82,3169,0.00,0.99,2,0.5000,39.00,95,3,0.00,14,14.80,44.14,26.27,14.40
510491,3.12,3.12,4,14.51,13.52,8,14.52,185,0.83,0.83,3218,0.00,0.99,2,0.5000,39.00,95,4,0.00,14,14.80,44.47,26.27,14.60
510595,3.91,3.12,4,14.51,13.52,8,14.52,185,0.83,0.82,3238,0.00,0.99,2,0.5000,39.00,95,4,0.00,14,14.80,45.04,26.27,14.30
510699,4.69,3.12,4,14.51,13.60,8,14.52,185,0.82,0.82,3239,0.00,0.99,2,0.5000,39.00,95,5,0.00,14,14.80,44.71,26.27,15.40
510803,5.47,3.12,4,14.51,13.36,8,14.52,185,0.83,0.83,3278,0.00,0.99,2,0.5000,39.00,95,5,0.00,14,14.80,45.20,26.27,14.50
510907,5.47,3.12,4,14.51,13.44,8,14.52,185,0.83,0.82,3306,0.00,0.99,2,0.5000,39.00,95,6,0.00,14,14.80,45.20,26.27,14.40
511011,6.25,3.12,4,14.51,13.44,8,14.52,185,0.82,0.81,3302,0.00,0.99,2,0.5000,39.00,95,6,0.00,14,14.80,45.53,26.27,14.50
511115,6.25,3.12,4,14.51,13.60,8,14.52,185,0.82,0.82,3341,0.00,0.99,2,0.5000,39.00,95,7,0.00,14,14.80,45.04,26.27,14.60
511219,7.03,3.12,4,14.51,13.52,8,14.52,185,0.81,0.81,3361,0.00,0.99,2,0.5000,39.00,95,8,0.00,14,14.80,45.61,26.27,14.30
511323,7.81,3.12,4,14.51,13.44,8,14.52,185,0.81,0.82,3386,0.00,0.99,2,0.5000,39.00,95,9,0.00,14,14.80,45.99,26.27,14.40
511427,8.59,3.12,4,14.51,12.64,8,14.52,185,0.81,0.82,3384,0.00,0.99,2,0.5000,39.00,93,9,0.00,14,14.95,45.86,26.27,14.50
511531,9.38,3.12,4,14.51,13.20,8,14.52,185,0.82,0.81,3408,0.00,0.99,2,0.5000,39.00,93,10,0.00,14,14.95,46.62,26.27,14.60
511635,9.38,3.91,4,14.51,13.52,8,14.52,185,0.82,0.82,3424,0.00,0.99,2,0.5000,39.00,93,10,0.00,14,14.95,47.16,26.67,14.80
511739,9.38,3.91,4,14.51,13.52,8,14.52,185,0.82,0.83,3446,0.00,0.99,2,0.5000,39.00,93,10,0.00,14,14.95,47.57,26.67,14.90
511843,9.38,3.91,4,14.51,13.44,8,14.52,185,0.83,0.82,3471,0.00,0.99,2,0.5000,39.00,93,11,0.00,14,14.95,47.84,26.27,14.50
511948,8.59,3.91,4,14.51,13.52,8,14.52,185,0.83,0.82,3491,0.00,0.99,2,0.5000,39.00,93,11,0.00,14,15.09,48.24,26.27,14.50
512051,8.59,3.91,4,14.51,13.44,8,14.52,187,0.82,0.82,3542,0.00,0.99,2,0.5000,39.00,93,11,0.00,14,14.80,48.24,25.88,14.40
512155,7.81,3.91,4,14.51,13.44,8,14.52,187,0.80,0.80,3555,0.00,0.99,2,0.5000,39.00,93,10,0.00,14,14.80,47.02,25.49,14.20
512259,7.81,3.91,4,14.51,13.60,8,14.52,187,0.80,0.80,3557,0.00,0.99,2,0.5000,39.00,93,10,0.00,14,14.80,47.70,25.49,14.40
512363,8.59,3.91,4,14.51,13.44,8,14.52,187,0.81,0.82,3588,0.00,0.99,2,0.5000,39.00,93,9,0.00,14,14.80,48.11,25.49,14.50
512467,7.81,3.91,4,14.51,13.44,8,14.52,187,0.81,0.81,3560,0.00,0.99,2,0.5000,39.00,93,8,0.00,14,14.80,49.19,25.49,14.30
512571,7.81,3.91,4,14.51,13.52,8,14.52,187,0.82,0.81,3566,0.00,0.99,2,0.5000,39.00,93,7,0.00,14,14.65,48.11,24.71,14.30
512675,6.25,3.91,4,14.51,13.52,8,14.52,187,0.81,0.80,3566,0.00,0.99,2,0.5000,24.00,93,7,0.00,14,14.65,47.43,24.71,14.30
512779,6.25,3.91,4,14.51,13.36,8,14.52,187,0.84,0.85,3302,0.00,0.99,2,0.5000,24.00,93,6,0.00,14,14.65,45.52,22.35,14.20
512883,3.12,3.12,4,14.51,13.44,8,14.47,187,0.85,0.86,2924,0.00,0.98,2,0.5000,39.00,93,6,0.00,14,9.72,30.92,9.41,14.30
512987,-0.78,3.12,3,14.51,13.60,8,14.52,187,0.63,0.50,2536,0.00,1.18,2,0.5000,43.00,93,5,0.00,14,7.84,18.61,7.84,12.50
513091,-7.03,3.12,3,14.51,13.52,8,14.58,187,0.51,0.44,2299,0.00,1.12,2,0.5000,42.50,93,4,0.00,14,7.11,16.17,9.02,10.20
513195,-20.31,3.12,3,14.51,13.60,8,14.59,187,0.48,0.48,2254,0.00,1.00,2,0.5000,42.50,93,4,0.00,14,8.13,20.18,13.73,9.70
513300,-25.00,3.12,3,14.51,13.44,8,14.59,187,0.56,0.61,2322,0.00,0.91,3,0.5000,43.50,93,3,0.00,14,10.30,24.77,16.86,10.80
513403,-12.50,3.12,3,14.51,13.52,8,14.58,187,0.65,0.70,2395,0.00,0.91,3,0.5000,40.00,93,3,0.00,14,12.19,29.95,19.61,12.80
513507,-12.50,3.12,3,14.51,13.52,8,14.56,187,0.73,0.78,2418,0.00,0.95,3,0.5000,39.50,93,2,0.00,14,12.91,31.09,21.18,18.70
513611,-14.06,3.12,3,14.51,13.60,8,14.55,187,0.77,0.81,2446,0.00,0.95,3,0.5000,39.50,93,2,0.00,14,13.49,32.71,22.35,16.40
513716,-14.06,3.12,3,14.51,13.52,8,14.54,187,0.79,0.79,2438,0.00,0.99,3,0.5000,39.00,93,2,0.00,14,13.49,32.68,22.75,16.70
513819,-8.59,3.12,3,14.51,13.52,8,14.55,187,0.79,0.78,2447,0.00,0.99,3,0.5000,39.00,93,2,0.00,14,13.49,32.54,22.35,17.10
513923,7.81,3.12,3,14.51,13.44,8,14.54,187,0.79,0.79,2486,0.00,0.99,3,0.5000,39.00,93,2,0.00,14,13.49,32.56,22.75,17.00
514027,3.12,3.12,3,14.51,13.52,8,14.52,187,0.79,0.79,2511,0.00,0.99,3,0.5000,39.00,93,2,0.00,14,13.93,34.00,24.71,15.50
514131,4.69,3.12,3,14.51,13.60,8,14.52,187,0.83,0.87,2526,0.00,0.95,3,0.5000,37.00,93,2,-2.00,15,14.65,36.53,28.24,14.40
514235,5.47,3.12,3,14.51,13.44,8,14.52,187,0.86,0.88,2569,-2.00,0.98,3,0.5000,37.00,93,2,-2.00,15,14.80,37.29,28.63,15.10
514339,3.91,3.12,3,14.51,13.44,8,14.51,187,0.87,0.88,2570,-2.00,0.98,3,0.5000,37.00,93,3,-1.50,15,14.95,38.54,29.41,14.30
514443,2.34,3.12,3,14.51,13.44,8,14.51,187,0.89,0.90,2601,-2.00,0.98,3,0.5000,37.00,93,3,-1.50,15,15.09,38.42,29.80,14.20
514547,1.56,3.12,3,14.51,13.52,8,14.50,187,0.89,0.90,2593,-2.00,0.98,3,0.5000,37.00,93,4,-1.50,15,15.24,39.16,29.80,14.20
514651,0.78,3.12,3,14.51,13.52,8,14.50,187,0.90,0.90,2622,-2.00,0.98,3,0.5000,36.50,93,4,-1.50,15,15.24,39.65,29.80,14.00
514755,0.00,3.12,3,14.51,13.52,8,14.50,187,0.90,0.90,2614,-2.00,0.98,3,0.5000,37.00,93,4,-1.50,15,15.24,39.65,29.80,14.00
514859,-0.78,3.91,4,14.51,13.44,8,14.49,187,0.91,0.91,2640,-2.00,0.98,3,0.5000,36.50,93,5,-1.50,15,15.38,40.15,29.80,14.30
514963,-1.56,3.91,3,14.51,13.44,8,14.50,187,0.91,0.91,2631,-2.00,0.98,3,0.5000,36.50,93,5,-1.50,15,15.38,40.52,29.80,14.20
515067,-2.34,3.91,4,14.51,13.52,8,14.49,187,0.91,0.92,2642,-2.00,0.98,3,0.5000,36.50,93,6,-1.50,15,15.38,40.39,29.80,14.20
515171,-3.12,3.91,4,14.51,13.52,8,14.49,187,0.92,0.93,2670,-2.00,0.98,3,0.5000,36.50,93,6,-1.50,15,15.53,41.01,29.80,14.20
515275,-3.12,3.91,4,14.51,13.44,8,14.48,187,0.92,0.91,2656,-2.00,0.98,3,0.5000,36.50,95,7,-1.50,15,15.53,41.13,29.80,14.30
515379,-3.12,3.91,4,14.51,13.36,8,14.48,187,0.92,0.92,2687,-2.00,0.98,3,0.5000,36.50,95,7,-1.50,15,15.53,40.89,29.80,14.40
515483,-3.12,3.91,4,14.51,13.44,8,14.49,187,0.92,0.92,2695,-2.00,0.98,3,0.5000,36.50,95,7,-1.50,15,15.53,41.50,29.80,14.30
515587,-3.12,3.91,4,14.51,13.52,8,14.48,187,0.93,0.93,2682,-2.00,0.98,3,0.5000,36.50,95,8,-1.50,15,15.67,41.75,29.80,14.40
515692,-3.91,3.91,4,14.51,13.44,8,14.48,187,0.93,0.93,2712,-4.00,0.98,3,0.5000,34.50,95,8,-3.50,16,15.53,41.26,29.02,14.30
515796,-4.69,3.91,4,14.51,13.36,8,14.48,187,0.93,0.92,2721,-4.00,0.99,3,0.5000,34.50,95,9,-3.50,16,15.53,41.75,28.24,14.40
515899,-3.91,3.91,4,14.51,13.44,8,14.47,187,0.93,0.93,2700,-4.00,0.99,3,0.5000,34.50,95,9,-3.50,16,15.53,41.63,28.63,14.40
516004,-4.69,3.91,4,14.51,13.44,8,14.47,187,0.92,0.92,2730,-4.00,0.99,3,0.5000,35.00,95,10,-3.50,16,15.53,41.63,28.63,14.20
516110,-3.91,3.91,4,14.51,13.60,8,14.47,187,0.92,0.92,2740,-4.00,0.99,3,0.5000,34.50,95,10,-3.50,16,15.53,41.51,27.84,14.50
516211,-3.91,3.91,4,14.51,13.44,8,14.47,187,0.92,0.91,2720,-4.00,0.99,3,0.5000,34.50,95,11,-3.50,16,14.95,41.39,23.92,14.50
516315,-6.25,3.12,3,14.51,13.44,8,14.47,187,0.87,0.85,2720,-4.00,1.01,3,0.5000,35.00,95,11,-4.00,16,13.78,37.91,21.57,13.80
516420,-10.16,3.12,3,14.51,13.36,8,14.47,187,0.84,0.83,2715,-4.00,0.99,3,0.5000,35.00,95,12,-4.00,16,13.64,37.07,21.57,13.50
516523,-10.94,3.12,3,14.51,13.52,8,14.48,187,0.83,0.83,2711,-4.00,0.99,3,0.5000,35.00,95,12,-4.00,16,13.64,36.81,21.57,14.00
516627,-10.94,3.12,3,14.51,13.36,8,14.47,187,0.82,0.80,2696,-4.00,0.99,3,0.5000,35.00,95,12,-4.00,16,13.49,36.42,21.57,14.20
516732,-10.16,3.12,3,14.51,13.52,8,14.47,187,0.81,0.82,2718,-4.00,0.99,3,0.5000,35.00,95,13,-4.00,16,13.35,36.31,21.18,14.30
516836,-9.38,3.12,3,14.51,13.52,8,14.47,187,0.79,0.78,2716,-4.00,0.99,3,0.5000,35.00,95,13,-4.00,16,12.91,34.35,19.61,14.40
516940,-10.94,3.12,3,14.51,13.44,8,14.47,187,0.77,0.74,2691,-4.00,0.99,3,0.5000,35.00,95,14,-4.00,16,12.62,33.95,19.61,14.30
517044,-10.94,3.12,3,14.51,13.52,8,14.47,187,0.75,0.74,2707,-4.00,0.99,3,0.5000,35.00,95,14,-4.00,16,12.33,33.05,18.82,14.50
517148,-10.94,3.12,3,14.51,13.52,8,14.47,187,0.73,0.72,2700,-4.00,0.99,3,0.5000,35.00,95,15,-4.00,16,11.90,31.47,18.04,14.30
517251,-10.16,3.12,3,14.51,13.60,8,14.46,187,0.71,0.71,2675,-4.00,1.00,3,0.5000,35.00,95,15,-4.00,16,11.75,31.15,18.04,14.30
517356,-10.16,3.12,3,14.51,13.52,8,14.46,187,0.71,0.71,2692,-4.00,1.00,3,0.5000,35.00,95,15,-4.00,16,11.75,31.76,18.82,14.50
517460,-8.59,3.12,3,14.51,13.44,8,14.47,187,0.71,0.71,2695,-4.00,1.00,3,0.5000,35.00,95,16,-4.00,16,11.90,32.12,18.82,14.30
517564,-7.03,3.12,3,14.51,13.52,8,14.46,187,0.71,0.70,2688,-4.00,1.00,3,0.5000,35.00,97,15,-4.00,16,12.04,31.74,19.22,15.40
517668,-6.25,3.12,3,14.51,13.52,8,14.46,187,0.71,0.71,2714,-4.00,1.00,3,0.5000,36.00,97,15,-3.00,16,12.04,32.23,18.82,14.80
517772,-5.47,3.12,3,14.51,13.60,8,14.46,187,0.71,0.71,2723,-3.00,1.00,3,0.5000,36.00,97,14,-3.00,16,12.04,31.99,19.22,14.30
517876,-4.69,3.12,3,14.51,13.52,8,14.46,187,0.71,0.71,2710,-3.00,1.01,3,0.5000,36.00,97,14,-3.00,16,12.04,32.23,19.22,14.70
517980,-4.69,3.12,3,14.51,13.52,8,14.45,187,0.71,0.71,2718,-3.00,1.01,3,0.5000,36.00,97,12,-3.00,16,12.04,32.35,19.61,14.50
518084,-4.69,3.12,3,14.51,13.68,8,14.45,187,0.71,0.71,2745,-3.00,1.01,3,0.5000,36.00,97,9,-3.00,16,12.04,32.35,19.61,14.40
518188,-4.69,3.12,3,14.51,13.60,8,14.45,187,0.71,0.71,2760,-3.00,1.01,3,0.5000,36.00,97,7,-3.00,16,12.04,32.96,19.61,14.50
518292,-3.91,3.12,3,14.51,13.60,8,14.44,187,0.71,0.70,2750,-3.00,1.01,3,0.5000,36.00,97,4,-3.00,16,12.04,32.72,19.61,14.30
518395,-4.69,3.12,3,14.51,13.60,8,14.44,187,0.71,0.71,2754,-3.00,1.01,3,0.5000,36.00,97,2,-3.00,16,12.04,32.72,19.61,14.30
518500,-5.47,3.12,3,14.51,13.44,8,14.44,187,0.71,0.71,2784,-3.00,1.00,3,0.5000,36.00,97,1,-3.00,16,12.19,32.71,19.61,14.30
518604,-5.47,3.12,3,14.51,13.52,8,14.44,187,0.71,0.71,2792,-3.00,1.00,3,0.5000,36.00,97,0,-3.00,16,12.19,32.47,20.00,14.30
518708,-5.47,3.12,3,14.51,13.60,8,14.44,187,0.70,0.70,2800,-3.00,1.01,3,0.5000,36.00,97,0,-3.00,16,12.19,32.47,19.61,14.40
518812,-4.69,3.12,3,14.51,13.52,8,14.43,187,0.70,0.70,2788,-3.00,1.01,3,0.5000,36.00,97,0,-3.00,16,12.19,32.71,20.00,14.50
518916,-4.69,3.12,3,14.51,13.52,8,14.43,187,0.70,0.70,2800,-3.00,1.01,3,0.5000,36.00,97,0,-3.00,16,12.19,33.08,20.00,14.40
519020,-4.69,3.12,3,14.51,13.36,8,14.43,187,0.70,0.70,2807,-3.00,1.01,3,0.5000,36.00,97,0,-3.00,16,12.19,33.20,20.39,14.50
519124,-3.91,3.12,3,14.51,13.68,8,14.44,187,0.70,0.71,2822,-3.00,1.01,3,0.5000,36.00,97,0,-3.00,16,12.19,32.85,20.39,14.40
519228,-3.91,3.12,3,14.51,13.60,8,14.44,187,0.70,0.71,2829,-3.00,0.99,3,0.5000,36.00,97,0,-3.00,16,12.19,33.25,20.39,14.60
519332,-4.69,3.12,3,14.51,13.60,8,14.44,187,0.70,0.69,2861,-3.00,0.99,3,0.5000,36.00,97,0,-3.00,16,12.19,33.10,20.39,14.30
519436,-4.69,3.12,3,14.51,13.52,8,14.44,187,0.70,0.70,2872,-3.00,0.99,3,0.5000,36.00,97,0,-3.00,16,12.19,33.67,20.39,14.30
519540,-4.69,3.12,3,14.51,13.44,8,14.44,187,0.71,0.71,2883,-3.00,0.99,3,0.5000,36.00,97,0,-3.00,16,12.04,33.67,20.39,14.40
519644,-5.47,3.12,3,14.51,13.52,8,14.44,187,0.71,0.71,2894,-3.00,0.98,3,0.5000,36.00,97,0,-3.00,16,12.19,33.98,20.39,14.30
519748,-5.47,3.12,3,14.51,13.44,8,14.44,187,0.70,0.70,2902,-2.00,0.99,3,0.5000,36.50,99,0,-2.00,16,12.04,33.37,20.39,14.30
519851,-5.47,3.12,3,14.51,13.60,8,14.45,187,0.70,0.70,2916,-2.00,0.99,3,0.5000,37.00,99,0,-2.00,16,12.19,33.37,20.39,14.30
519956,-4.69,3.12,3,14.51,13.52,8,14.45,187,0.69,0.70,2921,-2.00,0.99,3,0.5000,37.00,99,0,-2.00,16,12.04,33.68,20.39,14.40
520060,-4.69,3.12,3,14.51,13.60,8,14.45,187,0.69,0.69,2914,-2.00,0.99,3,0.5000,37.00,99,0,-2.00,16,12.19,33.98,20.39,14.50
520164,-4.69,3.12,3,14.51,13.52,8,14.46,187,0.69,0.69,2926,-2.00,0.99,3,0.5000,37.00,99,0,-2.00,16,12.19,33.98,20.78,14.40
520268,-3.12,3.12,3,14.51,13.52,8,14.46,187,0.69,0.70,2935,-2.00,0.99,3,0.5000,37.00,99,0,-2.00,16,12.19,34.13,20.78,14.50
520372,-3.12,3.12,3,14.51,13.52,8,14.46,187,0.70,0.70,2948,-2.00,0.99,3,0.5000,37.00,99,0,-2.00,16,12.19,34.59,20.39,14.50
520476,-3.12,3.12,3,14.51,13.52,8,14.46,187,0.69,0.69,2959,-2.00,0.99,3,0.5000,37.00,99,0,-2.00,16,12.04,34.13,20.39,14.60
520580,-3.12,3.12,3,14.51,13.44,8,14.46,187,0.69,0.69,2986,-2.00,0.99,3,0.5000,37.00,99,0,-2.00,16,12.19,34.59,20.78,14.40
520684,-2.34,3.12,3,14.51,13.52,8,14.47,187,0.69,0.70,3003,-2.00,0.99,3,0.5000,37.00,99,1,-2.00,16,12.19,34.59,20.78,14.40
520788,-2.34,3.12,3,14.51,13.52,8,14.47,187,0.69,0.69,3012,-2.00,0.99,3,0.5000,37.00,99,1,-2.00,16,12.04,35.05,20.78,14.60
520892,-2.34,3.12,3,14.51,13.44,8,14.47,187,0.69,0.69,3002,-2.00,0.99,3,0.5000,37.00,99,1,-2.00,16,12.04,34.89,20.78,14.40
520996,-2.34,3.12,3,14.51,13.44,8,14.47,187,0.70,0.70,3014,-2.00,0.99,3,0.5000,37.00,99,2,-2.00,16,12.04,35.35,20.39,14.40
521100,-2.34,3.12,3,14.51,13.44,8,14.47,187,0.70,0.70,3045,-2.00,0.99,3,0.5000,37.00,99,3,-2.00,16,12.04,35.20,20.78,14.30
521204,-2.34,3.12,3,14.51,13.60,8,14.48,187,0.70,0.71,3058,-2.00,0.99,3,0.5000,36.50,99,3,-2.00,16,12.04,35.65,20.78,14.30
521308,-3.12,3.12,3,14.51,13.44,8,14.48,187,0.70,0.69,3044,-2.00,0.99,3,0.5000,37.00,99,4,-2.00,16,12.04,35.50,20.78,14.30
521412,-3.12,3.12,3,14.51,13.52,8,14.48,187,0.70,0.70,3075,-2.00,0.99,3,0.5000,37.00,99,5,-2.00,16,12.19,35.65,20.78,14.40
521516,-3.12,3.12,3,14.51,13.44,8,14.48,187,0.70,0.70,3086,-2.00,0.99,3,0.5000,36.50,99,5,-2.00,16,12.04,35.96,20.78,14.40
521620,-3.12,3.12,3,14.51,13.44,8,14.48,187,0.70,0.70,3070,-2.00,0.99,3,0.5000,36.50,99,6,-2.00,16,12.04,36.26,20.78,14.50
521724,-3.12,3.12,3,14.51,13.52,8,14.48,187,0.70,0.70,3104,-1.00,0.99,3,0.5000,37.50,99,7,-1.00,16,12.04,36.11,20.78,14.30
521828,-3.12,3.12,3,14.51,13.52,8,14.48,187,0.70,0.70,3116,-1.00,0.99,3,0.5000,38.00,99,8,-1.00,16,12.04,35.65,20.78,14.40
521932,-3.12,3.12,3,14.51,13.52,8,14.49,187,0.70,0.70,3097,-1.00,0.99,3,0.5000,38.00,99,8,-1.00,16,12.04,35.80,20.78,14.30
522036,-3.12,3.12,3,14.51,13.44,8,14.48,187,0.70,0.72,3129,-1.00,0.99,3,0.5000,37.50,99,9,-1.00,16,12.04,36.41,20.78,14.60
522140,-3.91,3.12,3,14.51,13.52,8,14.49,187,0.70,0.70,3119,-1.00,0.99,3,0.5000,38.00,99,10,-1.00,16,12.04,36.41,20.78,14.30
522244,-3.12,3.12,3,14.51,13.52,8,14.49,187,0.70,0.70,3150,-1.00,0.99,3,0.5000,38.00,99,11,-1.00,16,12.04,36.56,20.78,14.30
522348,-3.12,3.12,3,14.51,13.60,8,14.49,187,0.70,0.70,3138,-1.00,0.99,3,0.5000,37.50,99,11,-1.00,16,12.04,37.02,20.78,14.50
522453,-3.12,3.12,3,14.51,13.44,8,14.49,187,0.70,0.70,3142,-1.00,0.99,3,0.5000,38.00,99,12,-1.00,16,12.04,36.41,20.78,14.30
522556,-3.91,3.12,3,14.51,13.36,8,14.50,187,0.70,0.70,3178,-1.00,0.99,3,0.5000,38.00,97,12,-1.00,16,12.04,36.56,20.78,14.40
522660,-3.91,3.12,3,14.51,13.44,8,14.50,187,0.70,0.69,3164,-1.00,0.99,3,0.5000,38.00,97,13,-1.00,16,12.04,36.71,20.78,14.40
522764,-3.12,3.12,3,14.51,13.52,8,14.50,187,0.69,0.69,3192,-1.00,0.99,3,0.5000,38.00,97,14,-1.00,16,12.04,36.87,20.78,14.40
522869,-3.12,3.12,3,14.51,13.52,8,14.50,187,0.69,0.69,3182,-1.00,0.99,3,0.5000,38.00,97,15,-1.00,16,11.90,36.71,20.78,14.60
522973,-3.12,3.12,3,14.51,13.44,8,14.50,187,0.70,0.70,3188,-1.00,0.99,3,0.5000,38.00,97,15,-1.00,16,12.04,37.78,20.78,14.40
523076,-3.12,3.12,3,14.51,13.44,8,14.50,187,0.70,0.69,3220,-1.00,0.99,3,0.5000,38.00,97,16,-1.00,16,12.04,37.62,20.78,14.50
523184,-3.12,3.12,3,14.51,13.60,8,14.50,187,0.70,0.70,3206,-1.00,0.99,3,0.5000,38.00,97,17,-1.00,16,12.04,37.17,20.78,14.30
523285,-3.12,3.12,3,14.51,13.60,8,14.50,187,0.69,0.69,3238,-1.00,0.99,3,0.5000,38.00,97,17,-1.00,16,11.90,37.01,20.78,14.40
523389,-2.34,3.12,3,14.51,13.60,8,14.51,187,0.68,0.67,3223,-1.00,0.99,3,0.5000,38.50,97,17,-1.00,16,11.90,36.86,20.78,14.40
523492,-2.34,3.12,3,14.51,13.44,8,14.51,187,0.69,0.71,3250,-1.00,0.99,3,0.5000,38.00,97,17,-1.00,16,11.90,37.47,20.78,14.40
523597,-2.34,3.12,3,14.51,13.44,8,14.50,187,0.69,0.70,3266,-1.00,0.99,3,0.5000,38.00,97,17,-1.00,16,11.90,37.16,20.78,14.40
523701,-2.34,3.12,3,14.51,13.60,8,14.51,187,0.69,0.68,3246,-1.00,0.99,3,0.5000,39.50,97,16,0.00,16,11.75,37.16,20.39,14.40
523804,-2.34,3.12,3,14.51,13.52,8,14.51,187,0.69,0.69,3273,0.00,0.99,3,0.5000,39.50,97,15,0.00,16,11.90,37.01,20.78,14.40
523909,-2.34,3.12,3,14.51,13.60,8,14.51,187,0.69,0.69,3282,0.00,0.99,3,0.5000,39.50,97,14,0.00,16,11.75,37.31,20.39,14.50
524013,-2.34,3.12,3,14.51,13.52,8,14.51,187,0.68,0.67,3270,0.00,0.99,3,0.5000,39.50,97,12,0.00,16,11.75,37.31,20.78,14.50
524117,-2.34,3.12,3,14.51,13.44,8,14.51,187,0.68,0.69,3298,0.00,0.99,3,0.5000,39.50,97,9,0.00,16,11.75,37.47,20.78,14.30
524221,-2.34,3.12,3,14.51,13.60,8,14.51,187,0.69,0.69,3301,0.00,0.99,3,0.5000,39.50,97,7,0.00,16,11.75,37.46,20.78,14.40
524325,-2.34,3.12,3,14.51,13.52,8,14.51,187,0.68,0.68,3288,0.00,0.99,3,0.5000,39.50,97,5,0.00,16,11.75,37.62,20.78,14.40
524429,-2.34,3.12,3,14.51,13.60,8,14.51,187,0.69,0.69,3293,0.00,0.99,3,0.5000,39.50,97,4,0.00,16,11.75,37.46,20.78,14.40
524533,-2.34,3.12,3,14.51,13.44,8,14.51,187,0.68,0.68,3325,0.00,0.99,3,0.5000,39.50,97,4,0.00,16,11.75,37.77,20.78,14.40
524637,-3.12,3.12,3,14.51,13.52,8,14.51,187,0.68,0.69,3328,0.00,0.99,3,0.5000,39.50,97,3,0.00,16,11.75,38.16,20.78,14.50
524741,-3.12,3.12,3,14.51,13.44,8,14.51,187,0.68,0.67,3309,0.00,0.99,3,0.5000,39.50,95,3,0.00,16,11.75,37.92,20.78,14.40
524845,-3.12,3.12,3,14.51,13.60,8,14.51,187,0.68,0.69,3316,0.00,0.99,3,0.5000,39.50,95,3,0.00,16,11.75,37.76,20.78,14.50
524949,-3.12,3.12,3,14.51,13.52,8,14.51,187,0.68,0.69,3348,0.00,0.99,3,0.5000,39.50,95,2,0.00,16,11.75,38.19,20.39,14.50
525053,-3.12,3.12,3,14.51,13.52,8,14.51,187,0.68,0.68,3352,0.00,0.99,3,0.5000,39.50,95,2,0.00,16,11.75,38.04,20.78,14.40
525157,-3.12,3.12,3,14.51,13.44,8,14.51,187,0.68,0.68,3336,0.00,0.99,3,0.5000,39.50,95,2,0.00,16,11.75,38.07,20.78,14.40
525261,-2.34,3.12,3,14.51,13.52,8,14.51,187,0.69,0.69,3339,0.00,0.99,3,0.5000,39.50,95,2,0.00,16,11.90,38.68,21.18,14.50
525365,-1.56,3.12,3,14.51,13.60,8,14.51,187,0.69,0.69,3346,0.00,0.99,3,0.5000,39.50,95,3,0.00,16,11.75,39.05,20.39,14.30
525469,-2.34,3.12,3,14.51,13.60,8,14.51,187,0.58,0.54,3384,0.00,1.16,3,0.5000,41.50,95,3,0.00,16,7.40,22.02,7.84,14.70
525573,-6.25,3.12,3,14.51,13.44,8,14.56,187,0.38,0.30,3271,0.00,1.17,3,0.5000,36.00,95,3,0.00,16,5.51,15.67,7.45,12.80
525677,-11.72,3.12,3,14.51,13.60,8,14.55,187,0.30,0.26,3194,0.00,1.08,3,0.5000,32.00,95,4,0.00,16,4.79,13.44,6.67,10.50
525781,-18.75,3.12,3,14.51,13.60,8,14.55,187,0.25,0.23,3204,0.00,1.00,3,0.5000,28.50,95,4,0.00,16,4.35,12.08,6.67,10.30
525885,0.00,3.12,3,14.51,13.60,10,14.55,187,0.23,0.22,3147,0.00,1.00,3,0.5000,25.00,95,4,0.00,16,4.21,11.06,6.67,10.40
525989,0.00,3.12,3,14.51,13.60,10,14.56,187,0.21,0.21,3138,0.00,1.00,3,0.5000,24.00,95,5,0.00,16,4.21,10.65,6.67,11.00
526093,0.00,3.12,3,14.51,13.52,10,14.56,187,0.21,0.21,3100,0.00,1.00,3,0.5000,24.00,95,5,0.00,16,4.06,10.77,6.67,11.70
526197,0.00,3.12,3,14.51,13.52,10,14.56,187,0.20,0.20,3102,0.00,0.99,3,0.5000,24.00,95,6,0.00,16,4.06,10.55,6.67,12.70
526301,0.00,3.12,3,14.51,13.52,10,14.57,187,0.20,0.21,3089,0.00,0.99,3,0.5000,24.00,95,7,0.00,16,4.06,10.51,6.67,14.50
526405,0.00,3.12,3,14.51,13.60,10,14.57,187,0.20,0.20,3060,0.00,0.99,3,0.5000,24.00,95,7,0.00,16,4.06,10.18,6.67,17.90
526509,0.00,3.12,2,14.51,13.60,10,14.57,187,0.20,0.19,3055,0.00,0.99,3,0.5000,24.00,95,7,0.00,16,3.92,9.99,6.67,25.90
526613,0.00,2.34,2,14.51,13.52,10,14.57,187,0.20,0.20,3070,0.00,0.99,3,0.5000,24.00,95,8,0.00,16,3.92,9.95,6.67,37.70
526717,0.00,3.12,2,14.51,13.28,10,14.57,187,0.20,0.20,3039,0.00,0.99,3,0.5000,24.00,95,9,0.00,16,3.92,9.76,6.67,66.80
526821,0.00,3.12,2,14.51,13.68,10,14.57,187,0.19,0.19,3033,0.00,0.99,3,0.5000,24.00,95,9,0.00,16,3.92,9.85,6.67,81.10
526925,0.00,2.34,2,14.51,13.52,10,14.58,187,0.19,0.19,3048,0.00,0.99,3,0.5000,24.00,95,10,0.00,16,3.92,9.81,6.67,92.20
527029,0.00,2.34,2,14.51,13.60,10,14.58,187,0.19,0.19,3041,0.00,0.99,3,0.5000,24.00,95,10,0.00,16,3.92,9.71,6.67,96.00
527133,0.00,2.34,2,14.51,13.44,10,14.58,187,0.19,0.19,3006,0.00,0.99,3,0.5000,24.00,95,11,0.00,16,3.92,9.38,6.67,96.00
527237,0.00,2.34,2,14.51,13.60,10,14.58,187,0.19,0.19,2999,0.00,0.99,3,0.5000,24.00,95,12,0.00,16,3.92,9.62,6.67,96.00
527341,0.00,2.34,2,14.51,13.52,10,14.58,187,0.19,0.19,3017,0.00,0.99,3,0.5000,24.00,95,12,0.00,16,3.92,9.29,6.67,96.00
527445,0.00,2.34,2,14.51,13.60,10,14.59,187,0.19,0.18,3005,0.00,0.99,3,0.5000,24.00,95,13,0.00,16,3.92,9.00,6.67,99.90
527549,0.00,0.00,2,14.51,13.60,10,14.58,187,0.18,0.18,2995,0.00,0.99,3,0.5000,24.00,95,13,0.00,16,3.92,8.85,6.67,99.90
527653,0.00,0.00,2,14.51,13.52,10,14.58,187,0.18,0.19,2967,0.00,0.99,3,0.5000,24.00,95,14,0.00,16,3.92,9.24,6.67,99.90
527757,0.00,0.00,2,14.51,13.60,10,14.58,187,0.19,0.19,2962,0.00,0.99,3,0.5000,24.00,95,14,0.00,16,3.92,9.19,6.67,99.90
527860,0.00,0.00,2,14.51,13.68,10,14.59,187,0.18,0.18,2949,0.00,0.99,3,0.5000,24.00,95,14,0.00,16,3.92,8.95,6.67,99.90
527965,0.00,0.00,2,14.51,13.60,10,14.59,187,0.18,0.18,2962,0.00,1.00,3,0.5000,24.00,95,15,0.00,16,3.92,8.75,6.67,99.90
528069,0.00,0.00,2,14.51,13.52,10,14.59,187,0.18,0.18,2954,0.00,1.00,3,0.5000,24.00,95,15,0.00,16,3.92,8.35,6.67,99.90
528173,0.00,0.00,2,14.51,13.52,10,14.60,187,0.18,0.18,2948,0.00,1.00,3,0.5000,24.00,95,16,0.00,16,3.92,8.95,6.67,99.90
528277,0.00,0.00,2,14.51,13.60,10,14.60,187,0.18,0.18,2939,0.00,1.00,3,0.5000,24.00,95,17,0.00,16,3.92,8.80,6.67,99.90
528381,0.00,0.00,2,14.51,13.60,10,14.60,187,0.18,0.18,2932,0.00,1.00,3,0.5000,24.00,95,17,0.00,16,3.92,8.65,6.67,99.90
528484,0.00,0.00,2,14.51,13.60,10,14.60,187,0.18,0.18,2922,0.00,1.00,3,0.5000,24.00,95,17,0.00,16,3.92,8.75,6.67,99.90
528589,0.00,0.00,2,14.51,13.60,10,14.60,187,0.18,0.18,2912,0.00,1.00,3,0.5000,24.00,95,18,0.00,16,3.92,9.00,6.67,99.90
528693,0.00,0.00,2,14.51,13.52,10,14.60,187,0.18,0.18,2900,0.00,1.00,3,0.5000,24.00,95,18,0.00,16,3.92,8.85,6.67,99.90
528797,0.00,0.00,2,14.51,13.68,10,14.60,187,0.18,0.18,2893,0.00,1.00,3,0.5000,24.00,95,18,0.00,16,3.92,8.65,6.67,99.90
528901,0.00,0.00,2,14.51,13.68,10,14.60,187,0.18,0.18,2886,0.00,1.00,3,0.5000,24.00,95,18,0.00,16,3.92,8.70,6.67,99.90
529005,0.00,0.00,2,14.51,13.60,10,14.60,187,0.18,0.18,2877,0.00,1.00,3,0.5000,24.00,95,18,0.00,16,3.92,8.75,6.67,99.90
529109,0.00,0.00,2,14.51,13.52,10,14.61,187,0.18,0.17,2864,0.00,1.00,3,0.5000,24.00,95,16,0.00,16,3.92,8.65,6.67,99.90
529213,0.00,0.00,2,14.51,13.44,10,14.61,187,0.18,0.18,2853,0.00,1.00,3,0.5000,24.00,95,15,0.00,16,3.92,8.55,6.67,99.90
529317,0.00,0.00,2,14.51,13.60,10,14.62,187,0.18,0.18,2838,0.00,1.00,3,0.5000,24.00,95,13,0.00,16,3.92,8.45,6.67,99.90
529421,0.00,0.00,2,14.51,13.60,10,14.62,187,0.19,0.19,2827,0.00,1.00,3,0.5000,24.00,95,10,0.00,16,3.92,9.00,6.67,99.90
529525,0.00,0.00,2,14.51,13.68,10,14.62,187,0.19,0.19,2795,0.00,1.00,3,0.5000,24.00,95,8,0.00,16,3.77,8.75,6.67,99.90
529629,0.00,0.00,2,14.51,13.52,10,14.62,187,0.19,0.19,2782,0.00,1.00,3,0.5000,24.00,95,5,0.00,16,3.77,8.55,6.67,99.90
529733,0.00,0.00,2,14.51,13.52,10,14.62,187,0.18,0.18,2772,0.00,1.00,3,0.5000,24.00,95,4,0.00,16,3.77,8.50,6.67,99.90
529837,0.00,0.00,2,14.51,13.60,10,14.62,187,0.18,0.18,2782,0.00,1.00,3,0.5000,24.00,95,3,0.00,16,3.77,8.30,6.67,99.90
529941,0.00,0.00,2,14.51,13.60,10,14.62,187,0.18,0.18,2771,0.00,1.00,3,0.5000,24.00,95,2,0.00,16,3.77,8.40,7.06,99.90
530045,0.00,0.00,2,14.51,13.68,10,14.62,187,0.18,0.18,2759,0.00,1.00,3,0.5000,24.00,95,1,0.00,16,3.77,8.45,6.67,99.90
530150,0.00,0.00,2,14.51,13.52,10,14.62,187,0.19,0.18,2724,0.00,1.00,3,0.5000,24.00,95,0,0.00,16,3.77,8.65,7.06,99.90
530253,0.00,0.00,2,14.51,13.52,10,14.62,187,0.19,0.19,2734,0.00,1.00,3,0.5000,24.00,95,0,0.00,16,3.92,8.50,6.67,99.90
530357,0.00,0.00,2,14.51,13.60,10,14.62,187,0.19,0.19,2720,0.00,1.00,3,0.5000,24.00,95,0,0.00,16,3.77,8.05,6.67,99.90
530461,0.00,0.00,2,14.51,13.52,10,14.61,187,0.18,0.18,2688,0.00,1.00,3,0.5000,24.00,95,0,0.00,16,3.77,8.10,6.67,99.90
530565,0.00,0.00,2,14.51,13.68,10,14.62,187,0.18,0.19,2677,0.00,1.00,3,0.5000,24.00,95,0,0.00,16,3.92,8.45,6.67,99.90
530669,0.00,0.00,2,14.51,13.52,10,14.61,187,0.18,0.18,2687,0.00,1.00,3,0.5000,24.00,95,0,0.00,16,3.77,8.15,6.67,99.90
530773,0.00,0.00,2,14.51,13.52,10,14.61,187,0.18,0.19,2654,0.00,1.00,3,0.5000,24.00,95,0,0.00,16,3.92,8.25,7.06,99.90
530877,0.00,0.00,2,14.51,13.52,10,14.61,187,0.19,0.19,2662,0.00,1.00,3,0.5000,24.00,95,0,0.00,16,3.92,8.45,6.67,99.90
530981,0.00,0.00,2,14.51,13.60,10,14.61,187,0.19,0.19,2651,0.00,1.00,3,0.5000,24.00,95,0,0.00,16,3.92,8.60,6.67,99.90
531085,0.00,0.00,2,14.51,13.60,10,14.61,187,0.19,0.19,2617,0.00,1.00,3,0.5000,24.00,95,0,0.00,16,3.92,8.45,7.06,99.90
531189,0.00,0.00,2,14.51,13.60,10,14.61,187,0.20,0.20,2626,0.00,1.00,3,0.5000,24.00,95,0,0.00,16,3.92,8.55,6.67,99.90
531293,0.00,0.00,2,14.51,13.52,10,14.61,187,0.20,0.20,2592,0.00,1.00,3,0.5000,24.00,95,0,0.00,16,3.92,8.70,7.06,99.90
531397,0.00,0.00,2,14.51,13.60,10,14.61,187,0.20,0.20,2599,0.00,1.00,3,0.5000,24.00,95,0,0.00,16,3.92,8.65,6.67,99.90
531501,0.00,0.00,2,14.51,13.60,10,14.61,187,0.20,0.20,2566,0.00,1.00,3,0.5000,24.00,95,0,0.00,16,3.92,8.55,7.06,99.90
531605,0.00,0.00,2,14.51,13.52,10,14.61,187,0.20,0.19,2573,0.00,1.00,3,0.5000,24.00,95,0,0.00,16,3.92,7.99,6.67,99.90
531709,0.00,0.00,2,14.51,13.60,10,14.61,187,0.20,0.20,2562,0.00,1.00,3,0.5000,24.00,97,0,0.00,16,3.92,8.50,6.67,99.90
531813,0.00,0.00,2,14.51,13.52,10,14.61,187,0.20,0.20,2528,0.00,1.00,3,0.5000,24.00,97,0,0.00,16,3.92,8.50,6.67,99.90
531917,0.00,0.00,2,14.51,13.52,10,14.61,187,0.20,0.20,2535,0.00,1.00,3,0.5000,24.00,97,0,0.00,16,4.06,8.45,6.67,99.90
532021,0.00,0.00,2,14.51,13.60,10,14.61,187,0.20,0.21,2500,0.00,1.00,3,0.5000,24.00,97,0,0.00,16,4.06,8.45,6.67,99.90
532125,0.00,0.00,2,14.51,13.68,10,14.61,187,0.20,0.20,2486,0.00,1.00,3,0.5000,24.00,97,0,0.00,16,4.06,8.50,7.06,99.90
532229,0.00,0.00,2,14.51,13.52,10,14.61,187,0.20,0.20,2492,0.00,1.00,3,0.5000,24.00,97,0,0.00,16,4.06,8.55,6.67,99.90
532333,0.00,0.00,2,14.51,13.52,10,14.61,187,0.20,0.21,2454,0.00,1.00,3,0.5000,24.00,97,0,0.00,16,4.06,8.30,7.06,99.90
532437,0.00,0.00,2,14.51,13.52,10,14.61,187,0.21,0.21,2440,0.00,1.00,3,0.5000,24.00,97,1,0.00,16,4.21,8.45,6.67,99.90
532542,0.00,0.00,2,14.51,13.60,10,14.61,187,0.21,0.21,2444,0.00,1.00,3,0.5000,24.00,97,1,0.00,16,4.21,8.55,7.06,99.90
532645,0.00,0.00,2,14.51,13.60,10,14.60,187,0.21,0.21,2432,0.00,1.00,3,0.5000,24.00,97,1,0.00,16,4.21,8.40,6.67,99.90
532749,0.00,0.00,2,14.51,13.60,10,14.61,187,0.21,0.21,2419,0.00,1.00,3,0.5000,24.00,97,2,0.00,16,4.21,8.55,6.67,99.90
532854,0.00,0.00,2,14.51,13.52,10,14.60,187,0.21,0.22,2383,0.00,1.00,3,0.5000,24.00,97,2,0.00,16,4.21,8.50,7.06,99.90
532958,0.00,0.00,2,14.51,13.52,10,14.60,187,0.21,0.21,2370,0.00,1.00,3,0.5000,24.00,97,3,0.00,16,4.35,8.55,7.06,99.90
533062,0.00,0.00,2,14.51,13.60,10,14.60,187,0.21,0.21,2356,0.00,1.00,3,0.5000,24.00,97,3,0.00,16,4.35,8.45,6.67,99.90
533165,0.00,0.00,2,14.51,13.60,10,14.60,187,0.22,0.21,2342,0.00,1.00,3,0.5000,24.00,97,3,0.00,16,4.35,8.55,6.67,99.90
533270,0.00,0.00,2,14.51,13.52,10,14.60,187,0.22,0.22,2347,0.00,1.00,3,0.5000,24.00,97,4,0.00,16,4.35,8.40,6.67,99.90
533373,0.00,0.00,2,14.51,13.60,10,14.60,187,0.22,0.21,2333,0.00,1.00,3,0.5000,24.00,97,4,0.00,16,4.35,8.04,6.67,99.90
533478,0.00,0.00,2,14.51,13.52,10,14.60,187,0.22,0.22,2320,0.00,1.00,3,0.5000,24.00,97,5,0.00,16,4.35,8.24,6.67,99.90
533581,0.00,0.00,2,14.51,13.76,10,14.60,187,0.22,0.22,2306,0.00,1.00,3,0.5000,24.00,97,6,0.00,16,4.35,8.45,6.67,99.90
533686,0.00,0.00,2,14.51,13.68,10,14.59,187,0.22,0.22,2292,0.00,1.00,3,0.5000,24.00,97,6,0.00,16,4.50,8.24,6.67,99.90
533789,0.00,0.00,2,14.51,13.60,10,14.59,187,0.22,0.21,2262,0.00,1.00,3,0.5000,24.00,97,6,0.00,16,4.50,8.04,6.67,99.90
533893,0.00,0.00,2,14.51,13.60,10,14.59,187,0.21,0.21,2248,0.00,1.00,3,0.5000,24.00,97,7,0.00,16,4.50,7.84,6.67,99.90
533997,0.00,0.00,2,14.51,13.68,10,14.59,187,0.21,0.21,2233,0.00,1.00,3,0.5000,24.00,97,7,0.00,16,4.50,7.99,6.67,99.90
534102,0.00,0.00,2,14.51,13.52,10,14.59,187,0.21,0.21,2217,0.00,0.99,3,0.5000,24.00,97,8,0.00,16,4.50,7.94,6.67,99.90
534205,0.00,0.00,2,14.51,13.60,10,14.59,187,0.21,0.22,2224,0.00,0.99,3,0.5000,24.00,97,8,0.00,16,4.50,7.89,6.67,99.90
534310,0.00,0.00,2,14.51,13.52,10,14.59,187,0.22,0.22,2208,0.00,0.99,3,0.5000,24.00,97,9,0.00,16,4.64,8.04,6.27,99.90
534414,0.00,0.00,2,14.51,13.36,10,14.59,187,0.22,0.22,2195,0.00,0.99,3,0.5000,24.00,97,9,0.00,16,4.64,7.89,6.27,99.90
534518,0.00,0.00,2,14.51,13.60,10,14.58,185,0.22,0.21,2166,0.00,0.99,3,0.5000,24.00,97,10,0.00,16,4.64,7.84,6.27,99.90
534621,0.00,0.00,2,14.51,13.60,10,14.58,185,0.22,0.21,2150,0.00,0.99,3,0.5000,24.00,97,10,0.00,16,4.64,7.74,6.27,99.90
534726,0.00,0.00,2,14.51,13.60,10,14.58,185,0.21,0.21,2155,0.00,0.99,3,0.5000,24.00,97,10,0.00,16,4.64,7.55,6.27,99.90
534829,0.00,0.00,2,14.51,13.60,10,14.58,185,0.21,0.21,2140,0.00,0.99,3,0.5000,24.00,97,11,0.00,16,4.64,7.55,6.27,99.90
534934,0.00,0.00,2,14.51,13.60,10,14.58,185,0.21,0.22,2110,0.00,0.99,3,0.5000,24.00,97,11,0.00,16,4.64,7.50,6.27,99.90
535038,0.00,0.00,2,14.51,13.68,10,14.58,185,0.22,0.22,2116,0.00,0.99,3,0.5000,24.00,97,12,0.00,16,4.64,7.74,6.27,99.90
535142,0.00,0.00,2,14.51,13.68,10,14.58,185,0.22,0.22,2102,0.00,0.99,3,0.5000,24.00,97,12,0.00,16,4.64,7.55,6.27,99.90
535246,0.00,0.00,2,14.51,13.60,10,14.58,185,0.21,0.21,2070,0.00,0.99,3,0.5000,24.00,97,12,0.00,16,4.79,7.31,5.88,99.90
535350,0.00,0.00,2,14.51,13.60,10,14.58,185,0.21,0.21,2074,0.00,0.99,3,0.5000,24.00,97,13,0.00,16,4.79,7.31,5.88,99.90
535454,0.00,0.00,2,14.51,13.60,10,14.57,185,0.21,0.21,2044,0.00,0.99,3,0.5000,24.00,97,13,0.00,16,4.79,7.31,5.88,99.90
535558,0.00,0.00,2,14.51,13.68,10,14.57,185,0.21,0.21,2047,0.00,0.99,3,0.5000,24.00,97,14,0.00,16,4.79,7.26,5.88,99.90
535662,0.00,0.00,2,14.51,13.76,10,14.57,185,0.21,0.21,2019,0.00,0.99,3,0.5000,24.00,97,14,0.00,16,4.79,7.26,5.88,99.90
535766,0.00,0.00,2,14.51,13.60,10,14.57,185,0.21,0.21,2024,0.00,0.99,3,0.5000,24.00,97,14,0.00,16,4.79,7.26,5.88,99.90
535869,0.00,0.00,2,14.51,13.60,10,14.57,185,0.21,0.21,1994,0.00,0.99,3,0.5000,24.00,97,15,0.00,16,4.79,7.45,5.88,99.90
535974,0.00,0.00,2,14.51,13.60,10,14.57,185,0.22,0.22,1997,0.00,0.99,3,0.5000,24.00,97,15,0.00,16,4.93,7.26,5.88,99.90
536078,0.00,0.00,2,14.51,13.60,10,14.57,185,0.22,0.22,1970,0.00,0.99,3,0.5000,24.00,97,15,0.00,16,4.93,7.16,5.88,99.90
536182,0.00,0.00,2,14.51,13.68,10,14.57,185,0.22,0.21,1974,0.00,0.99,3,0.5000,24.00,97,16,0.00,16,4.93,7.06,5.88,99.90
536286,0.00,0.00,2,14.51,13.52,10,14.57,185,0.22,0.21,1946,0.00,0.99,3,0.5000,24.00,97,16,0.00,16,4.93,6.97,5.88,99.90
536390,0.00,0.00,2,14.51,13.60,10,14.57,185,0.22,0.22,1935,0.00,0.99,3,0.5000,24.00,97,16,0.00,16,4.93,7.06,5.88,99.90
536494,0.00,0.00,2,14.51,13.60,10,14.57,185,0.22,0.22,1938,0.00,0.99,3,0.5000,24.00,97,17,0.00,16,4.93,7.16,5.88,99.90
536598,0.00,0.00,2,14.51,13.60,10,14.57,185,0.22,0.23,1912,0.00,0.99,3,0.5000,24.00,97,17,0.00,16,4.93,7.06,5.88,99.90
536702,0.00,0.00,2,14.51,13.76,10,14.57,185,0.22,0.22,1900,0.00,0.99,3,0.5000,24.00,97,17,0.00,16,4.93,7.16,5.88,99.90
536806,0.00,0.00,2,14.51,13.52,10,14.57,185,0.22,0.23,1904,0.00,0.99,3,0.5000,24.00,97,17,0.00,16,5.08,6.92,5.88,99.90
536910,0.00,0.00,2,14.51,13.52,10,14.57,185,0.22,0.23,1893,0.00,0.99,3,0.5000,24.00,97,18,0.00,16,4.93,7.11,5.88,99.90
537014,0.00,0.00,2,14.51,13.60,10,14.57,185,0.23,0.23,1866,0.00,0.99,3,0.5000,24.00,97,18,0.00,16,5.08,7.16,5.88,99.90
537118,0.00,0.00,2,14.51,13.68,10,14.57,185,0.23,0.23,1855,0.00,0.99,3,0.5000,24.00,97,18,0.00,16,4.93,7.26,5.88,99.90
537222,0.00,0.00,2,14.51,13.68,10,14.57,185,0.23,0.24,1859,0.00,0.99,3,0.5000,24.00,97,18,0.00,16,5.08,7.31,5.88,99.90
537326,0.00,0.00,2,14.51,13.60,10,14.57,185,0.24,0.25,1850,0.00,0.99,3,0.5000,24.00,97,19,0.00,16,5.08,7.40,5.49,99.90
537430,0.00,0.00,2,14.51,13.60,10,14.57,185,0.24,0.24,1820,0.00,0.99,3,0.5000,24.00,97,19,0.00,16,4.93,7.26,5.88,99.90
537534,0.00,0.00,2,14.51,13.52,10,14.57,185,0.24,0.25,1810,0.00,0.99,3,0.5000,24.00,97,19,0.00,16,5.08,7.16,5.49,99.90
537638,0.00,0.00,2,14.51,13.68,10,14.57,185,0.24,0.23,1797,0.00,0.99,3,0.5000,23.50,97,20,0.00,16,4.93,6.92,5.49,99.90
537742,0.00,0.00,2,14.51,13.36,10,14.57,185,0.24,0.24,1784,0.00,0.99,3,0.5000,23.50,97,20,0.00,16,5.08,7.11,5.49,99.90
537846,0.00,0.00,2,14.51,13.76,10,14.57,185,0.23,0.23,1789,0.00,0.99,3,0.5000,23.50,97,20,0.00,16,4.93,6.87,5.49,99.90
537950,0.00,0.00,2,14.51,13.60,10,14.57,185,0.24,0.24,1775,0.00,0.99,3,0.5000,23.00,97,20,0.00,16,5.08,7.06,5.49,99.90
538054,0.00,0.00,2,14.51,13.60,10,14.57,185,0.24,0.23,1766,0.00,0.99,3,0.5000,23.00,97,21,0.00,16,4.93,6.97,5.49,99.90
538159,0.00,0.00,2,14.51,13.68,10,14.57,185,0.24,0.24,1755,0.00,0.99,3,0.5000,22.50,97,21,0.00,16,5.08,7.06,5.49,99.90
538262,0.00,0.00,2,14.51,13.68,10,14.57,185,0.24,0.24,1743,0.00,0.99,3,0.5000,22.50,97,21,0.00,16,5.08,7.02,5.49,99.90
538366,0.00,0.00,2,14.51,13.44,10,14.57,185,0.24,0.24,1730,0.00,0.99,3,0.5000,22.00,97,21,0.00,16,5.08,7.02,5.49,99.90
538470,0.00,0.00,2,14.51,13.60,10,14.57,185,0.24,0.24,1722,0.00,0.99,3,0.5000,22.00,97,21,0.00,16,5.08,6.87,5.10,99.90
538573,0.00,0.00,2,14.51,13.52,10,14.57,185,0.24,0.24,1708,0.00,0.99,3,0.5000,22.00,97,17,0.00,16,5.08,6.87,5.49,99.90
538678,0.00,0.00,2,14.51,13.68,10,14.57,185,0.24,0.24,1700,0.00,0.99,3,0.5000,21.50,97,12,0.00,16,4.93,6.87,5.49,99.90
538782,0.00,0.00,2,14.51,13.68,10,14.57,185,0.25,0.25,1685,0.00,0.99,3,0.5000,21.50,97,5,0.00,16,4.93,6.97,5.10,99.90
538886,0.00,0.00,2,14.51,13.60,10,14.57,185,0.24,0.24,1662,0.00,0.99,3,0.5000,21.00,97,1,0.00,16,4.93,6.68,5.10,99.90
538990,0.00,0.00,2,14.51,13.60,10,14.57,185,0.24,0.24,1652,0.00,0.99,3,0.5000,21.50,97,0,0.00,16,4.79,6.73,5.10,99.90
539094,0.00,0.00,2,14.51,13.68,10,14.57,185,0.25,0.26,1640,0.00,0.99,3,0.5000,21.00,97,0,0.00,16,4.93,6.87,5.10,99.90
539198,0.00,0.00,2,14.51,13.68,10,14.57,185,0.25,0.25,1630,0.00,0.99,3,0.5000,21.00,97,0,0.00,16,4.79,6.97,5.10,99.90
539302,0.00,0.00,2,14.51,13.68,10,14.57,185,0.25,0.25,1634,0.00,0.99,3,0.5000,20.50,97,0,0.00,16,4.93,6.78,5.10,99.90
539406,0.00,0.00,2,14.51,13.68,10,14.57,185,0.25,0.25,1623,0.00,0.99,3,0.5000,20.00,97,0,0.00,16,4.93,6.68,5.10,99.90
539510,0.00,0.00,2,14.51,13.52,10,14.58,185,0.25,0.25,1599,0.00,0.99,3,0.5000,20.00,97,0,0.00,16,4.93,6.68,5.10,99.90
539615,0.00,0.00,2,14.51,13.68,10,14.58,185,0.25,0.26,1586,0.00,0.99,3,0.5000,20.00,97,0,0.00,16,4.93,6.87,5.10,99.90
539719,0.00,0.00,2,14.51,13.60,10,14.58,185,0.25,0.25,1590,0.00,0.99,3,0.5000,20.00,97,0,0.00,16,4.93,6.49,5.10,99.90
539822,0.00,0.00,2,14.51,13.68,10,14.58,185,0.25,0.25,1580,0.00,0.99,3,0.5000,19.50,97,0,0.00,16,4.93,6.58,5.10,99.90
539926,0.00,0.00,2,14.51,13.60,10,14.58,185,0.25,0.26,1557,0.00,0.99,3,0.5000,19.50,97,0,0.00,16,5.08,6.58,5.10,99.90
540030,0.00,0.00,2,14.51,13.60,10,14.58,185,0.25,0.25,1542,0.00,0.99,3,0.5000,19.50,97,0,0.00,16,5.08,6.54,5.10,99.90
540133,0.00,0.00,2,14.51,13.60,10,14.58,185,0.25,0.25,1541,0.00,0.99,3,0.5000,19.00,97,0,0.00,16,5.08,6.68,5.10,99.90
540238,0.00,0.00,2,14.51,13.68,10,14.58,185,0.25,0.26,1515,0.00,0.99,3,0.5000,19.50,97,0,0.00,16,5.08,6.44,5.10,99.90
540342,0.00,0.00,2,14.51,13.52,10,14.58,185,0.25,0.25,1498,0.00,0.99,3,0.5000,19.00,97,0,0.00,16,5.08,6.29,5.10,99.90
540447,0.00,0.00,2,14.51,13.52,10,14.58,185,0.25,0.25,1493,0.00,0.99,3,0.5000,19.00,97,0,0.00,16,5.08,6.39,4.71,99.90
540550,0.00,0.00,2,14.51,13.60,10,14.58,185,0.25,0.25,1487,0.00,0.99,3,0.5000,19.50,97,0,0.00,16,5.08,5.98,4.71,99.90
540654,0.00,0.00,2,14.51,13.60,10,14.58,185,0.24,0.22,1597,0.00,0.99,3,0.5000,23.00,97,0,0.00,16,4.79,6.10,4.71,99.90
540757,0.00,0.00,2,14.51,13.68,10,14.57,185,0.22,0.20,1814,0.00,0.99,3,0.5000,24.00,97,0,0.00,16,4.64,6.08,5.49,99.90
540862,0.00,0.00,2,14.51,13.60,10,14.58,185,0.20,0.19,2031,0.00,0.99,3,0.5000,24.00,97,0,0.00,16,4.50,6.82,5.88,99.90
540966,0.00,0.00,2,14.51,13.68,10,14.59,185,0.19,0.19,2231,0.00,1.00,3,0.5000,24.00,97,0,0.00,16,4.35,7.26,6.27,99.90
541070,0.00,0.00,2,14.51,13.60,10,14.60,185,0.19,0.19,2328,0.00,1.00,3,0.5000,24.00,97,0,0.00,16,4.21,7.69,6.67,99.90
541174,0.00,0.00,2,14.51,13.68,10,14.60,185,0.20,0.20,2344,0.00,1.00,3,0.5000,24.00,97,0,0.00,16,4.21,8.04,6.67,99.90
541278,0.00,0.00,2,14.51,13.60,10,14.60,185,0.20,0.20,2338,0.00,1.00,3,0.5000,24.00,97,0,0.00,16,4.21,8.04,6.67,99.90
541382,0.00,0.00,2,14.51,13.60,10,14.60,185,0.21,0.21,2329,0.00,1.00,2,0.5000,24.00,97,0,0.00,16,4.21,7.99,6.67,99.90
541486,0.00,0.00,2,14.51,13.60,10,14.60,185,0.21,0.21,2315,0.00,1.00,2,0.5000,24.00,97,0,0.00,16,4.35,8.04,6.67,99.90
541590,0.00,0.00,2,14.51,13.60,10,14.60,185,0.21,0.21,2298,0.00,1.00,2,0.5000,24.00,97,0,0.00,16,4.35,8.04,6.67,99.90
541694,0.00,0.00,2,14.51,13.60,10,14.60,185,0.21,0.21,2280,0.00,1.00,2,0.5000,24.00,97,0,0.00,16,4.35,7.84,6.67,99.90
541798,0.00,0.00,2,14.51,13.60,10,14.60,185,0.21,0.21,2263,0.00,1.00,2,0.5000,24.00,97,0,0.00,16,4.35,7.94,6.67,99.90
541903,0.00,0.00,2,14.51,13.60,10,14.59,185,0.21,0.21,2246,0.00,1.00,2,0.5000,24.00,97,0,0.00,16,4.35,7.69,6.67,99.90
542007,0.00,0.00,2,14.51,13.68,10,14.59,185,0.21,0.21,2228,0.00,1.00,2,0.5000,24.00,97,0,0.00,16,4.35,7.64,6.27,99.90
542111,0.00,0.00,2,14.51,13.60,10,14.59,185,0.20,0.20,2229,0.00,1.00,2,0.5000,24.00,97,0,0.00,16,4.35,7.50,6.27,99.90
542215,0.00,0.00,2,14.51,13.68,10,14.59,185,0.21,0.21,2206,0.00,0.99,2,0.5000,24.00,97,0,0.00,16,4.35,7.69,6.27,99.90
542318,0.00,0.00,2,14.51,13.76,10,14.59,185,0.21,0.21,2186,0.00,0.99,2,0.5000,24.00,97,0,0.00,16,4.35,7.55,6.27,99.90
542423,0.00,0.00,2,14.51,13.52,10,14.59,185,0.21,0.20,2149,0.00,0.99,2,0.5000,24.50,97,0,0.00,16,4.35,7.21,6.27,99.90
542527,0.00,0.00,2,14.51,13.60,10,14.59,185,0.20,0.21,2152,0.00,0.97,2,0.5000,29.00,97,0,0.00,16,4.64,7.26,7.45,99.90
542631,0.00,0.00,2,14.51,13.60,10,14.58,185,0.22,0.23,2164,0.00,0.97,2,0.5000,33.00,97,0,0.00,16,4.79,8.50,7.45,99.90
542735,0.00,0.00,2,14.51,13.68,10,14.59,185,0.22,0.22,2222,0.00,0.97,2,0.5000,34.50,97,0,0.00,16,4.79,8.45,7.45,96.00
542839,0.00,0.00,2,14.51,13.68,10,14.59,185,0.23,0.23,2209,0.00,0.97,2,0.5000,34.50,97,0,0.00,16,4.93,8.65,7.45,58.90
542943,0.00,0.00,2,14.51,13.68,10,14.59,185,0.23,0.24,2194,0.00,0.97,2,0.5000,34.50,97,0,0.00,16,4.93,8.75,7.45,26.00
543047,0.00,0.00,2,14.51,13.52,10,14.59,185,0.24,0.24,2196,0.00,0.97,2,0.5000,34.50,97,0,0.00,16,4.93,8.70,7.45,21.40
543151,0.00,0.00,2,14.51,13.60,10,14.59,185,0.24,0.24,2208,0.00,0.97,2,0.5000,34.50,97,0,0.00,16,4.93,8.65,7.45,19.70
543255,0.00,0.00,2,14.51,13.68,10,14.58,185,0.24,0.24,2210,0.00,0.97,2,0.5000,34.50,97,0,0.00,16,4.93,8.65,7.45,18.40
543359,0.00,0.00,2,14.51,13.68,10,14.58,185,0.24,0.23,2172,0.00,0.97,2,0.5000,34.50,97,0,0.00,16,4.79,8.24,6.67,17.40
543463,0.00,0.00,2,14.51,13.60,8,14.58,183,0.22,0.21,2167,0.00,0.99,2,0.5000,34.00,97,0,0.00,16,4.50,7.64,6.67,16.80
543567,0.78,0.00,2,14.51,13.60,8,14.58,183,0.21,0.21,2170,0.00,0.99,2,0.5000,34.00,97,0,0.00,16,4.50,7.50,6.67,16.40
543671,0.00,0.00,2,14.51,13.52,8,14.58,183,0.21,0.21,2147,0.00,0.99,2,0.5000,34.00,97,1,0.00,16,4.50,7.45,6.67,16.10
543775,-0.78,0.00,2,14.51,13.60,8,14.58,183,0.21,0.21,2126,0.00,0.99,2,0.5000,34.00,97,1,0.00,16,4.64,7.55,6.67,15.10
543879,-0.78,0.00,2,14.51,13.60,8,14.58,183,0.21,0.22,2106,0.00,0.99,2,0.5000,34.00,97,1,0.00,16,4.64,7.67,6.67,14.40
543983,-0.78,0.00,2,14.51,13.60,8,14.58,183,0.22,0.22,2115,0.00,0.99,2,0.5000,34.00,97,1,0.00,16,4.79,7.92,7.84,14.50
544087,0.00,0.00,2,14.51,13.52,8,14.58,183,0.24,0.26,2090,0.00,0.99,2,0.5000,34.00,97,1,0.00,16,5.80,9.53,10.59,14.50
544191,1.56,0.00,3,14.51,13.52,8,14.58,183,0.28,0.32,2144,0.00,0.89,2,0.5000,35.50,97,1,0.00,16,6.67,11.73,11.37,14.80
544295,2.34,0.00,3,14.51,13.52,8,14.57,183,0.33,0.36,2194,0.00,0.89,2,0.5000,37.00,97,1,0.00,16,7.40,13.35,11.76,14.80
544399,8.59,0.78,3,14.51,13.04,8,14.58,183,0.35,0.36,2216,0.00,0.98,2,0.5000,38.00,97,2,0.00,16,7.84,13.99,13.33,15.50
544503,14.84,0.78,3,14.51,13.60,8,14.58,183,0.39,0.41,2194,0.00,0.91,2,0.5000,39.00,97,2,0.00,16,8.56,15.88,13.73,15.50
544607,21.88,0.78,3,14.51,13.52,8,14.59,183,0.42,0.43,2238,0.00,1.00,2,0.5000,40.00,97,2,0.00,16,9.00,16.48,14.12,16.30
544711,23.44,0.78,3,14.51,13.36,8,14.59,183,0.44,0.45,2261,0.00,1.01,2,0.5000,40.50,97,2,0.00,16,9.29,17.30,14.90,15.80
544816,25.00,0.78,3,14.51,13.60,8,14.59,183,0.46,0.47,2271,0.00,1.01,2,0.5000,41.50,97,3,0.00,16,9.72,18.29,15.69,15.50
544919,25.00,3.12,3,14.51,13.60,8,14.59,183,0.49,0.50,2255,0.00,1.01,2,0.5000,42.50,97,3,0.00,16,10.01,19.41,16.08,15.30
545023,24.22,3.12,3,14.51,13.52,8,14.59,183,0.51,0.53,2284,0.00,1.02,2,0.5000,43.00,97,3,0.00,16,10.16,20.29,16.08,15.30
545127,24.22,3.12,3,14.51,13.44,8,14.58,183,0.52,0.54,2307,0.00,1.02,2,0.5000,43.50,97,3,0.00,16,10.16,20.73,16.08,14.50
545231,23.44,3.12,3,14.51,13.52,8,14.58,183,0.53,0.55,2326,0.00,1.02,2,0.5000,43.50,97,4,0.00,16,10.30,20.63,16.08,14.30
545335,21.88,3.12,3,14.51,13.60,8,14.58,183,0.54,0.54,2333,0.00,1.02,2,0.5000,43.50,97,4,0.00,16,10.30,21.17,16.08,14.10
545440,21.09,3.12,3,14.51,13.52,8,14.58,183,0.54,0.55,2337,0.00,1.02,2,0.5000,44.00,97,5,0.00,16,10.30,21.39,16.08,14.20
545543,20.31,3.12,3,14.51,13.52,8,14.58,183,0.55,0.56,2340,0.00,1.03,2,0.5000,44.00,97,5,0.00,16,10.30,21.51,16.08,14.20
545647,18.75,3.12,3,14.51,13.52,8,14.58,183,0.55,0.55,2344,0.00,1.03,2,0.5000,44.00,97,6,0.00,16,10.45,22.05,16.47,14.10
545751,18.75,3.12,3,14.51,13.44,8,14.58,183,0.56,0.57,2358,0.00,1.03,2,0.5000,43.50,97,6,0.00,16,10.45,22.76,16.47,14.20
545855,18.75,3.12,3,14.51,13.60,8,14.58,183,0.57,0.58,2391,0.00,1.03,2,0.5000,43.50,97,7,0.00,16,10.45,22.88,16.47,14.30
545959,17.97,3.12,3,14.51,13.60,8,14.58,183,0.57,0.58,2397,0.00,1.03,2,0.5000,43.00,97,7,0.00,16,10.30,23.00,16.47,14.40
546063,17.19,3.12,3,14.51,13.52,8,14.58,183,0.58,0.58,2403,0.00,1.03,2,0.5000,43.00,97,8,0.00,16,10.45,22.76,16.86,14.20
546167,16.41,3.12,3,14.51,13.60,8,14.58,183,0.59,0.60,2393,0.00,1.03,2,0.5000,42.50,97,8,0.00,16,10.74,24.19,17.65,14.30
546271,17.19,3.12,3,14.51,13.52,8,14.57,183,0.60,0.61,2408,0.00,1.03,2,0.5000,42.00,97,9,0.00,16,10.88,25.25,17.65,14.30
546375,17.19,3.12,3,14.51,13.68,8,14.57,183,0.61,0.62,2428,0.00,1.03,2,0.5000,41.50,95,9,0.00,16,10.88,25.36,18.04,14.50
546479,16.41,3.12,3,14.51,13.60,8,14.56,183,0.62,0.62,2468,0.00,1.02,2,0.5000,41.50,95,10,0.00,16,11.03,25.82,18.04,14.40
546583,15.62,3.12,3,14.51,13.60,8,14.56,183,0.63,0.63,2480,0.00,1.02,2,0.5000,41.50,95,11,0.00,16,11.03,26.18,18.04,14.30
546688,14.06,3.12,3,14.51,13.52,8,14.55,183,0.63,0.63,2474,0.00,1.02,2,0.5000,41.50,95,11,0.00,16,11.03,26.06,18.04,14.30
546791,12.50,3.12,3,14.51,13.52,8,14.55,183,0.63,0.62,2505,0.00,1.02,2,0.5000,41.00,95,11,0.00,16,11.03,26.89,18.04,14.10
546895,11.72,3.12,3,14.51,13.68,8,14.55,183,0.64,0.64,2516,0.00,1.02,2,0.5000,41.00,95,12,0.00,16,11.03,26.76,18.43,14.00
547000,10.94,3.12,3,14.51,13.44,8,14.54,183,0.64,0.63,2511,0.00,1.02,2,0.5000,41.00,95,13,0.00,16,11.03,27.00,18.04,14.10
547103,9.38,3.12,3,14.51,13.60,8,14.54,183,0.64,0.65,2544,0.00,1.02,2,0.5000,41.00,95,13,0.00,16,11.03,26.88,18.04,14.10
547207,8.59,3.12,3,14.51,13.60,8,14.53,183,0.64,0.65,2538,0.00,1.02,2,0.5000,41.00,95,14,0.00,16,11.03,27.48,18.04,14.00
547311,7.03,3.12,3,14.51,13.52,8,14.53,183,0.64,0.64,2545,0.00,1.02,2,0.5000,41.00,95,14,0.00,16,10.88,27.00,18.04,14.20
547415,6.25,3.12,3,14.51,12.72,8,14.53,183,0.64,0.65,2574,0.00,1.02,2,0.5000,41.00,95,15,0.00,16,10.88,27.36,18.04,14.10
547519,5.47,3.12,3,14.51,12.88,8,14.53,183,0.64,0.64,2564,0.00,1.02,2,0.5000,41.00,95,15,0.00,16,11.03,28.19,18.04,14.30
547623,4.69,3.12,3,14.51,13.60,8,14.53,183,0.66,0.68,2592,0.00,1.02,2,0.5000,40.50,95,16,0.00,16,11.03,28.31,18.43,14.40
547727,3.91,3.12,3,14.51,13.52,8,14.52,183,0.65,0.64,2582,0.00,1.02,2,0.5000,40.50,95,17,0.00,16,11.03,28.30,18.43,14.10
547831,3.12,3.12,3,14.51,13.60,8,14.52,183,0.65,0.66,2617,0.00,1.02,2,0.5000,40.50,95,17,0.00,16,11.03,28.18,18.04,14.20
547935,2.34,3.12,3,14.51,13.52,8,14.52,183,0.65,0.64,2609,0.00,1.02,2,0.5000,40.50,95,17,0.00,16,11.03,28.66,18.04,14.30
548039,1.56,3.12,3,14.51,13.44,8,14.51,183,0.65,0.65,2638,0.00,1.02,2,0.5000,41.00,95,18,0.00,16,10.88,28.29,18.04,14.30
548143,1.56,3.12,3,14.51,13.52,8,14.51,183,0.65,0.65,2627,0.00,1.02,2,0.5000,41.00,95,19,0.00,16,10.88,28.66,18.04,14.30
548247,1.56,3.12,3,14.51,13.44,8,14.51,183,0.65,0.65,2642,0.00,1.02,2,0.5000,41.00,95,19,0.00,16,11.03,28.66,18.04,14.40
548351,0.78,3.12,3,14.51,13.60,8,14.51,183,0.65,0.65,2674,0.00,1.02,2,0.5000,41.00,95,19,0.00,16,10.88,28.66,18.04,14.30
548455,0.78,3.12,3,14.51,13.52,8,14.50,183,0.65,0.65,2662,0.00,1.02,2,0.5000,41.00,95,20,0.00,16,10.88,28.90,18.04,14.30
548559,0.00,3.12,3,14.51,13.52,8,14.50,183,0.65,0.68,2694,0.00,1.02,2,0.5000,40.50,93,20,0.00,16,10.88,29.14,18.04,14.40
548663,-0.78,3.12,3,14.51,13.52,8,14.50,183,0.65,0.65,2708,0.00,1.02,2,0.5000,41.00,93,21,0.00,16,11.03,29.12,18.04,14.30
548767,-1.56,3.12,3,14.51,13.52,8,14.49,183,0.65,0.63,2700,0.00,1.02,2,0.5000,41.00,93,21,0.00,16,10.88,29.12,18.04,14.20
548872,-2.34,3.12,3,14.51,13.60,8,14.49,183,0.64,0.65,2708,0.00,1.02,2,0.5000,41.00,93,22,0.00,16,10.88,29.36,18.04,14.20
548975,-2.34,3.12,3,14.51,13.60,8,14.50,183,0.65,0.64,2738,0.00,1.02,2,0.5000,41.00,93,22,0.00,16,10.88,30.08,18.04,14.40
549079,-2.34,3.12,3,14.51,13.44,8,14.49,183,0.64,0.64,2732,0.00,1.02,2,0.5000,41.00,93,23,0.00,16,10.88,29.84,18.04,14.40
549184,-3.12,3.12,3,14.51,13.52,8,14.48,183,0.64,0.64,2750,0.00,1.02,2,0.5000,41.00,93,22,0.00,16,10.88,29.60,18.04,14.30
549287,-3.12,3.12,3,14.51,13.44,8,14.49,183,0.64,0.63,2757,0.00,1.02,2,0.5000,41.50,93,23,0.00,16,10.88,29.59,18.04,14.30
549392,-3.12,3.12,3,14.51,13.60,8,14.49,183,0.64,0.64,2790,0.00,1.02,2,0.5000,41.00,93,22,0.00,16,10.88,30.34,18.04,14.40
549496,-3.91,3.12,3,14.51,13.60,8,14.48,183,0.65,0.65,2803,0.00,1.02,2,0.5000,41.00,93,21,0.00,16,10.88,30.59,18.43,14.40
549600,-4.69,3.12,3,14.51,13.52,8,14.48,183,0.64,0.63,2815,0.00,1.02,2,0.5000,41.50,93,18,0.00,16,10.74,29.62,18.04,14.20
549704,-4.69,3.12,3,14.51,13.44,8,14.48,183,0.64,0.64,2802,0.00,1.02,2,0.5000,41.00,93,15,0.00,16,10.74,30.59,18.04,14.20
549808,-3.91,3.12,3,14.51,13.44,8,14.48,183,0.64,0.64,2814,0.00,1.02,2,0.5000,41.00,93,12,0.00,16,10.74,29.62,18.04,14.50
549912,-4.69,3.12,3,14.51,13.52,8,14.48,183,0.65,0.65,2832,0.00,1.02,2,0.5000,41.00,93,7,0.00,16,10.74,30.23,18.04,14.30
550016,-4.69,3.12,3,14.51,13.52,8,14.49,183,0.63,0.62,2846,0.00,1.02,2,0.5000,41.50,93,5,0.00,16,10.59,30.35,18.43,14.30
550119,-3.91,3.12,3,14.51,13.52,8,14.49,183,0.63,0.63,2859,0.00,1.02,2,0.5000,41.50,93,4,0.00,16,10.74,29.99,18.43,14.40
550224,-3.91,3.12,3,14.51,13.52,8,14.49,183,0.64,0.64,2869,0.00,1.02,2,0.5000,41.50,93,3,0.00,16,10.59,30.84,18.43,14.50
550328,-3.91,3.12,3,14.51,13.44,8,14.50,183,0.63,0.62,2884,0.00,1.02,2,0.5000,41.50,93,2,0.00,16,10.59,29.75,18.43,14.40
550432,-3.12,3.12,3,14.51,13.52,8,14.50,183,0.63,0.63,2896,0.00,1.02,2,0.5000,41.50,93,2,0.00,16,10.59,30.60,18.04,14.50
550536,-3.12,3.12,3,14.51,13.52,8,14.50,183,0.62,0.62,2900,0.00,1.02,2,0.5000,42.00,93,1,0.00,16,10.45,30.12,17.65,14.50
550640,-3.12,3.12,3,14.51,13.52,8,14.51,183,0.62,0.62,2910,0.00,1.02,2,0.5000,42.00,93,1,0.00,16,10.45,30.12,17.65,14.40
550744,-3.91,3.12,3,14.51,13.44,8,14.51,183,0.62,0.61,2922,0.00,1.02,2,0.5000,42.00,93,1,0.00,16,10.45,30.36,18.04,14.40
550848,-3.12,3.12,3,14.51,13.52,8,14.51,183,0.62,0.61,2932,0.00,1.02,2,0.5000,42.00,93,1,0.00,16,10.45,30.37,18.04,14.50
550952,-3.12,3.12,3,14.51,13.60,8,14.51,183,0.61,0.60,2964,0.00,1.02,2,0.5000,42.00,93,1,0.00,16,10.45,30.00,18.04,14.50
551056,-3.12,3.12,3,14.51,13.52,8,14.51,183,0.61,0.61,2976,0.00,1.02,2,0.5000,42.50,93,1,0.00,16,10.45,29.76,18.04,14.50
551159,-2.34,3.12,3,14.51,13.36,8,14.52,183,0.61,0.61,2987,0.00,1.02,2,0.5000,42.50,93,1,0.00,16,10.45,30.13,17.65,14.50
551264,-1.56,3.12,3,14.51,13.52,8,14.52,183,0.60,0.60,2994,0.00,1.02,2,0.5000,42.50,93,1,0.00,16,10.30,30.25,17.65,14.60
551367,-1.56,3.12,3,14.51,13.52,8,14.52,183,0.60,0.59,2990,0.00,1.03,2,0.5000,42.50,93,2,0.00,16,10.30,29.89,17.65,14.50
551472,-0.78,3.12,3,14.51,13.52,8,14.52,183,0.60,0.61,3000,0.00,1.02,2,0.5000,42.50,93,2,0.00,16,10.30,30.50,17.65,14.40
551576,-1.56,3.12,3,14.51,13.52,8,14.52,183,0.60,0.60,3030,0.00,1.03,2,0.5000,42.50,93,2,0.00,16,10.16,29.65,17.65,14.50
551680,-1.56,3.12,3,14.51,13.60,8,14.53,183,0.59,0.59,3036,0.00,1.03,2,0.5000,43.00,95,3,0.00,16,10.01,29.42,17.25,14.40
551784,-2.34,3.12,3,14.51,13.52,8,14.53,183,0.58,0.57,3024,0.00,1.03,2,0.5000,43.00,95,3,0.00,16,10.01,29.18,17.65,14.40
551887,-1.56,3.12,3,14.51,13.60,8,14.53,183,0.59,0.59,3034,0.00,1.03,2,0.5000,43.00,95,3,0.00,16,10.01,30.15,17.65,14.50
551992,-1.56,3.12,3,14.51,13.44,8,14.53,183,0.59,0.60,3066,0.00,1.03,2,0.5000,43.00,95,4,0.00,16,10.01,29.78,17.25,14.30
552096,-1.56,3.12,3,14.51,13.52,8,14.54,183,0.58,0.57,3074,0.00,1.03,2,0.5000,43.50,95,4,0.00,16,10.01,29.19,17.25,14.50
552200,-1.56,3.12,3,14.51,13.60,8,14.54,183,0.57,0.56,3060,0.00,1.03,2,0.5000,43.50,95,5,0.00,16,9.72,29.20,16.86,14.40
552304,-1.56,3.12,3,14.51,13.44,8,14.54,183,0.57,0.57,3092,0.00,1.03,2,0.5000,43.50,95,6,0.00,16,9.72,28.84,16.86,14.40
552408,-2.34,3.12,3,14.51,13.52,8,14.55,183,0.56,0.56,3100,0.00,1.03,2,0.5000,44.00,95,6,0.00,16,9.72,28.24,17.25,14.40
552512,-1.56,3.12,3,14.51,13.60,8,14.55,183,0.56,0.56,3080,0.00,1.03,2,0.5000,44.00,95,7,0.00,16,9.72,28.85,17.25,14.60
552616,-0.78,3.12,3,14.51,13.44,8,14.55,183,0.56,0.56,3113,0.00,1.03,2,0.5000,44.00,95,8,0.00,16,9.72,28.73,16.86,14.50
552720,-0.78,3.12,3,14.51,13.52,8,14.55,183,0.55,0.55,3098,0.00,1.03,2,0.5000,44.00,95,9,0.00,16,9.72,28.73,16.86,14.60
552824,-0.78,3.12,3,14.51,13.44,8,14.55,183,0.55,0.55,3106,0.00,1.03,2,0.5000,44.00,95,10,0.00,16,9.58,28.14,16.47,14.50
552928,-1.56,3.12,3,14.51,13.52,8,14.56,183,0.54,0.54,3138,0.00,1.03,2,0.5000,44.00,95,11,0.00,16,9.29,27.67,15.69,14.40
553032,-3.12,3.12,3,14.51,13.52,8,14.56,183,0.52,0.51,3111,0.00,1.04,2,0.5000,43.50,95,11,0.00,16,9.00,26.27,15.69,14.20
553136,-4.69,3.12,3,14.51,13.52,8,14.58,183,0.50,0.50,3138,0.00,1.04,2,0.5000,43.50,95,12,0.00,16,8.85,25.69,15.69,14.00
553239,-4.69,3.12,3,14.51,13.52,8,14.58,183,0.50,0.49,3114,0.00,1.04,2,0.5000,43.00,95,13,0.00,16,8.85,25.80,15.69,14.40
553344,-3.91,3.12,3,14.51,13.52,8,14.58,183,0.49,0.48,3144,0.00,1.04,2,0.5000,43.00,95,14,0.00,16,8.85,25.69,15.69,14.40
553448,-2.34,3.12,3,14.51,13.52,8,14.58,183,0.49,0.49,3148,0.00,1.04,2,0.5000,43.00,95,14,0.00,16,8.85,25.46,15.69,15.00
553552,-1.56,3.12,3,14.51,13.52,8,14.58,183,0.49,0.48,3130,0.00,1.04,2,0.5000,43.00,95,15,0.00,16,8.71,25.46,15.69,14.80
553656,-0.78,3.12,3,14.51,13.52,8,14.58,183,0.48,0.48,3155,0.00,1.04,2,0.5000,43.00,95,16,0.00,16,8.71,25.69,15.69,14.70
553760,-0.78,3.12,3,14.51,13.60,8,14.58,183,0.48,0.48,3136,0.00,1.04,2,0.5000,43.00,95,17,0.00,16,8.71,24.98,15.69,14.60
553863,0.00,3.12,3,14.51,13.52,8,14.58,183,0.49,0.49,3169,0.00,1.04,2,0.5000,43.00,95,17,0.00,16,8.71,25.69,15.69,14.50
553968,-0.78,3.12,3,14.51,13.60,8,14.57,183,0.48,0.48,3148,0.00,1.04,2,0.5000,43.00,95,17,0.00,16,8.71,25.11,15.69,14.40
554072,-0.78,3.12,3,14.51,13.60,8,14.58,183,0.48,0.48,3173,0.00,1.04,2,0.5000,43.00,97,18,0.00,16,8.71,25.11,15.69,14.40
554176,-0.78,3.12,3,14.51,13.60,8,14.57,183,0.48,0.48,3156,0.00,1.04,2,0.5000,43.00,97,19,0.00,16,8.71,25.23,15.69,14.40
554280,0.00,3.12,3,14.51,13.60,8,14.58,183,0.47,0.47,3185,0.00,1.04,2,0.5000,43.00,97,19,0.00,16,8.71,24.99,15.69,14.50
554384,0.00,3.12,3,14.51,13.52,8,14.57,183,0.47,0.47,3165,0.00,1.04,2,0.5000,43.00,97,19,0.00,16,8.71,25.11,15.69,14.40
554488,0.00,3.12,3,14.51,13.68,8,14.57,183,0.47,0.47,3191,0.00,1.04,2,0.5000,43.00,97,19,0.00,16,8.71,24.64,15.69,14.50
554592,0.78,3.12,3,14.51,13.60,8,14.57,183,0.47,0.47,3172,0.00,1.04,2,0.5000,43.00,97,19,0.00,16,8.71,24.99,15.69,14.60
554696,1.56,3.12,3,14.51,13.52,8,14.57,183,0.47,0.47,3196,0.00,1.04,2,0.5000,43.00,97,18,0.00,16,8.71,24.53,15.69,14.40
554800,1.56,3.12,3,14.51,13.52,8,14.57,183,0.47,0.46,3181,0.00,1.04,2,0.5000,43.00,97,16,0.00,16,8.56,24.88,15.69,14.50
554904,1.56,3.12,3,14.51,13.52,8,14.57,183,0.47,0.47,3209,0.00,1.04,2,0.5000,43.00,97,14,0.00,16,8.56,25.00,15.69,14.50
555008,1.56,3.12,3,14.51,13.60,8,14.57,183,0.46,0.46,3188,0.00,1.04,2,0.5000,43.00,97,11,0.00,16,8.56,24.88,15.69,14.40
555112,1.56,3.12,3,14.51,13.52,8,14.57,183,0.47,0.47,3216,0.00,1.04,2,0.5000,43.00,97,9,0.00,16,8.56,25.23,15.69,14.50
555216,1.56,3.12,3,14.51,13.52,8,14.57,183,0.47,0.47,3192,0.00,1.04,2,0.5000,43.00,97,7,0.00,16,8.56,25.12,15.69,14.50
555320,1.56,3.12,3,14.51,13.44,8,14.57,183,0.47,0.47,3204,0.00,1.04,2,0.5000,43.00,97,6,0.00,16,8.56,25.59,15.69,14.30
555424,2.34,3.12,3,14.51,13.52,8,14.57,183,0.47,0.47,3230,0.00,1.04,2,0.5000,43.00,97,5,0.00,16,8.56,25.00,15.69,14.70
555528,2.34,3.12,3,14.51,13.60,8,14.57,183,0.47,0.46,3212,0.00,1.04,2,0.5000,43.00,97,5,0.00,16,8.56,25.24,15.69,14.50
555632,1.56,3.12,3,14.51,13.52,8,14.57,183,0.47,0.47,3240,0.00,1.04,2,0.5000,43.00,97,4,0.00,16,8.56,25.47,15.69,14.30
555737,2.34,3.12,3,14.51,13.52,8,14.57,183,0.47,0.47,3220,0.00,1.04,2,0.5000,43.00,97,4,0.00,16,8.56,25.59,15.69,14.40
555840,2.34,3.12,3,14.51,13.44,8,14.57,183,0.47,0.47,3248,0.00,1.04,2,0.5000,43.00,97,3,0.00,16,8.56,25.47,15.69,14.50
555944,1.56,3.12,3,14.51,13.44,8,14.57,183,0.47,0.48,3249,0.00,1.04,2,0.5000,43.00,97,4,0.00,16,8.56,25.82,15.69,14.30
556048,0.78,3.12,3,14.51,13.68,8,14.57,183,0.47,0.46,3226,0.00,1.04,2,0.5000,43.00,97,4,0.00,16,8.71,25.47,15.69,14.40
556152,1.56,3.12,3,14.51,13.60,8,14.57,183,0.47,0.47,3251,0.00,1.04,2,0.5000,43.00,97,3,0.00,16,8.56,25.24,15.69,14.50
556256,2.34,3.12,3,14.51,13.52,8,14.57,183,0.47,0.47,3229,0.00,1.04,2,0.5000,43.00,97,4,0.00,16,8.56,25.00,15.69,14.40
556360,2.34,3.12,3,14.51,13.44,8,14.57,183,0.47,0.46,3232,0.00,1.04,2,0.5000,43.00,97,4,0.00,16,8.56,25.12,15.69,14.50
556464,1.56,3.12,3,14.51,13.52,8,14.57,183,0.47,0.48,3256,0.00,1.04,2,0.5000,43.00,97,4,0.00,16,8.56,25.48,15.69,14.50
556569,2.34,3.12,3,14.51,13.60,8,14.57,183,0.47,0.47,3233,0.00,1.04,2,0.5000,43.00,97,5,0.00,16,8.56,25.47,15.69,14.40
556672,2.34,3.12,3,14.51,13.52,8,14.57,183,0.47,0.47,3264,0.00,1.04,2,0.5000,43.00,97,5,0.00,16,8.56,25.12,15.69,14.40
556776,2.34,3.12,3,14.51,13.60,8,14.57,183,0.47,0.47,3267,0.00,1.04,2,0.5000,43.00,99,5,0.00,16,8.56,25.24,15.69,14.50
556880,3.12,3.12,3,14.51,13.52,8,14.56,183,0.47,0.47,3248,0.00,1.04,2,0.5000,43.00,99,5,0.00,16,8.56,25.59,15.69,14.70
556984,2.34,3.12,3,14.51,13.52,8,14.57,183,0.46,0.47,3268,0.00,1.04,2,0.5000,43.00,99,6,0.00,16,8.56,25.24,15.69,14.40
557088,2.34,3.12,3,14.51,13.52,8,14.57,183,0.47,0.46,3270,0.00,1.04,2,0.5000,43.00,99,7,0.00,16,8.56,25.24,15.69,14.40
557192,2.34,3.12,3,14.51,13.60,8,14.56,183,0.47,0.47,3254,0.00,1.04,2,0.5000,43.00,99,8,0.00,16,8.56,25.48,15.69,14.50
557296,2.34,3.12,3,14.51,13.52,8,14.57,183,0.47,0.47,3276,0.00,1.04,2,0.5000,43.00,99,8,0.00,16,8.56,25.71,15.69,14.40
557400,1.56,3.12,3,14.51,13.44,8,14.57,183,0.47,0.47,3284,0.00,1.04,2,0.5000,43.00,99,8,0.00,16,8.56,25.71,15.69,14.30
557504,1.56,3.12,3,14.51,13.52,8,14.56,183,0.46,0.46,3262,0.00,1.04,2,0.5000,43.00,99,9,0.00,16,8.56,25.01,15.69,14.30
557608,1.56,3.12,3,14.51,13.60,8,14.57,183,0.46,0.46,3283,0.00,1.04,2,0.5000,42.50,99,10,0.00,16,8.56,24.89,15.69,14.40
557713,2.34,3.12,3,14.51,13.52,8,14.56,183,0.46,0.46,3285,0.00,1.04,2,0.5000,42.50,99,11,0.00,16,8.56,25.60,15.69,14.40
557816,3.12,3.12,3,14.51,13.60,8,14.56,183,0.46,0.47,3261,0.00,1.04,2,0.5000,43.00,99,11,0.00,16,8.56,25.24,15.69,15.70
557920,3.12,3.12,3,14.51,13.44,8,14.56,183,0.46,0.46,3291,0.00,1.04,2,0.5000,43.00,99,11,0.00,16,8.56,25.95,15.69,14.40
558025,3.12,3.12,3,14.51,13.52,8,14.57,183,0.47,0.47,3289,0.00,1.04,2,0.5000,43.00,99,12,0.00,16,8.56,25.25,15.69,14.40
558128,2.34,3.12,3,14.51,13.60,8,14.56,183,0.47,0.46,3266,0.00,1.04,2,0.5000,43.00,99,13,0.00,16,8.56,25.72,15.69,14.30
558233,2.34,3.12,3,14.51,13.52,8,14.57,183,0.47,0.47,3293,0.00,1.04,2,0.5000,43.00,99,13,0.00,16,8.42,25.12,15.69,14.50
558337,2.34,3.12,3,14.51,13.60,8,14.56,183,0.46,0.46,3293,0.00,1.04,2,0.5000,42.50,99,14,0.00,16,8.56,25.25,15.69,14.40
558440,2.34,3.12,3,14.51,13.52,8,14.56,183,0.46,0.46,3270,0.00,1.04,2,0.5000,43.00,99,15,0.00,16,8.56,25.71,15.69,14.50
558544,3.12,3.12,3,14.51,13.52,8,14.56,183,0.46,0.47,3296,0.00,1.04,2,0.5000,42.50,99,15,0.00,16,8.56,25.25,15.69,14.40
558648,2.34,3.12,3,14.51,13.60,8,14.56,183,0.46,0.47,3294,0.00,1.04,2,0.5000,43.00,99,15,0.00,16,8.56,25.71,15.69,14.50
558752,3.12,3.12,3,14.51,13.52,8,14.56,183,0.46,0.46,3272,0.00,1.04,2,0.5000,42.50,99,16,0.00,16,8.56,25.01,15.69,14.40
558856,3.12,3.12,3,14.51,13.60,8,14.56,183,0.47,0.47,3274,0.00,1.04,2,0.5000,43.00,99,16,0.00,16,8.56,25.60,15.69,14.50
558960,3.12,3.12,3,14.51,13.44,8,14.56,183,0.46,0.47,3302,0.00,1.04,2,0.5000,42.50,99,17,0.00,16,8.56,25.13,15.69,14.60
559064,2.34,3.12,3,14.51,13.52,8,14.56,183,0.46,0.46,3274,0.00,1.04,2,0.5000,42.50,99,16,0.00,16,8.56,25.25,15.69,14.40
559168,2.34,3.12,3,14.51,13.60,8,14.56,183,0.46,0.46,3274,0.00,1.04,2,0.5000,42.50,99,16,0.00,16,8.56,25.48,15.69,14.40
559272,3.12,3.12,3,14.51,13.52,8,14.56,183,0.46,0.47,3299,0.00,1.04,2,0.5000,42.50,99,15,0.00,16,8.56,25.25,15.69,14.30
559377,3.12,3.12,3,14.51,13.52,8,14.56,183,0.46,0.46,3299,0.00,1.04,2,0.5000,43.00,99,14,0.00,16,8.56,25.25,15.69,14.50
559480,3.12,3.12,3,14.51,13.52,8,14.56,183,0.47,0.47,3276,0.00,1.04,2,0.5000,43.00,99,12,0.00,16,8.56,25.36,15.69,14.50
559584,3.12,3.12,3,14.51,13.52,8,14.56,183,0.46,0.46,3298,0.00,1.04,2,0.5000,42.50,99,10,0.00,16,8.56,25.47,15.69,14.40
559688,3.12,3.12,3,14.51,13.60,8,14.56,183,0.46,0.46,3296,0.00,1.04,2,0.5000,42.50,99,9,0.00,16,8.56,25.37,15.69,14.40
559792,3.12,3.12,3,14.51,13.52,8,14.56,183,0.47,0.47,3269,0.00,1.04,2,0.5000,43.00,99,7,0.00,16,8.42,25.95,15.69,14.40
559896,2.34,3.12,3,14.51,13.52,8,14.56,183,0.47,0.47,3270,0.00,1.04,2,0.5000,43.00,99,6,0.00,16,8.56,25.60,15.69,14.50
560000,2.34,3.12,3,14.51,13.52,8,14.56,183,0.46,0.46,3295,0.00,1.04,2,0.5000,42.50,99,5,0.00,16,8.56,25.37,15.69,14.30
560104,2.34,3.12,3,14.51,13.52,8,14.56,183,0.46,0.46,3269,0.00,1.04,2,0.5000,43.00,99,5,0.00,17,8.56,25.95,15.69,14.30
560208,3.12,3.12,3,14.51,13.52,8,14.56,183,0.47,0.46,3268,0.00,1.04,2,0.5000,42.50,99,5,0.00,17,8.56,25.25,15.69,14.50
560313,3.12,3.12,3,14.51,13.52,8,14.56,183,0.47,0.47,3292,0.00,1.04,2,0.5000,42.50,99,5,0.00,17,8.42,25.72,15.69,14.40
560417,2.34,3.12,3,14.51,13.52,8,14.56,183,0.46,0.45,3268,0.00,1.04,2,0.5000,42.50,99,4,0.00,17,8.42,25.25,15.69,14.40
560521,2.34,3.12,3,14.51,13.52,8,14.56,183,0.46,0.46,3266,0.00,1.04,2,0.5000,42.50,99,4,0.00,17,8.56,25.48,15.69,14.40
560624,2.34,3.12,3,14.51,13.52,8,14.57,183,0.47,0.47,3290,0.00,1.04,2,0.5000,43.00,99,4,0.00,17,8.56,25.48,16.08,14.40
560729,3.12,3.12,3,14.51,13.52,8,14.57,183,0.47,0.46,3264,0.00,1.04,2,0.5000,43.00,99,4,0.00,17,8.56,25.71,15.69,14.50
560832,2.34,3.12,3,14.51,13.60,8,14.56,183,0.46,0.46,3260,0.00,1.04,2,0.5000,42.50,100,4,0.00,17,8.42,25.02,15.69,14.50
560937,1.56,3.12,3,14.51,13.44,8,14.56,183,0.46,0.46,3285,0.00,1.04,2,0.5000,42.50,100,5,0.00,17,8.42,25.25,15.69,14.40
561041,2.34,3.12,3,14.51,13.44,8,14.57,183,0.47,0.47,3281,0.00,1.04,2,0.5000,42.50,100,5,0.00,17,8.56,25.37,15.69,14.40
561145,2.34,3.12,3,14.51,13.68,8,14.56,183,0.47,0.47,3258,0.00,1.04,2,0.5000,43.00,100,5,0.00,17,8.56,25.95,15.69,14.40
561249,2.34,3.12,3,14.51,13.52,8,14.57,183,0.47,0.47,3280,0.00,1.04,2,0.5000,42.50,100,5,0.00,17,8.56,25.25,15.69,14.60
561353,1.56,3.12,3,14.51,13.44,8,14.57,183,0.47,0.47,3256,0.00,1.04,2,0.5000,43.00,100,5,0.00,17,8.56,25.60,15.69,14.40
561457,1.56,3.12,3,14.51,13.60,8,14.56,183,0.45,0.42,3269,0.00,1.05,2,0.5000,42.50,100,6,0.00,17,7.98,23.34,14.90,14.40
561561,-1.56,3.12,3,14.51,13.52,8,14.55,183,0.44,0.44,3278,0.00,1.05,2,0.5000,42.50,100,7,0.00,17,7.98,23.75,14.90,14.10
561665,-0.78,3.12,3,14.51,13.60,8,14.55,183,0.44,0.43,3282,0.00,1.05,2,0.5000,42.50,100,7,0.00,17,7.98,23.63,14.90,14.30
561769,0.00,3.12,3,14.51,13.68,8,14.54,183,0.43,0.43,3256,0.00,1.05,2,0.5000,42.50,100,8,0.00,17,7.98,23.16,14.90,14.30
561874,0.78,3.12,3,14.51,13.52,8,14.54,183,0.43,0.43,3278,0.00,1.05,2,0.5000,42.00,100,8,0.00,17,7.84,23.16,14.90,14.70
561977,0.78,3.12,3,14.51,13.44,8,14.54,183,0.42,0.42,3243,0.00,1.05,2,0.5000,42.00,100,8,0.00,17,7.98,22.93,14.90,14.60
562081,1.56,3.12,3,14.51,13.60,8,14.54,183,0.43,0.43,3241,0.00,1.05,2,0.5000,42.00,100,9,0.00,17,7.98,23.16,14.90,14.50
562185,3.12,3.12,3,14.51,13.60,8,14.54,183,0.43,0.43,3267,0.00,1.05,2,0.5000,42.50,100,10,0.00,17,7.98,23.40,14.90,14.30
562289,3.12,3.12,3,14.51,13.60,8,14.54,183,0.43,0.43,3244,0.00,1.05,2,0.5000,42.50,100,10,0.00,17,7.98,23.40,14.90,14.60
562393,3.12,3.12,3,14.51,13.52,8,14.54,183,0.43,0.43,3239,0.00,1.05,2,0.5000,42.00,100,11,0.00,17,7.98,22.93,14.51,14.50
562497,2.34,3.12,3,14.51,13.60,8,14.54,183,0.43,0.42,3266,0.00,1.05,2,0.5000,42.00,100,11,0.00,17,7.84,22.93,14.90,14.40
562601,2.34,3.12,3,14.51,13.52,8,14.54,183,0.42,0.42,3235,0.00,1.05,2,0.5000,42.00,100,11,0.00,17,7.98,22.81,14.90,14.40
562705,3.12,3.12,3,14.51,13.60,8,14.54,183,0.42,0.43,3259,0.00,1.05,2,0.5000,42.00,100,12,0.00,17,7.98,23.05,14.90,14.50
562809,3.91,3.12,3,14.51,13.68,8,14.54,183,0.43,0.43,3259,0.00,1.05,2,0.5000,42.00,100,13,0.00,17,8.13,23.28,14.90,14.50
562913,4.69,3.12,3,14.51,13.52,8,14.54,183,0.43,0.43,3235,0.00,1.05,2,0.5000,42.50,100,13,0.00,17,8.13,23.51,14.90,14.80
563017,5.47,3.12,3,14.51,13.44,8,14.54,183,0.43,0.44,3264,0.00,1.05,2,0.5000,42.50,100,13,0.00,17,8.13,23.63,14.90,14.50
563121,4.69,3.12,3,14.51,13.52,8,14.54,183,0.44,0.44,3242,0.00,1.05,2,0.5000,42.50,100,14,0.00,17,8.13,23.86,14.90,14.30
563225,3.91,3.12,3,14.51,13.68,8,14.54,183,0.44,0.44,3240,0.00,1.05,2,0.5000,42.50,100,14,0.00,17,8.13,23.86,14.90,14.30
563329,2.34,3.12,3,14.51,13.60,8,14.55,183,0.44,0.44,3260,0.00,1.05,2,0.5000,42.50,100,15,0.00,17,8.13,24.10,14.90,14.20
563433,0.78,3.12,3,14.51,13.52,8,14.54,183,0.44,0.44,3234,0.00,1.05,2,0.5000,42.50,100,15,0.00,17,8.13,23.61,14.90,14.20
563537,0.78,3.12,3,14.51,13.44,8,14.54,183,0.44,0.44,3238,0.00,1.05,2,0.5000,42.50,100,16,0.00,17,8.13,23.74,14.90,14.30
563642,1.56,3.12,3,14.51,13.60,8,14.54,183,0.44,0.44,3264,0.00,1.05,2,0.5000,42.50,100,16,0.00,17,8.13,24.09,14.90,14.50
563745,1.56,3.12,3,14.51,13.60,8,14.54,183,0.44,0.43,3240,0.00,1.05,2,0.5000,42.50,100,16,0.00,17,8.13,23.86,14.90,14.40
563849,1.56,3.12,3,14.51,13.60,8,14.54,183,0.44,0.43,3260,0.00,1.05,2,0.5000,42.50,100,16,0.00,17,8.13,23.63,14.90,14.40
563953,1.56,3.12,3,14.51,13.60,8,14.54,183,0.43,0.43,3261,0.00,1.05,2,0.5000,42.50,100,16,0.00,17,8.13,23.27,14.90,14.60
564057,3.12,3.12,3,14.51,13.60,8,14.54,183,0.43,0.43,3233,0.00,1.05,2,0.5000,42.50,100,15,0.00,17,8.13,23.63,14.90,14.30
564161,3.91,3.12,3,14.51,13.52,8,14.54,183,0.44,0.44,3260,0.00,1.05,2,0.5000,42.50,100,13,0.00,17,8.13,23.98,14.90,14.30
564265,3.12,3.12,3,14.51,13.68,8,14.54,183,0.44,0.44,3240,0.00,1.05,2,0.5000,42.50,100,12,0.00,17,8.13,23.85,14.90,14.60
564369,2.34,3.12,3,14.51,13.60,8,14.54,183,0.43,0.43,3233,0.00,1.05,2,0.5000,42.50,100,10,0.00,17,8.13,23.39,14.90,14.50
564473,3.12,3.12,3,14.51,13.60,8,14.54,183,0.43,0.44,3267,0.00,1.05,2,0.5000,42.50,100,9,0.00,17,8.13,23.51,14.90,14.30
564577,3.91,3.12,3,14.51,13.52,8,14.54,183,0.43,0.43,3249,0.00,1.05,2,0.5000,42.50,100,7,0.00,17,7.98,23.40,14.90,14.50
564681,3.91,3.12,3,14.51,13.52,8,14.54,183,0.43,0.43,3270,0.00,1.05,2,0.5000,42.50,100,6,0.00,17,8.13,23.63,14.90,14.50
564785,3.91,3.12,3,14.51,13.68,8,14.54,183,0.43,0.43,3278,0.00,1.05,2,0.5000,42.00,100,5,0.00,17,7.98,23.40,14.90,14.50
564889,4.69,3.12,3,14.51,13.60,8,14.54,183,0.43,0.43,3260,0.00,1.05,2,0.5000,42.50,100,5,0.00,17,7.98,23.63,14.90,14.50
564994,3.91,3.12,3,14.51,13.60,8,14.54,183,0.44,0.44,3289,0.00,1.05,2,0.5000,42.50,100,4,0.00,17,7.98,23.98,14.90,14.50
565097,3.91,3.12,3,14.51,13.60,8,14.54,183,0.43,0.43,3294,0.00,1.05,2,0.5000,42.50,100,4,0.00,17,7.98,24.09,14.90,14.40
565201,2.34,3.12,3,14.51,13.52,8,14.54,183,0.43,0.43,3269,0.00,1.05,2,0.5000,42.50,100,4,0.00,17,7.98,23.63,14.90,14.30
565305,2.34,3.12,3,14.51,13.68,8,14.54,183,0.43,0.43,3270,0.00,1.05,2,0.5000,42.50,100,4,0.00,17,7.98,23.98,14.90,14.30
565409,2.34,3.12,3,14.51,13.60,8,14.54,183,0.43,0.43,3303,0.00,1.05,2,0.5000,42.50,100,4,0.00,17,7.98,23.63,14.90,14.50
565514,2.34,3.12,3,14.51,13.60,8,14.54,183,0.43,0.43,3287,0.00,1.05,2,0.5000,42.50,100,4,0.00,17,7.98,23.63,14.90,14.40
565618,2.34,3.12,3,14.51,13.52,8,14.54,183,0.43,0.43,3288,0.00,1.05,2,0.5000,42.00,100,4,0.00,17,7.98,23.52,14.90,14.30
565722,3.12,3.12,3,14.51,13.52,8,14.54,183,0.43,0.43,3318,0.00,1.05,2,0.5000,42.00,100,4,0.00,17,7.98,23.62,14.90,14.50
565825,3.91,3.12,3,14.51,13.68,8,14.54,183,0.43,0.44,3323,0.00,1.05,2,0.5000,42.50,100,4,0.00,17,7.98,23.87,14.90,14.60
565929,3.91,3.12,3,14.51,13.52,8,14.54,183,0.43,0.43,3306,0.00,1.05,2,0.5000,42.50,100,5,0.00,17,7.98,23.86,14.90,14.50
566034,3.12,3.12,3,14.51,13.60,8,14.54,183,0.43,0.43,3315,0.00,1.05,2,0.5000,42.50,100,5,0.00,17,7.98,23.87,14.90,14.40
566138,3.12,3.12,3,14.51,13.52,8,14.54,183,0.43,0.42,3351,0.00,1.05,2,0.5000,42.00,100,5,0.00,17,7.84,23.63,14.90,14.40
566242,3.12,3.12,3,14.51,13.52,8,14.53,183,0.43,0.43,3355,0.00,1.05,2,0.5000,42.00,100,5,0.00,17,7.84,23.87,14.90,14.40
566345,3.12,3.12,3,14.51,13.68,8,14.54,183,0.43,0.43,3358,0.00,1.05,2,0.5000,42.00,100,6,0.00,17,7.84,23.87,14.90,14.40
566450,3.12,3.12,3,14.51,13.60,8,14.53,183,0.43,0.43,3337,0.00,1.05,2,0.5000,42.00,100,6,0.00,17,7.84,23.87,14.90,14.30
566554,3.12,3.12,3,14.51,13.60,8,14.53,183,0.43,0.42,3343,0.00,1.05,2,0.5000,42.00,100,7,0.00,17,7.84,23.40,14.90,14.30
566658,3.12,3.12,3,14.51,13.52,8,14.53,183,0.42,0.43,3374,0.00,1.05,2,0.5000,42.00,100,8,0.00,17,7.84,23.28,14.90,14.40
566762,3.91,3.12,3,14.51,13.60,8,14.53,183,0.42,0.43,3381,0.00,1.05,2,0.5000,42.00,100,8,0.00,17,7.84,23.64,14.90,14.50
566866,3.91,3.12,3,14.51,13.60,8,14.53,183,0.42,0.42,3389,0.00,1.05,2,0.5000,42.00,100,9,0.00,17,7.84,23.64,14.90,14.60
566969,4.69,3.12,3,14.51,13.60,8,14.53,183,0.42,0.42,3369,0.00,1.05,2,0.5000,42.00,100,10,0.00,17,7.84,23.64,14.90,14.50
567074,3.91,3.12,3,14.51,13.60,8,14.53,183,0.43,0.42,3372,0.00,1.05,2,0.5000,42.00,100,10,0.00,17,7.84,24.10,14.90,14.40
567178,3.91,3.12,3,14.51,13.52,8,14.53,183,0.42,0.42,3382,0.00,1.05,2,0.5000,42.00,100,11,0.00,17,7.84,23.87,14.90,14.40
567282,3.91,3.12,3,14.51,13.60,8,14.53,183,0.42,0.42,3389,0.00,1.05,2,0.5000,42.00,100,12,0.00,17,7.84,24.11,14.90,14.40
567385,3.91,3.12,3,14.51,13.68,8,14.53,183,0.42,0.43,3391,0.00,1.05,2,0.5000,42.00,100,12,0.00,17,7.69,23.98,14.90,14.30
567490,3.12,3.12,3,14.51,13.60,8,14.53,183,0.42,0.43,3425,0.00,1.05,2,0.5000,42.00,99,13,0.00,17,7.69,23.64,14.90,14.30
567594,3.12,3.12,3,14.51,13.52,8,14.53,183,0.42,0.42,3429,0.00,1.05,2,0.5000,42.00,99,13,0.00,17,7.69,23.63,14.90,14.40
567698,3.12,3.12,3,14.51,13.52,8,14.53,183,0.41,0.42,3433,0.00,1.05,2,0.5000,42.00,99,14,0.00,17,7.69,23.41,14.90,14.30
567802,3.12,3.12,3,14.51,13.60,8,14.53,183,0.41,0.42,3441,0.00,1.05,2,0.5000,42.00,99,14,0.00,17,7.69,23.64,14.90,14.40
567906,3.12,3.12,3,14.51,13.60,8,14.53,183,0.42,0.42,3450,0.00,1.05,2,0.5000,42.00,99,15,0.00,17,7.69,23.88,14.90,14.50
568010,3.12,3.12,3,14.51,13.60,8,14.53,183,0.41,0.42,3460,0.00,1.05,2,0.5000,42.00,99,15,0.00,17,7.69,23.76,14.90,14.50
568114,3.12,3.12,3,14.51,13.60,8,14.53,183,0.41,0.42,3465,0.00,1.05,2,0.5000,42.00,99,16,0.00,17,7.69,23.05,14.90,14.50
568217,3.12,3.12,3,14.51,13.52,8,14.52,183,0.40,0.40,3466,0.00,1.05,2,0.5000,42.00,99,16,0.00,17,7.55,23.17,14.90,14.40
568322,3.91,3.12,3,14.51,13.68,8,14.52,183,0.41,0.41,3468,0.00,1.05,2,0.5000,42.00,99,15,0.00,17,7.40,22.71,14.51,14.50
568426,3.12,3.12,3,14.51,13.60,8,14.52,183,0.40,0.40,3476,0.00,1.05,2,0.5000,42.00,99,14,0.00,17,7.40,22.94,14.51,14.40
568530,3.12,3.12,3,14.51,13.60,8,14.52,183,0.40,0.41,3485,0.00,1.05,2,0.5000,42.00,99,14,0.00,17,7.40,23.41,14.51,14.40
568634,3.91,3.12,3,14.51,13.60,8,14.52,183,0.40,0.40,3491,0.00,1.05,2,0.5000,42.00,99,12,0.00,17,7.40,23.29,14.51,14.50
568738,3.91,3.12,3,14.51,13.60,8,14.52,183,0.40,0.40,3502,0.00,1.05,2,0.5000,42.00,99,11,0.00,17,7.40,22.71,14.90,14.50
568842,4.69,3.12,3,14.51,13.60,8,14.52,183,0.39,0.39,3506,0.00,1.05,2,0.5000,42.00,99,10,0.00,17,7.25,22.83,14.51,14.50
568946,5.47,3.12,3,14.51,13.60,8,14.52,183,0.39,0.39,3510,0.00,1.05,2,0.5000,42.00,99,9,0.00,17,7.25,22.71,14.51,14.50
569050,6.25,3.12,3,14.51,13.60,8,14.52,183,0.39,0.39,3518,0.00,1.05,2,0.5000,42.00,99,8,0.00,17,7.25,22.83,14.51,14.60
569154,6.25,3.12,3,14.51,13.60,8,14.52,183,0.40,0.40,3524,0.00,1.05,2,0.5000,42.00,99,7,0.00,17,7.25,23.06,14.51,14.50
569258,6.25,3.12,3,14.51,13.60,8,14.51,183,0.39,0.39,3532,0.00,1.05,2,0.5000,42.00,99,6,0.00,17,7.25,22.93,14.51,14.50
569362,5.47,3.12,3,14.51,13.60,8,14.51,183,0.39,0.38,3514,0.00,1.05,2,0.5000,41.50,99,6,0.00,17,7.25,22.48,14.90,14.30
569466,5.47,3.12,3,14.51,13.60,8,14.51,183,0.39,0.38,3525,0.00,1.05,2,0.5000,41.50,99,6,0.00,17,7.25,22.71,14.51,14.30
569570,6.25,3.12,3,14.51,13.60,8,14.51,183,0.38,0.38,3526,0.00,1.05,2,0.5000,41.50,99,6,0.00,17,7.11,22.95,14.51,14.50
569674,7.03,3.12,3,14.51,13.52,8,14.51,183,0.38,0.38,3528,0.00,1.05,2,0.5000,41.50,99,6,0.00,17,7.11,22.71,14.12,14.50
569778,6.25,3.12,3,14.51,13.52,8,14.51,183,0.37,0.37,3568,0.00,1.05,2,0.5000,41.50,99,6,0.00,17,6.82,21.49,13.73,14.40
569882,4.69,3.12,3,14.51,13.76,8,14.51,183,0.36,0.36,3572,0.00,1.06,2,0.5000,41.50,99,6,0.00,17,6.67,20.96,13.73,14.30
569986,3.91,3.12,3,14.51,13.60,8,14.51,183,0.36,0.36,3570,0.00,1.06,2,0.5000,41.50,97,6,0.00,17,6.67,21.61,13.73,14.20
570090,4.69,3.12,3,14.51,13.52,8,14.50,183,0.36,0.35,3551,0.00,1.06,2,0.5000,41.50,97,7,0.00,17,6.67,20.97,13.73,14.40
570194,5.47,3.12,3,14.51,13.60,8,14.50,183,0.36,0.35,3566,0.00,1.06,2,0.5000,41.50,97,7,0.00,17,6.67,20.97,13.73,14.50
570298,6.25,3.12,3,14.51,13.60,8,14.50,183,0.36,0.36,3598,0.00,1.06,2,0.5000,41.50,97,8,0.00,17,6.67,21.18,13.73,14.50
570402,6.25,3.12,3,14.51,13.68,8,14.50,183,0.35,0.36,3604,0.00,1.06,2,0.5000,41.50,97,8,0.00,17,6.67,20.95,13.73,14.60
570507,7.03,3.12,3,14.51,13.60,8,14.50,183,0.35,0.35,3585,0.00,1.06,2,0.5000,41.50,97,8,0.00,17,6.67,20.97,13.73,14.60
570610,7.81,3.12,3,14.51,13.60,8,14.50,183,0.35,0.34,3592,0.00,1.06,2,0.5000,41.50,97,9,0.00,17,6.67,20.97,13.73,14.60
570714,8.59,3.12,3,14.51,13.44,8,14.50,183,0.35,0.35,3624,0.00,1.06,2,0.5000,41.00,97,9,0.00,17,6.53,20.64,13.73,14.50
570818,8.59,3.12,3,14.51,13.60,8,14.50,183,0.35,0.35,3636,0.00,1.06,2,0.5000,41.50,97,9,0.00,17,6.53,20.97,13.73,14.60
570922,9.38,3.12,3,14.51,13.60,8,14.50,183,0.35,0.35,3614,0.00,1.05,2,0.5000,41.50,97,9,0.00,17,6.53,21.18,13.73,14.50
571026,8.59,3.12,3,14.51,13.60,8,14.50,183,0.34,0.34,3628,0.00,1.05,2,0.5000,41.00,97,10,0.00,17,6.53,20.73,13.33,14.30
571130,7.81,3.12,3,14.51,13.60,8,14.50,183,0.33,0.32,3657,0.00,1.05,2,0.5000,41.00,97,11,0.00,17,5.95,19.17,11.76,14.30
571234,5.47,3.12,3,14.51,13.44,8,14.50,183,0.28,0.27,3652,0.00,1.14,2,0.5000,39.50,97,11,0.00,17,4.50,13.91,7.84,14.10
571338,1.56,3.12,3,14.51,13.68,8,14.50,183,0.22,0.20,3590,0.00,1.03,2,0.5000,35.50,97,11,0.00,17,3.77,11.50,7.45,13.30
571442,-3.91,3.12,3,14.51,13.68,8,14.51,183,0.19,0.18,3552,0.00,1.01,2,0.5000,32.50,97,11,0.00,17,3.48,10.18,6.67,12.80
571546,0.00,3.12,2,14.51,13.68,10,14.52,183,0.17,0.16,3553,0.00,1.00,2,0.5000,29.00,97,11,0.00,17,3.34,9.48,6.67,12.30
571650,0.00,2.34,2,14.51,13.60,10,14.52,183,0.16,0.16,3544,0.00,1.00,2,0.5000,25.50,97,12,0.00,17,3.34,9.34,6.67,11.90
571754,0.00,2.34,2,14.51,13.60,10,14.52,183,0.16,0.16,3540,0.00,0.99,2,0.5000,24.00,97,12,0.00,17,3.34,9.24,6.67,12.10
571858,0.00,2.34,2,14.51,13.68,10,14.52,183,0.16,0.16,3537,0.00,0.99,2,0.5000,24.00,97,12,0.00,17,3.34,9.24,6.67,12.60
571962,0.00,2.34,2,14.51,13.68,10,14.52,183,0.16,0.16,3509,0.00,0.99,2,0.5000,24.00,97,12,0.00,17,3.34,9.38,6.67,13.40
572066,0.00,2.34,2,14.51,13.68,10,14.52,183,0.16,0.16,3492,0.00,0.99,2,0.5000,24.00,97,12,0.00,17,3.48,9.34,6.67,14.20
572170,0.00,2.34,2,14.51,13.60,10,14.52,183,0.16,0.16,3486,0.00,0.99,2,0.5000,24.00,97,12,0.00,17,3.48,9.29,6.67,16.30
572274,0.00,0.00,2,14.51,13.60,10,14.52,183,0.16,0.16,3484,0.00,0.99,2,0.5000,24.00,95,12,0.00,17,3.48,9.10,6.67,20.70
572378,0.00,0.00,2,14.51,13.68,10,14.52,183,0.16,0.16,3476,0.00,0.99,2,0.5000,24.00,95,12,0.00,17,3.48,9.34,6.67,30.90
572482,0.00,0.00,2,14.51,13.76,10,14.52,183,0.16,0.16,3468,0.00,0.99,2,0.5000,24.00,95,12,0.00,17,3.48,9.24,6.67,51.00
572586,0.00,0.00,2,14.51,13.68,10,14.52,183,0.16,0.16,3464,0.00,0.99,2,0.5000,24.00,95,12,0.00,17,3.48,9.34,6.67,79.60
572690,0.00,0.00,2,14.51,13.68,10,14.52,183,0.16,0.16,3468,0.00,0.99,2,0.5000,24.00,95,12,0.00,17,3.48,9.15,6.67,90.30
572794,0.00,0.00,2,14.51,13.68,10,14.53,183,0.16,0.16,3466,0.00,0.99,2,0.5000,24.00,95,11,0.00,17,3.48,9.20,6.67,96.00
572901,0.00,0.00,2,14.51,13.68,10,14.53,183,0.16,0.16,3482,0.00,0.99,2,0.5000,24.00,95,11,0.00,17,3.48,9.10,6.67,96.00
573002,0.00,0.00,2,14.51,13.76,10,14.53,183,0.16,0.16,3465,0.00,0.99,2,0.5000,24.00,95,10,0.00,17,3.48,9.10,6.67,96.00
573106,0.00,0.00,2,14.51,13.68,10,14.53,183,0.16,0.16,3440,0.00,0.99,2,0.5000,24.00,95,10,0.00,17,3.48,9.24,6.67,99.90
573210,0.00,0.00,2,14.51,13.68,10,14.53,183,0.16,0.16,3446,0.00,0.99,2,0.5000,24.00,95,9,0.00,17,3.48,9.10,6.67,99.90
573314,0.00,0.00,2,14.51,13.60,10,14.53,183,0.16,0.16,3444,0.00,0.99,2,0.5000,24.00,95,9,0.00,17,3.48,9.29,6.67,99.90
573418,0.00,0.00,2,14.51,13.68,10,14.53,183,0.16,0.16,3436,0.00,0.99,2,0.5000,24.00,95,8,0.00,17,3.48,9.15,6.67,99.90
573522,0.00,0.00,2,14.51,13.68,10,14.53,183,0.16,0.16,3413,0.00,0.99,2,0.5000,24.00,95,8,0.00,17,3.48,9.05,6.67,99.90
573626,0.00,0.00,2,14.51,13.60,10,14.53,183,0.16,0.16,3350,0.00,0.99,2,0.5000,24.00,95,8,0.00,17,3.63,9.15,6.67,99.90
573730,0.00,0.00,2,14.51,13.60,10,14.55,183,0.17,0.18,3199,0.00,0.99,2,0.5000,24.00,95,8,0.00,17,3.63,9.20,6.67,99.90
573834,0.00,0.00,2,14.51,13.60,10,14.59,183,0.18,0.19,2939,0.00,1.00,2,0.5000,24.00,95,7,0.00,17,3.77,9.15,6.67,99.90
573938,0.00,0.00,2,14.51,13.68,10,14.62,183,0.20,0.20,2696,0.00,1.00,2,0.5000,24.00,95,7,0.00,17,3.92,9.15,6.67,99.90
574042,0.00,0.00,2,14.51,13.60,10,14.61,183,0.21,0.22,2440,0.00,1.00,2,0.5000,24.00,95,7,0.00,17,4.06,9.00,6.67,99.90
574146,0.00,0.00,2,14.51,13.68,10,14.59,183,0.23,0.25,2235,0.00,0.99,2,0.5000,24.00,95,6,0.00,17,4.50,9.24,6.67,99.90
574250,0.00,0.00,2,14.51,13.60,10,14.58,183,0.24,0.24,2168,0.00,0.99,2,0.5000,24.00,95,6,0.00,17,4.50,8.45,6.27,99.90
574354,0.00,0.00,2,14.51,13.60,10,14.58,183,0.23,0.23,2148,0.00,0.99,3,0.5000,24.00,95,5,0.00,17,4.50,8.15,5.88,99.90
574458,0.00,0.00,2,14.51,13.60,10,14.58,183,0.23,0.22,2162,0.00,0.99,3,0.5000,24.00,95,5,0.00,17,4.50,7.99,6.27,99.90
574562,0.00,0.00,2,14.51,13.68,10,14.58,183,0.22,0.21,2163,0.00,0.99,3,0.5000,24.00,95,4,0.00,17,4.50,7.89,6.27,99.90
574666,0.00,0.00,2,14.51,13.60,10,14.58,183,0.22,0.22,2144,0.00,0.99,3,0.5000,24.00,95,4,0.00,17,4.50,7.84,6.27,99.90
574770,0.00,0.00,2,14.51,13.60,10,14.58,183,0.22,0.22,2160,0.00,0.99,3,0.5000,24.00,95,4,0.00,17,4.50,7.89,6.27,99.90
574874,0.00,0.00,2,14.51,13.60,10,14.58,183,0.22,0.22,2156,0.00,0.99,3,0.5000,24.00,95,4,0.00,17,4.50,7.64,6.27,99.90
574978,0.00,0.00,2,14.51,13.60,10,14.58,183,0.22,0.22,2138,0.00,0.99,3,0.5000,24.00,95,4,0.00,17,4.50,7.84,6.27,99.90
575082,0.00,0.00,2,14.51,13.68,10,14.58,183,0.22,0.22,2138,0.00,0.99,3,0.5000,24.00,95,3,0.00,17,4.50,7.64,6.27,99.90
575186,0.00,0.00,2,14.51,13.60,10,14.58,183,0.22,0.22,2156,0.00,0.99,3,0.5000,24.00,95,3,0.00,17,4.50,7.74,6.27,99.90
575291,0.00,0.00,2,14.51,13.60,10,14.58,183,0.22,0.22,2156,0.00,0.99,3,0.5000,24.00,95,3,0.00,17,4.50,7.64,6.27,99.90
575394,0.00,0.00,2,14.51,13.60,10,14.58,183,0.22,0.21,2137,0.00,0.99,3,0.5000,24.00,95,3,0.00,17,4.50,7.64,6.27,99.90
575498,0.00,0.00,2,14.51,13.68,10,14.58,183,0.21,0.21,2137,0.00,0.99,3,0.5000,24.00,95,3,0.00,17,4.50,7.64,6.27,99.90
575602,0.00,0.00,2,14.51,13.68,10,14.58,183,0.21,0.21,2155,0.00,0.99,3,0.5000,24.00,95,3,0.00,17,4.50,7.64,6.27,99.90
575706,0.00,0.00,2,14.51,13.60,10,14.58,183,0.21,0.21,2138,0.00,0.99,3,0.5000,24.00,95,4,0.00,17,4.50,7.55,6.27,99.90
575811,0.00,0.00,2,14.51,13.60,10,14.58,183,0.21,0.21,2138,0.00,0.99,3,0.5000,24.00,95,3,0.00,17,4.50,7.64,6.27,99.90
575914,0.00,0.00,2,14.51,13.52,10,14.58,183,0.21,0.21,2155,0.00,0.99,3,0.5000,24.00,95,4,0.00,17,4.50,7.55,6.27,99.90
576019,0.00,0.00,2,14.51,13.68,10,14.58,183,0.21,0.21,2155,0.00,0.99,3,0.5000,24.00,95,4,0.00,17,4.50,7.64,6.27,99.90
576122,0.00,0.00,2,14.51,13.68,10,14.58,183,0.21,0.20,2136,0.00,0.99,3,0.5000,24.00,95,4,0.00,17,4.50,7.31,6.27,99.90
576226,0.00,0.00,2,14.51,13.60,10,14.58,183,0.21,0.21,2135,0.00,0.99,3,0.5000,24.00,95,4,0.00,17,4.50,7.21,6.27,99.90
576330,0.00,0.00,2,14.51,13.52,10,14.58,183,0.21,0.21,2151,0.00,0.99,3,0.5000,24.00,95,5,0.00,17,4.50,7.45,6.27,99.90
576434,0.00,0.00,2,14.51,13.60,10,14.58,183,0.21,0.21,2152,0.00,0.99,3,0.5000,24.00,95,5,0.00,17,4.50,7.31,6.27,99.90
576539,0.00,0.00,2,14.51,13.68,10,14.59,183,0.20,0.20,2136,0.00,0.99,3,0.5000,24.00,95,5,0.00,17,4.50,7.31,6.27,99.90
576643,0.00,0.00,2,14.51,13.36,10,14.59,183,0.20,0.20,2153,0.00,0.99,3,0.5000,24.00,97,5,0.00,17,4.50,7.07,6.27,99.90
576746,0.00,0.00,2,14.51,13.68,10,14.58,183,0.20,0.20,2152,0.00,0.99,3,0.5000,24.00,97,5,0.00,17,4.50,7.07,6.27,99.90
576850,0.00,0.00,2,14.51,13.52,10,14.58,183,0.20,0.20,2130,0.00,0.99,3,0.5000,24.00,97,6,0.00,17,4.50,6.87,6.27,99.90
576955,0.00,0.00,2,14.51,13.68,10,14.59,183,0.20,0.20,2129,0.00,0.99,3,0.5000,24.00,97,6,0.00,17,4.50,7.11,6.27,99.90
577058,0.00,0.00,2,14.51,13.68,10,14.58,183,0.20,0.21,2145,0.00,0.99,3,0.5000,24.00,97,6,0.00,17,4.50,7.35,6.27,99.90
577162,0.00,0.00,2,14.51,13.68,10,14.58,183,0.20,0.20,2126,0.00,0.99,3,0.5000,24.00,97,6,0.00,17,4.50,7.16,6.27,99.90
577267,0.00,0.00,2,14.51,13.60,10,14.58,183,0.20,0.20,2124,0.00,0.99,3,0.5000,24.00,97,6,0.00,17,4.50,7.16,6.27,99.90
577370,0.00,0.00,2,14.51,13.52,10,14.58,183,0.20,0.21,2139,0.00,0.99,3,0.5000,24.00,97,7,0.00,17,4.50,7.35,6.27,99.90
577474,0.00,0.00,2,14.51,13.60,10,14.58,183,0.21,0.21,2137,0.00,0.99,3,0.5000,24.00,97,7,0.00,17,4.64,7.45,6.27,99.90
577578,0.00,0.00,2,14.51,13.76,10,14.58,183,0.21,0.20,2117,0.00,0.99,3,0.5000,24.00,97,7,0.00,17,4.64,7.06,6.27,99.90
577683,0.00,0.00,2,14.51,13.52,10,14.58,183,0.20,0.20,2129,0.00,0.99,3,0.5000,24.00,97,8,0.00,17,4.64,6.78,6.27,99.90
577786,0.00,0.00,2,14.51,13.68,10,14.58,183,0.20,0.20,2126,0.00,0.99,3,0.5000,24.00,97,8,0.00,17,4.64,7.35,6.27,99.90
577891,0.00,0.00,2,14.51,13.60,10,14.58,183,0.21,0.21,2108,0.00,0.99,3,0.5000,24.00,97,8,0.00,17,4.64,7.45,6.27,99.90
577995,0.00,0.00,2,14.51,13.60,10,14.58,183,0.21,0.21,2124,0.00,0.99,3,0.5000,24.00,97,8,0.00,17,4.64,7.50,6.27,99.90
578099,0.00,0.00,2,14.51,13.68,10,14.58,183,0.21,0.21,2120,0.00,0.99,3,0.5000,24.00,97,8,0.00,17,4.64,7.26,6.27,99.90
578202,0.00,0.00,2,14.51,13.76,10,14.58,183,0.21,0.21,2097,0.00,0.99,3,0.5000,24.00,97,9,0.00,17,4.64,7.40,6.27,99.90
578307,0.00,0.00,2,14.51,13.60,10,14.58,183,0.21,0.21,2113,0.00,0.99,3,0.5000,24.00,97,9,0.00,17,4.64,7.16,6.27,99.90
578411,0.00,0.00,2,14.51,13.52,10,14.58,183,0.21,0.21,2109,0.00,0.99,3,0.5000,24.00,97,9,0.00,17,4.64,7.31,6.27,99.90
578515,0.00,0.00,2,14.51,13.60,10,14.58,183,0.21,0.21,2091,0.00,0.99,3,0.5000,24.00,97,9,0.00,17,4.64,7.35,6.27,99.90
578618,0.00,0.00,2,14.51,13.68,10,14.58,183,0.21,0.21,2106,0.00,0.99,3,0.5000,24.00,97,10,0.00,17,4.64,7.35,6.27,99.90
578723,0.00,0.00,2,14.51,13.60,10,14.58,183,0.21,0.21,2087,0.00,0.99,3,0.5000,24.00,97,10,0.00,17,4.64,7.35,6.27,99.90
578826,0.00,0.00,2,14.51,13.68,10,14.58,183,0.21,0.21,2081,0.00,0.99,3,0.5000,24.00,97,10,0.00,17,4.64,7.16,6.27,99.90
578930,0.00,0.00,2,14.51,13.60,10,14.58,183,0.21,0.21,2094,0.00,0.99,3,0.5000,24.00,97,11,0.00,17,4.64,7.26,6.27,99.90
579035,0.00,0.00,2,14.51,13.60,10,14.58,183,0.21,0.21,2076,0.00,0.99,3,0.5000,24.00,97,10,0.00,17,4.64,7.31,6.27,99.90
579139,0.00,0.00,2,14.51,13.68,10,14.58,183,0.21,0.21,2091,0.00,0.99,3,0.5000,24.00,97,11,0.00,17,4.64,7.26,6.27,99.90
579243,0.00,0.00,2,14.51,13.60,10,14.58,183,0.21,0.21,2086,0.00,0.99,3,0.5000,24.00,97,11,0.00,17,4.79,7.31,6.27,99.90
579347,0.00,0.00,2,14.51,13.68,10,14.58,183,0.21,0.21,2066,0.00,0.99,3,0.5000,24.00,97,11,0.00,17,4.64,7.35,6.27,99.90
579451,0.00,0.00,2,14.51,13.60,10,14.58,183,0.21,0.21,2078,0.00,0.99,3,0.5000,24.00,97,12,0.00,17,4.64,7.26,5.88,99.90
579555,0.00,0.00,2,14.51,13.68,10,14.58,183,0.21,0.22,2058,0.00,0.99,3,0.5000,24.00,97,12,0.00,17,4.79,7.31,5.88,99.90
579659,0.00,0.00,2,14.51,13.68,10,14.58,183,0.21,0.21,2070,0.00,0.99,3,0.5000,24.00,97,12,0.00,17,4.79,7.21,5.88,99.90
579762,0.00,0.00,2,14.51,13.68,10,14.58,183,0.21,0.21,2048,0.00,0.99,3,0.5000,24.00,97,12,0.00,17,4.79,7.45,5.88,99.90
579867,0.00,0.00,2,14.51,13.60,10,14.58,183,0.21,0.21,2062,0.00,0.99,3,0.5000,24.00,97,13,0.00,17,4.79,7.16,5.88,99.90
579971,0.00,0.00,2,14.51,13.52,10,14.57,183,0.21,0.21,2055,0.00,0.99,3,0.5000,24.00,97,13,0.00,17,4.79,7.40,5.88,99.90
580076,0.00,0.00,2,14.51,13.60,10,14.58,183,0.21,0.22,2034,0.00,0.99,3,0.5000,24.00,97,13,0.00,17,4.79,7.21,5.88,99.90
580179,0.00,0.00,2,14.51,13.68,10,14.57,183,0.21,0.21,2047,0.00,0.99,3,0.5000,24.00,97,13,0.00,17,4.79,7.21,5.88,99.90
580283,0.00,0.00,2,14.51,13.60,10,14.57,183,0.21,0.22,2026,0.00,0.99,3,0.5000,24.00,97,13,0.00,17,4.79,7.21,5.88,99.90
580387,0.00,0.00,2,14.51,13.68,10,14.57,183,0.21,0.21,2037,0.00,0.99,3,0.5000,24.00,97,14,0.00,17,4.79,7.21,5.88,99.90
580491,0.00,0.00,2,14.51,13.60,10,14.57,183,0.21,0.21,2014,0.00,0.99,3,0.5000,24.00,97,13,0.00,17,4.79,7.16,5.88,99.90
580595,0.00,0.00,2,14.51,13.68,10,14.57,183,0.21,0.22,2026,0.00,0.99,3,0.5000,24.00,97,14,0.00,17,4.79,7.35,5.88,99.90
580699,0.00,0.00,2,14.51,13.60,10,14.57,183,0.21,0.21,2005,0.00,0.99,3,0.5000,24.00,97,14,0.00,17,4.79,7.21,5.88,99.90
580803,0.00,0.00,2,14.51,13.68,10,14.57,183,0.21,0.21,2014,0.00,0.99,3,0.5000,24.00,97,14,0.00,17,4.79,7.02,5.88,99.90
580907,0.00,0.00,2,14.51,13.60,10,14.57,183,0.21,0.21,1992,0.00,0.99,3,0.5000,24.00,97,14,0.00,17,4.79,7.16,5.88,99.90
581011,0.00,0.00,2,14.51,13.52,10,14.57,183,0.21,0.21,2003,0.00,0.99,3,0.5000,24.00,97,14,0.00,17,4.79,7.21,5.88,99.90
581115,0.00,0.00,2,14.51,13.68,10,14.57,183,0.22,0.22,1980,0.00,0.99,3,0.5000,24.00,97,15,0.00,17,4.79,7.16,5.88,99.90
581219,0.00,0.00,2,14.51,13.68,10,14.57,183,0.22,0.22,1975,0.00,0.99,3,0.5000,24.00,97,14,0.00,17,4.79,7.21,5.88,99.90
581323,0.00,0.00,2,14.51,13.60,10,14.57,183,0.22,0.22,1984,0.00,0.99,3,0.5000,24.00,97,15,0.00,17,4.93,7.16,5.88,99.90
581427,0.00,0.00,2,14.51,13.60,10,14.57,183,0.22,0.22,1960,0.00,0.99,3,0.5000,24.00,97,15,0.00,17,4.93,7.21,5.88,99.90
581531,0.00,0.00,2,14.51,13.60,10,14.57,183,0.22,0.22,1964,0.00,0.99,3,0.5000,24.00,97,15,0.00,17,4.93,7.16,5.88,99.90
581635,0.00,0.00,2,14.51,13.68,10,14.57,183,0.22,0.22,1939,0.00,0.99,3,0.5000,24.00,97,15,0.00,17,4.93,7.26,5.88,99.90
581739,0.00,0.00,2,14.51,13.76,10,14.57,183,0.22,0.22,1931,0.00,0.99,3,0.5000,24.00,97,16,0.00,17,4.93,7.26,5.88,99.90
581843,0.00,0.00,2,14.51,13.60,10,14.57,183,0.23,0.23,1898,0.00,0.99,3,0.5000,24.00,97,16,0.00,17,4.93,7.26,5.88,99.90
581947,0.00,0.00,2,14.51,13.60,10,14.57,185,0.24,0.25,1777,0.00,0.99,3,0.5000,21.50,97,16,0.00,17,5.08,7.16,5.49,99.90
582052,0.00,0.00,2,14.51,13.60,10,14.57,183,0.25,0.26,1639,0.00,0.99,3,0.5000,19.50,97,16,0.00,17,5.22,6.87,5.10,99.90
582156,0.00,0.00,2,14.51,13.76,10,14.58,183,0.26,0.26,1516,0.00,0.99,3,0.5000,18.50,97,17,0.00,17,5.37,6.58,5.10,99.90
582259,0.00,0.00,2,14.51,13.60,10,14.59,183,0.27,0.28,1420,0.00,1.00,3,0.5000,17.50,97,17,0.00,17,5.51,6.54,4.71,99.90
582364,0.00,0.00,2,14.51,13.60,10,14.60,185,0.27,0.28,1296,0.00,1.00,3,0.5000,17.00,97,17,0.00,17,5.66,6.00,4.71,99.90
582467,0.00,0.00,2,14.51,13.60,10,14.60,185,0.28,0.29,1228,0.00,1.00,4,0.5000,17.00,97,11,0.00,17,5.80,5.98,4.71,99.90
582571,0.00,0.00,2,14.51,13.68,10,14.61,185,0.29,0.30,1199,0.00,1.00,4,0.5000,17.00,97,2,0.00,17,5.80,5.82,4.71,99.90
582676,0.00,0.00,2,14.51,13.76,10,14.61,185,0.29,0.30,1176,0.00,1.00,4,0.5000,17.00,97,0,0.00,17,5.95,5.82,4.31,99.90
582780,0.00,0.00,2,14.51,13.68,10,14.62,185,0.30,0.30,1157,0.00,1.00,4,0.5000,17.00,97,0,0.00,17,5.95,5.87,4.31,99.90
582884,0.00,0.00,2,14.51,13.68,10,14.62,185,0.30,0.31,1140,0.00,1.00,4,0.5000,17.00,97,0,0.00,17,5.95,5.82,4.31,99.90
582988,0.00,0.00,2,14.51,13.60,10,14.62,185,0.30,0.31,1125,0.00,1.00,4,0.5000,17.00,97,0,0.00,17,6.09,5.76,4.31,99.90
583091,0.00,0.00,2,14.51,13.60,10,14.63,185,0.31,0.31,1105,0.00,1.00,4,0.5000,17.00,97,0,0.00,17,6.09,5.71,4.31,99.90
583196,0.00,0.00,2,14.51,13.76,10,14.63,185,0.31,0.31,1092,0.00,1.00,4,0.5000,17.00,97,0,0.00,17,6.09,5.58,4.31,99.90
583300,0.00,0.00,2,14.51,13.68,10,14.63,185,0.31,0.31,1080,0.00,1.00,4,0.5000,22.00,97,0,0.00,17,6.24,5.61,4.31,99.90
583404,0.00,0.00,1,14.51,13.68,10,14.63,183,0.30,0.30,1067,0.00,1.00,4,0.5000,22.00,97,0,0.00,17,6.24,5.42,4.31,99.90
583508,0.00,0.00,1,14.51,13.60,10,14.63,185,0.30,0.31,1068,0.00,1.00,4,0.5000,22.00,97,0,0.00,17,6.24,5.39,4.31,99.90
583612,0.00,-2.34,1,14.51,13.68,10,14.64,185,0.30,0.31,1057,0.00,0.98,4,0.5000,18.50,97,0,0.00,17,6.24,5.39,4.71,99.90
583716,0.00,-2.34,1,14.51,13.76,10,14.63,185,0.30,0.30,1109,0.00,0.97,4,0.5000,21.00,97,0,0.00,17,6.53,5.71,5.88,99.90
583820,0.00,-2.34,2,14.51,13.60,10,14.60,185,0.30,0.29,1248,0.00,0.97,4,0.5000,24.00,97,0,0.00,17,6.53,6.10,5.88,99.90
583924,0.00,-2.34,2,14.51,13.60,10,14.59,185,0.28,0.26,1406,0.00,0.97,4,0.5000,25.50,97,0,0.00,17,6.24,6.05,5.88,96.00
584028,0.00,0.00,2,14.51,13.44,10,14.59,183,0.27,0.25,1468,0.00,0.97,4,0.5000,26.00,97,0,0.00,17,6.09,6.39,5.88,60.50
584132,0.00,0.00,2,14.51,13.60,10,14.58,183,0.27,0.27,1473,0.00,0.97,4,0.5000,26.00,97,0,0.00,17,5.95,6.68,5.88,29.40
584236,0.00,0.00,2,14.51,13.68,10,14.58,183,0.27,0.27,1481,0.00,0.97,4,0.5000,26.00,97,0,0.00,17,5.95,6.73,5.88,22.00
584340,0.00,0.00,2,14.51,13.68,10,14.59,183,0.27,0.28,1464,0.00,0.97,4,0.5000,26.00,97,0,0.00,17,5.80,6.49,5.88,19.80
584444,0.00,0.00,2,14.51,13.68,10,14.58,183,0.27,0.26,1473,0.00,0.97,4,0.5000,26.00,97,0,0.00,17,5.80,6.54,5.88,18.30
584548,0.00,0.00,2,14.51,13.60,10,14.59,183,0.27,0.26,1464,0.00,0.97,4,0.5000,26.00,97,0,0.00,17,5.80,6.58,5.88,17.20
584652,-0.78,0.00,2,14.51,13.60,8,14.58,183,0.27,0.26,1476,0.00,1.00,4,0.5000,25.50,97,0,0.00,17,5.80,6.40,5.88,16.40
584756,-0.78,0.00,2,14.51,13.68,8,14.59,183,0.27,0.27,1457,0.00,1.00,4,0.5000,25.50,97,0,0.00,17,5.66,6.46,5.88,14.60
584859,-1.56,0.00,2,14.51,13.68,8,14.59,183,0.27,0.27,1452,0.00,0.99,4,0.5000,25.50,97,0,0.00,17,5.66,6.52,5.88,15.00
584964,-1.56,0.00,2,14.51,13.60,8,14.59,183,0.27,0.27,1449,0.00,0.99,4,0.5000,26.00,97,0,0.00,17,5.66,6.43,5.88,14.70
585068,-1.56,0.00,2,14.51,13.52,8,14.59,183,0.27,0.27,1460,0.00,0.99,4,0.5000,25.50,97,0,0.00,17,5.66,6.39,5.88,13.90
585171,-2.34,0.00,2,14.51,13.68,8,14.59,183,0.26,0.26,1445,0.00,0.99,4,0.5000,25.50,97,0,0.00,17,5.80,6.36,5.88,14.30
585276,-2.34,0.00,2,14.51,13.68,8,14.59,183,0.26,0.25,1452,0.00,1.00,4,0.5000,25.50,97,0,0.00,17,5.80,6.09,5.88,14.30
585380,-3.12,0.00,2,14.51,13.68,8,14.59,183,0.26,0.26,1442,0.00,1.00,4,0.5000,25.50,97,0,0.00,17,5.80,6.23,5.88,14.30
585484,-2.34,0.00,2,14.51,13.60,8,14.59,183,0.26,0.26,1440,0.00,1.01,4,0.5000,25.50,97,0,0.00,17,5.80,6.44,5.88,14.30
585587,-2.34,0.00,2,14.51,13.52,8,14.59,183,0.26,0.27,1448,0.00,1.02,4,0.5000,25.50,97,0,0.00,17,5.80,6.44,5.88,14.40
585692,-2.34,0.00,2,14.51,13.60,8,14.59,183,0.27,0.27,1438,0.00,1.02,4,0.5000,25.50,97,0,0.00,17,5.80,6.51,5.88,14.30
585796,-1.56,0.00,2,14.51,13.60,8,14.59,183,0.27,0.27,1439,0.00,1.03,4,0.5000,25.50,97,0,0.00,17,5.80,6.41,6.27,14.50
585900,-0.78,0.00,2,14.51,13.68,8,14.59,183,0.27,0.28,1443,0.00,1.03,4,0.5000,25.50,97,0,0.00,17,6.09,6.91,6.67,14.50
586004,0.00,0.00,2,14.51,13.60,8,14.59,183,0.29,0.31,1439,0.00,1.03,4,0.5000,26.50,97,0,0.00,17,6.24,7.42,6.67,14.80
586108,0.78,0.00,2,14.51,13.04,8,14.59,183,0.29,0.30,1454,0.00,1.03,4,0.5000,27.00,97,0,0.00,17,6.53,7.58,7.84,14.80
586212,3.12,0.00,2,14.51,13.60,8,14.58,183,0.32,0.35,1486,0.00,0.93,4,0.5000,27.50,97,0,0.00,17,6.96,8.77,7.84,15.00
586316,4.69,0.00,2,14.51,13.36,8,14.58,183,0.33,0.36,1473,0.00,1.03,4,0.5000,28.50,97,0,0.00,17,7.11,8.83,7.84,15.20
586420,5.47,0.00,2,14.51,13.60,8,14.58,183,0.35,0.36,1500,0.00,1.04,4,0.5000,29.00,97,0,0.00,17,7.25,8.80,7.84,15.30
586524,6.25,0.00,2,14.51,13.60,8,14.58,183,0.35,0.36,1484,0.00,1.04,4,0.5000,29.00,97,0,0.00,17,7.40,9.06,7.84,15.20
586628,6.25,0.00,2,14.51,13.52,8,14.58,183,0.36,0.37,1480,0.00,1.04,4,0.5000,29.00,97,0,0.00,17,7.55,8.98,7.84,15.10
586732,7.03,0.00,2,14.51,13.52,8,14.57,183,0.36,0.36,1470,0.00,1.05,4,0.5000,29.00,97,0,0.00,17,7.69,8.84,7.84,14.90
586836,7.03,0.00,2,14.51,13.60,8,14.57,183,0.36,0.35,1493,0.00,1.05,4,0.5000,29.00,97,0,0.00,17,7.69,9.06,7.84,14.80
586942,7.03,0.00,2,14.51,13.52,8,14.56,183,0.35,0.34,1495,0.00,1.04,4,0.5000,27.00,97,0,0.00,17,7.11,7.74,5.88,14.60
587044,7.03,0.00,2,14.51,13.60,8,14.57,183,0.32,0.28,1474,0.00,1.10,4,0.5000,23.50,97,0,0.00,17,6.67,6.82,5.88,14.50
587148,6.25,0.00,2,14.51,13.52,8,14.58,183,0.30,0.26,1442,0.00,1.09,4,0.5000,21.00,97,0,0.00,17,6.24,6.08,5.88,14.50
587252,4.69,0.00,2,14.51,13.52,8,14.59,183,0.28,0.26,1405,0.00,1.00,4,0.5000,19.50,97,0,0.00,17,6.09,6.25,5.88,14.20
587356,0.00,0.00,2,14.51,13.12,10,14.59,183,0.28,0.28,1340,0.00,1.00,4,0.5000,17.50,97,0,0.00,17,6.09,6.34,5.49,14.10
587460,0.00,0.00,2,14.51,13.60,10,14.60,183,0.28,0.29,1292,0.00,1.00,4,0.5000,17.00,97,0,0.00,17,6.09,5.95,5.49,13.90
587564,0.00,0.00,2,14.51,13.60,10,14.60,183,0.29,0.30,1232,0.00,1.00,4,0.5000,17.00,97,0,0.00,17,6.24,6.03,5.49,14.20
587668,0.00,0.00,2,14.51,13.60,10,14.61,183,0.29,0.31,1180,0.00,1.00,4,0.5000,22.00,97,0,0.00,17,6.38,6.00,5.10,14.10
587772,0.00,0.00,2,14.51,13.44,10,14.63,183,0.31,0.34,1102,0.00,1.00,4,0.5000,22.00,97,0,0.00,17,6.67,5.98,5.10,15.90
587876,0.00,0.00,2,14.51,13.68,10,14.64,183,0.32,0.34,1023,0.00,1.00,4,0.5000,18.00,97,0,0.00,17,6.82,5.90,4.71,17.00
587980,0.00,0.00,2,14.51,13.60,10,14.62,183,0.31,0.30,1166,0.00,1.00,4,0.5000,17.00,97,0,0.00,17,6.67,5.76,4.71,19.40
588084,0.00,0.00,2,14.51,13.68,10,14.60,183,0.30,0.27,1248,0.00,1.00,4,0.5000,17.50,97,0,0.00,17,6.38,5.71,5.49,21.80
588188,0.00,0.00,2,14.51,13.68,10,14.60,183,0.28,0.27,1298,0.00,1.00,4,0.5000,17.50,97,0,0.00,17,6.24,5.87,5.49,19.10
588292,0.00,0.00,2,14.51,13.68,10,14.60,183,0.28,0.27,1302,0.00,1.00,4,0.5000,17.50,97,0,0.00,17,6.09,5.92,5.49,13.60
588396,-3.12,0.00,2,14.51,13.60,8,14.60,183,0.28,0.28,1296,0.00,1.00,4,0.5000,17.50,97,0,0.00,17,6.09,6.03,5.49,13.50
588500,-2.34,0.00,2,14.51,13.44,8,14.60,183,0.28,0.28,1290,0.00,1.00,4,0.5000,17.50,97,0,0.00,17,6.09,5.98,5.49,13.50
588604,-1.56,0.00,2,14.51,13.60,8,14.60,183,0.28,0.29,1272,0.00,1.00,4,0.5000,17.00,97,0,0.00,17,6.09,5.95,5.49,14.30
588708,-0.78,0.00,2,14.51,13.68,8,14.60,183,0.28,0.29,1237,0.00,1.00,4,0.5000,17.00,97,0,0.00,17,6.09,5.98,5.49,14.50
588812,-0.78,0.00,2,14.51,13.68,8,14.60,183,0.29,0.30,1226,0.00,1.00,4,0.5000,17.00,97,0,0.00,17,6.24,5.92,5.10,14.50
588916,0.00,0.00,2,14.51,13.60,8,14.60,183,0.29,0.28,1236,0.00,1.00,4,0.5000,17.00,97,0,0.00,17,6.24,5.87,5.10,14.80
589020,0.00,0.00,2,14.51,13.60,8,14.60,183,0.28,0.28,1259,0.00,1.00,4,0.5000,17.00,97,0,0.00,17,6.09,5.87,5.49,14.70
589124,0.00,0.00,2,14.51,12.72,8,14.60,183,0.28,0.28,1251,0.00,1.00,4,0.5000,17.00,97,0,0.00,17,6.09,5.79,5.10,14.70
589228,0.00,0.00,2,14.51,12.80,8,14.60,183,0.28,0.28,1244,0.00,1.00,4,0.5000,17.00,97,0,0.00,17,6.24,5.82,5.10,14.80
589332,0.00,0.00,2,14.51,13.28,8,14.60,183,0.29,0.30,1209,0.00,1.00,4,0.5000,17.00,97,0,0.00,17,6.24,5.82,5.49,14.80
589436,0.00,0.00,2,14.51,13.44,8,14.61,183,0.30,0.31,1157,0.00,1.00,4,0.5000,22.00,97,0,0.00,17,6.53,5.95,5.10,14.50
589540,0.00,0.00,2,14.51,13.52,8,14.62,183,0.30,0.32,1129,0.00,1.00,4,0.5000,22.00,97,0,0.00,17,6.67,6.00,5.49,14.50
589644,0.00,0.00,2,14.51,13.44,8,14.62,183,0.31,0.32,1120,0.00,1.00,4,0.5000,21.50,97,0,0.00,17,6.82,5.82,5.10,14.60
589748,0.00,0.00,2,14.51,13.60,8,14.62,183,0.31,0.31,1127,0.00,1.00,4,0.5000,21.00,97,0,0.00,17,6.82,5.79,5.10,14.60
589852,0.00,0.00,2,14.51,13.60,8,14.62,183,0.31,0.31,1122,0.00,1.00,4,0.5000,21.00,97,0,0.00,17,6.82,5.61,5.10,14.50
589956,0.00,0.00,2,14.51,13.36,8,14.63,183,0.31,0.30,1118,0.00,1.00,4,0.5000,21.00,97,0,0.00,17,6.82,5.68,5.10,14.50
590060,0.00,0.00,2,14.51,13.52,8,14.63,183,0.31,0.31,1095,0.00,1.00,4,0.5000,22.00,97,0,0.00,17,6.82,5.76,5.10,14.60
590164,-0.78,0.00,2,14.51,13.44,8,14.64,183,0.31,0.32,1060,0.00,1.00,4,0.5000,22.00,97,0,0.00,17,6.96,5.74,5.10,14.50
590268,-0.78,0.00,2,14.51,13.60,8,14.64,183,0.32,0.33,1046,0.00,1.00,4,0.5000,22.00,97,0,0.00,17,7.11,5.58,5.10,14.50
590372,-0.78,0.00,1,14.51,13.52,8,14.64,183,0.31,0.32,1032,0.00,1.00,4,0.5000,22.00,97,0,0.00,17,7.11,5.55,5.10,14.40
590476,-0.78,0.00,1,14.51,13.68,8,14.64,183,0.31,0.31,1029,0.00,1.00,4,0.5000,22.00,97,0,0.00,17,7.11,5.24,5.10,14.50
590581,-0.78,-2.34,1,14.51,13.60,8,14.65,183,0.32,0.33,1017,0.00,1.00,4,0.5000,22.00,97,0,0.00,17,7.25,5.58,5.10,14.50
590684,-0.78,-2.34,1,14.51,13.44,8,14.65,183,0.32,0.32,998,0.00,1.00,4,0.5000,22.00,97,0,0.00,17,7.25,5.29,5.10,14.50
590788,-0.78,-2.34,1,14.51,13.52,8,14.65,183,0.32,0.32,978,0.00,1.00,4,0.5000,22.00,97,0,0.00,17,7.55,5.47,5.49,14.40
590892,0.00,-2.34,1,14.51,13.60,8,14.66,183,0.33,0.35,970,0.00,1.00,4,0.5000,22.00,97,0,0.00,17,7.69,5.79,5.49,14.50
590996,0.00,-2.34,2,14.51,13.68,8,14.66,183,0.34,0.38,945,0.00,1.00,4,0.5000,22.00,97,0,0.00,17,7.84,5.92,5.49,14.60
591100,0.78,-2.34,2,14.51,13.60,8,14.66,183,0.35,0.36,956,0.00,1.00,4,0.5000,22.00,97,0,0.00,17,7.98,5.68,5.49,14.50
591204,0.78,0.00,2,14.51,13.52,8,14.66,183,0.35,0.36,970,0.00,1.00,4,0.5000,21.00,97,0,0.00,17,8.13,5.82,5.10,15.20
591308,1.56,0.00,2,14.51,13.60,8,14.66,183,0.36,0.36,961,0.00,1.00,4,0.5000,22.00,97,0,0.00,17,8.13,5.74,5.10,14.90
591412,1.56,0.00,2,14.51,13.52,8,14.66,183,0.36,0.36,963,0.00,1.00,4,0.5000,21.50,97,0,0.00,17,8.13,5.68,5.10,15.20
591516,1.56,0.00,2,14.51,13.60,8,14.66,183,0.36,0.37,946,0.00,1.00,4,0.5000,22.00,97,0,0.00,17,8.13,5.76,5.49,15.20
591620,1.56,0.00,2,14.51,13.52,8,14.67,183,0.36,0.37,917,0.00,1.00,4,0.5000,22.00,97,0,0.00,17,8.27,5.74,5.49,15.00
591724,0.78,0.00,2,14.51,13.52,8,14.67,183,0.37,0.37,924,0.00,1.00,4,0.5000,20.50,97,0,0.00,17,8.42,5.90,5.49,15.00
591828,0.78,0.00,2,14.51,13.60,8,14.66,183,0.37,0.36,946,0.00,1.00,4,0.5000,17.00,97,0,0.00,17,8.27,5.84,5.49,14.70
591932,0.78,0.00,2,14.51,13.60,8,14.64,183,0.36,0.34,1026,0.00,1.00,4,0.5000,12.00,97,0,0.00,17,7.98,5.74,5.49,14.50
592036,0.78,0.00,2,14.51,13.60,8,14.62,183,0.34,0.31,1117,0.00,1.06,4,0.5000,12.00,97,0,0.00,17,7.69,5.63,5.49,14.50
592140,0.78,0.00,2,14.51,13.44,8,14.62,183,0.32,0.30,1130,0.00,1.00,4,0.5000,12.00,97,0,0.00,17,7.55,5.63,5.10,14.50
592244,0.78,0.00,2,14.51,13.60,8,14.63,183,0.32,0.31,1094,0.00,1.00,4,0.5000,13.50,97,0,0.00,17,7.40,5.74,5.10,14.60
592348,1.56,0.00,2,14.51,13.60,8,14.63,183,0.32,0.32,1098,0.00,1.00,4,0.5000,14.00,97,0,0.00,17,7.25,5.84,5.10,14.70
592453,2.34,0.00,2,14.51,13.52,8,14.63,183,0.32,0.32,1076,0.00,1.00,3,0.5000,15.50,97,0,0.00,17,7.11,5.71,5.10,14.80
592556,2.34,0.00,2,14.51,13.60,8,14.63,183,0.32,0.32,1078,0.00,1.00,3,0.5000,16.00,97,0,0.00,17,7.11,5.63,5.10,14.80
592660,2.34,0.00,2,14.51,13.52,8,14.64,183,0.32,0.32,1061,0.00,1.00,3,0.5000,16.50,97,0,0.00,17,7.11,5.63,5.10,14.80
592764,2.34,0.00,2,14.51,13.52,8,14.64,183,0.32,0.32,1049,0.00,1.00,3,0.5000,17.00,97,0,0.00,17,7.11,5.74,5.10,14.90
592868,2.34,0.00,2,14.51,13.60,8,14.64,183,0.32,0.33,1027,0.00,1.00,3,0.5000,17.50,97,0,0.00,17,7.25,5.61,5.10,14.80
592972,1.56,0.00,2,14.51,13.52,8,14.65,183,0.32,0.33,1013,0.00,1.00,3,0.5000,19.00,97,0,0.00,17,7.25,5.58,5.10,15.00
593077,1.56,0.00,2,14.51,13.60,8,14.65,183,0.33,0.34,988,0.00,1.00,3,0.5000,20.50,97,0,0.00,17,7.40,5.68,5.49,14.50
593180,1.56,0.00,2,14.51,13.60,8,14.66,183,0.34,0.36,968,0.00,1.00,3,0.5000,21.50,97,0,0.00,17,7.69,5.76,5.49,14.50
593285,0.78,0.00,2,14.51,13.52,8,14.65,183,0.35,0.37,973,0.00,1.00,3,0.5000,20.50,97,0,0.00,17,7.84,5.98,5.49,14.50
593388,0.78,0.00,2,14.51,13.52,8,14.66,183,0.36,0.37,962,0.00,1.00,3,0.5000,21.00,97,0,0.00,17,7.98,5.95,5.49,14.40
593493,0.78,0.00,2,14.51,13.36,8,14.66,183,0.36,0.38,938,0.00,1.00,3,0.5000,22.00,97,0,0.00,17,8.13,5.87,5.49,14.60
593596,0.78,0.00,2,14.51,13.44,8,14.66,183,0.37,0.38,930,0.00,1.00,3,0.5000,22.00,97,0,0.00,17,8.27,5.90,5.10,14.20
593701,0.78,0.00,2,14.51,13.60,8,14.67,183,0.37,0.40,899,0.00,1.00,3,0.5000,22.00,97,0,0.00,17,8.42,5.92,5.10,14.30
593804,0.00,0.00,2,14.51,13.44,8,14.67,183,0.38,0.41,880,0.00,1.00,3,0.5000,22.00,97,0,0.00,17,8.56,5.87,5.10,14.30
593909,0.00,0.00,2,14.51,13.60,8,14.68,183,0.39,0.41,843,0.00,0.99,3,0.5000,22.00,97,0,0.00,17,8.71,5.79,5.88,14.30
594012,0.00,0.00,2,14.51,13.60,8,14.68,183,0.40,0.42,849,0.00,0.99,3,0.5000,21.50,97,0,0.00,17,9.00,6.03,5.88,14.50
594116,0.00,0.00,2,14.51,13.60,8,14.67,183,0.40,0.40,890,0.00,0.99,3,0.5000,17.00,97,0,0.00,17,9.14,6.00,6.27,14.40
594221,0.00,0.00,2,14.51,13.60,8,14.66,183,0.39,0.38,968,0.00,0.99,3,0.5000,13.00,97,0,0.00,17,9.00,6.25,6.27,14.50
594325,0.78,0.00,2,14.51,13.60,8,14.64,183,0.38,0.34,1048,0.00,1.06,3,0.5000,12.00,97,0,0.00,17,8.71,6.08,6.27,14.40
594429,1.56,0.00,2,14.51,13.68,8,14.63,183,0.36,0.34,1089,0.00,1.00,3,0.5000,12.00,97,0,0.00,17,8.56,6.10,6.27,15.10
594533,1.56,0.00,2,14.51,13.52,8,14.62,183,0.35,0.34,1108,0.00,1.00,3,0.5000,19.50,97,0,0.00,17,9.00,6.39,10.20,14.80
594637,3.91,0.00,2,14.51,13.68,8,14.62,183,0.39,0.46,1162,0.00,0.82,3,0.5000,24.00,97,0,0.00,17,10.74,9.96,13.33,15.00
594741,3.12,0.00,3,14.51,13.52,8,14.60,183,0.47,0.55,1279,0.00,0.84,3,0.5000,31.00,97,0,0.00,17,11.46,12.19,13.33,15.20
594845,1.56,0.00,3,14.51,13.52,8,14.59,183,0.49,0.52,1377,0.00,0.98,2,0.5000,33.50,97,0,0.00,17,11.61,12.29,13.33,15.20
594948,7.81,0.78,3,14.51,13.36,8,14.59,183,0.51,0.53,1438,0.00,0.98,2,0.5000,35.00,97,0,0.00,17,11.46,12.61,13.33,15.40
595053,14.06,0.78,3,14.51,13.60,8,14.59,183,0.52,0.53,1458,0.00,0.98,2,0.5000,36.00,99,0,0.00,17,11.46,12.91,13.33,16.30
595157,14.84,0.78,3,14.51,13.52,8,14.58,183,0.52,0.51,1514,0.00,0.98,2,0.5000,37.50,99,0,0.00,17,11.32,13.01,13.33,16.20
595261,11.72,0.78,3,14.51,13.44,8,14.58,185,0.52,0.52,1535,0.00,0.98,2,0.5000,37.50,99,0,0.00,17,11.17,13.51,13.33,15.50
595364,10.94,0.78,3,14.51,13.60,8,14.58,185,0.52,0.54,1556,0.00,0.99,2,0.5000,38.50,99,0,0.00,17,11.17,14.09,12.94,16.40
595469,11.72,3.12,3,14.51,13.60,8,14.58,185,0.53,0.52,1580,0.00,1.00,2,0.5000,39.00,99,0,0.00,17,11.17,14.11,12.94,14.40
595573,10.94,3.12,3,14.51,13.60,8,14.58,185,0.53,0.53,1573,0.00,1.01,2,0.5000,39.50,99,0,0.00,17,11.03,14.13,12.94,14.30
595677,9.38,3.12,3,14.51,13.52,8,14.58,185,0.54,0.54,1578,0.00,1.01,2,0.5000,40.00,99,0,0.00,17,11.17,14.77,12.94,14.30
595780,9.38,3.12,3,14.51,13.44,8,14.58,185,0.55,0.55,1586,0.00,1.02,2,0.5000,40.00,99,0,0.00,17,11.17,14.60,12.94,14.20
595884,8.59,3.12,3,14.51,13.52,8,14.58,185,0.55,0.55,1580,0.00,1.02,2,0.5000,40.00,99,0,0.00,17,11.17,14.48,12.94,14.20
595988,7.81,3.12,3,14.51,13.52,8,14.58,185,0.56,0.56,1562,0.00,1.02,2,0.5000,40.00,99,0,0.00,17,11.17,14.63,12.94,14.20
596093,7.03,3.12,3,14.51,13.60,8,14.58,185,0.56,0.57,1564,0.00,1.02,2,0.5000,40.00,99,0,0.00,17,11.32,14.91,14.90,14.10
596197,6.25,3.12,3,14.51,13.52,8,14.58,185,0.58,0.61,1582,0.00,1.02,2,0.5000,39.50,97,0,0.50,17,11.90,16.31,15.69,14.20
596301,7.81,3.12,3,14.51,13.44,8,14.58,185,0.61,0.64,1601,0.00,0.98,2,0.5000,39.00,97,0,1.00,17,12.48,17.38,17.65,14.30
596405,8.59,3.12,3,14.51,13.52,8,14.58,185,0.64,0.67,1621,0.00,1.02,2,0.5000,38.50,97,0,1.00,17,12.62,18.03,17.65,14.20
596509,7.81,3.12,3,14.51,13.52,8,14.58,185,0.65,0.65,1659,0.00,1.01,2,0.5000,39.00,97,0,1.00,17,12.77,18.30,17.65,15.00
596613,8.59,3.12,3,14.51,13.60,8,14.58,185,0.65,0.65,1695,0.00,1.01,2,0.5000,39.00,97,0,1.00,17,12.62,18.50,17.65,14.50
596716,8.59,3.12,3,14.51,13.52,8,14.58,185,0.66,0.66,1710,0.00,1.01,2,0.5000,39.00,97,0,1.00,17,12.62,18.93,17.65,14.60
596821,8.59,3.12,3,14.51,13.44,8,14.58,185,0.66,0.67,1722,0.00,1.01,2,0.5000,39.00,97,0,1.00,17,12.48,18.93,17.65,14.50
596925,7.81,3.12,3,14.51,13.44,8,14.58,185,0.67,0.67,1724,0.00,1.01,2,0.5000,38.50,97,0,1.00,17,12.62,19.69,17.65,14.30
597029,7.81,3.12,3,14.51,13.52,8,14.58,185,0.67,0.68,1728,0.00,1.01,2,0.5000,38.50,97,0,1.00,17,12.62,19.90,17.65,14.40
597133,7.81,3.12,3,14.51,13.52,8,14.58,185,0.68,0.69,1731,0.00,1.01,2,0.5000,38.50,97,0,1.00,17,12.77,20.00,17.65,14.40
597237,7.03,3.12,3,14.51,13.52,8,14.58,185,0.69,0.70,1740,0.00,1.01,2,0.5000,38.00,97,0,1.00,17,12.62,20.22,17.65,14.30
597341,6.25,3.12,3,14.51,13.36,8,14.58,185,0.69,0.70,1742,0.00,1.01,2,0.5000,38.00,97,0,1.00,17,12.77,20.54,17.65,14.20
597445,4.69,3.12,3,14.51,13.52,8,14.58,185,0.70,0.70,1748,0.00,1.01,2,0.5000,38.00,97,0,1.00,17,12.77,20.22,17.65,14.20
597549,4.69,3.12,3,14.51,13.52,8,14.58,185,0.70,0.70,1748,0.00,1.01,2,0.5000,37.50,97,0,1.00,17,12.77,20.76,17.65,14.10
597653,3.91,3.12,3,14.51,13.60,8,14.58,185,0.70,0.70,1753,0.00,1.01,2,0.5000,37.50,97,0,1.00,17,12.77,21.08,17.65,14.30
597757,3.12,3.12,3,14.51,13.60,8,14.58,185,0.71,0.70,1755,0.00,1.01,2,0.5000,37.50,97,1,1.00,17,12.77,20.76,17.65,14.30
597861,2.34,3.12,3,14.51,13.44,8,14.58,185,0.71,0.71,1758,0.00,1.01,2,0.5000,37.50,97,0,1.00,17,12.77,20.86,17.65,14.20
597965,2.34,3.12,3,14.51,13.44,8,14.58,185,0.72,0.72,1774,0.00,1.01,2,0.5000,37.50,97,1,1.00,17,12.77,21.30,17.65,14.20
598070,2.34,3.12,3,14.51,13.52,8,14.58,185,0.72,0.72,1777,0.00,1.01,2,0.5000,37.50,97,1,1.00,17,12.77,21.19,17.65,14.40
598173,1.56,3.12,3,14.51,13.52,8,14.58,185,0.72,0.72,1782,0.00,1.01,2,0.5000,37.50,97,1,1.00,17,12.77,21.73,17.65,14.30
598276,0.78,3.12,3,14.51,13.52,8,14.58,185,0.72,0.73,1784,0.00,1.01,2,0.5000,37.50,97,1,1.00,17,12.62,21.40,16.86,14.30
598381,0.00,3.12,3,14.51,13.44,8,14.58,185,0.72,0.71,1782,0.00,1.02,2,0.5000,38.00,97,1,1.00,17,12.48,20.97,16.47,14.30
598485,-1.56,3.12,3,14.51,13.52,8,14.58,185,0.71,0.71,1778,0.00,1.02,2,0.5000,38.00,97,1,1.00,17,12.48,20.68,16.47,14.20
598589,-2.34,3.12,3,14.51,13.52,8,14.58,185,0.71,0.72,1770,0.00,1.02,2,0.5000,38.00,97,1,1.00,17,12.33,20.90,16.47,14.10
598693,-2.34,3.12,3,14.51,13.52,8,14.58,185,0.71,0.72,1748,0.00,1.02,2,0.5000,38.00,97,2,1.00,17,12.48,21.11,16.47,14.20
598797,-2.34,3.12,3,14.51,13.52,8,14.58,185,0.72,0.73,1751,0.00,1.02,2,0.5000,38.00,97,2,1.00,17,12.33,20.90,16.08,14.30
598901,-2.34,3.12,3,14.51,13.04,8,14.58,185,0.71,0.70,1752,0.00,1.02,2,0.5000,38.00,97,2,1.00,17,12.33,20.36,16.08,14.40
599005,-3.12,3.12,3,14.51,13.52,8,14.58,185,0.71,0.71,1748,0.00,1.02,2,0.5000,38.00,97,2,1.00,17,12.33,20.48,16.08,14.40
599109,-2.34,3.12,3,14.51,13.52,8,14.58,185,0.71,0.71,1738,0.00,1.03,2,0.5000,38.00,97,2,1.00,17,12.33,20.69,16.08,14.40
599213,-2.34,3.12,3,14.51,13.60,8,14.58,185,0.71,0.71,1738,0.00,1.02,2,0.5000,38.00,97,2,1.00,17,12.04,20.47,14.12,14.50
599318,-2.34,3.12,3,14.51,13.52,8,14.58,185,0.68,0.64,1734,0.00,1.07,2,0.5000,38.50,97,3,1.00,17,11.46,18.34,13.33,14.40
599421,-4.69,3.12,3,14.51,13.44,8,14.58,185,0.66,0.65,1709,0.00,1.03,2,0.5000,39.00,97,3,1.00,17,11.17,18.35,12.94,14.20
599526,-5.47,3.12,3,14.51,13.44,8,14.58,185,0.65,0.64,1676,0.00,1.03,2,0.5000,39.00,97,3,1.00,17,11.17,17.99,12.94,14.00
599630,-6.25,3.12,3,14.51,13.36,8,14.58,185,0.65,0.66,1654,0.00,1.03,2,0.5000,38.50,97,3,1.00,17,11.17,18.12,13.33,14.10
599734,-6.25,3.12,3,14.51,13.60,8,14.58,185,0.65,0.66,1653,0.00,1.04,2,0.5000,38.50,97,3,1.00,17,11.32,17.84,13.33,14.20
599838,-6.25,3.12,3,14.51,13.44,8,14.58,185,0.65,0.64,1642,0.00,1.04,2,0.5000,38.50,97,4,1.00,17,11.32,17.45,13.33,14.30
599941,-6.25,3.12,3,14.51,13.60,8,14.58,185,0.64,0.63,1640,0.00,1.04,2,0.5000,38.50,97,4,1.00,17,11.32,17.25,12.94,14.40
600046,-6.25,3.12,3,14.51,13.52,8,14.58,185,0.64,0.64,1628,0.00,1.04,2,0.5000,38.50,97,4,1.00,17,11.32,17.45,12.94,14.50
600150,-5.47,3.12,3,14.51,13.52,8,14.58,185,0.63,0.63,1632,0.00,1.04,2,0.5000,39.00,97,4,1.00,17,11.17,17.06,12.94,14.50
600254,-5.47,3.12,3,14.51,13.52,8,14.58,185,0.63,0.63,1634,0.00,1.04,2,0.5000,39.50,97,4,0.50,17,10.88,16.68,10.20,14.60
600357,-4.69,3.12,3,14.51,13.36,8,14.58,185,0.58,0.52,1644,0.00,1.16,2,0.5000,41.00,97,4,0.00,17,9.58,12.64,7.45,14.60
600461,-7.03,3.12,3,14.51,13.52,8,14.57,185,0.51,0.44,1577,0.00,1.18,2,0.5000,36.00,97,4,0.00,17,8.71,11.38,7.45,14.40
600566,-10.94,3.12,3,14.51,13.60,8,14.57,185,0.48,0.45,1473,0.00,1.11,2,0.5000,33.00,97,5,0.00,17,8.27,10.82,6.67,13.90
600670,-11.72,3.12,3,14.51,13.60,8,14.57,185,0.46,0.44,1398,0.00,1.06,2,0.5000,30.50,97,5,0.00,17,7.98,10.16,6.67,13.70
600774,-14.84,3.12,3,14.51,13.52,8,14.57,185,0.46,0.45,1312,0.00,1.06,2,0.5000,29.50,97,5,0.00,17,7.84,9.84,6.67,13.60
600878,-19.53,2.34,2,14.51,13.52,8,14.58,185,0.46,0.46,1279,0.00,1.06,2,0.5000,29.50,97,5,0.00,17,7.84,9.76,6.67,13.50
600982,-21.09,3.12,2,14.51,13.60,8,14.58,185,0.46,0.47,1263,0.00,1.06,2,0.5000,29.50,97,5,0.00,17,7.98,10.11,7.06,13.10
601086,-20.31,3.12,3,14.51,13.28,8,14.58,185,0.47,0.48,1247,0.00,1.07,2,0.5000,29.50,97,5,0.00,17,8.27,10.09,7.45,13.00
601190,-18.75,3.12,3,14.51,13.52,8,14.58,185,0.49,0.50,1229,0.00,1.07,2,0.5000,29.50,97,4,0.00,17,8.56,10.43,7.45,13.40
601294,-17.19,3.12,3,14.51,13.60,8,14.58,185,0.50,0.52,1206,0.00,1.07,2,0.5000,29.50,97,4,0.00,17,8.85,10.34,7.84,13.90
601397,-14.84,3.12,3,14.51,13.52,8,14.58,185,0.51,0.52,1206,0.00,1.08,2,0.5000,30.00,97,4,0.00,17,9.00,10.40,7.84,14.20
601501,-10.94,3.12,3,14.51,13.52,8,14.57,185,0.51,0.52,1198,0.00,1.09,2,0.5000,30.00,97,4,0.00,17,9.29,10.41,7.84,17.10
601606,-8.59,3.12,3,14.51,13.52,8,14.57,185,0.51,0.52,1208,0.00,1.09,2,0.5000,30.50,97,4,0.00,17,9.43,10.56,8.24,15.20
601710,-6.25,3.12,3,14.51,13.44,8,14.57,185,0.52,0.52,1214,0.00,1.09,2,0.5000,30.50,97,4,0.00,17,9.58,10.62,8.63,15.80
601814,-3.91,3.12,3,14.51,13.36,8,14.57,185,0.53,0.55,1222,0.00,1.10,2,0.5000,31.50,97,4,0.00,17,10.01,11.61,9.80,15.90
601918,-1.56,3.12,3,14.51,13.44,8,14.57,185,0.55,0.59,1236,0.00,1.04,2,0.5000,32.00,97,4,0.00,17,10.59,12.19,10.20,15.90
602022,1.56,3.12,3,14.51,13.36,8,14.56,185,0.56,0.58,1266,0.00,1.10,2,0.5000,33.00,99,4,0.00,17,10.74,12.10,10.20,16.10
602126,3.91,3.12,3,14.51,13.60,8,14.56,185,0.56,0.56,1302,0.00,1.10,2,0.5000,33.50,99,4,0.00,17,10.74,12.10,10.20,16.00
602230,5.47,3.12,3,14.51,13.52,8,14.56,185,0.55,0.54,1334,0.00,1.10,2,0.5000,35.00,99,4,0.00,17,10.59,12.24,10.20,16.00
602334,5.47,3.12,3,14.51,13.52,8,14.56,185,0.54,0.51,1382,0.00,1.10,2,0.5000,35.00,99,4,0.00,17,10.30,11.95,9.41,15.50
602438,4.69,3.12,3,14.51,13.44,8,14.56,185,0.52,0.48,1383,0.00,1.19,2,0.5000,32.50,99,4,0.00,17,9.43,10.63,6.67,15.30
602542,3.91,3.12,2,14.51,13.36,8,14.56,185,0.46,0.38,1363,0.00,1.22,2,0.5000,26.50,99,4,0.00,17,8.27,8.39,5.49,17.50
602646,2.34,2.34,2,14.51,13.52,8,14.57,185,0.42,0.36,1294,0.00,1.12,2,0.5000,22.50,99,4,0.00,17,7.84,7.50,5.49,14.30
602749,0.78,2.34,2,14.51,13.60,8,14.59,185,0.40,0.37,1200,0.00,1.01,2,0.5000,24.50,99,1,0.00,17,7.69,7.45,5.49,14.00
602854,0.00,2.34,2,14.51,13.60,8,14.62,185,0.40,0.40,1101,0.00,1.01,2,0.5000,23.00,99,0,0.00,17,7.69,7.21,5.10,13.70
602958,-1.56,2.34,2,14.51,13.44,8,14.64,185,0.41,0.42,1023,0.00,1.00,2,0.5000,22.00,99,0,0.00,17,7.69,7.06,5.10,13.40
603062,-3.12,2.34,2,14.51,13.68,8,14.65,185,0.41,0.42,961,0.00,1.00,2,0.5000,22.00,99,0,0.00,17,7.84,6.82,5.88,13.20
603166,-4.69,2.34,2,14.51,12.96,8,14.65,185,0.42,0.44,958,0.00,1.00,2,0.5000,21.50,99,0,0.00,17,8.13,6.97,5.49,13.10
603270,-6.25,0.00,2,14.51,13.20,8,14.64,185,0.42,0.40,1000,0.00,1.00,2,0.5000,20.00,99,0,0.00,17,8.13,6.58,5.10,12.80
603374,-8.59,0.00,2,14.51,13.68,8,14.65,185,0.41,0.40,998,0.00,1.00,2,0.5000,21.50,99,0,0.00,17,8.13,6.49,5.49,12.60
603478,-10.16,0.00,2,14.51,13.44,8,14.65,185,0.40,0.39,986,0.00,1.00,2,0.5000,20.50,99,0,0.00,17,8.27,6.63,5.49,12.40
603582,-10.16,0.00,2,14.51,13.60,8,14.65,185,0.40,0.41,997,0.00,1.00,2,0.5000,20.00,99,0,0.00,17,8.27,6.78,5.49,12.40
603686,-10.94,0.00,2,14.51,13.68,8,14.65,185,0.40,0.40,984,0.00,1.00,2,0.5000,19.50,99,0,0.00,17,8.42,6.58,5.49,12.60
603790,-10.94,0.00,2,14.51,13.68,8,14.65,185,0.40,0.41,982,0.00,1.00,2,0.5000,20.00,99,0,0.00,17,8.42,6.63,5.49,12.80
603894,-10.16,0.00,2,14.51,13.52,8,14.65,185,0.40,0.40,985,0.00,1.00,2,0.5000,19.00,99,0,0.00,17,8.42,6.49,5.49,13.00
603998,-10.16,0.00,2,14.51,13.52,8,14.65,185,0.40,0.38,984,0.00,1.00,2,0.5000,19.00,99,0,0.00,17,8.27,6.29,4.71,13.40
604102,-10.16,0.00,2,14.51,13.60,8,14.66,185,0.39,0.38,969,0.00,1.00,2,0.5000,20.50,99,0,0.00,17,8.27,5.97,4.71,13.70
604206,-10.16,0.00,2,14.51,13.68,8,14.66,185,0.38,0.36,968,0.00,1.00,2,0.5000,20.50,99,0,0.00,17,7.98,5.74,4.71,14.10
604310,-10.16,0.00,2,14.51,13.52,8,14.66,185,0.37,0.36,944,0.00,1.00,2,0.5000,21.50,99,0,0.00,17,7.98,5.68,4.71,14.10
604415,-10.16,0.00,2,14.51,13.68,8,14.67,185,0.37,0.37,915,0.00,1.00,2,0.5000,22.00,99,0,0.00,17,7.98,5.60,4.71,14.30
604518,-10.94,0.00,1,14.51,13.52,8,14.67,185,0.37,0.37,902,0.00,1.00,2,0.5000,22.00,99,0,0.00,17,7.98,5.42,4.71,14.30
604621,-10.94,0.00,1,14.51,13.36,8,14.68,185,0.37,0.38,875,0.00,1.00,2,0.5000,22.00,99,0,0.00,17,7.84,5.53,4.31,14.30
604727,-10.94,0.00,1,14.51,13.52,8,14.68,185,0.37,0.39,856,0.00,1.00,2,0.5000,22.00,99,0,0.00,17,7.98,5.47,4.31,14.30
604830,-10.94,-2.34,1,14.51,13.60,8,14.69,185,0.38,0.40,814,0.00,1.00,2,0.5000,22.00,99,0,0.00,17,8.13,5.60,5.49,14.30
604934,-10.94,-2.34,2,14.51,13.60,8,14.69,185,0.40,0.47,782,0.00,0.89,2,0.5000,22.00,99,0,0.00,17,8.71,6.15,5.10,14.40
605038,-10.94,-2.34,2,14.51,13.52,8,14.69,185,0.43,0.49,762,0.00,0.89,1,0.5000,21.50,99,0,0.00,17,9.00,6.08,4.71,14.40
605142,-10.94,0.00,2,14.51,13.44,8,14.67,185,0.43,0.45,769,0.00,1.00,0,0.5000,21.50,99,0,0.00,17,9.00,5.63,4.71,14.40
605246,-10.16,0.00,2,14.51,13.68,8,14.67,185,0.43,0.41,810,0.00,1.00,1,0.5000,19.50,100,0,0.00,17,8.85,5.58,4.71,14.50
605350,-10.16,0.00,1,14.51,13.60,8,14.67,185,0.42,0.39,837,0.00,1.00,1,0.5000,16.50,100,0,0.00,17,8.71,5.47,4.31,14.90
605455,-10.16,0.00,1,14.51,13.68,8,14.67,185,0.40,0.38,878,0.00,1.00,1,0.5000,15.50,100,0,0.00,17,8.56,5.58,5.10,14.70
605558,-10.16,0.00,2,14.51,13.52,8,14.67,185,0.39,0.38,912,0.00,1.00,1,0.5000,12.00,100,0,0.00,17,8.42,5.74,5.10,14.80
605662,-10.94,0.00,2,14.51,13.68,8,14.66,185,0.38,0.37,953,0.00,1.00,1,0.5000,12.00,100,0,0.00,17,8.42,5.87,5.49,14.70
605766,-10.16,0.00,2,14.51,13.52,8,14.66,185,0.38,0.35,970,0.00,1.00,1,0.5000,12.00,100,0,0.00,17,8.27,5.87,5.49,14.70
605870,-10.16,0.00,2,14.51,13.68,8,14.65,185,0.37,0.35,1005,0.00,1.00,1,0.5000,12.00,100,0,0.00,17,8.27,5.95,5.49,14.40
605974,-9.38,0.00,2,14.51,13.60,8,14.64,185,0.36,0.35,1022,0.00,1.00,1,0.5000,12.00,100,0,0.00,17,8.13,6.03,5.49,14.70
606078,-8.59,0.00,2,14.51,13.20,8,14.64,185,0.36,0.35,1038,0.00,1.00,1,0.5000,12.00,100,0,0.00,17,7.98,5.97,5.10,14.90
606182,-7.81,0.00,2,14.51,13.28,8,14.65,185,0.36,0.35,1014,0.00,1.00,1,0.5000,14.50,100,0,0.00,17,7.98,5.87,5.10,14.90
606287,-7.03,0.00,2,14.51,13.60,8,14.66,185,0.36,0.38,907,0.00,1.00,1,0.5000,19.00,100,0,0.00,17,7.98,5.76,5.10,15.20
606390,-6.25,0.00,2,14.51,13.76,8,14.68,185,0.38,0.41,847,0.00,1.00,1,0.5000,22.00,100,0,0.00,17,8.27,5.89,5.49,15.30
606495,-5.47,0.00,2,14.51,13.60,8,14.69,185,0.39,0.44,802,0.00,0.91,1,0.5000,22.00,100,0,0.00,17,8.71,5.89,5.49,15.40
606598,-5.47,0.00,2,14.51,13.68,8,14.69,185,0.41,0.43,806,0.00,1.00,1,0.5000,22.00,100,0,0.00,17,8.71,5.89,4.31,15.70
606702,-5.47,0.00,1,14.51,13.60,8,14.68,185,0.40,0.39,838,0.00,1.00,1,0.5000,19.50,100,0,0.00,17,8.56,5.31,4.31,15.80
606806,-6.25,0.00,1,14.51,13.28,8,14.68,185,0.39,0.37,850,0.00,1.00,1,0.5000,19.50,100,0,0.00,17,8.42,5.26,4.31,15.60
606910,-7.03,0.00,1,14.51,13.52,8,14.68,185,0.38,0.36,858,0.00,1.00,1,0.5000,19.00,100,0,0.00,17,8.42,5.24,4.31,15.10
607014,-7.03,-2.34,1,14.51,13.60,8,14.69,185,0.38,0.38,830,0.00,1.00,1,0.5000,22.00,100,0,0.00,17,8.27,5.21,5.10,15.20
607118,-7.03,-2.34,1,14.51,13.68,8,14.69,185,0.39,0.39,809,0.00,1.00,1,0.5000,22.00,100,0,0.00,17,8.56,5.53,5.49,15.20
607222,-7.03,-2.34,2,14.51,13.60,8,14.69,185,0.40,0.44,776,0.00,0.92,1,0.5000,22.00,100,0,0.00,17,8.85,5.74,5.49,14.50
607326,-7.03,-2.34,2,14.51,13.52,8,14.69,185,0.41,0.45,771,0.00,0.93,1,0.5000,21.50,100,0,0.00,17,9.14,5.79,5.10,14.40
607430,-7.03,-2.34,2,14.51,13.52,8,14.68,185,0.42,0.44,777,0.00,1.00,1,0.5000,21.50,100,0,0.00,17,9.14,5.60,4.71,14.50
607534,-6.25,0.00,1,14.51,13.44,8,14.68,185,0.42,0.41,796,0.00,1.00,1,0.5000,19.50,100,0,0.00,17,9.14,5.42,4.71,14.20
607639,-5.47,0.00,1,14.51,13.68,8,14.68,185,0.41,0.40,799,0.00,1.00,1,0.5000,19.50,100,0,0.00,17,9.00,5.39,4.71,14.80
607742,-4.69,0.00,1,14.51,13.52,8,14.68,185,0.41,0.40,808,0.00,1.00,1,0.5000,17.50,100,0,0.00,17,9.00,5.42,3.92,15.00
607846,-4.69,-2.34,1,14.51,13.60,8,14.68,185,0.40,0.38,818,0.00,1.00,1,0.5000,18.00,100,0,0.00,17,8.56,5.06,3.92,15.20
607950,-4.69,-2.34,1,14.51,13.60,8,14.69,185,0.39,0.36,823,0.00,1.00,1,0.5000,17.50,100,0,0.00,17,8.42,4.90,4.71,14.90
608054,-4.69,-2.34,1,14.51,13.60,8,14.69,185,0.39,0.38,808,0.00,1.00,1,0.5000,18.00,100,0,0.00,17,8.56,5.45,5.10,15.20
608158,-5.47,-2.34,1,14.51,13.68,8,14.69,185,0.39,0.42,785,0.00,1.00,1,0.5000,20.50,100,0,0.00,17,8.85,5.47,4.71,15.00
608263,-5.47,-2.34,1,14.51,13.20,8,14.69,185,0.40,0.42,782,0.00,1.00,1,0.5000,20.00,100,0,0.00,17,8.85,5.42,5.10,14.90
608367,-5.47,-2.34,1,14.51,13.36,8,14.69,185,0.41,0.42,766,0.00,1.00,1,0.5000,20.50,100,0,0.00,17,9.00,5.42,4.71,14.80
608470,-5.47,-2.34,1,14.51,13.52,8,14.69,185,0.41,0.44,750,0.00,1.00,1,0.5000,21.50,102,0,0.00,17,9.14,5.47,4.71,14.70
608574,-4.69,-2.34,1,14.51,13.60,8,14.68,185,0.42,0.44,747,0.00,1.00,1,0.5000,20.50,102,0,0.00,17,9.14,5.42,5.10,14.70
608678,-3.91,-2.34,1,14.51,13.68,8,14.68,185,0.43,0.44,760,0.00,1.00,1,0.5000,17.50,102,0,0.00,17,9.29,5.55,5.10,15.00
608782,-3.91,-2.34,1,14.51,13.68,8,14.68,185,0.42,0.41,782,0.00,1.00,1,0.5000,16.50,102,0,0.00,17,9.29,5.55,5.10,15.10
608886,-3.12,-2.34,1,14.51,13.60,8,14.67,185,0.42,0.41,822,0.00,1.00,1,0.5000,16.00,102,0,0.00,17,9.29,5.52,5.10,15.20
608991,-3.12,-2.34,1,14.51,13.44,8,14.68,185,0.41,0.40,837,0.00,1.00,1,0.5000,15.00,102,0,0.00,17,9.14,5.58,4.71,15.40
609094,-3.12,-2.34,1,14.51,13.52,8,14.68,185,0.40,0.39,848,0.00,1.00,1,0.5000,15.50,102,0,0.00,17,9.00,5.47,4.71,15.50
609199,-2.34,-2.34,1,14.51,13.68,8,14.68,185,0.39,0.38,846,0.00,1.00,1,0.5000,15.50,102,0,0.00,17,8.85,5.21,4.31,15.30
609302,-1.56,-2.34,1,14.51,13.60,8,14.68,185,0.38,0.36,862,0.00,1.00,1,0.5000,15.50,102,0,0.00,17,8.56,5.08,4.31,15.30
609407,-1.56,-2.34,1,14.51,13.60,8,14.68,185,0.37,0.36,854,0.00,1.00,1,0.5000,16.50,102,0,0.00,17,8.42,5.16,4.31,15.40
609510,-1.56,-2.34,1,14.51,13.52,8,14.68,185,0.37,0.37,841,0.00,1.00,1,0.5000,16.50,102,0,0.00,17,8.42,5.13,4.31,15.40
609614,-1.56,-2.34,1,14.51,13.44,8,14.69,185,0.37,0.37,833,0.00,1.00,1,0.5000,17.00,102,0,0.00,17,8.27,5.16,4.31,15.20
609719,-1.56,-2.34,1,14.51,13.44,8,14.69,185,0.37,0.38,821,0.00,1.00,1,0.5000,17.00,102,0,0.00,17,8.27,5.13,4.31,15.00
609822,-1.56,-2.34,1,14.51,13.60,8,14.69,185,0.37,0.38,802,0.00,1.00,1,0.5000,19.00,102,0,0.00,17,8.27,5.05,4.31,14.80
609926,-2.34,-2.34,1,14.51,13.60,8,14.69,185,0.38,0.40,768,0.00,1.00,1,0.5000,21.50,102,0,0.00,17,8.42,5.05,4.31,14.90
610031,-2.34,-2.34,1,14.51,13.60,8,14.69,185,0.39,0.41,750,0.00,1.00,1,0.5000,21.50,102,0,0.00,17,8.42,5.11,4.31,14.80
610135,-2.34,-2.34,1,14.51,13.52,8,14.69,185,0.39,0.41,746,0.00,1.00,1,0.5000,20.00,102,0,0.00,17,8.56,5.05,4.31,14.80
610239,-3.12,-2.34,1,14.51,13.60,8,14.69,185,0.39,0.40,752,0.00,1.00,1,0.5000,19.50,102,0,0.00,17,8.56,4.90,3.92,14.50
610343,-3.12,-2.34,1,14.51,13.36,8,14.69,185,0.39,0.38,758,0.00,1.00,1,0.5000,18.00,102,0,0.00,17,8.56,4.95,3.92,14.50
610447,-3.12,-2.34,1,14.51,13.28,8,14.69,185,0.39,0.38,765,0.00,1.00,1,0.5000,18.00,102,0,0.00,17,8.42,4.85,3.92,14.50
610550,-3.12,-2.34,1,14.51,13.52,8,14.69,185,0.39,0.39,756,0.00,1.00,1,0.5000,19.00,102,0,0.00,17,8.56,4.88,3.92,14.40
610654,-3.12,-2.34,1,14.51,13.44,8,14.69,185,0.39,0.39,741,0.00,1.00,1,0.5000,20.50,102,0,0.00,17,8.56,4.88,4.31,14.50
610759,-3.91,-2.34,1,14.51,13.68,8,14.69,185,0.39,0.41,720,0.00,1.00,1,0.5000,21.50,102,0,0.00,17,8.71,4.93,4.31,14.30
610863,-3.91,-2.34,1,14.51,13.52,8,14.69,185,0.40,0.40,729,0.00,1.00,1,0.5000,19.50,102,0,0.00,17,8.71,4.93,4.31,14.30
610966,-3.91,-2.34,1,14.51,13.68,8,14.69,185,0.40,0.40,736,0.00,1.00,1,0.5000,18.00,102,0,0.00,17,8.71,4.93,3.92,14.40
611071,-3.91,-2.34,1,14.51,13.36,8,14.69,185,0.40,0.39,744,0.00,1.00,1,0.5000,18.00,102,0,0.00,17,8.71,4.85,3.92,14.30
611175,-3.91,-2.34,1,14.51,13.36,8,14.69,185,0.39,0.39,754,0.00,1.00,1,0.5000,18.00,102,0,0.00,17,8.71,4.79,3.92,14.30
611279,-4.69,-2.34,1,14.51,13.52,8,14.69,185,0.39,0.40,732,0.00,1.00,1,0.5000,18.50,102,0,0.00,17,8.71,4.88,3.92,14.30
611382,-4.69,-2.34,1,14.51,13.52,8,14.69,185,0.39,0.39,728,0.00,1.00,1,0.5000,19.50,102,0,0.00,17,8.71,4.82,3.92,14.30
611487,-4.69,-2.34,1,14.51,13.68,8,14.69,185,0.40,0.40,726,0.00,1.00,1,0.5000,19.00,102,0,0.00,17,8.85,4.79,4.31,14.30
611591,-4.69,-2.34,1,14.51,13.60,8,14.69,185,0.40,0.40,724,0.00,1.00,1,0.5000,17.50,102,0,0.00,17,8.85,4.79,4.31,14.40
611694,-4.69,-2.34,1,14.51,13.60,8,14.69,185,0.39,0.38,733,0.00,1.00,1,0.5000,17.50,102,0,0.00,17,8.71,4.67,3.92,14.40
611799,-4.69,-2.34,1,14.51,13.28,8,14.69,185,0.39,0.39,734,0.00,1.00,1,0.5000,17.00,102,0,0.00,17,8.71,4.79,3.92,14.50
611903,-4.69,-2.34,1,14.51,13.44,8,14.69,185,0.39,0.39,738,0.00,1.00,1,0.5000,18.00,102,0,0.00,17,8.71,4.77,3.92,14.40
612007,-4.69,-2.34,1,14.51,13.36,8,14.69,185,0.39,0.40,726,0.00,1.00,1,0.5000,19.50,102,0,0.00,17,8.71,4.79,3.92,14.40
612111,-4.69,-2.34,1,14.51,13.52,8,14.69,185,0.39,0.40,700,0.00,1.00,1,0.5000,19.50,102,0,0.00,17,8.85,4.67,3.92,14.50
612215,-4.69,-2.34,1,14.51,13.60,8,14.69,185,0.40,0.40,697,0.00,1.00,1,0.5000,20.00,104,0,0.00,17,8.85,4.70,4.31,14.60
612319,-4.69,-2.34,1,14.51,13.60,8,14.69,185,0.40,0.39,710,0.00,1.00,1,0.5000,18.00,104,0,0.00,17,8.85,4.73,4.31,14.50
612423,-4.69,-2.34,1,14.51,13.52,8,14.69,185,0.40,0.39,720,0.00,1.00,1,0.5000,17.00,104,0,0.00,17,8.85,4.76,3.92,14.50
612527,-4.69,-2.34,1,14.51,13.44,8,14.69,185,0.40,0.39,731,0.00,1.00,1,0.5000,17.00,104,0,0.00,17,8.85,4.76,3.92,14.60
612631,-4.69,-2.34,1,14.51,13.44,8,14.69,185,0.39,0.39,724,0.00,1.00,1,0.5000,17.00,104,0,0.00,17,8.85,4.73,3.92,14.70
612735,-4.69,-2.34,1,14.51,13.52,8,14.69,185,0.39,0.39,716,0.00,1.00,1,0.5000,18.00,104,0,0.00,17,8.85,4.70,3.92,14.80
612839,-3.91,-2.34,1,14.51,13.60,8,14.69,185,0.39,0.40,714,0.00,1.00,1,0.5000,17.50,104,0,0.00,17,8.85,4.73,3.92,14.80
612943,-3.91,-2.34,1,14.51,13.52,8,14.69,185,0.40,0.40,708,0.00,1.00,1,0.5000,17.00,104,0,0.00,17,9.00,4.76,4.31,14.80
613047,-3.91,-2.34,1,14.51,13.60,8,14.69,185,0.40,0.40,724,0.00,1.00,1,0.5000,17.00,104,0,0.00,17,8.85,4.79,4.31,14.80
613151,-3.91,-2.34,1,14.51,13.68,8,14.69,185,0.40,0.39,736,0.00,1.00,1,0.5000,17.00,104,0,0.00,17,8.85,4.85,3.92,14.80
613255,-3.91,-2.34,1,14.51,13.36,8,14.69,185,0.39,0.39,738,0.00,1.00,1,0.5000,16.50,104,0,0.00,17,8.85,4.79,3.92,14.90
613359,-3.91,-2.34,1,14.51,13.36,8,14.69,185,0.39,0.38,740,0.00,1.00,1,0.5000,17.00,104,0,0.00,17,8.71,4.73,3.92,14.90
613463,-3.91,-2.34,1,14.51,13.44,8,14.69,185,0.39,0.39,731,0.00,1.00,1,0.5000,17.00,104,0,0.00,17,8.71,4.73,3.92,14.80
613567,-3.91,-2.34,1,14.51,13.68,8,14.69,185,0.39,0.39,711,0.00,1.00,1,0.5000,18.00,104,0,0.00,17,8.85,4.70,3.92,14.80
613671,-3.91,-2.34,1,14.51,13.52,8,14.69,185,0.39,0.40,708,0.00,1.00,1,0.5000,18.00,104,0,0.00,17,8.85,4.79,4.31,15.00
613775,-3.91,-2.34,1,14.51,13.60,8,14.69,185,0.40,0.42,698,0.00,1.00,1,0.5000,17.50,104,0,0.00,17,9.00,5.08,5.10,14.80
613879,-3.91,-2.34,1,14.51,13.52,8,14.69,185,0.41,0.45,698,0.00,0.92,1,0.5000,17.00,104,0,0.00,17,9.43,5.31,5.10,14.90
613983,-3.91,-2.34,1,14.51,13.28,8,14.68,185,0.42,0.43,715,0.00,1.00,1,0.5000,16.50,104,0,0.00,17,9.43,5.16,4.71,14.70
614087,-3.91,-2.34,1,14.51,13.44,8,14.68,185,0.42,0.43,726,0.00,1.00,1,0.5000,16.50,104,0,0.00,17,9.58,5.18,4.71,14.80
614191,-3.12,-2.34,1,14.51,13.60,8,14.68,185,0.42,0.42,743,0.00,1.00,1,0.5000,16.00,104,0,0.00,17,9.43,5.05,3.92,14.70
614295,-2.34,-2.34,1,14.51,13.60,8,14.68,185,0.41,0.38,753,0.00,1.00,1,0.5000,14.50,104,0,0.00,17,9.14,4.85,3.92,14.90
614399,-2.34,-2.34,1,14.51,13.60,8,14.69,185,0.39,0.36,785,0.00,1.06,1,0.5000,13.00,104,0,0.00,17,8.85,4.67,3.92,15.00
614503,-2.34,-2.34,1,14.51,13.52,8,14.69,185,0.38,0.35,791,0.00,1.00,1,0.5000,14.00,104,0,0.00,17,8.56,4.67,3.92,15.00
614608,-1.56,-2.34,1,14.51,13.60,8,14.69,187,0.38,0.36,773,0.00,1.00,1,0.5000,16.00,104,0,0.00,17,8.56,4.60,3.92,15.20
614711,-2.34,-2.34,1,14.51,13.36,8,14.69,187,0.37,0.36,762,0.00,1.00,1,0.5000,16.50,104,0,0.00,17,8.56,4.53,3.92,15.20
614815,-2.34,-2.34,1,14.51,13.44,8,14.69,187,0.37,0.38,734,0.00,1.00,1,0.5000,17.00,104,0,0.00,17,8.56,4.60,3.92,15.00
614919,-2.34,-2.34,1,14.51,13.36,8,14.69,187,0.38,0.39,713,0.00,1.00,1,0.5000,20.00,104,0,0.00,17,8.85,4.91,3.53,14.80
615023,-2.34,-2.34,1,14.51,13.44,8,14.69,187,0.40,0.44,691,0.00,0.89,1,0.5000,20.00,104,0,0.00,17,9.00,4.75,3.53,14.90
615127,-2.34,-2.34,1,14.51,13.60,8,14.69,187,0.40,0.40,692,0.00,1.00,1,0.5000,19.00,104,0,0.00,17,8.85,4.53,3.92,14.80
615231,-1.56,-2.34,1,14.51,13.52,8,14.69,187,0.39,0.38,702,0.00,1.00,1,0.5000,17.00,104,0,0.00,17,8.85,4.47,3.92,14.80
615335,-1.56,-2.34,1,14.51,13.68,8,14.69,187,0.38,0.37,722,0.00,1.00,1,0.5000,17.00,104,0,0.00,17,8.71,4.40,3.92,15.10
615439,-2.34,-2.34,1,14.51,13.28,8,14.69,187,0.38,0.36,726,0.00,1.00,1,0.5000,16.50,104,0,0.00,17,8.71,4.47,3.92,15.00
615543,-2.34,-2.34,1,14.51,13.28,8,14.69,187,0.38,0.37,728,0.00,1.00,1,0.5000,17.00,104,0,0.00,17,8.56,4.47,3.92,14.80
615647,-3.12,-2.34,1,14.51,13.28,8,14.69,187,0.37,0.37,721,0.00,1.00,1,0.5000,18.50,104,0,0.00,17,8.56,4.34,3.92,14.70
615751,-3.12,-2.34,1,14.51,13.52,8,14.69,187,0.38,0.39,683,0.00,1.00,1,0.5000,19.00,104,0,0.00,17,8.71,4.34,3.92,14.40
615855,-3.12,-2.34,1,14.51,13.60,8,14.69,187,0.38,0.38,675,0.00,1.00,1,0.5000,20.00,104,0,0.00,17,8.71,4.40,4.31,14.40
615959,-3.12,-2.34,1,14.51,13.44,8,14.69,187,0.38,0.40,682,0.00,1.00,1,0.5000,19.00,104,0,0.00,17,8.85,4.60,4.31,14.40
616063,-3.12,-2.34,1,14.51,13.68,8,14.69,187,0.40,0.42,680,0.00,1.00,1,0.5000,19.00,104,0,0.00,17,9.00,4.76,3.92,14.40
616167,-3.12,-2.34,1,14.51,13.20,8,14.69,187,0.40,0.41,693,0.00,1.00,1,0.5000,17.00,104,0,0.00,17,9.00,4.73,3.92,14.40
616271,-3.12,-2.34,1,14.51,13.36,8,14.69,187,0.40,0.40,695,0.00,1.00,1,0.5000,17.00,104,0,0.00,17,9.00,4.60,3.92,14.40
616375,-3.12,-2.34,1,14.51,13.36,8,14.69,187,0.40,0.39,706,0.00,1.00,1,0.5000,17.00,104,0,0.00,17,9.00,4.60,3.92,14.50
616479,-2.34,-2.34,1,14.51,13.60,8,14.69,187,0.39,0.39,711,0.00,1.00,1,0.5000,17.00,104,0,0.00,17,9.00,4.53,3.92,14.30
616583,-2.34,-2.34,1,14.51,13.60,8,14.69,187,0.39,0.39,706,0.00,1.00,1,0.5000,17.00,104,0,0.00,17,9.00,4.60,3.92,15.40
616687,-2.34,-2.34,1,14.51,13.52,8,14.69,187,0.39,0.38,718,0.00,1.00,1,0.5000,16.50,106,0,0.00,17,8.85,4.57,4.31,14.80
616791,-2.34,-2.34,1,14.51,13.36,8,14.69,187,0.39,0.38,728,0.00,1.00,1,0.5000,16.00,106,0,0.00,17,8.85,4.60,3.92,14.80
616895,-2.34,-2.34,1,14.51,13.52,8,14.69,187,0.38,0.36,748,0.00,1.00,1,0.5000,16.00,106,0,0.00,17,8.85,4.53,3.92,14.80
616999,-2.34,-2.34,1,14.51,13.52,8,14.69,187,0.38,0.37,748,0.00,1.00,1,0.5000,16.50,106,0,0.00,17,8.71,4.60,3.92,14.90
617103,-2.34,-2.34,1,14.51,13.60,8,14.69,187,0.38,0.38,728,0.00,1.00,1,0.5000,16.50,106,0,0.00,17,8.71,4.63,4.31,14.80
617207,-2.34,-2.34,1,14.51,13.52,8,14.69,187,0.38,0.39,724,0.00,1.00,1,0.5000,17.00,106,0,0.00,17,8.85,4.70,4.31,14.70
617311,-2.34,-2.34,1,14.51,13.60,8,14.69,187,0.38,0.38,742,0.00,1.00,1,0.5000,16.50,106,0,0.00,17,8.71,4.76,4.31,14.80
617415,-2.34,-2.34,1,14.51,13.52,8,14.69,187,0.38,0.37,745,0.00,1.00,1,0.5000,16.00,106,0,0.00,17,8.71,4.60,4.31,14.80
617519,-2.34,-2.34,1,14.51,13.44,8,14.69,187,0.38,0.38,748,0.00,1.00,1,0.5000,16.50,106,0,0.00,17,8.71,4.73,3.92,14.80
617623,-1.56,-2.34,1,14.51,13.44,8,14.69,187,0.38,0.37,743,0.00,1.00,1,0.5000,16.50,106,0,0.00,17,8.71,4.57,3.92,14.80
617727,-1.56,-2.34,1,14.51,13.44,8,14.69,187,0.38,0.37,735,0.00,1.00,1,0.5000,17.00,106,0,0.00,17,8.71,4.53,3.92,14.80
617831,-1.56,-2.34,1,14.51,13.44,8,14.69,187,0.38,0.38,720,0.00,1.00,1,0.5000,17.00,106,0,0.00,17,8.71,4.60,4.31,15.00
617935,-1.56,-2.34,1,14.51,13.60,8,14.69,187,0.38,0.39,708,0.00,1.00,1,0.5000,17.00,106,0,0.00,17,8.71,4.60,4.31,14.70
618039,-1.56,-2.34,1,14.51,13.60,8,14.69,187,0.38,0.39,712,0.00,1.00,1,0.5000,17.00,106,0,0.00,17,8.85,4.67,4.31,15.00
618144,-1.56,-2.34,1,14.51,13.60,8,14.69,187,0.38,0.39,728,0.00,1.00,1,0.5000,17.00,106,0,0.00,17,8.85,4.70,3.92,15.00
618248,-1.56,-2.34,1,14.51,13.44,8,14.69,187,0.38,0.38,733,0.00,1.00,1,0.5000,16.50,106,0,0.00,17,8.71,4.63,3.92,14.90
618352,-1.56,-2.34,1,14.51,13.36,8,14.69,187,0.38,0.37,742,0.00,1.00,1,0.5000,17.00,106,0,0.00,17,8.71,4.50,3.92,14.90
618455,-1.56,-2.34,1,14.51,13.52,8,14.69,187,0.38,0.37,732,0.00,1.00,1,0.5000,17.00,106,0,0.00,17,8.71,4.53,3.92,14.80
618559,-1.56,-2.34,1,14.51,13.44,8,14.69,187,0.38,0.39,712,0.00,1.00,1,0.5000,17.50,106,0,0.00,17,8.71,4.60,3.92,14.80
618664,-1.56,-2.34,1,14.51,13.52,8,14.69,187,0.38,0.40,690,0.00,1.00,1,0.5000,19.00,106,0,0.00,17,8.85,4.83,5.10,14.80
618768,-1.56,-2.34,1,14.51,13.76,8,14.69,187,0.40,0.45,681,0.00,0.91,1,0.5000,17.50,106,0,0.00,17,9.29,5.10,4.71,14.80
618872,-1.56,-2.34,1,14.51,13.60,8,14.69,187,0.41,0.44,683,0.00,1.00,1,0.5000,17.00,106,0,0.00,17,9.43,5.05,4.71,14.70
618976,-0.78,-2.34,1,14.51,13.36,8,14.68,187,0.41,0.41,733,0.00,1.00,1,0.5000,16.00,106,0,0.00,17,9.29,4.90,4.71,14.70
619080,-0.78,-2.34,1,14.51,13.44,8,14.69,187,0.40,0.38,762,0.00,1.00,1,0.5000,13.50,106,0,0.00,17,9.29,4.90,4.71,14.70
619184,0.00,-2.34,1,14.51,13.60,8,14.69,187,0.40,0.38,775,0.00,1.00,1,0.5000,17.50,106,0,0.00,17,9.14,4.95,4.71,15.00
619288,0.00,-2.34,1,14.51,13.76,8,14.69,187,0.39,0.39,774,0.00,1.00,1,0.5000,15.00,106,0,0.00,17,9.00,5.00,4.71,15.00
619392,0.00,-2.34,1,14.51,13.60,8,14.69,187,0.40,0.40,767,0.00,1.00,1,0.5000,15.00,106,0,0.00,17,9.00,5.10,4.71,15.00
619496,0.00,-2.34,1,14.51,13.60,8,14.69,187,0.40,0.39,768,0.00,1.00,1,0.5000,15.50,106,0,0.00,17,9.00,5.05,4.71,15.00
619600,0.00,-2.34,1,14.51,13.52,8,14.69,187,0.39,0.38,780,0.00,1.00,1,0.5000,18.00,106,0,0.00,17,9.72,5.03,11.76,15.00
619704,0.78,-2.34,2,14.51,13.52,8,14.69,187,0.43,0.64,793,0.00,0.81,1,0.5000,22.50,106,0,0.00,17,13.93,11.66,21.57,15.00
619808,-0.78,-2.34,3,14.51,13.52,8,14.64,187,0.57,0.76,945,0.00,0.74,1,0.5000,28.00,106,0,0.00,17,13.06,11.15,10.59,17.20
619912,-3.12,-2.34,2,14.51,13.60,8,14.61,187,0.51,0.38,1146,0.00,1.15,1,0.5000,27.50,106,0,0.00,17,10.01,6.82,4.71,17.20
620016,-3.12,-2.34,2,14.51,13.68,8,14.60,187,0.41,0.26,1304,0.00,1.29,1,0.5000,23.50,106,0,0.00,17,8.42,5.26,3.92,14.20
620120,-1.56,-2.34,1,14.51,13.60,8,14.60,187,0.34,0.25,1224,0.00,1.19,1,0.5000,20.00,106,0,0.00,17,7.98,5.03,4.71,14.40
620224,0.78,-2.34,1,14.51,13.60,8,14.63,187,0.32,0.29,1082,0.00,1.00,1,0.5000,14.00,106,0,0.00,17,7.84,5.18,4.71,13.80
620328,2.34,-2.34,1,14.51,13.68,8,14.66,187,0.32,0.34,964,0.00,1.00,1,0.5000,18.50,106,0,0.00,17,7.98,5.39,5.10,15.30
620432,4.69,-2.34,1,14.51,13.52,8,14.67,187,0.33,0.37,879,0.00,1.00,1,0.5000,20.50,106,0,0.00,17,7.98,5.23,3.92,15.70
620536,6.25,-2.34,1,14.51,13.76,8,14.68,187,0.34,0.35,861,0.00,1.00,1,0.5000,22.00,106,0,0.00,17,7.84,4.87,3.92,16.10
620640,6.25,-2.34,1,14.51,13.52,8,14.68,187,0.34,0.35,843,0.00,1.00,1,0.5000,22.00,106,0,0.00,17,7.69,4.73,3.92,16.50
620744,6.25,-2.34,1,14.51,13.68,8,14.69,187,0.34,0.34,826,0.00,1.00,1,0.5000,22.00,106,0,0.00,17,7.69,4.63,3.92,16.40
620848,5.47,-2.34,1,14.51,13.60,8,14.69,187,0.35,0.35,802,0.00,1.00,1,0.5000,22.00,106,0,0.00,17,7.98,5.08,5.10,16.30
620952,3.91,-2.34,1,14.51,13.60,8,14.69,187,0.37,0.42,781,0.00,0.89,1,0.5000,22.00,106,0,0.00,17,8.27,5.44,4.71,16.00
621056,3.12,-2.34,1,14.51,13.76,8,14.69,187,0.37,0.38,792,0.00,1.00,1,0.5000,22.00,106,0,0.00,17,8.13,4.78,3.53,15.40
621159,2.34,-2.34,1,14.51,13.36,8,14.69,187,0.36,0.34,806,0.00,1.00,1,0.5000,21.50,106,0,0.00,17,7.84,4.60,3.92,16.40
621264,2.34,-2.34,1,14.51,13.60,8,14.69,187,0.36,0.35,799,0.00,1.00,1,0.5000,22.00,106,0,0.00,17,7.84,4.73,3.92,14.20
621368,1.56,-2.34,1,14.51,13.68,8,14.69,187,0.36,0.35,778,0.00,1.00,1,0.5000,22.00,106,0,0.00,17,7.84,4.73,3.92,14.40
621472,0.78,-2.34,1,14.51,13.68,8,14.69,187,0.36,0.37,767,0.00,1.00,1,0.5000,22.00,106,0,0.00,17,7.84,4.67,3.92,14.20
621576,0.00,-2.34,1,14.51,13.68,8,14.69,187,0.36,0.36,748,0.00,1.00,1,0.5000,22.00,106,0,0.00,17,7.84,4.53,3.92,14.10
621680,-1.56,-2.34,1,14.51,13.60,8,14.69,187,0.36,0.38,750,0.00,1.00,1,0.5000,22.00,106,0,0.00,17,7.98,4.73,3.92,13.90
621784,-2.34,-2.34,1,14.51,13.52,8,14.69,187,0.36,0.38,755,0.00,1.00,1,0.5000,22.00,106,0,0.00,17,7.98,4.70,3.92,13.70
621888,-2.34,-2.34,1,14.51,13.36,8,14.69,187,0.37,0.38,744,0.00,1.00,1,0.5000,21.50,106,0,0.00,17,7.98,4.53,3.92,13.50
621992,-3.12,-2.34,1,14.51,13.60,8,14.69,187,0.37,0.37,741,0.00,1.00,1,0.5000,22.00,106,0,0.00,17,7.98,4.60,3.92,13.40
622096,-3.12,-2.34,1,14.51,13.36,8,14.69,187,0.36,0.36,722,0.00,1.00,1,0.5000,22.00,106,0,0.00,17,8.13,4.32,4.71,13.40
622200,-3.91,-2.34,1,14.51,13.12,8,14.69,187,0.37,0.41,702,0.00,1.00,1,0.5000,22.00,108,0,0.00,17,8.42,4.72,4.71,13.50
622304,-4.69,-2.34,1,14.51,13.36,8,14.69,187,0.39,0.45,676,0.00,0.89,1,0.5000,22.00,108,0,0.00,17,8.71,5.18,5.10,13.40
622408,-4.69,-2.34,1,14.51,13.52,8,14.69,187,0.41,0.47,671,0.00,0.88,1,0.5000,22.00,108,0,0.00,17,9.29,5.36,5.10,13.50
622512,-4.69,-2.34,1,14.51,13.60,8,14.68,187,0.42,0.45,690,0.00,1.00,1,0.5000,20.50,108,0,0.00,17,9.43,5.23,3.92,13.80
622616,-4.69,-2.34,1,14.51,13.44,8,14.68,187,0.42,0.40,754,0.00,1.00,1,0.5000,16.50,108,0,0.00,17,9.14,4.87,3.92,13.70
622721,-3.91,-2.34,1,14.51,13.68,8,14.69,187,0.40,0.36,780,0.00,1.07,1,0.5000,16.50,108,0,0.00,17,8.85,4.67,3.92,14.10
622824,-3.91,-2.34,1,14.51,13.60,8,14.69,187,0.39,0.36,796,0.00,1.00,1,0.5000,16.50,108,0,0.00,17,8.85,4.73,4.31,14.20
622929,-3.91,-2.34,1,14.51,13.52,8,14.69,187,0.38,0.36,792,0.00,1.00,1,0.5000,17.00,108,0,0.00,17,8.85,4.87,5.49,14.30
623032,-3.91,-2.34,1,14.51,13.60,8,14.69,189,0.39,0.42,758,0.00,1.00,1,0.5000,17.00,108,0,0.00,17,9.00,5.34,5.10,14.30
623136,-3.91,-2.34,1,14.51,13.76,8,14.69,189,0.40,0.41,777,0.00,1.00,1,0.5000,17.00,108,0,0.00,17,9.14,5.15,5.10,14.40
623240,-3.12,-2.34,1,14.51,13.52,8,14.69,189,0.40,0.40,782,0.00,1.00,1,0.5000,16.50,108,0,0.00,17,9.00,5.26,5.10,14.60
623344,-2.34,-2.34,1,14.51,13.44,8,14.69,189,0.40,0.40,790,0.00,1.00,1,0.5000,16.00,108,0,0.00,17,9.00,5.31,4.71,16.00
623448,-0.78,-2.34,1,14.51,13.60,8,14.69,189,0.40,0.39,810,0.00,1.00,1,0.5000,16.00,108,0,0.00,17,8.85,5.31,4.31,15.00
623552,0.00,-2.34,1,14.51,13.68,8,14.69,189,0.39,0.37,818,0.00,1.00,1,0.5000,14.50,108,0,0.00,17,8.56,5.00,3.92,15.10
623656,0.00,-2.34,1,14.51,13.68,8,14.69,189,0.38,0.35,828,0.00,1.00,1,0.5000,18.50,108,0,0.00,17,10.88,5.45,14.51,15.40
623760,0.78,-2.34,2,14.51,13.68,8,14.68,189,0.45,0.80,849,0.00,0.69,1,0.5000,24.50,108,0,0.00,17,14.07,14.35,25.49,15.60
623864,-4.69,-2.34,3,14.51,13.60,8,14.61,189,0.57,0.70,1058,0.00,0.91,1,0.5000,30.00,108,0,0.00,17,11.75,10.67,6.67,15.30
623968,-5.47,-2.34,2,14.51,13.36,8,14.60,189,0.45,0.32,1290,0.00,1.30,1,0.5000,26.00,108,0,0.00,17,9.58,6.02,4.71,14.10
624072,-4.69,-2.34,1,14.51,13.36,8,14.60,189,0.37,0.25,1296,0.00,1.24,1,0.5000,21.50,108,0,0.00,17,8.13,5.31,3.92,14.20
624176,-2.34,-2.34,1,14.51,13.52,8,14.62,189,0.33,0.28,1140,0.00,1.09,1,0.5000,14.00,108,0,0.00,17,7.98,5.26,4.71,14.40
624280,0.00,-2.34,1,14.51,13.36,8,14.65,189,0.33,0.34,992,0.00,1.00,1,0.5000,21.00,108,0,0.00,17,8.27,5.36,5.10,16.30
624384,2.34,-2.34,1,14.51,13.52,8,14.68,189,0.34,0.39,878,0.00,0.91,1,0.5000,22.00,108,0,0.00,17,8.56,5.63,4.71,15.30
624488,-1.56,-2.34,1,14.51,13.52,8,14.69,189,0.36,0.41,821,0.00,0.91,1,0.5000,22.00,108,0,0.00,17,8.71,5.44,3.92,15.70
624592,-3.91,-2.34,1,14.51,13.52,8,14.69,189,0.37,0.38,826,0.00,1.00,1,0.5000,22.00,108,0,0.00,17,8.56,5.08,3.92,16.00
624696,-7.81,-2.34,1,14.51,13.36,8,14.68,189,0.36,0.35,842,0.00,1.00,1,0.5000,21.00,108,0,0.00,17,8.56,4.98,4.31,14.00
624800,-10.94,-2.34,1,14.51,13.36,8,14.68,189,0.36,0.37,839,0.00,1.00,1,0.5000,21.50,108,0,0.00,17,8.42,5.15,4.31,12.90
624904,-10.16,-2.34,1,14.51,13.36,8,14.69,189,0.37,0.38,810,0.00,1.00,1,0.5000,22.00,108,0,0.00,17,8.42,5.21,4.71,12.50
625008,-8.59,-2.34,1,14.51,13.12,8,14.69,189,0.38,0.42,775,0.00,1.00,1,0.5000,22.00,108,0,0.00,17,8.42,5.21,4.31,12.80
625112,-7.81,-2.34,1,14.51,13.36,8,14.69,189,0.40,0.44,724,0.00,0.92,1,0.5000,22.00,108,0,0.00,17,8.71,5.21,4.31,12.80
625216,-6.25,-2.34,1,14.51,13.36,8,14.69,189,0.41,0.44,709,0.00,1.00,1,0.5000,22.00,108,0,0.00,17,8.71,5.23,4.31,13.80
625321,-6.25,-2.34,1,14.51,13.60,8,14.69,189,0.41,0.43,719,0.00,1.00,1,0.5000,21.50,108,0,0.00,17,8.85,5.10,3.92,14.10
625425,-6.25,-2.34,1,14.51,13.28,8,14.68,189,0.41,0.41,735,0.00,1.00,1,0.5000,21.50,108,0,0.00,17,8.85,5.05,4.31,14.20
625528,-5.47,-2.34,1,14.51,13.20,8,14.68,189,0.41,0.41,730,0.00,1.00,1,0.5000,21.50,108,0,0.00,17,8.85,5.03,4.31,14.20
625633,-6.25,-2.34,1,14.51,13.20,8,14.68,189,0.41,0.41,732,0.00,1.00,1,0.5000,21.50,108,0,0.00,17,8.85,4.92,3.92,15.10
625736,-6.25,-2.34,1,14.51,13.12,8,14.69,189,0.41,0.40,737,0.00,1.00,1,0.5000,21.00,108,0,0.00,17,8.85,4.95,4.31,14.80
625840,-6.25,-2.34,1,14.51,13.52,8,14.69,189,0.41,0.40,732,0.00,1.00,1,0.5000,20.00,108,0,0.00,17,8.85,4.90,3.92,14.90
625944,-7.03,-2.34,1,14.51,13.60,8,14.69,189,0.40,0.40,737,0.00,1.00,1,0.5000,19.50,108,0,0.00,17,8.85,4.92,4.31,14.80
626048,-7.03,-2.34,1,14.51,13.60,8,14.69,189,0.40,0.39,750,0.00,1.00,1,0.5000,19.00,108,0,0.00,17,8.71,4.90,3.92,14.80
626153,-7.03,-2.34,1,14.51,13.20,8,14.69,189,0.40,0.39,753,0.00,1.00,1,0.5000,18.00,108,0,0.00,17,8.71,4.87,3.92,14.60
626256,-7.03,-2.34,1,14.51,13.20,8,14.69,189,0.40,0.39,746,0.00,1.00,1,0.5000,19.50,108,0,0.00,17,8.71,4.79,3.92,14.50
626360,-7.03,-2.34,1,14.51,13.20,8,14.69,189,0.39,0.39,722,0.00,1.00,1,0.5000,20.00,108,0,0.00,17,8.71,4.70,3.92,14.60
626464,-7.03,-2.34,1,14.51,13.20,8,14.69,189,0.39,0.39,723,0.00,1.00,1,0.5000,20.50,108,0,0.00,17,8.71,4.73,5.10,14.50
626569,-6.25,-2.34,1,14.51,13.36,8,14.69,189,0.40,0.42,716,0.00,1.00,1,0.5000,20.50,108,0,0.00,17,9.00,5.00,5.10,14.20
626672,-6.25,-2.34,1,14.51,13.60,8,14.69,189,0.42,0.46,712,0.00,0.91,1,0.5000,19.00,108,0,0.00,17,9.29,5.39,4.71,14.80
626776,-6.25,-2.34,1,14.51,13.44,8,14.68,189,0.42,0.44,715,0.00,1.00,1,0.5000,17.00,108,0,0.00,17,9.43,5.36,5.10,14.70
626881,-5.47,-2.34,1,14.51,13.20,8,14.68,189,0.42,0.42,764,0.00,1.00,1,0.5000,16.50,108,0,0.00,17,9.43,5.31,5.10,14.80
626985,-4.69,-2.34,1,14.51,13.04,8,14.68,189,0.43,0.44,729,0.00,1.00,1,0.5000,18.00,108,0,0.00,17,9.43,5.34,5.10,15.10
627089,-3.91,-2.34,1,14.51,13.04,8,14.68,189,0.43,0.45,706,0.00,1.00,1,0.5000,19.00,108,0,0.00,17,9.58,5.34,5.10,15.10
627193,-3.12,-2.34,1,14.51,12.96,8,14.67,189,0.44,0.45,703,0.00,1.00,1,0.5000,19.50,108,0,0.00,17,9.72,5.36,5.10,15.20
627297,-3.12,-2.34,1,14.51,12.72,8,14.67,189,0.45,0.46,703,0.00,1.00,1,0.5000,19.50,108,0,0.00,17,9.87,5.39,5.10,15.50
627401,-2.34,-2.34,1,14.51,12.40,8,14.67,189,0.45,0.45,705,0.00,1.00,1,0.5000,18.00,108,0,0.00,17,9.87,5.21,5.10,15.30
627504,-1.56,-2.34,1,14.51,12.56,8,14.67,189,0.45,0.45,701,0.00,1.00,1,0.5000,17.50,108,0,0.00,17,10.01,5.23,5.10,15.50
627609,-1.56,-2.34,1,14.51,12.32,8,14.67,189,0.44,0.44,707,0.00,1.00,1,0.5000,17.00,108,0,0.00,17,10.01,5.15,5.10,15.80
627713,-0.78,-2.34,1,14.51,12.48,8,14.67,189,0.44,0.44,724,0.00,1.00,1,0.5000,17.00,108,0,0.00,17,9.87,5.26,5.10,15.80
627817,-0.78,-2.34,1,14.51,12.40,8,14.67,189,0.44,0.43,722,0.00,1.00,1,0.5000,16.50,108,0,0.00,17,9.87,5.28,5.10,15.80
627921,-0.78,-2.34,1,14.51,12.48,8,14.67,189,0.44,0.43,718,0.00,1.00,1,0.5000,16.50,109,0,0.00,17,9.87,5.21,5.10,15.60
628025,0.00,-2.34,1,14.51,12.48,8,14.67,189,0.44,0.43,714,0.00,1.00,1,0.5000,16.50,109,0,0.00,17,9.87,5.15,5.10,15.60
628129,0.00,-2.34,1,14.51,12.56,8,14.67,189,0.44,0.43,722,0.00,1.00,1,0.5000,16.50,109,0,0.00,17,9.87,5.26,5.10,15.50
628233,0.78,-2.34,1,14.51,12.48,8,14.67,189,0.44,0.44,724,0.00,1.00,1,0.5000,16.50,109,0,0.00,17,9.87,5.26,5.10,15.60
628337,0.78,-2.34,1,14.51,12.48,8,14.67,189,0.44,0.44,716,0.00,1.00,1,0.5000,16.50,109,0,0.00,17,9.87,5.26,5.10,15.60
628441,0.78,-2.34,1,14.51,12.40,8,14.67,189,0.44,0.44,717,0.00,1.00,1,0.5000,16.50,109,0,0.00,17,10.01,5.21,5.10,15.40
628545,1.56,-2.34,1,14.51,12.40,8,14.67,189,0.44,0.44,718,0.00,1.00,1,0.5000,16.50,109,0,0.00,17,10.01,5.23,5.10,15.40
628649,1.56,-2.34,1,14.51,12.40,8,14.67,189,0.44,0.44,706,0.00,1.00,1,0.5000,17.00,109,0,0.00,17,10.01,5.28,5.10,15.60
628753,1.56,-2.34,1,14.51,12.40,8,14.67,189,0.44,0.45,698,0.00,1.00,1,0.5000,17.50,109,0,0.00,17,10.01,5.13,5.10,15.40
628857,1.56,-2.34,1,14.51,12.48,8,14.67,189,0.44,0.44,694,0.00,1.00,1,0.5000,17.00,109,0,0.00,17,10.16,5.13,5.10,15.20
628961,2.34,-2.34,1,14.51,12.40,8,14.67,189,0.44,0.45,692,0.00,1.00,1,0.5000,17.00,109,0,0.00,17,10.16,5.23,5.10,15.30
629065,2.34,-2.34,1,14.51,12.32,8,14.67,189,0.45,0.44,705,0.00,1.00,1,0.5000,17.00,109,0,0.00,17,10.16,5.21,5.10,15.30
629169,2.34,-2.34,1,14.51,12.24,8,14.67,189,0.45,0.44,696,0.00,1.00,1,0.5000,16.50,109,0,0.00,17,10.16,5.21,5.10,15.20
629272,3.12,-2.34,1,14.51,12.40,8,14.67,189,0.45,0.46,697,0.00,1.00,1,0.5000,17.00,109,0,0.00,17,10.30,5.57,6.27,15.30
629377,3.12,-2.34,2,14.51,12.40,8,14.66,189,0.46,0.51,688,0.00,0.93,1,0.5000,16.50,109,0,0.00,17,10.74,5.81,5.88,15.20
629480,3.12,-2.34,2,14.51,12.64,8,14.66,189,0.47,0.48,690,0.00,1.00,1,0.5000,16.00,109,0,0.00,17,10.74,5.63,5.88,15.30
629585,3.91,-2.34,1,14.51,12.64,8,14.65,189,0.47,0.46,733,0.00,1.00,1,0.5000,15.50,109,0,0.00,17,10.74,5.60,5.49,15.30
629689,4.69,-2.34,2,14.51,12.80,8,14.65,189,0.46,0.46,749,0.00,1.00,1,0.5000,13.50,109,0,0.00,17,10.74,5.63,5.10,15.30
629793,4.69,-2.34,1,14.51,12.80,8,14.66,189,0.45,0.43,760,0.00,1.00,1,0.5000,14.50,109,0,0.00,17,10.45,5.36,5.10,15.20
629897,5.47,-2.34,1,14.51,12.80,8,14.66,189,0.44,0.41,770,0.00,1.00,1,0.5000,14.50,109,0,0.00,17,10.30,5.31,5.10,15.30
630000,5.47,-2.34,1,14.51,12.72,8,14.67,189,0.44,0.41,766,0.00,1.00,1,0.5000,14.00,109,0,0.00,17,10.16,5.31,5.49,15.50
630105,5.47,-2.34,1,14.51,12.80,8,14.67,189,0.43,0.43,766,0.00,1.00,1,0.5000,15.00,109,0,0.00,17,10.16,5.50,5.49,15.40
630209,5.47,-2.34,2,14.51,12.96,8,14.67,189,0.44,0.44,776,0.00,1.00,1,0.5000,15.50,109,0,0.00,17,10.16,5.71,5.49,15.20
630313,5.47,-2.34,2,14.51,13.04,8,14.67,189,0.44,0.45,764,0.00,1.00,1,0.5000,15.00,109,0,0.00,17,10.16,5.68,5.49,15.20
630417,5.47,-2.34,2,14.51,12.96,8,14.67,189,0.44,0.44,763,0.00,1.00,1,0.5000,16.00,109,0,0.00,17,10.16,5.65,5.49,15.00
630521,6.25,-2.34,2,14.51,12.80,8,14.67,189,0.44,0.45,772,0.00,1.00,1,0.5000,15.50,109,0,0.00,17,10.16,5.71,5.49,15.00
630625,7.03,-2.34,2,14.51,12.80,8,14.67,189,0.44,0.45,771,0.00,1.00,1,0.5000,15.00,109,0,0.00,17,10.16,5.79,5.49,15.00
630729,6.25,0.00,2,14.51,12.80,8,14.67,189,0.45,0.45,774,0.00,1.00,1,0.5000,16.00,109,0,0.00,17,10.16,5.81,5.49,15.00
630833,7.03,0.00,2,14.51,13.04,8,14.67,189,0.45,0.45,771,0.00,1.00,1,0.5000,16.00,109,0,0.00,17,10.16,5.71,5.49,15.10
630937,6.25,0.00,2,14.51,13.12,8,14.67,189,0.45,0.44,772,0.00,1.00,1,0.5000,15.50,109,0,0.00,17,10.01,5.73,5.49,15.00
631041,6.25,0.00,2,14.51,13.12,8,14.67,189,0.44,0.44,779,0.00,1.00,1,0.5000,15.50,109,0,0.00,17,10.01,5.68,5.49,14.90
631145,6.25,0.00,2,14.51,12.88,8,14.67,189,0.44,0.43,790,0.00,1.00,1,0.5000,15.50,109,0,0.00,17,10.01,5.65,5.49,14.60
631249,5.47,0.00,2,14.51,12.96,8,14.67,189,0.44,0.44,782,0.00,1.00,1,0.5000,15.50,109,0,0.00,17,10.16,5.73,5.49,14.40
631353,5.47,0.00,2,14.51,12.96,8,14.67,189,0.44,0.45,782,0.00,1.00,1,0.5000,16.00,109,0,0.00,17,10.16,5.79,5.49,14.40
631457,5.47,0.00,2,14.51,12.96,8,14.67,189,0.44,0.44,786,0.00,1.00,1,0.5000,16.00,109,0,0.00,17,10.16,5.73,5.10,14.30
631561,5.47,0.00,2,14.51,13.12,8,14.67,189,0.44,0.44,780,0.00,1.00,1,0.5000,15.50,109,0,0.00,17,10.16,5.73,5.10,14.30
631665,5.47,0.00,2,14.51,13.20,8,14.67,190,0.44,0.44,785,0.00,1.00,1,0.5000,16.00,109,0,0.00,17,10.16,5.79,5.10,14.30
631769,5.47,0.00,2,14.51,13.20,8,14.67,190,0.44,0.44,791,0.00,1.00,1,0.5000,16.00,109,0,0.00,17,10.01,5.79,5.10,14.30
631873,6.25,0.00,2,14.51,13.04,8,14.67,190,0.44,0.44,778,0.00,1.00,1,0.5000,16.00,109,0,0.00,17,10.01,5.60,5.10,14.50
631977,6.25,0.00,1,14.51,13.12,8,14.67,190,0.43,0.42,782,0.00,1.00,1,0.5000,16.50,109,1,0.00,17,10.16,5.60,5.10,14.60
632081,5.47,0.00,2,14.51,12.96,8,14.67,190,0.43,0.44,787,0.00,1.00,1,0.5000,16.50,109,0,0.00,17,10.16,5.68,5.10,14.60
632185,5.47,0.00,2,14.51,12.96,8,14.67,190,0.44,0.44,770,0.00,1.00,1,0.5000,16.50,109,0,0.00,17,10.01,5.68,5.10,14.60
632289,5.47,0.00,2,14.51,13.20,8,14.67,190,0.44,0.44,781,0.00,1.00,1,0.5000,16.50,109,0,0.00,17,10.01,5.79,5.10,14.50
632393,5.47,0.00,2,14.51,13.36,8,14.67,190,0.44,0.44,781,0.00,1.00,1,0.5000,16.50,109,0,0.00,17,10.01,5.79,5.10,14.50
632497,5.47,0.00,2,14.51,13.36,8,14.67,190,0.44,0.44,776,0.00,1.00,1,0.5000,16.50,109,0,0.00,17,9.87,5.65,5.10,14.50
632601,5.47,0.00,2,14.51,13.20,8,14.67,190,0.44,0.45,775,0.00,1.00,1,0.5000,16.50,109,0,0.00,17,9.87,5.73,5.10,14.60
632705,5.47,0.00,2,14.51,13.04,8,14.67,190,0.44,0.44,780,0.00,1.00,1,0.5000,16.50,109,1,0.00,17,9.87,5.68,5.10,14.40
632809,4.69,0.00,2,14.51,12.96,8,14.67,190,0.44,0.43,775,0.00,1.00,1,0.5000,16.50,109,0,0.00,17,9.87,5.65,5.10,14.50
632913,4.69,0.00,2,14.51,13.04,8,14.67,190,0.44,0.45,772,0.00,1.00,1,0.5000,16.50,109,1,0.00,17,9.87,5.79,5.10,14.30
633017,3.91,0.00,2,14.51,13.36,8,14.67,190,0.44,0.45,771,0.00,1.00,1,0.5000,16.50,109,1,0.00,17,9.87,5.68,5.10,14.30
633122,3.91,0.00,2,14.51,13.36,8,14.67,190,0.44,0.44,768,0.00,1.00,1,0.5000,16.50,109,0,0.00,17,9.87,5.68,5.10,14.20
633225,3.91,0.00,2,14.51,13.28,8,14.67,190,0.45,0.45,764,0.00,1.00,1,0.5000,16.50,109,1,0.00,17,9.87,5.73,5.10,14.20
633329,3.12,0.00,2,14.51,13.20,8,14.67,190,0.45,0.45,765,0.00,1.00,1,0.5000,16.50,109,1,0.00,17,9.87,5.73,5.10,14.10
633434,3.12,0.00,2,14.51,13.04,8,14.67,190,0.45,0.44,762,0.00,1.00,1,0.5000,16.50,109,0,0.00,17,9.72,5.76,5.10,14.10
633537,3.12,0.00,2,14.51,13.04,8,14.66,190,0.45,0.45,762,0.00,1.00,1,0.5000,16.50,109,1,0.00,17,9.87,5.73,5.10,14.10
633641,2.34,0.00,2,14.51,13.12,8,14.66,190,0.45,0.44,762,0.00,1.00,1,0.5000,16.50,109,0,0.00,17,10.01,5.63,5.10,14.00
633745,2.34,0.00,2,14.51,13.28,8,14.66,190,0.45,0.45,762,0.00,1.00,1,0.5000,16.50,109,0,0.00,17,9.87,5.68,5.10,14.00
633849,2.34,0.00,2,14.51,13.44,8,14.67,190,0.44,0.44,774,0.00,1.00,1,0.5000,16.50,109,1,0.00,17,9.87,5.65,5.10,13.90
633953,2.34,0.00,2,14.51,13.52,8,14.67,190,0.44,0.44,775,0.00,1.00,1,0.5000,16.50,109,0,0.00,17,9.72,5.63,5.10,14.10
634057,1.56,0.00,2,14.51,13.12,8,14.67,190,0.44,0.44,770,0.00,1.00,1,0.5000,16.50,109,0,0.00,17,9.72,5.63,5.10,14.20
634161,1.56,0.00,2,14.51,13.04,8,14.67,190,0.44,0.44,773,0.00,1.00,1,0.5000,16.50,111,0,0.00,17,9.72,5.65,5.10,14.10
634265,1.56,0.00,2,14.51,13.20,8,14.67,190,0.44,0.44,772,0.00,1.00,1,0.5000,16.50,111,0,0.00,17,9.72,5.68,5.10,14.20
634369,1.56,0.00,2,14.51,13.20,8,14.67,190,0.44,0.44,762,0.00,1.00,1,0.5000,16.50,111,0,0.00,17,9.72,5.68,5.10,14.10
634473,1.56,0.00,2,14.51,13.52,8,14.67,190,0.44,0.45,762,0.00,1.00,1,0.5000,16.50,111,0,0.00,17,9.87,5.68,5.10,14.30
634577,0.78,0.00,2,14.51,13.52,8,14.67,190,0.44,0.44,768,0.00,1.00,1,0.5000,16.50,111,0,0.00,17,9.87,5.68,5.10,14.10
634681,0.78,0.00,2,14.51,13.44,8,14.67,190,0.44,0.44,770,0.00,1.00,1,0.5000,16.50,111,0,0.00,17,9.87,5.63,5.10,14.10
634785,0.78,0.00,1,14.51,13.28,8,14.67,190,0.44,0.43,783,0.00,1.00,1,0.5000,16.00,111,0,0.00,17,10.01,5.55,4.71,14.20
634889,0.78,0.00,1,14.51,13.20,8,14.67,190,0.44,0.43,768,0.00,1.00,1,0.5000,16.50,111,0,0.00,17,10.16,5.68,6.27,14.20
634993,0.78,0.00,2,14.51,13.04,8,14.67,190,0.44,0.46,757,0.00,1.00,1,0.5000,17.00,111,0,0.00,17,10.45,5.92,5.88,14.30
635097,1.56,0.00,2,14.51,13.28,8,14.66,190,0.46,0.49,741,0.00,0.93,1,0.5000,17.50,111,0,0.00,17,10.59,6.00,5.88,14.40
635201,2.34,0.00,2,14.51,13.28,8,14.66,190,0.47,0.49,742,0.00,1.00,1,0.5000,17.00,111,0,0.00,17,10.74,6.04,5.88,14.40
635306,3.12,0.00,2,14.51,13.44,8,14.65,190,0.47,0.48,740,0.00,1.00,1,0.5000,16.50,111,0,0.00,17,10.59,5.89,5.49,14.60
635409,3.91,0.00,2,14.51,13.52,8,14.65,190,0.47,0.47,742,0.00,1.00,1,0.5000,16.00,111,0,0.00,17,10.59,5.92,5.88,15.00
635513,3.91,0.00,2,14.51,13.20,8,14.65,190,0.47,0.47,755,0.00,1.00,1,0.5000,16.00,111,0,0.00,18,10.59,5.86,5.88,15.20
635618,4.69,0.00,2,14.51,13.20,8,14.65,190,0.47,0.46,758,0.00,1.00,1,0.5000,16.00,111,0,0.00,18,10.59,5.76,5.88,15.20
635721,3.91,0.00,2,14.51,13.28,8,14.65,190,0.46,0.45,770,0.00,1.00,1,0.5000,16.00,111,0,0.00,18,10.45,5.84,4.71,15.20
635825,3.12,0.00,2,14.51,13.52,8,14.66,190,0.45,0.44,796,0.00,1.00,1,0.5000,15.00,111,0,0.00,18,10.16,5.60,4.71,15.00
635929,3.12,0.00,1,14.51,13.60,8,14.66,190,0.44,0.41,793,0.00,1.00,1,0.5000,14.50,111,0,0.00,18,9.87,5.49,5.10,14.70
636034,3.12,0.00,1,14.51,13.52,8,14.67,190,0.43,0.41,809,0.00,1.00,1,0.5000,15.00,111,0,0.00,18,9.72,5.42,5.10,15.40
636137,2.34,0.00,1,14.51,13.52,8,14.67,190,0.42,0.40,804,0.00,1.00,1,0.5000,16.00,111,0,0.00,18,9.72,5.52,6.67,14.50
636241,2.34,0.00,2,14.51,13.12,8,14.68,190,0.43,0.48,780,0.00,0.93,1,0.5000,16.50,111,0,0.00,18,10.01,6.17,5.88,14.40
636346,2.34,0.00,2,14.51,13.12,8,14.67,190,0.45,0.48,756,0.00,0.94,1,0.5000,17.50,111,0,0.00,18,10.16,5.94,5.88,14.30
636449,2.34,0.00,2,14.51,13.04,8,14.66,190,0.45,0.48,747,0.00,1.00,1,0.5000,17.00,111,0,0.00,18,10.30,5.92,5.88,14.30
636553,3.12,0.00,2,14.51,13.20,8,14.66,190,0.46,0.48,738,0.00,1.00,1,0.5000,17.00,111,0,0.00,18,10.45,5.89,5.49,14.30
636657,3.12,0.00,2,14.51,13.44,8,14.66,190,0.47,0.48,742,0.00,1.00,1,0.5000,16.50,111,0,0.00,18,10.45,5.89,5.49,14.50
636761,3.12,0.00,2,14.51,13.52,8,14.65,190,0.47,0.46,761,0.00,1.00,1,0.5000,16.00,111,0,0.00,18,10.16,5.76,4.71,14.40
636865,3.12,0.00,1,14.51,13.52,8,14.66,190,0.45,0.43,784,0.00,1.05,1,0.5000,14.50,111,0,0.00,18,9.87,5.49,4.71,14.60
636969,3.12,0.00,1,14.51,13.28,8,14.66,190,0.44,0.40,814,0.00,1.06,1,0.5000,14.50,111,0,0.00,19,9.58,5.49,5.10,14.90
637074,1.56,0.00,1,14.51,13.52,8,14.67,190,0.43,0.41,799,0.00,1.00,1,0.5000,16.00,111,0,0.00,19,9.58,5.55,5.10,14.50
637178,1.56,0.00,2,14.51,13.44,8,14.68,190,0.43,0.43,785,0.00,1.00,0,0.5000,16.50,111,0,0.00,19,9.58,5.63,5.10,14.50
637281,0.78,0.00,2,14.51,13.52,8,14.68,190,0.43,0.44,768,0.00,1.00,0,0.5000,16.50,111,0,0.00,19,9.58,5.60,5.10,14.30
637386,0.78,0.00,2,14.51,13.52,8,14.67,190,0.44,0.45,751,0.00,1.00,0,0.5000,16.50,111,0,0.00,19,9.58,5.60,5.10,14.10
637490,0.78,0.00,1,14.51,13.52,8,14.67,190,0.44,0.44,758,0.00,1.00,0,0.5000,16.50,111,0,0.00,19,9.43,5.47,4.71,14.20
637594,0.78,0.00,1,14.51,13.52,8,14.67,190,0.43,0.41,788,0.00,1.00,0,0.5000,14.00,111,0,0.00,19,9.29,5.42,5.10,14.00
637698,0.00,0.00,1,14.51,13.44,8,14.67,190,0.42,0.40,831,0.00,1.00,0,0.5000,12.50,111,0,0.00,19,9.29,5.47,5.10,14.00
637802,0.00,-0.78,1,14.51,13.52,8,14.67,190,0.40,0.38,863,0.00,1.00,0,0.5000,12.00,111,0,0.00,19,9.14,5.47,5.10,14.10
637906,-0.78,-0.78,1,14.51,13.52,8,14.67,190,0.39,0.37,884,0.00,1.00,0,0.5000,12.00,111,0,0.00,19,9.00,5.57,5.10,14.10
638010,-0.78,0.00,1,14.51,13.60,8,14.67,190,0.39,0.37,915,0.00,1.00,0,0.5000,12.00,111,0,0.00,19,8.71,5.68,5.10,14.00
638114,-0.78,0.00,2,14.51,13.60,8,14.66,190,0.38,0.36,941,0.00,1.00,0,0.5000,12.00,111,0,0.00,19,8.56,5.65,5.10,14.20
638218,-0.78,0.00,2,14.51,13.44,8,14.65,190,0.36,0.35,981,0.00,1.00,0,0.5000,12.00,111,0,0.00,19,8.27,5.65,5.10,14.20
638322,-0.78,0.00,2,14.51,13.44,8,14.65,190,0.35,0.34,1012,0.00,1.00,1,0.5000,12.00,111,0,0.00,19,8.13,5.60,5.10,14.20
638426,-0.78,0.00,2,14.51,13.60,8,14.65,190,0.35,0.33,1019,0.00,1.00,0,0.5000,12.00,111,0,0.00,19,7.98,5.68,5.10,14.40
638530,-1.56,0.00,2,14.51,13.52,8,14.65,190,0.35,0.34,993,0.00,1.00,0,0.5000,12.00,111,0,0.00,19,7.84,5.65,5.10,14.30
638633,-1.56,0.00,2,14.51,13.60,8,14.65,190,0.35,0.35,989,0.00,1.00,0,0.5000,12.00,111,0,0.00,19,7.84,5.65,5.10,14.40
638738,-1.56,0.00,2,14.51,13.60,8,14.65,190,0.35,0.36,971,0.00,1.00,0,0.5000,13.00,111,0,0.00,19,7.84,5.79,5.10,14.40
638842,-1.56,0.00,2,14.51,13.44,8,14.66,190,0.35,0.36,953,0.00,1.00,0,0.5000,15.50,111,0,0.00,19,7.84,5.60,4.71,14.40
638946,-1.56,0.00,1,14.51,13.60,8,14.66,190,0.35,0.34,959,0.00,1.00,0,0.5000,14.00,111,0,0.00,19,7.69,5.47,4.71,14.40
639050,-1.56,0.00,1,14.51,13.36,8,14.66,190,0.34,0.34,965,0.00,1.00,0,0.5000,14.50,111,0,0.00,19,7.69,5.36,4.71,14.40
639154,-1.56,0.00,1,14.51,13.60,8,14.66,190,0.34,0.34,952,0.00,1.00,0,0.5000,15.50,111,0,0.00,19,7.69,5.44,4.71,14.40
639258,-2.34,-0.78,1,14.51,13.60,8,14.66,190,0.34,0.34,965,0.00,1.00,0,0.5000,14.00,111,0,0.00,19,7.69,5.36,4.71,14.40
639362,-2.34,-0.78,1,14.51,13.44,8,14.66,190,0.34,0.34,961,0.00,1.00,0,0.5000,15.00,111,0,0.00,19,7.69,5.39,4.71,14.30
639466,-3.12,-2.34,1,14.51,13.52,8,14.66,190,0.34,0.33,961,0.00,1.00,0,0.5000,16.00,111,0,0.00,19,7.69,5.28,4.71,14.20
639570,-3.12,-2.34,1,14.51,13.52,8,14.66,190,0.33,0.33,967,0.00,1.00,0,0.5000,14.50,111,0,0.00,19,7.69,5.23,4.71,14.20
639674,-3.12,-2.34,1,14.51,13.68,8,14.65,190,0.33,0.32,976,0.00,1.00,0,0.5000,16.00,111,0,0.00,19,7.55,5.18,4.31,14.20
639778,-3.12,-2.34,1,14.51,13.68,8,14.66,190,0.32,0.32,955,0.00,1.00,0,0.5000,16.50,111,0,0.00,19,7.40,5.03,4.31,14.30
639882,-2.34,-2.34,1,14.51,13.60,8,14.66,190,0.32,0.32,964,0.00,1.00,0,0.5000,16.00,111,0,0.00,19,7.40,5.05,4.31,14.40
639986,-2.34,-2.34,1,14.51,13.68,8,14.66,190,0.32,0.32,963,0.00,1.00,0,0.5000,16.00,111,0,0.00,19,7.25,5.13,4.31,14.40
640090,-2.34,-2.34,1,14.51,13.60,8,14.66,190,0.32,0.31,963,0.00,1.00,0,0.5000,16.50,111,0,0.00,19,7.11,5.13,4.31,14.50
640194,-2.34,-2.34,1,14.51,13.52,8,14.66,190,0.32,0.32,963,0.00,1.00,0,0.5000,16.50,111,0,0.00,19,7.11,5.00,4.31,14.50
640298,-2.34,-2.34,1,14.51,13.60,8,14.66,190,0.31,0.31,950,0.00,1.00,0,0.5000,17.00,111,0,0.00,19,7.11,5.00,4.31,14.50
640402,-2.34,-2.34,1,14.51,13.60,8,14.66,190,0.31,0.32,942,0.00,1.00,0,0.5000,17.00,111,0,0.00,19,7.11,5.03,4.31,14.70
640506,-2.34,-2.34,1,14.51,13.68,8,14.66,190,0.31,0.32,940,0.00,1.00,0,0.5000,17.00,111,0,0.00,19,6.96,4.90,4.31,14.70
640611,-2.34,-2.34,1,14.51,13.52,8,14.66,190,0.31,0.32,929,0.00,1.00,0,0.5000,17.50,111,0,0.00,19,6.96,4.90,4.31,14.70
640714,-3.12,-2.34,1,14.51,13.52,8,14.66,190,0.31,0.31,920,0.00,1.00,0,0.5000,17.50,111,0,0.00,19,6.96,4.76,4.31,14.60
640818,-3.12,-2.34,1,14.51,13.60,8,14.67,190,0.31,0.31,910,0.00,1.00,0,0.5000,19.00,111,0,0.00,19,6.96,4.75,4.31,14.50
640922,-3.12,-2.34,1,14.51,13.68,8,14.67,190,0.31,0.32,882,0.00,1.00,0,0.5000,20.00,111,0,0.00,19,6.96,4.70,3.92,14.50
641026,-3.91,-2.34,1,14.51,13.60,8,14.68,190,0.31,0.31,879,0.00,1.00,0,0.5000,20.50,111,0,0.00,19,6.96,4.60,3.92,14.40
641130,-3.91,-2.34,1,14.51,13.60,8,14.68,190,0.31,0.32,858,0.00,1.00,0,0.5000,21.50,111,0,0.00,19,7.11,4.63,3.92,14.30
641234,-3.91,-2.34,1,14.51,13.52,8,14.68,190,0.31,0.32,858,0.00,1.00,0,0.5000,21.50,113,0,0.00,19,7.11,4.60,3.92,14.30
641338,-4.69,-2.34,1,14.51,13.60,8,14.68,190,0.32,0.33,835,0.00,1.00,0,0.5000,21.50,113,0,0.00,19,7.11,4.60,3.92,14.30
641442,-4.69,-2.34,1,14.51,13.60,8,14.68,190,0.32,0.33,836,0.00,1.00,0,0.5000,22.00,113,0,0.00,19,7.25,4.56,3.92,14.20
641546,-4.69,-2.34,1,14.51,13.68,8,14.69,190,0.32,0.33,825,0.00,1.00,0,0.5000,21.50,113,0,0.00,19,7.25,4.60,3.92,14.30
641650,-4.69,-2.34,1,14.51,13.60,8,14.69,190,0.32,0.33,824,0.00,1.00,0,0.5000,21.50,113,0,0.00,19,7.25,4.56,3.92,14.30
641754,-4.69,-2.34,1,14.51,13.60,8,14.69,190,0.32,0.34,818,0.00,1.00,0,0.5000,21.00,113,0,0.00,19,7.25,4.60,3.92,14.30
641859,-4.69,-2.34,1,14.51,13.60,8,14.69,190,0.33,0.34,811,0.00,1.00,0,0.5000,21.50,113,0,0.00,19,7.40,4.66,3.92,14.30
641963,-3.91,-2.34,1,14.51,13.60,8,14.69,190,0.33,0.34,809,0.00,1.00,0,0.5000,21.50,113,0,0.00,19,7.40,4.66,3.92,14.50
642066,-3.91,-2.34,1,14.51,13.68,8,14.69,190,0.33,0.34,790,0.00,1.00,0,0.5000,21.50,113,0,0.00,19,7.40,4.53,3.92,14.40
642170,-4.69,-2.34,1,14.51,13.60,8,14.69,190,0.33,0.34,792,0.00,1.00,0,0.5000,21.00,113,0,0.00,19,7.40,4.40,3.92,14.60
642274,-4.69,-2.34,1,14.51,13.60,8,14.69,190,0.33,0.33,800,0.00,1.00,0,0.5000,20.50,113,0,0.00,19,7.55,4.37,3.92,14.50
642378,-4.69,-2.34,1,14.51,13.52,8,14.69,190,0.33,0.33,789,0.00,1.00,0,0.5000,21.00,113,0,0.00,19,7.55,4.43,3.92,14.50
642482,-4.69,-2.34,1,14.51,13.60,8,14.69,190,0.33,0.34,780,0.00,1.00,0,0.5000,21.00,113,0,0.00,19,7.55,4.47,3.92,14.50
642586,-4.69,-2.34,1,14.51,13.60,8,14.69,190,0.33,0.35,790,0.00,1.00,0,0.5000,21.00,113,0,0.00,19,7.55,4.60,3.92,14.50
642690,-4.69,-2.34,1,14.51,13.60,8,14.69,190,0.34,0.36,768,0.00,1.00,0,0.5000,20.50,113,0,0.00,19,7.69,4.60,4.31,14.40
642794,-4.69,-2.34,1,14.51,13.60,8,14.69,190,0.34,0.36,784,0.00,1.00,0,0.5000,20.00,113,0,0.00,19,7.69,4.66,4.31,14.50
642898,-4.69,-2.34,1,14.51,13.60,8,14.69,190,0.35,0.36,784,0.00,1.00,0,0.5000,19.50,113,0,0.00,19,7.84,4.60,4.31,14.50
643003,-3.91,-2.34,1,14.51,13.60,8,14.69,190,0.35,0.35,774,0.00,1.00,0,0.5000,18.50,113,0,0.00,19,7.84,4.63,4.31,14.50
643107,-3.91,-2.34,1,14.51,13.60,8,14.69,190,0.35,0.35,784,0.00,1.00,0,0.5000,18.50,113,0,0.00,19,7.84,4.53,4.31,14.60
643211,-3.91,-2.34,1,14.51,13.68,8,14.69,190,0.34,0.34,792,0.00,1.00,0,0.5000,17.00,113,0,0.00,19,7.84,4.50,4.31,14.80
643315,-3.12,-2.34,1,14.51,13.68,8,14.69,190,0.34,0.34,801,0.00,1.00,0,0.5000,17.00,113,0,0.00,19,7.84,4.53,4.31,14.90
643419,-3.12,-3.12,1,14.51,13.68,8,14.69,190,0.34,0.35,805,0.00,1.00,0,0.5000,10.00,113,0,0.00,19,7.98,4.70,4.31,14.90
643523,-3.12,-3.12,1,14.51,13.68,8,14.69,190,0.33,0.33,822,0.00,1.00,0,0.5000,10.00,113,0,0.00,19,7.55,4.21,2.75,15.10
643627,-2.34,-3.12,1,14.51,13.68,8,14.68,190,0.31,0.26,849,0.00,1.12,0,0.5000,10.00,113,0,0.00,19,6.96,3.67,3.14,15.10
643731,-2.34,-3.12,1,14.51,13.36,8,14.68,190,0.29,0.26,860,0.00,1.08,0,0.5000,10.00,113,0,0.00,19,6.67,3.79,3.14,15.10
643835,-2.34,-3.12,1,14.51,13.60,8,14.68,190,0.28,0.26,852,0.00,1.00,0,0.5000,16.50,113,0,0.00,19,6.67,3.70,3.14,15.20
643939,-2.34,-3.12,1,14.51,13.60,8,14.68,190,0.27,0.26,835,0.00,1.00,0,0.5000,16.50,113,0,0.00,19,6.53,3.67,3.14,15.10
644043,-2.34,-3.12,1,14.51,13.60,8,14.68,190,0.27,0.26,851,0.00,1.00,0,0.5000,16.50,113,0,0.00,19,6.53,3.70,3.14,15.20
644147,-2.34,-3.12,1,14.51,13.68,8,14.68,190,0.26,0.26,856,0.00,1.00,0,0.5000,16.00,113,0,0.00,19,6.38,3.70,3.14,15.10
644251,-2.34,-3.12,1,14.51,13.60,8,14.68,190,0.26,0.26,856,0.00,1.00,0,0.5000,16.50,113,0,0.00,19,6.24,3.67,3.14,14.80
644355,-2.34,-3.12,1,14.51,13.76,8,14.68,190,0.26,0.26,842,0.00,1.00,0,0.5000,16.50,113,0,0.00,19,6.24,3.63,3.14,14.80
644458,-2.34,-3.12,1,14.51,13.60,8,14.69,190,0.26,0.26,832,0.00,1.00,0,0.5000,17.00,113,0,0.00,19,6.24,3.73,3.14,14.80
644562,-2.34,-3.12,1,14.51,13.60,8,14.69,190,0.26,0.28,823,0.00,1.00,0,0.5000,17.50,113,0,0.00,19,6.24,3.82,3.14,14.80
644667,-2.34,-3.12,1,14.51,13.68,8,14.69,190,0.26,0.29,798,0.00,1.00,0,0.5000,18.00,113,0,0.00,19,6.24,3.79,3.14,14.70
644770,-2.34,-3.12,1,14.51,13.60,8,14.69,190,0.27,0.27,798,0.00,1.00,0,0.5000,18.50,113,0,0.00,19,6.24,3.63,3.14,14.80
