Time (msec),A/F Correction #1 (%),A/F Learning #1 (%),A/F Learning #1 A (Stored)* (%),A/F Learning #1 B (Stored)* (%),A/F Learning #1 C (Stored)* (%),A/F Learning #1 D (Stored)* (%),A/F Learning Airflow Range (Current)* (offset),Battery Voltage (V),Coolant Temperature (F),Engine Speed (rpm),IAM (4-byte)* (multiplier),Mass Airflow (g/s),AEM UEGO Wideband [9600 baud] (AFR Gasoline)
0,0.78,1.56,1.90,0.00,0.00,0.00,1,13.76,189,711,0.5000,3.05,14.70
75,0.78,1.56,1.90,0.00,0.00,0.00,1,13.84,189,704,0.5000,3.05,14.70
150,0.78,1.56,1.90,0.00,0.00,0.00,1,13.92,189,702,0.5000,3.07,14.70
226,0.78,1.56,1.90,0.00,0.00,0.00,1,13.76,189,700,0.5000,3.07,14.70
301,0.78,1.56,1.90,0.00,0.00,0.00,1,13.68,189,704,0.5000,3.07,14.60
376,0.78,1.56,1.90,0.00,0.00,0.00,1,13.76,189,700,0.5000,3.07,14.70
450,0.78,1.56,1.90,0.00,0.00,0.00,1,13.84,189,689,0.5000,3.07,14.70
525,0.78,1.56,1.90,0.00,0.00,0.00,1,13.84,189,699,0.5000,3.07,14.70
601,0.78,1.56,1.90,0.00,0.00,0.00,1,13.76,189,704,0.5000,3.07,14.60
676,0.78,1.56,1.90,0.00,0.00,0.00,1,13.84,189,702,0.5000,3.05,14.70
750,0.78,1.56,1.90,0.00,0.00,0.00,1,13.84,189,713,0.5000,3.03,14.70
825,0.78,1.56,1.90,0.00,0.00,0.00,1,13.84,189,708,0.5000,3.03,14.70
901,0.78,1.56,1.90,0.00,0.00,0.00,1,13.76,189,708,0.5000,3.03,14.60
975,0.78,1.56,1.90,0.00,0.00,0.00,1,13.76,189,720,0.5000,3.03,14.70
1051,0.78,1.56,1.90,0.00,0.00,0.00,1,13.84,189,723,0.5000,3.05,14.70
1126,0.78,1.56,1.90,0.00,0.00,0.00,1,13.84,189,721,0.5000,3.05,14.70
1201,0.78,2.34,2.00,0.00,0.00,0.00,1,13.76,189,730,0.5000,3.03,14.70
1275,0.78,2.34,2.00,0.00,0.00,0.00,1,13.84,189,734,0.5000,3.07,14.70
1350,0.78,2.34,2.00,0.00,0.00,0.00,1,13.68,189,734,0.5000,3.07,14.70
1426,0.78,2.34,2.00,0.00,0.00,0.00,1,13.76,189,736,0.5000,3.07,14.70
1500,0.78,2.34,2.00,0.00,0.00,0.00,1,13.76,189,729,0.5000,3.07,14.70
1578,0.78,2.34,2.00,0.00,0.00,0.00,1,13.76,189,724,0.5000,3.07,14.70
1651,0.78,2.34,2.00,0.00,0.00,0.00,1,13.76,189,724,0.5000,3.07,14.70
1725,0.78,2.34,2.00,0.00,0.00,0.00,1,13.76,189,712,0.5000,3.07,14.70
1800,0.78,2.34,2.00,0.00,0.00,0.00,1,13.76,189,714,0.5000,3.07,14.90
1876,0.78,2.34,2.00,0.00,0.00,0.00,1,13.84,189,701,0.5000,3.07,14.80
1950,0.78,2.34,2.00,0.00,0.00,0.00,1,13.84,189,707,0.5000,3.07,14.80
2026,0.78,2.34,2.00,0.00,0.00,0.00,1,13.76,189,704,0.5000,3.07,14.80
2101,0.78,2.34,2.00,0.00,0.00,0.00,1,13.76,189,700,0.5000,3.05,14.70
2176,0.78,2.34,2.00,0.00,0.00,0.00,1,13.84,189,693,0.5000,3.03,14.70
2251,0.78,2.34,2.00,0.00,0.00,0.00,1,13.76,189,688,0.5000,3.03,14.70
2326,0.78,2.34,2.00,0.00,0.00,0.00,1,13.76,189,698,0.5000,3.03,14.80
2401,0.78,2.34,2.00,0.00,0.00,0.00,1,13.76,189,698,0.5000,3.03,14.80
2476,0.78,2.34,2.10,0.00,0.00,0.00,1,13.84,189,694,0.5000,3.03,14.70
2550,0.78,2.34,2.10,0.00,0.00,0.00,1,13.84,189,692,0.5000,3.03,14.70
2626,0.78,2.34,2.10,0.00,0.00,0.00,1,13.68,189,704,0.5000,3.03,14.70
2700,0.78,2.34,2.10,0.00,0.00,0.00,1,13.84,189,690,0.5000,3.03,14.80
2775,0.78,2.34,2.10,0.00,0.00,0.00,1,13.76,189,688,0.5000,3.03,14.70
2851,0.78,2.34,2.10,0.00,0.00,0.00,1,13.84,189,686,0.5000,3.03,14.70
2926,0.78,2.34,2.10,0.00,0.00,0.00,1,13.76,189,690,0.5000,3.03,14.70
3001,0.78,2.34,2.10,0.00,0.00,0.00,1,13.84,189,698,0.5000,3.03,14.70
3076,0.78,2.34,2.10,0.00,0.00,0.00,1,13.92,189,704,0.5000,3.00,14.70
3151,0.00,2.34,2.10,0.00,0.00,0.00,1,13.76,189,710,0.5000,3.03,14.70
3226,0.00,2.34,2.10,0.00,0.00,0.00,1,13.76,189,714,0.5000,3.03,14.70
3301,0.00,2.34,2.10,0.00,0.00,0.00,1,13.84,189,708,0.5000,3.03,14.70
3376,0.00,2.34,2.10,0.00,0.00,0.00,1,13.84,189,708,0.5000,3.03,14.60
3451,0.00,2.34,2.10,0.00,0.00,0.00,1,13.92,189,704,0.5000,3.03,14.60
3526,0.00,2.34,2.10,0.00,0.00,0.00,1,13.76,189,705,0.5000,3.03,14.70
3601,0.00,2.34,2.10,0.00,0.00,0.00,1,13.84,189,704,0.5000,3.03,14.60
3676,0.78,2.34,2.10,0.00,0.00,0.00,1,13.84,189,698,0.5000,3.03,14.60
3751,0.78,2.34,2.10,0.00,0.00,0.00,1,13.84,189,713,0.5000,3.03,14.60
3826,0.78,2.34,2.10,0.00,0.00,0.00,1,13.76,189,722,0.5000,3.03,14.70
3901,0.78,2.34,2.10,0.00,0.00,0.00,1,13.60,189,719,0.5000,3.03,14.70
3976,0.78,2.34,2.10,0.00,0.00,0.00,1,13.76,189,722,0.5000,3.03,14.70
4051,0.78,2.34,2.10,0.00,0.00,0.00,1,13.84,189,721,0.5000,3.03,14.70
4126,0.78,2.34,2.10,0.00,0.00,0.00,1,13.84,189,718,0.5000,3.03,14.80
4201,0.78,2.34,2.10,0.00,0.00,0.00,1,13.68,189,709,0.5000,3.03,14.70
4276,0.78,2.34,2.10,0.00,0.00,0.00,1,13.76,189,696,0.5000,3.05,14.70
4351,0.78,2.34,2.10,0.00,0.00,0.00,1,13.92,189,697,0.5000,3.05,14.70
4426,0.78,2.34,2.10,0.00,0.00,0.00,1,13.76,189,708,0.5000,3.03,14.90
4501,0.78,2.34,2.10,0.00,0.00,0.00,1,13.76,189,712,0.5000,3.03,14.70
4576,0.78,2.34,2.10,0.00,0.00,0.00,1,13.68,189,699,0.5000,3.03,14.70
4651,0.78,2.34,2.10,0.00,0.00,0.00,1,13.84,189,700,0.5000,3.05,14.70
4726,0.78,2.34,2.10,0.00,0.00,0.00,1,13.84,189,695,0.5000,3.03,14.80
4801,0.78,2.34,2.10,0.00,0.00,0.00,1,13.76,189,694,0.5000,3.05,14.80
4876,0.78,2.34,2.10,0.00,0.00,0.00,1,13.76,189,694,0.5000,3.03,14.80
4951,0.78,2.34,2.10,0.00,0.00,0.00,1,13.76,189,696,0.5000,3.03,14.80
5026,0.78,2.34,2.10,0.00,0.00,0.00,1,13.84,189,705,0.5000,3.03,14.90
5101,0.78,2.34,2.10,0.00,0.00,0.00,1,13.52,189,706,0.5000,3.03,14.70
5176,0.78,2.34,2.10,0.00,0.00,0.00,1,13.68,189,709,0.5000,3.03,14.80
5251,0.78,2.34,2.10,0.00,0.00,0.00,1,13.84,189,705,0.5000,3.03,14.80
5326,0.78,2.34,2.10,0.00,0.00,0.00,1,13.84,189,706,0.5000,3.03,14.80
5401,0.78,2.34,2.10,0.00,0.00,0.00,1,13.76,189,713,0.5000,3.03,14.70
5476,0.78,2.34,2.10,0.00,0.00,0.00,1,13.68,189,713,0.5000,3.03,14.80
5552,0.78,2.34,2.10,0.00,0.00,0.00,1,13.76,189,716,0.5000,3.03,14.80
5626,0.78,2.34,2.10,0.00,0.00,0.00,1,13.92,189,711,0.5000,3.03,14.80
5701,0.78,2.34,2.10,0.00,0.00,0.00,1,13.76,189,727,0.5000,3.03,14.80
5776,0.78,2.34,2.10,0.00,0.00,0.00,1,13.84,189,729,0.5000,3.03,14.80
5851,0.78,2.34,2.10,0.00,0.00,0.00,1,13.76,189,734,0.5000,3.05,14.80
5926,0.78,2.34,2.10,0.00,0.00,0.00,1,13.76,189,732,0.5000,3.03,14.90
6001,0.78,2.34,2.10,0.00,0.00,0.00,1,13.84,189,711,0.5000,3.03,14.90
6076,0.78,2.34,2.10,0.00,0.00,0.00,1,13.68,189,706,0.5000,3.03,14.80
6151,0.78,2.34,2.10,0.00,0.00,0.00,1,13.76,189,698,0.5000,3.05,14.80
6228,0.78,2.34,2.10,0.00,0.00,0.00,1,13.76,189,701,0.5000,3.05,14.80
6301,0.78,2.34,2.10,0.00,0.00,0.00,1,13.84,189,701,0.5000,3.05,14.80
6377,0.78,2.34,2.10,0.00,0.00,0.00,1,13.84,189,714,0.5000,3.07,14.90
6451,0.78,2.34,2.10,0.00,0.00,0.00,1,13.76,189,716,0.5000,3.03,14.90
6526,0.78,2.34,2.10,0.00,0.00,0.00,1,13.76,189,714,0.5000,3.05,15.00
6602,0.78,2.34,2.10,0.00,0.00,0.00,1,13.76,189,708,0.5000,3.03,14.80
6676,0.78,2.34,2.10,0.00,0.00,0.00,1,13.92,189,714,0.5000,3.05,14.80
6751,0.78,2.34,2.10,0.00,0.00,0.00,1,13.84,189,709,0.5000,3.03,14.80
6826,0.78,2.34,2.10,0.00,0.00,0.00,1,13.76,189,710,0.5000,3.03,14.80
6902,0.78,2.34,2.10,0.00,0.00,0.00,1,13.76,189,714,0.5000,3.05,14.70
6977,0.78,2.34,2.10,0.00,0.00,0.00,1,13.76,189,708,0.5000,3.03,14.70
7051,0.78,2.34,2.10,0.00,0.00,0.00,1,13.92,189,709,0.5000,3.05,14.70
7126,0.78,2.34,2.10,0.00,0.00,0.00,1,13.76,189,715,0.5000,3.07,14.80
7201,0.78,2.34,2.10,0.00,0.00,0.00,1,13.76,189,728,0.5000,3.03,14.80
7277,0.78,2.34,2.10,0.00,0.00,0.00,1,13.84,189,720,0.5000,3.03,14.80
7351,0.78,2.34,2.10,0.00,0.00,0.00,1,13.84,189,722,0.5000,3.03,14.80
7427,0.78,2.34,2.10,0.00,0.00,0.00,1,13.84,189,720,0.5000,3.05,14.90
7501,0.78,2.34,2.10,0.00,0.00,0.00,1,13.76,189,718,0.5000,3.03,14.70
7576,0.78,2.34,2.10,0.00,0.00,0.00,1,13.84,189,730,0.5000,3.03,14.80
7651,0.78,2.34,2.10,0.00,0.00,0.00,1,13.68,189,725,0.5000,3.03,14.80
7726,0.78,2.34,2.10,0.00,0.00,0.00,1,13.84,189,720,0.5000,3.03,14.70
7802,0.78,2.34,2.10,0.00,0.00,0.00,1,13.84,189,722,0.5000,3.05,14.70
7876,0.78,2.34,2.10,0.00,0.00,0.00,1,13.76,189,724,0.5000,3.05,14.80
7952,0.78,2.34,2.10,0.00,0.00,0.00,1,13.76,189,716,0.5000,3.05,14.80
8026,0.78,2.34,2.10,0.00,0.00,0.00,1,13.68,189,720,0.5000,3.05,14.70
8101,0.78,2.34,2.10,0.00,0.00,0.00,1,13.76,189,718,0.5000,3.05,14.70
8176,0.78,2.34,2.10,0.00,0.00,0.00,1,13.84,189,713,0.5000,3.03,14.70
8251,0.78,2.34,2.10,0.00,0.00,0.00,1,13.76,189,718,0.5000,3.03,14.70
8327,0.78,2.34,2.10,0.00,0.00,0.00,1,13.84,189,714,0.5000,3.05,14.70
8401,0.78,2.34,2.10,0.00,0.00,0.00,1,13.76,189,706,0.5000,3.05,14.60
8477,0.78,2.34,2.10,0.00,0.00,0.00,1,13.84,189,705,0.5000,3.05,14.70
8551,0.78,2.34,2.10,0.00,0.00,0.00,1,13.76,189,712,0.5000,3.07,14.70
8626,0.78,2.34,2.10,0.00,0.00,0.00,1,13.76,189,707,0.5000,3.05,14.70
8701,0.78,2.34,2.10,0.00,0.00,0.00,1,13.76,189,710,0.5000,3.03,14.80
8776,0.78,2.34,2.10,0.00,0.00,0.00,1,13.84,189,702,0.5000,3.03,14.70
8852,0.78,2.34,2.10,0.00,0.00,0.00,1,13.84,189,702,0.5000,3.03,14.70
8926,0.78,2.34,2.10,0.00,0.00,0.00,1,13.76,189,702,0.5000,3.03,14.80
9002,0.78,2.34,2.10,0.00,0.00,0.00,1,13.68,189,696,0.5000,3.03,14.90
9076,0.78,2.34,2.10,0.00,0.00,0.00,1,13.84,189,704,0.5000,3.03,14.80
9151,0.78,2.34,2.10,0.00,0.00,0.00,1,13.76,189,703,0.5000,3.03,14.80
9226,0.78,2.34,2.10,0.00,0.00,0.00,1,13.84,189,711,0.5000,3.03,14.80
9301,0.78,2.34,2.10,0.00,0.00,0.00,1,13.76,189,716,0.5000,3.03,14.70
9377,0.78,2.34,2.10,0.00,0.00,0.00,1,13.84,189,720,0.5000,3.03,14.70
9451,0.78,2.34,2.10,0.00,0.00,0.00,1,13.68,189,712,0.5000,3.03,14.70
9526,0.00,2.34,2.10,0.00,0.00,0.00,1,13.84,189,706,0.5000,3.03,14.70
9601,0.78,2.34,2.10,0.00,0.00,0.00,1,13.84,189,707,0.5000,3.03,14.70
9677,0.78,2.34,2.10,0.00,0.00,0.00,1,13.76,189,703,0.5000,3.03,14.70
9752,0.78,2.34,2.10,0.00,0.00,0.00,1,13.84,189,711,0.5000,3.03,14.70
9827,0.78,2.34,2.10,0.00,0.00,0.00,1,13.84,189,716,0.5000,3.03,14.70
9902,0.78,2.34,2.10,0.00,0.00,0.00,1,13.76,189,707,0.5000,3.03,14.80
9977,0.78,2.34,2.10,0.00,0.00,0.00,1,13.68,189,713,0.5000,3.03,14.70
10052,0.78,2.34,2.10,0.00,0.00,0.00,1,13.76,189,710,0.5000,3.03,14.70
10126,0.78,2.34,2.10,0.00,0.00,0.00,1,13.84,189,703,0.5000,3.03,14.80
10201,0.00,2.34,2.10,0.00,0.00,0.00,1,13.44,189,691,0.5000,3.03,14.80
10277,0.00,2.34,2.10,0.00,0.00,0.00,1,13.68,189,698,0.5000,3.03,14.90
10352,0.00,2.34,2.10,0.00,0.00,0.00,1,13.84,189,700,0.5000,3.03,14.90
10427,0.78,2.34,2.10,0.00,0.00,0.00,1,13.84,189,707,0.5000,3.03,14.80
10501,0.78,2.34,2.10,0.00,0.00,0.00,1,13.84,189,711,0.5000,3.03,14.70
10577,0.78,2.34,2.10,0.00,0.00,0.00,1,13.68,189,712,0.5000,3.03,14.90
10652,0.78,2.34,2.10,0.00,0.00,0.00,1,13.76,189,709,0.5000,3.03,14.90
10727,0.78,2.34,2.10,0.00,0.00,0.00,1,13.84,189,718,0.5000,3.03,14.70
10802,0.78,2.34,2.10,0.00,0.00,0.00,1,13.84,189,712,0.5000,3.03,14.80
10877,0.78,2.34,2.10,0.00,0.00,0.00,1,13.84,189,709,0.5000,3.03,14.80
10952,0.78,2.34,2.10,0.00,0.00,0.00,1,13.76,189,714,0.5000,3.03,14.80
11027,0.78,2.34,2.10,0.00,0.00,0.00,1,13.76,189,715,0.5000,3.03,14.80
11102,0.78,2.34,2.10,0.00,0.00,0.00,1,13.76,189,717,0.5000,3.03,14.80
11176,0.78,2.34,2.10,0.00,0.00,0.00,1,13.84,189,718,0.5000,3.03,14.80
11252,0.78,2.34,2.10,0.00,0.00,0.00,1,13.76,189,720,0.5000,3.03,14.80
11326,0.78,2.34,2.10,0.00,0.00,0.00,1,13.68,189,719,0.5000,3.03,14.70
11402,0.78,2.34,2.10,0.00,0.00,0.00,1,13.84,189,719,0.5000,3.05,14.80
11476,0.78,2.34,2.10,0.00,0.00,0.00,1,13.76,189,715,0.5000,3.03,15.00
11552,0.78,2.34,2.10,0.00,0.00,0.00,1,13.84,189,714,0.5000,3.03,15.00
11626,0.78,2.34,2.10,0.00,0.00,0.00,1,13.68,189,722,0.5000,3.03,14.80
11702,0.78,2.34,2.10,0.00,0.00,0.00,1,13.68,189,720,0.5000,3.03,14.80
11777,0.78,2.34,2.10,0.00,0.00,0.00,1,13.92,189,722,0.5000,3.03,15.00
11852,0.78,2.34,2.10,0.00,0.00,0.00,1,13.76,189,718,0.5000,3.03,15.00
11926,0.78,2.34,2.10,0.00,0.00,0.00,1,13.84,189,726,0.5000,3.05,14.80
12002,0.78,2.34,2.10,0.00,0.00,0.00,1,13.68,189,716,0.5000,3.03,14.80
12077,0.78,2.34,2.10,0.00,0.00,0.00,1,13.76,189,717,0.5000,3.05,14.70
12152,0.78,2.34,2.10,0.00,0.00,0.00,1,13.84,189,720,0.5000,3.03,14.70
12227,0.78,2.34,2.10,0.00,0.00,0.00,1,13.76,189,720,0.5000,3.03,14.70
12302,0.78,2.34,2.10,0.00,0.00,0.00,1,13.76,189,719,0.5000,3.03,14.80
12377,0.78,2.34,2.10,0.00,0.00,0.00,1,13.84,189,714,0.5000,3.03,14.80
12452,0.78,2.34,2.10,0.00,0.00,0.00,1,13.76,189,706,0.5000,3.03,14.80
12527,0.78,2.34,2.10,0.00,0.00,0.00,1,13.84,189,698,0.5000,3.03,14.70
12602,0.78,2.34,2.10,0.00,0.00,0.00,1,13.68,189,701,0.5000,3.03,14.80
12678,0.78,2.34,2.10,0.00,0.00,0.00,1,13.84,189,702,0.5000,3.03,14.70
12752,0.78,2.34,2.10,0.00,0.00,0.00,1,13.60,189,699,0.5000,3.03,14.70
12827,0.78,2.34,2.10,0.00,0.00,0.00,1,13.84,189,688,0.5000,3.03,14.70
12902,0.00,2.34,2.10,0.00,0.00,0.00,1,13.76,189,678,0.5000,3.03,14.70
12977,0.00,2.34,2.10,0.00,0.00,0.00,1,13.84,189,695,0.5000,3.03,14.80
13052,0.00,2.34,2.10,0.00,0.00,0.00,1,13.84,189,702,0.5000,3.03,14.80
13128,0.00,2.34,2.10,0.00,0.00,0.00,1,13.84,189,702,0.5000,3.03,14.80
13202,0.00,2.34,2.10,0.00,0.00,0.00,1,13.76,189,710,0.5000,3.03,14.70
13277,0.78,2.34,2.10,0.00,0.00,0.00,1,13.76,189,718,0.5000,3.03,14.70
13352,0.78,2.34,2.10,0.00,0.00,0.00,1,13.76,189,714,0.5000,3.03,14.70
13427,0.78,2.34,2.10,0.00,0.00,0.00,1,13.84,189,716,0.5000,3.03,14.70
13502,0.78,2.34,2.10,0.00,0.00,0.00,1,13.84,189,707,0.5000,3.03,14.70
13577,0.78,2.34,2.10,0.00,0.00,0.00,1,13.84,189,694,0.5000,3.03,14.80
13652,0.78,2.34,2.10,0.00,0.00,0.00,1,13.76,189,700,0.5000,3.03,14.80
13727,0.78,2.34,2.10,0.00,0.00,0.00,1,13.84,189,702,0.5000,3.03,14.80
13802,0.78,2.34,2.10,0.00,0.00,0.00,1,13.84,189,708,0.5000,3.03,14.80
13877,0.78,2.34,2.10,0.00,0.00,0.00,1,13.76,189,708,0.5000,3.03,14.90
13952,0.78,2.34,2.10,0.00,0.00,0.00,1,13.84,189,722,0.5000,3.03,14.90
14027,0.78,2.34,2.10,0.00,0.00,0.00,1,13.76,189,722,0.5000,3.03,14.80
14102,0.78,2.34,2.10,0.00,0.00,0.00,1,13.84,189,715,0.5000,3.03,14.90
14178,0.78,2.34,2.10,0.00,0.00,0.00,1,13.76,189,714,0.5000,3.03,14.80
14252,0.78,2.34,2.10,0.00,0.00,0.00,1,13.76,189,712,0.5000,3.03,14.80
14328,0.78,2.34,2.10,0.00,0.00,0.00,1,13.76,189,708,0.5000,3.03,14.80
14402,0.78,2.34,2.10,0.00,0.00,0.00,1,13.84,189,712,0.5000,3.03,14.80
14478,0.78,2.34,2.10,0.00,0.00,0.00,1,13.84,189,712,0.5000,3.03,14.80
14552,0.78,2.34,2.10,0.00,0.00,0.00,1,13.84,189,714,0.5000,3.03,14.80
14628,0.78,2.34,2.10,0.00,0.00,0.00,1,13.76,189,722,0.5000,3.03,14.80
14702,0.78,2.34,2.10,0.00,0.00,0.00,1,13.76,189,717,0.5000,3.03,14.70
14778,0.78,2.34,2.10,0.00,0.00,0.00,1,13.76,189,721,0.5000,3.03,14.70
14852,0.78,2.34,2.10,0.00,0.00,0.00,1,13.92,189,723,0.5000,3.03,14.70
14927,0.78,2.34,2.10,0.00,0.00,0.00,1,13.84,189,716,0.5000,3.03,14.70
15002,0.78,2.34,2.10,0.00,0.00,0.00,1,13.76,189,710,0.5000,3.03,14.70
15077,0.78,2.34,2.10,0.00,0.00,0.00,1,13.76,189,704,0.5000,3.03,14.80
15152,0.78,2.34,2.10,0.00,0.00,0.00,1,13.84,189,712,0.5000,3.03,14.80
15227,0.78,2.34,2.10,0.00,0.00,0.00,1,13.84,189,715,0.5000,3.03,14.80
15302,0.78,2.34,2.10,0.00,0.00,0.00,1,13.68,189,718,0.5000,3.03,14.70
15377,0.78,2.34,2.10,0.00,0.00,0.00,1,13.76,189,713,0.5000,3.03,14.80
15453,0.78,2.34,2.10,0.00,0.00,0.00,1,13.84,189,717,0.5000,3.03,14.80
15527,0.78,2.34,2.10,0.00,0.00,0.00,1,13.84,189,716,0.5000,3.03,14.70
15603,0.78,2.34,2.10,0.00,0.00,0.00,1,13.76,189,712,0.5000,3.03,14.70
15678,0.78,2.34,2.10,0.00,0.00,0.00,1,13.68,189,712,0.5000,3.03,14.70
15752,0.78,2.34,2.10,0.00,0.00,0.00,1,13.44,189,714,0.5000,3.03,14.70
15827,0.78,2.34,2.10,0.00,0.00,0.00,1,13.84,189,709,0.5000,3.03,14.70
15902,0.78,2.34,2.10,0.00,0.00,0.00,1,13.76,189,708,0.5000,3.03,14.80
15977,0.78,2.34,2.10,0.00,0.00,0.00,1,13.84,189,712,0.5000,3.05,14.80
16052,0.78,2.34,2.10,0.00,0.00,0.00,1,13.76,189,708,0.5000,3.03,14.80
16128,0.78,2.34,2.10,0.00,0.00,0.00,1,13.84,189,711,0.5000,3.03,14.70
16203,0.78,2.34,2.10,0.00,0.00,0.00,1,13.68,189,720,0.5000,3.03,14.80
16277,0.78,2.34,2.10,0.00,0.00,0.00,1,13.84,189,720,0.5000,3.03,14.80
16353,0.78,2.34,2.10,0.00,0.00,0.00,1,13.76,189,715,0.5000,3.03,14.80
16428,0.78,2.34,2.10,0.00,0.00,0.00,1,13.76,189,713,0.5000,3.03,14.80
16502,0.78,2.34,2.10,0.00,0.00,0.00,1,13.84,189,711,0.5000,3.03,14.80
16578,0.78,2.34,2.10,0.00,0.00,0.00,1,13.76,189,712,0.5000,3.03,14.80
16653,0.78,2.34,2.10,0.00,0.00,0.00,1,13.76,189,716,0.5000,3.03,14.80
16728,0.78,2.34,2.10,0.00,0.00,0.00,1,13.76,189,712,0.5000,3.03,14.80
16803,0.78,2.34,2.10,0.00,0.00,0.00,1,13.76,189,719,0.5000,3.03,14.90
16877,0.78,2.34,2.10,0.00,0.00,0.00,1,13.60,189,716,0.5000,3.03,14.70
16952,0.78,2.34,2.10,0.00,0.00,0.00,1,13.84,189,711,0.5000,3.03,14.70
17027,0.78,2.34,2.10,0.00,0.00,0.00,1,13.84,189,703,0.5000,3.03,14.80
17102,0.78,2.34,2.10,0.00,0.00,0.00,1,13.68,189,708,0.5000,3.03,14.90
17178,0.78,2.34,2.10,0.00,0.00,0.00,1,13.92,189,709,0.5000,3.03,14.80
17253,0.78,2.34,2.10,0.00,0.00,0.00,1,13.76,189,714,0.5000,3.03,14.80
17328,0.78,2.34,2.10,0.00,0.00,0.00,1,13.84,189,711,0.5000,3.03,14.80
17403,0.00,2.34,2.10,0.00,0.00,0.00,1,13.76,189,709,0.5000,3.03,14.80
17478,0.00,2.34,2.10,0.00,0.00,0.00,1,13.76,189,715,0.5000,3.03,14.80
17552,0.00,2.34,2.10,0.00,0.00,0.00,1,13.84,189,707,0.5000,3.03,14.80
17627,0.00,2.34,2.10,0.00,0.00,0.00,1,13.68,189,696,0.5000,3.03,14.70
17703,0.00,2.34,2.10,0.00,0.00,0.00,1,13.84,189,705,0.5000,3.03,14.70
17778,0.00,2.34,2.10,0.00,0.00,0.00,1,13.76,189,697,0.5000,3.03,14.80
17853,0.00,2.34,2.10,0.00,0.00,0.00,1,13.84,189,706,0.5000,3.03,14.80
17928,0.00,2.34,2.10,0.00,0.00,0.00,1,13.84,189,716,0.5000,3.03,14.70
18003,0.00,2.34,2.10,0.00,0.00,0.00,1,13.76,189,726,0.5000,3.03,14.70
18128,0.00,2.34,2.10,0.00,0.00,0.00,1,13.76,189,732,0.5000,3.00,14.70
18153,0.00,2.34,2.10,0.00,0.00,0.00,1,13.76,189,735,0.5000,3.00,14.70
18228,0.00,2.34,2.10,0.00,0.00,0.00,1,13.84,189,728,0.5000,3.03,14.70
18303,0.00,2.34,2.10,0.00,0.00,0.00,1,13.84,189,720,0.5000,3.03,14.60
18378,0.00,2.34,2.10,0.00,0.00,0.00,1,13.76,189,723,0.5000,3.03,14.80
18453,0.00,2.34,2.10,0.00,0.00,0.00,1,13.84,189,720,0.5000,3.03,14.80
18528,0.00,2.34,2.10,0.00,0.00,0.00,1,13.68,189,709,0.5000,3.03,14.70
18602,0.00,2.34,2.10,0.00,0.00,0.00,1,13.92,189,705,0.5000,3.03,14.80
18678,0.00,2.34,2.10,0.00,0.00,0.00,1,13.84,189,712,0.5000,3.03,14.70
18752,0.00,2.34,2.10,0.00,0.00,0.00,1,13.76,189,706,0.5000,3.03,14.70
18828,0.00,2.34,2.10,0.00,0.00,0.00,1,13.76,189,697,0.5000,3.03,14.70
18903,0.00,2.34,2.10,0.00,0.00,0.00,1,13.76,189,697,0.5000,3.03,14.70
18979,0.00,2.34,2.10,0.00,0.00,0.00,1,13.84,189,691,0.5000,3.03,14.70
19053,0.00,2.34,2.10,0.00,0.00,0.00,1,13.76,189,683,0.5000,3.03,14.70
19128,0.00,2.34,2.10,0.00,0.00,0.00,1,13.68,189,688,0.5000,3.03,14.70
19203,0.00,2.34,2.10,0.00,0.00,0.00,1,13.84,189,700,0.5000,3.03,14.70
19278,0.00,2.34,2.10,0.00,0.00,0.00,1,13.84,189,706,0.5000,3.00,14.70
19353,0.00,2.34,2.10,0.00,0.00,0.00,1,13.76,189,697,0.5000,3.00,14.70
19428,0.00,2.34,2.10,0.00,0.00,0.00,1,13.76,189,701,0.5000,3.00,14.70
19503,0.00,2.34,2.10,0.00,0.00,0.00,1,13.92,189,711,0.5000,3.00,14.70
19578,0.00,2.34,2.10,0.00,0.00,0.00,1,13.84,189,706,0.5000,3.00,14.80
19653,0.00,2.34,2.10,0.00,0.00,0.00,1,13.76,189,702,0.5000,3.00,14.80
19728,0.00,2.34,2.10,0.00,0.00,0.00,1,13.76,189,700,0.5000,3.03,14.70
19803,0.00,2.34,2.10,0.00,0.00,0.00,1,13.76,189,714,0.5000,3.03,14.70
19878,0.00,2.34,2.10,0.00,0.00,0.00,1,13.84,189,718,0.5000,3.03,14.70
19952,0.00,2.34,2.10,0.00,0.00,0.00,1,13.76,189,712,0.5000,3.03,14.70
20028,0.00,2.34,2.10,0.00,0.00,0.00,1,13.84,189,713,0.5000,3.03,14.80
20103,0.00,2.34,2.10,0.00,0.00,0.00,1,13.84,189,714,0.5000,3.03,14.80
20178,0.00,2.34,2.10,0.00,0.00,0.00,1,13.84,189,716,0.5000,3.00,14.80
20252,0.00,2.34,2.10,0.00,0.00,0.00,1,13.76,189,708,0.5000,3.03,14.80
20328,0.00,2.34,2.10,0.00,0.00,0.00,1,13.76,189,700,0.5000,3.03,14.80
20402,0.00,2.34,2.10,0.00,0.00,0.00,1,13.76,189,700,0.5000,3.03,14.80
20478,0.00,2.34,2.10,0.00,0.00,0.00,1,13.92,189,701,0.5000,3.03,14.80
20552,0.00,2.34,2.10,0.00,0.00,0.00,1,13.76,189,703,0.5000,3.03,14.80
20628,0.00,2.34,2.10,0.00,0.00,0.00,1,13.84,189,698,0.5000,3.03,14.80
20703,0.00,2.34,2.10,0.00,0.00,0.00,1,13.76,189,705,0.5000,3.03,14.80
20778,0.00,2.34,2.10,0.00,0.00,0.00,1,13.84,189,712,0.5000,3.03,14.80
20853,0.00,2.34,2.10,0.00,0.00,0.00,1,13.84,189,707,0.5000,3.03,14.80
20928,0.78,2.34,2.10,0.00,0.00,0.00,1,13.76,189,705,0.5000,3.03,14.80
21004,0.78,2.34,2.10,0.00,0.00,0.00,1,13.76,189,696,0.5000,3.03,14.80
21078,0.78,2.34,2.10,0.00,0.00,0.00,1,13.84,189,706,0.5000,3.03,14.90
21152,0.78,2.34,2.10,0.00,0.00,0.00,1,13.84,189,701,0.5000,3.03,14.90
21228,0.78,2.34,2.10,0.00,0.00,0.00,1,13.76,189,697,0.5000,3.03,14.80
21303,0.78,2.34,2.10,0.00,0.00,0.00,1,13.76,189,694,0.5000,3.03,14.80
21378,0.78,2.34,2.10,0.00,0.00,0.00,1,13.92,189,704,0.5000,3.03,14.80
21453,0.78,2.34,2.10,0.00,0.00,0.00,1,13.84,189,701,0.5000,3.03,14.80
21528,0.00,2.34,2.10,0.00,0.00,0.00,1,13.76,189,702,0.5000,3.03,14.80
21603,0.00,2.34,2.10,0.00,0.00,0.00,1,13.76,189,705,0.5000,3.03,14.80
21678,0.00,2.34,2.10,0.00,0.00,0.00,1,13.84,189,700,0.5000,3.03,14.80
21753,0.00,2.34,2.10,0.00,0.00,0.00,1,13.84,189,708,0.5000,3.03,14.80
21828,0.00,2.34,2.10,0.00,0.00,0.00,1,13.68,189,712,0.5000,3.03,14.80
21903,0.00,2.34,2.10,0.00,0.00,0.00,1,13.76,189,707,0.5000,3.03,14.80
21978,0.00,2.34,2.10,0.00,0.00,0.00,1,13.76,189,706,0.5000,3.03,14.80
22053,0.00,2.34,2.10,0.00,0.00,0.00,1,13.84,189,702,0.5000,3.03,14.80
22128,0.00,2.34,2.10,0.00,0.00,0.00,1,13.76,189,705,0.5000,3.03,14.70
22203,0.00,2.34,2.10,0.00,0.00,0.00,1,13.68,189,700,0.5000,3.03,14.80
22278,0.00,2.34,2.10,0.00,0.00,0.00,1,13.76,189,712,0.5000,3.03,14.70
22353,0.00,2.34,2.10,0.00,0.00,0.00,1,13.84,189,705,0.5000,3.03,14.70
22428,0.00,2.34,2.10,0.00,0.00,0.00,1,13.84,189,716,0.5000,3.03,14.80
22503,0.00,2.34,2.10,0.00,0.00,0.00,1,13.76,189,720,0.5000,3.03,14.70
22578,0.00,2.34,2.10,0.00,0.00,0.00,1,13.76,189,712,0.5000,3.03,14.80
22653,0.00,2.34,2.10,0.00,0.00,0.00,1,13.84,189,701,0.5000,3.03,14.80
22728,0.00,2.34,2.10,0.00,0.00,0.00,1,13.76,189,696,0.5000,3.03,14.80
22803,0.00,2.34,2.10,0.00,0.00,0.00,1,13.76,189,690,0.5000,3.03,14.70
22878,0.00,2.34,2.10,0.00,0.00,0.00,1,13.76,189,696,0.5000,3.03,14.70
22953,0.00,2.34,2.10,0.00,0.00,0.00,1,13.92,189,696,0.5000,3.03,14.70
23028,0.78,2.34,2.10,0.00,0.00,0.00,1,13.84,189,688,0.5000,3.03,14.80
23103,0.78,2.34,2.10,0.00,0.00,0.00,1,13.68,189,691,0.5000,3.03,14.80
23178,0.78,2.34,2.10,0.00,0.00,0.00,1,13.84,189,691,0.5000,3.03,14.80
23253,0.78,2.34,2.10,0.00,0.00,0.00,1,13.84,189,700,0.5000,3.03,14.80
23328,0.78,2.34,2.10,0.00,0.00,0.00,1,13.84,189,697,0.5000,3.03,14.80
23403,0.00,2.34,2.10,0.00,0.00,0.00,1,13.76,189,700,0.5000,3.03,14.80
23478,0.00,2.34,2.10,0.00,0.00,0.00,1,13.84,189,700,0.5000,3.03,14.80
23553,0.00,2.34,2.10,0.00,0.00,0.00,1,13.92,189,694,0.5000,3.03,14.80
23628,0.00,2.34,2.10,0.00,0.00,0.00,1,13.76,189,703,0.5000,3.00,14.70
23703,0.00,2.34,2.10,0.00,0.00,0.00,1,13.68,189,696,0.5000,3.03,14.90
23778,0.00,2.34,2.10,0.00,0.00,0.00,1,13.84,189,709,0.5000,3.03,14.80
23853,0.00,2.34,2.10,0.00,0.00,0.00,1,13.84,189,704,0.5000,3.00,14.80
23928,0.00,2.34,2.10,0.00,0.00,0.00,1,13.84,189,700,0.5000,3.03,14.80
24003,0.00,2.34,2.10,0.00,0.00,0.00,1,13.76,189,709,0.5000,3.00,14.80
24078,0.00,2.34,2.10,0.00,0.00,0.00,1,13.84,189,711,0.5000,3.03,14.80
24153,0.00,2.34,2.10,0.00,0.00,0.00,1,13.84,189,720,0.5000,3.03,14.80
24228,0.00,2.34,2.10,0.00,0.00,0.00,1,13.84,189,721,0.5000,3.03,14.80
24303,0.00,2.34,2.10,0.00,0.00,0.00,1,13.76,189,719,0.5000,3.03,14.80
24378,0.00,2.34,2.10,0.00,0.00,0.00,1,13.84,189,726,0.5000,3.03,14.70
24453,0.00,2.34,2.10,0.00,0.00,0.00,1,13.84,189,719,0.5000,3.03,14.70
24528,0.00,2.34,2.10,0.00,0.00,0.00,1,13.84,189,719,0.5000,3.03,14.70
24603,0.00,2.34,2.10,0.00,0.00,0.00,1,13.76,189,714,0.5000,3.03,14.70
24678,0.78,2.34,2.10,0.00,0.00,0.00,1,13.76,189,716,0.5000,3.03,14.70
24753,0.78,2.34,2.10,0.00,0.00,0.00,1,13.76,189,709,0.5000,3.03,14.70
24828,0.78,2.34,2.10,0.00,0.00,0.00,1,13.84,189,709,0.5000,3.03,14.70
24903,0.00,2.34,2.10,0.00,0.00,0.00,1,13.84,189,708,0.5000,3.03,14.70
24978,0.00,2.34,2.10,0.00,0.00,0.00,1,13.84,189,716,0.5000,3.03,14.80
25053,0.00,2.34,2.10,0.00,0.00,0.00,1,13.76,189,706,0.5000,3.05,14.80
25128,0.00,2.34,2.10,0.00,0.00,0.00,1,13.76,189,710,0.5000,3.03,14.80
25203,0.00,2.34,2.10,0.00,0.00,0.00,1,13.84,189,701,0.5000,3.03,14.80
25278,0.00,2.34,2.10,0.00,0.00,0.00,1,13.68,189,694,0.5000,3.03,14.80
25353,0.00,2.34,2.10,0.00,0.00,0.00,1,13.84,189,696,0.5000,3.03,14.80
25428,0.00,2.34,2.10,0.00,0.00,0.00,1,13.76,189,698,0.5000,3.03,14.70
25503,0.00,2.34,2.10,0.00,0.00,0.00,1,13.84,189,710,0.5000,3.03,14.70
25578,0.00,2.34,2.10,0.00,0.00,0.00,1,13.76,189,717,0.5000,3.03,14.70
25653,0.00,2.34,2.10,0.00,0.00,0.00,1,13.76,189,717,0.5000,3.03,14.70
25728,0.00,2.34,2.10,0.00,0.00,0.00,1,13.76,189,714,0.5000,3.03,14.70
25803,0.00,2.34,2.10,0.00,0.00,0.00,1,13.76,189,716,0.5000,3.03,14.70
25878,0.00,2.34,2.10,0.00,0.00,0.00,1,13.92,189,716,0.5000,3.03,14.70
25953,0.00,2.34,2.10,0.00,0.00,0.00,1,13.84,189,712,0.5000,3.03,14.70
26029,0.00,2.34,2.10,0.00,0.00,0.00,1,13.76,189,712,0.5000,3.03,14.70
26103,0.00,2.34,2.10,0.00,0.00,0.00,1,13.84,189,702,0.5000,3.03,14.80
26178,0.00,2.34,2.10,0.00,0.00,0.00,1,13.76,189,707,0.5000,3.03,14.70
26253,0.00,2.34,2.10,0.00,0.00,0.00,1,13.84,189,713,0.5000,3.03,14.70
26328,0.00,2.34,2.10,0.00,0.00,0.00,1,13.68,189,709,0.5000,3.03,14.70
26403,0.00,2.34,2.10,0.00,0.00,0.00,1,13.76,189,702,0.5000,3.03,14.60
26478,0.00,2.34,2.10,0.00,0.00,0.00,1,13.84,189,699,0.5000,3.03,14.70
26553,0.00,2.34,2.10,0.00,0.00,0.00,1,13.84,189,702,0.5000,3.03,14.70
26628,0.00,2.34,2.10,0.00,0.00,0.00,1,13.76,189,700,0.5000,3.03,14.80
26703,0.00,2.34,2.10,0.00,0.00,0.00,1,13.68,189,702,0.5000,3.03,14.70
26779,0.00,2.34,2.10,0.00,0.00,0.00,1,13.92,189,700,0.5000,3.03,14.80
26853,0.00,2.34,2.10,0.00,0.00,0.00,1,13.84,189,708,0.5000,3.03,14.80
26928,0.00,2.34,2.10,0.00,0.00,0.00,1,13.76,189,708,0.5000,3.03,14.80
27003,0.00,2.34,2.10,0.00,0.00,0.00,1,13.68,189,701,0.5000,3.03,14.70
27079,0.00,2.34,2.10,0.00,0.00,0.00,1,13.84,189,696,0.5000,3.03,14.70
27154,0.00,2.34,2.10,0.00,0.00,0.00,1,13.84,189,692,0.5000,3.03,14.70
27228,0.00,2.34,2.10,0.00,0.00,0.00,1,13.76,189,702,0.5000,3.03,14.70
27304,0.00,2.34,2.10,0.00,0.00,0.00,1,13.68,189,705,0.5000,3.03,14.80
27379,0.00,2.34,2.10,0.00,0.00,0.00,1,13.84,189,714,0.5000,3.03,14.80
27454,0.00,2.34,2.10,0.00,0.00,0.00,1,13.84,189,707,0.5000,3.03,14.80
27529,0.00,2.34,2.10,0.00,0.00,0.00,1,13.84,189,711,0.5000,3.03,14.80
27603,0.00,2.34,2.10,0.00,0.00,0.00,1,13.76,189,716,0.5000,3.03,14.80
27679,0.00,2.34,2.10,0.00,0.00,0.00,1,13.76,189,726,0.5000,3.03,14.80
27753,0.00,2.34,2.10,0.00,0.00,0.00,1,13.84,189,721,0.5000,3.03,14.80
27829,0.00,2.34,2.10,0.00,0.00,0.00,1,13.84,189,706,0.5000,3.03,14.80
27904,0.00,2.34,2.10,0.00,0.00,0.00,1,13.84,189,710,0.5000,3.03,14.70
27979,0.00,2.34,2.10,0.00,0.00,0.00,1,13.76,189,714,0.5000,3.03,14.80
28054,0.00,2.34,2.10,0.00,0.00,0.00,1,13.76,189,722,0.5000,3.03,14.80
28128,0.00,2.34,2.10,0.00,0.00,0.00,1,13.76,189,717,0.5000,3.03,14.90
28204,0.00,2.34,2.10,0.00,0.00,0.00,1,13.84,189,725,0.5000,3.03,14.80
28279,0.00,2.34,2.10,0.00,0.00,0.00,1,13.76,189,717,0.5000,3.03,14.80
28354,0.00,2.34,2.10,0.00,0.00,0.00,1,13.76,189,726,0.5000,3.03,14.80
28429,0.00,2.34,2.10,0.00,0.00,0.00,1,13.76,189,720,0.5000,3.03,14.80
28503,0.00,2.34,2.10,0.00,0.00,0.00,1,13.84,189,720,0.5000,3.03,14.70
28579,0.00,2.34,2.10,0.00,0.00,0.00,1,13.84,189,718,0.5000,3.03,14.70
28654,0.00,2.34,2.10,0.00,0.00,0.00,1,13.76,189,723,0.5000,3.03,14.70
28729,0.00,2.34,2.10,0.00,0.00,0.00,1,13.76,189,719,0.5000,3.03,14.80
28804,0.00,2.34,2.10,0.00,0.00,0.00,1,13.84,189,714,0.5000,3.03,14.70
28879,0.00,2.34,2.10,0.00,0.00,0.00,1,13.84,189,716,0.5000,3.03,14.70
28954,0.00,2.34,2.10,0.00,0.00,0.00,1,13.84,189,717,0.5000,3.03,14.70
29028,0.00,2.34,2.10,0.00,0.00,0.00,1,13.52,189,717,0.5000,3.03,14.80
29104,0.00,2.34,2.10,0.00,0.00,0.00,1,13.76,189,713,0.5000,3.03,14.90
29179,0.00,2.34,2.10,0.00,0.00,0.00,1,13.84,189,712,0.5000,3.03,14.70
29253,0.00,2.34,2.10,0.00,0.00,0.00,1,13.76,189,707,0.5000,3.03,14.70
29328,0.00,2.34,2.10,0.00,0.00,0.00,1,13.84,189,701,0.5000,3.03,14.80
29404,0.00,2.34,2.10,0.00,0.00,0.00,1,13.76,189,694,0.5000,3.03,14.70
29478,0.00,2.34,2.10,0.00,0.00,0.00,1,13.84,189,688,0.5000,3.03,14.80
29554,0.00,2.34,2.10,0.00,0.00,0.00,1,13.84,189,699,0.5000,3.03,14.80
29628,0.00,2.34,2.10,0.00,0.00,0.00,1,13.68,189,702,0.5000,3.03,14.80
29703,0.00,2.34,2.10,0.00,0.00,0.00,1,13.84,189,700,0.5000,3.03,14.80
29778,0.00,2.34,2.10,0.00,0.00,0.00,1,13.68,189,692,0.5000,3.03,14.70
29854,0.00,2.34,2.10,0.00,0.00,0.00,1,13.84,189,689,0.5000,3.03,14.70
29928,0.00,2.34,2.10,0.00,0.00,0.00,1,13.76,189,696,0.5000,3.03,14.80
30004,0.00,2.34,2.10,0.00,0.00,0.00,1,13.68,189,692,0.5000,3.03,14.70
30079,0.00,2.34,2.10,0.00,0.00,0.00,1,13.52,189,698,0.5000,3.03,14.70
30154,0.00,2.34,2.10,0.00,0.00,0.00,1,13.92,189,701,0.5000,3.03,14.70
30229,0.00,2.34,2.10,0.00,0.00,0.00,1,13.76,189,702,0.5000,3.03,14.70
30304,0.00,2.34,2.10,0.00,0.00,0.00,1,13.68,189,709,0.5000,3.03,14.70
30379,0.00,2.34,2.10,0.00,0.00,0.00,1,13.84,189,710,0.5000,3.03,14.70
30454,0.00,2.34,2.10,0.00,0.00,0.00,1,13.84,189,703,0.5000,3.03,14.70
30529,0.00,2.34,2.10,0.00,0.00,0.00,1,13.76,189,705,0.5000,3.03,14.80
30603,0.00,2.34,2.10,0.00,0.00,0.00,1,13.76,189,710,0.5000,3.03,14.90
30679,0.00,2.34,2.10,0.00,0.00,0.00,1,13.76,189,706,0.5000,3.03,14.80
30754,0.00,2.34,2.10,0.00,0.00,0.00,1,13.84,189,708,0.5000,3.03,14.80
30829,0.00,2.34,2.10,0.00,0.00,0.00,1,13.76,189,708,0.5000,3.03,14.80
30904,0.00,2.34,2.10,0.00,0.00,0.00,1,13.76,189,714,0.5000,3.03,14.80
30979,0.00,2.34,2.10,0.00,0.00,0.00,1,13.84,189,714,0.5000,3.03,14.70
31054,0.00,2.34,2.10,0.00,0.00,0.00,1,13.76,189,699,0.5000,3.03,14.70
31129,0.00,2.34,2.10,0.00,0.00,0.00,1,13.84,189,701,0.5000,3.03,14.90
31204,0.00,2.34,2.10,0.00,0.00,0.00,1,13.76,189,706,0.5000,3.03,14.80
31279,0.00,2.34,2.10,0.00,0.00,0.00,1,13.76,189,713,0.5000,3.03,14.70
31354,0.00,2.34,2.10,0.00,0.00,0.00,1,13.84,189,709,0.5000,3.03,14.70
31429,0.00,2.34,2.10,0.00,0.00,0.00,1,13.76,189,715,0.5000,3.03,14.80
31504,0.00,2.34,2.10,0.00,0.00,0.00,1,13.76,189,707,0.5000,3.03,14.80
31579,0.00,2.34,2.10,0.00,0.00,0.00,1,13.76,189,705,0.5000,3.03,14.90
31654,0.00,2.34,2.10,0.00,0.00,0.00,1,13.76,189,701,0.5000,3.03,14.90
31729,0.00,2.34,2.10,0.00,0.00,0.00,1,13.84,189,705,0.5000,3.03,14.80
31804,0.00,2.34,2.10,0.00,0.00,0.00,1,13.68,189,699,0.5000,3.03,14.80
31879,0.00,2.34,2.10,0.00,0.00,0.00,1,13.76,189,694,0.5000,3.03,14.80
31954,0.00,2.34,2.10,0.00,0.00,0.00,1,13.76,189,690,0.5000,3.03,14.80
32030,0.00,2.34,2.10,0.00,0.00,0.00,1,13.84,189,695,0.5000,3.03,14.80
32104,0.00,2.34,2.10,0.00,0.00,0.00,1,13.68,189,702,0.5000,3.03,15.00
32179,0.00,2.34,2.10,0.00,0.00,0.00,1,13.76,189,701,0.5000,3.00,14.80
32254,0.00,2.34,2.10,0.00,0.00,0.00,1,13.84,189,698,0.5000,3.03,14.80
32329,0.00,2.34,2.10,0.00,0.00,0.00,1,13.76,189,694,0.5000,3.03,14.70
32404,0.00,2.34,2.10,0.00,0.00,0.00,1,13.84,189,704,0.5000,3.03,14.80
32478,0.00,2.34,2.10,0.00,0.00,0.00,1,13.76,189,700,0.5000,3.03,14.80
32554,0.00,2.34,2.10,0.00,0.00,0.00,1,13.84,189,688,0.5000,3.03,14.80
32629,0.00,2.34,2.10,0.00,0.00,0.00,1,13.76,189,700,0.5000,3.03,14.80
32704,0.00,2.34,2.10,0.00,0.00,0.00,1,13.68,189,704,0.5000,3.03,14.80
32779,0.00,2.34,2.10,0.00,0.00,0.00,1,13.84,189,705,0.5000,3.03,14.80
32854,0.00,2.34,2.10,0.00,0.00,0.00,1,13.84,189,710,0.5000,3.03,14.80
32929,0.00,2.34,2.10,0.00,0.00,0.00,1,13.76,189,714,0.5000,3.03,14.70
33004,0.00,2.34,2.10,0.00,0.00,0.00,1,13.76,189,708,0.5000,3.03,14.80
33079,0.00,2.34,2.10,0.00,0.00,0.00,1,13.76,189,705,0.5000,3.03,14.80
33155,0.00,2.34,2.10,0.00,0.00,0.00,1,13.84,189,711,0.5000,3.03,14.80
33229,0.00,2.34,2.10,0.00,0.00,0.00,1,13.76,189,721,0.5000,3.03,14.80
33304,0.00,2.34,2.10,0.00,0.00,0.00,1,13.92,189,729,0.5000,3.03,14.80
33379,0.00,2.34,2.10,0.00,0.00,0.00,1,13.76,189,730,0.5000,3.03,14.80
33454,0.00,2.34,2.10,0.00,0.00,0.00,1,13.84,189,729,0.5000,3.03,14.80
33529,0.00,2.34,2.10,0.00,0.00,0.00,1,13.68,189,721,0.5000,3.03,14.70
33606,0.00,2.34,2.10,0.00,0.00,0.00,1,13.84,189,720,0.5000,3.03,14.70
33679,0.00,2.34,2.10,0.00,0.00,0.00,1,13.92,189,711,0.5000,3.03,14.80
33754,0.00,2.34,2.10,0.00,0.00,0.00,1,13.84,189,716,0.5000,3.05,14.80
33830,0.00,2.34,2.10,0.00,0.00,0.00,1,13.76,189,718,0.5000,3.03,14.80
33904,0.00,2.34,2.10,0.00,0.00,0.00,1,13.76,189,718,0.5000,3.05,14.70
33979,0.00,2.34,2.10,0.00,0.00,0.00,1,13.76,189,710,0.5000,3.03,14.80
34054,0.00,2.34,2.10,0.00,0.00,0.00,1,13.84,189,710,0.5000,3.03,14.80
34129,0.00,2.34,2.10,0.00,0.00,0.00,1,13.76,189,717,0.5000,3.03,14.70
34205,0.00,2.34,2.10,0.00,0.00,0.00,1,13.76,189,717,0.5000,3.03,14.80
34279,0.00,2.34,2.10,0.00,0.00,0.00,1,13.76,189,726,0.5000,3.05,14.80
34355,0.00,2.34,2.10,0.00,0.00,0.00,1,13.92,189,731,0.5000,3.03,14.80
34429,0.00,2.34,2.10,0.00,0.00,0.00,1,13.84,189,722,0.5000,3.03,14.70
34504,0.00,2.34,2.10,0.00,0.00,0.00,1,13.68,189,725,0.5000,3.03,14.70
34580,0.00,2.34,2.10,0.00,0.00,0.00,1,13.92,189,714,0.5000,3.07,14.70
34654,0.00,2.34,2.10,0.00,0.00,0.00,1,13.76,189,722,0.5000,3.07,14.70
34730,0.00,2.34,2.10,0.00,0.00,0.00,1,13.84,189,720,0.5000,3.07,14.70
34804,0.00,2.34,2.10,0.00,0.00,0.00,1,13.76,189,725,0.5000,3.03,14.70
34880,0.00,2.34,2.10,0.00,0.00,0.00,1,13.76,189,716,0.5000,3.05,14.70
34954,0.00,2.34,2.10,0.00,0.00,0.00,1,13.76,189,711,0.5000,3.03,14.70
35030,0.00,2.34,2.10,0.00,0.00,0.00,1,13.68,189,708,0.5000,3.03,14.80
35105,0.00,2.34,2.10,0.00,0.00,0.00,1,13.84,189,712,0.5000,3.03,14.70
35179,0.00,2.34,2.10,0.00,0.00,0.00,1,13.84,189,698,0.5000,3.03,14.70
35255,0.00,2.34,2.10,0.00,0.00,0.00,1,13.76,189,700,0.5000,3.03,14.70
35329,0.00,2.34,2.10,0.00,0.00,0.00,1,13.84,189,694,0.5000,3.03,14.70
35405,0.00,2.34,2.10,0.00,0.00,0.00,1,13.76,189,682,0.5000,3.03,14.80
35479,0.00,2.34,2.10,0.00,0.00,0.00,1,13.84,189,698,0.5000,3.03,14.70
35554,0.00,2.34,2.10,0.00,0.00,0.00,1,13.76,189,713,0.5000,3.03,14.70
35630,0.00,2.34,2.10,0.00,0.00,0.00,1,13.76,189,711,0.5000,3.03,14.80
35704,0.00,2.34,2.10,0.00,0.00,0.00,1,13.84,189,701,0.5000,3.03,14.70
35780,0.00,2.34,2.10,0.00,0.00,0.00,1,13.76,189,702,0.5000,3.03,14.80
35854,0.00,2.34,2.10,0.00,0.00,0.00,1,13.84,189,703,0.5000,3.03,14.80
35930,0.00,2.34,2.10,0.00,0.00,0.00,1,13.76,189,692,0.5000,3.03,14.70
36004,0.00,2.34,2.10,0.00,0.00,0.00,1,13.84,189,702,0.5000,3.03,14.70
36079,0.00,2.34,2.10,0.00,0.00,0.00,1,13.76,189,706,0.5000,3.03,14.70
36155,0.00,2.34,2.10,0.00,0.00,0.00,1,13.76,189,704,0.5000,3.03,14.70
36230,0.00,2.34,2.10,0.00,0.00,0.00,1,13.76,189,697,0.5000,3.03,14.80
36305,0.00,2.34,2.10,0.00,0.00,0.00,1,13.84,189,708,0.5000,3.03,14.70
36379,-0.78,2.34,2.10,0.00,0.00,0.00,1,13.76,189,704,0.5000,3.03,14.70
36455,0.00,2.34,2.10,0.00,0.00,0.00,1,13.76,189,710,0.5000,3.03,14.70
36530,0.00,2.34,2.10,0.00,0.00,0.00,1,13.76,189,706,0.5000,3.03,14.70
36604,0.00,2.34,2.10,0.00,0.00,0.00,1,13.52,189,700,0.5000,3.03,14.70
36681,0.00,2.34,2.10,0.00,0.00,0.00,1,13.84,189,710,0.5000,3.03,14.90
36754,0.00,2.34,2.10,0.00,0.00,0.00,1,13.84,189,712,0.5000,3.03,14.90
36830,0.00,2.34,2.10,0.00,0.00,0.00,1,13.76,189,718,0.5000,3.03,14.80
36904,0.00,2.34,2.10,0.00,0.00,0.00,1,13.84,189,708,0.5000,3.03,14.80
36980,0.00,2.34,2.10,0.00,0.00,0.00,1,13.76,189,713,0.5000,3.03,14.70
37055,0.00,2.34,2.10,0.00,0.00,0.00,1,13.76,189,710,0.5000,3.03,14.70
37129,0.00,2.34,2.10,0.00,0.00,0.00,1,13.76,189,707,0.5000,3.03,14.80
37205,0.00,2.34,2.10,0.00,0.00,0.00,1,13.76,189,702,0.5000,3.03,14.90
37279,0.00,2.34,2.10,0.00,0.00,0.00,1,13.84,189,702,0.5000,3.03,14.80
37355,0.00,2.34,2.10,0.00,0.00,0.00,1,13.68,189,716,0.5000,3.03,14.80
37429,0.00,2.34,2.10,0.00,0.00,0.00,1,13.76,189,703,0.5000,3.03,14.80
37505,0.00,2.34,2.10,0.00,0.00,0.00,1,13.84,189,709,0.5000,3.05,14.80
37580,0.00,2.34,2.10,0.00,0.00,0.00,1,13.68,189,716,0.5000,3.03,14.80
37655,0.00,2.34,2.10,0.00,0.00,0.00,1,13.84,189,712,0.5000,3.03,14.80
37730,0.00,2.34,2.10,0.00,0.00,0.00,1,13.76,189,712,0.5000,3.03,14.80
37804,0.00,2.34,2.10,0.00,0.00,0.00,1,13.76,189,712,0.5000,3.03,14.80
37881,0.00,2.34,2.10,0.00,0.00,0.00,1,13.76,189,718,0.5000,3.03,14.80
37954,0.00,2.34,2.10,0.00,0.00,0.00,1,13.84,189,706,0.5000,3.03,14.80
38030,0.00,2.34,2.10,0.00,0.00,0.00,1,13.84,189,708,0.5000,3.03,14.80
38104,0.00,2.34,2.10,0.00,0.00,0.00,1,13.68,189,708,0.5000,3.03,14.80
38179,0.00,2.34,2.10,0.00,0.00,0.00,1,13.76,189,708,0.5000,3.03,14.80
38255,0.00,2.34,2.10,0.00,0.00,0.00,1,13.84,189,697,0.5000,3.03,14.80
38329,0.00,2.34,2.10,0.00,0.00,0.00,1,13.76,189,696,0.5000,3.03,14.80
38405,0.00,2.34,2.10,0.00,0.00,0.00,1,13.76,189,702,0.5000,3.03,14.80
38480,0.00,2.34,2.10,0.00,0.00,0.00,1,13.68,189,688,0.5000,3.03,14.90
38554,0.00,2.34,2.10,0.00,0.00,0.00,1,13.84,189,700,0.5000,3.03,14.90
38630,0.00,2.34,2.10,0.00,0.00,0.00,1,13.68,189,705,0.5000,3.03,14.80
38705,0.00,2.34,2.10,0.00,0.00,0.00,1,13.84,189,714,0.5000,3.03,14.90
38780,0.00,2.34,2.10,0.00,0.00,0.00,1,13.68,189,710,0.5000,3.03,14.80
38855,0.00,2.34,2.10,0.00,0.00,0.00,1,13.76,189,715,0.5000,3.03,14.80
38930,0.00,2.34,2.10,0.00,0.00,0.00,1,13.84,189,709,0.5000,3.03,14.80
39005,0.00,2.34,2.10,0.00,0.00,0.00,1,13.76,189,691,0.5000,3.03,14.80
39080,0.00,2.34,2.10,0.00,0.00,0.00,1,13.84,189,706,0.5000,3.03,14.80
39155,0.00,2.34,2.10,0.00,0.00,0.00,1,13.76,189,709,0.5000,3.03,14.80
39230,0.00,2.34,2.10,0.00,0.00,0.00,1,13.76,189,714,0.5000,3.03,14.70
39305,0.00,2.34,2.10,0.00,0.00,0.00,1,13.84,189,709,0.5000,3.03,14.70
39380,0.00,2.34,2.10,0.00,0.00,0.00,1,13.76,189,707,0.5000,3.03,14.80
39455,0.00,2.34,2.10,0.00,0.00,0.00,1,13.76,189,707,0.5000,3.03,14.80
39530,0.00,2.34,2.10,0.00,0.00,0.00,1,13.84,189,712,0.5000,3.03,14.80
39606,0.00,2.34,2.10,0.00,0.00,0.00,1,13.84,189,704,0.5000,3.03,14.80
39680,0.00,2.34,2.10,0.00,0.00,0.00,1,13.76,189,702,0.5000,3.03,14.80
39755,0.00,2.34,2.10,0.00,0.00,0.00,1,13.68,189,710,0.5000,3.03,14.80
39830,0.00,2.34,2.10,0.00,0.00,0.00,1,13.84,189,713,0.5000,3.03,14.80
39905,0.00,2.34,2.10,0.00,0.00,0.00,1,13.84,189,714,0.5000,3.03,14.80
39979,0.00,2.34,2.10,0.00,0.00,0.00,1,13.84,189,716,0.5000,3.03,15.20
40056,0.00,2.34,2.10,0.00,0.00,0.00,1,13.76,189,727,0.5000,3.03,15.20
40131,0.00,2.34,2.10,0.00,0.00,0.00,1,13.68,189,721,0.5000,3.03,14.80
40206,0.00,2.34,2.10,0.00,0.00,0.00,1,13.84,189,704,0.5000,3.03,14.80
40281,0.00,2.34,2.10,0.00,0.00,0.00,1,13.84,189,700,0.5000,3.03,14.80
40356,0.00,2.34,2.10,0.00,0.00,0.00,1,13.84,189,713,0.5000,3.03,14.80
40431,0.00,2.34,2.10,0.00,0.00,0.00,1,13.76,189,711,0.5000,3.03,14.70
40506,0.00,2.34,2.10,0.00,0.00,0.00,1,13.76,189,692,0.5000,3.03,14.80
40581,0.00,2.34,2.10,0.00,0.00,0.00,1,13.84,189,700,0.5000,3.03,14.80
40656,0.00,2.34,2.10,0.00,0.00,0.00,1,13.76,189,705,0.5000,3.03,14.80
40731,0.00,2.34,2.10,0.00,0.00,0.00,1,13.68,189,712,0.5000,3.03,14.70
40806,0.00,2.34,2.10,0.00,0.00,0.00,1,13.76,189,702,0.5000,3.03,14.80
40881,0.00,2.34,2.10,0.00,0.00,0.00,1,13.84,189,711,0.5000,3.03,14.80
40956,0.00,2.34,2.10,0.00,0.00,0.00,1,13.84,189,711,0.5000,3.03,14.80
41031,0.00,2.34,2.10,0.00,0.00,0.00,1,13.76,189,705,0.5000,3.03,14.70
41106,0.00,2.34,2.10,0.00,0.00,0.00,1,13.76,189,709,0.5000,3.03,14.70
41181,0.00,2.34,2.10,0.00,0.00,0.00,1,13.76,189,708,0.5000,3.03,14.80
41256,0.00,2.34,2.10,0.00,0.00,0.00,1,13.84,189,715,0.5000,3.03,14.80
41331,0.00,2.34,2.10,0.00,0.00,0.00,1,13.76,189,714,0.5000,3.03,14.80
41406,0.00,2.34,2.10,0.00,0.00,0.00,1,13.68,189,719,0.5000,3.03,14.90
41482,0.00,2.34,2.10,0.00,0.00,0.00,1,13.76,189,713,0.5000,3.03,14.80
41556,0.00,2.34,2.10,0.00,0.00,0.00,1,13.76,189,717,0.5000,3.03,14.80
41631,0.00,2.34,2.10,0.00,0.00,0.00,1,13.76,189,713,0.5000,3.03,14.80
41706,0.00,2.34,2.10,0.00,0.00,0.00,1,13.84,189,718,0.5000,3.03,14.80
41781,0.00,2.34,2.10,0.00,0.00,0.00,1,13.76,189,722,0.5000,3.03,14.80
41856,0.00,2.34,2.10,0.00,0.00,0.00,1,13.84,189,712,0.5000,3.03,14.80
41931,0.00,2.34,2.10,0.00,0.00,0.00,1,13.76,189,716,0.5000,3.03,14.70
42006,0.00,2.34,2.10,0.00,0.00,0.00,1,13.84,189,714,0.5000,3.03,14.80
42081,0.00,2.34,2.10,0.00,0.00,0.00,1,13.76,189,716,0.5000,3.03,14.80
42157,0.00,2.34,2.10,0.00,0.00,0.00,1,13.76,189,709,0.5000,3.03,14.80
42231,0.00,2.34,2.10,0.00,0.00,0.00,1,13.76,189,704,0.5000,3.03,14.80
42306,0.00,2.34,2.10,0.00,0.00,0.00,1,13.76,189,700,0.5000,3.03,14.70
42382,0.00,2.34,2.10,0.00,0.00,0.00,1,13.84,189,694,0.5000,3.03,14.80
42456,0.00,2.34,2.10,0.00,0.00,0.00,1,13.68,189,690,0.5000,3.03,14.80
42531,0.00,2.34,2.10,0.00,0.00,0.00,1,13.84,189,699,0.5000,3.03,14.90
42606,0.00,2.34,2.10,0.00,0.00,0.00,1,13.76,189,703,0.5000,3.03,14.70
42682,0.00,2.34,2.10,0.00,0.00,0.00,1,13.76,189,704,0.5000,3.03,14.90
42756,0.00,2.34,2.10,0.00,0.00,0.00,1,13.76,189,709,0.5000,3.03,14.90
42831,0.00,2.34,2.10,0.00,0.00,0.00,1,13.76,189,705,0.5000,3.03,14.80
42906,0.00,2.34,2.10,0.00,0.00,0.00,1,13.76,189,697,0.5000,3.03,14.80
42981,0.00,2.34,2.10,0.00,0.00,0.00,1,13.84,189,680,0.5000,3.03,14.80
43056,0.00,2.34,2.10,0.00,0.00,0.00,1,13.76,189,690,0.5000,3.03,14.80
43136,0.00,2.34,2.10,0.00,0.00,0.00,1,13.84,189,698,0.5000,3.03,14.80
43206,0.00,2.34,2.10,0.00,0.00,0.00,1,13.68,189,704,0.5000,3.03,14.70
43281,0.00,2.34,2.10,0.00,0.00,0.00,1,13.76,189,710,0.5000,3.03,14.70
43357,0.00,2.34,2.10,0.00,0.00,0.00,1,13.76,189,711,0.5000,3.03,14.70
43431,0.00,2.34,2.10,0.00,0.00,0.00,1,13.84,189,720,0.5000,3.03,14.90
43506,0.00,2.34,2.10,0.00,0.00,0.00,1,13.36,189,715,0.5000,3.03,14.80
43581,0.00,2.34,2.10,0.00,0.00,0.00,1,13.44,189,723,0.5000,3.03,14.70
43657,0.00,2.34,2.10,0.00,0.00,0.00,1,13.84,189,717,0.5000,3.03,14.70
43732,0.00,2.34,2.10,0.00,0.00,0.00,1,13.68,189,721,0.5000,3.03,14.90
43807,0.00,2.34,2.10,0.00,0.00,0.00,1,13.92,189,722,0.5000,3.03,14.70
43882,0.00,2.34,2.10,0.00,0.00,0.00,1,13.76,189,722,0.5000,3.03,14.80
43957,0.00,2.34,2.10,0.00,0.00,0.00,1,13.76,189,723,0.5000,3.03,14.80
44032,0.00,2.34,2.10,0.00,0.00,0.00,1,13.76,189,720,0.5000,3.03,14.70
44107,0.00,2.34,2.10,0.00,0.00,0.00,1,13.68,189,720,0.5000,3.05,14.80
44182,0.00,2.34,2.10,0.00,0.00,0.00,1,13.84,189,714,0.5000,3.03,14.80
44257,0.00,2.34,2.10,0.00,0.00,0.00,1,13.84,189,714,0.5000,3.03,14.80
44331,0.00,2.34,2.10,0.00,0.00,0.00,1,13.76,189,701,0.5000,3.03,14.80
44406,0.00,2.34,2.10,0.00,0.00,0.00,1,13.76,189,696,0.5000,3.05,15.00
44482,0.00,2.34,2.10,0.00,0.00,0.00,1,13.76,189,703,0.5000,3.05,14.80
44557,0.00,2.34,2.10,0.00,0.00,0.00,1,13.84,189,708,0.5000,3.03,14.80
44631,0.00,2.34,2.10,0.00,0.00,0.00,1,13.68,189,714,0.5000,3.03,14.70
44707,0.00,2.34,2.10,0.00,0.00,0.00,1,13.84,189,700,0.5000,3.03,15.00
44782,0.00,2.34,2.10,0.00,0.00,0.00,1,13.76,189,708,0.5000,3.03,14.80
44857,0.00,2.34,2.10,0.00,0.00,0.00,1,13.84,189,708,0.5000,3.03,14.80
44931,0.00,2.34,2.10,0.00,0.00,0.00,1,13.76,189,700,0.5000,3.03,14.70
45007,0.00,2.34,2.10,0.00,0.00,0.00,1,13.76,189,707,0.5000,3.03,14.90
45082,0.00,2.34,2.10,0.00,0.00,0.00,1,13.76,189,710,0.5000,3.03,14.80
45157,0.00,2.34,2.10,0.00,0.00,0.00,1,13.84,189,703,0.5000,3.03,14.80
45232,0.00,2.34,2.10,0.00,0.00,0.00,1,13.76,189,709,0.5000,3.03,14.70
45307,0.00,2.34,2.10,0.00,0.00,0.00,1,13.84,189,717,0.5000,3.03,14.70
45382,0.00,2.34,2.10,0.00,0.00,0.00,1,13.68,189,705,0.5000,3.03,14.70
45457,0.00,2.34,2.10,0.00,0.00,0.00,1,13.84,189,712,0.5000,3.03,14.70
45532,0.00,2.34,2.10,0.00,0.00,0.00,1,13.76,189,708,0.5000,3.03,14.70
45607,0.00,2.34,2.10,0.00,0.00,0.00,1,13.76,189,701,0.5000,3.03,14.70
45681,0.00,2.34,2.10,0.00,0.00,0.00,1,13.76,189,706,0.5000,3.03,14.60
45757,0.00,2.34,2.10,0.00,0.00,0.00,1,13.84,189,708,0.5000,3.03,14.60
45831,0.00,2.34,2.10,0.00,0.00,0.00,1,13.84,189,707,0.5000,3.03,14.70
45907,0.00,2.34,2.10,0.00,0.00,0.00,1,13.68,189,705,0.5000,3.03,14.70
45981,0.00,2.34,2.10,0.00,0.00,0.00,1,13.76,189,704,0.5000,3.03,14.80
46057,0.00,2.34,2.10,0.00,0.00,0.00,1,13.76,189,710,0.5000,3.03,14.80
46131,0.00,2.34,2.10,0.00,0.00,0.00,1,13.84,189,705,0.5000,3.03,14.70
46207,0.00,2.34,2.10,0.00,0.00,0.00,1,13.84,189,705,0.5000,3.03,14.90
46281,0.00,2.34,2.10,0.00,0.00,0.00,1,13.76,189,706,0.5000,3.03,14.80
46357,0.00,2.34,2.10,0.00,0.00,0.00,1,13.84,189,697,0.5000,3.03,14.80
46431,0.00,2.34,2.10,0.00,0.00,0.00,1,13.84,189,690,0.5000,3.03,14.80
46506,0.00,2.34,2.10,0.00,0.00,0.00,1,13.76,189,700,0.5000,3.03,14.80
46581,0.00,2.34,2.10,0.00,0.00,0.00,1,13.84,189,701,0.5000,3.03,14.80
46657,0.00,2.34,2.10,0.00,0.00,0.00,1,13.76,189,716,0.5000,3.03,14.80
46732,0.00,2.34,2.10,0.00,0.00,0.00,1,13.76,189,714,0.5000,3.03,14.80
46807,0.00,2.34,2.10,0.00,0.00,0.00,1,13.76,189,706,0.5000,3.03,14.90
46882,0.00,2.34,2.10,0.00,0.00,0.00,1,13.76,189,698,0.5000,3.03,14.80
46957,0.00,2.34,2.10,0.00,0.00,0.00,1,13.68,189,698,0.5000,3.03,14.80
47032,0.00,2.34,2.10,0.00,0.00,0.00,1,13.84,189,698,0.5000,3.03,14.70
47107,0.00,2.34,2.10,0.00,0.00,0.00,1,13.84,189,701,0.5000,3.03,14.70
47181,0.00,2.34,2.10,0.00,0.00,0.00,1,13.68,189,702,0.5000,3.03,14.80
47257,0.00,2.34,2.10,0.00,0.00,0.00,1,13.76,189,693,0.5000,3.03,14.80
47332,0.00,2.34,2.10,0.00,0.00,0.00,1,13.76,189,701,0.5000,3.03,14.70
47407,0.00,2.34,2.10,0.00,0.00,0.00,1,13.76,189,700,0.5000,3.03,14.70
47482,0.00,2.34,2.10,0.00,0.00,0.00,1,13.76,189,692,0.5000,3.03,14.70
47557,0.00,2.34,2.10,0.00,0.00,0.00,1,13.76,189,697,0.5000,3.03,14.70
47632,0.00,2.34,2.10,0.00,0.00,0.00,1,13.84,189,703,0.5000,3.03,14.70
47707,0.00,2.34,2.10,0.00,0.00,0.00,1,13.76,189,708,0.5000,3.03,14.70
47782,0.00,2.34,2.10,0.00,0.00,0.00,1,13.76,189,702,0.5000,3.03,14.70
47857,0.00,2.34,2.10,0.00,0.00,0.00,1,13.76,189,704,0.5000,3.03,14.70
47932,0.00,2.34,2.10,0.00,0.00,0.00,1,13.84,189,707,0.5000,3.03,14.70
48007,0.00,2.34,2.10,0.00,0.00,0.00,1,13.84,189,710,0.5000,3.03,14.70
48082,0.00,2.34,2.10,0.00,0.00,0.00,1,13.76,189,720,0.5000,3.03,14.80
48157,0.00,2.34,2.10,0.00,0.00,0.00,1,13.84,189,715,0.5000,3.03,14.80
48232,0.00,2.34,2.10,0.00,0.00,0.00,1,13.76,189,723,0.5000,3.03,14.70
48307,0.00,2.34,2.10,0.00,0.00,0.00,1,13.84,189,716,0.5000,3.03,14.70
48382,0.00,2.34,2.10,0.00,0.00,0.00,1,13.84,189,728,0.5000,3.03,14.70
48456,0.00,2.34,2.10,0.00,0.00,0.00,1,13.76,189,715,0.5000,3.03,14.70
48532,0.00,2.34,2.10,0.00,0.00,0.00,1,13.76,189,722,0.5000,3.03,14.70
48607,0.00,2.34,2.10,0.00,0.00,0.00,1,13.76,189,726,0.5000,3.03,14.80
48682,0.00,2.34,2.10,0.00,0.00,0.00,1,13.84,189,728,0.5000,3.03,14.80
48757,0.00,2.34,2.10,0.00,0.00,0.00,1,13.84,189,722,0.5000,3.03,14.80
48832,0.00,2.34,2.10,0.00,0.00,0.00,1,13.68,189,711,0.5000,3.03,14.80
48907,0.00,2.34,2.10,0.00,0.00,0.00,1,13.84,189,703,0.5000,3.03,14.80
48982,0.00,2.34,2.10,0.00,0.00,0.00,1,13.76,189,700,0.5000,3.03,14.80
49057,0.00,2.34,2.10,0.00,0.00,0.00,1,13.84,189,702,0.5000,3.03,14.80
49132,0.00,2.34,2.10,0.00,0.00,0.00,1,13.76,189,710,0.5000,3.03,14.70
49208,0.00,2.34,2.10,0.00,0.00,0.00,1,13.84,189,703,0.5000,3.03,14.70
49282,0.00,2.34,2.10,0.00,0.00,0.00,1,13.84,189,694,0.5000,3.03,14.80
49357,0.00,2.34,2.10,0.00,0.00,0.00,1,13.76,189,703,0.5000,3.03,14.80
49432,0.00,2.34,2.10,0.00,0.00,0.00,1,13.76,189,702,0.5000,3.03,14.70
49507,0.00,2.34,2.10,0.00,0.00,0.00,1,13.68,189,696,0.5000,3.03,14.80
49582,0.00,2.34,2.10,0.00,0.00,0.00,1,13.84,189,702,0.5000,3.03,14.70
49657,0.00,2.34,2.10,0.00,0.00,0.00,1,13.84,189,691,0.5000,3.03,14.70
49732,0.00,2.34,2.10,0.00,0.00,0.00,1,13.76,189,700,0.5000,3.03,14.80
49807,0.00,2.34,2.10,0.00,0.00,0.00,1,13.84,189,702,0.5000,3.03,14.70
49882,0.00,2.34,2.10,0.00,0.00,0.00,1,13.76,189,711,0.5000,3.03,14.80
49957,0.00,2.34,2.10,0.00,0.00,0.00,1,13.76,189,708,0.5000,3.03,14.80
50032,0.00,2.34,2.10,0.00,0.00,0.00,1,13.76,189,702,0.5000,3.03,14.80
50107,0.00,2.34,2.10,0.00,0.00,0.00,1,13.76,189,704,0.5000,3.03,14.80
50182,0.00,2.34,2.10,0.00,0.00,0.00,1,13.84,189,708,0.5000,3.03,14.80
50257,0.00,2.34,2.10,0.00,0.00,0.00,1,13.76,189,708,0.5000,3.03,14.80
50332,0.00,2.34,2.10,0.00,0.00,0.00,1,13.84,189,709,0.5000,3.03,14.90
50407,0.00,2.34,2.10,0.00,0.00,0.00,1,13.68,189,711,0.5000,3.03,14.70
50482,0.00,2.34,2.10,0.00,0.00,0.00,1,13.76,189,718,0.5000,3.03,14.80
50557,0.00,2.34,2.10,0.00,0.00,0.00,1,13.84,189,722,0.5000,3.03,14.80
50632,0.00,2.34,2.10,0.00,0.00,0.00,1,13.84,189,734,0.5000,3.03,14.80
50707,0.00,2.34,2.10,0.00,0.00,0.00,1,13.84,189,727,0.5000,3.03,14.80
50782,0.00,2.34,2.10,0.00,0.00,0.00,1,13.76,189,714,0.5000,3.03,14.80
50857,0.00,2.34,2.10,0.00,0.00,0.00,1,13.68,189,710,0.5000,3.03,14.80
50933,0.00,2.34,2.10,0.00,0.00,0.00,1,13.84,189,711,0.5000,3.03,14.80
51007,0.00,2.34,2.10,0.00,0.00,0.00,1,13.76,189,707,0.5000,3.03,14.80
51082,0.00,2.34,2.10,0.00,0.00,0.00,1,13.84,189,709,0.5000,3.05,14.80
51157,0.00,2.34,2.10,0.00,0.00,0.00,1,13.76,189,711,0.5000,3.03,14.80
51232,0.00,2.34,2.10,0.00,0.00,0.00,1,13.76,189,720,0.5000,3.05,14.80
51307,0.00,2.34,2.10,0.00,0.00,0.00,1,13.76,189,720,0.5000,3.03,14.80
51382,0.00,2.34,2.10,0.00,0.00,0.00,1,13.84,189,716,0.5000,3.03,14.70
51457,0.00,2.34,2.10,0.00,0.00,0.00,1,13.76,189,715,0.5000,3.03,14.70
51532,0.00,2.34,2.10,0.00,0.00,0.00,1,13.76,189,718,0.5000,3.03,14.80
51607,0.00,2.34,2.10,0.00,0.00,0.00,1,13.76,189,718,0.5000,3.03,14.90
51682,0.00,2.34,2.10,0.00,0.00,0.00,1,13.68,189,711,0.5000,3.03,14.80
51757,0.00,2.34,2.10,0.00,0.00,0.00,1,13.84,189,714,0.5000,3.05,14.80
51833,0.00,2.34,2.10,0.00,0.00,0.00,1,13.76,189,702,0.5000,3.05,14.80
51907,0.00,2.34,2.10,0.00,0.00,0.00,1,13.68,189,709,0.5000,3.03,14.70
51982,0.00,2.34,2.10,0.00,0.00,0.00,1,13.84,189,712,0.5000,3.05,14.70
52057,0.00,2.34,2.10,0.00,0.00,0.00,1,13.76,189,702,0.5000,3.03,14.70
52132,0.00,2.34,2.10,0.00,0.00,0.00,1,13.76,189,706,0.5000,3.03,14.80
52207,-0.78,2.34,2.10,0.00,0.00,0.00,1,13.76,189,712,0.5000,3.03,14.70
52282,-0.78,2.34,2.10,0.00,0.00,0.00,1,13.84,189,716,0.5000,3.03,14.70
52357,0.00,2.34,2.10,0.00,0.00,0.00,1,13.84,189,702,0.5000,3.03,14.70
52432,0.00,2.34,2.10,0.00,0.00,0.00,1,13.68,189,714,0.5000,3.03,14.70
52507,0.00,2.34,2.10,0.00,0.00,0.00,1,13.76,189,720,0.5000,3.03,14.70
52582,0.00,2.34,2.10,0.00,0.00,0.00,1,13.68,189,722,0.5000,3.03,14.70
52657,0.00,2.34,2.10,0.00,0.00,0.00,1,13.84,189,720,0.5000,3.03,14.70
52732,0.00,2.34,2.10,0.00,0.00,0.00,1,13.84,189,722,0.5000,3.03,14.70
52807,0.00,2.34,2.10,0.00,0.00,0.00,1,13.76,189,718,0.5000,3.03,14.70
52882,-0.78,2.34,2.10,0.00,0.00,0.00,1,13.84,189,720,0.5000,3.03,14.80
52957,0.00,2.34,2.10,0.00,0.00,0.00,1,13.68,189,718,0.5000,3.03,14.80
53032,0.00,2.34,2.10,0.00,0.00,0.00,1,13.76,189,715,0.5000,3.03,14.70
53107,0.00,2.34,2.10,0.00,0.00,0.00,1,13.84,189,709,0.5000,3.03,14.80
53183,0.00,2.34,2.10,0.00,0.00,0.00,1,13.76,189,702,0.5000,3.03,14.70
53257,0.00,2.34,2.10,0.00,0.00,0.00,1,13.84,189,698,0.5000,3.05,14.70
53333,0.00,2.34,2.10,0.00,0.00,0.00,1,13.76,189,702,0.5000,3.03,14.70
53407,0.00,2.34,2.10,0.00,0.00,0.00,1,13.84,189,708,0.5000,3.03,14.80
53482,0.00,2.34,2.10,0.00,0.00,0.00,1,13.84,189,704,0.5000,3.03,14.80
53558,0.00,2.34,2.10,0.00,0.00,0.00,1,13.76,189,692,0.5000,3.03,14.80
53632,0.00,2.34,2.10,0.00,0.00,0.00,1,13.76,189,700,0.5000,3.03,14.70
53707,0.00,2.34,2.10,0.00,0.00,0.00,1,13.76,189,710,0.5000,3.03,14.70
53783,0.00,2.34,2.10,0.00,0.00,0.00,1,13.84,189,712,0.5000,3.03,14.80
53858,0.00,2.34,2.10,0.00,0.00,0.00,1,13.68,189,710,0.5000,3.03,14.80
53932,0.00,2.34,2.10,0.00,0.00,0.00,1,13.76,189,706,0.5000,3.03,14.70
54007,0.00,2.34,2.10,0.00,0.00,0.00,1,13.84,189,706,0.5000,3.03,14.80
54082,0.00,2.34,2.10,0.00,0.00,0.00,1,13.84,189,702,0.5000,3.03,14.80
54157,0.00,2.34,2.10,0.00,0.00,0.00,1,13.84,189,708,0.5000,3.03,14.80
54233,0.00,2.34,2.10,0.00,0.00,0.00,1,13.76,189,720,0.5000,3.03,14.80
54307,0.00,2.34,2.10,0.00,0.00,0.00,1,13.84,189,726,0.5000,3.03,14.80
54383,0.00,2.34,2.10,0.00,0.00,0.00,1,13.76,189,718,0.5000,3.03,14.70
54458,0.00,2.34,2.10,0.00,0.00,0.00,1,13.84,189,725,0.5000,3.03,14.70
54532,0.00,2.34,2.10,0.00,0.00,0.00,1,13.76,189,723,0.5000,3.03,14.70
54607,0.00,2.34,2.10,0.00,0.00,0.00,1,13.68,189,726,0.5000,3.03,14.70
54683,0.00,2.34,2.10,0.00,0.00,0.00,1,13.84,189,729,0.5000,3.03,15.00
54757,0.00,2.34,2.10,0.00,0.00,0.00,1,13.84,189,728,0.5000,3.03,15.00
54833,0.00,2.34,2.10,0.00,0.00,0.00,1,13.84,189,721,0.5000,3.03,14.80
54907,0.00,2.34,2.10,0.00,0.00,0.00,1,13.68,189,720,0.5000,3.03,14.80
54983,0.00,2.34,2.10,0.00,0.00,0.00,1,13.76,189,716,0.5000,3.03,15.00
55058,0.00,2.34,2.10,0.00,0.00,0.00,1,13.84,189,707,0.5000,3.03,15.00
55133,0.00,2.34,2.10,0.00,0.00,0.00,1,13.84,189,710,0.5000,3.03,14.90
55209,0.00,2.34,2.10,0.00,0.00,0.00,1,13.84,189,709,0.5000,3.03,14.80
55283,0.00,2.34,2.10,0.00,0.00,0.00,1,13.76,189,712,0.5000,3.03,14.80
55357,0.00,2.34,2.10,0.00,0.00,0.00,1,13.76,189,701,0.5000,3.03,14.80
55433,0.00,2.34,2.10,0.00,0.00,0.00,1,13.84,189,703,0.5000,3.03,14.70
55508,0.00,2.34,2.10,0.00,0.00,0.00,1,13.68,189,699,0.5000,3.03,14.70
55583,0.00,2.34,2.10,0.00,0.00,0.00,1,13.60,189,704,0.5000,3.00,14.80
55658,0.00,2.34,2.10,0.00,0.00,0.00,1,13.76,189,696,0.5000,3.03,14.80
55732,0.00,2.34,2.10,0.00,0.00,0.00,1,13.84,189,691,0.5000,3.03,14.70
55808,0.00,2.34,2.10,0.00,0.00,0.00,1,13.84,189,703,0.5000,3.03,14.80
55883,0.00,2.34,2.10,0.00,0.00,0.00,1,13.76,189,691,0.5000,3.00,14.90
55958,0.00,2.34,2.10,0.00,0.00,0.00,1,13.76,189,687,0.5000,3.03,14.90
56033,0.00,2.34,2.10,0.00,0.00,0.00,1,13.76,189,699,0.5000,3.00,14.80
56107,0.00,2.34,2.10,0.00,0.00,0.00,1,13.84,189,694,0.5000,3.00,14.70
56183,0.00,2.34,2.10,0.00,0.00,0.00,1,13.76,189,689,0.5000,3.03,14.90
56258,0.00,2.34,2.10,0.00,0.00,0.00,1,13.84,189,683,0.5000,3.03,14.90
56333,0.00,2.34,2.10,0.00,0.00,0.00,1,13.84,189,695,0.5000,3.00,14.70
56407,0.00,2.34,2.10,0.00,0.00,0.00,1,13.68,189,703,0.5000,2.98,14.70
56483,-0.78,2.34,2.10,0.00,0.00,0.00,1,13.76,189,712,0.5000,2.98,14.70
56558,-0.78,2.34,2.10,0.00,0.00,0.00,1,13.84,189,708,0.5000,2.98,14.70
56633,-0.78,2.34,2.10,0.00,0.00,0.00,1,13.76,189,714,0.5000,2.98,14.80
56708,-0.78,2.34,2.10,0.00,0.00,0.00,1,13.92,189,710,0.5000,2.98,14.70
56783,-0.78,2.34,2.10,0.00,0.00,0.00,1,13.76,189,715,0.5000,3.00,14.70
56858,-0.78,2.34,2.10,0.00,0.00,0.00,1,13.76,189,713,0.5000,3.03,14.70
56933,-0.78,2.34,2.10,0.00,0.00,0.00,1,13.84,189,705,0.5000,3.03,14.70
57008,0.00,2.34,2.10,0.00,0.00,0.00,1,13.84,189,716,0.5000,3.03,14.70
57083,0.00,2.34,2.10,0.00,0.00,0.00,1,13.76,189,706,0.5000,3.00,14.70
57158,0.00,2.34,2.10,0.00,0.00,0.00,1,13.76,189,717,0.5000,3.03,14.70
57233,0.00,2.34,2.10,0.00,0.00,0.00,1,13.76,189,712,0.5000,3.03,14.70
57308,0.00,2.34,2.10,0.00,0.00,0.00,1,13.84,189,707,0.5000,3.00,14.90
57383,0.00,2.34,2.10,0.00,0.00,0.00,1,13.84,189,703,0.5000,3.03,14.80
57458,0.00,2.34,2.10,0.00,0.00,0.00,1,13.76,189,706,0.5000,3.03,14.80
57533,0.00,2.34,2.10,0.00,0.00,0.00,1,13.76,189,712,0.5000,3.03,14.80
57608,0.00,2.34,2.10,0.00,0.00,0.00,1,13.92,189,702,0.5000,3.03,14.80
57683,0.00,2.34,2.10,0.00,0.00,0.00,1,13.76,189,711,0.5000,3.03,14.80
57758,0.00,2.34,2.10,0.00,0.00,0.00,1,13.76,189,708,0.5000,3.03,14.80
57833,0.00,2.34,2.10,0.00,0.00,0.00,1,13.68,189,698,0.5000,3.03,14.80
57908,0.00,2.34,2.10,0.00,0.00,0.00,1,13.84,189,700,0.5000,3.03,14.90
57983,0.00,2.34,2.10,0.00,0.00,0.00,1,13.84,189,698,0.5000,3.03,14.80
58058,0.00,2.34,2.10,0.00,0.00,0.00,1,13.68,189,690,0.5000,3.03,14.80
58133,0.00,2.34,2.10,0.00,0.00,0.00,1,13.76,189,684,0.5000,3.03,15.00
58208,0.00,2.34,2.10,0.00,0.00,0.00,1,13.76,189,701,0.5000,3.03,14.90
58283,0.00,2.34,2.10,0.00,0.00,0.00,1,13.84,189,699,0.5000,3.00,15.00
58358,0.00,2.34,2.10,0.00,0.00,0.00,1,13.76,189,693,0.5000,3.03,15.00
58433,0.00,2.34,2.10,0.00,0.00,0.00,1,13.76,190,700,0.5000,3.03,14.80
58508,0.00,2.34,2.10,0.00,0.00,0.00,1,13.84,190,710,0.5000,3.00,14.70
58583,0.00,2.34,2.10,0.00,0.00,0.00,1,13.76,190,704,0.5000,3.03,14.70
58658,0.00,2.34,2.10,0.00,0.00,0.00,1,13.84,190,714,0.5000,2.98,14.70
58733,0.00,2.34,2.10,0.00,0.00,0.00,1,13.68,190,714,0.5000,2.98,14.70
58808,0.00,2.34,2.10,0.00,0.00,0.00,1,13.84,190,712,0.5000,3.00,14.70
58883,0.00,2.34,2.10,0.00,0.00,0.00,1,13.84,190,716,0.5000,3.03,14.80
58958,0.00,2.34,2.10,0.00,0.00,0.00,1,13.68,190,709,0.5000,3.03,14.80
59033,0.00,2.34,2.10,0.00,0.00,0.00,1,13.76,190,709,0.5000,3.03,14.70
59108,0.00,2.34,2.10,0.00,0.00,0.00,1,13.76,190,708,0.5000,3.03,14.80
59183,0.00,2.34,2.10,0.00,0.00,0.00,1,13.84,190,705,0.5000,3.03,14.70
59258,0.00,2.34,2.10,0.00,0.00,0.00,1,13.84,190,702,0.5000,3.03,14.70
59333,0.00,2.34,2.10,0.00,0.00,0.00,1,13.68,190,706,0.5000,3.03,14.70
59408,0.00,2.34,2.10,0.00,0.00,0.00,1,13.76,190,700,0.5000,3.03,15.10
59483,0.00,2.34,2.10,0.00,0.00,0.00,1,13.76,190,700,0.5000,3.03,14.70
59558,0.00,2.34,2.10,0.00,0.00,0.00,1,13.84,190,714,0.5000,3.03,14.70
59633,0.00,2.34,2.10,0.00,0.00,0.00,1,13.68,190,712,0.5000,3.00,14.80
59708,0.00,2.34,2.10,0.00,0.00,0.00,1,13.68,190,708,0.5000,3.03,14.80
59783,0.00,2.34,2.10,0.00,0.00,0.00,1,13.84,190,694,0.5000,3.03,14.70
59858,0.00,2.34,2.10,0.00,0.00,0.00,1,13.84,190,693,0.5000,3.00,14.70
59933,0.00,2.34,2.10,0.00,0.00,0.00,1,13.76,190,712,0.5000,3.00,14.70
60008,0.00,2.34,2.10,0.00,0.00,0.00,1,13.76,190,700,0.5000,3.00,14.90
60083,0.00,2.34,2.10,0.00,0.00,0.00,1,13.84,190,697,0.5000,3.03,14.70
60158,0.00,2.34,2.10,0.00,0.00,0.00,1,13.84,190,696,0.5000,3.00,14.70
60234,0.00,2.34,2.10,0.00,0.00,0.00,1,13.68,190,712,0.5000,3.03,14.80
60308,0.00,2.34,2.10,0.00,0.00,0.00,1,13.84,190,713,0.5000,3.03,14.80
60384,0.00,2.34,2.10,0.00,0.00,0.00,1,13.84,190,718,0.5000,3.03,14.70
60458,0.00,2.34,2.10,0.00,0.00,0.00,1,13.84,190,722,0.5000,3.03,14.70
60533,0.00,2.34,2.10,0.00,0.00,0.00,1,13.76,190,718,0.5000,3.03,14.70
60609,0.00,2.34,2.10,0.00,0.00,0.00,1,13.84,190,731,0.5000,3.03,14.70
60683,-0.78,2.34,2.10,0.00,0.00,0.00,1,13.76,190,721,0.5000,3.03,14.80
60759,-0.78,2.34,2.10,0.00,0.00,0.00,1,13.76,190,715,0.5000,3.03,14.80
60833,-0.78,2.34,2.10,0.00,0.00,0.00,1,13.84,190,705,0.5000,3.03,14.70
60909,-0.78,2.34,2.10,0.00,0.00,0.00,1,13.76,190,709,0.5000,3.03,14.70
60983,-0.78,2.34,2.10,0.00,0.00,0.00,1,13.84,190,721,0.5000,3.03,14.70
61058,-0.78,2.34,2.10,0.00,0.00,0.00,1,13.68,190,728,0.5000,3.03,14.70
61134,-0.78,2.34,2.10,0.00,0.00,0.00,1,13.76,190,720,0.5000,3.03,14.70
61208,-0.78,2.34,2.10,0.00,0.00,0.00,1,13.84,190,725,0.5000,3.03,14.70
61283,-0.78,2.34,2.10,0.00,0.00,0.00,1,13.84,190,720,0.5000,3.03,14.70
61358,-0.78,2.34,2.10,0.00,0.00,0.00,1,13.76,190,722,0.5000,3.03,14.70
61434,-0.78,2.34,2.10,0.00,0.00,0.00,1,13.76,190,711,0.5000,3.03,14.70
61508,-0.78,2.34,2.10,0.00,0.00,0.00,1,13.76,190,705,0.5000,3.03,14.70
61583,-0.78,2.34,2.10,0.00,0.00,0.00,1,13.84,190,710,0.5000,3.03,14.80
61659,-0.78,2.34,2.10,0.00,0.00,0.00,1,13.76,190,703,0.5000,3.03,14.80
61734,-0.78,2.34,2.10,0.00,0.00,0.00,1,13.76,190,702,0.5000,3.03,14.80
61809,-0.78,2.34,2.10,0.00,0.00,0.00,1,13.84,190,695,0.5000,3.03,14.80
61883,-0.78,2.34,2.10,0.00,0.00,0.00,1,13.84,190,696,0.5000,3.00,14.80
61959,-0.78,2.34,2.10,0.00,0.00,0.00,1,13.84,190,702,0.5000,3.03,14.80
62033,-0.78,2.34,2.10,0.00,0.00,0.00,1,13.76,190,700,0.5000,3.03,14.80
62108,-0.78,2.34,2.10,0.00,0.00,0.00,1,13.84,190,706,0.5000,3.03,14.70
62183,-0.78,2.34,2.10,0.00,0.00,0.00,1,13.76,190,710,0.5000,3.03,14.70
62258,-0.78,2.34,2.10,0.00,0.00,0.00,1,13.76,190,720,0.5000,3.03,14.70
62334,-0.78,2.34,2.10,0.00,0.00,0.00,1,13.76,190,712,0.5000,3.03,14.70
62409,-0.78,2.34,2.10,0.00,0.00,0.00,1,13.76,190,716,0.5000,3.03,14.70
62484,-0.78,2.34,2.10,0.00,0.00,0.00,1,13.84,190,722,0.5000,3.03,14.70
62559,-0.78,2.34,2.10,0.00,0.00,0.00,1,13.76,190,717,0.5000,3.00,14.70
62633,-0.78,2.34,2.10,0.00,0.00,0.00,1,13.84,190,716,0.5000,3.03,14.80
62708,-0.78,2.34,2.10,0.00,0.00,0.00,1,13.76,190,715,0.5000,3.03,14.70
62783,-0.78,2.34,2.10,0.00,0.00,0.00,1,13.76,190,717,0.5000,3.03,14.70
62859,-0.78,2.34,2.10,0.00,0.00,0.00,1,13.84,190,714,0.5000,3.03,14.70
62933,-0.78,2.34,2.10,0.00,0.00,0.00,1,13.68,190,723,0.5000,3.03,14.70
63009,-0.78,2.34,2.10,0.00,0.00,0.00,1,13.76,190,718,0.5000,3.03,14.70
63084,-0.78,2.34,2.10,0.00,0.00,0.00,1,13.68,190,722,0.5000,3.03,14.70
63158,-0.78,2.34,2.10,0.00,0.00,0.00,1,13.84,190,715,0.5000,3.03,14.70
63234,-0.78,2.34,2.10,0.00,0.00,0.00,1,13.84,190,708,0.5000,3.03,14.80
63309,-0.78,2.34,2.10,0.00,0.00,0.00,1,13.76,190,702,0.5000,3.03,14.70
63383,-0.78,2.34,2.10,0.00,0.00,0.00,1,13.76,190,693,0.5000,3.03,14.70
63458,-0.78,2.34,2.10,0.00,0.00,0.00,1,13.84,190,697,0.5000,3.03,14.70
63533,-0.78,2.34,2.10,0.00,0.00,0.00,1,13.84,190,690,0.5000,3.03,14.70
63609,-0.78,2.34,2.10,0.00,0.00,0.00,1,13.84,190,698,0.5000,3.03,14.70
63683,-0.78,2.34,2.10,0.00,0.00,0.00,1,13.68,190,704,0.5000,3.03,14.80
63759,-0.78,2.34,2.10,0.00,0.00,0.00,1,13.84,190,715,0.5000,3.00,14.80
63833,-0.78,2.34,2.10,0.00,0.00,0.00,1,13.76,190,703,0.5000,3.03,14.80
63909,-0.78,2.34,2.10,0.00,0.00,0.00,1,13.84,190,684,0.5000,3.03,14.70
63983,-0.78,2.34,2.10,0.00,0.00,0.00,1,13.76,190,688,0.5000,3.03,14.90
64059,-0.78,2.34,2.10,0.00,0.00,0.00,1,13.84,190,692,0.5000,3.03,14.90
64134,-0.78,2.34,2.10,0.00,0.00,0.00,1,13.84,190,700,0.5000,3.03,14.80
64208,-0.78,2.34,2.10,0.00,0.00,0.00,1,13.76,190,691,0.5000,3.03,14.80
64284,-0.78,2.34,2.10,0.00,0.00,0.00,1,13.76,190,699,0.5000,3.00,14.80
64359,-0.78,2.34,2.10,0.00,0.00,0.00,1,13.84,190,702,0.5000,2.98,14.80
64434,-0.78,2.34,2.10,0.00,0.00,0.00,1,13.84,190,698,0.5000,2.98,14.90
64509,-0.78,2.34,2.10,0.00,0.00,0.00,1,13.76,190,704,0.5000,3.00,14.70
64584,-0.78,2.34,2.10,0.00,0.00,0.00,1,13.76,190,684,0.5000,3.03,14.70
64659,-0.78,2.34,2.10,0.00,0.00,0.00,1,13.84,190,686,0.5000,3.03,14.70
64734,-0.78,2.34,2.10,0.00,0.00,0.00,1,13.84,190,695,0.5000,3.00,14.90
64809,-0.78,2.34,2.10,0.00,0.00,0.00,1,13.76,190,706,0.5000,3.00,14.70
64883,-0.78,2.34,2.10,0.00,0.00,0.00,1,13.76,190,712,0.5000,2.98,14.80
64959,-0.78,2.34,2.10,0.00,0.00,0.00,1,13.76,190,708,0.5000,3.00,14.80
65033,-0.78,2.34,2.10,0.00,0.00,0.00,1,13.84,190,698,0.5000,2.98,15.00
65109,-0.78,2.34,2.10,0.00,0.00,0.00,1,13.68,190,707,0.5000,2.98,14.70
65184,-0.78,2.34,2.10,0.00,0.00,0.00,1,13.76,190,708,0.5000,2.98,14.80
65259,-0.78,2.34,2.10,0.00,0.00,0.00,1,13.84,190,708,0.5000,3.00,14.80
65334,-0.78,2.34,2.10,0.00,0.00,0.00,1,13.92,190,714,0.5000,3.00,14.80
65409,-0.78,2.34,2.10,0.00,0.00,0.00,1,13.84,190,716,0.5000,3.00,14.90
65484,0.00,2.34,2.10,0.00,0.00,0.00,1,13.76,190,716,0.5000,3.00,14.80
65559,0.00,2.34,2.10,0.00,0.00,0.00,1,13.76,190,713,0.5000,3.00,14.80
65634,0.00,2.34,2.10,0.00,0.00,0.00,1,13.84,190,713,0.5000,3.00,15.00
65709,0.00,2.34,2.10,0.00,0.00,0.00,1,13.76,190,701,0.5000,3.03,14.80
65784,0.00,2.34,2.10,0.00,0.00,0.00,1,13.76,190,712,0.5000,3.00,14.80
65859,0.00,2.34,2.10,0.00,0.00,0.00,1,13.68,190,716,0.5000,3.03,14.80
65934,0.00,2.34,2.10,0.00,0.00,0.00,1,13.84,190,705,0.5000,3.03,15.00
66009,0.00,2.34,2.10,0.00,0.00,0.00,1,13.68,190,713,0.5000,3.03,14.80
66084,0.00,2.34,2.10,0.00,0.00,0.00,1,13.84,190,722,0.5000,3.03,14.90
66159,0.00,2.34,2.10,0.00,0.00,0.00,1,13.76,190,716,0.5000,3.00,14.90
66234,0.00,2.34,2.10,0.00,0.00,0.00,1,13.68,190,713,0.5000,3.03,15.10
66309,0.00,2.34,2.10,0.00,0.00,0.00,1,13.52,190,712,0.5000,2.98,14.90
66384,0.00,2.34,2.10,0.00,0.00,0.00,1,13.92,190,707,0.5000,3.03,15.10
66459,0.00,2.34,2.10,0.00,0.00,0.00,1,13.84,190,699,0.5000,3.03,15.10
66534,0.00,2.34,2.10,0.00,0.00,0.00,1,13.68,190,696,0.5000,3.03,15.00
66609,0.00,2.34,2.10,0.00,0.00,0.00,1,13.92,190,690,0.5000,3.03,14.80
66684,0.00,2.34,2.10,0.00,0.00,0.00,1,13.76,190,697,0.5000,3.03,14.80
66759,0.00,2.34,2.10,0.00,0.00,0.00,1,13.76,190,694,0.5000,3.03,14.80
66834,0.00,2.34,2.10,0.00,0.00,0.00,1,13.76,190,697,0.5000,3.03,14.90
66909,0.00,2.34,2.10,0.00,0.00,0.00,1,13.76,190,698,0.5000,3.03,14.80
66984,0.00,2.34,2.10,0.00,0.00,0.00,1,13.76,190,693,0.5000,3.03,14.80
67059,0.00,2.34,2.10,0.00,0.00,0.00,1,13.76,190,709,0.5000,3.03,14.80
67134,0.00,2.34,2.10,0.00,0.00,0.00,1,13.68,190,697,0.5000,3.00,14.80
67209,0.00,2.34,2.10,0.00,0.00,0.00,1,13.84,190,696,0.5000,3.00,14.80
67284,0.00,2.34,2.10,0.00,0.00,0.00,1,13.76,190,702,0.5000,3.00,14.80
67359,0.00,2.34,2.10,0.00,0.00,0.00,1,13.84,190,706,0.5000,3.03,14.80
67434,0.00,2.34,2.10,0.00,0.00,0.00,1,13.68,190,707,0.5000,3.00,14.80
67509,0.00,2.34,2.10,0.00,0.00,0.00,1,13.84,190,709,0.5000,3.03,14.70
67584,0.00,2.34,2.10,0.00,0.00,0.00,1,13.84,190,703,0.5000,3.03,14.80
67659,0.00,2.34,2.10,0.00,0.00,0.00,1,13.76,190,707,0.5000,3.03,14.80
67734,0.00,2.34,2.10,0.00,0.00,0.00,1,13.76,190,716,0.5000,3.03,14.80
67809,0.00,2.34,2.10,0.00,0.00,0.00,1,13.84,190,715,0.5000,3.00,14.70
67884,0.00,2.34,2.10,0.00,0.00,0.00,1,13.84,190,708,0.5000,3.03,14.70
67959,0.00,2.34,2.10,0.00,0.00,0.00,1,13.60,190,711,0.5000,3.03,14.70
68034,0.00,2.34,2.10,0.00,0.00,0.00,1,13.76,190,721,0.5000,3.03,14.70
68109,0.00,2.34,2.10,0.00,0.00,0.00,1,13.84,190,708,0.5000,3.03,14.70
68185,0.00,2.34,2.10,0.00,0.00,0.00,1,13.84,190,711,0.5000,3.03,14.70
68259,0.00,2.34,2.10,0.00,0.00,0.00,1,13.84,190,702,0.5000,3.03,14.70
68334,0.00,2.34,2.10,0.00,0.00,0.00,1,13.76,190,704,0.5000,3.03,14.60
68409,0.00,2.34,2.10,0.00,0.00,0.00,1,13.76,190,717,0.5000,3.03,14.70
68484,0.00,2.34,2.10,0.00,0.00,0.00,1,13.84,190,695,0.5000,3.03,14.70
68559,0.00,2.34,2.10,0.00,0.00,0.00,1,13.76,190,703,0.5000,3.03,14.70
68634,0.00,2.34,2.10,0.00,0.00,0.00,1,13.84,190,702,0.5000,3.03,14.70
68709,0.00,2.34,2.10,0.00,0.00,0.00,1,13.76,190,696,0.5000,3.03,14.80
68784,0.00,2.34,2.10,0.00,0.00,0.00,1,13.84,190,690,0.5000,3.03,14.70
68859,0.00,2.34,2.10,0.00,0.00,0.00,1,13.84,190,686,0.5000,3.00,14.70
68934,0.00,2.34,2.10,0.00,0.00,0.00,1,13.68,190,691,0.5000,3.00,14.70
69009,0.00,2.34,2.10,0.00,0.00,0.00,1,13.84,190,694,0.5000,3.00,14.80
69084,0.00,2.34,2.10,0.00,0.00,0.00,1,13.84,190,703,0.5000,3.03,14.90
69159,0.00,2.34,2.10,0.00,0.00,0.00,1,13.76,190,702,0.5000,3.00,14.90
69234,0.00,2.34,2.10,0.00,0.00,0.00,1,13.76,190,704,0.5000,3.00,14.70
69309,0.00,2.34,2.10,0.00,0.00,0.00,1,13.68,190,688,0.5000,2.98,14.70
69385,0.00,2.34,2.10,0.00,0.00,0.00,1,13.84,190,685,0.5000,3.00,14.80
69459,0.00,2.34,2.10,0.00,0.00,0.00,1,13.76,190,682,0.5000,3.00,14.80
69535,0.00,2.34,2.10,0.00,0.00,0.00,1,13.84,190,690,0.5000,3.03,14.70
69609,0.00,2.34,2.10,0.00,0.00,0.00,1,13.68,190,688,0.5000,3.00,14.70
69684,0.00,2.34,2.10,0.00,0.00,0.00,1,13.84,190,688,0.5000,3.00,15.00
69759,0.00,2.34,2.10,0.00,0.00,0.00,1,13.84,190,701,0.5000,3.03,15.00
69834,0.00,2.34,2.10,0.00,0.00,0.00,1,13.68,190,699,0.5000,3.00,14.70
69910,0.00,2.34,2.10,0.00,0.00,0.00,1,13.84,190,709,0.5000,3.03,14.80
69984,0.00,2.34,2.10,0.00,0.00,0.00,1,13.60,190,714,0.5000,3.00,14.80
70059,0.00,2.34,2.10,0.00,0.00,0.00,1,13.52,190,710,0.5000,3.00,14.80
70134,0.00,2.34,2.10,0.00,0.00,0.00,1,13.84,190,706,0.5000,3.03,14.70
70209,0.00,2.34,2.10,0.00,0.00,0.00,1,13.68,190,711,0.5000,3.03,14.80
70284,0.00,2.34,2.10,0.00,0.00,0.00,1,13.92,190,714,0.5000,3.03,14.90
70359,0.00,2.34,2.10,0.00,0.00,0.00,1,13.76,190,714,0.5000,3.03,14.90
70434,0.00,2.34,2.10,0.00,0.00,0.00,1,13.76,190,716,0.5000,3.03,14.70
70509,0.00,2.34,2.10,0.00,0.00,0.00,1,13.84,190,715,0.5000,3.03,14.70
70585,0.00,2.34,2.10,0.00,0.00,0.00,1,13.76,190,722,0.5000,3.03,14.70
70659,0.00,2.34,2.10,0.00,0.00,0.00,1,13.84,190,718,0.5000,3.03,14.70
70734,0.00,2.34,2.10,0.00,0.00,0.00,1,13.68,190,711,0.5000,3.00,14.70
70809,0.00,2.34,2.10,0.00,0.00,0.00,1,13.84,190,692,0.5000,3.03,14.70
70884,0.00,2.34,2.10,0.00,0.00,0.00,1,13.76,190,682,0.5000,3.03,14.70
70959,0.00,2.34,2.10,0.00,0.00,0.00,1,13.76,190,691,0.5000,3.03,14.70
71034,0.00,2.34,2.10,0.00,0.00,0.00,1,13.76,190,694,0.5000,3.03,14.70
71110,0.00,2.34,2.10,0.00,0.00,0.00,1,13.76,190,702,0.5000,3.03,14.80
71184,0.00,2.34,2.10,0.00,0.00,0.00,1,13.84,190,691,0.5000,3.00,14.70
71259,0.00,2.34,2.10,0.00,0.00,0.00,1,13.84,190,698,0.5000,3.00,14.70
71335,0.00,2.34,2.10,0.00,0.00,0.00,1,13.76,190,699,0.5000,3.03,14.70
71410,0.00,2.34,2.10,0.00,0.00,0.00,1,13.76,190,696,0.5000,3.03,14.70
71485,0.00,2.34,2.10,0.00,0.00,0.00,1,13.84,190,708,0.5000,3.03,14.70
71559,-0.78,2.34,2.10,0.00,0.00,0.00,1,13.92,190,704,0.5000,3.03,14.70
71635,-0.78,2.34,2.10,0.00,0.00,0.00,1,13.76,190,714,0.5000,3.03,14.70
71710,-0.78,2.34,2.10,0.00,0.00,0.00,1,13.84,190,714,0.5000,3.03,14.70
71785,-0.78,2.34,2.10,0.00,0.00,0.00,1,13.76,190,710,0.5000,3.03,14.70
71860,-0.78,2.34,2.10,0.00,0.00,0.00,1,13.84,190,705,0.5000,3.03,14.70
71934,-0.78,2.34,2.10,0.00,0.00,0.00,1,13.84,190,704,0.5000,3.00,14.70
72010,-0.78,2.34,2.10,0.00,0.00,0.00,1,13.76,190,706,0.5000,3.03,14.70
72084,-0.78,2.34,2.10,0.00,0.00,0.00,1,13.76,190,704,0.5000,3.00,14.70
72160,0.00,2.34,2.10,0.00,0.00,0.00,1,13.76,190,709,0.5000,3.03,14.70
72234,0.00,2.34,2.10,0.00,0.00,0.00,1,13.84,190,712,0.5000,3.03,14.80
72309,0.00,2.34,2.10,0.00,0.00,0.00,1,13.76,190,716,0.5000,3.03,14.90
72384,0.00,2.34,2.10,0.00,0.00,0.00,1,13.76,190,712,0.5000,3.03,14.70
72460,0.00,2.34,2.10,0.00,0.00,0.00,1,13.84,190,725,0.5000,3.03,14.70
72535,0.00,2.34,2.10,0.00,0.00,0.00,1,13.84,190,723,0.5000,3.03,14.80
72609,-0.78,2.34,2.10,0.00,0.00,0.00,1,13.76,190,719,0.5000,3.03,14.70
72685,-0.78,2.34,2.10,0.00,0.00,0.00,1,13.76,190,709,0.5000,3.03,14.60
72759,-0.78,2.34,2.10,0.00,0.00,0.00,1,13.76,190,708,0.5000,3.03,14.60
72835,-0.78,2.34,2.10,0.00,0.00,0.00,1,13.84,190,713,0.5000,3.03,14.70
72909,-0.78,2.34,2.10,0.00,0.00,0.00,1,13.68,190,708,0.5000,3.03,14.70
72984,-0.78,2.34,2.10,0.00,0.00,0.00,1,13.84,190,720,0.5000,3.03,14.70
73060,-0.78,2.34,2.10,0.00,0.00,0.00,1,13.76,190,710,0.5000,3.03,14.70
73135,0.00,2.34,2.10,0.00,0.00,0.00,1,13.68,190,709,0.5000,3.03,14.70
73210,0.00,2.34,2.10,0.00,0.00,0.00,1,13.76,190,706,0.5000,3.03,14.70
73285,0.00,2.34,2.10,0.00,0.00,0.00,1,13.76,190,696,0.5000,3.03,14.70
73360,0.00,2.34,2.10,0.00,0.00,0.00,1,13.84,190,704,0.5000,3.03,14.70
73435,0.00,2.34,2.10,0.00,0.00,0.00,1,13.76,190,700,0.5000,3.03,14.70
73510,0.00,2.34,2.10,0.00,0.00,0.00,1,13.84,190,701,0.5000,3.03,14.80
73585,0.00,2.34,2.10,0.00,0.00,0.00,1,13.84,190,706,0.5000,3.03,14.80
73660,-0.78,2.34,2.10,0.00,0.00,0.00,1,13.76,190,713,0.5000,3.03,14.80
73735,-0.78,2.34,2.10,0.00,0.00,0.00,1,13.84,190,717,0.5000,3.03,14.80
73810,-0.78,2.34,2.10,0.00,0.00,0.00,1,13.76,190,721,0.5000,3.03,14.80
73885,-0.78,2.34,2.10,0.00,0.00,0.00,1,13.84,190,717,0.5000,3.03,14.70
73959,-0.78,2.34,2.10,0.00,0.00,0.00,1,13.76,190,710,0.5000,3.03,14.70
74035,-0.78,2.34,2.10,0.00,0.00,0.00,1,13.76,190,718,0.5000,3.03,14.80
74110,-0.78,2.34,2.10,0.00,0.00,0.00,1,13.84,190,723,0.5000,3.03,14.80
74185,-0.78,2.34,2.10,0.00,0.00,0.00,1,13.76,190,712,0.5000,3.03,14.70
74260,-0.78,2.34,2.10,0.00,0.00,0.00,1,13.84,190,716,0.5000,3.03,14.70
74335,-0.78,2.34,2.10,0.00,0.00,0.00,1,13.76,190,726,0.5000,3.03,14.70
74410,0.00,2.34,2.10,0.00,0.00,0.00,1,13.84,190,714,0.5000,3.03,14.80
74485,0.00,2.34,2.10,0.00,0.00,0.00,1,13.68,190,701,0.5000,3.03,14.70
74560,0.00,2.34,2.10,0.00,0.00,0.00,1,13.84,190,700,0.5000,3.03,14.70
74634,0.00,2.34,2.10,0.00,0.00,0.00,1,13.84,190,700,0.5000,3.03,14.80
74710,0.00,2.34,2.10,0.00,0.00,0.00,1,13.76,190,708,0.5000,3.03,14.90
74785,-0.78,2.34,2.10,0.00,0.00,0.00,1,13.84,190,674,0.5000,3.03,14.80
74860,-0.78,2.34,2.10,0.00,0.00,0.00,1,13.84,190,686,0.5000,3.03,14.80
74935,-0.78,2.34,2.10,0.00,0.00,0.00,1,13.76,190,697,0.5000,3.03,14.80
75010,0.00,2.34,2.10,0.00,0.00,0.00,1,13.84,190,704,0.5000,3.03,15.00
75085,0.00,2.34,2.10,0.00,0.00,0.00,1,13.76,190,690,0.5000,3.00,14.80
75160,-0.78,2.34,2.10,0.00,0.00,0.00,1,13.92,190,698,0.5000,3.03,14.80
75235,-0.78,2.34,2.10,0.00,0.00,0.00,1,13.76,190,705,0.5000,3.03,14.70
75310,-0.78,2.34,2.10,0.00,0.00,0.00,1,13.84,190,711,0.5000,2.98,14.80
75385,-0.78,2.34,2.10,0.00,0.00,0.00,1,13.84,190,712,0.5000,3.00,14.70
75460,-0.78,2.34,2.10,0.00,0.00,0.00,1,13.76,190,705,0.5000,3.00,14.70
75535,0.00,2.34,2.10,0.00,0.00,0.00,1,13.84,190,716,0.5000,3.03,14.80
75610,0.00,2.34,2.10,0.00,0.00,0.00,1,13.68,190,728,0.5000,3.00,14.80
75684,-0.78,2.34,2.10,0.00,0.00,0.00,1,13.84,190,730,0.5000,3.03,14.80
75760,-0.78,2.34,2.10,0.00,0.00,0.00,1,13.76,190,715,0.5000,3.03,14.80
75835,-0.78,2.34,2.10,0.00,0.00,0.00,1,13.84,190,713,0.5000,3.03,14.80
75910,-0.78,2.34,2.10,0.00,0.00,0.00,1,13.84,190,706,0.5000,3.03,14.80
75985,-0.78,2.34,2.10,0.00,0.00,0.00,1,13.76,190,710,0.5000,3.03,14.70
76060,-0.78,2.34,2.10,0.00,0.00,0.00,1,13.76,190,712,0.5000,3.03,14.70
76135,0.00,2.34,2.10,0.00,0.00,0.00,1,13.76,190,710,0.5000,3.03,14.80
76210,0.00,2.34,2.10,0.00,0.00,0.00,1,13.84,190,715,0.5000,3.03,14.80
76285,0.00,2.34,2.10,0.00,0.00,0.00,1,13.76,190,713,0.5000,3.03,14.80
76361,0.00,2.34,2.10,0.00,0.00,0.00,1,13.68,190,711,0.5000,3.03,14.80
76435,0.00,2.34,2.10,0.00,0.00,0.00,1,13.76,190,714,0.5000,3.03,14.70
76510,-0.78,2.34,2.10,0.00,0.00,0.00,1,13.76,190,716,0.5000,3.00,14.80
76585,-0.78,2.34,2.10,0.00,0.00,0.00,1,13.84,190,713,0.5000,3.03,14.80
76659,-0.78,2.34,2.10,0.00,0.00,0.00,1,13.60,190,716,0.5000,3.03,14.80
76735,-0.78,2.34,2.10,0.00,0.00,0.00,1,13.84,190,710,0.5000,3.03,14.70
76810,-0.78,2.34,2.10,0.00,0.00,0.00,1,13.84,190,702,0.5000,3.03,14.70
76885,-0.78,2.34,2.10,0.00,0.00,0.00,1,13.84,190,705,0.5000,3.03,14.70
76960,-0.78,2.34,2.10,0.00,0.00,0.00,1,13.84,190,698,0.5000,3.03,14.70
77035,-0.78,2.34,2.10,0.00,0.00,0.00,1,13.76,190,700,0.5000,3.03,14.80
77110,-0.78,2.34,2.10,0.00,0.00,0.00,1,13.76,190,707,0.5000,3.03,14.80
77185,-0.78,2.34,2.10,0.00,0.00,0.00,1,13.84,190,710,0.5000,3.03,14.70
77261,-0.78,2.34,2.10,0.00,0.00,0.00,1,13.76,190,707,0.5000,3.03,14.70
77335,-0.78,2.34,2.10,0.00,0.00,0.00,1,13.76,190,703,0.5000,3.00,14.80
77410,-0.78,2.34,2.10,0.00,0.00,0.00,1,13.68,190,712,0.5000,3.00,14.70
77485,-0.78,2.34,2.10,0.00,0.00,0.00,1,13.84,190,708,0.5000,2.98,14.80
77561,-0.78,2.34,2.10,0.00,0.00,0.00,1,13.84,190,714,0.5000,3.03,14.80
77635,-0.78,2.34,2.10,0.00,0.00,0.00,1,13.76,190,711,0.5000,3.00,14.80
77710,-0.78,2.34,2.10,0.00,0.00,0.00,1,13.76,190,712,0.5000,3.03,14.80
77785,-0.78,2.34,2.10,0.00,0.00,0.00,1,13.76,190,712,0.5000,3.03,14.80
77860,-0.78,2.34,2.10,0.00,0.00,0.00,1,13.84,190,697,0.5000,3.03,14.80
77935,-0.78,2.34,2.10,0.00,0.00,0.00,1,13.76,190,708,0.5000,3.03,14.80
78010,-0.78,2.34,2.10,0.00,0.00,0.00,1,13.84,190,704,0.5000,3.00,14.80
78085,-0.78,2.34,2.10,0.00,0.00,0.00,1,13.76,190,706,0.5000,3.03,14.80
78160,-0.78,2.34,2.10,0.00,0.00,0.00,1,13.76,190,694,0.5000,3.03,14.80
78234,-0.78,2.34,2.10,0.00,0.00,0.00,1,13.76,190,704,0.5000,3.03,14.70
78310,-0.78,2.34,2.10,0.00,0.00,0.00,1,13.76,190,704,0.5000,3.03,14.70
78384,-0.78,2.34,2.10,0.00,0.00,0.00,1,13.76,190,708,0.5000,3.03,14.70
78460,-0.78,2.34,2.10,0.00,0.00,0.00,1,13.84,190,708,0.5000,3.03,14.70
78535,-0.78,2.34,2.10,0.00,0.00,0.00,1,13.68,190,702,0.5000,3.03,14.70
78610,-0.78,2.34,2.10,0.00,0.00,0.00,1,13.68,190,702,0.5000,3.03,14.70
78685,-0.78,2.34,2.10,0.00,0.00,0.00,1,13.76,190,698,0.5000,3.00,14.90
78761,-0.78,2.34,2.10,0.00,0.00,0.00,1,13.84,190,693,0.5000,3.03,14.90
78835,-0.78,2.34,2.10,0.00,0.00,0.00,1,13.76,190,698,0.5000,3.03,15.00
78910,-0.78,2.34,2.10,0.00,0.00,0.00,1,13.76,190,715,0.5000,3.00,14.70
78985,-0.78,2.34,2.10,0.00,0.00,0.00,1,13.84,190,714,0.5000,3.00,14.90
79060,-0.78,2.34,2.10,0.00,0.00,0.00,1,13.76,190,706,0.5000,3.00,14.90
79135,-0.78,2.34,2.10,0.00,0.00,0.00,1,13.84,190,703,0.5000,3.03,14.70
79210,-0.78,2.34,2.10,0.00,0.00,0.00,1,13.76,190,707,0.5000,3.00,14.80
79285,-0.78,2.34,2.10,0.00,0.00,0.00,1,13.84,190,712,0.5000,3.03,14.80
79360,-0.78,2.34,2.10,0.00,0.00,0.00,1,13.92,190,698,0.5000,3.00,14.80
79435,-0.78,2.34,2.10,0.00,0.00,0.00,1,13.76,190,708,0.5000,3.03,14.80
79511,-0.78,2.34,2.10,0.00,0.00,0.00,1,13.84,190,710,0.5000,2.98,14.80
79585,0.00,2.34,2.10,0.00,0.00,0.00,1,13.68,190,713,0.5000,3.00,14.70
79660,0.00,2.34,2.10,0.00,0.00,0.00,1,13.84,190,707,0.5000,3.03,14.70
79735,0.00,2.34,2.10,0.00,0.00,0.00,1,13.84,190,711,0.5000,3.03,14.90
79810,-0.78,2.34,2.10,0.00,0.00,0.00,1,13.76,190,695,0.5000,3.03,14.80
79885,-0.78,2.34,2.10,0.00,0.00,0.00,1,13.84,190,691,0.5000,3.03,14.80
79961,-0.78,2.34,2.10,0.00,0.00,0.00,1,13.76,190,686,0.5000,3.03,14.80
80035,-0.78,2.34,2.10,0.00,0.00,0.00,1,13.84,190,684,0.5000,3.03,14.80
80110,-0.78,2.34,2.10,0.00,0.00,0.00,1,13.76,190,693,0.5000,3.03,14.80
80185,-0.78,2.34,2.10,0.00,0.00,0.00,1,13.76,190,698,0.5000,3.03,14.70
80260,0.00,2.34,2.10,0.00,0.00,0.00,1,13.84,190,700,0.5000,3.03,14.70
80335,0.00,2.34,2.10,0.00,0.00,0.00,1,13.76,190,689,0.5000,3.03,14.80
80410,0.00,2.34,2.10,0.00,0.00,0.00,1,13.84,190,693,0.5000,3.03,14.80
80485,0.00,2.34,2.10,0.00,0.00,0.00,1,13.68,190,707,0.5000,3.00,14.80
80560,0.00,2.34,2.10,0.00,0.00,0.00,1,13.84,190,703,0.5000,3.03,14.80
80635,0.00,2.34,2.10,0.00,0.00,0.00,1,13.84,190,714,0.5000,3.03,15.00
80711,-0.78,2.34,2.10,0.00,0.00,0.00,1,13.76,190,711,0.5000,3.00,14.80
80785,-0.78,2.34,2.10,0.00,0.00,0.00,1,13.84,190,720,0.5000,3.03,14.80
80860,-0.78,2.34,2.10,0.00,0.00,0.00,1,13.76,190,722,0.5000,3.00,14.80
80935,-0.78,2.34,2.10,0.00,0.00,0.00,1,13.84,190,734,0.5000,3.03,14.80
81010,-0.78,2.34,2.10,0.00,0.00,0.00,1,13.76,190,734,0.5000,3.03,14.80
81085,-0.78,2.34,2.10,0.00,0.00,0.00,1,13.84,190,711,0.5000,3.03,14.80
81161,-0.78,2.34,2.10,0.00,0.00,0.00,1,13.84,190,707,0.5000,3.03,14.80
81236,-0.78,2.34,2.10,0.00,0.00,0.00,1,13.68,190,717,0.5000,3.03,14.70
81310,-0.78,2.34,2.10,0.00,0.00,0.00,1,13.84,190,716,0.5000,3.03,14.80
81386,0.00,2.34,2.10,0.00,0.00,0.00,1,13.76,190,724,0.5000,3.03,14.70
81460,0.00,2.34,2.10,0.00,0.00,0.00,1,13.76,190,728,0.5000,3.03,14.70
81535,0.00,2.34,2.10,0.00,0.00,0.00,1,13.76,190,728,0.5000,3.03,14.70
81610,0.00,2.34,2.10,0.00,0.00,0.00,1,13.68,190,736,0.5000,3.03,14.80
81685,0.00,2.34,2.10,0.00,0.00,0.00,1,13.84,190,722,0.5000,3.03,14.70
81760,0.00,2.34,2.10,0.00,0.00,0.00,1,13.76,190,720,0.5000,3.03,14.70
81835,0.00,2.34,2.10,0.00,0.00,0.00,1,13.76,190,708,0.5000,3.03,14.80
81912,0.00,2.34,2.10,0.00,0.00,0.00,1,13.76,190,706,0.5000,3.03,14.90
81987,0.00,2.34,2.10,0.00,0.00,0.00,1,13.76,190,703,0.5000,3.03,14.80
82062,0.00,2.34,2.10,0.00,0.00,0.00,1,13.84,190,695,0.5000,3.03,14.80
82136,0.00,2.34,2.10,0.00,0.00,0.00,1,13.68,190,703,0.5000,3.03,14.70
82211,0.00,2.34,2.10,0.00,0.00,0.00,1,13.76,190,711,0.5000,3.03,14.70
82286,0.00,2.34,2.10,0.00,0.00,0.00,1,13.52,190,708,0.5000,3.03,14.80
82362,0.00,2.34,2.10,0.00,0.00,0.00,1,13.84,190,701,0.5000,3.03,14.80
82436,0.00,2.34,2.10,0.00,0.00,0.00,1,13.84,190,694,0.5000,3.03,14.80
82511,0.00,2.34,2.10,0.00,0.00,0.00,1,13.76,190,699,0.5000,3.03,14.80
82587,-0.78,2.34,2.10,0.00,0.00,0.00,1,13.68,190,690,0.5000,3.00,14.70
82661,-0.78,2.34,2.10,0.00,0.00,0.00,1,13.76,190,696,0.5000,3.03,14.70
82737,-0.78,2.34,2.10,0.00,0.00,0.00,1,13.84,190,707,0.5000,3.03,14.80
82811,-0.78,2.34,2.10,0.00,0.00,0.00,1,13.76,190,706,0.5000,3.03,14.80
82887,-0.78,2.34,2.10,0.00,0.00,0.00,1,13.60,190,692,0.5000,3.03,14.70
82961,-0.78,2.34,2.10,0.00,0.00,0.00,1,13.84,190,693,0.5000,3.03,14.70
83037,-0.78,2.34,2.10,0.00,0.00,0.00,1,13.76,190,690,0.5000,3.03,14.70
83111,-0.78,2.34,2.10,0.00,0.00,0.00,1,13.76,190,682,0.5000,3.03,14.70
83187,-0.78,2.34,2.10,0.00,0.00,0.00,1,13.76,190,691,0.5000,3.03,14.70
83261,-0.78,2.34,2.10,0.00,0.00,0.00,1,13.84,190,695,0.5000,3.03,14.70
83337,-0.78,2.34,2.10,0.00,0.00,0.00,1,13.76,190,709,0.5000,3.00,14.70
83412,-0.78,2.34,2.10,0.00,0.00,0.00,1,13.68,190,707,0.5000,2.98,14.70
83487,-0.78,2.34,2.10,0.00,0.00,0.00,1,13.84,190,710,0.5000,3.00,14.80
83562,-0.78,2.34,2.10,0.00,0.00,0.00,1,13.76,190,713,0.5000,3.00,14.80
83636,-0.78,2.34,2.10,0.00,0.00,0.00,1,13.84,190,704,0.5000,2.98,14.80
83711,-0.78,2.34,2.10,0.00,0.00,0.00,1,13.76,190,714,0.5000,3.00,14.70
83787,-0.78,2.34,2.10,0.00,0.00,0.00,1,13.76,190,707,0.5000,3.03,14.80
83862,-0.78,2.34,2.10,0.00,0.00,0.00,1,13.84,190,711,0.5000,3.03,14.80
83937,-0.78,2.34,2.10,0.00,0.00,0.00,1,13.76,190,713,0.5000,3.00,14.70
84012,-0.78,2.34,2.10,0.00,0.00,0.00,1,13.76,190,714,0.5000,3.03,14.70
84087,-0.78,2.34,2.10,0.00,0.00,0.00,1,13.60,190,718,0.5000,3.00,14.80
84162,-0.78,2.34,2.10,0.00,0.00,0.00,1,13.68,190,728,0.5000,3.03,14.80
84236,0.00,2.34,2.10,0.00,0.00,0.00,1,13.84,190,712,0.5000,3.03,14.70
84312,0.00,2.34,2.10,0.00,0.00,0.00,1,13.76,190,704,0.5000,3.03,14.70
84387,0.00,2.34,2.10,0.00,0.00,0.00,1,13.76,190,710,0.5000,3.03,14.80
84462,0.00,2.34,2.10,0.00,0.00,0.00,1,13.76,190,718,0.5000,3.03,14.80
84537,-0.78,2.34,2.10,0.00,0.00,0.00,1,13.84,190,721,0.5000,3.03,14.80
84612,0.00,2.34,2.10,0.00,0.00,0.00,1,13.84,190,716,0.5000,3.03,14.80
84687,-0.78,2.34,2.10,0.00,0.00,0.00,1,13.76,190,726,0.5000,3.03,14.80
84762,0.00,2.34,2.10,0.00,0.00,0.00,1,13.76,190,725,0.5000,3.03,14.80
84837,0.00,2.34,2.10,0.00,0.00,0.00,1,13.76,190,730,0.5000,3.03,14.80
84912,0.00,2.34,2.10,0.00,0.00,0.00,1,13.76,190,724,0.5000,3.03,14.80
84987,0.00,2.34,2.10,0.00,0.00,0.00,1,13.84,190,728,0.5000,3.03,14.80
85062,0.00,2.34,2.10,0.00,0.00,0.00,1,13.76,190,726,0.5000,3.03,14.80
85137,0.00,2.34,2.10,0.00,0.00,0.00,1,13.84,190,720,0.5000,3.03,14.80
85212,0.00,2.34,2.10,0.00,0.00,0.00,1,13.76,190,712,0.5000,3.03,14.80
85287,-0.78,2.34,2.10,0.00,0.00,0.00,1,13.76,190,708,0.5000,3.03,14.80
85362,-0.78,2.34,2.10,0.00,0.00,0.00,1,13.84,190,702,0.5000,3.03,14.80
85437,-0.78,2.34,2.10,0.00,0.00,0.00,1,13.76,190,695,0.5000,3.03,14.90
85512,-0.78,2.34,2.10,0.00,0.00,0.00,1,13.84,190,700,0.5000,3.03,14.70
85587,-0.78,2.34,2.10,0.00,0.00,0.00,1,13.76,190,701,0.5000,3.03,14.70
85662,-0.78,2.34,2.10,0.00,0.00,0.00,1,13.84,190,697,0.5000,3.03,14.70
85737,-0.78,2.34,2.10,0.00,0.00,0.00,1,13.68,190,696,0.5000,3.03,14.80
85812,-0.78,2.34,2.10,0.00,0.00,0.00,1,13.84,190,686,0.5000,3.03,14.70
85887,-0.78,2.34,2.10,0.00,0.00,0.00,1,13.84,190,702,0.5000,3.03,14.70
85962,-0.78,2.34,2.10,0.00,0.00,0.00,1,13.76,190,702,0.5000,3.03,14.70
86037,-0.78,2.34,2.10,0.00,0.00,0.00,1,13.84,190,706,0.5000,3.03,14.70
86112,-0.78,2.34,2.10,0.00,0.00,0.00,1,13.76,190,702,0.5000,3.03,14.70
86187,-0.78,2.34,2.10,0.00,0.00,0.00,1,13.76,190,706,0.5000,3.03,14.70
86262,-0.78,2.34,2.10,0.00,0.00,0.00,1,13.84,190,704,0.5000,2.98,14.70
86337,-0.78,2.34,2.10,0.00,0.00,0.00,1,13.68,190,697,0.5000,3.00,14.70
86412,-0.78,2.34,2.10,0.00,0.00,0.00,1,13.84,190,698,0.5000,3.03,14.70
86487,-0.78,2.34,2.10,0.00,0.00,0.00,1,13.76,190,708,0.5000,3.03,14.70
86562,-0.78,2.34,2.10,0.00,0.00,0.00,1,13.84,190,707,0.5000,3.03,14.70
86637,0.00,2.34,2.10,0.00,0.00,0.00,1,13.76,190,712,0.5000,3.00,14.80
86712,0.00,2.34,2.10,0.00,0.00,0.00,1,13.76,190,703,0.5000,3.03,14.70
86787,0.00,2.34,2.10,0.00,0.00,0.00,1,13.60,190,703,0.5000,2.98,14.80
86862,0.00,2.34,2.10,0.00,0.00,0.00,1,13.76,190,712,0.5000,3.00,14.80
86937,0.00,2.34,2.10,0.00,0.00,0.00,1,13.84,190,708,0.5000,3.03,14.80
87012,0.00,2.34,2.10,0.00,0.00,0.00,1,13.76,190,706,0.5000,3.00,14.80
87087,-0.78,2.34,2.10,0.00,0.00,0.00,1,13.76,190,710,0.5000,3.03,14.80
87163,-0.78,2.34,2.10,0.00,0.00,0.00,1,13.76,190,715,0.5000,3.03,14.80
87237,-0.78,2.34,2.10,0.00,0.00,0.00,1,13.76,190,716,0.5000,3.03,14.80
87312,-0.78,2.34,2.10,0.00,0.00,0.00,1,13.84,190,710,0.5000,3.03,14.80
87387,-0.78,2.34,2.10,0.00,0.00,0.00,1,13.68,190,712,0.5000,3.03,14.80
87462,0.00,2.34,2.10,0.00,0.00,0.00,1,13.76,190,715,0.5000,3.03,14.80
87537,0.00,2.34,2.10,0.00,0.00,0.00,1,13.84,190,718,0.5000,3.03,14.80
87612,0.00,2.34,2.10,0.00,0.00,0.00,1,13.84,190,713,0.5000,3.03,14.80
87687,0.00,2.34,2.10,0.00,0.00,0.00,1,13.84,190,719,0.5000,3.03,14.80
87762,0.00,2.34,2.10,0.00,0.00,0.00,1,13.68,190,721,0.5000,3.03,14.80
87837,0.00,2.34,2.10,0.00,0.00,0.00,1,13.84,190,713,0.5000,3.03,14.80
87913,0.00,2.34,2.10,0.00,0.00,0.00,1,13.76,190,721,0.5000,3.03,14.70
87987,0.00,2.34,2.10,0.00,0.00,0.00,1,13.84,190,720,0.5000,3.03,14.80
88062,0.00,2.34,2.10,0.00,0.00,0.00,1,13.76,190,716,0.5000,3.03,14.80
88137,0.00,2.34,2.10,0.00,0.00,0.00,1,13.76,190,711,0.5000,3.03,14.80
88213,-0.78,2.34,2.10,0.00,0.00,0.00,1,13.76,190,717,0.5000,3.03,14.80
88287,-0.78,2.34,2.10,0.00,0.00,0.00,1,13.84,190,718,0.5000,3.03,14.80
88363,-0.78,2.34,2.10,0.00,0.00,0.00,1,13.76,190,712,0.5000,3.03,14.80
88438,-0.78,2.34,2.10,0.00,0.00,0.00,1,13.76,190,719,0.5000,3.03,14.70
88513,-0.78,2.34,2.10,0.00,0.00,0.00,1,13.76,190,713,0.5000,3.03,14.70
88587,-0.78,2.34,2.10,0.00,0.00,0.00,1,13.84,190,715,0.5000,3.03,14.70
88663,-0.78,2.34,2.10,0.00,0.00,0.00,1,13.84,190,718,0.5000,3.03,14.70
88738,-0.78,2.34,2.10,0.00,0.00,0.00,1,13.76,190,726,0.5000,3.03,14.70
88813,-0.78,2.34,2.10,0.00,0.00,0.00,1,13.76,190,722,0.5000,3.03,14.70
88887,-0.78,2.34,2.10,0.00,0.00,0.00,1,13.84,190,720,0.5000,3.03,14.70
88962,-0.78,2.34,2.10,0.00,0.00,0.00,1,13.84,190,713,0.5000,3.03,14.70
89038,-0.78,2.34,2.10,0.00,0.00,0.00,1,13.84,190,718,0.5000,3.03,14.70
89113,-0.78,2.34,2.10,0.00,0.00,0.00,1,13.84,190,709,0.5000,3.03,14.70
89188,-0.78,2.34,2.10,0.00,0.00,0.00,1,13.68,190,695,0.5000,3.03,14.70
89262,-0.78,2.34,2.10,0.00,0.00,0.00,1,13.84,190,697,0.5000,3.03,14.70
89337,-0.78,2.34,2.10,0.00,0.00,0.00,1,13.84,190,696,0.5000,3.03,14.80
89412,-0.78,2.34,2.10,0.00,0.00,0.00,1,13.76,190,706,0.5000,3.03,14.70
89488,-0.78,2.34,2.10,0.00,0.00,0.00,1,13.76,190,696,0.5000,3.03,14.70
89562,-0.78,2.34,2.10,0.00,0.00,0.00,1,13.76,190,707,0.5000,3.03,14.70
89637,-0.78,2.34,2.10,0.00,0.00,0.00,1,13.84,190,701,0.5000,3.03,14.70
89712,-0.78,2.34,2.10,0.00,0.00,0.00,1,13.84,190,695,0.5000,3.03,14.70
89788,-0.78,2.34,2.10,0.00,0.00,0.00,1,13.76,190,704,0.5000,3.03,14.70
89862,-0.78,2.34,2.10,0.00,0.00,0.00,1,13.84,190,694,0.5000,2.98,14.70
89938,-0.78,2.34,2.10,0.00,0.00,0.00,1,13.76,190,694,0.5000,3.03,14.80
90012,-0.78,2.34,2.10,0.00,0.00,0.00,1,13.84,190,691,0.5000,3.03,14.70
90087,-0.78,2.34,2.10,0.00,0.00,0.00,1,13.68,190,687,0.5000,3.03,14.70
90163,-0.78,2.34,2.10,0.00,0.00,0.00,1,13.84,190,683,0.5000,3.03,14.70
90238,-0.78,2.34,2.10,0.00,0.00,0.00,1,13.76,190,682,0.5000,3.00,14.80
90313,-0.78,2.34,2.10,0.00,0.00,0.00,1,13.76,190,690,0.5000,2.98,14.70
90387,-0.78,2.34,2.10,0.00,0.00,0.00,1,13.68,190,683,0.5000,3.00,14.80
90463,-0.78,2.34,2.10,0.00,0.00,0.00,1,13.76,190,690,0.5000,3.03,14.80
90538,-0.78,2.34,2.10,0.00,0.00,0.00,1,13.76,190,696,0.5000,3.00,14.70
90612,-0.78,2.34,2.10,0.00,0.00,0.00,1,13.76,190,710,0.5000,3.00,14.70
90688,-0.78,2.34,2.10,0.00,0.00,0.00,1,13.68,190,704,0.5000,2.98,14.70
90762,-0.78,2.34,2.10,0.00,0.00,0.00,1,13.84,190,713,0.5000,3.00,14.70
90838,-0.78,2.34,2.10,0.00,0.00,0.00,1,13.76,190,716,0.5000,3.03,14.80
90912,-0.78,2.34,2.10,0.00,0.00,0.00,1,13.76,190,705,0.5000,3.03,14.80
90988,-0.78,2.34,2.10,0.00,0.00,0.00,1,13.76,190,710,0.5000,3.03,14.80
91063,-0.78,2.34,2.10,0.00,0.00,0.00,1,13.84,190,717,0.5000,3.03,14.80
91138,-0.78,2.34,2.10,0.00,0.00,0.00,1,13.84,190,720,0.5000,3.03,14.80
91213,-0.78,2.34,2.10,0.00,0.00,0.00,1,13.76,190,723,0.5000,3.03,14.80
91287,-0.78,2.34,2.10,0.00,0.00,0.00,1,13.84,190,714,0.5000,3.03,14.90
91363,-0.78,2.34,2.10,0.00,0.00,0.00,1,13.68,190,706,0.5000,3.03,14.90
91437,-0.78,2.34,2.10,0.00,0.00,0.00,1,13.84,190,699,0.5000,3.03,14.70
91513,-0.78,2.34,2.10,0.00,0.00,0.00,1,13.84,190,693,0.5000,3.03,14.80
91588,-0.78,2.34,2.10,0.00,0.00,0.00,1,13.76,190,706,0.5000,3.03,14.80
91663,0.00,2.34,2.10,0.00,0.00,0.00,1,13.76,190,702,0.5000,3.03,14.80
91738,0.00,2.34,2.10,0.00,0.00,0.00,1,13.84,190,702,0.5000,3.03,14.80
91813,0.00,2.34,2.10,0.00,0.00,0.00,1,13.84,190,710,0.5000,3.03,14.80
91888,0.00,2.34,2.10,0.00,0.00,0.00,1,13.84,190,716,0.5000,3.03,14.90
91963,0.00,2.34,2.10,0.00,0.00,0.00,1,13.76,190,709,0.5000,3.00,14.90
92038,0.00,2.34,2.10,0.00,0.00,0.00,1,13.92,190,705,0.5000,3.03,14.90
92113,0.00,2.34,2.10,0.00,0.00,0.00,1,13.76,190,720,0.5000,3.03,14.80
92188,0.00,2.34,2.10,0.00,0.00,0.00,1,13.84,190,714,0.5000,3.03,14.80
92263,0.00,2.34,2.10,0.00,0.00,0.00,1,13.76,190,704,0.5000,3.00,14.80
92338,0.00,2.34,2.10,0.00,0.00,0.00,1,13.84,190,698,0.5000,3.03,14.80
92414,0.00,2.34,2.10,0.00,0.00,0.00,1,13.84,190,705,0.5000,3.00,14.80
92487,0.00,2.34,2.10,0.00,0.00,0.00,1,13.76,190,714,0.5000,3.03,14.90
92563,0.00,2.34,2.10,0.00,0.00,0.00,1,13.76,190,712,0.5000,3.00,14.90
92638,0.00,2.34,2.10,0.00,0.00,0.00,1,13.68,190,721,0.5000,3.03,14.80
92713,0.00,2.34,2.10,0.00,0.00,0.00,1,13.76,190,726,0.5000,3.00,14.80
92788,0.00,2.34,2.10,0.00,0.00,0.00,1,13.84,190,730,0.5000,3.03,14.80
92863,0.00,2.34,2.10,0.00,0.00,0.00,1,13.84,190,724,0.5000,3.03,14.80
92938,-0.78,2.34,2.10,0.00,0.00,0.00,1,13.84,190,708,0.5000,3.03,14.70
93013,0.00,2.34,2.10,0.00,0.00,0.00,1,13.76,190,704,0.5000,3.03,14.80
93088,0.00,2.34,2.10,0.00,0.00,0.00,1,13.84,190,714,0.5000,3.03,14.70
93163,0.00,2.34,2.10,0.00,0.00,0.00,1,13.84,190,713,0.5000,3.03,14.70
93238,0.00,2.34,2.10,0.00,0.00,0.00,1,13.76,190,700,0.5000,3.03,14.70
93313,0.00,2.34,2.10,0.00,0.00,0.00,1,13.84,190,698,0.5000,3.03,14.70
93388,0.00,2.34,2.10,0.00,0.00,0.00,1,13.76,190,706,0.5000,3.03,14.80
93463,-0.78,2.34,2.10,0.00,0.00,0.00,1,13.84,190,694,0.5000,3.03,14.80
93538,0.00,2.34,2.10,0.00,0.00,0.00,1,13.76,190,698,0.5000,3.03,14.80
93613,-0.78,2.34,2.10,0.00,0.00,0.00,1,13.84,190,696,0.5000,3.03,14.70
93689,-0.78,2.34,2.10,0.00,0.00,0.00,1,13.76,190,702,0.5000,3.03,14.70
93763,-0.78,2.34,2.10,0.00,0.00,0.00,1,13.76,190,699,0.5000,3.03,14.70
93838,-0.78,2.34,2.10,0.00,0.00,0.00,1,13.76,190,700,0.5000,3.03,14.70
93913,0.00,2.34,2.10,0.00,0.00,0.00,1,13.76,190,696,0.5000,3.00,14.70
93988,-0.78,2.34,2.10,0.00,0.00,0.00,1,13.76,190,693,0.5000,3.03,14.70
94063,0.00,2.34,2.10,0.00,0.00,0.00,1,13.76,190,688,0.5000,3.03,14.70
94138,0.00,2.34,2.10,0.00,0.00,0.00,1,13.76,190,683,0.5000,3.03,14.80
94213,0.00,2.34,2.10,0.00,0.00,0.00,1,13.84,190,682,0.5000,3.03,14.70
94288,0.00,2.34,2.10,0.00,0.00,0.00,1,13.76,190,686,0.5000,3.03,14.80
94363,0.00,2.34,2.10,0.00,0.00,0.00,1,13.76,190,702,0.5000,3.03,14.80
94438,0.00,2.34,2.10,0.00,0.00,0.00,1,13.68,190,711,0.5000,2.98,14.80
94513,-0.78,2.34,2.10,0.00,0.00,0.00,1,13.76,190,722,0.5000,2.98,14.80
94588,0.00,2.34,2.10,0.00,0.00,0.00,1,13.84,190,713,0.5000,2.98,14.80
94663,-0.78,2.34,2.10,0.00,0.00,0.00,1,13.76,190,710,0.5000,3.03,14.80
94739,-0.78,2.34,2.10,0.00,0.00,0.00,1,13.84,190,719,0.5000,3.03,14.80
94813,0.00,2.34,2.10,0.00,0.00,0.00,1,13.68,190,700,0.5000,3.03,14.80
94888,0.00,2.34,2.10,0.00,0.00,0.00,1,13.84,190,700,0.5000,3.03,14.80
94963,0.00,2.34,2.10,0.00,0.00,0.00,1,13.68,190,706,0.5000,3.03,14.80
95038,0.00,2.34,2.10,0.00,0.00,0.00,1,13.84,190,708,0.5000,3.03,14.70
95113,0.00,2.34,2.10,0.00,0.00,0.00,1,13.76,190,708,0.5000,3.03,14.80
95188,0.00,2.34,2.10,0.00,0.00,0.00,1,13.68,190,710,0.5000,3.03,14.80
95264,0.00,2.34,2.10,0.00,0.00,0.00,1,13.84,190,696,0.5000,3.03,14.80
95339,0.00,2.34,2.10,0.00,0.00,0.00,1,13.84,190,691,0.5000,3.03,14.80
95413,0.00,2.34,2.10,0.00,0.00,0.00,1,13.84,190,704,0.5000,3.03,14.80
95488,0.00,2.34,2.10,0.00,0.00,0.00,1,13.76,190,705,0.5000,3.00,14.80
95563,0.00,2.34,2.10,0.00,0.00,0.00,1,13.76,190,708,0.5000,3.03,14.80
95638,0.00,2.34,2.10,0.00,0.00,0.00,1,13.84,190,704,0.5000,3.03,14.70
95713,0.00,2.34,2.10,0.00,0.00,0.00,1,13.76,190,707,0.5000,3.03,14.70
95788,0.00,2.34,2.10,0.00,0.00,0.00,1,13.76,190,705,0.5000,3.03,14.80
95864,0.00,2.34,2.10,0.00,0.00,0.00,1,13.76,190,708,0.5000,3.03,14.80
95938,0.00,2.34,2.10,0.00,0.00,0.00,1,13.76,190,704,0.5000,3.03,14.90
96013,0.00,2.34,2.10,0.00,0.00,0.00,1,13.84,190,702,0.5000,3.03,14.90
96089,0.00,2.34,2.10,0.00,0.00,0.00,1,13.52,190,706,0.5000,3.03,14.80
96163,0.00,2.34,2.10,0.00,0.00,0.00,1,13.44,190,716,0.5000,3.03,14.80
96238,0.00,2.34,2.10,0.00,0.00,0.00,1,13.92,190,719,0.5000,3.03,14.80
96313,0.00,2.34,2.10,0.00,0.00,0.00,1,13.92,190,724,0.5000,3.03,14.90
96388,0.00,2.34,2.10,0.00,0.00,0.00,1,13.76,190,722,0.5000,3.03,14.80
96463,0.00,2.34,2.10,0.00,0.00,0.00,1,13.68,190,722,0.5000,3.03,14.80
96538,0.00,2.34,2.10,0.00,0.00,0.00,1,13.84,190,725,0.5000,3.03,14.80
96613,0.00,2.34,2.10,0.00,0.00,0.00,1,13.84,190,720,0.5000,3.03,14.80
96688,0.00,2.34,2.10,0.00,0.00,0.00,1,13.84,190,716,0.5000,3.03,14.90
96763,0.00,2.34,2.10,0.00,0.00,0.00,1,13.68,190,721,0.5000,3.03,14.90
96838,0.00,2.34,2.10,0.00,0.00,0.00,1,13.76,190,724,0.5000,3.03,14.80
96913,0.00,2.34,2.10,0.00,0.00,0.00,1,13.84,190,728,0.5000,3.03,14.70
96988,0.00,2.34,2.10,0.00,0.00,0.00,1,13.84,190,720,0.5000,3.03,14.80
97063,0.00,2.34,2.10,0.00,0.00,0.00,1,13.84,190,726,0.5000,3.03,14.80
97138,0.00,2.34,2.10,0.00,0.00,0.00,1,13.76,190,726,0.5000,3.03,14.70
97213,0.00,2.34,2.10,0.00,0.00,0.00,1,13.76,190,722,0.5000,3.03,14.80
97288,0.00,2.34,2.10,0.00,0.00,0.00,1,13.76,190,720,0.5000,3.03,14.80
97363,0.00,2.34,2.10,0.00,0.00,0.00,1,13.84,190,720,0.5000,3.03,14.80
97438,0.00,2.34,2.10,0.00,0.00,0.00,1,13.92,190,709,0.5000,3.03,14.70
97513,0.00,2.34,2.10,0.00,0.00,0.00,1,13.76,190,712,0.5000,3.03,14.80
97588,0.00,2.34,2.10,0.00,0.00,0.00,1,13.76,190,708,0.5000,3.03,14.70
97663,-0.78,2.34,2.10,0.00,0.00,0.00,1,13.84,190,706,0.5000,3.03,14.70
97739,-0.78,2.34,2.10,0.00,0.00,0.00,1,13.76,190,705,0.5000,3.03,14.70
97813,-0.78,2.34,2.10,0.00,0.00,0.00,1,13.76,190,707,0.5000,3.03,14.70
97888,-0.78,2.34,2.10,0.00,0.00,0.00,1,13.76,190,704,0.5000,3.03,14.70
97963,-0.78,2.34,2.10,0.00,0.00,0.00,1,13.76,190,702,0.5000,3.03,14.70
98038,-0.78,2.34,2.10,0.00,0.00,0.00,1,13.84,190,706,0.5000,3.03,14.70
98113,-0.78,2.34,2.10,0.00,0.00,0.00,1,13.76,190,702,0.5000,3.03,14.60
98189,-0.78,2.34,2.10,0.00,0.00,0.00,1,13.76,190,699,0.5000,3.03,14.50
98264,-0.78,2.34,2.10,0.00,0.00,0.00,1,13.76,190,700,0.5000,3.03,14.50
98337,-0.78,2.34,2.10,0.00,0.00,0.00,1,13.92,190,696,0.5000,3.03,14.70
98413,-0.78,2.34,2.10,0.00,0.00,0.00,1,13.68,190,708,0.5000,3.03,14.60
98488,-0.78,2.34,2.10,0.00,0.00,0.00,1,13.76,190,714,0.5000,3.03,14.60
98563,-0.78,2.34,2.10,0.00,0.00,0.00,1,13.76,190,710,0.5000,3.03,14.60
98639,-0.78,2.34,2.10,0.00,0.00,0.00,1,13.84,190,722,0.5000,3.03,14.70
98713,-0.78,2.34,2.10,0.00,0.00,0.00,1,13.92,190,720,0.5000,3.03,14.70
98788,-0.78,2.34,2.10,0.00,0.00,0.00,1,13.84,190,728,0.5000,3.03,14.60
98863,-0.78,2.34,2.10,0.00,0.00,0.00,1,13.76,190,710,0.5000,3.03,14.60
98939,-0.78,2.34,2.10,0.00,0.00,0.00,1,13.76,190,714,0.5000,3.03,14.70
99013,-0.78,2.34,2.10,0.00,0.00,0.00,1,13.76,190,703,0.5000,3.03,14.70
99088,-0.78,2.34,2.10,0.00,0.00,0.00,1,13.92,190,708,0.5000,3.03,14.70
99164,-0.78,2.34,2.10,0.00,0.00,0.00,1,13.76,190,700,0.5000,3.03,14.70
99238,-0.78,2.34,2.10,0.00,0.00,0.00,1,13.76,190,706,0.5000,3.03,14.80
99314,-0.78,2.34,2.10,0.00,0.00,0.00,1,13.84,190,705,0.5000,3.03,14.70
99389,-0.78,2.34,2.10,0.00,0.00,0.00,1,13.84,190,704,0.5000,3.03,14.80
99464,-0.78,2.34,2.10,0.00,0.00,0.00,1,13.84,190,703,0.5000,3.03,14.80
99538,-0.78,2.34,2.10,0.00,0.00,0.00,1,13.76,190,707,0.5000,3.03,14.70
99614,-0.78,2.34,2.10,0.00,0.00,0.00,1,13.84,190,716,0.5000,3.03,14.80
99688,-0.78,2.34,2.10,0.00,0.00,0.00,1,13.84,190,709,0.5000,3.03,14.70
99763,-0.78,2.34,2.10,0.00,0.00,0.00,1,13.76,190,718,0.5000,3.03,14.70
99838,-0.78,2.34,2.10,0.00,0.00,0.00,1,13.76,190,716,0.5000,3.03,14.80
99914,-0.78,2.34,2.10,0.00,0.00,0.00,1,13.68,190,713,0.5000,3.03,14.70
99988,-0.78,2.34,2.10,0.00,0.00,0.00,1,13.84,190,696,0.5000,3.03,14.70
100064,-0.78,2.34,2.10,0.00,0.00,0.00,1,13.76,190,691,0.5000,3.03,14.70
100139,-0.78,2.34,2.10,0.00,0.00,0.00,1,13.76,190,708,0.5000,3.03,14.80
100214,-0.78,2.34,2.10,0.00,0.00,0.00,1,13.68,190,707,0.5000,3.03,14.70
100289,-0.78,2.34,2.10,0.00,0.00,0.00,1,13.84,190,699,0.5000,3.03,14.80
100363,-0.78,2.34,2.10,0.00,0.00,0.00,1,13.92,190,704,0.5000,3.03,14.80
100438,-0.78,2.34,2.10,0.00,0.00,0.00,1,13.68,190,714,0.5000,3.03,14.80
100513,-0.78,2.34,2.10,0.00,0.00,0.00,1,13.84,190,716,0.5000,3.03,14.80
100589,-0.78,2.34,2.10,0.00,0.00,0.00,1,13.76,190,714,0.5000,3.03,14.70
100664,-0.78,2.34,2.10,0.00,0.00,0.00,1,13.84,190,708,0.5000,3.03,14.70
100739,-0.78,2.34,2.10,0.00,0.00,0.00,1,13.76,190,697,0.5000,3.03,14.80
100813,-0.78,2.34,2.10,0.00,0.00,0.00,1,13.76,190,690,0.5000,3.03,14.70
100889,-0.78,2.34,2.10,0.00,0.00,0.00,1,13.76,190,688,0.5000,3.03,14.70
100963,-0.78,2.34,2.10,0.00,0.00,0.00,1,13.76,190,700,0.5000,3.03,14.70
101039,-0.78,2.34,2.10,0.00,0.00,0.00,1,13.76,190,702,0.5000,3.03,14.70
101113,-0.78,2.34,2.10,0.00,0.00,0.00,1,13.76,190,702,0.5000,3.00,14.70
101189,-0.78,2.34,2.10,0.00,0.00,0.00,1,13.76,190,701,0.5000,3.00,14.70
101264,-0.78,2.34,2.10,0.00,0.00,0.00,1,13.84,190,702,0.5000,3.00,14.70
101338,-0.78,2.34,2.10,0.00,0.00,0.00,1,13.76,190,702,0.5000,3.00,14.70
101414,-0.78,2.34,2.10,0.00,0.00,0.00,1,13.76,190,706,0.5000,3.03,14.90
101489,-0.78,2.34,2.10,0.00,0.00,0.00,1,13.76,190,712,0.5000,3.03,14.70
101563,-0.78,2.34,2.10,0.00,0.00,0.00,1,13.76,190,705,0.5000,3.03,14.70
101639,-0.78,2.34,2.10,0.00,0.00,0.00,1,13.84,190,714,0.5000,3.03,14.80
101714,-0.78,2.34,2.10,0.00,0.00,0.00,1,13.68,190,713,0.5000,3.03,14.90
101789,-0.78,2.34,2.10,0.00,0.00,0.00,1,13.76,190,712,0.5000,3.03,14.80
101864,-0.78,2.34,2.10,0.00,0.00,0.00,1,13.76,190,710,0.5000,3.03,14.80
101939,-0.78,2.34,2.10,0.00,0.00,0.00,1,13.84,190,698,0.5000,3.03,14.80
102014,-0.78,2.34,2.10,0.00,0.00,0.00,1,13.76,190,704,0.5000,3.03,14.70
102089,-0.78,2.34,2.10,0.00,0.00,0.00,1,13.76,190,688,0.5000,3.03,14.70
102163,-0.78,2.34,2.10,0.00,0.00,0.00,1,13.84,190,687,0.5000,3.03,14.70
102239,-0.78,2.34,2.10,0.00,0.00,0.00,1,13.76,190,700,0.5000,3.03,14.80
102314,-0.78,2.34,2.10,0.00,0.00,0.00,1,13.84,190,700,0.5000,3.03,14.80
102389,-0.78,2.34,2.10,0.00,0.00,0.00,1,13.68,190,706,0.5000,3.03,14.80
102464,-0.78,2.34,2.10,0.00,0.00,0.00,1,13.76,190,710,0.5000,3.00,14.80
102539,-0.78,2.34,2.10,0.00,0.00,0.00,1,13.84,190,704,0.5000,3.00,14.80
102614,-0.78,2.34,2.10,0.00,0.00,0.00,1,13.68,190,697,0.5000,3.00,14.70
102689,-0.78,2.34,2.10,0.00,0.00,0.00,1,13.84,190,705,0.5000,3.03,14.80
102764,-0.78,2.34,2.10,0.00,0.00,0.00,1,13.84,190,712,0.5000,3.03,14.80
102839,-0.78,2.34,2.10,0.00,0.00,0.00,1,13.84,190,724,0.5000,3.00,14.80
102914,-0.78,2.34,2.10,0.00,0.00,0.00,1,13.76,190,727,0.5000,3.00,14.80
102989,-0.78,2.34,2.10,0.00,0.00,0.00,1,13.76,190,728,0.5000,3.00,14.70
103064,-0.78,2.34,2.10,0.00,0.00,0.00,1,13.68,190,728,0.5000,3.03,14.70
103139,-0.78,2.34,2.10,0.00,0.00,0.00,1,13.84,190,728,0.5000,3.03,14.80
103214,-0.78,2.34,2.10,0.00,0.00,0.00,1,13.84,190,718,0.5000,3.03,14.70
103289,-0.78,2.34,2.10,0.00,0.00,0.00,1,13.84,190,710,0.5000,3.03,14.80
103363,-0.78,2.34,2.10,0.00,0.00,0.00,1,13.68,190,706,0.5000,3.03,14.80
103439,-0.78,2.34,2.10,0.00,0.00,0.00,1,13.76,190,708,0.5000,3.03,14.80
103514,-0.78,2.34,2.10,0.00,0.00,0.00,1,13.84,190,702,0.5000,3.03,14.80
103589,-0.78,2.34,2.10,0.00,0.00,0.00,1,13.84,190,708,0.5000,3.03,14.80
103664,-0.78,2.34,2.10,0.00,0.00,0.00,1,13.68,190,714,0.5000,3.03,14.80
103739,-0.78,2.34,2.10,0.00,0.00,0.00,1,13.76,190,719,0.5000,3.03,14.80
103814,-0.78,2.34,2.10,0.00,0.00,0.00,1,13.84,190,714,0.5000,3.03,14.80
103889,-0.78,2.34,2.10,0.00,0.00,0.00,1,13.84,190,709,0.5000,3.03,14.80
103964,-0.78,2.34,2.10,0.00,0.00,0.00,1,13.84,190,704,0.5000,3.03,14.80
104039,-0.78,2.34,2.10,0.00,0.00,0.00,1,13.76,190,699,0.5000,3.03,14.80
104114,-0.78,2.34,2.10,0.00,0.00,0.00,1,13.76,190,701,0.5000,3.03,14.80
104189,-0.78,2.34,2.10,0.00,0.00,0.00,1,13.84,190,712,0.5000,3.03,14.80
104264,-0.78,2.34,2.10,0.00,0.00,0.00,1,13.76,190,714,0.5000,3.03,14.80
104339,-0.78,2.34,2.10,0.00,0.00,0.00,1,13.76,190,710,0.5000,3.03,14.80
104414,-0.78,2.34,2.10,0.00,0.00,0.00,1,13.76,190,708,0.5000,3.03,14.80
104489,-0.78,2.34,2.10,0.00,0.00,0.00,1,13.84,190,710,0.5000,3.03,14.80
104563,-0.78,2.34,2.10,0.00,0.00,0.00,1,13.76,190,707,0.5000,3.03,14.80
104639,-0.78,2.34,2.10,0.00,0.00,0.00,1,13.76,190,688,0.5000,3.03,14.80
104714,-0.78,2.34,2.10,0.00,0.00,0.00,1,13.84,190,694,0.5000,3.03,14.80
104789,-0.78,2.34,2.10,0.00,0.00,0.00,1,13.84,190,692,0.5000,3.03,14.70
104864,-0.78,2.34,2.10,0.00,0.00,0.00,1,13.76,190,700,0.5000,3.03,14.70
104940,-0.78,2.34,2.10,0.00,0.00,0.00,1,13.68,190,696,0.5000,3.03,14.70
105014,-0.78,2.34,2.10,0.00,0.00,0.00,1,13.68,190,704,0.5000,3.03,14.80
105089,-0.78,2.34,2.10,0.00,0.00,0.00,1,13.84,190,705,0.5000,3.03,14.80
105164,-0.78,2.34,2.10,0.00,0.00,0.00,1,13.76,190,700,0.5000,3.03,14.80
105239,-0.78,2.34,2.10,0.00,0.00,0.00,1,13.84,190,708,0.5000,3.03,14.80
105314,-0.78,2.34,2.10,0.00,0.00,0.00,1,13.76,190,718,0.5000,3.00,14.80
105389,-0.78,2.34,2.10,0.00,0.00,0.00,1,13.84,190,710,0.5000,3.03,14.80
105464,-0.78,2.34,2.10,0.00,0.00,0.00,1,13.76,190,705,0.5000,3.03,14.80
105539,-0.78,2.34,2.10,0.00,0.00,0.00,1,13.84,190,714,0.5000,3.03,14.80
105614,-0.78,2.34,2.10,0.00,0.00,0.00,1,13.76,190,721,0.5000,3.03,14.80
105689,-0.78,2.34,2.10,0.00,0.00,0.00,1,13.76,190,716,0.5000,3.03,14.80
105764,-0.78,2.34,2.10,0.00,0.00,0.00,1,13.76,190,713,0.5000,3.03,14.80
105839,-0.78,2.34,2.10,0.00,0.00,0.00,1,13.84,190,712,0.5000,3.03,14.80
105914,-0.78,2.34,2.10,0.00,0.00,0.00,1,13.84,190,716,0.5000,3.03,14.80
105989,-0.78,2.34,2.10,0.00,0.00,0.00,1,13.76,190,701,0.5000,3.03,14.80
106064,-0.78,2.34,2.10,0.00,0.00,0.00,1,13.76,190,704,0.5000,3.03,14.80
106139,-0.78,2.34,2.10,0.00,0.00,0.00,1,13.92,190,687,0.5000,3.03,14.80
106214,-0.78,2.34,2.10,0.00,0.00,0.00,1,13.76,190,692,0.5000,3.03,14.70
106289,-0.78,2.34,2.10,0.00,0.00,0.00,1,13.76,190,687,0.5000,3.03,14.70
106364,-0.78,2.34,2.10,0.00,0.00,0.00,1,13.84,190,698,0.5000,3.03,14.70
106439,-0.78,2.34,2.10,0.00,0.00,0.00,1,13.76,190,700,0.5000,3.03,14.80
106514,-0.78,2.34,2.10,0.00,0.00,0.00,1,13.84,190,708,0.5000,3.03,14.80
106589,-0.78,2.34,2.10,0.00,0.00,0.00,1,13.76,190,700,0.5000,3.03,14.80
106664,-0.78,2.34,2.10,0.00,0.00,0.00,1,13.76,190,700,0.5000,3.03,14.80
106739,-0.78,2.34,2.10,0.00,0.00,0.00,1,13.84,190,703,0.5000,3.03,14.80
106814,-0.78,2.34,2.10,0.00,0.00,0.00,1,13.76,190,708,0.5000,3.03,14.80
106889,-0.78,2.34,2.10,0.00,0.00,0.00,1,13.84,190,717,0.5000,3.03,14.80
106964,-0.78,2.34,2.10,0.00,0.00,0.00,1,13.68,190,713,0.5000,3.03,14.80
107039,-0.78,2.34,2.10,0.00,0.00,0.00,1,13.84,190,710,0.5000,3.03,14.80
107114,-0.78,2.34,2.10,0.00,0.00,0.00,1,13.84,190,709,0.5000,3.03,14.80
107189,-0.78,2.34,2.10,0.00,0.00,0.00,1,13.76,190,712,0.5000,3.03,14.80
107264,-0.78,2.34,2.10,0.00,0.00,0.00,1,13.76,190,722,0.5000,3.03,14.80
107339,-0.78,2.34,2.10,0.00,0.00,0.00,1,13.76,190,719,0.5000,3.03,14.80
107414,-0.78,2.34,2.10,0.00,0.00,0.00,1,13.84,190,713,0.5000,3.03,14.80
107489,-0.78,2.34,2.10,0.00,0.00,0.00,1,13.84,190,718,0.5000,3.03,14.80
107564,-0.78,2.34,2.10,0.00,0.00,0.00,1,13.76,190,718,0.5000,3.03,14.80
107639,-0.78,2.34,2.10,0.00,0.00,0.00,1,13.76,190,716,0.5000,3.03,14.80
107714,-0.78,2.34,2.10,0.00,0.00,0.00,1,13.84,190,714,0.5000,3.03,14.80
107790,-0.78,2.34,2.10,0.00,0.00,0.00,1,13.84,190,710,0.5000,3.03,14.90
107864,-0.78,2.34,2.10,0.00,0.00,0.00,1,13.76,190,710,0.5000,3.03,14.90
107939,-0.78,2.34,2.10,0.00,0.00,0.00,1,13.76,190,718,0.5000,3.03,14.70
108015,-0.78,2.34,2.10,0.00,0.00,0.00,1,13.76,190,721,0.5000,3.03,14.70
108090,-0.78,2.34,2.10,0.00,0.00,0.00,1,13.84,190,726,0.5000,3.03,14.70
108163,-0.78,2.34,2.10,0.00,0.00,0.00,1,13.76,190,712,0.5000,3.03,14.70
108239,-0.78,2.34,2.10,0.00,0.00,0.00,1,13.68,190,720,0.5000,3.03,14.80
108314,-0.78,2.34,2.10,0.00,0.00,0.00,1,13.76,190,724,0.5000,3.03,14.80
108389,-0.78,2.34,2.10,0.00,0.00,0.00,1,13.76,190,732,0.5000,3.03,14.80
108464,-0.78,2.34,2.10,0.00,0.00,0.00,1,13.84,190,711,0.5000,3.03,14.80
108539,-0.78,2.34,2.10,0.00,0.00,0.00,1,13.84,190,705,0.5000,3.03,14.70
108614,-0.78,2.34,2.10,0.00,0.00,0.00,1,13.84,190,712,0.5000,3.03,14.70
108690,-0.78,2.34,2.10,0.00,0.00,0.00,1,13.76,190,709,0.5000,3.03,14.70
108764,-0.78,2.34,2.10,0.00,0.00,0.00,1,13.76,190,713,0.5000,3.03,14.70
108839,-0.78,2.34,2.10,0.00,0.00,0.00,1,13.84,190,702,0.5000,3.03,14.80
108914,-0.78,2.34,2.10,0.00,0.00,0.00,1,13.76,190,708,0.5000,3.03,14.70
108989,-0.78,2.34,2.10,0.00,0.00,0.00,1,13.76,190,699,0.5000,3.03,14.70
109064,-0.78,2.34,2.10,0.00,0.00,0.00,1,13.76,190,700,0.5000,3.03,14.70
109139,-0.78,2.34,2.10,0.00,0.00,0.00,1,13.76,190,702,0.5000,3.03,14.70
109215,-0.78,2.34,2.10,0.00,0.00,0.00,1,13.84,190,698,0.5000,3.03,14.70
109289,-0.78,2.34,2.10,0.00,0.00,0.00,1,13.84,190,712,0.5000,3.03,14.70
109365,-0.78,2.34,2.10,0.00,0.00,0.00,1,13.68,190,705,0.5000,3.00,14.70
109439,-0.78,2.34,2.10,0.00,0.00,0.00,1,13.84,190,711,0.5000,3.03,14.70
109514,-0.78,2.34,2.10,0.00,0.00,0.00,1,13.76,190,714,0.5000,3.03,14.80
109589,-0.78,2.34,2.10,0.00,0.00,0.00,1,13.84,190,713,0.5000,3.03,14.80
109665,-0.78,2.34,2.10,0.00,0.00,0.00,1,13.68,190,715,0.5000,3.00,14.80
109740,-0.78,2.34,2.10,0.00,0.00,0.00,1,13.76,190,710,0.5000,3.00,14.80
109815,-0.78,2.34,2.10,0.00,0.00,0.00,1,13.76,190,708,0.5000,3.03,14.80
109889,-0.78,2.34,2.10,0.00,0.00,0.00,1,13.76,190,704,0.5000,3.03,14.80
109964,-0.78,2.34,2.10,0.00,0.00,0.00,1,13.84,190,704,0.5000,3.03,14.80
110040,-0.78,2.34,2.10,0.00,0.00,0.00,1,13.76,190,692,0.5000,3.03,14.80
110115,-0.78,2.34,2.10,0.00,0.00,0.00,1,13.84,190,702,0.5000,3.03,14.70
110190,-0.78,2.34,2.10,0.00,0.00,0.00,1,13.84,190,705,0.5000,3.00,14.70
110264,-0.78,2.34,2.10,0.00,0.00,0.00,1,13.76,190,712,0.5000,3.03,14.70
110339,-0.78,2.34,2.10,0.00,0.00,0.00,1,13.68,190,714,0.5000,3.03,14.80
110415,-0.78,2.34,2.10,0.00,0.00,0.00,1,13.84,190,712,0.5000,3.00,14.70
110490,-0.78,2.34,2.10,0.00,0.00,0.00,1,13.84,190,711,0.5000,3.03,14.80
110565,-0.78,2.34,2.10,0.00,0.00,0.00,1,13.76,190,718,0.5000,3.00,14.80
110639,-0.78,2.34,2.10,0.00,0.00,0.00,1,13.76,190,726,0.5000,3.03,14.70
110715,-0.78,2.34,2.10,0.00,0.00,0.00,1,13.68,190,724,0.5000,2.98,14.80
110789,-0.78,2.34,2.10,0.00,0.00,0.00,1,13.76,190,725,0.5000,3.00,14.70
110865,-0.78,2.34,2.10,0.00,0.00,0.00,1,13.84,190,721,0.5000,3.03,14.70
110939,-0.78,2.34,2.10,0.00,0.00,0.00,1,13.68,190,727,0.5000,3.03,14.70
111015,-0.78,2.34,2.10,0.00,0.00,0.00,1,13.76,190,725,0.5000,3.03,14.70
111090,-0.78,2.34,2.10,0.00,0.00,0.00,1,13.76,190,730,0.5000,3.03,14.80
111165,-0.78,2.34,2.10,0.00,0.00,0.00,1,13.84,190,728,0.5000,3.03,14.80
111240,-0.78,2.34,2.10,0.00,0.00,0.00,1,13.84,190,733,0.5000,3.03,14.80
111314,-0.78,2.34,2.10,0.00,0.00,0.00,1,13.84,190,730,0.5000,3.03,14.70
111389,-0.78,2.34,2.10,0.00,0.00,0.00,1,13.84,190,726,0.5000,3.03,14.80
111464,-0.78,2.34,2.10,0.00,0.00,0.00,1,13.68,190,717,0.5000,3.03,14.80
111540,-0.78,2.34,2.10,0.00,0.00,0.00,1,13.76,190,705,0.5000,3.03,14.70
111615,-0.78,2.34,2.10,0.00,0.00,0.00,1,13.84,190,698,0.5000,3.03,14.70
111690,-0.78,2.34,2.10,0.00,0.00,0.00,1,13.76,190,701,0.5000,3.03,14.80
111765,-0.78,2.34,2.10,0.00,0.00,0.00,1,13.76,190,709,0.5000,3.03,14.80
111840,-0.78,2.34,2.10,0.00,0.00,0.00,1,13.76,190,708,0.5000,3.03,14.80
111914,-0.78,2.34,2.10,0.00,0.00,0.00,1,13.84,190,698,0.5000,3.03,14.80
111990,-0.78,2.34,2.10,0.00,0.00,0.00,1,13.76,190,695,0.5000,3.03,14.80
112064,-0.78,2.34,2.10,0.00,0.00,0.00,1,13.76,190,697,0.5000,3.03,14.80
112140,-0.78,2.34,2.10,0.00,0.00,0.00,1,13.84,190,708,0.5000,3.03,14.80
112214,-0.78,2.34,2.10,0.00,0.00,0.00,1,13.84,190,697,0.5000,3.00,14.80
112290,-0.78,2.34,2.10,0.00,0.00,0.00,1,13.84,190,706,0.5000,3.00,14.70
112365,-0.78,2.34,2.10,0.00,0.00,0.00,1,13.68,190,693,0.5000,3.02,14.70
112440,-0.78,2.34,2.10,0.00,0.00,0.00,1,13.76,190,708,0.5000,3.03,14.70
112515,-0.78,2.34,2.10,0.00,0.00,0.00,1,13.84,190,713,0.5000,2.98,14.70
112589,-0.78,2.34,2.10,0.00,0.00,0.00,1,13.84,190,704,0.5000,2.98,14.80
112665,-0.78,2.34,2.10,0.00,0.00,0.00,1,13.76,190,707,0.5000,3.00,14.80
112739,-0.78,2.34,2.10,0.00,0.00,0.00,1,13.68,190,700,0.5000,3.00,14.70
112816,-0.78,2.34,2.10,0.00,0.00,0.00,1,13.84,190,712,0.5000,3.00,14.70
112890,-0.78,2.34,2.10,0.00,0.00,0.00,1,13.84,190,713,0.5000,2.98,14.80
112965,-0.78,2.34,2.10,0.00,0.00,0.00,1,13.68,190,718,0.5000,3.00,14.80
113040,-0.78,2.34,2.10,0.00,0.00,0.00,1,13.76,190,716,0.5000,2.98,14.80
113115,-0.78,2.34,2.10,0.00,0.00,0.00,1,13.68,190,713,0.5000,2.98,14.80
113190,-0.78,2.34,2.10,0.00,0.00,0.00,1,13.84,190,720,0.5000,3.02,14.80
113265,-0.78,2.34,2.10,0.00,0.00,0.00,1,13.76,190,720,0.5000,3.00,14.80
113341,-0.78,2.34,2.10,0.00,0.00,0.00,1,13.84,190,720,0.5000,3.02,14.70
113415,-0.78,2.34,2.10,0.00,0.00,0.00,1,13.76,190,715,0.5000,3.02,14.70
113490,-0.78,2.34,2.10,0.00,0.00,0.00,1,13.76,190,710,0.5000,3.02,14.80
113565,-0.78,2.34,2.10,0.00,0.00,0.00,1,13.84,190,709,0.5000,3.02,14.80
113640,-0.78,2.34,2.10,0.00,0.00,0.00,1,13.76,190,718,0.5000,3.02,14.70
113717,-0.78,2.34,2.10,0.00,0.00,0.00,1,13.76,190,712,0.5000,3.02,14.80
113790,-0.78,2.34,2.10,0.00,0.00,0.00,1,13.84,190,706,0.5000,3.00,14.80
113865,-0.78,2.34,2.10,0.00,0.00,0.00,1,13.76,190,697,0.5000,3.02,14.80
113940,-0.78,2.34,2.10,0.00,0.00,0.00,1,13.84,190,691,0.5000,3.02,14.80
114015,-0.78,2.34,2.10,0.00,0.00,0.00,1,13.76,190,709,0.5000,3.02,14.80
114090,-0.78,2.34,2.10,0.00,0.00,0.00,1,13.84,190,710,0.5000,3.00,14.90
114165,-0.78,2.34,2.10,0.00,0.00,0.00,1,13.76,190,706,0.5000,3.02,14.90
114240,-0.78,2.34,2.10,0.00,0.00,0.00,1,13.84,190,700,0.5000,3.00,14.80
114315,0.00,2.34,2.10,0.00,0.00,0.00,1,13.84,190,711,0.5000,3.00,14.80
114390,0.00,2.34,2.10,0.00,0.00,0.00,1,13.76,190,710,0.5000,3.00,14.80
114465,-0.78,2.34,2.10,0.00,0.00,0.00,1,13.76,190,710,0.5000,3.00,14.80
114540,-0.78,2.34,2.10,0.00,0.00,0.00,1,13.84,190,701,0.5000,3.02,14.80
114615,-0.78,2.34,2.10,0.00,0.00,0.00,1,13.84,190,698,0.5000,3.02,14.80
114690,-0.78,2.34,2.10,0.00,0.00,0.00,1,13.76,190,698,0.5000,3.00,14.90
114765,-0.78,2.34,2.10,0.00,0.00,0.00,1,13.76,190,692,0.5000,2.98,14.90
114840,-0.78,2.34,2.10,0.00,0.00,0.00,1,13.92,190,700,0.5000,3.00,14.70
114915,-0.78,2.34,2.10,0.00,0.00,0.00,1,13.76,190,702,0.5000,2.98,14.80
114991,-0.78,2.34,2.10,0.00,0.00,0.00,1,13.76,190,698,0.5000,2.98,14.80
115065,-0.78,2.34,2.10,0.00,0.00,0.00,1,13.84,190,704,0.5000,2.98,14.80
115140,-0.78,2.34,2.10,0.00,0.00,0.00,1,13.76,190,706,0.5000,2.98,14.80
115215,-0.78,2.34,2.10,0.00,0.00,0.00,1,13.92,190,700,0.5000,2.98,14.80
115290,-0.78,2.34,2.10,0.00,0.00,0.00,1,13.76,190,701,0.5000,3.00,14.70
115365,-0.78,2.34,2.10,0.00,0.00,0.00,1,13.84,190,706,0.5000,3.00,14.70
115440,0.00,2.34,2.10,0.00,0.00,0.00,1,13.84,190,710,0.5000,3.00,14.80
115516,0.00,2.34,2.10,0.00,0.00,0.00,1,13.84,190,718,0.5000,3.00,14.70
115590,0.00,2.34,2.10,0.00,0.00,0.00,1,13.84,190,720,0.5000,3.00,14.80
115665,0.00,2.34,2.10,0.00,0.00,0.00,1,13.68,190,714,0.5000,2.98,14.80
115740,0.00,2.34,2.10,0.00,0.00,0.00,1,13.84,190,717,0.5000,3.00,14.80
115816,0.00,2.34,2.10,0.00,0.00,0.00,1,13.84,190,716,0.5000,3.00,14.80
115890,0.00,2.34,2.10,0.00,0.00,0.00,1,13.76,190,706,0.5000,3.02,14.80
115966,0.00,2.34,2.10,0.00,0.00,0.00,1,13.68,190,708,0.5000,2.98,14.80
116040,0.00,2.34,2.10,0.00,0.00,0.00,1,13.76,190,700,0.5000,3.00,14.90
116115,0.00,2.34,2.10,0.00,0.00,0.00,1,13.84,190,697,0.5000,3.02,14.80
116190,0.00,2.34,2.10,0.00,0.00,0.00,1,13.76,190,709,0.5000,3.00,14.80
116265,0.00,2.34,2.10,0.00,0.00,0.00,1,13.68,190,706,0.5000,3.00,14.80
116341,0.00,2.34,2.10,0.00,0.00,0.00,1,13.76,190,701,0.5000,3.00,14.90
116416,0.00,2.34,2.10,0.00,0.00,0.00,1,13.84,190,702,0.5000,3.02,14.80
116490,0.00,2.34,2.10,0.00,0.00,0.00,1,13.84,190,705,0.5000,3.00,14.80
116566,0.00,2.34,2.10,0.00,0.00,0.00,1,13.68,190,711,0.5000,2.98,14.80
116640,0.00,2.34,2.10,0.00,0.00,0.00,1,13.76,190,701,0.5000,2.98,14.80
116716,0.00,2.34,2.10,0.00,0.00,0.00,1,13.84,190,716,0.5000,3.00,14.80
116790,0.00,2.34,2.10,0.00,0.00,0.00,1,13.84,190,706,0.5000,3.00,14.80
116866,0.00,2.34,2.10,0.00,0.00,0.00,1,13.68,190,714,0.5000,3.00,14.80
116941,0.00,2.34,2.10,0.00,0.00,0.00,1,13.76,190,711,0.5000,3.00,14.70
117015,0.00,2.34,2.10,0.00,0.00,0.00,1,13.76,190,707,0.5000,3.00,14.80
117090,0.00,2.34,2.10,0.00,0.00,0.00,1,13.76,190,708,0.5000,2.98,14.80
117165,-0.78,2.34,2.10,0.00,0.00,0.00,1,13.76,190,696,0.5000,3.00,14.80
117241,0.00,2.34,2.10,0.00,0.00,0.00,1,13.84,190,702,0.5000,3.02,14.80
117315,-0.78,2.34,2.10,0.00,0.00,0.00,1,13.68,190,704,0.5000,2.98,14.70
117390,0.00,2.34,2.10,0.00,0.00,0.00,1,13.84,190,708,0.5000,2.98,14.80
117466,0.00,2.34,2.10,0.00,0.00,0.00,1,13.84,190,710,0.5000,2.98,14.80
117540,0.00,2.34,2.10,0.00,0.00,0.00,1,13.84,190,717,0.5000,2.98,14.70
117616,0.00,2.34,2.10,0.00,0.00,0.00,1,13.76,190,715,0.5000,2.98,14.70
117690,0.00,2.34,2.10,0.00,0.00,0.00,1,13.84,190,722,0.5000,2.98,14.80
117766,0.00,2.34,2.10,0.00,0.00,0.00,1,13.76,190,718,0.5000,2.98,14.80
117841,0.00,2.34,2.10,0.00,0.00,0.00,1,13.68,190,712,0.5000,2.98,14.80
117916,0.00,2.34,2.10,0.00,0.00,0.00,1,13.84,190,716,0.5000,2.98,14.70
117991,0.00,2.34,2.10,0.00,0.00,0.00,1,13.76,190,714,0.5000,3.00,14.70
118066,0.00,2.34,2.10,0.00,0.00,0.00,1,13.84,190,714,0.5000,3.00,14.70
118141,0.00,2.34,2.10,0.00,0.00,0.00,1,13.84,190,710,0.5000,3.00,14.80
118215,-0.78,2.34,2.10,0.00,0.00,0.00,1,13.76,190,716,0.5000,3.02,14.80
118291,-0.78,2.34,2.10,0.00,0.00,0.00,1,13.76,190,693,0.5000,3.00,14.80
118366,-0.78,2.34,2.10,0.00,0.00,0.00,1,13.76,190,684,0.5000,2.98,14.80
118441,-0.78,2.34,2.10,0.00,0.00,0.00,1,13.76,190,674,0.5000,2.98,14.70
118515,-0.78,2.34,2.10,0.00,0.00,0.00,1,13.84,190,682,0.5000,3.00,14.70
118591,-0.78,2.34,2.10,0.00,0.00,0.00,1,13.68,190,686,0.5000,3.00,14.70
118666,-0.78,2.34,2.10,0.00,0.00,0.00,1,13.92,190,691,0.5000,2.98,14.70
118741,-0.78,2.34,2.10,0.00,0.00,0.00,1,13.68,190,698,0.5000,2.98,14.70
118816,-0.78,2.34,2.10,0.00,0.00,0.00,1,13.76,190,687,0.5000,2.98,14.80
118891,-0.78,2.34,2.10,0.00,0.00,0.00,1,13.76,190,696,0.5000,3.00,14.70
118966,-0.78,2.34,2.10,0.00,0.00,0.00,1,13.84,190,698,0.5000,2.98,14.70
119041,-0.78,2.34,2.10,0.00,0.00,0.00,1,13.76,190,689,0.5000,3.00,14.70
119116,0.00,2.34,2.10,0.00,0.00,0.00,1,13.76,190,688,0.5000,2.98,14.70
119191,0.00,2.34,2.10,0.00,0.00,0.00,1,13.84,190,688,0.5000,2.98,14.80
119266,0.00,2.34,2.10,0.00,0.00,0.00,1,13.76,190,707,0.5000,2.98,14.80
119341,-0.78,2.34,2.10,0.00,0.00,0.00,1,13.76,190,707,0.5000,2.98,14.80
119415,0.00,2.34,2.10,0.00,0.00,0.00,1,13.76,190,710,0.5000,2.98,14.80
119491,0.00,2.34,2.10,0.00,0.00,0.00,1,13.76,190,705,0.5000,2.98,14.80
119566,0.00,2.34,2.10,0.00,0.00,0.00,1,13.84,190,707,0.5000,2.98,14.80
119641,0.00,2.34,2.10,0.00,0.00,0.00,1,13.76,190,700,0.5000,2.98,14.80
119716,0.00,2.34,2.10,0.00,0.00,0.00,1,13.76,190,692,0.5000,3.00,14.80
119791,0.00,2.34,2.10,0.00,0.00,0.00,1,13.84,190,698,0.5000,3.00,14.60
119866,0.00,2.34,2.10,0.00,0.00,0.00,1,13.84,190,700,0.5000,3.00,14.60
119941,0.00,2.34,2.10,0.00,0.00,0.00,1,13.84,190,714,0.5000,3.00,14.70
120016,0.00,2.34,2.10,0.00,0.00,0.00,1,13.68,190,713,0.5000,2.98,14.80
120090,0.00,2.34,2.10,0.00,0.00,0.00,1,13.84,190,708,0.5000,3.00,14.80
120166,0.00,2.34,2.10,0.00,0.00,0.00,1,13.76,190,711,0.5000,3.00,14.80
120241,0.00,2.34,2.10,0.00,0.00,0.00,1,13.84,190,706,0.5000,3.00,14.80
120316,0.00,2.34,2.10,0.00,0.00,0.00,1,13.76,190,699,0.5000,2.98,14.80
120391,0.00,2.34,2.10,0.00,0.00,0.00,1,13.68,190,696,0.5000,2.98,14.80
120466,0.00,2.34,2.10,0.00,0.00,0.00,1,13.76,190,699,0.5000,3.00,14.80
120541,0.00,2.34,2.10,0.00,0.00,0.00,1,13.76,192,696,0.5000,3.00,14.80
120616,0.00,2.34,2.10,0.00,0.00,0.00,1,13.76,192,701,0.5000,3.00,14.80
120691,0.00,2.34,2.10,0.00,0.00,0.00,1,13.76,192,697,0.5000,2.98,14.80
120766,0.00,2.34,2.10,0.00,0.00,0.00,1,13.84,192,706,0.5000,3.00,14.80
120841,0.00,2.34,2.10,0.00,0.00,0.00,1,13.84,192,704,0.5000,2.98,14.80
120916,0.00,2.34,2.10,0.00,0.00,0.00,1,13.76,192,705,0.5000,2.98,14.80
120991,0.00,2.34,2.10,0.00,0.00,0.00,1,13.76,192,712,0.5000,3.00,14.80
121066,0.00,2.34,2.10,0.00,0.00,0.00,1,13.84,192,702,0.5000,2.98,14.80
121141,0.00,2.34,2.10,0.00,0.00,0.00,1,13.76,192,708,0.5000,3.00,14.90
121216,0.00,2.34,2.10,0.00,0.00,0.00,1,13.76,192,710,0.5000,3.00,14.80
121291,0.00,2.34,2.10,0.00,0.00,0.00,1,13.76,192,720,0.5000,2.98,14.80
121365,0.00,2.34,2.10,0.00,0.00,0.00,1,13.84,192,727,0.5000,2.98,14.80
121441,0.00,2.34,2.10,0.00,0.00,0.00,1,13.84,192,732,0.5000,2.98,14.80
121516,0.00,2.34,2.10,0.00,0.00,0.00,1,13.84,192,726,0.5000,3.00,14.70
121591,0.00,2.34,2.10,0.00,0.00,0.00,1,13.84,192,717,0.5000,3.02,14.80
121666,0.00,2.34,2.10,0.00,0.00,0.00,1,13.84,192,719,0.5000,3.02,14.80
121741,0.00,2.34,2.10,0.00,0.00,0.00,1,13.84,192,716,0.5000,3.02,14.70
121816,0.00,2.34,2.10,0.00,0.00,0.00,1,13.84,192,720,0.5000,3.02,14.70
121891,0.00,2.34,2.10,0.00,0.00,0.00,1,13.84,192,725,0.5000,3.02,14.70
121966,0.00,2.34,2.10,0.00,0.00,0.00,1,13.76,192,729,0.5000,3.02,14.70
122042,0.00,2.34,2.10,0.00,0.00,0.00,1,13.76,192,723,0.5000,3.02,14.70
122116,0.00,2.34,2.10,0.00,0.00,0.00,1,13.76,192,718,0.5000,3.00,14.70
122191,0.00,2.34,2.10,0.00,0.00,0.00,1,13.76,192,720,0.5000,3.02,14.70
122266,0.00,2.34,2.10,0.00,0.00,0.00,1,13.84,192,718,0.5000,3.02,14.70
122341,0.00,2.34,2.10,0.00,0.00,0.00,1,13.76,192,718,0.5000,3.02,14.70
122416,0.00,2.34,2.10,0.00,0.00,0.00,1,13.76,192,711,0.5000,3.02,14.80
122491,0.00,2.34,2.10,0.00,0.00,0.00,1,13.76,192,713,0.5000,3.02,14.80
122566,0.00,2.34,2.10,0.00,0.00,0.00,1,13.84,192,706,0.5000,3.00,14.80
122641,0.00,2.34,2.10,0.00,0.00,0.00,1,13.84,192,711,0.5000,3.02,14.80
122716,0.00,2.34,2.10,0.00,0.00,0.00,1,13.76,192,709,0.5000,3.02,14.80
122791,0.00,2.34,2.10,0.00,0.00,0.00,1,13.68,192,711,0.5000,3.02,14.80
122866,0.00,2.34,2.10,0.00,0.00,0.00,1,13.84,192,708,0.5000,3.00,14.80
122941,0.00,2.34,2.10,0.00,0.00,0.00,1,13.84,192,702,0.5000,3.02,14.90
123016,0.00,2.34,2.10,0.00,0.00,0.00,1,13.84,192,706,0.5000,3.02,14.80
123091,0.00,2.34,2.10,0.00,0.00,0.00,1,13.68,192,709,0.5000,3.00,14.80
123166,0.00,2.34,2.10,0.00,0.00,0.00,1,13.84,192,714,0.5000,3.02,14.80
123241,0.00,2.34,2.10,0.00,0.00,0.00,1,13.84,192,703,0.5000,3.00,14.80
123316,-0.78,2.34,2.10,0.00,0.00,0.00,1,13.76,192,711,0.5000,3.00,14.70
123391,-0.78,2.34,2.10,0.00,0.00,0.00,1,13.76,192,719,0.5000,3.02,14.70
123466,-0.78,2.34,2.10,0.00,0.00,0.00,1,13.68,192,725,0.5000,3.00,14.70
123541,-0.78,2.34,2.10,0.00,0.00,0.00,1,13.84,192,725,0.5000,3.00,14.70
123616,-0.78,2.34,2.10,0.00,0.00,0.00,1,13.84,192,723,0.5000,3.00,14.60
123691,-0.78,2.34,2.10,0.00,0.00,0.00,1,13.76,192,716,0.5000,3.02,14.70
123766,-0.78,2.34,2.10,0.00,0.00,0.00,1,13.68,192,714,0.5000,3.02,14.70
123841,-0.78,2.34,2.10,0.00,0.00,0.00,1,13.76,192,704,0.5000,3.02,14.60
123916,-0.78,2.34,2.10,0.00,0.00,0.00,1,13.84,192,704,0.5000,3.00,14.70
123991,-0.78,2.34,2.10,0.00,0.00,0.00,1,13.76,192,708,0.5000,3.02,14.60
124066,-0.78,2.34,2.10,0.00,0.00,0.00,1,13.76,192,699,0.5000,3.02,14.60
124141,-0.78,2.34,2.10,0.00,0.00,0.00,1,13.76,192,708,0.5000,3.02,14.60
124216,-0.78,2.34,2.10,0.00,0.00,0.00,1,13.76,192,708,0.5000,3.02,14.60
124291,-0.78,2.34,2.10,0.00,0.00,0.00,1,13.84,192,698,0.5000,2.98,14.60
124366,-0.78,2.34,2.10,0.00,0.00,0.00,1,13.68,192,710,0.5000,2.98,14.60
124441,-0.78,2.34,2.10,0.00,0.00,0.00,1,13.76,192,708,0.5000,3.00,14.60
124516,-0.78,2.34,2.10,0.00,0.00,0.00,1,13.84,192,685,0.5000,3.02,14.60
124591,-0.78,2.34,2.10,0.00,0.00,0.00,1,13.92,192,686,0.5000,3.02,14.70
124666,-0.78,2.34,2.10,0.00,0.00,0.00,1,13.76,192,709,0.5000,3.00,14.70
124741,-0.78,2.34,2.10,0.00,0.00,0.00,1,13.76,192,705,0.5000,2.98,14.70
124816,-0.78,2.34,2.10,0.00,0.00,0.00,1,13.84,192,707,0.5000,2.98,14.70
124891,-0.78,2.34,2.10,0.00,0.00,0.00,1,13.84,192,704,0.5000,2.98,14.70
124966,-0.78,2.34,2.10,0.00,0.00,0.00,1,13.76,192,705,0.5000,2.98,14.70
125041,-0.78,2.34,2.10,0.00,0.00,0.00,1,13.76,192,713,0.5000,2.98,14.70
125116,-0.78,2.34,2.10,0.00,0.00,0.00,1,13.84,192,707,0.5000,2.98,14.70
125191,-0.78,2.34,2.10,0.00,0.00,0.00,1,13.84,192,704,0.5000,2.98,14.70
125266,-0.78,2.34,2.10,0.00,0.00,0.00,1,13.76,192,708,0.5000,2.98,14.70
125341,-0.78,2.34,2.10,0.00,0.00,0.00,1,13.76,192,708,0.5000,2.98,14.80
125416,-0.78,2.34,2.10,0.00,0.00,0.00,1,13.68,192,691,0.5000,2.98,14.70
125491,-0.78,2.34,2.10,0.00,0.00,0.00,1,13.84,192,693,0.5000,2.98,14.70
125566,-0.78,2.34,2.10,0.00,0.00,0.00,1,13.84,192,686,0.5000,3.00,14.70
125642,-0.78,2.34,2.10,0.00,0.00,0.00,1,13.68,192,680,0.5000,2.98,14.70
125716,-0.78,2.34,2.10,0.00,0.00,0.00,1,13.84,192,689,0.5000,2.98,14.70
125791,-0.78,2.34,2.10,0.00,0.00,0.00,1,13.76,192,694,0.5000,2.98,14.70
125866,-0.78,2.34,2.10,0.00,0.00,0.00,1,13.76,192,696,0.5000,2.98,14.70
125942,-0.78,2.34,2.10,0.00,0.00,0.00,1,13.68,192,695,0.5000,2.98,14.70
126017,-0.78,2.34,2.10,0.00,0.00,0.00,1,13.84,192,696,0.5000,2.98,14.80
126091,-0.78,2.34,2.10,0.00,0.00,0.00,1,13.84,192,695,0.5000,2.98,14.80
126167,-0.78,2.34,2.10,0.00,0.00,0.00,1,13.76,192,695,0.5000,2.98,14.80
126241,-0.78,2.34,2.10,0.00,0.00,0.00,1,13.68,192,699,0.5000,2.98,14.80
126316,-0.78,2.34,2.10,0.00,0.00,0.00,1,13.84,192,697,0.5000,2.98,14.80
126391,-0.78,2.34,2.10,0.00,0.00,0.00,1,13.84,192,702,0.5000,2.98,14.80
126466,-0.78,2.34,2.10,0.00,0.00,0.00,1,13.68,192,696,0.5000,2.98,14.80
126541,-0.78,2.34,2.10,0.00,0.00,0.00,1,13.68,192,705,0.5000,2.98,14.80
126616,-0.78,2.34,2.10,0.00,0.00,0.00,1,13.92,192,717,0.5000,2.98,14.80
126692,-0.78,2.34,2.10,0.00,0.00,0.00,1,13.76,192,712,0.5000,2.98,14.80
126766,-0.78,2.34,2.10,0.00,0.00,0.00,1,13.68,192,713,0.5000,2.98,14.80
126842,0.00,2.34,2.10,0.00,0.00,0.00,1,13.76,192,714,0.5000,2.98,14.80
126917,0.00,2.34,2.10,0.00,0.00,0.00,1,13.76,192,714,0.5000,3.00,14.80
126992,0.00,2.34,2.10,0.00,0.00,0.00,1,13.92,192,722,0.5000,2.98,14.80
127066,0.00,2.34,2.10,0.00,0.00,0.00,1,13.68,192,724,0.5000,2.98,14.80
127141,0.00,2.34,2.10,0.00,0.00,0.00,1,13.84,192,711,0.5000,2.98,14.80
127217,0.00,2.34,2.10,0.00,0.00,0.00,1,13.76,192,721,0.5000,3.00,14.90
127291,0.00,2.34,2.10,0.00,0.00,0.00,1,13.76,192,716,0.5000,3.02,14.80
127367,0.00,2.34,2.10,0.00,0.00,0.00,1,13.84,192,715,0.5000,3.00,14.80
127442,0.00,2.34,2.10,0.00,0.00,0.00,1,13.76,192,710,0.5000,3.00,14.70
127517,0.00,2.34,2.10,0.00,0.00,0.00,1,13.76,192,702,0.5000,2.98,14.80
127591,0.00,2.34,2.10,0.00,0.00,0.00,1,13.76,192,713,0.5000,2.98,14.80
127667,0.00,2.34,2.10,0.00,0.00,0.00,1,13.76,192,699,0.5000,3.00,14.80
127741,0.00,2.34,2.10,0.00,0.00,0.00,1,13.84,192,702,0.5000,3.00,14.80
127817,0.00,2.34,2.10,0.00,0.00,0.00,1,13.76,192,702,0.5000,3.00,14.90
127892,0.00,2.34,2.10,0.00,0.00,0.00,1,13.76,192,712,0.5000,2.98,14.80
127966,0.00,2.34,2.10,0.00,0.00,0.00,1,13.76,192,696,0.5000,3.00,14.80
128042,0.00,2.34,2.10,0.00,0.00,0.00,1,13.84,192,687,0.5000,3.00,14.80
128116,0.00,2.34,2.10,0.00,0.00,0.00,1,13.76,192,702,0.5000,2.98,14.80
128194,0.00,2.34,2.10,0.00,0.00,0.00,1,13.76,192,696,0.5000,2.98,14.80
128267,0.00,2.34,2.10,0.00,0.00,0.00,1,13.84,192,694,0.5000,2.98,14.80
128342,0.00,2.34,2.10,0.00,0.00,0.00,1,13.76,192,695,0.5000,2.98,14.70
128417,0.00,2.34,2.10,0.00,0.00,0.00,1,13.76,192,691,0.5000,3.00,14.80
128492,0.00,2.34,2.10,0.00,0.00,0.00,1,13.76,192,684,0.5000,2.98,14.80
128567,0.00,2.34,2.10,0.00,0.00,0.00,1,13.84,192,704,0.5000,2.98,14.80
128642,0.00,2.34,2.10,0.00,0.00,0.00,1,13.84,192,701,0.5000,2.98,14.80
128717,0.00,2.34,2.10,0.00,0.00,0.00,1,13.76,192,706,0.5000,2.98,14.70
128792,0.00,2.34,2.10,0.00,0.00,0.00,1,13.68,192,718,0.5000,2.98,14.90
128867,0.00,2.34,2.10,0.00,0.00,0.00,1,13.84,192,719,0.5000,2.98,14.90
128941,0.00,2.34,2.10,0.00,0.00,0.00,1,13.84,192,724,0.5000,2.98,14.80
129017,0.00,2.34,2.10,0.00,0.00,0.00,1,13.84,192,715,0.5000,2.98,14.70
129092,0.00,2.34,2.10,0.00,0.00,0.00,1,13.68,192,718,0.5000,3.00,14.80
129167,0.00,2.34,2.10,0.00,0.00,0.00,1,13.76,192,716,0.5000,3.02,14.80
129242,0.00,2.34,2.10,0.00,0.00,0.00,1,13.68,192,713,0.5000,3.00,14.80
129317,0.00,2.34,2.10,0.00,0.00,0.00,1,13.68,192,712,0.5000,3.00,14.70
129392,0.00,2.34,2.10,0.00,0.00,0.00,1,13.84,192,711,0.5000,3.00,14.80
129467,0.00,2.34,2.10,0.00,0.00,0.00,1,13.76,192,718,0.5000,3.00,14.80
129541,0.00,2.34,2.10,0.00,0.00,0.00,1,13.76,192,724,0.5000,3.00,14.80
129616,0.00,2.34,2.10,0.00,0.00,0.00,1,13.84,192,714,0.5000,3.00,14.80
129692,0.00,2.34,2.10,0.00,0.00,0.00,1,13.84,192,713,0.5000,3.02,14.80
129767,0.00,2.34,2.10,0.00,0.00,0.00,1,13.76,192,718,0.5000,3.02,14.80
129842,0.00,2.34,2.10,0.00,0.00,0.00,1,13.76,192,716,0.5000,3.02,14.80
129917,0.00,2.34,2.10,0.00,0.00,0.00,1,13.84,192,712,0.5000,3.00,14.70
129992,0.00,2.34,2.10,0.00,0.00,0.00,1,13.76,192,712,0.5000,3.02,14.70
130067,0.00,2.34,2.10,0.00,0.00,0.00,1,13.84,192,708,0.5000,3.02,14.70
130142,0.00,2.34,2.10,0.00,0.00,0.00,1,13.76,192,701,0.5000,3.02,14.80
130216,0.00,2.34,2.10,0.00,0.00,0.00,1,13.84,192,685,0.5000,3.02,14.70
130292,0.00,2.34,2.10,0.00,0.00,0.00,1,13.84,192,696,0.5000,3.02,14.80
130367,0.00,2.34,2.10,0.00,0.00,0.00,1,13.68,192,704,0.5000,3.00,14.80
130442,0.00,2.34,2.10,0.00,0.00,0.00,1,13.52,192,709,0.5000,3.00,14.80
130517,0.00,2.34,2.10,0.00,0.00,0.00,1,13.76,192,696,0.5000,2.98,14.90
130591,0.00,2.34,2.10,0.00,0.00,0.00,1,13.84,192,685,0.5000,2.98,14.80
130667,0.00,2.34,2.10,0.00,0.00,0.00,1,13.76,192,706,0.5000,2.98,14.80
130742,0.00,2.34,2.10,0.00,0.00,0.00,1,13.76,192,704,0.5000,2.98,14.80
130817,0.00,2.34,2.10,0.00,0.00,0.00,1,13.84,192,712,0.5000,3.00,14.80
130892,0.00,2.34,2.10,0.00,0.00,0.00,1,13.68,192,704,0.5000,2.98,14.80
130967,0.00,2.34,2.10,0.00,0.00,0.00,1,13.76,192,709,0.5000,2.98,14.80
131042,0.00,2.34,2.10,0.00,0.00,0.00,1,13.76,192,711,0.5000,2.98,14.80
131117,-0.78,2.34,2.10,0.00,0.00,0.00,1,13.68,192,722,0.5000,2.98,14.70
131192,0.00,2.34,2.10,0.00,0.00,0.00,1,13.76,192,720,0.5000,2.98,14.70
131267,0.00,2.34,2.10,0.00,0.00,0.00,1,13.84,192,730,0.5000,3.00,14.70
131342,0.00,2.34,2.10,0.00,0.00,0.00,1,13.84,192,732,0.5000,3.00,14.80
131418,0.00,2.34,2.10,0.00,0.00,0.00,1,13.76,192,723,0.5000,2.98,14.70
131492,-0.78,2.34,2.10,0.00,0.00,0.00,1,13.84,192,720,0.5000,3.02,14.80
131567,-0.78,2.34,2.10,0.00,0.00,0.00,1,13.76,192,726,0.5000,3.00,14.80
131642,-0.78,2.34,2.10,0.00,0.00,0.00,1,13.84,192,726,0.5000,3.02,15.00
131717,-0.78,2.34,2.10,0.00,0.00,0.00,1,13.84,192,723,0.5000,3.02,14.80
131792,-0.78,2.34,2.10,0.00,0.00,0.00,1,13.76,192,714,0.5000,3.02,14.70
131867,-0.78,2.34,2.10,0.00,0.00,0.00,1,13.68,192,704,0.5000,3.02,14.70
131942,-0.78,2.34,2.10,0.00,0.00,0.00,1,13.84,192,706,0.5000,3.02,14.70
132017,-0.78,2.34,2.10,0.00,0.00,0.00,1,13.84,192,692,0.5000,3.02,14.80
132092,-0.78,2.34,2.10,0.00,0.00,0.00,1,13.76,192,690,0.5000,3.00,14.80
132167,0.00,2.34,2.10,0.00,0.00,0.00,1,13.68,192,686,0.5000,3.02,14.80
132242,0.00,2.34,2.10,0.00,0.00,0.00,1,13.84,192,676,0.5000,3.00,14.80
132317,0.00,2.34,2.10,0.00,0.00,0.00,1,13.76,192,680,0.5000,2.98,14.90
132392,0.00,2.34,2.10,0.00,0.00,0.00,1,13.76,192,674,0.5000,2.98,14.70
132467,0.00,2.34,2.10,0.00,0.00,0.00,1,13.84,192,676,0.5000,2.98,14.70
132542,0.00,2.34,2.10,0.00,0.00,0.00,1,13.76,192,677,0.5000,2.98,14.80
132617,0.00,2.34,2.10,0.00,0.00,0.00,1,13.84,192,678,0.5000,2.98,14.70
132692,0.00,2.34,2.10,0.00,0.00,0.00,1,13.76,192,693,0.5000,2.98,14.70
132767,-0.78,2.34,2.10,0.00,0.00,0.00,1,13.84,192,685,0.5000,2.98,14.70
132842,-0.78,2.34,2.10,0.00,0.00,0.00,1,13.68,192,694,0.5000,2.98,14.80
132916,-0.78,2.34,2.10,0.00,0.00,0.00,1,13.76,192,691,0.5000,2.98,14.80
132992,-0.78,2.34,2.10,0.00,0.00,0.00,1,13.84,192,704,0.5000,2.98,14.80
133067,-0.78,2.34,2.10,0.00,0.00,0.00,1,13.76,192,702,0.5000,2.98,14.80
133142,-0.78,2.34,2.10,0.00,0.00,0.00,1,13.76,192,700,0.5000,2.98,14.70
133217,0.00,2.34,2.10,0.00,0.00,0.00,1,13.76,192,716,0.5000,2.98,14.90
133292,0.00,2.34,2.10,0.00,0.00,0.00,1,13.76,192,711,0.5000,2.98,14.70
133367,0.00,2.34,2.10,0.00,0.00,0.00,1,13.92,192,719,0.5000,2.98,14.70
133442,0.00,2.34,2.10,0.00,0.00,0.00,1,13.84,192,725,0.5000,2.98,14.80
133517,0.00,2.34,2.10,0.00,0.00,0.00,1,13.84,192,722,0.5000,2.98,14.80
133592,-0.78,2.34,2.10,0.00,0.00,0.00,1,13.68,192,715,0.5000,3.00,14.80
133667,-0.78,2.34,2.10,0.00,0.00,0.00,1,13.84,192,712,0.5000,2.98,14.80
133742,0.00,2.34,2.10,0.00,0.00,0.00,1,13.84,192,715,0.5000,3.00,14.80
133817,0.00,2.34,2.10,0.00,0.00,0.00,1,13.84,192,712,0.5000,2.98,14.80
133892,0.00,2.34,2.10,0.00,0.00,0.00,1,13.76,192,718,0.5000,3.02,14.80
133967,0.00,2.34,2.10,0.00,0.00,0.00,1,13.68,192,696,0.5000,3.02,14.80
134042,0.00,2.34,2.10,0.00,0.00,0.00,1,13.84,192,700,0.5000,3.02,14.70
134117,0.00,2.34,2.10,0.00,0.00,0.00,1,13.84,192,704,0.5000,2.98,14.80
134193,0.00,2.34,2.10,0.00,0.00,0.00,1,13.68,192,717,0.5000,3.00,14.80
134267,0.00,2.34,2.10,0.00,0.00,0.00,1,13.68,192,711,0.5000,3.00,14.80
134342,0.00,2.34,2.10,0.00,0.00,0.00,1,13.76,192,716,0.5000,3.02,14.80
134417,0.00,2.34,2.10,0.00,0.00,0.00,1,13.84,192,718,0.5000,3.02,14.80
134492,0.00,2.34,2.10,0.00,0.00,0.00,1,13.76,192,716,0.5000,3.00,14.70
134567,0.00,2.34,2.10,0.00,0.00,0.00,1,13.76,192,722,0.5000,3.00,14.70
134642,0.00,2.34,2.10,0.00,0.00,0.00,1,13.76,192,709,0.5000,3.00,14.80
134717,0.00,2.34,2.10,0.00,0.00,0.00,1,13.92,192,713,0.5000,3.02,14.80
134792,0.00,2.34,2.10,0.00,0.00,0.00,1,13.84,192,716,0.5000,3.00,14.90
134867,0.00,2.34,2.10,0.00,0.00,0.00,1,13.68,192,724,0.5000,3.00,14.90
134942,0.00,2.34,2.10,0.00,0.00,0.00,1,13.84,192,720,0.5000,3.00,14.80
135017,0.00,2.34,2.10,0.00,0.00,0.00,1,13.68,192,720,0.5000,3.02,14.80
135092,0.00,2.34,2.10,0.00,0.00,0.00,1,13.84,192,724,0.5000,3.02,14.80
135167,0.00,2.34,2.10,0.00,0.00,0.00,1,13.52,192,729,0.5000,3.00,14.80
135242,0.00,2.34,2.10,0.00,0.00,0.00,1,13.84,192,727,0.5000,3.02,14.90
135317,0.00,2.34,2.10,0.00,0.00,0.00,1,13.76,192,707,0.5000,3.02,14.70
135393,0.00,2.34,2.10,0.00,0.00,0.00,1,13.68,192,713,0.5000,3.02,14.80
135467,0.00,2.34,2.10,0.00,0.00,0.00,1,13.84,192,706,0.5000,3.02,14.80
135542,0.00,2.34,2.10,0.00,0.00,0.00,1,13.84,192,718,0.5000,3.02,15.00
135617,0.00,2.34,2.10,0.00,0.00,0.00,1,13.76,192,715,0.5000,2.98,14.80
135692,0.00,2.34,2.10,0.00,0.00,0.00,1,13.76,192,718,0.5000,3.00,14.80
135767,0.00,2.34,2.10,0.00,0.00,0.00,1,13.68,192,709,0.5000,3.00,14.80
135842,0.00,2.34,2.10,0.00,0.00,0.00,1,13.84,192,703,0.5000,3.02,14.80
135918,0.00,2.34,2.10,0.00,0.00,0.00,1,13.76,192,689,0.5000,3.02,14.70
135992,-0.78,2.34,2.10,0.00,0.00,0.00,1,13.76,192,692,0.5000,3.02,14.80
136067,0.00,2.34,2.10,0.00,0.00,0.00,1,13.84,192,697,0.5000,3.00,14.80
136143,-0.78,2.34,2.10,0.00,0.00,0.00,1,13.68,192,694,0.5000,3.00,14.70
136217,-0.78,2.34,2.10,0.00,0.00,0.00,1,13.84,192,688,0.5000,3.02,14.70
136293,-0.78,2.34,2.10,0.00,0.00,0.00,1,13.76,192,693,0.5000,3.00,14.70
136367,-0.78,2.34,2.10,0.00,0.00,0.00,1,13.84,192,691,0.5000,2.98,14.70
136442,-0.78,2.34,2.10,0.00,0.00,0.00,1,13.84,192,686,0.5000,3.00,14.70
136517,-0.78,2.34,2.10,0.00,0.00,0.00,1,13.76,192,690,0.5000,2.98,14.70
136592,-0.78,2.34,2.10,0.00,0.00,0.00,1,13.76,192,695,0.5000,2.98,14.70
136667,-0.78,2.34,2.10,0.00,0.00,0.00,1,13.84,192,698,0.5000,2.98,14.70
136743,-0.78,2.34,2.10,0.00,0.00,0.00,1,13.76,192,709,0.5000,3.00,14.70
136817,-0.78,2.34,2.10,0.00,0.00,0.00,1,13.68,192,712,0.5000,2.98,14.70
136892,-0.78,2.34,2.10,0.00,0.00,0.00,1,13.76,192,710,0.5000,2.98,14.80
136968,-0.78,2.34,2.10,0.00,0.00,0.00,1,13.84,192,714,0.5000,2.98,14.80
137042,-0.78,2.34,2.10,0.00,0.00,0.00,1,13.84,192,726,0.5000,2.98,14.80
137117,-0.78,2.34,2.10,0.00,0.00,0.00,1,13.84,192,719,0.5000,2.98,14.70
137192,-0.78,2.34,2.10,0.00,0.00,0.00,1,13.68,192,702,0.5000,3.00,14.70
137267,-0.78,2.34,2.10,0.00,0.00,0.00,1,13.84,192,709,0.5000,3.00,14.70
137342,-0.78,2.34,2.10,0.00,0.00,0.00,1,13.84,192,705,0.5000,2.98,14.70
137417,-0.78,2.34,2.10,0.00,0.00,0.00,1,13.76,192,718,0.5000,2.98,14.70
137493,-0.78,2.34,2.10,0.00,0.00,0.00,1,13.76,192,726,0.5000,3.00,14.70
137567,-0.78,2.34,2.10,0.00,0.00,0.00,1,13.68,192,721,0.5000,2.98,14.70
137642,-0.78,2.34,2.10,0.00,0.00,0.00,1,13.76,192,716,0.5000,3.00,14.70
137718,-0.78,2.34,2.10,0.00,0.00,0.00,1,13.84,192,724,0.5000,3.00,14.70
137792,-0.78,2.34,2.10,0.00,0.00,0.00,1,13.76,192,714,0.5000,3.00,14.80
137868,-0.78,2.34,2.10,0.00,0.00,0.00,1,13.76,192,706,0.5000,3.00,14.80
137942,-0.78,2.34,2.10,0.00,0.00,0.00,1,13.68,192,704,0.5000,3.00,14.70
138018,-0.78,2.34,2.10,0.00,0.00,0.00,1,13.84,192,707,0.5000,3.00,14.80
138093,0.00,2.34,2.10,0.00,0.00,0.00,1,13.76,192,712,0.5000,3.00,14.80
138168,0.00,2.34,2.10,0.00,0.00,0.00,1,13.68,192,702,0.5000,2.98,14.80
138242,0.00,2.34,2.10,0.00,0.00,0.00,1,13.76,192,710,0.5000,3.00,15.00
138318,0.00,2.34,2.10,0.00,0.00,0.00,1,13.76,192,714,0.5000,3.00,14.80
138393,0.00,2.34,2.10,0.00,0.00,0.00,1,13.84,192,714,0.5000,3.00,14.80
138468,0.00,2.34,2.10,0.00,0.00,0.00,1,13.68,192,704,0.5000,2.98,14.80
138543,0.00,2.34,2.10,0.00,0.00,0.00,1,13.84,192,702,0.5000,3.02,14.90
138618,0.00,2.34,2.10,0.00,0.00,0.00,1,13.76,192,711,0.5000,3.02,14.80
138693,0.00,2.34,2.10,0.00,0.00,0.00,1,13.76,192,696,0.5000,3.02,14.90
138768,0.00,2.34,2.10,0.00,0.00,0.00,1,13.76,192,706,0.5000,3.02,14.90
138843,0.00,2.34,2.10,0.00,0.00,0.00,1,13.76,192,718,0.5000,3.02,14.80
138918,0.00,2.34,2.10,0.00,0.00,0.00,1,13.68,192,721,0.5000,3.00,14.80
138992,0.00,2.34,2.10,0.00,0.00,0.00,1,13.76,192,706,0.5000,3.00,14.80
139068,0.00,2.34,2.10,0.00,0.00,0.00,1,13.76,192,703,0.5000,3.02,14.80
139143,0.00,2.34,2.10,0.00,0.00,0.00,1,13.76,192,712,0.5000,3.02,15.00
139218,0.00,2.34,2.10,0.00,0.00,0.00,1,13.68,192,712,0.5000,3.00,14.80
139293,0.00,2.34,2.10,0.00,0.00,0.00,1,13.76,192,717,0.5000,3.02,14.70
139368,0.00,2.34,2.10,0.00,0.00,0.00,1,13.84,192,720,0.5000,3.02,14.70
139443,0.00,2.34,2.10,0.00,0.00,0.00,1,13.76,192,731,0.5000,3.00,14.80
139518,0.00,2.34,2.10,0.00,0.00,0.00,1,13.76,192,724,0.5000,3.00,14.70
139593,-0.78,2.34,2.10,0.00,0.00,0.00,1,13.68,192,727,0.5000,3.00,14.80
139668,0.00,2.34,2.10,0.00,0.00,0.00,1,13.76,192,732,0.5000,3.02,14.80
139743,-0.78,2.34,2.10,0.00,0.00,0.00,1,13.84,192,726,0.5000,3.02,14.70
139818,-0.78,2.34,2.10,0.00,0.00,0.00,1,13.84,192,722,0.5000,3.02,14.70
139893,-0.78,2.34,2.10,0.00,0.00,0.00,1,13.84,192,719,0.5000,3.02,14.70
139968,-0.78,2.34,2.10,0.00,0.00,0.00,1,13.76,192,715,0.5000,3.02,14.70
140043,-0.78,2.34,2.10,0.00,0.00,0.00,1,13.76,192,707,0.5000,3.02,14.70
140118,-0.78,2.34,2.10,0.00,0.00,0.00,1,13.84,192,719,0.5000,3.02,14.60
140192,-0.78,2.34,2.10,0.00,0.00,0.00,1,13.84,192,714,0.5000,3.02,14.70
140268,-0.78,2.34,2.10,0.00,0.00,0.00,1,13.68,192,704,0.5000,3.02,14.70
140343,-0.78,2.34,2.10,0.00,0.00,0.00,1,13.68,192,703,0.5000,3.02,14.70
140417,-0.78,2.34,2.10,0.00,0.00,0.00,1,13.84,192,705,0.5000,3.02,14.70
140493,-0.78,2.34,2.10,0.00,0.00,0.00,1,13.76,192,700,0.5000,3.02,14.70
140568,-0.78,2.34,2.10,0.00,0.00,0.00,1,13.84,192,696,0.5000,3.00,14.70
140643,-0.78,2.34,2.10,0.00,0.00,0.00,1,13.68,192,691,0.5000,3.00,14.70
140718,-0.78,2.34,2.10,0.00,0.00,0.00,1,13.84,192,685,0.5000,3.00,14.70
140793,-0.78,2.34,2.10,0.00,0.00,0.00,1,13.84,192,699,0.5000,3.00,14.70
140868,-0.78,2.34,2.10,0.00,0.00,0.00,1,13.76,192,699,0.5000,2.98,14.70
140942,-0.78,2.34,2.10,0.00,0.00,0.00,1,13.76,192,696,0.5000,2.98,14.70
141019,-0.78,2.34,2.10,0.00,0.00,0.00,1,13.84,192,690,0.5000,2.98,14.80
141093,-0.78,2.34,2.10,0.00,0.00,0.00,1,13.76,192,684,0.5000,2.98,14.70
141168,-0.78,2.34,2.10,0.00,0.00,0.00,1,13.76,192,688,0.5000,2.98,14.70
141243,-0.78,2.34,2.10,0.00,0.00,0.00,1,13.84,192,673,0.5000,2.98,14.70
141318,-0.78,2.34,2.10,0.00,0.00,0.00,1,13.84,192,686,0.5000,2.98,14.70
141393,-0.78,2.34,2.10,0.00,0.00,0.00,1,13.68,192,695,0.5000,2.98,14.70
141468,-0.78,2.34,2.10,0.00,0.00,0.00,1,13.68,192,698,0.5000,2.98,14.70
141543,-0.78,2.34,2.10,0.00,0.00,0.00,1,13.76,192,702,0.5000,2.98,14.70
141618,-0.78,2.34,2.10,0.00,0.00,0.00,1,13.84,192,704,0.5000,2.98,14.70
141693,-0.78,2.34,2.10,0.00,0.00,0.00,1,13.68,192,710,0.5000,2.98,14.70
141768,-0.78,2.34,2.10,0.00,0.00,0.00,1,13.68,192,697,0.5000,2.98,14.70
141843,-0.78,2.34,2.10,0.00,0.00,0.00,1,13.84,192,711,0.5000,2.98,14.70
141919,-0.78,2.34,2.10,0.00,0.00,0.00,1,13.84,192,706,0.5000,2.98,14.80
141993,-0.78,2.34,2.10,0.00,0.00,0.00,1,13.76,192,721,0.5000,2.98,14.80
142068,-0.78,2.34,2.10,0.00,0.00,0.00,1,13.68,192,712,0.5000,2.98,14.80
142143,-0.78,2.34,2.10,0.00,0.00,0.00,1,13.76,192,715,0.5000,2.98,14.80
142218,-0.78,2.34,2.10,0.00,0.00,0.00,1,13.84,192,707,0.5000,2.98,14.80
142293,-0.78,2.34,2.10,0.00,0.00,0.00,1,13.76,192,697,0.5000,2.98,14.80
142368,-0.78,2.34,2.10,0.00,0.00,0.00,1,13.76,192,696,0.5000,2.98,14.80
142443,-0.78,2.34,2.10,0.00,0.00,0.00,1,13.68,192,708,0.5000,2.98,14.70
142518,-0.78,2.34,2.10,0.00,0.00,0.00,1,13.84,192,720,0.5000,2.98,14.80
142593,-0.78,2.34,2.10,0.00,0.00,0.00,1,13.84,192,717,0.5000,2.98,14.80
142668,-0.78,2.34,2.10,0.00,0.00,0.00,1,13.68,192,720,0.5000,2.98,14.80
142743,-0.78,2.34,2.10,0.00,0.00,0.00,1,13.68,192,715,0.5000,3.00,15.00
142818,-0.78,2.34,2.10,0.00,0.00,0.00,1,13.68,192,710,0.5000,2.98,14.80
142893,-0.78,2.34,2.10,0.00,0.00,0.00,1,13.84,192,702,0.5000,2.98,14.80
142968,0.00,2.34,2.10,0.00,0.00,0.00,1,13.84,192,702,0.5000,2.98,14.80
143043,0.00,2.34,2.10,0.00,0.00,0.00,1,13.76,192,715,0.5000,2.98,14.70
143118,0.00,2.34,2.10,0.00,0.00,0.00,1,13.76,192,703,0.5000,2.98,14.80
143194,0.00,2.34,2.10,0.00,0.00,0.00,1,13.84,192,696,0.5000,2.98,14.80
143268,0.00,2.34,2.10,0.00,0.00,0.00,1,13.84,192,702,0.5000,3.00,14.80
143343,0.00,2.34,2.10,0.00,0.00,0.00,1,13.68,192,716,0.5000,3.02,14.80
143418,0.00,2.34,2.10,0.00,0.00,0.00,1,13.76,192,709,0.5000,3.00,14.80
143494,0.00,2.34,2.10,0.00,0.00,0.00,1,13.76,192,705,0.5000,3.00,14.90
143568,0.00,2.34,2.10,0.00,0.00,0.00,1,13.76,192,710,0.5000,3.02,14.90
143643,0.00,2.34,2.10,0.00,0.00,0.00,1,13.84,192,708,0.5000,3.02,14.90
143719,0.00,2.34,2.10,0.00,0.00,0.00,1,13.76,192,712,0.5000,3.02,14.90
143794,0.00,2.34,2.10,0.00,0.00,0.00,1,13.68,192,713,0.5000,3.02,15.10
143868,0.00,2.34,2.10,0.00,0.00,0.00,1,13.60,192,714,0.5000,2.98,15.10
143944,0.00,2.34,2.10,0.00,0.00,0.00,1,13.84,192,716,0.5000,3.00,14.80
144018,0.00,2.34,2.10,0.00,0.00,0.00,1,13.84,192,720,0.5000,3.02,14.80
144093,0.00,2.34,2.10,0.00,0.00,0.00,1,13.68,192,724,0.5000,3.00,14.80
144168,0.00,2.34,2.10,0.00,0.00,0.00,1,13.84,192,727,0.5000,3.00,14.80
144244,0.00,2.34,2.10,0.00,0.00,0.00,1,13.76,192,721,0.5000,3.00,14.80
144318,0.00,2.34,2.10,0.00,0.00,0.00,1,13.84,192,712,0.5000,3.02,14.80
144394,0.00,2.34,2.10,0.00,0.00,0.00,1,13.84,192,712,0.5000,3.02,14.80
144469,0.00,2.34,2.10,0.00,0.00,0.00,1,13.76,192,710,0.5000,3.02,14.80
144543,0.00,2.34,2.10,0.00,0.00,0.00,1,13.76,192,708,0.5000,3.02,14.80
144619,0.00,2.34,2.10,0.00,0.00,0.00,1,13.84,192,716,0.5000,3.02,14.70
144694,0.00,2.34,2.10,0.00,0.00,0.00,1,13.76,192,727,0.5000,3.02,14.80
144768,0.00,2.34,2.10,0.00,0.00,0.00,1,13.76,192,717,0.5000,3.00,14.80
144844,0.00,2.34,2.10,0.00,0.00,0.00,1,13.68,192,719,0.5000,3.02,14.70
144919,0.00,2.34,2.10,0.00,0.00,0.00,1,13.84,192,709,0.5000,3.00,14.70
144994,0.00,2.34,2.10,0.00,0.00,0.00,1,13.76,192,699,0.5000,3.02,14.70
145069,0.00,2.34,2.10,0.00,0.00,0.00,1,13.76,192,692,0.5000,3.02,14.70
145144,0.00,2.34,2.10,0.00,0.00,0.00,1,13.76,192,696,0.5000,3.00,14.70
145219,0.00,2.34,2.10,0.00,0.00,0.00,1,13.84,192,702,0.5000,3.00,14.70
145294,-0.78,2.34,2.10,0.00,0.00,0.00,1,13.84,192,703,0.5000,3.00,14.70
145369,-0.78,2.34,2.10,0.00,0.00,0.00,1,13.68,192,710,0.5000,2.98,14.70
145444,-0.78,2.34,2.10,0.00,0.00,0.00,1,13.76,192,702,0.5000,2.98,14.70
145519,-0.78,2.34,2.10,0.00,0.00,0.00,1,13.76,192,709,0.5000,2.98,14.70
145594,-0.78,2.34,2.10,0.00,0.00,0.00,1,13.84,192,709,0.5000,2.98,14.70
145669,-0.78,2.34,2.10,0.00,0.00,0.00,1,13.68,192,704,0.5000,3.00,14.70
145744,-0.78,2.34,2.10,0.00,0.00,0.00,1,13.76,192,708,0.5000,3.02,14.60
145819,-0.78,2.34,2.10,0.00,0.00,0.00,1,13.76,192,709,0.5000,3.00,14.70
145893,-0.78,2.34,2.10,0.00,0.00,0.00,1,13.76,192,712,0.5000,2.98,14.70
145969,-0.78,2.34,2.10,0.00,0.00,0.00,1,13.76,192,713,0.5000,3.00,14.70
146044,-0.78,2.34,2.10,0.00,0.00,0.00,1,13.76,192,712,0.5000,3.00,14.70
146119,-0.78,2.34,2.10,0.00,0.00,0.00,1,13.68,192,708,0.5000,2.98,14.70
146194,-0.78,2.34,2.10,0.00,0.00,0.00,1,13.76,192,711,0.5000,2.98,14.70
146269,-0.78,2.34,2.10,0.00,0.00,0.00,1,13.84,192,711,0.5000,2.98,14.70
146344,-0.78,2.34,2.10,0.00,0.00,0.00,1,13.84,192,704,0.5000,2.98,14.70
146419,-0.78,2.34,2.10,0.00,0.00,0.00,1,13.68,192,710,0.5000,2.98,14.60
146494,-0.78,2.34,2.10,0.00,0.00,0.00,1,13.76,192,709,0.5000,2.98,14.70
146569,-0.78,2.34,2.10,0.00,0.00,0.00,1,13.84,192,715,0.5000,2.98,14.70
146644,-0.78,2.34,2.10,0.00,0.00,0.00,1,13.76,192,718,0.5000,2.98,14.60
146719,-0.78,2.34,2.10,0.00,0.00,0.00,1,13.76,192,712,0.5000,2.98,14.60
146794,-0.78,2.34,2.10,0.00,0.00,0.00,1,13.68,192,698,0.5000,2.98,14.80
146869,-0.78,2.34,2.10,0.00,0.00,0.00,1,13.84,192,702,0.5000,3.00,14.80
146944,-0.78,2.34,2.10,0.00,0.00,0.00,1,13.84,192,696,0.5000,3.00,14.80
147019,-0.78,2.34,2.10,0.00,0.00,0.00,1,13.68,192,700,0.5000,2.98,14.90
147094,-0.78,2.34,2.10,0.00,0.00,0.00,1,13.76,192,704,0.5000,2.98,14.80
147168,-0.78,2.34,2.10,0.00,0.00,0.00,1,13.84,192,699,0.5000,2.98,14.80
147244,-0.78,2.34,2.10,0.00,0.00,0.00,1,13.84,192,708,0.5000,2.98,14.70
147319,-0.78,2.34,2.10,0.00,0.00,0.00,1,13.76,192,700,0.5000,3.00,14.70
147394,-0.78,2.34,2.10,0.00,0.00,0.00,1,13.76,192,703,0.5000,3.00,14.80
147469,-0.78,2.34,2.10,0.00,0.00,0.00,1,13.84,192,706,0.5000,2.98,14.80
147543,-0.78,2.34,2.10,0.00,0.00,0.00,1,13.76,192,698,0.5000,3.00,14.80
147619,-0.78,2.34,2.10,0.00,0.00,0.00,1,13.84,192,706,0.5000,2.98,14.80
147694,-0.78,2.34,2.10,0.00,0.00,0.00,1,13.76,192,706,0.5000,2.98,14.80
147769,-0.78,2.34,2.10,0.00,0.00,0.00,1,13.84,192,705,0.5000,2.98,14.80
147844,-0.78,2.34,2.10,0.00,0.00,0.00,1,13.84,192,704,0.5000,2.98,14.80
147919,-0.78,2.34,2.10,0.00,0.00,0.00,1,13.84,192,718,0.5000,2.98,14.90
147994,-0.78,2.34,2.10,0.00,0.00,0.00,1,13.68,192,715,0.5000,2.98,14.80
148069,0.00,2.34,2.10,0.00,0.00,0.00,1,13.76,192,722,0.5000,3.00,14.80
148144,0.00,2.34,2.10,0.00,0.00,0.00,1,13.76,192,717,0.5000,2.98,14.90
148218,0.00,2.34,2.10,0.00,0.00,0.00,1,13.84,192,715,0.5000,2.98,14.90
148294,-0.78,2.34,2.10,0.00,0.00,0.00,1,13.68,192,715,0.5000,2.98,14.90
148369,-0.78,2.34,2.10,0.00,0.00,0.00,1,13.84,192,717,0.5000,3.02,14.90
148444,0.00,2.34,2.10,0.00,0.00,0.00,1,13.68,192,729,0.5000,3.02,14.90
148519,0.00,2.34,2.10,0.00,0.00,0.00,1,13.84,192,719,0.5000,3.02,15.00
148593,0.00,2.34,2.10,0.00,0.00,0.00,1,13.76,192,717,0.5000,2.98,14.90
148669,0.00,2.34,2.10,0.00,0.00,0.00,1,13.76,192,712,0.5000,2.98,14.90
148744,0.00,2.34,2.10,0.00,0.00,0.00,1,13.84,192,714,0.5000,3.00,14.80
148819,0.00,2.34,2.10,0.00,0.00,0.00,1,13.76,192,718,0.5000,3.02,14.90
148893,0.00,2.34,2.10,0.00,0.00,0.00,1,13.84,192,716,0.5000,3.02,14.90
148969,0.00,2.34,2.10,0.00,0.00,0.00,1,13.76,192,708,0.5000,3.00,14.90
149043,0.00,2.34,2.10,0.00,0.00,0.00,1,13.76,192,710,0.5000,3.00,14.80
149119,0.00,2.34,2.10,0.00,0.00,0.00,1,13.76,192,704,0.5000,3.02,15.00
149194,0.00,2.34,2.10,0.00,0.00,0.00,1,13.76,192,704,0.5000,3.00,14.70
149269,0.00,2.34,2.10,0.00,0.00,0.00,1,13.84,192,709,0.5000,3.02,14.70
149344,0.00,2.34,2.10,0.00,0.00,0.00,1,13.76,192,702,0.5000,3.00,14.80
149419,0.00,2.34,2.10,0.00,0.00,0.00,1,13.76,192,706,0.5000,3.02,14.80
