Time (msec),A/F Correction #1 (%),A/F Learning #1 (%),A/F Learning Airflow Range (Current)* (offset),Atmospheric Pressure (psi),Battery Voltage (V),CL/OL Fueling* (status),Closed Loop Fueling Target (4-byte)* (estimated AFR),Coolant Temperature (F),Engine Load (4-Byte)* (g/rev),Engine Load (Calculated) (g/rev),Engine Speed (rpm),Feedback Knock Correction (4-byte)* (degrees),Final Fueling Base (4-byte)* (lambda),Gear (Calculated)* (position),IAM (4-byte)* (multiplier),Ignition Total Timing (degrees),Intake Air Temperature (F),Intake VVT Advance Angle Right (degrees),Knock Correction Advance (degrees),Knock Sum* (count),Manifold Absolute Pressure (psi),Mass Airflow (g/s),Throttle Opening Angle (%),AEM UEGO Wideband [9600 baud] (AFR Gasoline)
0,3.12,0.00,2,14.51,14.00,8,14.62,106,0.37,0.37,1489,0.00,0.97,0,0.5000,17.00,86,4,0.00,0,7.98,9.24,9.02,14.50
103,2.34,0.00,2,14.51,14.00,8,14.62,106,0.37,0.37,1508,0.00,0.97,0,0.5000,16.50,86,4,0.00,0,7.98,9.29,9.02,14.50
207,2.34,0.00,2,14.51,14.00,8,14.62,106,0.37,0.36,1493,0.00,0.97,0,0.5000,17.00,86,4,0.00,0,7.98,8.95,9.02,14.50
312,2.34,0.00,2,14.51,14.00,8,14.62,106,0.37,0.36,1508,0.00,0.97,0,0.5000,16.50,86,4,0.00,0,7.98,9.05,8.63,14.40
416,2.34,0.00,2,14.51,14.08,8,14.62,106,0.37,0.36,1500,0.00,0.97,0,0.5000,17.00,86,4,0.00,0,7.98,9.05,8.63,14.40
519,2.34,0.00,2,14.51,14.00,8,14.62,106,0.36,0.35,1507,0.00,0.97,0,0.5000,16.50,86,4,0.00,0,7.98,8.90,8.63,14.40
623,2.34,0.00,2,14.51,14.00,8,14.62,106,0.36,0.36,1508,0.00,0.97,0,0.5000,17.00,86,4,0.00,0,7.84,8.85,8.63,14.40
728,1.56,0.00,2,14.51,14.00,8,14.62,106,0.36,0.37,1481,0.00,0.97,0,0.5000,17.00,86,4,0.00,0,7.98,9.34,8.63,14.50
832,1.56,0.00,2,14.51,14.00,8,14.62,106,0.37,0.36,1501,0.00,0.97,0,0.5000,16.50,86,4,0.00,0,7.98,9.15,8.63,14.50
935,1.56,0.00,2,14.51,14.00,8,14.62,106,0.37,0.36,1501,0.00,0.97,0,0.5000,16.00,86,4,0.00,0,7.84,9.15,8.63,14.50
1040,1.56,0.00,2,14.51,13.92,8,14.62,106,0.36,0.37,1515,0.00,0.97,0,0.5000,16.50,86,4,0.00,0,7.84,9.14,8.63,14.50
1143,1.56,0.00,2,14.51,14.08,8,14.62,106,0.37,0.35,1520,0.00,0.97,0,0.5000,16.50,86,4,0.00,0,7.84,8.95,8.63,14.60
1248,1.56,0.00,2,14.51,14.08,8,14.62,106,0.36,0.36,1518,0.00,0.97,0,0.5000,16.50,86,4,0.00,0,7.84,9.15,8.63,14.50
1352,1.56,0.00,2,14.51,14.00,8,14.62,108,0.36,0.36,1524,0.00,0.97,0,0.5000,16.50,86,4,0.00,0,7.84,9.05,8.63,14.40
1456,1.56,0.00,2,14.51,14.08,8,14.62,108,0.36,0.36,1517,0.00,0.97,0,0.5000,16.50,86,4,0.00,0,7.84,9.00,8.63,14.50
1560,1.56,0.00,2,14.51,14.00,8,14.62,108,0.36,0.36,1508,0.00,0.97,0,0.5000,17.00,86,4,0.00,0,7.84,9.05,8.63,14.50
1664,1.56,0.00,2,14.51,14.00,8,14.62,108,0.36,0.36,1514,0.00,0.97,0,0.5000,17.00,86,4,0.00,0,7.84,9.00,8.63,14.40
1769,1.56,0.00,2,14.51,14.00,8,14.62,108,0.36,0.36,1502,0.00,0.97,0,0.5000,16.50,86,4,0.00,0,7.84,8.85,8.63,14.50
1873,0.78,0.00,2,14.51,14.00,8,14.62,108,0.36,0.34,1522,0.00,0.97,0,0.5000,16.50,86,4,0.00,0,7.84,8.75,8.63,14.50
1977,0.78,0.00,2,14.51,14.00,8,14.62,108,0.35,0.35,1525,0.00,0.97,0,0.5000,16.50,86,4,0.00,0,7.69,8.90,8.63,14.50
2081,0.78,0.00,2,14.51,14.08,8,14.62,108,0.35,0.36,1498,0.00,0.97,0,0.5000,17.00,86,4,0.00,0,7.69,8.80,8.63,14.50
2185,0.78,0.00,2,14.51,13.92,8,14.62,108,0.35,0.36,1496,0.00,0.97,0,0.5000,18.00,86,4,0.00,0,7.69,9.05,8.63,14.50
2289,0.78,0.00,2,14.51,14.08,8,14.62,108,0.36,0.36,1470,0.00,0.97,0,0.5000,17.00,86,4,0.00,0,7.84,8.95,8.63,14.60
2392,1.56,0.00,2,14.51,14.00,8,14.62,108,0.36,0.36,1491,0.00,0.97,0,0.5000,17.00,86,4,0.00,0,7.84,8.75,8.63,14.60
2497,1.56,0.00,2,14.51,14.08,8,14.62,108,0.36,0.36,1482,0.00,0.97,0,0.5000,17.00,86,4,0.00,0,7.84,8.90,8.63,14.60
2601,1.56,0.00,2,14.51,14.08,8,14.62,108,0.36,0.35,1475,0.00,0.97,0,0.5000,18.00,86,4,0.00,0,7.84,8.70,8.63,14.60
2706,1.56,0.00,2,14.51,14.00,8,14.62,108,0.36,0.35,1416,0.00,0.97,0,0.5000,17.00,86,4,0.00,0,7.84,8.60,8.63,14.60
2811,1.56,0.00,2,14.51,14.08,8,14.62,108,0.36,0.35,1466,0.00,0.97,0,0.5000,17.00,86,4,0.00,0,7.84,8.60,8.63,14.70
2915,1.56,0.00,2,14.51,14.00,8,14.62,108,0.36,0.35,1475,0.00,0.97,0,0.5000,17.00,86,4,0.00,0,7.84,8.65,8.63,14.70
3019,1.56,0.00,2,14.51,13.92,8,14.62,108,0.36,0.36,1474,0.00,0.97,0,0.5000,17.00,86,4,0.00,0,7.84,8.75,8.63,14.70
3123,1.56,0.00,2,14.51,14.08,8,14.62,108,0.36,0.36,1472,0.00,0.97,0,0.5000,17.00,86,4,0.00,0,7.84,8.85,8.63,14.70
3227,1.56,0.00,2,14.51,14.00,8,14.62,108,0.36,0.36,1468,0.00,0.97,0,0.5000,17.00,86,4,0.00,0,7.84,8.85,8.63,14.70
3330,1.56,0.00,2,14.51,14.00,8,14.62,108,0.36,0.35,1472,0.00,0.97,0,0.5000,17.00,86,4,0.00,0,7.84,8.55,8.63,14.60
3435,1.56,0.00,2,14.51,14.00,8,14.62,108,0.35,0.36,1494,0.00,0.97,0,0.5000,16.50,86,4,0.00,0,7.84,8.85,8.63,14.80
3539,1.56,0.00,2,14.51,13.84,8,14.62,108,0.36,0.34,1475,0.00,0.97,0,0.5000,17.00,86,4,0.00,0,7.84,8.45,8.63,14.60
3643,1.56,0.00,2,14.51,14.00,8,14.62,108,0.35,0.34,1486,0.00,0.97,0,0.5000,17.00,86,4,0.00,0,7.84,8.65,8.63,14.60
3747,1.56,0.00,2,14.51,14.00,8,14.62,108,0.35,0.36,1472,0.00,0.97,0,0.5000,17.00,86,4,0.00,0,7.84,8.75,8.63,14.60
3850,1.56,0.00,2,14.51,13.92,8,14.62,108,0.35,0.36,1477,0.00,0.97,0,0.5000,17.00,86,4,0.00,0,7.84,8.75,8.63,14.60
3955,1.56,0.00,2,14.51,14.00,8,14.62,108,0.36,0.34,1471,0.00,0.97,0,0.5000,17.00,86,4,0.00,0,7.84,8.55,8.63,14.50
4059,1.56,0.00,2,14.51,14.00,8,14.62,108,0.35,0.35,1478,0.00,0.97,0,0.5000,17.00,86,4,0.00,0,7.84,8.50,8.63,14.70
4163,1.56,0.00,2,14.51,14.08,8,14.62,108,0.35,0.36,1420,0.00,0.97,0,0.5000,17.00,86,4,0.00,0,7.84,8.75,8.63,14.70
4267,1.56,0.00,2,14.51,14.08,8,14.62,108,0.35,0.36,1522,0.00,0.97,0,0.5000,17.00,86,4,0.00,0,7.84,8.55,8.63,14.70
4371,1.56,0.00,2,14.51,14.00,8,14.62,108,0.35,0.36,1471,0.00,0.97,0,0.5000,17.00,86,4,0.00,0,7.84,8.75,8.63,14.70
4475,1.56,0.00,2,14.51,14.00,8,14.62,108,0.35,0.36,1471,0.00,0.97,0,0.5000,17.00,86,4,0.00,0,7.84,8.85,8.63,14.90
4579,1.56,0.00,2,14.51,14.00,8,14.62,108,0.36,0.35,1482,0.00,0.97,0,0.5000,17.00,86,4,0.00,0,7.84,8.80,8.63,14.70
4683,1.56,0.00,2,14.51,14.00,8,14.62,108,0.36,0.36,1470,0.00,0.97,0,0.5000,17.00,86,4,0.00,0,7.84,8.95,8.24,14.80
4787,1.56,0.00,2,14.51,14.00,8,14.62,108,0.36,0.35,1479,0.00,0.97,0,0.5000,17.00,86,4,0.00,0,7.69,8.60,8.63,14.50
4891,1.56,0.00,2,14.51,14.00,8,14.62,108,0.35,0.36,1476,0.00,0.97,0,0.5000,17.00,86,4,0.00,0,7.84,8.65,8.24,14.50
4995,1.56,0.00,2,14.51,14.08,8,14.62,108,0.35,0.34,1479,0.00,0.97,0,0.5000,17.00,86,4,0.00,0,7.69,8.50,8.63,14.60
5100,1.56,0.00,2,14.51,14.00,8,14.62,108,0.35,0.34,1490,0.00,0.97,0,0.5000,16.50,86,4,0.00,0,7.69,8.50,8.24,14.50
5203,1.56,0.00,2,14.51,14.00,8,14.62,108,0.35,0.35,1450,0.00,0.97,0,0.5000,17.50,86,4,0.00,0,7.69,8.55,8.24,14.50
5307,1.56,0.00,2,14.51,14.08,8,14.62,108,0.35,0.36,1460,0.00,0.97,0,0.5000,17.00,86,4,0.00,0,7.84,8.65,8.24,14.60
5411,1.56,0.00,2,14.51,14.00,8,14.62,109,0.35,0.36,1448,0.00,0.97,0,0.5000,17.00,86,4,0.00,0,7.84,8.50,8.24,14.60
5515,1.56,0.00,2,14.51,14.00,8,14.62,109,0.35,0.36,1449,0.00,0.97,0,0.5000,17.00,86,4,0.00,0,7.84,8.65,8.24,14.60
5619,1.56,0.00,2,14.51,13.92,8,14.62,109,0.36,0.35,1438,0.00,0.97,0,0.5000,17.50,86,4,0.00,0,7.84,8.50,8.24,14.60
5723,1.56,0.00,2,14.51,13.92,8,14.62,109,0.35,0.35,1462,0.00,0.97,0,0.5000,17.00,86,4,0.00,0,7.84,8.50,8.24,14.50
5827,1.56,0.00,2,14.51,14.08,8,14.62,109,0.35,0.35,1452,0.00,0.97,0,0.5000,17.00,86,4,0.00,0,7.84,8.50,8.24,14.60
5931,1.56,0.00,2,14.51,14.00,8,14.62,109,0.35,0.35,1438,0.00,0.97,0,0.5000,17.50,86,4,0.00,0,7.84,8.50,8.24,14.60
6035,1.56,0.00,2,14.51,14.00,8,14.62,109,0.35,0.35,1428,0.00,0.97,0,0.5000,18.00,86,4,0.00,0,7.84,8.35,8.24,14.60
6139,1.56,0.00,2,14.51,14.00,8,14.62,109,0.35,0.37,1432,0.00,0.97,0,0.5000,17.00,86,4,0.00,0,7.84,8.60,8.24,14.50
6243,1.56,0.00,2,14.51,14.00,8,14.62,109,0.36,0.36,1421,0.00,0.97,0,0.5000,17.50,86,4,0.00,0,7.84,8.65,8.24,14.70
6347,1.56,0.00,2,14.51,14.08,8,14.63,109,0.36,0.36,1438,0.00,0.97,0,0.5000,17.00,86,4,0.00,0,7.84,8.75,8.24,14.80
6451,1.56,0.00,2,14.51,14.08,8,14.62,109,0.36,0.36,1422,0.00,0.97,0,0.5000,17.00,86,4,0.00,0,7.98,8.55,8.24,14.70
6555,2.34,0.00,2,14.51,14.08,8,14.62,109,0.36,0.36,1438,0.00,0.97,0,0.5000,17.00,86,4,0.00,0,7.98,8.75,8.63,14.80
6659,2.34,0.00,2,14.51,14.00,8,14.62,109,0.36,0.36,1429,0.00,0.97,0,0.5000,17.00,86,4,0.00,0,7.98,8.50,8.63,14.80
6763,2.34,0.00,2,14.51,14.00,8,14.62,109,0.36,0.36,1442,0.00,0.97,0,0.5000,17.00,86,4,0.00,0,7.98,8.50,8.63,14.70
6867,2.34,0.00,2,14.51,14.00,8,14.62,109,0.36,0.36,1436,0.00,0.97,0,0.5000,17.00,86,4,0.00,0,7.98,8.70,8.63,14.80
6971,2.34,0.00,2,14.51,14.08,8,14.62,109,0.36,0.36,1455,0.00,0.97,0,0.5000,16.50,86,4,0.00,0,7.98,8.60,8.63,14.70
7075,2.34,0.00,2,14.51,14.00,8,14.62,109,0.36,0.35,1458,0.00,0.97,0,0.5000,16.50,86,4,0.00,0,7.84,8.60,8.63,14.70
7179,2.34,0.00,2,14.51,14.00,8,14.62,109,0.35,0.35,1458,0.00,0.97,0,0.5000,16.50,86,4,0.00,0,7.84,8.45,8.24,14.60
7283,2.34,0.00,2,14.51,14.00,8,14.62,109,0.35,0.36,1444,0.00,0.97,0,0.5000,17.00,86,4,0.00,0,7.84,8.55,8.63,14.80
7387,2.34,0.00,2,14.51,14.00,8,14.62,109,0.36,0.37,1436,0.00,0.97,0,0.5000,17.00,86,4,0.00,0,7.98,8.65,8.24,14.80
7491,2.34,0.00,2,14.51,14.00,8,14.62,109,0.36,0.36,1430,0.00,0.97,0,0.5000,17.00,86,4,0.00,0,7.98,8.65,8.24,14.80
7595,2.34,0.00,2,14.51,14.00,8,14.62,109,0.36,0.36,1442,0.00,0.97,0,0.5000,17.00,86,4,0.00,0,7.98,8.55,8.24,14.80
7699,2.34,0.00,2,14.51,14.08,8,14.62,109,0.36,0.37,1419,0.00,0.97,0,0.5000,17.00,86,4,0.00,0,7.98,8.70,8.63,14.80
7803,2.34,0.00,2,14.51,13.92,8,14.63,109,0.36,0.37,1418,0.00,0.97,0,0.5000,17.50,86,4,0.00,0,7.98,8.65,8.24,14.70
7908,3.12,0.00,2,14.51,14.00,8,14.62,109,0.37,0.35,1425,0.00,0.97,0,0.5000,17.00,86,4,0.00,0,7.98,8.60,8.63,14.70
8011,3.12,0.00,2,14.51,14.08,8,14.62,109,0.36,0.36,1430,0.00,0.97,0,0.5000,16.50,86,4,0.00,0,7.98,8.60,8.24,14.80
8115,3.12,0.00,2,14.51,14.00,8,14.62,109,0.36,0.36,1450,0.00,0.97,0,0.5000,17.00,86,4,0.00,0,7.98,8.85,8.63,14.70
8219,3.12,0.00,2,14.51,14.08,8,14.62,109,0.36,0.36,1431,0.00,0.97,0,0.5000,16.50,86,4,0.00,0,7.98,8.55,8.24,14.70
8323,3.12,0.00,2,14.51,14.00,8,14.62,109,0.36,0.36,1446,0.00,0.97,0,0.5000,17.00,86,4,0.00,0,7.98,8.45,8.63,14.80
8427,3.12,0.00,2,14.51,14.00,8,14.62,109,0.36,0.35,1440,0.00,0.97,0,0.5000,16.50,86,4,0.00,0,7.98,8.65,8.63,14.80
8531,3.12,0.00,2,14.51,14.08,8,14.62,109,0.36,0.35,1462,0.00,0.97,0,0.5000,16.50,86,4,0.00,0,7.98,8.65,8.63,14.60
8635,3.12,0.00,2,14.51,14.00,8,14.62,109,0.36,0.37,1456,0.00,0.97,0,0.5000,16.50,86,4,0.00,0,7.98,8.80,8.63,14.50
8740,3.12,0.00,2,14.51,14.08,8,14.62,109,0.36,0.36,1454,0.00,0.97,0,0.5000,16.50,86,4,0.00,0,7.84,8.80,8.63,14.50
8843,3.12,0.00,2,14.51,14.08,8,14.62,109,0.36,0.36,1412,0.00,0.97,0,0.5000,16.50,86,4,0.00,0,7.84,8.80,8.63,14.70
8947,3.12,0.00,2,14.51,14.00,8,14.62,109,0.36,0.36,1461,0.00,0.97,0,0.5000,16.50,86,4,0.00,0,7.84,8.70,8.63,14.80
9051,2.34,0.00,2,14.51,14.00,8,14.62,109,0.36,0.34,1471,0.00,0.97,0,0.5000,16.50,86,4,0.00,0,7.84,8.30,8.24,14.60
9155,2.34,0.00,2,14.51,14.00,8,14.62,109,0.35,0.34,1528,0.00,0.97,0,0.5000,16.50,86,4,0.00,0,7.84,8.45,8.24,14.50
9259,2.34,0.00,2,14.51,14.08,8,14.62,109,0.35,0.36,1480,0.00,0.97,0,0.5000,16.50,86,4,0.00,0,7.84,8.75,8.24,14.50
9363,2.34,0.00,2,14.51,14.08,8,14.62,111,0.35,0.35,1467,0.00,0.97,0,0.5000,16.50,86,4,0.00,0,7.84,8.40,8.24,14.60
9467,2.34,0.00,2,14.51,13.92,8,14.62,111,0.35,0.36,1470,0.00,0.97,0,0.5000,17.00,86,4,0.00,0,7.84,8.70,8.24,14.50
9571,2.34,0.00,2,14.51,13.92,8,14.62,111,0.35,0.36,1448,0.00,0.97,0,0.5000,17.00,86,4,0.00,0,7.84,8.65,8.24,14.50
9675,2.34,0.00,2,14.51,14.00,8,14.62,111,0.36,0.35,1466,0.00,0.97,0,0.5000,17.00,88,4,0.00,0,7.84,8.90,8.24,14.60
9779,2.34,0.00,2,14.51,14.00,8,14.62,111,0.36,0.36,1460,0.00,0.97,0,0.5000,16.50,88,4,0.00,0,7.84,8.55,8.24,14.60
9883,2.34,0.00,2,14.51,14.08,8,14.62,111,0.35,0.35,1472,0.00,0.97,0,0.5000,17.00,88,4,0.00,0,7.84,8.60,8.24,14.50
9987,1.56,0.00,2,14.51,14.00,8,14.62,111,0.35,0.35,1471,0.00,0.97,0,0.5000,16.50,88,4,0.00,0,7.69,8.55,8.24,14.60
10091,1.56,0.00,2,14.51,14.00,8,14.62,111,0.35,0.36,1463,0.00,0.97,0,0.5000,17.00,88,4,0.00,0,7.69,8.70,8.24,14.30
10196,1.56,0.00,2,14.51,14.00,8,14.62,111,0.36,0.34,1417,0.00,0.97,0,0.5000,16.50,88,4,0.00,0,7.69,8.25,8.24,14.40
10300,1.56,0.00,2,14.51,14.00,8,14.62,111,0.35,0.34,1474,0.00,0.97,0,0.5000,17.00,88,4,0.00,0,7.69,8.45,8.24,14.40
10403,1.56,0.00,2,14.51,14.00,8,14.62,111,0.35,0.34,1478,0.00,0.97,0,0.5000,17.00,88,4,0.00,0,7.69,8.55,8.24,14.40
10507,0.78,0.00,2,14.51,14.00,8,14.62,111,0.35,0.34,1450,0.00,0.97,0,0.5000,17.00,88,4,0.00,0,7.69,8.35,8.24,14.50
10611,0.78,0.00,2,14.51,14.00,8,14.62,111,0.34,0.34,1463,0.00,0.97,0,0.5000,17.00,88,4,0.00,0,7.69,8.35,8.24,14.50
10716,0.78,0.00,2,14.51,14.08,8,14.62,111,0.34,0.35,1449,0.00,0.97,0,0.5000,17.00,88,4,0.00,0,7.69,8.50,8.24,14.50
10820,0.78,0.00,2,14.51,14.00,8,14.62,111,0.35,0.35,1452,0.00,0.97,0,0.5000,17.00,88,4,0.00,0,7.69,8.35,8.24,14.50
10923,0.78,0.00,2,14.51,14.08,8,14.62,111,0.35,0.34,1424,0.00,0.97,0,0.5000,18.50,88,4,0.00,0,7.69,8.15,8.24,14.50
11028,0.78,0.00,2,14.51,14.00,8,14.63,111,0.35,0.35,1426,0.00,0.97,0,0.5000,18.00,88,4,0.00,0,7.84,8.35,8.24,14.60
11132,0.78,0.00,2,14.51,13.84,8,14.62,111,0.35,0.35,1413,0.00,0.97,0,0.5000,17.50,88,4,0.00,0,7.84,8.25,8.24,14.50
11236,1.56,0.00,2,14.51,14.08,8,14.63,111,0.35,0.35,1352,0.00,0.97,0,0.5000,17.00,88,4,0.00,0,7.84,8.45,8.24,14.70
11340,1.56,0.00,2,14.51,14.00,8,14.63,111,0.35,0.36,1467,0.00,0.97,0,0.5000,18.50,88,4,0.00,0,7.84,8.45,8.24,14.70
11444,1.56,0.00,2,14.51,14.00,8,14.63,111,0.35,0.36,1425,0.00,0.97,0,0.5000,17.00,88,4,0.00,0,7.84,8.55,8.24,14.80
11547,1.56,0.00,2,14.51,14.08,8,14.62,111,0.36,0.35,1421,0.00,0.97,0,0.5000,17.00,88,4,0.00,0,7.84,8.40,8.24,14.80
11652,1.56,0.00,2,14.51,14.00,8,14.62,111,0.35,0.35,1420,0.00,0.97,0,0.5000,16.50,88,4,0.00,0,7.84,8.35,8.24,14.80
11755,1.56,0.00,2,14.51,14.00,8,14.62,111,0.35,0.35,1448,0.00,0.97,0,0.5000,17.00,88,4,0.00,0,7.84,8.45,8.24,14.80
11859,1.56,0.00,2,14.51,14.00,8,14.62,111,0.35,0.35,1431,0.00,0.97,0,0.5000,16.50,88,4,0.00,0,7.84,8.55,8.24,14.70
11964,1.56,0.00,2,14.51,14.08,8,14.62,111,0.35,0.36,1446,0.00,0.97,0,0.5000,17.00,88,4,0.00,0,7.84,8.55,8.24,14.80
12068,1.56,0.00,2,14.51,14.08,8,14.62,111,0.36,0.36,1426,0.00,0.97,0,0.5000,16.50,88,4,0.00,0,7.84,8.65,8.24,14.60
12172,1.56,0.00,2,14.51,13.92,8,14.63,111,0.36,0.35,1432,0.00,0.97,0,0.5000,17.00,88,4,0.00,0,7.84,8.35,8.24,14.70
12276,1.56,0.00,2,14.51,14.00,8,14.62,111,0.36,0.35,1417,0.00,0.97,0,0.5000,17.00,88,4,0.00,0,7.84,8.50,8.24,14.60
12380,1.56,0.00,2,14.51,13.92,8,14.62,111,0.36,0.35,1434,0.00,0.97,0,0.5000,17.00,88,4,0.00,0,7.84,8.45,8.24,14.50
12483,1.56,0.00,2,14.51,14.00,8,14.62,111,0.35,0.35,1431,0.00,0.97,0,0.5000,17.00,88,4,0.00,0,7.84,8.55,8.24,14.50
12588,1.56,0.00,2,14.51,14.00,8,14.62,111,0.36,0.36,1438,0.00,0.97,0,0.5000,17.00,88,4,0.00,0,7.84,8.45,8.24,14.50
12692,0.78,0.00,2,14.51,14.00,8,14.62,111,0.35,0.36,1431,0.00,0.97,0,0.5000,17.00,88,4,0.00,0,7.84,8.45,8.24,14.50
12795,0.78,0.00,2,14.51,14.00,8,14.62,111,0.36,0.35,1430,0.00,0.97,0,0.5000,16.50,88,4,0.00,0,7.69,8.25,8.24,14.50
12900,0.78,0.00,2,14.51,14.08,8,14.62,111,0.35,0.35,1427,0.00,0.97,0,0.5000,17.00,88,4,0.00,0,7.69,8.25,8.24,14.50
13004,0.78,0.00,2,14.51,14.00,8,14.62,111,0.35,0.36,1448,0.00,0.97,0,0.5000,17.00,88,4,0.00,0,7.69,8.50,8.24,14.50
13108,0.78,0.00,2,14.51,14.08,8,14.62,111,0.35,0.35,1428,0.00,0.97,0,0.5000,17.00,88,4,0.00,0,7.69,8.40,8.24,14.60
13212,0.78,0.00,2,14.51,14.00,8,14.63,111,0.35,0.35,1421,0.00,0.97,0,0.5000,17.00,88,4,0.00,0,7.84,8.25,8.24,14.50
13316,0.78,0.00,2,14.51,13.92,8,14.62,111,0.35,0.35,1419,0.00,0.97,0,0.5000,17.00,88,4,0.00,0,7.69,8.30,8.24,14.50
13420,0.78,0.00,2,14.51,14.08,8,14.63,111,0.35,0.34,1423,0.00,0.97,0,0.5000,17.00,88,4,0.00,0,7.69,8.25,8.24,14.40
13524,0.78,0.00,2,14.51,14.00,8,14.63,113,0.35,0.35,1467,0.00,0.97,0,0.5000,17.00,88,4,0.00,0,7.84,8.40,8.24,14.50
13628,0.78,0.00,2,14.51,14.08,8,14.62,113,0.35,0.36,1424,0.00,0.97,0,0.5000,17.00,88,4,0.00,0,7.84,8.45,8.24,14.50
13732,0.78,0.00,2,14.51,14.00,8,14.63,113,0.36,0.36,1467,0.00,0.97,0,0.5000,17.00,88,4,0.00,0,7.84,8.35,8.24,14.50
13837,0.78,0.00,2,14.51,14.00,8,14.62,113,0.36,0.36,1416,0.00,0.97,0,0.5000,17.00,88,4,0.00,0,7.84,8.25,8.24,14.80
13942,0.78,0.00,2,14.51,14.00,8,14.63,113,0.35,0.35,1432,0.00,0.97,0,0.5000,17.00,88,4,0.00,0,7.69,8.20,8.24,14.70
14045,0.78,0.00,2,14.51,14.08,8,14.62,113,0.35,0.34,1414,0.00,0.97,0,0.5000,16.50,88,4,0.00,0,7.69,8.35,8.24,14.80
14149,0.78,0.00,2,14.51,14.00,8,14.62,113,0.35,0.34,1432,0.00,0.97,0,0.5000,17.00,88,4,0.00,0,7.69,8.35,8.24,14.80
14253,0.78,0.00,2,14.51,14.08,8,14.62,113,0.35,0.35,1420,0.00,0.97,0,0.5000,16.50,88,4,0.00,0,7.69,8.20,8.24,14.60
14357,0.78,0.00,2,14.51,14.08,8,14.63,113,0.35,0.35,1427,0.00,0.97,0,0.5000,17.00,88,4,0.00,0,7.69,8.50,8.24,14.60
14461,0.78,0.00,2,14.51,14.08,8,14.63,113,0.35,0.35,1420,0.00,0.97,0,0.5000,17.00,88,4,0.00,0,7.69,8.40,8.24,14.60
14565,0.78,0.00,2,14.51,14.00,8,14.63,113,0.35,0.36,1423,0.00,0.97,0,0.5000,16.50,88,4,0.00,0,7.69,8.45,8.24,14.60
14669,0.78,0.00,2,14.51,14.00,8,14.62,113,0.35,0.36,1403,0.00,0.97,0,0.5000,17.00,88,4,0.00,0,7.69,8.40,8.24,14.60
14773,0.78,0.00,2,14.51,14.08,8,14.63,113,0.35,0.35,1421,0.00,0.97,0,0.5000,17.00,88,4,0.00,0,7.69,8.05,8.24,14.70
14877,0.78,0.00,2,14.51,14.00,8,14.62,113,0.35,0.34,1412,0.00,0.97,0,0.5000,17.00,88,4,0.00,0,7.69,8.05,8.24,14.70
14982,0.78,0.00,2,14.51,14.00,8,14.63,113,0.34,0.34,1417,0.00,0.97,0,0.5000,17.00,88,4,0.00,0,7.69,8.15,8.24,14.70
15086,0.78,0.00,2,14.51,14.08,8,14.63,113,0.34,0.35,1458,0.00,0.97,0,0.5000,18.00,88,4,0.00,0,7.69,8.15,8.24,14.70
15191,0.78,0.00,2,14.51,14.00,8,14.63,113,0.35,0.35,1386,0.00,0.97,0,0.5000,17.00,88,4,0.00,0,7.84,8.05,8.24,14.60
15294,1.56,0.00,2,14.51,14.00,8,14.63,113,0.35,0.35,1397,0.00,0.97,0,0.5000,17.50,88,4,0.00,0,7.84,8.35,8.24,14.50
15398,1.56,0.00,2,14.51,14.00,8,14.63,113,0.35,0.35,1397,0.00,0.97,0,0.5000,17.00,88,4,0.00,0,7.84,8.30,8.24,14.80
15503,1.56,0.00,2,14.51,14.00,8,14.63,113,0.35,0.36,1396,0.00,0.97,0,0.5000,17.50,88,4,0.00,0,7.84,8.20,8.24,14.80
15606,2.34,0.00,2,14.51,14.08,8,14.63,113,0.36,0.35,1391,0.00,0.97,0,0.5000,17.00,88,4,0.00,0,7.84,8.10,8.24,14.80
15710,2.34,0.00,2,14.51,14.00,8,14.63,113,0.35,0.35,1407,0.00,0.97,0,0.5000,17.00,88,4,0.00,0,7.84,8.25,8.24,14.90
15815,2.34,0.00,2,14.51,14.08,8,14.63,113,0.35,0.35,1392,0.00,0.97,0,0.5000,17.00,88,4,0.00,0,7.84,8.35,8.24,14.80
15918,2.34,0.00,2,14.51,14.08,8,14.63,113,0.35,0.36,1397,0.00,0.97,0,0.5000,17.00,88,4,0.00,0,7.84,8.45,8.24,14.70
16023,2.34,0.00,2,14.51,14.00,8,14.63,113,0.36,0.35,1395,0.00,0.97,0,0.5000,17.00,88,4,0.00,0,7.84,8.15,8.24,14.80
16127,2.34,0.00,2,14.51,14.00,8,14.63,113,0.35,0.35,1395,0.00,0.97,0,0.5000,17.00,88,4,0.00,0,7.84,8.15,8.24,14.80
16230,2.34,0.00,2,14.51,13.92,8,14.63,113,0.35,0.36,1422,0.00,0.97,0,0.5000,16.50,88,4,0.00,0,7.84,8.45,8.24,14.80
16335,2.34,0.00,2,14.51,14.00,8,14.62,113,0.35,0.34,1425,0.00,0.97,0,0.5000,16.00,88,4,0.00,0,7.69,8.30,8.24,14.70
16438,2.34,0.00,2,14.51,14.08,8,14.62,113,0.35,0.35,1423,0.00,0.97,0,0.5000,16.50,88,4,0.00,0,7.69,8.30,8.24,14.70
16543,2.34,0.00,2,14.51,14.08,8,14.63,113,0.35,0.36,1414,0.00,0.97,0,0.5000,16.50,88,4,0.00,0,7.69,8.30,8.24,14.70
16646,2.34,0.00,2,14.51,14.00,8,14.63,113,0.35,0.35,1420,0.00,0.97,0,0.5000,17.00,88,4,0.00,0,7.69,8.35,8.24,14.70
16751,2.34,0.00,2,14.51,14.08,8,14.63,113,0.35,0.35,1419,0.00,0.97,0,0.5000,17.00,88,4,0.00,0,7.69,8.30,8.24,14.50
16855,1.56,0.00,2,14.51,13.92,8,14.63,113,0.35,0.35,1423,0.00,0.97,0,0.5000,17.00,88,4,0.00,0,7.69,8.10,8.24,14.50
16958,1.56,0.00,2,14.51,14.08,8,14.63,113,0.35,0.35,1421,0.00,0.97,0,0.5000,17.00,88,4,0.00,0,7.69,8.20,8.24,14.50
17062,1.56,0.00,2,14.51,14.00,8,14.62,113,0.35,0.36,1408,0.00,0.97,0,0.5000,16.50,88,4,0.00,0,7.69,8.20,8.24,14.50
17167,1.56,0.00,2,14.51,13.92,8,14.63,113,0.35,0.34,1429,0.00,0.97,0,0.5000,16.50,88,4,0.00,0,7.69,8.10,8.24,14.40
17271,1.56,0.00,2,14.51,14.00,8,14.63,113,0.34,0.35,1421,0.00,0.97,0,0.5000,17.00,88,4,0.00,0,7.69,8.35,8.24,14.50
17375,1.56,0.00,2,14.51,14.00,8,14.63,113,0.35,0.35,1418,0.00,0.97,0,0.5000,16.50,88,4,0.00,0,7.69,8.30,8.24,14.40
17479,1.56,0.00,2,14.51,14.00,8,14.63,113,0.35,0.36,1469,0.00,0.97,0,0.5000,17.00,88,4,0.00,0,7.69,8.40,8.24,14.50
17582,1.56,0.00,2,14.51,14.08,8,14.63,113,0.35,0.35,1425,0.00,0.97,0,0.5000,17.00,88,4,0.00,0,7.69,8.35,8.24,14.60
17687,1.56,0.00,2,14.51,14.08,8,14.63,113,0.35,0.35,1469,0.00,0.97,0,0.5000,17.00,88,4,0.00,0,7.69,8.35,8.24,14.70
17791,1.56,0.00,2,14.51,14.08,8,14.62,113,0.35,0.35,1423,0.00,0.97,0,0.5000,16.50,88,4,0.00,0,7.69,8.35,8.24,14.70
17895,1.56,0.00,2,14.51,14.00,8,14.63,115,0.35,0.34,1430,0.00,0.97,0,0.5000,17.00,88,4,0.00,0,7.69,8.25,8.24,14.50
17999,1.56,0.00,2,14.51,14.08,8,14.62,115,0.35,0.34,1409,0.00,0.97,0,0.5000,16.50,88,4,0.00,0,7.69,8.20,8.24,14.50
18103,0.78,0.00,2,14.51,14.08,8,14.63,115,0.35,0.34,1415,0.00,0.97,0,0.5000,17.00,88,4,0.00,0,7.69,7.90,8.24,14.50
18207,0.78,0.00,2,14.51,14.00,8,14.62,115,0.34,0.33,1404,0.00,0.97,0,0.5000,16.50,88,4,0.00,0,7.69,8.00,8.24,14.50
18310,0.78,0.00,2,14.51,14.00,8,14.63,115,0.34,0.34,1413,0.00,0.97,0,0.5000,17.00,88,4,0.00,0,7.69,8.10,8.24,14.50
18415,1.56,0.00,2,14.51,14.00,8,14.63,115,0.34,0.35,1404,0.00,0.97,0,0.5000,17.00,88,4,0.00,0,7.69,8.20,8.24,14.60
18519,1.56,0.00,2,14.51,13.92,8,14.63,115,0.35,0.44,1404,0.00,0.97,0,0.5000,17.00,88,4,0.00,0,7.69,7.65,8.24,14.40
18623,1.56,0.00,2,14.51,14.08,8,14.63,115,0.34,0.35,1467,0.00,0.97,0,0.5000,17.00,88,4,0.00,0,7.69,8.30,8.24,14.90
18726,1.56,0.00,2,14.51,14.00,8,14.63,115,0.35,0.36,1397,0.00,0.97,0,0.5000,17.00,88,4,0.00,0,7.69,8.45,8.24,14.80
18831,2.34,0.00,2,14.51,14.00,8,14.63,115,0.35,0.36,1406,0.00,0.97,0,0.5000,17.00,88,4,0.00,0,7.69,8.40,8.24,14.80
18935,2.34,0.00,2,14.51,14.00,8,14.63,115,0.36,0.36,1391,0.00,0.97,0,0.5000,17.00,88,4,0.00,0,7.69,8.35,8.24,14.70
19039,2.34,0.00,2,14.51,13.92,8,14.63,115,0.36,0.35,1399,0.00,0.97,0,0.5000,17.00,88,4,0.00,0,7.84,8.15,8.24,14.80
19142,2.34,0.00,2,14.51,14.08,8,14.63,115,0.35,0.35,1388,0.00,0.97,0,0.5000,17.00,88,4,0.00,0,7.84,8.25,8.24,14.90
19247,2.34,0.00,2,14.51,14.00,8,14.63,115,0.35,0.35,1354,0.00,0.97,0,0.5000,16.50,88,4,0.00,0,7.69,8.35,8.24,14.90
19351,1.56,0.00,2,14.51,14.00,8,14.63,115,0.35,0.36,1469,0.00,0.97,0,0.5000,17.00,88,4,0.00,0,7.69,8.35,8.24,15.00
19455,1.56,0.00,2,14.51,14.08,8,14.63,115,0.35,0.35,1347,0.00,0.97,0,0.5000,17.00,88,4,0.00,0,7.69,8.35,8.24,14.60
19559,1.56,0.00,2,14.51,14.00,8,14.63,115,0.35,0.36,1398,0.00,0.97,0,0.5000,17.00,88,4,0.00,0,7.69,8.05,8.24,14.50
19663,1.56,0.00,2,14.51,14.08,8,14.63,115,0.35,0.35,1399,0.00,0.97,0,0.5000,17.00,88,4,0.00,0,7.69,8.20,8.24,14.50
19767,1.56,0.00,2,14.51,14.00,8,14.63,115,0.35,0.34,1398,0.00,0.97,0,0.5000,17.00,88,4,0.00,0,7.69,7.75,8.24,14.50
19871,0.78,0.00,2,14.51,14.08,8,14.63,115,0.35,0.34,1404,0.00,0.97,0,0.5000,17.00,88,4,0.00,0,7.69,8.05,8.24,14.50
19975,1.56,0.00,2,14.51,14.00,8,14.63,115,0.34,0.34,1406,0.00,0.97,0,0.5000,17.00,88,4,0.00,0,7.69,7.90,8.24,14.40
20079,1.56,0.00,2,14.51,14.00,8,14.63,115,0.34,0.34,1470,0.00,0.97,0,0.5000,17.00,88,4,0.00,0,7.69,8.00,8.24,14.60
20183,1.56,0.00,2,14.51,14.00,8,14.63,115,0.34,0.35,1402,0.00,0.97,0,0.5000,17.00,88,4,0.00,0,7.69,7.90,8.24,14.60
20287,1.56,0.00,2,14.51,14.08,8,14.63,115,0.34,0.34,1408,0.00,0.97,0,0.5000,17.00,88,4,0.00,0,7.69,7.95,8.24,14.60
20391,2.34,0.00,2,14.51,14.00,8,14.63,115,0.34,0.34,1389,0.00,0.97,0,0.5000,17.00,88,4,0.00,0,7.69,7.85,8.24,14.80
20495,2.34,0.00,2,14.51,14.00,8,14.63,115,0.34,0.34,1388,0.00,0.97,0,0.5000,17.00,88,4,0.00,0,7.69,7.90,8.24,14.80
20599,2.34,0.00,2,14.51,13.92,8,14.63,115,0.34,0.35,1372,0.00,0.97,0,0.5000,17.00,88,4,0.00,0,7.84,8.15,8.24,14.90
20703,3.12,0.00,2,14.51,14.00,8,14.63,115,0.35,0.35,1386,0.00,0.97,0,0.5000,17.00,88,4,0.00,0,7.84,8.20,8.24,14.90
20810,3.12,0.00,2,14.51,14.00,8,14.63,115,0.35,0.36,1373,0.00,0.97,0,0.5000,18.00,88,4,0.00,0,7.84,8.15,8.24,15.00
20911,3.12,0.00,2,14.51,13.92,8,14.63,115,0.35,0.36,1376,0.00,0.97,0,0.5000,17.00,88,4,0.00,0,7.84,8.30,8.24,15.00
21015,3.12,0.00,2,14.51,14.08,8,14.63,115,0.35,0.36,1404,0.00,0.97,0,0.5000,16.50,88,4,0.00,0,7.84,8.20,8.24,15.00
21119,3.91,0.00,2,14.51,13.92,8,14.63,115,0.35,0.35,1397,0.00,0.97,0,0.5000,16.50,88,4,0.00,0,7.84,8.25,8.24,14.80
21223,3.12,0.00,2,14.51,14.00,8,14.63,115,0.35,0.35,1401,0.00,0.97,0,0.5000,17.00,88,4,0.00,0,7.69,8.15,8.24,14.80
21327,3.12,0.00,2,14.51,14.00,8,14.63,115,0.35,0.35,1398,0.00,0.97,0,0.5000,16.50,88,4,0.00,0,7.84,8.25,8.24,14.80
21431,3.12,0.00,2,14.51,14.00,8,14.63,115,0.35,0.35,1398,0.00,0.97,0,0.5000,16.50,88,4,0.00,0,7.69,8.25,8.24,14.70
21535,3.12,0.00,2,14.51,14.00,8,14.63,115,0.35,0.35,1406,0.00,0.97,0,0.5000,17.00,88,4,0.00,0,7.69,8.15,8.24,14.50
21639,3.12,0.00,2,14.51,13.92,8,14.63,115,0.35,0.35,1402,0.00,0.97,0,0.5000,17.00,88,4,0.00,0,7.69,8.25,8.24,14.50
21743,3.12,0.00,2,14.51,14.00,8,14.63,115,0.35,0.35,1423,0.00,0.97,0,0.5000,16.50,88,4,0.00,0,7.69,8.15,7.84,14.50
21847,3.12,0.00,2,14.51,14.00,8,14.63,115,0.35,0.34,1468,0.00,0.97,0,0.5000,16.50,88,4,0.00,0,7.69,8.15,8.24,14.50
21951,2.34,0.00,2,14.51,14.00,8,14.63,115,0.35,0.35,1344,0.00,0.97,0,0.5000,16.50,88,4,0.00,0,7.69,8.30,8.24,14.40
22055,2.34,0.00,2,14.51,14.08,8,14.63,115,0.35,0.34,1411,0.00,0.97,0,0.5000,16.50,88,4,0.00,0,7.69,8.15,7.84,14.40
22159,2.34,0.00,2,14.51,14.08,8,14.62,115,0.35,0.34,1428,0.00,0.97,0,0.5000,16.50,88,4,0.00,0,7.69,7.95,7.84,14.40
22263,2.34,0.00,2,14.51,14.00,8,14.63,115,0.34,0.35,1410,0.00,0.97,0,0.5000,17.00,88,4,0.00,0,7.69,8.35,8.24,14.40
22367,1.56,0.00,2,14.51,14.00,8,14.63,115,0.35,0.35,1411,0.00,0.97,0,0.5000,16.50,88,4,0.00,0,7.69,8.10,7.84,14.40
22471,1.56,0.00,2,14.51,14.08,8,14.63,115,0.35,0.34,1424,0.00,0.97,0,0.5000,17.00,88,4,0.00,0,7.69,8.25,7.84,14.40
22575,1.56,0.00,2,14.51,14.00,8,14.62,117,0.35,0.35,1402,0.00,0.97,0,0.5000,16.50,88,4,0.00,0,7.69,8.05,7.84,14.40
22679,1.56,0.00,2,14.51,14.00,8,14.63,117,0.35,0.34,1424,0.00,0.97,0,0.5000,17.00,88,4,0.00,0,7.55,8.00,7.84,14.40
22783,1.56,0.00,2,14.51,14.00,8,14.63,117,0.34,0.34,1399,0.00,0.97,0,0.5000,17.00,88,4,0.00,0,7.55,8.05,7.84,14.50
22887,0.78,0.00,2,14.51,13.92,8,14.63,117,0.34,0.35,1351,0.00,0.97,0,0.5000,16.50,88,4,0.00,0,7.55,8.15,7.84,14.50
22991,0.78,0.00,2,14.51,14.08,8,14.63,117,0.34,0.33,1408,0.00,0.97,0,0.5000,17.00,88,4,0.00,0,7.55,7.85,7.84,14.40
23095,0.78,0.00,2,14.51,14.00,8,14.63,117,0.34,0.34,1350,0.00,0.97,0,0.5000,17.00,88,4,0.00,0,7.55,8.05,7.84,14.40
23199,0.78,0.00,2,14.51,14.00,8,14.63,117,0.34,0.34,1402,0.00,0.97,0,0.5000,17.00,88,4,0.00,0,7.55,7.95,7.84,14.40
23303,0.78,0.00,2,14.51,14.00,8,14.63,117,0.34,0.35,1398,0.00,0.97,0,0.5000,17.00,88,4,0.00,0,7.55,8.05,7.84,14.40
23407,0.78,0.00,2,14.51,13.92,8,14.63,117,0.34,0.35,1416,0.00,0.97,0,0.5000,17.00,88,4,0.00,0,7.55,8.35,7.84,14.50
23511,0.78,0.00,2,14.51,13.92,8,14.63,117,0.35,0.35,1398,0.00,0.97,0,0.5000,17.50,88,4,0.00,0,7.55,8.25,7.84,14.60
23615,0.78,0.00,2,14.51,14.00,8,14.63,117,0.35,0.35,1403,0.00,0.97,0,0.5000,17.00,88,4,0.00,0,7.55,8.05,7.84,14.60
23719,0.00,0.00,2,14.51,14.00,8,14.63,117,0.35,0.35,1381,0.00,0.97,0,0.5000,17.00,88,4,0.00,0,7.55,8.05,7.84,14.60
23824,0.00,0.00,2,14.51,14.00,8,14.63,117,0.35,0.34,1391,0.00,0.97,0,0.5000,17.00,88,4,0.00,0,7.55,7.75,7.84,14.50
23928,0.00,0.00,2,14.51,14.00,8,14.63,117,0.35,0.34,1392,0.00,0.97,0,0.5000,17.00,88,4,0.00,0,7.55,8.00,7.84,14.40
24031,0.00,0.00,2,14.51,14.00,8,14.63,117,0.34,0.34,1378,0.00,0.97,0,0.5000,17.00,88,4,0.00,0,7.55,7.95,7.84,14.60
24135,0.00,0.00,2,14.51,14.00,8,14.63,117,0.34,0.34,1386,0.00,0.97,0,0.5000,17.00,88,4,0.00,0,7.55,7.80,7.84,14.40
24240,0.00,0.00,2,14.51,14.08,8,14.63,117,0.34,0.33,1360,0.00,0.97,0,0.5000,18.50,88,4,0.00,0,7.55,7.56,7.84,14.40
24343,0.00,0.00,2,14.51,14.08,8,14.63,117,0.34,0.34,1384,0.00,0.97,0,0.5000,17.00,88,4,0.00,0,7.55,7.65,7.84,14.60
24447,0.00,0.00,2,14.51,14.00,8,14.63,117,0.34,0.33,1382,0.00,0.97,0,0.5000,17.00,88,4,0.00,0,7.55,7.65,7.84,14.50
24551,0.78,0.00,2,14.51,14.08,8,14.63,117,0.34,0.34,1364,0.00,0.97,0,0.5000,17.00,88,4,0.00,0,7.55,7.85,7.84,14.60
24655,0.78,0.00,2,14.51,14.00,8,14.63,117,0.34,0.34,1379,0.00,0.97,0,0.5000,17.00,88,4,0.00,0,7.55,7.56,7.84,14.80
24759,1.56,0.00,2,14.51,14.08,8,14.63,117,0.34,0.33,1355,0.00,0.97,0,0.5000,17.50,88,4,0.00,0,7.55,7.56,7.84,15.00
24863,1.56,0.00,2,14.51,14.08,8,14.63,117,0.33,0.34,1362,0.00,0.97,0,0.5000,17.00,88,4,0.00,0,7.55,7.75,7.84,14.80
24967,1.56,0.00,2,14.51,14.00,8,14.63,117,0.34,0.34,1370,0.00,0.97,0,0.5000,17.00,88,4,0.00,0,7.55,7.80,7.84,15.00
25071,2.34,0.00,2,14.51,14.00,8,14.63,117,0.34,0.33,1405,0.00,0.97,0,0.5000,18.50,88,4,0.00,0,7.55,7.55,7.84,15.20
25175,2.34,0.00,2,14.51,14.00,8,14.63,117,0.34,0.35,1340,0.00,0.97,0,0.5000,17.00,88,4,0.00,0,7.69,7.65,7.84,15.00
25279,3.12,0.00,2,14.51,14.00,8,14.63,117,0.34,0.34,1370,0.00,0.97,0,0.5000,16.50,88,4,0.00,0,7.69,7.85,7.84,15.00
25384,3.12,0.00,2,14.51,14.00,8,14.63,117,0.34,0.35,1361,0.00,0.97,0,0.5000,17.00,88,4,0.00,0,7.55,7.95,7.84,15.00
25488,3.12,0.00,2,14.51,14.00,8,14.63,117,0.34,0.34,1382,0.00,0.97,0,0.5000,17.00,88,4,0.00,0,7.55,7.85,7.84,14.80
25591,3.12,0.00,2,14.51,14.00,8,14.63,117,0.34,0.34,1379,0.00,0.97,0,0.5000,17.00,88,4,0.00,0,7.55,7.65,7.84,14.80
25695,3.12,0.00,2,14.51,13.92,8,14.63,117,0.34,0.33,1374,0.00,0.97,0,0.5000,17.00,88,4,0.00,0,7.55,7.65,7.84,14.80
25799,3.12,0.00,2,14.51,14.00,8,14.63,117,0.34,0.35,1388,0.00,0.97,0,0.5000,16.50,88,4,0.00,0,7.55,8.00,7.84,14.80
25903,3.12,0.00,2,14.51,14.08,8,14.63,117,0.34,0.34,1381,0.00,0.97,0,0.5000,16.50,88,4,0.00,0,7.55,7.95,7.84,15.00
26007,3.12,0.00,2,14.51,14.00,8,14.63,117,0.34,0.33,1380,0.00,0.97,0,0.5000,17.00,88,4,0.00,0,7.55,7.55,7.84,14.60
26111,3.12,0.00,2,14.51,14.00,8,14.63,117,0.34,0.32,1381,0.00,0.97,0,0.5000,17.00,88,4,0.00,0,7.55,7.34,7.84,14.70
26215,3.12,0.00,2,14.51,14.00,8,14.63,117,0.33,0.23,1349,0.00,0.97,0,0.5000,17.50,88,4,0.00,0,7.55,7.70,7.84,14.60
26319,3.12,0.00,2,14.51,14.00,8,14.63,117,0.34,0.34,1367,0.00,0.97,0,0.5000,17.00,88,4,0.00,0,7.55,7.75,7.84,14.50
26423,3.12,0.00,2,14.51,14.08,8,14.63,117,0.34,0.33,1356,0.00,0.97,0,0.5000,17.00,88,4,0.00,0,7.55,7.55,7.84,14.50
26527,3.12,0.00,2,14.51,14.00,8,14.63,117,0.34,0.35,1361,0.00,0.97,0,0.5000,17.00,88,4,0.00,0,7.55,7.85,7.84,14.40
26632,3.12,0.00,2,14.51,13.92,8,14.63,117,0.34,0.36,1290,0.00,0.97,0,0.5000,17.00,88,4,0.00,0,7.55,8.10,7.84,14.70
26735,3.91,0.00,2,14.51,14.08,8,14.63,117,0.35,0.34,1360,0.00,0.97,0,0.5000,17.00,88,4,0.00,0,7.55,7.85,7.84,14.80
26839,3.91,0.00,2,14.51,14.00,8,14.63,117,0.35,0.35,1371,0.00,0.97,0,0.5000,16.50,88,4,0.00,0,7.55,7.90,7.84,14.80
26943,3.91,0.00,2,14.51,14.08,8,14.63,117,0.35,0.33,1370,0.00,0.97,0,0.5000,17.00,88,4,0.00,0,7.55,7.70,7.84,14.80
27047,3.12,0.00,2,14.51,14.08,8,14.63,117,0.34,0.35,1369,0.00,0.97,0,0.5000,17.00,88,4,0.00,0,7.55,7.95,7.84,14.90
27151,3.12,0.00,2,14.51,14.00,8,14.63,118,0.35,0.35,1364,0.00,0.97,0,0.5000,17.00,88,4,0.00,0,7.55,8.15,7.84,15.10
27255,3.12,0.00,2,14.51,14.00,8,14.63,118,0.35,0.34,1379,0.00,0.97,0,0.5000,16.50,88,4,0.00,0,7.55,7.95,7.84,14.50
27360,3.12,0.00,2,14.51,13.92,8,14.63,118,0.35,0.34,1381,0.00,0.97,0,0.5000,16.50,88,4,0.00,0,7.55,7.80,7.45,14.60
27464,3.12,0.00,2,14.51,14.00,8,14.63,118,0.34,0.34,1403,0.00,0.97,0,0.5000,16.00,88,4,0.00,0,7.55,7.90,7.84,14.50
27568,2.34,0.00,2,14.51,14.08,8,14.63,118,0.34,0.34,1394,0.00,0.97,0,0.5000,16.50,88,4,0.00,0,7.55,7.95,7.45,14.40
27672,2.34,0.00,2,14.51,14.00,8,14.63,118,0.34,0.34,1398,0.00,0.97,0,0.5000,16.50,88,4,0.00,0,7.55,7.75,7.45,14.40
27776,2.34,0.00,2,14.51,14.00,8,14.63,118,0.34,0.34,1396,0.00,0.97,0,0.5000,16.50,88,4,0.00,0,7.55,7.70,7.45,14.40
27879,1.56,0.00,2,14.51,13.92,8,14.63,118,0.34,0.34,1391,0.00,0.97,0,0.5000,16.50,88,4,0.00,0,7.40,7.65,7.45,14.20
27983,1.56,0.00,2,14.51,14.00,8,14.63,118,0.33,0.34,1380,0.00,0.97,0,0.5000,17.00,88,4,0.00,0,7.40,7.85,7.45,14.40
28087,1.56,0.00,2,14.51,14.08,8,14.63,118,0.34,0.45,1354,0.00,0.97,0,0.5000,17.00,88,4,0.00,0,7.55,7.55,7.45,14.40
28192,1.56,0.00,2,14.51,14.00,8,14.63,118,0.34,0.34,1362,0.00,0.97,0,0.5000,17.00,88,4,0.00,0,7.55,7.85,7.45,14.40
28296,1.56,0.00,2,14.51,14.00,8,14.63,118,0.34,0.34,1376,0.00,0.97,0,0.5000,17.00,88,4,0.00,0,7.55,7.85,7.45,14.40
28400,1.56,0.00,2,14.51,14.08,8,14.63,118,0.34,0.35,1355,0.00,0.97,0,0.5000,17.00,88,4,0.00,0,7.55,7.95,7.45,14.50
28504,1.56,0.00,2,14.51,14.00,8,14.63,118,0.35,0.35,1371,0.00,0.97,0,0.5000,17.00,88,4,0.00,0,7.55,7.85,7.45,14.60
28608,1.56,0.00,2,14.51,14.08,8,14.63,118,0.35,0.34,1359,0.00,0.97,0,0.5000,17.50,88,4,0.00,0,7.55,7.75,7.45,14.50
28712,1.56,0.00,2,14.51,14.00,8,14.63,118,0.34,0.34,1354,0.00,0.97,0,0.5000,17.00,88,4,0.00,0,7.55,7.75,7.45,14.50
28816,1.56,0.00,2,14.51,14.00,8,14.63,118,0.34,0.35,1383,0.00,0.97,0,0.5000,17.00,88,4,0.00,0,7.55,7.90,7.45,14.60
28920,1.56,0.00,2,14.51,14.08,8,14.63,118,0.34,0.34,1361,0.00,0.97,0,0.5000,17.00,88,4,0.00,0,7.40,7.95,7.45,14.50
29024,1.56,0.00,2,14.51,14.00,8,14.63,118,0.35,0.35,1354,0.00,0.97,0,0.5000,17.00,88,4,0.00,0,7.55,7.90,7.45,14.50
29127,0.78,0.00,2,14.51,14.00,8,14.63,118,0.35,0.34,1372,0.00,0.97,0,0.5000,16.50,88,4,0.00,0,7.40,7.85,7.45,14.50
29232,0.78,0.00,2,14.51,14.00,8,14.63,118,0.34,0.33,1365,0.00,0.97,0,0.5000,17.00,88,4,0.00,0,7.40,7.60,7.45,14.50
29336,0.78,0.00,2,14.51,14.00,8,14.63,118,0.34,0.34,1388,0.00,0.97,0,0.5000,16.50,88,4,0.00,0,7.40,7.75,7.45,14.40
29440,0.78,0.00,2,14.51,14.00,8,14.63,118,0.34,0.34,1371,0.00,0.97,0,0.5000,17.00,88,4,0.00,0,7.40,7.75,7.45,14.50
29544,0.78,0.00,2,14.51,14.00,8,14.63,118,0.34,0.34,1348,0.00,0.97,0,0.5000,17.50,88,4,0.00,0,7.40,7.70,7.45,14.50
29648,0.78,0.00,2,14.51,14.00,8,14.63,118,0.34,0.45,1360,0.00,0.97,0,0.5000,17.00,88,4,0.00,0,7.40,7.51,7.45,14.40
29752,0.78,0.00,2,14.51,14.08,8,14.63,118,0.34,0.35,1361,0.00,0.97,0,0.5000,17.00,88,4,0.00,0,7.40,7.95,7.45,14.40
29856,0.00,0.00,2,14.51,13.92,8,14.63,118,0.34,0.34,1350,0.00,0.97,0,0.5000,17.00,88,4,0.00,0,7.40,7.55,7.45,14.40
29960,0.00,0.00,2,14.51,14.00,8,14.63,118,0.34,0.32,1286,0.00,0.97,0,0.5000,17.00,88,4,0.00,0,7.40,7.30,7.45,14.50
30064,0.00,0.00,2,14.51,13.92,8,14.63,118,0.33,0.32,1346,0.00,0.97,0,0.5000,17.50,88,4,0.00,0,7.40,7.34,7.45,14.50
30168,0.00,0.00,2,14.51,13.92,8,14.63,118,0.33,0.33,1325,0.00,0.97,0,0.5000,18.50,88,4,0.00,0,7.40,7.39,7.45,14.50
30272,0.78,0.00,2,14.51,14.08,8,14.63,118,0.33,0.34,1341,0.00,0.97,0,0.5000,17.00,88,4,0.00,0,7.40,7.51,7.45,14.50
30376,0.78,0.00,2,14.51,14.00,8,14.63,118,0.33,0.34,1340,0.00,0.98,0,0.5000,17.50,88,4,0.00,0,7.55,7.55,7.45,14.50
30480,0.78,0.00,2,14.51,14.08,8,14.63,118,0.34,0.34,1322,0.00,0.98,0,0.5000,17.00,88,4,0.00,0,7.40,7.47,7.45,14.80
30583,1.56,0.00,2,14.51,14.00,8,14.63,118,0.34,0.34,1336,0.00,0.98,0,0.5000,17.50,88,4,0.00,0,7.40,7.43,7.45,14.80
30688,1.56,0.00,2,14.51,13.92,8,14.63,118,0.34,0.33,1331,0.00,0.98,0,0.5000,17.00,88,4,0.00,0,7.55,7.30,7.45,15.00
30792,2.34,0.00,2,14.51,14.08,8,14.63,118,0.33,0.33,1316,0.00,0.98,0,0.5000,17.50,88,4,0.00,0,7.55,7.34,7.45,14.90
30896,2.34,0.00,2,14.51,14.00,8,14.63,118,0.33,0.33,1312,0.00,0.98,0,0.5000,17.00,88,4,0.00,0,7.55,7.30,7.45,14.80
30999,2.34,0.00,2,14.51,14.00,8,14.63,118,0.33,0.35,1322,0.00,0.98,0,0.5000,17.00,88,4,0.00,0,7.55,7.55,7.45,14.80
31104,2.34,0.00,2,14.51,14.00,8,14.63,118,0.34,0.33,1317,0.00,0.98,0,0.5000,17.50,88,4,0.00,0,7.55,7.39,7.45,14.90
31208,3.12,0.00,2,14.51,13.92,8,14.63,118,0.34,0.33,1316,0.00,0.98,0,0.5000,17.00,88,4,0.00,0,7.55,7.30,7.45,14.90
31312,3.12,0.00,2,14.51,14.00,8,14.63,118,0.34,0.33,1337,0.00,0.98,0,0.5000,17.00,88,4,0.00,0,7.55,7.34,7.45,15.00
31416,3.91,0.00,2,14.51,14.00,8,14.63,118,0.33,0.33,1338,0.00,0.98,0,0.5000,16.50,88,4,0.00,0,7.55,7.34,7.45,15.00
31520,3.91,0.00,2,14.51,14.00,8,14.63,118,0.33,0.34,1326,0.00,0.98,0,0.5000,17.00,88,4,0.00,0,7.55,7.39,7.45,15.00
31624,3.91,0.00,2,14.51,14.00,8,14.63,118,0.33,0.35,1314,0.00,0.98,0,0.5000,17.00,88,4,0.00,0,7.55,7.75,7.45,15.20
31728,4.69,0.00,2,14.51,13.92,8,14.63,118,0.34,0.35,1326,0.00,0.98,0,0.5000,17.00,88,4,0.00,0,7.55,7.65,7.45,14.90
31832,4.69,0.00,2,14.51,14.00,8,14.63,118,0.34,0.35,1319,0.00,0.98,0,0.5000,17.00,88,4,0.00,0,7.55,7.75,7.45,14.80
31936,4.69,0.00,2,14.51,14.00,8,14.63,118,0.35,0.35,1314,0.00,0.98,0,0.5000,17.00,88,4,0.00,0,7.55,7.65,7.45,14.80
32040,4.69,0.00,2,14.51,14.08,8,14.63,120,0.35,0.35,1339,0.00,0.98,0,0.5000,16.50,88,4,0.00,0,7.55,7.80,7.45,14.90
32144,4.69,0.00,2,14.51,14.08,8,14.63,120,0.35,0.34,1317,0.00,0.98,0,0.5000,17.00,88,4,0.00,0,7.55,7.43,7.45,14.80
32248,4.69,0.00,2,14.51,14.00,8,14.63,120,0.35,0.33,1324,0.00,0.98,0,0.5000,17.00,88,4,0.00,0,7.55,7.47,7.45,14.80
32352,4.69,0.00,2,14.51,14.08,8,14.63,120,0.34,0.34,1286,0.00,0.98,0,0.5000,16.00,88,4,0.00,0,7.55,7.55,7.45,14.70
32456,4.69,0.00,2,14.51,14.00,8,14.63,120,0.34,0.32,1340,0.00,0.98,0,0.5000,16.50,88,4,0.00,0,7.55,7.05,7.45,14.90
32560,4.69,0.00,2,14.51,13.92,8,14.63,120,0.33,0.33,1331,0.00,0.98,0,0.5000,17.00,88,4,0.00,0,7.55,7.55,7.45,14.50
32664,4.69,0.00,2,14.51,14.08,8,14.63,120,0.33,0.35,1332,0.00,0.98,0,0.5000,17.00,88,4,0.00,0,7.55,7.65,7.45,14.60
32768,5.47,0.00,2,14.51,14.00,8,14.63,120,0.34,0.34,1338,0.00,0.98,0,0.5000,16.50,88,4,0.00,0,7.55,7.51,7.45,14.60
32872,5.47,0.00,2,14.51,14.00,8,14.63,120,0.34,0.23,1330,0.00,0.98,0,0.5000,16.50,88,4,0.00,0,7.55,7.75,7.45,14.70
32976,5.47,0.00,2,14.51,14.00,8,14.63,120,0.34,0.35,1348,0.00,0.98,0,0.5000,16.00,88,4,0.00,0,7.55,7.75,7.45,15.00
33080,5.47,0.00,2,14.51,13.92,8,14.63,120,0.34,0.33,1356,0.00,0.98,0,0.5000,16.50,88,4,0.00,0,7.55,7.47,7.45,14.80
33184,5.47,0.00,2,14.51,14.00,8,14.63,120,0.34,0.34,1354,0.00,0.98,0,0.5000,16.50,88,4,0.00,0,7.55,7.65,7.45,14.80
33288,5.47,0.00,2,14.51,14.00,8,14.63,120,0.34,0.34,1352,0.00,0.98,0,0.5000,16.50,88,4,0.00,0,7.55,7.70,7.45,15.10
33392,5.47,0.00,2,14.51,13.92,8,14.63,120,0.34,0.33,1364,0.00,0.98,0,0.5000,16.00,88,4,0.00,0,7.55,7.70,7.45,14.50
33496,4.69,0.00,2,14.51,14.00,8,14.63,120,0.34,0.34,1366,0.00,0.98,0,0.5000,16.50,88,4,0.00,0,7.55,7.65,7.45,14.40
33600,4.69,0.00,2,14.51,14.00,8,14.63,120,0.34,0.34,1355,0.00,0.98,0,0.5000,16.50,88,4,0.00,0,7.55,7.55,7.45,14.40
33704,4.69,0.00,2,14.51,14.08,8,14.63,120,0.34,0.34,1358,0.00,0.98,0,0.5000,17.00,88,4,0.00,0,7.55,7.60,7.45,14.40
33808,4.69,0.00,2,14.51,14.08,8,14.63,120,0.34,0.23,1333,0.00,0.98,0,0.5000,17.00,88,4,0.00,0,7.55,7.80,7.45,14.40
33912,4.69,0.00,2,14.51,14.00,8,14.63,120,0.34,0.46,1283,0.00,0.98,0,0.5000,17.00,88,4,0.00,0,7.55,7.70,7.45,14.40
34017,4.69,0.00,2,14.51,14.08,8,14.63,120,0.34,0.33,1357,0.00,0.98,0,0.5000,17.00,88,4,0.00,0,7.55,7.34,7.45,14.50
34120,3.91,0.00,2,14.51,14.08,8,14.63,120,0.34,0.33,1348,0.00,0.98,0,0.5000,17.00,88,4,0.00,0,7.55,7.60,7.45,14.40
34224,3.91,0.00,2,14.51,14.08,8,14.63,120,0.34,0.34,1282,0.00,0.98,0,0.5000,17.00,88,4,0.00,0,7.55,7.75,7.45,14.30
34328,3.91,0.00,2,14.51,14.08,8,14.63,120,0.34,0.35,1343,0.00,0.98,0,0.5000,17.00,88,4,0.00,0,7.55,7.75,7.45,14.50
34432,3.91,0.00,2,14.51,13.92,8,14.63,120,0.34,0.33,1334,0.00,0.98,0,0.5000,17.00,88,4,0.00,0,7.40,7.47,7.45,14.40
34536,3.91,0.00,2,14.51,14.00,8,14.63,120,0.34,0.33,1291,0.00,0.98,0,0.5000,16.50,88,4,0.00,0,7.40,7.39,7.45,14.40
34640,3.12,0.00,2,14.51,14.00,8,14.63,120,0.33,0.33,1363,0.00,0.98,0,0.5000,17.00,88,4,0.00,0,7.40,7.47,7.45,14.40
34744,3.12,0.00,2,14.51,14.00,8,14.63,120,0.33,0.33,1351,0.00,0.98,0,0.5000,17.00,88,4,0.00,0,7.40,7.47,7.45,14.40
34848,3.12,0.00,2,14.51,14.00,8,14.63,120,0.33,0.33,1364,0.00,0.98,0,0.5000,16.50,88,4,0.00,0,7.40,7.47,7.45,14.40
34952,3.12,0.00,2,14.51,14.00,8,14.63,120,0.33,0.33,1356,0.00,0.98,0,0.5000,17.00,88,4,0.00,0,7.40,7.60,7.45,14.50
35056,3.12,0.00,2,14.51,14.00,8,14.63,120,0.33,0.33,1354,0.00,0.98,0,0.5000,17.00,88,4,0.00,0,7.40,7.60,7.45,14.50
35160,3.12,0.00,2,14.51,14.00,8,14.63,120,0.33,0.33,1354,0.00,0.98,0,0.5000,17.00,88,4,0.00,0,7.40,7.51,7.45,14.40
35264,3.12,0.00,2,14.51,14.00,8,14.63,120,0.33,0.33,1352,0.00,0.98,0,0.5000,17.00,88,4,0.00,0,7.40,7.51,7.45,14.50
35368,3.12,0.00,2,14.51,14.00,8,14.63,120,0.33,0.34,1347,0.00,0.98,0,0.5000,17.00,88,4,0.00,0,7.40,7.55,7.45,14.50
35472,3.12,0.00,2,14.51,14.00,8,14.63,120,0.33,0.32,1356,0.00,0.98,0,0.5000,16.50,88,4,0.00,0,7.40,7.39,7.45,14.60
35576,3.12,0.00,2,14.51,14.08,8,14.63,120,0.33,0.34,1406,0.00,0.98,0,0.5000,17.00,88,4,0.00,0,7.40,7.51,7.45,14.50
35680,3.12,0.00,2,14.51,13.92,8,14.63,120,0.33,0.33,1336,0.00,0.98,0,0.5000,17.00,88,4,0.00,0,7.40,7.43,7.45,14.50
35784,3.12,0.00,2,14.51,14.00,8,14.63,120,0.33,0.33,1292,0.00,0.98,0,0.5000,17.00,88,4,0.00,0,7.40,7.34,7.45,14.50
35889,3.12,0.00,2,14.51,14.08,8,14.63,120,0.33,0.33,1346,0.00,0.98,0,0.5000,17.00,88,4,0.00,0,7.40,7.51,7.45,14.50
35992,3.12,0.00,2,14.51,14.00,8,14.63,120,0.33,0.33,1329,0.00,0.98,0,0.5000,18.00,88,4,0.00,0,7.40,7.34,7.45,14.50
36097,3.12,0.00,2,14.51,14.00,8,14.63,120,0.33,0.33,1335,0.00,0.98,0,0.5000,17.00,88,4,0.00,0,7.40,6.96,7.45,14.50
36200,3.12,0.00,2,14.51,14.00,8,14.63,120,0.32,0.32,1328,0.00,0.98,0,0.5000,17.00,88,4,0.00,0,7.40,7.09,7.45,14.60
36304,3.12,0.00,2,14.51,14.00,8,14.63,120,0.32,0.34,1314,0.00,0.98,0,0.5000,18.00,88,5,0.00,0,7.40,7.39,7.45,14.60
36408,3.12,0.00,2,14.51,14.00,8,14.63,120,0.33,0.35,1287,0.00,0.98,0,0.5000,18.50,88,5,0.00,0,7.40,7.65,7.45,14.60
36512,3.12,0.00,2,14.51,14.00,8,14.63,120,0.34,0.34,1304,0.00,0.98,0,0.5000,17.00,88,4,0.00,0,7.40,7.39,7.45,14.60
36617,3.91,0.00,2,14.51,13.92,8,14.63,120,0.34,0.34,1307,0.00,0.98,0,0.5000,18.00,88,4,0.00,0,7.40,7.30,7.45,14.70
36720,3.91,0.00,2,14.51,13.92,8,14.63,120,0.34,0.34,1301,0.00,0.98,0,0.5000,17.00,88,4,0.00,0,7.40,7.34,7.45,14.90
36824,3.12,0.00,2,14.51,13.92,8,14.63,120,0.34,0.34,1302,0.00,0.98,0,0.5000,17.00,88,4,0.00,0,7.40,7.39,7.45,14.70
36928,3.12,0.00,2,14.51,14.00,8,14.63,120,0.34,0.35,1312,0.00,0.98,0,0.5000,17.00,88,4,0.00,0,7.55,7.51,7.45,14.70
37032,3.12,0.00,2,14.51,14.08,8,14.63,120,0.34,0.34,1306,0.00,0.98,0,0.5000,17.00,88,4,0.00,0,7.40,7.39,7.45,14.70
37136,3.12,0.00,2,14.51,13.92,8,14.63,122,0.34,0.33,1320,0.00,0.98,0,0.5000,17.00,88,4,0.00,0,7.40,7.34,7.45,14.50
37240,3.91,0.00,2,14.51,14.08,8,14.63,122,0.34,0.33,1331,0.00,0.98,0,0.5000,16.50,88,4,0.00,0,7.40,7.34,7.45,14.60
37345,3.91,0.00,2,14.51,14.00,8,14.63,122,0.34,0.34,1321,0.00,0.98,0,0.5000,16.50,88,4,0.00,0,7.40,7.47,7.45,14.60
37448,3.12,0.00,2,14.51,14.00,8,14.63,122,0.34,0.33,1326,0.00,0.98,0,0.5000,17.00,88,4,0.00,0,7.40,7.43,7.45,14.70
37552,3.12,0.00,2,14.51,14.08,8,14.63,122,0.34,0.35,1317,0.00,0.98,0,0.5000,16.50,88,4,0.00,0,7.40,7.55,7.45,14.60
37656,3.12,0.00,2,14.51,14.00,8,14.63,122,0.34,0.34,1330,0.00,0.98,0,0.5000,16.50,88,4,0.00,0,7.40,7.47,7.45,14.60
37760,3.12,0.00,2,14.51,14.00,8,14.63,122,0.34,0.34,1316,0.00,0.98,0,0.5000,17.00,88,4,0.00,0,7.40,7.34,7.45,14.50
37864,3.12,0.00,2,14.51,14.00,8,14.63,122,0.34,0.34,1320,0.00,0.98,0,0.5000,17.00,88,4,0.00,0,7.40,7.47,7.45,14.50
37968,3.12,0.00,2,14.51,13.92,8,14.63,122,0.34,0.34,1332,0.00,0.98,0,0.5000,16.50,88,4,0.00,0,7.40,7.30,7.45,14.50
38073,3.12,0.00,2,14.51,14.00,8,14.63,122,0.34,0.32,1332,0.00,0.98,0,0.5000,17.00,88,4,0.00,0,7.40,7.13,7.45,14.40
38176,3.12,0.00,2,14.51,14.00,8,14.63,122,0.33,0.33,1322,0.00,0.98,0,0.5000,17.00,88,4,0.00,0,7.40,7.39,7.45,14.50
38280,3.12,0.00,2,14.51,14.00,8,14.63,122,0.33,0.34,1329,0.00,0.98,0,0.5000,17.00,88,4,0.00,0,7.40,7.30,7.45,14.50
38384,3.12,0.00,2,14.51,13.92,8,14.63,122,0.34,0.34,1323,0.00,0.98,0,0.5000,17.00,88,4,0.00,0,7.40,7.39,7.45,14.50
38489,3.12,0.00,2,14.51,14.00,8,14.63,122,0.34,0.34,1318,0.00,0.98,0,0.5000,17.00,88,4,0.00,0,7.40,7.51,7.45,14.50
38592,3.12,0.00,2,14.51,14.08,8,14.63,122,0.34,0.34,1318,0.00,0.98,0,0.5000,17.00,88,4,0.00,0,7.40,7.47,7.45,14.60
38697,3.12,0.00,2,14.51,14.00,8,14.63,122,0.34,0.33,1322,0.00,0.98,0,0.5000,17.00,88,4,0.00,0,7.40,7.30,7.45,14.70
38800,3.12,0.00,2,14.51,14.08,8,14.63,122,0.33,0.30,1317,0.00,0.98,0,0.5000,17.00,88,4,0.00,0,7.40,6.79,7.45,14.70
38905,3.12,0.00,2,14.51,14.08,8,14.63,122,0.32,0.33,1313,0.00,0.98,0,0.5000,17.00,88,4,0.00,0,7.40,7.17,7.45,14.60
39009,3.12,0.00,2,14.51,14.00,8,14.63,122,0.33,0.34,1304,0.00,0.98,0,0.5000,17.00,88,4,0.00,0,7.40,7.30,7.45,14.50
39113,3.12,0.00,2,14.51,14.08,8,14.64,122,0.33,0.34,1305,0.00,0.98,0,0.5000,17.50,88,4,0.00,0,7.40,7.22,7.45,14.50
39217,3.91,0.00,2,14.51,14.00,8,14.63,122,0.33,0.33,1288,0.00,0.98,0,0.5000,17.00,88,4,0.00,0,7.55,7.13,7.45,14.90
39321,3.91,0.00,2,14.51,14.00,8,14.63,122,0.33,0.33,1300,0.00,0.98,0,0.5000,17.00,88,5,0.00,0,7.40,7.22,7.45,15.00
39425,3.91,0.00,2,14.51,14.00,8,14.63,122,0.33,0.33,1316,0.00,0.98,0,0.5000,17.00,88,4,0.00,0,7.40,7.39,7.45,14.80
39529,3.91,0.00,2,14.51,13.92,8,14.63,122,0.33,0.33,1330,0.00,0.98,0,0.5000,17.00,88,4,0.00,0,7.40,7.13,7.45,14.70
39632,3.91,0.00,2,14.51,14.00,8,14.63,122,0.33,0.30,1317,0.00,0.98,0,0.5000,17.00,88,4,0.00,0,7.40,6.71,7.45,14.70
39737,3.91,0.00,2,14.51,14.08,8,14.63,122,0.32,0.33,1324,0.00,0.98,0,0.5000,16.50,88,4,0.00,0,7.40,7.13,7.45,14.70
39841,4.69,0.00,2,14.51,14.00,8,14.63,122,0.32,0.33,1329,0.00,0.98,0,0.5000,16.50,88,4,0.00,0,7.40,7.22,7.45,14.80
39945,4.69,0.00,2,14.51,14.00,8,14.63,122,0.32,0.34,1331,0.00,0.98,0,0.5000,17.00,88,4,0.00,0,7.40,7.43,7.45,14.70
40049,4.69,0.00,2,14.51,14.00,8,14.63,122,0.33,0.33,1317,0.00,0.98,0,0.5000,17.00,88,5,0.00,0,7.40,7.30,7.45,14.80
40153,5.47,0.00,2,14.51,14.00,8,14.63,122,0.33,0.33,1343,0.00,0.98,0,0.5000,16.50,88,4,0.00,0,7.40,7.13,7.45,14.90
40256,5.47,0.00,2,14.51,14.08,8,14.63,122,0.33,0.33,1323,0.00,0.98,0,0.5000,17.00,88,4,0.00,0,7.40,7.22,7.45,14.70
40361,5.47,0.00,2,14.51,14.00,8,14.63,122,0.33,0.32,1314,0.00,0.98,0,0.5000,17.00,88,4,0.00,0,7.40,7.09,7.45,15.10
40465,4.69,0.00,2,14.51,14.08,8,14.63,122,0.33,0.32,1317,0.00,0.98,0,0.5000,16.50,88,4,0.00,0,7.40,6.96,7.45,14.80
40569,4.69,0.00,2,14.51,14.08,8,14.63,122,0.32,0.33,1320,0.00,0.98,0,0.5000,17.00,88,4,0.00,0,7.40,7.30,7.45,14.80
40673,4.69,0.00,2,14.51,14.00,8,14.63,122,0.33,0.33,1300,0.00,0.98,0,0.5000,17.00,88,4,0.00,0,7.40,7.30,7.45,14.50
40777,5.47,0.00,2,14.51,14.08,8,14.63,122,0.33,0.33,1284,0.00,0.98,0,0.5000,17.50,88,4,0.00,0,7.40,7.26,7.45,14.60
40881,5.47,0.00,2,14.51,14.00,8,14.63,122,0.33,0.33,1306,0.00,0.98,0,0.5000,17.00,88,4,0.00,0,7.40,7.13,7.45,14.60
40985,5.47,0.00,2,14.51,14.00,8,14.63,122,0.33,0.33,1316,0.00,0.98,0,0.5000,17.00,88,5,0.00,0,7.40,7.22,7.45,14.70
41089,5.47,0.00,2,14.51,14.00,8,14.63,122,0.33,0.32,1308,0.00,0.98,0,0.5000,17.00,88,4,0.00,0,7.40,6.83,7.45,14.60
41194,4.69,0.00,2,14.51,13.92,8,14.63,122,0.33,0.33,1310,0.00,0.98,0,0.5000,17.00,88,4,0.00,0,7.40,7.13,7.45,14.60
41298,5.47,0.00,2,14.51,14.00,8,14.63,122,0.33,0.33,1313,0.00,0.98,0,0.5000,17.00,88,4,0.00,0,7.40,7.05,7.45,14.60
41402,4.69,0.00,2,14.51,14.00,8,14.63,122,0.33,0.33,1306,0.00,0.98,0,0.5000,17.00,88,4,0.00,0,7.40,7.22,7.45,14.50
41506,5.47,0.00,2,14.51,14.00,8,14.63,122,0.33,0.32,1296,0.00,0.98,0,0.5000,17.00,88,4,0.00,0,7.40,7.05,7.06,14.50
41610,4.69,0.00,2,14.51,14.00,8,14.63,122,0.33,0.33,1292,0.00,0.98,0,0.5000,17.00,88,4,0.00,0,7.40,7.22,7.45,14.60
41714,4.69,0.00,2,14.51,14.00,8,14.63,122,0.33,0.32,1301,0.00,0.98,0,0.5000,17.00,88,4,0.00,0,7.40,7.00,7.06,14.50
41818,4.69,0.00,2,14.51,13.92,8,14.63,122,0.33,0.33,1292,0.00,0.98,0,0.5000,17.00,88,4,0.00,0,7.40,7.13,7.06,14.50
41923,4.69,0.00,2,14.51,14.08,8,14.63,122,0.33,0.33,1297,0.00,0.98,0,0.5000,17.00,88,4,0.00,0,7.40,7.22,7.06,14.50
42026,4.69,0.00,2,14.51,13.92,8,14.63,122,0.33,0.33,1297,0.00,0.98,0,0.5000,17.00,88,4,0.00,0,7.40,7.26,7.45,14.50
42130,4.69,0.00,2,14.51,14.08,8,14.63,124,0.33,0.33,1298,0.00,0.98,0,0.5000,16.50,88,4,0.00,0,7.40,7.13,7.06,14.50
42234,4.69,0.00,2,14.51,13.92,8,14.63,124,0.33,0.33,1310,0.00,0.98,0,0.5000,16.50,88,4,0.00,0,7.40,7.30,7.45,14.60
42338,4.69,0.00,2,14.51,14.00,8,14.63,124,0.33,0.33,1299,0.00,0.98,0,0.5000,17.00,88,4,0.00,0,7.40,7.34,7.06,14.60
42442,4.69,0.00,2,14.51,14.08,8,14.63,124,0.33,0.33,1306,0.00,0.98,0,0.5000,17.00,88,4,0.00,0,7.40,7.13,7.06,14.60
42546,4.69,0.00,2,14.51,14.00,8,14.63,124,0.33,0.33,1308,0.00,0.98,0,0.5000,17.00,88,4,0.00,0,7.25,7.05,7.06,14.50
42650,4.69,0.00,2,14.51,14.08,8,14.63,124,0.33,0.33,1310,0.00,0.98,0,0.5000,16.50,88,4,0.00,0,7.40,7.13,7.06,14.50
42755,4.69,0.00,2,14.51,14.00,8,14.63,124,0.33,0.31,1297,0.00,0.98,0,0.5000,17.00,88,4,0.00,0,7.25,6.92,7.06,14.50
42858,4.69,0.00,2,14.51,14.00,8,14.63,124,0.32,0.34,1287,0.00,0.98,0,0.5000,17.00,88,4,0.00,0,7.40,7.17,7.06,14.40
42962,3.91,0.00,2,14.51,14.08,8,14.63,124,0.33,0.32,1302,0.00,0.98,0,0.5000,17.00,88,4,0.00,0,7.40,6.79,7.06,14.40
43067,3.91,0.00,2,14.51,14.00,8,14.63,124,0.32,0.32,1300,0.00,0.98,0,0.5000,17.00,88,4,0.00,0,7.40,6.96,7.06,14.50
43170,3.91,0.00,2,14.51,14.00,8,14.63,124,0.32,0.33,1292,0.00,0.98,0,0.5000,17.00,88,4,0.00,0,7.40,7.05,7.06,14.30
43274,3.91,0.00,2,14.51,14.00,8,14.63,124,0.32,0.33,1282,0.00,0.98,0,0.5000,17.00,88,4,0.00,0,7.40,6.92,7.06,14.50
43378,4.69,0.00,2,14.51,14.00,8,14.63,124,0.32,0.33,1299,0.00,0.98,0,0.5000,17.00,88,4,0.00,0,7.40,7.22,7.06,14.50
43482,4.69,0.00,2,14.51,14.00,8,14.63,124,0.33,0.33,1306,0.00,0.98,0,0.5000,17.00,88,4,0.00,0,7.40,7.00,7.06,14.60
43586,4.69,0.00,2,14.51,14.08,8,14.64,124,0.33,0.32,1286,0.00,0.98,0,0.5000,17.50,88,4,0.00,0,7.40,6.83,7.06,14.90
43691,4.69,0.00,2,14.51,14.00,8,14.63,124,0.32,0.32,1278,0.00,0.98,0,0.5000,17.00,88,4,0.00,0,7.40,6.83,7.06,14.90
43794,4.69,0.00,2,14.51,14.00,8,14.63,124,0.32,0.33,1288,0.00,0.98,0,0.5000,17.00,88,5,0.00,0,7.40,6.96,7.06,14.80
43899,4.69,0.00,2,14.51,14.00,8,14.64,124,0.32,0.32,1290,0.00,0.98,0,0.5000,17.00,88,4,0.00,0,7.40,6.92,7.06,14.80
44002,5.47,0.00,2,14.51,14.00,8,14.63,124,0.32,0.32,1286,0.00,0.98,0,0.5000,17.00,88,4,0.00,0,7.40,6.92,7.06,14.70
44107,5.47,0.00,2,14.51,14.08,8,14.63,124,0.32,0.32,1288,0.00,0.98,0,0.5000,17.00,88,4,0.00,0,7.40,6.88,7.06,14.70
44213,5.47,0.00,2,14.51,14.00,8,14.63,124,0.32,0.32,1232,0.00,0.98,0,0.5000,17.00,88,4,0.00,0,7.40,6.92,7.06,14.80
44315,5.47,0.00,2,14.51,14.08,8,14.63,124,0.32,0.32,1302,0.00,0.98,0,0.5000,16.50,88,4,0.00,0,7.40,6.83,7.06,14.80
44419,6.25,0.00,2,14.51,14.00,8,14.64,124,0.32,0.32,1299,0.00,0.98,0,0.5000,17.00,88,4,0.00,0,7.40,6.96,7.06,14.90
44522,6.25,0.00,2,14.51,14.00,8,14.63,124,0.32,0.32,1285,0.00,0.98,0,0.5000,17.00,88,4,0.00,0,7.25,7.00,7.06,14.80
44626,6.25,0.00,2,14.51,14.00,8,14.63,124,0.32,0.33,1283,0.00,0.98,0,0.5000,17.00,88,4,0.00,0,7.40,6.83,7.06,15.00
44731,6.25,0.00,2,14.51,13.92,8,14.63,124,0.32,0.32,1297,0.00,0.98,0,0.5000,16.50,88,4,0.00,0,7.40,6.96,7.06,14.70
44835,6.25,0.00,2,14.51,14.08,8,14.63,124,0.32,0.32,1308,0.00,0.98,0,0.5000,17.00,88,4,0.00,0,7.40,6.88,7.06,14.70
44938,6.25,0.00,2,14.51,14.00,8,14.63,124,0.32,0.32,1291,0.00,0.98,0,0.5000,17.00,88,4,0.00,0,7.25,6.96,7.06,14.80
45043,6.25,0.00,2,14.51,14.08,8,14.63,124,0.32,0.32,1276,0.00,0.98,0,0.5000,17.00,88,4,0.00,0,7.40,6.88,7.06,14.60
45147,6.25,0.00,2,14.51,14.00,8,14.63,124,0.32,0.32,1303,0.00,0.98,0,0.5000,17.00,88,4,0.00,0,7.25,6.96,7.06,14.60
45251,6.25,0.00,2,14.51,14.00,8,14.63,124,0.32,0.32,1298,0.00,0.98,0,0.5000,17.00,88,4,0.00,0,7.25,7.05,7.06,14.60
45355,6.25,0.00,2,14.51,14.08,8,14.63,124,0.32,0.32,1291,0.00,0.98,0,0.5000,17.00,88,4,0.00,0,7.25,6.79,7.06,14.70
45459,6.25,0.00,2,14.51,14.00,8,14.63,124,0.32,0.32,1295,0.00,0.98,0,0.5000,16.50,88,4,0.00,0,7.25,6.67,7.06,14.60
45563,6.25,0.00,2,14.51,14.00,8,14.63,124,0.32,0.32,1298,0.00,0.98,0,0.5000,17.00,88,4,0.00,0,7.40,6.79,7.06,14.60
45667,5.47,0.00,2,14.51,14.00,8,14.63,124,0.32,0.32,1292,0.00,0.98,0,0.5000,17.00,88,4,0.00,0,7.40,6.96,7.06,14.60
45771,6.25,0.00,2,14.51,14.00,8,14.64,124,0.32,0.33,1342,0.00,0.98,0,0.5000,17.00,88,4,0.00,0,7.40,7.05,7.06,14.50
45875,6.25,0.00,2,14.51,13.92,8,14.63,124,0.32,0.33,1287,0.00,0.98,0,0.5000,17.00,88,5,0.00,0,7.40,7.13,7.06,14.50
45979,6.25,0.00,2,14.51,14.08,8,14.63,124,0.33,0.33,1307,0.00,0.98,0,0.5000,17.00,88,5,0.00,0,7.25,7.05,7.06,14.60
46083,6.25,0.00,2,14.51,13.92,8,14.64,124,0.33,0.33,1296,0.00,0.98,0,0.5000,17.00,88,4,0.00,0,7.25,7.26,7.06,14.50
46186,6.25,0.00,2,14.51,14.00,8,14.63,124,0.33,0.32,1296,0.00,0.98,0,0.5000,17.00,88,4,0.00,0,7.25,7.00,7.06,14.70
46291,6.25,0.00,2,14.51,13.92,8,14.63,124,0.33,0.33,1288,0.00,0.98,0,0.5000,17.00,88,4,0.00,0,7.25,7.05,7.06,14.70
46395,5.47,0.00,2,14.51,14.00,8,14.63,124,0.33,0.33,1299,0.00,0.98,0,0.5000,16.50,88,4,0.00,0,7.25,7.09,7.06,14.50
46499,5.47,0.00,2,14.51,14.00,8,14.63,124,0.33,0.32,1303,0.00,0.98,0,0.5000,17.00,88,4,0.00,0,7.25,6.75,7.06,14.40
46602,5.47,0.00,2,14.51,14.00,8,14.63,124,0.32,0.32,1298,0.00,0.98,0,0.5000,17.00,88,4,0.00,0,7.25,7.05,7.06,14.40
46707,5.47,0.00,2,14.51,13.92,8,14.63,124,0.32,0.32,1290,0.00,0.98,0,0.5000,17.00,88,4,0.00,0,7.25,7.05,7.06,14.50
46810,5.47,0.00,2,14.51,14.00,8,14.63,124,0.32,0.32,1307,0.00,0.98,0,0.5000,17.00,88,4,0.00,0,7.25,6.83,7.06,14.40
46915,5.47,0.00,2,14.51,13.92,8,14.63,124,0.32,0.31,1309,0.00,0.98,0,0.5000,16.50,88,5,0.00,0,7.25,6.83,7.06,14.50
47018,5.47,0.00,2,14.51,14.08,8,14.64,124,0.32,0.32,1283,0.00,0.98,0,0.5000,17.00,88,4,0.00,0,7.25,6.88,7.06,14.50
47123,5.47,0.00,2,14.51,13.92,8,14.63,124,0.32,0.31,1290,0.00,0.98,0,0.5000,17.00,88,4,0.00,0,7.25,6.62,7.06,14.60
47227,5.47,0.00,2,14.51,14.00,8,14.63,124,0.32,0.32,1296,0.00,0.98,0,0.5000,17.00,88,4,0.00,0,7.25,6.96,7.06,14.50
47331,5.47,0.00,2,14.51,13.92,8,14.64,124,0.32,0.32,1280,0.00,0.98,0,0.5000,17.00,88,4,0.00,0,7.25,6.79,7.06,14.50
47435,5.47,0.00,2,14.51,14.00,8,14.64,126,0.32,0.33,1261,0.00,0.98,0,0.5000,18.00,88,4,0.00,0,7.40,6.96,7.06,14.60
47539,5.47,0.00,2,14.51,14.00,8,14.64,126,0.32,0.34,1256,0.00,0.98,0,0.5000,18.00,88,5,0.00,0,7.40,7.09,7.06,14.80
47642,5.47,0.00,2,14.51,14.00,8,14.64,126,0.33,0.33,1257,0.00,0.98,0,0.5000,17.00,88,5,0.00,0,7.40,7.05,7.06,14.70
47747,5.47,0.00,2,14.51,14.00,8,14.64,126,0.33,0.33,1218,0.00,0.98,0,0.5000,17.00,88,4,0.00,0,7.40,6.96,7.06,14.70
47851,5.47,0.00,2,14.51,14.00,8,14.64,126,0.33,0.31,1289,0.00,0.98,0,0.5000,17.00,88,4,0.00,0,7.40,6.71,7.06,14.60
47955,5.47,0.00,2,14.51,14.00,8,14.64,126,0.32,0.31,1336,0.00,0.98,0,0.5000,17.00,88,4,0.00,0,7.40,6.79,7.06,14.50
48059,5.47,0.00,2,14.51,14.08,8,14.64,126,0.32,0.32,1276,0.00,0.98,0,0.5000,17.00,88,4,0.00,0,7.40,6.88,7.06,14.50
48163,5.47,0.00,2,14.51,14.08,8,14.64,126,0.32,0.33,1281,0.00,0.98,0,0.5000,17.00,88,4,0.00,0,7.40,6.75,7.06,14.50
48267,5.47,0.00,2,14.51,14.08,8,14.64,126,0.32,0.32,1273,0.00,0.98,0,0.5000,17.00,88,4,0.00,0,7.40,6.88,7.06,14.60
48371,5.47,0.00,2,14.51,14.00,8,14.64,126,0.32,0.33,1262,0.00,0.98,0,0.5000,17.00,88,4,0.00,0,7.40,6.83,7.06,14.50
48475,5.47,0.00,2,14.51,14.00,8,14.64,126,0.32,0.33,1250,0.00,0.98,0,0.5000,17.50,88,5,0.00,0,7.40,6.96,7.06,14.60
48579,5.47,0.00,2,14.51,14.00,8,14.64,126,0.33,0.32,1252,0.00,0.98,0,0.5000,17.00,88,5,0.00,0,7.40,6.79,7.06,14.60
48683,5.47,0.00,2,14.51,14.08,8,14.64,126,0.32,0.31,1252,0.00,0.98,0,0.5000,17.00,88,5,0.00,0,7.40,6.71,7.06,14.60
48787,5.47,0.00,2,14.51,14.00,8,14.64,126,0.32,0.32,1271,0.00,0.98,0,0.5000,17.00,88,5,0.00,0,7.40,6.79,7.06,14.80
48891,6.25,0.00,2,14.51,14.00,8,14.64,126,0.32,0.32,1269,0.00,0.98,0,0.5000,17.00,88,5,0.00,0,7.40,6.62,7.06,14.80
48995,6.25,0.00,2,14.51,13.92,8,14.64,126,0.32,0.31,1260,0.00,0.98,0,0.5000,17.00,88,5,0.00,0,7.40,6.54,7.06,14.80
49099,6.25,0.00,2,14.51,14.00,8,14.64,126,0.32,0.32,1260,0.00,0.98,0,0.5000,17.00,88,5,0.00,0,7.40,6.58,7.06,14.80
49202,6.25,0.00,2,14.51,14.00,8,14.64,126,0.32,0.32,1250,0.00,0.98,0,0.5000,17.00,88,4,0.00,0,7.40,6.62,7.06,14.80
49307,7.03,0.00,2,14.51,14.00,8,14.64,126,0.32,0.33,1246,0.00,0.98,0,0.5000,17.50,88,4,0.00,0,7.55,6.67,7.06,14.80
49411,7.03,0.00,2,14.51,14.00,8,14.64,126,0.32,0.32,1242,0.00,0.98,0,0.5000,17.00,88,4,0.00,0,7.55,6.50,7.06,14.90
49515,7.03,0.00,2,14.51,14.00,8,14.64,126,0.32,0.32,1233,0.00,0.98,0,0.5000,17.00,88,4,0.00,0,7.55,6.71,7.06,15.00
49619,7.81,0.00,2,14.51,14.00,8,14.64,126,0.32,0.32,1248,0.00,0.98,0,0.5000,17.00,88,4,0.00,0,7.55,6.58,7.06,14.90
49723,7.81,0.00,2,14.51,14.00,8,14.64,126,0.32,0.32,1235,0.00,0.98,0,0.5000,17.00,88,5,0.00,0,7.55,6.54,7.06,15.00
49827,7.81,0.00,2,14.51,14.00,8,14.64,126,0.32,0.31,1234,0.00,0.98,0,0.5000,17.00,88,5,0.00,0,7.55,6.54,7.06,15.00
49931,8.59,0.00,2,14.51,14.00,8,14.64,126,0.32,0.32,1229,0.00,0.98,0,0.5000,17.00,88,5,0.00,0,7.55,6.54,7.06,15.00
50035,8.59,0.00,2,14.51,14.00,8,14.64,126,0.32,0.31,1250,0.00,0.98,0,0.5000,17.00,88,4,0.00,0,7.55,6.58,7.06,15.00
50139,8.59,0.00,2,14.51,14.00,8,14.64,126,0.32,0.31,1253,0.00,0.98,0,0.5000,17.00,88,4,0.00,0,7.55,6.58,7.06,15.10
50243,9.38,0.00,2,14.51,14.00,8,14.64,126,0.32,0.32,1248,0.00,0.98,0,0.5000,17.00,88,5,0.00,0,7.55,6.71,7.06,14.80
50347,9.38,0.00,2,14.51,14.08,8,14.64,126,0.32,0.33,1242,0.00,0.98,0,0.5000,17.00,88,4,0.00,0,7.55,6.79,7.06,14.90
50451,9.38,0.00,2,14.51,14.00,8,14.64,126,0.32,0.32,1254,0.00,0.98,0,0.5000,17.00,88,4,0.00,0,7.55,6.79,7.06,15.10
50555,9.38,0.00,2,14.51,13.92,8,14.64,126,0.32,0.32,1260,0.00,0.98,0,0.5000,16.50,88,4,0.00,0,7.55,6.79,7.06,14.80
50659,9.38,0.00,2,14.51,13.92,8,14.63,126,0.32,0.32,1280,0.00,0.98,0,0.5000,15.50,88,4,0.00,0,7.55,6.54,7.06,14.80
50763,9.38,0.00,2,14.51,14.00,8,14.64,126,0.32,0.32,1283,0.00,0.98,0,0.5000,15.50,88,4,0.00,0,7.40,6.79,7.06,14.80
50867,9.38,0.00,2,14.51,14.00,8,14.64,126,0.32,0.32,1339,0.00,0.98,0,0.5000,16.50,88,4,0.00,0,7.40,6.92,7.06,14.80
50971,9.38,0.00,2,14.51,14.00,8,14.64,126,0.32,0.31,1283,0.00,0.98,0,0.5000,16.50,88,5,0.00,0,7.40,6.71,7.06,14.80
51075,9.38,0.00,2,14.51,14.00,8,14.63,126,0.32,0.32,1282,0.00,0.98,0,0.5000,16.00,88,4,0.00,0,7.25,6.83,7.06,14.60
51179,8.59,0.00,2,14.51,13.92,8,14.63,126,0.32,0.32,1296,0.00,0.98,0,0.5000,16.50,88,4,0.00,0,7.25,6.75,7.06,14.50
51283,8.59,0.00,2,14.51,14.00,8,14.64,126,0.32,0.32,1294,0.00,0.98,0,0.5000,16.50,88,4,0.00,0,7.25,6.79,7.06,14.40
51387,8.59,0.00,2,14.51,14.08,8,14.64,126,0.32,0.32,1338,0.00,0.98,0,0.5000,17.00,88,4,0.00,0,7.25,6.58,7.06,14.40
51491,7.81,0.00,2,14.51,13.92,8,14.63,126,0.32,0.31,1278,0.00,0.98,0,0.5000,16.50,88,4,0.00,0,7.25,6.54,7.06,14.40
51595,7.81,0.00,2,14.51,14.08,8,14.63,126,0.31,0.30,1292,0.00,0.98,0,0.5000,16.50,90,4,0.00,0,7.25,6.67,7.06,14.40
51700,7.81,0.00,2,14.51,13.92,8,14.64,126,0.31,0.31,1296,0.00,0.98,0,0.5000,16.50,90,4,0.00,0,7.25,6.83,7.06,14.50
51803,7.81,0.00,2,14.51,14.00,8,14.64,126,0.31,0.32,1342,0.00,0.98,0,0.5000,17.00,88,4,0.00,0,7.25,6.75,7.06,14.30
51908,7.81,0.00,2,14.51,14.08,8,14.64,126,0.31,0.31,1265,0.00,0.98,0,0.5000,17.00,90,4,0.00,0,7.25,6.75,7.06,14.50
52011,7.81,0.00,2,14.51,14.00,8,14.64,126,0.32,0.32,1257,0.00,0.98,0,0.5000,17.00,90,4,0.00,0,7.25,6.75,7.06,14.40
52115,7.03,0.00,2,14.51,14.00,8,14.64,126,0.32,0.32,1276,0.00,0.98,0,0.5000,17.00,90,4,0.00,0,7.25,6.54,7.06,14.50
52218,7.03,0.00,2,14.51,13.92,8,14.64,126,0.31,0.32,1276,0.00,0.98,0,0.5000,16.50,90,4,0.00,0,7.25,6.88,7.06,14.40
52323,7.03,0.00,2,14.51,14.00,8,14.64,126,0.32,0.31,1340,0.00,0.98,0,0.5000,17.00,90,4,0.00,0,7.25,6.75,7.06,14.40
52427,7.03,0.00,2,14.51,14.00,8,14.63,126,0.32,0.31,1271,0.00,0.98,0,0.5000,17.00,90,4,0.00,0,7.25,6.50,7.06,14.40
52531,7.03,0.00,2,14.51,14.00,8,14.64,126,0.31,0.32,1272,0.00,0.98,0,0.5000,17.00,90,4,0.00,0,7.25,6.67,7.06,14.40
52635,7.03,0.00,2,14.51,14.00,8,14.64,127,0.32,0.31,1269,0.00,0.98,0,0.5000,17.00,90,4,0.00,0,7.25,6.58,7.06,14.50
52739,7.03,0.00,2,14.51,13.92,8,14.64,127,0.32,0.31,1256,0.00,0.98,0,0.5000,17.00,90,4,0.00,0,7.25,6.54,7.06,14.50
52843,7.03,0.00,2,14.51,13.92,8,14.64,127,0.32,0.31,1250,0.00,0.98,0,0.5000,17.50,90,5,0.00,0,7.25,6.50,7.06,14.40
52947,7.03,0.00,2,14.51,14.00,8,14.64,127,0.31,0.32,1239,0.00,0.98,0,0.5000,17.00,90,4,0.00,0,7.40,6.67,7.06,14.40
53051,7.03,0.00,2,14.51,13.92,8,14.64,127,0.32,0.33,1237,0.00,0.98,0,0.5000,18.00,90,5,0.00,0,7.40,6.71,7.06,14.50
53155,7.03,0.00,2,14.51,14.08,8,14.64,127,0.32,0.32,1249,0.00,0.98,0,0.5000,17.00,90,5,0.00,0,7.40,6.58,7.06,14.60
53259,6.25,0.00,2,14.51,14.00,8,14.64,127,0.32,0.32,1266,0.00,0.98,0,0.5000,17.00,90,5,0.00,0,7.40,6.67,7.06,14.50
53363,6.25,0.00,2,14.51,13.92,8,14.64,127,0.32,0.31,1266,0.00,0.98,0,0.5000,16.50,90,4,0.00,0,7.40,6.37,7.06,14.40
53467,6.25,0.00,2,14.51,14.00,8,14.64,127,0.31,0.30,1260,0.00,0.98,0,0.5000,17.00,90,4,0.00,0,7.25,6.45,7.06,14.50
53571,6.25,0.00,2,14.51,14.00,8,14.64,127,0.31,0.30,1258,0.00,0.98,0,0.5000,17.00,90,4,0.00,0,7.25,6.45,7.06,14.50
53675,6.25,0.00,2,14.51,14.00,8,14.64,127,0.31,0.32,1256,0.00,0.98,0,0.5000,18.00,90,4,0.00,0,7.25,6.54,7.06,14.50
53779,6.25,0.00,2,14.51,14.08,8,14.64,127,0.31,0.31,1248,0.00,0.98,0,0.5000,17.00,90,5,0.00,0,7.25,6.45,7.06,14.50
53883,6.25,0.00,2,14.51,13.92,8,14.64,127,0.31,0.30,1242,0.00,0.98,0,0.5000,17.00,90,4,0.00,0,7.40,6.41,7.06,14.50
53987,6.25,0.00,2,14.51,13.92,8,14.64,127,0.31,0.32,1243,0.00,0.98,0,0.5000,17.00,90,4,0.00,0,7.40,6.45,7.06,14.60
54091,7.03,0.00,2,14.51,14.00,8,14.64,127,0.31,0.32,1276,0.00,0.98,0,0.5000,18.50,90,5,0.00,0,7.40,6.50,7.06,14.80
54195,7.03,0.00,2,14.51,14.00,8,14.64,127,0.32,0.30,1221,0.00,0.98,0,0.5000,17.00,90,4,0.00,0,7.40,6.21,7.06,14.70
54299,7.03,0.00,2,14.51,14.00,8,14.64,127,0.31,0.31,1220,0.00,0.98,0,0.5000,18.00,90,5,0.00,0,7.40,6.41,7.06,14.70
54403,7.03,0.00,2,14.51,13.92,8,14.64,127,0.31,0.31,1206,0.00,0.98,0,0.5000,18.00,90,5,0.00,0,7.55,6.45,7.06,14.70
54507,7.81,0.00,2,14.51,14.00,8,14.64,127,0.31,0.32,1214,0.00,0.98,0,0.5000,17.00,90,5,0.00,0,7.55,6.54,7.06,14.80
54612,7.81,0.00,2,14.51,14.08,8,14.64,127,0.32,0.31,1157,0.00,0.98,0,0.5000,17.00,90,4,0.00,0,7.55,6.33,7.06,14.80
54715,7.81,0.00,2,14.51,14.00,8,14.64,127,0.32,0.32,1228,0.00,0.98,0,0.5000,17.00,90,5,0.00,0,7.55,6.37,7.06,14.90
54819,7.81,0.00,2,14.51,14.00,8,14.64,127,0.32,0.31,1239,0.00,0.98,0,0.5000,17.00,90,5,0.00,0,7.55,6.50,7.06,15.00
54923,8.59,0.00,2,14.51,14.00,8,14.64,127,0.32,0.32,1218,0.00,0.98,0,0.5000,17.00,90,5,0.00,0,7.55,6.54,7.06,14.90
55027,8.59,0.00,2,14.51,13.92,8,14.64,127,0.32,0.32,1202,0.00,0.98,0,0.5000,17.50,90,4,0.00,0,7.55,6.50,7.06,14.90
55131,8.59,0.00,2,14.51,14.08,8,14.64,127,0.32,0.32,1204,0.00,0.98,0,0.5000,17.50,90,4,0.00,0,7.55,6.50,7.06,15.00
55235,8.59,0.00,2,14.51,14.00,8,14.64,127,0.32,0.30,1213,0.00,0.98,0,0.5000,17.00,90,4,0.00,0,7.69,6.02,7.06,15.00
55340,9.38,0.00,2,14.51,14.00,8,14.64,127,0.31,0.32,1199,0.00,0.98,0,0.5000,17.50,90,4,0.00,0,7.69,6.45,7.06,14.90
55444,9.38,0.00,2,14.51,14.08,8,14.64,127,0.32,0.33,1202,0.00,0.98,0,0.5000,17.00,90,4,0.00,0,7.69,6.62,7.06,14.80
55548,9.38,0.00,2,14.51,13.92,8,14.64,127,0.32,0.34,1153,0.00,0.98,0,0.5000,17.00,90,4,0.00,0,7.69,6.67,7.06,14.90
55651,10.16,0.00,2,14.51,14.00,8,14.64,127,0.33,0.34,1155,0.00,0.98,0,0.5000,17.00,90,4,0.00,0,7.84,6.96,7.06,14.80
55756,10.16,0.00,2,14.51,14.00,8,14.64,127,0.33,0.33,1220,0.00,0.98,0,0.5000,16.50,90,4,0.00,0,7.84,6.62,7.06,15.10
55860,10.16,0.00,2,14.51,13.92,8,14.64,127,0.33,0.33,1237,0.00,0.98,0,0.5000,16.00,90,4,0.00,0,7.69,6.88,7.06,15.10
55964,10.16,0.00,2,14.51,14.08,8,14.64,127,0.33,0.32,1249,0.00,0.98,0,0.5000,16.00,90,5,0.00,0,7.69,6.83,7.06,15.00
56068,10.94,0.00,2,14.51,13.84,8,14.64,127,0.33,0.31,1264,0.00,0.98,0,0.5000,15.00,90,4,0.00,0,7.55,6.75,7.06,15.00
56171,10.94,0.00,2,14.51,14.00,8,14.64,127,0.32,0.32,1261,0.00,0.98,0,0.5000,15.50,90,4,0.00,0,7.55,6.92,7.06,15.00
56276,10.16,0.00,2,14.51,14.00,8,14.64,127,0.32,0.33,1276,0.00,0.98,0,0.5000,16.00,90,4,0.00,0,7.55,6.88,7.06,14.80
56380,10.16,0.00,2,14.51,14.00,8,14.64,127,0.32,0.33,1279,0.00,0.98,0,0.5000,15.50,90,4,0.00,0,7.40,6.88,7.06,14.80
56484,10.16,0.00,2,14.51,14.08,8,14.64,127,0.33,0.32,1339,0.00,0.98,0,0.5000,16.00,90,4,0.00,0,7.40,6.96,7.06,14.40
56587,10.16,0.00,2,14.51,13.92,8,14.63,127,0.33,0.31,1278,0.00,0.98,0,0.5000,16.00,90,4,0.00,0,7.40,6.50,7.06,14.40
56692,9.38,0.00,2,14.51,14.00,8,14.63,127,0.32,0.32,1284,0.00,0.98,0,0.5000,15.50,90,4,0.00,0,7.40,6.79,7.06,14.40
56795,8.59,0.00,2,14.51,13.92,8,14.63,127,0.32,0.33,1294,0.00,0.98,0,0.5000,15.50,90,4,0.00,0,7.40,6.83,7.06,14.30
56900,8.59,0.00,2,14.51,14.00,8,14.63,127,0.32,0.30,1299,0.00,0.98,0,0.5000,16.00,90,4,0.00,0,7.25,6.62,7.06,14.30
57004,8.59,0.00,2,14.51,14.08,8,14.64,127,0.31,0.31,1275,0.00,0.98,0,0.5000,16.50,90,5,0.00,0,7.25,6.71,7.06,14.30
57108,8.59,0.00,2,14.51,14.00,8,14.63,127,0.31,0.32,1282,0.00,0.98,0,0.5000,16.50,90,5,0.00,0,7.25,6.79,7.06,14.40
57212,8.59,0.00,2,14.51,14.00,8,14.63,127,0.31,0.33,1226,0.00,0.98,0,0.5000,16.50,90,5,0.00,0,7.25,6.96,7.06,14.40
57316,8.59,0.00,2,14.51,13.92,8,14.64,127,0.32,0.31,1293,0.00,0.98,0,0.5000,16.50,90,4,0.00,0,7.25,6.58,7.06,14.50
57420,8.59,0.00,2,14.51,14.00,8,14.64,127,0.31,0.32,1283,0.00,0.98,0,0.5000,17.00,90,4,0.00,0,7.25,6.62,7.06,14.50
57524,8.59,0.00,2,14.51,14.00,8,14.63,127,0.31,0.30,1290,0.00,0.98,0,0.5000,17.00,90,4,0.00,0,7.25,6.54,7.06,14.40
57628,8.59,0.00,2,14.51,14.00,8,14.63,127,0.31,0.31,1302,0.00,0.98,0,0.5000,16.00,90,4,0.00,0,7.25,6.75,7.06,14.50
57732,7.81,0.00,2,14.51,13.92,8,14.63,127,0.31,0.31,1302,0.00,0.98,0,0.5000,16.50,90,4,0.00,0,7.11,6.58,7.06,14.40
57836,7.81,0.00,2,14.51,14.00,8,14.63,127,0.31,0.28,1287,0.00,0.98,0,0.5000,16.50,90,4,0.00,0,7.11,6.25,7.06,14.50
57940,8.59,0.00,2,14.51,13.92,8,14.63,127,0.30,0.30,1291,0.00,0.98,0,0.5000,17.00,90,4,0.00,0,7.11,6.58,7.06,14.40
58044,8.59,0.00,2,14.51,14.00,8,14.63,127,0.30,0.31,1294,0.00,0.98,0,0.5000,16.50,90,5,0.00,0,7.11,6.62,7.06,14.50
58148,8.59,0.00,2,14.51,14.00,8,14.64,127,0.30,0.31,1298,0.00,0.98,0,0.5000,16.50,90,5,0.00,0,7.11,6.75,7.06,14.60
58251,8.59,0.00,2,14.51,13.92,8,14.64,127,0.31,0.31,1286,0.00,0.98,0,0.5000,17.00,90,4,0.00,0,7.11,6.71,7.06,14.50
58355,8.59,0.00,2,14.51,14.00,8,14.63,129,0.31,0.31,1287,0.00,0.98,0,0.5000,17.00,90,4,0.00,0,7.11,6.67,7.06,14.50
58460,8.59,0.00,2,14.51,14.00,8,14.63,129,0.31,0.30,1300,0.00,0.98,0,0.5000,16.50,90,4,0.00,0,7.11,6.28,7.06,14.80
58564,7.81,0.00,2,14.51,14.00,8,14.64,129,0.30,0.30,1298,0.00,0.98,0,0.5000,16.50,90,4,0.00,0,7.11,6.54,7.06,14.50
58668,7.81,0.00,2,14.51,14.08,8,14.64,129,0.30,0.29,1284,0.00,0.98,0,0.5000,17.50,90,4,0.00,0,7.11,6.21,7.06,14.40
58771,7.03,0.00,2,14.51,13.92,8,14.64,129,0.30,0.31,1266,0.00,0.98,0,0.5000,17.50,90,5,0.00,0,7.11,6.50,6.67,14.40
58876,7.03,0.00,2,14.51,14.00,8,14.64,129,0.30,0.30,1258,0.00,0.98,0,0.5000,17.50,90,5,0.00,0,7.11,6.25,7.06,14.40
58980,7.03,0.00,2,14.51,14.00,8,14.64,129,0.30,0.31,1260,0.00,0.98,0,0.5000,17.50,90,4,0.00,0,7.11,6.54,6.67,14.40
59084,7.03,0.00,2,14.51,13.92,8,14.64,129,0.31,0.31,1246,0.00,0.98,0,0.5000,18.50,90,5,0.00,0,7.11,6.37,6.67,14.40
59188,7.03,0.00,2,14.51,14.00,8,14.64,129,0.31,0.31,1244,0.00,0.98,0,0.5000,17.50,90,5,0.00,0,7.11,6.37,6.67,14.40
59292,7.03,0.00,2,14.51,14.00,8,14.64,129,0.31,0.31,1240,0.00,0.98,0,0.5000,17.50,90,4,0.00,0,7.11,6.37,6.67,14.40
59396,7.03,0.00,2,14.51,14.00,8,14.64,129,0.31,0.30,1234,0.00,0.98,0,0.5000,19.00,90,4,0.00,0,7.25,6.25,6.67,14.50
59500,7.03,0.00,2,14.51,13.92,8,14.64,129,0.31,0.32,1228,0.00,0.98,0,0.5000,18.00,90,4,0.00,0,7.25,6.62,6.67,14.40
59604,7.03,0.00,2,14.51,14.00,8,14.64,129,0.31,0.31,1231,0.00,0.98,0,0.5000,18.00,90,4,0.00,0,7.25,6.37,6.67,14.40
59707,7.03,0.00,2,14.51,14.08,8,14.64,129,0.31,0.31,1231,0.00,0.98,0,0.5000,17.50,90,4,0.00,0,7.25,6.33,6.67,14.40
59812,6.25,0.00,2,14.51,14.00,8,14.64,129,0.31,0.31,1228,0.00,0.98,0,0.5000,17.00,90,4,0.00,0,7.25,6.28,6.67,14.40
59916,6.25,0.00,2,14.51,13.92,8,14.64,129,0.31,0.31,1223,0.00,0.98,0,0.5000,17.50,90,4,0.00,0,7.25,6.28,6.67,14.50
60020,6.25,0.00,2,14.51,14.00,8,14.64,129,0.31,0.31,1212,0.00,0.98,0,0.5000,17.00,90,4,0.00,0,7.25,6.45,6.67,14.50
60124,6.25,0.00,2,14.51,13.92,8,14.64,129,0.31,0.30,1273,0.00,0.98,0,0.5000,17.50,90,4,0.00,0,7.25,6.21,6.67,14.50
60228,6.25,0.00,2,14.51,14.08,8,14.64,129,0.31,0.32,1263,0.00,0.98,0,0.5000,18.50,90,4,0.00,0,7.25,6.28,6.67,14.60
60332,6.25,0.00,2,14.51,14.00,8,14.64,129,0.31,0.31,1181,0.00,0.98,0,0.5000,19.00,90,5,0.00,0,7.40,6.24,6.67,14.50
60436,6.25,0.00,2,14.51,14.00,8,14.64,129,0.31,0.31,1194,0.00,0.98,0,0.5000,18.00,90,5,0.00,0,7.40,6.33,6.67,14.60
60540,6.25,0.00,2,14.51,14.00,8,14.64,129,0.31,0.31,1191,0.00,0.98,0,0.5000,18.00,90,5,0.00,0,7.40,6.02,7.06,14.60
60643,6.25,0.00,2,14.51,13.92,8,14.64,129,0.31,0.30,1179,0.00,0.98,0,0.5000,18.00,90,4,0.00,0,7.40,6.02,6.67,14.60
60748,6.25,0.00,2,14.51,14.00,8,14.64,129,0.31,0.31,1190,0.00,0.98,0,0.5000,18.00,90,4,0.00,0,7.40,6.15,6.67,14.50
60852,6.25,0.00,2,14.51,14.00,8,14.65,129,0.31,0.32,1182,0.00,0.98,0,0.5000,18.00,90,5,0.00,0,7.55,6.21,6.67,14.50
60956,7.03,0.00,2,14.51,14.00,8,14.64,129,0.31,0.32,1190,0.00,0.98,0,0.5000,17.00,90,5,0.00,0,7.55,6.28,6.67,14.60
61060,7.03,0.00,2,14.51,14.00,8,14.64,129,0.32,0.32,1186,0.00,0.98,0,0.5000,17.00,90,5,0.00,0,7.55,6.08,6.67,14.80
61164,7.03,0.00,2,14.51,14.00,8,14.64,129,0.31,0.31,1198,0.00,0.98,0,0.5000,17.00,90,5,0.00,0,7.55,6.21,7.06,14.80
61268,7.81,0.00,2,14.51,13.92,8,14.65,129,0.31,0.32,1187,0.00,0.98,0,0.5000,17.50,90,5,0.00,0,7.55,6.25,6.67,14.80
61372,7.81,0.00,2,14.51,14.00,8,14.65,129,0.32,0.32,1167,0.00,0.99,0,0.5000,18.50,90,5,0.00,0,7.69,6.18,7.06,14.90
61476,8.59,0.00,2,14.51,14.00,8,14.65,129,0.32,0.31,1178,0.00,0.99,0,0.5000,18.00,90,5,0.00,0,7.69,6.11,7.06,15.00
61580,8.59,0.00,2,14.51,14.00,8,14.65,129,0.32,0.31,1162,0.00,0.99,0,0.5000,17.50,90,4,0.00,0,7.84,5.98,7.06,14.90
61684,9.38,0.00,2,14.51,14.00,8,14.65,129,0.31,0.31,1180,0.00,0.99,0,0.5000,17.00,90,5,0.00,0,7.98,6.28,7.06,15.00
61788,9.38,0.00,2,14.51,13.92,8,14.65,129,0.32,0.34,1176,0.00,0.99,0,0.5000,17.00,90,5,0.00,0,7.98,6.54,7.06,15.10
61892,10.16,0.00,2,14.51,14.00,8,14.65,129,0.32,0.34,1177,0.00,0.99,0,0.5000,17.00,90,4,0.00,0,7.98,6.54,7.06,15.30
61996,10.94,0.00,2,14.51,14.00,8,14.65,129,0.33,0.33,1176,0.00,0.99,0,0.5000,17.00,90,4,0.00,0,7.98,6.45,7.06,15.40
62100,11.72,0.00,2,14.51,14.00,8,14.64,129,0.33,0.32,1194,0.00,0.99,0,0.5000,16.50,90,5,0.00,0,7.98,6.37,7.06,15.60
62204,12.50,0.00,2,14.51,14.00,8,14.64,129,0.32,0.32,1196,0.00,0.98,0,0.5000,16.00,90,4,0.00,0,7.98,6.28,7.06,15.60
62309,12.50,0.00,2,14.51,14.00,8,14.64,129,0.32,0.31,1277,0.00,0.98,0,0.5000,15.50,90,4,0.00,0,7.84,6.18,7.06,15.40
62412,12.50,0.00,2,14.51,14.00,8,14.64,129,0.31,0.31,1216,0.00,0.98,0,0.5000,16.50,90,4,0.00,0,7.84,6.15,7.06,15.30
62516,12.50,0.00,2,14.51,14.00,8,14.64,129,0.31,0.32,1211,0.00,0.98,0,0.5000,16.00,90,4,0.00,0,7.69,6.54,7.06,15.20
62620,12.50,0.00,2,14.51,14.08,8,14.64,129,0.31,0.34,1225,0.00,0.98,0,0.5000,16.50,90,4,0.00,0,7.69,6.88,7.06,15.10
62725,13.28,0.00,2,14.51,14.00,8,14.64,129,0.32,0.33,1234,0.00,0.98,0,0.5000,14.50,90,4,0.00,0,7.69,6.62,7.06,15.00
62828,13.28,0.00,2,14.51,14.00,8,14.64,129,0.32,0.33,1252,0.00,0.98,0,0.5000,14.00,90,4,0.00,0,7.69,7.05,7.06,15.00
62932,14.06,0.00,2,14.51,14.00,8,14.64,129,0.33,0.33,1254,0.00,0.98,0,0.5000,13.50,90,4,0.00,0,7.69,6.88,7.06,14.90
63036,13.28,0.00,2,14.51,14.08,8,14.64,129,0.33,0.32,1254,0.00,0.98,0,0.5000,14.50,90,4,0.00,0,7.55,6.88,7.06,15.10
63140,13.28,0.00,2,14.51,14.00,8,14.64,129,0.33,0.32,1260,0.00,0.98,0,0.5000,14.50,90,4,0.00,0,7.55,6.92,7.06,14.90
63244,13.28,0.00,2,14.51,14.00,8,14.63,129,0.33,0.33,1224,0.00,0.98,0,0.5000,13.50,90,4,0.00,0,7.55,7.00,7.06,15.40
63348,12.50,0.00,2,14.51,13.92,8,14.63,129,0.33,0.33,1298,0.00,0.98,0,0.5000,14.00,90,4,0.00,0,7.40,6.88,7.06,14.40
63452,12.50,0.00,2,14.51,14.00,8,14.64,129,0.32,0.33,1279,0.00,0.99,0,0.5000,16.50,90,5,0.00,0,7.40,7.05,7.06,14.40
63556,11.72,0.00,2,14.51,14.08,8,14.64,129,0.33,0.33,1336,0.00,0.98,0,0.5000,16.00,90,4,0.00,0,7.40,6.96,7.06,14.30
63660,10.94,0.00,2,14.51,14.00,8,14.63,129,0.33,0.32,1276,0.00,0.98,0,0.5000,15.50,90,4,0.00,0,7.25,6.96,7.06,14.20
63764,10.16,0.00,2,14.51,14.00,8,14.63,131,0.32,0.33,1300,0.00,0.98,0,0.5000,14.50,90,4,0.00,0,7.25,7.00,7.06,14.10
63868,10.16,0.00,2,14.51,13.92,8,14.64,131,0.32,0.31,1299,0.00,0.99,0,0.5000,16.00,90,4,0.00,0,7.25,6.71,7.06,14.10
63972,9.38,0.00,2,14.51,14.00,8,14.63,131,0.32,0.31,1286,0.00,0.99,0,0.5000,16.00,90,4,0.00,0,7.25,6.67,7.06,14.00
64076,8.59,0.00,2,14.51,14.00,8,14.63,131,0.31,0.32,1294,0.00,0.99,0,0.5000,16.00,90,4,0.00,0,7.11,6.88,7.06,14.00
64180,7.81,0.00,2,14.51,14.00,8,14.63,131,0.32,0.31,1310,0.00,0.99,0,0.5000,16.00,90,4,0.00,0,7.11,6.71,7.06,14.00
64284,7.81,0.00,2,14.51,14.00,8,14.63,131,0.31,0.31,1311,0.00,0.99,0,0.5000,16.00,90,4,0.00,0,7.11,6.92,7.06,14.00
64388,7.81,0.00,2,14.51,14.00,8,14.63,131,0.31,0.31,1295,0.00,0.99,0,0.5000,16.50,90,4,0.00,0,7.11,6.79,7.06,14.10
64492,7.03,0.00,2,14.51,13.92,8,14.63,131,0.31,0.30,1296,0.00,0.99,0,0.5000,16.50,90,4,0.00,0,6.96,6.54,7.06,14.10
64596,7.03,0.00,2,14.51,14.08,8,14.63,131,0.31,0.31,1300,0.00,0.99,0,0.5000,16.50,90,4,0.00,0,6.96,6.45,7.06,14.20
64700,6.25,0.00,2,14.51,13.92,8,14.64,131,0.31,0.30,1296,0.00,0.99,0,0.5000,16.50,90,4,0.00,0,6.96,6.33,7.06,14.20
64804,5.47,0.00,2,14.51,14.00,8,14.64,131,0.30,0.29,1282,0.00,0.99,0,0.5000,17.00,90,4,0.00,0,6.96,6.33,6.67,14.10
64908,5.47,0.00,2,14.51,13.92,8,14.64,131,0.30,0.30,1278,0.00,0.99,0,0.5000,17.00,90,5,0.00,0,6.96,6.41,6.67,14.10
65012,5.47,0.00,2,14.51,14.00,8,14.64,131,0.30,0.31,1272,0.00,0.99,0,0.5000,17.00,90,5,0.00,0,6.96,6.37,6.67,14.20
65116,5.47,0.00,2,14.51,14.00,8,14.64,131,0.30,0.30,1270,0.00,0.99,0,0.5000,17.00,90,5,0.00,0,6.96,6.28,6.67,14.20
65220,5.47,0.00,2,14.51,14.00,8,14.64,131,0.30,0.30,1272,0.00,0.99,0,0.5000,17.50,90,5,0.00,0,6.96,6.37,6.67,14.40
65324,5.47,0.00,2,14.51,14.00,8,14.64,131,0.30,0.31,1238,0.00,0.99,0,0.5000,19.00,90,4,0.00,0,7.11,6.28,6.67,14.50
65428,5.47,0.00,2,14.51,14.00,8,14.64,131,0.30,0.31,1231,0.00,0.99,0,0.5000,19.50,90,5,0.00,0,7.11,6.54,6.67,14.40
65532,5.47,0.00,2,14.51,13.92,8,14.64,131,0.31,0.31,1232,0.00,0.99,0,0.5000,18.50,90,5,0.00,0,7.11,6.37,6.67,14.40
65637,5.47,0.00,2,14.51,14.00,8,14.64,131,0.31,0.31,1236,0.00,0.99,0,0.5000,18.00,90,4,0.00,0,7.11,6.33,6.67,14.60
65740,5.47,0.00,2,14.51,14.00,8,14.64,131,0.31,0.30,1230,0.00,0.99,0,0.5000,18.00,90,4,0.00,0,7.11,6.21,6.67,14.50
65844,4.69,0.00,2,14.51,13.92,8,14.64,131,0.31,0.31,1220,0.00,0.99,0,0.5000,18.00,90,4,0.00,0,7.11,6.28,6.67,14.50
65948,4.69,0.00,2,14.51,14.00,8,14.64,131,0.31,0.31,1218,0.00,0.99,0,0.5000,18.00,90,4,0.00,0,7.25,6.18,6.67,14.50
66052,4.69,0.00,2,14.51,13.92,8,14.64,131,0.31,0.31,1216,0.00,0.99,0,0.5000,18.50,90,5,0.00,0,7.25,6.15,6.67,14.50
66157,4.69,0.00,2,14.51,14.00,8,14.64,131,0.31,0.30,1184,0.00,0.99,0,0.5000,19.00,90,4,0.00,0,7.25,5.89,6.67,14.40
66261,4.69,0.00,2,14.51,14.00,8,14.64,131,0.30,0.29,1188,0.00,0.99,0,0.5000,18.50,90,5,0.00,0,7.25,5.95,6.67,14.50
66364,4.69,0.00,2,14.51,14.00,8,14.65,131,0.30,0.30,1171,0.00,0.99,0,0.5000,20.50,90,5,0.00,0,7.40,6.05,6.67,14.40
66469,4.69,0.00,2,14.51,14.08,8,14.65,131,0.30,0.31,1169,0.00,0.99,0,0.5000,20.00,90,5,0.00,0,7.40,5.98,6.67,14.50
66572,5.47,0.00,2,14.51,14.00,8,14.65,131,0.31,0.30,1166,0.00,0.99,0,0.5000,19.50,90,5,0.00,0,7.40,5.95,6.67,14.60
66677,6.25,0.00,2,14.51,14.00,8,14.65,131,0.31,0.31,1145,0.00,0.99,0,0.5000,20.00,90,5,0.00,0,7.55,5.98,6.67,15.00
66780,6.25,0.00,2,14.51,14.00,8,14.65,131,0.31,0.31,1162,0.00,0.99,0,0.5000,20.00,90,5,0.00,0,7.55,6.02,6.67,15.00
66885,6.25,0.00,2,14.51,13.92,8,14.65,131,0.31,0.31,1159,0.00,0.99,0,0.5000,18.00,90,5,0.00,0,7.55,6.05,6.67,15.00
66988,7.03,0.00,2,14.51,14.08,8,14.65,131,0.31,0.31,1166,0.00,0.99,0,0.5000,18.00,90,5,0.00,0,7.55,6.08,6.67,15.00
67093,7.03,0.00,2,14.51,14.00,8,14.65,131,0.31,0.31,1156,0.00,0.99,0,0.5000,18.00,90,5,0.00,0,7.55,6.15,6.67,15.10
67196,7.03,0.00,2,14.51,14.00,8,14.65,131,0.31,0.31,1156,0.00,0.99,0,0.5000,17.50,90,5,0.00,0,7.69,6.05,6.67,15.20
67301,7.81,0.00,2,14.51,14.00,8,14.65,131,0.31,0.31,1149,0.00,0.99,0,0.5000,19.00,90,5,0.00,0,7.69,6.05,6.67,15.10
67404,7.81,0.00,2,14.51,14.00,8,14.65,131,0.31,0.31,1132,0.00,0.99,0,0.5000,18.50,90,5,0.00,0,7.69,5.98,6.67,15.10
67509,8.59,0.00,2,14.51,14.00,8,14.65,131,0.31,0.32,1144,0.00,0.99,0,0.5000,17.50,90,4,0.00,0,7.84,6.15,7.06,15.10
67612,9.38,0.00,2,14.51,14.00,8,14.65,131,0.32,0.32,1154,0.00,0.99,0,0.5000,17.00,90,4,0.00,0,7.84,6.24,7.06,15.30
67717,9.38,0.00,2,14.51,14.00,8,14.65,131,0.32,0.32,1145,0.00,0.99,0,0.5000,17.50,90,4,0.00,0,7.84,6.28,7.06,15.40
67822,10.16,0.00,2,14.51,14.00,8,14.65,131,0.32,0.32,1157,0.00,0.99,0,0.5000,17.00,90,5,0.00,0,7.84,6.11,7.06,15.30
67925,10.16,0.00,2,14.51,14.00,8,14.65,131,0.32,0.32,1144,0.00,0.99,0,0.5000,17.00,90,5,0.00,0,7.98,6.11,7.06,15.30
68028,10.94,0.00,2,14.51,14.00,8,14.65,131,0.32,0.31,1171,0.00,0.99,0,0.5000,16.50,90,5,0.00,0,7.98,6.29,7.06,15.40
68132,11.72,0.00,2,14.51,13.92,8,14.64,131,0.32,0.32,1188,0.00,0.99,0,0.5000,16.00,90,4,0.00,0,7.84,6.21,7.06,15.40
68237,11.72,0.00,2,14.51,13.92,8,14.64,131,0.32,0.31,1186,0.00,0.99,0,0.5000,16.50,90,5,0.00,0,7.84,6.18,7.06,15.30
68341,12.50,0.00,2,14.51,14.00,8,14.64,131,0.31,0.31,1206,0.00,0.99,0,0.5000,16.00,90,4,0.00,0,7.84,6.11,7.06,15.30
68445,12.50,0.00,2,14.51,14.00,8,14.64,131,0.31,0.31,1214,0.00,0.99,0,0.5000,16.00,90,5,0.00,0,7.69,6.25,7.06,15.20
68548,13.28,0.00,2,14.51,14.00,8,14.64,131,0.31,0.32,1212,0.00,0.99,0,0.5000,16.00,90,5,0.00,0,7.69,6.37,7.06,15.30
68653,13.28,0.00,2,14.51,14.00,8,14.64,131,0.31,0.31,1217,0.00,0.99,0,0.5000,14.50,90,5,0.00,0,7.69,6.41,7.06,15.40
68756,13.28,0.00,2,14.51,13.92,8,14.64,131,0.31,0.32,1218,0.00,0.99,0,0.5000,16.00,90,5,0.00,0,7.69,6.58,7.06,15.20
68861,14.06,0.00,2,14.51,14.00,8,14.64,131,0.32,0.31,1221,0.00,0.99,0,0.5000,16.50,90,4,0.00,0,7.69,6.18,7.06,15.20
68965,14.06,0.00,2,14.51,14.00,8,14.64,131,0.31,0.31,1222,0.00,0.99,0,0.5000,16.00,90,4,0.00,0,7.55,6.54,7.06,15.10
69069,13.28,0.00,2,14.51,14.00,8,14.64,131,0.31,0.32,1226,0.00,0.99,0,0.5000,16.00,90,4,0.00,0,7.55,6.54,7.06,15.00
69173,13.28,0.00,2,14.51,14.08,8,14.64,131,0.32,0.32,1234,0.00,0.99,0,0.5000,16.00,90,4,0.00,0,7.55,6.45,7.06,14.80
69277,13.28,0.00,2,14.51,14.08,8,14.64,131,0.32,0.32,1240,0.00,0.99,0,0.5000,15.50,90,4,0.00,0,7.55,6.37,7.06,15.00
69381,13.28,0.00,2,14.51,14.00,8,14.64,131,0.32,0.31,1239,0.00,0.99,0,0.5000,15.50,90,4,0.00,0,7.55,6.41,7.06,14.50
69485,12.50,0.00,2,14.51,13.92,8,14.64,131,0.31,0.30,1255,0.00,0.99,0,0.5000,14.00,90,4,0.00,0,7.40,6.24,7.06,14.50
69589,12.50,0.00,2,14.51,14.00,8,14.64,131,0.31,0.31,1248,0.00,0.99,0,0.5000,16.00,90,5,0.00,0,7.40,6.62,7.06,14.40
69692,11.72,0.00,2,14.51,14.00,8,14.64,131,0.31,0.32,1250,0.00,0.99,0,0.5000,15.50,90,5,0.00,0,7.40,6.79,7.06,14.30
69797,11.72,0.00,2,14.51,14.08,8,14.64,133,0.32,0.32,1261,0.00,0.99,0,0.5000,16.00,90,5,0.00,0,7.25,6.79,7.06,14.40
69901,11.72,0.00,2,14.51,14.00,8,14.64,133,0.32,0.31,1274,0.00,0.99,0,0.5000,15.00,90,4,0.00,0,7.25,6.62,7.06,14.30
70005,10.94,0.00,2,14.51,14.00,8,14.64,133,0.32,0.31,1285,0.00,0.99,0,0.5000,14.50,90,4,0.00,0,7.25,6.58,7.06,14.30
70109,10.94,0.00,2,14.51,14.00,8,14.64,133,0.31,0.30,1289,0.00,0.99,0,0.5000,15.50,90,4,0.00,0,7.11,6.50,7.06,14.20
70213,10.16,0.00,2,14.51,14.00,8,14.63,133,0.31,0.30,1278,0.00,0.99,0,0.5000,16.00,90,4,0.00,0,7.11,6.41,7.06,14.20
70317,9.38,0.00,2,14.51,14.08,8,14.63,133,0.30,0.29,1294,0.00,0.99,0,0.5000,15.50,90,4,0.00,0,7.11,6.21,6.67,14.10
70421,9.38,0.00,2,14.51,13.92,8,14.64,133,0.30,0.31,1279,0.00,0.99,0,0.5000,16.50,90,4,0.00,0,6.96,6.41,6.67,14.20
70524,9.38,0.00,2,14.51,14.00,8,14.64,133,0.30,0.31,1270,0.00,0.99,0,0.5000,16.50,90,4,0.00,0,7.11,6.62,6.67,14.10
70629,8.59,0.00,2,14.51,14.00,8,14.64,133,0.31,0.31,1248,0.00,0.99,0,0.5000,17.00,90,5,0.00,0,7.11,6.28,6.67,14.30
70733,8.59,0.00,2,14.51,14.08,8,14.64,133,0.30,0.29,1256,0.00,0.99,0,0.5000,17.00,90,5,0.00,0,7.11,6.25,6.67,14.20
70837,7.81,0.00,2,14.51,14.08,8,14.64,133,0.30,0.31,1242,0.00,0.99,0,0.5000,17.00,90,5,0.00,0,7.11,6.37,6.67,14.20
70941,7.81,0.00,2,14.51,14.00,8,14.64,133,0.30,0.30,1255,0.00,0.99,0,0.5000,17.00,90,5,0.00,0,7.11,6.18,6.67,14.20
71045,7.03,0.00,2,14.51,14.00,8,14.64,133,0.30,0.30,1264,0.00,0.99,0,0.5000,17.00,90,4,0.00,0,6.96,6.21,6.67,14.20
71149,7.03,0.00,2,14.51,14.00,8,14.64,133,0.30,0.30,1241,0.00,0.99,0,0.5000,17.00,90,5,0.00,0,7.11,6.21,6.67,14.20
71253,7.03,0.00,2,14.51,14.08,8,14.64,133,0.30,0.28,1244,0.00,0.99,0,0.5000,17.00,90,4,0.00,0,7.11,5.95,6.67,14.20
71357,7.03,0.00,2,14.51,14.08,8,14.64,133,0.29,0.29,1232,0.00,0.99,0,0.5000,17.50,90,5,0.00,0,6.96,6.11,6.67,14.30
71461,6.25,0.00,2,14.51,14.00,8,14.64,133,0.29,0.30,1228,0.00,0.99,0,0.5000,18.50,90,4,0.00,0,7.11,5.98,6.67,14.30
71564,6.25,0.00,2,14.51,14.00,8,14.64,133,0.29,0.30,1218,0.00,0.99,0,0.5000,18.00,90,4,0.00,0,7.11,6.11,6.67,14.30
71669,6.25,0.00,2,14.51,14.00,8,14.64,133,0.30,0.30,1214,0.00,0.99,0,0.5000,18.00,90,4,0.00,0,7.11,6.05,6.67,14.30
71773,6.25,0.00,2,14.51,14.00,8,14.64,133,0.30,0.30,1203,0.00,0.99,0,0.5000,18.00,90,4,0.00,0,7.11,6.05,6.67,14.40
71877,6.25,0.00,2,14.51,14.00,8,14.64,133,0.30,0.29,1196,0.00,0.99,0,0.5000,18.50,90,5,0.00,0,7.25,5.92,6.27,14.40
71981,6.25,0.00,2,14.51,13.92,8,14.64,133,0.30,0.30,1188,0.00,0.99,0,0.5000,18.00,90,4,0.00,0,7.25,5.95,6.27,14.50
72085,6.25,0.00,2,14.51,13.92,8,14.65,133,0.30,0.30,1178,0.00,0.99,0,0.5000,19.50,90,5,0.00,0,7.25,6.05,6.67,14.50
72189,6.25,0.00,2,14.51,14.00,8,14.65,133,0.30,0.30,1176,0.00,0.99,0,0.5000,18.00,90,4,0.00,0,7.25,5.92,6.27,14.60
72293,6.25,0.00,2,14.51,14.00,8,14.65,133,0.30,0.29,1174,0.00,0.99,0,0.5000,17.50,90,4,0.00,0,7.25,5.66,6.27,14.60
72397,7.03,0.00,2,14.51,14.08,8,14.65,133,0.30,0.29,1175,0.00,0.99,0,0.5000,18.50,90,4,0.00,0,7.40,5.76,6.27,14.40
72501,7.03,0.00,2,14.51,14.00,8,14.65,133,0.30,0.30,1169,0.00,0.99,0,0.5000,17.50,90,4,0.00,0,7.40,5.92,6.27,14.70
72605,7.03,0.00,2,14.51,13.92,8,14.65,133,0.30,0.31,1154,0.00,0.99,0,0.5000,18.00,90,5,0.00,0,7.40,6.15,6.27,14.80
72708,7.03,0.00,2,14.51,14.00,8,14.65,133,0.31,0.31,1203,0.00,0.99,0,0.5000,19.00,90,4,0.00,0,7.40,5.82,6.27,14.80
72813,7.81,0.00,2,14.51,13.92,8,14.65,133,0.31,0.31,1147,0.00,0.99,0,0.5000,17.50,90,4,0.00,0,7.40,5.89,6.27,14.80
72917,7.81,0.00,2,14.51,14.08,8,14.65,133,0.31,0.31,1156,0.00,0.99,0,0.5000,17.50,90,4,0.00,0,7.55,5.79,6.67,14.90
73021,7.81,0.00,2,14.51,14.08,8,14.65,133,0.30,0.30,1158,0.00,0.99,0,0.5000,17.00,90,5,0.00,0,7.55,5.66,6.67,15.00
73125,7.81,0.00,2,14.51,14.00,8,14.65,133,0.30,0.30,1152,0.00,0.99,0,0.5000,17.00,90,4,0.00,0,7.55,5.76,6.67,14.80
73229,7.81,0.00,2,14.51,14.08,8,14.65,133,0.30,0.30,1149,0.00,0.99,0,0.5000,17.00,90,4,0.00,0,7.55,5.79,6.67,14.80
73333,8.59,0.00,2,14.51,14.00,8,14.66,133,0.30,0.31,1156,0.00,0.99,0,0.5000,17.00,90,4,0.00,0,7.55,5.95,6.67,14.90
73437,8.59,0.00,2,14.51,14.08,8,14.65,133,0.30,0.31,1141,0.00,0.99,0,0.5000,17.00,90,4,0.00,0,7.55,5.95,6.67,14.90
73541,9.38,0.00,2,14.51,14.00,8,14.65,133,0.31,0.32,1146,0.00,0.99,0,0.5000,17.00,90,4,0.00,0,7.69,6.02,6.67,15.00
73645,9.38,0.00,2,14.51,14.00,8,14.65,133,0.31,0.31,1148,0.00,0.99,0,0.5000,17.00,90,4,0.00,0,7.69,5.89,6.67,15.00
73749,10.16,0.00,2,14.51,14.00,8,14.65,133,0.31,0.31,1148,0.00,0.99,0,0.5000,17.00,90,5,0.00,0,7.69,5.89,6.67,15.10
73853,10.16,0.00,2,14.51,13.92,8,14.65,133,0.31,0.31,1161,0.00,0.99,0,0.5000,17.00,90,4,0.00,0,7.69,5.95,6.67,15.20
73957,10.16,0.00,2,14.51,13.92,8,14.65,133,0.31,0.30,1158,0.00,0.99,0,0.5000,16.50,90,4,0.00,0,7.69,5.89,6.67,15.30
74061,10.94,0.00,2,14.51,14.00,8,14.65,133,0.31,0.31,1164,0.00,0.99,0,0.5000,16.50,90,4,0.00,0,7.69,6.15,6.67,15.30
74165,10.94,0.00,2,14.51,14.00,8,14.65,133,0.31,0.31,1162,0.00,0.99,0,0.5000,16.50,90,4,0.00,0,7.69,5.98,6.67,15.10
74269,11.72,0.00,2,14.51,14.08,8,14.65,133,0.31,0.30,1171,0.00,0.99,0,0.5000,16.50,90,4,0.00,0,7.69,6.02,6.67,15.10
74373,11.72,0.00,2,14.51,14.00,8,14.64,133,0.31,0.31,1180,0.00,0.99,0,0.5000,16.00,90,4,0.00,0,7.69,6.18,6.67,15.20
74477,11.72,0.00,2,14.51,14.00,8,14.65,133,0.31,0.31,1177,0.00,0.99,0,0.5000,16.50,90,5,0.00,0,7.69,6.21,6.67,15.20
74581,12.50,0.00,2,14.51,14.08,8,14.65,133,0.31,0.30,1174,0.00,0.99,0,0.5000,16.50,90,5,0.00,0,7.69,6.02,6.67,15.30
74685,12.50,0.00,2,14.51,14.00,8,14.65,133,0.31,0.31,1174,0.00,0.99,0,0.5000,17.00,90,5,0.00,0,7.69,6.15,6.67,14.90
74789,12.50,0.00,2,14.51,14.00,8,14.65,133,0.31,0.30,1169,0.00,0.99,0,0.5000,17.00,90,5,0.00,0,7.55,6.02,6.67,14.90
74893,12.50,0.00,2,14.51,14.00,8,14.65,133,0.31,0.31,1161,0.00,0.99,0,0.5000,17.00,90,5,0.00,0,7.69,6.18,6.67,14.80
74997,12.50,0.00,2,14.51,13.92,8,14.65,133,0.31,0.32,1160,0.00,0.99,0,0.5000,17.00,90,5,0.00,0,7.69,6.25,6.67,14.80
75101,12.50,0.00,2,14.51,14.00,8,14.65,133,0.31,0.32,1172,0.00,0.99,0,0.5000,17.00,90,5,0.00,0,7.69,6.25,6.67,14.80
75205,12.50,0.00,2,14.51,14.00,8,14.65,133,0.32,0.32,1159,0.00,0.99,0,0.5000,17.00,90,4,0.00,0,7.69,6.33,6.67,15.00
75309,12.50,0.00,2,14.51,14.00,8,14.65,133,0.32,0.32,1171,0.00,0.99,0,0.5000,16.50,90,4,0.00,0,7.69,6.33,6.67,14.80
75413,12.50,0.00,2,14.51,14.00,8,14.64,133,0.32,0.32,1182,0.00,0.99,0,0.5000,16.50,90,5,0.00,0,7.55,6.24,6.67,14.80
75517,12.50,0.00,2,14.51,14.00,8,14.64,133,0.32,0.31,1186,0.00,0.99,0,0.5000,16.00,90,5,0.00,0,7.55,6.21,6.67,14.70
75622,11.72,0.00,2,14.51,14.00,8,14.64,133,0.31,0.31,1211,0.00,0.99,0,0.5000,16.00,90,5,0.00,0,7.55,6.24,6.67,14.40
75725,11.72,0.00,2,14.51,14.08,8,14.64,133,0.31,0.31,1155,0.00,0.99,0,0.5000,15.00,90,5,0.00,0,7.55,6.08,6.67,14.40
75829,11.72,0.00,2,14.51,14.00,8,14.64,133,0.31,0.30,1227,0.00,0.99,0,0.5000,15.50,90,4,0.00,0,7.40,6.24,6.67,14.40
75933,11.72,0.00,2,14.51,14.00,8,14.64,133,0.31,0.31,1228,0.00,0.99,0,0.5000,15.00,90,4,0.00,0,7.40,6.37,6.67,14.30
76037,11.72,0.00,2,14.51,14.00,8,14.64,133,0.31,0.31,1228,0.00,0.99,0,0.5000,16.50,90,5,0.00,0,7.40,6.21,6.67,14.40
76141,10.94,0.00,2,14.51,14.00,8,14.64,133,0.31,0.31,1272,0.00,0.99,0,0.5000,17.00,90,4,0.00,0,7.40,6.21,6.67,14.40
76245,10.94,0.00,2,14.51,14.00,8,14.64,135,0.31,0.31,1205,0.00,0.99,0,0.5000,16.50,90,4,0.00,0,7.40,6.33,6.67,14.30
76349,10.94,0.00,2,14.51,14.00,8,14.64,135,0.31,0.31,1219,0.00,0.99,0,0.5000,16.50,90,4,0.00,0,7.40,6.21,6.67,14.30
76453,10.94,0.00,2,14.51,14.08,8,14.64,135,0.31,0.31,1220,0.00,0.99,0,0.5000,16.50,90,4,0.00,0,7.25,6.24,6.67,14.50
76556,10.16,0.00,2,14.51,14.00,8,14.64,135,0.31,0.30,1230,0.00,0.99,0,0.5000,16.50,90,5,0.00,0,7.25,6.18,6.67,14.40
76661,10.16,0.00,2,14.51,14.00,8,14.64,135,0.31,0.30,1165,0.00,0.99,0,0.5000,16.00,90,5,0.00,0,7.25,6.22,6.67,14.40
76765,10.16,0.00,2,14.51,14.00,8,14.64,135,0.30,0.32,1230,0.00,0.99,0,0.5000,16.50,90,5,0.00,0,7.25,6.28,6.67,14.40
76869,10.16,0.00,2,14.51,14.00,8,14.64,135,0.31,0.30,1224,0.00,0.99,0,0.5000,16.50,90,4,0.00,0,7.25,6.21,6.67,14.30
76974,9.38,0.00,2,14.51,14.08,8,14.64,135,0.31,0.30,1218,0.00,0.99,0,0.5000,16.50,90,5,0.00,0,7.25,6.25,6.67,14.20
77078,9.38,0.00,2,14.51,14.00,8,14.64,135,0.31,0.31,1231,0.00,0.99,0,0.5000,17.00,90,5,0.00,0,7.11,6.33,6.67,14.40
77182,9.38,0.00,2,14.51,14.00,8,14.64,135,0.31,0.30,1217,0.00,0.99,0,0.5000,17.00,90,5,0.00,0,7.11,6.21,6.67,14.40
77286,8.59,0.00,2,14.51,14.00,8,14.64,135,0.31,0.31,1212,0.00,0.99,0,0.5000,17.00,90,5,0.00,0,7.11,6.21,6.67,14.20
77390,8.59,0.00,2,14.51,14.00,8,14.64,135,0.31,0.31,1158,0.00,0.99,0,0.5000,17.00,90,5,0.00,0,7.11,6.18,6.67,14.30
77494,7.81,0.00,2,14.51,14.00,8,14.64,135,0.31,0.29,1164,0.00,0.99,0,0.5000,16.50,90,5,0.00,0,7.11,5.98,6.67,14.30
77598,7.81,0.00,2,14.51,14.00,8,14.64,135,0.30,0.30,1224,0.00,0.99,0,0.5000,17.00,90,5,0.00,0,7.11,6.11,6.67,14.20
77702,7.03,0.00,2,14.51,13.84,8,14.64,135,0.30,0.30,1215,0.00,0.99,0,0.5000,17.00,90,5,0.00,0,7.11,5.95,6.27,14.20
77806,7.03,0.00,2,14.51,14.00,8,14.64,135,0.30,0.30,1212,0.00,0.99,0,0.5000,17.00,90,5,0.00,0,7.11,6.15,6.27,14.20
77910,7.03,0.00,2,14.51,14.00,8,14.65,135,0.30,0.31,1192,0.00,0.99,0,0.5000,17.50,90,5,0.00,0,7.11,6.08,6.27,14.20
78014,7.03,0.00,2,14.51,14.00,8,14.65,135,0.30,0.30,1185,0.00,0.99,0,0.5000,18.00,90,4,0.00,0,7.25,5.82,6.27,14.20
78118,7.03,0.00,2,14.51,14.08,8,14.65,135,0.30,0.30,1180,0.00,0.99,0,0.5000,18.00,90,5,0.00,0,7.25,6.02,6.27,14.40
78222,7.03,0.00,2,14.51,13.92,8,14.65,135,0.30,0.31,1166,0.00,0.99,0,0.5000,19.00,90,4,0.00,0,7.25,6.08,6.27,14.40
78326,7.03,0.00,2,14.51,14.00,8,14.65,135,0.31,0.31,1156,0.00,0.99,0,0.5000,19.50,90,4,0.00,0,7.25,5.95,6.27,14.50
78430,7.03,0.00,2,14.51,14.00,8,14.65,135,0.31,0.31,1163,0.00,0.99,0,0.5000,19.00,90,5,0.00,0,7.25,5.95,6.27,14.40
78534,7.03,0.00,2,14.51,14.00,8,14.65,135,0.31,0.31,1158,0.00,0.99,0,0.5000,18.50,90,5,0.00,0,7.40,5.89,6.27,14.60
78638,7.03,0.00,2,14.51,14.08,8,14.65,135,0.31,0.30,1146,0.00,0.99,0,0.5000,19.50,90,4,0.00,0,7.40,5.82,6.27,14.60
78742,6.25,0.00,2,14.51,14.00,8,14.66,135,0.31,0.31,1142,0.00,0.99,0,0.5000,20.50,90,4,0.00,0,7.40,5.95,6.27,14.60
78846,7.03,0.00,2,14.51,14.00,8,14.66,135,0.31,0.32,1122,0.00,0.99,0,0.5000,19.00,90,4,0.00,0,7.55,6.02,6.27,14.50
78950,7.03,0.00,2,14.51,14.00,8,14.66,135,0.31,0.32,1203,0.00,0.99,0,0.5000,19.50,90,4,0.00,0,7.55,5.86,6.27,14.50
79054,7.03,0.00,2,14.51,14.00,8,14.66,135,0.31,0.31,1122,0.00,0.99,0,0.5000,18.00,90,4,0.00,0,7.55,5.92,6.27,14.50
79159,7.03,0.00,2,14.51,14.08,8,14.66,135,0.31,0.31,1122,0.00,0.99,0,0.5000,19.00,90,4,0.00,0,7.55,5.79,6.27,14.50
79262,7.03,0.00,2,14.51,14.08,8,14.66,135,0.31,0.32,1133,0.00,0.99,0,0.5000,18.00,90,4,0.00,0,7.55,5.95,6.27,15.00
79366,7.03,0.00,2,14.51,14.00,8,14.66,135,0.31,0.32,1144,0.00,0.99,0,0.5000,17.00,90,4,0.00,0,7.55,5.95,6.27,14.80
79471,7.03,0.00,2,14.51,13.92,8,14.66,135,0.31,0.31,1133,0.00,0.99,0,0.5000,17.50,90,4,0.00,0,7.55,5.92,6.27,14.70
79574,7.03,0.00,2,14.51,14.00,8,14.66,135,0.31,0.31,1123,0.00,0.99,0,0.5000,17.50,90,5,0.00,0,7.55,5.79,6.27,14.70
79678,7.03,0.00,2,14.51,14.00,8,14.66,135,0.31,0.32,1133,0.00,0.99,0,0.5000,17.00,90,5,0.00,0,7.69,5.92,6.67,14.70
79783,7.03,0.00,2,14.51,14.00,8,14.66,135,0.31,0.31,1138,0.00,0.99,0,0.5000,17.00,90,4,0.00,0,7.69,5.82,6.67,14.70
79886,7.03,0.00,2,14.51,14.00,8,14.65,135,0.31,0.31,1140,0.00,0.99,0,0.5000,17.00,90,4,0.00,0,7.69,5.89,6.67,14.80
79990,7.81,0.00,2,14.51,14.00,8,14.65,135,0.31,0.31,1139,0.00,0.99,0,0.5000,17.00,90,5,0.00,0,7.69,5.89,6.67,14.80
80094,7.81,0.00,2,14.51,13.92,8,14.66,135,0.31,0.33,1140,0.00,0.99,0,0.5000,17.00,90,4,0.00,0,7.69,6.15,6.67,14.80
80198,8.59,0.00,2,14.51,14.00,8,14.65,135,0.32,0.32,1135,0.00,0.99,0,0.5000,17.00,90,5,0.00,0,7.69,5.95,6.67,15.00
80303,8.59,0.00,2,14.51,14.00,8,14.65,135,0.32,0.31,1137,0.00,0.99,0,0.5000,17.00,90,5,0.00,0,7.69,5.82,6.67,14.90
80406,9.38,0.00,2,14.51,14.00,8,14.65,135,0.31,0.30,1152,0.00,0.99,0,0.5000,17.00,90,5,0.00,0,7.69,5.76,6.67,15.20
80510,9.38,0.00,2,14.51,14.00,8,14.65,135,0.31,0.30,1097,0.00,0.99,0,0.5000,16.50,90,4,0.00,0,7.69,5.79,6.67,15.10
80614,9.38,0.00,2,14.51,13.92,8,14.65,135,0.30,0.29,1093,0.00,0.99,0,0.5000,17.00,90,5,0.00,0,7.69,5.69,6.67,15.00
80718,9.38,0.00,2,14.51,14.08,8,14.65,135,0.30,0.31,1100,0.00,0.99,0,0.5000,17.00,90,5,0.00,0,7.69,5.86,6.67,15.20
80822,10.16,0.00,2,14.51,14.08,8,14.66,135,0.30,0.31,1146,0.00,0.99,0,0.5000,17.00,90,5,0.00,0,7.69,5.73,6.67,15.00
80926,10.16,0.00,2,14.51,14.00,8,14.65,135,0.30,0.31,1126,0.00,0.99,0,0.5000,17.00,90,5,0.00,0,7.69,5.95,6.67,15.00
81031,10.94,0.00,2,14.51,14.00,8,14.65,135,0.31,0.31,1141,0.00,0.99,0,0.5000,16.50,90,5,0.00,0,7.69,6.02,6.67,15.10
81135,11.72,0.00,2,14.51,14.00,8,14.65,135,0.31,0.31,1151,0.00,0.99,0,0.5000,16.50,90,4,0.00,0,7.69,5.95,6.67,15.20
81240,11.72,0.00,2,14.51,14.00,8,14.65,135,0.31,0.31,1148,0.00,0.99,0,0.5000,17.00,90,5,0.00,0,7.69,6.08,6.67,15.30
81344,11.72,0.00,2,14.51,14.00,8,14.65,135,0.31,0.32,1138,0.00,0.99,0,0.5000,17.00,90,5,0.00,0,7.69,6.02,6.67,15.00
81449,11.72,0.00,2,14.51,14.08,8,14.65,135,0.31,0.32,1144,0.00,0.99,0,0.5000,17.00,90,5,0.00,0,7.69,6.11,6.67,15.10
81553,12.50,0.00,2,14.51,14.00,8,14.65,135,0.31,0.32,1140,0.00,0.99,0,0.5000,17.00,90,5,0.00,0,7.69,6.15,6.67,15.00
81657,12.50,0.00,2,14.51,14.00,8,14.65,135,0.32,0.30,1169,0.00,0.99,0,0.5000,16.50,90,5,0.00,0,7.69,5.98,6.67,15.00
81761,12.50,0.00,2,14.51,13.92,8,14.65,135,0.31,0.31,1173,0.00,0.99,0,0.5000,16.50,90,5,0.00,0,7.69,6.02,6.67,15.00
81865,12.50,0.00,2,14.51,14.00,8,14.64,135,0.31,0.30,1184,0.00,0.99,0,0.5000,15.50,90,4,0.00,0,7.69,5.79,6.67,14.80
81969,12.50,0.00,2,14.51,14.00,8,14.64,135,0.31,0.29,1195,0.00,0.99,0,0.5000,15.50,90,5,0.00,0,7.55,5.79,6.67,14.90
82073,12.50,0.00,2,14.51,14.00,8,14.64,135,0.30,0.30,1200,0.00,0.99,0,0.5000,15.00,90,5,0.00,0,7.55,6.05,6.67,14.80
82177,12.50,0.00,2,14.51,14.00,8,14.64,135,0.30,0.30,1204,0.00,0.99,0,0.5000,16.00,90,5,0.00,0,7.55,6.05,6.67,14.90
82281,12.50,0.00,2,14.51,13.92,8,14.64,135,0.30,0.30,1187,0.00,0.99,0,0.5000,16.50,90,5,0.00,0,7.40,5.92,6.67,14.60
82385,12.50,0.00,2,14.51,13.92,8,14.65,135,0.30,0.31,1175,0.00,0.99,0,0.5000,16.50,90,5,0.00,0,7.55,6.15,6.67,14.60
82489,12.50,0.00,2,14.51,14.00,8,14.65,135,0.31,0.31,1178,0.00,0.99,0,0.5000,16.50,90,5,0.00,0,7.55,6.21,6.67,14.50
82593,12.50,0.00,2,14.51,14.00,8,14.65,136,0.31,0.31,1188,0.00,0.99,0,0.5000,16.50,90,5,0.00,0,7.55,6.18,6.67,14.70
82697,12.50,0.00,2,14.51,14.00,8,14.65,136,0.31,0.31,1195,0.00,0.99,0,0.5000,16.50,90,4,0.00,0,7.55,6.11,6.67,14.80
82802,12.50,0.00,2,14.51,14.00,8,14.64,136,0.31,0.30,1190,0.00,0.99,0,0.5000,16.50,90,4,0.00,0,7.40,6.02,6.67,14.80
82906,12.50,0.00,2,14.51,14.00,8,14.65,136,0.31,0.31,1189,0.00,0.99,0,0.5000,17.00,90,4,0.00,0,7.40,6.18,6.67,14.70
83010,12.50,0.00,2,14.51,14.08,8,14.64,136,0.31,0.30,1189,0.00,0.99,0,0.5000,17.00,90,4,0.00,0,7.40,6.15,6.67,14.50
83113,11.72,0.00,2,14.51,14.00,8,14.64,136,0.31,0.31,1186,0.00,0.99,0,0.5000,17.00,90,5,0.00,0,7.40,6.11,6.67,14.50
83218,11.72,0.00,2,14.51,14.00,8,14.64,136,0.31,0.31,1187,0.00,0.99,0,0.5000,16.50,90,5,0.00,0,7.40,6.18,6.67,14.40
83321,11.72,0.00,2,14.51,14.00,8,14.64,136,0.31,0.31,1204,0.00,0.99,0,0.5000,16.50,90,5,0.00,0,7.25,6.15,6.67,14.40
83426,10.94,0.00,2,14.51,13.92,8,14.64,136,0.31,0.30,1202,0.00,0.99,0,0.5000,16.50,90,4,0.00,0,7.25,6.05,6.67,14.30
83529,10.94,0.00,2,14.51,14.08,8,14.64,136,0.31,0.29,1156,0.00,0.99,0,0.5000,16.00,90,4,0.00,0,7.25,5.73,6.67,14.30
83634,10.16,0.00,2,14.51,14.00,8,14.64,136,0.30,0.30,1216,0.00,0.99,0,0.5000,16.50,90,4,0.00,0,7.25,5.98,6.67,14.20
83738,10.16,0.00,2,14.51,13.92,8,14.64,136,0.30,0.30,1213,0.00,0.99,0,0.5000,16.50,90,5,0.00,0,7.25,5.89,6.67,14.30
83842,9.38,0.00,2,14.51,14.00,8,14.64,136,0.29,0.29,1218,0.00,0.99,0,0.5000,16.50,90,4,0.00,0,7.25,5.76,6.67,14.20
83946,10.16,0.00,2,14.51,13.92,8,14.64,136,0.29,0.29,1210,0.00,0.99,0,0.5000,16.50,90,5,0.00,0,7.11,5.95,6.67,14.20
84050,10.16,0.00,2,14.51,14.00,8,14.64,136,0.29,0.30,1199,0.00,0.99,0,0.5000,17.00,90,5,0.00,0,7.11,5.86,6.27,14.30
84153,10.16,0.00,2,14.51,14.08,8,14.64,136,0.29,0.28,1185,0.00,0.99,0,0.5000,17.00,90,5,0.00,0,7.11,5.60,6.27,14.40
84258,10.16,0.00,2,14.51,14.00,8,14.65,136,0.29,0.30,1178,0.00,0.99,0,0.5000,18.00,90,5,0.00,0,7.25,5.95,6.27,14.40
84362,9.38,0.00,2,14.51,13.92,8,14.65,136,0.29,0.30,1164,0.00,0.99,0,0.5000,18.00,90,5,0.00,0,7.25,5.79,6.27,14.50
84465,9.38,0.00,2,14.51,13.92,8,14.65,136,0.30,0.30,1158,0.00,0.99,0,0.5000,19.00,90,5,0.00,0,7.25,5.73,6.27,14.60
84570,10.16,0.00,2,14.51,13.92,8,14.65,136,0.30,0.31,1136,0.00,0.99,0,0.5000,18.50,90,5,0.00,0,7.40,5.89,6.27,14.60
84674,10.16,0.00,2,14.51,14.00,8,14.65,136,0.30,0.30,1156,0.00,0.99,0,0.5000,17.50,90,5,0.00,0,7.40,5.73,6.27,14.50
84778,10.16,0.00,2,14.51,14.00,8,14.65,136,0.30,0.30,1142,0.00,0.99,0,0.5000,17.50,90,5,0.00,0,7.40,5.73,6.27,14.60
84882,9.38,0.00,2,14.51,14.00,8,14.65,136,0.30,0.30,1150,0.00,0.99,0,0.5000,18.00,90,5,0.00,0,7.40,5.89,6.27,14.60
84986,9.38,0.00,2,14.51,14.00,8,14.65,136,0.30,0.30,1148,0.00,0.99,0,0.5000,17.50,90,5,0.00,0,7.40,5.92,6.27,14.60
85090,9.38,0.00,2,14.51,13.92,8,14.65,136,0.30,0.30,1143,0.00,0.99,0,0.5000,18.00,90,5,0.00,0,7.40,5.86,6.27,14.60
85194,9.38,0.00,2,14.51,14.00,8,14.66,136,0.30,0.30,1131,0.00,0.99,0,0.5000,18.00,90,5,0.00,0,7.40,5.63,6.27,14.60
85298,9.38,0.00,1,14.51,14.00,8,14.65,136,0.30,0.29,1140,0.00,0.99,0,0.5000,17.50,90,5,0.00,0,7.40,5.57,6.27,14.60
85401,9.38,0.00,1,14.51,14.00,8,14.65,136,0.30,0.29,1137,0.00,0.99,0,0.5000,17.50,90,5,0.00,0,7.40,5.53,6.27,14.60
85506,9.38,0.00,2,14.51,14.00,8,14.65,136,0.29,0.29,1138,0.00,0.99,0,0.5000,17.00,90,5,0.00,0,7.40,5.37,6.27,14.50
85610,9.38,0.00,1,14.51,14.00,8,14.65,136,0.29,0.28,1144,0.00,0.99,0,0.5000,17.00,90,5,0.00,0,7.40,5.57,6.27,14.50
85714,9.38,0.00,1,14.51,14.00,8,14.66,136,0.29,0.29,1111,0.00,0.99,0,0.5000,19.50,90,5,0.00,0,7.40,5.41,6.27,14.50
85818,9.38,0.00,1,14.51,14.00,8,14.66,136,0.29,0.30,1107,0.00,0.99,0,0.5000,18.50,90,5,0.00,0,7.55,5.53,6.27,14.50
85921,10.16,0.00,1,14.51,14.08,8,14.66,136,0.29,0.30,1111,0.00,0.99,0,0.5000,17.50,90,4,0.00,0,7.55,5.60,6.27,14.40
86027,10.16,0.00,1,14.51,14.00,8,14.66,136,0.30,0.30,1120,0.00,0.99,0,0.5000,17.00,90,4,0.00,0,7.55,5.57,6.27,14.80
86131,10.94,0.00,1,14.51,13.92,8,14.66,136,0.30,0.30,1127,0.00,0.99,0,0.5000,17.00,90,4,0.00,0,7.55,5.47,6.27,14.90
86235,10.94,0.00,1,14.51,14.00,8,14.66,136,0.30,0.31,1118,0.00,0.99,0,0.5000,17.00,90,5,0.00,0,7.55,5.66,6.27,15.00
86339,10.94,0.00,2,14.51,14.00,8,14.66,136,0.30,0.30,1116,0.00,0.99,0,0.5000,17.50,90,4,0.00,0,7.55,5.37,6.27,15.00
86443,11.72,0.00,1,14.51,14.00,8,14.66,136,0.30,0.30,1107,0.00,0.99,0,0.5000,17.00,90,4,0.00,0,7.55,5.60,6.27,15.00
86547,11.72,0.00,1,14.51,14.00,8,14.66,136,0.30,0.30,1114,0.00,0.99,0,0.5000,17.00,90,4,0.00,0,7.69,5.50,6.27,15.10
86651,11.72,0.00,2,14.51,14.00,8,14.66,136,0.30,0.31,1120,0.00,0.99,0,0.5000,17.00,90,4,0.00,0,7.69,5.69,6.27,15.10
86755,12.50,0.00,2,14.51,14.00,8,14.66,136,0.30,0.30,1114,0.00,0.99,0,0.5000,17.50,90,4,0.00,0,7.69,5.57,6.27,15.00
86859,12.50,0.00,1,14.51,13.92,8,14.66,136,0.30,0.31,1109,0.00,0.99,0,0.5000,17.00,90,4,0.00,0,7.69,5.86,6.27,15.10
86963,12.50,0.00,2,14.51,14.00,8,14.66,136,0.31,0.31,1112,0.00,0.99,0,0.5000,17.00,90,4,0.00,0,7.69,5.89,6.27,15.00
87067,12.50,0.00,2,14.51,14.00,8,14.66,136,0.31,0.31,1122,0.00,0.99,0,0.5000,16.50,90,4,0.00,0,7.69,5.82,6.27,15.10
87171,12.50,0.00,2,14.51,13.92,8,14.65,136,0.31,0.30,1140,0.00,0.99,0,0.5000,16.50,90,4,0.00,0,7.55,5.73,6.27,15.00
87275,12.50,0.00,2,14.51,13.92,8,14.65,136,0.31,0.30,1144,0.00,0.99,0,0.5000,16.50,90,4,0.00,0,7.55,5.76,6.27,14.80
87378,12.50,0.00,2,14.51,14.00,8,14.66,136,0.30,0.29,1159,0.00,0.99,0,0.5000,17.00,90,4,0.00,0,7.55,5.69,6.27,14.90
87483,12.50,0.00,1,14.51,14.00,8,14.66,136,0.30,0.30,1140,0.00,0.99,0,0.5000,17.00,90,1,0.00,0,7.55,5.73,6.27,14.70
87586,12.50,0.00,2,14.51,14.08,8,14.65,136,0.30,0.30,1144,0.00,0.99,0,0.5000,16.50,90,0,0.00,0,7.55,5.73,6.27,15.00
87691,12.50,0.00,2,14.51,14.00,8,14.66,136,0.30,0.30,1144,0.00,0.99,0,0.5000,17.00,90,0,0.00,0,7.55,5.69,6.27,14.50
87795,12.50,0.00,2,14.51,14.00,8,14.65,136,0.30,0.31,1141,0.00,0.99,0,0.5000,16.50,90,0,0.00,0,7.55,5.82,6.27,14.60
87899,12.50,0.00,2,14.51,14.00,8,14.65,136,0.30,0.29,1214,0.00,0.99,0,0.5000,16.50,90,0,0.00,0,7.55,5.57,6.27,14.60
88002,12.50,0.00,1,14.51,14.00,8,14.65,136,0.30,0.27,1161,0.00,0.99,0,0.5000,16.50,90,0,0.00,0,7.40,5.47,6.27,14.60
88107,12.50,0.00,1,14.51,14.08,8,14.65,136,0.29,0.29,1151,0.00,0.99,0,0.5000,16.50,90,0,0.00,0,7.40,5.50,6.27,14.50
88211,11.72,0.00,1,14.51,14.00,8,14.66,136,0.29,0.30,1142,0.00,0.99,0,0.5000,17.00,90,0,0.00,0,7.40,5.79,6.27,14.60
88315,12.50,0.00,2,14.51,13.92,8,14.65,136,0.29,0.31,1134,0.00,0.99,0,0.5000,17.00,90,0,0.00,0,7.40,5.82,6.27,14.50
88420,12.50,0.00,2,14.51,14.00,8,14.66,136,0.30,0.31,1208,0.00,0.99,0,0.5000,17.00,90,0,0.00,0,7.40,5.89,6.27,14.50
88524,12.50,0.00,2,14.51,14.08,8,14.65,136,0.30,0.31,1136,0.00,0.99,0,0.5000,17.00,90,0,0.00,0,7.55,5.95,6.27,14.40
88628,12.50,0.00,2,14.51,14.00,8,14.65,136,0.31,0.31,1213,0.00,0.99,0,0.5000,17.00,90,0,0.00,0,7.55,5.95,6.27,14.70
88732,12.50,0.00,2,14.51,14.00,8,14.65,138,0.31,0.31,1210,0.00,0.99,0,0.5000,17.00,90,0,0.00,0,7.40,5.95,6.27,14.70
88837,11.72,0.00,2,14.51,14.00,8,14.65,138,0.31,0.30,1212,0.00,0.99,0,0.5000,17.00,90,0,0.00,0,7.40,5.82,6.27,14.60
88940,11.72,0.00,2,14.51,14.00,8,14.65,138,0.31,0.30,1156,0.00,0.99,0,0.5000,16.50,90,0,0.00,0,7.40,5.69,6.27,14.50
89044,11.72,0.00,2,14.51,14.08,8,14.65,138,0.30,0.30,1166,0.00,0.99,0,0.5000,16.50,90,0,0.00,0,7.40,5.82,6.27,14.40
89148,10.94,0.00,2,14.51,14.00,8,14.65,138,0.30,0.29,1172,0.00,0.99,0,0.5000,16.50,90,0,0.00,0,7.40,5.66,6.27,14.40
89252,10.94,0.00,2,14.51,14.08,8,14.65,138,0.30,0.30,1165,0.00,0.99,0,0.5000,16.50,90,0,0.00,0,7.25,5.82,6.27,14.40
89356,10.94,0.00,2,14.51,14.00,8,14.65,138,0.30,0.29,1172,0.00,0.99,0,0.5000,16.50,90,0,0.00,0,7.25,5.86,6.27,14.30
89460,10.94,0.00,2,14.51,13.92,8,14.65,138,0.30,0.30,1162,0.00,0.99,0,0.5000,17.00,90,0,0.00,0,7.25,5.82,6.27,14.40
89564,10.16,0.00,2,14.51,14.00,8,14.65,138,0.30,0.30,1154,0.00,0.99,0,0.5000,17.00,90,0,0.00,0,7.25,5.86,6.27,14.30
89668,10.16,0.00,2,14.51,14.00,8,14.65,138,0.30,0.30,1161,0.00,0.99,0,0.5000,17.00,90,0,0.00,0,7.25,5.82,6.27,14.30
89772,10.16,0.00,2,14.51,14.00,8,14.66,138,0.30,0.31,1142,0.00,0.99,0,0.5000,17.50,90,0,0.00,0,7.40,5.82,6.27,14.50
89876,10.16,0.00,2,14.51,13.92,8,14.66,138,0.30,0.32,1139,0.00,0.99,0,0.5000,17.50,90,0,0.00,0,7.40,6.02,6.27,14.40
89980,10.16,0.00,2,14.51,13.92,8,14.65,138,0.31,0.31,1138,0.00,0.99,0,0.5000,17.00,90,0,0.00,0,7.40,5.89,6.27,14.40
90084,9.38,0.00,2,14.51,14.00,8,14.65,138,0.31,0.30,1148,0.00,0.99,0,0.5000,17.00,90,0,0.00,0,7.40,5.76,6.27,14.30
90188,9.38,0.00,2,14.51,14.00,8,14.65,138,0.31,0.29,1152,0.00,0.99,0,0.5000,17.00,90,0,0.00,0,7.40,5.63,6.27,14.40
90292,9.38,0.00,2,14.51,13.92,8,14.65,138,0.30,0.28,1165,0.00,0.99,0,0.5000,16.50,90,0,0.00,0,7.25,5.63,6.27,14.30
90396,9.38,0.00,2,14.51,13.92,8,14.65,138,0.29,0.29,1157,0.00,0.99,0,0.5000,17.00,90,0,0.00,0,7.25,5.76,6.27,14.40
90500,8.59,0.00,2,14.51,13.92,8,14.66,138,0.29,0.30,1144,0.00,0.99,0,0.5000,17.50,90,0,0.00,0,7.25,5.82,6.27,14.30
90604,8.59,0.00,2,14.51,14.00,8,14.66,138,0.30,0.31,1132,0.00,0.99,0,0.5000,17.50,90,0,0.00,0,7.25,5.86,6.27,14.40
90708,8.59,0.00,2,14.51,14.00,8,14.66,138,0.30,0.30,1132,0.00,0.99,0,0.5000,17.50,90,0,0.00,0,7.40,5.76,6.27,14.40
90812,8.59,0.00,2,14.51,14.08,8,14.66,138,0.30,0.30,1127,0.00,0.99,0,0.5000,17.50,90,0,0.00,0,7.40,5.73,6.27,14.40
90916,8.59,0.00,2,14.51,14.08,8,14.66,138,0.30,0.30,1121,0.00,0.99,0,0.5000,17.50,90,0,0.00,0,7.40,5.63,6.27,14.40
91020,8.59,0.00,2,14.51,14.00,8,14.66,138,0.30,0.31,1123,0.00,0.99,0,0.5000,17.00,90,0,0.00,0,7.40,5.73,6.27,14.50
91124,8.59,0.00,2,14.51,14.00,8,14.66,138,0.30,0.30,1116,0.00,1.00,0,0.5000,17.50,90,0,0.00,0,7.40,5.69,6.27,14.50
91228,8.59,0.00,2,14.51,13.92,8,14.66,138,0.30,0.30,1122,0.00,1.00,0,0.5000,17.00,90,0,0.00,0,7.40,5.63,6.27,14.50
91333,8.59,0.00,2,14.51,13.92,8,14.66,138,0.30,0.30,1114,0.00,1.00,0,0.5000,17.00,90,0,0.00,0,7.40,5.69,6.27,14.60
91436,8.59,0.00,2,14.51,14.00,8,14.66,138,0.30,0.30,1122,0.00,1.00,0,0.5000,17.00,90,0,0.00,0,7.55,5.66,6.27,14.50
91540,8.59,0.00,2,14.51,13.92,8,14.66,138,0.30,0.31,1136,0.00,1.00,0,0.5000,17.00,90,0,0.00,0,7.40,5.76,6.27,14.50
91644,8.59,0.00,2,14.51,14.00,8,14.66,138,0.30,0.31,1112,0.00,1.00,0,0.5000,17.00,90,0,0.00,0,7.55,5.73,6.27,14.60
91749,8.59,0.00,2,14.51,14.00,8,14.66,138,0.31,0.31,1122,0.00,1.00,0,0.5000,17.00,90,0,0.00,0,7.55,5.73,6.27,14.60
91852,8.59,0.00,2,14.51,14.00,8,14.66,138,0.31,0.31,1116,0.00,1.00,0,0.5000,17.50,90,0,0.00,0,7.55,5.53,6.27,14.50
91956,8.59,0.00,1,14.51,14.08,8,14.66,138,0.31,0.30,1096,0.00,1.00,0,0.5000,17.00,90,0,0.00,0,7.55,5.44,6.27,14.60
92060,8.59,0.00,1,14.51,14.00,8,14.66,138,0.30,0.30,1094,0.00,1.00,0,0.5000,17.50,90,0,0.00,0,7.55,5.57,6.27,14.80
92164,8.59,0.00,1,14.51,14.00,8,14.66,138,0.30,0.30,1098,0.00,1.00,0,0.5000,17.50,90,0,0.00,0,7.55,5.53,6.27,14.70
92268,8.59,0.00,1,14.51,14.00,8,14.66,138,0.30,0.29,1097,0.00,1.00,0,0.5000,17.00,90,0,0.00,0,7.55,5.47,6.27,14.60
92372,8.59,0.00,1,14.51,14.00,8,14.66,138,0.30,0.30,1103,0.00,1.00,0,0.5000,17.00,90,0,0.00,0,7.55,5.47,6.27,14.80
92476,8.59,0.00,1,14.51,14.08,8,14.66,138,0.30,0.30,1108,0.00,1.00,0,0.5000,17.00,90,0,0.00,0,7.55,5.63,6.27,14.70
92580,9.38,0.00,2,14.51,14.00,8,14.66,138,0.30,0.31,1115,0.00,1.00,0,0.5000,17.00,90,0,0.00,0,7.55,5.76,6.27,14.70
92685,9.38,0.00,2,14.51,13.92,8,14.66,138,0.30,0.31,1116,0.00,1.00,0,0.5000,17.00,90,0,0.00,0,7.55,5.63,6.27,14.90
92791,10.16,0.00,2,14.51,13.92,8,14.66,138,0.30,0.30,1105,0.00,1.00,0,0.5000,17.00,90,0,0.00,0,7.55,5.57,6.27,14.90
92895,10.16,0.00,1,14.51,14.00,8,14.66,138,0.30,0.30,1114,0.00,1.00,0,0.5000,17.00,90,0,0.00,0,7.55,5.60,6.27,14.90
93000,10.16,0.00,1,14.51,14.00,8,14.66,138,0.30,0.31,1117,0.00,1.00,0,0.5000,17.00,90,0,0.00,0,7.55,5.69,6.27,14.90
93104,10.16,0.00,2,14.51,14.00,8,14.66,138,0.30,0.31,1114,0.00,1.00,0,0.5000,16.50,90,0,0.00,0,7.55,5.66,6.27,14.80
93208,10.16,0.00,2,14.51,14.00,8,14.66,138,0.30,0.31,1124,0.00,1.00,0,0.5000,16.50,90,0,0.00,0,7.55,5.69,6.27,14.90
93313,10.94,0.00,2,14.51,14.00,8,14.66,138,0.30,0.30,1127,0.00,1.00,0,0.5000,17.00,90,0,0.00,0,7.55,5.73,6.27,15.10
93416,10.94,0.00,2,14.51,14.00,8,14.65,138,0.30,0.30,1134,0.00,1.00,0,0.5000,16.50,90,0,0.00,0,7.55,5.69,6.27,15.00
93520,10.94,0.00,2,14.51,14.00,8,14.65,138,0.30,0.30,1134,0.00,1.00,0,0.5000,16.50,90,0,0.00,0,7.55,5.76,6.27,14.90
93625,10.94,0.00,2,14.51,14.08,8,14.65,138,0.30,0.30,1143,0.00,1.00,0,0.5000,16.50,90,0,0.00,0,7.40,5.76,6.27,14.90
93728,10.94,0.00,2,14.51,14.00,8,14.65,138,0.30,0.30,1137,0.00,1.00,0,0.5000,16.50,90,0,0.00,0,7.40,5.50,6.27,14.90
93832,10.94,0.00,1,14.51,14.00,8,14.65,138,0.30,0.30,1144,0.00,1.00,0,0.5000,16.50,90,0,0.00,0,7.40,5.63,6.27,14.70
93937,10.94,0.00,2,14.51,13.84,8,14.65,138,0.30,0.29,1141,0.00,1.00,0,0.5000,16.50,90,0,0.00,0,7.40,5.69,6.27,15.10
94040,10.94,0.00,2,14.51,13.92,8,14.65,138,0.30,0.29,1160,0.00,1.00,0,0.5000,16.50,90,0,0.00,0,7.25,5.63,6.27,14.50
94144,10.16,0.00,2,14.51,14.00,8,14.65,138,0.29,0.30,1150,0.00,1.00,0,0.5000,17.00,90,0,0.00,0,7.25,5.69,6.27,14.60
94249,10.16,0.00,2,14.51,13.92,8,14.65,138,0.29,0.29,1145,0.00,1.00,0,0.5000,17.00,90,0,0.00,0,7.25,5.47,6.27,14.50
94352,10.16,0.00,1,14.51,13.92,8,14.66,138,0.29,0.30,1136,0.00,1.00,0,0.5000,17.00,90,0,0.00,0,7.40,5.76,6.27,14.50
94456,10.94,0.00,2,14.51,13.92,8,14.65,138,0.30,0.30,1138,0.00,1.00,0,0.5000,17.00,90,0,0.00,0,7.40,5.76,6.27,14.50
94560,10.94,0.00,2,14.51,13.92,8,14.65,138,0.30,0.30,1138,0.00,1.00,0,0.5000,17.00,90,0,0.00,0,7.40,5.76,6.27,14.60
94665,10.16,0.00,2,14.51,14.00,8,14.66,138,0.30,0.30,1135,0.00,1.00,0,0.5000,17.00,90,0,0.00,0,7.40,5.69,6.27,14.70
94769,10.16,0.00,2,14.51,14.00,8,14.66,138,0.30,0.30,1121,0.00,1.00,0,0.5000,17.00,90,0,0.00,0,7.40,5.63,6.27,14.70
94873,10.16,0.00,2,14.51,14.00,8,14.66,138,0.30,0.30,1126,0.00,1.00,0,0.5000,17.00,90,0,0.00,0,7.40,5.60,6.27,14.70
94976,10.16,0.00,2,14.51,14.00,8,14.66,138,0.30,0.30,1119,0.00,1.00,0,0.5000,17.00,90,0,0.00,0,7.40,5.57,6.27,14.50
95080,10.16,0.00,2,14.51,14.00,8,14.66,138,0.30,0.30,1121,0.00,1.00,0,0.5000,17.50,90,0,0.00,0,7.40,5.69,6.27,14.50
95185,10.16,0.00,2,14.51,14.08,8,14.66,138,0.30,0.30,1117,0.00,1.00,0,0.5000,17.00,90,0,0.00,0,7.40,5.57,6.27,14.50
95289,10.16,0.00,1,14.51,14.08,8,14.66,138,0.30,0.30,1122,0.00,1.00,0,0.5000,17.00,90,0,0.00,0,7.40,5.57,6.27,14.60
95393,10.16,0.00,1,14.51,14.00,8,14.66,140,0.30,0.29,1122,0.00,1.00,0,0.5000,17.00,90,0,0.00,0,7.40,5.44,6.27,14.60
95497,10.16,0.00,1,14.51,14.00,8,14.66,140,0.30,0.30,1124,0.00,1.00,0,0.5000,17.00,90,0,0.00,0,7.40,5.50,6.27,14.50
95601,10.16,0.00,1,14.51,13.92,8,14.66,140,0.30,0.30,1116,0.00,1.00,0,0.5000,17.00,90,0,0.00,0,7.40,5.60,6.27,14.50
95705,9.38,0.00,1,14.51,14.00,8,14.66,140,0.30,0.31,1107,0.00,1.00,0,0.5000,17.00,90,0,0.00,0,7.40,5.60,6.27,14.50
95809,9.38,0.00,1,14.51,14.00,8,14.66,140,0.30,0.31,1108,0.00,1.00,0,0.5000,17.50,90,0,0.00,0,7.40,5.57,6.27,14.50
95912,9.38,0.00,1,14.51,14.00,8,14.66,140,0.30,0.30,1109,0.00,1.00,0,0.5000,17.50,90,0,0.00,0,7.40,5.50,6.27,14.40
96017,10.16,0.00,1,14.51,13.84,8,14.66,140,0.30,0.29,1092,0.00,1.00,0,0.5000,17.00,90,0,0.00,0,7.40,5.41,6.27,14.50
96121,10.16,0.00,1,14.51,14.00,8,14.66,140,0.30,0.30,1100,0.00,1.00,0,0.5000,17.00,90,0,0.00,0,7.40,5.57,6.27,14.60
96225,10.16,0.00,1,14.51,13.92,8,14.66,140,0.30,0.29,1100,0.00,1.00,0,0.5000,17.00,90,0,0.00,0,7.55,5.37,6.27,14.50
96329,10.16,0.00,1,14.51,14.00,8,14.66,140,0.30,0.29,1102,0.00,1.00,0,0.5000,17.00,90,0,0.00,0,7.40,5.44,6.27,14.70
96433,10.16,0.00,1,14.51,14.00,8,14.66,140,0.29,0.29,1112,0.00,1.00,0,0.5000,17.00,90,0,0.00,0,7.40,5.50,6.27,14.70
96537,10.16,0.00,1,14.51,14.00,8,14.66,140,0.30,0.29,1101,0.00,1.00,0,0.5000,17.00,90,0,0.00,0,7.40,5.50,6.27,14.70
96641,10.16,0.00,1,14.51,14.00,8,14.66,140,0.30,0.30,1104,0.00,1.00,0,0.5000,17.00,90,0,0.00,0,7.40,5.60,6.27,14.80
96745,10.94,0.00,1,14.51,13.92,8,14.66,140,0.30,0.30,1113,0.00,1.00,0,0.5000,16.50,90,0,0.00,0,7.40,5.69,6.27,14.70
96849,10.94,0.00,2,14.51,14.00,8,14.66,140,0.30,0.30,1117,0.00,1.00,0,0.5000,16.50,90,0,0.00,0,7.40,5.50,6.27,14.80
96953,10.94,0.00,1,14.51,14.08,8,14.66,140,0.30,0.29,1124,0.00,1.00,0,0.5000,16.50,90,0,0.00,0,7.40,5.37,6.27,14.80
97057,10.94,0.00,1,14.51,14.00,8,14.66,140,0.30,0.29,1124,0.00,1.00,0,0.5000,16.50,90,0,0.00,0,7.40,5.41,6.27,14.80
97160,10.94,0.00,1,14.51,14.08,8,14.66,140,0.29,0.29,1116,0.00,1.00,0,0.5000,16.50,90,0,0.00,0,7.40,5.50,6.27,14.80
97265,10.16,0.00,1,14.51,13.92,8,14.66,140,0.29,0.30,1124,0.00,1.00,0,0.5000,17.00,90,0,0.00,0,7.40,5.50,6.27,14.70
97369,10.16,0.00,1,14.51,14.08,8,14.66,140,0.29,0.30,1119,0.00,1.00,0,0.5000,17.00,90,0,0.00,0,7.40,5.57,6.27,14.80
97473,10.16,0.00,1,14.51,14.00,8,14.66,140,0.30,0.30,1112,0.00,1.00,0,0.5000,17.00,90,0,0.00,0,7.40,5.57,6.27,14.50
97577,10.16,0.00,1,14.51,14.00,8,14.66,140,0.30,0.30,1116,0.00,1.00,0,0.5000,17.00,90,0,0.00,0,7.40,5.50,6.27,14.50
97681,10.16,0.00,1,14.51,13.92,8,14.66,140,0.30,0.30,1103,0.00,1.00,0,0.5000,17.00,90,0,0.00,0,7.40,5.57,6.27,14.60
97785,10.16,0.00,1,14.51,13.92,8,14.66,140,0.30,0.30,1120,0.00,1.00,0,0.5000,17.00,90,0,0.00,0,7.40,5.57,6.27,14.60
97889,10.16,0.00,1,14.51,13.92,8,14.66,140,0.30,0.30,1116,0.00,1.00,0,0.5000,17.00,90,0,0.00,0,7.40,5.50,6.27,14.70
97993,10.16,0.00,1,14.51,14.08,8,14.66,140,0.30,0.30,1105,0.00,1.00,0,0.5000,17.00,90,0,0.00,0,7.40,5.53,6.27,14.70
98097,10.16,0.00,1,14.51,14.00,8,14.66,140,0.30,0.30,1112,0.00,1.00,0,0.5000,17.00,90,0,0.00,0,7.40,5.50,6.27,14.50
98200,10.16,0.00,1,14.51,14.00,8,14.66,140,0.30,0.30,1111,0.00,1.00,0,0.5000,17.00,90,0,0.00,0,7.40,5.57,6.27,14.50
98305,10.16,0.00,1,14.51,14.00,8,14.66,140,0.30,0.30,1119,0.00,1.00,0,0.5000,17.00,90,0,0.00,0,7.40,5.53,6.27,14.50
98409,10.16,0.00,1,14.51,14.00,8,14.66,140,0.30,0.30,1102,0.00,1.00,0,0.5000,17.00,90,0,0.00,0,7.40,5.53,6.27,14.60
98513,10.16,0.00,1,14.51,14.08,8,14.66,140,0.30,0.31,1087,0.00,1.00,0,0.5000,17.00,90,0,0.00,0,7.40,5.57,6.27,14.60
98617,10.16,0.00,1,14.51,14.00,8,14.66,140,0.30,0.31,1101,0.00,1.00,0,0.5000,17.00,90,0,0.00,0,7.40,5.63,6.27,14.60
98721,10.16,0.00,2,14.51,14.00,8,14.66,140,0.30,0.30,1084,0.00,1.00,0,0.5000,17.00,90,0,0.00,0,7.40,5.57,6.27,14.50
98825,10.16,0.00,1,14.51,14.00,8,14.66,140,0.30,0.29,1102,0.00,1.00,0,0.5000,17.00,90,0,0.00,0,7.40,5.47,6.27,14.50
98929,9.38,0.00,1,14.51,13.92,8,14.66,140,0.30,0.29,1100,0.00,1.00,0,0.5000,17.00,90,0,0.00,0,7.40,5.44,6.27,14.50
99033,9.38,0.00,1,14.51,14.08,8,14.66,140,0.30,0.29,1100,0.00,1.00,0,0.5000,17.00,90,0,0.00,0,7.40,5.53,6.27,14.50
99137,9.38,0.00,1,14.51,14.00,8,14.66,140,0.30,0.30,1095,0.00,1.00,0,0.5000,17.00,90,0,0.00,0,7.40,5.47,6.27,14.50
99240,9.38,0.00,1,14.51,14.00,8,14.66,140,0.30,0.30,1099,0.00,1.00,0,0.5000,17.00,90,0,0.00,0,7.40,5.57,6.27,14.50
99345,9.38,0.00,1,14.51,13.92,8,14.66,140,0.30,0.30,1106,0.00,1.00,0,0.5000,17.00,90,0,0.00,0,7.40,5.41,6.27,14.50
99449,10.16,0.00,1,14.51,13.92,8,14.66,140,0.30,0.30,1098,0.00,1.00,0,0.5000,17.00,90,0,0.00,0,7.40,5.44,6.27,14.60
99553,10.16,0.00,1,14.51,14.00,8,14.66,140,0.30,0.30,1099,0.00,1.00,0,0.5000,16.50,90,0,0.00,0,7.40,5.53,6.27,14.40
99657,10.16,0.00,1,14.51,14.00,8,14.66,140,0.30,0.30,1101,0.00,1.00,0,0.5000,17.00,90,0,0.00,0,7.40,5.44,6.27,14.50
99761,10.16,0.00,1,14.51,14.00,8,14.66,140,0.30,0.31,1104,0.00,1.00,0,0.5000,17.00,90,0,0.00,0,7.40,5.53,6.27,14.80
99865,10.16,0.00,1,14.51,14.00,8,14.67,140,0.30,0.31,1096,0.00,1.00,0,0.5000,17.00,90,0,0.00,0,7.40,5.57,6.27,14.70
99969,10.16,0.00,1,14.51,14.00,8,14.66,140,0.30,0.30,1096,0.00,1.00,0,0.5000,17.00,90,0,0.00,0,7.40,5.47,6.27,14.70
100073,10.16,0.00,1,14.51,14.00,8,14.67,140,0.30,0.30,1089,0.00,1.00,0,0.5000,17.00,90,0,0.00,0,7.40,5.50,6.27,14.70
100177,10.16,0.00,1,14.51,14.08,8,14.66,140,0.30,0.30,1096,0.00,1.00,0,0.5000,17.00,90,0,0.00,0,7.40,5.41,6.27,14.80
100282,10.16,0.00,1,14.51,14.08,8,14.66,140,0.30,0.30,1105,0.00,1.00,0,0.5000,16.50,90,0,0.00,0,7.40,5.53,6.27,14.80
100386,10.16,0.00,1,14.51,14.00,8,14.66,140,0.30,0.30,1116,0.00,1.00,0,0.5000,17.00,90,0,0.00,0,7.40,5.60,6.27,14.70
100490,10.16,0.00,1,14.51,14.00,8,14.66,140,0.30,0.31,1113,0.00,1.00,0,0.5000,17.00,90,0,0.00,0,7.40,5.69,6.27,14.80
100594,10.16,0.00,2,14.51,13.92,8,14.66,140,0.30,0.30,1105,0.00,1.00,0,0.5000,17.00,90,0,0.00,0,7.40,5.44,6.27,14.70
100698,10.16,0.00,1,14.51,14.00,8,14.66,140,0.30,0.29,1102,0.00,1.00,0,0.5000,17.00,90,0,0.00,0,7.40,5.37,6.27,14.70
100802,10.16,0.00,1,14.51,14.08,8,14.66,140,0.30,0.30,1104,0.00,1.00,0,0.5000,16.50,90,0,0.00,0,7.40,5.47,6.27,14.80
100906,10.16,0.00,1,14.51,14.00,8,14.66,140,0.30,0.30,1113,0.00,1.00,0,0.5000,17.00,90,0,0.00,0,7.40,5.50,6.27,14.70
101010,10.16,0.00,1,14.51,14.00,8,14.66,140,0.30,0.30,1099,0.00,1.00,0,0.5000,17.00,90,0,0.00,0,7.40,5.53,6.27,14.80
101114,10.16,0.00,1,14.51,13.92,8,14.66,140,0.30,0.29,1104,0.00,1.00,0,0.5000,16.50,90,0,0.00,0,7.40,5.57,6.27,14.60
101218,10.16,0.00,1,14.51,13.92,8,14.66,140,0.30,0.29,1116,0.00,1.00,0,0.5000,16.50,90,0,0.00,0,7.40,5.44,6.27,14.50
101322,10.16,0.00,1,14.51,14.08,8,14.66,140,0.30,0.29,1118,0.00,1.00,0,0.5000,16.50,90,0,0.00,0,7.40,5.47,6.27,14.70
101426,10.16,0.00,1,14.51,14.00,8,14.66,140,0.29,0.29,1112,0.00,1.00,0,0.5000,16.50,90,0,0.00,0,7.40,5.50,6.27,14.70
101530,10.16,0.00,1,14.51,14.08,8,14.66,140,0.29,0.30,1115,0.00,1.00,0,0.5000,17.00,90,0,0.00,0,7.40,5.60,6.27,14.70
101634,10.16,0.00,1,14.51,14.08,8,14.66,140,0.30,0.30,1104,0.00,1.00,0,0.5000,16.50,90,0,0.00,0,7.40,5.63,6.27,14.50
101738,10.16,0.00,1,14.51,13.92,8,14.66,140,0.30,0.30,1118,0.00,1.00,0,0.5000,17.00,90,0,0.00,0,7.40,5.60,6.27,14.60
101843,10.16,0.00,1,14.51,14.00,8,14.66,140,0.30,0.30,1113,0.00,1.00,0,0.5000,16.50,90,0,0.00,0,7.40,5.50,6.27,14.50
101946,10.16,0.00,1,14.51,14.00,8,14.66,142,0.30,0.29,1118,0.00,1.00,0,0.5000,17.00,90,0,0.00,0,7.40,5.34,6.27,14.50
102050,9.38,0.00,1,14.51,14.00,8,14.66,142,0.29,0.29,1104,0.00,1.00,0,0.5000,17.00,90,0,0.00,0,7.40,5.34,6.27,14.60
102154,9.38,0.00,1,14.51,14.00,8,14.66,142,0.29,0.30,1107,0.00,1.00,0,0.5000,17.00,90,0,0.00,0,7.40,5.28,6.27,14.50
102258,9.38,0.00,1,14.51,13.92,8,14.66,142,0.29,0.30,1028,0.00,1.00,0,0.5000,17.50,90,0,0.00,0,7.40,5.41,6.27,14.40
102362,9.38,0.00,1,14.51,14.00,8,14.66,142,0.29,0.30,1085,0.00,1.00,0,0.5000,17.00,90,0,0.00,0,7.40,5.44,6.27,14.50
102466,9.38,0.00,1,14.51,13.92,8,14.67,142,0.30,0.30,1088,0.00,1.00,0,0.5000,17.50,90,0,0.00,0,7.40,5.24,6.27,14.40
102570,9.38,0.00,1,14.51,14.00,8,14.67,142,0.30,0.29,1090,0.00,1.00,0,0.5000,17.00,90,0,0.00,0,7.40,5.37,6.27,14.60
102675,9.38,0.00,1,14.51,14.00,8,14.67,142,0.29,0.29,1152,0.00,1.00,0,0.5000,17.00,90,0,0.00,0,7.40,5.31,6.27,14.60
102778,10.16,0.00,1,14.51,14.00,8,14.67,142,0.29,0.29,1149,0.00,1.00,0,0.5000,17.00,90,0,0.00,0,7.40,5.34,6.27,14.50
102882,10.16,0.00,1,14.51,14.00,8,14.67,142,0.29,0.29,1099,0.00,1.00,0,0.5000,17.00,90,0,0.00,0,7.40,5.28,6.27,14.60
102986,10.16,0.00,1,14.51,14.00,8,14.67,142,0.29,0.29,1090,0.00,1.00,0,0.5000,17.00,90,0,0.00,0,7.40,5.24,6.27,14.80
103091,10.16,0.00,1,14.51,14.08,8,14.67,142,0.29,0.29,1096,0.00,1.00,0,0.5000,17.00,90,0,0.00,0,7.40,5.25,6.27,14.80
103194,10.94,0.00,1,14.51,14.08,8,14.67,142,0.29,0.30,1034,0.00,1.00,0,0.5000,17.00,90,0,0.00,0,7.40,5.37,6.27,14.80
103298,10.94,0.00,1,14.51,13.92,8,14.67,142,0.29,0.30,1078,0.00,1.00,0,0.5000,17.00,90,0,0.00,0,7.40,5.40,6.27,14.90
103402,11.72,0.00,1,14.51,13.92,8,14.67,142,0.29,0.30,1081,0.00,1.00,0,0.5000,17.00,90,0,0.00,0,7.40,5.47,6.27,14.90
103507,11.72,0.00,1,14.51,14.00,8,14.67,142,0.29,0.31,1081,0.00,1.00,0,0.5000,17.00,90,0,0.00,0,7.40,5.57,6.27,15.10
103610,11.72,0.00,2,14.51,14.00,8,14.66,142,0.30,0.30,1152,0.00,1.00,0,0.5000,17.00,90,0,0.00,0,7.40,5.50,6.27,15.00
103715,11.72,0.00,1,14.51,14.00,8,14.66,142,0.30,0.30,1097,0.00,1.00,0,0.5000,16.50,90,0,0.00,0,7.40,5.44,6.27,15.00
103818,11.72,0.00,1,14.51,14.00,8,14.66,142,0.30,0.30,1115,0.00,1.00,0,0.5000,16.00,90,0,0.00,0,7.40,5.50,6.27,15.00
103922,11.72,0.00,1,14.51,13.92,8,14.66,142,0.30,0.28,1106,0.00,1.00,0,0.5000,16.50,90,0,0.00,0,7.40,5.24,6.27,15.10
104026,11.72,0.00,1,14.51,14.00,8,14.66,142,0.29,0.29,1106,0.00,1.00,0,0.5000,16.50,90,0,0.00,0,7.40,5.34,6.27,14.80
104130,10.94,0.00,1,14.51,13.92,8,14.66,142,0.29,0.29,1112,0.00,1.00,0,0.5000,16.50,90,0,0.00,0,7.40,5.44,6.27,14.90
104234,10.94,0.00,1,14.51,14.00,8,14.66,142,0.29,0.29,1108,0.00,1.00,0,0.5000,16.50,90,0,0.00,0,7.40,5.31,6.27,14.30
104339,10.94,0.00,1,14.51,14.00,8,14.66,142,0.29,0.30,1114,0.00,1.00,0,0.5000,17.00,90,0,0.00,0,7.25,5.53,6.27,14.50
104442,11.72,0.00,1,14.51,14.00,8,14.66,142,0.29,0.29,1102,0.00,1.00,0,0.5000,17.00,90,0,0.00,0,7.25,5.34,6.27,14.60
104546,11.72,0.00,1,14.51,14.00,8,14.66,142,0.29,0.28,1106,0.00,1.00,0,0.5000,17.00,90,0,0.00,0,7.25,5.18,6.27,14.50
104650,11.72,0.00,1,14.51,14.00,8,14.66,142,0.29,0.28,1109,0.00,1.00,0,0.5000,16.50,90,0,0.00,0,7.25,5.15,6.27,14.70
104754,10.94,0.00,1,14.51,14.00,8,14.66,142,0.28,0.29,1114,0.00,1.00,0,0.5000,17.00,90,0,0.00,0,7.25,5.34,5.88,14.70
104858,10.94,0.00,1,14.51,14.08,8,14.66,142,0.28,0.29,1102,0.00,1.00,0,0.5000,17.00,90,0,0.00,0,7.25,5.40,6.27,14.90
104962,10.94,0.00,1,14.51,14.00,8,14.66,142,0.29,0.29,1100,0.00,1.00,0,0.5000,17.00,90,0,0.00,0,7.25,5.37,6.27,14.60
105067,10.94,0.00,1,14.51,14.00,8,14.67,142,0.29,0.29,1107,0.00,1.00,0,0.5000,17.00,90,0,0.00,0,7.25,5.21,6.27,14.60
105171,10.94,0.00,1,14.51,14.00,8,14.66,142,0.29,0.29,1105,0.00,1.00,0,0.5000,17.00,90,0,0.00,0,7.25,5.37,6.27,14.50
105275,10.94,0.00,1,14.51,13.92,8,14.67,142,0.29,0.29,1097,0.00,1.00,0,0.5000,17.00,90,0,0.00,0,7.40,5.21,6.27,14.60
105379,10.94,0.00,1,14.51,14.08,8,14.66,142,0.29,0.30,1096,0.00,1.00,0,0.5000,17.00,90,0,0.00,0,7.40,5.44,6.27,14.60
105482,10.94,0.00,1,14.51,13.92,8,14.67,142,0.29,0.30,1078,0.00,1.00,0,0.5000,17.50,90,0,0.00,0,7.40,5.44,6.27,14.70
105586,10.94,0.00,1,14.51,14.00,8,14.67,142,0.30,0.30,1077,0.00,1.00,0,0.5000,17.50,90,0,0.00,0,7.40,5.31,6.27,14.70
105691,10.94,0.00,1,14.51,14.00,8,14.67,142,0.30,0.29,1070,0.00,1.00,0,0.5000,17.00,90,0,0.00,0,7.40,5.34,6.27,14.60
105795,10.94,0.00,1,14.51,14.00,8,14.67,142,0.30,0.30,1081,0.00,1.00,0,0.5000,17.00,91,0,0.00,0,7.40,5.40,6.27,14.70
105899,11.72,0.00,1,14.51,14.08,8,14.66,142,0.30,0.30,1091,0.00,1.00,0,0.5000,16.50,90,0,0.00,0,7.40,5.44,6.27,14.70
106003,11.72,0.00,1,14.51,13.84,8,14.66,142,0.30,0.29,1117,0.00,1.00,0,0.5000,16.50,91,0,0.00,0,7.40,5.47,6.27,14.80
106106,11.72,0.00,1,14.51,14.00,8,14.66,142,0.30,0.29,1111,0.00,1.00,0,0.5000,16.50,91,0,0.00,0,7.40,5.40,6.27,14.70
106210,10.94,0.00,1,14.51,13.92,8,14.66,142,0.29,0.30,1112,0.00,1.00,0,0.5000,17.00,91,0,0.00,0,7.25,5.50,6.27,14.60
106315,10.94,0.00,1,14.51,14.00,8,14.66,142,0.30,0.30,1096,0.00,1.00,0,0.5000,17.00,91,0,0.00,0,7.25,5.34,6.27,14.70
106419,10.94,0.00,1,14.51,14.00,8,14.66,142,0.30,0.30,1101,0.00,1.00,0,0.5000,17.00,91,0,0.00,0,7.25,5.37,6.27,14.60
106523,10.94,0.00,1,14.51,14.00,8,14.66,142,0.29,0.30,1105,0.00,1.00,0,0.5000,17.00,91,0,0.00,0,7.25,5.40,6.27,14.50
106627,10.94,0.00,1,14.51,14.00,8,14.66,142,0.30,0.29,1094,0.00,1.00,0,0.5000,17.00,91,0,0.00,0,7.25,5.31,6.27,14.50
106731,10.94,0.00,1,14.51,13.92,8,14.66,142,0.29,0.28,1093,0.00,1.00,0,0.5000,17.00,91,0,0.00,0,7.25,5.34,6.27,14.40
106834,10.16,0.00,1,14.51,13.92,8,14.67,142,0.29,0.30,1099,0.00,1.00,0,0.5000,17.00,91,0,0.00,0,7.25,5.50,6.27,14.30
106939,10.16,0.00,1,14.51,14.00,8,14.67,142,0.29,0.30,1150,0.00,1.00,0,0.5000,17.00,91,0,0.00,0,7.25,5.47,6.27,14.30
107043,10.16,0.00,1,14.51,14.00,8,14.67,142,0.30,0.30,1091,0.00,1.00,0,0.5000,17.00,91,0,0.00,0,7.25,5.57,5.88,14.40
107147,10.16,0.00,1,14.51,14.00,8,14.67,142,0.30,0.30,1100,0.00,1.00,0,0.5000,17.00,91,0,0.00,0,7.25,5.31,5.88,14.40
107250,10.16,0.00,1,14.51,13.92,8,14.66,142,0.30,0.30,1098,0.00,1.00,0,0.5000,17.00,91,0,0.00,0,7.25,5.44,6.27,14.40
107355,10.16,0.00,1,14.51,13.92,8,14.66,142,0.30,0.30,1107,0.00,1.00,0,0.5000,17.00,91,0,0.00,0,7.25,5.44,5.88,14.50
107459,10.16,0.00,1,14.51,14.00,8,14.66,142,0.30,0.30,1110,0.00,1.00,0,0.5000,16.50,91,0,0.00,0,7.25,5.50,5.88,14.50
107563,10.16,0.00,1,14.51,14.08,8,14.66,142,0.30,0.30,1110,0.00,1.00,0,0.5000,17.00,91,0,0.00,0,7.25,5.50,5.88,14.50
107667,9.38,0.00,1,14.51,14.00,8,14.66,142,0.30,0.29,1100,0.00,1.00,0,0.5000,17.00,91,0,0.00,0,7.25,5.40,5.88,14.40
107771,9.38,0.00,1,14.51,14.00,8,14.67,142,0.30,0.29,1091,0.00,1.00,0,0.5000,17.00,91,0,0.00,0,7.25,5.31,5.88,14.50
107875,9.38,0.00,1,14.51,14.00,8,14.67,142,0.29,0.28,1080,0.00,1.00,0,0.5000,17.00,91,0,0.00,0,7.25,5.18,5.88,14.40
107979,9.38,0.00,1,14.51,14.00,8,14.67,142,0.29,0.29,1083,0.00,1.00,0,0.5000,17.00,91,0,0.00,0,7.25,5.34,6.27,14.50
108083,9.38,0.00,1,14.51,14.08,8,14.66,142,0.29,0.29,1094,0.00,1.00,0,0.5000,17.00,91,0,0.00,0,7.25,5.21,5.88,14.40
108187,9.38,0.00,1,14.51,14.00,8,14.67,142,0.29,0.29,1104,0.00,1.00,0,0.5000,17.00,91,0,0.00,0,7.25,5.31,5.88,14.40
108291,9.38,0.00,1,14.51,14.00,8,14.66,142,0.29,0.29,1096,0.00,1.00,0,0.5000,17.00,91,0,0.00,0,7.25,5.24,5.88,14.40
108395,9.38,0.00,1,14.51,13.92,8,14.66,142,0.29,0.30,1088,0.00,1.00,0,0.5000,17.00,91,0,0.00,0,7.25,5.34,6.27,14.50
108499,9.38,0.00,1,14.51,14.00,8,14.67,142,0.29,0.30,1085,0.00,1.00,0,0.5000,17.00,91,0,0.00,0,7.25,5.44,5.88,14.50
108602,9.38,0.00,1,14.51,14.00,8,14.67,142,0.29,0.30,1076,0.00,1.00,0,0.5000,17.50,91,0,0.00,0,7.25,5.34,5.88,14.60
108707,10.16,0.00,1,14.51,14.00,8,14.67,142,0.30,0.29,1076,0.00,1.00,0,0.5000,18.00,91,0,0.00,0,7.40,5.24,6.27,14.80
108810,10.16,0.00,1,14.51,13.92,8,14.67,142,0.29,0.30,1066,0.00,1.00,0,0.5000,17.00,91,0,0.00,0,7.40,5.44,6.27,14.80
108915,10.16,0.00,1,14.51,14.00,8,14.67,142,0.30,0.30,1072,0.00,1.00,0,0.5000,17.00,91,0,0.00,0,7.40,5.28,5.88,14.80
109019,10.16,0.00,1,14.51,13.92,8,14.67,142,0.30,0.30,1072,0.00,1.00,0,0.5000,17.00,91,0,0.00,0,7.40,5.44,5.88,14.80
109123,10.16,0.00,1,14.51,14.00,8,14.67,142,0.30,0.30,1079,0.00,1.00,0,0.5000,17.00,91,0,0.00,0,7.40,5.37,5.88,14.80
109227,10.16,0.00,1,14.51,14.00,8,14.67,142,0.30,0.30,1086,0.00,1.00,0,0.5000,17.00,91,0,0.00,0,7.40,5.40,5.88,14.70
109331,10.16,0.00,1,14.51,14.00,8,14.67,142,0.30,0.30,1084,0.00,1.00,0,0.5000,17.00,91,0,0.00,0,7.40,5.31,5.88,14.80
109435,10.16,0.00,1,14.51,14.00,8,14.67,144,0.30,0.29,1066,0.00,1.00,0,0.5000,17.00,91,0,0.00,0,7.40,5.28,5.88,14.80
109539,10.16,0.00,1,14.51,13.92,8,14.67,144,0.30,0.29,1073,0.00,1.00,0,0.5000,17.00,91,0,0.00,0,7.40,5.31,5.88,14.80
109643,10.16,0.00,1,14.51,14.08,8,14.67,144,0.29,0.29,1077,0.00,1.00,0,0.5000,17.00,91,0,0.00,0,7.40,5.24,5.88,14.80
109747,10.16,0.00,1,14.51,14.00,8,14.67,144,0.29,0.29,1138,0.00,1.00,0,0.5000,17.00,91,0,0.00,0,7.40,5.18,5.88,14.70
109851,10.16,0.00,1,14.51,14.00,8,14.66,144,0.29,0.30,1084,0.00,1.00,0,0.5000,16.50,91,0,0.00,0,7.40,5.40,5.88,14.70
109955,10.16,0.00,1,14.51,14.00,8,14.67,144,0.29,0.29,1090,0.00,1.00,0,0.5000,17.00,91,0,0.00,0,7.25,5.24,5.88,14.80
110059,10.16,0.00,1,14.51,13.92,8,14.67,144,0.29,0.29,1078,0.00,1.00,0,0.5000,16.50,91,0,0.00,0,7.25,5.24,5.88,14.70
110163,10.16,0.00,1,14.51,14.00,8,14.66,144,0.29,0.29,1026,0.00,1.00,0,0.5000,17.00,91,0,0.00,0,7.25,5.24,5.88,14.70
110267,10.16,0.00,1,14.51,14.00,8,14.67,144,0.29,0.29,1089,0.00,1.00,0,0.5000,17.00,91,0,0.00,0,7.25,5.18,5.88,14.70
110371,10.16,0.00,1,14.51,13.92,8,14.67,144,0.29,0.28,1082,0.00,1.00,0,0.5000,17.00,91,0,0.00,0,7.25,5.12,5.88,14.80
110475,10.16,0.00,1,14.51,14.00,8,14.67,144,0.29,0.28,1078,0.00,1.00,0,0.5000,17.00,91,0,0.00,0,7.25,5.12,5.88,14.70
110579,10.94,0.00,1,14.51,13.92,8,14.67,144,0.29,0.29,1145,0.00,1.00,0,0.5000,17.00,91,0,0.00,0,7.25,5.28,5.88,14.80
110683,10.94,0.00,1,14.51,14.00,8,14.67,144,0.29,0.30,1064,0.00,1.00,0,0.5000,17.00,91,0,0.00,0,7.25,5.21,5.88,14.70
110787,10.94,0.00,1,14.51,14.08,8,14.67,144,0.29,0.28,1080,0.00,1.00,0,0.5000,17.00,91,0,0.00,0,7.40,4.94,5.88,14.70
110891,10.94,0.00,1,14.51,14.00,8,14.67,144,0.29,0.29,1078,0.00,1.00,0,0.5000,17.00,91,0,0.00,0,7.40,5.09,5.88,14.70
110995,10.94,0.00,1,14.51,14.00,8,14.67,144,0.29,0.29,1058,0.00,1.00,0,0.5000,17.50,91,0,0.00,0,7.40,5.12,5.88,14.80
111099,10.94,0.00,1,14.51,14.00,8,14.67,144,0.29,0.30,1059,0.00,1.00,0,0.5000,17.00,91,0,0.00,0,7.40,5.28,5.88,14.80
111203,11.72,0.00,1,14.51,14.00,8,14.67,144,0.29,0.30,1061,0.00,1.00,0,0.5000,17.00,91,0,0.00,0,7.40,5.31,5.88,14.80
111307,11.72,0.00,1,14.51,14.08,8,14.67,144,0.29,0.30,1072,0.00,1.00,0,0.5000,17.00,91,0,0.00,0,7.40,5.37,5.88,14.80
111411,11.72,0.00,1,14.51,14.00,8,14.67,144,0.29,0.30,1083,0.00,1.00,0,0.5000,16.50,91,0,0.00,0,7.40,5.24,5.88,14.80
111515,11.72,0.00,1,14.51,13.92,8,14.67,144,0.29,0.29,1092,0.00,1.00,0,0.5000,17.00,91,0,0.00,0,7.40,5.28,5.88,14.90
111619,11.72,0.00,1,14.51,14.00,8,14.66,144,0.29,0.30,1080,0.00,1.00,0,0.5000,16.50,91,0,0.00,0,7.40,5.37,5.88,14.90
111723,11.72,0.00,1,14.51,13.92,8,14.67,144,0.29,0.30,1086,0.00,1.00,0,0.5000,17.00,91,0,0.00,0,7.25,5.34,5.88,14.80
111827,11.72,0.00,1,14.51,14.00,8,14.67,144,0.29,0.30,1080,0.00,1.00,0,0.5000,17.00,91,0,0.00,0,7.25,5.40,5.88,15.00
111931,11.72,0.00,1,14.51,13.92,8,14.67,144,0.30,0.31,1074,0.00,1.00,0,0.5000,17.00,91,0,0.00,0,7.25,5.50,5.88,14.80
112036,11.72,0.00,1,14.51,14.00,8,14.67,144,0.30,0.30,1088,0.00,1.00,0,0.5000,16.50,91,0,0.00,0,7.25,5.37,5.88,14.90
112140,11.72,0.00,1,14.51,14.00,8,14.66,144,0.30,0.29,1096,0.00,1.00,0,0.5000,16.00,91,0,0.00,0,7.25,5.28,5.88,14.70
112244,11.72,0.00,1,14.51,13.84,8,14.66,144,0.29,0.29,1110,0.00,1.00,0,0.5000,16.00,91,0,0.00,0,7.25,5.31,5.88,14.50
112348,10.94,0.00,1,14.51,13.92,8,14.66,144,0.29,0.29,1106,0.00,1.00,0,0.5000,16.50,91,0,0.00,0,7.25,5.37,5.88,14.60
112452,10.94,0.00,1,14.51,14.00,8,14.67,144,0.29,0.30,1091,0.00,1.00,0,0.5000,17.00,91,0,0.00,0,7.25,5.37,5.88,14.40
112556,10.94,0.00,1,14.51,14.00,8,14.67,144,0.29,0.30,1082,0.00,1.00,0,0.5000,17.00,91,0,0.00,0,7.25,5.44,5.88,14.40
112660,10.16,0.00,1,14.51,14.00,8,14.67,144,0.30,0.30,1080,0.00,1.00,0,0.5000,17.00,91,0,0.00,0,7.25,5.37,5.88,14.40
112764,10.16,0.00,1,14.51,13.92,8,14.67,144,0.30,0.29,1077,0.00,1.00,0,0.5000,17.00,91,0,0.00,0,7.25,5.28,5.88,14.30
112868,10.16,0.00,1,14.51,14.00,8,14.67,144,0.30,0.29,1073,0.00,1.00,0,0.5000,17.00,91,0,0.00,0,7.25,5.34,5.88,14.30
112972,9.38,0.00,1,14.51,14.08,8,14.67,144,0.30,0.29,1067,0.00,1.00,0,0.5000,17.00,91,0,0.00,0,7.25,5.15,5.88,14.40
113075,9.38,0.00,1,14.51,13.92,8,14.67,144,0.29,0.29,1075,0.00,1.00,0,0.5000,17.00,91,0,0.00,0,7.25,5.24,5.88,14.30
113180,9.38,0.00,1,14.51,13.92,8,14.67,144,0.29,0.29,1084,0.00,1.00,0,0.5000,17.00,91,0,0.00,0,7.25,5.24,5.88,14.40
113284,8.59,0.00,1,14.51,14.00,8,14.67,144,0.29,0.30,1085,0.00,1.00,0,0.5000,16.50,91,0,0.00,0,7.25,5.24,5.88,14.30
113388,8.59,0.00,1,14.51,13.92,8,14.67,144,0.29,0.29,1082,0.00,1.00,0,0.5000,17.00,91,0,0.00,0,7.25,5.18,5.88,14.20
113492,8.59,0.00,1,14.51,14.00,8,14.67,144,0.29,0.29,1074,0.00,1.00,0,0.5000,17.00,91,0,0.00,0,7.25,5.24,5.88,14.20
113596,8.59,0.00,1,14.51,13.92,8,14.67,144,0.29,0.29,1070,0.00,1.00,0,0.5000,17.50,91,0,0.00,0,7.25,5.21,5.88,14.40
113700,8.59,0.00,1,14.51,14.00,8,14.67,144,0.29,0.28,1067,0.00,1.00,0,0.5000,17.50,91,0,0.00,0,7.25,4.91,5.88,14.40
113804,8.59,0.00,1,14.51,14.00,8,14.68,144,0.28,0.27,1068,0.00,1.00,0,0.5000,17.00,91,0,0.00,0,7.25,4.94,5.88,14.50
113908,8.59,0.00,1,14.51,14.00,8,14.67,144,0.28,0.29,1048,0.00,1.00,0,0.5000,17.50,91,0,0.00,0,7.25,5.03,5.88,14.50
114012,8.59,0.00,1,14.51,14.00,8,14.67,144,0.28,0.29,1057,0.00,1.00,0,0.5000,17.50,91,0,0.00,0,7.25,5.18,5.88,14.50
114116,8.59,0.00,1,14.51,14.00,8,14.68,144,0.29,0.31,1039,0.00,1.00,0,0.5000,18.00,91,0,0.00,0,7.25,5.24,5.88,14.50
114220,9.38,0.00,1,14.51,14.00,8,14.68,144,0.29,0.30,1032,0.00,1.00,0,0.5000,17.50,91,0,0.00,0,7.40,5.18,5.88,14.60
114324,9.38,0.00,1,14.51,14.00,8,14.68,144,0.29,0.30,1032,0.00,1.00,0,0.5000,17.00,91,0,0.00,0,7.40,5.24,5.88,15.10
114428,9.38,0.00,1,14.51,13.84,8,14.68,144,0.30,0.31,1034,0.00,1.00,0,0.5000,17.00,91,0,0.00,0,7.40,5.24,5.88,14.80
114531,9.38,0.00,1,14.51,14.00,8,14.67,144,0.30,0.30,1047,0.00,1.00,0,0.5000,17.00,91,0,0.00,0,7.40,5.18,5.88,14.80
114636,9.38,0.00,1,14.51,13.92,8,14.68,144,0.30,0.31,1045,0.00,1.00,0,0.5000,17.00,91,0,0.00,0,7.40,5.28,5.88,14.80
114740,9.38,0.00,1,14.51,14.00,8,14.67,144,0.30,0.30,1042,0.00,1.00,0,0.5000,17.00,91,0,0.00,0,7.40,5.18,5.88,14.70
114844,9.38,0.00,1,14.51,14.00,8,14.67,144,0.30,0.30,1056,0.00,1.00,0,0.5000,16.50,91,0,0.00,0,7.40,5.24,5.88,14.70
114948,9.38,0.00,1,14.51,13.92,8,14.67,144,0.30,0.30,1075,0.00,1.00,0,0.5000,16.50,91,0,0.00,0,7.25,5.34,5.88,14.80
115052,9.38,0.00,1,14.51,13.92,8,14.67,144,0.30,0.29,1079,0.00,1.00,0,0.5000,16.50,91,0,0.00,0,7.25,5.24,5.88,14.80
115156,9.38,0.00,1,14.51,14.00,8,14.67,144,0.30,0.29,1080,0.00,1.00,0,0.5000,16.50,91,0,0.00,0,7.25,5.34,5.88,14.90
115260,9.38,0.00,1,14.51,14.00,8,14.67,144,0.29,0.29,1084,0.00,1.00,0,0.5000,16.50,91,0,0.00,0,7.25,5.21,5.88,14.60
115365,9.38,0.00,1,14.51,14.00,8,14.67,144,0.29,0.30,1070,0.00,1.00,0,0.5000,16.50,91,0,0.00,0,7.25,5.31,5.88,14.50
115468,9.38,0.00,1,14.51,14.00,8,14.67,144,0.29,0.29,1067,0.00,1.00,0,0.5000,16.50,91,0,0.00,0,7.25,5.24,5.88,14.60
115572,9.38,0.00,1,14.51,14.00,8,14.67,144,0.29,0.29,1082,0.00,1.00,0,0.5000,16.50,91,0,0.00,0,7.25,5.31,5.88,14.50
115676,9.38,0.00,1,14.51,14.00,8,14.67,144,0.29,0.28,1076,0.00,1.00,0,0.5000,16.50,91,0,0.00,0,7.25,5.06,5.88,14.50
115780,9.38,0.00,1,14.51,14.00,8,14.66,144,0.29,0.29,1093,0.00,1.00,0,0.5000,16.50,91,0,0.00,0,7.25,5.21,5.88,14.60
115884,9.38,0.00,1,14.51,14.08,8,14.67,144,0.29,0.30,1076,0.00,1.00,0,0.5000,16.50,91,0,0.00,0,7.25,5.28,5.88,14.60
115988,9.38,0.00,1,14.51,14.00,8,14.67,144,0.29,0.29,1081,0.00,1.00,0,0.5000,17.00,91,0,0.00,0,7.25,5.24,5.88,14.60
116092,9.38,0.00,1,14.51,13.92,8,14.67,144,0.29,0.29,1062,0.00,1.00,0,0.5000,17.50,91,0,0.00,0,7.25,5.09,5.88,14.50
116196,9.38,0.00,1,14.51,13.84,8,14.67,144,0.29,0.29,1059,0.00,1.00,0,0.5000,17.00,91,0,0.00,0,7.25,5.12,5.88,14.70
116300,9.38,0.00,1,14.51,13.92,8,14.67,144,0.29,0.29,1065,0.00,1.00,0,0.5000,17.00,91,0,0.00,0,7.25,5.12,5.88,14.50
116404,9.38,0.00,1,14.51,14.00,8,14.67,144,0.29,0.29,1059,0.00,1.00,0,0.5000,17.00,91,0,0.00,0,7.25,5.18,5.88,14.70
116508,9.38,0.00,1,14.51,13.92,8,14.67,144,0.29,0.29,1064,0.00,1.00,0,0.5000,17.00,91,0,0.00,0,7.25,5.18,5.88,14.90
116612,9.38,0.00,1,14.51,14.00,8,14.67,144,0.29,0.29,1051,0.00,1.00,0,0.5000,17.00,91,0,0.00,0,7.25,4.94,5.88,14.70
116716,9.38,0.00,1,14.51,14.00,8,14.67,144,0.29,0.28,1068,0.00,1.00,0,0.5000,17.00,91,0,0.00,0,7.25,4.94,5.88,14.70
116820,9.38,0.00,1,14.51,13.92,8,14.67,144,0.28,0.28,1052,0.00,1.00,0,0.5000,17.00,91,0,0.00,0,7.25,5.00,5.88,14.80
116923,9.38,0.00,1,14.51,14.08,8,14.68,145,0.28,0.29,1030,0.00,1.00,0,0.5000,18.50,91,0,0.00,0,7.25,5.09,5.88,14.60
117028,9.38,0.00,1,14.51,14.08,8,14.68,145,0.29,0.30,1036,0.00,1.00,0,0.5000,17.50,91,0,0.00,0,7.25,5.12,5.88,14.80
117132,9.38,0.00,1,14.51,13.92,8,14.68,145,0.29,0.30,1030,0.00,1.00,0,0.5000,17.00,91,0,0.00,0,7.40,5.21,5.88,14.70
117236,10.16,0.00,1,14.51,14.00,8,14.67,145,0.29,0.30,1043,0.00,1.00,0,0.5000,17.00,91,0,0.00,0,7.40,5.21,5.88,14.70
117340,10.16,0.00,1,14.51,13.92,8,14.67,145,0.30,0.30,1049,0.00,1.00,0,0.5000,17.00,91,0,0.00,0,7.40,5.12,5.88,14.80
117444,10.16,0.00,1,14.51,14.00,8,14.68,145,0.30,0.29,1048,0.00,1.00,0,0.5000,17.00,91,0,0.00,0,7.25,5.24,5.88,14.80
117548,10.16,0.00,1,14.51,14.00,8,14.68,145,0.30,0.30,1057,0.00,1.00,0,0.5000,17.00,91,0,0.00,0,7.25,5.24,5.88,14.70
117652,10.16,0.00,1,14.51,13.92,8,14.67,145,0.30,0.29,1053,0.00,1.00,0,0.5000,17.00,91,0,0.00,0,7.25,5.12,5.88,14.80
117756,10.16,0.00,1,14.51,13.92,8,14.67,145,0.30,0.30,1050,0.00,1.00,0,0.5000,16.50,91,0,0.00,0,7.25,5.18,5.88,15.00
117860,10.16,0.00,1,14.51,13.92,8,14.67,145,0.29,0.29,1051,0.00,1.00,0,0.5000,17.00,91,0,0.00,0,7.25,5.12,5.88,14.80
117964,10.16,0.00,1,14.51,14.00,8,14.67,145,0.29,0.29,1057,0.00,1.00,0,0.5000,16.50,91,0,0.00,0,7.25,5.12,5.88,14.80
118068,10.16,0.00,1,14.51,14.08,8,14.67,145,0.29,0.29,1057,0.00,1.00,0,0.5000,16.50,91,0,0.00,0,7.25,5.18,5.88,14.70
118172,10.16,0.00,1,14.51,14.00,8,14.67,145,0.29,0.29,1072,0.00,1.00,0,0.5000,16.50,91,0,0.00,0,7.25,5.15,5.88,14.70
118276,9.38,0.00,1,14.51,13.92,8,14.67,145,0.29,0.30,1058,0.00,1.00,0,0.5000,17.00,91,0,0.00,0,7.25,5.18,5.88,14.60
118380,9.38,0.00,1,14.51,14.00,8,14.67,145,0.29,0.30,1055,0.00,1.00,0,0.5000,16.50,91,0,0.00,0,7.25,5.12,5.88,14.50
118484,9.38,0.00,1,14.51,14.00,8,14.68,145,0.29,0.30,1055,0.00,1.00,0,0.5000,17.00,91,0,0.00,0,7.25,5.24,5.88,14.50
118588,9.38,0.00,1,14.51,14.00,8,14.68,145,0.29,0.30,1050,0.00,1.00,0,0.5000,17.00,91,0,0.00,0,7.25,5.24,5.88,14.50
118692,9.38,0.00,1,14.51,14.00,8,14.67,145,0.29,0.30,1052,0.00,1.00,0,0.5000,17.00,91,0,0.00,0,7.25,5.24,5.88,14.60
118796,9.38,0.00,1,14.51,14.00,8,14.67,145,0.30,0.30,1062,0.00,1.00,0,0.5000,17.00,91,0,0.00,0,7.25,5.24,5.88,14.50
118900,9.38,0.00,1,14.51,14.00,8,14.67,145,0.30,0.29,1064,0.00,1.00,0,0.5000,16.50,91,0,0.00,0,7.25,5.15,5.88,14.50
119005,9.38,0.00,1,14.51,14.00,8,14.67,145,0.29,0.29,1060,0.00,1.00,0,0.5000,17.00,91,0,0.00,1,7.25,5.15,5.88,14.50
119108,9.38,0.00,1,14.51,14.00,8,14.67,145,0.29,0.29,1046,0.00,1.00,0,0.5000,17.00,91,0,0.00,1,7.25,5.18,5.88,14.50
119212,9.38,0.00,1,14.51,14.00,8,14.67,145,0.29,0.29,1055,0.00,1.00,0,0.5000,17.00,91,0,0.00,1,7.25,5.12,5.88,14.50
119316,8.59,0.00,1,14.51,13.92,8,14.67,145,0.29,0.29,1051,0.00,1.00,0,0.5000,17.00,91,0,0.00,1,7.25,5.12,5.88,14.50
119420,8.59,0.00,1,14.51,14.00,8,14.68,145,0.29,0.30,1054,0.00,1.00,0,0.5000,17.00,91,0,0.00,1,7.25,5.09,5.88,14.60
119524,9.38,0.00,1,14.51,13.92,8,14.67,145,0.29,0.29,1054,0.00,1.00,0,0.5000,16.50,91,0,0.00,1,7.25,5.06,5.88,14.40
119628,9.38,0.00,1,14.51,14.00,8,14.68,145,0.29,0.30,1050,0.00,1.00,0,0.5000,17.50,91,0,0.00,1,7.25,5.12,5.88,14.50
119732,8.59,0.00,1,14.51,14.00,8,14.68,145,0.29,0.30,1032,0.00,1.00,0,0.5000,17.50,91,0,0.00,1,7.25,5.12,5.88,14.60
119836,8.59,0.00,1,14.51,14.00,8,14.68,145,0.29,0.30,1025,0.00,1.00,0,0.5000,17.50,91,0,0.00,1,7.25,5.12,5.88,14.60
119940,8.59,0.00,1,14.51,14.00,8,14.68,145,0.30,0.30,1037,0.00,1.00,0,0.5000,17.00,91,0,0.00,1,7.40,5.06,5.88,14.60
120044,8.59,0.00,1,14.51,13.92,8,14.68,145,0.30,0.29,1039,0.00,1.00,0,0.5000,17.00,91,0,0.00,1,7.40,5.09,5.88,14.60
120148,9.38,0.00,1,14.51,14.00,8,14.68,145,0.29,0.28,1046,0.00,1.00,0,0.5000,17.00,91,0,0.00,1,7.40,4.90,5.88,14.60
120252,8.59,0.00,1,14.51,14.00,8,14.68,145,0.29,0.29,1026,0.00,1.00,0,0.5000,17.00,91,0,0.00,1,7.40,4.97,5.88,14.60
120356,9.38,0.00,1,14.51,14.00,8,14.68,145,0.29,0.28,1032,0.00,1.00,0,0.5000,17.00,91,0,0.00,1,7.40,4.84,5.88,14.70
120461,9.38,0.00,1,14.51,14.00,8,14.68,145,0.29,0.29,1036,0.00,1.00,0,0.5000,17.00,91,0,0.00,1,7.40,5.09,5.88,14.70
120564,9.38,0.00,1,14.51,13.92,8,14.68,145,0.29,0.30,1019,0.00,1.00,0,0.5000,17.00,91,0,0.00,1,7.40,5.09,5.88,14.70
120669,9.38,0.00,1,14.51,14.00,8,14.68,145,0.29,0.31,1016,0.00,1.00,0,0.5000,18.00,91,0,0.00,1,7.40,5.57,7.45,14.80
120772,10.16,0.00,1,14.51,14.00,8,14.68,145,0.30,0.36,1010,0.00,0.88,0,0.5000,17.50,91,0,0.00,1,7.98,6.28,7.06,14.70
120877,10.16,0.00,2,14.51,13.92,8,14.68,145,0.33,0.36,1018,0.00,0.88,0,0.5000,16.50,91,0,0.00,1,8.42,6.28,7.06,14.90
120981,10.94,0.00,2,14.51,13.92,8,14.66,145,0.34,0.34,1087,0.00,0.99,0,0.5000,13.00,91,0,0.00,1,8.42,6.25,7.06,14.90
121084,11.72,0.00,2,14.51,13.92,8,14.66,145,0.34,0.35,1106,0.00,0.99,0,0.5000,13.00,91,0,0.00,1,8.42,6.37,7.06,15.30
121188,12.50,0.00,2,14.51,13.92,8,14.66,145,0.34,0.35,1112,0.00,0.99,0,0.5000,12.50,91,0,0.00,1,8.42,6.54,7.06,15.30
121292,12.50,0.00,2,14.51,14.00,8,14.66,145,0.34,0.34,1125,0.00,0.99,0,0.5000,13.50,91,0,0.00,1,8.42,6.41,7.06,15.40
121396,13.28,0.00,2,14.51,14.00,8,14.65,145,0.34,0.34,1148,0.00,0.99,0,0.5000,12.50,91,0,0.00,1,8.42,6.37,7.06,15.50
121500,14.84,0.00,2,14.51,14.00,8,14.65,145,0.34,0.33,1100,0.00,0.99,0,0.5000,12.00,91,0,0.00,1,8.27,6.50,7.06,15.60
121604,14.84,0.00,2,14.51,13.92,8,14.64,145,0.34,0.33,1186,0.00,0.99,0,0.5000,12.00,91,0,0.00,1,8.13,6.54,7.06,15.60
121708,14.84,0.00,2,14.51,13.92,8,14.64,145,0.33,0.33,1196,0.00,1.00,0,0.5000,12.00,91,0,0.00,1,8.13,6.45,7.06,15.50
121813,14.84,0.00,2,14.51,14.00,8,14.64,145,0.33,0.32,1211,0.00,1.00,0,0.5000,12.00,91,0,0.00,1,7.84,6.37,7.06,15.30
121917,14.84,0.00,2,14.51,13.92,8,14.64,145,0.32,0.32,1242,0.00,1.00,0,0.5000,12.00,91,0,0.00,1,7.69,6.62,7.06,15.10
122021,14.84,0.00,2,14.51,14.08,8,14.64,145,0.32,0.32,1252,0.00,1.00,0,0.5000,12.00,91,0,0.00,1,7.55,6.62,7.06,14.80
122124,14.84,0.00,2,14.51,14.08,8,14.64,145,0.32,0.31,1252,0.00,1.00,0,0.5000,12.00,91,0,0.00,1,7.40,6.58,6.67,14.80
122228,14.84,0.00,2,14.51,13.92,8,14.64,145,0.32,0.31,1260,0.00,1.00,0,0.5000,12.00,91,0,0.00,1,7.25,6.45,6.67,14.90
122332,14.06,0.00,2,14.51,14.00,8,14.64,145,0.31,0.31,1269,0.00,1.00,0,0.5000,12.00,91,0,0.00,1,7.25,6.54,6.67,14.20
122436,13.28,0.00,2,14.51,13.92,8,14.64,145,0.31,0.31,1266,0.00,1.00,0,0.5000,12.00,91,0,0.00,1,7.11,6.33,6.67,14.40
122540,12.50,0.00,2,14.51,14.00,8,14.64,145,0.31,0.30,1267,0.00,1.00,0,0.5000,13.00,91,0,0.00,1,6.96,6.28,6.67,14.20
122645,11.72,0.00,2,14.51,14.00,8,14.64,145,0.31,0.30,1251,0.00,1.00,0,0.5000,14.00,91,0,0.00,1,6.96,6.24,6.67,14.00
122749,10.94,0.00,2,14.51,13.92,8,14.64,145,0.30,0.30,1254,0.00,1.00,0,0.5000,15.00,91,0,0.00,1,6.82,6.28,6.27,14.00
122853,10.16,0.00,2,14.51,14.00,8,14.64,145,0.30,0.30,1256,0.00,1.00,0,0.5000,15.50,91,0,0.00,1,6.82,6.21,6.27,13.80
122956,9.38,0.00,2,14.51,14.08,8,14.64,145,0.30,0.29,1264,0.00,1.00,0,0.5000,15.50,91,0,0.00,1,6.67,6.11,6.27,13.70
123061,7.81,0.00,2,14.51,13.92,8,14.64,145,0.30,0.29,1259,0.00,1.00,0,0.5000,16.50,91,0,0.00,1,6.67,6.08,6.27,13.60
123165,7.03,0.00,2,14.51,14.08,8,14.64,145,0.29,0.29,1250,0.00,1.00,0,0.5000,16.50,91,0,0.00,1,6.67,6.02,6.27,13.60
123269,6.25,0.00,2,14.51,14.00,8,14.64,145,0.29,0.29,1239,0.00,1.00,0,0.5000,17.00,91,0,0.00,1,6.67,5.95,6.27,13.60
123372,5.47,0.00,2,14.51,14.00,8,14.64,145,0.29,0.28,1239,0.00,1.00,0,0.5000,17.00,91,0,0.00,1,6.53,5.89,6.27,13.60
123477,4.69,0.00,2,14.51,14.00,8,14.64,145,0.29,0.29,1230,0.00,1.00,0,0.5000,17.00,91,0,0.00,1,6.53,5.89,6.27,13.50
123580,3.91,0.00,2,14.51,14.00,8,14.64,145,0.29,0.29,1154,0.00,1.00,0,0.5000,17.00,91,0,0.00,1,6.53,5.86,5.88,13.50
123685,3.12,0.00,2,14.51,14.00,8,14.64,145,0.29,0.29,1154,0.00,1.00,0,0.5000,17.00,91,0,0.00,1,6.53,5.73,5.88,13.60
123789,2.34,0.00,2,14.51,13.92,8,14.64,145,0.29,0.29,1195,0.00,1.00,0,0.5000,18.50,91,0,0.00,1,6.53,5.57,5.88,13.60
123893,1.56,0.00,1,14.51,14.00,8,14.65,145,0.29,0.28,1183,0.00,1.00,0,0.5000,19.00,91,0,0.00,1,6.53,5.47,5.88,13.60
123996,1.56,0.00,1,14.51,14.00,8,14.65,145,0.28,0.29,1174,0.00,1.00,0,0.5000,20.00,91,0,0.00,1,6.67,5.50,5.88,13.70
124101,0.78,0.00,1,14.51,14.00,8,14.65,145,0.29,0.29,1154,0.00,1.00,0,0.5000,21.00,91,0,0.00,1,6.67,5.53,5.88,13.80
124205,0.00,0.00,1,14.51,14.00,8,14.65,145,0.29,0.29,1142,0.00,1.00,0,0.5000,19.50,91,0,0.00,1,6.67,5.50,5.49,13.80
124309,0.00,0.00,1,14.51,14.00,8,14.65,145,0.29,0.28,1137,0.00,1.00,0,0.5000,20.00,91,0,0.00,1,6.67,5.31,5.49,13.90
124412,0.00,0.00,1,14.51,13.92,8,14.66,145,0.29,0.28,1124,0.00,1.00,0,0.5000,20.50,91,0,0.00,1,6.67,5.21,5.49,14.10
124517,-0.78,0.00,1,14.51,13.92,8,14.66,145,0.28,0.28,1127,0.00,1.00,0,0.5000,20.00,91,0,0.00,1,6.67,5.24,5.49,14.10
124621,-0.78,0.00,1,14.51,14.00,8,14.66,147,0.28,0.28,1116,0.00,1.00,0,0.5000,21.50,91,0,0.00,1,6.67,5.18,5.49,14.00
124725,-0.78,0.00,1,14.51,14.00,8,14.66,147,0.28,0.28,1099,0.00,1.00,0,0.5000,21.50,91,0,0.00,1,6.82,5.12,5.49,14.10
124829,-0.78,0.00,1,14.51,14.00,8,14.67,147,0.28,0.27,1082,0.00,1.00,0,0.5000,22.00,91,0,0.00,1,6.82,5.00,5.49,14.20
124933,-0.78,0.00,1,14.51,13.92,8,14.67,147,0.28,0.28,1079,0.00,1.00,0,0.5000,22.00,91,0,0.00,1,6.82,4.97,5.49,14.20
125037,-0.78,0.00,1,14.51,14.00,8,14.67,147,0.28,0.27,1060,0.00,1.00,0,0.5000,21.00,91,0,0.00,1,6.82,4.90,5.49,14.40
125141,-0.78,0.00,1,14.51,14.00,8,14.67,147,0.28,0.28,1073,0.00,1.00,0,0.5000,21.50,91,0,0.00,1,6.82,4.94,5.49,14.40
125245,-0.78,0.00,1,14.51,14.00,8,14.68,147,0.28,0.28,1046,0.00,1.00,0,0.5000,21.50,91,0,0.00,1,6.82,4.84,5.49,14.40
125349,-0.78,0.00,1,14.51,14.00,8,14.68,147,0.28,0.29,1086,0.00,1.00,0,0.5000,22.00,91,0,0.00,1,6.96,5.03,5.49,14.50
125453,0.00,0.00,1,14.51,13.92,8,14.68,147,0.28,0.30,1000,0.00,1.00,0,0.5000,22.00,91,0,0.00,1,6.96,5.03,5.49,14.60
125556,0.00,0.00,1,14.51,13.92,8,14.69,147,0.29,0.30,997,0.00,1.00,0,0.5000,22.00,91,0,0.00,1,7.11,5.00,5.49,14.30
125661,0.78,0.00,1,14.51,13.92,8,14.69,147,0.29,0.30,997,0.00,1.00,0,0.5000,22.00,91,0,0.00,1,7.11,4.94,5.49,15.00
125765,0.78,0.00,1,14.51,14.00,8,14.69,147,0.29,0.30,994,0.00,1.00,0,0.5000,22.00,91,0,0.00,1,7.11,4.90,5.49,14.80
125869,0.78,0.00,1,14.51,14.08,8,14.69,147,0.29,0.28,985,0.00,1.00,0,0.5000,21.50,91,0,0.00,1,7.25,4.67,5.49,15.00
125973,1.56,0.00,1,14.51,13.92,8,14.69,147,0.29,0.29,989,0.00,1.00,0,0.5000,20.50,91,0,0.00,1,7.25,4.78,5.49,15.10
126077,1.56,0.00,1,14.51,14.00,8,14.69,147,0.29,0.29,1005,0.00,1.00,0,0.5000,21.00,91,0,0.00,1,7.25,4.84,5.49,15.10
126181,1.56,0.00,1,14.51,14.00,8,14.69,147,0.29,0.30,960,0.00,1.00,0,0.5000,21.00,91,0,0.00,1,7.40,4.81,5.49,15.00
126285,2.34,0.00,1,14.51,14.00,8,14.69,147,0.29,0.29,972,0.00,1.00,0,0.5000,20.50,91,0,0.00,1,7.40,4.84,5.49,15.10
126389,2.34,0.00,1,14.51,14.00,8,14.69,147,0.29,0.30,977,0.00,1.00,0,0.5000,20.50,91,0,0.00,1,7.40,4.84,5.49,15.00
126493,3.12,0.00,1,14.51,13.92,8,14.70,147,0.29,0.30,969,0.00,1.00,0,0.5000,21.50,91,0,0.00,1,7.55,4.94,5.49,15.10
126597,3.91,0.00,1,14.51,14.00,8,14.69,147,0.30,0.30,961,0.00,1.00,0,0.5000,20.00,91,0,0.00,1,7.55,4.81,5.49,15.30
126701,3.91,0.00,1,14.51,14.00,8,14.69,147,0.30,0.30,980,0.00,1.00,0,0.5000,19.00,91,0,0.00,1,7.55,4.78,5.49,15.40
126806,4.69,0.00,1,14.51,13.92,8,14.69,147,0.30,0.30,946,0.00,1.00,0,0.5000,19.50,91,0,0.00,1,7.69,4.87,5.49,15.50
126909,5.47,0.00,1,14.51,14.00,8,14.69,147,0.30,0.30,965,0.00,1.00,0,0.5000,18.50,91,0,0.00,1,7.69,4.81,5.49,15.60
127013,6.25,0.00,1,14.51,14.00,8,14.69,147,0.30,0.30,970,0.00,1.00,0,0.5000,19.50,91,0,0.00,1,7.69,4.78,5.88,15.60
127117,7.03,0.00,1,14.51,13.92,8,14.69,147,0.30,0.30,956,0.00,1.00,0,0.5000,18.00,91,0,0.00,1,7.84,4.97,5.88,15.60
127221,7.81,0.00,1,14.51,13.92,8,14.69,147,0.30,0.32,1024,0.00,1.00,0,0.5000,17.50,91,0,0.00,1,7.84,5.06,5.88,15.70
127325,8.59,0.00,1,14.51,14.00,8,14.69,147,0.31,0.32,964,0.00,1.00,0,0.5000,17.50,91,0,0.00,1,7.98,5.12,5.88,15.80
127429,9.38,0.00,1,14.51,13.92,8,14.69,147,0.31,0.16,979,0.00,1.00,0,0.5000,17.00,91,0,0.00,1,7.98,5.12,5.88,15.80
127533,10.16,0.00,1,14.51,14.00,8,14.69,147,0.31,0.31,979,0.00,1.00,0,0.5000,17.00,91,0,0.00,1,7.98,5.15,5.88,15.90
127637,10.94,0.00,1,14.51,13.92,8,14.69,147,0.31,0.31,998,0.00,1.00,0,0.5000,16.50,91,0,0.00,1,7.98,5.18,5.88,15.90
127741,11.72,0.00,1,14.51,14.00,8,14.68,147,0.31,0.31,1006,0.00,1.00,0,0.5000,16.50,91,0,0.00,1,7.98,5.31,6.27,15.90
127845,12.50,0.00,1,14.51,14.00,8,14.68,147,0.31,0.31,1027,0.00,1.00,0,0.5000,15.50,91,0,0.00,1,7.84,5.37,6.27,15.80
127949,13.28,0.00,1,14.51,14.00,8,14.68,147,0.31,0.31,1036,0.00,1.00,0,0.5000,14.00,91,0,0.00,1,7.84,5.44,6.27,15.80
128053,13.28,0.00,1,14.51,14.08,8,14.67,147,0.31,0.31,1054,0.00,1.00,0,0.5000,13.50,91,0,0.00,1,7.69,5.37,6.27,15.90
128157,14.06,0.00,1,14.51,13.92,8,14.67,147,0.31,0.31,1061,0.00,1.00,0,0.5000,14.00,91,0,0.00,1,7.69,5.31,6.27,15.70
128261,14.06,0.00,1,14.51,14.00,8,14.67,147,0.31,0.30,1072,0.00,1.00,0,0.5000,13.50,91,0,0.00,1,7.69,5.37,5.88,15.70
128365,14.06,0.00,1,14.51,14.00,8,14.67,147,0.30,0.30,1067,0.00,1.00,0,0.5000,14.00,91,0,0.00,1,7.55,5.40,6.27,15.40
128468,14.06,0.00,1,14.51,14.00,8,14.67,147,0.30,0.30,1064,0.00,1.00,0,0.5000,14.00,91,0,0.00,1,7.55,5.40,5.88,15.30
128573,14.06,0.00,1,14.51,14.08,8,14.67,147,0.30,0.31,1076,0.00,1.00,0,0.5000,14.00,91,0,0.00,1,7.55,5.53,6.27,15.20
128677,14.06,0.00,1,14.51,14.00,8,14.67,147,0.30,0.29,1148,0.00,1.00,0,0.5000,13.00,91,0,0.00,1,7.40,5.34,5.88,15.10
128781,14.06,0.00,1,14.51,14.00,8,14.66,147,0.30,0.28,1094,0.00,1.00,0,0.5000,14.00,91,0,0.00,1,7.40,5.24,6.27,14.80
128885,13.28,0.00,1,14.51,13.92,8,14.66,147,0.29,0.30,1082,0.00,1.00,0,0.5000,14.50,91,0,0.00,1,7.40,5.44,5.88,14.80
128989,13.28,0.00,1,14.51,13.92,8,14.66,147,0.30,0.30,1100,0.00,1.00,0,0.5000,14.00,91,0,0.00,1,7.40,5.47,6.27,14.90
129094,13.28,0.00,1,14.51,14.00,8,14.66,147,0.30,0.29,1101,0.00,1.00,0,0.5000,14.50,91,0,0.00,1,7.25,5.31,5.88,14.80
129198,12.50,0.00,1,14.51,13.92,8,14.66,147,0.29,0.29,1098,0.00,1.00,0,0.5000,16.00,91,0,0.00,1,7.25,5.31,5.88,14.50
129302,12.50,0.00,1,14.51,13.84,8,14.66,147,0.29,0.28,1093,0.00,1.00,0,0.5000,16.00,91,0,0.00,1,7.25,5.06,5.88,14.40
129406,12.50,0.00,1,14.51,14.00,8,14.66,147,0.29,0.28,1092,0.00,1.00,0,0.5000,16.00,91,0,0.00,1,7.25,5.24,5.88,14.40
129510,12.50,0.00,1,14.51,13.84,8,14.66,147,0.29,0.29,1104,0.00,1.00,0,0.5000,16.50,91,0,0.00,1,7.25,5.34,5.88,14.40
129615,11.72,0.00,1,14.51,14.00,8,14.67,147,0.29,0.29,1090,0.00,1.00,0,0.5000,16.50,91,0,0.00,1,7.11,5.37,5.88,14.40
129718,11.72,0.00,1,14.51,14.00,8,14.66,147,0.29,0.28,1101,0.00,1.00,0,0.5000,16.00,91,0,0.00,1,7.11,5.09,5.88,14.40
129822,11.72,0.00,1,14.51,14.08,8,14.67,147,0.28,0.28,1104,0.00,1.00,0,0.5000,16.50,91,0,0.00,1,7.11,5.21,5.88,14.30
129926,11.72,0.00,1,14.51,13.92,8,14.66,147,0.28,0.28,1099,0.00,1.00,0,0.5000,16.50,91,0,0.00,1,7.11,5.18,5.88,14.40
130030,10.94,0.00,1,14.51,13.92,8,14.67,147,0.28,0.29,1091,0.00,1.00,0,0.5000,17.00,91,0,0.00,1,7.11,5.24,5.88,14.30
130134,10.94,0.00,1,14.51,14.00,8,14.66,147,0.29,0.29,1026,0.00,1.00,0,0.5000,16.50,91,0,0.00,1,7.11,5.28,5.88,14.30
130238,10.94,0.00,1,14.51,14.00,8,14.66,147,0.29,0.28,1033,0.00,1.00,0,0.5000,17.00,91,0,0.00,1,7.11,5.12,5.49,14.30
130342,10.94,0.00,1,14.51,13.92,8,14.67,147,0.28,0.29,1078,0.00,1.00,0,0.5000,17.00,91,0,0.00,1,7.11,5.12,5.49,14.30
130446,10.16,0.00,1,14.51,14.00,8,14.67,147,0.28,0.28,1070,0.00,1.00,0,0.5000,17.00,91,0,0.00,1,7.11,5.06,5.49,14.40
130550,10.16,0.00,1,14.51,13.92,8,14.67,147,0.28,0.29,1073,0.00,1.00,0,0.5000,17.00,91,0,0.00,1,6.96,5.21,5.49,14.30
130654,10.16,0.00,1,14.51,14.00,8,14.67,147,0.28,0.29,1067,0.00,1.00,0,0.5000,17.00,91,0,0.00,1,7.11,5.18,5.49,14.30
130758,9.38,0.00,1,14.51,14.00,8,14.67,147,0.29,0.30,1052,0.00,1.00,0,0.5000,17.50,91,0,0.00,1,7.11,5.18,5.49,14.40
130863,9.38,0.00,1,14.51,14.00,8,14.67,147,0.29,0.29,1057,0.00,1.00,0,0.5000,17.00,91,0,0.00,1,7.11,4.97,5.49,14.30
130966,9.38,0.00,1,14.51,14.00,8,14.67,147,0.29,0.29,1060,0.00,1.00,0,0.5000,17.50,91,0,0.00,1,7.11,5.00,5.49,14.20
131070,8.59,0.00,1,14.51,14.00,8,14.67,147,0.29,0.28,1058,0.00,1.00,0,0.5000,17.50,91,0,0.00,1,7.11,5.00,5.49,14.30
131174,8.59,0.00,1,14.51,14.00,8,14.68,147,0.28,0.28,1049,0.00,1.00,0,0.5000,17.00,91,0,0.00,1,7.11,5.06,5.49,14.30
131278,8.59,0.00,1,14.51,14.00,8,14.67,147,0.28,0.29,1056,0.00,1.00,0,0.5000,17.00,91,0,0.00,1,7.11,5.06,5.49,14.30
131382,8.59,0.00,1,14.51,14.00,8,14.67,147,0.29,0.28,1056,0.00,1.00,0,0.5000,17.00,91,0,0.00,1,7.11,4.94,5.49,14.30
131486,7.81,0.00,1,14.51,14.00,8,14.67,147,0.28,0.28,1059,0.00,1.00,0,0.5000,17.00,91,0,0.00,1,7.11,4.87,5.49,14.30
131590,7.81,0.00,1,14.51,14.00,8,14.68,147,0.28,0.28,1043,0.00,1.00,0,0.5000,17.50,91,0,0.00,1,7.11,4.87,5.49,14.30
131694,7.81,0.00,1,14.51,13.92,8,14.68,147,0.28,0.29,1034,0.00,1.00,0,0.5000,17.50,91,0,0.00,1,7.11,4.94,5.49,14.30
131798,7.81,0.00,1,14.51,14.00,8,14.68,147,0.28,0.28,1088,0.00,1.00,0,0.5000,17.50,91,0,0.00,1,7.11,4.87,5.49,14.30
131902,7.81,0.00,1,14.51,13.92,8,14.68,147,0.28,0.28,1031,0.00,1.00,0,0.5000,17.50,91,0,0.00,1,7.11,4.69,5.49,14.30
132006,7.81,0.00,1,14.51,14.00,8,14.68,147,0.28,0.28,1032,0.00,1.00,0,0.5000,19.50,91,0,0.00,1,7.11,4.84,5.49,14.50
132110,7.81,0.00,1,14.51,13.92,8,14.68,147,0.28,0.30,1003,0.00,1.00,0,0.5000,19.00,91,0,0.00,1,7.11,5.00,5.49,14.60
132214,7.81,0.00,1,14.51,13.92,8,14.69,147,0.29,0.29,1011,0.00,1.00,0,0.5000,18.00,91,0,0.00,1,7.11,4.94,5.49,14.50
132319,7.81,0.00,1,14.51,13.92,8,14.68,147,0.29,0.29,1006,0.00,1.00,0,0.5000,18.00,91,0,0.00,1,7.25,4.78,5.49,14.60
132422,7.81,0.00,1,14.51,14.08,8,14.68,147,0.29,0.29,1010,0.00,1.00,0,0.5000,18.50,91,0,0.00,1,7.25,4.75,5.49,14.60
132526,7.81,0.00,1,14.51,14.00,8,14.69,147,0.29,0.28,990,0.00,1.00,0,0.5000,18.50,91,0,0.00,1,7.25,4.75,5.49,14.60
132631,7.81,0.00,1,14.51,14.00,8,14.69,147,0.28,0.28,993,0.00,1.00,0,0.5000,17.50,91,0,0.00,1,7.25,4.78,5.49,14.60
132735,7.81,0.00,1,14.51,13.92,8,14.69,149,0.28,0.29,998,0.00,1.00,0,0.5000,17.50,91,0,0.00,1,7.25,4.84,5.49,14.80
132838,7.81,0.00,1,14.51,13.92,8,14.69,149,0.29,0.30,991,0.00,1.00,0,0.5000,18.00,91,0,0.00,1,7.25,4.87,5.49,14.70
132943,7.81,0.00,1,14.51,14.08,8,14.68,149,0.29,0.29,1002,0.00,1.00,0,0.5000,17.00,91,0,0.00,1,7.25,4.87,5.49,14.70
133046,8.59,0.00,1,14.51,14.00,8,14.69,149,0.29,0.29,1017,0.00,1.00,0,0.5000,17.50,91,0,0.00,1,7.25,4.75,5.49,14.70
133151,8.59,0.00,1,14.51,14.00,8,14.69,149,0.29,0.29,996,0.00,1.00,0,0.5000,17.50,91,0,0.00,1,7.25,4.75,5.49,14.80
133255,8.59,0.00,1,14.51,13.92,8,14.69,149,0.29,0.30,976,0.00,1.00,0,0.5000,18.00,91,0,0.00,1,7.40,4.87,5.49,14.80
133358,8.59,0.00,1,14.51,14.00,8,14.69,149,0.29,0.30,981,0.00,1.00,0,0.5000,17.50,91,0,0.00,1,7.40,4.84,5.49,14.80
133463,9.38,0.00,1,14.51,14.00,8,14.69,149,0.29,0.30,981,0.00,1.00,0,0.5000,18.00,91,0,0.00,1,7.40,4.87,5.49,15.00
133567,9.38,0.00,1,14.51,14.00,8,14.69,149,0.30,0.30,970,0.00,1.00,0,0.5000,19.00,91,0,0.00,1,7.55,4.90,5.49,14.90
133671,9.38,0.00,1,14.51,14.08,8,14.69,149,0.30,0.29,976,0.00,1.00,0,0.5000,17.00,91,0,0.00,1,7.55,4.78,5.49,14.90
133775,9.38,0.00,1,14.51,13.92,8,14.69,149,0.29,0.30,996,0.00,1.00,0,0.5000,17.00,91,0,0.00,1,7.55,4.94,5.49,14.90
133879,9.38,0.00,1,14.51,13.92,8,14.69,149,0.30,0.30,985,0.00,1.00,0,0.5000,17.50,91,0,0.00,1,7.55,4.81,5.49,14.80
133983,9.38,0.00,1,14.51,14.00,8,14.69,149,0.29,0.29,975,0.00,1.00,0,0.5000,17.00,91,0,0.00,1,7.55,4.72,5.49,14.80
134087,10.16,0.00,1,14.51,14.00,8,14.69,149,0.29,0.29,988,0.00,1.00,0,0.5000,17.00,91,0,0.00,1,7.55,4.61,5.49,14.80
134190,10.16,0.00,1,14.51,14.00,8,14.69,149,0.29,0.27,995,0.00,1.00,0,0.5000,16.50,91,0,0.00,1,7.55,4.47,5.49,15.00
134295,10.16,0.00,1,14.51,14.00,8,14.69,149,0.28,0.28,997,0.00,1.00,0,0.5000,17.00,91,0,0.00,1,7.55,4.61,5.49,15.00
134398,10.94,0.00,1,14.51,14.00,8,14.69,149,0.28,0.29,988,0.00,1.00,0,0.5000,17.00,91,0,0.00,1,7.55,4.87,5.49,15.00
134503,10.94,0.00,1,14.51,13.92,8,14.69,149,0.28,0.29,986,0.00,1.00,0,0.5000,17.00,91,0,0.00,1,7.55,4.69,5.49,15.10
134606,11.72,0.00,1,14.51,14.00,8,14.69,149,0.29,0.28,980,0.00,1.00,0,0.5000,17.00,91,0,0.00,1,7.55,4.58,5.49,15.10
134711,11.72,0.00,1,14.51,14.00,8,14.69,149,0.28,0.28,967,0.00,1.00,0,0.5000,17.00,91,0,0.00,1,7.55,4.69,5.49,15.20
134815,12.50,0.00,1,14.51,14.00,8,14.69,149,0.29,0.29,973,0.00,1.00,0,0.5000,17.00,91,0,0.00,1,7.55,4.81,5.49,15.40
134919,12.50,0.00,1,14.51,13.92,8,14.69,149,0.29,0.29,988,0.00,1.00,0,0.5000,17.00,91,0,0.00,1,7.55,4.90,5.88,15.40
135023,13.28,0.00,1,14.51,13.92,8,14.69,149,0.29,0.30,979,0.00,1.00,0,0.5000,17.00,91,0,0.00,1,7.69,5.03,5.88,15.30
135126,13.28,0.00,1,14.51,14.00,8,14.69,149,0.29,0.30,994,0.00,1.00,0,0.5000,16.50,91,0,0.00,1,7.55,5.00,5.88,15.30
135231,14.06,0.00,1,14.51,14.00,8,14.68,149,0.30,0.45,1014,0.00,1.00,0,0.5000,16.00,91,0,0.00,1,7.55,5.06,5.49,15.40
135335,14.06,0.00,1,14.51,14.00,8,14.68,149,0.30,0.30,1022,0.00,1.00,0,0.5000,16.50,91,0,0.00,1,7.55,5.12,5.49,15.20
135439,14.06,0.00,1,14.51,13.92,8,14.68,149,0.30,0.29,1012,0.00,1.00,0,0.5000,16.50,91,0,0.00,1,7.55,5.00,5.49,15.30
135543,14.06,0.00,1,14.51,14.00,8,14.68,149,0.30,0.29,1080,0.00,1.00,0,0.5000,15.50,91,0,0.00,1,7.55,5.12,5.49,15.20
135646,14.06,0.00,1,14.51,13.92,8,14.68,149,0.30,0.29,1037,0.00,1.00,0,0.5000,15.50,91,0,0.00,1,7.40,4.97,5.49,15.10
135751,14.06,0.00,1,14.51,14.00,8,14.68,149,0.29,0.29,1034,0.00,1.00,0,0.5000,15.00,91,0,0.00,1,7.40,4.94,5.49,15.10
135855,13.28,0.00,1,14.51,14.00,8,14.68,149,0.29,0.29,1041,0.00,1.00,0,0.5000,15.50,91,0,0.00,1,7.25,5.03,5.49,15.00
135959,13.28,0.00,1,14.51,14.00,8,14.68,149,0.29,0.29,1044,0.00,1.00,0,0.5000,16.50,91,0,0.00,1,7.25,5.00,5.49,15.10
136063,13.28,0.00,1,14.51,14.00,8,14.68,149,0.29,0.28,1048,0.00,1.00,0,0.5000,15.00,91,0,0.00,1,7.25,4.87,5.49,14.40
136167,13.28,0.00,1,14.51,13.92,8,14.67,149,0.28,0.28,1054,0.00,1.00,0,0.5000,16.00,91,0,0.00,1,7.25,5.03,5.49,14.50
136271,12.50,0.00,1,14.51,14.00,8,14.67,149,0.28,0.30,1054,0.00,1.00,0,0.5000,15.50,91,0,0.00,1,7.25,5.28,5.49,14.50
136375,12.50,0.00,1,14.51,14.08,8,14.67,149,0.29,0.28,1062,0.00,1.00,0,0.5000,16.00,91,0,0.00,1,7.11,5.06,5.49,14.40
136479,12.50,0.00,1,14.51,14.00,8,14.67,149,0.29,0.43,1047,0.00,1.00,0,0.5000,16.00,91,0,0.00,1,7.11,5.12,5.88,14.50
136583,12.50,0.00,1,14.51,14.00,8,14.67,149,0.29,0.29,1047,0.00,1.00,0,0.5000,16.50,91,0,0.00,1,7.11,5.06,5.49,14.50
136687,11.72,0.00,1,14.51,13.92,8,14.68,149,0.29,0.29,1041,0.00,1.00,0,0.5000,16.50,91,0,0.00,1,7.11,5.00,5.49,14.40
136791,11.72,0.00,1,14.51,13.84,8,14.67,149,0.29,0.29,1048,0.00,1.00,0,0.5000,16.50,91,0,0.00,1,7.11,5.03,5.49,14.40
136895,10.94,0.00,1,14.51,14.00,8,14.67,149,0.29,0.29,1054,0.00,1.00,0,0.5000,16.50,91,0,0.00,1,7.11,5.00,5.49,14.30
136999,10.94,0.00,1,14.51,14.00,8,14.68,149,0.29,0.28,1045,0.00,1.00,0,0.5000,17.00,91,0,0.00,1,7.11,4.90,5.49,14.30
137102,10.94,0.00,1,14.51,13.92,8,14.68,149,0.28,0.29,1040,0.00,1.00,0,0.5000,17.00,91,0,0.00,1,7.11,4.94,5.49,14.30
137208,10.16,0.00,1,14.51,14.00,8,14.68,149,0.28,0.28,1025,0.00,1.00,0,0.5000,17.00,91,0,0.00,1,7.11,4.84,5.49,14.30
137311,10.16,0.00,1,14.51,13.92,8,14.68,149,0.28,0.29,1028,0.00,1.00,0,0.5000,17.00,91,0,0.00,1,7.11,4.94,5.49,14.20
137415,10.16,0.00,1,14.51,14.00,8,14.68,149,0.28,0.28,1038,0.00,1.00,0,0.5000,17.00,91,0,0.00,1,7.11,4.87,5.49,14.20
137519,9.38,0.00,1,14.51,14.00,8,14.68,149,0.28,0.28,1014,0.00,1.00,0,0.5000,17.00,91,0,0.00,1,7.11,4.87,5.49,14.20
137623,9.38,0.00,1,14.51,14.00,8,14.68,149,0.28,0.29,1011,0.00,1.00,0,0.5000,17.00,91,0,0.00,1,7.11,4.84,5.49,14.30
137727,9.38,0.00,1,14.51,13.92,8,14.68,149,0.29,0.29,1020,0.00,1.00,0,0.5000,17.00,91,0,0.00,1,7.11,5.00,5.49,14.30
137831,9.38,0.00,1,14.51,13.92,8,14.68,149,0.29,0.29,1018,0.00,1.00,0,0.5000,17.00,91,0,0.00,1,7.11,4.87,5.49,14.40
137935,9.38,0.00,1,14.51,14.00,8,14.69,149,0.29,0.29,1008,0.00,1.00,0,0.5000,17.50,91,0,0.00,1,7.25,4.78,5.49,14.40
138039,9.38,0.00,1,14.51,14.00,8,14.68,149,0.29,0.29,1005,0.00,1.00,0,0.5000,17.00,91,0,0.00,1,7.25,4.90,5.49,14.50
138143,9.38,0.00,1,14.51,13.92,8,14.68,149,0.29,0.29,1022,0.00,1.00,0,0.5000,17.00,91,0,0.00,1,7.11,4.84,5.49,14.40
138247,9.38,0.00,1,14.51,14.00,8,14.68,149,0.29,0.27,1022,0.00,1.00,0,0.5000,17.00,91,0,0.00,1,7.11,4.47,5.49,14.40
138351,9.38,0.00,1,14.51,13.92,8,14.68,149,0.28,0.27,1006,0.00,1.00,0,0.5000,17.00,91,0,0.00,1,7.11,4.61,5.49,14.30
138455,8.59,0.00,1,14.51,14.00,8,14.68,149,0.27,0.28,1005,0.00,1.00,0,0.5000,17.00,91,0,0.00,1,7.25,4.70,5.49,14.50
138559,8.59,0.00,1,14.51,14.00,8,14.69,149,0.28,0.28,1012,0.00,1.00,0,0.5000,18.00,91,0,0.00,1,7.25,4.50,5.49,14.50
138663,8.59,0.00,1,14.51,14.00,8,14.69,149,0.28,0.28,990,0.00,1.00,0,0.5000,18.50,91,0,0.00,1,7.25,4.61,5.49,14.50
138767,9.38,0.00,1,14.51,13.92,8,14.69,149,0.28,0.29,979,0.00,1.00,0,0.5000,19.50,91,0,0.00,1,7.25,4.64,5.49,14.50
138871,9.38,0.00,1,14.51,13.92,8,14.70,149,0.28,0.28,976,0.00,1.00,0,0.5000,18.00,91,0,0.00,1,7.25,4.50,5.49,14.60
138975,9.38,0.00,1,14.51,14.08,8,14.69,149,0.28,0.28,951,0.00,1.00,0,0.5000,19.50,91,0,0.00,1,7.40,4.44,5.49,14.60
139080,10.16,0.00,1,14.51,14.00,8,14.69,149,0.28,0.29,949,0.00,1.00,0,0.5000,18.50,91,0,0.00,1,7.40,4.64,5.49,15.30
139182,10.16,0.00,1,14.51,14.00,8,14.69,149,0.28,0.30,1015,0.00,1.00,0,0.5000,18.00,91,0,0.00,1,7.55,4.84,5.49,14.80
139287,10.16,0.00,1,14.51,14.00,8,14.69,149,0.29,0.31,964,0.00,1.00,0,0.5000,17.50,91,0,0.00,1,7.55,5.00,5.49,14.90
139391,10.94,0.00,1,14.51,13.92,8,14.69,149,0.29,0.29,955,0.00,1.00,0,0.5000,18.00,91,0,0.00,1,7.55,4.72,5.49,15.00
139495,10.94,0.00,1,14.51,14.00,8,14.69,149,0.30,0.30,964,0.00,1.00,0,0.5000,17.00,91,0,0.00,1,7.69,5.00,5.49,15.00
139599,10.94,0.00,1,14.51,14.00,8,14.69,149,0.30,0.32,978,0.00,1.00,0,0.5000,17.00,91,0,0.00,1,7.69,5.06,5.49,15.20
139703,11.72,0.00,1,14.51,13.92,8,14.70,149,0.30,0.30,961,0.00,1.00,0,0.5000,18.00,91,0,0.00,1,7.69,4.81,5.49,15.20
139807,11.72,0.00,1,14.51,14.00,8,14.69,149,0.30,0.29,968,0.00,1.00,0,0.5000,17.00,91,0,0.00,1,7.69,4.78,5.49,15.20
139911,12.50,0.00,1,14.51,14.00,8,14.69,149,0.30,0.29,986,0.00,1.00,0,0.5000,16.50,91,0,0.00,1,7.69,4.75,5.49,15.30
140015,12.50,0.00,1,14.51,13.92,8,14.69,149,0.29,0.29,1002,0.00,1.00,0,0.5000,16.50,91,0,0.00,1,7.69,4.84,5.49,15.20
140119,12.50,0.00,1,14.51,14.00,8,14.69,149,0.29,0.30,990,0.00,1.00,0,0.5000,16.50,91,0,0.00,1,7.69,4.94,5.49,15.10
140223,12.50,0.00,1,14.51,13.92,8,14.68,149,0.29,0.30,1009,0.00,1.00,0,0.5000,16.00,91,0,0.00,1,7.55,4.97,5.49,15.00
140328,13.28,0.00,1,14.51,14.00,8,14.68,149,0.30,0.28,1027,0.00,1.00,0,0.5000,14.50,91,0,0.00,1,7.55,4.78,5.49,15.20
140431,13.28,0.00,1,14.51,13.92,8,14.68,149,0.29,0.29,962,0.00,1.00,0,0.5000,16.00,91,0,0.00,1,7.40,4.97,5.49,15.00
140535,13.28,0.00,1,14.51,13.92,8,14.68,149,0.29,0.29,1023,0.00,1.00,0,0.5000,15.50,91,0,0.00,1,7.40,5.00,5.49,15.10
140639,13.28,0.00,1,14.51,14.00,8,14.68,149,0.29,0.28,1027,0.00,1.00,0,0.5000,15.00,91,0,0.00,1,7.40,5.00,5.49,15.10
140743,13.28,0.00,1,14.51,13.92,8,14.67,149,0.29,0.28,1044,0.00,1.00,0,0.5000,14.00,91,0,0.00,1,7.25,4.90,5.49,15.10
140847,13.28,0.00,1,14.51,14.00,8,14.68,151,0.28,0.29,1046,0.00,1.00,0,0.5000,16.00,91,0,0.00,1,7.25,5.00,5.49,15.00
140951,13.28,0.00,1,14.51,14.00,8,14.67,151,0.29,0.29,1044,0.00,1.00,0,0.5000,16.00,91,0,0.00,1,7.25,4.97,5.49,14.80
141055,13.28,0.00,1,14.51,14.00,8,14.68,151,0.29,0.29,1040,0.00,1.00,0,0.5000,16.00,91,0,0.00,1,7.25,5.06,5.49,14.70
141159,13.28,0.00,1,14.51,14.00,8,14.68,151,0.29,0.29,1048,0.00,1.00,0,0.5000,15.50,93,0,0.00,1,7.25,5.12,5.49,15.30
141263,12.50,0.00,1,14.51,14.00,8,14.68,151,0.29,0.15,1042,0.00,1.00,0,0.5000,16.00,93,0,0.00,1,7.25,5.18,5.49,14.50
141367,12.50,0.00,1,14.51,14.00,8,14.67,151,0.29,0.29,1050,0.00,1.00,0,0.5000,16.00,93,0,0.00,1,7.11,5.06,5.49,14.50
141471,12.50,0.00,1,14.51,14.00,8,14.67,151,0.29,0.29,1055,0.00,1.00,0,0.5000,16.00,93,0,0.00,1,7.11,5.03,5.49,14.60
141575,11.72,0.00,1,14.51,13.92,8,14.67,151,0.29,0.28,1046,0.00,1.00,0,0.5000,16.50,93,0,0.00,1,7.11,4.94,5.49,14.50
141679,11.72,0.00,1,14.51,13.92,8,14.67,151,0.29,0.28,1047,0.00,1.00,0,0.5000,16.50,93,0,0.00,1,7.11,4.97,5.49,14.40
141783,10.94,0.00,1,14.51,14.00,8,14.67,151,0.28,0.28,1042,0.00,1.00,0,0.5000,16.00,93,0,0.00,1,7.11,4.87,5.49,14.40
141887,10.94,0.00,1,14.51,13.92,8,14.67,151,0.28,0.29,1053,0.00,1.00,0,0.5000,16.50,93,0,0.00,1,7.11,4.94,5.49,14.40
141991,10.16,0.00,1,14.51,14.00,8,14.67,151,0.28,0.28,1053,0.00,1.00,0,0.5000,16.50,93,0,0.00,1,7.11,4.87,5.49,14.30
142095,10.16,0.00,1,14.51,13.92,8,14.68,151,0.28,0.29,1044,0.00,1.00,0,0.5000,17.00,93,0,0.00,1,6.96,4.94,5.49,14.10
142199,10.16,0.00,1,14.51,13.92,8,14.68,151,0.28,0.28,1040,0.00,1.00,0,0.5000,17.00,93,0,0.00,1,6.96,4.81,5.49,14.20
142303,9.38,0.00,1,14.51,14.00,8,14.68,151,0.28,0.27,1032,0.00,1.00,0,0.5000,17.00,93,0,0.00,1,6.96,4.66,5.49,14.20
142408,9.38,0.00,1,14.51,13.84,8,14.68,151,0.28,0.28,1038,0.00,1.00,0,0.5000,17.00,93,0,0.00,1,6.96,4.69,5.49,14.20
142512,9.38,0.00,1,14.51,14.00,8,14.68,151,0.28,0.29,1022,0.00,1.00,0,0.5000,17.50,93,0,0.00,1,7.11,4.84,5.49,14.30
142616,9.38,0.00,1,14.51,14.00,8,14.68,151,0.28,0.28,1010,0.00,1.00,0,0.5000,17.00,93,0,0.00,1,7.11,4.90,5.49,14.20
142720,9.38,0.00,1,14.51,14.00,8,14.69,151,0.28,0.29,1002,0.00,1.00,0,0.5000,17.00,93,0,0.00,1,7.11,4.75,5.49,14.30
142824,9.38,0.00,1,14.51,14.00,8,14.68,151,0.28,0.29,1002,0.00,1.00,0,0.5000,17.50,93,0,0.00,1,7.11,4.87,5.49,14.40
142928,9.38,0.00,1,14.51,14.00,8,14.68,151,0.28,0.29,1005,0.00,1.00,0,0.5000,18.50,93,0,0.00,1,7.11,4.75,5.49,14.40
143032,9.38,0.00,1,14.51,13.92,8,14.69,151,0.28,0.28,992,0.00,1.00,0,0.5000,18.00,93,0,0.00,1,7.25,4.69,5.49,14.40
143136,9.38,0.00,1,14.51,14.00,8,14.69,151,0.28,0.28,1002,0.00,1.00,0,0.5000,17.00,93,0,0.00,1,7.25,4.66,5.49,14.50
143240,8.59,0.00,1,14.51,13.92,8,14.69,151,0.28,0.28,996,0.00,1.00,0,0.5000,17.50,93,0,0.00,1,7.25,4.75,5.49,14.50
143344,9.38,0.00,1,14.51,13.92,8,14.69,151,0.28,0.29,998,0.00,1.00,0,0.5000,17.50,93,0,0.00,1,7.25,4.81,5.49,14.50
143448,8.59,0.00,1,14.51,14.00,8,14.69,151,0.29,0.29,974,0.00,1.00,0,0.5000,18.00,93,0,0.00,1,7.25,4.69,5.49,14.50
143552,8.59,0.00,1,14.51,13.92,8,14.69,151,0.28,0.28,987,0.00,1.00,0,0.5000,17.00,93,0,0.00,1,7.25,4.64,5.49,14.60
143656,8.59,0.00,1,14.51,14.00,8,14.69,151,0.28,0.28,985,0.00,1.00,0,0.5000,18.00,93,0,0.00,1,7.25,4.61,5.49,14.50
143760,8.59,0.00,1,14.51,13.84,8,14.69,151,0.28,0.28,981,0.00,1.00,0,0.5000,18.00,93,0,0.00,1,7.25,4.58,5.49,14.60
143864,8.59,0.00,1,14.51,14.00,8,14.69,151,0.28,0.28,971,0.00,1.00,0,0.5000,17.50,93,0,0.00,1,7.25,4.61,5.49,14.60
143968,8.59,0.00,1,14.51,14.00,8,14.69,151,0.28,0.28,983,0.00,1.00,0,0.5000,17.50,93,0,0.00,1,7.25,4.58,5.49,14.60
144072,9.38,0.00,1,14.51,13.92,8,14.69,151,0.28,0.29,964,0.00,1.00,0,0.5000,17.50,93,0,0.00,1,7.25,4.61,5.49,14.50
144176,9.38,0.00,1,14.51,14.00,8,14.69,151,0.28,0.27,968,0.00,1.00,0,0.5000,17.00,93,0,0.00,1,7.25,4.39,5.49,14.60
144280,9.38,0.00,1,14.51,13.92,8,14.69,151,0.28,0.29,963,0.00,1.00,0,0.5000,18.00,93,0,0.00,1,7.25,4.55,5.49,14.80
144384,9.38,0.00,1,14.51,13.92,8,14.70,151,0.28,0.29,954,0.00,1.00,0,0.5000,19.00,93,0,0.00,1,7.40,4.69,5.49,14.80
144488,10.16,0.00,1,14.51,14.00,8,14.70,151,0.28,0.29,938,0.00,1.00,0,0.5000,19.00,93,0,0.00,1,7.40,4.58,5.49,15.10
144592,10.16,0.00,1,14.51,14.00,8,14.69,151,0.29,0.29,951,0.00,1.00,0,0.5000,18.00,93,0,0.00,1,7.55,4.69,5.49,14.90
144696,10.16,0.00,1,14.51,14.00,8,14.70,151,0.29,0.30,942,0.00,1.00,0,0.5000,18.00,93,0,0.00,1,7.55,4.66,5.49,14.90
144800,10.16,0.00,1,14.51,14.00,8,14.70,151,0.29,0.30,944,0.00,1.00,0,0.5000,18.50,93,0,0.00,1,7.69,4.61,5.49,14.80
144904,10.16,0.00,1,14.51,14.00,8,14.70,151,0.29,0.29,948,0.00,1.00,0,0.5000,18.00,93,0,0.00,1,7.69,4.64,5.49,15.20
145008,10.94,0.00,1,14.51,14.00,8,14.70,151,0.29,0.29,930,0.00,1.00,0,0.5000,17.00,93,0,0.00,1,7.69,4.50,5.49,15.00
145112,10.94,0.00,1,14.51,13.92,8,14.70,151,0.29,0.28,968,0.00,1.00,0,0.5000,17.00,93,0,0.00,1,7.69,4.47,5.49,15.10
145215,11.72,0.00,1,14.51,14.00,8,14.70,151,0.29,0.29,899,0.00,1.00,0,0.5000,17.00,93,0,0.00,1,7.69,4.55,5.49,15.00
145320,11.72,0.00,1,14.51,14.08,8,14.70,151,0.28,0.29,952,0.00,1.00,0,0.5000,17.00,93,0,0.00,1,7.69,4.72,5.49,15.10
145424,12.50,0.00,1,14.51,13.84,8,14.69,151,0.29,0.30,960,0.00,1.00,0,0.5000,17.00,93,0,0.00,1,7.69,4.81,5.49,15.10
145528,12.50,0.00,1,14.51,13.92,8,14.69,151,0.29,0.30,969,0.00,1.00,0,0.5000,17.00,93,0,0.00,1,7.69,4.69,5.49,15.30
145632,13.28,0.00,1,14.51,14.00,8,14.70,151,0.29,0.29,966,0.00,1.00,0,0.5000,16.50,93,0,0.00,1,7.69,4.78,5.49,15.40
145736,14.06,0.00,1,14.51,13.92,8,14.69,151,0.29,0.29,965,0.00,1.00,0,0.5000,17.00,93,0,0.00,1,7.69,4.58,5.49,15.40
145840,14.06,0.00,1,14.51,14.00,8,14.69,151,0.29,0.29,911,0.00,1.00,0,0.5000,16.50,93,0,0.00,1,7.69,4.66,5.49,15.40
145944,14.06,0.00,1,14.51,13.92,8,14.69,151,0.29,0.29,974,0.00,1.00,0,0.5000,16.50,93,0,0.00,1,7.55,4.72,5.49,15.40
146048,14.06,0.00,1,14.51,14.00,8,14.69,151,0.29,0.29,980,0.00,1.00,0,0.5000,16.50,93,0,0.00,1,7.55,4.75,5.49,15.20
146152,14.06,0.00,1,14.51,13.92,8,14.69,151,0.29,0.29,982,0.00,1.00,0,0.5000,17.00,93,0,0.00,1,7.55,4.78,5.49,15.20
146256,14.84,0.00,1,14.51,13.92,8,14.69,151,0.29,0.29,985,0.00,1.00,0,0.5000,16.50,93,0,0.00,1,7.55,4.84,5.49,15.10
146360,14.84,0.00,1,14.51,14.00,8,14.69,151,0.29,0.29,1001,0.00,1.00,0,0.5000,15.50,93,0,0.00,1,7.55,4.90,5.49,15.10
146464,14.84,0.00,1,14.51,13.92,8,14.68,151,0.29,0.30,1007,0.00,1.00,0,0.5000,16.00,93,0,0.00,1,7.40,4.94,5.49,15.10
146568,14.84,0.00,1,14.51,14.00,8,14.68,151,0.29,0.29,1013,0.00,1.00,0,0.5000,16.00,93,0,0.00,1,7.40,4.94,5.49,14.90
146672,14.84,0.00,1,14.51,13.92,8,14.68,151,0.29,0.29,1018,0.00,1.00,0,0.5000,14.50,93,0,0.00,1,7.40,4.94,5.49,15.00
146776,14.84,0.00,1,14.51,14.00,8,14.68,151,0.29,0.28,1088,0.00,1.00,0,0.5000,15.00,93,0,0.00,1,7.40,4.94,5.49,15.10
146880,14.06,0.00,1,14.51,14.00,8,14.68,151,0.29,0.30,1018,0.00,1.00,0,0.5000,15.50,93,0,0.00,1,7.25,4.97,5.49,14.90
146984,14.06,0.00,1,14.51,14.08,8,14.68,151,0.29,0.29,1031,0.00,1.00,0,0.5000,14.50,93,0,0.00,1,7.25,4.94,5.49,14.80
147089,14.06,0.00,1,14.51,14.00,8,14.68,151,0.29,0.29,1032,0.00,1.00,0,0.5000,16.50,93,0,0.00,1,7.25,5.00,5.49,15.30
147192,14.06,0.00,1,14.51,14.00,8,14.68,151,0.29,0.28,1023,0.00,1.00,0,0.5000,16.00,93,0,0.00,1,7.25,4.87,5.49,14.50
147296,13.28,0.00,1,14.51,14.00,8,14.68,151,0.29,0.27,1038,0.00,1.00,0,0.5000,15.50,93,0,0.00,1,7.11,4.72,5.49,14.40
147400,13.28,0.00,1,14.51,14.00,8,14.68,151,0.28,0.28,1041,0.00,1.00,0,0.5000,16.00,93,0,0.00,1,7.11,4.75,5.49,14.40
147505,12.50,0.00,1,14.51,14.00,8,14.68,151,0.28,0.27,1057,0.00,1.00,0,0.5000,15.50,93,0,0.00,1,7.11,4.69,5.49,14.40
147608,12.50,0.00,1,14.51,13.92,8,14.68,151,0.27,0.26,1036,0.00,1.00,0,0.5000,16.50,93,0,0.00,1,7.11,4.58,5.49,14.30
147712,12.50,0.00,1,14.51,14.00,8,14.68,151,0.27,0.27,1030,0.00,1.00,0,0.5000,17.00,93,0,0.00,1,7.11,4.66,5.49,14.30
147816,11.72,0.00,1,14.51,13.92,8,14.68,151,0.27,0.28,1084,0.00,1.00,0,0.5000,16.50,93,0,0.00,1,7.11,4.75,5.49,14.20
147920,11.72,0.00,1,14.51,13.92,8,14.68,151,0.27,0.28,1011,0.00,1.00,0,0.5000,17.00,93,0,0.00,1,7.11,4.61,5.49,14.40
148024,11.72,0.00,1,14.51,13.92,8,14.69,151,0.27,0.28,1004,0.00,1.00,0,0.5000,17.50,93,0,0.00,1,7.11,4.75,5.49,14.40
148129,11.72,0.00,1,14.51,14.00,8,14.69,151,0.28,0.29,993,0.00,1.00,0,0.5000,17.50,93,0,0.00,1,7.11,4.81,5.49,14.30
148232,11.72,0.00,1,14.51,14.00,8,14.68,151,0.28,0.28,1006,0.00,1.00,0,0.5000,17.00,93,0,0.00,1,7.25,4.69,5.49,14.40
148336,11.72,0.00,1,14.51,13.92,8,14.69,151,0.28,0.28,1002,0.00,1.00,0,0.5000,17.00,93,0,0.00,1,7.25,4.64,5.49,14.40
148440,11.72,0.00,1,14.51,14.00,8,14.69,151,0.28,0.28,982,0.00,1.00,0,0.5000,17.00,93,0,0.00,1,7.25,4.72,5.49,14.40
148545,11.72,0.00,1,14.51,14.08,8,14.69,151,0.28,0.28,988,0.00,1.00,0,0.5000,17.00,93,0,0.00,1,7.25,4.69,5.49,14.50
148650,11.72,0.00,1,14.51,13.92,8,14.69,151,0.28,0.29,1002,0.00,1.00,0,0.5000,17.00,93,0,0.00,1,7.25,4.75,5.49,14.60
148754,11.72,0.00,1,14.51,14.00,8,14.69,151,0.28,0.28,985,0.00,1.00,0,0.5000,18.00,93,0,0.00,1,7.25,4.55,5.49,14.50
148858,11.72,0.00,1,14.51,14.00,8,14.69,151,0.28,0.28,986,0.00,1.00,0,0.5000,17.00,93,0,0.00,1,7.25,4.58,5.49,14.50
148962,11.72,0.00,1,14.51,14.00,8,14.69,151,0.28,0.27,984,0.00,1.00,0,0.5000,17.00,93,0,0.00,1,7.25,4.58,5.49,14.60
149066,10.94,0.00,1,14.51,14.00,8,14.69,151,0.28,0.29,979,0.00,1.00,0,0.5000,17.00,93,0,0.00,1,7.25,4.75,5.49,14.50
149169,11.72,0.00,1,14.51,13.92,8,14.69,151,0.28,0.28,982,0.00,1.00,0,0.5000,17.00,93,0,0.00,1,7.25,4.69,5.49,14.60
149274,11.72,0.00,1,14.51,13.92,8,14.69,151,0.28,0.28,978,0.00,1.00,0,0.5000,17.00,93,0,0.00,1,7.25,4.64,5.49,14.60
149378,11.72,0.00,1,14.51,13.92,8,14.69,151,0.28,0.28,994,0.00,1.00,0,0.5000,17.00,93,0,0.00,1,7.25,4.55,5.49,14.50
149482,11.72,0.00,1,14.51,13.92,8,14.69,151,0.28,0.27,991,0.00,1.00,0,0.5000,17.00,93,0,0.00,1,7.25,4.36,5.49,14.60
149586,11.72,0.00,1,14.51,13.92,8,14.69,153,0.27,0.27,994,0.00,1.00,0,0.5000,17.00,93,0,0.00,1,7.25,4.55,5.49,14.60
149690,10.94,0.00,1,14.51,13.92,8,14.69,153,0.27,0.27,987,0.00,1.00,0,0.5000,17.00,93,0,0.00,1,7.11,4.44,5.49,14.60
149794,10.94,0.00,1,14.51,14.00,8,14.69,153,0.27,0.27,976,0.00,1.00,0,0.5000,17.50,93,0,0.00,1,7.25,4.53,5.49,14.50
149898,10.94,0.00,1,14.51,13.92,8,14.70,153,0.27,0.28,956,0.00,1.00,0,0.5000,18.00,93,0,0.00,1,7.25,4.50,5.49,14.60
150002,10.94,0.00,1,14.51,13.92,8,14.69,153,0.27,0.28,1018,0.00,1.00,0,0.5000,17.50,93,0,0.00,1,7.25,4.55,5.49,14.60
150106,11.72,0.00,1,14.51,14.00,8,14.69,153,0.28,0.29,966,0.00,1.00,0,0.5000,17.00,93,0,0.00,1,7.25,4.55,5.10,14.60
150210,11.72,0.00,1,14.51,13.92,8,14.69,153,0.28,0.27,962,0.00,1.00,0,0.5000,17.50,93,0,0.00,1,7.40,4.42,5.49,14.80
150314,11.72,0.00,1,14.51,14.00,8,14.69,153,0.28,0.29,1014,0.00,1.00,0,0.5000,17.00,93,0,0.00,1,7.40,4.55,5.10,14.90
150418,11.72,0.00,1,14.51,14.00,8,14.69,153,0.28,0.28,970,0.00,1.00,0,0.5000,17.00,93,0,0.00,1,7.40,4.50,5.49,14.80
150522,11.72,0.00,1,14.51,13.84,8,14.69,153,0.28,0.28,968,0.00,1.00,0,0.5000,17.00,93,0,0.00,1,7.40,4.61,5.49,14.80
150627,11.72,0.00,1,14.51,14.00,8,14.70,153,0.28,0.28,1022,0.00,1.00,0,0.5000,17.00,93,0,0.00,1,7.40,4.53,5.49,15.00
150731,11.72,0.00,1,14.51,14.00,8,14.69,153,0.28,0.28,961,0.00,1.00,0,0.5000,17.00,93,0,0.00,1,7.40,4.50,5.49,14.80
150834,12.50,0.00,1,14.51,13.92,8,14.70,153,0.28,0.27,960,0.00,1.00,0,0.5000,17.00,93,0,0.00,1,7.40,4.42,5.49,14.80
150938,12.50,0.00,1,14.51,14.00,8,14.70,153,0.28,0.28,960,0.00,1.00,0,0.5000,17.00,93,0,0.00,1,7.40,4.39,5.49,15.00
151043,12.50,0.00,1,14.51,13.92,8,14.69,153,0.28,0.28,966,0.00,1.00,0,0.5000,17.00,93,0,0.00,1,7.40,4.50,5.49,14.80
151147,12.50,0.00,1,14.51,13.92,8,14.69,153,0.28,0.28,955,0.00,1.00,0,0.5000,17.00,93,0,0.00,1,7.40,4.55,5.49,14.80
151251,12.50,0.00,1,14.51,14.00,8,14.69,153,0.28,0.29,1018,0.00,1.00,0,0.5000,17.00,93,0,0.00,1,7.40,4.69,5.49,14.90
151354,12.50,0.00,1,14.51,14.00,8,14.69,153,0.28,0.29,964,0.00,1.00,0,0.5000,17.00,93,0,0.00,1,7.40,4.69,5.49,15.00
151459,13.28,0.00,1,14.51,13.92,8,14.70,153,0.29,0.29,955,0.00,1.00,0,0.5000,17.50,93,0,0.00,1,7.40,4.64,5.49,14.80
151563,13.28,0.00,1,14.51,13.84,8,14.70,153,0.29,0.29,947,0.00,1.00,0,0.5000,17.00,93,0,0.00,1,7.40,4.61,5.49,14.90
151667,13.28,0.00,1,14.51,14.00,8,14.69,153,0.29,0.29,976,0.00,1.00,0,0.5000,16.50,93,0,0.00,1,7.40,4.58,5.49,14.90
151771,13.28,0.00,1,14.51,13.84,8,14.69,153,0.29,0.28,972,0.00,1.00,0,0.5000,16.50,93,0,0.00,1,7.40,4.66,5.49,15.10
151875,12.50,0.00,1,14.51,14.00,8,14.69,153,0.28,0.28,969,0.00,1.00,0,0.5000,16.50,93,0,0.00,1,7.40,4.47,5.49,14.80
151978,12.50,0.00,1,14.51,13.92,8,14.69,153,0.28,0.27,988,0.00,1.00,0,0.5000,16.00,93,0,0.00,1,7.25,4.36,5.49,15.00
152083,12.50,0.00,1,14.51,13.92,8,14.69,153,0.28,0.27,999,0.00,1.00,0,0.5000,16.50,93,0,0.00,1,7.25,4.47,5.49,14.80
152187,12.50,0.00,1,14.51,14.00,8,14.69,153,0.27,0.27,990,0.00,1.00,0,0.5000,17.00,93,0,0.00,1,7.25,4.47,5.49,14.70
152291,12.50,0.00,1,14.51,14.00,8,14.69,153,0.27,0.27,989,0.00,1.00,0,0.5000,16.50,93,0,0.00,1,7.25,4.50,5.49,14.40
152395,12.50,0.00,1,14.51,13.92,8,14.69,153,0.27,0.28,995,0.00,1.00,0,0.5000,16.50,93,0,0.00,1,7.25,4.53,5.49,14.50
152499,12.50,0.00,1,14.51,14.00,8,14.69,153,0.27,0.27,982,0.00,1.00,0,0.5000,17.00,93,0,0.00,1,7.25,4.53,5.49,14.60
152603,12.50,0.00,1,14.51,14.00,8,14.69,153,0.27,0.28,978,0.00,1.00,0,0.5000,17.00,93,0,0.00,1,7.25,4.55,5.49,14.60
152707,12.50,0.00,1,14.51,13.92,8,14.69,153,0.27,0.28,979,0.00,1.00,0,0.5000,17.00,93,0,0.00,1,7.25,4.64,5.49,14.60
152811,12.50,0.00,1,14.51,14.00,8,14.70,153,0.28,0.29,957,0.00,1.00,0,0.5000,18.00,93,0,0.00,1,7.25,4.50,5.49,14.70
152914,12.50,0.00,1,14.51,14.00,8,14.70,153,0.28,0.28,962,0.00,1.00,0,0.5000,17.00,93,0,0.00,1,7.25,4.53,5.49,14.70
153019,12.50,0.00,1,14.51,14.00,8,14.69,153,0.28,0.28,961,0.00,1.00,0,0.5000,17.00,93,0,0.00,1,7.25,4.36,5.49,14.70
153122,12.50,0.00,1,14.51,13.92,8,14.69,153,0.28,0.27,954,0.00,1.00,0,0.5000,17.00,93,0,0.00,1,7.40,4.31,5.49,14.90
153227,12.50,0.00,1,14.51,13.92,8,14.70,153,0.27,0.26,1022,0.00,1.00,0,0.5000,17.00,93,0,0.00,1,7.40,4.22,5.49,14.70
153331,12.50,0.00,1,14.51,13.92,8,14.70,153,0.27,0.28,954,0.00,1.00,0,0.5000,17.00,93,0,0.00,1,7.40,4.33,5.10,14.70
153435,12.50,0.00,1,14.51,13.92,8,14.70,153,0.27,0.28,939,0.00,1.00,0,0.5000,18.00,93,0,0.00,1,7.40,4.36,5.10,14.70
153540,12.50,0.00,1,14.51,13.92,8,14.70,153,0.27,0.27,938,0.00,1.00,0,0.5000,17.00,93,0,0.00,1,7.40,4.44,5.10,14.60
153644,12.50,0.00,1,14.51,14.00,8,14.70,153,0.27,0.29,945,0.00,1.00,0,0.5000,18.50,93,0,0.00,1,7.40,4.44,5.10,14.60
153748,13.28,0.00,1,14.51,13.92,8,14.70,153,0.28,0.29,921,0.00,1.00,0,0.5000,18.00,93,0,0.00,1,7.55,4.53,5.10,14.70
153852,13.28,0.00,1,14.51,13.92,8,14.70,153,0.28,0.29,944,0.00,1.00,0,0.5000,17.00,93,0,0.00,1,7.55,4.53,5.10,14.80
153956,13.28,0.00,1,14.51,13.92,8,14.70,153,0.28,0.29,931,0.00,1.00,0,0.5000,18.50,93,0,0.00,1,7.55,4.44,5.10,14.80
154061,14.06,0.00,1,14.51,14.00,8,14.70,153,0.28,0.28,940,0.00,1.00,0,0.5000,17.00,93,0,0.00,1,7.55,4.42,5.10,15.00
154164,14.06,0.00,1,14.51,14.00,8,14.70,153,0.28,0.27,952,0.00,1.00,0,0.5000,17.00,93,0,0.00,1,7.55,4.15,5.49,15.10
154268,14.06,0.00,1,14.51,14.00,8,14.70,153,0.27,0.27,934,0.00,1.00,0,0.5000,17.00,93,0,0.00,1,7.55,4.24,5.10,15.00
154372,14.06,0.00,1,14.51,13.92,8,14.69,153,0.27,0.28,950,0.00,1.00,0,0.5000,16.50,93,0,0.00,1,7.55,4.47,5.49,15.10
154476,14.06,0.00,1,14.51,14.00,8,14.70,153,0.27,0.27,963,0.00,1.00,0,0.5000,17.00,93,0,0.00,1,7.55,4.39,5.10,15.10
154580,14.84,0.00,1,14.51,13.92,8,14.69,153,0.27,0.28,948,0.00,1.00,0,0.5000,17.00,93,0,0.00,1,7.55,4.53,5.49,15.00
154684,14.84,0.00,1,14.51,14.00,8,14.69,153,0.28,0.28,960,0.00,1.00,0,0.5000,16.50,93,0,0.00,1,7.40,4.36,5.10,14.90
154788,14.84,0.00,1,14.51,14.08,8,14.69,153,0.28,0.26,960,0.00,1.00,0,0.5000,17.00,93,0,0.00,1,7.40,4.25,5.49,14.90
154892,15.62,0.00,1,14.51,14.00,8,14.69,153,0.27,0.27,965,0.00,1.00,0,0.5000,16.50,93,0,0.00,1,7.40,4.33,5.10,15.00
154996,15.62,0.00,1,14.51,13.92,8,14.70,153,0.27,0.29,942,0.00,1.00,0,0.5000,17.00,93,0,0.00,1,7.40,4.58,5.10,15.00
155100,15.62,0.00,1,14.51,14.00,8,14.70,153,0.28,0.29,946,0.00,1.00,0,0.5000,17.00,93,0,0.00,1,7.40,4.53,5.10,15.00
155204,15.62,0.00,1,14.51,13.92,8,14.70,153,0.28,0.28,947,0.00,1.00,0,0.5000,17.00,93,0,0.00,1,7.40,4.42,5.10,15.00
155309,15.62,0.00,1,14.51,14.00,8,14.69,153,0.28,0.28,956,0.00,1.00,0,0.5000,16.50,93,0,0.00,1,7.40,4.42,5.10,14.80
155412,15.62,0.00,1,14.51,13.92,8,14.69,153,0.28,0.28,958,0.00,1.00,0,0.5000,17.00,93,0,0.00,1,7.40,4.53,5.10,14.90
155516,15.62,0.00,1,14.51,13.92,8,14.69,153,0.28,0.28,953,0.00,1.00,0,0.5000,16.50,93,0,0.00,1,7.40,4.53,5.10,14.90
155621,15.62,0.00,1,14.51,14.00,8,14.69,153,0.28,0.29,964,0.00,1.00,0,0.5000,16.50,93,0,0.00,1,7.40,4.58,5.10,14.80
155724,15.62,0.00,1,14.51,13.92,8,14.69,153,0.28,0.29,958,0.00,1.00,0,0.5000,17.00,93,0,0.00,1,7.40,4.64,5.10,14.80
155828,15.62,0.00,1,14.51,14.00,8,14.69,153,0.28,0.28,959,0.00,1.00,0,0.5000,17.00,93,0,0.00,1,7.40,4.55,5.10,14.70
155933,15.62,0.00,1,14.51,13.92,8,14.69,153,0.28,0.29,973,0.00,1.00,0,0.5000,16.50,93,0,0.00,1,7.40,4.64,5.10,14.80
156036,14.84,0.00,1,14.51,14.00,8,14.69,153,0.28,0.28,983,0.00,1.00,0,0.5000,16.50,93,0,0.00,1,7.40,4.55,5.10,14.60
156141,14.84,0.00,1,14.51,14.00,8,14.69,153,0.28,0.27,983,0.00,1.00,0,0.5000,16.00,93,0,0.00,1,7.25,4.39,5.10,14.60
156245,14.84,0.00,1,14.51,14.00,8,14.69,153,0.27,0.27,980,0.00,1.00,0,0.5000,16.00,93,0,0.00,1,7.25,4.36,5.10,14.50
156349,14.06,0.00,1,14.51,14.00,8,14.69,153,0.27,0.27,1001,0.00,1.00,0,0.5000,16.00,93,0,0.00,1,7.25,4.47,5.10,14.50
156454,14.06,0.00,1,14.51,14.00,8,14.69,153,0.27,0.28,997,0.00,1.00,0,0.5000,16.50,93,0,0.00,1,7.11,4.53,5.10,14.60
156558,14.06,0.00,1,14.51,14.00,8,14.69,153,0.27,0.27,988,0.00,1.00,0,0.5000,17.00,93,0,0.00,1,7.11,4.50,5.10,14.50
156662,14.06,0.00,1,14.51,14.00,8,14.69,153,0.27,0.28,982,0.00,1.00,0,0.5000,16.50,93,0,0.00,1,7.11,4.55,5.10,14.40
156766,14.06,0.00,1,14.51,14.00,8,14.69,153,0.27,0.29,987,0.00,1.00,0,0.5000,17.00,93,0,0.00,1,7.11,4.69,5.10,14.40
156870,13.28,0.00,1,14.51,13.92,8,14.69,153,0.28,0.29,962,0.00,1.00,0,0.5000,17.00,93,0,0.00,1,7.11,4.69,5.10,14.40
156974,13.28,0.00,1,14.51,14.00,8,14.69,153,0.28,0.28,968,0.00,1.00,0,0.5000,17.00,93,0,0.00,1,7.25,4.53,5.10,14.40
157078,13.28,0.00,1,14.51,13.92,8,14.69,153,0.28,0.28,962,0.00,1.00,0,0.5000,17.00,93,0,0.00,1,7.25,4.47,5.10,14.40
157182,13.28,0.00,1,14.51,13.92,8,14.69,153,0.28,0.26,965,0.00,1.00,0,0.5000,17.00,93,0,0.00,1,7.25,4.25,5.10,14.40
157286,12.50,0.00,1,14.51,13.92,8,14.69,153,0.27,0.27,965,0.00,1.00,0,0.5000,17.00,93,0,0.00,1,7.25,4.36,5.10,14.30
157390,12.50,0.00,1,14.51,14.00,8,14.69,153,0.27,0.26,981,0.00,1.00,0,0.5000,17.00,93,0,0.00,1,7.25,4.19,5.10,14.40
157494,11.72,0.00,1,14.51,14.00,8,14.69,153,0.27,0.25,966,0.00,1.00,0,0.5000,17.00,93,0,0.00,1,7.11,4.03,5.10,14.30
157598,11.72,0.00,1,14.51,13.92,8,14.70,153,0.26,0.27,1012,0.00,1.00,0,0.5000,17.00,93,0,0.00,1,7.25,4.25,5.10,14.30
157703,11.72,0.00,1,14.51,14.00,8,14.70,153,0.26,0.26,944,0.00,1.00,0,0.5000,17.50,93,0,0.00,1,7.25,4.12,5.10,14.20
157806,11.72,0.00,1,14.51,13.92,8,14.70,153,0.26,0.27,934,0.00,1.00,0,0.5000,19.00,93,0,0.00,1,7.25,4.31,5.10,14.20
157910,11.72,0.00,1,14.51,14.00,8,14.70,153,0.27,0.27,932,0.00,1.00,0,0.5000,18.50,93,0,0.00,1,7.25,4.15,5.10,14.40
158014,11.72,0.00,1,14.51,14.00,8,14.71,153,0.27,0.28,904,0.00,1.00,0,0.5000,20.50,93,0,0.00,1,7.40,4.27,5.10,14.50
158118,12.50,0.00,1,14.51,14.00,8,14.70,153,0.27,0.28,902,0.00,1.00,0,0.5000,18.50,93,0,0.00,1,7.55,4.19,5.10,14.50
158222,12.50,0.00,1,14.51,14.00,8,14.70,153,0.27,0.28,924,0.00,1.00,0,0.5000,18.50,93,0,0.00,1,7.55,4.27,5.10,14.80
158326,12.50,0.00,1,14.51,14.00,8,14.71,153,0.27,0.28,914,0.00,1.00,0,0.5000,19.50,93,0,0.00,1,7.55,4.42,5.10,14.80
158430,13.28,0.00,1,14.51,14.00,8,14.70,153,0.28,0.29,910,0.00,1.00,0,0.5000,17.00,93,0,0.00,1,7.55,4.42,5.10,15.10
158534,13.28,0.00,1,14.51,14.00,8,14.70,154,0.28,0.28,917,0.00,1.00,0,0.5000,17.00,93,0,0.00,1,7.69,4.36,5.49,15.00
158638,13.28,0.00,1,14.51,14.00,8,14.70,154,0.28,0.29,923,0.00,1.00,0,0.5000,17.00,93,0,0.00,1,7.69,4.50,5.49,15.00
158742,14.06,0.00,1,14.51,14.00,8,14.70,154,0.28,0.30,938,0.00,1.00,0,0.5000,17.00,93,0,0.00,1,7.69,4.55,5.49,15.20
158846,14.06,0.00,1,14.51,13.92,8,14.70,154,0.29,0.28,938,0.00,1.00,0,0.5000,17.00,93,0,0.00,1,7.69,4.50,5.49,15.20
158950,14.84,0.00,1,14.51,13.84,8,14.69,154,0.28,0.28,957,0.00,1.00,0,0.5000,16.00,93,0,0.00,1,7.55,4.47,5.49,15.10
159054,14.84,0.00,1,14.51,14.00,8,14.69,154,0.28,0.27,904,0.00,1.00,0,0.5000,16.00,93,0,0.00,1,7.55,4.42,5.49,15.30
159158,14.84,0.00,1,14.51,14.00,8,14.69,154,0.28,0.27,957,0.00,1.00,0,0.5000,16.50,93,0,0.00,1,7.55,4.39,5.49,15.10
159262,14.84,0.00,1,14.51,13.92,8,14.69,154,0.28,0.28,973,0.00,1.00,0,0.5000,15.50,93,0,0.00,1,7.40,4.53,5.49,15.20
159366,14.84,0.00,1,14.51,14.00,8,14.69,154,0.28,0.28,974,0.00,1.00,0,0.5000,17.00,93,0,0.00,1,7.40,4.47,5.49,15.20
159471,15.62,0.00,1,14.51,13.84,8,14.70,154,0.28,0.28,960,0.00,1.00,0,0.5000,17.00,93,0,0.00,1,7.40,4.53,5.49,15.20
159574,15.62,0.00,1,14.51,14.00,8,14.69,154,0.28,0.29,956,0.00,1.00,0,0.5000,16.50,93,0,0.00,1,7.40,4.53,5.49,15.00
159678,15.62,0.00,1,14.51,14.08,8,14.69,154,0.28,0.28,910,0.00,1.00,0,0.5000,16.50,93,0,0.00,1,7.40,4.33,5.49,15.00
159782,15.62,0.00,1,14.51,13.92,8,14.69,154,0.28,0.27,960,0.00,1.00,0,0.5000,16.50,93,0,0.00,1,7.40,4.42,5.49,15.00
159886,15.62,0.00,1,14.51,14.00,8,14.69,154,0.27,0.28,969,0.00,1.00,0,0.5000,16.50,93,0,0.00,1,7.40,4.61,5.49,15.00
159990,15.62,0.00,1,14.51,13.92,8,14.69,154,0.28,0.29,975,0.00,1.00,0,0.5000,17.00,93,0,0.00,1,7.40,4.69,5.49,15.00
160094,15.62,0.00,1,14.51,14.00,8,14.69,154,0.28,0.28,972,0.00,1.00,0,0.5000,16.50,93,0,0.00,1,7.40,4.55,5.49,14.80
160198,15.62,0.00,1,14.51,14.00,8,14.69,154,0.28,0.27,976,0.00,1.00,0,0.5000,16.00,93,0,0.00,1,7.40,4.47,5.49,14.80
160302,15.62,0.00,1,14.51,14.08,8,14.69,154,0.28,0.27,985,0.00,1.00,0,0.5000,16.00,93,0,0.00,1,7.40,4.50,5.49,14.80
160407,15.62,0.00,1,14.51,14.00,8,14.69,154,0.28,0.28,972,0.00,1.00,0,0.5000,16.50,93,0,0.00,1,7.25,4.55,5.49,14.80
160511,15.62,0.00,1,14.51,14.00,8,14.69,154,0.28,0.28,980,0.00,1.00,0,0.5000,16.00,93,0,0.00,1,7.25,4.58,5.49,14.80
160615,15.62,0.00,1,14.51,13.92,8,14.69,154,0.28,0.28,997,0.00,1.00,0,0.5000,16.00,93,0,0.00,1,7.25,4.64,5.49,14.90
160719,14.84,0.00,1,14.51,14.00,8,14.68,154,0.28,0.28,989,0.00,1.00,0,0.5000,16.50,93,0,0.00,1,7.25,4.58,5.49,14.60
160823,14.84,0.00,1,14.51,13.92,8,14.69,154,0.28,0.27,994,0.00,1.00,0,0.5000,16.50,93,0,0.00,1,7.25,4.53,5.49,14.60
160926,14.84,0.00,1,14.51,14.00,8,14.69,154,0.27,0.27,990,0.00,1.00,0,0.5000,16.00,93,0,0.00,1,7.11,4.58,5.49,14.50
161031,14.84,0.00,1,14.51,14.00,8,14.69,154,0.27,0.28,1000,0.00,1.00,0,0.5000,16.50,93,0,0.00,1,7.11,4.58,5.49,14.50
161135,14.06,0.00,1,14.51,13.92,8,14.69,154,0.27,0.27,981,0.00,1.00,0,0.5000,16.50,93,0,0.00,1,7.11,4.47,5.49,14.50
161239,14.06,0.00,1,14.51,14.00,8,14.69,154,0.27,0.27,985,0.00,1.00,0,0.5000,17.00,93,0,0.00,1,7.11,4.53,5.10,14.40
161342,14.06,0.00,1,14.51,13.92,8,14.69,154,0.27,0.28,997,0.00,1.00,0,0.5000,16.50,93,0,0.00,1,7.11,4.58,5.10,14.40
161448,14.06,0.00,1,14.51,14.00,8,14.68,154,0.27,0.28,1007,0.00,1.00,0,0.5000,16.50,93,0,0.00,1,7.11,4.50,5.10,14.40
161552,13.28,0.00,1,14.51,14.00,8,14.69,154,0.27,0.26,1003,0.00,1.00,0,0.5000,17.00,93,0,0.00,1,7.11,4.36,5.10,14.40
161658,13.28,0.00,1,14.51,14.00,8,14.69,154,0.27,0.26,996,0.00,1.00,0,0.5000,16.50,93,0,0.00,1,7.11,4.47,5.10,14.30
161762,13.28,0.00,1,14.51,13.92,8,14.69,154,0.27,0.26,1010,0.00,1.00,0,0.5000,17.00,93,0,0.00,1,6.96,4.39,5.10,14.30
161866,13.28,0.00,1,14.51,14.00,8,14.69,154,0.27,0.28,977,0.00,1.00,0,0.5000,17.00,93,0,0.00,1,7.11,4.44,5.10,14.40
161970,12.50,0.00,1,14.51,13.92,8,14.69,154,0.27,0.26,968,0.00,1.00,0,0.5000,17.50,93,0,0.00,1,7.11,4.25,5.10,14.40
162073,12.50,0.00,1,14.51,13.92,8,14.69,154,0.27,0.27,974,0.00,1.00,0,0.5000,17.00,93,0,0.00,1,7.11,4.50,5.10,14.30
162178,12.50,0.00,1,14.51,14.00,8,14.69,154,0.27,0.28,961,0.00,1.00,0,0.5000,18.00,93,0,0.00,1,7.11,4.50,5.10,14.40
162282,12.50,0.00,1,14.51,13.92,8,14.70,154,0.27,0.28,948,0.00,1.00,0,0.5000,17.50,93,0,0.00,1,7.11,4.53,5.10,14.30
162386,12.50,0.00,1,14.51,14.00,8,14.69,154,0.27,0.27,972,0.00,1.00,0,0.5000,17.00,93,0,0.00,1,7.11,4.22,5.10,14.40
162489,12.50,0.00,1,14.51,14.00,8,14.70,154,0.27,0.26,954,0.00,1.00,0,0.5000,18.50,93,0,0.00,1,7.11,4.09,5.10,14.50
162594,12.50,0.00,1,14.51,14.00,8,14.70,154,0.27,0.27,938,0.00,1.00,0,0.5000,18.00,93,0,0.00,1,7.25,4.25,5.10,14.40
162698,11.72,0.00,1,14.51,13.92,8,14.70,154,0.27,0.28,944,0.00,1.00,0,0.5000,17.50,93,0,0.00,1,7.25,4.31,5.10,14.50
162802,11.72,0.00,1,14.51,13.92,8,14.70,154,0.27,0.28,935,0.00,1.00,0,0.5000,19.50,93,0,0.00,1,7.25,4.25,5.10,14.50
162906,11.72,0.00,1,14.51,14.00,8,14.70,154,0.27,0.27,929,0.00,1.00,0,0.5000,18.00,93,0,0.00,1,7.25,4.09,5.10,14.60
163010,11.72,0.00,1,14.51,14.08,8,14.70,154,0.27,0.27,930,0.00,1.00,0,0.5000,18.50,93,0,0.00,1,7.25,4.25,5.10,14.50
163113,11.72,0.00,1,14.51,14.00,8,14.70,154,0.27,0.27,927,0.00,1.00,0,0.5000,17.50,93,0,0.00,1,7.40,4.25,5.10,14.50
163218,11.72,0.00,1,14.51,14.00,8,14.70,154,0.27,0.28,940,0.00,1.00,0,0.5000,17.50,93,0,0.00,1,7.25,4.27,5.10,14.50
163321,12.50,0.00,1,14.51,13.92,8,14.70,154,0.27,0.28,936,0.00,1.00,0,0.5000,17.00,93,0,0.00,1,7.25,4.27,5.10,14.60
163425,12.50,0.00,1,14.51,14.00,8,14.70,154,0.27,0.26,918,0.00,1.00,0,0.5000,17.50,93,0,0.00,1,7.25,4.06,5.10,14.60
163530,12.50,0.00,1,14.51,14.00,8,14.70,154,0.27,0.26,938,0.00,1.00,0,0.5000,17.00,93,0,0.00,1,7.40,4.03,5.10,14.80
163633,12.50,0.00,1,14.51,13.92,8,14.70,154,0.26,0.27,927,0.00,1.00,0,0.5000,17.00,93,0,0.00,1,7.40,4.15,5.10,14.80
163738,12.50,0.00,1,14.51,13.92,8,14.70,154,0.26,0.28,912,0.00,1.00,0,0.5000,17.00,93,0,0.00,1,7.40,4.19,5.10,14.90
163842,13.28,0.00,1,14.51,13.92,8,14.70,154,0.27,0.28,924,0.00,1.00,0,0.5000,17.50,93,0,0.00,1,7.40,4.33,5.10,14.80
163946,13.28,0.00,1,14.51,13.92,8,14.71,154,0.27,0.28,913,0.00,1.00,0,0.5000,17.50,93,0,0.00,1,7.40,4.31,5.10,14.80
164050,13.28,0.00,1,14.51,14.00,8,14.70,154,0.27,0.29,914,0.00,1.00,0,0.5000,17.50,93,0,0.00,1,7.40,4.31,5.10,15.10
164154,14.06,0.00,1,14.51,13.92,8,14.70,154,0.28,0.29,905,0.00,1.00,0,0.5000,17.00,93,0,0.00,1,7.55,4.36,5.10,15.00
164258,14.06,0.00,1,14.51,14.00,8,14.70,154,0.28,0.29,918,0.00,1.00,0,0.5000,17.00,93,0,0.00,1,7.55,4.36,5.10,15.10
164362,14.06,0.00,1,14.51,13.92,8,14.70,154,0.28,0.28,920,0.00,1.00,0,0.5000,17.00,93,0,0.00,1,7.55,4.27,5.10,15.10
164466,14.06,0.00,1,14.51,13.92,8,14.70,154,0.28,0.28,931,0.00,1.00,0,0.5000,17.00,93,0,0.00,1,7.55,4.25,5.10,15.20
164570,14.06,0.00,1,14.51,14.00,8,14.70,154,0.28,0.27,934,0.00,1.00,0,0.5000,17.00,93,0,0.00,1,7.55,4.12,5.10,15.20
164674,14.06,0.00,1,14.51,13.92,8,14.70,154,0.27,0.27,915,0.00,1.00,0,0.5000,17.00,93,0,0.00,1,7.55,4.27,5.10,15.10
164778,14.06,0.00,1,14.51,14.08,8,14.70,154,0.27,0.29,926,0.00,1.00,0,0.5000,17.00,93,0,0.00,1,7.55,4.36,5.10,15.00
164882,14.06,0.00,1,14.51,13.92,8,14.70,154,0.28,0.28,931,0.00,1.00,0,0.5000,17.00,93,0,0.00,1,7.55,4.33,5.49,15.00
164986,14.84,0.00,1,14.51,13.92,8,14.70,154,0.28,0.29,910,0.00,1.00,0,0.5000,17.00,93,0,0.00,1,7.55,4.44,5.10,14.90
165090,14.84,0.00,1,14.51,14.00,8,14.70,154,0.28,0.29,920,0.00,1.00,0,0.5000,17.00,93,0,0.00,1,7.55,4.31,5.10,15.00
165194,14.84,0.00,1,14.51,13.92,8,14.71,154,0.28,0.28,910,0.00,1.00,0,0.5000,17.00,93,0,0.00,1,7.55,4.33,5.10,14.80
165298,14.84,0.00,1,14.51,13.92,8,14.70,154,0.28,0.28,917,0.00,1.00,0,0.5000,17.00,93,0,0.00,1,7.69,4.36,5.10,14.90
165403,14.84,0.00,1,14.51,14.00,8,14.70,154,0.28,0.29,917,0.00,1.00,0,0.5000,17.00,93,0,0.00,1,7.69,4.42,5.10,14.90
165507,15.62,0.00,1,14.51,13.84,8,14.70,154,0.28,0.28,922,0.00,1.00,0,0.5000,17.00,93,0,0.00,1,7.69,4.42,5.49,15.00
165611,15.62,0.00,1,14.51,14.00,8,14.70,154,0.28,0.28,943,0.00,1.00,0,0.5000,16.50,93,0,0.00,1,7.69,4.42,5.49,14.90
165715,15.62,0.00,1,14.51,14.00,8,14.70,154,0.28,0.27,935,0.00,1.00,0,0.5000,16.50,93,0,0.00,1,7.55,4.36,5.49,14.90
165819,15.62,0.00,1,14.51,14.00,8,14.70,154,0.28,0.28,949,0.00,1.00,0,0.5000,16.50,93,0,0.00,1,7.55,4.47,5.10,14.90
165923,15.62,0.00,1,14.51,14.00,8,14.69,154,0.28,0.29,954,0.00,1.00,0,0.5000,16.50,93,0,0.00,1,7.55,4.53,5.49,14.90
166027,16.41,0.00,1,14.51,13.84,8,14.70,154,0.28,0.28,956,0.00,1.00,0,0.5000,16.50,93,0,0.00,1,7.55,4.42,5.10,14.90
166131,16.41,0.00,1,14.51,14.00,8,14.69,154,0.28,0.27,971,0.00,1.00,0,0.5000,15.00,93,0,0.00,1,7.40,4.42,5.10,15.00
166235,16.41,0.00,1,14.51,14.00,8,14.69,154,0.28,0.26,976,0.00,1.00,0,0.5000,15.50,93,0,0.00,1,7.40,4.22,5.49,14.90
166339,16.41,0.00,1,14.51,13.92,8,14.69,154,0.27,0.27,961,0.00,1.00,0,0.5000,16.50,93,0,0.00,1,7.40,4.42,5.49,15.00
166443,16.41,0.00,1,14.51,14.00,8,14.69,154,0.27,0.27,972,0.00,1.00,0,0.5000,16.00,93,0,0.00,1,7.40,4.42,5.49,14.80
166547,15.62,0.00,1,14.51,13.92,8,14.69,154,0.27,0.27,978,0.00,1.00,0,0.5000,16.00,93,0,0.00,1,7.25,4.36,5.49,14.70
166651,15.62,0.00,1,14.51,13.84,8,14.69,154,0.27,0.27,974,0.00,1.00,0,0.5000,16.00,93,0,0.00,1,7.25,4.47,5.10,14.70
166755,15.62,0.00,1,14.51,14.00,8,14.69,154,0.27,0.27,972,0.00,1.00,0,0.5000,16.00,93,0,0.00,1,7.25,4.31,5.10,14.80
166859,15.62,0.00,1,14.51,14.00,8,14.70,154,0.27,0.28,960,0.00,1.00,0,0.5000,17.00,93,0,0.00,1,7.25,4.36,5.10,14.80
166963,15.62,0.00,1,14.51,13.92,8,14.69,154,0.27,0.27,947,0.00,1.00,0,0.5000,17.00,93,0,0.00,1,7.25,4.36,5.49,14.70
167067,15.62,0.00,1,14.51,13.92,8,14.69,154,0.27,0.27,1021,0.00,1.00,0,0.5000,16.50,93,0,0.00,1,7.40,4.31,5.49,14.70
167171,15.62,0.00,1,14.51,14.00,8,14.69,154,0.27,0.26,973,0.00,1.00,0,0.5000,16.00,93,0,0.00,1,7.25,4.24,5.10,14.70
167275,15.62,0.00,1,14.51,14.00,8,14.69,154,0.27,0.26,978,0.00,1.00,0,0.5000,16.50,93,0,0.00,1,7.25,4.25,5.10,14.70
167379,15.62,0.00,1,14.51,14.00,8,14.69,154,0.26,0.26,966,0.00,1.00,0,0.5000,16.50,93,0,0.00,1,7.25,4.33,5.10,14.70
167483,15.62,0.00,1,14.51,13.92,8,14.69,154,0.26,0.27,966,0.00,1.00,0,0.5000,17.00,93,0,0.00,1,7.25,4.31,5.10,14.80
167587,15.62,0.00,1,14.51,13.92,8,14.70,154,0.27,0.27,954,0.00,1.00,0,0.5000,17.00,93,0,0.00,1,7.25,4.25,5.10,14.70
167692,16.41,0.00,1,14.51,13.92,8,14.70,154,0.27,0.27,948,0.00,1.00,0,0.5000,17.00,93,0,0.00,1,7.25,4.39,5.10,14.70
167795,16.41,0.00,1,14.51,13.92,8,14.69,154,0.27,0.28,955,0.00,1.00,0,0.5000,17.00,93,0,0.00,1,7.25,4.36,5.10,14.80
167899,16.41,0.00,1,14.51,13.92,8,14.70,154,0.27,0.28,952,0.00,1.00,0,0.5000,17.00,93,0,0.00,1,7.25,4.42,5.10,14.70
168003,16.41,0.00,1,14.51,13.92,8,14.70,154,0.27,0.28,1012,0.00,1.00,0,0.5000,17.00,93,0,0.00,1,7.25,4.61,5.10,14.80
168107,16.41,0.00,1,14.51,14.00,8,14.69,154,0.28,0.28,962,0.00,1.00,0,0.5000,17.00,93,0,0.00,1,7.25,4.50,5.10,14.90
168211,16.41,0.00,1,14.51,13.84,8,14.70,154,0.28,0.28,949,0.00,1.00,0,0.5000,17.00,93,0,0.00,1,7.25,4.50,5.10,14.80
168315,16.41,0.00,1,14.51,14.00,8,14.69,154,0.28,0.28,962,0.00,1.00,0,0.5000,16.50,93,0,0.00,1,7.25,4.53,5.10,14.80
168419,15.62,0.00,1,14.51,14.00,8,14.69,156,0.28,0.28,977,0.00,1.00,0,0.5000,16.50,93,0,0.00,1,7.25,4.44,5.10,14.80
168523,15.62,0.00,1,14.51,14.00,8,14.69,156,0.28,0.26,968,0.00,1.00,0,0.5000,16.50,93,0,0.00,1,7.11,4.39,5.10,14.50
168628,15.62,0.00,1,14.51,14.00,8,14.69,156,0.27,0.26,977,0.00,1.00,0,0.5000,16.50,93,0,0.00,1,7.11,4.36,5.10,14.50
168731,14.84,0.00,1,14.51,13.92,8,14.69,156,0.27,0.27,980,0.00,1.00,0,0.5000,16.50,93,0,0.00,1,7.11,4.50,5.10,14.40
168835,14.06,0.00,1,14.51,14.00,8,14.69,156,0.27,0.27,995,0.00,1.00,0,0.5000,16.50,93,0,0.00,1,7.11,4.44,5.10,14.40
168939,14.06,0.00,1,14.51,14.00,8,14.69,156,0.27,0.26,979,0.00,1.00,0,0.5000,16.50,93,0,0.00,1,7.11,4.31,5.10,14.30
169043,14.06,0.00,1,14.51,13.92,8,14.69,156,0.27,0.26,993,0.00,1.00,0,0.5000,16.00,93,0,0.00,1,6.96,4.25,5.10,14.20
169147,13.28,0.00,1,14.51,14.00,8,14.69,156,0.26,0.26,986,0.00,1.00,0,0.5000,17.00,93,0,0.00,1,6.96,4.36,5.10,14.20
169251,13.28,0.00,1,14.51,13.92,8,14.69,156,0.26,0.27,963,0.00,1.00,0,0.5000,17.00,93,0,0.00,1,6.96,4.42,5.10,14.20
169356,13.28,0.00,1,14.51,13.92,8,14.69,156,0.26,0.26,970,0.00,1.00,0,0.5000,17.00,93,0,0.00,1,6.96,4.18,5.10,14.20
169459,13.28,0.00,1,14.51,13.92,8,14.69,156,0.26,0.27,960,0.00,1.00,0,0.5000,17.00,93,0,0.00,1,7.11,4.25,5.10,14.30
169564,12.50,0.00,1,14.51,14.00,8,14.70,156,0.26,0.26,949,0.00,1.00,0,0.5000,17.50,93,0,0.00,1,7.11,4.22,5.10,14.30
169667,12.50,0.00,1,14.51,14.00,8,14.70,156,0.26,0.29,946,0.00,1.00,0,0.5000,18.00,93,0,0.00,1,7.11,4.42,5.10,14.20
169771,12.50,0.00,1,14.51,13.92,8,14.70,156,0.27,0.28,942,0.00,1.00,0,0.5000,17.50,93,0,0.00,1,7.11,4.33,5.10,14.30
169875,12.50,0.00,1,14.51,14.00,8,14.70,156,0.27,0.28,941,0.00,1.00,0,0.5000,17.00,93,0,0.00,1,7.11,4.31,5.10,14.40
169979,12.50,0.00,1,14.51,14.00,8,14.70,156,0.27,0.28,940,0.00,1.00,0,0.5000,17.00,93,0,0.00,1,7.11,4.42,4.71,14.40
170083,12.50,0.00,1,14.51,13.92,8,14.70,156,0.27,0.28,929,0.00,1.00,0,0.5000,17.50,93,0,0.00,1,7.11,4.25,4.71,14.30
170186,11.72,0.00,1,14.51,14.00,8,14.70,156,0.27,0.26,931,0.00,1.00,0,0.5000,17.00,93,0,0.00,1,7.25,4.12,4.71,14.40
170291,11.72,0.00,1,14.51,14.00,8,14.70,156,0.27,0.27,932,0.00,1.00,0,0.5000,18.00,93,0,0.00,1,7.25,4.15,4.71,14.40
170395,11.72,0.00,1,14.51,13.92,8,14.70,156,0.27,0.27,915,0.00,1.00,0,0.5000,18.00,93,0,0.00,1,7.25,4.12,4.71,14.30
170499,11.72,0.00,1,14.51,13.92,8,14.70,156,0.27,0.26,934,0.00,1.00,0,0.5000,17.00,93,0,0.00,1,7.25,4.00,4.71,14.50
170603,11.72,0.00,1,14.51,13.84,8,14.71,156,0.26,0.28,922,0.00,1.00,0,0.5000,19.00,93,0,0.00,1,7.25,4.25,4.71,14.50
170707,11.72,0.00,1,14.51,14.00,8,14.71,156,0.27,0.28,902,0.00,1.00,0,0.5000,18.00,93,0,0.00,1,7.25,4.25,4.71,14.40
170811,11.72,0.00,1,14.51,14.00,8,14.70,156,0.27,0.28,910,0.00,1.00,0,0.5000,18.50,93,0,0.00,1,7.25,4.15,4.71,14.50
170915,11.72,0.00,1,14.51,13.92,8,14.71,156,0.27,0.27,915,0.00,1.00,0,0.5000,17.50,93,0,0.00,1,7.25,4.09,4.71,14.50
171019,11.72,0.00,1,14.51,13.92,8,14.71,156,0.27,0.27,911,0.00,1.00,0,0.5000,17.50,93,0,0.00,1,7.25,4.24,4.71,14.60
171124,11.72,0.00,1,14.51,13.84,8,14.71,156,0.27,0.28,898,0.00,1.00,0,0.5000,17.50,93,0,0.00,1,7.25,4.18,4.71,14.70
171228,11.72,0.00,1,14.51,14.00,8,14.70,156,0.27,0.27,917,0.00,1.00,0,0.5000,17.00,93,0,0.00,1,7.25,4.09,4.71,14.50
171332,11.72,0.00,1,14.51,13.92,8,14.71,156,0.27,0.27,915,0.00,1.00,0,0.5000,18.50,93,0,0.00,1,7.25,4.03,4.71,14.80
171436,11.72,0.00,1,14.51,14.00,8,14.71,156,0.27,0.28,954,0.00,1.00,0,0.5000,18.00,93,0,0.00,1,7.40,4.22,4.71,14.70
171540,11.72,0.00,1,14.51,14.00,8,14.71,156,0.27,0.28,903,0.00,1.00,0,0.5000,17.50,93,0,0.00,1,7.40,4.18,5.10,15.00
171644,11.72,0.00,1,14.51,14.00,8,14.71,156,0.27,0.29,896,0.00,1.00,0,0.5000,17.00,93,0,0.00,1,7.40,4.25,4.71,14.80
171749,11.72,0.00,1,14.51,14.00,8,14.71,156,0.28,0.29,902,0.00,1.00,0,0.5000,18.00,93,0,0.00,1,7.40,4.25,4.71,14.80
171853,12.50,0.00,1,14.51,13.92,8,14.71,156,0.28,0.29,886,0.00,1.00,0,0.5000,17.50,93,0,0.00,1,7.40,4.31,5.10,14.80
171957,12.50,0.00,1,14.51,13.92,8,14.71,156,0.28,0.29,908,0.00,1.00,0,0.5000,17.00,93,0,0.00,1,7.55,4.31,5.10,14.80
172060,12.50,0.00,1,14.51,14.00,8,14.71,156,0.28,0.27,894,0.00,1.00,0,0.5000,17.00,93,0,0.00,1,7.55,4.09,5.10,14.70
172165,12.50,0.00,1,14.51,13.92,8,14.71,156,0.28,0.28,902,0.00,1.00,0,0.5000,17.00,93,0,0.00,1,7.55,4.25,5.10,14.80
172268,12.50,0.00,1,14.51,13.92,8,14.71,156,0.28,0.29,839,0.00,1.00,0,0.5000,17.00,93,0,0.00,1,7.55,4.31,5.10,15.00
172372,12.50,0.00,1,14.51,14.00,8,14.70,156,0.28,0.28,906,0.00,1.00,0,0.5000,16.50,93,0,0.00,1,7.55,4.36,5.10,14.80
172476,12.50,0.00,1,14.51,14.00,8,14.70,156,0.28,0.28,924,0.00,1.00,0,0.5000,16.50,93,0,0.00,1,7.55,4.36,5.10,14.80
172581,12.50,0.00,1,14.51,13.92,8,14.71,156,0.28,0.27,908,0.00,1.00,0,0.5000,17.00,93,0,0.00,1,7.55,4.09,5.10,14.80
172684,13.28,0.00,1,14.51,13.84,8,14.70,156,0.28,0.29,925,0.00,1.00,0,0.5000,16.50,93,0,0.00,1,7.55,4.36,5.10,14.80
172789,13.28,0.00,1,14.51,13.92,8,14.70,156,0.28,0.28,920,0.00,1.00,0,0.5000,17.00,93,0,0.00,1,7.40,4.27,5.10,14.90
172892,13.28,0.00,1,14.51,14.00,8,14.70,156,0.28,0.28,918,0.00,1.00,0,0.5000,16.50,93,0,0.00,1,7.40,4.36,5.10,15.00
172997,13.28,0.00,1,14.51,14.00,8,14.70,156,0.28,0.28,925,0.00,1.00,0,0.5000,17.00,93,0,0.00,1,7.40,4.25,5.10,14.80
173100,13.28,0.00,1,14.51,14.00,8,14.70,156,0.28,0.27,924,0.00,1.00,0,0.5000,16.50,93,0,0.00,1,7.40,4.27,5.10,14.70
173205,13.28,0.00,1,14.51,13.92,8,14.70,156,0.28,0.28,926,0.00,1.00,0,0.5000,16.50,93,0,0.00,1,7.40,4.31,5.10,14.80
173309,13.28,0.00,1,14.51,13.92,8,14.70,156,0.28,0.28,923,0.00,1.00,0,0.5000,17.00,93,0,0.00,1,7.40,4.31,5.10,14.80
173413,13.28,0.00,1,14.51,14.00,8,14.70,156,0.28,0.29,913,0.00,1.00,0,0.5000,17.00,93,0,0.00,1,7.40,4.44,5.10,14.80
173517,12.50,0.00,1,14.51,14.00,8,14.70,156,0.28,0.29,926,0.00,1.00,0,0.5000,17.00,93,0,0.00,1,7.40,4.42,5.10,14.80
173621,12.50,0.00,1,14.51,14.00,8,14.70,156,0.28,0.28,932,0.00,1.00,0,0.5000,16.50,93,0,0.00,1,7.40,4.42,5.10,14.70
173725,13.28,0.00,1,14.51,13.84,8,14.70,156,0.28,0.29,933,0.00,1.00,0,0.5000,16.50,93,0,0.00,1,7.40,4.44,5.10,14.90
173829,13.28,0.00,1,14.51,13.92,8,14.70,156,0.28,0.28,945,0.00,1.00,0,0.5000,16.50,93,0,0.00,1,7.40,4.39,5.10,14.70
173933,13.28,0.00,1,14.51,13.92,8,14.70,156,0.28,0.28,939,0.00,1.00,0,0.5000,16.50,93,0,0.00,1,7.40,4.42,5.10,14.80
174037,13.28,0.00,1,14.51,14.00,8,14.70,156,0.28,0.29,944,0.00,1.00,0,0.5000,16.50,93,0,0.00,1,7.40,4.53,5.10,14.80
174140,12.50,0.00,1,14.51,13.92,8,14.70,156,0.28,0.28,940,0.00,1.00,0,0.5000,16.50,93,0,0.00,1,7.25,4.42,5.10,14.70
174245,12.50,0.00,1,14.51,14.00,8,14.69,156,0.28,0.27,1015,0.00,1.00,0,0.5000,15.50,93,0,0.00,1,7.25,4.31,5.10,14.70
174349,12.50,0.00,1,14.51,13.92,8,14.69,156,0.28,0.27,969,0.00,1.00,0,0.5000,15.50,93,0,0.00,1,7.25,4.33,5.10,14.70
174453,12.50,0.00,1,14.51,13.92,8,14.69,156,0.27,0.27,959,0.00,1.00,0,0.5000,16.50,93,0,0.00,1,7.11,4.39,5.10,14.50
174556,11.72,0.00,1,14.51,14.00,8,14.70,156,0.27,0.27,1021,0.00,1.00,0,0.5000,16.00,93,0,0.00,1,7.11,4.36,5.10,14.50
174661,11.72,0.00,1,14.51,14.00,8,14.70,156,0.27,0.28,958,0.00,1.00,0,0.5000,16.50,93,0,0.00,1,7.11,4.42,5.10,14.50
174765,11.72,0.00,1,14.51,13.92,8,14.70,156,0.27,0.27,941,0.00,1.00,0,0.5000,16.50,93,0,0.00,1,7.11,4.36,5.10,14.40
174869,11.72,0.00,1,14.51,13.92,8,14.69,156,0.27,0.27,1016,0.00,1.00,0,0.5000,16.50,93,0,0.00,1,7.11,4.25,5.10,14.40
174973,11.72,0.00,1,14.51,14.00,8,14.70,156,0.27,0.28,942,0.00,1.00,0,0.5000,17.50,93,0,0.00,1,7.11,4.31,5.10,14.40
175077,11.72,0.00,1,14.51,13.92,8,14.70,156,0.27,0.27,930,0.00,1.00,0,0.5000,17.00,93,0,0.00,1,7.11,4.09,5.10,14.40
175180,10.94,0.00,1,14.51,13.92,8,14.70,156,0.27,0.28,937,0.00,1.00,0,0.5000,18.00,93,0,0.00,1,7.25,4.33,4.71,14.40
175285,10.94,0.00,1,14.51,14.00,8,14.70,156,0.27,0.28,922,0.00,1.00,0,0.5000,17.50,93,0,0.00,1,7.25,4.15,4.71,14.40
175389,10.94,0.00,1,14.51,13.92,8,14.70,156,0.27,0.25,915,0.00,1.00,0,0.5000,17.00,93,0,0.00,1,7.25,3.81,4.71,14.30
175493,10.94,0.00,1,14.51,13.92,8,14.71,156,0.27,0.27,909,0.00,1.00,0,0.5000,19.00,93,0,0.00,1,7.25,4.12,4.71,14.50
175597,10.94,0.00,1,14.51,14.00,8,14.71,156,0.26,0.27,897,0.00,1.00,0,0.5000,17.50,93,0,0.00,1,7.25,4.22,4.71,14.50
175701,10.94,0.00,1,14.51,13.92,8,14.71,156,0.27,0.29,910,0.00,1.00,0,0.5000,18.00,93,0,0.00,1,7.40,4.31,4.71,14.50
175805,10.94,0.00,1,14.51,14.00,8,14.71,156,0.27,0.29,878,0.00,1.00,0,0.5000,19.00,93,0,0.00,1,7.40,4.25,4.71,14.50
175909,11.72,0.00,1,14.51,13.92,8,14.71,156,0.28,0.29,894,0.00,1.00,0,0.5000,17.00,93,0,0.00,1,7.40,4.33,5.10,14.40
176013,11.72,0.00,1,14.51,13.92,8,14.71,156,0.28,0.29,900,0.00,1.00,0,0.5000,17.00,93,0,0.00,1,7.40,4.39,5.10,14.80
176117,11.72,0.00,1,14.51,13.92,8,14.70,156,0.28,0.29,912,0.00,1.00,0,0.5000,17.00,93,0,0.00,1,7.40,4.33,5.10,14.80
176221,11.72,0.00,1,14.51,14.00,8,14.71,156,0.28,0.29,840,0.00,1.00,0,0.5000,17.00,93,0,0.00,1,7.40,4.36,5.10,14.90
176326,12.50,0.00,1,14.51,14.00,8,14.70,156,0.28,0.29,908,0.00,1.00,0,0.5000,16.50,93,0,0.00,1,7.40,4.47,5.10,15.00
176429,12.50,0.00,1,14.51,14.00,8,14.70,156,0.28,0.28,927,0.00,1.00,0,0.5000,17.00,93,0,0.00,1,7.40,4.33,5.10,15.00
176534,11.72,0.00,1,14.51,13.92,8,14.70,156,0.28,0.28,916,0.00,1.00,0,0.5000,17.00,93,0,0.00,1,7.40,4.33,5.10,15.00
176637,11.72,0.00,1,14.51,14.00,8,14.70,156,0.28,0.28,934,0.00,1.00,0,0.5000,16.50,93,0,0.00,1,7.40,4.25,5.10,14.80
176741,11.72,0.00,1,14.51,14.00,8,14.70,156,0.28,0.29,932,0.00,1.00,0,0.5000,17.00,93,0,0.00,1,7.40,4.36,5.10,14.80
176846,11.72,0.00,1,14.51,13.92,8,14.70,156,0.28,0.28,926,0.00,1.00,0,0.5000,16.50,93,0,0.00,1,7.40,4.39,5.10,14.70
176949,11.72,0.00,1,14.51,13.92,8,14.70,156,0.28,0.29,936,0.00,1.00,0,0.5000,16.00,93,0,0.00,1,7.40,4.42,5.10,14.70
177053,11.72,0.00,1,14.51,13.92,8,14.70,156,0.28,0.28,938,0.00,1.00,0,0.5000,16.50,93,0,0.00,1,7.40,4.36,5.10,14.70
177157,11.72,0.00,1,14.51,13.92,8,14.70,156,0.28,0.28,940,0.00,1.00,0,0.5000,16.50,93,0,0.00,1,7.25,4.42,5.10,14.70
177262,11.72,0.00,1,14.51,13.92,8,14.70,156,0.28,0.28,944,0.00,1.00,0,0.5000,16.50,93,0,0.00,1,7.25,4.36,5.10,14.60
177366,11.72,0.00,1,14.51,13.92,8,14.70,156,0.28,0.27,939,0.00,1.00,0,0.5000,17.00,93,0,0.00,1,7.25,4.25,5.10,14.50
177470,11.72,0.00,1,14.51,14.00,8,14.70,156,0.28,0.28,930,0.00,1.00,0,0.5000,16.50,93,0,0.00,1,7.25,4.31,5.10,14.70
177574,11.72,0.00,1,14.51,13.92,8,14.70,156,0.27,0.27,946,0.00,1.00,0,0.5000,16.50,93,0,0.00,1,7.25,4.25,5.10,14.70
177677,11.72,0.00,1,14.51,14.00,8,14.70,156,0.27,0.27,936,0.00,1.00,0,0.5000,16.50,93,0,0.00,1,7.25,4.25,5.10,14.80
177782,11.72,0.00,1,14.51,14.00,8,14.70,156,0.27,0.27,941,0.00,1.00,0,0.5000,16.50,93,0,0.00,1,7.25,4.31,5.10,14.50
177886,11.72,0.00,1,14.51,13.92,8,14.70,156,0.27,0.27,935,0.00,1.00,0,0.5000,16.50,93,0,0.00,1,7.25,4.27,5.10,14.60
177990,11.72,0.00,1,14.51,14.00,8,14.70,156,0.27,0.27,943,0.00,1.00,0,0.5000,16.50,93,0,0.00,1,7.25,4.39,5.10,14.50
178093,11.72,0.00,1,14.51,14.00,8,14.70,156,0.27,0.29,955,0.00,1.00,0,0.5000,17.00,93,0,0.00,1,7.25,4.42,5.10,14.60
178197,11.72,0.00,1,14.51,13.92,8,14.70,156,0.27,0.28,935,0.00,1.00,0,0.5000,17.00,93,0,0.00,1,7.25,4.33,5.10,14.60
178302,11.72,0.00,1,14.51,13.92,8,14.70,156,0.28,0.30,913,0.00,1.00,0,0.5000,17.00,93,0,0.00,1,7.25,4.47,5.10,14.50
178405,11.72,0.00,1,14.51,13.92,8,14.70,158,0.28,0.28,918,0.00,1.00,0,0.5000,17.00,93,0,0.00,1,7.25,4.33,5.10,14.70
178509,11.72,0.00,1,14.51,14.00,8,14.70,158,0.28,0.29,906,0.00,1.00,0,0.5000,17.00,93,0,0.00,1,7.25,4.36,4.71,14.60
178614,11.72,0.00,1,14.51,14.00,8,14.70,158,0.28,0.28,924,0.00,1.00,0,0.5000,17.00,93,0,0.00,1,7.25,4.31,4.71,14.70
178717,11.72,0.00,1,14.51,13.92,8,14.70,158,0.28,0.28,914,0.00,1.00,0,0.5000,17.00,93,0,0.00,1,7.25,4.31,4.71,14.70
178821,10.94,0.00,1,14.51,13.92,8,14.70,158,0.28,0.28,924,0.00,1.00,0,0.5000,17.00,93,0,0.00,1,7.25,4.25,4.71,14.80
178925,10.94,0.00,1,14.51,13.92,8,14.71,158,0.28,0.28,897,0.00,1.00,0,0.5000,17.50,93,0,0.00,1,7.40,4.15,4.71,14.50
179030,10.94,0.00,1,14.51,14.00,8,14.70,158,0.28,0.27,912,0.00,1.00,0,0.5000,17.00,93,0,0.00,1,7.40,4.12,4.71,14.60
179134,10.94,0.00,1,14.51,14.00,8,14.71,158,0.27,0.28,919,0.00,1.00,0,0.5000,17.50,93,0,0.00,1,7.40,4.27,4.71,14.50
179237,10.94,0.00,1,14.51,14.00,8,14.71,158,0.27,0.29,899,0.00,1.00,0,0.5000,17.00,93,0,0.00,1,7.40,4.25,4.71,14.50
179341,10.94,0.00,1,14.51,14.00,8,14.71,158,0.28,0.28,905,0.00,1.00,0,0.5000,17.50,93,0,0.00,1,7.40,4.22,4.71,14.50
