Time (msec),A/F Correction #1 (%),A/F Learning #1 (%),A/F Learning Airflow Range (Current)* (offset),Atmospheric Pressure (psi),Battery Voltage (V),CL/OL Fueling* (status),Closed Loop Fueling Target (4-byte)* (estimated AFR),Coolant Temperature (F),Engine Load (4-Byte)* (g/rev),Engine Load (Calculated) (g/rev),Engine Speed (rpm),Feedback Knock Correction (4-byte)* (degrees),Final Fueling Base (4-byte)* (lambda),Gear (Calculated)* (position),IAM (4-byte)* (multiplier),Ignition Total Timing (degrees),Intake Air Temperature (F),Intake VVT Advance Angle Right (degrees),Knock Correction Advance (degrees),Knock Sum* (count),Manifold Absolute Pressure (psi),Mass Airflow (g/s),Throttle Opening Angle (%),AEM UEGO Wideband [9600 baud] (AFR Gasoline)
0,7.81,0.78,2,14.36,14.08,8,14.63,118,0.38,0.37,1333,0.00,0.98,0,0.5000,16.50,90,0,0.00,0,8.56,8.43,8.63,14.70
103,7.81,0.78,2,14.36,14.00,8,14.63,118,0.38,0.37,1351,0.00,0.97,0,0.5000,17.00,90,0,0.00,0,8.56,8.39,8.63,14.70
208,7.81,0.78,2,14.36,14.00,8,14.63,118,0.37,0.37,1356,0.00,0.97,0,0.5000,16.50,90,0,0.00,0,8.56,8.39,8.63,14.80
312,8.59,0.78,2,14.36,14.08,8,14.63,118,0.37,0.37,1353,0.00,0.97,0,0.5000,16.50,90,0,0.00,0,8.56,8.35,8.63,14.80
415,7.81,0.78,2,14.36,14.00,8,14.63,118,0.37,0.38,1368,0.00,0.97,0,0.5000,16.50,90,0,0.00,0,8.56,8.51,8.63,14.80
520,7.81,0.78,2,14.36,14.08,8,14.63,118,0.37,0.38,1350,0.00,0.98,0,0.5000,16.50,90,0,0.00,0,8.56,8.47,8.63,14.50
624,7.81,0.78,2,14.36,14.08,8,14.63,118,0.37,0.36,1358,0.00,0.97,0,0.5000,17.00,90,0,0.00,0,8.56,8.35,8.63,14.40
728,8.59,0.78,2,14.36,14.00,8,14.63,118,0.37,0.36,1371,0.00,0.97,0,0.5000,16.50,90,0,0.00,0,8.56,8.31,8.63,14.70
831,7.81,0.78,2,14.36,14.00,8,14.63,118,0.37,0.37,1358,0.00,0.98,0,0.5000,16.50,90,0,0.00,0,8.42,8.47,8.63,14.50
936,7.81,0.78,2,14.36,14.08,8,14.63,118,0.37,0.37,1353,0.00,0.98,0,0.5000,17.00,90,0,0.00,0,8.56,8.51,8.63,14.60
1040,7.81,0.78,2,14.36,13.92,8,14.63,118,0.37,0.37,1358,0.00,0.98,0,0.5000,17.00,90,0,0.00,0,8.56,8.27,8.63,14.60
1144,7.81,0.78,2,14.36,14.00,8,14.63,118,0.37,0.37,1356,0.00,0.98,0,0.5000,16.50,90,0,0.00,0,8.56,8.39,8.63,14.50
1248,7.81,0.78,2,14.36,13.92,8,14.63,118,0.37,0.37,1374,0.00,0.98,0,0.5000,17.00,90,0,0.00,0,8.42,8.39,8.63,14.40
1353,7.81,0.78,2,14.36,14.00,8,14.63,118,0.37,0.38,1367,0.00,0.98,0,0.5000,16.50,90,0,0.00,0,8.42,8.47,8.63,14.50
1456,7.81,0.78,2,14.36,14.08,8,14.63,120,0.37,0.37,1346,0.00,0.98,0,0.5000,17.00,90,0,0.00,0,8.56,8.43,8.63,14.50
1560,7.81,0.78,2,14.36,14.00,8,14.63,120,0.37,0.37,1362,0.00,0.98,0,0.5000,17.00,90,0,0.00,0,8.42,8.39,8.63,14.60
1664,7.81,0.78,2,14.36,14.00,8,14.63,120,0.37,0.38,1366,0.00,0.98,0,0.5000,16.50,90,0,0.00,0,8.42,8.47,8.24,14.60
1768,7.81,0.78,2,14.36,14.00,8,14.63,120,0.37,0.37,1358,0.00,0.98,0,0.5000,16.50,90,0,0.00,0,8.42,8.47,8.63,14.50
1872,7.81,0.78,2,14.36,14.00,8,14.63,120,0.37,0.37,1365,0.00,0.98,0,0.5000,17.00,90,0,0.00,0,8.42,8.35,8.63,14.60
1976,7.81,0.78,2,14.36,14.08,8,14.63,120,0.37,0.36,1356,0.00,0.98,0,0.5000,16.50,90,0,0.00,0,8.42,8.23,8.24,14.60
2080,7.81,0.78,2,14.36,14.00,8,14.63,120,0.37,0.37,1352,0.00,0.98,0,0.5000,17.00,90,0,0.00,0,8.42,8.31,8.24,14.50
2184,7.81,0.78,2,14.36,14.08,8,14.63,120,0.37,0.36,1370,0.00,0.98,0,0.5000,17.00,90,0,0.00,0,8.42,8.27,8.63,14.50
2288,7.03,0.78,2,14.36,14.00,8,14.63,120,0.37,0.36,1348,0.00,0.98,0,0.5000,17.00,90,0,0.00,0,8.42,8.23,8.24,14.50
2392,7.03,0.78,2,14.36,14.00,8,14.63,120,0.37,0.37,1352,0.00,0.98,0,0.5000,17.00,90,0,0.00,0,8.42,8.35,8.63,14.50
2495,7.03,0.78,2,14.36,14.08,8,14.63,120,0.36,0.36,1360,0.00,0.98,0,0.5000,17.00,90,0,0.00,0,8.42,8.19,8.24,14.50
2600,7.81,0.78,2,14.36,14.08,8,14.63,120,0.37,0.37,1340,0.00,0.98,0,0.5000,17.00,90,0,0.00,0,8.42,8.39,8.24,14.60
2704,7.81,0.78,2,14.36,14.00,8,14.63,120,0.37,0.37,1338,0.00,0.98,0,0.5000,17.00,90,0,0.00,0,8.42,8.31,8.24,14.60
2808,7.81,0.78,2,14.36,14.00,8,14.63,120,0.37,0.38,1340,0.00,0.98,0,0.5000,17.00,90,0,0.00,0,8.42,8.39,8.24,14.70
2912,7.81,0.78,2,14.36,14.00,8,14.63,120,0.37,0.38,1312,0.00,0.98,0,0.5000,17.00,90,0,0.00,0,8.42,8.39,8.24,14.70
3016,7.81,0.78,2,14.36,14.00,8,14.63,120,0.37,0.36,1330,0.00,0.98,0,0.5000,17.00,90,0,0.00,0,8.42,8.07,8.24,14.60
3120,7.81,0.78,2,14.36,14.00,8,14.63,120,0.37,0.37,1333,0.00,0.98,0,0.5000,17.00,90,0,0.00,0,8.42,8.23,8.24,14.50
3224,7.03,0.78,2,14.36,14.08,8,14.63,120,0.37,0.38,1310,0.00,0.98,0,0.5000,17.50,90,0,0.00,0,8.56,8.27,8.24,14.50
3328,7.03,0.78,2,14.36,14.08,8,14.63,120,0.37,0.38,1318,0.00,0.98,0,0.5000,17.00,90,0,0.00,0,8.56,8.31,8.24,14.50
3432,7.81,0.78,2,14.36,14.00,8,14.63,120,0.37,0.37,1340,0.00,0.98,0,0.5000,17.00,90,0,0.00,0,8.56,8.19,8.24,14.60
3537,7.81,0.78,2,14.36,14.08,8,14.63,120,0.37,0.37,1344,0.00,0.98,0,0.5000,17.00,90,0,0.00,0,8.42,8.23,8.24,14.60
3640,7.81,0.78,2,14.36,14.00,8,14.63,120,0.37,0.37,1331,0.00,0.98,0,0.5000,17.00,90,0,0.00,0,8.42,8.23,8.24,14.60
3745,7.81,0.78,2,14.36,14.16,8,14.63,120,0.37,0.37,1332,0.00,0.98,0,0.5000,17.00,90,0,0.00,0,8.42,8.27,8.24,14.80
3848,7.81,0.78,2,14.36,14.00,8,14.63,120,0.37,0.37,1346,0.00,0.98,0,0.5000,17.00,90,0,0.00,0,8.42,8.19,8.24,14.70
3953,7.81,0.78,2,14.36,14.00,8,14.63,120,0.37,0.36,1330,0.00,0.98,0,0.5000,17.00,90,0,0.00,0,8.42,8.11,8.24,14.70
4057,7.81,0.78,2,14.36,14.00,8,14.63,120,0.37,0.37,1346,0.00,0.98,0,0.5000,17.00,90,0,0.00,0,8.42,8.15,8.24,14.70
4160,7.81,0.78,2,14.36,14.08,8,14.63,120,0.37,0.37,1346,0.00,0.98,0,0.5000,17.00,90,0,0.00,0,8.42,8.31,8.24,14.60
4265,7.81,0.78,2,14.36,14.08,8,14.63,120,0.37,0.36,1331,0.00,0.98,0,0.5000,17.00,90,0,0.00,0,8.42,8.15,8.24,14.50
4368,7.81,0.78,2,14.36,14.08,8,14.63,120,0.37,0.37,1324,0.00,0.98,0,0.5000,17.00,90,0,0.00,0,8.42,8.27,8.24,14.50
4473,7.81,0.78,2,14.36,13.92,8,14.63,120,0.37,0.37,1337,0.00,0.98,0,0.5000,17.00,90,0,0.00,0,8.42,8.15,8.24,14.80
4576,7.81,0.78,2,14.36,14.00,8,14.63,120,0.37,0.37,1328,0.00,0.98,0,0.5000,17.00,90,0,0.00,0,8.42,8.31,8.24,14.70
4680,7.81,0.78,2,14.36,14.00,8,14.63,120,0.37,0.37,1326,0.00,0.98,0,0.5000,17.00,90,0,0.00,0,8.42,8.23,8.24,14.70
4784,7.81,0.78,2,14.36,14.00,8,14.63,120,0.37,0.37,1347,0.00,0.98,0,0.5000,17.00,90,0,0.00,0,8.42,8.15,8.24,14.70
4888,7.81,0.78,2,14.36,14.08,8,14.63,120,0.36,0.36,1336,0.00,0.98,0,0.5000,16.50,90,0,0.00,0,8.42,8.07,8.24,14.80
4992,7.81,0.78,2,14.36,14.00,8,14.63,120,0.36,0.36,1344,0.00,0.98,0,0.5000,16.50,90,0,0.00,0,8.42,8.11,8.24,14.70
5096,7.81,0.78,2,14.36,14.00,8,14.63,120,0.36,0.36,1337,0.00,0.98,0,0.5000,17.00,90,0,0.00,0,8.42,8.03,8.24,14.70
5200,7.81,0.78,2,14.36,14.08,8,14.63,120,0.36,0.37,1325,0.00,0.98,0,0.5000,17.00,90,0,0.00,0,8.42,8.11,8.24,14.60
5305,7.81,0.78,2,14.36,13.92,8,14.63,120,0.37,0.37,1316,0.00,0.98,0,0.5000,17.00,90,0,0.00,0,8.42,8.15,8.24,14.50
5409,7.81,0.78,2,14.36,14.08,8,14.63,120,0.37,0.36,1317,0.00,0.98,0,0.5000,17.50,90,0,0.00,0,8.42,7.96,8.24,14.60
5512,7.81,0.78,2,14.36,14.00,8,14.63,120,0.37,0.37,1321,0.00,0.98,0,0.5000,17.50,90,0,0.00,0,8.42,8.07,8.24,14.50
5617,7.81,0.78,2,14.36,14.00,8,14.63,120,0.37,0.36,1311,0.00,0.98,0,0.5000,17.00,90,0,0.00,0,8.42,8.00,8.24,14.50
5721,8.59,0.78,2,14.36,14.00,8,14.63,120,0.37,0.37,1311,0.00,0.98,0,0.5000,17.00,90,0,0.00,0,8.42,8.11,8.24,14.40
5825,8.59,0.78,2,14.36,14.00,8,14.63,120,0.37,0.37,1318,0.00,0.98,0,0.5000,17.00,90,0,0.00,0,8.42,8.07,8.24,14.70
5929,8.59,0.78,2,14.36,14.00,8,14.63,120,0.37,0.37,1322,0.00,0.98,0,0.5000,17.00,90,0,0.00,0,8.42,8.11,8.24,14.70
6033,8.59,0.78,2,14.36,14.08,8,14.63,120,0.37,0.37,1306,0.00,0.98,0,0.5000,17.00,90,0,0.00,0,8.42,8.19,8.24,14.70
6136,8.59,0.78,2,14.36,14.00,8,14.63,120,0.37,0.37,1300,0.00,0.98,0,0.5000,17.50,90,0,0.00,0,8.42,8.07,8.24,14.70
6241,8.59,0.78,2,14.36,14.00,8,14.63,122,0.37,0.37,1314,0.00,0.98,0,0.5000,17.00,90,0,0.00,0,8.42,8.03,8.24,14.70
6345,8.59,0.78,2,14.36,14.00,8,14.63,122,0.37,0.37,1306,0.00,0.98,0,0.5000,17.00,90,0,0.00,0,8.42,8.03,8.24,14.80
6449,8.59,0.78,2,14.36,14.08,8,14.63,122,0.36,0.35,1312,0.00,0.98,0,0.5000,17.00,90,0,0.00,0,8.42,7.76,8.24,14.50
6553,8.59,0.78,2,14.36,14.00,8,14.63,122,0.36,0.36,1316,0.00,0.98,0,0.5000,17.00,90,0,0.00,0,8.42,7.76,8.24,14.60
6656,8.59,0.78,2,14.36,14.00,8,14.63,122,0.37,0.37,1301,0.00,0.98,0,0.5000,17.50,90,0,0.00,0,8.42,8.07,8.24,14.60
6761,8.59,0.78,2,14.36,14.00,8,14.63,122,0.37,0.38,1300,0.00,0.98,0,0.5000,17.00,90,0,0.00,0,8.42,8.15,8.24,14.60
6865,8.59,0.78,2,14.36,14.00,8,14.63,122,0.37,0.37,1306,0.00,0.98,0,0.5000,17.00,90,0,0.00,0,8.42,7.96,8.24,14.70
6969,8.59,0.78,2,14.36,14.08,8,14.63,122,0.37,0.36,1326,0.00,0.98,0,0.5000,17.00,90,0,0.00,0,8.42,7.96,8.24,14.70
7072,8.59,0.78,2,14.36,14.08,8,14.63,122,0.37,0.37,1325,0.00,0.98,0,0.5000,16.50,90,0,0.00,0,8.42,8.03,8.24,14.80
7177,9.38,0.78,2,14.36,14.00,8,14.63,122,0.37,0.37,1315,0.00,0.98,0,0.5000,16.50,90,0,0.00,0,8.42,8.11,8.24,14.60
7281,9.38,0.78,2,14.36,14.00,8,14.63,122,0.37,0.36,1299,0.00,0.98,0,0.5000,17.00,90,0,0.00,0,8.42,7.96,8.24,14.70
7385,9.38,0.78,2,14.36,14.00,8,14.63,122,0.37,0.37,1322,0.00,0.98,0,0.5000,17.00,90,0,0.00,0,8.42,8.15,8.24,14.80
7489,9.38,0.78,2,14.36,14.08,8,14.63,122,0.37,0.37,1302,0.00,0.98,0,0.5000,16.50,90,0,0.00,0,8.42,8.11,8.24,14.70
7593,9.38,0.78,2,14.36,14.08,8,14.63,122,0.37,0.37,1319,0.00,0.98,0,0.5000,16.50,90,0,0.00,0,8.42,8.03,8.24,14.80
7697,9.38,0.78,2,14.36,13.92,8,14.63,122,0.37,0.37,1316,0.00,0.98,0,0.5000,17.00,90,0,0.00,0,8.42,8.07,8.24,14.70
7801,9.38,0.78,2,14.36,13.68,8,14.63,122,0.36,0.37,1328,0.00,0.98,0,0.5000,16.50,90,0,0.00,0,8.42,8.07,8.24,14.70
7905,9.38,0.78,2,14.36,14.08,8,14.63,122,0.36,0.36,1315,0.00,0.98,0,0.5000,16.50,90,0,0.00,0,8.42,7.84,8.24,14.50
8009,9.38,0.78,2,14.36,14.00,8,14.63,122,0.36,0.36,1309,0.00,0.98,0,0.5000,17.00,90,0,0.00,0,8.42,7.96,8.24,14.40
8112,9.38,0.78,2,14.36,13.92,8,14.63,122,0.36,0.36,1320,0.00,0.98,0,0.5000,17.00,90,0,0.00,0,8.42,7.84,8.24,14.60
8216,9.38,0.78,2,14.36,14.00,8,14.63,122,0.36,0.36,1308,0.00,0.98,0,0.5000,17.00,90,0,0.00,0,8.42,7.76,8.24,14.50
8321,9.38,0.78,2,14.36,13.92,8,14.63,122,0.35,0.34,1314,0.00,0.98,0,0.5000,16.50,90,0,0.00,0,8.42,7.80,8.24,14.60
8425,9.38,0.78,2,14.36,14.00,8,14.63,122,0.36,0.36,1320,0.00,0.98,0,0.5000,17.00,90,0,0.00,0,8.42,7.84,8.24,14.60
8529,10.16,0.78,2,14.36,13.92,8,14.63,122,0.36,0.37,1309,0.00,0.98,0,0.5000,17.00,90,0,0.00,0,8.42,8.00,8.24,15.10
8633,10.16,0.78,2,14.36,14.08,8,14.63,122,0.37,0.37,1297,0.00,0.98,0,0.5000,17.00,90,0,0.00,0,8.42,8.11,8.24,14.80
8737,10.16,0.78,2,14.36,14.08,8,14.63,122,0.37,0.37,1296,0.00,0.98,0,0.5000,17.00,90,0,0.00,0,8.42,7.96,8.24,14.80
8841,10.16,0.78,2,14.36,14.00,8,14.63,122,0.37,0.36,1317,0.00,0.98,0,0.5000,17.00,90,0,0.00,0,8.42,7.80,8.24,15.00
8945,10.16,0.78,2,14.36,14.00,8,14.63,122,0.37,0.37,1313,0.00,0.98,0,0.5000,17.00,90,0,0.00,0,8.42,8.07,8.24,14.70
9049,10.16,0.78,2,14.36,14.00,8,14.63,122,0.37,0.37,1305,0.00,0.98,0,0.5000,16.50,90,0,0.00,0,8.42,8.11,8.24,14.40
9153,10.16,0.78,2,14.36,14.08,8,14.63,122,0.36,0.35,1312,0.00,0.98,0,0.5000,17.00,90,0,0.00,0,8.42,7.80,8.24,14.60
9258,10.16,0.78,2,14.36,14.08,8,14.63,122,0.36,0.36,1324,0.00,0.98,0,0.5000,17.00,90,0,0.00,0,8.42,8.00,8.24,14.40
9361,10.16,0.78,2,14.36,14.00,8,14.63,122,0.36,0.36,1316,0.00,0.98,0,0.5000,16.50,90,0,0.00,0,8.27,7.92,8.24,14.60
9465,10.16,0.78,2,14.36,14.00,8,14.63,122,0.36,0.36,1320,0.00,0.98,0,0.5000,16.50,90,0,0.00,0,8.27,7.96,8.24,14.60
9569,10.16,0.78,2,14.36,14.00,8,14.63,122,0.37,0.36,1326,0.00,0.98,0,0.5000,17.00,90,0,0.00,0,8.27,8.00,8.24,14.60
9673,10.16,0.78,2,14.36,14.00,8,14.63,122,0.37,0.38,1313,0.00,0.98,0,0.5000,17.00,90,0,0.00,0,8.42,8.23,8.24,14.50
9777,10.16,0.78,2,14.36,14.08,8,14.63,122,0.37,0.36,1314,0.00,0.98,0,0.5000,16.50,90,0,0.00,0,8.42,7.96,8.24,14.50
9881,9.38,0.78,2,14.36,14.00,8,14.63,122,0.37,0.36,1307,0.00,0.98,0,0.5000,17.00,90,0,0.00,0,8.42,8.00,8.24,14.50
9985,9.38,0.78,2,14.36,13.92,8,14.63,122,0.37,0.37,1316,0.00,0.98,0,0.5000,17.00,90,0,0.00,0,8.27,8.11,8.24,14.50
10089,9.38,0.78,2,14.36,14.00,8,14.63,122,0.37,0.37,1307,0.00,0.98,0,0.5000,17.00,90,0,0.00,0,8.27,8.11,8.24,14.50
10193,9.38,0.78,2,14.36,14.00,8,14.63,122,0.37,0.36,1308,0.00,0.98,0,0.5000,16.50,90,0,0.00,0,8.27,8.07,8.24,14.50
10297,9.38,0.78,2,14.36,14.08,8,14.63,122,0.36,0.36,1314,0.00,0.98,0,0.5000,17.00,90,0,0.00,0,8.27,7.84,8.24,14.50
10401,8.59,0.78,2,14.36,14.00,8,14.63,122,0.36,0.36,1322,0.00,0.98,0,0.5000,17.00,90,0,0.00,0,8.27,7.84,8.24,14.50
10505,8.59,0.78,2,14.36,14.00,8,14.63,122,0.36,0.36,1308,0.00,0.98,0,0.5000,17.00,90,0,0.00,0,8.27,7.80,8.24,14.40
10608,8.59,0.78,2,14.36,13.92,8,14.63,122,0.36,0.35,1316,0.00,0.98,0,0.5000,17.00,90,0,0.00,0,8.27,7.72,8.24,14.40
10713,9.38,0.78,2,14.36,14.00,8,14.63,122,0.36,0.36,1326,0.00,0.98,0,0.5000,17.00,90,0,0.00,0,8.27,7.84,8.24,14.50
10817,9.38,0.78,2,14.36,14.08,8,14.63,122,0.36,0.36,1318,0.00,0.98,0,0.5000,17.00,90,0,0.00,0,8.27,7.84,8.24,14.50
10921,9.38,0.78,2,14.36,14.00,8,14.63,124,0.36,0.36,1301,0.00,0.98,0,0.5000,17.00,90,0,0.00,0,8.27,8.00,8.24,14.50
11026,9.38,0.78,2,14.36,14.00,8,14.63,124,0.36,0.36,1316,0.00,0.98,0,0.5000,17.00,90,0,0.00,0,8.27,8.00,8.24,14.60
11129,9.38,0.78,2,14.36,14.08,8,14.63,124,0.36,0.37,1319,0.00,0.98,0,0.5000,17.00,90,0,0.00,0,8.27,8.00,8.24,14.60
11233,9.38,0.78,2,14.36,14.00,8,14.63,124,0.37,0.37,1296,0.00,0.98,0,0.5000,17.00,90,0,0.00,0,8.27,8.00,8.24,14.60
11337,9.38,0.78,2,14.36,14.00,8,14.63,124,0.37,0.36,1304,0.00,0.98,0,0.5000,17.00,90,0,0.00,0,8.27,8.00,8.24,15.10
11442,9.38,0.78,2,14.36,14.08,8,14.63,124,0.36,0.36,1312,0.00,0.98,0,0.5000,17.00,91,0,0.00,0,8.27,7.84,8.24,14.60
11545,9.38,0.78,2,14.36,14.00,8,14.63,124,0.36,0.36,1310,0.00,0.98,0,0.5000,17.00,91,0,0.00,0,8.27,7.88,8.24,14.60
11649,8.59,0.78,2,14.36,14.08,8,14.63,124,0.36,0.35,1301,0.00,0.98,0,0.5000,17.00,91,0,0.00,0,8.27,7.76,8.24,14.60
11753,8.59,0.78,2,14.36,13.84,8,14.63,124,0.36,0.36,1296,0.00,0.98,0,0.5000,17.00,91,0,0.00,0,8.27,7.92,8.24,14.40
11857,8.59,0.78,2,14.36,14.00,8,14.63,124,0.36,0.37,1296,0.00,0.98,0,0.5000,18.00,91,0,0.00,0,8.42,7.84,8.24,14.50
11961,8.59,0.78,2,14.36,14.00,8,14.63,124,0.36,0.36,1303,0.00,0.98,0,0.5000,17.00,91,0,0.00,0,8.42,7.76,8.24,14.60
12065,8.59,0.78,2,14.36,14.08,8,14.64,124,0.36,0.36,1282,0.00,0.98,0,0.5000,17.00,91,0,0.00,0,8.42,7.80,8.24,14.50
12169,8.59,0.78,2,14.36,14.08,8,14.64,124,0.36,0.35,1280,0.00,0.98,0,0.5000,17.00,91,0,0.00,0,8.42,7.48,8.24,14.50
12273,8.59,0.78,2,14.36,14.00,8,14.64,124,0.36,0.37,1283,0.00,0.98,0,0.5000,17.50,91,0,0.00,0,8.42,7.80,8.24,14.60
12379,8.59,0.78,2,14.36,13.92,8,14.63,124,0.37,0.37,1290,0.00,0.98,0,0.5000,17.00,91,0,0.00,0,8.42,7.92,8.24,14.60
12481,9.38,0.78,2,14.36,14.00,8,14.64,124,0.37,0.37,1267,0.00,0.98,0,0.5000,17.00,91,0,0.00,0,8.42,7.72,8.24,14.50
12585,9.38,0.78,2,14.36,14.00,8,14.64,124,0.37,0.37,1276,0.00,0.98,0,0.5000,17.00,91,0,0.00,0,8.42,7.84,8.24,14.50
12690,9.38,0.78,2,14.36,14.00,8,14.64,124,0.36,0.36,1284,0.00,0.98,0,0.5000,17.00,91,0,0.00,0,8.42,7.72,8.24,14.80
12793,9.38,0.78,2,14.36,14.00,8,14.63,124,0.36,0.35,1305,0.00,0.98,0,0.5000,17.00,91,0,0.00,0,8.42,7.64,8.24,14.80
12897,9.38,0.78,2,14.36,14.00,8,14.63,124,0.36,0.36,1302,0.00,0.98,0,0.5000,16.50,91,0,0.00,0,8.42,7.76,8.24,14.70
13001,9.38,0.78,2,14.36,14.08,8,14.63,124,0.36,0.36,1297,0.00,0.98,0,0.5000,16.50,91,0,0.00,0,8.42,7.88,8.24,14.70
13105,9.38,0.78,2,14.36,14.00,8,14.63,124,0.36,0.36,1293,0.00,0.98,0,0.5000,17.00,91,0,0.00,0,8.27,7.88,8.24,14.90
13209,9.38,0.78,2,14.36,14.08,8,14.63,124,0.36,0.36,1311,0.00,0.98,0,0.5000,17.00,91,0,0.00,0,8.27,7.76,8.24,14.80
13313,9.38,0.78,2,14.36,14.00,8,14.63,124,0.36,0.24,1306,0.00,0.98,0,0.5000,16.50,91,0,0.00,0,8.27,7.72,8.24,14.80
13417,10.16,0.78,2,14.36,14.00,8,14.64,124,0.36,0.36,1284,0.00,0.98,0,0.5000,17.00,91,0,0.00,0,8.27,7.76,8.24,14.70
13521,10.16,0.78,2,14.36,14.00,8,14.64,124,0.36,0.36,1280,0.00,0.98,0,0.5000,17.00,91,0,0.00,0,8.42,7.84,8.24,14.70
13625,10.16,0.78,2,14.36,14.00,8,14.63,124,0.37,0.38,1286,0.00,0.98,0,0.5000,17.00,91,0,0.00,0,8.42,8.00,8.24,14.70
13730,9.38,0.78,2,14.36,13.92,8,14.63,124,0.37,0.37,1287,0.00,0.98,0,0.5000,17.00,91,0,0.00,0,8.42,7.84,8.24,14.60
13834,9.38,0.78,2,14.36,14.00,8,14.64,124,0.37,0.37,1283,0.00,0.98,0,0.5000,17.00,91,0,0.00,0,8.42,7.96,8.24,14.70
13937,9.38,0.78,2,14.36,13.92,8,14.64,124,0.37,0.37,1285,0.00,0.98,0,0.5000,17.00,91,0,0.00,0,8.42,8.00,8.24,14.60
14041,9.38,0.78,2,14.36,14.00,8,14.63,124,0.37,0.36,1300,0.00,0.98,0,0.5000,17.00,91,0,0.00,0,8.42,7.84,8.24,14.50
14146,9.38,0.78,2,14.36,13.92,8,14.63,124,0.36,0.37,1314,0.00,0.98,0,0.5000,16.50,91,0,0.00,0,8.27,7.92,8.24,14.50
14249,9.38,0.78,2,14.36,14.08,8,14.63,124,0.36,0.36,1288,0.00,0.98,0,0.5000,17.00,91,0,0.00,0,8.27,7.80,8.24,14.50
14353,9.38,0.78,2,14.36,14.00,8,14.63,124,0.36,0.36,1290,0.00,0.98,0,0.5000,17.00,91,0,0.00,0,8.27,7.72,8.24,14.40
14457,9.38,0.78,2,14.36,13.92,8,14.63,124,0.36,0.36,1298,0.00,0.98,0,0.5000,17.00,91,0,0.00,0,8.27,7.68,8.24,14.50
14561,9.38,0.78,2,14.36,14.08,8,14.64,124,0.36,0.36,1280,0.00,0.98,0,0.5000,17.00,91,0,0.00,0,8.27,7.48,8.24,14.50
14665,9.38,0.78,2,14.36,14.08,8,14.64,124,0.36,0.36,1272,0.00,0.98,0,0.5000,17.00,91,0,0.00,0,8.42,7.64,8.24,14.40
14769,9.38,0.78,2,14.36,13.84,8,14.64,124,0.36,0.36,1260,0.00,0.98,0,0.5000,17.00,91,0,0.00,0,8.42,7.52,8.24,14.60
14875,9.38,0.78,2,14.36,14.00,8,14.64,124,0.36,0.35,1265,0.00,0.98,0,0.5000,17.50,91,0,0.00,0,8.42,7.52,8.24,14.50
14977,9.38,0.78,2,14.36,14.00,8,14.64,124,0.36,0.37,1270,0.00,0.98,0,0.5000,17.00,91,0,0.00,0,8.42,7.72,8.24,14.50
15082,9.38,0.78,2,14.36,14.00,8,14.64,124,0.36,0.37,1275,0.00,0.98,0,0.5000,17.50,91,0,0.00,0,8.42,7.80,8.24,14.60
15186,9.38,0.78,2,14.36,14.08,8,14.64,124,0.37,0.37,1266,0.00,0.98,0,0.5000,17.00,91,0,0.00,0,8.42,7.80,8.24,14.60
15289,9.38,0.78,2,14.36,14.00,8,14.64,124,0.37,0.37,1262,0.00,0.98,0,0.5000,17.00,91,0,0.00,0,8.56,7.64,8.24,14.70
15393,9.38,0.78,2,14.36,14.00,8,14.64,124,0.37,0.24,1251,0.00,0.98,0,0.5000,17.50,91,0,0.00,0,8.56,7.68,8.24,14.80
15497,9.38,0.78,2,14.36,14.00,8,14.64,124,0.37,0.37,1256,0.00,0.98,0,0.5000,17.50,91,0,0.00,0,8.56,7.76,8.24,14.80
15601,10.16,0.78,2,14.36,14.00,8,14.64,124,0.37,0.37,1257,0.00,0.98,0,0.5000,17.00,91,0,0.00,0,8.56,7.76,8.24,14.70
15706,10.16,0.78,2,14.36,13.92,8,14.64,124,0.36,0.36,1268,0.00,0.98,0,0.5000,17.00,91,0,0.00,0,8.56,7.56,8.24,14.70
15809,10.16,0.78,2,14.36,14.08,8,14.64,124,0.36,0.37,1259,0.00,0.98,0,0.5000,17.00,91,0,0.00,0,8.56,7.76,8.24,14.70
15913,10.16,0.78,2,14.36,14.00,8,14.64,126,0.36,0.36,1266,0.00,0.98,0,0.5000,17.00,91,0,0.00,0,8.56,7.56,8.24,14.70
16017,10.16,0.78,2,14.36,14.00,8,14.63,126,0.36,0.37,1287,0.00,0.98,0,0.5000,17.00,91,0,0.00,0,8.56,7.80,8.24,14.70
16122,10.16,0.78,2,14.36,14.00,8,14.64,126,0.36,0.37,1282,0.00,0.98,0,0.5000,17.00,91,0,0.00,0,8.42,7.80,8.24,14.80
16225,10.16,0.78,2,14.36,14.00,8,14.63,126,0.36,0.48,1286,0.00,0.98,0,0.5000,16.50,91,0,0.00,0,8.42,7.60,8.24,14.70
16329,10.16,0.78,2,14.36,14.00,8,14.64,126,0.36,0.36,1284,0.00,0.98,0,0.5000,16.50,91,0,0.00,0,8.42,7.68,8.24,14.70
16433,10.16,0.78,2,14.36,14.00,8,14.64,126,0.36,0.37,1276,0.00,0.98,0,0.5000,17.00,91,0,0.00,0,8.42,7.92,8.24,14.70
16538,10.16,0.78,2,14.36,13.92,8,14.64,126,0.36,0.37,1273,0.00,0.98,0,0.5000,17.00,91,0,0.00,0,8.42,7.76,8.24,14.70
16642,10.16,0.78,2,14.36,14.00,8,14.64,126,0.36,0.36,1274,0.00,0.98,0,0.5000,17.00,91,0,0.00,0,8.42,7.68,8.24,14.70
16745,10.16,0.78,2,14.36,14.00,8,14.64,126,0.37,0.37,1275,0.00,0.98,0,0.5000,17.00,91,0,0.00,0,8.42,7.92,8.24,14.60
16850,10.16,0.78,2,14.36,13.92,8,14.64,126,0.36,0.36,1284,0.00,0.98,0,0.5000,16.50,91,0,0.00,0,8.42,7.76,8.24,14.50
16953,10.16,0.78,2,14.36,14.08,8,14.64,126,0.36,0.36,1281,0.00,0.98,0,0.5000,17.00,91,0,0.00,0,8.42,7.72,8.24,14.50
17058,10.16,0.78,2,14.36,14.08,8,14.64,126,0.36,0.35,1285,0.00,0.98,0,0.5000,17.00,91,0,0.00,0,8.42,7.64,8.24,14.50
17161,10.16,0.78,2,14.36,13.84,8,14.64,126,0.36,0.37,1280,0.00,0.98,0,0.5000,17.00,91,0,0.00,0,8.42,7.80,8.24,14.50
17265,10.16,0.78,2,14.36,14.00,8,14.64,126,0.37,0.37,1275,0.00,0.98,0,0.5000,16.50,91,0,0.00,0,8.42,7.92,8.24,14.50
17369,10.16,0.78,2,14.36,13.92,8,14.63,126,0.36,0.36,1286,0.00,0.98,0,0.5000,16.50,91,0,0.00,0,8.42,7.72,8.24,14.50
17473,10.16,0.78,2,14.36,14.08,8,14.63,126,0.36,0.37,1291,0.00,0.98,0,0.5000,17.00,91,0,0.00,0,8.42,7.84,7.84,14.60
17578,10.16,0.78,2,14.36,14.08,8,14.63,126,0.36,0.35,1294,0.00,0.98,0,0.5000,17.00,91,0,0.00,0,8.27,7.52,8.24,14.50
17682,10.16,0.78,2,14.36,14.00,8,14.64,126,0.35,0.35,1282,0.00,0.98,0,0.5000,16.50,91,0,0.00,0,8.27,7.52,7.84,14.60
17785,9.38,0.78,2,14.36,13.92,8,14.64,126,0.36,0.36,1276,0.00,0.98,0,0.5000,17.00,91,0,0.00,0,8.27,7.68,8.24,14.50
17890,9.38,0.78,2,14.36,13.92,8,14.64,126,0.36,0.36,1279,0.00,0.98,0,0.5000,17.00,91,0,0.00,0,8.27,7.60,8.24,14.50
17994,9.38,0.78,2,14.36,14.00,8,14.64,126,0.35,0.35,1273,0.00,0.98,0,0.5000,17.00,91,0,0.00,0,8.42,7.33,8.24,14.50
18098,9.38,0.78,2,14.36,14.08,8,14.64,126,0.35,0.35,1260,0.00,0.98,0,0.5000,17.00,91,0,0.00,0,8.42,7.37,7.84,14.60
18202,9.38,0.78,2,14.36,14.00,8,14.64,126,0.36,0.35,1254,0.00,0.98,0,0.5000,17.00,91,0,0.00,0,8.42,7.44,7.84,14.60
18306,9.38,0.78,2,14.36,14.08,8,14.64,126,0.36,0.36,1259,0.00,0.98,0,0.5000,17.00,91,0,0.00,0,8.42,7.64,7.84,14.50
18409,10.16,0.78,2,14.36,13.92,8,14.64,126,0.37,0.38,1242,0.00,0.98,0,0.5000,18.00,91,0,0.00,0,8.42,7.92,7.84,14.70
18514,10.16,0.78,2,14.36,14.00,8,14.64,126,0.37,0.38,1252,0.00,0.98,0,0.5000,17.50,91,0,0.00,0,8.56,7.80,7.84,14.70
18618,10.16,0.78,2,14.36,14.08,8,14.64,126,0.37,0.37,1256,0.00,0.98,0,0.5000,17.50,91,0,0.00,0,8.56,7.52,8.24,14.80
18722,10.16,0.78,2,14.36,14.00,8,14.64,126,0.37,0.49,1262,0.00,0.98,0,0.5000,17.00,91,0,0.00,0,8.56,7.60,7.84,14.80
18826,10.16,0.78,2,14.36,14.08,8,14.64,126,0.36,0.36,1264,0.00,0.98,0,0.5000,17.00,91,0,0.00,0,8.56,7.64,7.84,14.70
18930,10.16,0.78,2,14.36,13.92,8,14.64,126,0.36,0.36,1259,0.00,0.98,0,0.5000,16.50,91,0,0.00,0,8.56,7.72,7.84,14.70
19034,10.16,0.78,2,14.36,13.92,8,14.64,126,0.36,0.24,1278,0.00,0.98,0,0.5000,17.00,91,0,0.00,0,8.42,7.68,8.24,14.70
19138,10.16,0.78,2,14.36,14.00,8,14.64,126,0.36,0.37,1280,0.00,0.98,0,0.5000,17.00,91,0,0.00,0,8.42,7.64,7.84,14.70
19242,10.16,0.78,2,14.36,14.00,8,14.64,126,0.36,0.37,1275,0.00,0.98,0,0.5000,16.50,91,0,0.00,0,8.42,7.88,7.84,14.70
19346,10.16,0.78,2,14.36,14.00,8,14.64,126,0.36,0.36,1272,0.00,0.98,0,0.5000,16.50,91,0,0.00,0,8.42,7.60,8.24,14.50
19450,10.16,0.78,2,14.36,14.08,8,14.64,126,0.35,0.35,1274,0.00,0.98,0,0.5000,16.50,91,0,0.00,0,8.42,7.48,7.84,14.60
19554,10.16,0.78,2,14.36,13.92,8,14.64,126,0.36,0.36,1280,0.00,0.98,0,0.5000,17.00,91,0,0.00,0,8.42,7.64,7.84,14.60
19658,10.16,0.78,2,14.36,14.00,8,14.64,126,0.36,0.36,1277,0.00,0.98,0,0.5000,17.00,91,0,0.00,0,8.42,7.68,7.84,14.60
19762,10.16,0.78,2,14.36,14.08,8,14.64,126,0.36,0.36,1273,0.00,0.98,0,0.5000,17.00,91,0,0.00,0,8.42,7.68,7.84,14.60
19866,10.94,0.78,2,14.36,14.08,8,14.64,126,0.36,0.35,1260,0.00,0.98,0,0.5000,17.00,91,0,0.00,0,8.42,7.37,7.84,14.60
19970,10.94,0.78,2,14.36,13.92,8,14.64,126,0.36,0.49,1252,0.00,0.98,0,0.5000,17.00,91,0,0.00,0,8.42,7.64,7.84,14.60
20073,10.16,0.78,2,14.36,14.00,8,14.64,126,0.36,0.37,1258,0.00,0.98,0,0.5000,17.50,91,0,0.00,0,8.42,7.64,7.84,14.70
20178,10.94,0.78,2,14.36,14.00,8,14.64,126,0.36,0.37,1253,0.00,0.98,0,0.5000,17.50,91,0,0.00,0,8.42,7.60,7.84,14.60
20282,10.16,0.78,2,14.36,14.00,8,14.64,126,0.37,0.37,1249,0.00,0.98,0,0.5000,17.50,91,0,0.00,0,8.56,7.68,7.84,14.60
20386,10.16,0.78,2,14.36,14.00,8,14.64,126,0.37,0.37,1245,0.00,0.98,0,0.5000,17.00,91,0,0.00,0,8.56,7.56,7.84,14.60
20490,10.16,0.78,2,14.36,14.00,8,14.64,126,0.37,0.37,1236,0.00,0.98,0,0.5000,17.00,91,0,0.00,0,8.56,7.64,8.24,14.50
20594,10.16,0.78,2,14.36,13.92,8,14.64,126,0.37,0.36,1251,0.00,0.98,0,0.5000,17.00,91,0,0.00,0,8.56,7.52,7.84,14.50
20698,10.16,0.78,2,14.36,14.00,8,14.64,126,0.36,0.36,1264,0.00,0.98,0,0.5000,17.00,91,0,0.00,0,8.56,7.56,7.84,14.50
20802,10.16,0.78,2,14.36,14.00,8,14.64,126,0.36,0.37,1265,0.00,0.98,0,0.5000,17.00,91,0,0.00,0,8.56,7.64,7.84,14.60
20906,10.16,0.78,2,14.36,14.00,8,14.64,127,0.36,0.37,1270,0.00,0.98,0,0.5000,16.50,91,0,0.00,0,8.42,7.76,7.84,14.60
21010,10.16,0.78,2,14.36,13.92,8,14.64,127,0.36,0.36,1262,0.00,0.98,0,0.5000,16.50,91,0,0.00,0,8.42,7.68,7.84,14.60
21114,10.16,0.78,2,14.36,14.00,8,14.64,127,0.36,0.36,1265,0.00,0.98,0,0.5000,16.50,91,0,0.00,0,8.42,7.52,7.84,14.60
21217,10.16,0.78,2,14.36,14.00,8,14.64,127,0.36,0.35,1275,0.00,0.98,0,0.5000,16.50,91,0,0.00,0,8.42,7.52,7.84,14.70
21322,10.16,0.78,2,14.36,14.08,8,14.64,127,0.36,0.35,1283,0.00,0.98,0,0.5000,16.50,91,0,0.00,0,8.27,7.48,7.84,14.60
21426,10.16,0.78,2,14.36,14.00,8,14.63,127,0.36,0.36,1289,0.00,0.98,0,0.5000,16.00,91,0,0.00,0,8.27,7.60,7.84,14.60
21530,10.16,0.78,2,14.36,14.00,8,14.64,127,0.35,0.34,1278,0.00,0.98,0,0.5000,16.50,91,0,0.00,0,8.27,7.29,7.84,14.50
21634,10.16,0.78,2,14.36,14.00,8,14.64,127,0.35,0.35,1261,0.00,0.98,0,0.5000,16.50,91,0,0.00,0,8.27,7.48,7.84,14.60
21738,10.16,0.78,2,14.36,14.00,8,14.64,127,0.35,0.35,1274,0.00,0.98,0,0.5000,17.00,91,0,0.00,0,8.27,7.44,7.84,14.60
21842,10.16,0.78,2,14.36,14.08,8,14.64,127,0.35,0.36,1268,0.00,0.98,0,0.5000,17.00,91,0,0.00,0,8.27,7.48,7.84,14.50
21946,10.16,0.78,2,14.36,13.92,8,14.64,127,0.36,0.36,1264,0.00,0.98,0,0.5000,17.00,91,0,0.00,0,8.42,7.52,7.84,14.60
22050,10.94,0.78,2,14.36,14.08,8,14.64,127,0.36,0.36,1233,0.00,0.98,0,0.5000,17.00,91,0,0.00,0,8.42,7.52,7.84,14.80
22154,10.94,0.78,2,14.36,14.00,8,14.64,127,0.36,0.36,1232,0.00,0.98,0,0.5000,17.50,91,0,0.00,0,8.42,7.44,7.84,14.80
22258,10.94,0.78,2,14.36,13.92,8,14.64,127,0.36,0.37,1229,0.00,0.98,0,0.5000,18.00,91,0,0.00,0,8.42,7.60,7.84,14.70
22362,10.94,0.78,2,14.36,14.00,8,14.64,127,0.37,0.37,1240,0.00,0.98,0,0.5000,18.00,91,0,0.00,0,8.42,7.60,7.84,14.80
22466,10.16,0.78,2,14.36,14.00,8,14.64,127,0.37,0.37,1246,0.00,0.98,0,0.5000,17.00,91,0,0.00,0,8.42,7.64,7.84,14.60
22570,10.16,0.78,2,14.36,13.92,8,14.64,127,0.37,0.37,1252,0.00,0.98,0,0.5000,17.00,91,0,0.00,0,8.42,7.52,7.84,14.50
22674,10.16,0.78,2,14.36,14.00,8,14.64,127,0.36,0.36,1261,0.00,0.98,0,0.5000,16.50,91,0,0.00,0,8.42,7.52,7.84,14.50
22778,10.16,0.78,2,14.36,14.00,8,14.64,127,0.36,0.36,1269,0.00,0.98,0,0.5000,16.50,91,0,0.00,0,8.42,7.64,7.84,14.40
22882,9.38,0.78,2,14.36,14.00,8,14.64,127,0.36,0.35,1270,0.00,0.98,0,0.5000,16.50,91,0,0.00,0,8.27,7.52,7.84,14.50
22986,9.38,0.78,2,14.36,14.00,8,14.64,127,0.36,0.36,1270,0.00,0.98,0,0.5000,17.00,91,0,0.00,0,8.27,7.48,7.84,14.40
23090,9.38,0.78,2,14.36,14.00,8,14.64,127,0.36,0.36,1280,0.00,0.98,0,0.5000,16.50,91,0,0.00,0,8.27,7.60,7.84,14.40
23194,9.38,0.78,2,14.36,14.00,8,14.64,127,0.36,0.37,1279,0.00,0.98,0,0.5000,16.50,91,0,0.00,0,8.27,7.76,7.84,14.40
23298,9.38,0.78,2,14.36,14.00,8,14.64,127,0.36,0.36,1263,0.00,0.98,0,0.5000,17.00,91,0,0.00,0,8.27,7.60,7.84,14.50
23402,9.38,0.78,2,14.36,14.00,8,14.64,127,0.36,0.36,1268,0.00,0.98,0,0.5000,17.00,91,0,0.00,0,8.27,7.68,7.84,14.50
23506,9.38,0.78,2,14.36,14.00,8,14.64,127,0.36,0.35,1276,0.00,0.98,0,0.5000,16.50,91,0,0.00,0,8.27,7.48,7.84,14.50
23610,9.38,0.78,2,14.36,13.92,8,14.64,127,0.35,0.35,1274,0.00,0.98,0,0.5000,17.00,91,0,0.00,0,8.27,7.41,7.84,14.40
23715,9.38,0.78,2,14.36,14.08,8,14.64,127,0.35,0.35,1264,0.00,0.98,0,0.5000,16.50,91,0,0.00,0,8.27,7.44,7.84,14.40
23818,9.38,0.78,2,14.36,13.92,8,14.64,127,0.36,0.35,1251,0.00,0.98,0,0.5000,17.00,91,0,0.00,0,8.27,7.60,7.84,14.40
23922,9.38,0.78,2,14.36,14.00,8,14.64,127,0.36,0.36,1245,0.00,0.98,0,0.5000,17.00,91,0,0.00,0,8.27,7.48,7.84,14.50
24026,9.38,0.78,2,14.36,14.00,8,14.64,127,0.36,0.35,1256,0.00,0.98,0,0.5000,17.00,91,0,0.00,0,8.27,7.33,7.84,14.40
24130,9.38,0.78,2,14.36,14.08,8,14.64,127,0.35,0.36,1256,0.00,0.98,0,0.5000,17.00,91,0,0.00,0,8.27,7.26,7.84,14.60
24234,9.38,0.78,2,14.36,14.08,8,14.64,127,0.35,0.36,1252,0.00,0.98,0,0.5000,17.00,91,0,0.00,0,8.27,7.41,7.84,14.50
24339,9.38,0.78,2,14.36,14.00,8,14.64,127,0.36,0.37,1233,0.00,0.98,0,0.5000,17.50,91,0,0.00,0,8.42,7.48,7.84,14.50
24442,9.38,0.78,2,14.36,14.00,8,14.64,127,0.36,0.36,1232,0.00,0.98,0,0.5000,17.00,91,0,0.00,0,8.42,7.41,7.84,14.50
24546,9.38,0.78,2,14.36,14.00,8,14.64,127,0.36,0.35,1228,0.00,0.98,0,0.5000,17.00,91,0,0.00,0,8.42,7.22,7.84,14.50
24651,9.38,0.78,2,14.36,14.00,8,14.64,127,0.36,0.36,1221,0.00,0.98,0,0.5000,17.50,91,0,0.00,0,8.42,7.48,7.84,14.50
24754,9.38,0.78,2,14.36,14.08,8,14.64,127,0.36,0.37,1234,0.00,0.98,0,0.5000,17.50,91,0,0.00,0,8.42,7.44,7.84,14.60
24858,9.38,0.78,2,14.36,14.00,8,14.64,127,0.36,0.36,1239,0.00,0.98,0,0.5000,17.50,91,0,0.00,0,8.42,7.41,7.84,14.60
24962,9.38,0.78,2,14.36,13.92,8,14.64,127,0.36,0.36,1239,0.00,0.98,0,0.5000,17.00,91,0,0.00,0,8.42,7.44,7.84,14.60
25066,9.38,0.78,2,14.36,13.92,8,14.64,127,0.36,0.35,1234,0.00,0.98,0,0.5000,17.00,91,0,0.00,0,8.42,7.22,7.84,14.60
25170,9.38,0.78,2,14.36,14.00,8,14.64,127,0.36,0.35,1237,0.00,0.98,0,0.5000,17.00,91,0,0.00,0,8.42,7.22,7.84,14.60
25274,9.38,0.78,2,14.36,13.92,8,14.64,127,0.36,0.36,1230,0.00,0.98,0,0.5000,17.00,91,0,0.00,0,8.42,7.37,7.84,14.50
25378,9.38,0.78,2,14.36,14.00,8,14.64,127,0.36,0.36,1224,0.00,0.98,0,0.5000,17.00,91,0,0.00,0,8.42,7.37,7.84,14.50
25483,9.38,0.78,2,14.36,13.76,8,14.64,127,0.36,0.35,1217,0.00,0.98,0,0.5000,17.50,91,0,0.00,0,8.42,7.26,7.84,14.50
25587,9.38,0.78,2,14.36,14.08,8,14.64,127,0.36,0.36,1229,0.00,0.98,0,0.5000,17.00,91,0,0.00,0,8.42,7.29,7.45,14.60
25691,9.38,0.78,2,14.36,14.08,8,14.64,127,0.36,0.36,1229,0.00,0.98,0,0.5000,17.00,91,0,0.00,0,8.42,7.29,7.84,14.60
25794,9.38,0.78,2,14.36,14.00,8,14.64,127,0.35,0.34,1226,0.00,0.98,0,0.5000,17.00,91,0,0.00,0,8.42,7.08,7.84,14.70
25898,9.38,0.78,2,14.36,14.00,8,14.64,129,0.36,0.36,1225,0.00,0.98,0,0.5000,17.00,91,0,0.00,0,8.42,7.37,7.84,14.70
26002,9.38,0.78,2,14.36,13.68,8,14.64,129,0.36,0.36,1217,0.00,0.98,0,0.5000,17.00,91,0,0.00,0,8.56,7.41,7.84,14.70
26106,9.38,0.78,2,14.36,14.00,8,14.64,129,0.36,0.36,1196,0.00,0.98,0,0.5000,17.00,91,0,0.00,0,8.56,7.26,7.84,14.70
26210,10.16,0.78,2,14.36,13.92,8,14.64,129,0.36,0.36,1198,0.00,0.98,0,0.5000,17.00,91,0,0.00,0,8.56,7.29,7.84,14.80
26314,10.16,0.78,2,14.36,14.00,8,14.64,129,0.36,0.37,1189,0.00,0.98,0,0.5000,17.50,91,0,0.00,0,8.56,7.29,7.84,14.80
26418,10.16,0.78,2,14.36,14.08,8,14.64,129,0.37,0.37,1200,0.00,0.98,0,0.5000,17.00,91,0,0.00,0,8.71,7.41,7.84,14.80
26522,10.16,0.78,2,14.36,13.92,8,14.64,129,0.37,0.37,1199,0.00,0.98,0,0.5000,17.00,91,0,0.00,0,8.71,7.44,7.84,14.80
26627,10.16,0.78,2,14.36,14.00,8,14.64,129,0.37,0.37,1224,0.00,0.98,0,0.5000,17.00,91,0,0.00,0,8.71,7.41,7.84,14.70
26731,10.16,0.78,2,14.36,14.00,8,14.64,129,0.36,0.36,1220,0.00,0.98,0,0.5000,17.00,91,0,0.00,0,8.56,7.29,7.84,14.80
26835,10.16,0.78,2,14.36,13.92,8,14.64,129,0.36,0.37,1224,0.00,0.98,0,0.5000,17.00,91,0,0.00,0,8.56,7.37,7.84,14.80
26939,10.94,0.78,2,14.36,13.92,8,14.64,129,0.36,0.37,1222,0.00,0.98,0,0.5000,17.00,91,0,0.00,0,8.56,7.37,7.84,14.90
27042,10.16,0.78,2,14.36,14.00,8,14.64,129,0.35,0.34,1228,0.00,0.98,0,0.5000,16.50,91,0,0.00,0,8.56,7.08,7.84,14.80
27147,10.94,0.78,2,14.36,14.00,8,14.64,129,0.35,0.34,1225,0.00,0.98,0,0.5000,16.50,91,0,0.00,0,8.56,7.15,7.84,14.70
27250,10.94,0.78,2,14.36,14.00,8,14.64,129,0.35,0.35,1230,0.00,0.98,0,0.5000,16.00,91,0,0.00,0,8.56,7.33,7.84,14.70
27355,10.94,0.78,2,14.36,13.92,8,14.64,129,0.36,0.36,1218,0.00,0.98,0,0.5000,17.00,91,0,0.00,0,8.56,7.44,7.84,14.70
27458,10.94,0.78,2,14.36,14.08,8,14.64,129,0.36,0.36,1230,0.00,0.98,0,0.5000,17.00,91,0,0.00,0,8.56,7.44,7.84,14.70
27562,11.72,0.78,2,14.36,14.00,8,14.64,129,0.36,0.37,1234,0.00,0.98,0,0.5000,17.00,91,0,0.00,0,8.56,7.41,7.84,14.80
27667,11.72,0.78,2,14.36,13.92,8,14.64,129,0.37,0.36,1232,0.00,0.98,0,0.5000,17.00,91,0,0.00,0,8.56,7.52,7.84,14.90
27771,11.72,0.78,2,14.36,14.00,8,14.64,129,0.37,0.36,1222,0.00,0.98,0,0.5000,17.00,91,0,0.00,0,8.56,7.37,7.84,14.90
27875,11.72,0.78,2,14.36,13.92,8,14.64,129,0.36,0.36,1230,0.00,0.98,0,0.5000,16.50,91,0,0.00,0,8.56,7.40,7.84,14.80
27978,11.72,0.78,2,14.36,14.00,8,14.64,129,0.36,0.36,1238,0.00,0.98,0,0.5000,16.00,91,0,0.00,0,8.56,7.33,7.84,14.70
28083,10.94,0.78,2,14.36,14.08,8,14.64,129,0.36,0.36,1241,0.00,0.98,0,0.5000,16.50,91,0,0.00,0,8.42,7.41,7.84,14.80
28186,10.94,0.78,2,14.36,13.84,8,14.64,129,0.36,0.35,1267,0.00,0.98,0,0.5000,16.00,91,0,0.00,0,8.42,7.37,7.84,14.50
28291,10.94,0.78,2,14.36,14.08,8,14.64,129,0.35,0.35,1269,0.00,0.98,0,0.5000,16.50,91,0,0.00,0,8.42,7.44,7.84,14.50
28395,10.94,0.78,2,14.36,13.92,8,14.64,129,0.35,0.36,1268,0.00,0.98,0,0.5000,16.00,91,0,0.00,0,8.27,7.44,7.84,14.60
28499,10.94,0.78,2,14.36,14.08,8,14.64,129,0.35,0.34,1240,0.00,0.98,0,0.5000,16.50,91,0,0.00,0,8.27,7.22,7.84,14.50
28603,10.94,0.78,2,14.36,14.08,8,14.64,129,0.36,0.36,1237,0.00,0.98,0,0.5000,17.00,91,0,0.00,0,8.42,7.44,7.84,14.50
28707,10.94,0.78,2,14.36,13.92,8,14.64,129,0.36,0.35,1236,0.00,0.98,0,0.5000,17.00,91,0,0.00,0,8.42,7.37,7.84,14.50
28810,10.94,0.78,2,14.36,14.00,8,14.64,129,0.36,0.36,1241,0.00,0.98,0,0.5000,17.00,91,0,0.00,0,8.42,7.41,7.84,14.50
28915,10.94,0.78,2,14.36,14.00,8,14.64,129,0.35,0.35,1242,0.00,0.98,0,0.5000,17.00,91,0,0.00,0,8.42,7.11,7.84,14.40
29019,10.94,0.78,2,14.36,14.08,8,14.64,129,0.36,0.35,1246,0.00,0.98,0,0.5000,17.00,91,0,0.00,0,8.42,7.26,7.84,14.50
29123,10.94,0.78,2,14.36,14.08,8,14.64,129,0.36,0.35,1230,0.00,0.98,0,0.5000,17.00,91,0,0.00,0,8.42,7.29,7.84,14.50
29226,10.94,0.78,2,14.36,14.00,8,14.64,129,0.36,0.36,1228,0.00,0.98,0,0.5000,17.00,91,0,0.00,0,8.42,7.33,7.84,14.50
29331,10.94,0.78,2,14.36,14.00,8,14.64,129,0.36,0.36,1228,0.00,0.98,0,0.5000,17.00,91,0,0.00,0,8.42,7.37,7.84,14.50
29435,10.94,0.78,2,14.36,14.00,8,14.64,129,0.36,0.35,1223,0.00,0.98,0,0.5000,17.00,91,0,0.00,0,8.42,7.15,7.84,14.50
29538,10.94,0.78,2,14.36,13.92,8,14.64,129,0.36,0.36,1242,0.00,0.98,0,0.5000,17.00,91,0,0.00,0,8.42,7.44,7.45,14.50
29643,10.94,0.78,2,14.36,14.08,8,14.64,129,0.36,0.36,1250,0.00,0.98,0,0.5000,17.00,91,0,0.00,0,8.42,7.33,7.84,14.50
29747,10.16,0.78,2,14.36,14.00,8,14.64,129,0.35,0.35,1243,0.00,0.98,0,0.5000,17.00,91,0,0.00,0,8.42,7.29,7.45,14.50
29851,10.16,0.78,2,14.36,13.84,8,14.64,129,0.36,0.36,1223,0.00,0.98,0,0.5000,17.00,91,0,0.00,0,8.42,7.22,7.84,14.60
29955,10.16,0.78,2,14.36,14.00,8,14.64,129,0.36,0.36,1214,0.00,0.99,0,0.5000,17.00,91,0,0.00,0,8.42,7.33,7.45,14.50
30059,10.16,0.78,2,14.36,13.92,8,14.64,129,0.36,0.36,1214,0.00,0.98,0,0.5000,17.00,91,0,0.00,0,8.42,7.44,7.84,14.50
30163,10.16,0.78,2,14.36,14.00,8,14.64,129,0.36,0.36,1218,0.00,0.98,0,0.5000,17.00,91,0,0.00,0,8.42,7.29,7.45,14.50
30268,10.16,0.78,2,14.36,14.00,8,14.64,129,0.36,0.36,1215,0.00,0.99,0,0.5000,17.00,91,0,0.00,0,8.42,7.37,7.45,14.50
30373,10.16,0.78,2,14.36,14.00,8,14.64,129,0.36,0.36,1234,0.00,0.98,0,0.5000,17.00,91,0,0.00,0,8.42,7.33,7.45,14.50
30478,10.16,0.78,2,14.36,14.00,8,14.64,129,0.35,0.35,1238,0.00,0.99,0,0.5000,17.00,91,0,0.00,0,8.42,7.11,7.45,14.50
30582,10.16,0.78,2,14.36,13.92,8,14.64,129,0.35,0.35,1225,0.00,0.99,0,0.5000,17.00,91,0,0.00,0,8.42,7.19,7.45,14.50
30686,10.16,0.78,2,14.36,14.00,8,14.64,129,0.35,0.34,1209,0.00,0.99,0,0.5000,17.00,91,0,0.00,0,8.42,7.00,7.45,14.50
30789,10.16,0.78,2,14.36,14.00,8,14.64,129,0.35,0.35,1213,0.00,0.99,0,0.5000,17.00,91,0,0.00,0,8.42,7.15,7.45,14.60
30894,10.16,0.78,2,14.36,14.00,8,14.64,129,0.35,0.35,1212,0.00,0.99,0,0.5000,17.00,91,0,0.00,0,8.42,7.22,7.45,14.60
30998,10.16,0.78,2,14.36,14.00,8,14.64,129,0.35,0.35,1203,0.00,0.99,0,0.5000,17.00,91,0,0.00,0,8.56,7.08,7.45,14.60
31102,10.16,0.78,2,14.36,13.92,8,14.64,129,0.36,0.36,1201,0.00,0.99,0,0.5000,17.50,91,0,0.00,0,8.56,7.19,7.45,14.90
31206,10.94,0.78,2,14.36,14.00,8,14.64,131,0.36,0.37,1209,0.00,0.99,0,0.5000,17.50,91,0,0.00,0,8.56,7.41,7.45,14.80
31310,10.94,0.78,2,14.36,14.00,8,14.64,131,0.36,0.37,1218,0.00,0.99,0,0.5000,17.00,91,0,0.00,0,8.56,7.37,7.45,14.80
31414,10.94,0.78,2,14.36,14.00,8,14.64,131,0.36,0.36,1221,0.00,0.99,0,0.5000,17.00,91,0,0.00,0,8.56,7.33,7.45,14.80
31518,10.94,0.78,2,14.36,14.08,8,14.64,131,0.36,0.36,1222,0.00,0.99,0,0.5000,17.00,91,0,0.00,0,8.56,7.22,7.45,14.70
31622,10.94,0.78,2,14.36,13.92,8,14.64,131,0.36,0.36,1225,0.00,0.99,0,0.5000,16.50,91,0,0.00,0,8.42,7.26,7.45,14.70
31725,10.94,0.78,2,14.36,13.84,8,14.64,131,0.36,0.36,1221,0.00,0.99,0,0.5000,16.50,91,0,0.00,0,8.42,7.33,7.45,14.50
31830,10.94,0.78,2,14.36,14.08,8,14.64,131,0.36,0.36,1218,0.00,0.99,0,0.5000,16.50,91,0,0.00,0,8.42,7.48,7.45,14.50
31934,10.94,0.78,2,14.36,14.08,8,14.64,131,0.36,0.36,1214,0.00,0.99,0,0.5000,16.50,91,0,0.00,0,8.42,7.26,7.45,14.50
32038,10.16,0.78,2,14.36,14.08,8,14.64,131,0.36,0.35,1214,0.00,0.99,0,0.5000,17.00,91,0,0.00,0,8.42,7.15,7.45,14.50
32142,10.16,0.78,2,14.36,14.00,8,14.64,131,0.36,0.37,1204,0.00,0.99,0,0.5000,17.00,91,0,0.00,0,8.42,7.33,7.45,14.50
32246,10.16,0.78,2,14.36,13.92,8,14.70,131,0.36,0.37,1197,0.00,0.99,0,0.5000,17.50,91,0,0.00,0,8.42,7.26,7.45,14.50
32350,10.16,0.78,2,14.36,14.00,8,14.64,131,0.36,0.36,1213,0.00,0.99,0,0.5000,17.00,91,0,0.00,0,8.56,7.15,7.45,14.50
32454,10.16,0.78,2,14.36,14.00,8,14.64,131,0.36,0.35,1213,0.00,0.99,0,0.5000,17.00,91,0,0.00,0,8.56,7.08,7.45,14.40
32558,10.16,0.78,2,14.36,14.08,8,14.64,131,0.36,0.36,1229,0.00,0.99,0,0.5000,16.50,91,0,0.00,0,8.42,7.33,7.45,14.50
32662,10.16,0.78,2,14.36,13.92,8,14.64,131,0.36,0.35,1224,0.00,0.99,0,0.5000,16.50,91,0,0.00,0,8.42,7.19,7.45,14.60
32766,10.16,0.78,2,14.36,14.00,8,14.64,131,0.36,0.35,1208,0.00,0.99,0,0.5000,17.00,91,0,0.00,0,8.42,7.19,7.45,14.50
32870,10.16,0.78,2,14.36,14.00,8,14.64,131,0.36,0.35,1218,0.00,0.99,0,0.5000,16.50,91,0,0.00,0,8.42,7.08,7.45,14.50
32974,10.16,0.78,2,14.36,14.08,8,14.64,131,0.36,0.36,1209,0.00,0.99,0,0.5000,17.00,91,0,0.00,0,8.42,7.29,7.45,14.60
33078,10.16,0.78,2,14.36,14.00,8,14.64,131,0.36,0.35,1214,0.00,0.99,0,0.5000,17.00,91,0,0.00,0,8.42,7.08,7.45,14.60
33182,10.16,0.78,2,14.36,14.00,8,14.64,131,0.36,0.36,1224,0.00,0.99,0,0.5000,17.00,91,0,0.00,0,8.42,7.29,7.45,14.60
33286,10.16,0.78,2,14.36,13.92,8,14.64,131,0.36,0.36,1220,0.00,0.99,0,0.5000,17.00,91,0,0.00,0,8.42,7.37,7.45,14.60
33390,10.16,0.78,2,14.36,14.00,8,14.64,131,0.36,0.36,1204,0.00,0.99,0,0.5000,17.00,91,0,0.00,0,8.42,7.19,7.45,14.70
33494,10.16,0.78,2,14.36,14.08,8,14.64,131,0.36,0.36,1208,0.00,0.99,0,0.5000,17.00,91,0,0.00,0,8.56,7.29,7.45,14.60
33598,10.16,0.78,2,14.36,14.08,8,14.64,131,0.36,0.36,1212,0.00,0.99,0,0.5000,17.00,91,0,0.00,0,8.56,7.19,7.45,14.50
33702,10.16,0.78,2,14.36,14.08,8,14.64,131,0.36,0.35,1216,0.00,0.99,0,0.5000,17.00,91,0,0.00,0,8.56,6.93,7.45,14.60
33806,10.16,0.78,2,14.36,13.76,8,14.59,131,0.36,0.35,1177,0.00,0.99,0,0.5000,17.00,91,0,0.00,0,8.56,7.04,7.45,14.60
33910,10.16,0.78,2,14.36,13.92,8,14.64,131,0.36,0.36,1183,0.00,0.99,0,0.5000,17.00,91,0,0.00,0,8.56,7.15,7.45,14.60
34014,10.16,0.78,2,14.36,13.92,8,14.65,131,0.36,0.36,1175,0.00,0.99,0,0.5000,17.50,91,0,0.00,0,8.56,7.11,7.45,14.50
34118,10.16,0.78,2,14.36,14.00,8,14.64,131,0.36,0.35,1190,0.00,0.99,0,0.5000,17.00,91,0,0.00,0,8.56,6.97,7.45,15.00
34222,10.94,0.78,2,14.36,14.08,8,14.64,131,0.36,0.36,1187,0.00,0.99,0,0.5000,17.00,91,0,0.00,0,8.56,7.15,7.45,14.70
34326,10.94,0.78,2,14.36,14.00,8,14.64,131,0.36,0.36,1192,0.00,0.99,0,0.5000,17.00,91,0,0.00,0,8.56,7.22,7.45,14.70
34430,10.94,0.78,2,14.36,14.00,8,14.64,131,0.36,0.35,1193,0.00,0.99,0,0.5000,17.00,91,0,0.00,0,8.56,7.08,7.45,14.80
34534,10.94,0.78,2,14.36,14.00,8,14.64,131,0.36,0.35,1194,0.00,0.99,0,0.5000,17.00,91,0,0.00,0,8.56,7.15,7.45,14.80
34638,10.94,0.78,2,14.36,13.92,8,14.64,131,0.35,0.36,1207,0.00,0.99,0,0.5000,17.00,91,0,0.00,0,8.56,7.15,7.45,14.80
34742,10.94,0.78,2,14.36,14.08,8,14.64,131,0.35,0.36,1215,0.00,0.99,0,0.5000,17.00,91,0,0.00,0,8.56,7.15,7.45,14.80
34846,11.72,0.78,2,14.36,14.00,8,14.64,131,0.35,0.35,1214,0.00,0.99,0,0.5000,17.00,91,0,0.00,0,8.56,7.04,7.45,14.80
34950,11.72,0.78,2,14.36,14.00,8,14.64,131,0.35,0.35,1210,0.00,0.99,0,0.5000,16.50,91,0,0.00,0,8.42,6.97,7.45,14.80
35054,11.72,0.78,2,14.36,14.00,8,14.64,131,0.35,0.35,1214,0.00,0.99,0,0.5000,16.50,91,0,0.00,0,8.42,7.11,7.45,14.70
35159,11.72,0.78,2,14.36,13.92,8,14.64,131,0.35,0.36,1210,0.00,0.99,0,0.5000,16.50,91,0,0.00,0,8.42,7.22,7.45,14.70
35262,11.72,0.78,2,14.36,14.08,8,14.64,131,0.36,0.35,1208,0.00,0.99,0,0.5000,16.50,91,0,0.00,0,8.42,7.22,7.45,14.70
35366,11.72,0.78,2,14.36,14.08,8,14.64,131,0.35,0.35,1202,0.00,0.99,0,0.5000,16.50,91,0,0.00,0,8.42,7.08,7.45,14.80
35470,11.72,0.78,2,14.36,14.00,8,14.64,131,0.36,0.36,1193,0.00,0.99,0,0.5000,17.00,91,0,0.00,0,8.42,7.22,7.45,14.70
35574,11.72,0.78,2,14.36,14.00,8,14.64,131,0.35,0.35,1205,0.00,0.99,0,0.5000,17.00,91,0,0.00,0,8.42,7.00,7.45,14.70
35678,11.72,0.78,2,14.36,13.92,8,14.64,131,0.35,0.35,1210,0.00,0.99,0,0.5000,17.00,91,0,0.00,0,8.42,7.11,7.45,14.70
35782,11.72,0.78,2,14.36,14.00,8,14.64,131,0.35,0.36,1206,0.00,0.99,0,0.5000,17.00,91,0,0.00,0,8.42,7.19,7.45,14.80
35886,11.72,0.78,2,14.36,14.08,8,14.64,131,0.36,0.36,1199,0.00,0.99,0,0.5000,17.00,91,0,0.00,0,8.56,7.19,7.45,14.50
35990,11.72,0.78,2,14.36,13.92,8,14.64,131,0.35,0.35,1201,0.00,0.99,0,0.5000,17.00,91,0,0.00,0,8.56,6.86,7.45,14.60
36094,11.72,0.78,2,14.36,14.08,8,14.64,131,0.35,0.35,1207,0.00,0.99,0,0.5000,17.00,91,0,0.00,0,8.56,6.90,7.45,14.70
36199,11.72,0.78,2,14.36,13.92,8,14.64,131,0.35,0.35,1216,0.00,0.99,0,0.5000,16.50,91,0,0.00,0,8.56,6.93,7.45,14.70
36302,11.72,0.78,2,14.36,13.92,8,14.64,131,0.35,0.34,1200,0.00,0.99,0,0.5000,16.50,91,0,0.00,0,8.56,6.90,7.45,14.60
36406,11.72,0.78,2,14.36,14.08,8,14.64,131,0.35,0.36,1196,0.00,0.99,0,0.5000,17.00,91,0,0.00,0,8.56,7.15,7.45,14.70
36511,11.72,0.78,2,14.36,13.92,8,14.64,131,0.35,0.35,1193,0.00,0.99,0,0.5000,17.00,91,0,0.00,0,8.56,7.00,7.45,14.80
36615,12.50,0.78,2,14.36,14.00,8,14.64,131,0.35,0.34,1197,0.00,0.99,0,0.5000,16.50,91,0,0.00,0,8.56,6.97,7.45,14.80
36719,12.50,0.78,2,14.36,14.00,8,14.64,131,0.35,0.36,1193,0.00,0.99,0,0.5000,17.00,91,0,0.00,0,8.56,7.22,7.45,14.80
36822,12.50,0.78,2,14.36,14.00,8,14.64,131,0.35,0.35,1194,0.00,0.99,0,0.5000,17.00,91,0,0.00,0,8.56,6.93,7.45,14.80
36926,12.50,0.78,2,14.36,14.00,8,14.64,131,0.35,0.36,1208,0.00,0.99,0,0.5000,17.00,91,0,0.00,0,8.56,7.11,7.45,14.80
37030,12.50,0.78,2,14.36,14.00,8,14.64,131,0.35,0.35,1208,0.00,0.99,0,0.5000,17.00,91,0,0.00,0,8.56,7.04,7.45,14.70
37134,12.50,0.78,2,14.36,13.84,8,14.64,133,0.35,0.35,1212,0.00,0.99,0,0.5000,17.00,91,0,0.00,0,8.42,7.00,7.45,14.70
37239,12.50,0.78,2,14.36,14.00,8,14.64,133,0.35,0.36,1208,0.00,0.99,0,0.5000,17.00,91,0,0.00,0,8.42,7.19,7.45,14.80
37342,12.50,0.78,2,14.36,13.92,8,14.64,133,0.35,0.34,1224,0.00,0.99,0,0.5000,16.50,91,0,0.00,0,8.42,6.86,7.45,14.70
37446,12.50,0.78,2,14.36,14.08,8,14.64,133,0.35,0.35,1221,0.00,0.99,0,0.5000,16.50,91,0,0.00,0,8.42,7.08,7.45,14.50
37551,12.50,0.78,2,14.36,13.92,8,14.64,133,0.35,0.35,1194,0.00,0.99,0,0.5000,17.00,91,0,0.00,0,8.42,7.15,7.45,14.60
37655,12.50,0.78,2,14.36,13.92,8,14.64,133,0.35,0.36,1189,0.00,0.99,0,0.5000,17.00,91,0,0.00,0,8.42,7.19,7.45,14.60
37758,12.50,0.78,2,14.36,14.00,8,14.64,133,0.35,0.34,1202,0.00,0.99,0,0.5000,16.50,91,0,0.00,0,8.42,6.90,7.45,14.60
37862,12.50,0.78,2,14.36,14.00,8,14.64,133,0.35,0.35,1202,0.00,0.99,0,0.5000,17.00,91,0,0.00,0,8.42,7.04,7.45,14.60
37967,12.50,0.78,2,14.36,14.00,8,14.64,133,0.35,0.35,1197,0.00,0.99,0,0.5000,17.00,91,0,0.00,0,8.42,7.04,7.45,14.60
38071,12.50,0.78,2,14.36,13.92,8,14.64,133,0.35,0.35,1222,0.00,0.99,0,0.5000,17.00,91,0,0.00,0,8.42,7.04,7.45,14.50
38174,11.72,0.78,2,14.36,14.00,8,14.64,133,0.35,0.35,1219,0.00,0.99,0,0.5000,17.00,91,0,0.00,0,8.42,7.04,7.45,14.50
38278,12.50,0.78,2,14.36,14.00,8,14.64,133,0.35,0.35,1226,0.00,0.99,0,0.5000,17.00,91,0,0.00,0,8.42,7.08,7.45,14.50
38382,12.50,0.78,2,14.36,13.92,8,14.64,133,0.35,0.35,1216,0.00,0.99,0,0.5000,16.50,91,0,0.00,0,8.42,7.08,7.45,14.50
38487,12.50,0.78,2,14.36,14.00,8,14.64,133,0.35,0.36,1209,0.00,0.99,0,0.5000,17.00,91,0,0.00,0,8.42,7.11,7.45,14.60
38591,12.50,0.78,2,14.36,13.92,8,14.59,133,0.35,0.34,1192,0.00,0.99,0,0.5000,17.00,91,0,0.00,0,8.42,6.93,7.45,14.60
38695,11.72,0.78,2,14.36,14.00,8,14.59,133,0.35,0.35,1190,0.00,0.99,0,0.5000,17.00,91,0,0.00,0,8.42,7.08,7.45,14.70
38800,11.72,0.78,2,14.36,14.00,8,14.59,133,0.35,0.35,1183,0.00,0.99,0,0.5000,17.00,91,0,0.00,0,8.42,7.08,7.45,14.60
38903,11.72,0.78,2,14.36,13.92,8,14.64,133,0.36,0.36,1184,0.00,0.99,0,0.5000,17.00,91,0,0.00,0,8.56,7.04,7.45,14.60
39008,11.72,0.78,2,14.36,14.00,8,14.65,133,0.35,0.35,1181,0.00,0.99,0,0.5000,17.00,91,0,0.00,0,8.56,6.90,7.45,14.50
39112,11.72,0.78,2,14.36,14.08,8,14.65,133,0.35,0.35,1182,0.00,0.99,0,0.5000,17.00,91,0,0.00,0,8.56,6.86,7.45,14.60
39216,11.72,0.78,2,14.36,14.00,8,14.65,133,0.35,0.35,1179,0.00,0.99,0,0.5000,17.00,91,0,0.00,0,8.56,6.93,7.45,14.60
39319,11.72,0.78,2,14.36,14.00,8,14.65,133,0.35,0.35,1182,0.00,0.99,0,0.5000,17.00,91,0,0.00,0,8.56,7.00,7.45,14.60
39424,11.72,0.78,2,14.36,14.00,8,14.70,133,0.35,0.35,1196,0.00,0.99,0,0.5000,17.00,91,0,0.00,0,8.56,7.00,7.45,14.50
39528,12.50,0.78,2,14.36,13.92,8,14.64,133,0.35,0.35,1193,0.00,0.99,0,0.5000,17.00,91,0,0.00,0,8.56,6.82,7.45,15.00
39632,12.50,0.78,2,14.36,14.08,8,14.65,133,0.35,0.35,1180,0.00,0.99,0,0.5000,17.00,91,0,0.00,0,8.56,6.86,7.45,14.80
39736,12.50,0.78,2,14.36,14.00,8,14.65,133,0.35,0.36,1183,0.00,0.99,0,0.5000,17.50,91,0,0.00,0,8.56,6.90,7.45,14.80
39840,12.50,0.78,2,14.36,14.00,8,14.64,133,0.35,0.35,1194,0.00,0.99,0,0.5000,17.00,91,0,0.00,0,8.56,7.00,7.45,14.80
39944,12.50,0.78,2,14.36,13.92,8,14.64,133,0.35,0.35,1201,0.00,0.99,0,0.5000,17.00,91,0,0.00,0,8.56,6.97,7.45,14.80
40047,12.50,0.78,2,14.36,14.00,8,14.64,133,0.35,0.34,1212,0.00,0.99,0,0.5000,16.50,91,0,0.00,0,8.56,6.86,7.45,14.70
40151,12.50,0.78,2,14.36,13.92,8,14.64,133,0.35,0.35,1204,0.00,0.99,0,0.5000,16.50,91,0,0.00,0,8.42,7.04,7.45,14.70
40256,12.50,0.78,2,14.36,14.08,8,14.64,133,0.35,0.35,1200,0.00,0.99,0,0.5000,16.50,91,0,0.00,0,8.42,7.15,7.45,14.70
40360,12.50,0.78,2,14.36,14.00,8,14.64,133,0.35,0.35,1188,0.00,0.99,0,0.5000,17.00,91,0,0.00,0,8.42,7.04,7.45,14.70
40464,12.50,0.78,2,14.36,14.00,8,14.64,133,0.35,0.35,1194,0.00,0.99,0,0.5000,17.00,91,0,0.00,0,8.42,6.93,7.45,14.70
40568,12.50,0.78,2,14.36,14.00,8,14.64,133,0.35,0.35,1195,0.00,0.99,0,0.5000,16.50,91,0,0.00,0,8.42,7.19,7.45,14.70
40672,12.50,0.78,2,14.36,13.76,8,14.64,133,0.35,0.36,1198,0.00,0.99,0,0.5000,17.00,91,0,0.00,0,8.42,7.15,7.45,14.60
40776,12.50,0.78,2,14.36,13.84,8,14.64,133,0.35,0.35,1207,0.00,0.99,0,0.5000,16.50,91,0,0.00,0,8.42,7.15,7.45,14.60
40880,12.50,0.78,2,14.36,13.92,8,14.70,133,0.35,0.36,1204,0.00,0.99,0,0.5000,17.00,91,0,0.00,0,8.42,7.11,7.45,14.50
40983,12.50,0.78,2,14.36,14.00,8,14.64,133,0.35,0.35,1214,0.00,0.99,0,0.5000,17.00,91,0,0.00,0,8.42,7.08,7.45,14.50
41087,11.72,0.78,2,14.36,13.92,8,14.64,133,0.35,0.35,1219,0.00,0.99,0,0.5000,16.50,91,0,0.00,0,8.42,7.08,7.45,14.50
41192,11.72,0.78,2,14.36,14.00,8,14.64,133,0.35,0.35,1216,0.00,0.99,0,0.5000,17.00,91,0,0.00,0,8.27,7.00,7.45,14.40
41296,11.72,0.78,2,14.36,14.08,8,14.64,133,0.35,0.34,1221,0.00,0.99,0,0.5000,16.50,91,0,0.00,0,8.27,6.79,7.45,14.40
41400,11.72,0.78,2,14.36,14.00,8,14.64,133,0.35,0.34,1214,0.00,0.99,0,0.5000,16.50,91,0,0.00,0,8.27,7.00,7.45,14.40
41504,11.72,0.78,2,14.36,14.00,8,14.64,133,0.34,0.34,1218,0.00,0.99,0,0.5000,16.00,91,0,0.00,0,8.27,6.89,7.45,14.40
41608,11.72,0.78,2,14.36,14.00,8,14.64,133,0.34,0.34,1210,0.00,0.99,0,0.5000,16.50,91,0,0.00,0,8.27,6.86,7.45,14.40
41712,11.72,0.78,2,14.36,13.84,8,14.64,133,0.34,0.34,1205,0.00,0.99,0,0.5000,17.00,91,0,0.00,0,8.27,6.89,7.45,14.50
41816,11.72,0.78,2,14.36,14.00,8,14.64,133,0.35,0.34,1203,0.00,0.99,0,0.5000,17.00,91,0,0.00,0,8.27,6.97,7.45,14.50
41920,10.94,0.78,2,14.36,13.92,8,14.64,133,0.35,0.35,1197,0.00,0.99,0,0.5000,17.00,91,0,0.00,0,8.27,6.93,7.06,14.60
42024,10.94,0.78,2,14.36,14.00,8,14.70,133,0.34,0.34,1198,0.00,0.99,0,0.5000,17.00,91,0,0.00,0,8.27,6.68,7.45,14.50
42128,10.94,0.78,2,14.36,14.00,8,14.65,133,0.35,0.35,1181,0.00,0.99,0,0.5000,18.00,91,0,0.00,0,8.42,6.86,7.45,14.50
42231,10.94,0.78,2,14.36,13.84,8,14.65,133,0.35,0.34,1173,0.00,0.99,0,0.5000,18.00,91,0,0.00,0,8.42,6.79,7.45,14.50
42336,10.94,0.78,2,14.36,14.08,8,14.65,133,0.35,0.35,1172,0.00,0.99,0,0.5000,17.50,91,0,0.00,0,8.42,6.86,7.06,14.50
42440,10.94,0.78,2,14.36,14.00,8,14.65,133,0.35,0.36,1169,0.00,0.99,0,0.5000,18.00,91,0,0.00,0,8.42,6.89,7.06,14.50
42544,10.94,0.78,2,14.36,14.00,8,14.65,133,0.35,0.36,1158,0.00,0.99,0,0.5000,18.50,91,0,0.00,0,8.42,6.86,7.06,14.50
42648,10.94,0.78,2,14.36,13.92,8,14.65,133,0.35,0.35,1160,0.00,0.99,0,0.5000,18.00,91,0,0.00,0,8.56,6.86,7.06,14.50
42752,10.94,0.78,2,14.36,14.00,8,14.65,133,0.36,0.36,1156,0.00,0.99,0,0.5000,17.50,91,0,0.00,0,8.56,6.86,7.06,14.60
42856,10.94,0.78,2,14.36,14.00,8,14.65,135,0.36,0.37,1156,0.00,0.99,0,0.5000,18.00,91,0,0.00,0,8.56,7.00,7.45,14.70
42960,10.94,0.78,2,14.36,14.00,8,14.65,135,0.36,0.37,1151,0.00,0.99,0,0.5000,18.00,91,0,0.00,0,8.56,7.00,7.06,14.70
43064,10.94,0.78,2,14.36,14.00,8,14.65,135,0.36,0.37,1155,0.00,0.99,0,0.5000,18.00,91,0,0.00,0,8.56,6.97,7.45,14.60
43168,10.94,0.78,2,14.36,14.00,8,14.65,135,0.36,0.36,1160,0.00,0.99,0,0.5000,17.00,91,0,0.00,0,8.56,6.93,7.06,14.50
43272,10.94,0.78,2,14.36,14.00,8,14.65,135,0.36,0.36,1154,0.00,0.99,0,0.5000,17.00,91,0,0.00,0,8.56,6.89,7.45,14.50
43376,10.94,0.78,2,14.36,13.92,8,14.65,135,0.36,0.35,1159,0.00,0.99,0,0.5000,17.00,91,0,0.00,0,8.56,6.86,7.45,14.50
43480,10.16,0.78,2,14.36,14.08,8,14.65,135,0.35,0.35,1165,0.00,0.99,0,0.5000,17.00,91,0,0.00,0,8.56,6.75,7.45,14.50
43584,10.16,0.78,2,14.36,14.00,8,14.65,135,0.35,0.35,1154,0.00,0.99,0,0.5000,17.00,91,0,0.00,0,8.56,6.79,7.45,14.50
43688,10.16,0.78,2,14.36,14.00,8,14.65,135,0.35,0.36,1154,0.00,0.99,0,0.5000,17.50,91,0,0.00,0,8.56,6.79,7.45,14.40
43792,10.16,0.78,2,14.36,14.00,8,14.65,135,0.36,0.36,1156,0.00,0.99,0,0.5000,17.00,91,0,0.00,0,8.56,6.86,7.45,14.50
43896,10.16,0.78,2,14.36,13.92,8,14.66,135,0.36,0.36,1132,0.00,0.99,0,0.5000,18.00,91,0,0.00,0,8.71,6.86,7.45,14.50
44000,10.16,0.78,2,14.36,14.00,8,14.65,135,0.36,0.37,1141,0.00,0.99,0,0.5000,17.50,91,0,0.00,0,8.71,6.89,7.45,14.60
44104,10.94,0.78,2,14.36,14.00,8,14.65,135,0.36,0.36,1148,0.00,0.99,0,0.5000,17.00,91,0,0.00,0,8.71,7.00,7.45,14.50
44208,10.94,0.78,2,14.36,14.00,8,14.65,135,0.36,0.36,1154,0.00,0.99,0,0.5000,17.00,91,0,0.00,0,8.71,6.93,7.45,14.80
44312,10.94,0.78,2,14.36,13.92,8,14.65,135,0.36,0.36,1156,0.00,0.99,0,0.5000,17.00,91,0,0.00,0,8.71,6.97,7.45,14.80
44417,10.94,0.78,2,14.36,13.92,8,14.65,135,0.36,0.36,1159,0.00,0.99,0,0.5000,17.00,91,0,0.00,0,8.71,6.97,7.45,14.80
44520,10.94,0.78,2,14.36,14.00,8,14.65,135,0.36,0.36,1166,0.00,0.99,0,0.5000,17.00,91,0,0.00,0,8.71,7.08,7.45,14.70
44625,10.94,0.78,2,14.36,14.00,8,14.65,135,0.36,0.36,1164,0.00,0.99,0,0.5000,16.50,91,0,0.00,0,8.71,7.00,7.45,14.70
44728,10.94,0.78,2,14.36,14.00,8,14.65,135,0.36,0.37,1168,0.00,0.99,0,0.5000,17.00,91,0,0.00,0,8.71,7.08,7.45,14.50
44832,10.94,0.78,2,14.36,14.00,8,14.65,135,0.36,0.37,1158,0.00,0.99,0,0.5000,17.00,91,0,0.00,0,8.71,7.08,7.45,14.70
44936,10.94,0.78,2,14.36,13.92,8,14.65,135,0.36,0.36,1155,0.00,0.99,0,0.5000,17.00,91,0,0.00,0,8.71,7.00,6.67,14.80
45040,10.16,0.78,2,14.36,14.00,8,14.64,135,0.34,0.32,1230,0.00,0.99,0,0.5000,14.00,91,0,0.00,0,8.27,6.42,6.67,14.60
45144,10.16,0.78,2,14.36,14.08,8,14.64,135,0.32,0.29,1259,0.00,0.99,0,0.5000,12.00,91,0,0.00,0,7.84,6.08,6.67,14.60
45248,10.16,0.78,2,14.36,14.08,8,14.64,135,0.31,0.30,1274,0.00,1.00,0,0.5000,12.00,91,0,0.00,0,7.55,6.28,6.67,14.50
45352,9.38,0.78,2,14.36,13.68,8,14.64,135,0.30,0.28,1273,0.00,1.00,0,0.5000,12.00,91,0,0.00,0,7.40,5.95,6.67,14.40
45456,8.59,0.78,2,14.36,14.00,8,14.64,135,0.30,0.30,1271,0.00,1.00,0,0.5000,13.50,91,0,0.00,0,7.25,6.25,6.67,14.20
45560,8.59,0.78,2,14.36,14.00,8,14.64,135,0.30,0.30,1274,0.00,1.00,0,0.5000,14.00,91,0,0.00,0,7.25,6.39,6.67,14.20
45664,7.81,0.78,2,14.36,14.08,8,14.64,135,0.30,0.29,1270,0.00,1.00,0,0.5000,13.00,91,0,0.00,0,7.25,6.25,6.67,14.00
45768,7.81,0.78,2,14.36,14.08,8,14.64,135,0.30,0.31,1268,0.00,1.00,0,0.5000,14.00,91,0,0.00,0,7.11,6.46,6.67,14.10
45872,7.03,0.78,2,14.36,14.00,8,14.64,135,0.30,0.30,1271,0.00,1.00,0,0.5000,15.00,91,0,0.00,0,7.11,6.42,6.67,14.10
45976,7.03,0.78,2,14.36,14.08,8,14.64,135,0.30,0.30,1281,0.00,0.99,0,0.5000,15.00,91,0,0.00,0,7.11,6.50,6.67,14.10
46080,6.25,0.78,2,14.36,13.92,8,14.63,135,0.30,0.30,1286,0.00,0.99,0,0.5000,15.00,91,0,0.00,0,6.96,6.35,6.67,14.20
46184,6.25,0.78,2,14.36,14.00,8,14.64,135,0.29,0.29,1271,0.00,1.00,0,0.5000,16.00,91,0,0.00,0,6.96,6.14,6.67,14.20
46288,5.47,0.78,2,14.36,14.00,8,14.64,135,0.29,0.29,1271,0.00,1.00,0,0.5000,16.00,91,0,0.00,0,6.96,6.05,6.67,14.20
46392,4.69,0.78,2,14.36,14.08,8,14.64,135,0.29,0.29,1278,0.00,1.00,0,0.5000,16.50,91,0,0.00,0,6.96,6.08,6.67,14.10
46497,4.69,0.78,2,14.36,14.08,8,14.64,135,0.29,0.29,1276,0.00,1.00,0,0.5000,17.00,91,0,0.00,0,6.82,6.02,6.67,14.10
46600,3.91,0.78,2,14.36,14.00,8,14.64,135,0.29,0.28,1270,0.00,1.00,0,0.5000,16.50,91,0,0.00,0,6.82,5.89,6.27,14.10
46704,3.91,0.78,2,14.36,14.08,8,14.64,135,0.28,0.28,1235,0.00,1.00,0,0.5000,17.00,91,0,0.00,0,6.82,5.82,6.27,14.10
46809,3.12,0.78,2,14.36,14.08,8,14.64,135,0.28,0.28,1232,0.00,1.00,0,0.5000,17.00,91,0,0.00,0,6.82,5.76,6.27,14.10
46912,3.12,0.78,2,14.36,14.08,8,14.64,135,0.28,0.29,1224,0.00,0.99,0,0.5000,18.00,91,0,0.00,0,6.96,5.98,6.27,14.20
47016,3.12,0.78,2,14.36,14.08,8,14.64,135,0.29,0.29,1217,0.00,0.99,0,0.5000,18.00,91,0,0.00,0,6.96,5.89,6.27,14.20
47121,3.12,0.78,2,14.36,14.00,8,14.64,135,0.29,0.29,1211,0.00,0.99,0,0.5000,19.50,91,0,0.00,0,6.96,5.79,6.27,14.20
47224,3.12,0.78,2,14.36,14.00,8,14.64,135,0.29,0.29,1220,0.00,0.99,0,0.5000,18.00,91,0,0.00,0,6.96,5.69,6.27,14.30
47329,2.34,0.78,2,14.36,14.00,8,14.64,135,0.29,0.29,1200,0.00,0.99,0,0.5000,19.50,91,0,0.00,0,6.96,5.82,6.27,14.30
47432,2.34,0.78,2,14.36,14.08,8,14.64,135,0.29,0.30,1201,0.00,0.99,0,0.5000,18.00,91,0,0.00,0,6.96,5.92,6.27,14.30
47537,2.34,0.78,2,14.36,14.00,8,14.64,135,0.29,0.30,1188,0.00,0.99,0,0.5000,19.00,91,0,0.00,0,6.96,5.82,6.27,14.40
47640,2.34,0.78,2,14.36,14.00,8,14.64,135,0.29,0.30,1186,0.00,0.99,0,0.5000,18.50,91,0,0.00,0,6.96,5.79,6.27,14.40
47744,2.34,0.78,2,14.36,14.00,8,14.64,135,0.29,0.28,1188,0.00,0.99,0,0.5000,18.00,91,0,0.00,0,7.11,5.60,5.88,14.40
47848,2.34,0.78,1,14.36,13.92,8,14.65,135,0.29,0.28,1165,0.00,0.99,0,0.5000,18.00,91,0,0.00,0,7.11,5.47,5.88,14.40
47952,1.56,0.78,1,14.36,14.00,8,14.65,135,0.29,0.29,1156,0.00,0.99,0,0.5000,18.50,91,0,0.00,0,7.11,5.57,5.88,14.50
48057,1.56,0.78,2,14.36,14.08,8,14.65,135,0.29,0.29,1148,0.00,0.99,0,0.5000,19.00,91,0,0.00,0,7.11,5.63,5.88,14.50
48161,1.56,0.78,2,14.36,13.92,8,14.66,135,0.29,0.30,1134,0.00,0.99,0,0.5000,20.50,91,0,0.00,0,7.11,5.66,5.88,14.40
48265,2.34,0.78,2,14.36,14.00,8,14.65,135,0.29,0.29,1143,0.00,0.99,0,0.5000,19.00,91,0,0.00,0,7.11,5.63,5.88,14.50
48369,2.34,0.78,2,14.36,13.92,8,14.66,135,0.29,0.30,1134,0.00,0.99,0,0.5000,19.50,91,0,0.00,0,7.25,5.69,5.88,14.40
48473,2.34,0.78,1,14.36,14.00,8,14.65,135,0.29,0.29,1145,0.00,0.99,0,0.5000,18.50,91,0,0.00,0,7.25,5.57,5.88,14.50
48577,2.34,0.78,1,14.36,14.08,8,14.65,135,0.29,0.29,1155,0.00,0.99,0,0.5000,17.00,91,0,0.00,0,7.25,5.50,5.88,14.70
48681,2.34,0.78,1,14.36,14.08,8,14.66,135,0.29,0.29,1132,0.00,0.99,0,0.5000,19.00,91,0,0.00,0,7.25,5.47,5.88,14.80
48785,2.34,0.78,1,14.36,14.08,8,14.66,135,0.29,0.29,1132,0.00,0.99,0,0.5000,18.50,91,0,0.00,0,7.25,5.53,5.88,14.70
48889,3.12,0.78,1,14.36,14.00,8,14.66,135,0.29,0.29,1126,0.00,0.99,0,0.5000,18.50,91,0,0.00,0,7.25,5.31,5.88,14.70
48992,3.12,0.78,1,14.36,14.00,8,14.66,136,0.29,0.29,1122,0.00,0.99,0,0.5000,19.00,91,0,0.00,0,7.40,5.44,5.88,14.70
49096,3.12,0.78,1,14.36,14.08,8,14.66,136,0.29,0.30,1120,0.00,0.99,0,0.5000,18.50,91,0,0.00,0,7.40,5.57,5.88,14.80
49200,3.91,0.78,1,14.36,14.08,8,14.66,136,0.29,0.29,1125,0.00,0.99,0,0.5000,18.50,91,0,0.00,0,7.40,5.37,6.27,14.90
49304,3.91,0.78,1,14.36,13.76,8,14.66,136,0.29,0.29,1114,0.00,0.99,0,0.5000,19.00,91,0,0.00,0,7.40,5.44,5.88,15.10
49408,4.69,0.78,1,14.36,14.00,8,14.66,136,0.29,0.30,1121,0.00,0.99,0,0.5000,17.50,91,0,0.00,0,7.40,5.53,5.88,15.20
49513,4.69,0.78,1,14.36,14.00,8,14.66,136,0.30,0.30,1110,0.00,0.99,0,0.5000,18.00,91,0,0.00,0,7.40,5.57,6.27,15.20
49617,5.47,0.78,1,14.36,14.08,8,14.66,136,0.30,0.30,1104,0.00,0.99,0,0.5000,18.00,91,0,0.00,0,7.40,5.57,6.27,15.30
49720,5.47,0.78,1,14.36,14.00,8,14.66,136,0.29,0.29,1102,0.00,0.99,0,0.5000,17.50,91,0,0.00,0,7.55,5.34,6.27,15.10
49824,5.47,0.78,1,14.36,14.08,8,14.66,136,0.29,0.29,1106,0.00,0.99,0,0.5000,17.00,91,0,0.00,0,7.55,5.40,6.27,15.10
49928,6.25,0.78,1,14.36,14.00,8,14.66,136,0.29,0.29,1111,0.00,0.99,0,0.5000,17.00,91,0,0.00,0,7.55,5.44,6.27,15.20
50032,6.25,0.78,1,14.36,13.92,8,14.66,136,0.30,0.30,1116,0.00,0.99,0,0.5000,17.00,91,0,0.00,0,7.55,5.57,6.27,15.10
50137,7.03,0.78,2,14.36,14.00,8,14.66,136,0.30,0.30,1122,0.00,0.99,0,0.5000,17.00,91,0,0.00,0,7.69,5.63,6.27,15.20
50241,7.81,0.78,2,14.36,14.08,8,14.66,136,0.30,0.30,1124,0.00,0.99,0,0.5000,17.00,91,0,0.00,0,7.69,5.66,6.27,15.40
50345,8.59,0.78,1,14.36,13.84,8,14.66,136,0.30,0.29,1134,0.00,0.99,0,0.5000,16.50,91,0,0.00,0,7.69,5.50,6.27,15.20
50449,8.59,0.78,1,14.36,14.08,8,14.66,136,0.30,0.30,1130,0.00,0.99,0,0.5000,17.00,91,0,0.00,0,7.69,5.47,6.27,15.40
50552,9.38,0.78,2,14.36,14.00,8,14.66,136,0.30,0.30,1123,0.00,0.99,0,0.5000,17.00,91,0,0.00,0,7.69,5.53,6.27,15.50
50657,9.38,0.78,1,14.36,14.00,8,14.66,136,0.30,0.29,1124,0.00,0.99,0,0.5000,17.00,91,0,0.00,0,7.69,5.44,6.27,15.20
50761,9.38,0.78,1,14.36,14.08,8,14.66,136,0.30,0.29,1137,0.00,0.99,0,0.5000,17.00,91,0,0.00,0,7.69,5.60,6.27,15.30
50865,10.16,0.78,1,14.36,13.52,8,14.65,136,0.30,0.30,1146,0.00,0.99,0,0.5000,17.00,91,0,0.00,1,7.69,5.73,6.27,15.30
50968,10.16,0.78,2,14.36,14.08,8,14.66,136,0.30,0.30,1132,0.00,0.99,0,0.5000,17.00,91,0,0.00,1,7.69,5.69,7.45,15.20
51072,10.94,0.78,2,14.36,13.92,8,14.66,136,0.32,0.35,1108,0.00,0.87,0,0.5000,17.50,91,0,0.00,1,8.13,6.46,7.06,15.20
51177,10.94,0.78,2,14.36,13.92,8,14.66,136,0.33,0.34,1134,0.00,0.98,0,0.5000,17.00,93,0,0.00,1,8.27,6.25,7.06,15.30
51281,11.72,0.78,2,14.36,14.08,8,14.66,136,0.33,0.32,1134,0.00,0.99,0,0.5000,16.50,93,0,0.00,1,8.42,6.05,7.06,15.10
51385,13.28,0.78,2,14.36,14.00,8,14.66,136,0.33,0.34,1102,0.00,0.99,0,0.5000,17.50,93,0,0.00,1,8.42,6.25,7.06,15.40
51489,13.28,0.78,2,14.36,14.08,8,14.67,136,0.34,0.35,1076,0.00,0.98,0,0.5000,18.50,93,0,0.00,1,8.56,6.39,7.45,15.50
51593,14.06,0.78,2,14.36,13.92,8,14.67,136,0.35,0.36,1086,0.00,0.98,0,0.5000,17.50,93,0,0.00,1,8.71,6.50,7.45,15.50
51697,14.06,0.78,2,14.36,13.92,8,14.67,136,0.35,0.36,1090,0.00,0.98,0,0.5000,17.00,93,0,0.00,1,8.71,6.50,7.45,15.70
51801,14.84,0.78,2,14.36,14.00,8,14.66,136,0.35,0.35,1102,0.00,0.98,0,0.5000,17.00,93,0,0.00,1,8.85,6.39,7.45,15.50
51905,15.62,0.78,2,14.36,14.00,8,14.66,136,0.35,0.34,1112,0.00,0.99,0,0.5000,17.00,93,0,0.00,1,8.85,6.25,7.06,15.50
52008,15.62,0.78,2,14.36,14.00,8,14.66,136,0.35,0.35,1126,0.00,0.99,0,0.5000,17.00,93,0,0.00,1,8.85,6.50,7.45,15.40
52113,15.62,0.78,2,14.36,13.92,8,14.66,136,0.34,0.35,1137,0.00,0.99,0,0.5000,16.50,93,0,0.00,1,8.71,6.53,7.45,15.20
52217,16.41,0.78,2,14.36,14.00,8,14.65,136,0.34,0.34,1150,0.00,0.99,0,0.5000,16.00,93,0,0.00,1,8.71,6.46,7.45,15.20
52321,16.41,0.78,2,14.36,14.08,8,14.65,136,0.34,0.34,1155,0.00,0.99,0,0.5000,16.00,93,0,0.00,1,8.71,6.53,7.45,15.30
52424,16.41,0.78,2,14.36,14.00,8,14.65,136,0.34,0.33,1165,0.00,0.99,0,0.5000,15.50,93,0,0.00,1,8.56,6.53,7.45,15.10
52529,16.41,0.78,2,14.36,14.00,8,14.65,136,0.34,0.34,1140,0.00,0.99,0,0.5000,16.50,93,0,0.00,1,8.56,6.39,7.45,15.10
52633,16.41,0.78,2,14.36,14.00,8,14.65,136,0.34,0.35,1142,0.00,0.99,0,0.5000,17.00,93,0,0.00,1,8.56,6.50,7.45,15.00
52737,16.41,0.78,2,14.36,14.00,8,14.65,136,0.35,0.35,1150,0.00,0.99,0,0.5000,16.50,93,0,0.00,1,8.56,6.75,7.45,14.90
52841,17.19,0.78,2,14.36,14.00,8,14.65,136,0.35,0.35,1152,0.00,0.99,0,0.5000,16.50,93,0,0.00,1,8.56,6.71,7.45,15.00
52945,17.19,0.78,2,14.36,14.08,8,14.65,136,0.35,0.35,1173,0.00,0.99,0,0.5000,16.00,93,0,0.00,1,8.56,6.75,7.45,15.00
53049,17.19,0.78,2,14.36,14.00,8,14.65,136,0.35,0.34,1177,0.00,0.99,0,0.5000,15.50,93,0,0.00,1,8.56,6.86,7.45,14.90
53153,17.19,0.78,2,14.36,14.08,8,14.65,136,0.35,0.35,1179,0.00,0.99,0,0.5000,16.00,93,0,0.00,1,8.42,6.71,7.45,14.80
53256,17.19,0.78,2,14.36,13.92,8,14.64,136,0.35,0.35,1188,0.00,0.99,0,0.5000,15.00,93,0,0.00,1,8.42,6.86,7.45,14.90
53361,17.19,0.78,2,14.36,14.00,8,14.64,136,0.34,0.34,1187,0.00,0.99,0,0.5000,15.50,93,0,0.00,1,8.42,6.79,7.45,14.60
53465,16.41,0.78,2,14.36,14.00,8,14.64,136,0.34,0.34,1188,0.00,0.99,0,0.5000,16.00,93,0,0.00,1,8.42,6.68,7.45,14.50
53569,16.41,0.78,2,14.36,14.08,8,14.59,136,0.34,0.34,1194,0.00,0.99,0,0.5000,15.00,93,0,0.00,1,8.42,6.82,7.06,14.60
53672,16.41,0.78,2,14.36,14.08,8,14.59,136,0.34,0.34,1193,0.00,0.99,0,0.5000,15.50,93,0,0.00,1,8.27,6.79,7.45,14.30
53777,16.41,0.78,2,14.36,13.92,8,14.64,136,0.34,0.34,1202,0.00,0.99,0,0.5000,15.00,93,0,0.00,1,8.27,6.79,7.45,14.40
53881,15.62,0.78,2,14.36,14.08,8,14.64,136,0.34,0.34,1191,0.00,0.99,0,0.5000,16.00,93,0,0.00,1,8.27,6.79,7.06,14.40
53985,15.62,0.78,2,14.36,13.92,8,14.64,136,0.33,0.32,1198,0.00,0.99,0,0.5000,16.50,93,0,0.00,1,8.27,6.53,7.45,14.40
54089,14.84,0.78,2,14.36,14.00,8,14.64,136,0.33,0.33,1209,0.00,0.99,0,0.5000,16.00,93,0,0.00,1,8.13,6.71,7.45,14.30
54193,14.84,0.78,2,14.36,14.00,8,14.64,136,0.33,0.33,1223,0.00,0.99,0,0.5000,16.00,93,0,0.00,1,8.13,6.71,7.06,14.30
54297,14.84,0.78,2,14.36,14.00,8,14.64,136,0.33,0.34,1212,0.00,0.99,0,0.5000,16.50,93,0,0.00,1,8.13,6.86,7.06,14.30
54401,14.84,0.78,2,14.36,14.00,8,14.64,136,0.34,0.34,1214,0.00,0.99,0,0.5000,16.50,93,0,0.00,1,8.13,6.86,7.06,14.30
54505,14.84,0.78,2,14.36,14.08,8,14.64,136,0.34,0.34,1206,0.00,0.99,0,0.5000,16.50,93,0,0.00,1,8.13,6.68,7.06,14.30
54609,14.06,0.78,2,14.36,14.00,8,14.64,136,0.34,0.34,1198,0.00,0.99,0,0.5000,17.00,93,0,0.00,1,8.13,6.75,7.06,14.40
54713,14.06,0.78,2,14.36,14.00,8,14.64,138,0.34,0.33,1203,0.00,0.99,0,0.5000,16.50,93,0,0.00,1,8.13,6.53,7.06,14.40
54817,14.06,0.78,2,14.36,14.00,8,14.59,138,0.34,0.34,1182,0.00,0.99,0,0.5000,17.00,93,0,0.00,1,8.13,6.71,7.06,14.30
54921,13.28,0.78,2,14.36,13.92,8,14.65,138,0.34,0.34,1173,0.00,0.99,0,0.5000,17.00,93,0,0.00,1,8.13,6.71,7.06,14.30
55025,13.28,0.78,2,14.36,14.08,8,14.65,138,0.34,0.34,1173,0.00,0.99,0,0.5000,17.00,93,0,0.00,1,8.13,6.68,7.06,14.40
55129,13.28,0.78,2,14.36,14.00,8,14.65,138,0.33,0.33,1183,0.00,0.99,0,0.5000,17.00,93,0,0.00,1,8.13,6.60,7.06,14.30
55233,12.50,0.78,2,14.36,14.08,8,14.65,138,0.33,0.32,1174,0.00,0.99,0,0.5000,17.00,93,0,0.00,1,8.13,6.46,7.06,14.50
55337,12.50,0.78,2,14.36,14.00,8,14.65,138,0.33,0.34,1174,0.00,0.99,0,0.5000,17.00,93,0,0.00,1,8.13,6.60,7.06,14.30
55441,11.72,0.78,2,14.36,14.00,8,14.65,138,0.34,0.34,1150,0.00,0.99,0,0.5000,17.00,93,0,0.00,1,8.13,6.68,7.06,14.30
55545,11.72,0.78,2,14.36,14.00,8,14.65,138,0.34,0.34,1156,0.00,0.99,0,0.5000,17.00,93,0,0.00,1,8.13,6.53,7.06,14.30
55649,11.72,0.78,2,14.36,14.00,8,14.65,138,0.34,0.33,1154,0.00,0.99,0,0.5000,17.00,93,0,0.00,1,8.13,6.50,6.67,14.30
55753,11.72,0.78,2,14.36,14.08,8,14.65,138,0.33,0.33,1155,0.00,0.99,0,0.5000,17.00,93,0,0.00,1,8.13,6.35,6.67,14.30
55857,11.72,0.78,2,14.36,13.92,8,14.65,138,0.33,0.33,1141,0.00,0.99,0,0.5000,17.00,93,0,0.00,1,8.13,6.39,6.67,14.30
55961,10.94,0.78,2,14.36,13.92,8,14.65,138,0.34,0.33,1141,0.00,0.99,0,0.5000,17.50,93,0,0.00,1,8.13,6.50,6.67,14.30
56065,10.94,0.78,2,14.36,13.76,8,14.66,138,0.34,0.34,1135,0.00,0.99,0,0.5000,17.00,93,0,0.00,1,8.13,6.39,6.67,14.40
56169,10.94,0.78,2,14.36,14.00,8,14.65,138,0.34,0.34,1141,0.00,0.99,0,0.5000,17.00,93,0,0.00,1,8.13,6.39,6.67,14.30
56273,10.94,0.78,2,14.36,14.08,8,14.66,138,0.34,0.34,1130,0.00,0.99,0,0.5000,17.00,93,0,0.00,1,8.13,6.50,6.67,14.40
56377,10.94,0.78,2,14.36,14.00,8,14.65,138,0.34,0.33,1138,0.00,0.99,0,0.5000,17.00,93,0,0.00,1,8.27,6.39,6.67,14.40
56481,10.16,0.78,2,14.36,14.00,8,14.66,138,0.34,0.34,1130,0.00,0.99,0,0.5000,17.00,93,0,0.00,1,8.27,6.50,6.67,14.40
56585,10.16,0.78,2,14.36,13.92,8,14.66,138,0.34,0.35,1121,0.00,0.99,0,0.5000,17.50,93,0,0.00,1,8.27,6.50,6.67,14.50
56689,10.16,0.78,2,14.36,13.92,8,14.66,138,0.34,0.33,1115,0.00,0.99,0,0.5000,17.00,93,0,0.00,1,8.27,6.21,6.67,14.40
56793,10.16,0.78,2,14.36,14.08,8,14.66,138,0.34,0.33,1132,0.00,0.99,0,0.5000,17.00,93,0,0.00,1,8.27,6.24,6.67,14.50
56897,10.16,0.78,2,14.36,14.00,8,14.66,138,0.34,0.35,1122,0.00,1.00,0,0.5000,17.50,93,0,0.00,1,8.27,6.39,6.67,14.40
57001,9.38,0.78,2,14.36,13.92,8,14.66,138,0.34,0.33,1135,0.00,1.00,0,0.5000,17.00,93,0,0.00,1,8.27,6.21,6.67,14.40
57105,9.38,0.78,2,14.36,13.92,8,14.66,138,0.34,0.35,1124,0.00,1.00,0,0.5000,17.50,93,0,0.00,1,8.27,6.50,6.67,14.40
57209,9.38,0.78,2,14.36,13.92,8,14.66,138,0.34,0.35,1125,0.00,0.99,0,0.5000,17.50,93,0,0.00,1,8.27,6.42,6.67,14.40
57314,9.38,0.78,2,14.36,14.00,8,14.66,138,0.34,0.34,1124,0.00,1.00,0,0.5000,17.00,93,0,0.00,1,8.27,6.35,6.67,14.50
57418,9.38,0.78,2,14.36,14.00,8,14.66,138,0.34,0.34,1122,0.00,1.00,0,0.5000,17.50,93,0,0.00,1,8.27,6.35,6.67,14.50
57522,9.38,0.78,2,14.36,14.00,8,14.66,138,0.34,0.33,1118,0.00,1.00,0,0.5000,17.50,93,0,0.00,1,8.27,6.18,6.67,14.50
57625,9.38,0.78,2,14.36,13.92,8,14.66,138,0.34,0.33,1093,0.00,1.00,0,0.5000,18.50,93,0,0.00,1,8.27,6.18,6.67,14.50
57729,9.38,0.78,2,14.36,13.84,8,14.66,138,0.33,0.33,1106,0.00,1.00,0,0.5000,17.00,93,0,0.00,1,8.27,6.11,6.67,14.50
57834,9.38,0.78,2,14.36,14.00,8,14.66,138,0.33,0.32,1096,0.00,1.00,0,0.5000,17.00,93,0,0.00,1,8.27,6.11,6.67,14.50
57937,9.38,0.78,2,14.36,14.00,8,14.66,138,0.33,0.34,1095,0.00,1.00,0,0.5000,17.00,93,0,0.00,1,8.27,6.14,6.67,14.50
58041,9.38,0.78,2,14.36,14.00,8,14.66,138,0.33,0.33,1093,0.00,1.00,0,0.5000,17.00,93,0,0.00,1,8.42,6.14,6.67,14.50
58146,9.38,0.78,2,14.36,14.00,8,14.66,138,0.34,0.34,1095,0.00,1.00,0,0.5000,17.00,93,0,0.00,1,8.42,6.14,6.67,14.50
58249,10.16,0.78,2,14.36,14.00,8,14.67,138,0.34,0.34,1088,0.00,1.00,0,0.5000,17.50,93,0,0.00,1,8.42,6.21,6.67,14.40
58353,10.16,0.78,2,14.36,14.00,8,14.66,138,0.34,0.34,1093,0.00,1.00,0,0.5000,17.50,93,0,0.00,1,8.42,6.25,6.67,15.00
58458,10.16,0.78,2,14.36,14.08,8,14.66,138,0.34,0.35,1108,0.00,1.00,0,0.5000,17.00,93,0,0.00,1,8.42,6.42,7.06,14.80
58561,10.16,0.78,2,14.36,14.00,8,14.66,138,0.34,0.34,1102,0.00,1.00,0,0.5000,17.00,93,0,0.00,1,8.42,6.25,6.67,14.80
58666,10.94,0.78,2,14.36,14.00,8,14.67,138,0.34,0.35,1082,0.00,1.00,0,0.5000,17.50,93,0,0.00,1,8.42,6.25,6.67,15.00
58769,10.94,0.78,2,14.36,14.00,8,14.66,138,0.34,0.34,1101,0.00,1.00,0,0.5000,17.00,93,0,0.00,1,8.42,6.28,6.67,14.90
58874,10.94,0.78,2,14.36,14.00,8,14.66,138,0.34,0.34,1106,0.00,1.00,0,0.5000,16.50,93,0,0.00,1,8.42,6.28,7.06,14.90
58978,10.94,0.78,2,14.36,14.00,8,14.66,138,0.34,0.34,1103,0.00,1.00,0,0.5000,17.00,93,0,0.00,1,8.42,6.28,6.67,14.90
59082,10.94,0.78,2,14.36,14.00,8,14.66,138,0.34,0.33,1111,0.00,1.00,0,0.5000,16.50,93,0,0.00,1,8.42,6.21,7.06,14.90
59185,10.94,0.78,2,14.36,13.92,8,14.66,138,0.34,0.33,1106,0.00,1.00,0,0.5000,16.50,93,0,0.00,1,8.42,6.14,6.67,14.80
59290,10.94,0.78,2,14.36,14.00,8,14.66,138,0.33,0.33,1109,0.00,1.00,0,0.5000,16.50,93,0,0.00,1,8.42,6.11,7.06,14.80
59393,10.94,0.78,2,14.36,13.92,8,14.66,138,0.33,0.33,1121,0.00,1.00,0,0.5000,16.50,93,0,0.00,1,8.42,6.14,7.06,14.80
59498,11.72,0.78,2,14.36,13.92,8,14.66,138,0.34,0.34,1111,0.00,1.00,0,0.5000,17.00,93,0,0.00,1,8.42,6.31,7.06,14.80
59602,11.72,0.78,2,14.36,14.08,8,14.66,138,0.34,0.34,1121,0.00,1.00,0,0.5000,17.00,93,0,0.00,1,8.42,6.39,7.06,14.90
59706,11.72,0.78,2,14.36,14.00,8,14.66,138,0.34,0.35,1112,0.00,1.00,0,0.5000,17.00,93,0,0.00,1,8.42,6.31,7.06,14.90
59809,12.50,0.78,2,14.36,14.08,8,14.66,138,0.34,0.35,1126,0.00,1.00,0,0.5000,17.00,93,0,0.00,1,8.42,6.39,7.06,15.00
59914,12.50,0.78,2,14.36,13.92,8,14.66,138,0.34,0.34,1127,0.00,1.00,0,0.5000,17.00,93,0,0.00,1,8.42,6.35,7.06,14.90
60018,12.50,0.78,2,14.36,13.92,8,14.66,138,0.34,0.33,1126,0.00,1.00,0,0.5000,17.00,93,0,0.00,1,8.42,6.18,7.06,14.90
60121,12.50,0.78,2,14.36,14.08,8,14.66,138,0.34,0.34,1126,0.00,1.00,0,0.5000,16.50,93,0,0.00,1,8.42,6.35,7.06,14.90
60226,12.50,0.78,2,14.36,14.00,8,14.66,138,0.34,0.34,1132,0.00,1.00,0,0.5000,16.50,93,0,0.00,1,8.42,6.39,7.06,15.00
60330,12.50,0.78,2,14.36,14.00,8,14.66,138,0.34,0.34,1136,0.00,1.00,0,0.5000,16.50,93,0,0.00,1,8.42,6.39,7.06,14.80
60434,12.50,0.78,2,14.36,14.00,8,14.66,138,0.34,0.34,1128,0.00,1.00,0,0.5000,16.50,93,0,0.00,1,8.42,6.46,7.06,14.80
60538,12.50,0.78,2,14.36,14.00,8,14.66,138,0.34,0.34,1126,0.00,1.00,0,0.5000,17.00,93,0,0.00,1,8.42,6.46,7.06,14.80
60642,12.50,0.78,2,14.36,14.00,8,14.66,138,0.34,0.34,1124,0.00,1.00,0,0.5000,16.50,93,0,0.00,1,8.42,6.50,6.67,14.80
60745,12.50,0.78,2,14.36,14.00,8,14.66,138,0.34,0.34,1123,0.00,1.00,0,0.5000,16.50,93,0,0.00,1,8.42,6.42,6.67,14.70
60849,12.50,0.78,2,14.36,14.08,8,14.66,138,0.34,0.34,1116,0.00,1.00,0,0.5000,17.00,93,0,0.00,1,8.42,6.35,6.67,14.70
60954,12.50,0.78,2,14.36,14.00,8,14.66,140,0.34,0.33,1119,0.00,1.00,0,0.5000,17.00,93,0,0.00,1,8.42,6.42,7.06,14.90
61058,12.50,0.78,2,14.36,13.92,8,14.66,140,0.34,0.34,1121,0.00,1.00,0,0.5000,17.00,93,0,0.00,1,8.42,6.46,6.67,14.50
61161,11.72,0.78,2,14.36,13.92,8,14.66,140,0.34,0.34,1107,0.00,1.00,0,0.5000,17.00,93,0,0.00,1,8.42,6.31,6.67,14.50
61265,11.72,0.78,2,14.36,14.00,8,14.66,140,0.34,0.34,1126,0.00,1.00,0,0.5000,17.00,93,0,0.00,1,8.42,6.42,6.67,14.40
61369,11.72,0.78,2,14.36,14.00,8,14.66,140,0.34,0.35,1123,0.00,1.00,0,0.5000,17.00,93,0,0.00,1,8.42,6.42,6.67,14.50
61474,11.72,0.78,2,14.36,14.08,8,14.66,140,0.34,0.34,1136,0.00,1.00,0,0.5000,16.50,93,0,0.00,1,8.42,6.46,6.67,14.50
61578,11.72,0.78,2,14.36,14.00,8,14.65,140,0.34,0.34,1143,0.00,1.00,0,0.5000,16.50,93,0,0.00,1,8.27,6.42,6.67,14.40
61682,11.72,0.78,2,14.36,14.00,8,14.66,140,0.34,0.34,1137,0.00,1.00,0,0.5000,16.50,93,0,0.00,1,8.27,6.42,6.67,14.50
61786,11.72,0.78,2,14.36,14.00,8,14.66,140,0.34,0.33,1128,0.00,1.00,0,0.5000,17.00,93,0,0.00,1,8.27,6.28,6.67,14.50
61890,11.72,0.78,2,14.36,14.08,8,14.66,140,0.34,0.34,1138,0.00,1.00,0,0.5000,17.00,93,0,0.00,1,8.27,6.39,6.67,14.60
61994,10.94,0.78,2,14.36,13.76,8,14.65,140,0.34,0.34,1146,0.00,1.00,0,0.5000,16.50,93,0,0.00,1,8.27,6.46,6.67,14.50
62098,10.94,0.78,2,14.36,14.00,8,14.65,140,0.34,0.33,1139,0.00,1.00,0,0.5000,17.00,93,0,0.00,1,8.27,6.39,6.67,14.50
62202,10.94,0.78,2,14.36,14.00,8,14.66,140,0.34,0.34,1131,0.00,1.00,0,0.5000,17.00,93,0,0.00,1,8.27,6.25,6.67,14.50
62305,10.94,0.78,2,14.36,14.00,8,14.66,140,0.34,0.33,1130,0.00,1.00,0,0.5000,17.00,93,0,0.00,1,8.27,6.28,6.67,14.40
62410,10.94,0.78,2,14.36,13.76,8,14.65,140,0.34,0.34,1143,0.00,1.00,0,0.5000,17.00,93,0,0.00,1,8.27,6.42,6.67,14.50
62514,10.94,0.78,2,14.36,14.00,8,14.66,140,0.34,0.34,1128,0.00,1.00,0,0.5000,17.00,93,0,0.00,1,8.27,6.39,6.67,14.50
62618,10.94,0.78,2,14.36,14.00,8,14.66,140,0.34,0.33,1134,0.00,1.00,0,0.5000,17.00,93,0,0.00,1,8.27,6.28,6.67,14.50
62722,10.94,0.78,2,14.36,14.00,8,14.66,140,0.34,0.34,1127,0.00,1.00,0,0.5000,17.00,93,0,0.00,1,8.27,6.39,6.67,14.50
62826,10.16,0.78,2,14.36,13.84,8,14.66,140,0.34,0.33,1117,0.00,1.00,0,0.5000,17.00,93,0,0.00,1,8.27,6.31,6.67,14.50
62929,10.16,0.78,2,14.36,14.08,8,14.66,140,0.34,0.34,1128,0.00,1.00,0,0.5000,17.00,93,0,0.00,1,8.27,6.42,6.67,14.50
63034,10.16,0.78,2,14.36,14.08,8,14.66,140,0.34,0.34,1114,0.00,1.00,0,0.5000,17.00,93,0,0.00,1,8.27,6.35,6.67,14.50
63138,10.16,0.78,2,14.36,14.00,8,14.66,140,0.34,0.34,1106,0.00,1.00,0,0.5000,17.00,93,0,0.00,1,8.27,6.35,6.67,14.50
63242,9.38,0.78,2,14.36,14.08,8,14.66,140,0.34,0.33,1114,0.00,1.00,0,0.5000,17.00,93,0,0.00,1,8.27,6.21,6.67,14.60
63346,9.38,0.78,2,14.36,13.92,8,14.66,140,0.34,0.33,1112,0.00,1.00,0,0.5000,17.00,93,0,0.00,1,8.27,6.21,6.67,14.40
63450,9.38,0.78,2,14.36,13.92,8,14.66,140,0.33,0.33,1119,0.00,1.00,0,0.5000,16.50,93,0,0.00,1,8.27,6.25,6.67,14.40
63554,9.38,0.78,2,14.36,14.00,8,14.66,140,0.33,0.33,1115,0.00,1.00,0,0.5000,17.00,93,0,0.00,1,8.27,6.25,6.67,14.40
63658,9.38,0.78,2,14.36,13.92,8,14.66,140,0.34,0.33,1122,0.00,1.00,0,0.5000,17.00,93,0,0.00,1,8.27,6.25,6.67,14.50
63762,9.38,0.78,2,14.36,14.00,8,14.66,140,0.34,0.34,1121,0.00,1.00,0,0.5000,17.00,93,0,0.00,1,8.27,6.25,6.67,14.40
63866,9.38,0.78,2,14.36,13.92,8,14.66,140,0.34,0.34,1104,0.00,1.00,0,0.5000,18.00,93,0,0.00,1,8.27,6.31,6.67,14.50
63970,9.38,0.78,2,14.36,13.92,8,14.66,140,0.34,0.34,1108,0.00,1.00,0,0.5000,17.00,93,0,0.00,1,8.27,6.31,6.67,14.50
64075,9.38,0.78,2,14.36,14.00,8,14.66,140,0.34,0.34,1106,0.00,1.00,0,0.5000,17.50,93,0,0.00,1,8.27,6.11,6.67,14.60
64178,9.38,0.78,2,14.36,14.08,8,14.66,140,0.34,0.33,1104,0.00,1.00,0,0.5000,17.50,93,0,0.00,1,8.27,6.05,6.67,14.60
64283,9.38,0.78,2,14.36,13.92,8,14.66,140,0.33,0.32,1096,0.00,1.00,0,0.5000,17.00,93,0,0.00,1,8.27,5.95,6.67,14.60
64386,9.38,0.78,2,14.36,14.00,8,14.66,140,0.33,0.32,1104,0.00,1.00,0,0.5000,17.00,93,0,0.00,1,8.27,5.95,6.67,14.50
64490,9.38,0.78,2,14.36,13.92,8,14.66,140,0.33,0.33,1093,0.00,1.00,0,0.5000,17.00,93,0,0.00,1,8.27,6.02,6.67,14.50
64594,9.38,0.78,2,14.36,14.00,8,14.67,140,0.33,0.33,1092,0.00,1.00,0,0.5000,17.00,93,0,0.00,1,8.27,6.11,6.67,14.60
64699,9.38,0.78,2,14.36,14.00,8,14.67,140,0.33,0.33,1085,0.00,1.00,0,0.5000,17.00,93,0,0.00,1,8.27,6.02,6.67,14.60
64802,9.38,0.78,2,14.36,14.08,8,14.67,140,0.33,0.34,1080,0.00,1.00,0,0.5000,17.50,93,0,0.00,1,8.27,6.11,6.67,14.80
64906,9.38,0.78,2,14.36,14.00,8,14.67,140,0.34,0.34,1075,0.00,1.00,0,0.5000,18.00,93,0,0.00,1,8.27,6.02,6.67,14.80
65010,10.16,0.78,2,14.36,14.00,8,14.67,140,0.34,0.34,1072,0.00,1.00,0,0.5000,18.00,93,0,0.00,1,8.27,6.05,6.67,14.70
65115,10.16,0.78,2,14.36,13.92,8,14.67,140,0.34,0.34,1078,0.00,1.00,0,0.5000,18.00,93,0,0.00,1,8.42,6.05,6.67,14.80
65218,10.16,0.78,2,14.36,14.08,8,14.67,140,0.34,0.35,1060,0.00,1.00,0,0.5000,18.00,93,0,0.00,1,8.42,6.14,6.67,15.00
65322,10.16,0.78,2,14.36,14.00,8,14.67,140,0.34,0.34,1074,0.00,1.00,0,0.5000,17.00,93,0,0.00,1,8.42,6.14,6.67,14.90
65426,10.16,0.78,2,14.36,14.00,8,14.67,140,0.34,0.34,1069,0.00,1.00,0,0.5000,17.00,93,0,0.00,1,8.42,6.18,6.67,14.80
65531,10.94,0.78,2,14.36,14.00,8,14.67,140,0.34,0.35,1082,0.00,1.00,0,0.5000,17.00,93,0,0.00,1,8.42,6.18,6.67,14.80
65634,10.94,0.78,2,14.36,13.92,8,14.67,140,0.34,0.35,1079,0.00,1.00,0,0.5000,17.00,93,0,0.00,1,8.42,6.05,6.67,14.90
65738,10.94,0.78,2,14.36,14.08,8,14.66,140,0.34,0.34,1095,0.00,1.00,0,0.5000,17.00,93,0,0.00,1,8.42,6.08,6.67,14.80
65842,10.94,0.78,2,14.36,14.00,8,14.66,140,0.34,0.34,1104,0.00,1.00,0,0.5000,16.50,93,0,0.00,1,8.42,6.21,6.67,15.20
65947,10.94,0.78,2,14.36,14.00,8,14.67,140,0.34,0.33,1081,0.00,1.00,0,0.5000,17.00,93,0,0.00,1,8.42,6.08,6.67,14.90
66051,10.94,0.78,2,14.36,14.08,8,14.67,140,0.34,0.34,1087,0.00,1.00,0,0.5000,17.00,93,0,0.00,1,8.42,6.11,6.67,14.80
66155,10.94,0.78,2,14.36,14.00,8,14.67,140,0.34,0.34,1092,0.00,1.00,0,0.5000,16.50,93,0,0.00,1,8.42,6.08,6.67,14.80
66259,10.94,0.78,2,14.36,14.00,8,14.67,140,0.34,0.34,1089,0.00,1.00,0,0.5000,16.50,93,0,0.00,1,8.42,6.25,6.67,14.80
66362,11.72,0.78,2,14.36,14.08,8,14.66,140,0.34,0.34,1094,0.00,1.00,0,0.5000,16.50,93,0,0.00,1,8.42,6.14,6.67,14.80
66467,11.72,0.78,2,14.36,14.08,8,14.66,140,0.34,0.34,1104,0.00,1.00,0,0.5000,16.50,93,0,0.00,1,8.42,6.11,6.67,14.80
66571,11.72,0.78,2,14.36,14.08,8,14.66,140,0.34,0.34,1105,0.00,1.00,0,0.5000,16.50,93,0,0.00,1,8.42,6.21,6.67,14.90
66675,11.72,0.78,2,14.36,13.92,8,14.66,140,0.34,0.34,1108,0.00,1.00,0,0.5000,16.50,93,0,0.00,1,8.27,6.28,6.67,14.80
66778,11.72,0.78,2,14.36,14.08,8,14.66,140,0.34,0.34,1104,0.00,1.00,0,0.5000,16.50,93,0,0.00,1,8.27,6.14,6.67,14.70
66883,11.72,0.78,2,14.36,13.92,8,14.66,140,0.33,0.33,1104,0.00,1.00,0,0.5000,17.00,93,0,0.00,1,8.27,6.05,6.67,14.70
66987,11.72,0.78,2,14.36,14.08,8,14.66,140,0.34,0.34,1113,0.00,1.00,0,0.5000,16.50,93,0,0.00,1,8.27,6.18,6.67,14.80
67091,11.72,0.78,2,14.36,14.08,8,14.66,140,0.34,0.34,1093,0.00,1.00,0,0.5000,17.00,93,0,0.00,1,8.27,6.35,6.67,14.70
67195,11.72,0.78,2,14.36,13.92,8,14.66,140,0.34,0.34,1101,0.00,1.00,0,0.5000,17.00,93,0,0.00,1,8.27,6.21,6.67,14.90
67299,11.72,0.78,2,14.36,14.00,8,14.66,140,0.33,0.33,1118,0.00,1.00,0,0.5000,16.00,93,0,0.00,1,8.27,6.18,6.67,14.80
67403,10.94,0.78,2,14.36,14.00,8,14.66,140,0.33,0.33,1107,0.00,1.00,0,0.5000,16.50,93,0,0.00,1,8.27,6.05,6.67,14.70
67507,10.94,0.78,2,14.36,14.00,8,14.66,142,0.33,0.33,1108,0.00,1.00,0,0.5000,16.50,93,0,0.00,1,8.27,6.21,6.67,14.60
67611,10.94,0.78,2,14.36,14.00,8,14.66,142,0.34,0.34,1106,0.00,1.00,0,0.5000,16.50,93,0,0.00,1,8.27,6.25,6.67,14.60
67715,10.94,0.78,2,14.36,13.92,8,14.66,142,0.34,0.34,1119,0.00,1.00,0,0.5000,16.50,93,0,0.00,1,8.27,6.28,6.67,14.50
67819,10.94,0.78,2,14.36,14.00,8,14.66,142,0.33,0.33,1111,0.00,1.00,0,0.5000,17.00,93,0,0.00,1,8.27,6.05,6.67,14.50
67922,10.94,0.78,2,14.36,14.08,8,14.66,142,0.33,0.33,1112,0.00,1.00,0,0.5000,16.50,93,0,0.00,1,8.27,6.08,6.67,14.60
68027,10.94,0.78,2,14.36,14.00,8,14.66,142,0.33,0.34,1122,0.00,1.00,0,0.5000,17.00,93,0,0.00,1,8.27,6.21,6.67,14.60
68131,10.94,0.78,2,14.36,14.08,8,14.66,142,0.33,0.33,1117,0.00,1.00,0,0.5000,17.00,93,0,0.00,1,8.27,6.08,6.67,14.70
68235,10.94,0.78,2,14.36,13.92,8,14.66,142,0.33,0.32,1119,0.00,1.00,0,0.5000,17.00,93,0,0.00,1,8.27,5.98,6.67,14.60
68339,10.94,0.78,2,14.36,14.00,8,14.66,142,0.33,0.33,1121,0.00,1.00,0,0.5000,17.00,93,0,0.00,1,8.27,6.05,6.67,14.60
68443,10.94,0.78,2,14.36,14.00,8,14.67,142,0.33,0.33,1088,0.00,1.00,0,0.5000,17.00,93,0,0.00,1,8.27,6.14,6.67,14.60
68547,11.72,0.78,2,14.36,14.00,8,14.66,142,0.33,0.33,1095,0.00,1.00,0,0.5000,17.00,93,0,0.00,1,8.27,6.02,6.67,14.70
68651,10.94,0.78,2,14.36,14.08,8,14.66,142,0.33,0.33,1101,0.00,1.00,0,0.5000,17.00,93,0,0.00,1,8.27,5.79,6.67,14.70
68755,11.72,0.78,2,14.36,13.84,8,14.66,142,0.33,0.33,1096,0.00,1.00,0,0.5000,17.00,93,0,0.00,1,8.27,6.11,6.67,14.70
68859,11.72,0.78,2,14.36,14.00,8,14.67,142,0.33,0.34,1088,0.00,1.00,0,0.5000,17.00,93,0,0.00,1,8.27,6.21,6.67,14.70
68963,11.72,0.78,2,14.36,13.92,8,14.66,142,0.33,0.34,1102,0.00,1.00,0,0.5000,17.00,93,0,0.00,1,8.27,6.14,6.67,14.80
69067,11.72,0.78,2,14.36,14.00,8,14.66,142,0.34,0.34,1112,0.00,1.00,0,0.5000,16.50,93,0,0.00,1,8.27,6.21,6.67,14.70
69171,11.72,0.78,2,14.36,14.00,8,14.66,142,0.33,0.34,1118,0.00,1.00,0,0.5000,17.00,93,0,0.00,1,8.27,6.18,6.67,14.70
69275,11.72,0.78,2,14.36,13.84,8,14.66,142,0.33,0.34,1120,0.00,1.00,0,0.5000,17.00,93,0,0.00,1,8.27,6.25,6.67,14.70
69378,11.72,0.78,2,14.36,14.00,8,14.66,142,0.34,0.34,1118,0.00,1.00,0,0.5000,17.00,93,0,0.00,1,8.27,6.28,6.67,14.80
69483,11.72,0.78,2,14.36,14.00,8,14.66,142,0.33,0.33,1118,0.00,1.00,0,0.5000,17.00,93,0,0.00,1,8.27,6.14,6.67,14.80
69587,10.94,0.78,2,14.36,14.00,8,14.66,142,0.33,0.33,1112,0.00,1.00,0,0.5000,17.00,93,0,0.00,1,8.13,6.14,6.67,14.30
69691,10.94,0.78,2,14.36,14.00,8,14.66,142,0.34,0.33,1100,0.00,1.00,0,0.5000,17.00,93,0,0.00,1,8.13,6.21,6.67,14.50
69795,10.94,0.78,2,14.36,14.08,8,14.67,142,0.34,0.33,1086,0.00,1.00,0,0.5000,17.50,93,0,0.00,1,8.27,6.11,6.67,14.50
69899,10.94,0.78,2,14.36,14.08,8,14.67,142,0.34,0.33,1089,0.00,1.00,0,0.5000,17.00,93,0,0.00,1,8.27,6.02,6.67,14.50
70003,10.94,0.78,2,14.36,14.00,8,14.66,142,0.33,0.33,1094,0.00,1.00,0,0.5000,17.00,93,0,0.00,1,8.27,6.14,6.67,14.50
70107,10.16,0.78,2,14.36,14.08,8,14.67,142,0.33,0.32,1089,0.00,1.00,0,0.5000,17.00,93,0,0.00,1,8.27,5.92,6.67,14.40
70211,10.16,0.78,2,14.36,14.00,8,14.66,142,0.33,0.34,1100,0.00,1.00,0,0.5000,17.00,93,0,0.00,1,8.27,6.11,6.67,14.40
70315,10.94,0.78,2,14.36,14.08,8,14.66,142,0.33,0.34,1102,0.00,1.00,0,0.5000,17.00,93,0,0.00,1,8.27,6.14,6.67,14.50
70419,10.94,0.78,2,14.36,13.92,8,14.66,142,0.33,0.33,1112,0.00,1.00,0,0.5000,17.00,93,0,0.00,1,8.13,6.14,6.67,14.60
70523,10.16,0.78,2,14.36,14.08,8,14.66,142,0.33,0.32,1116,0.00,1.00,0,0.5000,17.00,93,0,0.00,1,8.13,5.98,6.67,14.50
70627,10.94,0.78,2,14.36,13.92,8,14.66,142,0.33,0.33,1118,0.00,1.00,0,0.5000,17.00,93,0,0.00,1,8.13,6.11,6.67,14.60
70731,10.16,0.78,2,14.36,14.00,8,14.66,142,0.33,0.33,1118,0.00,1.00,0,0.5000,17.00,93,0,0.00,1,8.13,6.11,6.67,14.60
70835,10.16,0.78,2,14.36,13.92,8,14.66,142,0.33,0.33,1109,0.00,1.00,0,0.5000,17.00,93,0,0.00,1,8.13,6.05,6.67,14.50
70939,10.16,0.78,2,14.36,14.00,8,14.66,142,0.33,0.33,1097,0.00,1.00,0,0.5000,17.00,93,0,0.00,1,8.13,6.14,6.67,14.50
71043,10.16,0.78,2,14.36,13.92,8,14.67,142,0.33,0.33,1081,0.00,1.00,0,0.5000,17.00,93,0,0.00,1,8.13,6.05,6.67,14.50
71147,10.16,0.78,2,14.36,13.92,8,14.67,142,0.33,0.33,1082,0.00,1.00,0,0.5000,17.00,93,0,0.00,1,8.13,6.05,6.67,14.50
71251,10.16,0.78,2,14.36,14.00,8,14.67,142,0.33,0.34,1078,0.00,1.00,0,0.5000,17.00,93,0,0.00,1,8.13,6.11,6.67,14.50
71355,10.16,0.78,2,14.36,14.00,8,14.67,142,0.34,0.34,1087,0.00,1.00,0,0.5000,17.00,93,0,0.00,1,8.27,6.14,6.67,14.50
71459,10.16,0.78,2,14.36,14.00,8,14.67,142,0.34,0.34,1082,0.00,1.00,0,0.5000,17.00,93,0,0.00,1,8.27,5.95,6.67,14.50
71563,9.38,0.78,2,14.36,14.00,8,14.67,142,0.33,0.34,1091,0.00,1.00,0,0.5000,17.00,93,0,0.00,1,8.27,6.05,6.67,14.50
71667,9.38,0.78,2,14.36,13.92,8,14.66,142,0.33,0.34,1096,0.00,1.00,0,0.5000,17.00,93,0,0.00,1,8.13,6.18,6.67,14.50
71771,9.38,0.78,2,14.36,14.00,8,14.67,142,0.33,0.33,1080,0.00,1.00,0,0.5000,17.00,93,0,0.00,1,8.13,6.02,6.67,14.50
71874,9.38,0.78,2,14.36,14.00,8,14.67,142,0.33,0.33,1083,0.00,1.00,0,0.5000,17.00,93,0,0.00,1,8.13,5.95,6.67,14.50
71979,9.38,0.78,2,14.36,13.84,8,14.67,142,0.33,0.32,1070,0.00,1.00,0,0.5000,17.00,93,0,0.00,1,8.13,5.79,6.67,14.50
72083,9.38,0.78,2,14.36,14.00,8,14.67,142,0.33,0.33,1080,0.00,1.00,0,0.5000,17.00,93,0,0.00,1,8.13,5.92,6.67,14.50
72187,9.38,0.78,2,14.36,14.00,8,14.67,142,0.33,0.33,1074,0.00,1.00,0,0.5000,17.00,93,0,0.00,1,8.13,5.95,6.67,14.60
72291,9.38,0.78,2,14.36,14.00,8,14.67,142,0.33,0.33,1078,0.00,1.00,0,0.5000,17.00,93,0,0.00,1,8.13,5.79,6.67,14.50
72395,9.38,0.78,2,14.36,13.92,8,14.67,142,0.33,0.33,1068,0.00,1.00,0,0.5000,17.50,93,0,0.00,1,8.27,5.82,6.67,14.60
72499,9.38,0.78,2,14.36,14.08,8,14.67,142,0.33,0.33,1065,0.00,1.00,0,0.5000,17.00,93,0,0.00,1,8.27,5.92,6.67,14.50
72603,10.16,0.78,2,14.36,14.00,8,14.67,142,0.33,0.33,1067,0.00,1.00,0,0.5000,17.00,93,0,0.00,1,8.27,5.89,6.67,14.70
72707,10.16,0.78,2,14.36,13.92,8,14.67,142,0.33,0.33,1064,0.00,1.00,0,0.5000,17.00,93,0,0.00,1,8.27,5.89,6.67,14.70
72811,10.16,0.78,2,14.36,14.00,8,14.67,142,0.33,0.32,1062,0.00,1.00,0,0.5000,17.00,93,0,0.00,1,8.27,5.76,6.67,14.80
72915,10.16,0.78,2,14.36,14.00,8,14.67,142,0.33,0.34,1063,0.00,1.00,0,0.5000,17.00,93,0,0.00,1,8.27,6.05,6.67,14.80
73019,10.16,0.78,2,14.36,13.92,8,14.67,142,0.33,0.34,1062,0.00,1.00,0,0.5000,17.00,93,0,0.00,1,8.27,5.92,6.67,14.80
73123,10.16,0.78,2,14.36,14.00,8,14.67,142,0.34,0.34,1066,0.00,1.00,0,0.5000,17.00,93,0,0.00,1,8.27,6.02,6.67,14.70
73227,10.16,0.78,2,14.36,14.00,8,14.67,142,0.34,0.34,1060,0.00,1.00,0,0.5000,17.00,93,0,0.00,1,8.27,6.02,6.67,14.80
73332,10.94,0.78,2,14.36,14.00,8,14.67,142,0.34,0.34,1052,0.00,1.00,0,0.5000,17.00,93,0,0.00,1,8.27,5.85,6.67,14.90
73435,10.94,0.78,2,14.36,14.00,8,14.68,142,0.34,0.33,1040,0.00,1.00,0,0.5000,17.00,93,0,0.00,1,8.42,5.76,6.67,14.80
73539,10.94,0.78,2,14.36,14.00,8,14.67,142,0.34,0.35,1056,0.00,1.00,0,0.5000,17.00,93,0,0.00,1,8.42,6.02,6.67,14.90
73643,10.94,0.78,2,14.36,14.00,8,14.67,142,0.34,0.34,1053,0.00,1.00,0,0.5000,17.50,93,0,0.00,1,8.42,5.98,6.67,14.80
73747,10.94,0.78,2,14.36,13.76,8,14.67,142,0.34,0.33,1068,0.00,1.00,0,0.5000,17.00,93,0,0.00,1,8.42,5.82,6.67,14.80
73851,10.94,0.78,2,14.36,14.08,8,14.67,142,0.33,0.33,1072,0.00,1.00,0,0.5000,16.50,93,0,0.00,1,8.42,5.85,6.67,14.80
73955,10.94,0.78,2,14.36,13.92,8,14.67,142,0.33,0.33,1058,0.00,1.00,0,0.5000,16.50,93,0,0.00,1,8.42,5.76,6.67,14.80
74059,11.72,0.78,2,14.36,14.00,8,14.67,142,0.33,0.33,1072,0.00,1.00,0,0.5000,16.50,93,0,0.00,1,8.42,5.92,6.67,15.00
74163,11.72,0.78,2,14.36,14.00,8,14.67,142,0.33,0.34,1076,0.00,1.00,0,0.5000,16.50,93,0,0.00,1,8.42,6.02,6.67,14.80
74267,11.72,0.78,2,14.36,13.68,8,14.67,142,0.33,0.34,1090,0.00,1.00,0,0.5000,16.00,93,0,0.00,1,8.27,6.05,6.67,14.80
74371,11.72,0.78,2,14.36,14.08,8,14.67,142,0.33,0.33,1092,0.00,1.00,0,0.5000,16.50,93,0,0.00,1,8.27,6.02,6.67,14.90
74475,12.50,0.78,2,14.36,13.92,8,14.67,144,0.33,0.33,1092,0.00,1.00,0,0.5000,16.50,93,0,0.00,1,8.27,6.02,6.67,15.00
74579,12.50,0.78,2,14.36,14.00,8,14.66,144,0.33,0.33,1093,0.00,1.00,0,0.5000,16.50,93,0,0.00,1,8.27,6.05,6.67,15.00
74683,12.50,0.78,2,14.36,14.00,8,14.66,144,0.34,0.34,1094,0.00,1.00,0,0.5000,16.50,93,0,0.00,1,8.27,6.21,6.67,14.90
74787,12.50,0.78,2,14.36,14.08,8,14.66,144,0.33,0.33,1101,0.00,1.00,0,0.5000,16.00,93,0,0.00,1,8.27,6.14,6.67,14.80
74891,11.72,0.78,2,14.36,14.00,8,14.66,144,0.33,0.32,1103,0.00,1.00,0,0.5000,15.50,93,0,0.00,1,8.13,6.05,6.67,14.80
74995,11.72,0.78,2,14.36,13.92,8,14.66,144,0.33,0.33,1094,0.00,1.00,0,0.5000,16.50,93,0,0.00,1,8.13,6.05,6.67,14.80
75099,11.72,0.78,2,14.36,14.00,8,14.66,144,0.33,0.32,1093,0.00,1.00,0,0.5000,16.50,93,0,0.00,1,8.13,5.85,6.67,14.40
75203,11.72,0.78,2,14.36,14.00,8,14.66,144,0.33,0.33,1098,0.00,1.00,0,0.5000,16.50,93,0,0.00,1,8.13,5.95,6.67,14.50
75307,11.72,0.78,2,14.36,14.08,8,14.66,144,0.33,0.33,1106,0.00,1.00,0,0.5000,16.50,93,0,0.00,1,8.13,6.02,6.67,14.50
75411,11.72,0.78,2,14.36,14.08,8,14.66,144,0.33,0.33,1103,0.00,1.00,0,0.5000,17.00,93,0,0.00,1,8.13,5.98,6.67,14.50
75516,11.72,0.78,2,14.36,14.00,8,14.66,144,0.33,0.33,1106,0.00,1.00,0,0.5000,17.00,93,0,0.00,1,8.13,6.05,6.67,14.70
75619,11.72,0.78,2,14.36,13.92,8,14.66,144,0.33,0.33,1106,0.00,1.00,0,0.5000,17.00,93,0,0.00,1,8.13,6.08,6.67,14.60
75723,11.72,0.78,2,14.36,14.00,8,14.67,144,0.33,0.34,1083,0.00,1.00,0,0.5000,17.00,93,0,0.00,1,8.13,6.11,6.67,14.80
75828,11.72,0.78,2,14.36,14.00,8,14.67,144,0.33,0.33,1082,0.00,1.00,0,0.5000,17.00,93,0,0.00,1,8.27,6.08,6.67,14.80
75932,11.72,0.78,2,14.36,14.00,8,14.67,144,0.33,0.33,1085,0.00,1.00,0,0.5000,17.00,93,0,0.00,1,8.13,5.95,6.67,14.70
76035,11.72,0.78,2,14.36,13.92,8,14.67,144,0.33,0.33,1090,0.00,1.00,0,0.5000,17.00,93,0,0.00,1,8.13,6.02,6.67,14.80
76140,11.72,0.78,2,14.36,14.00,8,14.67,144,0.33,0.33,1088,0.00,1.00,0,0.5000,17.00,93,0,0.00,1,8.13,5.95,6.67,14.50
76243,11.72,0.78,2,14.36,14.00,8,14.66,144,0.33,0.34,1100,0.00,1.00,0,0.5000,16.50,93,0,0.00,1,8.13,6.11,6.67,14.60
76347,10.94,0.78,2,14.36,14.00,8,14.66,144,0.33,0.33,1104,0.00,1.00,0,0.5000,16.50,93,0,0.00,1,8.13,6.05,6.67,14.60
76451,10.94,0.78,2,14.36,14.08,8,14.66,144,0.33,0.33,1102,0.00,1.00,0,0.5000,17.00,93,0,0.00,1,8.13,6.02,6.67,14.50
76556,10.94,0.78,2,14.36,14.00,8,14.67,144,0.33,0.34,1092,0.00,1.00,0,0.5000,17.00,93,0,0.00,1,8.13,6.08,6.67,14.50
76659,10.94,0.78,2,14.36,13.92,8,14.66,144,0.33,0.32,1102,0.00,1.00,0,0.5000,17.00,93,0,0.00,1,8.13,5.89,6.67,14.50
76763,10.94,0.78,2,14.36,14.08,8,14.67,144,0.33,0.33,1088,0.00,1.00,0,0.5000,17.00,93,0,0.00,1,8.13,6.05,6.67,14.50
76867,10.16,0.78,2,14.36,14.00,8,14.66,144,0.33,0.32,1094,0.00,1.00,0,0.5000,17.00,93,0,0.00,1,8.13,5.95,6.67,14.50
76971,10.16,0.78,2,14.36,14.08,8,14.67,144,0.33,0.32,1088,0.00,1.00,0,0.5000,17.00,93,0,0.00,1,8.13,5.89,6.67,14.40
77075,10.16,0.78,2,14.36,13.92,8,14.67,144,0.32,0.31,1090,0.00,1.00,0,0.5000,16.50,93,0,0.00,1,8.13,5.73,6.27,14.50
77180,10.16,0.78,2,14.36,14.00,8,14.66,144,0.32,0.33,1095,0.00,1.00,0,0.5000,17.00,93,0,0.00,1,8.13,5.98,6.67,14.40
77284,10.16,0.78,2,14.36,14.00,8,14.66,144,0.32,0.32,1100,0.00,1.00,0,0.5000,17.00,93,0,0.00,1,7.98,5.82,6.67,14.50
77387,10.16,0.78,2,14.36,14.00,8,14.67,144,0.32,0.32,1092,0.00,1.00,0,0.5000,17.00,93,0,0.00,1,7.98,5.85,6.27,14.50
77492,10.16,0.78,2,14.36,14.08,8,14.67,144,0.32,0.32,1087,0.00,1.00,0,0.5000,17.00,93,0,0.00,1,8.13,5.69,6.27,14.50
77596,10.16,0.78,2,14.36,14.00,8,14.66,144,0.32,0.32,1093,0.00,1.00,0,0.5000,17.00,93,0,0.00,1,7.98,5.85,6.27,14.50
77700,10.16,0.78,2,14.36,13.84,8,14.67,144,0.32,0.32,1071,0.00,1.00,0,0.5000,17.00,93,0,0.00,1,8.13,5.73,6.67,14.60
77804,10.16,0.78,2,14.36,14.00,8,14.67,144,0.32,0.32,1064,0.00,1.00,0,0.5000,17.00,93,0,0.00,1,8.13,5.85,6.67,14.60
77908,10.16,0.78,2,14.36,13.92,8,14.67,144,0.33,0.33,1060,0.00,1.00,0,0.5000,17.00,93,0,0.00,1,8.13,5.82,6.27,14.60
78012,10.16,0.78,2,14.36,14.08,8,14.67,144,0.33,0.34,1066,0.00,1.00,0,0.5000,17.00,93,0,0.00,1,8.13,5.98,6.27,14.60
78116,10.16,0.78,2,14.36,14.08,8,14.67,144,0.33,0.34,1054,0.00,1.00,0,0.5000,18.50,93,0,0.00,1,8.13,5.85,6.27,14.70
78220,10.16,0.78,2,14.36,13.84,8,14.67,144,0.33,0.33,1057,0.00,1.00,0,0.5000,18.00,93,0,0.00,1,8.13,5.82,6.27,14.70
78324,10.16,0.78,2,14.36,14.00,8,14.67,144,0.33,0.32,1052,0.00,1.00,0,0.5000,17.50,93,0,0.00,1,8.13,5.69,6.27,14.90
78428,10.16,0.78,2,14.36,14.00,8,14.68,144,0.33,0.33,1044,0.00,1.00,0,0.5000,17.00,93,0,0.00,1,8.13,5.85,6.27,14.60
78532,10.16,0.78,2,14.36,14.08,8,14.68,144,0.33,0.33,1042,0.00,1.00,0,0.5000,17.50,93,0,0.00,1,8.13,5.69,6.27,14.50
78635,10.16,0.78,2,14.36,14.08,8,14.67,144,0.33,0.32,1060,0.00,1.00,0,0.5000,17.00,93,0,0.00,1,8.13,5.56,6.27,14.60
78740,10.16,0.78,2,14.36,13.92,8,14.67,144,0.33,0.33,1049,0.00,1.00,0,0.5000,17.50,93,0,0.00,1,8.13,5.73,6.27,14.50
78844,10.16,0.78,2,14.36,13.92,8,14.68,144,0.33,0.33,1044,0.00,1.00,0,0.5000,17.50,93,0,0.00,1,8.27,5.76,6.27,14.50
78948,10.16,0.78,2,14.36,13.92,8,14.68,144,0.33,0.33,1026,0.00,1.00,0,0.5000,18.00,93,0,0.00,1,8.27,5.73,6.27,14.50
79052,10.16,0.78,2,14.36,14.00,8,14.68,144,0.33,0.34,1020,0.00,1.00,0,0.5000,17.50,93,0,0.00,1,8.27,5.79,6.67,14.50
79155,10.16,0.78,2,14.36,14.08,8,14.68,144,0.34,0.34,1024,0.00,1.00,0,0.5000,18.00,93,0,0.00,1,8.27,5.85,6.67,14.50
79260,10.16,0.78,2,14.36,13.92,8,14.68,144,0.34,0.34,1041,0.00,1.00,0,0.5000,17.00,93,0,0.00,1,8.27,5.82,6.67,14.90
79364,10.16,0.78,2,14.36,14.00,8,14.68,144,0.33,0.33,1035,0.00,1.00,0,0.5000,17.00,93,0,0.00,1,8.27,5.69,6.67,14.80
79468,10.16,0.78,2,14.36,13.92,8,14.68,144,0.33,0.33,1037,0.00,1.00,0,0.5000,17.00,93,0,0.00,1,8.27,5.73,6.67,14.70
79572,10.16,0.78,1,14.36,14.00,8,14.67,144,0.33,0.31,1050,0.00,1.00,0,0.5000,17.00,93,0,0.00,1,8.27,5.53,6.67,14.80
79676,10.16,0.78,1,14.36,14.00,8,14.67,144,0.32,0.31,1059,0.00,1.00,0,0.5000,16.50,93,0,0.00,1,8.27,5.47,6.67,14.80
79780,10.94,0.78,2,14.36,14.00,8,14.67,144,0.33,0.33,1048,0.00,1.00,0,0.5000,17.00,93,0,0.00,1,8.27,5.76,6.67,14.80
79884,10.94,0.78,2,14.36,13.68,8,14.68,144,0.33,0.35,1027,0.00,1.00,0,0.5000,17.50,93,0,0.00,1,8.42,5.98,6.67,14.80
79988,10.94,0.78,2,14.36,14.00,8,14.68,144,0.34,0.34,1038,0.00,1.00,0,0.5000,17.00,93,0,0.00,1,8.42,5.95,6.67,15.00
80092,11.72,0.78,2,14.36,13.92,8,14.68,144,0.34,0.33,1041,0.00,1.00,0,0.5000,17.00,93,0,0.00,1,8.42,5.76,6.67,14.90
80196,11.72,0.78,2,14.36,14.08,8,14.67,144,0.34,0.34,1047,0.00,1.00,0,0.5000,17.00,93,0,0.00,1,8.42,5.95,6.67,15.10
80300,12.50,0.78,2,14.36,14.00,8,14.67,144,0.34,0.34,1065,0.00,1.00,0,0.5000,17.00,93,0,0.00,1,8.42,5.89,6.67,15.10
80404,12.50,0.78,2,14.36,13.84,8,14.67,144,0.33,0.33,1065,0.00,1.00,0,0.5000,16.50,93,0,0.00,1,8.42,5.85,6.67,15.00
80508,12.50,0.78,2,14.36,14.00,8,14.67,144,0.33,0.33,1064,0.00,1.00,0,0.5000,16.50,93,0,0.00,1,8.27,5.89,6.67,15.00
80612,12.50,0.78,2,14.36,14.00,8,14.67,144,0.33,0.33,1060,0.00,1.00,0,0.5000,16.50,93,0,0.00,1,8.27,5.79,6.67,14.90
80716,12.50,0.78,2,14.36,14.00,8,14.67,144,0.33,0.32,1066,0.00,1.00,0,0.5000,16.00,93,0,0.00,1,8.27,5.76,6.67,14.80
80820,12.50,0.78,2,14.36,14.00,8,14.67,144,0.33,0.32,1070,0.00,1.00,0,0.5000,16.00,93,0,0.00,1,8.27,5.69,6.67,14.80
80924,12.50,0.78,2,14.36,13.84,8,14.67,144,0.33,0.33,1073,0.00,1.00,0,0.5000,16.50,93,0,0.00,1,8.27,5.76,6.67,14.80
81028,12.50,0.78,2,14.36,14.00,8,14.67,144,0.33,0.33,1078,0.00,1.00,0,0.5000,16.50,93,0,0.00,1,8.27,5.92,6.67,14.80
81132,12.50,0.78,2,14.36,13.92,8,14.67,144,0.33,0.33,1070,0.00,1.00,0,0.5000,17.00,93,0,0.00,1,8.27,5.79,6.67,14.70
81236,12.50,0.78,2,14.36,14.08,8,14.67,144,0.33,0.33,1058,0.00,1.00,0,0.5000,17.00,93,0,0.00,1,8.27,5.82,6.67,14.70
81340,12.50,0.78,2,14.36,14.00,8,14.67,144,0.33,0.33,1071,0.00,1.00,0,0.5000,16.50,93,0,0.00,1,8.27,5.79,6.67,14.80
81444,13.28,0.78,2,14.36,13.92,8,14.67,144,0.33,0.33,1069,0.00,1.00,0,0.5000,16.50,93,0,0.00,1,8.27,5.92,6.67,14.80
81548,12.50,0.78,2,14.36,13.92,8,14.67,144,0.33,0.34,1074,0.00,1.00,0,0.5000,16.50,93,0,0.00,1,8.27,6.05,6.67,14.80
81653,12.50,0.78,2,14.36,13.92,8,14.67,144,0.33,0.34,1075,0.00,1.00,0,0.5000,16.50,93,0,0.00,1,8.27,6.02,6.67,14.70
81756,12.50,0.78,2,14.36,14.08,8,14.67,144,0.33,0.33,1083,0.00,1.00,0,0.5000,16.50,93,0,0.00,1,8.27,5.95,6.67,14.70
81860,12.50,0.78,2,14.36,14.00,8,14.67,144,0.33,0.33,1086,0.00,1.00,0,0.5000,16.50,93,0,0.00,1,8.27,5.98,6.67,14.70
81964,12.50,0.78,2,14.36,14.00,8,14.67,145,0.33,0.34,1079,0.00,1.00,0,0.5000,16.50,93,0,0.00,1,8.13,6.05,6.67,14.90
82068,12.50,0.78,2,14.36,14.00,8,14.67,145,0.33,0.33,1085,0.00,1.00,0,0.5000,16.50,93,0,0.00,1,8.13,6.02,6.67,14.50
82172,12.50,0.78,2,14.36,13.92,8,14.66,145,0.33,0.32,1094,0.00,1.00,0,0.5000,16.00,93,0,0.00,1,8.13,5.98,6.67,14.50
82276,11.72,0.78,2,14.36,14.00,8,14.66,145,0.33,0.33,1100,0.00,1.00,0,0.5000,15.00,93,0,0.00,1,8.13,6.05,6.67,14.40
82380,11.72,0.78,2,14.36,14.00,8,14.66,145,0.33,0.32,1094,0.00,1.00,0,0.5000,16.00,93,0,0.00,1,8.13,5.92,6.67,14.50
82484,11.72,0.78,2,14.36,14.00,8,14.66,145,0.33,0.33,1100,0.00,1.00,0,0.5000,16.50,93,0,0.00,1,8.13,6.08,6.67,14.30
82588,11.72,0.78,2,14.36,13.84,8,14.67,145,0.33,0.34,1081,0.00,1.00,0,0.5000,17.00,93,0,0.00,1,8.13,6.05,6.67,14.40
82692,10.94,0.78,2,14.36,14.00,8,14.67,145,0.33,0.33,1089,0.00,1.00,0,0.5000,17.00,93,0,0.00,1,8.13,5.76,6.67,14.40
82796,10.94,0.78,2,14.36,13.92,8,14.67,145,0.33,0.33,1089,0.00,1.00,0,0.5000,17.00,93,0,0.00,1,8.13,5.95,6.67,14.40
82900,10.94,0.78,2,14.36,14.08,8,14.67,145,0.33,0.32,1076,0.00,1.00,0,0.5000,17.00,93,0,0.00,1,8.13,5.82,6.67,14.30
83004,10.94,0.78,2,14.36,14.00,8,14.67,145,0.32,0.32,1072,0.00,1.00,0,0.5000,17.00,93,0,0.00,1,8.13,5.76,6.27,14.30
83108,10.16,0.78,2,14.36,14.00,8,14.67,145,0.32,0.32,1068,0.00,1.00,0,0.5000,17.00,93,0,0.00,1,8.13,5.82,6.27,14.40
83213,10.16,0.78,2,14.36,14.00,8,14.67,145,0.33,0.33,1058,0.00,1.00,0,0.5000,17.00,93,0,0.00,1,8.13,5.95,6.27,14.40
83316,10.16,0.78,2,14.36,13.92,8,14.67,145,0.33,0.34,1070,0.00,1.00,0,0.5000,17.00,93,0,0.00,1,8.13,6.05,6.27,14.40
83420,10.16,0.78,2,14.36,14.08,8,14.67,145,0.33,0.34,1071,0.00,1.00,0,0.5000,17.00,93,0,0.00,1,8.13,5.98,6.27,14.40
83524,10.16,0.78,2,14.36,14.00,8,14.67,145,0.33,0.33,1068,0.00,1.00,0,0.5000,17.00,93,0,0.00,1,8.13,5.85,6.27,14.50
83628,10.16,0.78,2,14.36,14.00,8,14.67,145,0.33,0.33,1058,0.00,1.00,0,0.5000,17.00,93,0,0.00,1,8.13,5.85,6.27,14.40
83732,10.16,0.78,2,14.36,13.92,8,14.67,145,0.33,0.33,1051,0.00,1.00,0,0.5000,17.00,93,0,0.00,1,8.13,5.82,6.27,14.40
83836,9.38,0.78,2,14.36,13.92,8,14.67,145,0.33,0.33,1057,0.00,1.00,0,0.5000,17.00,93,0,0.00,1,8.13,5.82,6.27,14.40
83940,9.38,0.78,2,14.36,14.00,8,14.67,145,0.33,0.33,1068,0.00,1.00,0,0.5000,17.00,93,0,0.00,1,8.13,5.85,6.27,14.40
84044,9.38,0.78,2,14.36,14.00,8,14.67,145,0.33,0.32,1062,0.00,1.00,0,0.5000,17.00,93,0,0.00,1,8.13,5.66,6.27,14.40
84148,9.38,0.78,2,14.36,13.92,8,14.67,145,0.33,0.33,1064,0.00,1.00,0,0.5000,17.00,93,0,0.00,1,8.13,5.82,6.27,14.40
84252,9.38,0.78,2,14.36,14.00,8,14.67,145,0.33,0.32,1050,0.00,1.00,0,0.5000,17.00,93,0,0.00,1,8.13,5.69,6.27,14.40
84356,8.59,0.78,2,14.36,13.92,8,14.68,145,0.33,0.33,1041,0.00,1.00,0,0.5000,17.00,93,0,0.00,1,8.13,5.69,6.27,14.40
84460,8.59,0.78,2,14.36,14.00,8,14.68,145,0.33,0.32,1038,0.00,1.00,0,0.5000,17.50,93,0,0.00,1,8.13,5.56,6.27,14.40
84565,8.59,0.78,2,14.36,14.00,8,14.67,145,0.32,0.33,1052,0.00,1.00,0,0.5000,17.00,93,0,0.00,1,8.13,5.69,6.27,14.40
84668,8.59,0.78,1,14.36,14.00,8,14.67,145,0.32,0.32,1056,0.00,1.00,0,0.5000,17.00,93,0,0.00,1,8.13,5.63,6.27,14.50
84772,9.38,0.78,2,14.36,14.08,8,14.68,145,0.33,0.33,1034,0.00,1.00,0,0.5000,17.50,93,0,0.00,1,8.13,5.73,6.27,14.50
84876,9.38,0.78,2,14.36,13.92,8,14.68,145,0.33,0.33,1026,0.00,1.00,0,0.5000,17.00,93,0,0.00,1,8.13,5.63,6.27,14.60
84980,9.38,0.78,1,14.36,14.00,8,14.68,145,0.33,0.32,1018,0.00,1.00,0,0.5000,17.00,93,0,0.00,1,8.27,5.47,6.27,14.60
85084,9.38,0.78,1,14.36,14.00,8,14.68,145,0.33,0.34,1026,0.00,1.00,0,0.5000,17.50,93,0,0.00,1,8.27,5.76,6.27,14.80
85188,9.38,0.78,1,14.36,14.00,8,14.68,145,0.33,0.33,1022,0.00,1.00,0,0.5000,19.00,93,0,0.00,1,8.27,5.50,6.27,14.80
85292,10.16,0.78,2,14.36,14.00,8,14.68,145,0.33,0.32,1022,0.00,1.00,0,0.5000,17.00,93,0,0.00,1,8.27,5.56,6.27,14.90
85396,10.16,0.78,1,14.36,13.92,8,14.68,145,0.32,0.32,1027,0.00,1.00,0,0.5000,17.00,93,0,0.00,1,8.27,5.56,5.49,14.90
85500,10.16,0.78,1,14.36,14.00,8,14.67,145,0.31,0.30,1061,0.00,1.00,0,0.5000,16.50,93,0,0.00,1,8.13,5.34,7.45,14.80
85604,10.16,0.78,1,14.36,14.00,8,14.66,145,0.31,0.30,1096,0.00,1.00,0,0.5000,13.50,93,0,0.00,1,8.13,5.44,7.06,14.90
85708,10.94,0.78,2,14.36,14.00,8,14.66,145,0.32,0.34,1094,0.00,1.00,0,0.5000,14.50,93,0,0.00,1,8.42,6.18,7.06,14.90
85812,10.94,0.78,2,14.36,14.00,8,14.66,145,0.33,0.34,1105,0.00,1.00,0,0.5000,15.50,93,0,0.00,1,8.42,6.21,6.67,14.80
85916,10.94,0.78,2,14.36,14.00,8,14.66,145,0.33,0.33,1133,0.00,1.00,0,0.5000,13.50,93,0,0.00,1,8.42,6.18,7.06,15.10
86020,12.50,0.78,2,14.36,13.92,8,14.65,145,0.33,0.33,1148,0.00,1.00,0,0.5000,12.00,93,0,0.00,1,8.27,6.24,6.67,15.30
86124,14.06,0.78,2,14.36,14.00,8,14.65,145,0.32,0.32,1179,0.00,1.00,0,0.5000,12.00,93,0,0.00,1,8.27,6.28,6.67,15.60
86229,14.06,0.78,2,14.36,14.00,8,14.65,145,0.32,0.32,1176,0.00,1.00,0,0.5000,12.00,93,0,0.00,1,8.13,6.28,6.67,15.60
86332,14.06,0.78,2,14.36,14.08,8,14.64,145,0.32,0.32,1187,0.00,1.00,0,0.5000,12.00,93,0,0.00,1,7.98,6.31,6.67,15.50
86436,14.06,0.78,2,14.36,14.08,8,14.64,145,0.32,0.32,1203,0.00,1.00,0,0.5000,12.00,93,0,0.00,1,7.84,6.39,6.67,15.30
86540,14.06,0.78,2,14.36,14.00,8,14.64,145,0.32,0.32,1204,0.00,1.00,0,0.5000,12.50,93,0,0.00,1,7.84,6.42,6.67,15.30
86644,14.06,0.78,2,14.36,14.00,8,14.64,145,0.32,0.32,1216,0.00,1.00,0,0.5000,12.00,93,0,0.00,1,7.69,6.39,6.67,15.00
86748,14.06,0.78,2,14.36,14.00,8,14.64,145,0.31,0.30,1224,0.00,1.00,0,0.5000,12.00,93,0,0.00,1,7.55,6.08,6.67,14.80
86852,14.06,0.78,2,14.36,14.00,8,14.64,145,0.30,0.29,1230,0.00,1.00,0,0.5000,12.00,93,0,0.00,1,7.55,6.02,6.67,14.10
86956,13.28,0.78,2,14.36,13.92,8,14.64,145,0.30,0.30,1246,0.00,1.00,0,0.5000,12.00,93,0,0.00,1,7.40,6.18,6.67,14.30
87061,12.50,0.78,2,14.36,14.00,8,14.64,145,0.30,0.29,1265,0.00,1.00,0,0.5000,12.00,93,0,0.00,1,7.25,6.21,6.67,14.30
87164,12.50,0.78,2,14.36,14.00,8,14.64,145,0.30,0.30,1259,0.00,1.00,0,0.5000,13.00,93,0,0.00,1,7.11,6.21,6.27,14.20
87268,11.72,0.78,2,14.36,14.00,8,14.64,145,0.29,0.29,1267,0.00,1.00,0,0.5000,12.50,93,0,0.00,1,6.96,6.02,6.27,14.20
87372,10.94,0.78,2,14.36,14.00,8,14.64,145,0.29,0.28,1256,0.00,1.00,0,0.5000,13.50,93,0,0.00,1,6.96,5.79,6.27,14.30
87477,10.16,0.78,2,14.36,14.08,8,14.64,145,0.29,0.28,1252,0.00,1.00,0,0.5000,14.00,93,0,0.00,1,6.82,6.05,6.27,14.10
87580,9.38,0.78,2,14.36,13.92,8,14.64,145,0.29,0.29,1252,0.00,1.00,0,0.5000,15.50,93,0,0.00,1,6.82,6.05,6.27,13.90
87684,8.59,0.78,2,14.36,13.92,8,14.64,145,0.28,0.28,1260,0.00,1.00,0,0.5000,16.00,93,0,0.00,1,6.67,5.85,6.27,13.90
87788,8.59,0.78,2,14.36,14.08,8,14.64,145,0.28,0.27,1256,0.00,1.00,0,0.5000,16.50,93,0,0.00,1,6.67,5.73,5.88,13.90
87892,7.81,0.78,2,14.36,14.00,8,14.64,145,0.28,0.28,1254,0.00,1.00,0,0.5000,16.00,93,0,0.00,1,6.67,5.79,5.88,13.80
87996,7.03,0.78,2,14.36,14.00,8,14.64,145,0.28,0.28,1244,0.00,1.00,0,0.5000,16.00,93,0,0.00,1,6.53,5.76,5.88,13.80
88100,5.47,0.78,2,14.36,14.08,8,14.64,145,0.28,0.27,1238,0.00,1.00,0,0.5000,16.50,93,0,0.00,1,6.53,5.69,5.88,13.70
88205,4.69,0.78,2,14.36,13.92,8,14.64,145,0.27,0.27,1232,0.00,1.00,0,0.5000,17.00,93,0,0.00,1,6.38,5.50,5.88,13.70
88309,3.91,0.78,1,14.36,14.00,8,14.64,145,0.27,0.26,1238,0.00,1.00,0,0.5000,17.00,93,0,0.00,1,6.38,5.37,5.88,13.70
88413,3.91,0.78,1,14.36,13.92,8,14.64,145,0.27,0.27,1225,0.00,1.00,0,0.5000,17.50,93,0,0.00,1,6.38,5.37,5.88,13.70
88517,3.12,0.78,1,14.36,14.08,8,14.64,145,0.26,0.27,1208,0.00,1.00,0,0.5000,18.50,93,0,0.00,1,6.38,5.18,5.88,13.60
88621,2.34,0.78,1,14.36,14.08,8,14.64,145,0.27,0.27,1197,0.00,1.00,0,0.5000,19.00,93,0,0.00,1,6.38,5.31,5.88,13.70
88725,1.56,0.78,1,14.36,14.00,8,14.65,145,0.27,0.27,1175,0.00,1.00,0,0.5000,19.50,93,0,0.00,1,6.53,5.24,5.49,13.70
88829,1.56,0.78,1,14.36,14.00,8,14.65,145,0.27,0.28,1166,0.00,1.00,0,0.5000,20.00,93,0,0.00,1,6.53,5.34,5.49,13.70
88933,0.78,0.78,1,14.36,14.00,8,14.65,145,0.27,0.28,1157,0.00,1.00,0,0.5000,20.00,93,0,0.00,1,6.53,5.34,5.49,13.90
89037,0.78,0.78,1,14.36,14.08,8,14.65,145,0.27,0.28,1144,0.00,1.00,0,0.5000,21.00,93,0,0.00,1,6.53,5.28,5.49,14.00
89141,0.78,0.78,1,14.36,14.00,8,14.66,145,0.27,0.27,1137,0.00,1.00,0,0.5000,21.50,93,0,0.00,1,6.53,4.97,5.49,14.10
89244,0.00,0.78,1,14.36,14.00,8,14.66,147,0.27,0.27,1122,0.00,1.00,0,0.5000,21.00,93,0,0.00,1,6.67,5.09,5.49,14.10
89349,0.00,0.78,1,14.36,14.08,8,14.66,147,0.27,0.27,1113,0.00,1.00,0,0.5000,22.00,93,0,0.00,1,6.67,4.93,5.49,14.20
89453,-0.78,0.78,1,14.36,13.92,8,14.66,147,0.27,0.26,1103,0.00,1.00,0,0.5000,21.50,93,0,0.00,1,6.67,4.81,5.49,14.20
89557,-0.78,0.78,1,14.36,14.00,8,14.67,147,0.27,0.27,1086,0.00,1.00,0,0.5000,21.50,93,0,0.00,1,6.67,4.90,5.10,14.30
89661,-0.78,0.78,1,14.36,14.00,8,14.67,147,0.27,0.27,1058,0.00,1.00,0,0.5000,22.00,93,0,0.00,1,6.67,4.75,5.49,14.20
89765,-1.56,0.78,1,14.36,14.00,8,14.67,147,0.27,0.27,1049,0.00,1.00,0,0.5000,22.00,93,0,0.00,1,6.67,4.69,5.10,14.10
89869,-0.78,0.78,1,14.36,14.00,8,14.68,147,0.27,0.27,1045,0.00,1.00,0,0.5000,22.00,93,0,0.00,1,6.82,4.78,5.49,14.20
89973,-0.78,0.78,1,14.36,13.92,8,14.68,147,0.27,0.28,1034,0.00,1.00,0,0.5000,22.00,93,0,0.00,1,6.82,4.75,5.49,14.20
90077,-0.78,0.78,1,14.36,14.08,8,14.68,147,0.27,0.28,1022,0.00,1.00,0,0.5000,22.00,93,0,0.00,1,6.82,4.72,5.10,14.40
90181,-0.78,0.78,1,14.36,14.08,8,14.68,147,0.27,0.28,1020,0.00,1.00,0,0.5000,21.50,93,0,0.00,1,6.82,4.69,5.10,14.50
90284,-0.78,0.78,1,14.36,14.00,8,14.68,147,0.27,0.27,1022,0.00,1.00,0,0.5000,20.50,93,0,0.00,1,6.96,4.64,5.10,14.60
90389,-0.78,0.78,1,14.36,14.00,8,14.68,147,0.27,0.27,1004,0.00,1.00,0,0.5000,22.00,93,0,0.00,1,6.96,4.58,5.10,14.30
90493,-0.78,0.78,1,14.36,14.00,8,14.68,147,0.27,0.27,1002,0.00,1.00,0,0.5000,22.00,93,0,0.00,1,6.96,4.53,5.49,14.70
90596,0.00,0.78,1,14.36,14.00,8,14.69,147,0.28,0.29,981,0.00,1.00,0,0.5000,22.00,93,0,0.00,1,7.11,4.72,5.49,14.80
90701,0.00,0.78,1,14.36,14.08,8,14.69,147,0.29,0.29,988,0.00,1.00,0,0.5000,21.50,93,0,0.00,1,7.25,4.84,5.88,14.80
90804,0.00,0.78,1,14.36,13.92,8,14.69,147,0.29,0.31,973,0.00,1.00,0,0.5000,22.00,93,0,0.00,1,7.40,5.00,5.49,15.00
90909,0.78,0.78,1,14.36,14.00,8,14.69,147,0.30,0.30,971,0.00,1.00,0,0.5000,21.50,93,0,0.00,1,7.55,4.93,5.88,15.10
91013,1.56,0.78,1,14.36,14.00,8,14.69,147,0.30,0.30,994,0.00,1.00,0,0.5000,18.50,93,0,0.00,1,7.69,4.93,5.49,15.20
91117,2.34,0.78,1,14.36,14.00,8,14.68,147,0.30,0.30,1002,0.00,1.00,0,0.5000,19.50,93,0,0.00,1,7.69,4.97,5.88,15.40
91221,3.91,0.78,1,14.36,14.00,8,14.69,147,0.30,0.30,984,0.00,1.00,0,0.5000,19.50,93,0,0.00,1,7.69,5.00,5.49,15.60
91325,4.69,0.78,1,14.36,13.92,8,14.69,147,0.30,0.31,965,0.00,1.00,0,0.5000,19.00,93,0,0.00,1,7.69,5.00,5.49,15.80
91429,5.47,0.78,1,14.36,14.08,8,14.69,147,0.30,0.30,996,0.00,1.00,0,0.5000,17.50,93,0,0.00,1,7.69,4.90,5.88,15.90
91533,6.25,0.78,1,14.36,14.08,8,14.69,147,0.30,0.29,993,0.00,1.00,0,0.5000,17.50,93,0,0.00,1,7.69,4.84,5.88,16.00
91637,7.03,0.78,1,14.36,13.92,8,14.68,147,0.30,0.29,1002,0.00,1.00,0,0.5000,17.00,93,0,0.00,1,7.69,4.90,5.88,15.80
91741,7.81,0.78,1,14.36,14.00,8,14.68,147,0.30,0.29,1004,0.00,1.00,0,0.5000,16.50,93,0,0.00,1,7.69,4.93,5.88,15.90
91845,7.81,0.78,1,14.36,14.00,8,14.68,147,0.29,0.30,1016,0.00,1.00,0,0.5000,17.00,93,0,0.00,1,7.69,4.93,5.88,15.80
91949,8.59,0.78,1,14.36,14.00,8,14.68,147,0.29,0.30,1034,0.00,1.00,0,0.5000,17.00,93,0,0.00,1,7.69,5.06,5.88,15.70
92053,9.38,0.78,1,14.36,14.00,8,14.68,147,0.29,0.29,1033,0.00,1.00,0,0.5000,16.50,93,0,0.00,1,7.69,4.97,5.88,15.70
92157,10.16,0.78,1,14.36,14.00,8,14.68,147,0.29,0.29,1034,0.00,1.00,0,0.5000,16.00,93,0,0.00,1,7.55,5.06,5.49,15.70
92261,10.16,0.78,1,14.36,13.92,8,14.67,147,0.28,0.27,1050,0.00,1.00,0,0.5000,16.00,93,0,0.00,1,7.40,4.69,5.49,15.70
92365,10.94,0.78,1,14.36,14.08,8,14.67,147,0.28,0.27,1056,0.00,1.00,0,0.5000,16.00,93,0,0.00,1,7.25,4.69,5.49,15.60
92469,10.94,0.78,1,14.36,14.00,8,14.67,147,0.27,0.28,1051,0.00,1.00,0,0.5000,16.50,93,0,0.00,1,7.11,4.75,5.49,15.60
92573,10.94,0.78,1,14.36,14.00,8,14.68,147,0.27,0.27,1046,0.00,1.00,0,0.5000,16.50,93,0,0.00,1,7.11,4.69,5.49,15.60
92677,10.94,0.78,1,14.36,13.92,8,14.68,147,0.27,0.27,1044,0.00,1.00,0,0.5000,16.50,93,0,0.00,1,7.11,4.81,5.49,15.30
92781,10.94,0.78,1,14.36,14.00,8,14.68,147,0.27,0.28,1030,0.00,1.00,0,0.5000,16.50,93,0,0.00,1,7.11,4.81,5.49,15.10
92885,10.16,0.78,1,14.36,14.08,8,14.68,147,0.28,0.28,1029,0.00,1.00,0,0.5000,17.00,93,0,0.00,1,7.11,4.87,5.49,14.90
92989,10.16,0.78,1,14.36,14.00,8,14.68,147,0.28,0.29,1042,0.00,1.00,0,0.5000,17.00,93,0,0.00,1,7.11,4.93,5.49,14.80
93093,10.16,0.78,1,14.36,14.08,8,14.68,147,0.28,0.28,1036,0.00,1.00,0,0.5000,17.00,93,0,0.00,1,7.11,4.84,5.49,15.30
93197,10.16,0.78,1,14.36,13.60,8,14.68,147,0.28,0.28,1037,0.00,1.00,0,0.5000,16.50,93,0,0.00,1,7.11,4.84,5.88,14.40
93301,10.16,0.78,1,14.36,14.00,8,14.68,147,0.28,0.26,1023,0.00,1.00,0,0.5000,17.00,93,0,0.00,1,7.25,4.47,7.45,14.60
93405,10.16,0.78,1,14.36,13.92,8,14.68,147,0.31,0.36,1005,0.00,0.82,0,0.5000,18.00,93,0,0.00,1,8.13,5.98,7.45,14.60
93509,10.16,0.78,2,14.36,13.92,8,14.68,147,0.34,0.39,1014,0.00,0.82,0,0.5000,19.50,93,0,0.00,1,8.56,6.42,7.84,14.50
93613,10.94,0.78,2,14.36,13.92,8,14.67,147,0.35,0.36,1064,0.00,0.99,0,0.5000,15.50,93,0,0.00,1,9.00,6.42,7.84,15.30
93717,12.50,0.78,2,14.36,13.92,8,14.68,147,0.35,0.36,1038,0.00,0.99,0,0.5000,15.50,93,0,0.00,1,9.14,6.24,7.45,15.20
93821,13.28,0.78,2,14.36,13.92,8,14.68,147,0.35,0.36,1041,0.00,0.99,0,0.5000,16.50,93,0,0.00,1,9.14,6.24,6.67,15.50
93925,14.06,0.78,2,14.36,14.00,8,14.67,147,0.35,0.35,1053,0.00,0.99,0,0.5000,17.00,93,0,0.00,1,8.85,5.89,6.67,15.60
94029,15.62,0.78,2,14.36,13.92,8,14.67,147,0.34,0.33,1068,0.00,0.99,0,0.5000,16.50,93,0,0.00,1,8.71,5.79,6.67,15.80
94133,16.41,0.78,2,14.36,13.92,8,14.67,147,0.33,0.32,1062,0.00,0.99,0,0.5000,16.00,93,0,0.00,1,8.56,5.66,6.67,15.90
94237,16.41,0.78,2,14.36,13.92,8,14.67,147,0.33,0.32,1071,0.00,0.99,0,0.5000,16.00,93,0,0.00,1,8.42,5.82,6.67,15.90
94342,15.62,0.78,2,14.36,14.00,8,14.67,147,0.33,0.33,1076,0.00,1.00,0,0.5000,15.50,93,0,0.00,1,8.42,5.85,6.67,15.70
94446,15.62,0.78,2,14.36,13.92,8,14.67,147,0.32,0.32,1086,0.00,1.00,0,0.5000,14.50,93,0,0.00,1,8.27,5.76,6.67,15.40
94549,15.62,0.78,2,14.36,13.92,8,14.67,147,0.32,0.32,1086,0.00,1.00,0,0.5000,16.00,93,0,0.00,1,8.27,5.76,6.67,15.20
94653,15.62,0.78,2,14.36,14.00,8,14.67,147,0.33,0.33,1077,0.00,1.00,0,0.5000,16.50,93,0,0.00,1,8.27,5.85,6.67,14.90
94757,15.62,0.78,2,14.36,14.00,8,14.67,147,0.33,0.33,1089,0.00,1.00,0,0.5000,16.50,95,0,0.00,1,8.27,5.89,6.67,14.90
94861,15.62,0.78,2,14.36,13.84,8,14.67,147,0.33,0.33,1088,0.00,1.00,0,0.5000,16.50,95,0,0.00,1,8.13,5.92,6.67,14.80
94965,15.62,0.78,2,14.36,14.00,8,14.67,147,0.32,0.32,1084,0.00,1.00,0,0.5000,16.50,95,0,0.00,1,8.13,5.82,6.67,14.80
95069,15.62,0.78,2,14.36,14.00,8,14.67,147,0.33,0.32,1082,0.00,1.00,0,0.5000,16.50,95,0,0.00,1,8.13,5.85,6.67,14.70
95173,15.62,0.78,2,14.36,14.08,8,14.67,147,0.33,0.33,1074,0.00,1.00,0,0.5000,16.50,95,0,0.00,1,8.13,5.92,6.67,14.70
95277,15.62,0.78,2,14.36,14.00,8,14.67,147,0.33,0.33,1076,0.00,1.00,0,0.5000,16.50,95,0,0.00,1,8.13,5.92,6.27,14.90
95382,14.84,0.78,2,14.36,13.92,8,14.66,147,0.33,0.33,1092,0.00,1.00,0,0.5000,16.50,95,0,0.00,1,8.13,5.92,6.27,14.90
95485,14.84,0.78,2,14.36,14.00,8,14.67,147,0.32,0.32,1092,0.00,1.00,0,0.5000,16.50,95,0,0.00,1,8.13,5.73,6.27,14.50
95589,14.84,0.78,2,14.36,13.92,8,14.67,147,0.32,0.31,1083,0.00,1.00,0,0.5000,17.00,95,0,0.00,1,7.98,5.60,6.27,14.60
95693,14.06,0.78,2,14.36,13.92,8,14.67,147,0.32,0.31,1081,0.00,1.00,0,0.5000,17.00,95,0,0.00,1,7.98,5.60,6.27,14.50
95797,14.06,0.78,2,14.36,14.00,8,14.67,147,0.32,0.33,1072,0.00,1.00,0,0.5000,17.00,95,0,0.00,1,7.98,5.89,6.27,14.30
95901,13.28,0.78,2,14.36,13.84,8,14.67,147,0.32,0.32,1076,0.00,1.00,0,0.5000,17.00,95,0,0.00,1,7.98,5.69,6.27,14.30
96004,13.28,0.78,2,14.36,14.08,8,14.67,147,0.32,0.32,1073,0.00,1.00,0,0.5000,16.50,95,0,0.00,1,7.98,5.89,6.27,14.30
96109,13.28,0.78,2,14.36,14.00,8,14.67,147,0.32,0.32,1060,0.00,1.00,0,0.5000,17.00,95,0,0.00,1,7.98,5.73,6.27,14.30
96213,13.28,0.78,2,14.36,14.00,8,14.67,147,0.32,0.32,1066,0.00,1.00,0,0.5000,17.00,95,0,0.00,1,7.98,5.63,6.27,14.30
96317,13.28,0.78,2,14.36,14.00,8,14.67,147,0.33,0.33,1054,0.00,1.00,0,0.5000,17.50,95,0,0.00,1,7.98,5.76,6.27,14.30
96421,12.50,0.78,2,14.36,14.00,8,14.68,149,0.33,0.33,1047,0.00,1.00,0,0.5000,18.00,95,0,0.00,1,7.98,5.73,6.27,14.30
96525,12.50,0.78,2,14.36,14.00,8,14.68,149,0.33,0.32,1043,0.00,1.00,0,0.5000,17.50,95,0,0.00,1,7.98,5.69,6.27,14.20
96629,12.50,0.78,2,14.36,14.00,8,14.68,149,0.33,0.33,1036,0.00,1.00,0,0.5000,17.00,95,0,0.00,1,7.98,5.69,6.27,14.40
96733,11.72,0.78,2,14.36,14.00,8,14.68,149,0.33,0.32,1041,0.00,1.00,0,0.5000,17.50,95,0,0.00,1,7.98,5.60,6.27,14.30
96837,11.72,0.78,2,14.36,14.00,8,14.67,149,0.33,0.33,1048,0.00,1.00,0,0.5000,17.50,95,0,0.00,1,8.13,5.69,6.27,14.30
96941,11.72,0.78,1,14.36,13.84,8,14.67,149,0.33,0.33,1047,0.00,1.00,0,0.5000,17.50,95,0,0.00,1,8.13,5.63,6.27,14.30
97045,10.94,0.78,1,14.36,14.00,8,14.68,149,0.32,0.32,1024,0.00,1.00,0,0.5000,18.00,95,0,0.00,1,7.98,5.47,6.27,14.30
97149,10.94,0.78,1,14.36,13.92,8,14.68,149,0.32,0.31,1020,0.00,1.00,0,0.5000,17.00,95,0,0.00,1,8.13,5.31,6.27,14.30
97253,10.94,0.78,1,14.36,13.92,8,14.68,149,0.32,0.32,1030,0.00,1.00,0,0.5000,17.50,95,0,0.00,1,8.13,5.53,6.27,14.20
97358,10.94,0.78,1,14.36,14.00,8,14.68,149,0.32,0.33,1017,0.00,1.00,0,0.5000,18.50,95,0,0.00,1,8.13,5.50,6.27,14.30
97462,10.94,0.78,1,14.36,14.08,8,14.68,149,0.32,0.32,1016,0.00,1.00,0,0.5000,18.00,95,0,0.00,1,8.13,5.50,5.88,14.30
97565,10.94,0.78,1,14.36,14.08,8,14.68,149,0.32,0.32,1022,0.00,1.00,0,0.5000,17.00,95,0,0.00,1,8.13,5.53,6.27,14.50
97669,10.94,0.78,1,14.36,14.08,8,14.68,149,0.32,0.32,1016,0.00,1.00,0,0.5000,17.00,95,0,0.00,1,8.13,5.56,5.88,14.40
97773,10.94,0.78,1,14.36,13.92,8,14.68,149,0.33,0.33,1026,0.00,1.00,0,0.5000,17.50,95,0,0.00,1,8.13,5.63,6.27,14.60
97877,10.94,0.78,2,14.36,14.00,8,14.68,149,0.33,0.34,1019,0.00,1.00,0,0.5000,18.00,95,0,0.00,1,8.13,5.66,5.88,14.50
97982,10.94,0.78,1,14.36,14.00,8,14.68,149,0.33,0.33,1008,0.00,1.00,0,0.5000,17.00,95,0,0.00,1,8.13,5.56,5.88,14.60
98085,10.94,0.78,1,14.36,14.00,8,14.68,149,0.32,0.32,1015,0.00,1.00,0,0.5000,17.00,95,0,0.00,1,8.13,5.37,5.88,14.70
98189,10.94,0.78,1,14.36,14.00,8,14.68,149,0.32,0.32,1013,0.00,1.00,0,0.5000,17.00,95,0,0.00,1,8.13,5.31,5.88,14.60
98294,10.94,0.78,1,14.36,13.92,8,14.68,149,0.32,0.31,1017,0.00,1.00,0,0.5000,17.50,95,0,0.00,1,8.13,5.24,5.88,14.70
98397,10.16,0.78,1,14.36,14.00,8,14.69,149,0.32,0.32,998,0.00,1.00,0,0.5000,17.50,95,0,0.00,1,8.13,5.37,6.27,14.60
98501,10.94,0.78,1,14.36,14.08,8,14.69,149,0.32,0.32,988,0.00,1.00,0,0.5000,17.50,95,0,0.00,1,8.27,5.37,6.67,14.50
98605,10.94,0.78,1,14.36,14.00,8,14.69,149,0.33,0.35,977,0.00,1.00,0,0.5000,19.50,95,0,0.00,1,8.42,5.73,6.67,14.50
98709,10.94,0.78,2,14.36,14.00,8,14.69,149,0.34,0.35,976,0.00,1.00,0,0.5000,19.00,95,0,0.00,1,8.56,5.79,6.67,14.50
98813,10.94,0.78,2,14.36,13.92,8,14.69,149,0.34,0.33,988,0.00,1.00,0,0.5000,17.00,95,0,0.00,1,8.71,5.56,6.27,14.70
98918,11.72,0.78,1,14.36,13.92,8,14.69,149,0.34,0.34,1000,0.00,1.00,0,0.5000,17.00,95,0,0.00,1,8.71,5.56,6.27,14.80
99022,12.50,0.78,1,14.36,14.00,8,14.69,149,0.34,0.35,988,0.00,1.00,0,0.5000,17.50,95,0,0.00,1,8.71,5.66,6.27,15.10
99126,12.50,0.78,1,14.36,14.00,8,14.69,149,0.34,0.34,992,0.00,1.00,0,0.5000,17.00,95,0,0.00,1,8.56,5.66,6.27,15.10
99229,13.28,0.78,2,14.36,14.00,8,14.68,149,0.34,0.34,1011,0.00,1.00,0,0.5000,16.50,95,0,0.00,1,8.56,5.69,6.27,15.10
99334,13.28,0.78,2,14.36,13.84,8,14.68,149,0.33,0.33,1032,0.00,1.00,0,0.5000,16.00,95,0,0.00,1,8.56,5.66,6.27,15.30
99438,13.28,0.78,1,14.36,13.92,8,14.68,149,0.33,0.33,1042,0.00,1.00,0,0.5000,16.50,95,0,0.00,1,8.42,5.60,6.27,15.30
99542,14.06,0.78,1,14.36,14.08,8,14.68,149,0.33,0.32,1036,0.00,1.00,0,0.5000,16.00,95,0,0.00,1,8.42,5.53,6.27,15.20
99646,14.06,0.78,2,14.36,14.00,8,14.68,149,0.33,0.32,1039,0.00,1.00,0,0.5000,15.50,95,0,0.00,1,8.27,5.66,6.27,15.20
99750,14.06,0.78,1,14.36,14.00,8,14.67,149,0.32,0.32,1047,0.00,1.00,0,0.5000,15.00,95,0,0.00,1,8.27,5.66,6.27,15.10
99854,14.06,0.78,2,14.36,14.00,8,14.67,149,0.32,0.32,1051,0.00,1.00,0,0.5000,16.00,95,0,0.00,1,8.13,5.63,5.88,15.00
99958,14.06,0.78,1,14.36,13.92,8,14.67,149,0.32,0.31,1054,0.00,1.00,0,0.5000,16.00,95,0,0.00,1,7.98,5.44,5.88,14.90
100062,14.06,0.78,1,14.36,14.08,8,14.68,149,0.32,0.31,1038,0.00,1.00,0,0.5000,16.50,95,0,0.00,1,7.98,5.44,5.88,14.80
100166,14.06,0.78,1,14.36,14.00,8,14.68,149,0.32,0.31,1033,0.00,1.00,0,0.5000,16.50,95,0,0.00,1,7.84,5.50,6.27,14.80
100270,13.28,0.78,1,14.36,14.08,8,14.68,149,0.32,0.32,1029,0.00,1.00,0,0.5000,16.50,95,0,0.00,1,7.84,5.56,6.27,15.00
100374,12.50,0.78,2,14.36,13.92,8,14.68,149,0.32,0.33,1039,0.00,1.00,0,0.5000,16.50,95,0,0.00,1,7.98,5.66,5.88,14.40
100478,12.50,0.78,2,14.36,13.92,8,14.68,149,0.32,0.33,1024,0.00,1.00,0,0.5000,17.00,95,0,0.00,1,7.98,5.60,5.88,14.40
100582,11.72,0.78,1,14.36,14.00,8,14.68,149,0.32,0.32,1006,0.00,1.00,0,0.5000,17.50,95,0,0.00,1,7.98,5.47,5.88,14.30
100686,11.72,0.78,1,14.36,13.92,8,14.68,149,0.32,0.32,1006,0.00,1.00,0,0.5000,17.00,95,0,0.00,1,7.98,5.34,5.88,14.20
100790,11.72,0.78,1,14.36,14.00,8,14.68,149,0.32,0.32,1009,0.00,1.00,0,0.5000,17.00,95,0,0.00,1,7.98,5.40,5.88,14.20
100894,10.94,0.78,1,14.36,14.00,8,14.69,149,0.32,0.32,1000,0.00,1.00,0,0.5000,17.50,95,0,0.00,1,7.98,5.37,6.27,14.20
100997,10.94,0.78,1,14.36,14.00,8,14.69,149,0.33,0.33,999,0.00,1.00,0,0.5000,17.50,95,0,0.00,1,8.27,5.50,6.27,14.20
101102,10.94,0.78,2,14.36,14.00,8,14.69,149,0.33,0.34,990,0.00,1.00,0,0.5000,17.00,95,0,0.00,1,8.27,5.66,6.27,14.20
101206,10.94,0.78,2,14.36,13.92,8,14.68,149,0.34,0.35,1007,0.00,1.00,0,0.5000,17.00,95,0,0.00,1,8.42,5.79,6.27,14.10
101309,10.94,0.78,2,14.36,14.00,8,14.69,149,0.34,0.35,1000,0.00,1.00,0,0.5000,17.50,95,0,0.00,1,8.42,5.82,6.27,14.40
101414,10.94,0.78,1,14.36,13.76,8,14.69,149,0.34,0.34,992,0.00,1.00,0,0.5000,17.00,95,0,0.00,1,8.42,5.56,6.27,14.60
101517,11.72,0.78,1,14.36,14.00,8,14.69,149,0.33,0.33,1001,0.00,1.00,0,0.5000,17.00,95,0,0.00,1,8.42,5.50,6.27,15.20
101622,11.72,0.78,1,14.36,13.92,8,14.68,149,0.33,0.32,1010,0.00,1.00,0,0.5000,17.00,95,0,0.00,1,8.42,5.47,6.27,14.90
101726,11.72,0.78,1,14.36,14.00,8,14.68,149,0.33,0.33,1006,0.00,1.00,0,0.5000,17.00,95,0,0.00,1,8.42,5.53,6.27,15.00
101830,11.72,0.78,1,14.36,14.08,8,14.68,149,0.33,0.33,1010,0.00,1.00,0,0.5000,16.50,95,0,0.00,1,8.42,5.47,6.27,14.90
101934,11.72,0.78,1,14.36,14.08,8,14.68,149,0.33,0.33,1007,0.00,1.00,0,0.5000,16.50,95,0,0.00,1,8.42,5.56,6.27,14.80
102038,11.72,0.78,1,14.36,13.92,8,14.68,149,0.33,0.33,1017,0.00,1.00,0,0.5000,17.00,95,0,0.00,1,8.27,5.60,6.27,14.90
102142,12.50,0.78,1,14.36,14.00,8,14.68,149,0.33,0.34,1014,0.00,1.00,0,0.5000,17.00,95,0,0.00,1,8.42,5.66,6.27,15.10
102246,12.50,0.78,2,14.36,13.92,8,14.68,149,0.33,0.33,1008,0.00,1.00,0,0.5000,17.00,95,0,0.00,1,8.42,5.50,6.27,14.90
102350,12.50,0.78,1,14.36,14.00,8,14.68,149,0.32,0.32,1016,0.00,1.00,0,0.5000,16.50,95,0,0.00,1,8.27,5.50,6.27,14.90
102454,12.50,0.78,1,14.36,14.08,8,14.68,149,0.32,0.32,1020,0.00,1.00,0,0.5000,16.50,95,0,0.00,1,8.27,5.47,6.27,14.90
102558,12.50,0.78,1,14.36,13.92,8,14.68,149,0.32,0.32,1015,0.00,1.00,0,0.5000,17.00,95,0,0.00,1,8.27,5.44,6.27,14.80
102663,12.50,0.78,1,14.36,13.92,8,14.69,149,0.32,0.32,996,0.00,1.00,0,0.5000,17.00,95,0,0.00,1,8.27,5.44,6.27,14.90
102765,12.50,0.78,1,14.36,14.00,8,14.69,149,0.33,0.33,994,0.00,1.00,0,0.5000,17.00,95,0,0.00,1,8.27,5.50,6.27,14.90
102870,13.28,0.78,1,14.36,13.92,8,14.69,149,0.33,0.34,980,0.00,1.00,0,0.5000,18.00,95,0,0.00,1,8.42,5.56,6.27,14.80
102974,13.28,0.78,1,14.36,14.08,8,14.69,149,0.33,0.34,974,0.00,1.00,0,0.5000,18.00,95,0,0.00,1,8.42,5.47,6.27,14.80
103078,13.28,0.78,1,14.36,14.08,8,14.69,149,0.33,0.33,982,0.00,1.00,0,0.5000,17.50,95,0,0.00,1,8.56,5.37,6.27,14.80
103182,13.28,0.78,1,14.36,13.92,8,14.69,149,0.33,0.34,993,0.00,1.00,0,0.5000,17.00,95,0,0.00,1,8.56,5.50,6.27,14.80
103286,13.28,0.78,1,14.36,14.00,8,14.68,149,0.33,0.32,1008,0.00,1.00,0,0.5000,17.00,95,0,0.00,1,8.42,5.37,6.27,14.90
103390,14.06,0.78,1,14.36,14.08,8,14.68,149,0.32,0.30,1020,0.00,1.00,0,0.5000,16.50,95,0,0.00,1,8.42,5.21,6.27,14.90
103494,14.06,0.78,1,14.36,14.00,8,14.68,149,0.32,0.32,1016,0.00,1.00,0,0.5000,16.00,95,0,0.00,1,8.42,5.50,6.27,14.80
103598,14.06,0.78,1,14.36,14.00,8,14.68,149,0.33,0.33,1008,0.00,1.00,0,0.5000,17.00,95,0,0.00,1,8.27,5.47,6.27,14.90
103702,14.06,0.78,1,14.36,14.00,8,14.68,149,0.33,0.33,1012,0.00,1.00,0,0.5000,17.00,95,0,0.00,1,8.42,5.53,6.27,14.90
103806,14.06,0.78,2,14.36,13.84,8,14.69,149,0.33,0.32,999,0.00,1.00,0,0.5000,17.00,95,0,0.00,1,8.42,5.47,6.27,14.90
103910,14.84,0.78,2,14.36,14.00,8,14.68,151,0.33,0.33,1011,0.00,1.00,0,0.5000,16.50,95,0,0.00,1,8.42,5.66,6.27,15.00
104014,14.84,0.78,1,14.36,14.00,8,14.68,151,0.33,0.32,1015,0.00,1.00,0,0.5000,16.50,95,0,0.00,1,8.27,5.47,6.27,15.00
104118,14.06,0.78,1,14.36,14.08,8,14.68,151,0.33,0.34,1026,0.00,1.00,0,0.5000,17.00,95,0,0.00,1,8.27,5.66,6.27,15.00
104222,14.06,0.78,2,14.36,14.00,8,14.68,151,0.33,0.33,1017,0.00,1.00,0,0.5000,16.50,95,0,0.00,1,8.27,5.60,6.27,14.80
104326,14.06,0.78,2,14.36,13.92,8,14.68,151,0.33,0.33,1029,0.00,1.00,0,0.5000,16.00,95,0,0.00,1,8.27,5.79,6.27,14.70
104430,14.06,0.78,2,14.36,13.92,8,14.68,151,0.33,0.33,1038,0.00,1.00,0,0.5000,16.00,95,0,0.00,1,8.27,5.63,6.27,15.20
104534,14.06,0.78,2,14.36,14.08,8,14.68,151,0.33,0.33,1045,0.00,1.00,0,0.5000,16.50,95,0,0.00,1,8.13,5.60,6.27,14.50
104638,13.28,0.78,1,14.36,14.08,8,14.67,151,0.32,0.32,1049,0.00,1.00,0,0.5000,16.50,95,0,0.00,1,8.13,5.53,6.27,14.50
104742,13.28,0.78,1,14.36,13.84,8,14.68,151,0.32,0.31,1041,0.00,1.00,0,0.5000,16.50,95,0,0.00,1,8.13,5.44,5.88,14.40
104846,13.28,0.78,1,14.36,13.92,8,14.68,151,0.32,0.31,1040,0.00,1.00,0,0.5000,16.00,95,0,0.00,1,7.98,5.40,5.49,14.40
104950,13.28,0.78,1,14.36,13.92,8,14.68,151,0.31,0.30,1040,0.00,1.00,0,0.5000,16.50,95,0,0.00,1,7.69,5.27,5.88,14.40
105054,13.28,0.78,1,14.36,14.08,8,14.68,151,0.31,0.31,1036,0.00,1.00,0,0.5000,17.00,95,0,0.00,1,7.69,5.18,5.88,14.30
105158,12.50,0.78,1,14.36,14.00,8,14.68,151,0.31,0.31,1020,0.00,1.00,0,0.5000,17.00,95,0,0.00,1,7.69,5.24,5.88,14.30
105262,10.94,0.78,1,14.36,13.92,8,14.68,151,0.31,0.32,1003,0.00,1.00,0,0.5000,17.00,95,0,0.00,1,7.69,5.37,5.88,14.30
105366,10.94,0.78,1,14.36,14.00,8,14.69,151,0.32,0.32,986,0.00,1.00,0,0.5000,17.50,95,0,0.00,1,7.84,5.34,6.27,14.10
105471,10.16,0.78,1,14.36,14.00,8,14.69,151,0.32,0.34,985,0.00,1.00,0,0.5000,19.50,95,0,0.00,1,7.98,5.56,6.27,14.10
105574,10.16,0.78,1,14.36,13.92,8,14.69,151,0.33,0.33,982,0.00,1.00,0,0.5000,18.00,95,0,0.00,1,8.13,5.50,6.27,14.00
105678,10.16,0.78,1,14.36,14.08,8,14.69,151,0.33,0.34,979,0.00,1.00,0,0.5000,17.00,95,0,0.00,1,8.27,5.60,6.27,14.00
105782,10.16,0.78,1,14.36,13.92,8,14.69,151,0.33,0.33,982,0.00,1.00,0,0.5000,17.50,95,0,0.00,1,8.27,5.37,5.88,14.10
105886,10.16,0.78,1,14.36,14.00,8,14.69,151,0.33,0.33,997,0.00,1.00,0,0.5000,17.00,95,0,0.00,1,8.27,5.37,5.88,14.20
105990,10.16,0.78,1,14.36,14.00,8,14.69,151,0.33,0.32,986,0.00,1.00,0,0.5000,17.00,95,0,0.00,1,8.27,5.34,5.88,14.20
106095,10.16,0.78,1,14.36,13.92,8,14.69,151,0.32,0.31,983,0.00,1.00,0,0.5000,17.00,95,0,0.00,1,8.27,5.09,5.88,14.40
106198,10.16,0.78,1,14.36,14.00,8,14.69,151,0.32,0.31,987,0.00,1.00,0,0.5000,17.50,95,0,0.00,1,8.27,5.06,5.88,14.40
106302,10.16,0.78,1,14.36,13.92,8,14.69,151,0.32,0.32,975,0.00,1.00,0,0.5000,17.50,95,0,0.00,1,8.27,5.31,5.88,14.30
106406,10.94,0.78,1,14.36,14.08,8,14.69,151,0.32,0.32,973,0.00,1.00,0,0.5000,17.00,95,0,0.00,1,8.27,5.27,5.88,14.90
106510,10.94,0.78,1,14.36,13.92,8,14.69,151,0.33,0.33,982,0.00,1.00,0,0.5000,17.50,95,0,0.00,1,8.27,5.47,5.88,14.80
106614,10.94,0.78,1,14.36,14.00,8,14.69,151,0.33,0.33,971,0.00,1.00,0,0.5000,17.50,95,0,0.00,1,8.27,5.37,5.88,14.80
106718,10.94,0.78,1,14.36,14.00,8,14.69,151,0.33,0.33,965,0.00,1.00,0,0.5000,17.50,95,0,0.00,1,8.42,5.37,5.88,14.80
106822,11.72,0.78,1,14.36,14.00,8,14.69,151,0.33,0.33,984,0.00,1.00,0,0.5000,17.00,95,0,0.00,1,8.42,5.37,5.88,14.90
106926,11.72,0.78,1,14.36,14.00,8,14.69,151,0.33,0.34,962,0.00,1.00,0,0.5000,17.50,95,0,0.00,1,8.42,5.44,5.88,14.90
107030,11.72,0.78,1,14.36,13.76,8,14.69,151,0.33,0.32,970,0.00,1.00,0,0.5000,17.00,95,0,0.00,1,8.42,5.34,5.88,15.00
107134,11.72,0.78,1,14.36,13.92,8,14.69,151,0.33,0.33,985,0.00,1.00,0,0.5000,17.00,95,0,0.00,1,8.42,5.37,5.88,14.90
107238,11.72,0.78,1,14.36,14.00,8,14.69,151,0.33,0.33,981,0.00,1.00,0,0.5000,17.00,95,0,0.00,1,8.42,5.37,5.88,14.80
107342,11.72,0.78,1,14.36,14.00,8,14.69,151,0.33,0.33,973,0.00,1.00,0,0.5000,17.00,95,0,0.00,1,8.42,5.44,6.27,14.80
107446,11.72,0.78,1,14.36,14.00,8,14.69,151,0.33,0.33,985,0.00,1.00,0,0.5000,17.00,95,0,0.00,1,8.42,5.47,5.88,14.90
107550,11.72,0.78,1,14.36,13.92,8,14.69,151,0.33,0.33,998,0.00,1.00,0,0.5000,17.00,95,0,0.00,1,8.42,5.50,5.88,14.80
107654,11.72,0.78,1,14.36,13.92,8,14.69,151,0.33,0.32,973,0.00,1.00,0,0.5000,17.00,95,0,0.00,1,8.42,5.24,5.88,14.80
107758,11.72,0.78,1,14.36,13.84,8,14.69,151,0.32,0.31,977,0.00,1.00,0,0.5000,17.00,95,0,0.00,1,8.42,5.09,5.88,14.70
107862,11.72,0.78,1,14.36,14.08,8,14.69,151,0.32,0.33,981,0.00,1.00,0,0.5000,17.00,95,0,0.00,1,8.42,5.15,5.88,15.00
107966,11.72,0.78,1,14.36,14.00,8,14.69,151,0.32,0.33,974,0.00,1.00,0,0.5000,17.00,95,0,0.00,1,8.42,5.31,5.88,14.70
108070,11.72,0.78,1,14.36,14.00,8,14.69,151,0.32,0.32,972,0.00,1.00,0,0.5000,17.00,95,0,0.00,1,8.42,5.31,5.88,14.80
108174,12.50,0.78,1,14.36,13.92,8,14.69,151,0.33,0.33,989,0.00,1.00,0,0.5000,16.50,95,0,0.00,1,8.42,5.44,5.88,14.90
108279,12.50,0.78,1,14.36,13.92,8,14.69,151,0.33,0.33,992,0.00,1.00,0,0.5000,17.00,95,0,0.00,1,8.42,5.37,5.88,14.80
108382,12.50,0.78,1,14.36,14.08,8,14.69,151,0.33,0.33,977,0.00,1.00,0,0.5000,17.00,95,0,0.00,1,8.42,5.40,6.27,14.90
108486,13.28,0.78,1,14.36,14.00,8,14.69,151,0.32,0.31,1000,0.00,1.00,0,0.5000,16.50,95,0,0.00,1,8.42,5.24,5.88,15.10
108591,13.28,0.78,1,14.36,14.00,8,14.68,151,0.32,0.31,1004,0.00,1.00,0,0.5000,16.50,95,0,0.00,1,8.27,5.12,5.88,15.00
108694,13.28,0.78,1,14.36,13.92,8,14.69,151,0.32,0.32,982,0.00,1.00,0,0.5000,17.00,95,0,0.00,1,8.27,5.21,5.88,15.00
108798,13.28,0.78,1,14.36,14.00,8,14.69,151,0.32,0.32,972,0.00,1.00,0,0.5000,17.00,95,0,0.00,1,8.27,5.31,5.88,14.90
108902,13.28,0.78,1,14.36,14.00,8,14.69,151,0.32,0.33,980,0.00,1.00,0,0.5000,17.00,95,0,0.00,1,8.42,5.24,5.88,14.80
109006,13.28,0.78,1,14.36,14.00,8,14.69,151,0.32,0.32,977,0.00,1.00,0,0.5000,17.00,95,0,0.00,1,8.42,5.12,5.88,14.80
109110,13.28,0.78,1,14.36,13.92,8,14.69,151,0.33,0.33,964,0.00,1.00,0,0.5000,17.00,95,0,0.00,1,8.42,5.47,5.88,14.90
109215,14.06,0.78,1,14.36,13.92,8,14.69,151,0.33,0.33,974,0.00,1.00,0,0.5000,17.00,95,0,0.00,1,8.42,5.24,5.88,15.00
109318,14.06,0.78,1,14.36,13.92,8,14.69,151,0.33,0.33,989,0.00,1.00,0,0.5000,17.00,95,0,0.00,1,8.42,5.40,5.88,14.90
109423,14.06,0.78,1,14.36,13.92,8,14.69,151,0.33,0.33,992,0.00,1.00,0,0.5000,16.50,95,0,0.00,1,8.42,5.44,5.88,15.00
109527,14.06,0.78,1,14.36,14.08,8,14.69,151,0.33,0.33,980,0.00,1.00,0,0.5000,17.00,95,0,0.00,1,8.42,5.37,5.88,15.00
109630,14.06,0.78,1,14.36,14.00,8,14.69,151,0.33,0.33,994,0.00,1.00,0,0.5000,17.00,95,0,0.00,1,8.42,5.44,5.88,14.90
109735,14.06,0.78,1,14.36,13.92,8,14.68,151,0.33,0.33,1002,0.00,1.00,0,0.5000,16.50,95,0,0.00,1,8.27,5.50,5.88,14.90
109839,14.06,0.78,1,14.36,13.92,8,14.69,151,0.33,0.33,1000,0.00,1.00,0,0.5000,16.00,95,0,0.00,1,8.27,5.47,5.88,14.80
109944,14.06,0.78,1,14.36,13.84,8,14.68,151,0.33,0.32,1010,0.00,1.00,0,0.5000,16.50,95,0,0.00,1,8.27,5.47,5.88,14.80
110048,14.06,0.78,1,14.36,14.00,8,14.68,151,0.32,0.32,1019,0.00,1.00,0,0.5000,16.50,95,0,0.00,1,8.13,5.44,5.88,14.90
110152,13.28,0.78,1,14.36,14.00,8,14.69,151,0.32,0.32,1001,0.00,1.00,0,0.5000,16.50,95,0,0.00,1,8.13,5.37,5.88,14.50
110256,13.28,0.78,1,14.36,14.00,8,14.68,151,0.32,0.31,1012,0.00,1.00,0,0.5000,16.00,95,0,0.00,1,8.13,5.34,5.88,14.50
110360,12.50,0.78,1,14.36,14.00,8,14.68,151,0.32,0.31,1008,0.00,1.00,0,0.5000,16.50,95,0,0.00,1,8.13,5.21,5.88,14.40
110464,12.50,0.78,1,14.36,14.00,8,14.68,151,0.32,0.31,1017,0.00,1.00,0,0.5000,17.00,95,0,0.00,1,8.13,5.27,5.88,14.40
110568,12.50,0.78,1,14.36,14.08,8,14.69,151,0.32,0.32,994,0.00,1.00,0,0.5000,17.00,95,0,0.00,1,8.13,5.28,5.88,14.40
110672,12.50,0.78,1,14.36,13.92,8,14.69,151,0.31,0.31,994,0.00,1.00,0,0.5000,17.00,95,0,0.00,1,8.13,5.21,5.10,14.40
110776,12.50,0.78,1,14.36,14.08,8,14.68,151,0.30,0.28,1037,0.00,1.00,0,0.5000,15.50,95,0,0.00,1,7.69,4.87,5.49,14.50
110880,12.50,0.78,1,14.36,13.76,8,14.67,151,0.28,0.26,1072,0.00,1.00,0,0.5000,13.00,95,0,0.00,1,7.40,4.64,5.10,14.50
110984,11.72,0.78,1,14.36,14.00,8,14.67,151,0.27,0.26,1066,0.00,1.00,0,0.5000,13.50,95,0,0.00,1,7.11,4.58,4.71,14.40
111088,10.94,0.78,1,14.36,14.00,8,14.67,151,0.26,0.26,1070,0.00,1.00,0,0.5000,14.00,95,0,0.00,1,6.82,4.58,4.71,14.50
111192,10.16,0.78,1,14.36,14.00,8,14.67,151,0.26,0.25,1053,0.00,1.00,0,0.5000,16.00,95,0,0.00,1,6.67,4.42,4.71,14.30
111296,9.38,0.78,1,14.36,14.00,8,14.68,151,0.26,0.25,1036,0.00,1.01,0,0.5000,16.00,95,0,0.00,1,6.67,4.39,5.10,14.10
111400,8.59,0.78,1,14.36,13.84,8,14.67,151,0.25,0.25,1052,0.00,1.01,0,0.5000,16.00,95,0,0.00,1,6.67,4.30,5.10,14.10
111504,7.81,0.78,1,14.36,14.00,8,14.68,151,0.25,0.26,1033,0.00,1.00,0,0.5000,17.00,95,0,0.00,1,6.67,4.47,5.10,13.90
111608,7.03,0.78,1,14.36,14.00,8,14.68,151,0.26,0.26,1022,0.00,1.00,0,0.5000,17.00,95,0,0.00,1,6.67,4.42,5.10,13.70
111712,6.25,0.78,1,14.36,14.00,8,14.69,151,0.26,0.26,997,0.00,1.00,0,0.5000,17.00,95,0,0.00,1,6.67,4.50,5.49,13.60
111816,5.47,0.78,1,14.36,14.08,8,14.69,151,0.26,0.27,995,0.00,1.00,0,0.5000,18.00,95,0,0.00,1,6.82,4.53,5.49,13.60
111920,4.69,0.78,1,14.36,13.92,8,14.69,151,0.27,0.29,985,0.00,1.00,0,0.5000,20.00,95,0,0.00,1,6.96,4.69,5.49,13.50
112024,4.69,0.78,1,14.36,13.68,8,14.69,151,0.28,0.29,978,0.00,1.00,0,0.5000,18.50,95,0,0.00,1,7.11,4.81,5.49,13.50
112128,3.91,0.78,1,14.36,14.08,8,14.69,151,0.28,0.29,973,0.00,1.00,0,0.5000,18.50,95,0,0.00,1,7.11,4.78,5.10,13.70
112232,3.91,0.78,1,14.36,13.92,8,14.69,151,0.29,0.29,974,0.00,1.00,0,0.5000,19.50,95,0,0.00,1,7.25,4.69,5.10,13.80
112336,3.91,0.78,1,14.36,14.00,8,14.69,151,0.28,0.28,978,0.00,1.00,0,0.5000,17.50,95,0,0.00,1,7.25,4.58,5.10,14.00
112440,3.91,0.78,1,14.36,14.00,8,14.69,151,0.28,0.27,964,0.00,1.00,0,0.5000,18.00,95,0,0.00,1,7.25,4.42,5.10,14.20
112544,3.91,0.78,1,14.36,14.00,8,14.69,151,0.28,0.27,977,0.00,1.00,0,0.5000,17.50,95,0,0.00,1,7.25,4.42,5.10,14.10
112648,3.91,0.78,1,14.36,14.00,8,14.70,151,0.28,0.28,954,0.00,1.00,0,0.5000,19.00,95,0,0.00,1,7.25,4.50,5.10,14.40
112752,3.91,0.78,1,14.36,13.92,8,14.70,151,0.28,0.29,951,0.00,1.00,0,0.5000,17.50,95,0,0.00,1,7.25,4.55,5.10,14.40
112856,3.91,0.78,1,14.36,14.00,8,14.70,153,0.28,0.29,940,0.00,1.00,0,0.5000,21.00,95,0,0.00,1,7.40,4.55,5.10,14.40
112960,3.91,0.78,1,14.36,14.08,8,14.70,153,0.28,0.29,930,0.00,1.00,0,0.5000,20.00,95,0,0.00,1,7.40,4.44,5.10,14.50
113064,3.91,0.78,1,14.36,14.08,8,14.70,153,0.28,0.28,943,0.00,1.00,0,0.5000,18.00,95,0,0.00,1,7.40,4.44,5.10,14.50
113168,3.91,0.78,1,14.36,14.00,8,14.70,153,0.29,0.29,943,0.00,1.00,0,0.5000,18.50,95,0,0.00,1,7.40,4.61,5.10,14.60
113272,4.69,0.78,1,14.36,13.92,8,14.70,153,0.29,0.29,933,0.00,1.00,0,0.5000,18.50,95,0,0.00,1,7.55,4.55,5.49,15.00
113376,4.69,0.78,1,14.36,14.00,8,14.69,153,0.29,0.29,960,0.00,1.00,0,0.5000,17.00,95,0,0.00,1,7.55,4.58,5.49,14.80
113480,4.69,0.78,1,14.36,14.08,8,14.70,153,0.29,0.29,940,0.00,1.00,0,0.5000,18.00,95,0,0.00,1,7.55,4.50,5.49,15.00
113584,5.47,0.78,1,14.36,14.00,8,14.70,153,0.29,0.29,942,0.00,1.00,0,0.5000,17.50,95,0,0.00,1,7.55,4.64,5.49,14.90
113688,5.47,0.78,1,14.36,14.00,8,14.69,153,0.29,0.29,963,0.00,1.00,0,0.5000,17.00,95,0,0.00,1,7.55,4.55,5.49,15.00
113792,6.25,0.78,1,14.36,13.92,8,14.69,153,0.28,0.28,958,0.00,1.00,0,0.5000,17.00,95,0,0.00,1,7.55,4.53,5.49,15.20
113896,6.25,0.78,1,14.36,14.00,8,14.70,153,0.28,0.28,948,0.00,1.00,0,0.5000,17.00,95,0,0.00,1,7.55,4.53,5.49,15.20
114000,7.03,0.78,1,14.36,14.00,8,14.69,153,0.28,0.29,968,0.00,1.00,0,0.5000,17.00,95,0,0.00,1,7.55,4.55,5.49,15.20
114104,7.03,0.78,1,14.36,14.00,8,14.69,153,0.29,0.30,972,0.00,1.00,0,0.5000,17.00,95,0,0.00,1,7.55,4.72,5.49,15.30
114209,7.81,0.78,1,14.36,13.92,8,14.69,153,0.29,0.28,956,0.00,1.00,0,0.5000,17.00,95,0,0.00,1,7.55,4.66,5.49,15.30
114312,7.81,0.78,1,14.36,14.00,8,14.69,153,0.28,0.28,980,0.00,1.00,0,0.5000,16.50,95,0,0.00,1,7.55,4.55,5.49,15.40
114417,8.59,0.78,1,14.36,14.00,8,14.69,153,0.28,0.28,965,0.00,1.00,0,0.5000,17.00,95,0,0.00,1,7.55,4.55,5.49,15.50
114520,8.59,0.78,1,14.36,14.08,8,14.69,153,0.28,0.28,970,0.00,1.00,0,0.5000,16.50,95,0,0.00,1,7.55,4.61,5.49,15.40
114625,9.38,0.78,1,14.36,14.00,8,14.69,153,0.29,0.29,982,0.00,1.00,0,0.5000,16.50,95,0,0.00,1,7.55,4.75,5.49,15.50
114729,10.16,0.78,1,14.36,14.00,8,14.68,153,0.28,0.28,1005,0.00,1.00,0,0.5000,16.50,95,0,0.00,1,7.55,4.64,5.49,15.50
114832,10.16,0.78,1,14.36,13.92,8,14.68,153,0.28,0.29,1003,0.00,1.00,0,0.5000,15.50,95,0,0.00,1,7.55,4.81,5.49,15.60
114936,10.16,0.78,1,14.36,14.00,8,14.68,153,0.28,0.28,1006,0.00,1.00,0,0.5000,15.00,95,0,0.00,1,7.40,4.69,5.49,15.40
115041,10.94,0.78,1,14.36,14.00,8,14.68,153,0.28,0.28,1006,0.00,1.00,0,0.5000,16.00,95,0,0.00,1,7.40,4.66,5.49,15.40
115145,10.94,0.78,1,14.36,14.00,8,14.68,153,0.28,0.29,1003,0.00,1.00,0,0.5000,16.50,95,0,0.00,1,7.25,4.78,5.49,15.20
115249,10.94,0.78,1,14.36,14.00,8,14.69,153,0.28,0.29,993,0.00,1.00,0,0.5000,16.50,95,0,0.00,1,7.25,4.78,5.49,15.20
115352,10.94,0.78,1,14.36,13.92,8,14.68,153,0.28,0.28,1004,0.00,1.00,0,0.5000,16.00,95,0,0.00,1,7.25,4.69,5.49,15.20
115456,10.94,0.78,1,14.36,14.00,8,14.68,153,0.28,0.28,1008,0.00,1.00,0,0.5000,16.00,95,0,0.00,1,7.25,4.58,5.49,15.10
115560,10.94,0.78,1,14.36,13.92,8,14.69,153,0.28,0.28,1001,0.00,1.00,0,0.5000,17.00,95,0,0.00,1,7.25,4.69,5.49,15.00
115665,10.94,0.78,1,14.36,14.08,8,14.69,153,0.28,0.28,987,0.00,1.00,0,0.5000,16.50,95,0,0.00,1,7.25,4.78,5.49,14.90
115768,10.94,0.78,1,14.36,14.00,8,14.69,153,0.28,0.29,1001,0.00,1.00,0,0.5000,16.50,95,0,0.00,1,7.25,4.81,5.49,14.80
115873,10.94,0.78,1,14.36,13.92,8,14.68,153,0.28,0.29,1002,0.00,1.00,0,0.5000,17.00,95,0,0.00,1,7.25,4.69,5.49,14.70
115976,10.94,0.78,1,14.36,14.00,8,14.69,153,0.28,0.29,996,0.00,1.00,0,0.5000,17.00,95,0,0.00,1,7.25,4.78,5.49,14.90
116081,10.94,0.78,1,14.36,13.92,8,14.68,153,0.28,0.28,1003,0.00,1.00,0,0.5000,16.50,95,0,0.00,1,7.25,4.72,5.49,14.70
116185,10.94,0.78,1,14.36,14.08,8,14.68,153,0.28,0.27,1010,0.00,1.00,0,0.5000,16.50,95,0,0.00,1,7.25,4.61,5.49,14.70
116289,10.94,0.78,1,14.36,14.00,8,14.68,153,0.27,0.27,1011,0.00,1.00,0,0.5000,17.00,95,0,0.00,1,7.25,4.47,5.49,14.70
116393,10.16,0.78,1,14.36,14.08,8,14.69,153,0.27,0.28,994,0.00,1.00,0,0.5000,17.00,95,0,0.00,1,7.25,4.64,5.49,14.60
116497,10.16,0.78,1,14.36,13.92,8,14.69,153,0.28,0.28,987,0.00,1.00,0,0.5000,17.00,95,0,0.00,1,7.25,4.64,5.49,14.60
116601,10.16,0.78,1,14.36,14.00,8,14.69,153,0.28,0.28,996,0.00,1.00,0,0.5000,17.00,95,0,0.00,1,7.25,4.64,5.49,14.50
116704,10.16,0.78,1,14.36,14.08,8,14.68,153,0.28,0.28,1006,0.00,1.00,0,0.5000,17.00,95,0,0.00,1,7.25,4.55,5.49,14.50
116809,10.16,0.78,1,14.36,14.00,8,14.68,153,0.28,0.28,1002,0.00,1.00,0,0.5000,17.00,95,0,0.00,1,7.11,4.75,5.10,14.60
116913,10.16,0.78,1,14.36,13.92,8,14.68,153,0.28,0.28,1002,0.00,1.00,0,0.5000,16.50,95,0,0.00,1,7.11,4.72,5.10,14.50
117017,10.16,0.78,1,14.36,13.92,8,14.68,153,0.28,0.27,1010,0.00,1.00,0,0.5000,16.50,95,0,0.00,1,7.11,4.53,5.10,14.60
117120,10.16,0.78,1,14.36,14.00,8,14.68,153,0.28,0.28,1016,0.00,1.00,0,0.5000,17.00,95,0,0.00,1,7.11,4.69,5.10,14.50
117224,10.16,0.78,1,14.36,14.00,8,14.69,153,0.28,0.28,998,0.00,1.00,0,0.5000,17.00,95,0,0.00,1,7.11,4.69,5.10,14.50
117329,9.38,0.78,1,14.36,14.00,8,14.69,153,0.27,0.27,994,0.00,1.00,0,0.5000,17.00,95,0,0.00,1,7.11,4.53,5.10,14.60
117433,9.38,0.78,1,14.36,14.00,8,14.69,153,0.27,0.27,1000,0.00,1.00,0,0.5000,17.00,95,0,0.00,1,7.11,4.58,5.10,14.50
117536,9.38,0.78,1,14.36,14.08,8,14.69,153,0.28,0.28,990,0.00,1.00,0,0.5000,17.00,95,0,0.00,1,7.11,4.66,5.10,14.40
117641,9.38,0.78,1,14.36,13.60,8,14.69,153,0.28,0.28,998,0.00,1.00,0,0.5000,16.50,95,0,0.00,1,7.11,4.66,5.49,14.50
117745,9.38,0.78,1,14.36,14.00,8,14.68,153,0.29,0.28,1003,0.00,1.00,0,0.5000,17.00,95,0,0.00,1,7.25,4.64,7.45,14.40
117849,8.59,0.78,1,14.36,14.00,8,14.69,153,0.32,0.37,963,0.00,0.80,0,0.5000,19.00,95,0,0.00,1,7.98,5.92,7.45,14.50
117953,8.59,0.78,2,14.36,14.08,8,14.69,153,0.34,0.40,970,0.00,0.82,0,0.5000,18.50,95,0,0.00,1,8.71,6.39,7.45,14.40
118056,9.38,0.78,2,14.36,14.08,8,14.67,153,0.35,0.37,1051,0.00,0.99,0,0.5000,13.00,95,0,0.00,1,8.85,6.46,7.06,14.40
118161,10.16,0.78,2,14.36,13.92,8,14.68,153,0.36,0.36,1043,0.00,0.99,0,0.5000,14.50,95,0,0.00,1,9.00,6.35,6.67,14.20
118265,10.16,0.78,2,14.36,14.00,8,14.68,153,0.35,0.36,1038,0.00,0.99,0,0.5000,16.00,95,0,0.00,1,8.85,5.98,5.49,15.10
118369,10.94,0.78,2,14.36,13.92,8,14.68,153,0.33,0.29,1045,0.00,1.08,0,0.5000,15.00,95,0,0.00,1,8.27,5.12,5.88,15.10
118473,11.72,0.78,1,14.36,13.92,8,14.68,153,0.32,0.30,1039,0.00,0.99,0,0.5000,16.00,95,0,0.00,1,8.13,5.24,5.88,15.30
118577,11.72,0.78,1,14.36,14.08,8,14.68,153,0.31,0.30,1024,0.00,1.00,0,0.5000,16.50,95,0,0.00,1,7.98,5.24,5.88,15.50
118681,11.72,0.78,1,14.36,13.92,8,14.68,153,0.31,0.31,1028,0.00,1.00,0,0.5000,16.50,95,0,0.00,1,7.98,5.31,5.88,15.30
118785,11.72,0.78,1,14.36,14.00,8,14.68,153,0.31,0.31,1010,0.00,1.00,0,0.5000,17.00,95,0,0.00,1,7.98,5.18,6.27,15.20
118889,11.72,0.78,1,14.36,13.84,8,14.69,153,0.31,0.32,992,0.00,1.00,0,0.5000,17.50,95,0,0.00,1,7.98,5.27,6.27,15.00
118993,11.72,0.78,1,14.36,14.08,8,14.69,153,0.32,0.32,970,0.00,1.00,0,0.5000,17.50,95,0,0.00,1,8.13,5.34,6.27,14.90
119097,10.94,0.78,1,14.36,13.84,8,14.69,153,0.32,0.34,979,0.00,1.00,0,0.5000,19.50,95,0,0.00,1,8.27,5.31,6.27,14.90
119201,11.72,0.78,1,14.36,14.00,8,14.69,153,0.33,0.34,966,0.00,1.00,0,0.5000,18.50,95,0,0.00,1,8.42,5.40,5.88,14.70
119305,11.72,0.78,1,14.36,13.92,8,14.69,153,0.33,0.33,968,0.00,1.00,0,0.5000,17.50,95,0,0.00,1,8.42,5.40,5.88,14.90
119409,12.50,0.78,1,14.36,13.92,8,14.69,153,0.33,0.34,978,0.00,1.00,0,0.5000,18.00,95,0,0.00,1,8.42,5.37,5.88,14.90
119513,13.28,0.78,1,14.36,14.00,8,14.69,153,0.33,0.33,975,0.00,1.00,0,0.5000,17.50,95,0,0.00,1,8.42,5.37,5.88,15.10
119617,13.28,0.78,1,14.36,13.84,8,14.69,153,0.33,0.33,982,0.00,1.00,0,0.5000,17.00,95,0,0.00,1,8.42,5.28,5.88,15.20
119722,13.28,0.78,1,14.36,14.00,8,14.69,153,0.32,0.31,998,0.00,1.00,0,0.5000,17.00,95,0,0.00,1,8.27,5.21,5.88,15.10
119827,13.28,0.78,1,14.36,13.92,8,14.68,153,0.32,0.32,1010,0.00,1.00,0,0.5000,17.00,95,0,0.00,1,8.27,5.34,5.88,15.10
119930,13.28,0.78,1,14.36,14.00,8,14.69,153,0.32,0.31,998,0.00,1.00,0,0.5000,17.00,95,0,0.00,1,8.27,5.27,5.88,15.00
120034,13.28,0.78,1,14.36,13.92,8,14.69,153,0.32,0.32,987,0.00,1.00,0,0.5000,16.50,95,0,0.00,1,8.27,5.34,5.88,14.90
120139,13.28,0.78,1,14.36,14.00,8,14.69,153,0.32,0.32,996,0.00,1.00,0,0.5000,17.00,95,0,0.00,1,8.27,5.31,5.88,14.80
120242,13.28,0.78,1,14.36,14.08,8,14.69,153,0.32,0.32,1000,0.00,1.00,0,0.5000,17.00,95,0,0.00,1,8.27,5.24,5.88,14.90
120346,13.28,0.78,1,14.36,14.00,8,14.69,153,0.32,0.32,992,0.00,1.00,0,0.5000,17.00,95,0,0.00,1,8.27,5.34,5.88,14.80
120450,14.06,0.78,1,14.36,14.00,8,14.69,153,0.32,0.32,980,0.00,1.00,0,0.5000,17.00,95,0,0.00,1,8.13,5.24,5.88,14.80
120555,14.06,0.78,1,14.36,13.84,8,14.69,153,0.32,0.31,977,0.00,1.00,0,0.5000,17.00,95,0,0.00,1,8.13,5.18,5.88,14.80
120658,14.06,0.78,1,14.36,14.00,8,14.69,153,0.32,0.33,976,0.00,1.00,0,0.5000,17.00,95,0,0.00,1,8.13,5.44,5.88,14.80
120762,13.28,0.78,1,14.36,14.00,8,14.69,153,0.32,0.32,987,0.00,1.00,0,0.5000,17.00,95,0,0.00,1,8.13,5.34,5.88,14.70
120867,13.28,0.78,1,14.36,13.92,8,14.69,153,0.32,0.32,996,0.00,1.00,0,0.5000,17.00,95,0,0.00,1,8.13,5.21,5.88,14.70
120971,13.28,0.78,1,14.36,14.00,8,14.69,153,0.33,0.33,982,0.00,1.00,0,0.5000,17.00,95,0,0.00,1,8.13,5.44,5.88,14.70
121075,13.28,0.78,1,14.36,13.84,8,14.69,153,0.33,0.34,978,0.00,1.00,0,0.5000,17.00,95,0,0.00,1,8.13,5.50,5.88,14.70
121179,13.28,0.78,1,14.36,14.00,8,14.69,153,0.33,0.32,989,0.00,1.00,0,0.5000,17.00,95,0,0.00,1,8.13,5.34,5.88,14.80
121283,13.28,0.78,1,14.36,14.00,8,14.69,153,0.33,0.33,995,0.00,1.00,0,0.5000,17.00,95,0,0.00,1,8.13,5.47,5.88,14.50
121387,13.28,0.78,1,14.36,14.00,8,14.69,153,0.33,0.33,990,0.00,1.00,0,0.5000,17.00,95,0,0.00,1,8.13,5.47,5.88,14.50
121490,13.28,0.78,1,14.36,13.92,8,14.69,153,0.32,0.31,988,0.00,1.00,0,0.5000,16.50,95,0,0.00,1,8.13,5.24,5.88,14.50
121595,12.50,0.78,1,14.36,13.92,8,14.68,154,0.32,0.32,1008,0.00,1.00,0,0.5000,16.50,95,0,0.00,1,8.13,5.34,5.88,14.50
121699,12.50,0.78,1,14.36,14.08,8,14.68,154,0.32,0.33,1002,0.00,1.00,0,0.5000,17.00,95,0,0.00,1,7.98,5.37,5.88,14.40
121803,11.72,0.78,1,14.36,14.00,8,14.69,154,0.32,0.32,991,0.00,1.00,0,0.5000,17.00,95,0,0.00,1,7.98,5.37,5.88,14.50
121907,11.72,0.78,1,14.36,14.00,8,14.69,154,0.32,0.32,985,0.00,1.00,0,0.5000,17.00,95,0,0.00,1,7.98,5.24,5.88,14.30
122011,11.72,0.78,1,14.36,13.92,8,14.69,154,0.32,0.32,989,0.00,1.00,0,0.5000,17.00,95,0,0.00,1,7.98,5.27,5.88,14.30
122115,10.94,0.78,1,14.36,14.00,8,14.69,154,0.32,0.32,974,0.00,1.00,0,0.5000,17.00,95,0,0.00,1,7.98,5.24,5.88,14.40
122220,10.94,0.78,1,14.36,13.92,8,14.69,154,0.32,0.31,972,0.00,1.00,0,0.5000,17.00,95,0,0.00,1,8.13,5.09,5.88,14.30
122324,10.94,0.78,1,14.36,13.92,8,14.69,154,0.32,0.32,982,0.00,1.00,0,0.5000,17.00,95,0,0.00,1,8.13,5.21,5.88,14.40
122428,10.94,0.78,1,14.36,13.84,8,14.70,154,0.32,0.33,949,0.00,1.00,0,0.5000,18.50,95,0,0.00,1,8.13,5.15,5.88,14.30
122532,10.94,0.78,1,14.36,14.00,8,14.70,154,0.32,0.32,949,0.00,1.00,0,0.5000,17.50,95,0,0.00,1,8.13,5.15,5.88,14.40
122636,10.94,0.78,1,14.36,13.68,8,14.70,154,0.32,0.33,955,0.00,1.00,0,0.5000,17.50,95,0,0.00,1,8.13,5.24,5.88,14.40
122740,10.94,0.78,1,14.36,13.92,8,14.70,154,0.32,0.33,953,0.00,1.00,0,0.5000,17.50,95,0,0.00,1,8.13,5.18,5.88,14.40
122844,10.16,0.78,1,14.36,13.92,8,14.70,154,0.32,0.32,947,0.00,1.00,0,0.5000,17.00,95,0,0.00,1,8.13,5.09,5.88,14.40
122948,10.16,0.78,1,14.36,13.92,8,14.69,154,0.32,0.33,958,0.00,1.00,0,0.5000,17.50,95,0,0.00,1,8.27,5.24,5.88,14.50
123052,10.16,0.78,1,14.36,14.00,8,14.70,154,0.32,0.32,954,0.00,1.00,0,0.5000,17.00,95,0,0.00,1,8.27,5.15,5.88,14.50
123156,10.16,0.78,1,14.36,13.84,8,14.69,154,0.32,0.32,959,0.00,1.00,0,0.5000,17.00,95,0,0.00,1,8.13,5.18,5.88,14.50
123260,10.16,0.78,1,14.36,13.92,8,14.69,154,0.32,0.32,980,0.00,1.00,0,0.5000,17.00,95,0,0.00,1,8.13,5.18,5.49,14.40
123364,10.16,0.78,1,14.36,14.00,8,14.70,154,0.32,0.31,953,0.00,1.00,0,0.5000,17.00,95,0,0.00,1,8.13,4.93,5.88,14.50
123468,10.16,0.78,1,14.36,14.00,8,14.70,154,0.31,0.31,943,0.00,1.00,0,0.5000,17.00,95,0,0.00,1,8.13,4.93,5.88,14.50
123572,10.16,0.78,1,14.36,13.92,8,14.70,154,0.31,0.32,952,0.00,1.00,0,0.5000,17.50,95,0,0.00,1,8.13,4.97,5.88,14.50
123676,9.38,0.78,1,14.36,14.00,8,14.70,154,0.31,0.31,930,0.00,1.00,0,0.5000,18.50,95,0,0.00,1,8.13,4.93,5.88,14.50
123780,9.38,0.78,1,14.36,13.92,8,14.70,154,0.32,0.32,936,0.00,1.00,0,0.5000,17.50,95,0,0.00,1,8.13,5.03,5.88,14.50
123885,9.38,0.78,1,14.36,14.00,8,14.70,154,0.32,0.33,921,0.00,1.00,0,0.5000,18.50,95,0,0.00,1,8.27,5.00,5.88,14.50
123989,9.38,0.78,1,14.36,14.00,8,14.70,154,0.32,0.33,921,0.00,1.00,0,0.5000,17.50,95,0,0.00,1,8.27,5.03,5.88,14.40
124092,10.16,0.78,1,14.36,14.00,8,14.70,154,0.32,0.33,926,0.00,1.00,0,0.5000,17.50,95,0,0.00,1,8.27,5.00,5.88,14.60
124196,10.16,0.78,1,14.36,14.00,8,14.70,154,0.33,0.33,914,0.00,1.00,0,0.5000,18.50,95,0,0.00,1,8.27,5.06,5.88,14.50
124300,10.16,0.78,1,14.36,13.92,8,14.70,154,0.33,0.33,917,0.00,1.00,0,0.5000,18.00,95,0,0.00,1,8.42,5.06,5.49,14.80
124404,10.16,0.78,1,14.36,14.00,8,14.70,154,0.33,0.32,925,0.00,1.00,0,0.5000,18.00,95,0,0.00,1,8.42,4.93,5.88,14.90
124508,10.16,0.78,1,14.36,14.00,8,14.70,154,0.33,0.33,912,0.00,1.00,0,0.5000,17.00,95,0,0.00,1,8.42,5.00,5.49,14.90
124613,10.94,0.78,1,14.36,13.92,8,14.70,154,0.33,0.33,924,0.00,1.00,0,0.5000,18.00,95,0,0.00,1,8.42,5.06,5.88,14.90
124717,10.94,0.78,1,14.36,14.08,8,14.70,154,0.33,0.33,927,0.00,1.00,0,0.5000,17.00,95,0,0.00,1,8.42,5.12,5.49,14.90
124821,10.94,0.78,1,14.36,14.00,8,14.70,154,0.33,0.32,929,0.00,1.00,0,0.5000,17.00,95,0,0.00,1,8.42,5.03,5.88,14.90
124925,10.94,0.78,1,14.36,13.92,8,14.81,154,0.33,0.32,936,0.00,1.00,0,0.5000,17.00,95,0,0.00,1,8.42,5.00,5.88,15.00
125029,10.94,0.78,1,14.36,14.00,8,14.70,154,0.32,0.32,935,0.00,1.00,0,0.5000,17.00,95,0,0.00,1,8.42,5.00,5.88,15.00
125133,10.94,0.78,1,14.36,13.92,8,14.70,154,0.32,0.31,937,0.00,1.00,0,0.5000,17.00,95,0,0.00,1,8.42,4.87,5.88,14.80
125237,10.94,0.78,1,14.36,14.00,8,14.71,154,0.32,0.32,910,0.00,1.00,0,0.5000,17.50,95,0,0.00,1,8.42,4.87,5.88,14.80
125342,10.94,0.78,1,14.36,13.84,8,14.70,154,0.32,0.32,926,0.00,1.00,0,0.5000,17.00,95,0,0.00,1,8.42,4.93,5.88,14.80
125445,10.94,0.78,1,14.36,14.00,8,14.70,154,0.32,0.33,929,0.00,1.00,0,0.5000,17.00,95,0,0.00,1,8.42,5.06,5.88,14.80
125549,11.72,0.78,1,14.36,13.92,8,14.70,154,0.33,0.34,914,0.00,1.00,0,0.5000,17.00,95,0,0.00,1,8.42,5.15,5.88,14.80
125654,11.72,0.78,1,14.36,14.00,8,14.70,154,0.33,0.34,925,0.00,1.00,0,0.5000,17.00,95,0,0.00,1,8.42,5.15,5.88,14.90
125758,11.72,0.78,1,14.36,14.00,8,14.71,154,0.33,0.34,906,0.00,1.00,0,0.5000,17.50,95,0,0.00,1,8.56,5.15,5.88,14.80
125861,11.72,0.78,1,14.36,14.00,8,14.70,154,0.33,0.33,924,0.00,1.00,0,0.5000,17.00,95,0,0.00,1,8.56,5.12,5.88,14.90
125966,11.72,0.78,1,14.36,14.00,8,14.81,154,0.33,0.33,938,0.00,1.00,0,0.5000,17.00,95,0,0.00,1,8.42,5.09,5.88,15.00
126069,12.50,0.78,1,14.36,13.92,8,14.70,154,0.33,0.34,932,0.00,1.00,0,0.5000,16.50,95,0,0.00,1,8.42,5.27,5.88,15.00
126174,12.50,0.78,1,14.36,14.00,8,14.70,154,0.33,0.33,951,0.00,1.00,0,0.5000,16.50,95,0,0.00,1,8.42,5.21,5.88,14.90
126277,12.50,0.78,1,14.36,14.00,8,14.70,154,0.33,0.33,946,0.00,1.00,0,0.5000,16.50,95,0,0.00,1,8.42,5.15,5.88,14.90
126382,11.72,0.78,1,14.36,14.08,8,14.70,154,0.33,0.32,946,0.00,1.00,0,0.5000,16.00,95,0,0.00,1,8.42,5.21,5.88,14.80
126485,11.72,0.78,1,14.36,13.92,8,14.70,154,0.33,0.33,948,0.00,1.00,0,0.5000,16.50,95,0,0.00,1,8.42,5.21,5.88,14.80
126590,11.72,0.78,1,14.36,14.00,8,14.70,154,0.33,0.32,950,0.00,1.00,0,0.5000,16.50,95,0,0.00,1,8.27,5.06,5.88,14.80
126693,11.72,0.78,1,14.36,13.92,8,14.69,154,0.32,0.32,964,0.00,1.00,0,0.5000,15.00,95,0,0.00,1,8.27,5.18,5.88,14.70
126798,11.72,0.78,1,14.36,14.00,8,14.69,154,0.32,0.32,966,0.00,1.00,0,0.5000,16.00,95,0,0.00,1,8.27,5.03,5.88,14.80
126902,11.72,0.78,1,14.36,14.08,8,14.70,154,0.32,0.32,950,0.00,1.00,0,0.5000,17.00,95,0,0.00,1,8.27,5.00,5.88,14.80
127006,11.72,0.78,1,14.36,13.84,8,14.70,154,0.31,0.31,950,0.00,1.00,0,0.5000,16.50,95,0,0.00,1,8.27,4.87,5.88,14.50
127109,11.72,0.78,1,14.36,13.84,8,14.70,154,0.32,0.31,948,0.00,1.00,0,0.5000,17.00,95,0,0.00,1,8.27,4.97,5.88,14.60
127213,11.72,0.78,1,14.36,13.92,8,14.70,154,0.32,0.32,934,0.00,1.00,0,0.5000,17.00,95,0,0.00,1,8.27,5.00,5.88,14.50
127317,11.72,0.78,1,14.36,14.00,8,14.70,154,0.32,0.33,942,0.00,1.00,0,0.5000,17.00,95,0,0.00,1,8.27,5.12,5.88,14.60
127422,11.72,0.78,1,14.36,14.08,8,14.81,154,0.32,0.34,937,0.00,1.00,0,0.5000,17.50,95,0,0.00,1,8.42,5.18,5.88,14.50
127525,11.72,0.78,1,14.36,13.84,8,14.70,154,0.32,0.33,928,0.00,1.00,0,0.5000,17.00,95,0,0.00,1,8.42,5.12,5.88,14.70
127629,12.50,0.78,1,14.36,13.92,8,14.70,154,0.32,0.32,937,0.00,1.00,0,0.5000,17.00,95,0,0.00,1,8.42,5.06,5.88,14.80
127734,12.50,0.78,1,14.36,13.92,8,14.70,154,0.33,0.33,920,0.00,1.00,0,0.5000,17.00,95,0,0.00,1,8.42,5.03,5.88,14.90
127837,12.50,0.78,1,14.36,14.00,8,14.70,154,0.33,0.34,924,0.00,1.00,0,0.5000,17.00,95,0,0.00,1,8.42,5.21,5.88,14.70
127942,12.50,0.78,1,14.36,14.00,8,14.70,154,0.33,0.34,926,0.00,1.00,0,0.5000,18.00,95,0,0.00,1,8.42,5.12,5.88,14.90
128046,12.50,0.78,1,14.36,13.92,8,14.70,154,0.33,0.34,926,0.00,1.00,0,0.5000,17.00,95,0,0.00,1,8.42,5.18,5.88,14.80
128150,12.50,0.78,1,14.36,13.92,8,14.70,154,0.33,0.33,934,0.00,1.00,0,0.5000,17.00,95,0,0.00,1,8.42,5.18,5.88,14.90
128254,12.50,0.78,1,14.36,14.00,8,14.70,154,0.33,0.33,933,0.00,1.00,0,0.5000,17.00,95,0,0.00,1,8.42,5.18,5.88,14.80
128358,12.50,0.78,1,14.36,14.00,8,14.70,154,0.33,0.33,945,0.00,1.00,0,0.5000,16.50,95,0,0.00,1,8.42,5.24,5.88,14.80
128461,12.50,0.78,1,14.36,13.92,8,14.70,154,0.33,0.33,952,0.00,1.00,0,0.5000,17.00,95,0,0.00,1,8.42,5.15,5.88,14.90
128566,12.50,0.78,1,14.36,14.08,8,14.70,154,0.33,0.33,934,0.00,1.00,0,0.5000,17.00,95,0,0.00,1,8.42,5.18,5.88,14.80
128670,12.50,0.78,1,14.36,13.92,8,14.70,154,0.33,0.32,938,0.00,1.00,0,0.5000,17.00,95,0,0.00,1,8.42,5.09,5.88,14.70
128774,11.72,0.78,1,14.36,13.92,8,14.70,154,0.33,0.33,944,0.00,1.00,0,0.5000,17.00,95,0,0.00,1,8.27,5.15,5.88,14.80
128878,11.72,0.78,1,14.36,13.92,8,14.70,154,0.33,0.48,943,0.00,1.00,0,0.5000,17.00,95,0,0.00,1,8.27,5.06,5.88,14.50
128982,11.72,0.78,1,14.36,14.00,8,14.69,154,0.32,0.32,960,0.00,1.00,0,0.5000,16.50,95,0,0.00,1,8.27,5.12,5.88,14.60
129086,11.72,0.78,1,14.36,14.08,8,14.69,154,0.32,0.32,959,0.00,1.00,0,0.5000,16.50,95,0,0.00,1,8.27,5.06,5.88,14.50
129190,11.72,0.78,1,14.36,13.92,8,14.70,154,0.32,0.32,935,0.00,1.00,0,0.5000,17.00,95,0,0.00,1,8.27,5.18,5.88,14.50
129293,11.72,0.78,1,14.36,14.00,8,14.70,154,0.33,0.33,945,0.00,1.00,0,0.5000,17.00,95,0,0.00,1,8.27,5.21,5.88,14.50
129398,11.72,0.78,1,14.36,13.92,8,14.70,154,0.33,0.34,941,0.00,1.00,0,0.5000,17.00,95,0,0.00,1,8.27,5.27,5.88,14.50
129502,11.72,0.78,1,14.36,13.92,8,14.70,154,0.33,0.33,944,0.00,1.00,0,0.5000,16.50,95,0,0.00,1,8.27,5.24,5.88,14.50
129606,11.72,0.78,1,14.36,14.00,8,14.69,154,0.32,0.32,967,0.00,1.00,0,0.5000,16.00,95,0,0.00,1,8.27,5.06,5.88,14.50
129710,10.94,0.78,1,14.36,14.00,8,14.70,154,0.32,0.32,950,0.00,1.00,0,0.5000,17.00,95,0,0.00,1,8.27,5.03,5.88,14.50
129814,10.94,0.78,1,14.36,13.92,8,14.69,154,0.32,0.31,963,0.00,1.00,0,0.5000,16.50,95,0,0.00,1,8.13,5.06,5.88,14.50
129918,10.94,0.78,1,14.36,13.92,8,14.69,154,0.31,0.31,969,0.00,1.00,0,0.5000,16.50,95,0,0.00,1,8.13,4.93,5.88,14.50
130022,10.94,0.78,1,14.36,14.00,8,14.69,154,0.31,0.31,963,0.00,1.00,0,0.5000,16.50,95,0,0.00,1,8.13,4.97,5.88,14.50
130126,10.94,0.78,1,14.36,14.00,8,14.69,154,0.31,0.31,958,0.00,1.00,0,0.5000,16.50,95,0,0.00,1,8.13,4.78,5.88,14.50
130230,10.94,0.78,1,14.36,13.92,8,14.69,154,0.31,0.32,966,0.00,1.00,0,0.5000,16.50,95,0,0.00,1,8.13,5.03,5.88,14.40
130333,10.94,0.78,1,14.36,13.92,8,14.70,154,0.31,0.32,937,0.00,1.00,0,0.5000,17.00,95,0,0.00,1,8.13,5.00,5.88,14.40
130438,10.94,0.78,1,14.36,14.00,8,14.70,154,0.32,0.32,922,0.00,1.00,0,0.5000,17.00,95,0,0.00,1,8.13,4.97,5.88,14.60
130542,10.94,0.78,1,14.36,13.92,8,14.70,154,0.32,0.33,935,0.00,1.00,0,0.5000,17.50,95,0,0.00,1,8.27,5.03,5.88,14.60
130647,10.94,0.78,1,14.36,14.00,8,14.70,154,0.32,0.32,929,0.00,1.00,0,0.5000,17.00,95,0,0.00,1,8.27,5.00,5.88,14.80
130750,10.94,0.78,1,14.36,14.00,8,14.70,154,0.32,0.33,928,0.00,1.00,0,0.5000,17.00,95,0,0.00,1,8.27,5.03,5.49,14.70
130854,10.94,0.78,1,14.36,14.00,8,14.70,154,0.32,0.32,914,0.00,1.00,0,0.5000,18.00,95,0,0.00,1,8.27,4.93,5.49,14.80
130958,10.94,0.78,1,14.36,14.00,8,14.70,154,0.32,0.33,911,0.00,1.00,0,0.5000,17.00,95,0,0.00,1,8.27,5.03,5.49,14.90
131062,11.72,0.78,1,14.36,13.92,8,14.70,154,0.32,0.33,926,0.00,1.00,0,0.5000,17.50,95,0,0.00,1,8.27,4.90,5.49,14.90
131166,11.72,0.78,1,14.36,14.00,8,14.70,156,0.32,0.31,924,0.00,1.00,0,0.5000,17.00,95,0,0.00,1,8.27,4.78,5.49,14.80
131270,10.94,0.78,1,14.36,14.00,8,14.70,156,0.32,0.32,921,0.00,1.00,0,0.5000,17.00,95,0,0.00,1,8.27,4.87,5.49,14.80
131374,10.94,0.78,1,14.36,14.00,8,14.71,156,0.32,0.34,900,0.00,1.00,0,0.5000,18.00,95,0,0.00,1,8.42,5.03,5.88,14.80
131478,10.94,0.78,1,14.36,14.00,8,14.71,156,0.33,0.33,898,0.00,1.00,0,0.5000,17.50,95,0,0.00,1,8.42,5.06,5.88,14.80
131582,10.94,0.78,1,14.36,13.84,8,14.70,156,0.33,0.33,913,0.00,1.00,0,0.5000,17.50,95,0,0.00,1,8.42,5.00,5.88,14.70
131686,10.94,0.78,1,14.36,13.68,8,14.70,156,0.32,0.32,916,0.00,1.00,0,0.5000,17.00,95,0,0.00,1,8.42,4.93,5.88,14.70
131790,11.72,0.78,1,14.36,14.00,8,14.70,156,0.32,0.32,937,0.00,1.00,0,0.5000,16.50,95,0,0.00,1,8.42,5.00,5.88,14.70
131893,11.72,0.78,1,14.36,13.92,8,14.70,156,0.32,0.32,923,0.00,1.00,0,0.5000,17.00,95,0,0.00,1,8.42,4.90,5.88,14.80
131998,11.72,0.78,1,14.36,13.84,8,14.70,156,0.32,0.32,912,0.00,1.00,0,0.5000,17.00,95,0,0.00,1,8.42,4.90,5.88,14.80
132102,11.72,0.78,1,14.36,14.00,8,14.70,156,0.32,0.33,918,0.00,1.00,0,0.5000,17.00,95,0,0.00,1,8.42,5.00,5.88,14.80
132206,11.72,0.78,1,14.36,13.92,8,14.71,156,0.33,0.33,900,0.00,1.00,0,0.5000,17.00,95,0,0.00,1,8.42,5.03,5.88,14.80
132310,11.72,0.78,1,14.36,14.08,8,14.70,156,0.33,0.33,917,0.00,1.00,0,0.5000,17.00,95,0,0.00,1,8.56,5.12,5.88,14.90
132414,12.50,0.78,1,14.36,13.92,8,14.70,156,0.33,0.34,922,0.00,1.00,0,0.5000,17.00,95,0,0.00,1,8.56,5.15,5.88,14.90
132519,12.50,0.78,1,14.36,14.00,8,14.70,156,0.34,0.34,922,0.00,1.00,0,0.5000,17.00,95,0,0.00,1,8.56,5.18,5.88,15.00
132622,12.50,0.78,1,14.36,14.00,8,14.70,156,0.34,0.34,920,0.00,1.00,0,0.5000,17.00,95,0,0.00,1,8.56,5.21,5.88,14.90
132726,13.28,0.78,1,14.36,14.00,8,14.70,156,0.33,0.33,928,0.00,1.00,0,0.5000,16.50,95,0,0.00,1,8.56,5.12,5.88,15.00
132830,13.28,0.78,1,14.36,13.92,8,14.70,156,0.33,0.33,944,0.00,1.00,0,0.5000,16.50,95,0,0.00,1,8.56,5.09,5.88,15.10
132934,13.28,0.78,1,14.36,14.00,8,14.70,156,0.33,0.16,953,0.00,1.00,0,0.5000,16.00,95,0,0.00,1,8.42,5.12,5.88,15.00
133038,13.28,0.78,1,14.36,14.00,8,14.69,156,0.32,0.32,968,0.00,1.00,0,0.5000,15.00,95,0,0.00,1,8.42,5.15,5.88,14.90
133142,12.50,0.78,1,14.36,13.92,8,14.69,156,0.32,0.32,975,0.00,1.00,0,0.5000,15.00,95,0,0.00,1,8.27,5.15,5.88,14.80
133246,12.50,0.78,1,14.36,13.92,8,14.69,156,0.33,0.33,958,0.00,1.00,0,0.5000,16.50,95,0,0.00,1,8.27,5.34,5.88,14.80
133350,12.50,0.78,1,14.36,13.92,8,14.69,156,0.32,0.32,969,0.00,1.00,0,0.5000,15.00,95,0,0.00,1,8.27,5.24,5.88,14.70
133454,12.50,0.78,1,14.36,14.00,8,14.69,156,0.33,0.33,970,0.00,1.00,0,0.5000,16.00,95,0,0.00,1,8.27,5.34,5.88,14.70
133558,12.50,0.78,1,14.36,14.00,8,14.69,156,0.33,0.33,962,0.00,1.00,0,0.5000,16.50,95,0,0.00,1,8.27,5.31,5.88,14.80
133662,12.50,0.78,1,14.36,14.00,8,14.69,156,0.32,0.32,971,0.00,1.00,0,0.5000,15.00,95,0,0.00,1,8.13,5.24,5.88,14.50
133766,12.50,0.78,1,14.36,13.92,8,14.69,156,0.32,0.32,977,0.00,1.00,0,0.5000,16.00,95,0,0.00,1,8.13,5.24,5.88,14.60
133870,11.72,0.78,1,14.36,14.00,8,14.69,156,0.32,0.32,972,0.00,1.00,0,0.5000,16.50,95,0,0.00,1,8.13,5.18,5.88,14.40
133974,11.72,0.78,1,14.36,13.92,8,14.69,156,0.32,0.32,968,0.00,1.00,0,0.5000,16.00,95,0,0.00,1,8.13,5.15,5.88,14.50
134078,11.72,0.78,1,14.36,14.00,8,14.69,156,0.32,0.32,975,0.00,1.00,0,0.5000,16.50,95,0,0.00,1,8.13,5.18,5.88,14.40
134182,11.72,0.78,1,14.36,14.00,8,14.69,156,0.32,0.33,979,0.00,1.00,0,0.5000,16.50,95,0,0.00,1,8.13,5.27,5.88,14.30
134286,11.72,0.78,1,14.36,13.92,8,14.69,156,0.32,0.32,962,0.00,1.00,0,0.5000,16.50,95,0,0.00,1,8.13,5.09,5.88,14.40
134391,10.94,0.78,1,14.36,14.00,8,14.69,156,0.32,0.31,972,0.00,1.00,0,0.5000,16.50,95,0,0.00,1,8.13,5.00,5.88,14.30
134494,10.94,0.78,1,14.36,13.92,8,14.69,156,0.32,0.32,964,0.00,1.00,0,0.5000,17.00,95,0,0.00,1,8.13,5.18,5.88,14.40
134598,10.94,0.78,1,14.36,14.00,8,14.69,156,0.32,0.33,963,0.00,1.00,0,0.5000,17.00,95,0,0.00,1,8.13,5.24,5.88,14.40
134702,10.94,0.78,1,14.36,14.00,8,14.69,156,0.32,0.33,959,0.00,1.00,0,0.5000,17.00,95,0,0.00,1,8.13,5.24,5.88,14.50
134806,10.94,0.78,1,14.36,14.00,8,14.70,156,0.32,0.33,955,0.00,1.00,0,0.5000,17.00,95,0,0.00,1,8.13,5.12,5.88,14.40
134910,10.16,0.78,1,14.36,13.92,8,14.70,156,0.32,0.31,940,0.00,1.00,0,0.5000,17.00,95,0,0.00,1,8.13,5.15,5.49,14.40
135014,10.16,0.78,1,14.36,13.92,8,14.70,156,0.32,0.32,948,0.00,1.00,0,0.5000,17.00,95,0,0.00,1,8.13,5.00,5.49,14.40
135118,10.16,0.78,1,14.36,14.00,8,14.70,156,0.32,0.32,941,0.00,1.00,0,0.5000,17.00,95,0,0.00,1,8.13,5.06,5.49,14.40
135223,10.16,0.78,1,14.36,14.08,8,14.70,156,0.32,0.32,953,0.00,1.00,0,0.5000,17.00,95,0,0.00,1,8.13,5.09,5.49,14.40
135326,10.16,0.78,1,14.36,13.92,8,14.69,156,0.32,0.32,958,0.00,1.00,0,0.5000,17.00,95,0,0.00,1,8.13,5.09,5.49,14.50
135430,9.38,0.78,1,14.36,14.00,8,14.70,156,0.32,0.32,939,0.00,1.00,0,0.5000,17.00,95,0,0.00,1,8.13,4.97,5.49,14.40
135534,10.16,0.78,1,14.36,13.92,8,14.70,156,0.32,0.32,943,0.00,1.00,0,0.5000,17.00,95,0,0.00,1,8.13,5.09,5.49,14.40
135638,9.38,0.78,1,14.36,13.84,8,14.70,156,0.32,0.32,948,0.00,1.00,0,0.5000,17.00,95,0,0.00,1,8.13,4.96,5.49,14.40
135742,9.38,0.78,1,14.36,14.00,8,14.70,156,0.32,0.32,927,0.00,1.00,0,0.5000,17.50,95,0,0.00,1,8.13,4.96,5.49,14.50
135846,9.38,0.78,1,14.36,13.92,8,14.70,156,0.31,0.30,941,0.00,1.00,0,0.5000,17.00,95,0,0.00,1,8.13,4.72,5.49,14.50
135950,9.38,0.78,1,14.36,14.08,8,14.70,156,0.32,0.32,923,0.00,1.00,0,0.5000,18.50,95,0,0.00,1,8.13,4.93,5.49,14.60
136054,9.38,0.78,1,14.36,13.92,8,14.71,156,0.32,0.32,907,0.00,1.00,0,0.5000,17.50,95,0,0.00,1,8.13,4.97,5.49,14.50
136159,9.38,0.78,1,14.36,13.84,8,14.70,156,0.32,0.32,918,0.00,1.00,0,0.5000,18.00,95,0,0.00,1,8.27,5.03,5.49,14.50
136263,9.38,0.78,1,14.36,14.08,8,14.71,156,0.32,0.32,906,0.00,1.00,0,0.5000,18.50,95,0,0.00,1,8.27,4.97,5.49,14.60
136366,9.38,0.78,1,14.36,13.92,8,14.70,156,0.32,0.32,924,0.00,1.00,0,0.5000,17.00,95,0,0.00,1,8.27,4.97,5.49,14.50
136471,10.16,0.78,1,14.36,13.92,8,14.70,156,0.32,0.33,911,0.00,1.00,0,0.5000,17.50,95,0,0.00,1,8.27,5.00,5.49,15.10
136574,10.16,0.78,1,14.36,13.92,8,14.71,156,0.32,0.32,901,0.00,1.00,0,0.5000,17.00,95,0,0.00,1,8.27,4.93,5.49,14.90
136678,10.16,0.78,1,14.36,13.92,8,14.70,156,0.33,0.33,922,0.00,1.00,0,0.5000,17.00,95,0,0.00,1,8.27,5.03,5.49,14.80
136783,9.38,0.78,1,14.36,14.00,8,14.70,156,0.32,0.32,922,0.00,1.00,0,0.5000,17.00,95,0,0.00,1,8.27,5.00,5.49,14.80
136887,9.38,0.78,1,14.36,13.60,8,14.70,156,0.32,0.32,942,0.00,1.00,0,0.5000,16.50,95,0,0.00,1,8.13,4.93,5.49,14.70
136990,9.38,0.78,1,14.36,14.00,8,14.70,156,0.31,0.30,952,0.00,1.00,0,0.5000,16.50,95,0,0.00,1,8.13,4.78,5.49,14.70
137095,9.38,0.78,1,14.36,13.92,8,14.70,156,0.31,0.31,920,0.00,1.00,0,0.5000,17.00,95,0,0.00,1,8.13,4.78,5.49,14.70
137198,9.38,0.78,1,14.36,13.84,8,14.70,156,0.31,0.31,921,0.00,1.00,0,0.5000,17.00,95,0,0.00,1,8.13,4.81,5.49,14.80
137302,9.38,0.78,1,14.36,14.00,8,14.71,156,0.31,0.31,906,0.00,1.00,0,0.5000,17.50,95,0,0.00,1,8.13,4.75,5.49,14.70
137407,9.38,0.78,1,14.36,14.00,8,14.70,156,0.31,0.32,912,0.00,1.00,0,0.5000,17.00,95,0,0.00,1,8.13,4.81,5.49,14.70
137511,9.38,0.78,1,14.36,14.00,8,14.71,156,0.31,0.32,892,0.00,1.00,0,0.5000,18.00,95,0,0.00,1,8.13,4.72,5.49,14.50
137614,9.38,0.78,1,14.36,13.92,8,14.71,156,0.32,0.32,882,0.00,1.00,0,0.5000,19.00,95,0,0.00,1,8.27,4.75,5.49,14.60
137718,9.38,0.78,1,14.36,13.92,8,14.72,156,0.33,0.34,859,0.00,1.00,0,0.5000,20.50,95,0,0.00,1,8.27,4.90,5.49,14.50
137823,9.38,0.78,1,14.36,13.92,8,14.71,156,0.33,0.33,871,0.00,1.00,0,0.5000,19.00,95,0,0.00,1,8.42,4.72,5.88,14.80
137926,9.38,0.78,1,14.36,14.00,8,14.72,156,0.33,0.34,857,0.00,1.00,0,0.5000,20.00,95,0,0.00,1,8.56,4.90,5.88,14.90
138030,10.16,0.78,1,14.36,13.92,8,14.72,156,0.34,0.34,865,0.00,1.00,0,0.5000,19.00,95,0,0.00,1,8.56,4.90,5.88,14.80
138135,10.16,0.78,1,14.36,14.00,8,14.72,156,0.34,0.36,860,0.00,1.00,0,0.5000,19.00,95,0,0.00,1,8.71,5.09,5.88,14.90
138238,10.94,0.78,1,14.36,13.92,8,14.71,156,0.34,0.34,873,0.00,1.00,0,0.5000,17.50,95,0,0.00,1,8.71,4.93,5.88,14.80
138343,10.94,0.78,1,14.36,14.00,8,14.71,156,0.34,0.34,867,0.00,1.00,0,0.5000,18.00,95,0,0.00,1,8.71,4.87,5.88,15.10
138446,11.72,0.78,1,14.36,14.08,8,14.71,156,0.34,0.33,894,0.00,1.00,0,0.5000,17.00,95,0,0.00,1,8.71,4.90,5.88,15.40
138551,11.72,0.78,1,14.36,13.84,8,14.71,156,0.33,0.34,910,0.00,1.00,0,0.5000,17.00,95,0,0.00,1,8.71,5.03,5.88,15.30
138655,12.50,0.78,1,14.36,13.92,8,14.70,156,0.33,0.31,929,0.00,1.00,0,0.5000,15.50,95,0,0.00,1,8.56,4.84,5.88,15.30
138759,12.50,0.78,1,14.36,13.84,8,14.70,156,0.33,0.33,924,0.00,1.00,0,0.5000,16.00,95,0,0.00,1,8.56,5.00,5.88,15.60
138863,12.50,0.78,1,14.36,13.92,8,14.71,156,0.33,0.33,910,0.00,1.00,0,0.5000,16.50,95,0,0.00,1,8.56,5.03,5.88,15.30
138967,13.28,0.78,1,14.36,14.00,8,14.70,156,0.33,0.33,927,0.00,1.00,0,0.5000,16.00,95,0,0.00,1,8.56,5.06,5.88,15.30
139071,13.28,0.78,1,14.36,14.08,8,14.81,156,0.33,0.33,941,0.00,1.00,0,0.5000,16.00,95,0,0.00,1,8.56,5.15,5.88,15.30
139174,13.28,0.78,1,14.36,13.52,8,14.70,156,0.33,0.32,944,0.00,1.00,0,0.5000,14.50,95,0,0.00,1,8.56,5.12,5.88,15.10
139279,13.28,0.78,1,14.36,14.00,8,14.70,156,0.33,0.49,948,0.00,1.00,0,0.5000,15.50,95,0,0.00,1,8.42,5.09,5.88,15.10
139383,13.28,0.78,1,14.36,13.92,8,14.70,156,0.33,0.33,944,0.00,1.00,0,0.5000,16.00,95,0,0.00,1,8.42,5.24,5.88,15.20
139487,14.06,0.78,1,14.36,14.00,8,14.70,156,0.33,0.32,947,0.00,1.00,0,0.5000,15.00,95,0,0.00,1,8.42,5.18,5.88,15.10
139591,14.06,0.78,1,14.36,13.92,8,14.69,156,0.32,0.31,970,0.00,1.00,0,0.5000,14.00,95,0,0.00,1,8.42,4.96,5.88,15.00
139695,14.06,0.78,1,14.36,14.08,8,14.69,156,0.32,0.33,959,0.00,1.00,0,0.5000,16.00,95,0,0.00,1,8.27,5.21,5.88,14.90
139799,14.06,0.78,1,14.36,14.00,8,14.69,156,0.32,0.32,960,0.00,1.00,0,0.5000,15.00,95,0,0.00,1,8.27,5.06,5.88,14.70
139903,13.28,0.78,1,14.36,13.92,8,14.69,156,0.31,0.31,966,0.00,1.00,0,0.5000,15.50,95,0,0.00,1,8.27,4.87,5.88,14.80
140007,14.06,0.78,1,14.36,14.00,8,14.70,156,0.32,0.32,956,0.00,1.00,0,0.5000,16.50,95,0,0.00,1,8.27,5.12,5.88,14.80
140111,14.06,0.78,1,14.36,14.00,8,14.69,156,0.32,0.32,966,0.00,1.00,0,0.5000,16.00,95,0,0.00,1,8.27,5.27,5.88,14.80
140216,14.06,0.78,1,14.36,14.00,8,14.69,156,0.32,0.32,968,0.00,1.00,0,0.5000,16.00,95,0,0.00,1,8.27,5.24,5.88,14.80
140320,13.28,0.78,1,14.36,13.76,8,14.69,156,0.32,0.34,957,0.00,1.00,0,0.5000,17.00,95,0,0.00,1,8.27,5.31,5.88,14.70
140423,13.28,0.78,1,14.36,13.92,8,14.69,156,0.33,0.33,964,0.00,1.00,0,0.5000,16.00,95,0,0.00,1,8.27,5.31,5.88,14.70
140528,13.28,0.78,1,14.36,14.00,8,14.69,156,0.32,0.33,968,0.00,1.00,0,0.5000,16.50,95,0,0.00,1,8.13,5.24,5.88,14.70
140632,13.28,0.78,1,14.36,14.00,8,14.69,156,0.32,0.32,981,0.00,1.00,0,0.5000,16.50,95,0,0.00,1,8.13,5.18,5.88,15.00
140736,13.28,0.78,1,14.36,14.00,8,14.69,158,0.32,0.32,982,0.00,1.00,0,0.5000,16.00,95,0,0.00,1,8.13,5.21,5.88,14.50
140840,13.28,0.78,1,14.36,14.00,8,14.69,158,0.32,0.31,992,0.00,1.00,0,0.5000,15.50,95,0,0.00,1,7.98,5.09,5.88,14.50
140944,12.50,0.78,1,14.36,13.92,8,14.69,158,0.32,0.32,984,0.00,1.00,0,0.5000,16.00,95,0,0.00,1,7.98,5.15,5.88,14.40
141048,12.50,0.78,1,14.36,13.92,8,14.69,158,0.31,0.30,976,0.00,1.00,0,0.5000,16.50,95,0,0.00,1,7.98,5.00,5.88,14.40
141152,11.72,0.78,1,14.36,14.00,8,14.69,158,0.31,0.31,986,0.00,1.00,0,0.5000,15.50,95,0,0.00,1,7.98,5.09,5.88,14.30
141256,11.72,0.78,1,14.36,13.92,8,14.69,158,0.31,0.47,984,0.00,1.00,0,0.5000,16.50,95,0,0.00,1,7.84,5.09,5.88,14.20
141360,10.94,0.78,1,14.36,13.92,8,14.69,158,0.31,0.31,975,0.00,1.00,0,0.5000,16.50,95,0,0.00,1,7.84,5.00,5.88,14.20
141464,10.94,0.78,1,14.36,13.92,8,14.69,158,0.31,0.31,971,0.00,1.00,0,0.5000,16.50,95,0,0.00,1,7.84,5.09,5.49,14.20
141568,10.94,0.78,1,14.36,13.92,8,14.69,158,0.31,0.31,982,0.00,1.00,0,0.5000,16.50,95,0,0.00,1,7.84,5.09,5.49,14.20
141672,10.94,0.78,1,14.36,14.08,8,14.69,158,0.31,0.31,959,0.00,1.00,0,0.5000,17.00,95,0,0.00,1,7.84,5.00,5.49,14.30
141776,10.94,0.78,1,14.36,13.92,8,14.70,158,0.31,0.31,952,0.00,1.00,0,0.5000,17.00,95,0,0.00,1,7.84,5.00,5.49,14.40
141880,10.16,0.78,1,14.36,14.00,8,14.70,158,0.31,0.31,952,0.00,1.00,0,0.5000,17.00,95,0,0.00,1,7.98,4.93,5.49,14.40
141984,10.16,0.78,1,14.36,13.92,8,14.70,158,0.31,0.31,940,0.00,1.00,0,0.5000,17.50,95,0,0.00,1,7.98,4.84,5.49,14.30
142088,9.38,0.78,1,14.36,14.00,8,14.70,158,0.31,0.31,935,0.00,1.00,0,0.5000,17.00,95,0,0.00,1,7.98,4.84,5.49,14.30
142192,9.38,0.78,1,14.36,14.00,8,14.70,158,0.31,0.31,937,0.00,1.00,0,0.5000,18.00,95,0,0.00,1,7.98,4.69,5.49,14.40
142296,9.38,0.78,1,14.36,13.92,8,14.70,158,0.31,0.31,922,0.00,1.00,0,0.5000,18.50,95,0,0.00,1,7.98,4.84,5.49,14.20
142400,9.38,0.78,1,14.36,14.00,8,14.71,158,0.31,0.32,908,0.00,1.00,0,0.5000,19.50,95,0,0.00,1,8.13,4.87,5.49,14.30
142504,9.38,0.78,1,14.36,13.84,8,14.71,158,0.32,0.33,905,0.00,1.00,0,0.5000,19.50,95,0,0.00,1,8.13,4.93,5.49,14.30
142608,9.38,0.78,1,14.36,14.00,8,14.70,158,0.32,0.32,917,0.00,1.00,0,0.5000,18.50,95,0,0.00,1,8.13,4.93,4.31,14.40
142712,9.38,0.78,1,14.36,13.92,8,14.69,158,0.30,0.28,965,0.00,1.00,0,0.5000,17.00,95,0,0.00,1,7.69,4.30,4.71,14.60
142816,9.38,0.78,1,14.36,14.00,8,14.69,158,0.28,0.25,982,0.00,1.08,0,0.5000,15.50,95,0,0.00,1,7.40,4.09,4.71,14.50
142920,9.38,0.78,1,14.36,13.92,8,14.69,158,0.27,0.25,992,0.00,1.00,0,0.5000,14.00,95,0,0.00,1,7.11,4.20,4.71,14.70
143024,8.59,0.78,1,14.36,14.08,8,14.69,158,0.27,0.27,984,0.00,1.00,0,0.5000,16.00,95,0,0.00,1,6.96,4.39,4.71,14.60
143128,8.59,0.78,1,14.36,13.92,8,14.69,158,0.27,0.27,986,0.00,1.00,0,0.5000,16.50,95,0,0.00,1,6.96,4.33,4.71,14.40
143232,7.81,0.78,1,14.36,13.92,8,14.69,158,0.26,0.26,978,0.00,1.00,0,0.5000,16.00,95,0,0.00,1,6.96,4.30,4.71,14.30
143336,7.03,0.78,1,14.36,14.00,8,14.69,158,0.26,0.26,988,0.00,1.00,0,0.5000,16.00,95,0,0.00,1,6.82,4.30,4.71,14.20
143440,7.03,0.78,1,14.36,14.00,8,14.69,158,0.26,0.27,979,0.00,1.00,0,0.5000,16.50,95,0,0.00,1,6.82,4.33,4.71,14.20
143544,6.25,0.78,1,14.36,14.00,8,14.69,158,0.27,0.27,957,0.00,1.00,0,0.5000,17.00,95,0,0.00,1,6.82,4.36,4.71,14.10
143648,5.47,0.78,1,14.36,13.92,8,14.69,158,0.27,0.27,958,0.00,1.00,0,0.5000,17.00,95,0,0.00,1,6.82,4.33,4.71,14.10
143751,5.47,0.78,1,14.36,14.00,8,14.70,158,0.27,0.27,951,0.00,1.00,0,0.5000,17.00,95,0,0.00,1,6.82,4.30,4.71,14.10
143856,4.69,0.78,1,14.36,13.92,8,14.70,158,0.27,0.27,933,0.00,1.00,0,0.5000,17.00,95,0,0.00,1,6.96,4.25,4.71,14.00
143960,4.69,0.78,1,14.36,14.00,8,14.70,158,0.27,0.27,942,0.00,1.00,0,0.5000,17.00,95,0,0.00,1,6.96,4.17,4.71,13.90
144064,3.91,0.78,1,14.36,14.00,8,14.70,158,0.27,0.28,924,0.00,1.00,0,0.5000,18.00,95,0,0.00,1,6.96,4.25,4.71,13.90
144167,3.91,0.78,1,14.36,13.92,8,14.70,158,0.27,0.27,918,0.00,1.00,0,0.5000,17.50,95,0,0.00,1,6.96,4.14,4.71,14.00
144273,3.12,0.78,1,14.36,14.00,8,14.70,158,0.27,0.27,920,0.00,1.00,0,0.5000,19.00,95,0,0.00,1,6.96,4.09,4.71,14.00
144376,3.12,0.78,1,14.36,13.92,8,14.71,158,0.27,0.27,888,0.00,1.00,0,0.5000,19.50,95,0,0.00,1,6.96,4.03,4.71,14.00
144480,2.34,0.78,1,14.36,13.84,8,14.71,158,0.27,0.27,902,0.00,1.00,0,0.5000,19.00,95,0,0.00,1,6.96,4.06,4.71,13.90
144584,2.34,0.78,1,14.36,14.08,8,14.71,158,0.27,0.27,882,0.00,1.00,0,0.5000,20.50,95,0,0.00,1,6.96,4.09,4.71,14.10
144688,2.34,0.78,1,14.36,13.68,8,14.71,158,0.27,0.28,886,0.00,1.00,0,0.5000,19.50,95,0,0.00,1,7.11,4.11,4.71,14.00
144792,2.34,0.78,1,14.36,14.00,8,14.71,158,0.27,0.27,884,0.00,1.00,0,0.5000,19.50,95,0,0.00,1,7.11,4.06,4.71,14.20
144896,2.34,0.78,1,14.36,13.92,8,14.71,158,0.27,0.28,874,0.00,1.00,0,0.5000,20.00,95,0,0.00,1,7.11,4.03,4.71,14.20
145000,2.34,0.78,1,14.36,14.00,8,14.71,158,0.27,0.27,876,0.00,1.00,0,0.5000,19.50,95,0,0.00,1,7.11,4.01,4.71,14.40
145104,2.34,0.78,1,14.36,14.00,8,14.71,158,0.27,0.28,866,0.00,1.00,0,0.5000,20.00,95,0,0.00,1,7.25,4.06,4.71,14.40
145207,2.34,0.78,1,14.36,14.00,8,14.72,158,0.27,0.28,852,0.00,1.00,0,0.5000,20.50,95,0,0.00,1,7.25,4.03,4.71,14.60
145311,2.34,0.78,1,14.36,13.92,8,14.72,158,0.28,0.29,840,0.00,1.00,0,0.5000,21.00,95,0,0.00,1,7.25,4.09,4.71,14.60
145417,2.34,0.78,1,14.36,13.84,8,14.72,158,0.28,0.29,844,0.00,1.00,0,0.5000,20.50,95,0,0.00,1,7.40,4.06,4.71,14.50
145520,2.34,0.78,1,14.36,13.92,8,14.72,158,0.28,0.30,860,0.00,1.00,0,0.5000,18.50,95,0,0.00,1,7.55,4.20,4.71,15.10
145625,3.12,0.78,1,14.36,14.00,8,14.72,158,0.29,0.30,835,0.00,1.00,0,0.5000,20.50,95,0,0.00,1,7.55,4.20,4.71,14.80
145728,3.12,0.78,1,14.36,14.00,8,14.72,158,0.29,0.30,848,0.00,1.00,0,0.5000,19.00,95,0,0.00,1,7.69,4.25,4.71,15.10
145832,3.91,0.78,1,14.36,14.00,8,14.72,158,0.29,0.30,843,0.00,1.00,0,0.5000,17.50,95,0,0.00,1,7.69,4.20,4.71,15.10
145936,3.91,0.78,1,14.36,13.76,8,14.72,158,0.29,0.29,865,0.00,1.00,0,0.5000,18.00,95,0,0.00,1,7.69,4.17,4.71,15.10
146040,4.69,0.78,1,14.36,14.08,8,14.72,158,0.29,0.30,854,0.00,1.00,0,0.5000,17.00,95,0,0.00,1,7.69,4.25,4.71,15.20
146144,5.47,0.78,1,14.36,14.00,8,14.71,158,0.29,0.29,868,0.00,1.00,0,0.5000,17.50,95,0,0.00,1,7.69,4.28,4.71,15.50
146249,6.25,0.78,1,14.36,14.00,8,14.72,158,0.30,0.30,850,0.00,1.00,0,0.5000,17.00,95,0,0.00,1,7.69,4.39,4.71,15.60
146352,6.25,0.78,1,14.36,13.92,8,14.72,158,0.30,0.32,864,0.00,1.00,0,0.5000,18.50,95,0,0.00,1,7.69,4.39,5.10,15.90
146456,7.03,0.78,1,14.36,14.00,8,14.72,158,0.30,0.30,860,0.00,1.00,0,0.5000,17.00,95,0,0.00,1,7.69,4.47,4.71,15.50
146560,7.03,0.78,1,14.36,14.00,8,14.71,158,0.30,0.31,872,0.00,1.00,0,0.5000,17.00,95,0,0.00,1,7.69,4.41,5.10,15.50
146665,7.81,0.78,1,14.36,14.00,8,14.71,158,0.30,0.30,884,0.00,1.00,0,0.5000,16.50,95,0,0.00,1,7.69,4.33,5.10,15.90
146768,7.81,0.78,1,14.36,14.00,8,14.71,158,0.29,0.30,899,0.00,1.00,0,0.5000,16.50,95,0,0.00,1,7.69,4.36,5.10,15.50
146872,8.59,0.78,1,14.36,13.92,8,14.71,158,0.29,0.29,897,0.00,1.00,0,0.5000,16.50,95,0,0.00,1,7.69,4.39,5.10,15.50
146977,8.59,0.78,1,14.36,14.00,8,14.71,158,0.29,0.29,909,0.00,1.00,0,0.5000,16.00,95,0,0.00,1,7.69,4.36,5.10,15.30
147080,8.59,0.78,1,14.36,13.92,8,14.70,158,0.29,0.30,912,0.00,1.00,0,0.5000,16.00,95,0,0.00,1,7.69,4.50,5.10,15.40
147185,8.59,0.78,1,14.36,13.92,8,14.70,158,0.29,0.29,926,0.00,1.00,0,0.5000,14.50,95,0,0.00,1,7.69,4.44,5.10,15.40
147288,8.59,0.78,1,14.36,14.08,8,14.70,158,0.29,0.29,926,0.00,1.00,0,0.5000,16.00,95,0,0.00,1,7.69,4.50,5.10,15.20
147393,9.38,0.78,1,14.36,14.00,8,14.70,158,0.29,0.29,927,0.00,1.00,0,0.5000,15.50,95,0,0.00,1,7.69,4.50,5.10,15.10
147496,9.38,0.78,1,14.36,13.92,8,14.70,158,0.29,0.29,937,0.00,1.00,0,0.5000,14.50,95,0,0.00,1,7.55,4.58,5.10,15.10
147600,9.38,0.78,1,14.36,14.00,8,14.70,158,0.29,0.29,934,0.00,1.00,0,0.5000,15.50,95,0,0.00,1,7.55,4.47,5.10,15.10
147705,9.38,0.78,1,14.36,14.00,8,14.70,158,0.28,0.27,939,0.00,1.00,0,0.5000,14.50,95,0,0.00,1,7.55,4.30,5.10,15.00
147809,9.38,0.78,1,14.36,14.00,8,14.69,158,0.28,0.28,957,0.00,1.00,0,0.5000,15.00,95,0,0.00,1,7.55,4.47,5.10,15.00
147913,9.38,0.78,1,14.36,13.92,8,14.70,158,0.28,0.29,944,0.00,1.00,0,0.5000,15.50,95,0,0.00,1,7.40,4.58,5.10,15.00
148016,9.38,0.78,1,14.36,14.00,8,14.70,158,0.28,0.29,947,0.00,1.00,0,0.5000,15.00,95,0,0.00,1,7.40,4.64,5.10,14.90
148121,9.38,0.78,1,14.36,14.00,8,14.69,158,0.28,0.29,962,0.00,1.00,0,0.5000,15.50,95,0,0.00,1,7.40,4.58,5.10,14.80
148224,9.38,0.78,1,14.36,14.00,8,14.69,158,0.28,0.28,973,0.00,1.00,0,0.5000,14.00,95,0,0.00,1,7.25,4.61,5.10,14.80
148329,9.38,0.78,1,14.36,14.00,8,14.69,158,0.28,0.28,953,0.00,1.00,0,0.5000,15.00,95,0,0.00,1,7.25,4.47,5.10,14.70
148432,9.38,0.78,1,14.36,13.92,8,14.69,158,0.28,0.29,968,0.00,1.00,0,0.5000,16.00,95,0,0.00,1,7.25,4.58,5.10,14.90
148537,9.38,0.78,1,14.36,14.00,8,14.69,158,0.28,0.28,961,0.00,1.00,0,0.5000,16.00,95,0,0.00,1,7.25,4.58,5.10,14.80
148641,9.38,0.78,1,14.36,14.08,8,14.69,158,0.28,0.28,975,0.00,1.00,0,0.5000,15.00,95,0,0.00,1,7.11,4.58,5.10,15.20
148745,8.59,0.78,1,14.36,13.92,8,14.69,158,0.28,0.28,982,0.00,1.00,0,0.5000,15.50,95,0,0.00,1,7.11,4.53,5.10,14.40
148849,8.59,0.78,1,14.36,14.00,8,14.69,158,0.28,0.28,973,0.00,1.00,0,0.5000,16.00,95,0,0.00,1,7.11,4.47,5.10,14.40
148952,8.59,0.78,1,14.36,14.00,8,14.69,158,0.27,0.27,974,0.00,1.00,0,0.5000,15.50,95,0,0.00,1,7.11,4.47,4.71,14.40
149057,7.81,0.78,1,14.36,14.08,8,14.69,158,0.27,0.27,986,0.00,1.00,0,0.5000,15.50,95,0,0.00,1,6.96,4.41,4.71,14.40
149161,7.81,0.78,1,14.36,14.00,8,14.69,158,0.27,0.28,984,0.00,1.00,0,0.5000,16.50,95,0,0.00,1,6.96,4.53,4.71,14.30
149264,7.03,0.78,1,14.36,13.76,8,14.69,158,0.27,0.27,975,0.00,1.00,0,0.5000,16.50,95,0,0.00,1,6.96,4.41,5.10,14.40
149368,7.03,0.78,1,14.36,13.92,8,14.69,158,0.27,0.28,974,0.00,1.00,0,0.5000,16.50,95,0,0.00,1,6.96,4.47,4.71,14.30
149473,6.25,0.78,1,14.36,14.00,8,14.69,158,0.27,0.28,968,0.00,1.00,0,0.5000,17.00,95,0,0.00,1,6.96,4.47,4.71,14.20
149577,6.25,0.78,1,14.36,13.92,8,14.69,158,0.27,0.27,960,0.00,1.00,0,0.5000,16.50,95,0,0.00,1,6.96,4.41,4.71,14.20
149681,6.25,0.78,1,14.36,14.00,8,14.69,158,0.27,0.27,964,0.00,1.00,0,0.5000,17.00,95,0,0.00,1,6.96,4.36,4.71,14.20
149784,5.47,0.78,1,14.36,13.92,8,14.70,158,0.27,0.28,949,0.00,1.00,0,0.5000,17.00,95,0,0.00,1,6.96,4.33,4.71,14.20
149889,5.47,0.78,1,14.36,13.52,8,14.70,158,0.27,0.28,934,0.00,1.00,0,0.5000,17.00,95,0,0.00,1,6.96,4.41,6.67,14.20
149992,4.69,0.78,1,14.36,14.00,8,14.70,158,0.29,0.33,928,0.00,1.00,0,0.5000,17.50,95,0,0.00,1,7.55,5.09,6.67,14.20
150097,4.69,0.78,1,14.36,14.00,8,14.70,158,0.32,0.37,907,0.00,0.83,0,0.5000,19.50,95,0,0.00,1,7.98,5.66,6.67,14.10
150201,4.69,0.78,2,14.36,14.08,8,14.70,158,0.34,0.36,934,0.00,0.99,0,0.5000,17.00,95,0,0.00,1,8.42,5.66,6.67,14.20
150305,4.69,0.78,2,14.36,13.84,8,14.69,158,0.34,0.36,972,0.00,0.99,0,0.5000,16.50,95,0,0.00,1,8.71,5.73,6.67,14.30
150409,5.47,0.78,2,14.36,13.92,8,14.71,158,0.35,0.37,896,0.00,0.99,0,0.5000,18.00,95,0,0.00,1,8.85,5.63,5.49,14.30
150513,6.25,0.78,1,14.36,13.84,8,14.70,158,0.35,0.34,922,0.00,0.99,0,0.5000,17.50,95,0,0.00,1,8.71,5.21,5.88,14.30
150617,7.03,0.78,1,14.36,13.92,8,14.70,160,0.33,0.31,929,0.00,0.99,0,0.5000,17.00,95,0,0.00,1,8.56,4.84,5.88,15.30
150721,7.81,0.78,1,14.36,14.00,8,14.70,160,0.33,0.32,938,0.00,1.00,0,0.5000,17.00,95,0,0.00,1,8.56,4.96,5.88,15.40
150825,8.59,0.78,1,14.36,14.00,8,14.70,160,0.33,0.33,947,0.00,1.00,0,0.5000,17.00,95,0,0.00,1,8.56,5.18,5.88,15.70
150929,9.38,0.78,1,14.36,14.00,8,14.70,160,0.33,0.33,926,0.00,1.00,0,0.5000,17.00,95,0,0.00,1,8.56,5.12,5.88,15.80
151033,9.38,0.78,1,14.36,13.92,8,14.70,160,0.33,0.33,936,0.00,1.00,0,0.5000,17.00,95,0,0.00,1,8.42,5.15,5.88,15.60
151137,9.38,0.78,1,14.36,13.76,8,14.70,160,0.33,0.33,946,0.00,1.00,0,0.5000,17.00,95,0,0.00,1,8.42,5.12,5.88,15.60
151241,10.16,0.78,1,14.36,14.00,8,14.70,160,0.33,0.33,935,0.00,1.00,0,0.5000,17.00,95,0,0.00,1,8.42,5.18,5.88,15.50
151345,10.16,0.78,1,14.36,14.00,8,14.70,160,0.33,0.33,946,0.00,1.00,0,0.5000,17.00,95,0,0.00,1,8.42,5.15,5.88,15.50
151449,10.16,0.78,1,14.36,13.92,8,14.70,160,0.33,0.33,930,0.00,1.00,0,0.5000,17.00,95,0,0.00,1,8.42,5.09,5.88,15.50
151552,10.94,0.78,1,14.36,14.00,8,14.64,160,0.33,0.33,918,0.00,1.00,0,0.5000,17.00,95,0,0.00,1,8.42,5.06,5.88,15.40
151657,10.94,0.78,1,14.36,13.92,8,14.70,160,0.33,0.33,930,0.00,1.00,0,0.5000,17.00,97,0,0.00,1,8.42,5.21,5.88,15.40
151761,10.94,0.78,1,14.36,13.92,8,14.70,160,0.33,0.33,922,0.00,1.00,0,0.5000,17.00,97,0,0.00,1,8.42,5.03,5.88,15.20
151865,10.94,0.78,1,14.36,14.00,8,14.70,160,0.33,0.33,935,0.00,1.00,0,0.5000,17.00,97,0,0.00,1,8.42,5.00,5.88,15.10
151969,10.94,0.78,1,14.36,14.00,8,14.70,160,0.33,0.33,924,0.00,1.00,0,0.5000,17.00,97,0,0.00,1,8.42,5.03,5.49,15.10
152073,10.94,0.78,1,14.36,14.00,8,14.70,160,0.33,0.32,925,0.00,1.00,0,0.5000,17.00,97,0,0.00,1,8.27,5.03,5.49,15.00
152177,11.72,0.78,1,14.36,13.92,8,14.69,160,0.33,0.33,947,0.00,1.00,0,0.5000,17.00,97,0,0.00,1,8.27,5.15,5.49,15.00
152281,11.72,0.78,1,14.36,14.00,8,14.70,160,0.33,0.16,942,0.00,1.00,0,0.5000,16.50,97,0,0.00,1,8.27,5.12,5.49,15.00
152385,11.72,0.78,1,14.36,14.08,8,14.69,160,0.32,0.32,954,0.00,1.00,0,0.5000,16.50,97,0,0.00,1,8.27,5.06,5.49,14.90
152489,11.72,0.78,1,14.36,14.08,8,14.69,160,0.32,0.32,952,0.00,1.00,0,0.5000,17.00,97,0,0.00,1,8.27,5.09,5.49,14.80
152592,11.72,0.78,1,14.36,13.92,8,14.69,160,0.32,0.32,944,0.00,1.00,0,0.5000,16.50,97,0,0.00,1,8.13,5.06,5.49,14.90
152697,10.94,0.78,1,14.36,13.84,8,14.69,160,0.32,0.32,950,0.00,1.00,0,0.5000,16.50,97,0,0.00,1,8.13,5.03,5.49,14.80
152801,10.94,0.78,1,14.36,14.00,8,14.69,160,0.32,0.32,944,0.00,1.00,0,0.5000,17.00,97,0,0.00,1,8.13,4.96,5.49,14.80
152905,10.94,0.78,1,14.36,14.00,8,14.70,160,0.32,0.32,944,0.00,1.00,0,0.5000,16.50,97,0,0.00,1,8.13,5.09,5.49,14.70
153009,10.94,0.78,1,14.36,14.00,8,14.70,160,0.32,0.32,941,0.00,1.00,0,0.5000,17.00,97,0,0.00,1,8.13,5.00,5.49,14.70
153113,10.94,0.78,1,14.36,13.84,8,14.70,160,0.32,0.31,931,0.00,1.00,0,0.5000,17.00,97,0,0.00,1,8.13,4.87,5.49,14.50
153217,10.94,0.78,1,14.36,13.92,8,14.64,160,0.32,0.32,912,0.00,1.00,0,0.5000,17.00,97,0,0.00,1,8.13,5.00,5.49,14.50
153321,10.94,0.78,1,14.36,14.00,8,14.70,160,0.32,0.32,918,0.00,1.00,0,0.5000,17.50,97,0,0.00,1,8.13,4.93,5.49,14.50
153425,10.94,0.78,1,14.36,14.08,8,14.70,160,0.32,0.33,918,0.00,1.00,0,0.5000,17.00,97,0,0.00,1,8.13,5.03,5.49,14.60
153529,10.94,0.78,1,14.36,13.92,8,14.70,160,0.32,0.32,922,0.00,1.00,0,0.5000,17.00,97,0,0.00,1,8.13,4.90,5.49,14.50
153633,10.94,0.78,1,14.36,13.92,8,14.70,160,0.32,0.32,914,0.00,1.00,0,0.5000,17.00,97,0,0.00,1,8.13,4.90,5.49,14.50
153737,10.16,0.78,1,14.36,13.92,8,14.70,160,0.32,0.32,918,0.00,1.00,0,0.5000,17.00,97,0,0.00,1,8.13,4.87,5.49,14.60
153841,10.16,0.78,1,14.36,13.92,8,14.70,160,0.32,0.33,909,0.00,1.00,0,0.5000,17.50,97,0,0.00,1,8.13,4.96,5.49,14.50
153945,10.16,0.78,1,14.36,14.00,8,14.71,160,0.32,0.32,892,0.00,1.00,0,0.5000,18.00,97,0,0.00,1,8.13,4.81,5.49,14.50
154049,10.16,0.78,1,14.36,14.00,8,14.70,160,0.32,0.32,897,0.00,1.00,0,0.5000,18.00,97,0,0.00,1,8.27,4.75,5.49,14.50
154153,10.16,0.78,1,14.36,14.00,8,14.71,160,0.32,0.33,886,0.00,1.00,0,0.5000,18.00,97,0,0.00,1,8.27,4.84,5.49,14.50
154256,10.16,0.78,1,14.36,13.92,8,14.70,160,0.32,0.31,900,0.00,1.00,0,0.5000,17.50,97,0,0.00,1,8.27,4.69,5.49,14.50
154361,10.16,0.78,1,14.36,13.92,8,14.71,160,0.32,0.32,886,0.00,1.00,0,0.5000,18.00,97,0,0.00,1,8.27,4.87,5.49,14.60
154465,10.16,0.78,1,14.36,14.00,8,14.70,160,0.32,0.32,898,0.00,1.00,0,0.5000,17.00,97,0,0.00,1,8.27,4.75,5.49,14.50
154569,10.16,0.78,1,14.36,13.92,8,14.71,160,0.32,0.31,882,0.00,1.00,0,0.5000,18.00,97,0,0.00,1,8.27,4.64,5.49,14.50
154673,10.16,0.78,1,14.36,14.00,8,14.71,160,0.31,0.31,886,0.00,1.00,0,0.5000,17.50,97,0,0.00,1,8.27,4.58,5.49,14.50
154777,10.16,0.78,1,14.36,13.92,8,14.71,160,0.32,0.32,866,0.00,1.00,0,0.5000,19.00,97,0,0.00,1,8.27,4.64,5.49,14.50
154881,10.16,0.78,1,14.36,13.92,8,14.71,160,0.32,0.32,864,0.00,1.00,0,0.5000,18.50,97,0,0.00,1,8.27,4.55,5.49,14.70
154985,10.16,0.78,1,14.36,14.00,8,14.71,160,0.32,0.32,863,0.00,1.00,0,0.5000,18.50,97,0,0.00,1,8.42,4.58,5.49,14.70
155089,10.16,0.78,1,14.36,13.92,8,14.71,160,0.32,0.32,860,0.00,1.00,0,0.5000,18.50,97,0,0.00,1,8.42,4.64,5.49,14.70
155193,10.94,0.78,1,14.36,14.00,8,14.72,160,0.32,0.34,847,0.00,1.00,0,0.5000,19.50,97,0,0.00,1,8.42,4.75,5.49,14.80
155297,10.94,0.78,1,14.36,13.84,8,14.71,160,0.33,0.34,867,0.00,1.00,0,0.5000,17.50,97,0,0.00,1,8.42,4.81,5.49,15.10
155402,10.94,0.78,1,14.36,13.84,8,14.72,160,0.33,0.33,847,0.00,1.00,0,0.5000,19.00,97,0,0.00,1,8.56,4.66,5.49,14.90
155505,11.72,0.78,1,14.36,13.92,8,14.71,160,0.33,0.34,856,0.00,1.00,0,0.5000,17.50,97,0,0.00,1,8.56,4.84,5.49,15.20
155609,12.50,0.78,1,14.36,13.84,8,14.71,160,0.33,0.32,860,0.00,1.00,0,0.5000,17.00,97,0,0.00,1,8.56,4.72,5.49,15.30
155713,12.50,0.78,1,14.36,13.84,8,14.71,160,0.32,0.31,882,0.00,1.00,0,0.5000,17.00,97,0,0.00,1,8.42,4.52,5.49,15.30
155818,12.50,0.78,1,14.36,13.68,8,14.71,160,0.32,0.32,864,0.00,1.00,0,0.5000,17.00,97,0,0.00,1,8.42,4.72,5.49,15.20
155922,12.50,0.78,1,14.36,13.92,8,14.71,160,0.33,0.34,875,0.00,1.00,0,0.5000,17.00,97,0,0.00,1,8.42,4.84,5.49,15.40
156026,12.50,0.78,1,14.36,13.92,8,14.71,160,0.33,0.33,874,0.00,1.00,0,0.5000,17.00,97,0,0.00,1,8.42,4.84,5.49,15.10
156130,12.50,0.78,1,14.36,14.00,8,14.71,160,0.32,0.31,891,0.00,1.00,0,0.5000,16.50,97,0,0.00,1,8.42,4.66,5.49,15.10
156234,12.50,0.78,1,14.36,14.00,8,14.71,160,0.32,0.33,890,0.00,1.00,0,0.5000,16.50,97,0,0.00,1,8.42,4.84,5.49,14.90
156339,12.50,0.78,1,14.36,14.00,8,14.70,160,0.32,0.32,900,0.00,1.00,0,0.5000,16.50,97,0,0.00,1,8.27,4.84,5.49,14.80
156442,12.50,0.78,1,14.36,13.92,8,14.71,160,0.32,0.33,888,0.00,1.00,0,0.5000,17.00,97,0,0.00,1,8.27,4.81,5.49,14.70
156546,12.50,0.78,1,14.36,14.00,8,14.71,160,0.32,0.33,889,0.00,1.00,0,0.5000,16.50,97,0,0.00,1,8.27,4.90,5.49,14.80
156650,12.50,0.78,1,14.36,14.00,8,14.70,160,0.32,0.33,910,0.00,1.00,0,0.5000,16.50,97,0,0.00,1,8.27,4.84,5.49,14.80
156754,12.50,0.78,1,14.36,13.92,8,14.70,160,0.32,0.32,903,0.00,1.00,0,0.5000,16.00,97,0,0.00,1,8.27,4.93,5.49,14.80
156858,12.50,0.78,1,14.36,13.92,8,14.70,160,0.33,0.33,901,0.00,1.00,0,0.5000,16.50,97,0,0.00,1,8.27,5.00,5.49,14.70
156962,12.50,0.78,1,14.36,13.92,8,14.70,160,0.32,0.32,896,0.00,1.00,0,0.5000,16.50,97,0,0.00,1,8.27,4.87,5.49,15.20
157066,12.50,0.78,1,14.36,14.00,8,14.70,160,0.32,0.32,912,0.00,1.00,0,0.5000,16.00,97,0,0.00,1,8.13,4.75,5.49,14.50
157170,11.72,0.78,1,14.36,13.92,8,14.70,160,0.32,0.32,904,0.00,1.00,0,0.5000,16.50,97,0,0.00,1,8.13,4.75,5.49,14.60
157274,11.72,0.78,1,14.36,13.92,8,14.70,160,0.31,0.31,900,0.00,1.00,0,0.5000,16.50,97,0,0.00,1,8.13,4.66,5.49,14.50
157378,11.72,0.78,1,14.36,14.00,8,14.70,160,0.32,0.32,901,0.00,1.00,0,0.5000,16.50,97,0,0.00,1,8.13,4.75,5.49,14.40
157482,11.72,0.78,1,14.36,14.00,8,14.71,160,0.32,0.32,884,0.00,1.00,0,0.5000,17.00,97,0,0.00,1,8.13,4.78,5.49,14.40
157586,10.94,0.78,1,14.36,14.00,8,14.71,160,0.32,0.32,883,0.00,1.00,0,0.5000,17.50,97,0,0.00,1,8.13,4.69,5.49,14.50
157690,10.94,0.78,1,14.36,14.00,8,14.71,160,0.32,0.31,865,0.00,1.00,0,0.5000,17.00,97,0,0.00,1,8.13,4.64,5.49,14.30
157794,10.94,0.78,1,14.36,14.00,8,14.71,160,0.32,0.32,876,0.00,1.00,0,0.5000,17.50,97,0,0.00,1,8.27,4.75,5.49,14.30
157898,10.94,0.78,1,14.36,14.00,8,14.71,160,0.32,0.33,869,0.00,1.00,0,0.5000,17.00,97,0,0.00,1,8.27,4.81,5.49,14.40
158002,10.94,0.78,1,14.36,13.92,8,14.71,160,0.32,0.31,884,0.00,1.00,0,0.5000,17.00,97,0,0.00,1,8.27,4.58,5.49,14.30
158106,10.94,0.78,1,14.36,13.92,8,14.71,160,0.32,0.32,866,0.00,1.00,0,0.5000,17.00,97,0,0.00,1,8.27,4.75,5.10,14.40
158210,10.94,0.78,1,14.36,13.92,8,14.71,160,0.32,0.33,866,0.00,1.00,0,0.5000,17.50,97,0,0.00,1,8.27,4.69,5.49,14.60
158314,10.94,0.78,1,14.36,13.92,8,14.71,160,0.32,0.33,866,0.00,1.00,0,0.5000,17.00,97,0,0.00,1,8.27,4.66,5.49,14.50
158418,10.94,0.78,1,14.36,13.92,8,14.71,160,0.32,0.33,872,0.00,1.00,0,0.5000,17.50,97,0,0.00,1,8.27,4.66,5.49,14.50
158522,10.94,0.78,1,14.36,14.08,8,14.71,160,0.32,0.33,847,0.00,1.00,0,0.5000,17.00,97,0,0.00,1,8.27,4.75,5.49,14.50
158626,10.94,0.78,1,14.36,13.92,8,14.71,160,0.33,0.34,856,0.00,1.00,0,0.5000,17.50,97,0,0.00,1,8.27,4.75,5.49,14.50
158730,10.94,0.78,1,14.36,13.92,8,14.71,160,0.33,0.34,844,0.00,1.00,0,0.5000,17.00,97,0,0.00,1,8.27,4.75,5.49,14.70
158834,10.94,0.78,1,14.36,13.84,8,14.71,160,0.33,0.34,844,0.00,1.00,0,0.5000,18.50,97,0,0.00,1,8.42,4.78,5.49,14.70
158938,10.94,0.78,1,14.36,14.00,8,14.71,160,0.33,0.32,847,0.00,1.00,0,0.5000,17.00,97,0,0.00,1,8.42,4.58,5.49,14.70
159042,10.94,0.78,1,14.36,14.08,8,14.71,160,0.33,0.34,852,0.00,1.00,0,0.5000,17.00,97,0,0.00,1,8.42,4.78,5.49,14.70
159146,10.94,0.78,1,14.36,13.92,8,14.71,160,0.33,0.34,846,0.00,1.00,0,0.5000,17.00,97,0,0.00,1,8.42,4.81,5.49,14.70
159250,10.94,0.78,1,14.36,13.92,8,14.72,160,0.34,0.34,836,0.00,1.00,0,0.5000,18.00,97,0,0.00,1,8.42,4.75,5.49,14.70
159354,10.16,0.78,1,14.36,13.84,8,14.71,160,0.34,0.34,844,0.00,1.00,0,0.5000,17.00,97,0,0.00,1,8.42,4.75,5.49,14.60
159458,10.16,0.78,1,14.36,14.00,8,14.72,160,0.34,0.35,840,0.00,1.00,0,0.5000,17.00,97,0,0.00,1,8.42,4.87,5.49,14.60
159562,10.16,0.78,1,14.36,14.00,8,14.71,160,0.34,0.34,853,0.00,1.00,0,0.5000,17.00,97,0,0.00,1,8.42,4.78,5.49,14.60
159666,10.16,0.78,1,14.36,14.00,8,14.71,160,0.33,0.33,856,0.00,1.00,0,0.5000,17.00,97,0,0.00,1,8.42,4.64,5.49,14.60
159770,10.16,0.78,1,14.36,13.92,8,14.71,160,0.33,0.33,862,0.00,1.00,0,0.5000,17.00,97,0,0.00,1,8.42,4.69,5.49,14.50
159874,10.16,0.78,1,14.36,13.84,8,14.71,160,0.33,0.33,850,0.00,1.00,0,0.5000,17.00,97,0,0.00,1,8.42,4.78,5.49,14.50
159978,10.16,0.78,1,14.36,13.84,8,14.71,160,0.33,0.34,863,0.00,1.00,0,0.5000,17.00,97,0,0.00,1,8.42,4.84,5.49,14.50
160082,10.16,0.78,1,14.36,14.00,8,14.71,160,0.34,0.34,845,0.00,1.00,0,0.5000,17.00,97,0,0.00,1,8.42,4.87,5.49,14.50
160186,10.16,0.78,1,14.36,14.00,8,14.71,160,0.33,0.33,853,0.00,1.00,0,0.5000,17.00,97,0,0.00,1,8.42,4.66,5.49,14.50
160290,10.16,0.78,1,14.36,13.76,8,14.71,160,0.33,0.33,848,0.00,1.00,0,0.5000,17.00,97,0,0.00,1,8.42,4.78,5.49,14.60
160394,10.16,0.78,1,14.36,14.00,8,14.71,160,0.34,0.34,846,0.00,1.00,0,0.5000,17.00,97,0,0.00,1,8.42,4.75,5.49,14.50
160498,9.38,0.78,1,14.36,13.92,8,14.72,160,0.34,0.34,822,0.00,1.00,0,0.5000,17.50,97,0,0.00,1,8.42,4.81,5.49,14.50
160602,9.38,0.78,1,14.36,14.08,8,14.72,160,0.34,0.35,840,0.00,1.00,0,0.5000,17.00,97,0,0.00,1,8.56,4.81,5.49,14.70
160706,9.38,0.78,1,14.36,14.00,8,14.71,160,0.34,0.34,847,0.00,1.00,0,0.5000,17.00,97,0,0.00,1,8.56,4.75,5.49,14.60
160810,9.38,0.78,1,14.36,14.00,8,14.71,160,0.34,0.35,863,0.00,1.00,0,0.5000,17.00,97,0,0.00,1,8.56,4.90,5.49,14.50
160914,9.38,0.78,1,14.36,14.00,8,14.71,160,0.34,0.34,862,0.00,1.00,0,0.5000,16.50,97,0,0.00,1,8.56,4.81,5.49,14.60
161018,9.38,0.78,1,14.36,13.84,8,14.71,160,0.34,0.34,880,0.00,1.00,0,0.5000,16.50,97,0,0.00,1,8.42,4.90,5.49,14.50
161123,9.38,0.78,1,14.36,13.84,8,14.71,160,0.33,0.33,870,0.00,1.00,0,0.5000,16.00,97,0,0.00,1,8.42,4.84,5.49,14.60
161226,9.38,0.78,1,14.36,14.08,8,14.71,160,0.33,0.33,884,0.00,1.00,0,0.5000,16.50,97,0,0.00,1,8.42,4.90,5.49,14.60
161330,9.38,0.78,1,14.36,14.00,8,14.71,162,0.33,0.33,872,0.00,1.00,0,0.5000,16.50,97,0,0.00,1,8.42,4.84,5.49,14.60
161435,9.38,0.78,1,14.36,14.00,8,14.71,160,0.33,0.33,883,0.00,1.00,0,0.5000,16.50,97,0,0.00,1,8.27,4.87,5.49,14.70
161538,9.38,0.78,1,14.36,14.00,8,14.71,160,0.33,0.33,870,0.00,1.00,0,0.5000,16.00,97,0,0.00,1,8.27,4.87,5.49,14.80
161642,9.38,0.78,1,14.36,14.00,8,14.70,162,0.33,0.33,895,0.00,1.00,0,0.5000,16.50,97,0,0.00,1,8.27,4.81,5.49,14.60
161746,9.38,0.78,1,14.36,14.00,8,14.71,162,0.32,0.31,883,0.00,1.00,0,0.5000,16.50,97,0,0.00,1,8.27,4.69,5.49,14.50
161851,9.38,0.78,1,14.36,14.00,8,14.71,162,0.33,0.33,882,0.00,1.00,0,0.5000,16.50,97,0,0.00,1,8.27,4.90,5.49,14.50
161954,9.38,0.78,1,14.36,13.92,8,14.71,162,0.33,0.33,870,0.00,1.00,0,0.5000,17.00,97,0,0.00,1,8.27,4.90,5.49,14.70
162059,9.38,0.78,1,14.36,13.84,8,14.71,162,0.33,0.34,874,0.00,1.00,0,0.5000,17.00,97,0,0.00,1,8.27,4.93,5.49,14.60
162162,8.59,0.78,1,14.36,13.92,8,14.71,162,0.33,0.34,867,0.00,1.00,0,0.5000,17.00,97,0,0.00,1,8.27,4.90,5.49,14.50
162267,9.38,0.78,1,14.36,13.92,8,14.71,162,0.33,0.34,874,0.00,1.00,0,0.5000,17.00,97,0,0.00,1,8.27,4.90,5.49,14.60
162370,9.38,0.78,1,14.36,13.92,8,14.71,162,0.34,0.34,858,0.00,1.00,0,0.5000,17.00,97,0,0.00,1,8.42,4.93,5.49,14.50
162474,9.38,0.78,1,14.36,13.84,8,14.71,162,0.34,0.35,870,0.00,1.00,0,0.5000,17.00,97,0,0.00,1,8.42,4.96,5.49,14.70
162578,8.59,0.78,1,14.36,13.92,8,14.71,162,0.34,0.33,870,0.00,1.00,0,0.5000,17.00,97,0,0.00,1,8.42,4.87,5.49,14.70
162682,8.59,0.78,1,14.36,13.84,8,14.71,162,0.33,0.32,872,0.00,1.00,0,0.5000,17.00,97,0,0.00,1,8.42,4.69,5.49,14.70
162786,8.59,0.78,1,14.36,13.92,8,14.71,162,0.33,0.34,862,0.00,1.00,0,0.5000,17.00,97,0,0.00,1,8.42,4.93,5.49,14.70
162890,8.59,0.78,1,14.36,13.92,8,14.71,162,0.33,0.33,868,0.00,1.00,0,0.5000,17.00,97,0,0.00,1,8.42,4.75,5.49,14.60
162995,8.59,0.78,1,14.36,14.00,8,14.71,162,0.33,0.33,855,0.00,1.00,0,0.5000,17.00,97,0,0.00,1,8.42,4.72,5.49,14.50
163099,8.59,0.78,1,14.36,13.92,8,14.71,162,0.33,0.34,862,0.00,1.00,0,0.5000,17.00,97,0,0.00,1,8.42,4.81,5.49,14.50
163203,8.59,0.78,1,14.36,14.00,8,14.71,162,0.33,0.33,851,0.00,1.00,0,0.5000,17.00,97,0,0.00,1,8.42,4.75,5.49,14.60
163306,8.59,0.78,1,14.36,13.92,8,14.71,162,0.33,0.34,857,0.00,1.00,0,0.5000,17.00,97,0,0.00,1,8.42,4.84,5.49,14.50
163410,8.59,0.78,1,14.36,13.92,8,14.71,162,0.33,0.34,849,0.00,1.00,0,0.5000,17.00,97,0,0.00,1,8.42,4.75,5.49,14.70
163514,8.59,0.78,1,14.36,13.84,8,14.71,162,0.34,0.34,860,0.00,1.00,0,0.5000,17.00,97,0,0.00,1,8.42,4.90,5.49,14.50
163618,8.59,0.78,1,14.36,14.00,8,14.71,162,0.33,0.33,863,0.00,1.00,0,0.5000,16.50,97,0,0.00,1,8.42,4.69,5.49,14.80
163722,9.38,0.78,1,14.36,13.76,8,14.71,162,0.33,0.33,870,0.00,1.00,0,0.5000,17.00,97,0,0.00,1,8.42,4.78,5.49,14.80
163826,9.38,0.78,1,14.36,13.76,8,14.71,162,0.33,0.33,862,0.00,1.00,0,0.5000,17.00,97,0,0.00,1,8.42,4.84,5.49,14.70
163930,9.38,0.78,1,14.36,14.00,8,14.71,162,0.33,0.34,870,0.00,1.00,0,0.5000,17.00,97,0,0.00,1,8.42,4.84,5.49,14.80
164034,9.38,0.78,1,14.36,14.00,8,14.71,162,0.33,0.34,853,0.00,1.00,0,0.5000,17.00,97,0,0.00,1,8.42,4.84,5.49,14.80
164138,9.38,0.78,1,14.36,14.00,8,14.71,162,0.34,0.34,854,0.00,1.00,0,0.5000,17.50,97,0,0.00,1,8.42,4.78,5.49,14.80
164242,9.38,0.78,1,14.36,13.92,8,14.71,162,0.34,0.33,839,0.00,1.00,0,0.5000,17.00,97,0,0.00,1,8.42,4.78,5.49,14.80
164347,9.38,0.78,1,14.36,14.00,8,14.71,162,0.34,0.34,846,0.00,1.00,0,0.5000,17.50,97,0,0.00,1,8.42,4.81,5.49,14.70
164450,8.59,0.78,1,14.36,14.00,8,14.71,162,0.33,0.32,852,0.00,1.00,0,0.5000,17.00,97,0,0.00,1,8.42,4.55,5.49,14.80
164554,8.59,0.78,1,14.36,14.00,8,14.71,162,0.33,0.32,862,0.00,1.00,0,0.5000,17.00,97,0,0.00,1,8.42,4.61,5.49,14.80
164659,8.59,0.78,1,14.36,14.00,8,14.71,162,0.33,0.34,845,0.00,1.00,0,0.5000,17.00,97,0,0.00,1,8.42,4.81,5.49,14.70
164763,8.59,0.78,1,14.36,13.92,8,14.71,162,0.34,0.35,840,0.00,1.00,0,0.5000,17.00,97,0,0.00,1,8.42,4.84,5.49,14.70
164866,8.59,0.78,1,14.36,14.00,8,14.71,162,0.34,0.36,842,0.00,1.00,0,0.5000,17.00,97,0,0.00,1,8.56,5.00,5.49,14.70
164971,9.38,0.78,1,14.36,13.92,8,14.71,162,0.34,0.35,836,0.00,1.00,0,0.5000,17.00,97,0,0.00,1,8.56,4.93,5.49,14.70
165074,9.38,0.78,1,14.36,13.92,8,14.71,162,0.35,0.33,852,0.00,1.00,0,0.5000,20.00,97,0,0.00,1,8.56,4.75,10.59,14.70
165178,9.38,0.78,2,14.36,14.00,8,14.70,162,0.41,0.50,884,0.00,0.75,0,0.5000,21.50,97,0,0.00,1,10.45,7.35,6.27,14.80
165282,8.59,0.78,2,14.36,13.84,8,14.67,162,0.40,0.43,1037,0.00,0.99,0,0.5000,12.00,97,0,0.00,1,9.72,7.26,4.71,14.80
165386,7.81,0.78,1,14.36,13.92,8,14.66,162,0.34,0.28,1088,0.00,1.18,0,0.5000,12.00,97,0,0.00,1,8.42,5.09,4.31,16.10
165491,5.47,0.78,1,14.36,13.92,8,14.65,162,0.30,0.23,1119,0.00,1.19,0,0.5000,12.00,97,0,0.00,1,7.84,4.25,4.71,14.10
165594,3.91,0.78,1,14.36,13.92,8,14.66,162,0.28,0.25,1070,0.00,1.09,0,0.5000,12.00,97,0,0.00,1,7.25,4.44,5.10,13.70
165699,3.91,0.78,1,14.36,14.00,8,14.68,162,0.28,0.28,1012,0.00,1.00,0,0.5000,12.00,97,0,0.00,1,7.11,4.72,4.71,13.60
165802,4.69,0.78,1,14.36,13.76,8,14.68,162,0.29,0.30,970,0.00,1.00,0,0.5000,16.00,97,0,0.00,1,7.11,4.87,4.31,13.60
165907,4.69,0.78,1,14.36,14.08,8,14.68,162,0.28,0.27,1001,0.00,1.00,0,0.5000,14.00,97,0,0.00,1,6.82,4.55,5.49,13.60
166010,4.69,0.78,1,14.36,13.92,8,14.68,162,0.28,0.26,1002,0.00,1.00,0,0.5000,20.00,97,0,0.00,1,6.82,4.58,10.20,14.10
166115,3.91,0.78,1,14.36,13.92,8,14.67,162,0.35,0.41,1058,0.00,0.74,0,0.5000,21.00,97,0,0.00,1,9.00,7.05,12.55,14.10
166219,0.78,0.78,2,14.36,13.92,8,14.64,162,0.41,0.53,1154,0.00,0.76,0,0.5000,25.00,97,0,0.00,1,10.59,9.85,12.94,14.00
166323,-5.47,1.56,3,14.36,14.00,8,14.62,162,0.43,0.46,1363,0.00,0.98,0,0.5000,29.00,97,0,0.00,1,11.03,9.99,12.94,13.20
166427,-2.34,1.56,3,14.36,13.92,8,14.62,162,0.43,0.43,1376,0.00,0.98,0,0.5000,30.50,97,0,0.00,1,11.03,9.98,12.16,14.20
166531,5.47,0.78,2,14.36,13.84,8,14.61,162,0.40,0.41,1500,0.00,1.04,0,0.5000,31.00,97,0,0.00,1,10.01,9.63,5.49,17.50
166635,16.41,0.78,2,14.36,13.92,8,14.61,162,0.33,0.28,1564,0.00,1.22,0,0.5000,17.00,97,0,0.00,1,7.84,6.75,3.53,18.70
166739,19.53,0.78,1,14.36,14.00,8,14.60,162,0.25,0.28,1602,0.00,1.24,0,0.5000,17.00,97,0,0.00,1,6.24,4.93,3.53,18.20
166843,17.97,0.78,1,14.36,14.00,8,14.60,162,0.21,0.17,1598,0.00,1.14,0,0.5000,17.00,97,0,0.00,1,5.22,4.41,3.53,17.00
166947,14.06,0.78,1,14.36,13.92,8,14.61,162,0.19,0.17,1515,0.00,1.01,0,0.5000,17.00,97,0,0.00,1,4.79,4.28,3.53,15.60
167051,11.72,0.78,1,14.36,13.92,8,14.62,162,0.18,0.18,1415,0.00,1.01,0,0.5000,17.00,97,0,0.00,1,4.64,4.30,3.92,13.50
167154,9.38,0.78,1,14.36,13.92,8,14.62,162,0.19,0.19,1327,0.00,1.01,0,0.5000,17.00,97,0,0.00,1,4.64,4.30,4.31,14.00
167259,7.03,0.78,1,14.36,14.00,8,14.63,162,0.20,0.21,1250,0.00,1.01,0,0.5000,17.00,97,0,0.00,1,4.79,4.50,3.92,13.50
167363,3.91,0.78,1,14.36,14.00,8,14.64,162,0.21,0.22,1179,0.00,1.01,0,0.5000,17.00,97,0,0.00,1,4.79,4.41,3.92,13.10
167467,1.56,0.78,1,14.36,13.92,8,14.65,162,0.22,0.23,1108,0.00,1.01,0,0.5000,22.00,97,0,0.00,1,4.93,4.30,3.92,12.90
167571,-0.78,0.78,1,14.36,14.00,8,14.67,162,0.23,0.25,1056,0.00,1.00,0,0.5000,22.00,97,0,0.00,1,5.08,4.33,3.92,12.60
167675,-2.34,0.78,1,14.36,13.84,8,14.68,162,0.24,0.26,990,0.00,1.00,0,0.5000,22.00,97,0,0.00,1,5.22,4.47,5.10,12.40
167779,-4.69,0.78,1,14.36,14.00,8,14.69,162,0.26,0.28,960,0.00,1.00,0,0.5000,22.00,97,0,0.00,1,5.66,4.58,4.71,12.20
167883,-6.25,0.78,1,14.36,14.08,8,14.69,162,0.27,0.31,932,0.00,1.00,0,0.5000,22.00,97,0,0.00,1,6.09,4.78,4.31,12.10
167987,-7.81,0.78,1,14.36,14.00,8,14.69,162,0.28,0.30,922,0.00,1.00,0,0.5000,22.00,97,0,0.00,1,6.24,4.69,4.31,12.00
168090,-9.38,0.78,1,14.36,14.00,8,14.69,162,0.28,0.29,929,0.00,1.00,0,0.5000,22.00,97,0,0.00,1,6.38,4.47,4.31,12.00
168195,-10.94,0.78,1,14.36,13.76,8,14.70,162,0.28,0.29,909,0.00,1.00,0,0.5000,22.00,97,0,0.00,1,6.53,4.39,4.31,12.00
168299,-11.72,0.78,1,14.36,13.76,8,14.70,162,0.28,0.29,904,0.00,1.00,0,0.5000,22.00,97,0,0.00,1,6.67,4.30,4.31,12.00
168402,-12.50,0.78,1,14.36,14.00,8,14.71,162,0.28,0.29,865,0.00,1.00,0,0.5000,22.00,97,0,0.00,1,6.67,4.28,4.31,12.10
168507,-13.28,0.78,1,14.36,13.84,8,14.71,162,0.29,0.30,866,0.00,1.00,0,0.5000,22.00,97,0,0.00,1,6.82,4.20,4.31,12.30
168610,-13.28,0.78,1,14.36,14.00,8,14.72,162,0.29,0.30,820,0.00,1.00,0,0.5000,22.00,97,0,0.00,1,6.82,4.20,3.92,12.40
168715,-13.28,0.78,1,14.36,13.92,8,14.72,162,0.29,0.30,821,0.00,1.00,0,0.5000,22.00,97,0,0.00,1,6.96,4.20,3.92,12.90
168819,-13.28,0.78,1,14.36,13.92,8,14.72,162,0.29,0.30,800,0.00,1.00,0,0.5000,22.00,97,0,0.00,1,6.96,4.14,3.92,13.10
168923,-13.28,0.78,1,14.36,13.92,8,14.72,162,0.30,0.31,788,0.00,1.00,0,0.5000,22.00,97,0,0.00,1,7.11,4.09,3.92,13.50
169027,-13.28,0.78,1,14.36,13.76,8,14.72,162,0.30,0.30,773,0.00,1.00,0,0.5000,22.00,97,0,0.00,1,7.11,3.95,3.92,13.80
169131,-13.28,0.78,1,14.36,14.00,8,14.72,162,0.30,0.31,750,0.00,1.00,0,0.5000,22.00,97,0,0.00,1,7.25,3.95,3.92,14.00
169235,-12.50,0.78,1,14.36,13.84,8,14.72,162,0.30,0.31,745,0.00,1.00,0,0.5000,22.00,97,0,0.00,1,7.25,3.85,3.92,14.10
169339,-12.50,0.78,1,14.36,14.00,8,14.72,162,0.30,0.31,713,0.00,1.00,0,0.5000,22.00,97,0,0.00,1,7.40,3.80,3.92,14.30
169443,-11.72,0.78,1,14.36,14.00,8,14.72,162,0.30,0.31,724,0.00,1.00,0,0.5000,22.00,97,0,0.00,1,7.55,3.70,3.92,14.40
169546,-11.72,0.78,1,14.36,14.00,8,14.72,162,0.31,0.31,696,0.00,1.00,0,0.5000,22.00,97,0,0.00,1,7.55,3.75,3.92,14.30
169651,-10.94,0.78,1,14.36,14.08,8,14.72,162,0.31,0.32,690,0.00,1.00,0,0.5000,22.00,97,0,0.00,1,7.69,3.72,3.92,16.00
169756,-10.16,0.78,1,14.36,13.92,8,14.72,162,0.31,0.33,704,0.00,1.00,0,0.5000,22.00,97,0,0.00,1,7.84,3.77,3.92,15.20
169859,-9.38,0.78,1,14.36,14.00,8,14.72,162,0.31,0.32,696,0.00,1.00,0,0.5000,22.00,97,0,0.00,1,7.84,3.75,3.92,15.20
169963,-8.59,0.78,1,14.36,13.92,8,14.72,162,0.31,0.31,718,0.00,1.00,0,0.5000,21.50,97,0,0.00,1,7.98,3.75,3.92,15.50
170067,-7.81,0.78,1,14.36,14.00,8,14.72,162,0.31,0.33,708,0.00,1.00,0,0.5000,22.00,97,0,0.00,1,7.98,3.80,3.92,15.60
170171,-7.03,0.78,1,14.36,13.84,8,14.72,162,0.31,0.32,720,0.00,1.00,0,0.5000,20.50,97,0,0.00,1,7.98,3.80,3.92,15.60
170275,-6.25,0.78,1,14.36,14.08,8,14.72,162,0.32,0.32,721,0.00,1.00,0,0.5000,20.00,97,0,0.00,1,7.98,3.85,3.92,15.80
170379,-5.47,0.78,1,14.36,13.92,8,14.72,162,0.32,0.33,698,0.00,1.00,0,0.5000,21.50,97,0,0.00,1,8.13,3.85,3.92,15.90
170484,-5.47,0.78,1,14.36,13.92,8,14.72,162,0.32,0.31,727,0.00,1.00,0,0.5000,19.00,97,0,0.00,1,8.13,3.82,3.92,16.00
170587,-3.91,0.78,1,14.36,13.84,8,14.72,162,0.32,0.32,720,0.00,1.00,0,0.5000,19.00,97,0,0.00,1,8.13,3.82,3.92,16.30
170691,-3.12,0.78,1,14.36,14.00,8,14.72,162,0.32,0.33,694,0.00,1.00,0,0.5000,21.00,97,1,0.00,1,8.13,3.87,4.31,16.10
170795,-2.34,0.78,1,14.36,13.92,8,14.72,162,0.32,0.32,729,0.00,1.00,0,0.5000,17.50,97,0,0.00,1,8.13,3.87,4.31,16.20
170900,-1.56,0.78,1,14.36,13.92,8,14.72,162,0.32,0.31,732,0.00,1.00,0,0.5000,17.00,97,0,0.00,1,8.13,3.93,3.92,16.20
171003,-0.78,0.78,1,14.36,13.92,8,14.72,162,0.32,0.32,726,0.00,1.00,0,0.5000,17.50,97,0,0.00,1,8.13,3.93,3.92,16.30
171107,0.00,0.78,1,14.36,14.00,8,14.72,162,0.31,0.31,780,0.00,1.00,0,0.5000,16.00,97,0,0.00,1,8.13,3.93,3.92,16.50
171211,0.78,0.78,1,14.36,14.00,8,14.72,162,0.31,0.32,750,0.00,1.00,0,0.5000,17.00,97,0,0.00,1,7.98,3.90,3.92,16.30
171316,1.56,0.78,1,14.36,14.00,8,14.72,162,0.31,0.30,766,0.00,1.00,0,0.5000,16.50,97,0,0.00,1,7.98,3.87,3.92,16.30
171419,1.56,0.78,1,14.36,13.92,8,14.72,162,0.30,0.30,795,0.00,1.00,0,0.5000,15.00,97,0,0.00,1,7.84,3.87,3.92,16.20
171523,2.34,0.78,1,14.36,13.92,8,14.72,162,0.30,0.30,786,0.00,1.00,0,0.5000,16.00,97,0,0.00,1,7.84,3.90,5.88,16.30
171627,3.12,0.78,1,14.36,13.92,8,14.72,162,0.32,0.31,812,0.00,1.00,0,0.5000,18.50,97,0,0.00,1,7.84,4.11,12.16,16.10
171732,3.12,0.78,1,14.36,14.08,8,14.70,162,0.40,0.51,875,0.00,0.66,0,0.5000,20.00,97,0,0.00,1,10.88,7.10,14.51,16.00
171835,3.91,0.78,2,14.36,14.08,8,14.66,162,0.45,0.59,1075,0.00,0.75,0,0.5000,24.50,97,0,0.00,1,12.19,9.76,13.73,15.80
171939,3.12,0.78,2,14.36,14.00,8,14.62,162,0.44,0.45,1301,0.00,0.98,0,0.5000,29.50,97,0,0.00,1,12.04,9.41,13.73,15.30
172043,5.47,0.78,2,14.36,13.92,8,14.61,162,0.43,0.41,1452,0.00,0.98,0,0.5000,31.50,97,0,0.00,1,11.61,9.99,13.73,15.40
172147,17.97,1.56,3,14.36,13.92,8,14.61,162,0.42,0.42,1550,0.00,0.98,0,0.5000,32.00,97,0,0.00,1,11.32,10.55,13.73,17.20
172251,25.00,2.34,3,14.36,13.92,8,14.60,163,0.39,0.39,1732,0.00,0.99,0,0.5000,34.00,97,0,0.00,1,10.74,10.99,7.84,19.10
172356,25.00,0.78,3,14.36,14.00,8,14.59,162,0.30,0.29,1911,0.00,1.17,0,0.5000,17.00,97,0,0.00,1,7.84,8.98,3.53,18.00
172459,25.00,0.78,2,14.36,13.76,8,14.59,163,0.23,0.17,1911,0.00,1.22,0,0.5000,17.00,97,0,0.00,1,5.95,5.28,3.53,16.70
172563,0.00,0.78,1,14.36,13.92,10,14.60,163,0.19,0.15,1774,0.00,1.11,0,0.5000,17.00,97,0,0.00,1,4.79,4.64,3.92,16.20
172667,0.00,0.78,1,14.36,13.84,10,14.60,163,0.18,0.17,1605,0.00,0.99,0,0.5000,17.00,97,0,0.00,1,4.35,4.66,3.92,15.50
172771,0.00,0.78,1,14.36,13.92,8,14.61,163,0.19,0.19,1468,0.00,0.99,0,0.5000,17.00,97,0,0.00,1,4.50,4.81,3.92,15.30
172874,9.38,0.78,1,14.36,14.00,8,14.62,163,0.20,0.21,1378,0.00,1.00,0,0.5000,17.00,97,0,0.00,1,4.50,4.87,3.92,17.20
172979,17.19,0.78,1,14.36,14.00,8,14.63,163,0.21,0.22,1285,0.00,0.99,0,0.5000,17.00,97,0,0.00,1,4.64,4.69,4.31,19.00
173083,11.72,0.78,1,14.36,13.92,8,14.64,163,0.22,0.23,1177,0.00,0.99,0,0.5000,17.00,97,0,0.00,1,4.64,4.66,4.31,20.40
173187,5.47,0.78,1,14.36,13.92,8,14.66,163,0.24,0.26,1085,0.00,0.99,0,0.5000,22.00,97,0,0.00,1,5.08,4.81,4.31,20.00
173292,3.12,0.78,1,14.36,13.52,8,14.67,163,0.25,0.28,1016,0.00,0.99,0,0.5000,22.00,97,0,0.00,1,5.22,4.84,4.31,18.20
173395,0.78,0.78,1,14.36,14.08,8,14.68,163,0.26,0.28,968,0.00,0.99,0,0.5000,22.00,97,0,0.00,1,5.66,4.66,4.71,16.80
173499,-1.56,0.78,1,14.36,14.00,8,14.69,163,0.28,0.31,925,0.00,0.89,0,0.5000,22.00,97,0,0.00,1,5.95,4.84,4.71,13.70
173603,-3.91,0.78,1,14.36,13.92,8,14.70,163,0.30,0.34,878,0.00,0.88,0,0.5000,22.00,97,0,0.00,1,6.38,5.00,4.71,13.70
173707,-6.25,0.78,1,14.36,13.92,8,14.70,163,0.31,0.35,876,0.00,0.99,0,0.5000,22.00,97,0,0.00,1,6.67,5.06,4.71,13.40
173811,-8.59,0.78,1,14.36,13.84,8,14.70,163,0.32,0.34,867,0.00,0.99,0,0.5000,22.00,97,0,0.00,1,6.96,4.87,4.31,12.90
173915,-10.16,0.78,1,14.36,13.92,8,14.70,163,0.31,0.31,888,0.00,0.99,0,0.5000,22.00,97,0,0.00,1,6.96,4.64,4.31,12.30
174019,-10.94,0.78,1,14.36,14.00,8,14.70,163,0.31,0.31,904,0.00,0.99,0,0.5000,21.50,97,0,0.00,1,6.96,4.61,4.71,12.20
174123,-12.50,0.78,1,14.36,14.00,8,14.70,163,0.31,0.31,890,0.00,0.99,0,0.5000,20.50,97,0,0.00,1,6.96,4.61,4.31,12.10
174227,-13.28,0.78,1,14.36,14.00,8,14.70,163,0.30,0.30,894,0.00,0.99,0,0.5000,21.00,97,0,0.00,1,6.96,4.52,4.31,12.20
174331,-13.28,0.78,1,14.36,13.92,8,14.71,163,0.30,0.31,865,0.00,0.99,0,0.5000,22.00,97,0,0.00,1,6.96,4.41,4.31,12.30
174435,-14.06,0.78,1,14.36,14.08,8,14.71,163,0.30,0.31,858,0.00,0.99,0,0.5000,22.00,97,0,0.00,1,6.96,4.33,4.31,12.70
174539,-14.06,0.78,1,14.36,14.00,8,14.71,163,0.30,0.31,824,0.00,0.99,0,0.5000,22.00,97,0,0.00,1,6.96,4.25,4.31,13.00
174643,-14.06,0.78,1,14.36,13.92,8,14.72,163,0.30,0.32,804,0.00,0.99,0,0.5000,22.00,97,0,0.00,1,7.11,4.28,4.31,13.30
174747,-14.06,0.78,1,14.36,13.92,8,14.72,163,0.30,0.32,793,0.00,0.99,0,0.5000,22.00,97,0,0.00,1,7.25,4.17,5.49,13.50
174851,-14.06,0.78,1,14.36,13.92,8,14.72,163,0.31,0.33,765,0.00,0.99,0,0.5000,22.00,97,0,0.00,1,7.40,4.39,5.49,13.90
174955,-13.28,0.78,1,14.36,13.92,8,14.72,163,0.34,0.38,754,0.00,0.86,0,0.5000,22.00,97,0,0.00,1,7.84,4.72,5.49,14.10
175060,-13.28,0.78,1,14.36,13.92,8,14.72,163,0.35,0.39,732,0.00,0.86,0,0.5000,22.00,97,0,0.00,1,8.27,4.81,5.49,14.20
175163,-12.50,0.78,1,14.36,13.92,8,14.72,163,0.36,0.39,767,0.00,0.99,0,0.5000,22.00,97,0,0.00,2,8.56,4.81,5.49,14.40
175267,-11.72,0.78,1,14.36,13.92,8,14.72,163,0.37,0.39,749,0.00,0.99,0,0.5000,22.00,97,0,0.00,2,8.85,4.84,5.49,14.60
175371,-10.16,0.78,1,14.36,13.84,8,14.72,163,0.39,0.41,680,0.00,0.88,0,0.5000,22.00,97,0,0.00,2,9.00,4.87,5.49,15.40
175476,-9.38,0.78,1,14.36,14.00,8,14.72,163,0.40,0.42,670,0.00,0.89,0,0.5000,22.00,97,0,0.00,2,9.29,4.69,5.88,15.60
175579,-7.81,0.78,1,14.36,13.84,8,14.72,163,0.40,0.42,709,0.00,0.98,0,0.5000,22.00,97,0,0.00,2,9.72,4.84,5.88,15.70
175684,-7.03,0.78,1,14.36,14.00,8,14.72,163,0.41,0.40,700,0.00,0.98,0,0.5000,21.50,97,0,0.00,2,9.87,4.90,5.49,16.10
175787,-5.47,0.78,1,14.36,13.92,8,14.71,163,0.42,0.45,671,0.00,0.98,0,0.5000,22.00,97,0,0.00,2,10.01,5.00,5.88,16.50
175891,-3.91,0.78,1,14.36,13.92,8,14.71,163,0.42,0.43,723,0.00,0.98,0,0.5000,21.00,97,0,0.00,2,10.16,5.06,5.88,16.80
175995,-2.34,0.78,1,14.36,13.92,8,14.71,163,0.42,0.42,734,0.00,0.98,0,0.5000,17.50,97,0,0.00,2,10.16,5.09,5.88,16.80
176100,-0.78,0.78,1,14.36,14.00,8,14.71,163,0.42,0.44,716,0.00,0.98,0,0.5000,19.50,97,0,0.00,2,10.30,5.12,5.88,17.50
176203,0.78,0.78,1,14.36,13.92,8,14.71,163,0.42,0.41,750,0.00,0.99,0,0.5000,17.00,97,0,0.00,2,10.30,5.15,5.88,17.30
176308,2.34,0.78,1,14.36,13.12,8,14.71,163,0.41,0.39,807,0.00,0.99,0,0.5000,13.50,97,0,0.00,2,10.16,5.21,5.88,17.90
176411,3.12,0.78,1,14.36,13.20,8,14.71,163,0.40,0.39,808,0.00,0.99,0,0.5000,14.50,97,0,0.00,2,10.01,5.21,5.88,17.60
176515,4.69,0.78,1,14.36,13.84,8,14.72,163,0.40,0.39,813,0.00,0.99,0,0.5000,13.50,97,0,0.00,2,9.87,5.34,5.88,17.40
176620,5.47,0.78,1,14.36,13.84,8,14.72,163,0.40,0.41,807,0.00,0.99,0,0.5000,14.50,97,0,0.00,2,9.87,5.53,5.88,17.10
176723,6.25,0.78,2,14.36,13.92,8,14.71,163,0.41,0.42,817,0.00,0.99,0,0.5000,14.50,97,0,0.00,2,9.87,5.69,5.88,16.80
176828,7.03,0.78,1,14.36,14.00,8,14.71,163,0.41,0.40,824,0.00,0.99,0,0.5000,14.00,97,0,0.00,2,9.87,5.53,5.88,16.70
176932,7.81,0.78,1,14.36,13.84,8,14.71,163,0.40,0.39,841,0.00,0.99,0,0.5000,13.00,97,0,0.00,2,9.72,5.53,5.88,16.70
177036,7.81,0.78,1,14.36,13.84,8,14.71,163,0.40,0.40,853,0.00,0.99,0,0.5000,13.00,97,0,0.00,2,9.72,5.63,5.88,16.30
177140,8.59,0.78,2,14.36,13.84,8,14.70,163,0.39,0.38,867,0.00,0.99,0,0.5000,12.00,97,0,0.00,2,9.58,5.50,5.88,16.20
177244,8.59,0.78,1,14.36,13.84,8,14.70,163,0.39,0.37,891,0.00,0.99,0,0.5000,12.00,97,0,0.00,2,9.43,5.53,5.88,16.10
177348,8.59,0.78,2,14.36,13.92,8,14.69,163,0.38,0.38,908,0.00,1.00,0,0.5000,12.00,97,0,0.00,2,9.29,5.69,5.88,15.90
177452,9.38,0.78,2,14.36,13.84,8,14.69,163,0.38,0.37,926,0.00,1.00,0,0.5000,12.00,97,0,0.00,2,9.14,5.69,5.88,15.70
177556,8.59,0.78,2,14.36,13.92,8,14.69,163,0.37,0.36,941,0.00,1.00,0,0.5000,12.00,97,0,0.00,2,9.14,5.56,5.88,15.60
177660,8.59,0.78,2,14.36,13.92,8,14.69,163,0.37,0.37,921,0.00,1.00,0,0.5000,12.00,97,0,0.00,2,9.00,5.79,6.27,15.30
177764,8.59,0.78,2,14.36,14.08,8,14.69,163,0.37,0.37,940,0.00,1.00,0,0.5000,12.00,97,0,0.00,2,9.00,5.79,5.88,15.10
177868,8.59,0.78,2,14.36,13.84,8,14.68,163,0.37,0.36,958,0.00,1.00,0,0.5000,12.00,97,0,0.00,2,8.85,5.72,5.88,15.00
177971,8.59,0.78,1,14.36,14.00,8,14.68,163,0.36,0.35,960,0.00,1.00,0,0.5000,12.00,97,0,0.00,2,8.71,5.66,5.88,14.80
178076,8.59,0.78,2,14.36,14.00,8,14.68,163,0.36,0.34,984,0.00,1.00,0,0.5000,12.00,97,0,0.00,2,8.56,5.63,5.88,14.70
178180,8.59,0.78,2,14.36,13.92,8,14.68,163,0.35,0.34,993,0.00,1.00,0,0.5000,12.00,97,0,0.00,2,8.42,5.60,5.88,15.40
178283,7.81,0.78,1,14.36,13.92,8,14.68,163,0.34,0.33,995,0.00,1.00,0,0.5000,12.00,97,0,0.00,2,8.27,5.56,5.88,15.30
178387,7.81,0.78,1,14.36,13.92,8,14.68,163,0.34,0.34,986,0.00,1.00,0,0.5000,12.00,97,0,0.00,2,8.13,5.63,5.88,14.40
178492,7.03,0.78,1,14.36,14.08,8,14.67,163,0.34,0.34,999,0.00,1.00,0,0.5000,12.00,97,0,0.00,2,8.13,5.56,5.88,14.40
178596,7.03,0.78,2,14.36,14.00,8,14.67,163,0.34,0.35,996,0.00,1.00,0,0.5000,13.00,97,0,0.00,2,7.98,5.72,5.88,14.30
178700,7.03,0.78,1,14.36,13.84,8,14.68,163,0.34,0.33,982,0.00,1.00,0,0.5000,13.00,97,0,0.00,2,7.84,5.47,5.88,14.40
178804,6.25,0.78,1,14.36,14.00,8,14.68,163,0.33,0.33,994,0.00,1.00,0,0.5000,13.50,97,0,0.00,2,7.84,5.40,5.49,14.30
178908,6.25,0.78,1,14.36,13.92,8,14.68,163,0.33,0.33,984,0.00,1.00,0,0.5000,16.00,97,0,0.00,2,7.84,5.43,5.49,14.30
179012,5.47,0.78,1,14.36,14.00,8,14.68,163,0.33,0.32,968,0.00,1.00,0,0.5000,16.50,97,0,0.00,2,7.84,5.21,5.49,14.20
179116,4.69,0.78,1,14.36,14.00,8,14.68,163,0.32,0.31,968,0.00,1.00,0,0.5000,16.00,97,0,0.00,2,7.69,5.15,5.49,14.10
179220,4.69,0.78,1,14.36,13.84,8,14.68,163,0.33,0.33,970,0.00,1.00,0,0.5000,16.50,97,0,0.00,2,7.69,5.31,5.49,14.10
179324,3.91,0.78,1,14.36,13.92,8,14.69,163,0.32,0.32,948,0.00,1.00,0,0.5000,17.00,97,0,0.00,2,7.69,5.12,5.49,14.00
179428,3.91,0.78,1,14.36,13.92,8,14.68,163,0.32,0.31,952,0.00,1.00,0,0.5000,17.00,97,0,0.00,2,7.69,4.93,5.49,14.00
179532,3.12,0.78,1,14.36,14.08,8,14.69,163,0.32,0.32,938,0.00,1.00,0,0.5000,17.50,97,0,0.00,2,7.69,4.90,5.49,14.00
179636,3.12,0.78,1,14.36,14.00,8,14.69,163,0.31,0.31,919,0.00,1.00,0,0.5000,17.00,97,0,0.00,2,7.69,4.78,5.10,14.00
179740,2.34,0.78,1,14.36,13.92,8,14.69,163,0.32,0.32,912,0.00,1.00,0,0.5000,18.50,97,0,0.00,2,7.69,4.87,5.10,14.00
179844,2.34,0.78,1,14.36,13.92,8,14.70,163,0.32,0.31,892,0.00,1.00,0,0.5000,20.00,97,0,0.00,2,7.84,4.72,5.10,14.10
179947,2.34,0.78,1,14.36,13.92,8,14.70,163,0.32,0.32,879,0.00,1.00,0,0.5000,20.50,97,0,0.00,2,7.84,4.69,5.10,14.10
180051,2.34,0.78,1,14.36,14.00,8,14.70,163,0.32,0.33,874,0.00,1.00,0,0.5000,20.50,97,0,0.00,2,7.84,4.81,5.10,14.20
180156,2.34,0.78,1,14.36,13.92,8,14.70,163,0.32,0.33,866,0.00,1.00,0,0.5000,20.50,97,0,0.00,2,7.98,4.78,5.10,14.30
180260,2.34,0.78,1,14.36,13.92,8,14.71,163,0.33,0.34,849,0.00,1.00,0,0.5000,21.50,97,0,0.00,2,7.98,4.75,5.10,14.40
180364,2.34,0.78,1,14.36,13.92,8,14.71,163,0.33,0.33,847,0.00,1.00,0,0.5000,21.00,97,0,0.00,2,7.98,4.69,5.10,14.50
180468,2.34,0.78,1,14.36,13.84,8,14.71,163,0.33,0.33,838,0.00,1.00,0,0.5000,21.50,97,0,0.00,2,8.13,4.66,5.10,14.40
180572,3.12,0.78,1,14.36,13.92,8,14.71,163,0.33,0.33,839,0.00,1.00,0,0.5000,21.00,97,0,0.00,2,8.13,4.58,5.10,14.40
180676,3.12,0.78,1,14.36,14.08,8,14.71,163,0.33,0.33,820,0.00,1.00,0,0.5000,21.00,97,0,0.00,2,8.13,4.55,5.10,14.90
180780,3.12,0.78,1,14.36,13.76,8,14.71,163,0.33,0.34,840,0.00,1.00,0,0.5000,20.50,97,0,0.00,2,8.13,4.64,5.10,14.80
180884,3.12,0.78,1,14.36,14.00,8,14.71,163,0.33,0.33,823,0.00,1.00,0,0.5000,20.50,97,0,0.00,2,8.13,4.58,5.10,14.90
180988,3.91,0.78,1,14.36,13.84,8,14.71,163,0.33,0.33,816,0.00,1.00,0,0.5000,21.00,97,0,0.00,2,8.13,4.55,5.10,14.90
181091,3.91,0.78,1,14.36,14.00,8,14.71,163,0.33,0.32,834,0.00,1.00,0,0.5000,19.00,97,0,0.00,2,8.13,4.44,5.10,14.90
181196,3.91,0.78,1,14.36,13.92,8,14.71,163,0.33,0.33,813,0.00,1.00,0,0.5000,20.50,97,0,0.00,2,8.27,4.55,4.71,15.00
181301,4.69,0.78,1,14.36,13.92,8,14.71,163,0.33,0.34,817,0.00,1.00,0,0.5000,20.00,97,0,0.00,2,8.27,4.52,5.10,15.10
181404,4.69,0.78,1,14.36,14.00,8,14.71,163,0.33,0.33,814,0.00,1.00,0,0.5000,18.00,97,0,0.00,2,8.27,4.50,4.71,15.20
181508,4.69,0.78,1,14.36,13.92,8,14.71,163,0.33,0.34,819,0.00,1.00,0,0.5000,19.50,97,0,0.00,2,8.27,4.64,4.71,15.10
181612,4.69,0.78,1,14.36,13.92,8,14.71,163,0.34,0.34,816,0.00,1.00,0,0.5000,18.50,97,0,0.00,2,8.27,4.66,4.71,15.20
181716,4.69,0.78,1,14.36,14.00,8,14.71,163,0.34,0.34,810,0.00,1.00,0,0.5000,19.00,97,0,0.00,2,8.27,4.61,5.10,15.10
181820,5.47,0.78,1,14.36,14.00,8,14.71,163,0.34,0.34,814,0.00,1.00,0,0.5000,18.00,97,0,0.00,2,8.27,4.55,4.71,15.10
181924,5.47,0.78,1,14.36,14.00,8,14.72,163,0.33,0.33,804,0.00,1.00,0,0.5000,18.00,97,0,0.00,2,8.27,4.47,5.10,15.10
182028,5.47,0.78,1,14.36,13.92,8,14.71,163,0.33,0.34,812,0.00,1.00,0,0.5000,18.50,97,0,0.00,2,8.27,4.50,5.10,15.00
182132,5.47,0.78,1,14.36,13.84,8,14.72,163,0.34,0.35,796,0.00,1.00,0,0.5000,17.50,97,0,0.00,2,8.42,4.72,5.10,15.10
182236,5.47,0.78,1,14.36,14.00,8,14.72,163,0.34,0.35,787,0.00,1.00,0,0.5000,19.50,97,0,0.00,2,8.42,4.64,5.10,15.00
182340,5.47,0.78,1,14.36,13.92,8,14.71,163,0.34,0.34,811,0.00,1.00,0,0.5000,17.50,97,0,0.00,2,8.42,4.61,5.10,15.00
182444,5.47,0.78,1,14.36,14.00,8,14.72,163,0.34,0.34,804,0.00,1.00,0,0.5000,17.00,97,0,0.00,2,8.42,4.66,5.10,14.90
182548,5.47,0.78,1,14.36,13.92,8,14.71,163,0.34,0.34,818,0.00,1.00,0,0.5000,17.50,97,0,0.00,2,8.42,4.55,5.10,15.00
182653,6.25,0.78,1,14.36,13.84,8,14.71,163,0.34,0.35,810,0.00,1.00,0,0.5000,17.00,97,0,0.00,2,8.42,4.69,5.10,14.90
182756,6.25,0.78,1,14.36,13.92,8,14.72,163,0.34,0.35,788,0.00,1.00,0,0.5000,18.50,97,0,0.00,2,8.56,4.55,5.10,14.80
182860,6.25,0.78,1,14.36,14.00,8,14.71,163,0.35,0.36,810,0.00,1.00,0,0.5000,17.00,97,0,0.00,2,8.56,4.72,5.10,14.90
182963,6.25,0.78,1,14.36,14.00,8,14.72,163,0.35,0.35,799,0.00,1.00,0,0.5000,17.00,97,0,0.00,2,8.56,4.72,5.10,14.80
183068,6.25,0.78,1,14.36,13.76,8,14.71,163,0.35,0.36,812,0.00,1.00,0,0.5000,17.50,97,0,0.00,2,8.56,4.78,5.10,14.90
183172,6.25,0.78,1,14.36,13.84,8,14.71,163,0.35,0.34,816,0.00,1.00,0,0.5000,17.00,97,0,0.00,2,8.56,4.66,5.10,14.90
183275,6.25,0.78,1,14.36,13.92,8,14.71,163,0.35,0.35,811,0.00,1.00,0,0.5000,17.00,97,0,0.00,2,8.42,4.75,5.10,14.80
183381,6.25,0.78,1,14.36,14.00,8,14.71,163,0.34,0.32,834,0.00,1.00,0,0.5000,16.50,97,0,0.00,2,8.42,4.41,5.10,14.90
183484,6.25,0.78,1,14.36,14.00,8,14.71,163,0.34,0.33,820,0.00,1.00,0,0.5000,16.50,97,0,0.00,2,8.42,4.64,5.10,14.90
183588,6.25,0.78,1,14.36,14.00,8,14.71,163,0.34,0.34,825,0.00,1.00,0,0.5000,17.00,97,0,0.00,2,8.42,4.78,5.10,15.00
183692,6.25,0.78,1,14.36,13.84,8,14.71,163,0.34,0.34,819,0.00,1.00,0,0.5000,16.50,97,0,0.00,2,8.42,4.72,5.10,14.80
183796,6.25,0.78,1,14.36,13.76,8,14.71,163,0.34,0.34,814,0.00,1.00,0,0.5000,17.00,97,0,0.00,2,8.42,4.66,5.10,14.80
183901,6.25,0.78,1,14.36,13.92,8,14.71,163,0.34,0.34,825,0.00,1.00,0,0.5000,17.00,97,0,0.00,2,8.42,4.72,5.10,14.70
184004,6.25,0.78,1,14.36,13.92,8,14.72,163,0.34,0.36,804,0.00,1.00,0,0.5000,17.00,97,0,0.00,2,8.42,4.78,5.10,14.70
184108,6.25,0.78,1,14.36,14.00,8,14.71,163,0.34,0.35,818,0.00,1.00,0,0.5000,17.00,97,0,0.00,2,8.42,4.69,5.10,14.80
184212,6.25,0.78,1,14.36,13.92,8,14.71,163,0.35,0.35,811,0.00,1.00,0,0.5000,16.50,97,0,0.00,2,8.42,4.84,5.10,14.80
184316,6.25,0.78,1,14.36,13.92,8,14.71,163,0.35,0.35,828,0.00,1.00,0,0.5000,17.00,97,0,0.00,2,8.42,4.81,5.10,14.80
184420,6.25,0.78,1,14.36,13.92,8,14.71,163,0.34,0.34,821,0.00,1.00,0,0.5000,17.00,97,0,0.00,2,8.42,4.66,5.10,14.90
184524,6.25,0.78,1,14.36,13.84,8,14.71,163,0.35,0.35,822,0.00,1.00,0,0.5000,17.00,97,0,0.00,2,8.42,4.78,5.10,14.70
184628,6.25,0.78,1,14.36,14.00,8,14.71,163,0.34,0.34,842,0.00,1.00,0,0.5000,16.50,97,0,0.00,2,8.42,4.84,5.10,14.70
184732,6.25,0.78,1,14.36,13.84,8,14.71,163,0.34,0.34,833,0.00,1.00,0,0.5000,16.50,97,0,0.00,2,8.42,4.75,5.10,14.70
184836,6.25,0.78,1,14.36,13.92,8,14.71,163,0.34,0.34,844,0.00,1.00,0,0.5000,16.50,97,0,0.00,2,8.42,4.72,5.10,14.70
184940,6.25,0.78,1,14.36,13.92,8,14.71,165,0.34,0.34,843,0.00,1.00,0,0.5000,16.50,97,0,0.00,2,8.27,4.81,5.10,14.70
185044,6.25,0.78,1,14.36,14.00,8,14.70,165,0.34,0.34,852,0.00,1.00,0,0.5000,16.50,97,0,0.00,2,8.27,4.81,5.10,14.70
185148,6.25,0.78,1,14.36,14.00,8,14.71,165,0.34,0.34,843,0.00,1.00,0,0.5000,16.50,97,0,0.00,2,8.27,4.69,5.10,14.70
185252,6.25,0.78,1,14.36,13.92,8,14.70,165,0.33,0.34,853,0.00,1.00,0,0.5000,16.50,97,0,0.00,2,8.27,4.66,5.10,14.60
185356,6.25,0.78,1,14.36,13.92,8,14.71,165,0.33,0.33,840,0.00,1.00,0,0.5000,16.50,97,0,0.00,2,8.27,4.69,5.10,14.50
185460,6.25,0.78,1,14.36,14.00,8,14.71,165,0.34,0.35,834,0.00,1.00,0,0.5000,17.00,97,0,0.00,2,8.27,4.78,5.10,14.60
185565,6.25,0.78,1,14.36,13.92,8,14.71,165,0.34,0.34,833,0.00,1.00,0,0.5000,17.00,97,0,0.00,2,8.27,4.78,5.10,14.60
185668,6.25,0.78,1,14.36,13.92,8,14.71,165,0.34,0.34,819,0.00,1.00,0,0.5000,17.00,97,0,0.00,2,8.27,4.64,5.10,14.60
185772,6.25,0.78,1,14.36,13.92,8,14.71,165,0.34,0.34,828,0.00,1.00,0,0.5000,17.00,97,0,0.00,2,8.27,4.64,5.10,14.50
185876,6.25,0.78,1,14.36,13.84,8,14.71,165,0.34,0.35,812,0.00,1.00,0,0.5000,17.00,97,0,0.00,2,8.42,4.78,5.10,14.60
185980,6.25,0.78,1,14.36,13.92,8,14.71,165,0.34,0.36,808,0.00,1.00,0,0.5000,17.50,97,0,0.00,2,8.42,4.75,5.10,14.60
186085,6.25,0.78,1,14.36,13.92,8,14.72,165,0.35,0.36,802,0.00,1.00,0,0.5000,17.00,97,0,0.00,2,8.42,4.84,5.10,14.50
186188,6.25,0.78,1,14.36,14.00,8,14.72,165,0.35,0.36,804,0.00,1.00,0,0.5000,17.50,97,0,0.00,2,8.42,4.84,5.10,14.70
186292,6.25,0.78,1,14.36,14.00,8,14.71,165,0.35,0.36,815,0.00,1.00,0,0.5000,17.00,97,0,0.00,2,8.42,4.84,5.10,14.80
186397,6.25,0.78,1,14.36,13.92,8,14.71,165,0.35,0.35,820,0.00,1.00,0,0.5000,17.00,97,0,0.00,2,8.42,4.81,5.10,14.70
186500,6.25,0.78,1,14.36,13.92,8,14.71,165,0.35,0.35,836,0.00,1.00,0,0.5000,16.50,97,0,0.00,2,8.42,4.84,5.10,14.80
186604,6.25,0.78,1,14.36,14.00,8,14.71,165,0.35,0.35,820,0.00,1.00,0,0.5000,17.00,97,0,0.00,2,8.42,4.90,5.10,14.70
186709,6.25,0.78,1,14.36,14.00,8,14.71,165,0.35,0.35,834,0.00,1.00,0,0.5000,17.00,97,0,0.00,2,8.42,4.81,5.10,14.80
186812,5.47,0.78,1,14.36,14.00,8,14.71,165,0.35,0.35,832,0.00,1.00,0,0.5000,16.50,97,0,0.00,2,8.42,4.84,5.10,14.70
186916,5.47,0.78,1,14.36,13.84,8,14.71,165,0.35,0.35,836,0.00,1.00,0,0.5000,17.00,97,0,0.00,2,8.42,4.81,5.10,14.50
187020,5.47,0.78,1,14.36,13.92,8,14.71,165,0.35,0.35,832,0.00,1.00,0,0.5000,17.00,97,0,0.00,2,8.42,4.84,5.10,14.60
187125,5.47,0.78,1,14.36,13.92,8,14.71,165,0.35,0.34,838,0.00,1.00,0,0.5000,16.50,97,0,0.00,2,8.27,4.78,5.10,14.50
187228,5.47,0.78,1,14.36,14.00,8,14.71,165,0.34,0.34,844,0.00,1.00,0,0.5000,16.50,97,0,0.00,2,8.27,4.78,5.10,14.50
187332,4.69,0.78,1,14.36,13.92,8,14.71,165,0.34,0.33,843,0.00,1.00,0,0.5000,16.50,97,0,0.00,2,8.27,4.69,5.10,14.50
187436,4.69,0.78,1,14.36,13.92,8,14.70,165,0.34,0.33,853,0.00,1.00,0,0.5000,16.50,97,0,0.00,2,8.27,4.66,5.10,14.50
187541,4.69,0.78,1,14.36,13.92,8,14.71,165,0.34,0.33,828,0.00,1.00,0,0.5000,16.50,97,0,0.00,2,8.27,4.66,5.10,14.50
187645,4.69,0.78,1,14.36,13.92,8,14.71,165,0.34,0.34,844,0.00,1.00,0,0.5000,17.00,97,0,0.00,2,8.27,4.78,5.10,14.40
187749,4.69,0.78,1,14.36,14.00,8,14.71,165,0.34,0.35,812,0.00,1.00,0,0.5000,17.00,97,0,0.00,2,8.27,4.84,5.10,14.50
187852,4.69,0.78,1,14.36,13.92,8,14.71,165,0.35,0.36,815,0.00,1.00,0,0.5000,17.50,97,0,0.00,2,8.27,4.87,5.10,14.40
187957,4.69,0.78,1,14.36,13.92,8,14.72,165,0.35,0.36,802,0.00,1.00,0,0.5000,17.50,97,0,0.00,2,8.42,4.81,5.10,14.50
188060,4.69,0.78,1,14.36,13.92,8,14.72,165,0.35,0.36,797,0.00,1.00,0,0.5000,18.00,97,0,0.00,2,8.42,4.78,5.10,14.60
188165,4.69,0.78,1,14.36,14.00,8,14.71,165,0.35,0.35,805,0.00,1.00,0,0.5000,17.50,97,0,0.00,2,8.42,4.69,5.10,14.60
188268,4.69,0.78,1,14.36,13.92,8,14.71,165,0.34,0.33,808,0.00,1.00,0,0.5000,17.00,97,0,0.00,2,8.42,4.50,5.10,14.60
188373,4.69,0.78,1,14.36,13.92,8,14.71,165,0.34,0.33,808,0.00,1.00,0,0.5000,17.00,97,0,0.00,2,8.56,4.39,5.10,14.70
188477,4.69,0.78,1,14.36,13.92,8,14.71,165,0.34,0.34,812,0.00,1.00,0,0.5000,17.00,97,0,0.00,2,8.56,4.61,5.10,14.70
188581,4.69,0.78,1,14.36,13.92,8,14.71,165,0.34,0.34,811,0.00,1.00,0,0.5000,17.00,97,0,0.00,2,8.42,4.66,5.10,14.90
188685,4.69,0.78,1,14.36,14.00,8,14.71,165,0.34,0.35,819,0.00,1.00,0,0.5000,17.00,97,0,0.00,2,8.56,4.72,5.10,14.80
188789,4.69,0.78,1,14.36,13.84,8,14.72,165,0.35,0.35,797,0.00,1.00,0,0.5000,17.00,97,0,0.00,2,8.56,4.75,5.10,14.70
188893,5.47,0.78,1,14.36,13.92,8,14.72,165,0.35,0.36,780,0.00,1.00,0,0.5000,18.50,97,0,0.00,2,8.56,4.72,5.10,14.80
188997,5.47,0.78,1,14.36,13.92,8,14.72,165,0.35,0.37,790,0.00,1.00,0,0.5000,17.50,97,0,0.00,2,8.56,4.81,5.10,15.00
189101,5.47,0.78,1,14.36,14.00,8,14.72,165,0.36,0.37,787,0.00,1.00,0,0.5000,17.50,97,0,0.00,2,8.71,4.84,5.10,15.00
189205,5.47,0.78,1,14.36,13.92,8,14.72,165,0.36,0.38,799,0.00,1.00,0,0.5000,17.00,97,0,0.00,2,8.71,4.96,5.10,15.00
189309,5.47,0.78,1,14.36,13.84,8,14.71,165,0.37,0.37,806,0.00,1.00,0,0.5000,17.00,97,0,0.00,2,8.71,5.00,5.10,15.00
189413,5.47,0.78,1,14.36,13.92,8,14.71,165,0.36,0.35,814,0.00,1.00,0,0.5000,17.00,97,0,0.00,2,8.71,4.81,5.10,15.00
189517,5.47,0.78,1,14.36,13.92,8,14.71,165,0.36,0.36,842,0.00,1.00,0,0.5000,16.00,97,0,0.00,2,8.56,4.90,5.10,14.90
189621,5.47,0.78,1,14.36,13.92,8,14.71,165,0.35,0.34,838,0.00,1.00,0,0.5000,16.00,97,0,0.00,2,8.56,4.81,5.10,14.80
189724,5.47,0.78,1,14.36,14.00,8,14.70,165,0.35,0.34,867,0.00,1.00,0,0.5000,14.00,97,0,0.00,2,8.42,4.87,5.10,14.90
189829,5.47,0.78,1,14.36,13.84,8,14.70,165,0.34,0.34,848,0.00,1.00,0,0.5000,16.00,97,0,0.00,2,8.42,4.84,5.10,14.80
189932,5.47,0.78,1,14.36,13.92,8,14.70,165,0.34,0.34,856,0.00,1.00,0,0.5000,15.50,97,0,0.00,2,8.42,4.84,5.10,14.90
190037,5.47,0.78,1,14.36,14.00,8,14.71,165,0.35,0.34,846,0.00,1.00,0,0.5000,16.00,97,0,0.00,2,8.42,5.00,5.49,14.70
190141,5.47,0.78,1,14.36,14.08,8,14.71,165,0.34,0.34,845,0.00,1.00,0,0.5000,16.50,97,0,0.00,2,8.42,4.72,5.49,14.70
190245,5.47,0.78,1,14.36,14.00,8,14.70,165,0.34,0.34,848,0.00,1.00,0,0.5000,16.00,97,0,0.00,2,8.42,4.75,5.49,14.70
190349,5.47,0.78,1,14.36,13.92,8,14.71,165,0.34,0.35,846,0.00,1.00,0,0.5000,16.50,97,0,0.00,2,8.42,4.90,5.49,14.70
190453,5.47,0.78,1,14.36,13.92,8,14.70,165,0.34,0.34,851,0.00,1.00,0,0.5000,16.00,97,0,0.00,2,8.42,4.93,5.49,14.90
190557,5.47,0.78,1,14.36,14.00,8,14.70,165,0.35,0.36,850,0.00,1.00,0,0.5000,16.50,97,0,0.00,2,8.42,5.03,5.10,14.70
190661,5.47,0.78,1,14.36,14.00,8,14.71,165,0.35,0.35,840,0.00,1.00,0,0.5000,16.50,97,0,0.00,2,8.42,4.96,5.10,14.70
190765,5.47,0.78,1,14.36,13.92,8,14.71,165,0.35,0.36,842,0.00,1.00,0,0.5000,17.00,97,0,0.00,2,8.42,5.00,5.10,14.60
190869,5.47,0.78,1,14.36,13.84,8,14.70,165,0.35,0.35,856,0.00,1.00,0,0.5000,16.50,97,0,0.00,2,8.42,5.03,5.10,14.70
190973,5.47,0.78,1,14.36,13.92,8,14.70,165,0.35,0.35,852,0.00,1.00,0,0.5000,16.50,97,0,0.00,2,8.27,5.03,5.10,14.80
191077,5.47,0.78,1,14.36,13.92,8,14.70,165,0.35,0.34,860,0.00,1.00,0,0.5000,16.50,97,0,0.00,2,8.27,4.90,5.10,14.60
191181,5.47,0.78,1,14.36,14.00,8,14.70,165,0.35,0.35,864,0.00,1.00,0,0.5000,16.50,97,0,0.00,2,8.27,5.00,5.10,14.80
191285,5.47,0.78,1,14.36,13.92,8,14.70,165,0.34,0.34,876,0.00,1.00,0,0.5000,16.00,97,0,0.00,2,8.27,4.93,5.10,14.90
191389,5.47,0.78,1,14.36,13.92,8,14.70,165,0.34,0.34,862,0.00,1.00,0,0.5000,16.50,97,0,0.00,2,8.27,4.84,5.10,14.50
191493,5.47,0.78,1,14.36,13.92,8,14.70,165,0.34,0.34,870,0.00,1.00,0,0.5000,16.50,97,0,0.00,2,8.27,4.96,5.10,14.60
191597,4.69,0.78,1,14.36,13.92,8,14.70,165,0.34,0.34,863,0.00,1.00,0,0.5000,16.50,97,0,0.00,2,8.13,4.90,5.10,14.50
191701,4.69,0.78,1,14.36,13.92,8,14.70,165,0.34,0.34,876,0.00,1.00,0,0.5000,16.00,97,0,0.00,2,8.13,4.90,5.10,14.50
191805,4.69,0.78,1,14.36,13.92,8,14.70,165,0.34,0.35,850,0.00,1.00,0,0.5000,17.00,97,0,0.00,2,8.13,4.90,5.10,14.40
191909,4.69,0.78,1,14.36,13.92,8,14.70,165,0.34,0.33,864,0.00,1.00,0,0.5000,16.50,97,0,0.00,2,8.13,4.75,5.10,14.40
192014,4.69,0.78,1,14.36,13.92,8,14.70,165,0.34,0.34,844,0.00,1.00,0,0.5000,17.00,97,0,0.00,2,8.13,4.81,5.10,14.40
192117,4.69,0.78,1,14.36,13.92,8,14.70,165,0.34,0.34,854,0.00,1.00,0,0.5000,17.00,97,0,0.00,2,8.27,4.90,5.10,14.50
192221,4.69,0.78,1,14.36,13.92,8,14.70,165,0.34,0.33,853,0.00,1.00,0,0.5000,17.00,97,0,0.00,2,8.27,4.75,5.10,14.40
192325,4.69,0.78,1,14.36,13.92,8,14.71,165,0.34,0.34,838,0.00,1.00,0,0.5000,17.00,97,0,0.00,2,8.27,4.72,5.10,14.50
192429,4.69,0.78,1,14.36,14.00,8,14.71,165,0.34,0.34,835,0.00,1.00,0,0.5000,17.00,97,0,0.00,2,8.27,4.72,5.10,14.50
192533,4.69,0.78,1,14.36,13.92,8,14.71,165,0.33,0.34,842,0.00,1.00,0,0.5000,17.50,97,0,0.00,2,8.27,4.69,5.10,14.60
192637,4.69,0.78,1,14.36,13.92,8,14.71,165,0.34,0.34,816,0.00,1.00,0,0.5000,17.00,97,0,0.00,2,8.27,4.78,5.10,14.70
192741,4.69,0.78,1,14.36,13.92,8,14.71,165,0.34,0.35,821,0.00,1.00,0,0.5000,18.00,97,0,0.00,2,8.27,4.75,5.10,14.70
192845,4.69,0.78,1,14.36,13.92,8,14.71,165,0.34,0.35,821,0.00,1.00,0,0.5000,17.50,97,0,0.00,2,8.42,4.84,5.10,14.70
192949,4.69,0.78,1,14.36,14.00,8,14.71,165,0.34,0.35,812,0.00,1.00,0,0.5000,18.00,97,0,0.00,2,8.42,4.72,5.10,14.80
193053,5.47,0.78,1,14.36,13.84,8,14.71,165,0.34,0.34,827,0.00,1.00,0,0.5000,17.00,97,0,0.00,2,8.42,4.72,5.10,14.90
193157,5.47,0.78,1,14.36,13.92,8,14.71,165,0.34,0.34,823,0.00,1.00,0,0.5000,17.00,97,0,0.00,2,8.42,4.75,5.10,15.00
193260,5.47,0.78,1,14.36,14.00,8,14.71,165,0.34,0.35,840,0.00,1.00,0,0.5000,17.00,97,0,0.00,2,8.42,4.84,5.10,14.80
193365,5.47,0.78,1,14.36,13.92,8,14.71,165,0.34,0.34,829,0.00,1.00,0,0.5000,17.00,97,0,0.00,2,8.42,4.81,5.10,15.10
193469,5.47,0.78,1,14.36,14.08,8,14.71,165,0.34,0.35,824,0.00,1.00,0,0.5000,17.00,97,0,0.00,2,8.42,4.75,5.10,14.90
193573,5.47,0.78,1,14.36,13.44,8,14.71,165,0.34,0.34,832,0.00,1.00,0,0.5000,17.00,97,0,0.00,2,8.42,4.72,5.10,14.90
193677,5.47,0.78,1,14.36,13.92,8,14.71,165,0.34,0.33,835,0.00,1.00,0,0.5000,17.00,97,0,0.00,2,8.42,4.66,5.10,14.80
193781,5.47,0.78,1,14.36,13.84,8,14.70,165,0.34,0.35,842,0.00,1.00,0,0.5000,17.00,97,0,0.00,2,8.27,4.90,5.10,14.80
193885,5.47,0.78,1,14.36,14.00,8,14.71,165,0.34,0.34,834,0.00,1.00,0,0.5000,17.00,97,0,0.00,2,8.27,4.69,5.10,14.80
193989,5.47,0.78,1,14.36,13.84,8,14.70,165,0.34,0.33,853,0.00,1.00,0,0.5000,16.50,97,0,0.00,2,8.27,4.75,5.10,14.80
194093,5.47,0.78,1,14.36,13.84,8,14.70,165,0.33,0.33,846,0.00,1.00,0,0.5000,16.50,97,0,0.00,2,8.27,4.66,5.10,14.80
194197,5.47,0.78,1,14.36,13.92,8,14.70,165,0.33,0.33,854,0.00,1.00,0,0.5000,16.50,97,0,0.00,2,8.27,4.64,5.10,14.90
194301,5.47,0.78,1,14.36,13.84,8,14.71,165,0.33,0.34,829,0.00,1.00,0,0.5000,17.00,97,0,0.00,2,8.27,4.75,5.10,14.80
194405,5.47,0.78,1,14.36,14.00,8,14.71,165,0.33,0.34,831,0.00,1.00,0,0.5000,17.00,97,0,0.00,2,8.27,4.69,5.10,14.80
194509,5.47,0.78,1,14.36,14.00,8,14.71,165,0.34,0.34,824,0.00,1.00,0,0.5000,17.00,97,0,0.00,2,8.27,4.75,5.10,14.80
194613,5.47,0.78,1,14.36,13.92,8,14.71,165,0.34,0.35,832,0.00,1.00,0,0.5000,17.00,97,0,0.00,2,8.27,4.72,5.10,14.80
194717,6.25,0.78,1,14.36,13.92,8,14.71,165,0.34,0.36,815,0.00,1.00,0,0.5000,17.00,97,0,0.00,2,8.42,4.84,5.10,14.80
194821,6.25,0.78,1,14.36,13.92,8,14.71,165,0.34,0.35,818,0.00,1.00,0,0.5000,17.00,97,0,0.00,2,8.42,4.72,5.10,14.90
194925,6.25,0.78,1,14.36,13.84,8,14.71,165,0.34,0.35,812,0.00,1.00,0,0.5000,17.00,97,0,0.00,2,8.42,4.66,5.10,14.90
195029,6.25,0.78,1,14.36,14.00,8,14.71,165,0.34,0.35,809,0.00,1.00,0,0.5000,17.50,97,0,0.00,2,8.42,4.75,3.92,14.90
195133,6.25,0.78,1,14.36,14.00,8,14.70,165,0.33,0.33,861,0.00,1.00,0,0.5000,16.50,97,0,0.00,2,8.27,4.36,3.92,14.80
195237,6.25,0.78,1,14.36,13.92,8,14.69,165,0.31,0.27,890,0.00,1.10,0,0.5000,13.50,97,0,0.00,2,7.84,4.01,3.92,14.80
195341,6.25,0.78,1,14.36,14.00,8,14.69,165,0.30,0.26,889,0.00,1.08,0,0.5000,13.50,97,0,0.00,2,7.55,3.98,3.92,14.80
195445,6.25,0.78,1,14.36,13.92,8,14.70,165,0.29,0.27,877,0.00,1.00,0,0.5000,15.50,97,0,0.00,2,7.25,3.93,3.92,14.80
195549,5.47,0.78,1,14.36,13.84,8,14.69,165,0.28,0.27,901,0.00,1.00,0,0.5000,13.50,97,0,0.00,2,6.96,4.03,3.92,14.80
195653,5.47,0.78,1,14.36,14.00,8,14.70,165,0.27,0.27,876,0.00,1.00,0,0.5000,16.00,97,0,0.00,2,6.96,3.93,3.92,14.40
195757,4.69,0.78,1,14.36,14.00,8,14.69,165,0.27,0.26,884,0.00,1.00,0,0.5000,16.00,97,0,0.00,2,6.82,3.87,3.92,14.50
195861,4.69,0.78,1,14.36,13.92,8,14.70,165,0.27,0.26,860,0.00,1.00,0,0.5000,17.00,97,0,0.00,2,6.82,3.87,3.92,14.40
195965,3.91,0.78,1,14.36,13.92,8,14.70,165,0.27,0.27,863,0.00,1.00,0,0.5000,16.50,97,0,0.00,2,6.82,3.93,3.92,14.30
196069,3.12,0.78,1,14.36,13.92,8,14.70,165,0.27,0.28,848,0.00,1.00,0,0.5000,17.00,97,0,0.00,2,6.82,3.93,3.92,14.30
196173,2.34,0.78,1,14.36,14.00,8,14.70,165,0.27,0.28,854,0.00,1.00,0,0.5000,17.00,97,0,0.00,2,6.82,3.93,3.92,14.10
196277,2.34,0.78,1,14.36,14.00,8,14.71,165,0.27,0.28,813,0.00,1.00,0,0.5000,17.50,97,0,0.00,2,6.82,3.82,3.92,14.10
196381,1.56,0.78,1,14.36,14.00,8,14.71,165,0.27,0.29,815,0.00,1.00,0,0.5000,19.50,97,0,0.00,2,6.96,3.95,3.92,13.90
196485,1.56,0.78,1,14.36,13.92,8,14.71,165,0.28,0.29,800,0.00,1.00,0,0.5000,19.50,97,0,0.00,2,6.96,3.82,3.92,13.80
196589,0.78,0.78,1,14.36,13.92,8,14.71,165,0.28,0.30,779,0.00,1.00,0,0.5000,21.00,97,0,0.00,2,6.96,3.87,3.92,13.90
196693,0.78,0.78,1,14.36,14.00,8,14.71,165,0.28,0.29,783,0.00,1.00,0,0.5000,21.00,97,0,0.00,2,6.96,3.80,3.92,13.70
196797,0.00,0.78,1,14.36,14.00,8,14.71,165,0.28,0.30,750,0.00,1.00,0,0.5000,22.00,97,0,0.00,2,7.11,3.77,3.92,13.80
196902,0.00,0.78,1,14.36,13.92,8,14.71,165,0.28,0.29,764,0.00,1.00,0,0.5000,20.50,97,0,0.00,2,7.11,3.72,3.92,13.80
197006,0.00,0.78,1,14.36,13.92,8,14.71,165,0.28,0.29,760,0.00,1.00,0,0.5000,21.00,97,0,0.00,2,7.11,3.58,3.53,13.90
197109,0.00,0.78,1,14.36,13.92,8,14.71,165,0.28,0.29,751,0.00,1.00,0,0.5000,21.00,97,0,0.00,2,7.25,3.62,3.92,14.10
197213,-0.78,0.78,1,14.36,14.08,8,14.71,165,0.28,0.29,738,0.00,1.00,0,0.5000,21.50,97,0,0.00,2,7.25,3.60,3.53,14.10
197317,-0.78,0.78,1,14.36,13.92,8,14.71,165,0.28,0.29,747,0.00,1.00,0,0.5000,21.00,97,0,0.00,2,7.25,3.62,3.92,14.10
197422,-0.78,0.78,1,14.36,14.00,8,14.71,165,0.28,0.30,751,0.00,1.00,0,0.5000,20.00,97,0,0.00,2,7.25,3.67,3.92,14.10
197525,-0.78,0.78,1,14.36,13.84,8,14.71,165,0.29,0.29,728,0.00,1.00,0,0.5000,20.00,97,0,0.00,2,7.25,3.67,3.53,14.20
197629,-0.78,0.78,1,14.36,13.92,8,14.71,165,0.29,0.30,732,0.00,1.00,0,0.5000,20.50,97,0,0.00,2,7.40,3.65,3.53,14.20
197733,-0.78,0.78,1,14.36,14.00,8,14.71,165,0.29,0.30,728,0.00,1.00,0,0.5000,20.00,97,0,0.00,2,7.40,3.62,3.53,14.30
197837,-0.78,0.78,1,14.36,13.92,8,14.71,165,0.29,0.30,717,0.00,1.00,0,0.5000,21.00,97,0,0.00,2,7.40,3.55,3.53,14.30
197941,-0.78,0.78,1,14.36,14.08,8,14.71,165,0.29,0.30,724,0.00,1.00,0,0.5000,20.50,97,0,0.00,2,7.40,3.60,3.92,14.40
198046,-0.78,0.78,1,14.36,14.00,8,14.71,167,0.29,0.31,700,0.00,1.00,0,0.5000,21.50,97,0,0.00,2,7.55,3.60,3.92,14.50
198149,-0.78,0.78,1,14.36,13.84,8,14.71,167,0.30,0.31,722,0.00,1.00,0,0.5000,21.00,97,0,0.00,2,7.55,3.65,3.92,14.50
198253,-0.78,0.78,1,14.36,14.00,8,14.71,167,0.30,0.31,709,0.00,1.00,0,0.5000,20.50,97,0,0.00,2,7.55,3.67,3.92,14.60
198358,0.00,0.78,1,14.36,14.00,8,14.71,167,0.30,0.31,706,0.00,1.00,0,0.5000,19.50,97,0,0.00,2,7.69,3.70,3.92,14.80
198461,0.00,0.78,1,14.36,14.00,8,14.71,167,0.30,0.30,727,0.00,1.00,0,0.5000,18.00,97,0,0.00,2,7.69,3.62,3.92,14.80
198566,0.00,0.78,1,14.36,13.92,8,14.71,167,0.30,0.29,733,0.00,1.00,0,0.5000,17.00,97,0,0.00,2,7.69,3.58,3.92,14.80
198670,0.00,0.78,1,14.36,13.92,8,14.71,167,0.30,0.30,723,0.00,1.00,0,0.5000,18.00,97,0,0.00,2,7.69,3.65,3.92,14.80
198773,0.00,0.78,1,14.36,13.92,8,14.71,167,0.29,0.29,714,0.00,1.00,0,0.5000,17.50,97,0,0.00,2,7.69,3.55,3.92,14.90
198877,0.78,0.78,1,14.36,14.00,8,14.71,167,0.30,0.30,714,0.00,1.00,0,0.5000,18.00,97,0,0.00,2,7.69,3.60,3.92,14.80
198981,0.78,0.78,1,14.36,13.92,8,14.71,167,0.30,0.31,709,0.00,1.00,0,0.5000,18.50,97,0,0.00,2,7.69,3.67,3.92,14.90
199085,0.78,0.78,1,14.36,14.08,8,14.71,167,0.31,0.33,716,0.00,1.00,0,0.5000,17.50,97,0,0.00,2,7.84,3.90,3.92,14.90
199190,0.78,0.78,1,14.36,13.84,8,14.71,167,0.31,0.32,711,0.00,1.00,0,0.5000,17.00,97,0,0.00,2,7.84,3.90,3.92,15.00
199294,1.56,0.78,1,14.36,14.00,8,14.71,167,0.31,0.32,710,0.00,1.00,0,0.5000,18.00,97,0,0.00,2,7.84,3.77,3.92,15.00
199398,1.56,0.78,1,14.36,13.92,8,14.71,167,0.31,0.31,744,0.00,1.00,0,0.5000,17.00,97,0,0.00,2,7.84,3.80,3.92,15.10
199502,2.34,0.78,1,14.36,13.92,8,14.71,167,0.31,0.31,748,0.00,1.00,0,0.5000,16.50,97,0,0.00,2,7.84,3.87,3.92,15.20
199607,2.34,0.78,1,14.36,14.00,8,14.71,167,0.31,0.31,755,0.00,1.00,0,0.5000,16.50,97,0,0.00,2,7.84,3.82,3.92,15.20
199710,3.12,0.78,1,14.36,13.84,8,14.71,167,0.30,0.30,758,0.00,1.00,0,0.5000,16.50,97,0,0.00,2,7.84,3.77,3.92,15.40
199814,3.12,0.78,1,14.36,13.92,8,14.71,167,0.30,0.30,784,0.00,1.00,0,0.5000,15.00,97,0,0.00,2,7.69,3.82,3.92,15.30
199918,3.12,0.78,1,14.36,13.92,8,14.71,167,0.30,0.30,771,0.00,1.00,0,0.5000,16.00,97,0,0.00,2,7.69,3.82,3.92,15.40
200022,3.12,0.78,1,14.36,14.00,8,14.71,167,0.29,0.29,794,0.00,1.00,0,0.5000,14.50,97,0,0.00,2,7.55,3.82,3.92,15.30
200126,3.12,0.78,1,14.36,13.92,8,14.71,167,0.30,0.30,779,0.00,1.00,0,0.5000,16.00,97,0,0.00,2,7.55,3.93,3.92,15.20
200230,3.12,0.78,1,14.36,14.00,8,14.71,167,0.30,0.30,776,0.00,1.00,0,0.5000,16.00,97,0,0.00,2,7.55,3.93,3.92,15.20
200334,3.91,0.78,1,14.36,14.00,8,14.71,167,0.30,0.30,788,0.00,1.00,0,0.5000,15.50,97,0,0.00,2,7.55,3.98,3.92,15.10
200438,3.91,0.78,1,14.36,13.92,8,14.71,167,0.30,0.31,780,0.00,1.00,0,0.5000,16.00,97,0,0.00,2,7.55,3.98,3.92,15.10
200542,3.91,0.78,1,14.36,13.92,8,14.71,167,0.30,0.30,795,0.00,1.00,0,0.5000,15.50,97,0,0.00,2,7.55,3.98,3.92,15.10
200646,3.91,0.78,1,14.36,14.00,8,14.71,167,0.30,0.30,796,0.00,1.00,0,0.5000,16.00,97,0,0.00,2,7.40,4.03,3.92,15.00
200750,3.91,0.78,1,14.36,13.92,8,14.71,167,0.30,0.30,796,0.00,1.00,0,0.5000,15.00,97,0,0.00,2,7.40,4.01,3.92,15.00
200855,3.12,0.78,1,14.36,14.00,8,14.71,167,0.29,0.30,783,0.00,1.00,0,0.5000,16.50,97,0,0.00,2,7.40,3.93,3.92,14.90
200958,3.12,0.78,1,14.36,13.84,8,14.71,167,0.29,0.30,790,0.00,1.00,0,0.5000,16.50,97,0,0.00,2,7.40,3.90,3.92,14.80
201062,3.12,0.78,1,14.36,14.00,8,14.71,167,0.29,0.29,794,0.00,1.00,0,0.5000,15.50,97,0,0.00,2,7.40,3.87,3.92,14.80
201167,3.12,0.78,1,14.36,14.00,8,14.71,167,0.29,0.30,802,0.00,1.00,0,0.5000,16.50,97,0,0.00,2,7.40,3.93,3.92,14.80
201270,3.12,0.78,1,14.36,14.00,8,14.71,167,0.29,0.29,795,0.00,1.00,0,0.5000,16.50,97,0,0.00,2,7.40,3.87,3.92,15.20
201374,3.12,0.78,1,14.36,13.84,8,14.71,167,0.29,0.30,784,0.00,1.00,0,0.5000,17.00,97,0,0.00,2,7.40,3.95,3.92,14.70
201478,2.34,0.78,1,14.36,13.92,8,14.71,167,0.29,0.30,793,0.00,1.00,0,0.5000,16.50,97,0,0.00,2,7.40,3.93,3.92,14.50
201582,2.34,0.78,1,14.36,13.92,8,14.71,167,0.29,0.31,780,0.00,1.00,0,0.5000,16.50,97,0,0.00,2,7.40,4.01,3.92,14.40
201687,2.34,0.78,1,14.36,14.00,8,14.71,167,0.29,0.30,792,0.00,1.00,0,0.5000,16.50,97,0,0.00,2,7.40,3.98,3.92,14.50
201790,2.34,0.78,1,14.36,14.00,8,14.71,167,0.30,0.31,802,0.00,1.00,0,0.5000,16.50,97,0,0.00,2,7.40,4.03,3.92,14.50
201894,2.34,0.78,1,14.36,14.00,8,14.71,167,0.29,0.30,785,0.00,1.00,0,0.5000,16.50,97,0,0.00,2,7.25,3.95,3.92,14.40
201999,2.34,0.78,1,14.36,13.92,8,14.71,167,0.29,0.29,792,0.00,1.00,0,0.5000,16.50,97,0,0.00,2,7.25,3.82,3.92,14.50
202102,1.56,0.78,1,14.36,13.52,8,14.71,167,0.29,0.29,791,0.00,1.00,0,0.5000,16.50,97,0,0.00,2,7.25,3.82,3.92,14.40
202206,1.56,0.78,1,14.36,14.00,8,14.71,167,0.29,0.29,770,0.00,1.00,0,0.5000,17.00,97,0,0.00,2,7.25,3.82,5.10,14.50
202310,1.56,0.78,1,14.36,13.92,8,14.71,167,0.31,0.34,765,0.00,0.89,0,0.5000,17.00,97,0,0.00,2,7.69,4.33,5.49,14.40
202414,1.56,0.78,1,14.36,14.00,8,14.71,167,0.32,0.37,748,0.00,0.88,0,0.5000,18.00,97,0,0.00,2,8.13,4.61,5.10,14.40
202518,1.56,0.78,1,14.36,13.84,8,14.71,167,0.34,0.38,748,0.00,0.90,0,0.5000,18.50,97,0,0.00,2,8.42,4.63,5.49,14.40
202623,1.56,0.78,1,14.36,13.68,8,14.71,167,0.35,0.38,753,0.00,0.99,0,0.5000,17.50,97,0,0.00,2,8.56,4.72,5.49,14.40
202726,1.56,0.78,1,14.36,14.00,8,14.71,167,0.36,0.38,744,0.00,0.99,0,0.5000,18.00,97,0,0.00,2,8.71,4.81,5.49,14.50
202830,2.34,0.78,1,14.36,13.92,8,14.71,167,0.37,0.40,719,0.00,0.91,0,0.5000,20.00,97,0,0.00,2,9.00,4.81,5.49,14.40
202934,3.12,0.78,1,14.36,14.00,8,14.71,167,0.38,0.40,718,0.00,0.99,0,0.5000,19.50,97,0,0.00,2,9.14,4.87,5.49,14.90
203038,3.91,0.78,1,14.36,13.92,8,14.71,167,0.39,0.40,763,0.00,0.99,0,0.5000,17.00,97,0,0.00,2,9.43,5.00,5.49,15.10
203143,3.91,0.78,1,14.36,13.84,8,14.71,167,0.39,0.40,768,0.00,0.99,0,0.5000,17.00,97,0,0.00,2,9.43,5.09,5.49,15.50
203246,5.47,0.78,1,14.36,14.00,8,14.71,167,0.39,0.38,778,0.00,0.99,0,0.5000,16.50,97,0,0.00,2,9.43,4.96,5.49,15.30
203351,5.47,0.78,1,14.36,14.00,8,14.71,167,0.38,0.38,814,0.00,0.99,0,0.5000,16.00,97,0,0.00,2,9.43,5.03,5.49,15.70
203454,6.25,0.78,1,14.36,13.92,8,14.71,167,0.38,0.37,825,0.00,0.99,0,0.5000,13.50,97,0,0.00,2,9.29,5.03,5.49,15.80
203559,7.81,0.78,1,14.36,13.92,8,14.70,167,0.37,0.35,837,0.00,0.99,0,0.5000,13.00,97,0,0.00,2,9.14,4.84,5.49,15.90
203662,7.81,0.78,1,14.36,13.84,8,14.70,167,0.37,0.36,857,0.00,1.00,0,0.5000,12.00,97,0,0.00,2,9.00,5.12,5.49,16.00
203767,7.81,0.78,1,14.36,13.92,8,14.70,167,0.36,0.37,847,0.00,1.00,0,0.5000,13.00,97,0,0.00,2,9.00,5.18,5.49,15.90
203871,7.81,0.78,1,14.36,13.92,8,14.70,167,0.37,0.36,866,0.00,1.00,0,0.5000,12.50,97,0,0.00,2,8.85,5.24,5.88,15.80
203974,7.81,0.78,1,14.36,13.92,8,14.70,167,0.37,0.37,862,0.00,1.00,0,0.5000,13.00,97,0,0.00,2,8.85,5.37,5.88,15.60
204078,8.59,0.78,1,14.36,13.92,8,14.69,167,0.36,0.36,878,0.00,1.00,0,0.5000,12.50,97,0,0.00,2,8.85,5.21,5.88,15.50
204182,8.59,0.78,1,14.36,13.92,8,14.70,167,0.36,0.35,868,0.00,1.00,0,0.5000,13.50,97,0,0.00,2,8.71,5.06,5.88,15.40
204286,8.59,0.78,1,14.36,13.84,8,14.69,167,0.36,0.35,884,0.00,1.00,0,0.5000,12.50,97,0,0.00,2,8.71,5.21,5.88,15.20
204390,8.59,0.78,1,14.36,13.92,8,14.69,167,0.36,0.36,882,0.00,1.00,0,0.5000,13.50,97,0,0.00,2,8.71,5.31,5.88,15.10
204494,8.59,0.78,1,14.36,13.92,8,14.69,167,0.36,0.36,892,0.00,1.00,0,0.5000,12.50,97,0,0.00,2,8.56,5.31,5.88,15.00
204598,8.59,0.78,1,14.36,14.00,8,14.69,167,0.35,0.35,916,0.00,1.00,0,0.5000,13.00,97,0,0.00,2,8.56,5.31,5.88,15.00
204703,8.59,0.78,1,14.36,13.92,8,14.69,167,0.35,0.34,903,0.00,1.00,0,0.5000,12.50,97,0,0.00,2,8.56,5.15,5.88,14.80
204806,8.59,0.78,1,14.36,13.84,8,14.69,167,0.35,0.34,912,0.00,1.00,0,0.5000,13.50,97,0,0.00,2,8.42,5.18,5.49,14.90
204911,8.59,0.78,1,14.36,14.00,8,14.69,167,0.35,0.35,898,0.00,1.00,0,0.5000,14.50,99,0,0.00,2,8.42,5.31,5.49,14.80
205014,8.59,0.78,1,14.36,13.92,8,14.69,167,0.35,0.35,915,0.00,1.00,0,0.5000,13.50,99,0,0.00,2,8.42,5.31,5.49,14.80
205119,8.59,0.78,1,14.36,14.00,8,14.69,167,0.34,0.34,913,0.00,1.00,0,0.5000,14.00,99,0,0.00,2,8.42,5.24,5.49,15.30
205223,7.81,0.78,1,14.36,13.84,8,14.69,167,0.34,0.34,917,0.00,1.00,0,0.5000,13.50,99,0,0.00,2,8.27,5.21,5.49,14.40
205327,7.81,0.78,1,14.36,13.84,8,14.68,167,0.34,0.33,924,0.00,1.00,0,0.5000,14.50,99,0,0.00,2,8.27,5.09,5.49,14.50
205431,7.81,0.78,1,14.36,13.92,8,14.69,167,0.34,0.34,906,0.00,1.00,0,0.5000,15.50,99,0,0.00,2,8.13,5.15,5.49,14.50
205535,7.81,0.78,1,14.36,13.92,8,14.68,167,0.34,0.50,919,0.00,1.00,0,0.5000,15.50,99,0,0.00,2,8.13,5.06,5.49,14.50
205639,7.03,0.78,1,14.36,13.92,8,14.69,167,0.33,0.33,910,0.00,1.00,0,0.5000,16.00,99,0,0.00,2,8.13,5.03,5.49,14.40
205743,7.03,0.78,1,14.36,14.00,8,14.69,167,0.33,0.32,904,0.00,1.00,0,0.5000,16.00,99,0,0.00,2,7.98,4.90,5.49,14.40
205847,7.03,0.78,1,14.36,14.00,8,14.69,167,0.33,0.33,909,0.00,1.00,0,0.5000,16.50,99,0,0.00,2,7.98,4.90,5.49,14.30
205951,6.25,0.78,1,14.36,13.92,8,14.69,167,0.33,0.32,904,0.00,1.00,0,0.5000,16.00,99,0,0.00,2,7.98,5.03,5.49,14.30
206055,6.25,0.78,1,14.36,13.92,8,14.69,167,0.33,0.33,911,0.00,1.00,0,0.5000,16.50,99,0,0.00,2,7.98,4.93,5.49,14.20
206159,6.25,0.78,1,14.36,13.84,8,14.69,167,0.33,0.33,889,0.00,1.00,0,0.5000,17.00,99,0,0.00,2,7.98,4.96,5.49,14.20
206263,6.25,0.78,1,14.36,14.00,8,14.69,167,0.33,0.33,888,0.00,1.00,0,0.5000,17.00,99,0,0.00,2,7.98,4.93,5.49,14.30
206367,6.25,0.78,1,14.36,13.92,8,14.69,167,0.33,0.32,880,0.00,1.00,0,0.5000,17.00,99,0,0.00,2,7.98,4.84,5.10,14.30
206471,6.25,0.78,1,14.36,13.92,8,14.69,167,0.33,0.33,890,0.00,1.00,0,0.5000,17.00,99,0,0.00,2,7.98,4.87,5.49,14.40
206575,6.25,0.78,1,14.36,13.92,8,14.70,167,0.33,0.34,865,0.00,1.00,0,0.5000,17.50,99,0,0.00,2,7.98,4.84,5.49,14.40
206679,6.25,0.78,1,14.36,13.92,8,14.70,167,0.33,0.32,866,0.00,1.00,0,0.5000,17.50,99,0,0.00,2,8.13,4.66,5.49,14.50
206783,6.25,0.78,1,14.36,14.00,8,14.70,167,0.32,0.32,854,0.00,1.00,0,0.5000,18.00,99,0,0.00,2,8.13,4.58,5.10,14.40
206887,5.47,0.78,1,14.36,13.92,8,14.70,167,0.32,0.32,866,0.00,1.00,0,0.5000,17.00,99,0,0.00,2,8.13,4.69,5.10,14.50
206991,5.47,0.78,1,14.36,13.84,8,14.70,167,0.33,0.33,836,0.00,1.00,0,0.5000,19.50,99,0,0.00,2,8.13,4.69,5.10,14.50
207095,6.25,0.78,1,14.36,13.84,8,14.70,167,0.33,0.34,852,0.00,1.00,0,0.5000,17.50,99,0,0.00,2,8.13,4.78,5.10,14.60
207199,6.25,0.78,1,14.36,13.92,8,14.70,167,0.33,0.33,827,0.00,1.00,0,0.5000,19.50,99,0,0.00,2,8.13,4.61,5.10,14.40
207303,6.25,0.78,1,14.36,14.08,8,14.70,167,0.33,0.34,842,0.00,1.00,0,0.5000,19.50,99,0,0.00,2,8.27,4.75,5.10,15.00
207407,6.25,0.78,1,14.36,13.84,8,14.70,167,0.33,0.34,841,0.00,1.00,0,0.5000,17.50,99,0,0.00,2,8.27,4.78,5.10,14.80
207511,6.25,0.78,1,14.36,14.00,8,14.70,167,0.33,0.33,844,0.00,1.00,0,0.5000,17.50,99,0,0.00,2,8.27,4.69,5.10,14.90
207615,7.03,0.78,1,14.36,13.92,8,14.70,167,0.33,0.34,830,0.00,1.00,0,0.5000,17.50,99,0,0.00,2,8.27,4.72,5.10,14.90
207719,7.03,0.78,1,14.36,13.92,8,14.70,167,0.34,0.34,835,0.00,1.00,0,0.5000,18.50,99,0,0.00,2,8.27,4.69,5.10,14.90
207823,7.03,0.78,1,14.36,13.92,8,14.70,167,0.33,0.34,834,0.00,1.00,0,0.5000,17.50,99,0,0.00,2,8.27,4.66,5.10,15.00
207927,7.03,0.78,1,14.36,13.92,8,14.70,167,0.33,0.33,830,0.00,1.00,0,0.5000,17.50,99,0,0.00,2,8.27,4.52,5.10,14.80
208031,7.03,0.78,1,14.36,13.84,8,14.70,167,0.33,0.34,838,0.00,1.00,0,0.5000,17.00,99,0,0.00,2,8.27,4.66,5.10,14.80
208135,7.03,0.78,1,14.36,13.92,8,14.70,167,0.33,0.34,823,0.00,1.00,0,0.5000,18.00,99,0,0.00,2,8.27,4.69,5.10,14.90
208239,7.03,0.78,1,14.36,13.92,8,14.70,167,0.34,0.34,831,0.00,1.00,0,0.5000,18.00,99,0,0.00,2,8.27,4.75,5.10,15.00
208343,7.03,0.78,1,14.36,14.00,8,14.70,167,0.34,0.34,827,0.00,1.00,0,0.5000,17.00,99,0,0.00,2,8.27,4.78,5.10,14.80
208447,7.03,0.78,1,14.36,14.00,8,14.70,167,0.34,0.34,837,0.00,1.00,0,0.5000,17.00,99,0,0.00,2,8.27,4.69,5.10,14.80
208551,7.03,0.78,1,14.36,13.92,8,14.70,167,0.34,0.34,826,0.00,1.00,0,0.5000,17.00,99,0,0.00,2,8.27,4.69,5.10,14.80
208655,7.03,0.78,1,14.36,13.92,8,14.70,167,0.34,0.35,828,0.00,1.00,0,0.5000,17.00,99,0,0.00,2,8.27,4.78,5.10,14.70
208759,7.03,0.78,1,14.36,13.84,8,14.70,167,0.34,0.34,835,0.00,1.00,0,0.5000,17.00,99,0,0.00,2,8.27,4.72,5.10,14.70
208863,7.03,0.78,1,14.36,13.84,8,14.70,167,0.34,0.35,828,0.00,1.00,0,0.5000,17.00,99,0,0.00,2,8.27,4.81,5.10,14.90
208967,7.03,0.78,1,14.36,14.00,8,14.70,167,0.34,0.35,839,0.00,1.00,0,0.5000,17.00,99,0,0.00,2,8.27,4.81,5.10,14.70
209071,7.03,0.78,1,14.36,13.92,8,14.70,167,0.34,0.34,837,0.00,1.00,0,0.5000,17.00,99,0,0.00,2,8.27,4.72,5.10,14.70
209176,6.25,0.78,1,14.36,14.00,8,14.70,167,0.34,0.34,844,0.00,1.00,0,0.5000,17.00,99,0,0.00,2,8.27,4.72,5.10,14.80
209279,6.25,0.78,1,14.36,13.92,8,14.70,167,0.34,0.34,841,0.00,1.00,0,0.5000,17.00,99,0,0.00,2,8.27,4.84,5.10,14.70
209383,6.25,0.78,1,14.36,14.00,8,14.81,167,0.34,0.34,848,0.00,1.00,0,0.5000,17.00,99,0,0.00,2,8.27,4.81,5.10,15.40
209487,6.25,0.78,1,14.36,14.00,8,14.70,167,0.33,0.33,847,0.00,1.00,0,0.5000,16.50,99,0,0.00,2,8.13,4.75,5.10,14.50
209591,6.25,0.78,1,14.36,14.00,8,14.70,167,0.33,0.33,855,0.00,1.00,0,0.5000,17.00,99,0,0.00,2,8.13,4.66,5.10,14.40
209695,5.47,0.78,1,14.36,13.92,8,14.64,167,0.33,0.33,841,0.00,1.00,0,0.5000,16.50,99,0,0.00,2,8.13,4.75,5.10,14.50
209799,5.47,0.78,1,14.36,13.84,8,14.70,167,0.33,0.34,840,0.00,1.00,0,0.5000,17.00,99,0,0.00,2,8.13,4.75,5.10,14.40
209903,5.47,0.78,1,14.36,13.84,8,14.70,167,0.33,0.33,857,0.00,1.00,0,0.5000,16.50,99,0,0.00,2,8.13,4.72,5.10,14.50
210007,5.47,0.78,1,14.36,14.00,8,14.70,167,0.33,0.33,843,0.00,1.00,0,0.5000,17.00,99,0,0.00,2,8.13,4.69,5.10,14.50
210111,5.47,0.78,1,14.36,13.92,8,14.70,167,0.33,0.33,847,0.00,1.00,0,0.5000,17.00,99,0,0.00,2,8.13,4.69,5.10,14.40
210215,5.47,0.78,1,14.36,13.84,8,14.70,167,0.33,0.33,822,0.00,1.00,0,0.5000,17.50,99,0,0.00,2,8.13,4.58,5.10,14.40
210319,5.47,0.78,1,14.36,13.92,8,14.70,167,0.33,0.34,839,0.00,1.00,0,0.5000,17.00,99,0,0.00,2,8.27,4.72,5.10,14.50
210423,5.47,0.78,1,14.36,13.92,8,14.70,167,0.33,0.34,821,0.00,1.00,0,0.5000,17.00,99,0,0.00,2,8.27,4.66,5.10,14.50
210527,5.47,0.78,1,14.36,14.00,8,14.70,169,0.33,0.34,839,0.00,1.00,0,0.5000,17.00,99,0,0.00,2,8.27,4.72,5.10,14.60
210631,5.47,0.78,1,14.36,13.92,8,14.70,169,0.33,0.33,826,0.00,1.00,0,0.5000,17.00,99,0,0.00,2,8.27,4.63,5.10,14.50
210735,5.47,0.78,1,14.36,13.92,8,14.70,169,0.33,0.32,841,0.00,1.00,0,0.5000,17.00,99,0,0.00,2,8.27,4.44,5.10,14.50
210839,5.47,0.78,1,14.36,13.92,8,14.70,169,0.33,0.32,839,0.00,1.00,0,0.5000,17.00,99,0,0.00,2,8.27,4.52,5.10,14.70
210943,5.47,0.78,1,14.36,13.84,8,14.71,169,0.33,0.34,816,0.00,1.00,0,0.5000,17.50,99,0,0.00,2,8.27,4.69,5.10,14.70
211047,6.25,0.78,1,14.36,13.92,8,14.71,169,0.33,0.34,817,0.00,1.00,0,0.5000,17.00,99,0,0.00,2,8.42,4.55,5.10,14.80
211151,6.25,0.78,1,14.36,14.00,8,14.71,169,0.34,0.35,804,0.00,1.00,0,0.5000,17.50,99,0,0.00,2,8.42,4.61,5.10,14.80
211255,6.25,0.78,1,14.36,14.08,8,14.70,169,0.33,0.32,818,0.00,1.00,0,0.5000,17.50,99,0,0.00,2,8.42,4.47,5.10,14.90
211359,6.25,0.78,1,14.36,13.92,8,14.71,169,0.34,0.34,811,0.00,1.00,0,0.5000,17.00,99,0,0.00,2,8.42,4.63,5.10,14.90
211463,6.25,0.78,1,14.36,13.84,8,14.71,169,0.34,0.35,806,0.00,1.00,0,0.5000,17.50,99,0,0.00,2,8.42,4.75,5.10,14.90
211567,7.03,0.78,1,14.36,13.92,8,14.70,169,0.34,0.34,823,0.00,1.00,0,0.5000,17.00,99,0,0.00,2,8.42,4.66,5.10,15.00
211671,7.03,0.78,1,14.36,13.92,8,14.71,169,0.34,0.34,812,0.00,1.00,0,0.5000,17.00,99,0,0.00,2,8.42,4.61,5.10,15.10
211775,7.03,0.78,1,14.36,14.08,8,14.71,169,0.34,0.35,813,0.00,1.00,0,0.5000,17.00,99,0,0.00,2,8.42,4.72,5.10,15.10
211879,7.03,0.78,1,14.36,13.92,8,14.71,169,0.34,0.35,814,0.00,1.00,0,0.5000,17.00,99,0,0.00,2,8.42,4.81,5.10,15.00
211983,7.81,0.78,1,14.36,13.84,8,14.70,169,0.34,0.35,837,0.00,1.00,0,0.5000,17.00,99,0,0.00,2,8.42,4.75,5.10,15.10
212087,7.81,0.78,1,14.36,13.84,8,14.70,169,0.34,0.33,845,0.00,1.00,0,0.5000,16.50,99,0,0.00,2,8.42,4.58,5.10,15.10
212191,7.03,0.78,1,14.36,13.92,8,14.70,169,0.34,0.34,834,0.00,1.00,0,0.5000,16.50,99,0,0.00,2,8.42,4.69,5.10,15.10
212295,7.03,0.78,1,14.36,13.92,8,14.70,169,0.34,0.33,846,0.00,1.00,0,0.5000,16.50,99,0,0.00,2,8.27,4.72,5.10,15.00
212399,7.03,0.78,1,14.36,13.92,8,14.70,169,0.33,0.33,842,0.00,1.00,0,0.5000,16.50,99,0,0.00,2,8.27,4.69,5.10,14.70
212502,7.03,0.78,1,14.36,13.84,8,14.69,169,0.33,0.34,862,0.00,1.00,0,0.5000,16.00,99,0,0.00,2,8.27,4.78,5.10,14.80
212607,7.03,0.78,1,14.36,13.84,8,14.70,169,0.33,0.34,835,0.00,1.00,0,0.5000,17.00,99,0,0.00,2,8.27,4.78,5.10,14.80
212711,7.03,0.78,1,14.36,14.00,8,14.70,169,0.33,0.34,845,0.00,1.00,0,0.5000,16.50,99,0,0.00,2,8.27,4.75,5.10,14.70
212815,7.03,0.78,1,14.36,13.92,8,14.70,169,0.34,0.34,842,0.00,1.00,0,0.5000,16.50,99,0,0.00,2,8.27,4.81,5.10,14.70
212919,7.03,0.78,1,14.36,14.00,8,14.70,169,0.34,0.34,842,0.00,1.00,0,0.5000,17.00,99,0,0.00,2,8.27,4.81,5.10,14.80
213023,7.03,0.78,1,14.36,13.92,8,14.70,169,0.34,0.33,838,0.00,1.00,0,0.5000,17.00,99,0,0.00,2,8.27,4.72,5.10,14.80
213127,7.03,0.78,1,14.36,14.00,8,14.70,169,0.34,0.34,852,0.00,1.00,0,0.5000,17.00,99,0,0.00,2,8.27,4.75,5.10,14.50
213231,7.03,0.78,1,14.36,13.92,8,14.70,169,0.34,0.33,844,0.00,1.00,0,0.5000,16.00,99,0,0.00,2,8.13,4.75,5.10,14.50
213336,6.25,0.78,1,14.36,13.92,8,14.70,169,0.34,0.34,852,0.00,1.00,0,0.5000,17.00,99,0,0.00,2,8.27,4.84,5.10,14.50
213441,6.25,0.78,1,14.36,14.00,8,14.70,169,0.34,0.34,842,0.00,1.00,0,0.5000,16.50,99,0,0.00,2,8.27,4.81,5.10,14.50
213546,6.25,0.78,1,14.36,14.00,8,14.70,169,0.33,0.34,856,0.00,1.00,0,0.5000,17.00,99,0,0.00,2,8.13,4.72,5.10,14.50
213650,6.25,0.78,1,14.36,13.84,8,14.70,169,0.33,0.32,842,0.00,1.00,0,0.5000,16.50,99,0,0.00,2,8.13,4.58,5.10,14.50
213754,6.25,0.78,1,14.36,13.92,8,14.70,169,0.33,0.33,845,0.00,1.00,0,0.5000,17.00,99,0,0.00,2,8.13,4.69,5.10,14.60
213858,6.25,0.78,1,14.36,13.92,8,14.70,169,0.33,0.34,855,0.00,1.00,0,0.5000,16.50,99,0,0.00,2,8.13,4.84,5.10,14.50
213962,5.47,0.78,1,14.36,14.00,8,14.70,169,0.33,0.34,843,0.00,1.00,0,0.5000,17.00,99,0,0.00,2,8.13,4.72,5.10,14.50
214066,5.47,0.78,1,14.36,13.92,8,14.70,169,0.33,0.32,854,0.00,1.00,0,0.5000,16.50,99,0,0.00,2,8.13,4.55,5.10,14.40
214170,5.47,0.78,1,14.36,13.84,8,14.70,169,0.33,0.32,838,0.00,1.00,0,0.5000,17.00,99,0,0.00,2,8.13,4.47,5.10,14.40
214275,5.47,0.78,1,14.36,13.92,8,14.70,169,0.33,0.33,822,0.00,1.00,0,0.5000,17.50,99,0,0.00,2,8.13,4.58,5.10,14.50
214378,5.47,0.78,1,14.36,14.00,8,14.71,169,0.33,0.34,815,0.00,1.00,0,0.5000,17.00,99,0,0.00,2,8.27,4.69,5.10,14.60
214483,5.47,0.78,1,14.36,13.84,8,14.70,169,0.34,0.34,824,0.00,1.00,0,0.5000,18.00,99,0,0.00,2,8.27,4.66,5.10,14.70
214586,5.47,0.78,1,14.36,14.00,8,14.71,169,0.34,0.34,810,0.00,1.00,0,0.5000,17.00,99,0,0.00,2,8.27,4.69,5.10,14.50
214691,6.25,0.78,1,14.36,13.84,8,14.71,169,0.34,0.36,806,0.00,1.00,0,0.5000,18.00,99,0,0.00,2,8.42,4.81,5.10,14.60
214795,6.25,0.78,1,14.36,13.92,8,14.70,169,0.34,0.34,827,0.00,1.00,0,0.5000,17.00,99,0,0.00,2,8.42,4.75,5.10,14.80
214899,6.25,0.78,1,14.36,13.92,8,14.71,169,0.34,0.35,812,0.00,1.00,0,0.5000,17.00,99,0,0.00,2,8.42,4.75,5.10,14.70
215002,6.25,0.78,1,14.36,14.00,8,14.70,169,0.35,0.35,823,0.00,1.00,0,0.5000,17.50,99,0,0.00,2,8.42,4.78,5.10,14.80
215106,6.25,0.78,1,14.36,14.00,8,14.70,169,0.35,0.35,817,0.00,1.00,0,0.5000,17.00,99,0,0.00,2,8.42,4.87,5.10,14.90
215211,6.25,0.78,1,14.36,13.92,8,14.70,169,0.35,0.35,834,0.00,1.00,0,0.5000,17.00,99,0,0.00,2,8.42,4.78,5.10,14.90
215314,6.25,0.78,1,14.36,13.92,8,14.70,169,0.34,0.34,839,0.00,1.00,0,0.5000,16.50,99,0,0.00,2,8.42,4.69,5.10,14.80
215419,6.25,0.78,1,14.36,13.76,8,14.70,169,0.34,0.33,847,0.00,1.00,0,0.5000,16.50,99,0,0.00,2,8.27,4.72,5.10,14.70
215522,6.25,0.78,1,14.36,13.92,8,14.69,169,0.34,0.33,879,0.00,1.00,0,0.5000,14.50,99,0,0.00,2,8.27,4.90,5.10,14.70
215627,5.47,0.78,1,14.36,14.00,8,14.70,169,0.34,0.33,853,0.00,1.00,0,0.5000,16.50,99,0,0.00,2,8.27,4.72,5.10,14.70
215730,5.47,0.78,1,14.36,13.92,8,14.70,169,0.34,0.34,849,0.00,1.00,0,0.5000,16.50,99,0,0.00,2,8.13,4.75,5.10,14.60
215835,5.47,0.78,1,14.36,13.84,8,14.70,169,0.33,0.34,845,0.00,1.00,0,0.5000,17.00,99,0,0.00,2,8.13,4.75,5.10,14.50
215939,5.47,0.78,1,14.36,13.92,8,14.70,169,0.33,0.33,850,0.00,1.00,0,0.5000,16.50,99,0,0.00,2,8.13,4.69,5.10,14.50
216042,5.47,0.78,1,14.36,13.84,8,14.70,169,0.34,0.34,833,0.00,1.00,0,0.5000,17.00,99,0,0.00,2,8.27,4.78,5.10,14.50
216147,5.47,0.78,1,14.36,14.00,8,14.70,169,0.34,0.34,838,0.00,1.00,0,0.5000,17.00,99,0,0.00,2,8.27,4.66,5.10,14.50
216251,5.47,0.78,1,14.36,14.00,8,14.70,169,0.34,0.35,814,0.00,1.00,0,0.5000,17.00,99,0,0.00,2,8.27,4.72,5.10,14.60
216355,4.69,0.78,1,14.36,13.92,8,14.70,169,0.34,0.35,826,0.00,1.00,0,0.5000,17.00,99,0,0.00,2,8.27,4.81,5.10,14.50
216459,4.69,0.78,1,14.36,13.92,8,14.70,169,0.34,0.35,814,0.00,1.00,0,0.5000,17.00,99,0,0.00,2,8.27,4.75,5.10,14.40
216563,4.69,0.78,1,14.36,13.92,8,14.71,169,0.34,0.35,812,0.00,1.00,0,0.5000,17.50,99,0,0.00,2,8.42,4.69,5.10,14.40
216666,4.69,0.78,1,14.36,13.92,8,14.70,169,0.35,0.35,819,0.00,1.00,0,0.5000,17.00,99,0,0.00,2,8.42,4.84,5.10,14.50
216771,4.69,0.78,1,14.36,13.92,8,14.70,169,0.35,0.35,820,0.00,1.00,0,0.5000,17.00,99,0,0.00,2,8.42,4.87,5.10,14.50
216875,4.69,1.56,1,14.36,13.92,8,14.70,169,0.35,0.35,836,0.00,1.00,0,0.5000,17.00,99,0,0.00,2,8.42,4.81,5.10,14.50
216979,4.69,1.56,1,14.36,14.00,8,14.70,169,0.35,0.34,838,0.00,1.00,0,0.5000,16.50,99,0,0.00,2,8.27,4.84,5.10,14.60
217083,4.69,1.56,1,14.36,13.92,8,14.70,169,0.34,0.35,853,0.00,1.00,0,0.5000,17.00,99,0,0.00,2,8.27,4.87,5.10,14.60
217187,4.69,1.56,1,14.36,14.00,8,14.70,169,0.34,0.32,850,0.00,1.00,0,0.5000,16.50,99,0,0.00,2,8.27,4.61,5.10,14.60
217291,4.69,1.56,1,14.36,14.08,8,14.70,169,0.33,0.33,856,0.00,1.00,0,0.5000,16.50,99,0,0.00,2,8.27,4.66,5.10,14.70
217395,4.69,1.56,1,14.36,13.92,8,14.70,169,0.33,0.32,854,0.00,1.00,0,0.5000,16.00,99,0,0.00,2,8.13,4.66,5.10,14.60
217499,4.69,1.56,1,14.36,14.00,8,14.69,169,0.33,0.33,867,0.00,1.00,0,0.5000,16.50,99,0,0.00,2,8.13,4.66,5.10,14.60
217603,4.69,1.56,1,14.36,13.84,8,14.70,169,0.33,0.33,853,0.00,1.00,0,0.5000,16.50,99,0,0.00,2,8.13,4.75,5.10,14.50
217707,4.69,1.56,1,14.36,13.92,8,14.70,169,0.33,0.33,856,0.00,1.00,0,0.5000,16.50,99,0,0.00,2,8.13,4.69,5.10,14.50
217811,4.69,1.56,1,14.36,14.00,8,14.70,169,0.33,0.34,840,0.00,1.00,0,0.5000,16.50,99,0,0.00,2,8.13,4.84,5.10,14.50
217915,4.69,1.56,1,14.36,13.92,8,14.70,169,0.33,0.35,830,0.00,1.00,0,0.5000,17.00,99,0,0.00,2,8.13,4.78,5.10,14.60
218019,4.69,1.56,1,14.36,13.92,8,14.70,169,0.34,0.34,837,0.00,1.00,0,0.5000,17.00,99,0,0.00,2,8.27,4.75,5.10,14.50
218123,4.69,1.56,1,14.36,13.92,8,14.70,169,0.34,0.35,818,0.00,1.00,0,0.5000,17.50,99,0,0.00,2,8.27,4.90,3.53,14.80
218227,4.69,1.56,1,14.36,13.92,8,14.69,169,0.32,0.29,881,0.00,1.07,0,0.5000,15.00,99,0,0.00,2,7.69,4.17,3.92,14.80
218331,4.69,1.56,1,14.36,13.44,8,14.68,169,0.29,0.25,902,0.00,1.12,0,0.5000,13.50,99,0,0.00,2,7.40,3.72,3.92,14.90
218435,4.69,1.56,1,14.36,14.08,8,14.68,169,0.28,0.26,918,0.00,1.00,0,0.5000,12.50,99,0,0.00,2,7.11,3.92,3.92,14.70
218539,4.69,1.56,1,14.36,14.00,8,14.68,169,0.27,0.26,902,0.00,1.00,0,0.5000,15.50,99,0,0.00,2,6.96,3.92,3.92,14.70
218643,3.91,1.56,1,14.36,13.84,8,14.69,169,0.27,0.26,888,0.00,1.00,0,0.5000,14.50,99,0,0.00,2,6.82,3.87,3.92,14.20
218747,3.12,1.56,1,14.36,13.92,8,14.69,169,0.26,0.26,889,0.00,1.00,0,0.5000,16.50,99,0,0.00,2,6.67,3.87,3.92,14.40
218851,3.12,1.56,1,14.36,14.00,8,14.69,169,0.26,0.26,873,0.00,1.00,0,0.5000,16.50,99,0,0.00,2,6.67,3.82,3.92,14.30
218955,2.34,1.56,1,14.36,14.00,8,14.69,169,0.26,0.26,870,0.00,1.00,0,0.5000,17.00,99,0,0.00,2,6.67,3.82,3.92,14.20
219059,2.34,1.56,1,14.36,14.00,8,14.70,169,0.26,0.27,854,0.00,1.00,0,0.5000,17.00,99,0,0.00,2,6.67,3.87,3.92,14.10
219163,1.56,1.56,1,14.36,13.92,8,14.70,169,0.26,0.27,852,0.00,1.00,0,0.5000,17.00,99,0,0.00,2,6.67,3.82,3.92,14.00
219267,0.78,1.56,1,14.36,13.92,8,14.64,169,0.26,0.27,812,0.00,1.00,0,0.5000,17.50,99,0,0.00,2,6.67,3.75,3.92,13.90
219371,0.00,1.56,1,14.36,13.92,8,14.71,169,0.26,0.28,808,0.00,1.00,0,0.5000,20.00,99,0,0.00,2,6.67,3.72,3.92,13.90
219475,0.00,1.56,1,14.36,13.92,8,14.70,169,0.26,0.27,813,0.00,1.00,0,0.5000,19.00,99,0,0.00,2,6.67,3.62,3.92,13.90
219579,-0.78,1.56,1,14.36,14.08,8,14.71,169,0.26,0.27,781,0.00,1.00,0,0.5000,21.50,99,0,0.00,2,6.82,3.62,3.53,13.90
219683,-0.78,1.56,1,14.36,14.00,8,14.71,169,0.27,0.28,783,0.00,1.00,0,0.5000,21.50,99,0,0.00,2,6.82,3.58,3.53,13.90
219787,-1.56,1.56,1,14.36,13.92,8,14.71,169,0.27,0.27,787,0.00,1.00,0,0.5000,20.00,99,0,0.00,2,6.82,3.60,3.53,13.80
219891,-1.56,1.56,1,14.36,14.00,8,14.71,169,0.27,0.28,759,0.00,1.00,0,0.5000,21.50,99,0,0.00,2,6.96,3.60,3.53,13.80
219995,-2.34,1.56,1,14.36,13.92,8,14.71,169,0.27,0.28,771,0.00,1.00,0,0.5000,21.00,99,0,0.00,2,6.96,3.53,3.53,13.80
220099,-2.34,1.56,1,14.36,13.92,8,14.71,169,0.27,0.28,755,0.00,1.00,0,0.5000,21.50,99,0,0.00,2,6.96,3.58,3.53,13.90
220203,-2.34,1.56,1,14.36,14.00,8,14.71,169,0.28,0.29,731,0.00,1.00,0,0.5000,21.50,99,0,0.00,2,6.96,3.62,3.53,13.90
220307,-2.34,1.56,1,14.36,13.76,8,14.71,169,0.28,0.30,726,0.00,1.00,0,0.5000,22.00,99,0,0.00,2,7.11,3.58,3.53,13.90
220411,-2.34,1.56,1,14.36,14.00,8,14.71,169,0.28,0.30,719,0.00,1.00,0,0.5000,22.00,99,0,0.00,2,7.11,3.53,3.53,14.00
220515,-2.34,1.56,1,14.36,13.92,8,14.71,169,0.28,0.29,720,0.00,1.00,0,0.5000,22.00,99,0,0.00,2,7.25,3.50,3.53,14.00
220619,-2.34,1.56,1,14.36,13.52,8,14.71,169,0.28,0.28,726,0.00,1.00,0,0.5000,20.50,99,0,0.00,2,7.25,3.50,3.53,14.20
220723,-2.34,1.56,1,14.36,14.08,8,14.71,169,0.28,0.29,724,0.00,1.00,0,0.5000,21.00,99,0,0.00,2,7.25,3.53,3.53,14.30
220827,-2.34,1.56,1,14.36,14.00,8,14.71,169,0.29,0.30,714,0.00,1.00,0,0.5000,21.50,99,0,0.00,2,7.25,3.55,3.53,14.40
220931,-2.34,1.56,1,14.36,13.92,8,14.71,169,0.29,0.29,725,0.00,1.00,0,0.5000,20.00,99,0,0.00,2,7.40,3.53,3.53,14.40
221034,-2.34,1.56,1,14.36,14.00,8,14.71,169,0.29,0.30,720,0.00,1.00,0,0.5000,20.00,99,0,0.00,2,7.40,3.58,3.53,14.50
221139,-2.34,1.56,1,14.36,13.92,8,14.71,169,0.29,0.29,716,0.00,1.00,0,0.5000,20.00,99,0,0.00,2,7.40,3.50,3.53,14.40
221243,-2.34,1.56,1,14.36,14.00,8,14.71,169,0.29,0.30,725,0.00,1.00,0,0.5000,20.00,99,0,0.00,2,7.40,3.62,3.53,14.50
221347,-2.34,1.56,1,14.36,13.92,8,14.71,169,0.29,0.30,711,0.00,1.00,0,0.5000,20.00,99,0,0.00,2,7.40,3.53,3.53,14.40
221451,-2.34,1.56,1,14.36,14.00,8,14.71,169,0.29,0.29,708,0.00,1.00,0,0.5000,18.50,99,0,0.00,2,7.55,3.48,3.92,14.90
221555,-1.56,1.56,1,14.36,13.84,8,14.71,169,0.29,0.29,721,0.00,1.00,0,0.5000,18.00,99,0,0.00,2,7.55,3.53,3.92,14.80
221659,-1.56,1.56,1,14.36,14.00,8,14.71,169,0.29,0.30,705,0.00,1.00,0,0.5000,18.50,99,0,0.00,2,7.55,3.67,3.92,14.80
221763,-1.56,1.56,1,14.36,13.92,8,14.71,169,0.30,0.31,716,0.00,1.00,0,0.5000,18.00,99,0,0.00,2,7.69,3.67,3.92,14.80
221867,-1.56,1.56,1,14.36,13.92,8,14.71,169,0.30,0.31,707,0.00,1.00,0,0.5000,19.00,99,0,0.00,2,7.69,3.62,3.92,14.80
221971,-1.56,1.56,1,14.36,13.92,8,14.71,169,0.30,0.31,716,0.00,1.00,0,0.5000,17.50,99,0,0.00,2,7.69,3.67,3.92,15.00
222075,-0.78,1.56,1,14.36,13.84,8,14.71,169,0.30,0.31,732,0.00,1.00,0,0.5000,17.50,99,0,0.00,2,7.69,3.67,3.92,14.90
222179,-0.78,1.56,1,14.36,13.92,8,14.71,169,0.30,0.31,710,0.00,1.00,0,0.5000,18.00,99,0,0.00,2,7.69,3.70,3.92,15.00
222283,-0.78,1.56,1,14.36,13.92,8,14.71,169,0.30,0.31,719,0.00,1.00,0,0.5000,17.00,99,0,0.00,2,7.69,3.72,3.92,15.00
222387,0.00,1.56,1,14.36,13.84,8,14.71,169,0.31,0.32,697,0.00,1.00,0,0.5000,19.00,99,0,0.00,2,7.84,3.77,3.92,15.10
222491,0.00,1.56,1,14.36,13.92,8,14.71,169,0.31,0.32,716,0.00,1.00,0,0.5000,18.00,99,0,0.00,2,7.84,3.77,3.92,15.30
222595,0.00,1.56,1,14.36,14.00,8,14.71,169,0.31,0.31,734,0.00,1.00,0,0.5000,17.00,99,0,0.00,2,7.84,3.75,3.92,15.20
222699,0.78,1.56,1,14.36,13.92,8,14.71,169,0.31,0.31,713,0.00,1.00,0,0.5000,17.00,99,0,0.00,2,7.84,3.80,3.92,15.30
222803,0.78,1.56,1,14.36,14.00,8,14.71,169,0.31,0.32,731,0.00,1.00,0,0.5000,17.00,99,0,0.00,2,7.84,3.92,3.92,15.20
222907,0.78,1.56,1,14.36,13.76,8,14.71,169,0.31,0.31,762,0.00,1.00,0,0.5000,16.50,99,0,0.00,2,7.84,3.87,3.92,15.30
223011,1.56,1.56,1,14.36,13.92,8,14.71,169,0.31,0.31,764,0.00,1.00,0,0.5000,16.00,99,0,0.00,2,7.84,3.90,3.92,15.30
223115,1.56,1.56,1,14.36,14.00,8,14.71,169,0.30,0.30,765,0.00,1.00,0,0.5000,16.00,99,0,0.00,2,7.69,3.87,3.92,15.30
223219,1.56,1.56,1,14.36,13.84,8,14.71,169,0.30,0.30,780,0.00,1.00,0,0.5000,15.50,99,0,0.00,2,7.69,3.92,3.92,15.50
223323,2.34,1.56,1,14.36,14.00,8,14.71,169,0.30,0.30,768,0.00,1.00,0,0.5000,16.00,99,0,0.00,2,7.69,3.90,3.92,15.30
223427,2.34,1.56,1,14.36,14.00,8,14.71,169,0.30,0.29,776,0.00,1.00,0,0.5000,16.00,99,0,0.00,2,7.55,3.85,3.92,15.40
223531,2.34,1.56,1,14.36,14.00,8,14.71,169,0.30,0.30,776,0.00,1.00,0,0.5000,16.50,99,0,0.00,2,7.55,3.85,3.92,15.40
223635,2.34,1.56,1,14.36,13.92,8,14.71,169,0.29,0.29,791,0.00,1.00,0,0.5000,15.00,99,0,0.00,2,7.55,3.87,3.92,15.30
223739,2.34,1.56,1,14.36,13.84,8,14.71,169,0.29,0.30,788,0.00,1.00,0,0.5000,15.50,99,0,0.00,2,7.55,3.90,3.92,15.30
223843,2.34,1.56,1,14.36,14.00,8,14.71,169,0.29,0.30,795,0.00,1.00,0,0.5000,16.00,99,0,0.00,2,7.55,3.92,3.92,15.30
223947,2.34,1.56,1,14.36,14.00,8,14.71,169,0.29,0.29,794,0.00,1.00,0,0.5000,15.50,99,0,0.00,2,7.40,3.90,3.92,15.00
224051,2.34,1.56,1,14.36,13.92,8,14.71,169,0.29,0.29,798,0.00,1.00,0,0.5000,15.50,99,0,0.00,2,7.40,3.90,3.92,15.00
224155,2.34,1.56,1,14.36,13.84,8,14.71,169,0.29,0.29,796,0.00,1.00,0,0.5000,16.00,99,0,0.00,2,7.40,3.82,3.92,15.00
224259,2.34,1.56,1,14.36,13.92,8,14.71,169,0.29,0.29,761,0.00,1.00,0,0.5000,16.50,99,0,0.00,2,7.40,3.80,3.92,14.80
224363,2.34,1.56,1,14.36,13.84,8,14.71,169,0.29,0.30,783,0.00,1.00,0,0.5000,17.00,99,0,0.00,2,7.40,3.90,3.92,14.80
224467,2.34,1.56,1,14.36,13.52,8,14.71,169,0.29,0.30,790,0.00,1.00,0,0.5000,16.00,99,0,0.00,2,7.40,3.92,3.92,14.90
224571,2.34,1.56,1,14.36,14.08,8,14.71,169,0.29,0.30,768,0.00,1.00,0,0.5000,17.00,99,0,0.00,2,7.40,3.82,3.92,14.70
224675,2.34,1.56,1,14.36,14.00,8,14.71,169,0.29,0.30,784,0.00,1.00,0,0.5000,17.00,99,0,0.00,2,7.40,3.87,3.92,14.80
224779,2.34,1.56,1,14.36,13.84,8,14.71,169,0.29,0.30,780,0.00,1.00,0,0.5000,16.50,99,0,0.00,2,7.40,3.90,3.92,14.90
224884,2.34,1.56,1,14.36,14.00,8,14.71,169,0.30,0.31,772,0.00,1.00,0,0.5000,17.00,99,0,0.00,2,7.40,3.98,3.92,14.80
224987,2.34,1.56,1,14.36,14.00,8,14.71,169,0.30,0.31,781,0.00,1.00,0,0.5000,17.00,99,0,0.00,2,7.40,4.01,3.92,14.70
225091,2.34,1.56,1,14.36,14.00,8,14.71,169,0.29,0.30,794,0.00,1.00,0,0.5000,16.00,99,0,0.00,2,7.40,3.92,3.92,14.70
225195,2.34,1.56,1,14.36,13.92,8,14.71,169,0.29,0.29,794,0.00,1.00,0,0.5000,16.50,99,0,0.00,2,7.40,3.90,3.92,14.90
225300,2.34,1.56,1,14.36,14.00,8,14.71,169,0.29,0.30,791,0.00,1.00,0,0.5000,16.50,99,0,0.00,2,7.40,3.95,3.92,14.70
225403,2.34,1.56,1,14.36,13.92,8,14.71,169,0.29,0.29,791,0.00,1.00,0,0.5000,16.00,99,0,0.00,2,7.25,3.90,3.92,14.80
225507,1.56,1.56,1,14.36,14.00,8,14.71,169,0.29,0.29,796,0.00,1.00,0,0.5000,16.50,99,0,0.00,2,7.25,3.90,3.92,14.90
225611,1.56,1.56,1,14.36,13.76,8,14.70,169,0.29,0.29,815,0.00,1.00,0,0.5000,15.50,99,0,0.00,2,7.25,3.90,3.92,14.60
225715,1.56,1.56,1,14.36,14.00,8,14.70,169,0.29,0.28,804,0.00,1.00,0,0.5000,16.50,99,0,0.00,2,7.25,3.87,3.92,14.60
225819,1.56,1.56,1,14.36,13.52,8,14.70,169,0.28,0.29,810,0.00,1.00,0,0.5000,16.50,99,0,0.00,2,7.25,3.85,5.49,14.60
225924,1.56,1.56,1,14.36,13.68,8,14.71,171,0.29,0.29,797,0.00,1.00,0,0.5000,16.50,99,0,0.00,2,7.25,3.90,5.49,14.50
226028,0.78,1.56,1,14.36,14.00,8,14.71,171,0.31,0.36,765,0.00,0.87,0,0.5000,17.50,99,0,0.00,2,7.69,4.61,5.49,14.50
226131,0.78,1.56,1,14.36,13.92,8,14.71,171,0.33,0.37,781,0.00,0.89,0,0.5000,17.00,99,0,0.00,2,7.98,4.72,5.10,14.40
226236,0.78,1.56,1,14.36,13.92,8,14.71,171,0.34,0.36,780,0.00,1.00,0,0.5000,17.00,99,0,0.00,2,8.27,4.78,5.10,14.40
226339,0.78,1.56,1,14.36,13.84,8,14.71,171,0.34,0.37,771,0.00,0.99,0,0.5000,17.00,99,0,0.00,2,8.42,4.75,5.10,14.40
226445,1.56,1.56,1,14.36,13.92,8,14.71,171,0.36,0.38,756,0.00,0.99,0,0.5000,17.50,99,0,0.00,2,8.56,4.81,5.10,14.40
226548,1.56,1.56,1,14.36,13.84,8,14.71,171,0.37,0.40,745,0.00,0.99,0,0.5000,18.50,99,0,0.00,2,8.71,4.90,5.49,14.60
226652,2.34,1.56,1,14.36,13.92,8,14.71,171,0.37,0.38,746,0.00,0.99,0,0.5000,18.00,99,0,0.00,2,8.85,4.78,5.49,15.00
226757,2.34,1.56,1,14.36,14.00,8,14.71,171,0.37,0.37,764,0.00,0.99,0,0.5000,17.50,99,0,0.00,2,9.00,4.75,5.49,15.00
226861,3.12,1.56,1,14.36,13.92,8,14.71,171,0.37,0.38,778,0.00,0.99,0,0.5000,17.00,99,0,0.00,2,9.14,4.87,5.49,15.30
226966,3.91,1.56,1,14.36,13.92,8,14.71,171,0.37,0.37,797,0.00,0.99,0,0.5000,16.50,99,0,0.00,2,9.14,4.96,5.49,15.40
227070,4.69,1.56,1,14.36,13.92,8,14.70,171,0.37,0.36,806,0.00,0.99,0,0.5000,16.00,99,0,0.00,2,9.14,4.81,5.49,15.40
227173,4.69,1.56,1,14.36,14.00,8,14.70,171,0.37,0.36,818,0.00,0.99,0,0.5000,15.00,99,0,0.00,2,9.00,4.99,5.49,15.60
227278,5.47,1.56,1,14.36,14.00,8,14.70,171,0.36,0.36,844,0.00,1.00,0,0.5000,14.00,99,0,0.00,2,9.00,4.99,5.49,15.50
227382,5.47,1.56,1,14.36,14.00,8,14.70,171,0.36,0.36,833,0.00,1.00,0,0.5000,13.50,99,0,0.00,2,8.85,5.09,5.49,15.30
227486,6.25,1.56,1,14.36,13.92,8,14.70,171,0.36,0.36,846,0.00,1.00,0,0.5000,14.50,99,0,0.00,2,8.85,4.96,5.49,15.60
227590,6.25,1.56,1,14.36,13.92,8,14.69,171,0.36,0.35,850,0.00,1.00,0,0.5000,13.50,99,0,0.00,2,8.71,4.96,5.49,15.60
227694,6.25,1.56,1,14.36,14.00,8,14.69,171,0.35,0.35,864,0.00,1.00,0,0.5000,13.50,99,0,0.00,2,8.71,5.03,5.49,15.50
227798,6.25,1.56,1,14.36,13.92,8,14.69,171,0.35,0.34,864,0.00,1.00,0,0.5000,13.00,99,0,0.00,2,8.56,4.93,5.49,15.50
227902,6.25,1.56,1,14.36,14.00,8,14.69,171,0.35,0.35,867,0.00,1.00,0,0.5000,14.50,99,0,0.00,2,8.56,5.06,5.49,15.40
228006,6.25,1.56,1,14.36,13.92,8,14.69,171,0.35,0.36,868,0.00,1.00,0,0.5000,14.00,99,0,0.00,2,8.56,5.18,5.49,15.20
228110,6.25,1.56,1,14.36,13.92,8,14.69,171,0.35,0.36,870,0.00,1.00,0,0.5000,14.50,99,0,0.00,2,8.56,5.15,5.49,15.10
228214,7.03,1.56,1,14.36,13.84,8,14.69,171,0.35,0.35,867,0.00,1.00,0,0.5000,14.50,99,0,0.00,2,8.42,5.09,5.49,15.00
228318,6.25,1.56,1,14.36,13.92,8,14.69,171,0.35,0.36,883,0.00,1.00,0,0.5000,15.50,99,0,0.00,2,8.42,5.24,5.49,15.00
228422,6.25,1.56,1,14.36,14.00,8,14.69,171,0.35,0.35,873,0.00,1.00,0,0.5000,14.50,99,0,0.00,2,8.42,5.09,5.49,14.90
228526,6.25,1.56,1,14.36,13.76,8,14.68,171,0.35,0.34,891,0.00,1.00,0,0.5000,15.00,99,0,0.00,2,8.42,4.99,5.49,14.80
228630,6.25,1.56,1,14.36,14.00,8,14.69,171,0.34,0.34,885,0.00,1.00,0,0.5000,14.00,99,0,0.00,2,8.42,4.96,5.49,14.70
228734,6.25,1.56,1,14.36,13.84,8,14.68,171,0.34,0.34,896,0.00,1.00,0,0.5000,15.50,99,0,0.00,2,8.27,5.03,5.49,14.90
228837,6.25,1.56,1,14.36,13.92,8,14.68,171,0.34,0.34,897,0.00,1.00,0,0.5000,14.50,99,0,0.00,2,8.27,5.06,5.49,15.20
228942,6.25,1.56,1,14.36,13.92,8,14.68,171,0.34,0.34,901,0.00,1.00,0,0.5000,14.50,99,0,0.00,2,8.27,5.09,5.49,14.70
229046,6.25,1.56,1,14.36,13.92,8,14.68,171,0.34,0.17,894,0.00,1.00,0,0.5000,15.50,99,0,0.00,2,8.13,5.12,5.49,14.50
229150,6.25,1.56,1,14.36,13.76,8,14.68,171,0.33,0.32,912,0.00,1.00,0,0.5000,14.00,99,0,0.00,2,8.13,4.93,5.49,14.50
229254,5.47,1.56,1,14.36,14.00,8,14.68,171,0.33,0.33,916,0.00,1.00,0,0.5000,15.00,99,0,0.00,2,8.13,4.99,5.49,14.50
229358,5.47,1.56,1,14.36,14.00,8,14.68,171,0.33,0.33,894,0.00,1.00,0,0.5000,15.00,99,0,0.00,2,7.98,4.96,5.49,14.50
229462,5.47,1.56,1,14.36,14.00,8,14.68,171,0.33,0.32,907,0.00,1.00,0,0.5000,16.00,99,0,0.00,2,7.98,4.90,5.49,14.50
229566,5.47,1.56,1,14.36,14.00,8,14.68,171,0.33,0.32,899,0.00,1.00,0,0.5000,15.50,99,0,0.00,2,7.98,4.84,5.49,14.40
229670,4.69,1.56,1,14.36,13.92,8,14.68,171,0.32,0.33,906,0.00,1.00,0,0.5000,16.00,99,0,0.00,2,7.98,4.87,5.49,14.40
229774,4.69,1.56,1,14.36,13.92,8,14.68,171,0.32,0.33,898,0.00,1.00,0,0.5000,16.50,99,0,0.00,2,7.98,4.90,5.10,14.30
229878,4.69,1.56,1,14.36,13.76,8,14.68,171,0.33,0.33,892,0.00,1.00,0,0.5000,16.50,99,0,0.00,2,7.98,4.87,5.49,14.40
229982,4.69,1.56,1,14.36,14.00,8,14.69,171,0.32,0.32,885,0.00,1.00,0,0.5000,17.00,99,0,0.00,2,7.98,4.75,5.10,14.30
230086,4.69,1.56,1,14.36,13.76,8,14.69,171,0.32,0.33,877,0.00,1.00,0,0.5000,17.00,99,0,0.00,2,7.98,4.78,5.10,14.40
230190,4.69,1.56,1,14.36,14.00,8,14.69,171,0.33,0.33,865,0.00,1.00,0,0.5000,17.00,99,0,0.00,2,7.98,4.75,5.10,14.40
230294,4.69,1.56,1,14.36,13.84,8,14.69,171,0.33,0.34,859,0.00,1.00,0,0.5000,17.50,99,0,0.00,2,7.98,4.90,5.10,14.40
230398,4.69,1.56,1,14.36,13.84,8,14.69,171,0.33,0.34,854,0.00,1.00,0,0.5000,17.50,99,0,0.00,2,8.13,4.87,5.10,14.50
230502,4.69,1.56,1,14.36,14.00,8,14.69,171,0.33,0.34,858,0.00,1.00,0,0.5000,17.00,99,0,0.00,2,8.13,4.93,5.10,14.50
230606,4.69,1.56,1,14.36,14.00,8,14.69,171,0.33,0.34,846,0.00,1.00,0,0.5000,18.00,99,0,0.00,2,8.13,4.75,5.10,14.50
230711,4.69,1.56,1,14.36,13.92,8,14.69,171,0.33,0.33,854,0.00,1.00,0,0.5000,17.00,99,0,0.00,2,8.13,4.75,5.10,14.50
230814,4.69,1.56,1,14.36,13.84,8,14.69,171,0.33,0.33,846,0.00,1.00,0,0.5000,17.50,99,0,0.00,2,8.13,4.66,5.10,14.50
230918,4.69,1.56,1,14.36,13.84,8,14.69,171,0.33,0.33,858,0.00,1.00,0,0.5000,17.00,99,0,0.00,2,8.13,4.61,5.10,14.70
231022,4.69,1.56,1,14.36,14.00,8,14.69,171,0.33,0.34,842,0.00,1.00,0,0.5000,17.50,99,0,0.00,2,8.13,4.87,5.10,14.80
231126,4.69,1.56,1,14.36,14.00,8,14.69,171,0.33,0.34,848,0.00,1.00,0,0.5000,17.50,99,0,0.00,2,8.13,4.55,5.10,14.80
231230,4.69,1.56,1,14.36,14.00,8,14.70,171,0.33,0.33,828,0.00,1.00,0,0.5000,17.00,99,0,0.00,2,8.13,4.72,5.10,14.60
231334,4.69,1.56,1,14.36,14.00,8,14.81,171,0.34,0.36,826,0.00,1.00,0,0.5000,19.50,99,0,0.00,2,8.27,4.84,5.10,15.00
231438,4.69,1.56,1,14.36,13.84,8,14.70,171,0.34,0.34,826,0.00,1.00,0,0.5000,17.50,99,0,0.00,2,8.27,4.72,5.10,14.60
231541,4.69,1.56,1,14.36,13.84,8,14.70,171,0.34,0.34,821,0.00,1.00,0,0.5000,18.50,99,0,0.00,2,8.27,4.63,5.10,14.80
231646,4.69,1.56,1,14.36,13.92,8,14.70,171,0.33,0.33,836,0.00,1.00,0,0.5000,17.00,99,0,0.00,2,8.27,4.63,5.10,14.70
231750,4.69,1.56,1,14.36,13.92,8,14.70,171,0.33,0.34,836,0.00,1.00,0,0.5000,17.00,99,0,0.00,2,8.27,4.69,5.10,14.70
231854,4.69,1.56,1,14.36,13.84,8,14.69,171,0.33,0.34,848,0.00,1.00,0,0.5000,17.00,99,0,0.00,2,8.27,4.69,5.10,14.80
231958,4.69,1.56,1,14.36,13.92,8,14.69,171,0.33,0.33,845,0.00,1.00,0,0.5000,17.00,99,0,0.00,2,8.13,4.72,5.10,14.80
232062,4.69,1.56,1,14.36,13.84,8,14.69,171,0.33,0.34,841,0.00,1.00,0,0.5000,17.00,99,0,0.00,2,8.13,4.75,5.10,14.80
232166,4.69,1.56,1,14.36,14.00,8,14.69,171,0.33,0.33,841,0.00,1.00,0,0.5000,17.00,99,0,0.00,2,8.13,4.72,5.10,14.80
232270,4.69,1.56,1,14.36,14.00,8,14.69,171,0.33,0.34,847,0.00,1.00,0,0.5000,17.00,99,0,0.00,2,8.13,4.75,5.10,14.70
232374,4.69,1.56,1,14.36,14.00,8,14.70,171,0.33,0.32,830,0.00,1.00,0,0.5000,17.00,99,0,0.00,2,8.13,4.52,5.10,14.80
232478,4.69,1.56,1,14.36,13.92,8,14.69,171,0.33,0.33,844,0.00,1.00,0,0.5000,17.00,99,0,0.00,2,8.13,4.58,5.10,15.00
232582,4.69,1.56,1,14.36,13.84,8,14.70,171,0.33,0.33,834,0.00,1.00,0,0.5000,17.00,99,0,0.00,2,8.13,4.66,5.10,14.80
232687,4.69,1.56,1,14.36,14.00,8,14.70,171,0.33,0.34,832,0.00,1.00,0,0.5000,17.00,99,0,0.00,2,8.13,4.66,5.10,14.80
232790,4.69,2.34,1,14.36,13.84,8,14.70,171,0.33,0.33,833,0.00,1.00,0,0.5000,17.00,99,0,0.00,2,8.13,4.61,5.10,14.70
232894,4.69,2.34,1,14.36,13.92,8,14.70,171,0.33,0.34,822,0.00,1.00,0,0.5000,17.50,99,0,0.00,2,8.27,4.69,5.10,14.70
232998,4.69,2.34,1,14.36,13.84,8,14.70,171,0.34,0.35,812,0.00,1.00,0,0.5000,18.00,99,0,0.00,2,8.27,4.78,5.10,14.60
233102,4.69,2.34,1,14.36,13.92,8,14.70,171,0.34,0.35,816,0.00,1.00,0,0.5000,17.50,99,0,0.00,2,8.27,4.78,5.10,14.50
233206,5.47,2.34,1,14.36,14.00,8,14.70,171,0.34,0.35,815,0.00,1.00,0,0.5000,18.00,99,0,0.00,2,8.27,4.75,5.10,14.90
233310,4.69,2.34,1,14.36,13.92,8,14.70,171,0.34,0.34,822,0.00,1.00,0,0.5000,17.00,99,0,0.00,2,8.42,4.72,5.10,14.90
233414,5.47,2.34,1,14.36,13.92,8,14.70,171,0.34,0.34,814,0.00,1.00,0,0.5000,17.00,99,0,0.00,2,8.27,4.63,5.10,14.80
233518,4.69,2.34,1,14.36,13.92,8,14.69,171,0.34,0.33,839,0.00,1.00,0,0.5000,17.00,99,0,0.00,2,8.27,4.55,5.10,14.80
233622,4.69,2.34,1,14.36,13.84,8,14.70,171,0.33,0.33,836,0.00,1.00,0,0.5000,17.00,99,0,0.00,2,8.27,4.63,5.10,14.80
233726,4.69,2.34,1,14.36,13.92,8,14.69,171,0.33,0.33,853,0.00,1.00,0,0.5000,16.50,99,0,0.00,2,8.27,4.69,5.10,14.70
233830,4.69,2.34,1,14.36,13.92,8,14.69,171,0.33,0.33,846,0.00,1.00,0,0.5000,16.50,99,0,0.00,2,8.13,4.69,5.10,14.80
233934,4.69,2.34,1,14.36,13.92,8,14.69,171,0.33,0.34,854,0.00,1.00,0,0.5000,16.50,99,0,0.00,2,8.13,4.75,5.10,14.60
234038,4.69,2.34,1,14.36,14.00,8,14.70,171,0.34,0.34,836,0.00,1.00,0,0.5000,17.00,99,0,0.00,2,8.13,4.84,5.10,14.60
234142,4.69,2.34,1,14.36,14.00,8,14.69,171,0.34,0.34,844,0.00,1.00,0,0.5000,17.00,99,0,0.00,2,8.13,4.84,5.10,14.60
234246,4.69,2.34,1,14.36,13.92,8,14.69,171,0.34,0.34,842,0.00,1.00,0,0.5000,16.50,99,0,0.00,2,8.13,4.75,5.10,14.60
234350,4.69,2.34,1,14.36,13.92,8,14.69,171,0.33,0.33,842,0.00,1.00,0,0.5000,17.00,99,0,0.00,2,8.13,4.67,5.10,14.70
234454,4.69,2.34,1,14.36,13.92,8,14.70,171,0.33,0.33,834,0.00,1.00,0,0.5000,17.00,99,0,0.00,2,8.13,4.61,5.10,14.70
234558,4.69,2.34,1,14.36,14.00,8,14.69,171,0.33,0.34,843,0.00,1.00,0,0.5000,17.00,99,0,0.00,2,8.13,4.69,5.10,14.50
234662,4.69,2.34,1,14.36,13.84,8,14.70,171,0.34,0.34,835,0.00,1.00,0,0.5000,17.00,99,0,0.00,2,8.13,4.78,5.10,14.70
234766,3.91,2.34,1,14.36,13.84,8,14.70,171,0.34,0.34,827,0.00,1.00,0,0.5000,17.00,99,0,0.00,2,8.27,4.75,5.10,14.50
234870,3.91,2.34,1,14.36,13.84,8,14.70,171,0.34,0.35,836,0.00,1.00,0,0.5000,17.00,99,0,0.00,2,8.27,4.81,5.10,14.50
234974,3.91,2.34,1,14.36,13.92,8,14.70,171,0.34,0.34,829,0.00,1.00,0,0.5000,17.00,99,0,0.00,2,8.27,4.69,5.10,14.50
235078,3.91,2.34,1,14.36,14.00,8,14.69,171,0.34,0.34,842,0.00,1.00,0,0.5000,17.00,99,0,0.00,2,8.27,4.75,5.10,14.50
235182,3.91,2.34,1,14.36,13.92,8,14.70,171,0.34,0.34,829,0.00,1.00,0,0.5000,17.00,99,0,0.00,2,8.27,4.72,5.10,14.50
235286,3.91,2.34,1,14.36,14.00,8,14.69,171,0.34,0.34,846,0.00,1.00,0,0.5000,17.00,99,0,0.00,2,8.27,4.75,5.10,14.50
235390,3.91,2.34,1,14.36,13.92,8,14.69,171,0.34,0.34,842,0.00,1.00,0,0.5000,16.50,99,0,0.00,2,8.13,4.81,5.10,14.50
235494,3.91,2.34,1,14.36,13.92,8,14.69,171,0.34,0.34,854,0.00,1.00,0,0.5000,17.00,99,0,0.00,2,8.13,4.78,5.10,14.50
235599,3.91,2.34,1,14.36,14.00,8,14.69,171,0.33,0.34,845,0.00,1.00,0,0.5000,16.50,99,0,0.00,2,8.13,4.78,5.10,14.50
235702,3.91,2.34,1,14.36,13.92,8,14.69,171,0.33,0.33,858,0.00,1.00,0,0.5000,16.50,99,0,0.00,2,8.13,4.66,5.10,14.50
235806,3.12,2.34,1,14.36,13.92,8,14.69,171,0.33,0.33,860,0.00,1.00,0,0.5000,16.50,99,0,0.00,2,8.13,4.72,5.10,14.50
235910,3.12,2.34,1,14.36,13.92,8,14.69,171,0.33,0.33,848,0.00,1.00,0,0.5000,17.00,99,0,0.00,2,8.13,4.63,5.10,14.50
236014,3.12,2.34,1,14.36,13.92,8,14.69,171,0.33,0.33,853,0.00,1.00,0,0.5000,16.50,99,0,0.00,2,8.13,4.63,5.10,14.50
236118,3.12,2.34,1,14.36,14.00,8,14.70,171,0.33,0.34,831,0.00,1.00,0,0.5000,17.00,99,0,0.00,2,8.13,4.66,5.10,14.50
236223,3.12,2.34,1,14.36,13.84,8,14.69,171,0.33,0.34,841,0.00,1.00,0,0.5000,17.00,99,0,0.00,2,8.13,4.78,5.10,14.50
236326,3.12,2.34,1,14.36,13.84,8,14.70,171,0.33,0.33,814,0.00,1.00,0,0.5000,18.00,99,0,0.00,2,8.13,4.58,5.10,14.50
236430,3.12,2.34,1,14.36,13.92,8,14.70,171,0.33,0.34,822,0.00,1.00,0,0.5000,17.50,99,0,0.00,2,8.13,4.72,5.10,14.50
236534,3.12,2.34,1,14.36,13.84,8,14.64,171,0.34,0.35,806,0.00,1.00,0,0.5000,17.00,99,0,0.00,2,8.27,4.72,5.10,14.70
236638,3.12,2.34,1,14.36,13.92,8,14.81,171,0.34,0.35,812,0.00,1.00,0,0.5000,18.00,99,0,0.00,2,8.27,4.66,5.10,14.70
236743,3.91,2.34,1,14.36,13.92,8,14.70,171,0.34,0.34,816,0.00,1.00,0,0.5000,17.00,99,0,0.00,2,8.27,4.66,5.10,14.70
236847,3.91,2.34,1,14.36,13.92,8,14.70,171,0.34,0.35,808,0.00,1.00,0,0.5000,17.50,99,0,0.00,2,8.27,4.78,5.10,14.70
236950,3.91,2.34,1,14.36,13.92,8,14.70,171,0.35,0.35,824,0.00,1.00,0,0.5000,17.00,99,0,0.00,2,8.42,4.78,5.10,14.80
237054,3.91,2.34,1,14.36,14.00,8,14.70,171,0.34,0.35,818,0.00,1.00,0,0.5000,17.00,99,0,0.00,2,8.27,4.75,5.10,14.80
237159,3.91,2.34,1,14.36,14.00,8,14.70,171,0.34,0.34,824,0.00,1.00,0,0.5000,17.00,99,0,0.00,2,8.27,4.66,5.10,14.80
237263,3.12,2.34,1,14.36,14.00,8,14.70,171,0.34,0.34,824,0.00,1.00,0,0.5000,17.00,99,0,0.00,2,8.27,4.69,5.10,14.80
237367,3.91,2.34,1,14.36,14.00,8,14.70,171,0.34,0.35,818,0.00,1.00,0,0.5000,17.00,99,0,0.00,2,8.27,4.75,5.10,14.80
237470,3.91,2.34,1,14.36,13.92,8,14.70,171,0.34,0.33,834,0.00,1.00,0,0.5000,17.00,99,0,0.00,2,8.27,4.61,5.10,14.80
237574,3.12,2.34,1,14.36,13.84,8,14.70,171,0.34,0.34,813,0.00,1.00,0,0.5000,17.00,99,0,0.00,2,8.27,4.69,5.10,14.70
237678,3.12,2.34,1,14.36,14.00,8,14.70,171,0.34,0.34,824,0.00,1.00,0,0.5000,17.00,99,0,0.00,2,8.27,4.61,5.10,14.80
237782,3.12,2.34,1,14.36,14.00,8,14.70,171,0.33,0.33,827,0.00,1.00,0,0.5000,17.00,99,0,0.00,2,8.27,4.52,5.10,14.50
237886,3.12,2.34,1,14.36,14.00,8,14.70,171,0.33,0.34,830,0.00,1.00,0,0.5000,17.00,99,0,0.00,2,8.27,4.66,5.10,14.60
237990,3.12,2.34,1,14.36,13.92,8,14.70,171,0.34,0.34,825,0.00,1.00,0,0.5000,17.00,99,0,0.00,2,8.27,4.78,5.10,14.60
238095,3.12,2.34,1,14.36,13.84,8,14.69,171,0.34,0.35,836,0.00,1.00,0,0.5000,16.50,99,0,0.00,2,8.27,4.84,5.10,14.50
238198,3.12,2.34,1,14.36,13.84,8,14.69,171,0.34,0.34,844,0.00,1.00,0,0.5000,16.50,99,0,0.00,2,8.27,4.72,5.10,14.70
238302,3.12,2.34,1,14.36,13.92,8,14.69,171,0.34,0.34,837,0.00,1.00,0,0.5000,16.50,99,0,0.00,2,8.13,4.72,5.10,14.70
238407,3.91,2.34,1,14.36,13.84,8,14.69,171,0.34,0.34,842,0.00,1.00,0,0.5000,16.50,99,0,0.00,2,8.13,4.81,5.10,14.80
238511,3.12,2.34,1,14.36,13.92,8,14.70,171,0.34,0.34,825,0.00,1.00,0,0.5000,17.00,99,0,0.00,2,8.27,4.75,5.10,14.70
238615,3.91,2.34,1,14.36,13.92,8,14.69,171,0.34,0.34,834,0.00,1.00,0,0.5000,17.00,99,0,0.00,2,8.27,4.72,5.10,14.70
238719,3.91,2.34,1,14.36,13.92,8,14.69,171,0.34,0.34,834,0.00,1.00,0,0.5000,16.50,99,0,0.00,2,8.27,4.75,5.10,14.70
238823,3.12,2.34,1,14.36,14.00,8,14.69,171,0.34,0.34,844,0.00,1.00,0,0.5000,17.00,99,0,0.00,2,8.27,4.69,5.10,14.60
238927,3.12,2.34,1,14.36,14.00,8,14.69,171,0.34,0.33,842,0.00,1.00,0,0.5000,16.50,99,0,0.00,2,8.13,4.72,5.10,14.70
239031,3.12,2.34,1,14.36,14.00,8,14.69,171,0.34,0.34,855,0.00,1.00,0,0.5000,16.50,99,0,0.00,2,8.13,4.75,5.10,14.60
239135,3.12,2.34,1,14.36,13.92,8,14.69,171,0.33,0.33,845,0.00,1.00,0,0.5000,16.50,99,0,0.00,2,8.13,4.75,5.10,14.60
239239,2.34,2.34,1,14.36,13.84,8,14.69,171,0.33,0.33,862,0.00,1.00,0,0.5000,16.50,99,0,0.00,2,8.13,4.72,5.10,14.50
239343,2.34,2.34,1,14.36,14.00,8,14.69,171,0.33,0.33,850,0.00,1.00,0,0.5000,16.50,99,0,0.00,2,8.13,4.66,5.10,14.50
239447,2.34,2.34,1,14.36,13.92,8,14.69,171,0.33,0.32,848,0.00,1.00,0,0.5000,16.50,99,0,0.00,2,8.13,4.58,5.10,14.50
239551,2.34,2.34,1,14.36,13.92,8,14.69,171,0.33,0.33,852,0.00,1.00,0,0.5000,16.50,99,0,0.00,2,8.13,4.63,5.10,14.50
239655,3.12,2.34,1,14.36,13.92,8,14.70,171,0.33,0.34,832,0.00,1.00,0,0.5000,17.00,99,0,0.00,2,8.13,4.72,5.10,14.50
239759,3.12,2.34,1,14.36,13.84,8,14.69,171,0.33,0.33,837,0.00,1.00,0,0.5000,17.00,99,0,0.00,2,8.13,4.52,5.10,14.60
239863,3.12,2.34,1,14.36,13.84,8,14.70,171,0.33,0.34,820,0.00,1.00,0,0.5000,17.00,99,0,0.00,2,8.13,4.66,5.10,14.60
239966,3.12,2.34,1,14.36,14.00,8,14.70,171,0.33,0.33,826,0.00,1.00,0,0.5000,17.50,99,0,0.00,2,8.13,4.50,5.10,14.80
240071,3.12,2.34,1,14.36,14.00,8,14.70,171,0.33,0.34,816,0.00,1.00,0,0.5000,17.00,99,0,0.00,2,8.27,4.61,5.10,14.70
240175,3.12,2.34,1,14.36,13.92,8,14.81,171,0.34,0.35,816,0.00,1.00,0,0.5000,18.00,99,0,0.00,2,8.27,4.72,5.10,14.90
240279,3.12,2.34,1,14.36,13.84,8,14.70,171,0.34,0.34,827,0.00,1.00,0,0.5000,17.00,99,0,0.00,2,8.27,4.75,5.10,14.80
240383,3.12,2.34,1,14.36,13.84,8,14.70,172,0.34,0.34,812,0.00,1.00,0,0.5000,17.00,99,0,0.00,2,8.27,4.66,5.10,14.70
240487,3.12,2.34,1,14.36,13.92,8,14.70,172,0.34,0.34,826,0.00,1.00,0,0.5000,17.00,99,0,0.00,2,8.27,4.63,5.10,14.80
240592,3.12,2.34,1,14.36,14.00,8,14.70,172,0.34,0.35,800,0.00,1.00,0,0.5000,17.00,99,0,0.00,2,8.27,4.78,5.10,15.00
240695,3.12,2.34,1,14.36,14.00,8,14.70,172,0.35,0.36,804,0.00,1.00,0,0.5000,18.50,99,0,0.00,2,8.42,4.78,5.10,14.80
240798,3.12,2.34,1,14.36,13.84,8,14.70,172,0.35,0.34,808,0.00,1.00,0,0.5000,17.00,99,0,0.00,2,8.42,4.63,5.10,14.90
240904,3.12,2.34,1,14.36,13.92,8,14.70,172,0.35,0.35,800,0.00,1.00,0,0.5000,17.50,99,0,0.00,2,8.42,4.69,5.10,14.80
241007,3.91,2.34,1,14.36,14.00,8,14.70,172,0.35,0.36,812,0.00,1.00,0,0.5000,17.00,99,0,0.00,2,8.42,4.75,5.10,14.80
241111,3.91,2.34,1,14.36,14.00,8,14.70,172,0.35,0.35,796,0.00,1.00,0,0.5000,17.00,99,0,0.00,2,8.42,4.78,5.10,14.80
241215,3.91,2.34,1,14.36,13.92,8,14.70,172,0.35,0.36,814,0.00,1.00,0,0.5000,17.00,99,0,0.00,2,8.42,4.78,5.10,14.80
241319,3.91,2.34,1,14.36,13.84,8,14.70,172,0.35,0.35,817,0.00,1.00,0,0.5000,17.00,99,0,0.00,2,8.42,4.81,5.10,14.80
241423,3.12,2.34,1,14.36,13.92,8,14.70,172,0.35,0.34,814,0.00,1.00,0,0.5000,17.00,99,0,0.00,2,8.42,4.66,5.10,14.80
241527,3.12,2.34,1,14.36,13.92,8,14.69,172,0.35,0.34,835,0.00,1.00,0,0.5000,16.50,99,0,0.00,2,8.42,4.61,5.10,14.70
241631,3.12,2.34,1,14.36,13.92,8,14.69,172,0.34,0.34,832,0.00,1.00,0,0.5000,16.50,99,0,0.00,2,8.42,4.78,5.10,14.70
241735,3.12,2.34,1,14.36,14.00,8,14.69,172,0.34,0.34,842,0.00,1.00,0,0.5000,16.50,99,0,0.00,2,8.27,4.78,5.10,14.80
241839,3.12,2.34,1,14.36,13.84,8,14.69,172,0.34,0.34,843,0.00,1.00,0,0.5000,16.00,99,0,0.00,2,8.27,4.87,5.10,14.50
241943,3.12,2.34,1,14.36,14.00,8,14.69,172,0.34,0.34,854,0.00,1.00,0,0.5000,16.50,99,0,0.00,2,8.27,4.78,5.10,14.60
242047,3.12,2.34,1,14.36,13.92,8,14.69,172,0.34,0.33,846,0.00,1.00,0,0.5000,16.00,99,0,0.00,2,8.13,4.75,5.10,14.50
242152,3.12,2.34,1,14.36,13.92,8,14.69,172,0.34,0.34,854,0.00,1.00,0,0.5000,16.50,99,0,0.00,2,8.13,4.81,5.10,14.50
242255,2.34,2.34,1,14.36,14.00,8,14.69,172,0.34,0.34,848,0.00,1.00,0,0.5000,16.00,99,0,0.00,2,8.13,4.84,5.10,14.50
242359,2.34,2.34,1,14.36,13.92,8,14.69,172,0.34,0.34,853,0.00,1.00,0,0.5000,16.50,99,0,0.00,2,8.13,4.75,5.10,14.50
242463,2.34,2.34,1,14.36,13.92,8,14.69,172,0.33,0.34,853,0.00,1.00,0,0.5000,16.50,99,0,0.00,2,8.13,4.78,5.10,14.50
242568,2.34,2.34,1,14.36,13.84,8,14.69,172,0.33,0.34,837,0.00,1.00,0,0.5000,17.00,99,0,0.00,2,8.13,4.72,5.10,14.50
242672,2.34,2.34,1,14.36,13.92,8,14.69,172,0.34,0.34,842,0.00,1.00,0,0.5000,17.00,99,0,0.00,2,8.13,4.81,5.10,14.50
242776,2.34,2.34,1,14.36,14.00,8,14.69,172,0.33,0.34,837,0.00,1.00,0,0.5000,17.00,99,0,0.00,2,8.13,4.72,3.53,14.50
242879,2.34,2.34,1,14.36,13.92,8,14.68,172,0.31,0.28,896,0.00,1.10,0,0.5000,13.50,99,0,0.00,2,7.55,4.11,3.92,14.40
242983,2.34,2.34,1,14.36,13.92,8,14.68,172,0.29,0.24,908,0.00,1.11,0,0.5000,13.00,99,0,0.00,2,7.25,3.67,3.92,14.50
243087,1.56,2.34,1,14.36,13.84,8,14.68,172,0.28,0.26,889,0.00,1.00,0,0.5000,13.00,99,0,0.00,2,6.96,3.87,3.92,14.50
243192,1.56,2.34,1,14.36,13.92,8,14.68,172,0.27,0.26,884,0.00,1.00,0,0.5000,16.00,99,0,0.00,2,6.82,3.90,3.92,14.40
243295,0.78,3.12,1,14.36,13.92,8,14.69,172,0.27,0.27,868,0.00,1.00,0,0.5000,16.00,99,0,0.00,2,6.82,3.98,3.92,14.40
243400,0.78,3.12,1,14.36,14.00,8,14.69,172,0.27,0.27,868,0.00,1.00,0,0.5000,17.00,99,0,0.00,2,6.67,3.87,3.92,14.30
243505,0.00,3.12,1,14.36,13.92,8,14.69,172,0.27,0.28,830,0.00,1.00,0,0.5000,17.00,99,0,0.00,2,6.67,3.92,3.92,14.30
243609,0.00,3.12,1,14.36,13.92,8,14.69,172,0.27,0.27,838,0.00,1.00,0,0.5000,17.50,99,0,0.00,2,6.67,3.75,3.92,14.20
243713,-0.78,3.12,1,14.36,13.92,8,14.69,172,0.27,0.27,834,0.00,1.00,0,0.5000,17.00,99,0,0.00,2,6.67,3.79,3.92,14.10
243817,-1.56,3.12,1,14.36,13.92,8,14.70,172,0.27,0.28,819,0.00,1.00,0,0.5000,18.00,99,0,0.00,2,6.67,3.79,3.92,14.00
243921,-2.34,3.12,1,14.36,13.92,8,14.70,172,0.27,0.28,810,0.00,1.00,0,0.5000,18.50,99,0,0.00,2,6.67,3.77,3.92,14.00
244025,-2.34,3.12,1,14.36,14.00,8,14.70,172,0.27,0.28,791,0.00,1.00,0,0.5000,19.00,99,0,0.00,2,6.82,3.77,3.53,13.90
244129,-3.12,3.12,1,14.36,13.84,8,14.70,172,0.27,0.28,796,0.00,1.00,0,0.5000,20.00,99,0,0.00,2,6.82,3.70,3.53,13.80
244233,-3.91,3.12,1,14.36,13.92,8,14.70,172,0.28,0.29,776,0.00,1.00,0,0.5000,20.50,99,0,0.00,2,6.82,3.77,3.53,13.90
244337,-3.91,3.12,1,14.36,13.92,8,14.70,172,0.28,0.28,774,0.00,1.00,0,0.5000,20.50,99,0,0.00,2,6.82,3.67,3.53,13.80
244441,-4.69,3.12,1,14.36,14.00,8,14.70,172,0.28,0.29,777,0.00,1.00,0,0.5000,21.00,99,0,0.00,2,6.96,3.75,3.53,13.80
244545,-4.69,3.12,1,14.36,13.92,8,14.70,172,0.28,0.28,773,0.00,1.00,0,0.5000,20.00,99,0,0.00,2,6.96,3.65,3.53,13.80
244649,-4.69,3.12,1,14.36,13.92,8,14.70,172,0.28,0.28,754,0.00,1.00,0,0.5000,21.00,99,0,0.00,2,6.96,3.62,3.53,13.80
244753,-5.47,3.12,1,14.36,13.84,8,14.70,172,0.28,0.29,759,0.00,1.00,0,0.5000,20.50,99,0,0.00,2,6.96,3.62,3.53,13.80
244857,-5.47,3.12,1,14.36,13.92,8,14.70,172,0.28,0.29,730,0.00,1.00,0,0.5000,22.00,99,0,0.00,2,6.96,3.57,3.53,13.90
244961,-5.47,3.12,1,14.36,13.92,8,14.70,172,0.28,0.29,712,0.00,1.00,0,0.5000,22.00,99,0,0.00,2,7.11,3.55,3.53,13.80
245065,-5.47,3.12,1,14.36,14.00,8,14.70,172,0.28,0.30,719,0.00,1.00,0,0.5000,21.50,99,0,0.00,2,7.11,3.55,3.53,13.90
245169,-5.47,3.12,1,14.36,13.92,8,14.70,172,0.29,0.30,725,0.00,1.00,0,0.5000,21.50,99,0,0.00,2,7.25,3.55,3.53,14.00
245273,-5.47,3.12,1,14.36,14.00,8,14.70,172,0.29,0.29,732,0.00,1.00,0,0.5000,20.00,99,0,0.00,2,7.25,3.57,3.53,14.20
245377,-5.47,3.12,1,14.36,13.84,8,14.70,172,0.29,0.30,710,0.00,1.00,0,0.5000,21.00,99,0,0.00,2,7.25,3.62,3.53,14.20
245482,-5.47,3.12,1,14.36,14.00,8,14.70,172,0.29,0.30,706,0.00,1.00,0,0.5000,21.50,99,0,0.00,2,7.25,3.57,3.53,14.20
245585,-5.47,3.12,1,14.36,13.92,8,14.70,172,0.29,0.30,710,0.00,1.00,0,0.5000,21.50,99,0,0.00,2,7.40,3.53,3.53,14.30
245690,-5.47,3.12,1,14.36,14.00,8,14.70,172,0.29,0.30,720,0.00,1.00,0,0.5000,19.50,99,0,0.00,2,7.40,3.53,3.53,14.40
245793,-5.47,3.12,1,14.36,13.92,8,14.70,172,0.29,0.29,730,0.00,1.00,0,0.5000,18.00,99,0,0.00,2,7.40,3.55,3.53,14.40
245897,-5.47,3.12,1,14.36,13.92,8,14.70,172,0.29,0.30,711,0.00,1.00,0,0.5000,19.50,99,0,0.00,2,7.40,3.57,3.53,14.40
246001,-5.47,2.34,1,14.36,14.00,8,14.70,172,0.29,0.31,718,0.00,1.00,0,0.5000,18.50,99,0,0.00,2,7.55,3.65,3.92,14.60
246105,-5.47,2.34,1,14.36,14.00,8,14.70,172,0.30,0.30,726,0.00,1.00,0,0.5000,17.50,99,0,0.00,2,7.55,3.65,3.92,14.50
246209,-4.69,2.34,1,14.36,13.92,8,14.70,172,0.30,0.30,702,0.00,1.00,0,0.5000,20.00,99,0,0.00,2,7.55,3.55,3.92,14.50
246314,-4.69,2.34,1,14.36,13.92,8,14.70,172,0.30,0.31,693,0.00,1.00,0,0.5000,19.00,99,0,0.00,2,7.55,3.65,3.92,14.80
246418,-4.69,2.34,1,14.36,13.84,8,14.70,172,0.30,0.32,700,0.00,1.00,0,0.5000,19.00,99,0,0.00,2,7.69,3.75,3.92,15.00
246521,-3.91,2.34,1,14.36,13.92,8,14.70,172,0.31,0.31,721,0.00,1.00,0,0.5000,17.50,99,0,0.00,2,7.69,3.77,3.92,14.90
246625,-3.91,2.34,1,14.36,13.92,8,14.70,172,0.31,0.31,734,0.00,1.00,0,0.5000,17.00,99,0,0.00,2,7.69,3.82,3.92,15.10
246729,-3.12,2.34,1,14.36,13.92,8,14.70,172,0.31,0.31,718,0.00,1.00,0,0.5000,17.50,99,0,0.00,2,7.69,3.72,3.92,15.20
246834,-3.12,2.34,1,14.36,13.84,8,14.70,172,0.31,0.31,730,0.00,1.00,0,0.5000,17.00,99,0,0.00,2,7.69,3.77,3.92,15.10
246937,-3.12,2.34,1,14.36,14.00,8,14.70,172,0.31,0.31,732,0.00,1.00,0,0.5000,17.00,99,0,0.00,2,7.69,3.72,3.92,15.50
247041,-2.34,2.34,1,14.36,13.84,8,14.70,172,0.31,0.31,720,0.00,1.00,0,0.5000,17.00,99,0,0.00,2,7.69,3.75,3.92,15.30
247145,-2.34,2.34,1,14.36,14.00,8,14.70,172,0.31,0.31,729,0.00,1.00,0,0.5000,17.00,99,0,0.00,2,7.69,3.85,3.92,15.40
247249,-2.34,2.34,1,14.36,13.92,8,14.70,172,0.31,0.31,729,0.00,1.00,0,0.5000,17.00,99,0,0.00,2,7.69,3.77,3.92,15.30
247353,-2.34,2.34,1,14.36,14.00,8,14.70,172,0.30,0.31,753,0.00,1.00,0,0.5000,16.50,99,0,0.00,2,7.69,3.79,3.92,15.40
247457,-1.56,2.34,1,14.36,13.92,8,14.70,172,0.30,0.29,761,0.00,1.00,0,0.5000,15.00,99,0,0.00,2,7.69,3.75,3.92,15.30
247561,-1.56,2.34,1,14.36,13.92,8,14.70,172,0.30,0.30,762,0.00,1.00,0,0.5000,16.00,99,0,0.00,2,7.69,3.82,3.92,15.40
247666,-0.78,2.34,1,14.36,14.00,8,14.70,172,0.30,0.30,773,0.00,1.00,0,0.5000,16.00,99,0,0.00,2,7.55,3.82,3.92,15.30
247769,-0.78,2.34,1,14.36,13.92,8,14.70,172,0.29,0.29,776,0.00,1.00,0,0.5000,14.50,99,0,0.00,2,7.55,3.77,3.92,15.20
247873,-0.78,2.34,1,14.36,14.00,8,14.70,172,0.29,0.30,772,0.00,1.00,0,0.5000,16.00,99,0,0.00,2,7.55,3.82,3.92,15.30
247977,-0.78,2.34,1,14.36,14.00,8,14.70,172,0.29,0.30,787,0.00,1.00,0,0.5000,15.00,99,0,0.00,2,7.40,3.87,3.92,15.50
248082,-0.78,2.34,1,14.36,13.92,8,14.70,172,0.29,0.29,779,0.00,1.00,0,0.5000,15.00,99,0,0.00,2,7.40,3.87,3.92,15.20
248185,0.00,2.34,1,14.36,13.92,8,14.70,172,0.29,0.30,790,0.00,1.00,0,0.5000,16.50,99,0,0.00,2,7.40,3.85,3.92,15.40
248290,0.00,2.34,1,14.36,13.84,8,14.70,172,0.29,0.29,790,0.00,1.00,0,0.5000,15.50,99,0,0.00,2,7.40,3.82,3.92,15.20
248394,0.00,2.34,1,14.36,14.08,8,14.70,172,0.29,0.29,780,0.00,1.00,0,0.5000,16.50,99,0,0.00,2,7.40,3.82,3.92,15.20
248497,0.00,2.34,1,14.36,14.00,8,14.70,172,0.29,0.31,783,0.00,1.00,0,0.5000,16.50,99,0,0.00,2,7.40,3.98,3.92,15.10
248602,0.00,2.34,1,14.36,13.84,8,14.70,172,0.29,0.30,790,0.00,1.00,0,0.5000,16.00,99,0,0.00,2,7.40,3.90,3.92,15.10
248706,0.00,2.34,1,14.36,13.92,8,14.70,172,0.29,0.30,779,0.00,1.00,0,0.5000,16.50,99,0,0.00,2,7.25,3.92,3.92,15.00
248809,0.00,2.34,1,14.36,14.00,8,14.70,172,0.29,0.30,802,0.00,1.00,0,0.5000,16.00,99,0,0.00,2,7.25,3.85,3.92,14.90
248914,0.00,2.34,1,14.36,13.92,8,14.70,172,0.29,0.29,782,0.00,1.00,0,0.5000,16.00,99,0,0.00,2,7.25,3.82,3.92,14.90
249017,0.00,2.34,1,14.36,14.00,8,14.70,172,0.29,0.30,777,0.00,1.00,0,0.5000,17.00,99,0,0.00,2,7.25,3.90,3.92,14.80
249122,0.00,2.34,1,14.36,13.84,8,14.70,172,0.29,0.30,798,0.00,1.00,0,0.5000,16.00,99,0,0.00,2,7.25,3.95,3.92,14.80
249225,-0.78,2.34,1,14.36,13.92,8,14.70,172,0.29,0.29,788,0.00,1.00,0,0.5000,16.00,99,0,0.00,2,7.25,3.92,3.92,14.70
249330,-0.78,2.34,1,14.36,13.92,8,14.70,172,0.29,0.30,785,0.00,1.00,0,0.5000,17.00,99,0,0.00,2,7.25,3.87,3.92,14.90
249434,-0.78,2.34,1,14.36,13.92,8,14.70,172,0.29,0.30,785,0.00,1.00,0,0.5000,16.50,99,0,0.00,2,7.25,3.95,3.92,14.70
249538,-0.78,2.34,1,14.36,14.08,8,14.70,172,0.29,0.30,770,0.00,1.00,0,0.5000,16.50,99,0,0.00,2,7.25,3.98,3.92,14.50
249641,-0.78,2.34,1,14.36,13.92,8,14.70,172,0.30,0.31,783,0.00,1.00,0,0.5000,17.00,99,0,0.00,2,7.25,3.98,3.92,14.50
249745,-0.78,2.34,1,14.36,13.92,8,14.70,172,0.30,0.31,777,0.00,1.00,0,0.5000,17.00,99,0,0.00,2,7.25,4.01,3.92,14.60
249850,-0.78,2.34,1,14.36,13.84,8,14.70,172,0.30,0.30,778,0.00,1.00,0,0.5000,17.00,99,0,0.00,2,7.25,3.87,3.92,14.50
249954,-0.78,2.34,1,14.36,13.76,8,14.70,172,0.30,0.30,781,0.00,1.00,0,0.5000,17.00,99,0,0.00,2,7.25,3.92,3.92,14.50
250058,-0.78,2.34,1,14.36,13.92,8,14.70,172,0.30,0.30,786,0.00,1.00,0,0.5000,16.50,99,0,0.00,2,7.25,3.87,5.49,14.50
250162,-1.56,2.34,1,14.36,13.92,8,14.70,172,0.31,0.34,764,0.00,1.00,0,0.5000,17.00,99,0,0.00,2,7.69,4.44,5.10,14.50
250266,-1.56,2.34,1,14.36,13.92,8,14.70,172,0.33,0.37,768,0.00,0.88,0,0.5000,17.00,99,0,0.00,2,7.98,4.81,5.10,14.50
250370,-1.56,2.34,1,14.36,13.84,8,14.70,172,0.34,0.37,779,0.00,1.00,0,0.5000,17.00,99,0,0.00,2,8.13,4.75,5.10,14.50
250474,-1.56,2.34,1,14.36,13.84,8,14.70,172,0.34,0.37,784,0.00,1.00,0,0.5000,17.00,99,0,0.00,2,8.27,4.78,5.10,14.40
250578,-1.56,2.34,1,14.36,14.00,8,14.70,172,0.35,0.38,762,0.00,0.99,0,0.5000,17.00,99,0,0.00,2,8.42,4.78,5.10,14.50
250682,-0.78,2.34,1,14.36,13.92,8,14.70,172,0.36,0.38,763,0.00,0.99,0,0.5000,17.00,99,0,0.00,2,8.56,4.78,5.10,14.50
250786,-0.78,2.34,1,14.36,14.00,8,14.70,172,0.37,0.38,736,0.00,0.99,0,0.5000,18.50,99,0,0.00,2,8.71,4.69,5.49,14.60
250890,0.00,2.34,1,14.36,13.84,8,14.70,172,0.38,0.39,746,0.00,0.99,0,0.5000,18.50,99,0,0.00,2,8.85,4.84,5.49,14.80
250994,0.78,2.34,1,14.36,13.76,8,14.70,172,0.38,0.38,765,0.00,0.99,0,0.5000,17.00,99,0,0.00,2,9.14,4.87,5.49,15.00
251099,1.56,2.34,1,14.36,13.92,8,14.70,172,0.38,0.38,778,0.00,0.99,0,0.5000,16.50,99,0,0.00,2,9.14,4.96,5.49,15.30
251203,2.34,2.34,1,14.36,14.00,8,14.70,172,0.38,0.38,806,0.00,0.99,0,0.5000,16.50,99,0,0.00,2,9.14,5.03,5.49,15.40
251307,3.12,2.34,1,14.36,13.92,8,14.70,172,0.38,0.37,814,0.00,0.99,0,0.5000,15.00,99,0,0.00,2,9.00,5.03,5.49,15.60
251411,3.12,2.34,1,14.36,13.84,8,14.69,172,0.37,0.37,823,0.00,0.99,0,0.5000,14.00,99,0,0.00,2,9.00,5.03,5.49,15.80
251515,3.91,2.34,1,14.36,13.84,8,14.69,172,0.37,0.36,856,0.00,1.00,0,0.5000,12.00,99,0,0.00,2,8.85,5.09,5.49,15.80
251619,3.91,2.34,1,14.36,13.92,8,14.69,172,0.36,0.36,857,0.00,1.00,0,0.5000,12.50,99,0,0.00,2,8.71,5.18,5.49,15.80
251724,3.91,2.34,1,14.36,13.92,8,14.68,172,0.36,0.36,863,0.00,1.00,0,0.5000,12.50,99,0,0.00,2,8.71,5.12,5.49,15.50
251827,3.91,2.34,1,14.36,13.92,8,14.69,172,0.36,0.35,862,0.00,1.00,0,0.5000,13.00,99,0,0.00,2,8.56,5.06,5.49,15.20
251931,3.91,2.34,1,14.36,13.92,8,14.68,172,0.36,0.36,870,0.00,1.00,0,0.5000,13.00,99,0,0.00,2,8.56,5.21,5.49,15.30
252035,3.91,2.34,1,14.36,13.84,8,14.68,172,0.36,0.36,868,0.00,1.00,0,0.5000,13.50,99,0,0.00,2,8.56,5.15,5.49,15.10
252140,3.91,2.34,1,14.36,13.92,8,14.68,172,0.35,0.35,885,0.00,1.00,0,0.5000,12.50,99,0,0.00,2,8.42,5.09,5.49,15.10
252245,3.91,2.34,1,14.36,13.92,8,14.68,172,0.35,0.35,876,0.00,1.00,0,0.5000,13.50,99,0,0.00,2,8.42,5.18,5.49,15.00
252348,3.91,2.34,1,14.36,14.00,8,14.68,172,0.35,0.36,882,0.00,1.00,0,0.5000,13.00,99,0,0.00,2,8.42,5.27,5.49,14.80
252452,3.91,2.34,1,14.36,13.92,8,14.68,172,0.35,0.35,900,0.00,1.00,0,0.5000,13.50,99,0,0.00,2,8.42,5.18,5.49,14.80
252556,3.91,2.34,1,14.36,13.84,8,14.68,172,0.35,0.34,880,0.00,1.00,0,0.5000,14.00,99,0,0.00,2,8.42,5.09,5.49,14.80
252661,3.91,2.34,1,14.36,14.00,8,14.68,172,0.35,0.35,892,0.00,1.00,0,0.5000,15.00,99,0,0.00,2,8.42,5.12,5.49,14.80
252764,3.91,2.34,1,14.36,14.00,8,14.68,172,0.35,0.35,879,0.00,1.00,0,0.5000,15.50,99,0,0.00,2,8.27,5.12,5.49,14.70
252868,3.91,2.34,1,14.36,14.00,8,14.68,172,0.34,0.34,885,0.00,1.00,0,0.5000,16.00,99,0,0.00,2,8.27,4.96,5.49,14.70
252972,3.91,2.34,1,14.36,13.92,8,14.68,172,0.34,0.34,894,0.00,1.00,0,0.5000,14.50,99,0,0.00,2,8.27,4.93,5.49,14.50
253076,3.91,2.34,1,14.36,13.84,8,14.68,172,0.34,0.34,903,0.00,1.00,0,0.5000,14.50,99,0,0.00,2,8.27,5.09,5.49,14.60
253181,3.91,2.34,1,14.36,13.92,8,14.68,172,0.34,0.33,890,0.00,1.00,0,0.5000,16.00,99,0,0.00,2,8.27,4.99,5.49,14.60
253285,3.91,2.34,1,14.36,14.00,8,14.68,172,0.34,0.33,900,0.00,1.00,0,0.5000,15.50,99,0,0.00,2,8.13,5.02,5.49,14.60
253389,3.91,2.34,1,14.36,13.92,8,14.68,172,0.34,0.34,894,0.00,1.00,0,0.5000,16.00,99,0,0.00,2,8.13,5.09,5.49,14.60
253493,3.91,2.34,1,14.36,13.92,8,14.68,174,0.34,0.34,898,0.00,1.00,0,0.5000,16.00,99,0,0.00,2,8.13,5.06,5.49,14.60
253596,3.91,2.34,1,14.36,13.92,8,14.67,174,0.33,0.34,909,0.00,1.00,0,0.5000,16.50,99,0,0.00,2,8.13,5.02,5.49,14.70
253700,3.91,2.34,1,14.36,14.00,8,14.68,172,0.33,0.33,901,0.00,1.00,0,0.5000,15.50,99,0,0.00,2,7.98,4.99,5.49,14.70
253804,3.91,2.34,1,14.36,13.92,8,14.67,174,0.33,0.33,916,0.00,1.00,0,0.5000,15.50,99,0,0.00,2,7.98,5.02,5.49,14.70
253909,3.12,2.34,1,14.36,13.84,8,14.67,174,0.33,0.32,906,0.00,1.00,0,0.5000,16.00,99,0,0.00,2,7.98,4.90,5.49,14.60
254013,3.12,2.34,1,14.36,13.92,8,14.67,174,0.33,0.33,912,0.00,1.00,0,0.5000,16.00,99,0,0.00,2,7.98,4.93,5.49,14.50
254117,3.12,2.34,1,14.36,13.92,8,14.68,174,0.32,0.32,900,0.00,1.00,0,0.5000,16.50,99,0,0.00,2,7.98,4.87,5.10,14.50
254220,3.12,2.34,1,14.36,13.76,8,14.68,174,0.32,0.32,896,0.00,1.00,0,0.5000,16.50,99,0,0.00,2,7.98,4.81,5.49,14.40
254325,2.34,2.34,1,14.36,14.00,8,14.68,174,0.32,0.33,898,0.00,1.00,0,0.5000,17.00,99,0,0.00,2,7.84,4.84,5.10,14.40
254428,2.34,2.34,1,14.36,13.92,8,14.68,174,0.32,0.32,876,0.00,1.00,0,0.5000,17.00,99,0,0.00,2,7.98,4.81,5.10,14.40
254533,2.34,2.34,1,14.36,14.00,8,14.68,174,0.32,0.32,890,0.00,1.00,0,0.5000,17.00,99,0,0.00,2,7.98,4.69,5.10,14.50
254636,2.34,2.34,1,14.36,14.00,8,14.68,174,0.32,0.32,880,0.00,1.00,0,0.5000,17.00,99,0,0.00,2,7.98,4.66,5.10,14.40
254741,2.34,2.34,1,14.36,13.92,8,14.68,174,0.32,0.33,876,0.00,1.00,0,0.5000,17.00,99,0,0.00,2,7.98,4.72,5.10,14.40
254845,2.34,2.34,1,14.36,13.92,8,14.68,174,0.32,0.33,866,0.00,1.00,0,0.5000,17.00,99,0,0.00,2,7.98,4.84,5.10,14.60
254949,3.12,2.34,1,14.36,14.00,8,14.68,174,0.32,0.33,875,0.00,1.00,0,0.5000,17.00,99,0,0.00,2,7.98,4.81,5.10,14.60
255053,3.12,2.34,1,14.36,13.92,8,14.68,174,0.32,0.32,864,0.00,1.00,0,0.5000,17.00,99,0,0.00,2,7.98,4.72,5.10,14.60
255158,3.12,2.34,1,14.36,14.00,8,14.68,174,0.32,0.33,867,0.00,1.00,0,0.5000,17.00,99,0,0.00,2,7.98,4.78,5.10,14.80
255262,3.12,2.34,1,14.36,13.76,8,14.69,174,0.33,0.33,852,0.00,1.00,0,0.5000,17.00,99,0,0.00,2,7.98,4.69,5.10,14.70
255366,3.12,2.34,1,14.36,14.00,8,14.69,174,0.33,0.33,856,0.00,1.00,0,0.5000,18.50,99,0,0.00,2,7.98,4.66,5.10,14.80
255470,3.12,2.34,1,14.36,13.92,8,14.69,174,0.33,0.33,837,0.00,1.00,0,0.5000,17.50,99,0,0.00,2,7.98,4.69,5.10,14.80
255574,3.12,2.34,1,14.36,13.92,8,14.69,174,0.33,0.33,848,0.00,1.00,0,0.5000,18.00,99,0,0.00,2,7.98,4.61,5.10,14.80
255678,3.12,2.34,1,14.36,14.00,8,14.69,174,0.33,0.34,840,0.00,1.00,0,0.5000,17.00,99,0,0.00,2,7.98,4.75,5.10,14.80
255782,3.12,2.34,1,14.36,13.84,8,14.69,174,0.33,0.34,839,0.00,1.00,0,0.5000,18.00,99,0,0.00,2,8.13,4.69,5.10,14.80
255886,3.12,2.34,1,14.36,13.84,8,14.69,174,0.33,0.33,847,0.00,1.00,0,0.5000,17.00,99,0,0.00,2,8.13,4.66,5.10,14.70
255990,3.12,2.34,1,14.36,13.92,8,14.69,174,0.33,0.34,823,0.00,1.00,0,0.5000,19.00,99,0,0.00,2,8.13,4.69,5.10,14.80
256094,3.12,2.34,1,14.36,13.84,8,14.69,174,0.33,0.34,846,0.00,1.00,0,0.5000,17.00,99,0,0.00,2,8.13,4.69,5.10,14.80
256198,3.12,2.34,1,14.36,13.92,8,14.69,174,0.33,0.34,834,0.00,1.00,0,0.5000,17.50,99,0,0.00,2,8.13,4.69,5.10,14.80
256302,3.12,2.34,1,14.36,13.92,8,14.69,174,0.33,0.33,834,0.00,1.00,0,0.5000,17.50,99,0,0.00,2,8.13,4.63,5.10,14.70
256405,3.12,2.34,1,14.36,13.92,8,14.69,174,0.33,0.34,825,0.00,1.00,0,0.5000,17.50,99,0,0.00,2,8.13,4.63,5.10,14.70
256510,3.12,2.34,1,14.36,13.92,8,14.69,174,0.34,0.34,832,0.00,1.00,0,0.5000,17.50,99,0,0.00,2,8.13,4.69,5.10,14.50
256614,3.12,2.34,1,14.36,13.92,8,14.69,174,0.33,0.34,824,0.00,1.00,0,0.5000,17.50,99,0,0.00,2,8.13,4.72,5.10,14.60
256718,3.12,2.34,1,14.36,13.92,8,14.69,174,0.33,0.33,830,0.00,1.00,0,0.5000,17.00,99,0,0.00,2,8.13,4.61,5.10,14.60
256822,2.34,2.34,1,14.36,13.92,8,14.69,174,0.33,0.34,836,0.00,1.00,0,0.5000,17.00,99,0,0.00,2,8.13,4.69,4.71,14.50
256926,2.34,2.34,1,14.36,13.84,8,14.69,174,0.33,0.33,829,0.00,1.00,0,0.5000,17.00,99,0,0.00,2,8.13,4.66,4.71,14.50
257030,2.34,3.12,1,14.36,13.92,8,14.69,174,0.34,0.34,830,0.00,1.00,0,0.5000,17.00,99,0,0.00,2,8.13,4.66,4.71,14.50
257134,2.34,3.12,1,14.36,13.92,8,14.69,174,0.34,0.34,825,0.00,1.00,0,0.5000,17.00,99,0,0.00,2,8.13,4.69,4.71,14.50
257238,2.34,3.12,1,14.36,14.00,8,14.69,174,0.34,0.35,826,0.00,1.00,0,0.5000,17.50,99,0,0.00,2,8.13,4.72,4.71,14.50
257342,2.34,3.12,1,14.36,14.00,8,14.69,174,0.34,0.34,820,0.00,1.00,0,0.5000,17.00,99,0,0.00,2,8.13,4.72,4.71,14.50
257446,2.34,3.12,1,14.36,13.92,8,14.69,174,0.34,0.35,811,0.00,1.00,0,0.5000,17.50,99,0,0.00,2,8.13,4.69,4.71,14.50
257550,2.34,3.12,1,14.36,13.92,8,14.69,174,0.34,0.34,828,0.00,1.00,0,0.5000,17.00,99,0,0.00,2,8.13,4.72,4.71,14.50
257654,1.56,3.12,1,14.36,13.84,8,14.69,174,0.34,0.34,814,0.00,1.00,0,0.5000,17.50,99,0,0.00,2,8.13,4.69,4.71,14.50
257758,1.56,3.12,1,14.36,13.92,8,14.69,174,0.34,0.34,820,0.00,1.00,0,0.5000,17.00,99,0,0.00,2,8.13,4.55,4.71,14.50
257862,1.56,3.12,1,14.36,14.00,8,14.69,174,0.34,0.34,812,0.00,1.00,0,0.5000,17.00,99,0,0.00,2,8.27,4.69,4.71,14.50
257966,1.56,3.12,1,14.36,13.92,8,14.69,174,0.34,0.35,820,0.00,1.00,0,0.5000,17.00,99,0,0.00,2,8.27,4.72,5.10,14.50
258070,1.56,3.12,1,14.36,13.84,8,14.69,174,0.34,0.34,820,0.00,1.00,0,0.5000,17.00,99,0,0.00,2,8.27,4.63,5.10,14.50
258174,1.56,3.12,1,14.36,13.84,8,14.69,174,0.34,0.33,819,0.00,1.00,0,0.5000,17.00,99,0,0.00,2,8.27,4.55,5.10,14.50
258278,1.56,3.12,1,14.36,13.84,8,14.69,174,0.34,0.34,828,0.00,1.00,0,0.5000,17.00,99,0,0.00,2,8.27,4.63,5.10,14.50
258381,1.56,3.12,1,14.36,14.00,8,14.69,174,0.34,0.34,812,0.00,1.00,0,0.5000,17.00,99,0,0.00,2,8.27,4.61,5.10,14.40
258486,1.56,3.12,1,14.36,13.92,8,14.69,174,0.34,0.34,812,0.00,1.00,0,0.5000,17.00,99,0,0.00,2,8.27,4.66,4.71,14.50
258590,1.56,3.12,1,14.36,13.92,8,14.70,174,0.34,0.34,789,0.00,1.00,0,0.5000,17.50,99,0,0.00,2,8.27,4.52,5.10,14.50
258694,1.56,3.12,1,14.36,13.84,8,14.70,174,0.34,0.35,792,0.00,1.00,0,0.5000,18.00,99,0,0.00,2,8.27,4.61,5.10,14.40
258798,1.56,3.12,1,14.36,13.84,8,14.70,174,0.34,0.35,799,0.00,1.00,0,0.5000,17.50,99,0,0.00,2,8.42,4.61,5.10,15.00
258902,1.56,3.12,1,14.36,14.00,8,14.70,174,0.35,0.35,801,0.00,1.00,0,0.5000,17.00,99,0,0.00,2,8.42,4.75,5.10,14.70
259006,1.56,3.12,1,14.36,13.84,8,14.69,174,0.35,0.36,820,0.00,1.00,0,0.5000,17.00,99,0,0.00,2,8.42,4.81,5.10,14.80
259110,1.56,3.12,1,14.36,14.00,8,14.69,174,0.35,0.34,822,0.00,1.00,0,0.5000,16.50,99,0,0.00,2,8.42,4.75,5.10,14.80
259214,1.56,3.12,1,14.36,13.92,8,14.69,174,0.35,0.35,818,0.00,1.00,0,0.5000,17.00,99,0,0.00,2,8.27,4.78,5.10,14.80
259318,2.34,3.12,1,14.36,13.84,8,14.69,174,0.34,0.33,833,0.00,1.00,0,0.5000,16.50,99,0,0.00,2,8.27,4.63,5.10,14.80
259422,1.56,3.12,1,14.36,13.76,8,14.69,174,0.34,0.34,832,0.00,1.00,0,0.5000,16.50,99,0,0.00,2,8.27,4.69,5.10,14.80
259526,2.34,3.12,1,14.36,13.92,8,14.69,174,0.34,0.35,847,0.00,1.00,0,0.5000,16.00,99,0,0.00,2,8.27,4.87,5.10,14.80
259630,1.56,3.12,1,14.36,13.84,8,14.69,174,0.34,0.33,835,0.00,1.00,0,0.5000,16.50,99,0,0.00,2,8.13,4.69,5.10,14.80
259734,1.56,3.12,1,14.36,14.00,8,14.69,174,0.34,0.34,849,0.00,1.00,0,0.5000,16.50,99,0,0.00,2,8.13,4.75,5.10,14.80
259838,1.56,3.12,1,14.36,13.76,8,14.69,174,0.34,0.34,848,0.00,1.00,0,0.5000,16.00,99,0,0.00,2,8.13,4.78,5.10,14.70
259942,1.56,3.12,1,14.36,14.00,8,14.69,174,0.34,0.33,850,0.00,1.00,0,0.5000,16.50,99,0,0.00,2,8.13,4.75,5.10,14.60
260046,1.56,3.12,1,14.36,13.92,8,14.69,174,0.33,0.33,836,0.00,1.00,0,0.5000,16.00,99,0,0.00,2,8.13,4.69,5.10,14.80
260150,1.56,3.12,1,14.36,13.92,8,14.69,174,0.33,0.32,848,0.00,1.00,0,0.5000,17.00,99,0,0.00,2,8.13,4.50,5.10,14.70
260255,1.56,3.12,1,14.36,14.00,8,14.69,174,0.33,0.33,834,0.00,1.00,0,0.5000,16.50,99,0,0.00,2,8.13,4.63,5.10,14.60
260358,1.56,3.12,1,14.36,13.76,8,14.69,174,0.33,0.34,821,0.00,1.00,0,0.5000,17.00,99,0,0.00,2,8.13,4.66,5.10,14.70
260462,1.56,3.12,1,14.36,13.92,8,14.69,174,0.33,0.33,836,0.00,1.00,0,0.5000,17.00,99,0,0.00,2,8.13,4.66,5.10,15.00
260566,1.56,3.12,1,14.36,13.84,8,14.69,174,0.34,0.35,819,0.00,1.00,0,0.5000,17.00,99,0,0.00,2,8.27,4.72,5.10,14.60
260670,1.56,3.12,1,14.36,14.00,8,14.69,174,0.34,0.34,822,0.00,1.00,0,0.5000,17.00,99,0,0.00,2,8.27,4.63,5.10,14.50
260774,2.34,3.12,1,14.36,13.92,8,14.69,174,0.34,0.34,820,0.00,1.00,0,0.5000,17.00,99,0,0.00,2,8.27,4.63,5.10,14.80
260878,2.34,3.12,1,14.36,13.92,8,14.69,174,0.34,0.34,822,0.00,1.00,0,0.5000,17.00,99,0,0.00,2,8.27,4.66,5.10,14.70
260982,2.34,3.12,1,14.36,13.84,8,14.69,174,0.34,0.35,806,0.00,1.00,0,0.5000,17.00,99,0,0.00,2,8.27,4.72,5.10,14.80
261086,2.34,3.12,1,14.36,13.92,8,14.70,174,0.34,0.36,801,0.00,1.00,0,0.5000,17.50,99,0,0.00,2,8.42,4.75,5.10,14.90
261190,2.34,3.12,1,14.36,13.84,8,14.69,174,0.35,0.35,816,0.00,1.00,0,0.5000,17.00,99,0,0.00,2,8.42,4.72,5.10,14.90
261294,2.34,3.12,1,14.36,14.00,8,14.69,174,0.35,0.35,807,0.00,1.00,0,0.5000,17.00,99,0,0.00,2,8.42,4.90,5.10,14.80
261398,2.34,3.12,1,14.36,13.92,8,14.69,174,0.35,0.35,824,0.00,1.00,0,0.5000,17.00,99,0,0.00,2,8.42,4.78,5.10,14.90
261503,3.12,3.12,1,14.36,13.92,8,14.69,174,0.35,0.35,826,0.00,1.00,0,0.5000,16.50,99,0,0.00,2,8.42,4.84,5.10,14.80
261608,2.34,3.12,1,14.36,13.92,8,14.68,174,0.35,0.35,850,0.00,1.00,0,0.5000,16.50,99,0,0.00,2,8.42,4.84,5.10,14.90
261712,3.12,3.12,1,14.36,13.92,8,14.69,174,0.34,0.33,834,0.00,1.00,0,0.5000,16.00,99,0,0.00,2,8.27,4.72,5.10,14.80
261815,2.34,3.12,1,14.36,14.00,8,14.69,174,0.34,0.33,841,0.00,1.00,0,0.5000,16.50,99,0,0.00,2,8.27,4.69,5.10,14.70
261919,2.34,3.12,1,14.36,13.84,8,14.68,174,0.34,0.33,865,0.00,1.00,0,0.5000,15.50,99,0,0.00,2,8.27,4.72,5.10,14.70
262023,2.34,3.12,1,14.36,13.84,8,14.68,174,0.33,0.33,850,0.00,1.00,0,0.5000,16.50,99,0,0.00,2,8.13,4.72,5.10,15.00
262127,2.34,3.12,1,14.36,13.92,8,14.68,174,0.33,0.33,860,0.00,1.00,0,0.5000,16.00,99,0,0.00,2,8.13,4.69,5.10,14.60
262231,2.34,3.12,1,14.36,13.92,8,14.68,174,0.33,0.34,854,0.00,1.00,0,0.5000,16.50,99,0,0.00,2,8.13,4.90,5.10,14.60
262336,2.34,3.12,1,14.36,13.92,8,14.69,174,0.34,0.35,844,0.00,1.00,0,0.5000,17.00,99,0,0.00,2,8.13,4.87,5.10,14.60
262439,2.34,3.12,1,14.36,13.84,8,14.69,174,0.34,0.34,831,0.00,1.00,0,0.5000,17.00,99,0,0.00,2,8.13,4.75,5.10,14.60
262543,2.34,3.12,1,14.36,13.84,8,14.68,174,0.34,0.36,850,0.00,1.00,0,0.5000,16.50,99,0,0.00,2,8.27,4.96,5.10,14.60
262648,2.34,3.12,1,14.36,13.92,8,14.69,174,0.34,0.34,842,0.00,1.00,0,0.5000,17.00,99,0,0.00,2,8.13,4.81,5.10,14.60
262752,2.34,3.12,1,14.36,13.92,8,14.68,174,0.34,0.34,856,0.00,1.00,0,0.5000,17.00,99,0,0.00,2,8.27,4.84,5.10,14.70
262855,2.34,3.12,1,14.36,13.92,8,14.69,174,0.34,0.34,845,0.00,1.00,0,0.5000,16.00,99,0,0.00,2,8.13,4.75,5.10,14.70
262959,2.34,3.12,1,14.36,14.00,8,14.68,174,0.34,0.34,852,0.00,1.00,0,0.5000,17.00,99,0,0.00,2,8.13,4.69,5.10,14.90
263063,2.34,3.12,1,14.36,13.84,8,14.69,174,0.34,0.34,846,0.00,1.00,0,0.5000,16.50,99,0,0.00,2,8.13,4.81,5.10,14.70
263167,2.34,3.12,1,14.36,14.00,8,14.68,174,0.33,0.33,862,0.00,1.00,0,0.5000,17.00,99,0,0.00,2,8.13,4.66,5.10,14.60
263271,2.34,3.12,1,14.36,13.84,8,14.68,174,0.33,0.33,848,0.00,1.00,0,0.5000,16.50,99,0,0.00,2,8.13,4.69,5.10,14.50
263375,2.34,3.12,1,14.36,13.52,8,14.68,174,0.33,0.34,857,0.00,1.00,0,0.5000,17.00,99,0,0.00,2,8.13,4.81,5.10,14.60
263480,2.34,3.12,1,14.36,14.00,8,14.69,174,0.34,0.34,845,0.00,1.00,0,0.5000,16.50,99,0,0.00,2,8.13,4.84,5.10,14.60
263583,1.56,3.12,1,14.36,13.92,8,14.68,174,0.34,0.35,848,0.00,1.00,0,0.5000,17.00,99,0,0.00,2,8.13,4.87,5.10,14.60
263687,1.56,3.12,1,14.36,13.84,8,14.69,174,0.34,0.34,846,0.00,1.00,0,0.5000,17.00,99,0,0.00,2,8.13,4.81,5.10,14.50
263791,2.34,3.12,1,14.36,13.92,8,14.69,174,0.34,0.33,843,0.00,1.00,0,0.5000,17.00,99,0,0.00,2,8.13,4.66,5.10,14.60
263895,2.34,3.12,1,14.36,13.92,8,14.69,174,0.34,0.34,845,0.00,1.00,0,0.5000,17.00,99,0,0.00,2,8.13,4.72,5.10,14.50
263999,2.34,3.12,1,14.36,14.00,8,14.69,174,0.33,0.34,840,0.00,1.00,0,0.5000,17.00,99,0,0.00,2,8.13,4.78,5.10,14.80
264103,2.34,3.12,1,14.36,13.84,8,14.69,174,0.34,0.35,841,0.00,1.00,0,0.5000,17.00,99,0,0.00,2,8.13,4.84,5.10,14.70
264208,1.56,3.12,1,14.36,13.92,8,14.69,174,0.34,0.35,823,0.00,1.00,0,0.5000,17.50,99,0,0.00,2,8.13,4.87,5.10,14.70
264312,1.56,3.12,1,14.36,13.92,8,14.68,174,0.34,0.34,849,0.00,1.00,0,0.5000,17.00,99,0,0.00,2,8.27,4.84,5.10,14.70
264416,1.56,3.12,1,14.36,14.00,8,14.69,174,0.34,0.34,834,0.00,1.00,0,0.5000,17.00,99,0,0.00,2,8.27,4.72,5.10,14.60
264519,1.56,3.12,1,14.36,14.08,8,14.69,174,0.34,0.34,843,0.00,1.00,0,0.5000,17.00,99,0,0.00,2,8.27,4.75,5.10,14.60
264623,1.56,3.12,1,14.36,13.92,8,14.69,174,0.34,0.34,839,0.00,1.00,0,0.5000,16.50,99,0,0.00,2,8.13,4.84,5.10,14.60
264728,1.56,3.12,1,14.36,13.92,8,14.69,174,0.34,0.34,843,0.00,1.00,0,0.5000,17.00,99,0,0.00,2,8.27,4.69,5.10,14.80
264831,1.56,3.12,1,14.36,13.84,8,14.69,174,0.34,0.34,844,0.00,1.00,0,0.5000,17.00,99,0,0.00,2,8.27,4.81,5.10,14.70
264935,1.56,3.12,1,14.36,13.92,8,14.69,174,0.34,0.34,840,0.00,1.00,0,0.5000,17.00,99,0,0.00,2,8.27,4.81,5.10,14.60
265040,1.56,3.12,1,14.36,13.92,8,14.69,174,0.34,0.34,844,0.00,1.00,0,0.5000,17.00,99,0,0.00,2,8.27,4.84,5.10,15.00
265144,1.56,3.12,1,14.36,13.92,8,14.69,174,0.34,0.33,841,0.00,1.00,0,0.5000,17.00,99,0,0.00,2,8.27,4.66,5.10,14.60
265248,1.56,3.12,1,14.36,13.84,8,14.68,174,0.34,0.34,858,0.00,1.00,0,0.5000,16.50,99,0,0.00,2,8.13,4.84,5.10,14.60
265351,1.56,3.12,1,14.36,13.84,8,14.68,174,0.34,0.33,848,0.00,1.00,0,0.5000,17.00,99,0,0.00,2,8.13,4.78,5.10,14.60
265456,1.56,3.12,1,14.36,13.92,8,14.68,174,0.34,0.34,863,0.00,1.00,0,0.5000,16.50,99,0,0.00,2,8.13,4.81,5.10,14.60
265559,1.56,3.12,1,14.36,13.84,8,14.68,174,0.34,0.33,852,0.00,1.00,0,0.5000,17.00,99,0,0.00,2,8.13,4.84,5.10,14.60
265664,1.56,3.12,1,14.36,13.84,8,14.68,174,0.34,0.34,861,0.00,1.00,0,0.5000,16.50,99,0,0.00,2,8.13,4.87,5.10,14.60
265768,1.56,3.12,1,14.36,13.84,8,14.68,174,0.33,0.33,854,0.00,1.00,0,0.5000,17.00,99,0,0.00,2,8.13,4.72,5.10,14.70
265872,1.56,3.12,1,14.36,13.84,8,14.68,174,0.33,0.34,870,0.00,1.00,0,0.5000,16.50,99,0,0.00,2,7.98,4.84,5.10,14.70
265975,1.56,3.12,1,14.36,13.92,8,14.68,174,0.33,0.33,858,0.00,1.00,0,0.5000,16.50,99,0,0.00,2,7.98,4.78,5.10,14.70
266080,1.56,3.12,1,14.36,13.92,8,14.68,174,0.33,0.33,858,0.00,1.00,0,0.5000,17.00,99,0,0.00,2,7.98,4.72,5.10,14.70
266184,1.56,3.12,1,14.36,13.92,8,14.68,174,0.33,0.33,846,0.00,1.00,0,0.5000,16.50,99,0,0.00,2,7.98,4.66,5.10,15.10
266288,1.56,3.12,1,14.36,13.92,8,14.68,174,0.33,0.33,853,0.00,1.00,0,0.5000,17.00,99,0,0.00,2,8.13,4.69,5.10,14.60
266391,1.56,3.12,1,14.36,14.00,8,14.69,174,0.33,0.33,840,0.00,1.00,0,0.5000,17.00,99,0,0.00,2,8.13,4.63,5.10,14.60
266496,1.56,3.12,1,14.36,13.92,8,14.68,174,0.33,0.33,845,0.00,1.00,0,0.5000,17.00,99,0,0.00,2,8.13,4.78,5.10,14.50
266600,1.56,3.12,1,14.36,14.00,8,14.69,174,0.33,0.34,834,0.00,1.00,0,0.5000,17.00,99,0,0.00,2,8.13,4.78,5.10,14.50
266704,1.56,3.12,1,14.36,14.00,8,14.69,174,0.33,0.34,839,0.00,1.00,0,0.5000,17.50,99,0,0.00,2,8.13,4.69,4.71,14.50
266808,1.56,3.12,1,14.36,14.00,8,14.68,174,0.32,0.33,848,0.00,1.00,0,0.5000,17.00,99,0,0.00,2,7.98,4.66,3.53,14.60
266912,1.56,3.12,1,14.36,13.92,8,14.67,174,0.30,0.26,893,0.00,1.10,0,0.5000,15.00,99,0,0.00,2,7.40,3.90,3.92,14.60
267016,1.56,3.12,1,14.36,13.92,8,14.67,174,0.29,0.26,902,0.00,1.07,0,0.5000,13.00,99,0,0.00,2,7.11,3.95,3.92,14.60
267120,1.56,3.12,1,14.36,14.00,8,14.67,174,0.28,0.26,900,0.00,1.00,0,0.5000,15.50,99,0,0.00,2,6.96,3.87,3.92,14.80
267224,0.78,3.12,1,14.36,14.00,8,14.68,174,0.27,0.26,881,0.00,1.00,0,0.5000,15.50,99,0,0.00,2,6.82,3.82,3.92,14.80
267328,0.00,3.12,1,14.36,13.92,8,14.67,176,0.26,0.26,892,0.00,1.00,0,0.5000,16.00,99,0,0.00,2,6.67,3.87,3.92,14.50
267432,-0.78,3.91,1,14.36,13.84,8,14.68,176,0.26,0.25,880,0.00,1.00,0,0.5000,16.50,99,0,0.00,2,6.53,3.77,3.92,14.30
267536,-1.56,3.91,1,14.36,13.84,8,14.68,176,0.26,0.26,868,0.00,1.00,0,0.5000,17.00,99,0,0.00,2,6.53,3.77,3.92,14.20
267640,-2.34,3.91,1,14.36,13.92,8,14.68,176,0.26,0.27,847,0.00,1.00,0,0.5000,17.00,99,0,0.00,2,6.53,3.79,3.92,14.10
267744,-2.34,3.91,1,14.36,14.00,8,14.69,176,0.26,0.27,841,0.00,1.00,0,0.5000,18.00,99,0,0.00,2,6.53,3.67,3.92,14.00
267848,-3.12,3.91,1,14.36,14.00,8,14.69,176,0.26,0.27,812,0.00,1.00,0,0.5000,19.00,99,0,0.00,2,6.53,3.79,3.53,13.90
267952,-3.91,3.91,1,14.36,14.00,8,14.69,176,0.27,0.28,808,0.00,1.00,0,0.5000,20.50,99,0,0.00,2,6.67,3.75,3.53,13.70
268056,-4.69,3.91,1,14.36,13.84,8,14.69,176,0.27,0.28,802,0.00,1.00,0,0.5000,20.00,99,0,0.00,2,6.67,3.75,3.92,13.60
268160,-5.47,3.91,1,14.36,14.00,8,14.69,176,0.27,0.28,770,0.00,1.00,0,0.5000,22.00,99,0,0.00,2,6.67,3.70,3.53,13.70
268264,-5.47,3.91,1,14.36,13.92,8,14.69,176,0.27,0.29,756,0.00,1.00,0,0.5000,22.00,99,0,0.00,2,6.82,3.62,3.53,13.60
268368,-5.47,3.91,1,14.36,13.92,8,14.69,176,0.28,0.29,751,0.00,1.00,0,0.5000,22.00,99,0,0.00,2,6.82,3.60,3.53,13.60
268472,-5.47,3.91,1,14.36,13.92,8,14.69,176,0.28,0.29,740,0.00,1.00,0,0.5000,22.00,99,0,0.00,2,6.96,3.57,3.53,13.60
268576,-6.25,3.91,1,14.36,13.84,8,14.69,176,0.28,0.29,734,0.00,1.00,0,0.5000,22.00,99,0,0.00,2,6.96,3.53,3.53,13.70
268680,-6.25,3.91,1,14.36,14.00,8,14.69,176,0.28,0.29,728,0.00,1.00,0,0.5000,22.00,99,0,0.00,2,6.96,3.57,3.53,13.70
268784,-6.25,3.91,1,14.36,13.92,8,14.69,176,0.28,0.29,725,0.00,1.00,0,0.5000,22.00,99,0,0.00,2,7.11,3.50,3.53,13.80
268888,-6.25,3.91,1,14.36,14.00,8,14.69,176,0.28,0.30,715,0.00,1.00,0,0.5000,22.00,99,0,0.00,2,7.11,3.55,3.53,13.90
268992,-7.03,3.91,1,14.36,14.00,8,14.69,176,0.28,0.29,720,0.00,1.00,0,0.5000,21.50,99,0,0.00,2,7.11,3.53,3.53,14.10
269096,-7.03,3.91,1,14.36,13.92,8,14.69,176,0.28,0.29,724,0.00,1.00,0,0.5000,21.50,99,0,0.00,2,7.25,3.53,3.53,14.10
269200,-7.03,3.91,1,14.36,13.84,8,14.69,176,0.28,0.29,726,0.00,1.00,0,0.5000,20.50,99,0,0.00,2,7.25,3.53,3.53,14.10
269304,-7.03,3.91,1,14.36,13.92,8,14.69,176,0.28,0.29,728,0.00,1.00,0,0.5000,19.00,99,0,0.00,2,7.25,3.50,3.53,14.10
269408,-7.03,3.91,1,14.36,13.92,8,14.69,176,0.28,0.29,708,0.00,1.00,0,0.5000,21.00,99,0,0.00,2,7.25,3.48,3.53,14.30
269512,-7.03,3.91,1,14.36,14.00,8,14.69,176,0.29,0.29,718,0.00,1.00,0,0.5000,21.00,99,0,0.00,2,7.25,3.48,3.53,14.30
269616,-7.03,3.91,1,14.36,13.84,8,14.69,176,0.29,0.30,718,0.00,1.00,0,0.5000,20.00,99,0,0.00,2,7.40,3.53,3.53,14.40
269720,-7.03,3.91,1,14.36,13.92,8,14.69,176,0.29,0.30,704,0.00,1.00,0,0.5000,20.00,99,0,0.00,2,7.40,3.53,3.53,14.40
269824,-6.25,3.91,1,14.36,13.92,8,14.69,176,0.29,0.30,704,0.00,1.00,0,0.5000,20.50,99,0,0.00,2,7.40,3.57,3.92,14.50
269928,-6.25,3.12,1,14.36,13.92,8,14.69,176,0.29,0.30,719,0.00,1.00,0,0.5000,19.00,99,0,0.00,2,7.55,3.65,3.53,14.50
270032,-6.25,3.12,1,14.36,13.92,8,14.69,176,0.30,0.31,704,0.00,1.00,0,0.5000,19.50,99,0,0.00,2,7.55,3.67,3.92,14.60
270137,-6.25,3.12,1,14.36,13.92,8,14.69,176,0.30,0.31,713,0.00,1.00,0,0.5000,18.00,99,0,0.00,2,7.55,3.67,3.92,15.00
270240,-5.47,3.12,1,14.36,14.00,8,14.69,176,0.30,0.31,707,0.00,1.00,0,0.5000,19.00,99,0,0.00,2,7.55,3.60,3.92,14.90
270344,-5.47,3.12,1,14.36,13.92,8,14.69,176,0.30,0.31,711,0.00,1.00,0,0.5000,18.00,99,0,0.00,2,7.55,3.65,3.92,14.90
270448,-4.69,3.12,1,14.36,14.00,8,14.69,176,0.30,0.32,708,0.00,1.00,0,0.5000,18.00,99,0,0.00,2,7.69,3.70,3.92,15.00
270552,-4.69,3.12,1,14.36,13.92,8,14.69,176,0.31,0.31,711,0.00,1.00,0,0.5000,17.50,99,0,0.00,2,7.69,3.72,3.92,15.00
270656,-4.69,3.12,1,14.36,14.00,8,14.69,176,0.31,0.31,709,0.00,1.00,0,0.5000,17.50,99,0,0.00,2,7.84,3.70,3.92,15.20
270760,-3.91,3.12,1,14.36,13.76,8,14.69,176,0.31,0.32,707,0.00,1.00,0,0.5000,17.50,99,0,0.00,2,7.84,3.72,3.92,15.30
270864,-3.91,3.12,1,14.36,13.92,8,14.69,176,0.30,0.30,733,0.00,1.00,0,0.5000,17.00,99,0,0.00,2,7.84,3.67,3.92,15.20
270968,-3.12,3.12,1,14.36,13.84,8,14.69,176,0.31,0.31,724,0.00,1.00,0,0.5000,17.00,99,0,0.00,2,7.84,3.79,3.92,15.40
271072,-3.12,3.12,1,14.36,14.00,8,14.69,176,0.31,0.32,722,0.00,1.00,0,0.5000,17.00,99,0,0.00,2,7.84,3.85,3.92,15.40
271175,-2.34,3.12,1,14.36,13.92,8,14.69,176,0.31,0.32,743,0.00,1.00,0,0.5000,17.00,99,0,0.00,2,7.84,3.85,3.92,15.40
271280,-2.34,3.12,1,14.36,13.84,8,14.69,176,0.31,0.30,769,0.00,1.00,0,0.5000,15.50,99,0,0.00,2,7.69,3.90,3.92,15.50
271384,-1.56,3.12,1,14.36,13.92,8,14.69,176,0.30,0.30,768,0.00,1.00,0,0.5000,13.50,99,0,0.00,2,7.69,3.90,3.92,15.50
271488,-1.56,3.12,1,14.36,13.92,8,14.69,176,0.30,0.31,776,0.00,1.00,0,0.5000,15.50,99,0,0.00,2,7.55,3.95,3.92,15.50
271592,-0.78,3.12,1,14.36,13.84,8,14.69,176,0.30,0.30,784,0.00,1.00,0,0.5000,15.00,99,0,0.00,2,7.55,3.90,3.92,15.50
271696,-0.78,3.12,1,14.36,14.00,8,14.69,176,0.30,0.29,790,0.00,1.00,0,0.5000,14.50,99,0,0.00,2,7.55,3.90,3.92,15.40
271800,-0.78,3.12,1,14.36,14.00,8,14.69,176,0.29,0.29,796,0.00,1.00,0,0.5000,14.50,99,0,0.00,2,7.40,3.87,3.92,15.50
271903,-0.78,3.12,1,14.36,13.84,8,14.69,176,0.29,0.29,790,0.00,1.00,0,0.5000,15.00,99,0,0.00,2,7.40,3.87,3.92,15.40
272008,-0.78,3.12,1,14.36,13.84,8,14.69,176,0.29,0.30,784,0.00,1.00,0,0.5000,16.00,99,0,0.00,2,7.40,3.92,3.92,15.30
272112,-0.78,3.12,1,14.36,14.00,8,14.69,176,0.29,0.30,780,0.00,1.00,0,0.5000,16.00,99,0,0.00,2,7.40,3.95,3.92,15.40
272216,-0.78,3.12,1,14.36,14.00,8,14.69,176,0.29,0.30,791,0.00,1.00,0,0.5000,15.50,99,0,0.00,2,7.40,3.98,3.92,15.40
272320,-0.78,3.12,1,14.36,13.92,8,14.69,176,0.29,0.30,798,0.00,1.00,0,0.5000,15.50,99,0,0.00,2,7.40,4.01,3.92,15.00
272424,-0.78,3.12,1,14.36,13.92,8,14.69,176,0.29,0.30,807,0.00,1.00,0,0.5000,15.00,99,0,0.00,2,7.25,4.03,3.92,14.90
272528,-0.78,3.12,1,14.36,13.92,8,14.69,176,0.29,0.29,808,0.00,1.00,0,0.5000,15.50,99,0,0.00,2,7.25,3.98,3.92,14.80
272632,-0.78,3.12,1,14.36,13.92,8,14.69,176,0.29,0.30,807,0.00,1.00,0,0.5000,16.00,99,0,0.00,2,7.25,4.03,3.92,14.80
272736,-0.78,3.12,1,14.36,14.00,8,14.69,176,0.29,0.30,797,0.00,1.00,0,0.5000,15.50,99,0,0.00,2,7.25,3.98,3.92,14.70
272840,-0.78,3.12,1,14.36,13.92,8,14.69,176,0.29,0.29,798,0.00,1.00,0,0.5000,16.50,99,0,0.00,2,7.25,3.92,3.92,14.80
272944,-0.78,3.12,1,14.36,13.92,8,14.69,176,0.29,0.30,815,0.00,1.00,0,0.5000,15.50,99,0,0.00,2,7.25,4.03,3.92,14.70
273048,-1.56,3.12,1,14.36,13.92,8,14.69,176,0.29,0.29,808,0.00,1.00,0,0.5000,16.00,99,0,0.00,2,7.11,3.92,3.92,14.70
273152,-1.56,3.12,1,14.36,13.92,8,14.69,176,0.29,0.29,815,0.00,1.00,0,0.5000,16.50,99,0,0.00,2,7.11,3.98,3.92,14.40
273256,-1.56,3.12,1,14.36,14.00,8,14.69,176,0.29,0.29,822,0.00,1.00,0,0.5000,14.50,99,0,0.00,2,7.11,3.98,3.92,14.60
273360,-1.56,3.12,1,14.36,14.00,8,14.69,176,0.28,0.29,820,0.00,1.00,0,0.5000,16.00,99,0,0.00,2,7.11,3.92,3.92,14.40
273464,-2.34,3.12,1,14.36,14.00,8,14.69,176,0.28,0.28,818,0.00,1.00,0,0.5000,16.00,99,0,0.00,2,7.11,3.87,3.92,14.50
273568,-2.34,3.12,1,14.36,13.84,8,14.69,176,0.28,0.29,808,0.00,1.00,0,0.5000,16.50,99,0,0.00,2,7.11,3.90,3.92,14.40
273672,-2.34,3.12,1,14.36,13.92,8,14.69,176,0.28,0.29,804,0.00,1.00,0,0.5000,17.00,99,0,0.00,2,7.11,3.87,3.92,14.40
273776,-3.12,3.12,1,14.36,14.00,8,14.69,176,0.28,0.29,786,0.00,1.00,0,0.5000,17.00,99,0,0.00,2,7.11,3.90,3.92,14.30
273880,-3.12,3.12,1,14.36,13.92,8,14.69,176,0.29,0.30,782,0.00,1.00,0,0.5000,17.00,99,0,0.00,2,7.11,3.87,3.92,14.30
273984,-3.12,3.12,1,14.36,13.92,8,14.69,176,0.29,0.30,776,0.00,1.00,0,0.5000,17.00,99,0,0.00,2,7.11,3.87,3.92,14.20
274088,-3.12,3.12,1,14.36,13.92,8,14.69,176,0.29,0.30,757,0.00,1.00,0,0.5000,17.50,99,0,0.00,2,7.11,3.82,3.92,14.30
274192,-3.12,3.12,1,14.36,13.92,8,14.69,176,0.29,0.31,759,0.00,1.00,0,0.5000,18.00,99,0,0.00,2,7.11,3.87,3.92,14.30
274297,-3.12,3.12,1,14.36,13.92,8,14.69,176,0.29,0.31,768,0.00,1.00,0,0.5000,17.00,99,0,0.00,2,7.25,3.82,3.92,14.30
274401,-3.12,3.12,1,14.36,13.60,8,14.69,176,0.29,0.30,771,0.00,1.00,0,0.5000,17.00,99,0,0.00,2,7.25,3.85,5.10,14.30
274504,-3.91,3.12,1,14.36,13.44,8,14.69,176,0.30,0.30,768,0.00,1.00,0,0.5000,17.00,99,0,0.00,2,7.25,3.90,5.10,14.30
274608,-3.91,3.12,1,14.36,14.00,8,14.69,176,0.31,0.36,775,0.00,0.91,0,0.5000,17.00,99,0,0.00,2,7.69,4.55,5.10,14.30
274712,-3.91,3.12,1,14.36,13.76,8,14.69,176,0.34,0.38,722,0.00,0.88,0,0.5000,20.00,99,0,0.00,2,7.98,4.63,5.10,14.50
274816,-3.91,3.12,1,14.36,13.84,8,14.69,176,0.34,0.37,749,0.00,1.00,0,0.5000,18.00,99,0,0.00,2,8.42,4.63,5.49,14.50
274920,-3.91,3.12,1,14.36,13.84,8,14.69,176,0.36,0.38,750,0.00,0.99,0,0.5000,18.50,99,0,0.00,2,8.56,4.81,5.49,14.50
275025,-3.12,3.12,1,14.36,13.92,8,14.69,176,0.37,0.41,716,0.00,0.91,0,0.5000,20.50,99,0,0.00,2,8.85,4.84,5.49,14.50
275128,-2.34,3.12,1,14.36,13.92,8,14.69,176,0.38,0.41,713,0.00,0.99,0,0.5000,20.50,100,0,0.00,2,9.00,4.78,5.49,15.10
275232,-1.56,3.12,1,14.36,13.76,8,14.69,176,0.38,0.39,750,0.00,0.99,0,0.5000,17.00,100,0,0.00,2,9.14,4.84,5.49,15.10
275337,-0.78,3.12,1,14.36,13.92,8,14.69,176,0.38,0.37,773,0.00,0.99,0,0.5000,17.00,100,0,0.00,2,9.29,4.81,5.49,15.30
275440,0.00,3.12,1,14.36,13.92,8,14.69,176,0.37,0.36,788,0.00,0.99,0,0.5000,16.00,100,0,0.00,2,9.29,4.78,5.49,15.50
275544,0.00,3.12,1,14.36,14.00,8,14.69,176,0.37,0.37,792,0.00,0.99,0,0.5000,16.00,100,0,0.00,2,9.14,4.87,5.49,15.50
275649,0.78,3.12,1,14.36,13.92,8,14.69,176,0.37,0.36,811,0.00,1.00,0,0.5000,15.00,100,0,0.00,2,9.14,4.90,5.49,15.90
275753,2.34,3.12,1,14.36,13.84,8,14.69,176,0.37,0.36,816,0.00,1.00,0,0.5000,15.00,100,0,0.00,2,9.00,4.99,5.49,15.80
275856,2.34,3.12,1,14.36,13.92,8,14.69,176,0.37,0.37,833,0.00,1.00,0,0.5000,15.00,100,0,0.00,2,9.00,5.02,5.49,15.90
275961,3.12,3.12,1,14.36,13.92,8,14.69,176,0.36,0.36,827,0.00,1.00,0,0.5000,13.50,100,0,0.00,2,8.85,4.99,5.49,16.00
276065,3.91,3.12,1,14.36,14.00,8,14.68,176,0.37,0.37,843,0.00,1.00,0,0.5000,14.50,100,0,0.00,2,8.85,5.15,5.49,15.80
276168,3.91,3.12,1,14.36,14.00,8,14.68,176,0.36,0.36,854,0.00,1.00,0,0.5000,13.00,100,0,0.00,2,8.85,5.15,5.49,15.70
276272,3.91,3.12,1,14.36,13.92,8,14.68,176,0.36,0.36,876,0.00,1.00,0,0.5000,13.00,100,0,0.00,2,8.71,5.18,5.49,15.80
276377,3.91,3.12,1,14.36,13.92,8,14.68,176,0.36,0.35,867,0.00,1.00,0,0.5000,12.50,100,0,0.00,2,8.71,5.15,5.49,15.50
276481,3.91,3.12,1,14.36,14.00,8,14.67,176,0.35,0.35,880,0.00,1.00,0,0.5000,13.00,100,0,0.00,2,8.56,5.12,5.49,15.40
276585,3.91,3.12,1,14.36,13.92,8,14.68,176,0.35,0.34,874,0.00,1.00,0,0.5000,12.50,100,0,0.00,2,8.56,4.96,5.49,15.30
276688,3.91,3.12,1,14.36,13.92,8,14.67,176,0.35,0.35,882,0.00,1.00,0,0.5000,14.00,100,0,0.00,2,8.56,5.09,5.49,15.10
276793,3.91,3.12,1,14.36,14.00,8,14.67,176,0.35,0.35,880,0.00,1.00,0,0.5000,13.00,100,0,0.00,2,8.42,5.24,5.49,15.00
276897,3.91,3.12,1,14.36,13.84,8,14.67,176,0.35,0.36,896,0.00,1.00,0,0.5000,13.50,100,0,0.00,2,8.42,5.15,5.49,14.70
277001,3.91,3.12,1,14.36,13.84,8,14.67,176,0.35,0.35,886,0.00,1.00,0,0.5000,14.50,100,0,0.00,2,8.42,5.27,5.49,15.10
277105,3.91,3.12,1,14.36,13.92,8,14.67,176,0.35,0.36,901,0.00,1.00,0,0.5000,13.50,100,0,0.00,2,8.42,5.24,5.49,14.90
277209,3.91,3.12,1,14.36,13.92,8,14.67,176,0.35,0.35,901,0.00,1.00,0,0.5000,13.50,100,0,0.00,2,8.42,5.27,5.49,14.90
277313,3.91,3.12,1,14.36,14.00,8,14.67,176,0.34,0.34,918,0.00,1.00,0,0.5000,13.00,100,0,0.00,2,8.27,5.15,5.49,14.70
277417,3.91,3.12,1,14.36,14.00,8,14.66,176,0.34,0.34,926,0.00,1.00,0,0.5000,13.00,100,0,0.00,2,8.27,5.24,5.49,14.80
277521,3.91,3.12,1,14.36,13.84,8,14.67,176,0.34,0.34,922,0.00,1.00,0,0.5000,13.00,100,0,0.00,2,8.13,5.15,5.49,14.70
277625,3.91,3.12,1,14.36,13.84,8,14.66,176,0.33,0.32,930,0.00,1.00,0,0.5000,13.50,100,0,0.00,2,8.13,4.87,5.49,15.30
277729,3.12,3.12,1,14.36,13.92,8,14.67,176,0.33,0.32,907,0.00,1.00,0,0.5000,16.00,100,0,0.00,2,8.13,4.93,5.49,14.40
277833,3.12,3.12,1,14.36,14.00,8,14.67,176,0.33,0.33,925,0.00,1.00,0,0.5000,14.50,100,0,0.00,2,8.13,5.12,5.49,14.50
277937,3.12,3.12,1,14.36,14.00,8,14.67,176,0.33,0.34,922,0.00,1.00,0,0.5000,16.00,100,0,0.00,2,7.98,5.12,5.49,14.50
278041,3.12,3.12,1,14.36,13.92,8,14.67,176,0.33,0.34,910,0.00,1.00,0,0.5000,16.00,100,0,0.00,2,7.98,5.15,5.49,14.40
278146,3.12,3.12,1,14.36,13.84,8,14.66,176,0.33,0.33,928,0.00,1.00,0,0.5000,16.00,100,0,0.00,2,7.98,5.12,5.49,14.50
278249,3.12,3.12,1,14.36,13.92,8,14.67,176,0.33,0.34,896,0.00,1.00,0,0.5000,17.00,100,0,0.00,2,7.98,5.12,5.49,14.40
278353,3.12,3.12,1,14.36,13.92,8,14.67,176,0.33,0.49,916,0.00,1.00,0,0.5000,16.00,100,0,0.00,2,7.98,4.99,5.49,14.40
278457,3.12,3.12,1,14.36,13.92,8,14.67,176,0.33,0.32,910,0.00,1.00,0,0.5000,16.50,100,0,0.00,2,7.98,4.87,5.49,14.50
278561,2.34,3.12,1,14.36,13.76,8,14.67,176,0.32,0.32,915,0.00,1.00,0,0.5000,16.00,100,0,0.00,2,7.84,4.93,5.49,14.50
278665,2.34,3.12,1,14.36,13.92,8,14.66,176,0.32,0.32,926,0.00,1.00,0,0.5000,16.50,100,0,0.00,2,7.84,4.87,5.10,14.50
278770,2.34,3.12,1,14.36,13.84,8,14.67,176,0.32,0.32,910,0.00,1.00,0,0.5000,16.50,100,0,0.00,2,7.84,4.93,5.10,14.40
278873,1.56,3.12,1,14.36,13.92,8,14.67,176,0.32,0.32,922,0.00,1.00,0,0.5000,16.50,100,0,0.00,2,7.84,4.93,5.10,14.40
278977,1.56,3.12,1,14.36,13.92,8,14.67,176,0.32,0.32,910,0.00,1.00,0,0.5000,17.00,100,0,0.00,2,7.84,4.84,5.10,14.30
279081,1.56,3.12,1,14.36,14.00,8,14.67,176,0.32,0.31,908,0.00,1.00,0,0.5000,17.00,100,0,0.00,2,7.84,4.75,5.10,14.30
279185,1.56,3.12,1,14.36,13.84,8,14.67,176,0.32,0.33,904,0.00,1.00,0,0.5000,17.00,100,0,0.00,2,7.84,4.90,5.10,14.40
279289,1.56,3.12,1,14.36,13.92,8,14.67,176,0.32,0.32,890,0.00,1.00,0,0.5000,17.00,100,0,0.00,2,7.84,4.87,5.10,14.40
279393,1.56,3.12,1,14.36,14.00,8,14.67,176,0.32,0.32,886,0.00,1.00,0,0.5000,17.00,100,0,0.00,2,7.84,4.75,5.10,14.40
279497,1.56,3.12,1,14.36,14.00,8,14.68,176,0.32,0.33,874,0.00,1.00,0,0.5000,17.00,100,0,0.00,2,7.84,4.81,5.10,14.50
279601,1.56,3.12,1,14.36,13.92,8,14.68,176,0.32,0.34,877,0.00,1.00,0,0.5000,18.50,100,0,0.00,2,7.84,4.81,5.10,14.40
279705,1.56,3.12,1,14.36,13.92,8,14.68,176,0.32,0.32,861,0.00,1.00,0,0.5000,18.00,100,0,0.00,2,7.84,4.69,5.10,14.50
279809,1.56,3.12,1,14.36,13.92,8,14.68,176,0.32,0.32,872,0.00,1.00,0,0.5000,18.00,100,0,0.00,2,7.84,4.63,5.10,14.50
279913,1.56,3.12,1,14.36,13.92,8,14.68,176,0.32,0.32,852,0.00,1.00,0,0.5000,17.50,100,0,0.00,2,7.84,4.61,5.10,14.50
280017,1.56,3.12,1,14.36,14.00,8,14.68,176,0.32,0.33,854,0.00,1.00,0,0.5000,19.00,100,0,0.00,2,7.98,4.69,5.10,14.50
280121,1.56,3.12,1,14.36,14.00,8,14.68,176,0.32,0.33,848,0.00,1.00,0,0.5000,18.00,100,0,0.00,2,7.98,4.69,4.71,14.60
280225,0.78,3.12,1,14.36,13.92,8,14.68,176,0.32,0.32,853,0.00,1.00,0,0.5000,18.50,100,0,0.00,2,7.98,4.52,5.10,14.50
280329,1.56,3.12,1,14.36,13.84,8,14.68,176,0.32,0.31,841,0.00,1.00,0,0.5000,17.50,100,0,0.00,2,7.98,4.39,5.10,14.60
280433,1.56,3.12,1,14.36,13.92,8,14.68,176,0.32,0.31,852,0.00,1.00,0,0.5000,18.00,100,0,0.00,2,7.98,4.41,5.10,14.50
280537,1.56,3.12,1,14.36,13.92,8,14.68,176,0.32,0.33,835,0.00,1.00,0,0.5000,18.50,100,0,0.00,2,7.98,4.58,4.71,14.60
280641,1.56,3.12,1,14.36,14.00,8,14.69,176,0.32,0.34,822,0.00,1.00,0,0.5000,19.50,100,0,0.00,2,7.98,4.61,5.10,14.80
280745,1.56,3.12,1,14.36,13.84,8,14.69,176,0.32,0.34,830,0.00,1.00,0,0.5000,18.50,100,0,0.00,2,7.98,4.61,4.71,14.80
280850,1.56,3.12,1,14.36,13.84,8,14.69,176,0.33,0.33,814,0.00,1.00,0,0.5000,19.00,100,0,0.00,2,8.13,4.58,4.71,14.70
280954,2.34,3.12,1,14.36,13.92,8,14.69,176,0.33,0.34,825,0.00,1.00,0,0.5000,19.00,100,0,0.00,2,8.13,4.61,4.71,14.80
281058,2.34,3.12,1,14.36,13.92,8,14.69,176,0.33,0.34,814,0.00,1.00,0,0.5000,18.50,100,0,0.00,2,8.13,4.58,4.71,15.00
281162,2.34,3.12,1,14.36,13.92,8,14.69,178,0.33,0.34,810,0.00,1.00,0,0.5000,19.00,100,0,0.00,2,8.13,4.58,4.71,14.90
281266,2.34,3.12,1,14.36,13.84,8,14.69,178,0.33,0.33,822,0.00,1.00,0,0.5000,17.50,100,0,0.00,2,8.13,4.52,5.10,14.90
281369,2.34,3.12,1,14.36,13.84,8,14.69,178,0.33,0.34,810,0.00,1.00,0,0.5000,18.50,100,0,0.00,2,8.13,4.63,4.71,14.90
281473,2.34,3.12,1,14.36,14.00,8,14.69,178,0.34,0.35,820,0.00,1.00,0,0.5000,18.00,100,0,0.00,2,8.13,4.72,4.71,14.80
281577,2.34,3.12,1,14.36,13.92,8,14.69,178,0.34,0.34,812,0.00,1.00,0,0.5000,17.50,100,0,0.00,2,8.27,4.63,4.71,14.90
281681,2.34,3.12,1,14.36,13.92,8,14.68,178,0.33,0.34,836,0.00,1.00,0,0.5000,17.00,100,0,0.00,2,8.13,4.66,4.71,14.90
281786,2.34,3.12,1,14.36,14.00,8,14.69,178,0.33,0.32,824,0.00,1.00,0,0.5000,17.00,100,0,0.00,2,8.13,4.50,4.71,14.80
281889,2.34,3.12,1,14.36,13.76,8,14.69,178,0.33,0.34,817,0.00,1.00,0,0.5000,17.00,100,0,0.00,2,8.13,4.61,5.10,14.70
281994,2.34,3.12,1,14.36,13.92,8,14.69,178,0.33,0.34,832,0.00,1.00,0,0.5000,17.00,100,0,0.00,2,8.13,4.72,4.71,14.80
282098,2.34,3.12,1,14.36,13.92,8,14.69,178,0.34,0.34,821,0.00,1.00,0,0.5000,17.00,100,0,0.00,2,8.13,4.72,5.10,14.80
282202,2.34,3.12,1,14.36,13.92,8,14.68,178,0.34,0.34,836,0.00,1.00,0,0.5000,17.00,100,0,0.00,2,8.13,4.66,4.71,14.70
282306,2.34,3.12,1,14.36,14.00,8,14.69,178,0.34,0.34,820,0.00,1.00,0,0.5000,17.00,100,0,0.00,2,8.13,4.72,5.10,14.60
282410,1.56,3.12,1,14.36,13.84,8,14.68,178,0.34,0.34,846,0.00,1.00,0,0.5000,17.00,100,0,0.00,2,8.13,4.69,5.10,14.60
282513,1.56,3.12,1,14.36,13.92,8,14.69,178,0.33,0.33,827,0.00,1.00,0,0.5000,17.00,100,0,0.00,2,8.13,4.55,5.10,14.60
282617,1.56,3.12,1,14.36,13.92,8,14.68,178,0.33,0.33,840,0.00,1.00,0,0.5000,17.00,100,0,0.00,2,8.13,4.61,5.10,14.50
282722,1.56,3.12,1,14.36,13.92,8,14.68,178,0.33,0.33,844,0.00,1.00,0,0.5000,16.50,100,0,0.00,2,8.13,4.63,5.10,14.50
282825,1.56,3.12,1,14.36,13.92,8,14.69,178,0.33,0.34,830,0.00,1.00,0,0.5000,17.00,100,0,0.00,2,8.13,4.75,5.10,14.60
282930,1.56,3.12,1,14.36,13.76,8,14.69,178,0.34,0.34,828,0.00,1.00,0,0.5000,17.00,100,0,0.00,2,8.13,4.72,4.71,14.40
283034,1.56,3.12,1,14.36,13.92,8,14.69,178,0.34,0.35,818,0.00,1.00,0,0.5000,17.00,100,0,0.00,2,8.13,4.81,4.71,14.50
283137,1.56,3.12,1,14.36,14.00,8,14.69,178,0.34,0.34,823,0.00,1.00,0,0.5000,17.00,100,0,0.00,2,8.13,4.69,5.10,14.40
283242,1.56,3.12,1,14.36,13.92,8,14.69,178,0.34,0.34,815,0.00,1.00,0,0.5000,17.00,100,0,0.00,2,8.13,4.66,5.10,14.60
283346,1.56,3.12,1,14.36,14.00,8,14.69,178,0.34,0.35,834,0.00,1.00,0,0.5000,17.00,100,0,0.00,2,8.13,4.78,5.10,14.60
283449,1.56,3.12,1,14.36,13.92,8,14.68,178,0.34,0.33,836,0.00,1.00,0,0.5000,17.00,100,0,0.00,2,8.13,4.63,4.71,14.70
283554,0.78,3.12,1,14.36,13.92,8,14.69,178,0.34,0.34,820,0.00,1.00,0,0.5000,17.00,100,0,0.00,2,8.13,4.61,5.10,14.60
283658,0.78,3.12,1,14.36,13.84,8,14.69,178,0.33,0.33,832,0.00,1.00,0,0.5000,17.00,100,0,0.00,2,8.13,4.52,4.71,14.50
283762,0.78,3.12,1,14.36,13.84,8,14.69,178,0.33,0.33,812,0.00,1.00,0,0.5000,17.00,100,0,0.00,2,8.13,4.55,5.10,14.60
283866,0.78,3.12,1,14.36,14.00,8,14.69,178,0.33,0.34,825,0.00,1.00,0,0.5000,17.00,100,0,0.00,2,8.13,4.63,4.71,14.50
283970,0.78,3.12,1,14.36,13.92,8,14.69,178,0.34,0.34,811,0.00,1.00,0,0.5000,17.00,100,0,0.00,2,8.13,4.63,4.71,14.50
284074,0.78,3.91,1,14.36,13.92,8,14.69,178,0.34,0.35,818,0.00,1.00,0,0.5000,17.00,100,0,0.00,2,8.27,4.66,4.71,14.50
284178,0.78,3.91,1,14.36,13.84,8,14.69,178,0.33,0.33,824,0.00,1.00,0,0.5000,17.00,100,0,0.00,2,8.27,4.50,5.10,14.50
284282,0.78,3.91,1,14.36,13.76,8,14.69,178,0.33,0.33,824,0.00,1.00,0,0.5000,17.00,100,0,0.00,2,8.27,4.58,4.71,14.60
284386,0.78,3.91,1,14.36,13.68,8,14.69,178,0.33,0.34,823,0.00,1.00,0,0.5000,17.00,100,0,0.00,2,8.27,4.58,5.10,14.60
284490,0.78,3.91,1,14.36,14.00,8,14.69,178,0.34,0.34,818,0.00,1.00,0,0.5000,17.00,100,0,0.00,2,8.27,4.69,5.10,14.40
284594,0.78,3.91,1,14.36,14.00,8,14.69,178,0.34,0.34,813,0.00,1.00,0,0.5000,17.00,100,0,0.00,2,8.27,4.61,5.10,14.60
284698,0.78,3.91,1,14.36,13.92,8,14.69,178,0.34,0.35,806,0.00,1.00,0,0.5000,17.00,100,0,0.00,2,8.27,4.72,5.10,14.80
284802,0.78,3.91,1,14.36,13.84,8,14.69,178,0.34,0.36,800,0.00,1.00,0,0.5000,17.50,100,0,0.00,2,8.27,4.81,5.10,14.70
284905,1.56,3.91,1,14.36,13.84,8,14.69,178,0.35,0.35,822,0.00,1.00,0,0.5000,17.00,100,0,0.00,2,8.27,4.78,5.10,14.80
285009,1.56,3.91,1,14.36,13.92,8,14.69,178,0.34,0.35,821,0.00,1.00,0,0.5000,17.00,100,0,0.00,2,8.27,4.78,5.10,14.70
285114,1.56,3.91,1,14.36,14.00,8,14.68,178,0.34,0.34,837,0.00,1.00,0,0.5000,17.00,100,0,0.00,2,8.27,4.72,5.10,14.80
285218,1.56,3.91,1,14.36,14.00,8,14.69,178,0.34,0.34,822,0.00,1.00,0,0.5000,16.50,100,0,0.00,2,8.27,4.72,5.10,14.80
285322,1.56,3.91,1,14.36,13.92,8,14.68,178,0.34,0.34,845,0.00,1.00,0,0.5000,16.50,100,0,0.00,2,8.27,4.66,5.10,14.70
285426,1.56,3.91,1,14.36,14.00,8,14.68,178,0.33,0.33,846,0.00,1.00,0,0.5000,16.00,100,0,0.00,2,8.13,4.66,5.10,14.70
285530,0.78,3.91,1,14.36,13.92,8,14.68,178,0.33,0.34,857,0.00,1.00,0,0.5000,16.50,100,0,0.00,2,8.13,4.75,5.10,15.20
285634,0.78,3.91,1,14.36,13.92,8,14.68,178,0.33,0.33,854,0.00,1.00,0,0.5000,16.00,100,0,0.00,2,8.13,4.69,5.10,14.60
285738,0.78,3.91,1,14.36,13.92,8,14.69,178,0.34,0.35,831,0.00,1.00,0,0.5000,17.00,100,0,0.00,2,8.13,4.78,5.10,14.60
285842,0.78,3.91,1,14.36,13.84,8,14.68,178,0.34,0.34,846,0.00,1.00,0,0.5000,16.50,100,0,0.00,2,8.13,4.78,5.10,14.60
285947,0.78,3.91,1,14.36,13.84,8,14.69,178,0.34,0.34,834,0.00,1.00,0,0.5000,17.00,100,0,0.00,2,8.13,4.78,5.10,14.60
286050,0.78,3.91,1,14.36,13.92,8,14.68,178,0.34,0.35,839,0.00,1.00,0,0.5000,17.00,100,0,0.00,2,8.13,4.84,5.10,14.50
286154,0.78,3.91,1,14.36,14.00,8,14.68,178,0.34,0.35,840,0.00,1.00,0,0.5000,16.50,100,0,0.00,2,8.13,4.87,5.10,14.50
286258,0.78,3.91,1,14.36,13.84,8,14.68,178,0.34,0.35,851,0.00,1.00,0,0.5000,17.00,100,0,0.00,2,8.13,4.72,5.10,14.60
286362,0.78,3.91,1,14.36,13.92,8,14.68,178,0.34,0.33,848,0.00,1.00,0,0.5000,16.50,100,0,0.00,2,8.13,4.75,5.10,14.60
286466,0.78,3.91,1,14.36,13.84,8,14.68,178,0.33,0.33,849,0.00,1.00,0,0.5000,16.50,100,0,0.00,2,7.98,4.66,5.10,14.50
286570,0.78,3.91,1,14.36,14.00,8,14.68,178,0.33,0.33,843,0.00,1.00,0,0.5000,16.50,100,0,0.00,2,8.13,4.72,5.10,14.60
286674,0.00,3.91,1,14.36,14.00,8,14.68,178,0.34,0.35,844,0.00,1.00,0,0.5000,17.00,100,0,0.00,2,8.13,4.84,5.10,14.60
286778,0.00,3.91,1,14.36,13.92,8,14.68,178,0.33,0.33,841,0.00,1.00,0,0.5000,16.50,100,0,0.00,2,8.13,4.63,5.10,14.60
286881,0.00,3.91,1,14.36,13.84,8,14.68,178,0.33,0.34,840,0.00,1.00,0,0.5000,17.00,100,0,0.00,2,8.13,4.72,5.10,14.60
286986,0.00,3.91,1,14.36,13.84,8,14.68,178,0.34,0.34,842,0.00,1.00,0,0.5000,17.00,100,0,0.00,2,8.13,4.78,5.10,14.50
287090,0.00,3.91,1,14.36,13.92,8,14.69,178,0.34,0.34,832,0.00,1.00,0,0.5000,17.00,100,0,0.00,2,8.13,4.75,5.10,14.60
287194,0.00,3.91,1,14.36,13.84,8,14.69,178,0.34,0.35,830,0.00,1.00,0,0.5000,17.00,100,0,0.00,2,8.13,4.78,5.10,14.60
287298,0.00,3.91,1,14.36,13.92,8,14.69,178,0.34,0.34,824,0.00,1.00,0,0.5000,17.00,100,0,0.00,2,8.13,4.78,5.10,14.60
287402,0.00,3.91,1,14.36,13.92,8,14.68,178,0.34,0.34,835,0.00,1.00,0,0.5000,17.00,100,0,0.00,2,8.13,4.55,5.10,14.60
287506,0.00,3.91,1,14.36,13.92,8,14.69,178,0.33,0.33,832,0.00,1.00,0,0.5000,17.00,100,0,0.00,2,8.13,4.61,5.10,14.40
287609,0.00,3.91,1,14.36,13.84,8,14.68,178,0.33,0.33,836,0.00,1.00,0,0.5000,17.00,100,0,0.00,2,8.13,4.58,5.10,14.70
287714,0.00,3.91,1,14.36,13.92,8,14.69,178,0.33,0.33,826,0.00,1.00,0,0.5000,17.00,100,0,0.00,2,8.13,4.58,5.10,14.70
287818,0.00,3.91,1,14.36,13.92,8,14.69,178,0.33,0.34,822,0.00,1.00,0,0.5000,17.00,100,0,0.00,2,8.13,4.66,5.10,14.50
287922,0.00,3.91,1,14.36,13.92,8,14.68,178,0.33,0.34,838,0.00,1.00,0,0.5000,17.00,100,0,0.00,2,8.13,4.69,5.10,14.50
288026,0.00,3.91,1,14.36,13.84,8,14.68,178,0.33,0.34,836,0.00,1.00,0,0.5000,17.00,100,0,0.00,2,8.13,4.69,5.10,14.50
288129,0.78,3.91,1,14.36,13.84,8,14.68,178,0.33,0.35,844,0.00,1.00,0,0.5000,16.50,100,0,0.00,2,8.13,4.78,5.10,14.70
288234,0.78,3.91,1,14.36,13.84,8,14.68,178,0.34,0.34,838,0.00,1.00,0,0.5000,17.00,100,0,0.00,2,8.13,4.81,5.10,14.80
288338,0.78,3.91,1,14.36,14.00,8,14.68,178,0.33,0.33,846,0.00,1.00,0,0.5000,16.50,100,0,0.00,2,8.13,4.58,5.10,14.80
288442,0.78,3.91,1,14.36,13.84,8,14.68,178,0.33,0.32,839,0.00,1.00,0,0.5000,16.50,100,0,0.00,2,8.13,4.58,5.10,14.90
288546,0.78,3.91,1,14.36,13.92,8,14.69,178,0.33,0.33,832,0.00,1.00,0,0.5000,17.00,100,0,0.00,2,8.13,4.61,5.10,14.90
288650,0.78,3.91,1,14.36,13.92,8,14.69,178,0.33,0.34,821,0.00,1.00,0,0.5000,17.00,100,0,0.00,2,8.13,4.69,5.10,15.10
288754,0.78,3.91,1,14.36,13.92,8,14.69,178,0.34,0.35,828,0.00,1.00,0,0.5000,17.00,100,0,0.00,2,8.13,4.78,5.10,14.80
288858,0.78,3.91,1,14.36,13.92,8,14.69,178,0.34,0.34,826,0.00,1.00,0,0.5000,17.00,100,0,0.00,2,8.13,4.72,5.10,14.80
288962,0.78,3.91,1,14.36,13.92,8,14.69,178,0.34,0.36,818,0.00,1.00,0,0.5000,17.00,100,0,0.00,2,8.13,4.84,5.10,14.80
289065,0.78,3.91,1,14.36,13.84,8,14.69,178,0.34,0.35,823,0.00,1.00,0,0.5000,17.00,100,0,0.00,2,8.27,4.72,5.10,14.80
289171,0.78,3.91,1,14.36,13.92,8,14.69,178,0.34,0.35,826,0.00,1.00,0,0.5000,17.00,100,0,0.00,2,8.27,4.72,5.10,14.70
289274,0.78,3.91,1,14.36,13.92,8,14.68,178,0.34,0.34,840,0.00,1.00,0,0.5000,17.00,100,0,0.00,2,8.27,4.78,5.10,14.80
289379,0.78,3.91,1,14.36,13.92,8,14.69,178,0.34,0.34,832,0.00,1.00,0,0.5000,16.50,100,0,0.00,2,8.13,4.72,5.10,14.70
289482,0.78,3.91,1,14.36,14.00,8,14.68,178,0.34,0.34,842,0.00,1.00,0,0.5000,17.00,100,0,0.00,2,8.13,4.69,5.10,14.70
289586,0.78,3.91,1,14.36,13.92,8,14.69,178,0.34,0.33,833,0.00,1.00,0,0.5000,16.50,100,0,0.00,2,8.13,4.69,5.10,14.60
289690,0.78,3.91,1,14.36,13.92,8,14.68,178,0.34,0.34,851,0.00,1.00,0,0.5000,17.00,100,0,0.00,2,8.13,4.75,5.10,14.70
289794,0.78,3.91,1,14.36,13.84,8,14.68,178,0.33,0.33,858,0.00,1.00,0,0.5000,16.00,100,0,0.00,2,8.13,4.75,5.10,14.70
289898,0.78,3.91,1,14.36,13.92,8,14.68,178,0.33,0.33,842,0.00,1.00,0,0.5000,17.00,100,0,0.00,2,7.98,4.66,5.10,14.80
290002,0.00,3.91,1,14.36,13.92,8,14.68,178,0.33,0.33,847,0.00,1.00,0,0.5000,16.50,100,0,0.00,2,7.98,4.66,5.10,14.50
290106,0.00,3.91,1,14.36,13.92,8,14.69,178,0.33,0.34,822,0.00,1.00,0,0.5000,17.00,100,0,0.00,2,8.13,4.72,5.10,14.60
290210,0.00,3.91,1,14.36,13.84,8,14.69,178,0.34,0.34,830,0.00,1.00,0,0.5000,17.00,100,0,0.00,2,8.13,4.69,5.10,14.50
290314,0.00,3.91,1,14.36,13.92,8,14.69,178,0.33,0.34,822,0.00,1.00,0,0.5000,17.00,100,0,0.00,2,8.13,4.66,5.10,14.50
290419,0.00,3.91,1,14.36,14.00,8,14.68,178,0.33,0.34,836,0.00,1.00,0,0.5000,17.00,100,0,0.00,2,8.13,4.63,5.10,14.60
290522,0.00,3.91,1,14.36,14.00,8,14.69,178,0.34,0.34,832,0.00,1.00,0,0.5000,17.00,100,0,0.00,2,8.13,4.72,5.10,14.50
290626,0.78,3.91,1,14.36,13.92,8,14.68,178,0.33,0.35,837,0.00,1.00,0,0.5000,17.00,100,0,0.00,2,8.13,4.78,3.14,14.70
290730,0.00,3.91,1,14.36,13.84,8,14.68,178,0.32,0.30,865,0.00,1.07,0,0.5000,10.00,100,0,0.00,2,7.69,4.30,3.92,14.70
290834,0.00,3.91,1,14.36,13.92,8,14.68,178,0.30,0.27,863,0.00,1.07,0,0.5000,10.00,100,0,0.00,2,7.40,3.87,3.92,14.70
290938,0.00,3.91,1,14.36,13.92,8,14.68,178,0.29,0.27,852,0.00,1.00,0,0.5000,10.00,100,0,0.00,2,7.11,3.92,3.92,14.80
291042,0.00,3.91,1,14.36,13.92,8,14.69,178,0.28,0.28,831,0.00,1.00,0,0.5000,17.00,100,0,0.00,2,6.96,3.90,3.92,14.70
291146,-0.78,3.91,1,14.36,13.92,8,14.68,178,0.28,0.26,866,0.00,1.00,0,0.5000,16.00,100,0,0.00,2,6.96,3.77,3.92,14.50
291250,-0.78,3.91,1,14.36,13.92,8,14.68,178,0.27,0.27,852,0.00,1.00,0,0.5000,16.50,100,0,0.00,2,6.82,3.87,3.92,14.40
291355,-1.56,3.91,1,14.36,13.92,8,14.68,178,0.27,0.27,849,0.00,1.00,0,0.5000,17.00,100,0,0.00,2,6.67,3.82,3.92,14.30
291458,-2.34,3.91,1,14.36,13.92,8,14.69,178,0.27,0.27,829,0.00,1.00,0,0.5000,17.00,100,0,0.00,2,6.67,3.77,3.92,14.20
291562,-3.12,3.91,1,14.36,13.92,8,14.68,178,0.27,0.28,835,0.00,1.00,0,0.5000,17.00,100,0,0.00,2,6.67,3.79,3.92,14.10
291666,-3.12,3.91,1,14.36,13.92,8,14.69,178,0.27,0.27,812,0.00,1.00,0,0.5000,17.00,100,0,0.00,2,6.67,3.70,3.92,14.00
291771,-3.91,3.91,1,14.36,13.84,8,14.69,178,0.27,0.27,819,0.00,1.00,0,0.5000,17.50,100,0,0.00,2,6.67,3.67,3.92,13.80
291874,-4.69,3.91,1,14.36,14.00,8,14.69,178,0.27,0.27,793,0.00,1.00,0,0.5000,17.50,100,0,0.00,2,6.82,3.72,3.92,13.80
291977,-5.47,3.91,1,14.36,13.84,8,14.69,178,0.27,0.29,781,0.00,1.00,0,0.5000,20.00,100,0,0.00,2,6.82,3.75,3.53,13.70
292082,-5.47,3.91,1,14.36,13.92,8,14.69,178,0.27,0.29,788,0.00,1.00,0,0.5000,19.00,100,0,0.00,2,6.82,3.75,3.53,13.60
292187,-5.47,3.91,1,14.36,13.92,8,14.69,178,0.27,0.29,773,0.00,1.00,0,0.5000,19.50,100,0,0.00,2,6.82,3.72,3.53,13.60
292290,-6.25,3.91,1,14.36,13.84,8,14.69,178,0.28,0.29,770,0.00,1.00,0,0.5000,20.00,100,0,0.00,2,6.96,3.67,3.53,13.70
292394,-6.25,3.91,1,14.36,13.92,8,14.69,178,0.28,0.28,784,0.00,1.00,0,0.5000,18.50,100,0,0.00,2,6.96,3.65,3.53,13.90
292499,-6.25,3.91,1,14.36,13.84,8,14.69,178,0.28,0.29,748,0.00,1.00,0,0.5000,20.50,100,0,0.00,2,6.96,3.62,3.53,13.80
292603,-6.25,3.91,1,14.36,13.92,8,14.69,178,0.28,0.29,745,0.00,1.00,0,0.5000,21.00,100,0,0.00,2,6.96,3.65,3.53,13.90
292707,-6.25,3.91,1,14.36,14.00,8,14.69,178,0.28,0.29,755,0.00,1.00,0,0.5000,20.50,100,0,0.00,2,6.96,3.70,3.53,14.00
292810,-7.03,3.91,1,14.36,13.92,8,14.69,178,0.28,0.29,751,0.00,1.00,0,0.5000,19.00,100,0,0.00,2,6.96,3.67,3.53,14.00
292915,-7.03,3.91,1,14.36,13.92,8,14.69,178,0.28,0.28,742,0.00,1.00,0,0.5000,20.00,100,0,0.00,2,7.11,3.57,3.53,14.10
293019,-7.03,3.91,1,14.36,13.92,8,14.69,178,0.28,0.29,746,0.00,1.00,0,0.5000,20.00,100,0,0.00,2,7.11,3.65,3.53,14.20
293122,-7.03,3.91,1,14.36,13.84,8,14.69,178,0.28,0.29,742,0.00,1.00,0,0.5000,19.50,100,0,0.00,2,7.11,3.57,3.53,14.40
293227,-7.03,3.91,1,14.36,13.92,8,14.69,178,0.28,0.29,736,0.00,1.00,0,0.5000,19.00,100,0,0.00,2,7.11,3.60,3.53,14.40
293331,-6.25,3.91,1,14.36,13.92,8,14.69,178,0.28,0.29,738,0.00,1.00,0,0.5000,19.00,100,0,0.00,2,7.11,3.60,3.53,14.50
293434,-7.03,3.91,1,14.36,14.00,8,14.69,178,0.29,0.30,745,0.00,1.00,0,0.5000,20.00,100,0,0.00,2,7.11,3.67,3.53,14.40
293538,-7.03,3.91,1,14.36,13.84,8,14.69,178,0.29,0.30,734,0.00,1.00,0,0.5000,19.00,100,0,0.00,2,7.11,3.65,3.53,14.50
293642,-6.25,3.91,1,14.36,13.92,8,14.69,178,0.29,0.30,721,0.00,1.00,0,0.5000,20.00,100,0,0.00,2,7.25,3.67,3.53,14.60
293747,-7.03,3.91,1,14.36,13.92,8,14.69,178,0.29,0.29,740,0.00,1.00,0,0.5000,19.00,100,0,0.00,2,7.25,3.57,3.53,14.60
293851,-7.03,3.91,1,14.36,14.00,8,14.69,178,0.29,0.30,723,0.00,1.00,0,0.5000,19.00,100,0,0.00,2,7.25,3.62,3.53,14.60
293955,-7.03,3.91,1,14.36,13.92,8,14.69,178,0.29,0.30,727,0.00,1.00,0,0.5000,18.00,100,0,0.00,2,7.25,3.65,3.53,14.50
294059,-7.03,3.91,1,14.36,13.92,8,14.69,178,0.29,0.30,735,0.00,1.00,0,0.5000,17.50,100,0,0.00,2,7.25,3.65,3.53,14.60
294163,-7.03,3.91,1,14.36,13.92,8,14.69,178,0.29,0.29,727,0.00,1.00,0,0.5000,18.00,100,0,0.00,2,7.25,3.55,3.53,14.60
294267,-6.25,3.91,1,14.36,13.92,8,14.69,178,0.29,0.30,721,0.00,1.00,0,0.5000,18.00,100,0,0.00,2,7.25,3.57,3.53,14.70
294371,-6.25,3.91,1,14.36,13.84,8,14.69,178,0.29,0.29,712,0.00,1.00,0,0.5000,17.50,100,0,0.00,2,7.40,3.55,3.92,14.70
294474,-6.25,3.91,1,14.36,14.00,8,14.69,178,0.30,0.31,701,0.00,1.00,0,0.5000,19.50,100,0,0.00,2,7.40,3.67,3.92,14.80
294579,-6.25,3.91,1,14.36,13.84,8,14.69,178,0.30,0.31,734,0.00,1.00,0,0.5000,18.00,100,0,0.00,2,7.55,3.72,3.92,14.70
294683,-6.25,3.91,1,14.36,13.92,8,14.69,178,0.30,0.30,734,0.00,1.00,0,0.5000,17.00,100,0,0.00,2,7.55,3.70,3.92,14.70
294787,-6.25,3.91,1,14.36,13.84,8,14.69,178,0.30,0.30,727,0.00,1.00,0,0.5000,17.00,100,0,0.00,2,7.55,3.72,3.92,14.80
294891,-5.47,3.91,1,14.36,13.92,8,14.69,178,0.30,0.30,724,0.00,1.00,0,0.5000,17.00,100,0,0.00,2,7.55,3.67,3.92,14.80
294995,-5.47,3.91,1,14.36,13.92,8,14.69,178,0.30,0.32,708,0.00,1.00,0,0.5000,18.50,100,0,0.00,2,7.55,3.75,3.92,14.90
295099,-5.47,3.91,1,14.36,14.00,8,14.69,178,0.30,0.31,717,0.00,1.00,0,0.5000,17.50,100,0,0.00,2,7.55,3.70,3.92,14.90
295203,-4.69,3.91,1,14.36,13.84,8,14.69,178,0.30,0.31,718,0.00,1.00,0,0.5000,17.00,100,0,0.00,2,7.69,3.75,3.92,15.00
295307,-4.69,3.91,1,14.36,13.92,8,14.69,178,0.30,0.30,741,0.00,1.00,0,0.5000,17.00,100,0,0.00,2,7.69,3.70,3.92,15.10
295411,-4.69,3.91,1,14.36,13.92,8,14.69,178,0.30,0.31,742,0.00,1.00,0,0.5000,17.00,100,0,0.00,2,7.55,3.79,3.92,15.10
295515,-4.69,3.91,1,14.36,13.92,8,14.69,178,0.31,0.32,721,0.00,1.00,0,0.5000,17.00,100,0,0.00,2,7.69,3.85,3.92,15.10
295619,-3.91,3.91,1,14.36,14.00,8,14.69,178,0.30,0.30,748,0.00,1.00,0,0.5000,16.50,100,0,0.00,2,7.69,3.79,3.92,15.20
295723,-3.91,3.91,1,14.36,13.92,8,14.69,178,0.30,0.30,758,0.00,1.00,0,0.5000,16.50,100,0,0.00,2,7.55,3.82,3.92,15.10
295827,-3.91,3.91,1,14.36,13.84,8,14.69,178,0.30,0.30,782,0.00,1.00,0,0.5000,14.50,100,0,0.00,2,7.55,3.87,3.92,15.30
295931,-3.12,3.91,1,14.36,13.92,8,14.69,178,0.29,0.29,773,0.00,1.00,0,0.5000,15.00,100,0,0.00,2,7.40,3.82,3.92,15.20
296035,-3.12,3.91,1,14.36,13.92,8,14.69,178,0.29,0.29,786,0.00,1.00,0,0.5000,16.00,100,0,0.00,2,7.40,3.77,3.92,15.20
296139,-3.12,3.91,1,14.36,13.84,8,14.69,178,0.29,0.29,777,0.00,1.00,0,0.5000,16.00,100,0,0.00,2,7.40,3.77,3.92,15.30
296243,-3.12,3.12,1,14.36,13.92,8,14.69,178,0.29,0.29,785,0.00,1.00,0,0.5000,15.00,100,0,0.00,2,7.25,3.82,3.92,15.20
296347,-3.12,3.12,1,14.36,13.84,8,14.69,178,0.29,0.30,783,0.00,1.00,0,0.5000,16.00,100,0,0.00,2,7.25,3.87,3.92,15.10
296450,-3.12,3.12,1,14.36,13.92,8,14.69,178,0.29,0.30,776,0.00,1.00,0,0.5000,16.50,100,0,0.00,2,7.25,3.87,3.92,15.10
296555,-3.12,3.12,1,14.36,13.92,8,14.69,178,0.29,0.30,775,0.00,1.00,0,0.5000,16.50,100,0,0.00,2,7.25,3.87,3.92,15.20
296659,-3.12,3.12,1,14.36,14.00,8,14.69,178,0.29,0.30,800,0.00,1.00,0,0.5000,16.00,100,0,0.00,2,7.25,3.87,3.92,15.00
296763,-3.12,3.12,1,14.36,13.92,8,14.69,178,0.29,0.29,784,0.00,1.00,0,0.5000,16.00,100,0,0.00,2,7.25,3.87,3.92,14.90
296868,-3.12,3.12,1,14.36,13.92,8,14.69,178,0.29,0.30,788,0.00,1.00,0,0.5000,16.00,100,0,0.00,2,7.25,3.92,3.92,15.00
296971,-3.12,3.12,1,14.36,13.84,8,14.69,178,0.29,0.29,804,0.00,1.00,0,0.5000,15.00,100,0,0.00,2,7.25,3.85,3.92,14.80
297075,-3.12,3.12,1,14.36,14.00,8,14.69,178,0.29,0.29,787,0.00,1.00,0,0.5000,16.00,100,0,0.00,2,7.11,3.92,3.92,14.90
297179,-3.12,3.12,1,14.36,13.92,8,14.69,178,0.29,0.29,789,0.00,1.00,0,0.5000,16.50,100,0,0.00,2,7.11,3.87,3.92,14.70
297283,-3.12,3.12,1,14.36,13.92,8,14.69,178,0.29,0.29,795,0.00,1.00,0,0.5000,16.50,100,0,0.00,2,7.11,3.85,3.92,14.80
297387,-3.12,3.12,1,14.36,13.92,8,14.69,178,0.29,0.29,778,0.00,1.00,0,0.5000,17.00,100,0,0.00,2,7.11,3.87,3.92,14.50
297491,-3.12,3.12,1,14.36,13.84,8,14.69,178,0.29,0.30,778,0.00,1.00,0,0.5000,17.00,100,0,0.00,2,7.11,3.87,3.92,14.50
297595,-3.12,3.12,1,14.36,13.92,8,14.69,180,0.29,0.30,782,0.00,1.00,0,0.5000,17.00,100,0,0.00,2,7.11,3.87,3.92,14.60
297699,-3.12,3.12,1,14.36,14.00,8,14.69,180,0.29,0.30,767,0.00,1.00,0,0.5000,17.00,100,0,0.00,2,7.11,3.90,3.92,14.70
297803,-3.91,3.12,1,14.36,13.92,8,14.69,180,0.29,0.30,777,0.00,1.00,0,0.5000,17.00,100,0,0.00,2,7.11,3.85,3.92,14.60
297907,-3.91,3.12,1,14.36,13.92,8,14.69,180,0.29,0.30,774,0.00,1.00,0,0.5000,17.00,100,0,0.00,2,7.25,3.87,3.92,14.70
298011,-3.91,3.12,1,14.36,14.00,8,14.69,180,0.29,0.30,770,0.00,1.00,0,0.5000,17.00,100,0,0.00,2,7.25,3.87,3.92,14.60
298115,-3.91,3.12,1,14.36,13.84,8,14.69,180,0.29,0.31,770,0.00,1.00,0,0.5000,17.00,100,0,0.00,2,7.25,3.87,3.92,14.50
298219,-3.91,3.12,1,14.36,13.92,8,14.69,180,0.29,0.29,783,0.00,1.00,0,0.5000,16.50,100,0,0.00,2,7.25,3.77,3.92,14.60
298323,-3.91,3.12,1,14.36,13.60,8,14.69,180,0.29,0.29,764,0.00,1.00,0,0.5000,17.00,100,0,0.00,2,7.25,3.75,5.10,14.50
298427,-3.91,3.12,1,14.36,13.92,8,14.69,180,0.31,0.32,761,0.00,1.00,0,0.5000,17.00,100,0,0.00,2,7.40,4.06,5.10,14.50
298531,-3.91,3.12,1,14.36,13.84,8,14.69,180,0.32,0.38,748,0.00,0.87,0,0.5000,17.50,100,0,0.00,2,7.98,4.75,5.10,14.50
298635,-3.91,3.12,1,14.36,13.92,8,14.69,180,0.34,0.40,736,0.00,0.88,0,0.5000,19.00,100,0,0.00,2,8.27,4.78,5.10,14.50
298739,-3.91,3.12,1,14.36,13.92,8,14.69,180,0.35,0.38,761,0.00,0.99,0,0.5000,17.00,100,0,0.00,2,8.42,4.78,5.49,14.60
298843,-3.12,3.12,1,14.36,14.00,8,14.69,180,0.36,0.38,760,0.00,0.99,0,0.5000,17.00,100,0,0.00,2,8.56,4.81,5.10,14.00
298947,-3.12,3.12,1,14.36,13.84,8,14.69,180,0.37,0.39,747,0.00,0.99,0,0.5000,17.50,100,0,0.00,2,8.71,4.81,5.49,14.90
299052,-2.34,3.12,1,14.36,13.92,8,14.69,180,0.37,0.39,734,0.00,0.99,0,0.5000,18.00,100,0,0.00,2,8.85,4.75,5.49,15.00
299155,-1.56,3.12,1,14.36,13.92,8,14.69,180,0.38,0.39,751,0.00,0.99,0,0.5000,18.00,100,0,0.00,2,9.00,4.87,5.49,15.20
299259,-0.78,3.12,1,14.36,13.84,8,14.69,180,0.38,0.39,767,0.00,0.99,0,0.5000,17.00,100,0,0.00,2,9.14,4.99,5.49,15.30
299363,0.00,3.12,1,14.36,13.76,8,14.69,180,0.38,0.39,786,0.00,0.99,0,0.5000,16.00,100,0,0.00,2,9.14,5.06,5.49,15.50
299467,1.56,3.12,1,14.36,13.92,8,14.69,180,0.38,0.38,821,0.00,0.99,0,0.5000,13.50,100,0,0.00,2,9.14,5.06,5.49,15.70
299571,1.56,3.12,1,14.36,13.92,8,14.69,180,0.37,0.37,823,0.00,0.99,0,0.5000,13.00,100,0,0.00,2,9.00,4.96,5.49,15.80
299675,2.34,3.12,1,14.36,13.92,8,14.68,180,0.36,0.34,850,0.00,1.00,0,0.5000,13.00,100,0,0.00,2,9.00,4.63,5.49,15.90
299779,3.12,3.12,1,14.36,13.92,8,14.68,180,0.35,0.33,839,0.00,1.00,0,0.5000,12.50,100,0,0.00,2,8.85,4.72,5.49,16.00
299883,3.12,3.12,1,14.36,13.92,8,14.68,180,0.35,0.35,861,0.00,1.00,0,0.5000,13.00,100,0,0.00,2,8.71,4.99,5.49,16.00
299987,3.12,3.12,1,14.36,13.92,8,14.68,180,0.36,0.36,854,0.00,1.00,0,0.5000,13.00,100,0,0.00,2,8.71,5.15,5.49,15.60
300091,3.12,3.12,1,14.36,14.00,8,14.68,180,0.36,0.36,871,0.00,1.00,0,0.5000,13.00,100,0,0.00,2,8.56,5.15,5.49,15.50
300195,3.91,3.12,1,14.36,13.92,8,14.68,180,0.35,0.36,866,0.00,1.00,0,0.5000,12.50,100,0,0.00,2,8.56,5.18,5.49,15.60
300299,3.12,3.12,1,14.36,13.92,8,14.67,180,0.35,0.35,888,0.00,1.00,0,0.5000,12.50,100,0,0.00,2,8.56,5.09,5.49,15.50
300403,3.91,3.12,1,14.36,13.92,8,14.68,180,0.35,0.34,874,0.00,1.00,0,0.5000,13.00,100,0,0.00,2,8.42,5.02,5.49,15.40
300507,3.91,3.12,1,14.36,13.84,8,14.67,180,0.34,0.34,899,0.00,1.00,0,0.5000,12.50,100,0,0.00,2,8.42,5.09,5.49,15.30
300611,3.91,3.12,1,14.36,14.00,8,14.67,180,0.34,0.34,891,0.00,1.00,0,0.5000,12.50,100,0,0.00,2,8.42,5.15,5.49,15.20
300716,3.91,3.12,1,14.36,13.84,8,14.67,180,0.35,0.35,897,0.00,1.00,0,0.5000,13.00,100,0,0.00,2,8.27,5.21,5.49,15.10
300819,3.91,3.12,1,14.36,13.92,8,14.67,180,0.34,0.33,890,0.00,1.00,0,0.5000,14.00,100,0,0.00,2,8.27,5.02,5.49,15.10
300923,3.91,3.12,1,14.36,13.84,8,14.67,180,0.34,0.34,898,0.00,1.00,0,0.5000,14.00,100,0,0.00,2,8.27,5.15,5.49,14.90
301027,3.91,3.12,1,14.36,13.92,8,14.67,180,0.34,0.35,899,0.00,1.00,0,0.5000,14.00,100,0,0.00,2,8.27,5.18,5.49,14.80
301131,3.91,3.12,1,14.36,14.00,8,14.67,180,0.34,0.34,916,0.00,1.00,0,0.5000,13.00,100,0,0.00,2,8.27,5.18,5.49,14.80
301235,3.91,3.12,1,14.36,14.00,8,14.67,180,0.34,0.34,925,0.00,1.00,0,0.5000,14.00,100,0,0.00,2,8.13,5.21,5.49,15.00
301339,3.91,3.12,1,14.36,13.84,8,14.67,180,0.34,0.33,916,0.00,1.00,0,0.5000,13.50,100,0,0.00,2,8.13,5.18,5.49,14.80
301443,3.91,3.12,1,14.36,13.84,8,14.67,180,0.34,0.34,919,0.00,1.00,0,0.5000,14.50,100,0,0.00,2,8.13,5.15,5.49,14.50
301547,3.12,3.12,1,14.36,13.92,8,14.67,180,0.33,0.50,914,0.00,1.00,0,0.5000,15.50,100,0,0.00,2,7.98,5.06,5.49,14.50
301651,3.12,3.12,1,14.36,13.92,8,14.67,180,0.33,0.33,920,0.00,1.00,0,0.5000,15.00,100,0,0.00,2,7.98,5.09,5.49,14.50
301756,3.12,3.12,1,14.36,13.92,8,14.67,180,0.33,0.34,924,0.00,1.00,0,0.5000,16.00,100,0,0.00,2,7.98,5.12,5.49,14.50
301859,3.12,3.12,1,14.36,13.92,8,14.67,180,0.32,0.32,923,0.00,1.00,0,0.5000,14.50,100,0,0.00,2,7.98,4.84,5.49,14.40
301963,2.34,3.12,1,14.36,13.92,8,14.66,180,0.32,0.32,935,0.00,1.00,0,0.5000,14.50,100,0,0.00,2,7.84,4.87,5.10,14.40
302067,2.34,3.12,1,14.36,13.92,8,14.66,180,0.32,0.32,926,0.00,1.00,0,0.5000,16.00,100,0,0.00,2,7.84,4.96,5.49,14.40
302171,1.56,3.12,1,14.36,13.92,8,14.66,180,0.32,0.32,926,0.00,1.00,0,0.5000,16.00,100,0,0.00,2,7.84,4.87,5.49,14.30
302275,1.56,3.12,1,14.36,14.00,8,14.67,180,0.32,0.32,918,0.00,1.00,0,0.5000,16.50,100,0,0.00,2,7.84,4.84,5.10,14.30
302379,1.56,3.12,1,14.36,13.92,8,14.67,180,0.32,0.32,901,0.00,1.00,0,0.5000,16.50,100,0,0.00,2,7.84,4.81,5.10,14.20
302483,1.56,3.12,1,14.36,13.92,8,14.67,180,0.32,0.32,914,0.00,1.00,0,0.5000,17.00,100,0,0.00,2,7.84,4.84,5.10,14.20
302587,1.56,3.12,1,14.36,13.84,8,14.67,180,0.32,0.32,907,0.00,1.00,0,0.5000,17.00,100,0,0.00,2,7.69,4.87,5.10,14.30
302691,1.56,3.12,1,14.36,13.92,8,14.67,180,0.31,0.31,917,0.00,1.00,0,0.5000,16.50,100,0,0.00,2,7.69,4.69,5.10,14.30
302795,1.56,3.12,1,14.36,13.92,8,14.67,180,0.32,0.32,896,0.00,1.00,0,0.5000,17.00,100,0,0.00,2,7.69,4.81,5.10,14.40
302899,1.56,3.12,1,14.36,13.92,8,14.67,180,0.32,0.32,892,0.00,1.00,0,0.5000,17.00,100,0,0.00,2,7.69,4.84,5.10,14.50
303003,1.56,3.12,1,14.36,13.92,8,14.67,180,0.32,0.32,882,0.00,1.00,0,0.5000,17.00,100,0,0.00,2,7.69,4.78,5.10,14.50
303107,1.56,3.12,1,14.36,13.84,8,14.68,180,0.32,0.32,865,0.00,1.00,0,0.5000,17.00,100,0,0.00,2,7.69,4.69,5.10,14.40
303211,1.56,3.12,1,14.36,14.00,8,14.68,180,0.32,0.33,866,0.00,1.00,0,0.5000,18.50,100,0,0.00,2,7.84,4.78,5.10,14.50
303316,1.56,3.12,1,14.36,14.00,8,14.68,180,0.32,0.33,858,0.00,1.00,0,0.5000,18.00,100,0,0.00,2,7.84,4.75,5.10,14.50
303419,1.56,3.12,1,14.36,13.92,8,14.68,180,0.33,0.34,855,0.00,1.00,0,0.5000,19.50,100,0,0.00,2,7.84,4.75,5.10,14.50
303523,1.56,3.12,1,14.36,13.92,8,14.68,180,0.33,0.33,852,0.00,1.00,0,0.5000,18.00,100,0,0.00,2,7.84,4.78,4.71,14.60
303627,0.78,3.12,1,14.36,13.84,8,14.68,180,0.33,0.33,837,0.00,1.00,0,0.5000,20.00,100,0,0.00,2,7.98,4.66,4.71,14.60
303732,0.78,3.12,1,14.36,13.92,8,14.68,180,0.32,0.32,852,0.00,1.00,0,0.5000,18.00,100,0,0.00,2,7.98,4.58,4.71,14.70
303835,1.56,3.12,1,14.36,13.84,8,14.68,180,0.33,0.33,844,0.00,1.00,0,0.5000,18.50,100,0,0.00,2,7.98,4.69,4.71,14.60
303939,0.78,3.12,1,14.36,13.92,8,14.68,180,0.33,0.33,850,0.00,1.00,0,0.5000,17.50,100,0,0.00,2,7.98,4.66,5.10,14.60
304044,0.78,3.12,1,14.36,13.84,8,14.68,180,0.32,0.33,835,0.00,1.00,0,0.5000,18.50,100,0,0.00,2,7.98,4.61,4.71,14.60
304147,0.78,3.12,1,14.36,13.84,8,14.68,180,0.32,0.32,839,0.00,1.00,0,0.5000,18.00,100,0,0.00,2,7.98,4.41,4.71,14.60
304252,0.78,3.12,1,14.36,13.84,8,14.69,180,0.32,0.33,833,0.00,1.00,0,0.5000,17.50,100,0,0.00,2,7.98,4.55,4.71,14.60
304356,0.78,3.12,1,14.36,14.00,8,14.68,180,0.32,0.33,841,0.00,1.00,0,0.5000,18.00,100,0,0.00,2,7.98,4.52,4.71,14.60
304459,0.78,3.12,1,14.36,14.00,8,14.69,180,0.32,0.32,833,0.00,1.00,0,0.5000,17.50,100,0,0.00,2,7.98,4.55,4.71,14.50
304563,0.78,3.12,1,14.36,13.92,8,14.69,180,0.33,0.34,830,0.00,1.00,0,0.5000,18.50,100,0,0.00,2,7.98,4.66,4.71,14.50
304668,0.78,3.12,1,14.36,13.84,8,14.69,180,0.33,0.33,826,0.00,1.00,0,0.5000,18.00,100,0,0.00,2,7.98,4.55,4.71,14.60
304771,0.78,3.12,1,14.36,13.84,8,14.69,180,0.33,0.33,826,0.00,1.00,0,0.5000,18.00,100,0,0.00,2,7.98,4.55,4.71,14.60
304875,0.78,3.12,1,14.36,13.92,8,14.69,180,0.33,0.33,832,0.00,1.00,0,0.5000,17.00,100,0,0.00,2,7.98,4.58,4.71,14.80
304980,0.78,3.12,1,14.36,13.92,8,14.69,180,0.33,0.34,823,0.00,1.00,0,0.5000,17.50,100,0,0.00,2,7.98,4.63,4.71,14.70
305084,0.78,3.12,1,14.36,13.92,8,14.68,180,0.33,0.34,840,0.00,1.00,0,0.5000,17.50,100,0,0.00,2,7.98,4.63,4.71,14.70
305188,0.78,3.12,1,14.36,13.92,8,14.69,180,0.33,0.33,821,0.00,1.00,0,0.5000,17.00,100,0,0.00,2,7.98,4.61,4.71,14.70
305292,0.78,3.91,1,14.36,13.92,8,14.69,180,0.33,0.34,823,0.00,1.00,0,0.5000,17.50,100,0,0.00,2,7.98,4.66,4.71,14.70
305396,0.78,3.91,1,14.36,13.92,8,14.69,180,0.33,0.33,815,0.00,1.00,0,0.5000,17.00,100,0,0.00,2,8.13,4.50,4.71,14.70
305499,0.78,3.91,1,14.36,13.92,8,14.69,180,0.33,0.33,822,0.00,1.00,0,0.5000,17.00,100,0,0.00,2,8.13,4.58,4.71,14.70
305603,0.78,3.91,1,14.36,13.92,8,14.69,180,0.33,0.33,824,0.00,1.00,0,0.5000,17.00,100,0,0.00,2,8.13,4.55,4.71,14.80
305708,0.78,3.91,1,14.36,13.84,8,14.69,180,0.33,0.34,817,0.00,1.00,0,0.5000,17.50,100,0,0.00,2,8.13,4.63,4.71,14.80
305812,0.78,3.91,1,14.36,13.84,8,14.69,180,0.33,0.34,828,0.00,1.00,0,0.5000,17.00,100,0,0.00,2,8.13,4.69,4.71,14.50
305916,0.78,3.91,1,14.36,14.00,8,14.69,180,0.33,0.34,816,0.00,1.00,0,0.5000,17.00,100,0,0.00,2,8.13,4.69,4.71,14.70
306020,0.78,3.91,1,14.36,13.92,8,14.69,180,0.33,0.34,825,0.00,1.00,0,0.5000,17.00,100,0,0.00,2,8.13,4.63,4.71,14.50
306124,0.78,3.91,1,14.36,13.92,8,14.69,180,0.33,0.33,831,0.00,1.00,0,0.5000,17.00,100,0,0.00,2,8.13,4.55,4.71,14.50
306228,0.78,3.91,1,14.36,13.84,8,14.69,180,0.33,0.35,810,0.00,1.00,0,0.5000,17.50,100,0,0.00,2,8.13,4.66,4.71,14.80
306331,0.78,3.91,1,14.36,13.84,8,14.69,180,0.34,0.34,810,0.00,1.00,0,0.5000,17.50,100,0,0.00,2,8.13,4.58,4.71,14.80
306436,0.78,3.91,1,14.36,13.92,8,14.69,180,0.33,0.33,810,0.00,1.00,0,0.5000,17.00,100,0,0.00,2,8.13,4.52,4.71,14.70
306540,0.78,3.91,1,14.36,13.92,8,14.69,180,0.33,0.33,814,0.00,1.00,0,0.5000,17.50,100,0,0.00,2,8.13,4.50,4.71,14.50
306644,0.00,3.91,1,14.36,13.92,8,14.69,180,0.33,0.33,809,0.00,1.00,0,0.5000,17.00,100,0,0.00,2,8.13,4.55,4.71,14.60
306747,0.00,3.91,1,14.36,13.92,8,14.69,180,0.33,0.34,806,0.00,1.00,0,0.5000,17.00,100,0,0.00,2,8.13,4.61,4.71,14.50
306852,0.00,3.91,1,14.36,13.76,8,14.69,180,0.33,0.34,818,0.00,1.00,0,0.5000,17.00,100,0,0.00,2,8.13,4.55,4.71,14.60
306956,0.00,3.91,1,14.36,13.84,8,14.69,180,0.33,0.34,807,0.00,1.00,0,0.5000,17.00,100,0,0.00,2,8.27,4.52,4.71,14.50
307060,0.78,3.91,1,14.36,13.92,8,14.69,180,0.33,0.34,810,0.00,1.00,0,0.5000,17.00,100,0,0.00,2,8.13,4.61,4.71,14.60
307164,0.78,3.91,1,14.36,14.00,8,14.69,180,0.34,0.34,802,0.00,1.00,0,0.5000,17.00,100,0,0.00,2,8.27,4.61,4.71,14.50
307268,0.78,3.91,1,14.36,13.92,8,14.69,180,0.34,0.34,800,0.00,1.00,0,0.5000,17.00,100,0,0.00,2,8.27,4.55,4.71,14.70
307372,0.78,3.91,1,14.36,13.76,8,14.69,180,0.34,0.33,814,0.00,1.00,0,0.5000,17.00,100,0,0.00,2,8.27,4.50,4.71,14.80
307476,0.78,3.91,1,14.36,13.84,8,14.69,180,0.34,0.34,806,0.00,1.00,0,0.5000,17.00,100,0,0.00,2,8.27,4.66,4.71,14.80
307580,0.78,3.91,1,14.36,14.00,8,14.69,180,0.34,0.34,822,0.00,1.00,0,0.5000,17.00,100,0,0.00,2,8.27,4.66,4.71,14.80
307684,0.78,3.91,1,14.36,13.92,8,14.69,180,0.33,0.33,815,0.00,1.00,0,0.5000,16.50,100,0,0.00,2,8.13,4.58,4.71,14.90
307788,0.78,3.91,1,14.36,13.92,8,14.69,180,0.33,0.34,823,0.00,1.00,0,0.5000,17.00,100,0,0.00,2,8.13,4.58,4.71,14.80
307892,0.78,3.91,1,14.36,13.84,8,14.69,180,0.34,0.34,826,0.00,1.00,0,0.5000,16.50,100,0,0.00,2,8.13,4.66,4.71,14.80
307996,0.78,3.91,1,14.36,13.92,8,14.69,180,0.34,0.34,819,0.00,1.00,0,0.5000,17.00,100,0,0.00,2,8.13,4.69,4.71,14.80
308100,0.78,3.91,1,14.36,13.84,8,14.69,180,0.34,0.34,832,0.00,1.00,0,0.5000,16.50,100,0,0.00,2,8.13,4.72,5.10,14.80
308204,0.78,3.91,1,14.36,13.92,8,14.68,180,0.33,0.33,839,0.00,1.00,0,0.5000,16.50,100,0,0.00,2,8.13,4.63,5.10,14.70
308308,0.78,3.91,1,14.36,13.92,8,14.68,180,0.33,0.33,847,0.00,1.00,0,0.5000,16.50,100,0,0.00,2,8.13,4.66,5.10,14.70
308412,0.78,3.91,1,14.36,13.92,8,14.68,180,0.33,0.33,839,0.00,1.00,0,0.5000,16.00,100,0,0.00,2,8.13,4.72,4.71,14.90
308516,0.78,3.91,1,14.36,13.92,8,14.68,180,0.33,0.34,842,0.00,1.00,0,0.5000,16.50,100,0,0.00,2,7.98,4.72,5.10,14.70
308620,0.78,3.91,1,14.36,13.84,8,14.68,180,0.33,0.33,841,0.00,1.00,0,0.5000,16.50,100,0,0.00,2,7.98,4.61,5.10,14.80
308724,0.78,3.91,1,14.36,13.92,8,14.68,180,0.33,0.33,846,0.00,1.00,0,0.5000,16.50,100,0,0.00,2,7.98,4.63,5.10,14.80
308828,0.78,3.91,1,14.36,13.92,8,14.69,180,0.33,0.33,833,0.00,1.00,0,0.5000,17.00,100,0,0.00,2,7.98,4.61,5.10,14.80
308932,0.78,3.91,1,14.36,13.92,8,14.69,180,0.33,0.33,827,0.00,1.00,0,0.5000,17.00,100,0,0.00,2,7.98,4.50,4.71,14.50
309036,0.78,3.91,1,14.36,13.84,8,14.69,180,0.33,0.34,834,0.00,1.00,0,0.5000,17.00,100,0,0.00,2,8.13,4.66,4.71,14.80
309140,0.78,3.91,1,14.36,13.76,8,14.69,180,0.33,0.35,822,0.00,1.00,0,0.5000,17.00,100,0,0.00,2,8.13,4.78,4.71,14.70
309244,0.78,3.91,1,14.36,13.76,8,14.69,180,0.34,0.34,830,0.00,1.00,0,0.5000,17.00,100,0,0.00,2,8.13,4.69,4.71,14.50
309348,0.78,3.91,1,14.36,14.00,8,14.69,180,0.34,0.34,816,0.00,1.00,0,0.5000,17.00,100,0,0.00,2,8.13,4.69,5.10,14.70
309452,0.78,3.91,1,14.36,14.00,8,14.69,180,0.34,0.35,820,0.00,1.00,0,0.5000,17.00,100,0,0.00,2,8.13,4.78,4.71,14.70
309556,0.78,3.91,1,14.36,13.84,8,14.69,180,0.34,0.34,822,0.00,1.00,0,0.5000,17.00,100,0,0.00,2,8.13,4.63,5.10,14.70
309660,0.78,3.91,1,14.36,13.84,8,14.69,180,0.34,0.34,807,0.00,1.00,0,0.5000,17.00,100,0,0.00,2,8.13,4.58,5.10,14.70
309764,0.78,3.91,1,14.36,13.76,8,14.69,180,0.34,0.34,830,0.00,1.00,0,0.5000,17.00,100,0,0.00,2,8.13,4.66,5.10,14.90
309868,0.78,3.91,1,14.36,13.92,8,14.69,180,0.34,0.34,827,0.00,1.00,0,0.5000,17.00,100,0,0.00,2,8.13,4.66,5.10,14.80
309972,0.78,3.91,1,14.36,14.00,8,14.69,180,0.34,0.34,832,0.00,1.00,0,0.5000,17.00,100,0,0.00,2,8.13,4.72,5.10,14.50
310076,0.78,3.91,1,14.36,13.92,8,14.69,180,0.34,0.34,831,0.00,1.00,0,0.5000,16.50,100,0,0.00,2,8.13,4.81,4.71,14.50
310180,0.78,3.91,1,14.36,13.92,8,14.69,180,0.34,0.34,834,0.00,1.00,0,0.5000,17.00,100,0,0.00,2,8.13,4.72,5.10,14.50
310284,0.78,3.91,1,14.36,13.84,8,14.69,180,0.33,0.33,830,0.00,1.00,0,0.5000,16.50,100,0,0.00,2,8.13,4.61,5.10,14.50
310388,0.78,3.91,1,14.36,13.92,8,14.69,180,0.33,0.34,834,0.00,1.00,0,0.5000,17.00,100,0,0.00,2,8.13,4.66,5.10,14.60
310492,0.78,3.91,1,14.36,13.84,8,14.68,180,0.34,0.34,843,0.00,1.00,0,0.5000,16.50,100,0,0.00,2,8.13,4.81,5.10,14.60
310596,0.00,3.91,1,14.36,13.92,8,14.69,180,0.34,0.34,829,0.00,1.00,0,0.5000,17.00,100,0,0.00,2,8.13,4.69,5.10,14.60
310700,0.00,3.91,1,14.36,13.84,8,14.68,180,0.34,0.34,838,0.00,1.00,0,0.5000,16.50,100,0,0.00,2,8.13,4.66,4.71,14.60
310804,0.00,3.91,1,14.36,13.84,8,14.69,180,0.34,0.34,824,0.00,1.00,0,0.5000,17.00,100,0,0.00,2,8.13,4.75,5.10,14.60
310908,0.00,3.91,1,14.36,13.92,8,14.69,180,0.34,0.35,821,0.00,1.00,0,0.5000,17.00,100,0,0.00,2,8.13,4.78,4.71,14.50
311012,0.00,3.91,1,14.36,14.00,8,14.69,180,0.34,0.34,812,0.00,1.00,0,0.5000,17.00,100,0,0.00,2,8.13,4.69,5.10,14.60
311116,0.00,3.91,1,14.36,13.68,8,14.69,181,0.34,0.35,827,0.00,1.00,0,0.5000,17.00,100,0,0.00,2,8.13,4.72,5.10,14.60
311220,0.00,3.91,1,14.36,13.92,8,14.69,181,0.34,0.34,834,0.00,1.00,0,0.5000,17.00,100,0,0.00,2,8.13,4.69,4.71,14.50
311324,0.00,3.91,1,14.36,13.84,8,14.69,181,0.34,0.34,821,0.00,1.00,0,0.5000,17.00,100,0,0.00,2,8.13,4.66,5.10,14.60
311428,0.00,3.91,1,14.36,13.76,8,14.69,181,0.34,0.33,830,0.00,1.00,0,0.5000,17.00,100,0,0.00,2,8.13,4.55,5.10,14.60
311535,0.00,3.91,1,14.36,13.92,8,14.69,181,0.34,0.34,817,0.00,1.00,0,0.5000,17.00,100,0,0.00,2,8.13,4.61,5.10,14.50
311636,0.00,3.91,1,14.36,14.00,8,14.68,181,0.34,0.34,835,0.00,1.00,0,0.5000,17.00,100,0,0.00,2,8.13,4.72,4.71,14.50
311740,0.00,3.91,1,14.36,14.00,8,14.69,181,0.34,0.34,820,0.00,1.00,0,0.5000,17.00,100,0,0.00,2,8.13,4.63,4.71,14.50
311844,0.00,3.91,1,14.36,13.84,8,14.69,181,0.34,0.35,828,0.00,1.00,0,0.5000,17.00,100,0,0.00,2,8.13,4.75,5.10,14.40
311948,0.00,3.91,1,14.36,13.84,8,14.69,181,0.34,0.34,834,0.00,1.00,0,0.5000,16.50,100,0,0.00,2,8.13,4.78,5.10,14.50
312052,0.00,3.91,1,14.36,13.92,8,14.68,181,0.34,0.34,840,0.00,1.00,0,0.5000,16.50,100,0,0.00,2,8.13,4.69,5.10,14.40
312156,0.00,3.91,1,14.36,13.92,8,14.68,181,0.33,0.33,852,0.00,1.00,0,0.5000,16.00,100,0,0.00,2,8.13,4.69,5.10,14.50
312261,0.00,3.91,1,14.36,14.00,8,14.68,181,0.33,0.33,848,0.00,1.00,0,0.5000,16.50,100,0,0.00,2,7.98,4.63,5.10,14.70
312364,0.00,3.91,1,14.36,13.84,8,14.68,181,0.33,0.34,856,0.00,1.00,0,0.5000,16.00,100,0,0.00,2,7.98,4.78,4.71,14.70
312468,0.00,3.91,1,14.36,13.84,8,14.68,181,0.33,0.33,843,0.00,1.00,0,0.5000,16.50,100,0,0.00,2,7.98,4.75,4.71,14.70
312572,0.00,3.91,1,14.36,13.92,8,14.68,181,0.33,0.34,838,0.00,1.00,0,0.5000,17.00,100,0,0.00,2,7.98,4.72,4.71,14.70
312677,0.00,3.91,1,14.36,13.92,8,14.69,181,0.33,0.33,824,0.00,1.00,0,0.5000,17.00,100,0,0.00,2,7.98,4.63,5.10,14.80
312780,0.00,3.91,1,14.36,13.92,8,14.68,181,0.33,0.35,839,0.00,1.00,0,0.5000,17.00,100,0,0.00,2,7.98,4.69,4.71,14.60
312884,0.00,3.91,1,14.36,13.92,8,14.69,181,0.33,0.34,830,0.00,1.00,0,0.5000,17.00,100,0,0.00,2,7.98,4.72,4.71,14.60
312988,0.00,3.91,1,14.36,13.84,8,14.68,181,0.34,0.35,838,0.00,1.00,0,0.5000,17.00,100,0,0.00,2,7.98,4.84,4.71,14.70
313092,0.00,3.91,1,14.36,13.92,8,14.68,181,0.34,0.34,835,0.00,1.00,0,0.5000,17.00,100,0,0.00,2,8.13,4.78,5.10,14.90
313196,0.00,3.91,1,14.36,13.84,8,14.69,181,0.34,0.35,830,0.00,1.00,0,0.5000,17.00,100,0,0.00,2,8.13,4.81,5.10,14.60
313300,-0.78,3.91,1,14.36,13.92,8,14.68,181,0.34,0.34,838,0.00,1.00,0,0.5000,17.00,100,0,0.00,2,8.13,4.75,5.10,14.70
313404,-0.78,3.91,1,14.36,13.92,8,14.69,181,0.34,0.34,832,0.00,1.00,0,0.5000,17.00,100,0,0.00,2,8.13,4.81,4.71,14.60
313508,-0.78,3.91,1,14.36,13.92,8,14.68,181,0.34,0.34,842,0.00,1.00,0,0.5000,16.50,100,0,0.00,2,8.13,4.75,4.71,14.50
313612,-0.78,3.91,1,14.36,13.84,8,14.69,181,0.34,0.34,832,0.00,1.00,0,0.5000,17.00,100,0,0.00,2,8.13,4.75,4.71,14.50
313716,-0.78,3.91,1,14.36,14.00,8,14.68,181,0.34,0.34,850,0.00,1.00,0,0.5000,17.00,100,0,0.00,2,7.98,4.78,5.10,14.50
313820,-0.78,3.91,1,14.36,13.76,8,14.68,181,0.33,0.33,848,0.00,1.00,0,0.5000,16.00,100,0,0.00,2,7.98,4.75,5.10,14.50
313925,-0.78,3.91,1,14.36,14.00,8,14.68,181,0.33,0.34,854,0.00,1.00,0,0.5000,16.50,100,0,0.00,2,7.98,4.75,4.71,14.50
314029,-0.78,3.91,1,14.36,13.92,8,14.68,181,0.33,0.34,841,0.00,1.00,0,0.5000,16.50,100,0,0.00,2,7.98,4.78,4.71,14.50
314132,-1.56,3.91,1,14.36,13.92,8,14.68,181,0.33,0.33,848,0.00,1.00,0,0.5000,17.00,100,0,0.00,2,7.98,4.66,4.71,14.50
314236,-0.78,3.91,1,14.36,13.84,8,14.69,181,0.34,0.34,826,0.00,1.00,0,0.5000,17.00,100,0,0.00,2,7.98,4.78,4.71,14.50
314340,-1.56,3.91,1,14.36,13.92,8,14.69,181,0.33,0.34,826,0.00,1.00,0,0.5000,17.00,100,0,0.00,2,7.98,4.72,5.10,14.50
314444,-1.56,3.91,1,14.36,13.92,8,14.69,181,0.33,0.33,826,0.00,1.00,0,0.5000,17.00,100,0,0.00,2,8.13,4.50,4.71,14.50
314549,-1.56,3.91,1,14.36,13.84,8,14.69,181,0.33,0.33,818,0.00,1.00,0,0.5000,17.00,100,0,0.00,2,8.13,4.61,4.71,14.40
314654,-1.56,3.91,1,14.36,13.92,8,14.69,181,0.34,0.34,824,0.00,1.00,0,0.5000,17.00,100,0,0.00,2,8.13,4.66,4.71,14.50
314757,-1.56,3.91,1,14.36,13.84,8,14.69,181,0.34,0.34,800,0.00,1.00,0,0.5000,17.00,100,0,0.00,2,8.13,4.66,5.10,14.60
314861,-1.56,3.91,1,14.36,13.92,8,14.69,181,0.34,0.35,807,0.00,1.00,0,0.5000,18.00,100,0,0.00,2,8.13,4.69,4.71,14.50
314965,-1.56,3.91,1,14.36,13.92,8,14.69,181,0.34,0.35,806,0.00,1.00,0,0.5000,17.50,100,0,0.00,2,8.27,4.72,5.10,14.60
315069,-0.78,3.91,1,14.36,13.92,8,14.69,181,0.35,0.36,794,0.00,1.00,0,0.5000,18.00,100,0,0.00,2,8.27,4.78,4.71,14.90
315173,-0.78,3.91,1,14.36,13.92,8,14.69,181,0.35,0.35,812,0.00,1.00,0,0.5000,17.50,100,0,0.00,2,8.27,4.69,4.71,14.80
315277,-0.78,3.91,1,14.36,14.00,8,14.69,181,0.35,0.34,807,0.00,1.00,0,0.5000,17.00,100,0,0.00,2,8.27,4.69,4.71,14.80
315381,-0.78,3.91,1,14.36,13.92,8,14.68,181,0.34,0.34,835,0.00,1.00,0,0.5000,10.00,100,0,0.00,2,8.27,4.72,3.53,14.80
315485,-0.78,3.91,1,14.36,13.92,8,14.68,181,0.32,0.30,844,0.00,1.07,0,0.5000,10.00,100,0,0.00,2,7.84,4.17,3.53,14.80
315589,-0.78,3.91,1,14.36,13.92,8,14.68,181,0.31,0.28,840,0.00,1.07,0,0.5000,10.00,100,0,0.00,2,7.40,3.95,3.92,14.90
315693,-0.78,3.91,1,14.36,13.92,8,14.68,181,0.30,0.28,844,0.00,1.00,0,0.5000,16.50,100,0,0.00,2,7.25,3.90,3.92,14.90
315797,-1.56,3.91,1,14.36,13.92,8,14.68,181,0.29,0.28,848,0.00,1.00,0,0.5000,16.50,100,0,0.00,2,7.11,3.92,3.92,14.90
315901,-1.56,3.91,1,14.36,13.84,8,14.68,181,0.28,0.27,870,0.00,1.00,0,0.5000,15.00,100,0,0.00,2,6.96,3.95,3.92,14.90
316005,-2.34,3.91,1,14.36,14.00,8,14.68,181,0.28,0.27,870,0.00,1.00,0,0.5000,15.50,100,0,0.00,2,6.82,3.85,3.92,15.00
316109,-3.12,3.91,1,14.36,13.92,8,14.68,181,0.27,0.26,875,0.00,1.00,0,0.5000,15.00,100,0,0.00,2,6.67,3.79,3.92,14.40
316213,-3.91,3.91,1,14.36,13.92,8,14.68,181,0.27,0.27,858,0.00,1.00,0,0.5000,16.50,100,0,0.00,2,6.67,3.92,3.92,14.30
316317,-4.69,3.91,1,14.36,13.92,8,14.68,181,0.27,0.28,854,0.00,1.00,0,0.5000,16.50,100,0,0.00,2,6.67,3.92,3.92,14.10
316421,-5.47,3.91,1,14.36,13.92,8,14.68,181,0.27,0.27,843,0.00,1.00,0,0.5000,17.00,100,0,0.00,2,6.67,3.92,3.92,14.00
316525,-5.47,3.91,1,14.36,13.92,8,14.68,181,0.27,0.28,841,0.00,1.00,0,0.5000,17.00,100,0,0.00,2,6.67,3.85,3.53,13.90
316629,-6.25,3.91,1,14.36,14.00,8,14.69,181,0.27,0.28,819,0.00,1.00,0,0.5000,17.00,100,0,0.00,2,6.67,3.79,3.53,13.80
316733,-6.25,3.91,1,14.36,14.00,8,14.69,181,0.27,0.28,820,0.00,1.00,0,0.5000,17.50,100,0,0.00,2,6.67,3.82,3.53,13.70
316837,-7.03,3.91,1,14.36,13.92,8,14.69,181,0.27,0.29,786,0.00,1.00,0,0.5000,18.50,100,0,0.00,2,6.67,3.82,3.53,13.70
316941,-7.03,3.91,1,14.36,13.76,8,14.69,181,0.28,0.30,759,0.00,1.00,0,0.5000,21.50,100,0,0.00,2,6.82,3.82,3.53,13.80
317045,-7.03,3.91,1,14.36,14.00,8,14.69,181,0.28,0.30,770,0.00,1.00,0,0.5000,21.00,100,0,0.00,2,6.82,3.77,3.53,13.90
317149,-7.03,3.91,1,14.36,13.92,8,14.69,181,0.28,0.29,763,0.00,1.00,0,0.5000,20.00,100,0,0.00,2,6.82,3.77,3.53,13.90
317253,-7.81,3.91,1,14.36,13.92,8,14.69,181,0.28,0.30,752,0.00,1.00,0,0.5000,21.00,100,0,0.00,2,6.96,3.77,3.53,14.00
317357,-7.81,3.91,1,14.36,13.92,8,14.69,181,0.28,0.30,770,0.00,1.00,0,0.5000,20.50,100,0,0.00,2,6.96,3.72,3.53,14.10
317461,-7.81,3.91,1,14.36,13.76,8,14.69,181,0.28,0.29,768,0.00,1.00,0,0.5000,19.00,100,0,0.00,2,6.96,3.67,3.53,14.00
317565,-8.59,3.91,1,14.36,14.00,8,14.69,181,0.28,0.29,753,0.00,1.00,0,0.5000,20.00,100,0,0.00,2,6.96,3.67,3.53,14.20
317669,-8.59,3.91,1,14.36,14.00,8,14.69,181,0.28,0.29,754,0.00,1.00,0,0.5000,20.50,100,0,0.00,2,6.96,3.62,3.53,14.20
317773,-8.59,3.91,1,14.36,13.84,8,14.69,181,0.28,0.28,769,0.00,1.00,0,0.5000,18.00,100,0,0.00,2,6.96,3.57,3.53,14.20
317877,-8.59,3.91,1,14.36,14.00,8,14.69,181,0.28,0.28,747,0.00,1.00,0,0.5000,18.50,100,0,0.00,2,6.96,3.62,3.53,14.30
317981,-8.59,3.91,1,14.36,13.84,8,14.69,181,0.28,0.29,756,0.00,1.00,0,0.5000,19.50,100,0,0.00,2,6.96,3.60,3.53,14.20
318085,-8.59,3.91,1,14.36,13.84,8,14.69,181,0.28,0.29,759,0.00,1.00,0,0.5000,18.00,100,0,0.00,2,6.96,3.62,3.53,14.30
318190,-8.59,3.91,1,14.36,13.92,8,14.69,181,0.28,0.29,746,0.00,1.00,0,0.5000,18.50,100,0,0.00,2,6.96,3.57,3.53,14.40
318293,-8.59,3.91,1,14.36,13.92,8,14.69,181,0.28,0.28,756,0.00,1.00,0,0.5000,17.50,100,0,0.00,2,6.96,3.57,3.53,14.40
318397,-8.59,3.91,1,14.36,14.00,8,14.69,181,0.28,0.29,743,0.00,1.00,0,0.5000,19.50,100,0,0.00,2,6.96,3.57,3.53,14.50
318501,-8.59,3.91,1,14.36,13.84,8,14.69,181,0.28,0.30,719,0.00,1.00,0,0.5000,20.50,100,0,0.00,2,7.11,3.62,3.53,14.50
318605,-7.81,3.91,1,14.36,13.92,8,14.69,181,0.29,0.30,731,0.00,1.00,0,0.5000,19.00,100,0,0.00,2,7.11,3.60,3.53,14.70
318709,-7.81,3.91,1,14.36,13.84,8,14.69,181,0.29,0.29,728,0.00,1.00,0,0.5000,19.00,100,0,0.00,2,7.11,3.55,3.53,14.50
318813,-7.81,3.91,1,14.36,14.00,8,14.69,181,0.29,0.31,712,0.00,1.00,0,0.5000,20.00,100,0,0.00,2,7.11,3.62,3.53,14.90
318917,-7.81,3.91,1,14.36,14.00,8,14.69,181,0.29,0.30,725,0.00,1.00,0,0.5000,18.50,100,0,0.00,2,7.25,3.62,3.53,14.80
319021,-7.03,3.91,1,14.36,13.92,8,14.69,181,0.29,0.30,703,0.00,1.00,0,0.5000,19.00,100,0,0.00,2,7.25,3.57,3.53,14.90
319125,-7.03,3.91,1,14.36,13.76,8,14.69,181,0.29,0.31,699,0.00,1.00,0,0.5000,20.50,100,0,0.00,2,7.25,3.57,3.53,15.00
319229,-7.03,3.91,1,14.36,13.92,8,14.69,181,0.29,0.30,724,0.00,1.00,0,0.5000,19.50,100,0,0.00,2,7.40,3.62,3.92,15.00
319333,-7.03,3.91,1,14.36,13.92,8,14.69,181,0.30,0.30,710,0.00,1.00,0,0.5000,18.50,100,0,0.00,2,7.40,3.57,3.53,15.00
319438,-7.03,3.12,1,14.36,14.00,8,14.69,181,0.30,0.30,709,0.00,1.00,0,0.5000,18.00,100,0,0.00,2,7.55,3.57,3.53,15.00
319542,-7.03,3.12,1,14.36,13.84,8,14.69,181,0.30,0.31,717,0.00,1.00,0,0.5000,17.50,100,0,0.00,2,7.55,3.65,3.53,14.90
319646,-7.03,3.12,1,14.36,13.84,8,14.69,181,0.30,0.30,726,0.00,1.00,0,0.5000,17.00,100,0,0.00,2,7.55,3.67,3.92,14.90
319749,-6.25,3.12,1,14.36,13.92,8,14.69,181,0.30,0.30,730,0.00,1.00,0,0.5000,17.00,100,0,0.00,2,7.55,3.70,3.92,15.00
319853,-6.25,3.12,1,14.36,13.92,8,14.69,181,0.30,0.31,709,0.00,1.00,0,0.5000,17.50,100,0,0.00,2,7.55,3.72,3.92,15.00
319957,-5.47,3.12,1,14.36,14.00,8,14.69,181,0.30,0.32,704,0.00,1.00,0,0.5000,18.00,100,0,0.00,2,7.55,3.72,3.92,15.00
320061,-5.47,3.12,1,14.36,13.92,8,14.69,181,0.31,0.32,729,0.00,1.00,0,0.5000,18.00,100,0,0.00,2,7.69,3.77,3.92,15.20
320165,-4.69,3.12,1,14.36,14.00,8,14.69,181,0.31,0.31,718,0.00,1.00,0,0.5000,17.00,100,0,0.00,2,7.69,3.74,3.92,15.10
320269,-4.69,3.12,1,14.36,13.92,8,14.69,181,0.31,0.31,707,0.00,1.00,0,0.5000,17.00,100,0,0.00,2,7.69,3.72,3.92,15.40
320374,-4.69,3.12,1,14.36,13.92,8,14.69,181,0.31,0.31,723,0.00,1.00,0,0.5000,17.00,100,0,0.00,2,7.69,3.77,3.92,15.20
320478,-3.91,3.12,1,14.36,13.92,8,14.69,181,0.31,0.31,729,0.00,1.00,0,0.5000,17.00,100,0,0.00,2,7.69,3.79,3.92,15.30
320581,-3.91,3.12,1,14.36,13.92,8,14.69,181,0.31,0.31,746,0.00,1.00,0,0.5000,16.50,100,0,0.00,2,7.69,3.90,3.92,15.50
320685,-3.91,3.12,1,14.36,13.92,8,14.69,181,0.30,0.30,764,0.00,1.00,0,0.5000,16.00,100,0,0.00,2,7.69,3.74,3.92,15.30
320790,-3.12,3.12,1,14.36,13.92,8,14.69,181,0.30,0.30,773,0.00,1.00,0,0.5000,15.50,100,0,0.00,2,7.55,3.82,3.92,15.30
320893,-3.12,3.12,1,14.36,13.84,8,14.69,181,0.30,0.30,784,0.00,1.00,0,0.5000,14.00,100,0,0.00,2,7.55,3.87,3.92,15.30
320998,-3.12,3.12,1,14.36,13.92,8,14.69,181,0.29,0.29,793,0.00,1.00,0,0.5000,13.50,100,0,0.00,2,7.40,3.90,3.92,15.30
321101,-3.12,3.12,1,14.36,14.00,8,14.69,181,0.29,0.29,796,0.00,1.00,0,0.5000,14.00,100,0,0.00,2,7.40,3.90,3.92,15.40
321205,-3.12,3.12,1,14.36,13.84,8,14.69,181,0.29,0.30,792,0.00,1.00,0,0.5000,14.50,100,0,0.00,2,7.40,3.90,3.92,15.30
321309,-3.12,3.12,1,14.36,13.92,8,14.69,181,0.29,0.30,770,0.00,1.00,0,0.5000,16.50,100,0,0.00,2,7.40,3.85,3.92,15.20
321413,-2.34,3.12,1,14.36,13.92,8,14.69,181,0.29,0.31,790,0.00,1.00,0,0.5000,16.00,100,0,0.00,2,7.40,3.92,3.92,15.20
321517,-2.34,3.12,1,14.36,13.92,8,14.69,181,0.29,0.30,786,0.00,1.00,0,0.5000,15.00,100,0,0.00,2,7.25,3.98,3.92,15.20
321622,-2.34,3.12,1,14.36,13.92,8,14.69,181,0.29,0.30,779,0.00,1.00,0,0.5000,16.50,100,0,0.00,2,7.25,3.95,3.92,15.00
321726,-2.34,3.12,1,14.36,13.92,8,14.69,181,0.29,0.30,792,0.00,1.00,0,0.5000,16.00,100,0,0.00,2,7.25,3.98,3.92,15.10
321830,-2.34,3.12,1,14.36,13.84,8,14.69,181,0.29,0.30,788,0.00,1.00,0,0.5000,16.00,100,0,0.00,2,7.25,3.90,3.92,15.00
321934,-2.34,3.12,1,14.36,13.92,8,14.69,181,0.29,0.30,800,0.00,1.00,0,0.5000,16.50,100,0,0.00,2,7.25,3.90,3.92,15.00
322037,-2.34,3.12,1,14.36,13.92,8,14.69,181,0.29,0.30,804,0.00,1.00,0,0.5000,15.50,100,0,0.00,2,7.25,4.00,3.92,15.00
322142,-2.34,3.12,1,14.36,14.00,8,14.69,181,0.29,0.30,790,0.00,1.00,0,0.5000,16.50,100,0,0.00,2,7.25,4.00,3.92,14.80
322246,-2.34,3.12,1,14.36,14.00,8,14.69,181,0.29,0.30,808,0.00,1.00,0,0.5000,16.50,100,0,0.00,2,7.25,3.92,3.92,14.80
322350,-2.34,3.12,1,14.36,13.92,8,14.69,181,0.29,0.30,796,0.00,1.00,0,0.5000,16.00,100,0,0.00,2,7.25,3.95,3.92,14.80
322453,-2.34,3.12,1,14.36,13.84,8,14.69,181,0.29,0.29,806,0.00,1.00,0,0.5000,16.00,100,0,0.00,2,7.11,3.87,3.92,15.00
322558,-2.34,3.12,1,14.36,13.84,8,14.69,181,0.28,0.28,814,0.00,1.00,0,0.5000,15.50,100,0,0.00,2,7.11,3.79,3.92,14.70
322661,-3.12,3.12,1,14.36,14.00,8,14.69,181,0.28,0.28,807,0.00,1.00,0,0.5000,16.00,100,0,0.00,2,7.11,3.85,3.92,14.50
322766,-3.12,3.12,1,14.36,13.92,8,14.69,181,0.28,0.29,816,0.00,1.00,0,0.5000,16.50,100,0,0.00,2,7.11,3.85,3.92,14.50
322870,-3.12,3.12,1,14.36,13.76,8,14.69,181,0.28,0.29,800,0.00,1.00,0,0.5000,16.50,100,0,0.00,2,7.11,3.87,3.92,14.50
322974,-3.12,3.12,1,14.36,13.68,8,14.69,181,0.28,0.29,804,0.00,1.00,0,0.5000,16.50,100,0,0.00,2,7.11,3.92,5.10,14.40
323077,-3.12,3.12,1,14.36,13.84,8,14.69,181,0.30,0.34,777,0.00,1.00,0,0.5000,17.00,100,0,0.00,2,7.40,4.38,5.10,14.40
323182,-3.12,3.12,1,14.36,13.92,8,14.69,181,0.32,0.37,752,0.00,0.88,0,0.5000,17.50,100,0,0.00,2,7.84,4.72,5.10,14.50
323286,-3.12,3.12,1,14.36,13.84,8,14.69,181,0.33,0.37,756,0.00,1.00,0,0.5000,18.00,100,0,0.00,2,8.13,4.72,5.10,14.40
323390,-3.12,3.12,1,14.36,14.00,8,14.69,181,0.34,0.36,788,0.00,1.00,0,0.5000,17.00,100,0,0.00,2,8.27,4.66,5.10,14.40
323494,-2.34,3.12,1,14.36,13.84,8,14.69,181,0.34,0.35,764,0.00,1.00,0,0.5000,17.00,100,0,0.00,2,8.42,4.52,5.10,14.50
323598,-2.34,3.12,1,14.36,13.84,8,14.69,181,0.35,0.37,750,0.00,1.00,0,0.5000,18.00,100,0,0.00,2,8.56,4.58,5.49,15.40
323702,-1.56,3.12,1,14.36,14.00,8,14.69,181,0.36,0.38,746,0.00,0.99,0,0.5000,18.50,100,0,0.00,2,8.71,4.66,5.49,15.00
323806,-1.56,3.12,1,14.36,13.84,8,14.69,181,0.37,0.38,744,0.00,0.99,0,0.5000,17.50,100,0,0.00,2,8.85,4.78,5.49,15.30
323910,0.00,3.12,1,14.36,14.00,8,14.69,181,0.37,0.40,742,0.00,0.99,0,0.5000,18.00,100,0,0.00,2,9.14,4.90,5.49,15.20
324014,0.78,3.12,1,14.36,13.92,8,14.69,181,0.38,0.40,758,0.00,0.99,0,0.5000,17.50,100,0,0.00,2,9.14,4.90,5.49,15.50
324117,2.34,3.12,1,14.36,13.76,8,14.69,181,0.38,0.38,784,0.00,0.99,0,0.5000,16.50,100,0,0.00,2,9.14,4.96,5.49,15.70
324222,3.12,3.12,1,14.36,13.92,8,14.69,181,0.38,0.37,811,0.00,0.99,0,0.5000,15.00,100,0,0.00,2,9.14,4.99,5.49,15.80
324326,3.91,3.12,1,14.36,13.84,8,14.68,181,0.37,0.37,846,0.00,0.99,0,0.5000,12.50,100,0,0.00,2,9.00,5.06,5.49,16.10
324430,4.69,3.12,1,14.36,13.92,8,14.68,181,0.37,0.36,852,0.00,1.00,0,0.5000,12.50,100,0,0.00,2,8.85,5.06,5.49,16.00
324534,4.69,3.12,1,14.36,13.76,8,14.68,181,0.37,0.37,858,0.00,1.00,0,0.5000,12.50,100,0,0.00,2,8.71,5.18,5.49,15.90
324638,3.91,3.12,1,14.36,13.84,8,14.68,181,0.36,0.53,863,0.00,1.00,0,0.5000,13.00,100,0,0.00,2,8.71,5.06,5.49,15.60
324742,3.91,3.12,1,14.36,13.92,8,14.67,181,0.35,0.34,892,0.00,1.00,0,0.5000,12.00,100,0,0.00,2,8.56,4.99,5.49,15.50
324846,3.91,3.12,1,14.36,13.84,8,14.67,181,0.35,0.33,888,0.00,1.00,0,0.5000,12.00,100,0,0.00,2,8.42,4.93,5.49,15.30
324950,3.91,3.12,1,14.36,13.92,8,14.67,181,0.34,0.32,908,0.00,1.00,0,0.5000,12.00,100,0,0.00,2,8.42,4.84,5.49,15.10
325054,3.91,3.12,1,14.36,14.00,8,14.67,181,0.34,0.34,901,0.00,1.00,0,0.5000,12.50,100,0,0.00,2,8.42,5.09,5.49,15.00
325158,3.91,3.12,1,14.36,13.84,8,14.67,181,0.35,0.35,894,0.00,1.00,0,0.5000,12.50,100,0,0.00,2,8.27,5.27,5.49,14.60
325262,3.91,3.12,1,14.36,13.92,8,14.67,181,0.35,0.36,899,0.00,1.00,0,0.5000,14.00,100,0,0.00,2,8.27,5.27,5.49,14.70
325365,3.91,3.12,1,14.36,14.00,8,14.67,181,0.35,0.35,900,0.00,1.00,0,0.5000,13.00,100,0,0.00,2,8.27,5.27,5.49,14.80
325470,3.91,3.12,1,14.36,13.84,8,14.67,181,0.35,0.35,909,0.00,1.00,0,0.5000,14.50,100,0,0.00,2,8.27,5.24,5.49,14.80
325574,3.91,3.12,1,14.36,13.92,8,14.67,181,0.34,0.34,915,0.00,1.00,0,0.5000,13.50,100,0,0.00,2,8.27,5.21,5.49,14.80
325678,3.91,3.12,1,14.36,13.84,8,14.66,181,0.34,0.33,926,0.00,1.00,0,0.5000,13.00,100,0,0.00,2,8.13,5.15,5.49,14.80
325782,3.91,3.12,1,14.36,13.92,8,14.67,181,0.34,0.34,923,0.00,1.00,0,0.5000,14.50,100,0,0.00,2,8.13,5.12,5.49,15.10
325886,3.12,3.12,1,14.36,13.84,8,14.66,181,0.33,0.33,927,0.00,1.00,0,0.5000,13.00,100,0,0.00,2,7.98,5.18,5.49,14.30
325990,3.12,3.12,1,14.36,13.92,8,14.67,181,0.34,0.34,925,0.00,1.00,0,0.5000,15.50,100,0,0.00,2,7.98,5.18,5.49,14.50
326094,3.12,3.12,1,14.36,13.92,8,14.67,181,0.33,0.33,923,0.00,1.00,0,0.5000,15.00,100,0,0.00,2,7.98,5.09,5.49,14.50
326198,2.34,3.12,1,14.36,13.92,8,14.66,181,0.33,0.32,937,0.00,1.00,0,0.5000,14.00,100,0,0.00,2,7.84,4.99,5.49,14.40
326302,2.34,3.12,1,14.36,14.00,8,14.66,181,0.32,0.33,926,0.00,1.00,0,0.5000,16.00,100,0,0.00,2,7.84,4.99,5.49,14.30
326406,2.34,3.12,1,14.36,13.84,8,14.67,181,0.32,0.32,915,0.00,1.00,0,0.5000,16.00,100,0,0.00,2,7.84,4.99,5.49,14.30
326510,2.34,3.12,1,14.36,13.84,8,14.67,181,0.32,0.33,924,0.00,1.00,0,0.5000,16.50,100,0,0.00,2,7.84,5.02,5.49,14.30
326614,1.56,3.12,1,14.36,14.00,8,14.67,181,0.32,0.32,907,0.00,1.00,0,0.5000,16.50,100,0,0.00,2,7.84,4.96,5.49,14.20
326718,1.56,3.12,1,14.36,13.92,8,14.67,181,0.32,0.32,913,0.00,1.00,0,0.5000,16.50,100,0,0.00,2,7.84,4.90,5.10,14.30
326822,1.56,3.12,1,14.36,13.92,8,14.67,181,0.32,0.31,911,0.00,1.00,0,0.5000,16.50,100,0,0.00,2,7.84,4.75,5.10,14.20
326926,0.78,3.12,1,14.36,13.84,8,14.67,181,0.32,0.31,909,0.00,1.00,0,0.5000,16.50,100,0,0.00,2,7.69,4.78,5.10,14.20
327030,0.78,3.12,1,14.36,13.92,8,14.67,181,0.31,0.32,915,0.00,1.00,0,0.5000,17.00,100,0,0.00,2,7.69,4.72,5.10,14.30
327134,0.78,3.12,1,14.36,14.00,8,14.67,181,0.31,0.31,901,0.00,1.00,0,0.5000,17.00,100,0,0.00,2,7.69,4.58,5.10,14.30
327238,0.78,3.12,1,14.36,13.84,8,14.67,181,0.31,0.31,893,0.00,1.00,0,0.5000,17.00,100,0,0.00,2,7.69,4.58,5.10,14.40
327342,0.78,3.12,1,14.36,13.76,8,14.68,181,0.31,0.31,870,0.00,1.00,0,0.5000,18.00,100,0,0.00,2,7.69,4.66,5.10,14.30
327446,0.78,3.12,1,14.36,13.84,8,14.68,181,0.31,0.33,872,0.00,1.00,0,0.5000,17.50,100,0,0.00,2,7.84,4.69,5.10,14.40
327551,0.78,3.12,1,14.36,13.84,8,14.68,181,0.31,0.31,852,0.00,1.00,0,0.5000,19.00,100,0,0.00,2,7.84,4.47,5.10,14.50
327654,0.78,3.12,1,14.36,13.84,8,14.68,181,0.32,0.33,865,0.00,1.00,0,0.5000,17.50,100,0,0.00,2,7.84,4.72,5.10,14.50
327758,1.56,3.12,1,14.36,13.92,8,14.68,181,0.32,0.33,859,0.00,1.00,0,0.5000,18.00,100,0,0.00,2,7.84,4.75,5.10,14.40
327862,1.56,3.12,1,14.36,13.84,8,14.68,183,0.32,0.33,860,0.00,1.00,0,0.5000,19.00,100,0,0.00,2,7.84,4.58,5.10,14.70
327966,1.56,3.12,1,14.36,14.00,8,14.68,183,0.32,0.31,851,0.00,1.00,0,0.5000,17.50,100,0,0.00,2,7.84,4.47,4.71,14.90
328070,1.56,3.12,1,14.36,13.84,8,14.68,183,0.32,0.32,862,0.00,1.00,0,0.5000,18.00,100,0,0.00,2,7.84,4.63,4.71,14.80
328174,2.34,3.12,1,14.36,13.92,8,14.68,183,0.32,0.33,850,0.00,1.00,0,0.5000,17.50,100,0,0.00,2,7.84,4.69,4.71,15.00
328278,2.34,3.12,1,14.36,14.00,8,14.68,183,0.32,0.33,847,0.00,1.00,0,0.5000,19.00,100,0,0.00,2,7.98,4.55,4.71,15.00
328382,2.34,3.12,1,14.36,14.00,8,14.68,183,0.32,0.33,848,0.00,1.00,0,0.5000,17.50,100,0,0.00,2,7.98,4.69,4.71,14.90
328486,2.34,3.12,1,14.36,13.92,8,14.68,183,0.33,0.34,843,0.00,1.00,0,0.5000,18.50,100,0,0.00,2,7.98,4.69,4.71,15.00
328590,2.34,3.12,1,14.36,13.76,8,14.68,183,0.33,0.33,837,0.00,1.00,0,0.5000,17.00,100,0,0.00,2,7.98,4.63,4.71,14.90
328694,2.34,3.12,1,14.36,13.84,8,14.69,183,0.33,0.34,826,0.00,1.00,0,0.5000,19.00,100,0,0.00,2,7.98,4.66,4.71,14.90
328798,2.34,3.12,1,14.36,13.84,8,14.68,183,0.32,0.32,850,0.00,1.00,0,0.5000,17.00,100,0,0.00,2,7.98,4.49,4.71,14.90
328902,2.34,3.12,1,14.36,13.92,8,14.69,183,0.32,0.32,834,0.00,1.00,0,0.5000,18.00,100,0,0.00,2,7.98,4.47,4.71,14.80
329006,1.56,3.12,1,14.36,13.92,8,14.68,183,0.32,0.33,844,0.00,1.00,0,0.5000,17.00,100,0,0.00,2,7.98,4.66,4.71,14.90
329110,1.56,3.12,1,14.36,13.68,8,14.69,183,0.32,0.33,834,0.00,1.00,0,0.5000,17.50,100,0,0.00,2,7.98,4.58,4.71,14.70
329214,1.56,3.12,1,14.36,13.84,8,14.68,183,0.33,0.33,840,0.00,1.00,0,0.5000,17.00,100,0,0.00,2,7.98,4.66,4.71,14.80
329318,1.56,3.12,1,14.36,13.92,8,14.68,183,0.33,0.33,836,0.00,1.00,0,0.5000,17.00,100,0,0.00,2,7.98,4.63,4.71,14.50
329422,1.56,3.12,1,14.36,13.92,8,14.68,183,0.33,0.33,850,0.00,1.00,0,0.5000,17.00,100,0,0.00,2,7.98,4.66,4.71,14.50
329526,1.56,3.12,1,14.36,13.92,8,14.69,183,0.33,0.33,830,0.00,1.00,0,0.5000,17.00,100,0,0.00,2,7.98,4.66,4.71,14.60
329630,1.56,3.12,1,14.36,13.92,8,14.69,183,0.33,0.32,833,0.00,1.00,0,0.5000,17.50,100,0,0.00,2,7.98,4.41,4.71,14.60
329734,1.56,3.12,1,14.36,13.84,8,14.69,183,0.33,0.33,819,0.00,1.00,0,0.5000,17.00,100,0,0.00,2,7.98,4.63,4.71,14.50
329838,1.56,3.12,1,14.36,13.92,8,14.69,183,0.33,0.34,822,0.00,1.00,0,0.5000,17.50,100,0,0.00,2,7.98,4.66,4.71,14.60
329942,1.56,3.12,1,14.36,13.84,8,14.69,183,0.33,0.33,828,0.00,1.00,0,0.5000,17.00,100,0,0.00,2,7.98,4.52,4.71,14.50
330046,1.56,3.12,1,14.36,13.92,8,14.69,183,0.33,0.33,819,0.00,1.00,0,0.5000,17.50,100,0,0.00,2,7.98,4.58,4.71,14.50
330150,0.78,3.12,1,14.36,13.92,8,14.69,183,0.32,0.32,826,0.00,1.00,0,0.5000,17.50,100,0,0.00,2,7.98,4.33,4.71,14.50
330255,0.78,3.12,1,14.36,13.92,8,14.69,183,0.32,0.32,824,0.00,1.00,0,0.5000,17.00,100,0,0.00,2,7.98,4.47,4.71,14.50
330358,0.78,3.12,1,14.36,13.92,8,14.69,183,0.32,0.33,828,0.00,1.00,0,0.5000,17.00,100,0,0.00,2,7.98,4.55,4.71,14.50
330463,0.78,3.12,1,14.36,13.84,8,14.69,183,0.32,0.33,816,0.00,1.00,0,0.5000,17.00,100,0,0.00,2,7.98,4.50,4.71,14.50
330566,0.78,3.12,1,14.36,14.00,8,14.69,183,0.33,0.33,810,0.00,1.00,0,0.5000,17.50,100,0,0.00,2,8.13,4.47,4.71,14.50
330670,0.78,3.12,1,14.36,13.84,8,14.69,183,0.33,0.34,814,0.00,1.00,0,0.5000,17.00,100,0,0.00,2,8.13,4.55,4.71,14.50
330774,0.78,3.12,1,14.36,13.84,8,14.69,183,0.33,0.33,804,0.00,1.00,0,0.5000,17.00,100,0,0.00,2,8.13,4.55,4.71,14.50
330879,1.56,3.12,1,14.36,13.92,8,14.69,183,0.33,0.35,816,0.00,1.00,0,0.5000,17.50,100,0,0.00,2,8.13,4.66,4.71,14.50
330982,1.56,3.12,1,14.36,13.84,8,14.69,183,0.34,0.35,798,0.00,1.00,0,0.5000,17.00,100,0,0.00,2,8.13,4.69,4.71,14.80
331087,1.56,3.12,1,14.36,13.92,8,14.69,183,0.34,0.34,808,0.00,1.00,0,0.5000,17.00,100,0,0.00,2,8.13,4.63,4.71,14.80
331191,1.56,3.91,1,14.36,13.84,8,14.69,183,0.34,0.33,825,0.00,1.00,0,0.5000,17.00,100,0,0.00,2,8.13,4.58,4.71,14.80
331295,1.56,3.91,1,14.36,13.84,8,14.69,183,0.34,0.34,828,0.00,1.00,0,0.5000,17.00,100,0,0.00,2,8.13,4.69,4.71,14.80
331399,0.78,3.91,1,14.36,13.92,8,14.69,183,0.33,0.33,832,0.00,1.00,0,0.5000,17.00,100,0,0.00,2,8.13,4.55,4.71,14.80
331503,0.78,3.91,1,14.36,14.00,8,14.68,183,0.33,0.32,836,0.00,1.00,0,0.5000,16.50,100,0,0.00,2,8.13,4.47,4.71,14.70
331606,0.78,3.91,1,14.36,14.00,8,14.68,183,0.33,0.33,848,0.00,1.00,0,0.5000,17.00,100,0,0.00,2,7.98,4.61,4.71,14.70
331711,0.78,3.91,1,14.36,13.92,8,14.68,183,0.33,0.32,837,0.00,1.00,0,0.5000,16.50,100,0,0.00,2,7.98,4.55,4.71,14.70
331814,0.78,3.91,1,14.36,13.84,8,14.68,183,0.33,0.33,835,0.00,1.00,0,0.5000,17.00,100,0,0.00,2,7.98,4.61,4.71,14.90
331919,0.78,3.91,1,14.36,13.84,8,14.69,183,0.33,0.33,831,0.00,1.00,0,0.5000,16.50,100,0,0.00,2,7.98,4.61,4.71,14.60
332022,0.78,3.91,1,14.36,13.92,8,14.69,183,0.33,0.34,818,0.00,1.00,0,0.5000,17.00,100,0,0.00,2,7.98,4.61,4.71,14.50
332126,0.78,3.91,1,14.36,13.84,8,14.69,183,0.33,0.33,828,0.00,1.00,0,0.5000,17.00,100,0,0.00,2,7.98,4.58,4.71,14.60
332230,0.78,3.91,1,14.36,13.92,8,14.69,183,0.33,0.33,820,0.00,1.00,0,0.5000,17.00,100,0,0.00,2,7.98,4.58,4.71,14.60
332334,0.78,3.91,1,14.36,13.92,8,14.69,183,0.33,0.33,825,0.00,1.00,0,0.5000,17.00,100,0,0.00,2,8.13,4.55,4.71,14.60
332439,0.78,3.91,1,14.36,13.92,8,14.69,183,0.33,0.34,822,0.00,1.00,0,0.5000,17.00,100,0,0.00,2,8.13,4.61,4.71,14.60
332543,0.78,3.91,1,14.36,13.84,8,14.69,183,0.33,0.34,814,0.00,1.00,0,0.5000,17.00,100,0,0.00,2,8.13,4.55,4.71,14.60
332646,0.78,3.91,1,14.36,13.84,8,14.69,183,0.33,0.33,810,0.00,1.00,0,0.5000,17.00,100,0,0.00,2,8.13,4.52,4.71,14.70
332751,0.78,3.91,1,14.36,13.92,8,14.69,183,0.33,0.34,816,0.00,1.00,0,0.5000,17.00,100,0,0.00,2,8.13,4.66,4.71,14.60
332855,0.78,3.91,1,14.36,13.92,8,14.69,183,0.33,0.34,818,0.00,1.00,0,0.5000,17.00,100,0,0.00,2,8.13,4.61,4.71,14.70
332959,0.78,3.91,1,14.36,13.84,8,14.69,183,0.33,0.34,825,0.00,1.00,0,0.5000,16.50,100,0,0.00,2,8.13,4.63,4.71,14.60
333063,0.78,3.91,1,14.36,13.92,8,14.68,183,0.33,0.33,839,0.00,1.00,0,0.5000,17.00,100,0,0.00,2,8.13,4.66,4.71,14.80
333167,0.78,3.91,1,14.36,14.00,8,14.69,183,0.33,0.33,832,0.00,1.00,0,0.5000,16.50,100,0,0.00,2,8.13,4.63,4.71,14.70
333271,0.78,3.91,1,14.36,14.00,8,14.68,183,0.33,0.33,840,0.00,1.00,0,0.5000,17.00,100,0,0.00,2,7.98,4.50,4.71,14.70
333375,0.78,3.91,1,14.36,13.92,8,14.68,183,0.33,0.32,835,0.00,1.00,0,0.5000,16.50,100,0,0.00,2,7.98,4.55,4.71,14.70
333479,0.78,3.91,1,14.36,13.84,8,14.69,183,0.33,0.34,830,0.00,1.00,0,0.5000,17.00,100,0,0.00,2,7.98,4.69,4.71,14.70
333583,0.78,3.91,1,14.36,13.84,8,14.68,183,0.33,0.34,836,0.00,1.00,0,0.5000,16.50,100,0,0.00,2,7.98,4.75,4.71,14.70
333687,0.78,3.91,1,14.36,13.84,8,14.69,183,0.33,0.34,817,0.00,1.00,0,0.5000,17.00,100,0,0.00,2,7.98,4.69,4.71,14.60
333791,0.78,3.91,1,14.36,13.92,8,14.69,183,0.34,0.35,817,0.00,1.00,0,0.5000,17.00,100,0,0.00,2,8.13,4.66,4.71,14.70
333895,0.78,3.91,1,14.36,13.92,8,14.69,183,0.34,0.35,817,0.00,1.00,0,0.5000,17.00,100,0,0.00,2,8.13,4.72,4.71,14.50
333999,0.78,3.91,1,14.36,13.84,8,14.69,183,0.34,0.34,828,0.00,1.00,0,0.5000,17.00,100,0,0.00,2,8.13,4.63,4.71,14.80
334103,0.78,3.91,1,14.36,13.84,8,14.69,183,0.34,0.34,827,0.00,1.00,0,0.5000,17.00,100,0,0.00,2,8.13,4.69,4.71,14.60
334207,0.00,3.91,1,14.36,13.92,8,14.68,183,0.33,0.33,837,0.00,1.00,0,0.5000,16.50,100,0,0.00,2,8.13,4.61,4.71,14.70
334311,0.00,3.91,1,14.36,13.84,8,14.68,183,0.33,0.32,852,0.00,1.00,0,0.5000,16.00,100,0,0.00,2,7.98,4.61,4.71,14.50
334414,0.00,3.91,1,14.36,13.84,8,14.69,183,0.33,0.34,834,0.00,1.00,0,0.5000,17.00,100,0,0.00,2,7.98,4.69,4.71,14.50
334519,0.00,3.91,1,14.36,13.92,8,14.68,183,0.33,0.33,838,0.00,1.00,0,0.5000,17.00,100,0,0.00,2,7.98,4.61,4.71,14.50
334623,0.00,3.91,1,14.36,13.84,8,14.69,183,0.33,0.33,818,0.00,1.00,0,0.5000,17.00,100,0,0.00,2,7.98,4.61,4.71,14.50
334727,0.00,3.91,1,14.36,13.92,8,14.69,183,0.33,0.34,823,0.00,1.00,0,0.5000,17.00,100,0,0.00,2,7.98,4.61,4.71,14.50
334831,0.00,3.91,1,14.36,13.92,8,14.69,183,0.33,0.33,813,0.00,1.00,0,0.5000,17.00,100,0,0.00,2,8.13,4.52,4.71,14.40
334935,0.00,3.91,1,14.36,13.92,8,14.69,183,0.33,0.34,819,0.00,1.00,0,0.5000,17.00,100,0,0.00,2,8.13,4.55,4.71,14.50
335039,0.00,3.91,1,14.36,13.92,8,14.69,183,0.34,0.35,810,0.00,1.00,0,0.5000,17.00,100,0,0.00,2,8.13,4.69,4.71,14.50
335143,0.00,3.91,1,14.36,13.84,8,14.69,183,0.34,0.35,805,0.00,1.00,0,0.5000,17.00,100,0,0.00,2,8.13,4.72,4.71,14.50
335246,0.00,3.91,1,14.36,13.84,8,14.69,183,0.34,0.35,815,0.00,1.00,0,0.5000,17.00,100,0,0.00,2,8.13,4.69,4.71,14.50
335351,0.00,3.91,1,14.36,13.92,8,14.69,183,0.34,0.35,806,0.00,1.00,0,0.5000,17.00,100,0,0.00,2,8.13,4.75,4.71,14.50
335455,0.00,3.91,1,14.36,13.92,8,14.69,183,0.34,0.35,822,0.00,1.00,0,0.5000,17.00,100,0,0.00,2,8.13,4.69,4.71,14.80
335559,0.00,3.91,1,14.36,13.92,8,14.69,183,0.34,0.34,831,0.00,1.00,0,0.5000,16.50,100,0,0.00,2,8.13,4.69,4.71,14.80
335663,0.00,3.91,1,14.36,13.84,8,14.69,183,0.34,0.34,817,0.00,1.00,0,0.5000,17.00,100,0,0.00,2,8.13,4.69,4.71,14.80
335767,0.00,3.91,1,14.36,13.84,8,14.69,183,0.34,0.34,832,0.00,1.00,0,0.5000,16.50,100,0,0.00,2,8.13,4.78,4.71,14.80
335871,0.00,3.91,1,14.36,13.76,8,14.68,183,0.34,0.33,838,0.00,1.00,0,0.5000,16.50,100,0,0.00,2,8.13,4.69,4.71,14.80
335974,0.00,3.91,1,14.36,13.92,8,14.68,183,0.33,0.33,855,0.00,1.00,0,0.5000,16.00,100,0,0.00,2,7.98,4.63,4.71,14.70
336079,-0.78,3.91,1,14.36,13.92,8,14.68,183,0.33,0.33,838,0.00,1.00,0,0.5000,16.50,100,0,0.00,2,7.98,4.58,4.71,14.70
336182,-0.78,3.91,1,14.36,13.84,8,14.68,183,0.33,0.33,853,0.00,1.00,0,0.5000,16.50,100,0,0.00,2,7.98,4.58,4.71,14.60
336287,-0.78,3.91,1,14.36,13.92,8,14.68,183,0.32,0.31,842,0.00,1.00,0,0.5000,16.00,100,0,0.00,2,7.98,4.55,4.71,14.50
336391,-0.78,3.91,1,14.36,14.00,8,14.68,183,0.33,0.33,850,0.00,1.00,0,0.5000,16.50,100,0,0.00,2,7.98,4.78,4.71,14.60
336495,-0.78,3.91,1,14.36,13.92,8,14.68,183,0.33,0.33,835,0.00,1.00,0,0.5000,16.50,100,0,0.00,2,7.98,4.66,4.71,14.50
336599,-0.78,3.91,1,14.36,13.92,8,14.69,183,0.33,0.34,832,0.00,1.00,0,0.5000,17.00,100,0,0.00,2,7.98,4.66,4.71,14.50
336703,-0.78,3.91,1,14.36,13.92,8,14.69,183,0.33,0.34,834,0.00,1.00,0,0.5000,17.00,100,0,0.00,2,7.98,4.69,4.71,14.60
336807,-0.78,3.91,1,14.36,13.68,8,14.69,183,0.34,0.35,817,0.00,1.00,0,0.5000,17.00,100,0,0.00,2,7.98,4.78,4.71,14.60
336911,-0.78,3.91,1,14.36,13.84,8,14.69,183,0.34,0.34,827,0.00,1.00,0,0.5000,17.00,100,0,0.00,2,7.98,4.63,4.71,14.70
337015,-0.78,3.91,1,14.36,13.84,8,14.69,183,0.34,0.34,816,0.00,1.00,0,0.5000,17.00,100,0,0.00,2,8.13,4.66,4.71,14.80
337119,-0.78,3.91,1,14.36,13.92,8,14.69,183,0.34,0.34,833,0.00,1.00,0,0.5000,17.00,100,0,0.00,2,8.13,4.61,4.71,14.70
337223,-0.78,3.91,1,14.36,14.00,8,14.69,183,0.33,0.33,832,0.00,1.00,0,0.5000,16.50,100,0,0.00,2,8.13,4.58,4.71,14.70
337327,-0.78,3.91,1,14.36,13.92,8,14.68,183,0.33,0.34,834,0.00,1.00,0,0.5000,17.00,100,0,0.00,2,7.98,4.66,4.71,14.60
337431,-0.78,3.91,1,14.36,13.76,8,14.69,183,0.33,0.34,826,0.00,1.00,0,0.5000,17.00,100,0,0.00,2,7.98,4.72,4.71,14.50
337535,-0.78,3.91,1,14.36,13.84,8,14.69,183,0.33,0.33,830,0.00,1.00,0,0.5000,17.00,100,0,0.00,2,7.98,4.55,4.71,14.50
337638,-0.78,3.91,1,14.36,13.84,8,14.69,183,0.33,0.34,832,0.00,1.00,0,0.5000,17.00,100,0,0.00,2,7.98,4.69,4.71,14.60
337743,-0.78,3.91,1,14.36,13.92,8,14.69,183,0.33,0.33,824,0.00,1.00,0,0.5000,17.00,100,0,0.00,2,7.98,4.58,4.71,14.60
337847,-0.78,3.91,1,14.36,13.92,8,14.69,183,0.33,0.34,830,0.00,1.00,0,0.5000,17.00,100,0,0.00,2,8.13,4.66,4.71,14.70
337951,-0.78,3.91,1,14.36,13.84,8,14.69,183,0.34,0.34,819,0.00,1.00,0,0.5000,17.00,100,0,0.00,2,8.13,4.72,4.71,14.70
338055,-0.78,3.91,1,14.36,14.00,8,14.69,183,0.34,0.34,832,0.00,1.00,0,0.5000,17.00,100,0,0.00,2,8.13,4.75,4.71,14.60
338159,-0.78,3.91,1,14.36,13.84,8,14.69,183,0.34,0.34,825,0.00,1.00,0,0.5000,17.00,100,0,0.00,2,8.13,4.75,4.71,14.60
338263,-0.78,3.91,1,14.36,13.92,8,14.69,183,0.34,0.35,816,0.00,1.00,0,0.5000,17.00,100,0,0.00,2,8.13,4.72,4.71,14.80
338367,-0.78,3.91,1,14.36,13.84,8,14.68,183,0.34,0.33,836,0.00,1.00,0,0.5000,16.50,100,0,0.00,2,8.13,4.66,4.71,14.70
338472,-0.78,3.91,1,14.36,13.84,8,14.69,183,0.34,0.34,828,0.00,1.00,0,0.5000,17.00,100,0,0.00,2,8.13,4.72,4.71,14.70
338575,-0.78,3.91,1,14.36,13.92,8,14.68,183,0.33,0.33,845,0.00,1.00,0,0.5000,16.50,100,0,0.00,2,7.98,4.58,4.71,14.70
338679,-0.78,3.91,1,14.36,13.92,8,14.69,183,0.33,0.33,834,0.00,1.00,0,0.5000,17.00,100,0,0.00,2,7.98,4.61,4.71,14.60
338783,-0.78,3.91,1,14.36,13.92,8,14.68,183,0.33,0.34,835,0.00,1.00,0,0.5000,17.00,100,0,0.00,2,7.98,4.66,4.71,14.60
338887,-0.78,3.91,1,14.36,14.00,8,14.69,183,0.33,0.33,828,0.00,1.00,0,0.5000,17.00,100,0,0.00,2,7.98,4.63,4.71,14.70
338991,-0.78,3.91,1,14.36,13.84,8,14.68,183,0.33,0.34,837,0.00,1.00,0,0.5000,17.00,100,0,0.00,2,7.98,4.66,4.71,14.70
339095,-1.56,3.91,1,14.36,14.00,8,14.69,183,0.33,0.34,825,0.00,1.00,0,0.5000,17.00,100,0,0.00,2,7.98,4.72,4.71,14.70
339199,-1.56,3.91,1,14.36,13.84,8,14.69,183,0.33,0.34,832,0.00,1.00,0,0.5000,17.00,100,0,0.00,2,7.98,4.69,4.71,14.60
339303,-0.78,3.91,1,14.36,13.84,8,14.68,183,0.33,0.33,836,0.00,1.00,0,0.5000,17.00,100,0,0.00,2,7.98,4.66,4.71,14.60
339407,-0.78,3.91,1,14.36,13.92,8,14.69,183,0.34,0.34,814,0.00,1.00,0,0.5000,17.00,100,0,0.00,2,8.13,4.66,4.71,14.60
339511,-0.78,3.91,1,14.36,13.84,8,14.69,183,0.34,0.35,814,0.00,1.00,0,0.5000,17.00,100,0,0.00,2,8.13,4.66,4.71,14.80
339615,-0.78,3.91,1,14.36,13.76,8,14.69,183,0.34,0.35,808,0.00,1.00,0,0.5000,17.00,100,0,0.00,2,8.13,4.72,4.71,14.80
339719,-1.56,3.91,1,14.36,13.84,8,14.69,183,0.34,0.35,817,0.00,1.00,0,0.5000,17.00,100,0,0.00,2,8.13,4.75,4.71,14.70
339823,-1.56,3.91,1,14.36,13.84,8,14.69,183,0.34,0.34,817,0.00,1.00,0,0.5000,17.00,100,0,0.00,2,8.13,4.66,4.71,14.70
339927,-1.56,3.91,1,14.36,14.00,8,14.69,183,0.34,0.34,810,0.00,1.00,0,0.5000,17.00,100,0,0.00,2,8.13,4.61,4.71,14.70
340031,-1.56,3.91,1,14.36,14.00,8,14.69,183,0.34,0.35,813,0.00,1.00,0,0.5000,17.00,100,0,0.00,2,8.27,4.69,4.71,14.70
340135,-1.56,3.91,1,14.36,13.92,8,14.69,183,0.34,0.35,813,0.00,1.00,0,0.5000,10.00,100,0,0.00,2,8.27,4.72,3.53,14.70
340239,-1.56,3.91,1,14.36,13.84,8,14.69,183,0.32,0.31,824,0.00,1.07,0,0.5000,10.00,100,0,0.00,2,7.84,3.92,3.53,14.80
340343,-0.78,3.91,1,14.36,14.00,8,14.68,183,0.30,0.26,843,0.00,1.10,0,0.5000,10.00,100,0,0.00,2,7.55,3.74,3.53,14.70
340447,-0.78,3.91,1,14.36,14.00,8,14.68,183,0.29,0.27,849,0.00,1.00,0,0.5000,10.00,100,0,0.00,2,7.25,3.74,3.92,14.70
340551,-1.56,3.91,1,14.36,13.92,8,14.68,183,0.28,0.27,837,0.00,1.00,0,0.5000,16.50,100,0,0.00,2,7.11,3.82,3.92,14.80
340655,-1.56,3.91,1,14.36,13.92,8,14.68,183,0.28,0.28,849,0.00,1.00,0,0.5000,16.00,100,0,0.00,2,6.96,3.92,3.92,14.70
340759,-2.34,3.91,1,14.36,13.92,8,14.68,183,0.28,0.28,850,0.00,1.00,0,0.5000,16.50,100,0,0.00,2,6.96,3.98,3.92,14.60
340863,-2.34,3.91,1,14.36,13.92,8,14.68,183,0.28,0.28,847,0.00,1.00,0,0.5000,16.50,100,0,0.00,2,6.82,3.98,3.92,14.50
340967,-3.12,3.91,1,14.36,13.92,8,14.68,183,0.28,0.28,854,0.00,1.00,0,0.5000,16.00,100,0,0.00,2,6.82,3.98,3.92,14.40
341071,-3.12,3.91,1,14.36,13.60,8,14.68,183,0.28,0.29,844,0.00,1.00,0,0.5000,16.50,100,0,0.00,2,6.82,4.06,3.92,14.40
341176,-3.91,3.91,1,14.36,13.84,8,14.68,183,0.28,0.28,853,0.00,1.00,0,0.5000,16.50,100,0,0.00,2,6.67,3.98,3.92,14.30
341279,-3.91,3.91,1,14.36,13.92,8,14.69,183,0.28,0.28,833,0.00,1.00,0,0.5000,17.00,100,0,0.00,2,6.67,3.92,3.92,14.20
341383,-4.69,3.91,1,14.36,13.84,8,14.68,183,0.27,0.28,838,0.00,1.00,0,0.5000,17.00,100,0,0.00,2,6.67,3.87,3.92,14.10
341487,-4.69,3.91,1,14.36,14.00,8,14.69,183,0.27,0.28,824,0.00,1.00,0,0.5000,16.50,100,0,0.00,2,6.67,3.90,3.53,14.10
341591,-5.47,3.91,1,14.36,13.92,8,14.69,183,0.28,0.29,813,0.00,1.00,0,0.5000,17.50,100,0,0.00,2,6.67,3.87,3.92,14.00
341695,-6.25,3.91,1,14.36,13.60,8,14.69,183,0.28,0.29,797,0.00,1.00,0,0.5000,18.50,100,0,0.00,2,6.67,3.79,3.92,13.90
341799,-6.25,3.91,1,14.36,13.92,8,14.69,183,0.27,0.28,803,0.00,1.00,0,0.5000,17.50,100,0,0.00,2,6.82,3.77,3.53,13.90
341903,-6.25,3.91,1,14.36,13.92,8,14.69,183,0.28,0.29,789,0.00,1.00,0,0.5000,19.00,100,0,0.00,2,6.82,3.77,3.53,13.90
342007,-7.03,3.91,1,14.36,13.92,8,14.69,183,0.28,0.28,776,0.00,1.00,0,0.5000,18.50,100,0,0.00,2,6.82,3.70,3.53,13.90
342111,-7.03,3.91,1,14.36,13.84,8,14.69,183,0.28,0.28,772,0.00,1.00,0,0.5000,19.50,100,0,0.00,2,6.82,3.62,3.53,13.90
342215,-7.81,3.91,1,14.36,14.00,8,14.69,183,0.28,0.29,782,0.00,1.00,0,0.5000,18.00,100,0,0.00,2,6.82,3.70,3.53,13.90
342320,-7.81,3.91,1,14.36,13.92,8,14.69,183,0.28,0.28,766,0.00,1.00,0,0.5000,18.50,100,0,0.00,2,6.82,3.67,3.53,13.90
342423,-7.81,3.91,1,14.36,13.84,8,14.69,183,0.28,0.30,750,0.00,1.00,0,0.5000,20.50,100,0,0.00,2,6.82,3.72,3.53,13.90
342527,-7.81,3.91,1,14.36,13.92,8,14.69,183,0.28,0.30,771,0.00,1.00,0,0.5000,20.00,100,0,0.00,2,6.96,3.74,3.53,14.10
342631,-7.81,3.91,1,14.36,13.84,8,14.69,183,0.28,0.30,747,0.00,1.00,0,0.5000,19.50,100,0,0.00,2,6.96,3.74,3.53,14.20
342735,-7.81,3.91,1,14.36,13.92,8,14.69,183,0.28,0.29,755,0.00,1.00,0,0.5000,19.00,100,0,0.00,2,6.96,3.67,3.53,14.20
342840,-7.81,3.91,1,14.36,13.92,8,14.69,183,0.28,0.29,757,0.00,1.00,0,0.5000,19.00,100,0,0.00,2,6.96,3.65,3.53,14.40
342944,-7.81,3.91,1,14.36,13.84,8,14.69,183,0.28,0.29,753,0.00,1.00,0,0.5000,18.50,100,0,0.00,2,6.96,3.65,3.53,14.40
343047,-7.81,3.12,1,14.36,13.92,8,14.69,183,0.28,0.29,744,0.00,1.00,0,0.5000,19.00,100,0,0.00,2,6.96,3.65,3.53,14.40
343151,-7.81,3.12,1,14.36,13.92,8,14.69,183,0.28,0.28,762,0.00,1.00,0,0.5000,18.00,100,0,0.00,2,6.96,3.57,3.53,14.50
343255,-7.81,3.12,1,14.36,13.84,8,14.69,183,0.28,0.29,740,0.00,1.00,0,0.5000,19.00,100,0,0.00,2,6.96,3.62,3.53,14.60
343359,-7.81,3.12,1,14.36,13.92,8,14.69,183,0.28,0.29,742,0.00,1.00,0,0.5000,18.00,100,0,0.00,2,6.96,3.62,3.53,14.60
343464,-7.81,3.12,1,14.36,13.76,8,14.69,183,0.28,0.29,731,0.00,1.00,0,0.5000,19.50,100,0,0.00,2,7.11,3.55,3.53,14.60
343567,-7.81,3.12,1,14.36,13.92,8,14.69,183,0.28,0.29,741,0.00,1.00,0,0.5000,18.50,100,0,0.00,2,7.11,3.55,3.53,14.60
343671,-7.81,3.12,1,14.36,13.84,8,14.69,183,0.28,0.29,738,0.00,1.00,0,0.5000,18.00,100,0,0.00,2,7.11,3.57,3.53,14.60
343776,-7.81,3.12,1,14.36,13.92,8,14.69,183,0.28,0.29,737,0.00,1.00,0,0.5000,18.00,100,0,0.00,2,7.11,3.62,3.53,14.50
343880,-7.81,3.12,1,14.36,13.92,8,14.69,183,0.29,0.30,728,0.00,1.00,0,0.5000,18.50,100,0,0.00,2,7.11,3.70,3.53,14.60
343983,-7.81,3.12,1,14.36,14.00,8,14.69,183,0.29,0.30,740,0.00,1.00,0,0.5000,17.50,100,0,0.00,2,7.11,3.62,3.53,14.70
344087,-7.81,3.12,1,14.36,13.84,8,14.69,183,0.29,0.29,715,0.00,1.00,0,0.5000,18.00,100,0,0.00,2,7.11,3.55,3.53,14.60
344192,-7.81,3.12,1,14.36,14.00,8,14.69,183,0.29,0.30,719,0.00,1.00,0,0.5000,18.50,100,0,0.00,2,7.25,3.65,3.53,14.70
344296,-7.81,3.12,1,14.36,13.92,8,14.69,183,0.29,0.31,719,0.00,1.00,0,0.5000,19.50,100,0,0.00,2,7.25,3.62,3.53,14.70
344400,-7.03,3.12,1,14.36,14.00,8,14.69,183,0.29,0.30,716,0.00,1.00,0,0.5000,18.50,100,0,0.00,2,7.25,3.62,3.53,14.70
344504,-7.03,3.12,1,14.36,13.84,8,14.69,183,0.29,0.30,722,0.00,1.00,0,0.5000,17.50,100,0,0.00,2,7.40,3.65,3.53,14.80
344607,-7.03,3.12,1,14.36,14.00,8,14.69,183,0.29,0.30,716,0.00,1.00,0,0.5000,18.00,100,0,0.00,2,7.40,3.65,3.53,14.90
344712,-7.03,3.12,1,14.36,13.84,8,14.69,183,0.30,0.31,721,0.00,1.00,0,0.5000,17.50,100,0,0.00,2,7.40,3.67,3.53,15.00
344816,-7.03,3.12,1,14.36,13.92,8,14.69,183,0.30,0.31,728,0.00,1.00,0,0.5000,17.00,100,0,0.00,2,7.40,3.74,3.53,14.80
344920,-7.03,3.12,1,14.36,13.92,8,14.69,183,0.30,0.30,731,0.00,1.00,0,0.5000,17.00,100,0,0.00,2,7.40,3.70,3.53,14.90
345024,-6.25,3.12,1,14.36,14.00,8,14.69,183,0.30,0.30,737,0.00,1.00,0,0.5000,17.00,100,0,0.00,2,7.40,3.77,3.53,14.70
345128,-6.25,3.12,1,14.36,13.84,8,14.69,183,0.30,0.30,757,0.00,1.00,0,0.5000,17.00,100,0,0.00,2,7.40,3.72,3.53,14.70
345232,-6.25,3.12,1,14.36,13.76,8,14.69,185,0.29,0.29,745,0.00,1.00,0,0.5000,17.00,100,0,0.00,2,7.40,3.62,3.53,15.00
345336,-6.25,3.12,1,14.36,13.92,8,14.69,185,0.29,0.30,739,0.00,1.00,0,0.5000,17.00,100,0,0.00,2,7.25,3.72,3.53,15.00
345440,-6.25,3.12,1,14.36,13.76,8,14.69,185,0.29,0.30,747,0.00,1.00,0,0.5000,17.00,100,0,0.00,2,7.25,3.72,3.92,15.00
345544,-5.47,3.12,1,14.36,14.00,8,14.69,185,0.29,0.30,769,0.00,1.00,0,0.5000,16.00,100,0,0.00,2,7.25,3.74,3.53,15.10
345648,-5.47,3.12,1,14.36,13.92,8,14.69,185,0.29,0.29,758,0.00,1.00,0,0.5000,16.00,100,0,0.00,2,7.25,3.72,3.92,15.00
345752,-5.47,3.12,1,14.36,13.92,8,14.69,185,0.29,0.30,757,0.00,1.00,0,0.5000,16.50,100,0,0.00,2,7.25,3.74,3.92,15.00
345856,-5.47,3.12,1,14.36,13.92,8,14.69,185,0.29,0.30,773,0.00,1.00,0,0.5000,16.00,100,0,0.00,2,7.25,3.79,3.92,15.10
345960,-5.47,3.12,1,14.36,14.00,8,14.69,185,0.29,0.30,772,0.00,1.00,0,0.5000,16.50,100,0,0.00,2,7.25,3.77,3.92,15.00
346064,-5.47,3.12,1,14.36,13.92,8,14.69,185,0.29,0.30,764,0.00,1.00,0,0.5000,16.50,100,0,0.00,2,7.11,3.77,3.92,15.00
346168,-5.47,3.12,1,14.36,13.92,8,14.69,185,0.29,0.30,765,0.00,1.00,0,0.5000,16.50,100,0,0.00,2,7.11,3.84,3.92,15.10
346272,-5.47,3.12,1,14.36,13.92,8,14.69,185,0.29,0.30,768,0.00,1.00,0,0.5000,16.00,100,0,0.00,2,7.11,3.84,3.92,14.80
346376,-5.47,3.12,1,14.36,13.76,8,14.69,185,0.29,0.31,750,0.00,1.00,0,0.5000,17.00,100,0,0.00,2,7.11,3.82,3.92,14.80
346479,-5.47,3.12,1,14.36,14.00,8,14.69,185,0.29,0.30,769,0.00,1.00,0,0.5000,16.50,100,0,0.00,2,7.11,3.79,3.92,14.90
346584,-5.47,3.12,1,14.36,14.00,8,14.69,185,0.29,0.30,748,0.00,1.00,0,0.5000,16.50,100,0,0.00,2,7.11,3.84,3.92,14.80
346688,-5.47,3.12,1,14.36,13.84,8,14.69,185,0.29,0.31,751,0.00,1.00,0,0.5000,17.00,100,0,0.00,2,7.25,3.82,3.92,14.80
346792,-5.47,3.12,1,14.36,13.92,8,14.69,185,0.29,0.29,766,0.00,1.00,0,0.5000,16.50,100,0,0.00,2,7.25,3.77,3.92,14.80
346896,-5.47,3.12,1,14.36,13.84,8,14.69,185,0.29,0.30,762,0.00,1.00,0,0.5000,16.50,100,0,0.00,2,7.11,3.79,3.53,14.80
347000,-5.47,3.12,1,14.36,13.92,8,14.69,185,0.29,0.31,748,0.00,1.00,0,0.5000,17.00,100,0,0.00,2,7.25,3.90,3.92,14.80
347104,-5.47,3.12,1,14.36,13.92,8,14.69,185,0.30,0.31,755,0.00,1.00,0,0.5000,17.00,100,0,0.00,2,7.25,3.82,3.53,14.70
347208,-5.47,3.12,1,14.36,13.92,8,14.69,185,0.30,0.30,763,0.00,1.00,0,0.5000,17.00,100,0,0.00,2,7.25,3.79,3.92,14.80
347311,-5.47,3.12,1,14.36,13.92,8,14.69,185,0.29,0.30,757,0.00,1.00,0,0.5000,17.00,100,0,0.00,2,7.25,3.82,3.53,14.80
347416,-5.47,3.12,1,14.36,13.92,8,14.69,185,0.29,0.30,756,0.00,1.00,0,0.5000,17.00,100,0,0.00,2,7.11,3.82,3.92,14.70
347520,-5.47,3.12,1,14.36,13.84,8,14.69,185,0.29,0.30,765,0.00,1.00,0,0.5000,16.50,100,0,0.00,2,7.25,3.77,3.53,14.90
347624,-5.47,3.12,1,14.36,14.00,8,14.69,185,0.29,0.29,774,0.00,1.00,0,0.5000,16.50,100,0,0.00,2,7.11,3.79,3.92,14.70
347728,-5.47,3.12,1,14.36,14.00,8,14.69,185,0.29,0.30,772,0.00,1.00,0,0.5000,16.50,100,0,0.00,2,7.11,3.84,3.53,14.60
347832,-5.47,3.12,1,14.36,13.84,8,14.69,185,0.29,0.29,771,0.00,1.00,0,0.5000,16.50,100,0,0.00,2,7.11,3.77,3.53,14.50
347936,-6.25,3.12,1,14.36,13.60,8,14.69,185,0.29,0.30,762,0.00,1.00,0,0.5000,17.00,100,0,0.00,2,7.11,3.79,4.31,14.60
348040,-6.25,3.12,1,14.36,13.92,8,14.69,185,0.30,0.30,751,0.00,1.00,0,0.5000,17.00,100,0,0.00,2,7.11,3.79,5.10,14.60
348144,-6.25,3.12,1,14.36,13.92,8,14.69,185,0.32,0.36,745,0.00,0.89,0,0.5000,17.00,100,0,0.00,2,7.69,4.52,5.10,14.60
348248,-6.25,3.12,1,14.36,13.84,8,14.69,185,0.34,0.38,720,0.00,0.88,0,0.5000,18.00,100,0,0.00,2,7.98,4.63,5.10,14.50
348352,-5.47,3.12,1,14.36,13.84,8,14.69,185,0.35,0.38,740,0.00,0.91,0,0.5000,17.00,100,0,0.00,2,8.27,4.69,5.49,14.50
348456,-5.47,3.12,1,14.36,13.92,8,14.69,185,0.36,0.39,754,0.00,0.99,0,0.5000,17.00,100,0,0.00,2,8.56,4.87,5.10,14.60
348560,-4.69,3.12,1,14.36,13.84,8,14.69,185,0.37,0.40,737,0.00,0.92,0,0.5000,17.00,100,0,0.00,2,8.85,4.93,5.10,14.70
348664,-3.91,3.12,1,14.36,14.00,8,14.69,185,0.38,0.40,727,0.00,0.99,0,0.5000,17.00,102,0,0.00,2,9.00,4.87,5.49,14.80
348768,-3.12,3.12,1,14.36,13.76,8,14.69,185,0.38,0.39,757,0.00,0.99,0,0.5000,17.00,102,0,0.00,2,9.14,4.87,5.49,15.20
348872,-2.34,3.12,1,14.36,13.84,8,14.69,185,0.38,0.38,774,0.00,0.99,0,0.5000,16.00,102,0,0.00,2,9.14,4.90,5.49,15.50
348976,-2.34,3.12,1,14.36,14.00,8,14.69,185,0.38,0.39,780,0.00,0.99,0,0.5000,16.00,102,0,0.00,2,9.14,5.02,5.49,15.60
349080,-1.56,3.12,1,14.36,13.92,8,14.69,185,0.38,0.38,821,0.00,0.99,0,0.5000,14.50,102,0,0.00,2,9.14,5.02,5.49,15.70
349184,0.00,3.12,1,14.36,13.92,8,14.69,185,0.37,0.35,816,0.00,0.99,0,0.5000,12.50,102,0,0.00,2,9.00,4.87,5.49,15.90
349288,0.78,3.12,1,14.36,13.92,8,14.69,185,0.37,0.37,826,0.00,1.00,0,0.5000,13.50,102,0,0.00,2,9.00,5.05,5.49,15.90
349392,1.56,3.12,1,14.36,13.92,8,14.68,185,0.37,0.36,848,0.00,1.00,0,0.5000,12.00,102,0,0.00,2,8.85,5.12,5.49,15.90
349497,1.56,3.12,1,14.36,13.84,8,14.68,185,0.36,0.36,849,0.00,1.00,0,0.5000,12.50,102,0,0.00,2,8.85,5.05,5.49,16.00
349600,1.56,3.12,1,14.36,13.84,8,14.68,185,0.36,0.35,868,0.00,1.00,0,0.5000,12.00,102,0,0.00,2,8.71,5.02,5.49,15.90
349704,1.56,3.12,1,14.36,13.92,8,14.68,185,0.36,0.36,860,0.00,1.00,0,0.5000,13.00,102,0,0.00,2,8.56,5.09,5.49,15.70
349808,1.56,3.12,1,14.36,13.84,8,14.68,185,0.35,0.35,878,0.00,1.00,0,0.5000,12.00,102,0,0.00,2,8.56,5.05,5.49,15.60
349913,1.56,3.12,1,14.36,13.84,8,14.67,185,0.35,0.35,881,0.00,1.00,0,0.5000,12.00,102,0,0.00,2,8.56,5.18,5.49,15.40
350016,1.56,3.12,1,14.36,14.00,8,14.67,185,0.35,0.35,893,0.00,1.00,0,0.5000,12.00,102,0,0.00,2,8.42,5.21,5.49,15.20
350120,2.34,3.12,1,14.36,13.92,8,14.67,185,0.35,0.36,893,0.00,1.00,0,0.5000,13.00,102,0,0.00,2,8.42,5.24,5.49,15.20
350224,2.34,3.12,1,14.36,13.92,8,14.67,185,0.35,0.35,887,0.00,1.00,0,0.5000,12.50,102,0,0.00,2,8.42,5.21,5.49,15.10
350329,2.34,3.12,1,14.36,13.92,8,14.67,185,0.34,0.35,905,0.00,1.00,0,0.5000,13.50,102,0,0.00,2,8.42,5.15,5.49,15.10
350432,2.34,3.12,1,14.36,13.92,8,14.67,185,0.34,0.33,915,0.00,1.00,0,0.5000,12.00,102,0,0.00,2,8.27,5.21,5.49,15.00
350536,3.12,3.12,1,14.36,14.00,8,14.67,185,0.34,0.35,917,0.00,1.00,0,0.5000,12.50,102,0,0.00,2,8.27,5.37,5.49,15.00
350640,3.12,3.12,1,14.36,13.92,8,14.67,185,0.35,0.35,909,0.00,1.00,0,0.5000,13.50,102,0,0.00,2,8.27,5.34,5.49,14.90
350745,3.12,3.12,1,14.36,13.84,8,14.67,185,0.34,0.35,924,0.00,1.00,0,0.5000,13.00,102,0,0.00,2,8.13,5.34,5.49,14.90
350849,3.12,3.12,1,14.36,13.92,8,14.67,185,0.35,0.35,922,0.00,1.00,0,0.5000,14.50,102,0,0.00,2,8.13,5.37,5.49,14.80
350953,3.12,3.12,1,14.36,13.92,8,14.67,185,0.34,0.34,922,0.00,1.00,0,0.5000,13.00,102,0,0.00,2,8.13,5.30,5.49,14.80
351057,2.34,3.12,1,14.36,13.92,8,14.66,185,0.34,0.34,931,0.00,1.00,0,0.5000,13.50,102,0,0.00,2,7.98,5.24,5.49,15.20
351161,2.34,3.12,1,14.36,13.84,8,14.66,185,0.34,0.33,937,0.00,1.00,0,0.5000,13.50,102,0,0.00,2,7.98,5.12,5.49,14.20
351265,2.34,3.12,1,14.36,14.00,8,14.66,185,0.33,0.33,932,0.00,1.00,0,0.5000,14.00,102,0,0.00,2,7.84,5.21,5.49,14.50
351369,1.56,3.12,1,14.36,13.84,8,14.66,185,0.33,0.32,942,0.00,1.00,0,0.5000,15.00,102,0,0.00,2,7.84,5.05,5.49,14.50
351473,1.56,3.12,1,14.36,13.84,8,14.67,185,0.33,0.32,924,0.00,1.00,0,0.5000,15.00,102,0,0.00,2,7.84,4.96,5.49,14.40
351577,0.78,3.12,1,14.36,13.92,8,14.66,185,0.32,0.32,938,0.00,1.00,0,0.5000,15.00,102,0,0.00,2,7.84,4.93,5.49,14.40
351681,0.78,3.12,1,14.36,13.68,8,14.67,185,0.32,0.32,925,0.00,1.00,0,0.5000,16.50,102,0,0.00,2,7.69,4.99,5.10,14.20
351785,0.78,3.12,1,14.36,13.92,8,14.67,185,0.32,0.31,920,0.00,1.00,0,0.5000,16.00,102,0,0.00,2,7.69,4.90,5.10,14.20
351889,0.00,3.12,1,14.36,13.84,8,14.67,185,0.32,0.33,915,0.00,1.00,0,0.5000,17.00,102,0,0.00,2,7.69,4.99,5.10,14.30
351993,0.00,3.12,1,14.36,13.84,8,14.67,185,0.32,0.32,912,0.00,1.00,0,0.5000,16.50,102,0,0.00,2,7.69,4.96,5.10,14.30
352096,0.00,3.12,1,14.36,13.92,8,14.67,185,0.33,0.34,912,0.00,1.00,0,0.5000,17.00,102,0,0.00,2,7.69,5.05,5.10,14.20
352201,0.00,3.12,1,14.36,13.92,8,14.67,185,0.32,0.33,899,0.00,1.00,0,0.5000,17.00,102,0,0.00,2,7.69,4.96,5.10,14.30
352305,0.00,3.12,1,14.36,13.84,8,14.67,185,0.32,0.31,903,0.00,1.00,0,0.5000,17.00,102,0,0.00,2,7.69,4.69,5.10,14.30
352409,0.00,3.12,1,14.36,13.92,8,14.67,185,0.32,0.33,888,0.00,1.00,0,0.5000,17.00,102,0,0.00,2,7.69,4.84,5.10,14.40
352513,0.00,3.12,1,14.36,13.84,8,14.67,185,0.32,0.32,889,0.00,1.00,0,0.5000,17.00,102,0,0.00,2,7.69,4.81,5.10,14.40
352617,-0.78,3.12,1,14.36,14.00,8,14.67,185,0.32,0.32,895,0.00,1.00,0,0.5000,17.00,102,0,0.00,2,7.69,4.66,5.10,14.40
352721,-0.78,3.12,1,14.36,13.92,8,14.68,185,0.32,0.31,872,0.00,1.00,0,0.5000,17.00,102,0,0.00,2,7.69,4.63,5.10,14.50
352825,-0.78,3.12,1,14.36,13.68,8,14.68,185,0.31,0.31,869,0.00,1.00,0,0.5000,19.00,102,0,0.00,2,7.69,4.52,5.10,14.40
352929,-0.78,3.12,1,14.36,14.00,8,14.68,185,0.31,0.32,854,0.00,1.00,0,0.5000,18.50,102,0,0.00,2,7.69,4.58,4.71,14.40
353033,-0.78,3.12,1,14.36,13.92,8,14.68,185,0.32,0.33,846,0.00,1.00,0,0.5000,20.00,102,0,0.00,2,7.84,4.55,5.10,14.40
353137,-0.78,3.12,1,14.36,13.92,8,14.68,185,0.31,0.31,843,0.00,1.00,0,0.5000,19.00,102,0,0.00,2,7.84,4.38,4.71,14.40
353241,-0.78,3.12,1,14.36,13.92,8,14.68,185,0.32,0.33,842,0.00,1.00,0,0.5000,19.00,102,0,0.00,2,7.84,4.66,4.71,14.50
353345,0.00,3.12,1,14.36,13.92,8,14.68,185,0.32,0.33,835,0.00,1.00,0,0.5000,19.50,102,0,0.00,2,7.98,4.66,4.71,14.40
353449,0.00,3.12,1,14.36,13.84,8,14.69,185,0.32,0.33,831,0.00,1.00,0,0.5000,19.50,102,0,0.00,2,7.98,4.61,4.71,14.90
353553,0.00,3.12,1,14.36,13.84,8,14.68,185,0.32,0.33,836,0.00,1.00,0,0.5000,18.50,102,0,0.00,2,7.98,4.47,4.71,14.90
353657,0.78,3.12,1,14.36,13.84,8,14.69,185,0.32,0.32,831,0.00,1.00,0,0.5000,18.50,102,0,0.00,2,7.98,4.52,4.71,14.80
353761,0.78,3.12,1,14.36,13.92,8,14.69,185,0.33,0.33,832,0.00,1.00,0,0.5000,18.50,102,0,0.00,2,7.98,4.61,4.71,15.00
353865,0.78,3.12,1,14.36,14.00,8,14.69,185,0.32,0.33,830,0.00,1.00,0,0.5000,18.00,102,0,0.00,2,7.98,4.49,4.71,15.10
353969,0.78,3.12,1,14.36,13.92,8,14.68,185,0.32,0.32,850,0.00,1.00,0,0.5000,17.50,102,0,0.00,2,7.98,4.47,4.71,15.10
354073,1.56,3.12,1,14.36,13.84,8,14.69,185,0.32,0.33,830,0.00,1.00,0,0.5000,17.00,102,0,0.00,2,7.98,4.58,4.71,15.00
354177,1.56,3.12,1,14.36,13.84,8,14.69,185,0.32,0.32,834,0.00,1.00,0,0.5000,17.50,102,0,0.00,2,7.98,4.47,4.71,15.10
354281,1.56,3.12,1,14.36,13.84,8,14.69,185,0.32,0.33,834,0.00,1.00,0,0.5000,17.50,102,0,0.00,2,7.98,4.55,4.71,15.00
354385,0.78,3.12,1,14.36,13.92,8,14.69,185,0.33,0.34,827,0.00,1.00,0,0.5000,17.50,102,0,0.00,2,7.98,4.66,4.71,14.80
354489,1.56,3.12,1,14.36,13.84,8,14.69,185,0.33,0.34,830,0.00,1.00,0,0.5000,17.00,102,0,0.00,2,7.98,4.61,4.71,14.80
354593,1.56,3.12,1,14.36,13.76,8,14.69,185,0.33,0.32,824,0.00,1.00,0,0.5000,17.50,102,0,0.00,2,7.98,4.44,4.71,14.80
354697,1.56,3.12,1,14.36,13.92,8,14.69,185,0.33,0.33,828,0.00,1.00,0,0.5000,17.50,102,0,0.00,2,7.98,4.55,4.71,14.80
354801,1.56,3.12,1,14.36,13.92,8,14.69,185,0.33,0.33,823,0.00,1.00,0,0.5000,17.00,102,0,0.00,2,7.98,4.61,4.71,14.70
354905,1.56,3.12,1,14.36,13.92,8,14.68,185,0.32,0.32,836,0.00,1.00,0,0.5000,17.00,102,0,0.00,2,7.98,4.44,4.71,14.80
355010,1.56,3.12,1,14.36,13.92,8,14.69,185,0.32,0.31,829,0.00,1.00,0,0.5000,17.00,102,0,0.00,2,7.98,4.36,4.71,14.90
355113,1.56,3.12,1,14.36,13.84,8,14.69,185,0.32,0.33,823,0.00,1.00,0,0.5000,17.00,102,0,0.00,2,7.98,4.49,4.71,14.70
355218,1.56,3.12,1,14.36,13.84,8,14.69,185,0.32,0.33,825,0.00,1.00,0,0.5000,17.00,102,0,0.00,2,7.98,4.52,4.71,14.90
355321,1.56,3.12,1,14.36,14.00,8,14.69,185,0.33,0.34,814,0.00,1.00,0,0.5000,17.50,102,0,0.00,2,7.98,4.69,4.71,14.80
355425,1.56,3.12,1,14.36,13.92,8,14.69,185,0.33,0.34,815,0.00,1.00,0,0.5000,18.00,102,0,0.00,2,7.98,4.58,4.71,14.70
355529,1.56,3.12,1,14.36,13.92,8,14.69,185,0.33,0.34,812,0.00,1.00,0,0.5000,17.00,102,0,0.00,2,8.13,4.61,4.71,14.70
355633,1.56,3.12,1,14.36,13.84,8,14.69,185,0.33,0.34,821,0.00,1.00,0,0.5000,17.50,102,0,0.00,2,8.13,4.63,4.71,14.70
355737,1.56,3.12,1,14.36,13.84,8,14.69,185,0.33,0.34,822,0.00,1.00,0,0.5000,17.00,102,0,0.00,2,8.13,4.61,4.71,14.70
355841,1.56,3.12,1,14.36,13.84,8,14.69,185,0.33,0.33,814,0.00,1.00,0,0.5000,17.00,102,0,0.00,2,8.13,4.49,4.71,14.80
355945,1.56,3.12,1,14.36,13.92,8,14.69,185,0.33,0.33,822,0.00,1.00,0,0.5000,17.00,102,0,0.00,2,8.13,4.49,4.71,14.80
356049,1.56,3.12,1,14.36,13.92,8,14.69,185,0.33,0.33,820,0.00,1.00,0,0.5000,17.00,102,0,0.00,2,8.13,4.66,4.71,14.80
356153,0.78,3.12,1,14.36,13.84,8,14.69,185,0.33,0.34,828,0.00,1.00,0,0.5000,17.00,102,0,0.00,2,8.13,4.69,4.71,14.50
356258,0.78,3.12,1,14.36,13.92,8,14.69,185,0.33,0.33,822,0.00,1.00,0,0.5000,17.00,102,0,0.00,2,8.13,4.61,4.71,14.50
356361,1.56,3.12,1,14.36,13.84,8,14.69,185,0.33,0.34,820,0.00,1.00,0,0.5000,17.00,102,0,0.00,2,7.98,4.58,4.71,14.50
356465,1.56,3.12,1,14.36,13.84,8,14.69,185,0.33,0.34,827,0.00,1.00,0,0.5000,17.00,102,0,0.00,2,7.98,4.63,4.71,14.60
356569,0.78,3.12,1,14.36,13.84,8,14.69,185,0.33,0.34,817,0.00,1.00,0,0.5000,17.00,102,0,0.00,2,8.13,4.72,4.71,14.50
356674,0.78,3.12,1,14.36,13.92,8,14.69,185,0.34,0.34,817,0.00,1.00,0,0.5000,17.00,102,0,0.00,2,8.13,4.61,4.71,14.70
356777,0.78,3.12,1,14.36,13.84,8,14.69,185,0.33,0.33,813,0.00,1.00,0,0.5000,17.00,102,0,0.00,2,8.13,4.49,4.71,14.70
356881,0.78,3.12,1,14.36,13.84,8,14.69,185,0.33,0.34,828,0.00,1.00,0,0.5000,17.00,102,0,0.00,2,8.13,4.63,4.71,14.50
356985,0.78,3.12,1,14.36,13.92,8,14.69,185,0.33,0.33,821,0.00,1.00,0,0.5000,17.00,102,0,0.00,2,8.13,4.55,4.71,14.60
357090,0.78,3.12,1,14.36,13.92,8,14.69,185,0.33,0.33,823,0.00,1.00,0,0.5000,17.00,102,0,0.00,2,8.13,4.52,4.71,14.60
357193,0.78,3.12,1,14.36,13.92,8,14.69,185,0.33,0.33,831,0.00,1.00,0,0.5000,17.00,102,0,0.00,2,8.13,4.52,4.71,14.50
357297,0.78,3.12,1,14.36,13.76,8,14.69,185,0.33,0.33,821,0.00,1.00,0,0.5000,17.00,102,0,0.00,2,8.13,4.52,4.71,14.50
357401,0.78,3.12,1,14.36,13.84,8,14.69,185,0.33,0.34,829,0.00,1.00,0,0.5000,17.00,102,0,0.00,2,8.13,4.61,4.71,14.60
357506,0.78,3.12,1,14.36,13.92,8,14.69,185,0.33,0.34,809,0.00,1.00,0,0.5000,17.00,102,0,0.00,2,8.13,4.69,4.71,14.50
357609,0.78,3.12,1,14.36,13.92,8,14.69,185,0.34,0.35,823,0.00,1.00,0,0.5000,17.00,102,0,0.00,2,8.13,4.72,4.71,14.50
357713,0.78,3.12,1,14.36,13.92,8,14.69,185,0.34,0.35,820,0.00,1.00,0,0.5000,17.00,102,0,0.00,2,8.13,4.78,4.71,14.50
357818,0.78,3.12,1,14.36,13.92,8,14.69,185,0.34,0.35,814,0.00,1.00,0,0.5000,17.00,102,0,0.00,2,8.13,4.75,4.71,14.80
357921,0.78,3.12,1,14.36,13.76,8,14.69,185,0.34,0.34,832,0.00,1.00,0,0.5000,16.50,102,0,0.00,2,8.13,4.58,4.71,14.80
358025,0.78,3.12,1,14.36,13.84,8,14.69,185,0.34,0.34,824,0.00,1.00,0,0.5000,17.00,102,0,0.00,2,8.13,4.66,4.71,14.80
358129,0.78,3.12,1,14.36,13.92,8,14.69,185,0.33,0.33,828,0.00,1.00,0,0.5000,17.00,102,0,0.00,2,8.13,4.55,4.71,14.70
358233,0.78,3.12,1,14.36,13.92,8,14.69,185,0.33,0.33,826,0.00,1.00,0,0.5000,16.50,102,0,0.00,2,8.13,4.66,4.71,14.70
358337,0.78,3.12,1,14.36,13.84,8,14.68,185,0.33,0.33,848,0.00,1.00,0,0.5000,16.50,102,0,0.00,2,8.13,4.63,4.71,15.10
358441,0.78,3.12,1,14.36,13.92,8,14.68,185,0.33,0.32,841,0.00,1.00,0,0.5000,16.00,102,0,0.00,2,7.98,4.58,4.71,14.50
358545,0.78,3.12,1,14.36,13.84,8,14.68,185,0.33,0.33,845,0.00,1.00,0,0.5000,17.00,102,0,0.00,2,7.98,4.63,4.71,14.60
358650,0.00,3.12,1,14.36,13.92,8,14.68,185,0.33,0.33,842,0.00,1.00,0,0.5000,16.50,102,0,0.00,2,7.98,4.63,4.71,14.50
358754,0.00,3.12,1,14.36,13.92,8,14.69,185,0.33,0.34,834,0.00,1.00,0,0.5000,17.00,102,0,0.00,2,7.98,4.75,4.71,14.50
358857,0.00,3.12,1,14.36,13.92,8,14.68,185,0.33,0.33,843,0.00,1.00,0,0.5000,16.50,102,0,0.00,2,7.98,4.69,4.71,14.50
358961,0.00,3.12,1,14.36,13.84,8,14.69,185,0.33,0.34,826,0.00,1.00,0,0.5000,17.00,102,0,0.00,2,7.98,4.69,4.71,14.60
359066,0.00,3.12,1,14.36,13.76,8,14.69,185,0.34,0.34,831,0.00,1.00,0,0.5000,17.00,102,0,0.00,2,7.98,4.69,4.71,14.60
359170,0.00,3.12,1,14.36,13.92,8,14.69,185,0.34,0.34,810,0.00,1.00,0,0.5000,17.00,102,0,0.00,2,7.98,4.78,4.71,14.60
359274,0.00,3.12,1,14.36,13.92,8,14.69,185,0.33,0.34,819,0.00,1.00,0,0.5000,17.50,102,0,0.00,2,8.13,4.61,4.71,14.60
359377,0.00,3.12,1,14.36,13.92,8,14.69,185,0.33,0.32,820,0.00,1.00,0,0.5000,17.00,102,0,0.00,2,8.13,4.41,4.71,14.60
359481,0.00,3.12,1,14.36,13.84,8,14.69,185,0.33,0.33,817,0.00,1.00,0,0.5000,17.00,102,0,0.00,2,8.13,4.47,4.71,14.60
359585,0.00,3.12,1,14.36,13.84,8,14.69,185,0.33,0.33,828,0.00,1.00,0,0.5000,17.00,102,0,0.00,2,8.13,4.55,4.71,14.70
359690,0.00,3.12,1,14.36,13.84,8,14.69,185,0.33,0.33,829,0.00,1.00,0,0.5000,17.00,102,0,0.00,2,8.13,4.63,4.71,14.60
359794,0.00,3.12,1,14.36,13.92,8,14.69,185,0.33,0.33,833,0.00,1.00,0,0.5000,17.00,102,0,0.00,2,8.13,4.55,4.71,14.50
359897,0.00,3.12,1,14.36,13.92,8,14.69,185,0.33,0.34,818,0.00,1.00,0,0.5000,17.00,102,0,0.00,2,8.13,4.72,4.71,14.50
360002,0.00,3.12,1,14.36,14.00,8,14.69,185,0.34,0.35,818,0.00,1.00,0,0.5000,17.00,102,0,0.00,2,8.13,4.75,4.71,14.60
360106,0.00,3.12,1,14.36,13.84,8,14.69,185,0.34,0.34,817,0.00,1.00,0,0.5000,17.00,102,0,0.00,2,8.13,4.66,4.71,14.40
360209,0.00,3.12,1,14.36,13.84,8,14.69,185,0.33,0.34,810,0.00,1.00,0,0.5000,17.00,102,0,0.00,2,8.13,4.55,4.71,14.80
360313,0.00,3.12,1,14.36,13.84,8,14.69,185,0.33,0.31,824,0.00,1.00,0,0.5000,17.00,102,0,0.00,2,8.13,4.22,4.71,14.80
360417,0.78,3.12,1,14.36,13.84,8,14.69,185,0.32,0.32,817,0.00,1.00,0,0.5000,17.00,102,0,0.00,2,8.13,4.41,4.71,14.80
360522,0.00,3.12,1,14.36,13.92,8,14.69,185,0.33,0.33,830,0.00,1.00,0,0.5000,17.00,102,0,0.00,2,8.13,4.61,4.71,14.80
360626,0.78,3.12,1,14.36,13.92,8,14.69,185,0.33,0.34,806,0.00,1.00,0,0.5000,17.00,102,0,0.00,2,8.13,4.61,4.71,14.80
360730,0.78,3.12,1,14.36,13.84,8,14.69,185,0.33,0.34,807,0.00,1.00,0,0.5000,17.00,102,0,0.00,2,8.13,4.55,4.71,14.80
360833,0.78,3.12,1,14.36,13.84,8,14.69,185,0.33,0.34,810,0.00,1.00,0,0.5000,17.00,102,0,0.00,2,8.27,4.61,4.71,14.80
360938,1.56,3.12,1,14.36,13.92,8,14.69,185,0.34,0.35,802,0.00,1.00,0,0.5000,17.00,102,0,0.00,2,8.27,4.66,5.10,14.90
361042,1.56,3.12,1,14.36,14.00,8,14.69,185,0.34,0.34,824,0.00,1.00,0,0.5000,17.00,102,0,0.00,2,8.27,4.61,4.71,15.00
361146,1.56,3.12,1,14.36,13.92,8,14.69,185,0.34,0.34,822,0.00,1.00,0,0.5000,16.50,102,0,0.00,2,8.27,4.66,5.10,15.00
361250,1.56,3.12,1,14.36,13.76,8,14.68,185,0.33,0.33,836,0.00,1.00,0,0.5000,17.00,102,0,0.00,2,8.27,4.55,4.71,15.00
361354,1.56,3.12,1,14.36,13.76,8,14.68,185,0.33,0.33,840,0.00,1.00,0,0.5000,16.50,102,0,0.00,2,8.13,4.66,5.10,14.90
361457,1.56,3.12,1,14.36,13.84,8,14.69,185,0.33,0.33,832,0.00,1.00,0,0.5000,16.50,102,0,0.00,2,8.13,4.58,4.71,15.00
361562,1.56,3.12,1,14.36,14.00,8,14.68,185,0.34,0.34,842,0.00,1.00,0,0.5000,16.50,102,0,0.00,2,8.13,4.81,4.71,14.90
361666,1.56,3.12,1,14.36,13.76,8,14.69,185,0.34,0.33,828,0.00,1.00,0,0.5000,17.00,102,0,0.00,2,8.13,4.72,4.71,14.90
361771,1.56,3.12,1,14.36,13.84,8,14.68,185,0.34,0.34,844,0.00,1.00,0,0.5000,16.50,102,0,0.00,2,8.13,4.78,4.71,15.00
361874,1.56,3.12,1,14.36,13.92,8,14.69,185,0.34,0.33,834,0.00,1.00,0,0.5000,17.00,102,0,0.00,2,8.13,4.69,4.71,14.80
361978,1.56,3.12,1,14.36,13.92,8,14.68,185,0.33,0.33,849,0.00,1.00,0,0.5000,16.50,102,0,0.00,2,7.98,4.66,4.71,14.70
362082,1.56,3.12,1,14.36,14.00,8,14.68,185,0.33,0.32,842,0.00,1.00,0,0.5000,16.50,102,0,0.00,2,7.98,4.58,4.71,14.80
362186,1.56,3.12,1,14.36,14.00,8,14.68,185,0.33,0.33,859,0.00,1.00,0,0.5000,16.50,102,0,0.00,2,7.98,4.66,4.71,14.80
362290,0.78,3.12,1,14.36,13.84,8,14.68,185,0.33,0.34,838,0.00,1.00,0,0.5000,16.00,102,0,0.00,2,7.98,4.75,4.71,14.60
362394,0.78,3.12,1,14.36,13.92,8,14.68,185,0.33,0.34,836,0.00,1.00,0,0.5000,17.00,102,0,0.00,2,7.98,4.69,4.71,14.50
362498,0.78,3.12,1,14.36,13.92,8,14.69,185,0.33,0.33,834,0.00,1.00,0,0.5000,16.50,102,0,0.00,2,7.98,4.69,4.71,14.50
362601,0.78,3.12,1,14.36,13.84,8,14.69,185,0.33,0.34,832,0.00,1.00,0,0.5000,17.00,102,0,0.00,2,7.98,4.66,4.71,14.50
362706,0.78,3.12,1,14.36,13.92,8,14.68,185,0.33,0.32,852,0.00,1.00,0,0.5000,16.50,102,0,0.00,2,7.98,4.55,4.71,14.50
362810,0.78,3.12,1,14.36,13.84,8,14.68,185,0.33,0.33,846,0.00,1.00,0,0.5000,16.50,102,0,0.00,2,7.98,4.66,4.71,14.50
362914,0.78,3.12,1,14.36,13.84,8,14.68,185,0.33,0.33,851,0.00,1.00,0,0.5000,16.50,102,0,0.00,2,7.98,4.61,5.10,14.50
363018,0.78,3.12,1,14.36,13.76,8,14.68,185,0.33,0.34,851,0.00,1.00,0,0.5000,16.50,102,0,0.00,2,7.98,4.81,4.71,14.50
363122,0.78,3.12,1,14.36,13.84,8,14.68,185,0.33,0.34,862,0.00,1.00,0,0.5000,16.50,102,0,0.00,2,7.84,4.78,4.71,14.50
363226,0.78,3.12,1,14.36,13.84,8,14.68,185,0.33,0.33,842,0.00,1.00,0,0.5000,17.00,102,0,0.00,2,7.98,4.75,4.71,14.50
363330,0.78,3.12,1,14.36,13.84,8,14.68,185,0.33,0.34,854,0.00,1.00,0,0.5000,16.50,102,0,0.00,2,7.84,4.75,4.71,14.60
363434,0.78,3.12,1,14.36,13.84,8,14.68,185,0.33,0.33,860,0.00,1.00,0,0.5000,16.50,102,0,0.00,2,7.84,4.78,4.71,14.60
363538,0.78,3.12,1,14.36,13.84,8,14.68,185,0.33,0.33,858,0.00,1.00,0,0.5000,16.50,102,0,0.00,2,7.84,4.61,4.71,14.70
363642,0.00,3.12,1,14.36,13.92,8,14.68,185,0.32,0.32,848,0.00,1.00,0,0.5000,16.50,102,0,0.00,2,7.84,4.58,4.71,14.60
363746,0.00,3.12,1,14.36,13.92,8,14.68,185,0.33,0.33,858,0.00,1.00,0,0.5000,17.00,102,0,0.00,2,7.84,4.72,4.71,14.50
363850,0.00,3.12,1,14.36,13.92,8,14.68,185,0.33,0.33,854,0.00,1.00,0,0.5000,16.50,102,0,0.00,2,7.84,4.66,4.71,14.50
363954,0.00,3.12,1,14.36,13.92,8,14.68,185,0.33,0.33,856,0.00,1.00,0,0.5000,17.00,102,0,0.00,2,7.84,4.69,4.71,14.50
364057,0.00,3.12,1,14.36,13.92,8,14.68,185,0.33,0.33,835,0.00,1.00,0,0.5000,17.00,102,0,0.00,2,7.84,4.78,4.71,14.40
364162,0.00,3.12,1,14.36,13.84,8,14.68,185,0.33,0.34,846,0.00,1.00,0,0.5000,17.00,102,0,0.00,2,7.84,4.69,4.71,14.50
364266,0.00,3.12,1,14.36,13.92,8,14.69,185,0.33,0.33,834,0.00,1.00,0,0.5000,17.00,102,0,0.00,2,7.98,4.61,4.71,14.50
364370,0.00,3.12,1,14.36,14.00,8,14.69,185,0.32,0.33,830,0.00,1.00,0,0.5000,10.00,102,0,0.00,2,7.98,4.52,3.14,14.60
364474,0.00,3.12,1,14.36,13.92,8,14.68,185,0.30,0.28,853,0.00,1.08,0,0.5000,10.00,102,0,0.00,2,7.55,3.98,3.53,14.60
364578,0.00,3.12,1,14.36,13.92,8,14.68,185,0.29,0.26,852,0.00,1.08,0,0.5000,10.00,102,0,0.00,2,7.25,3.67,3.92,14.60
364682,0.00,3.12,1,14.36,13.84,8,14.68,185,0.28,0.27,859,0.00,1.00,0,0.5000,10.00,102,0,0.00,2,6.96,3.84,3.92,14.70
364786,-0.78,3.12,1,14.36,13.92,8,14.69,185,0.28,0.28,832,0.00,1.00,0,0.5000,17.00,102,0,0.00,2,6.96,3.87,3.92,14.70
364890,-0.78,3.12,1,14.36,13.92,8,14.68,185,0.27,0.27,858,0.00,1.00,0,0.5000,16.50,102,0,0.00,2,6.82,3.84,3.92,14.60
364993,-1.56,3.12,1,14.36,14.00,8,14.68,185,0.27,0.27,849,0.00,1.00,0,0.5000,17.00,102,0,0.00,2,6.82,3.84,3.92,14.40
365098,-1.56,3.12,1,14.36,13.84,8,14.68,185,0.27,0.28,865,0.00,1.00,0,0.5000,16.50,102,0,0.00,2,6.67,3.92,3.92,14.40
365202,-2.34,3.12,1,14.36,13.76,8,14.68,185,0.27,0.27,846,0.00,1.00,0,0.5000,17.00,102,0,0.00,2,6.67,3.92,3.92,14.30
365306,-2.34,3.12,1,14.36,14.00,8,14.68,185,0.27,0.29,842,0.00,1.00,0,0.5000,17.00,102,0,0.00,2,6.67,3.98,3.92,14.30
365410,-2.34,3.12,1,14.36,13.92,8,14.68,185,0.27,0.28,841,0.00,1.00,0,0.5000,17.00,102,0,0.00,2,6.67,3.92,3.92,14.20
365514,-3.12,3.12,1,14.36,13.92,8,14.68,185,0.27,0.28,837,0.00,1.00,0,0.5000,17.00,102,0,0.00,2,6.67,3.92,3.53,14.20
365618,-3.91,3.12,1,14.36,13.84,8,14.69,185,0.27,0.27,821,0.00,1.00,0,0.5000,17.00,102,0,0.00,2,6.67,3.79,3.53,14.10
365722,-3.91,3.12,1,14.36,13.92,8,14.69,185,0.27,0.28,823,0.00,1.00,0,0.5000,17.50,102,0,0.00,2,6.67,3.77,3.53,14.10
365825,-3.91,3.12,1,14.36,13.84,8,14.69,185,0.27,0.28,816,0.00,1.00,0,0.5000,17.50,102,0,0.00,2,6.67,3.82,3.53,14.00
365930,-4.69,3.12,1,14.36,13.92,8,14.69,185,0.27,0.28,792,0.00,1.00,0,0.5000,19.50,102,0,0.00,2,6.67,3.77,3.53,14.00
366034,-4.69,3.12,1,14.36,13.92,8,14.69,185,0.27,0.27,808,0.00,1.00,0,0.5000,18.50,102,0,0.00,2,6.67,3.62,3.53,14.00
366138,-5.47,3.12,1,14.36,13.92,8,14.69,185,0.27,0.28,778,0.00,1.00,0,0.5000,19.00,102,0,0.00,2,6.67,3.67,3.53,14.00
366242,-6.25,3.12,1,14.36,13.84,8,14.69,185,0.27,0.28,777,0.00,1.00,0,0.5000,20.00,102,0,0.00,2,6.82,3.67,3.53,14.00
366346,-6.25,3.12,1,14.36,13.92,8,14.69,185,0.27,0.29,781,0.00,1.00,0,0.5000,19.00,102,0,0.00,2,6.82,3.72,3.53,13.90
366450,-6.25,3.12,1,14.36,13.92,8,14.69,185,0.28,0.29,766,0.00,1.00,0,0.5000,19.00,102,0,0.00,2,6.82,3.74,3.53,13.90
366554,-6.25,3.12,1,14.36,13.84,8,14.69,185,0.28,0.29,768,0.00,1.00,0,0.5000,19.50,102,0,0.00,2,6.82,3.70,3.53,14.00
366658,-6.25,3.12,1,14.36,14.00,8,14.69,185,0.28,0.29,775,0.00,1.00,0,0.5000,18.50,102,0,0.00,2,6.82,3.70,3.53,14.00
366761,-6.25,3.12,1,14.36,13.60,8,14.69,185,0.28,0.28,763,0.00,1.00,0,0.5000,18.50,102,0,0.00,2,6.82,3.62,3.53,14.10
366867,-7.03,3.12,1,14.36,13.68,8,14.69,185,0.28,0.28,757,0.00,1.00,0,0.5000,20.00,102,0,0.00,2,6.82,3.57,3.53,14.10
366970,-7.03,3.12,1,14.36,14.00,8,14.69,185,0.28,0.28,752,0.00,1.00,0,0.5000,20.00,102,0,0.00,2,6.82,3.52,3.53,14.20
367074,-7.03,3.12,1,14.36,13.84,8,14.69,185,0.28,0.28,742,0.00,1.00,0,0.5000,19.50,102,0,0.00,2,6.96,3.57,3.53,14.30
367178,-7.03,3.12,1,14.36,13.92,8,14.69,185,0.28,0.29,732,0.00,1.00,0,0.5000,20.50,102,0,0.00,2,6.96,3.62,3.53,14.30
367282,-7.03,3.12,1,14.36,13.60,8,14.69,185,0.28,0.29,738,0.00,1.00,0,0.5000,20.00,102,0,0.00,2,6.96,3.62,3.53,14.30
367386,-7.03,3.12,1,14.36,13.68,8,14.69,185,0.28,0.29,744,0.00,1.00,0,0.5000,19.00,102,0,0.00,2,6.96,3.60,3.53,14.40
367490,-7.03,3.12,1,14.36,13.92,8,14.69,185,0.28,0.28,729,0.00,1.00,0,0.5000,18.50,102,0,0.00,2,6.96,3.55,3.53,14.50
367594,-7.03,3.12,1,14.36,13.84,8,14.69,185,0.28,0.28,736,0.00,1.00,0,0.5000,19.00,102,0,0.00,2,6.96,3.41,3.53,14.40
367698,-7.03,3.12,1,14.36,14.00,8,14.69,185,0.28,0.28,739,0.00,1.00,0,0.5000,19.50,102,0,0.00,2,7.11,3.45,3.53,14.40
367802,-7.03,3.12,1,14.36,13.92,8,14.69,185,0.28,0.28,739,0.00,1.00,0,0.5000,18.00,102,0,0.00,2,7.11,3.45,3.53,14.50
367906,-7.03,3.12,1,14.36,13.92,8,14.69,185,0.28,0.28,717,0.00,1.00,0,0.5000,20.00,102,0,0.00,2,7.11,3.50,3.53,14.50
368010,-7.03,3.12,1,14.36,13.84,8,14.69,185,0.28,0.30,701,0.00,1.00,0,0.5000,21.00,102,0,0.00,2,7.11,3.48,3.53,14.50
368114,-7.03,3.12,1,14.36,13.92,8,14.69,185,0.29,0.31,694,0.00,1.00,0,0.5000,21.50,102,0,0.00,2,7.25,3.55,3.53,14.60
368217,-6.25,3.12,1,14.36,13.92,8,14.69,185,0.29,0.31,702,0.00,1.00,0,0.5000,20.50,102,0,0.00,2,7.40,3.67,3.92,14.50
368322,-6.25,3.12,1,14.36,13.92,8,14.69,185,0.30,0.32,711,0.00,1.00,0,0.5000,19.50,102,0,0.00,2,7.40,3.72,3.53,14.50
368426,-6.25,3.12,1,14.36,13.84,8,14.69,185,0.30,0.30,717,0.00,1.00,0,0.5000,18.00,102,0,0.00,2,7.40,3.62,3.92,14.80
368530,-6.25,3.12,1,14.36,13.92,8,14.69,185,0.30,0.31,743,0.00,1.00,0,0.5000,17.00,102,0,0.00,2,7.55,3.70,3.53,14.90
368634,-5.47,3.12,1,14.36,13.84,8,14.69,185,0.30,0.30,727,0.00,1.00,0,0.5000,17.00,102,0,0.00,2,7.55,3.60,3.53,14.90
368739,-5.47,3.12,1,14.36,14.00,8,14.69,185,0.29,0.30,738,0.00,1.00,0,0.5000,17.00,102,0,0.00,2,7.40,3.70,3.53,15.00
368842,-4.69,3.12,1,14.36,13.92,8,14.69,185,0.29,0.29,744,0.00,1.00,0,0.5000,17.00,102,0,0.00,2,7.40,3.65,3.92,15.10
368946,-4.69,3.12,1,14.36,13.92,8,14.69,185,0.29,0.29,758,0.00,1.00,0,0.5000,16.50,102,0,0.00,2,7.40,3.62,3.53,15.20
369050,-3.91,3.12,1,14.36,13.92,8,14.69,185,0.29,0.29,757,0.00,1.00,0,0.5000,16.50,102,0,0.00,2,7.25,3.65,3.92,15.30
369155,-3.91,3.12,1,14.36,13.84,8,14.69,185,0.29,0.29,759,0.00,1.00,0,0.5000,16.50,102,0,0.00,2,7.25,3.67,3.53,15.30
369258,-3.91,3.12,1,14.36,13.92,8,14.69,185,0.28,0.28,767,0.00,1.00,0,0.5000,16.50,102,0,0.00,2,7.25,3.62,3.92,15.20
369362,-3.91,2.34,1,14.36,14.00,8,14.69,185,0.29,0.29,752,0.00,1.00,0,0.5000,16.50,102,0,0.00,2,7.25,3.67,3.92,15.40
369467,-3.12,2.34,1,14.36,13.84,8,14.69,185,0.29,0.31,744,0.00,1.00,0,0.5000,17.00,102,0,0.00,2,7.25,3.79,3.92,15.20
369571,-3.12,2.34,1,14.36,13.92,8,14.69,185,0.29,0.30,756,0.00,1.00,0,0.5000,17.00,102,0,0.00,2,7.25,3.82,3.92,15.30
369674,-3.12,2.34,1,14.36,13.84,8,14.69,185,0.29,0.29,768,0.00,1.00,0,0.5000,16.50,102,0,0.00,2,7.25,3.77,3.92,15.30
369778,-3.12,2.34,1,14.36,13.92,8,14.69,185,0.29,0.30,768,0.00,1.00,0,0.5000,16.50,102,0,0.00,2,7.25,3.90,3.92,15.20
369883,-3.12,2.34,1,14.36,14.00,8,14.69,185,0.29,0.31,771,0.00,1.00,0,0.5000,17.00,102,0,0.00,2,7.11,3.90,3.92,15.10
369986,-2.34,2.34,1,14.36,13.76,8,14.69,185,0.29,0.30,775,0.00,1.00,0,0.5000,16.50,102,0,0.00,2,7.11,3.84,3.92,15.20
370090,-2.34,2.34,1,14.36,13.92,8,14.69,185,0.29,0.29,777,0.00,1.00,0,0.5000,16.50,102,0,0.00,2,7.11,3.77,3.92,15.10
370195,-2.34,2.34,1,14.36,14.00,8,14.69,185,0.29,0.29,787,0.00,1.00,0,0.5000,16.50,102,0,0.00,2,7.11,3.77,3.92,15.00
370299,-3.12,2.34,1,14.36,13.84,8,14.69,185,0.29,0.29,770,0.00,1.00,0,0.5000,16.00,102,0,0.00,2,7.11,3.79,3.92,15.10
370403,-3.12,2.34,1,14.36,13.60,8,14.69,185,0.29,0.29,780,0.00,1.00,0,0.5000,16.50,102,0,0.00,2,7.11,3.79,3.92,14.90
370506,-3.12,2.34,1,14.36,14.00,8,14.69,185,0.28,0.29,783,0.00,1.00,0,0.5000,16.50,102,0,0.00,2,7.11,3.72,3.92,14.80
370610,-3.12,2.34,1,14.36,13.92,8,14.69,185,0.28,0.29,778,0.00,1.00,0,0.5000,16.50,102,0,0.00,2,7.11,3.74,3.92,14.80
370714,-3.91,2.34,1,14.36,13.84,8,14.69,185,0.28,0.30,775,0.00,1.00,0,0.5000,16.50,102,0,0.00,2,7.11,3.84,3.92,15.70
370819,-3.91,2.34,1,14.36,13.84,8,14.69,185,0.29,0.30,782,0.00,1.00,0,0.5000,16.50,102,0,0.00,2,7.11,3.87,3.92,14.40
370922,-3.91,2.34,1,14.36,14.00,8,14.69,185,0.29,0.29,786,0.00,1.00,0,0.5000,16.00,102,0,0.00,2,6.96,3.87,3.92,14.50
371026,-3.91,2.34,1,14.36,13.92,8,14.69,185,0.29,0.29,774,0.00,1.00,0,0.5000,17.00,102,0,0.00,2,6.96,3.77,3.92,14.50
371131,-3.91,2.34,1,14.36,13.84,8,14.69,185,0.28,0.29,767,0.00,1.00,0,0.5000,17.00,102,0,0.00,2,7.11,3.67,3.92,14.40
371235,-3.91,2.34,1,14.36,13.92,8,14.69,185,0.29,0.29,763,0.00,1.00,0,0.5000,16.50,102,0,0.00,2,7.11,3.77,3.53,14.40
371338,-3.91,2.34,1,14.36,13.84,8,14.69,185,0.28,0.29,780,0.00,1.00,0,0.5000,17.00,102,0,0.00,2,7.11,3.77,3.92,14.50
371443,-3.91,2.34,1,14.36,13.84,8,14.69,185,0.28,0.29,779,0.00,1.00,0,0.5000,16.50,102,0,0.00,2,7.11,3.72,3.53,14.50
371546,-3.91,2.34,1,14.36,14.00,8,14.69,185,0.28,0.29,781,0.00,1.00,0,0.5000,16.50,102,0,0.00,2,7.11,3.82,3.92,14.40
371651,-3.91,2.34,1,14.36,14.00,8,14.69,185,0.28,0.29,792,0.00,1.00,0,0.5000,17.00,102,0,0.00,2,6.96,3.82,3.53,14.50
371755,-4.69,2.34,1,14.36,13.84,8,14.69,185,0.29,0.30,776,0.00,1.00,0,0.5000,17.00,102,0,0.00,2,6.96,3.82,3.53,14.50
371859,-4.69,2.34,1,14.36,13.92,8,14.69,185,0.29,0.29,772,0.00,1.00,0,0.5000,17.00,102,0,0.00,2,6.96,3.82,3.53,14.50
371963,-4.69,2.34,1,14.36,14.00,8,14.69,185,0.29,0.29,788,0.00,1.00,0,0.5000,17.00,102,0,0.00,2,6.96,3.82,3.53,14.50
372066,-4.69,2.34,1,14.36,13.92,8,14.69,185,0.28,0.29,780,0.00,1.00,0,0.5000,17.00,102,0,0.00,2,6.96,3.74,3.53,14.50
372170,-4.69,2.34,1,14.36,13.92,8,14.69,185,0.28,0.29,772,0.00,1.00,0,0.5000,17.00,102,0,0.00,2,6.96,3.72,3.53,14.50
372275,-4.69,2.34,1,14.36,13.92,8,14.69,185,0.28,0.29,780,0.00,1.00,0,0.5000,17.00,102,0,0.00,2,6.96,3.74,3.53,14.50
372379,-4.69,2.34,1,14.36,13.36,8,14.69,185,0.29,0.29,774,0.00,1.00,0,0.5000,17.00,102,0,0.00,2,6.96,3.79,3.92,14.60
372483,-4.69,2.34,1,14.36,13.28,8,14.69,185,0.29,0.30,758,0.00,1.00,0,0.5000,17.00,102,0,0.00,2,7.11,3.87,5.10,14.60
372586,-4.69,2.34,1,14.36,14.00,8,14.69,185,0.31,0.35,746,0.00,0.91,0,0.5000,17.50,102,0,0.00,2,7.40,4.30,5.10,14.50
372690,-4.69,2.34,1,14.36,13.84,8,14.69,185,0.32,0.37,732,0.00,0.89,0,0.5000,18.50,102,0,0.00,2,7.84,4.52,5.10,14.60
372795,-4.69,2.34,1,14.36,13.84,8,14.69,185,0.34,0.37,749,0.00,0.91,0,0.5000,17.00,102,0,0.00,2,8.13,4.69,5.10,14.50
372899,-4.69,2.34,1,14.36,13.84,8,14.69,185,0.35,0.38,732,0.00,0.99,0,0.5000,18.50,102,0,0.00,2,8.42,4.66,5.10,14.60
373003,-3.91,2.34,1,14.36,13.92,8,14.69,185,0.36,0.38,734,0.00,0.99,0,0.5000,18.00,102,0,0.00,2,8.56,4.69,5.49,14.70
373106,-3.12,2.34,1,14.36,13.84,8,14.69,185,0.37,0.39,721,0.00,0.99,0,0.5000,19.00,102,0,0.00,2,8.85,4.66,5.49,14.90
373211,-2.34,2.34,1,14.36,13.92,8,14.69,185,0.38,0.40,720,0.00,0.99,0,0.5000,18.50,102,0,0.00,2,9.00,4.87,5.49,14.90
373315,-1.56,2.34,1,14.36,13.92,8,14.69,185,0.39,0.42,726,0.00,0.99,0,0.5000,18.00,102,0,0.00,2,9.29,5.05,5.49,15.10
373419,-0.78,2.34,1,14.36,13.92,8,14.69,185,0.39,0.41,753,0.00,0.99,0,0.5000,17.00,102,0,0.00,2,9.29,5.09,5.49,15.50
373523,0.78,2.34,1,14.36,13.92,8,14.69,185,0.39,0.40,779,0.00,0.99,0,0.5000,16.50,102,0,0.00,2,9.43,5.15,5.49,15.70
373627,1.56,2.34,1,14.36,13.92,8,14.69,185,0.38,0.36,800,0.00,0.99,0,0.5000,14.50,102,0,0.00,2,9.29,4.84,5.49,15.90
373730,3.12,2.34,1,14.36,13.84,8,14.68,185,0.36,0.33,835,0.00,1.06,0,0.5000,12.00,102,0,0.00,2,9.14,4.66,5.49,16.30
373835,3.12,2.34,1,14.36,13.92,8,14.68,185,0.36,0.34,836,0.00,1.00,0,0.5000,12.50,102,0,0.00,2,9.00,4.78,5.49,16.30
373938,3.91,2.34,1,14.36,13.92,8,14.68,185,0.36,0.36,844,0.00,1.00,0,0.5000,12.50,102,0,0.00,2,9.00,4.99,5.49,16.20
374043,3.91,2.34,1,14.36,13.84,8,14.68,185,0.36,0.18,864,0.00,1.00,0,0.5000,12.00,102,0,0.00,2,8.85,5.12,5.49,16.00
374147,4.69,2.34,1,14.36,13.84,8,14.68,185,0.36,0.36,875,0.00,1.00,0,0.5000,12.00,102,0,0.00,2,8.71,5.21,5.49,15.90
374251,4.69,2.34,1,14.36,13.84,8,14.68,185,0.35,0.36,870,0.00,1.00,0,0.5000,12.50,102,0,0.00,2,8.71,5.15,5.49,15.80
374355,5.47,2.34,1,14.36,13.92,8,14.67,185,0.35,0.35,891,0.00,1.00,0,0.5000,12.00,102,0,0.00,2,8.56,5.27,5.49,15.80
374459,5.47,2.34,1,14.36,13.92,8,14.67,185,0.36,0.36,883,0.00,1.00,0,0.5000,12.50,102,0,0.00,2,8.56,5.27,5.49,15.60
374563,5.47,2.34,1,14.36,13.84,8,14.67,185,0.36,0.35,902,0.00,1.00,0,0.5000,12.00,102,0,0.00,2,8.56,5.30,5.49,15.60
374667,5.47,2.34,1,14.36,13.92,8,14.67,185,0.36,0.36,906,0.00,1.00,0,0.5000,12.50,102,0,0.00,2,8.56,5.37,5.49,15.40
374771,5.47,2.34,1,14.36,13.92,8,14.67,185,0.35,0.35,901,0.00,1.00,0,0.5000,12.00,102,0,0.00,2,8.42,5.27,5.49,15.30
374875,5.47,2.34,1,14.36,14.00,8,14.67,185,0.35,0.35,922,0.00,1.00,0,0.5000,12.50,102,0,0.00,2,8.42,5.37,5.49,15.00
374979,5.47,2.34,1,14.36,13.92,8,14.66,185,0.35,0.33,930,0.00,1.00,0,0.5000,12.00,102,0,0.00,2,8.27,5.12,5.49,15.00
375083,5.47,2.34,1,14.36,13.76,8,14.66,185,0.34,0.33,948,0.00,1.00,0,0.5000,12.00,102,0,0.00,2,8.27,5.15,5.49,14.70
375187,4.69,2.34,1,14.36,13.92,8,14.66,185,0.33,0.33,946,0.00,1.00,0,0.5000,12.00,102,0,0.00,2,8.13,5.15,5.49,14.70
375291,4.69,2.34,1,14.36,13.76,8,14.66,185,0.33,0.33,943,0.00,1.00,0,0.5000,12.00,102,0,0.00,2,8.13,5.24,5.49,14.30
375395,3.91,2.34,1,14.36,14.00,8,14.66,185,0.33,0.33,949,0.00,1.00,0,0.5000,12.50,102,0,0.00,2,7.98,5.21,5.49,14.30
375498,3.91,2.34,1,14.36,14.00,8,14.66,185,0.33,0.33,939,0.00,1.00,0,0.5000,13.50,102,0,0.00,2,7.98,5.09,5.49,14.30
375603,3.91,2.34,1,14.36,13.84,8,14.66,185,0.33,0.33,940,0.00,1.00,0,0.5000,13.50,102,0,0.00,2,7.98,5.18,5.49,14.20
375707,3.91,2.34,1,14.36,13.92,8,14.66,185,0.32,0.32,951,0.00,1.00,0,0.5000,15.00,102,0,0.00,2,7.84,4.99,5.49,14.30
375811,3.91,2.34,1,14.36,13.92,8,14.66,185,0.32,0.32,942,0.00,1.00,0,0.5000,15.00,102,0,0.00,2,7.84,4.96,5.49,14.30
375915,3.12,2.34,1,14.36,13.92,8,14.66,185,0.32,0.33,947,0.00,1.00,0,0.5000,14.00,102,0,0.00,2,7.69,5.18,5.49,14.30
376019,3.12,2.34,1,14.36,13.84,8,14.66,185,0.32,0.31,954,0.00,1.00,0,0.5000,15.50,102,0,0.00,2,7.69,4.87,5.10,14.30
376123,3.12,2.34,1,14.36,13.92,8,14.66,185,0.32,0.31,937,0.00,1.00,0,0.5000,16.50,102,0,0.00,2,7.69,4.93,5.10,14.30
376227,2.34,2.34,1,14.36,14.00,8,14.66,185,0.32,0.32,941,0.00,1.00,0,0.5000,16.00,102,0,0.00,2,7.69,5.02,5.10,14.40
376331,2.34,2.34,1,14.36,13.92,8,14.67,185,0.32,0.33,924,0.00,1.00,0,0.5000,17.00,102,0,0.00,2,7.69,5.09,5.10,14.30
376435,2.34,2.34,1,14.36,13.84,8,14.67,185,0.32,0.32,914,0.00,1.00,0,0.5000,17.00,102,0,0.00,2,7.69,4.93,5.10,14.30
376539,1.56,2.34,1,14.36,13.84,8,14.67,185,0.32,0.31,922,0.00,1.00,0,0.5000,17.00,102,0,0.00,2,7.69,4.75,5.10,14.20
376643,1.56,2.34,1,14.36,13.92,8,14.67,185,0.32,0.31,908,0.00,1.00,0,0.5000,17.00,102,0,0.00,2,7.55,4.81,5.10,14.30
376747,1.56,2.34,1,14.36,13.92,8,14.67,185,0.32,0.32,912,0.00,1.00,0,0.5000,17.00,102,0,0.00,2,7.55,4.84,5.10,14.20
376851,1.56,2.34,1,14.36,13.76,8,14.67,185,0.32,0.33,896,0.00,1.00,0,0.5000,17.50,102,0,0.00,2,7.55,4.87,5.10,14.30
376955,0.78,2.34,1,14.36,13.92,8,14.67,185,0.32,0.33,882,0.00,1.00,0,0.5000,17.00,102,0,0.00,2,7.69,4.96,5.10,14.30
377059,0.78,2.34,1,14.36,13.76,8,14.67,185,0.32,0.33,890,0.00,1.00,0,0.5000,18.00,102,0,0.00,2,7.69,4.87,5.10,14.20
377162,0.78,2.34,1,14.36,13.92,8,14.68,185,0.32,0.31,878,0.00,1.00,0,0.5000,17.50,102,0,0.00,2,7.69,4.60,4.71,14.30
377267,0.78,2.34,1,14.36,13.84,8,14.68,185,0.32,0.33,875,0.00,1.00,0,0.5000,18.50,102,0,0.00,2,7.69,4.72,4.71,14.30
377371,0.78,2.34,1,14.36,13.84,8,14.68,185,0.32,0.32,864,0.00,1.00,0,0.5000,18.00,102,0,0.00,2,7.69,4.63,4.71,14.30
